datetime_utc,open,high,low,close,volume
2024-09-01 21:00:00+00:00,145.971,145.971,145.932,145.932,2.1
2024-09-01 21:05:00+00:00,145.97,146.022,145.931,145.931,11.7
2024-09-01 21:10:00+00:00,146.021,146.029,145.931,145.951,13.98
2024-09-01 21:15:00+00:00,145.999,145.999,145.951,145.951,1.68
2024-09-01 21:25:00+00:00,146.027,146.035,145.956,145.956,12.63
2024-09-01 21:30:00+00:00,145.999,146.158,145.999,146.156,280.11
2024-09-01 21:35:00+00:00,146.157,146.157,146.137,146.149,113.28
2024-09-01 21:40:00+00:00,146.155,146.155,146.086,146.086,12.75
2024-09-01 21:45:00+00:00,146.089,146.149,146.086,146.149,12.82
2024-09-01 21:50:00+00:00,146.096,146.149,146.003,146.004,33.27
2024-09-01 21:55:00+00:00,146.023,146.048,146.002,146.048,30.93
2024-09-01 22:00:00+00:00,146.081,146.287,146.081,146.282,545.57
2024-09-01 22:05:00+00:00,146.278,146.28,146.254,146.276,264.75
2024-09-01 22:10:00+00:00,146.278,146.278,146.24,146.259,369.3
2024-09-01 22:15:00+00:00,146.257,146.262,146.231,146.258,427.65
2024-09-01 22:20:00+00:00,146.253,146.314,146.252,146.302,284.85
2024-09-01 22:25:00+00:00,146.301,146.325,146.29,146.314,661.8
2024-09-01 22:30:00+00:00,146.314,146.368,146.303,146.361,729.69
2024-09-01 22:35:00+00:00,146.36,146.37,146.354,146.37,225.27
2024-09-01 22:40:00+00:00,146.37,146.376,146.364,146.372,156.21
2024-09-01 22:45:00+00:00,146.372,146.392,146.369,146.382,196.8
2024-09-01 22:50:00+00:00,146.384,146.4,146.379,146.391,196.56
2024-09-01 22:55:00+00:00,146.391,146.445,146.391,146.443,395.53
2024-09-01 23:00:00+00:00,146.443,146.495,146.419,146.492,2089.0
2024-09-01 23:05:00+00:00,146.493,146.597,146.468,146.59,2238.97
2024-09-01 23:10:00+00:00,146.588,146.588,146.502,146.502,845.22
2024-09-01 23:15:00+00:00,146.503,146.529,146.459,146.462,676.2
2024-09-01 23:20:00+00:00,146.463,146.468,146.43,146.448,604.23
2024-09-01 23:25:00+00:00,146.448,146.45,146.376,146.441,802.29
2024-09-01 23:30:00+00:00,146.439,146.514,146.435,146.478,639.51
2024-09-01 23:35:00+00:00,146.478,146.478,146.402,146.414,412.95
2024-09-01 23:40:00+00:00,146.413,146.468,146.37,146.434,722.14
2024-09-01 23:45:00+00:00,146.434,146.468,146.36,146.413,788.79
2024-09-01 23:50:00+00:00,146.413,146.415,146.366,146.41,691.23
2024-09-01 23:55:00+00:00,146.411,146.434,146.381,146.4,733.17
2024-09-02 00:00:00+00:00,146.401,146.515,146.369,146.483,2079.18
2024-09-02 00:05:00+00:00,146.483,146.544,146.479,146.531,1039.42
2024-09-02 00:10:00+00:00,146.532,146.532,146.359,146.371,1843.65
2024-09-02 00:15:00+00:00,146.37,146.395,146.325,146.383,1366.02
2024-09-02 00:20:00+00:00,146.384,146.404,146.34,146.34,1286.22
2024-09-02 00:25:00+00:00,146.339,146.428,146.28,146.285,1801.44
2024-09-02 00:30:00+00:00,146.285,146.304,146.209,146.225,1660.47
2024-09-02 00:35:00+00:00,146.226,146.287,146.194,146.278,1444.39
2024-09-02 00:40:00+00:00,146.279,146.279,146.182,146.234,1496.09
2024-09-02 00:45:00+00:00,146.232,146.293,146.222,146.266,811.02
2024-09-02 00:50:00+00:00,146.263,146.324,146.179,146.193,1640.87
2024-09-02 00:55:00+00:00,146.195,146.233,146.157,146.189,1430.44
2024-09-02 01:00:00+00:00,146.188,146.275,146.144,146.25,2560.41
2024-09-02 01:05:00+00:00,146.25,146.279,146.188,146.211,2399.48
2024-09-02 01:10:00+00:00,146.211,146.245,146.182,146.237,1707.51
2024-09-02 01:15:00+00:00,146.237,146.238,146.162,146.184,1188.42
2024-09-02 01:20:00+00:00,146.186,146.187,146.066,146.104,2369.88
2024-09-02 01:25:00+00:00,146.104,146.115,146.077,146.085,1016.82
2024-09-02 01:30:00+00:00,146.084,146.132,146.055,146.111,1854.72
2024-09-02 01:35:00+00:00,146.113,146.164,146.098,146.163,1664.79
2024-09-02 01:40:00+00:00,146.161,146.213,146.16,146.178,1415.3
2024-09-02 01:45:00+00:00,146.178,146.201,146.142,146.191,759.3
2024-09-02 01:50:00+00:00,146.192,146.222,146.178,146.202,539.76
2024-09-02 01:55:00+00:00,146.208,146.243,146.202,146.215,595.68
2024-09-02 02:00:00+00:00,146.214,146.215,146.113,146.125,1990.95
2024-09-02 02:05:00+00:00,146.125,146.192,146.113,146.148,1569.78
2024-09-02 02:10:00+00:00,146.149,146.185,146.12,146.16,1239.75
2024-09-02 02:15:00+00:00,146.164,146.183,146.129,146.147,1179.72
2024-09-02 02:20:00+00:00,146.147,146.201,146.113,146.193,536.56
2024-09-02 02:25:00+00:00,146.191,146.254,146.162,146.208,664.8
2024-09-02 02:30:00+00:00,146.204,146.219,146.107,146.107,1751.4
2024-09-02 02:35:00+00:00,146.104,146.116,146.079,146.093,766.18
2024-09-02 02:40:00+00:00,146.093,146.097,146.037,146.072,1282.35
2024-09-02 02:45:00+00:00,146.072,146.072,146.003,146.003,1675.47
2024-09-02 02:50:00+00:00,146.0,146.002,145.9,145.932,1727.58
2024-09-02 02:55:00+00:00,145.931,146.008,145.918,145.968,3209.21
2024-09-02 03:00:00+00:00,145.967,145.995,145.918,145.993,1502.53
2024-09-02 03:05:00+00:00,145.994,146.009,145.917,145.973,1523.46
2024-09-02 03:10:00+00:00,145.974,145.984,145.937,145.971,1679.55
2024-09-02 03:15:00+00:00,145.971,145.984,145.871,145.889,1136.85
2024-09-02 03:20:00+00:00,145.89,145.892,145.828,145.858,1290.07
2024-09-02 03:25:00+00:00,145.858,145.862,145.829,145.831,872.47
2024-09-02 03:30:00+00:00,145.833,145.891,145.83,145.842,570.78
2024-09-02 03:35:00+00:00,145.842,145.873,145.828,145.868,1019.94
2024-09-02 03:40:00+00:00,145.868,145.885,145.839,145.87,787.86
2024-09-02 03:45:00+00:00,145.872,145.956,145.867,145.947,1080.63
2024-09-02 03:50:00+00:00,145.947,145.969,145.913,145.959,915.66
2024-09-02 03:55:00+00:00,145.959,145.989,145.937,145.948,745.09
2024-09-02 04:00:00+00:00,145.948,145.949,145.901,145.933,747.15
2024-09-02 04:05:00+00:00,145.935,145.942,145.912,145.934,723.09
2024-09-02 04:10:00+00:00,145.937,145.944,145.773,145.82,1717.2
2024-09-02 04:15:00+00:00,145.82,145.882,145.807,145.868,1781.37
2024-09-02 04:20:00+00:00,145.867,145.882,145.833,145.866,1095.48
2024-09-02 04:25:00+00:00,145.867,145.89,145.83,145.869,896.64
2024-09-02 04:30:00+00:00,145.869,145.893,145.849,145.888,760.5
2024-09-02 04:35:00+00:00,145.886,145.937,145.884,145.892,1211.13
2024-09-02 04:40:00+00:00,145.891,145.914,145.879,145.88,1326.94
2024-09-02 04:45:00+00:00,145.88,145.938,145.878,145.896,503.68
2024-09-02 04:50:00+00:00,145.895,145.941,145.884,145.933,461.91
2024-09-02 04:55:00+00:00,145.933,145.948,145.924,145.934,506.67
2024-09-02 05:00:00+00:00,145.933,146.018,145.928,146.017,565.98
2024-09-02 05:05:00+00:00,146.017,146.062,146.0,146.054,1006.26
2024-09-02 05:10:00+00:00,146.054,146.072,146.039,146.067,661.02
2024-09-02 05:15:00+00:00,146.065,146.123,146.065,146.105,960.72
2024-09-02 05:20:00+00:00,146.107,146.165,146.107,146.15,733.17
2024-09-02 05:25:00+00:00,146.15,146.172,146.11,146.123,830.64
2024-09-02 05:30:00+00:00,146.123,146.207,146.123,146.202,961.89
2024-09-02 05:35:00+00:00,146.203,146.214,146.107,146.138,769.47
2024-09-02 05:40:00+00:00,146.139,146.14,146.115,146.14,421.5
2024-09-02 05:45:00+00:00,146.141,146.184,146.113,146.118,402.07
2024-09-02 05:50:00+00:00,146.121,146.189,146.121,146.189,434.85
2024-09-02 05:55:00+00:00,146.185,146.185,146.08,146.106,763.86
2024-09-02 06:00:00+00:00,146.105,146.145,146.063,146.144,1654.53
2024-09-02 06:05:00+00:00,146.144,146.249,146.105,146.223,1427.91
2024-09-02 06:10:00+00:00,146.223,146.249,146.185,146.226,825.36
2024-09-02 06:15:00+00:00,146.227,146.244,146.19,146.202,615.69
2024-09-02 06:20:00+00:00,146.203,146.248,146.202,146.246,662.34
2024-09-02 06:25:00+00:00,146.246,146.293,146.246,146.274,697.89
2024-09-02 06:30:00+00:00,146.276,146.276,146.191,146.198,417.69
2024-09-02 06:35:00+00:00,146.199,146.205,146.168,146.179,1617.3
2024-09-02 06:40:00+00:00,146.179,146.203,146.167,146.176,2318.82
2024-09-02 06:45:00+00:00,146.177,146.177,146.115,146.119,2353.74
2024-09-02 06:50:00+00:00,146.119,146.142,146.076,146.112,2141.07
2024-09-02 06:55:00+00:00,146.112,146.177,146.104,146.159,960.51
2024-09-02 07:00:00+00:00,146.156,146.22,146.122,146.194,2380.2
2024-09-02 07:05:00+00:00,146.191,146.211,146.129,146.152,2864.34
2024-09-02 07:10:00+00:00,146.151,146.27,146.151,146.265,3457.35
2024-09-02 07:15:00+00:00,146.265,146.28,146.234,146.257,2300.4
2024-09-02 07:20:00+00:00,146.257,146.306,146.249,146.292,2134.35
2024-09-02 07:25:00+00:00,146.293,146.293,146.231,146.254,1767.53
2024-09-02 07:30:00+00:00,146.257,146.257,146.195,146.222,2394.96
2024-09-02 07:35:00+00:00,146.222,146.303,146.221,146.297,2331.06
2024-09-02 07:40:00+00:00,146.296,146.382,146.293,146.343,2478.78
2024-09-02 07:45:00+00:00,146.346,146.386,146.329,146.339,3019.94
2024-09-02 07:50:00+00:00,146.339,146.399,146.339,146.389,2782.94
2024-09-02 07:55:00+00:00,146.391,146.475,146.391,146.471,4362.48
2024-09-02 08:00:00+00:00,146.471,146.518,146.432,146.456,3506.4
2024-09-02 08:05:00+00:00,146.455,146.649,146.451,146.612,3518.12
2024-09-02 08:10:00+00:00,146.616,146.64,146.541,146.551,4326.63
2024-09-02 08:15:00+00:00,146.55,146.745,146.532,146.695,5674.5
2024-09-02 08:20:00+00:00,146.696,146.712,146.662,146.702,3468.02
2024-09-02 08:25:00+00:00,146.703,146.802,146.701,146.782,2566.12
2024-09-02 08:30:00+00:00,146.782,146.843,146.782,146.82,3807.07
2024-09-02 08:35:00+00:00,146.822,146.829,146.788,146.809,3231.32
2024-09-02 08:40:00+00:00,146.809,146.81,146.716,146.717,2922.71
2024-09-02 08:45:00+00:00,146.718,146.76,146.685,146.758,1718.31
2024-09-02 08:50:00+00:00,146.759,146.775,146.714,146.734,2981.46
2024-09-02 08:55:00+00:00,146.732,146.754,146.685,146.703,3257.19
2024-09-02 09:00:00+00:00,146.701,146.735,146.662,146.69,2610.9
2024-09-02 09:05:00+00:00,146.689,146.721,146.662,146.716,1764.69
2024-09-02 09:10:00+00:00,146.715,146.742,146.7,146.713,2638.58
2024-09-02 09:15:00+00:00,146.713,146.739,146.682,146.689,1051.17
2024-09-02 09:20:00+00:00,146.691,146.702,146.642,146.648,1372.14
2024-09-02 09:25:00+00:00,146.646,146.738,146.646,146.72,1368.87
2024-09-02 09:30:00+00:00,146.72,146.745,146.641,146.647,1638.75
2024-09-02 09:35:00+00:00,146.647,146.655,146.597,146.625,4346.85
2024-09-02 09:40:00+00:00,146.626,146.667,146.626,146.647,2147.16
2024-09-02 09:45:00+00:00,146.644,146.698,146.641,146.687,1806.33
2024-09-02 09:50:00+00:00,146.688,146.705,146.635,146.672,1656.42
2024-09-02 09:55:00+00:00,146.67,146.684,146.657,146.679,1514.26
2024-09-02 10:00:00+00:00,146.68,146.681,146.623,146.655,1636.23
2024-09-02 10:05:00+00:00,146.652,146.672,146.635,146.663,591.87
2024-09-02 10:10:00+00:00,146.661,146.689,146.646,146.668,1625.85
2024-09-02 10:15:00+00:00,146.669,146.677,146.63,146.676,1120.68
2024-09-02 10:20:00+00:00,146.677,146.741,146.676,146.722,1368.42
2024-09-02 10:25:00+00:00,146.723,146.743,146.723,146.733,1656.84
2024-09-02 10:30:00+00:00,146.733,146.742,146.711,146.721,733.95
2024-09-02 10:35:00+00:00,146.721,146.771,146.72,146.768,801.12
2024-09-02 10:40:00+00:00,146.768,146.771,146.739,146.769,868.89
2024-09-02 10:45:00+00:00,146.772,146.786,146.754,146.767,1544.76
2024-09-02 10:50:00+00:00,146.767,146.799,146.764,146.79,1163.67
2024-09-02 10:55:00+00:00,146.787,146.807,146.773,146.805,1390.08
2024-09-02 11:00:00+00:00,146.805,146.829,146.791,146.802,1058.67
2024-09-02 11:05:00+00:00,146.803,146.814,146.79,146.797,664.5
2024-09-02 11:10:00+00:00,146.796,146.814,146.786,146.789,1237.68
2024-09-02 11:15:00+00:00,146.788,146.802,146.755,146.755,1370.82
2024-09-02 11:20:00+00:00,146.755,146.781,146.747,146.777,1566.3
2024-09-02 11:25:00+00:00,146.777,146.811,146.777,146.809,924.06
2024-09-02 11:30:00+00:00,146.809,146.953,146.801,146.942,1802.76
2024-09-02 11:35:00+00:00,146.941,146.975,146.936,146.971,2165.64
2024-09-02 11:40:00+00:00,146.972,146.989,146.947,146.973,1628.04
2024-09-02 11:45:00+00:00,146.974,146.988,146.969,146.986,1409.94
2024-09-02 11:50:00+00:00,146.986,146.988,146.958,146.983,1072.29
2024-09-02 11:55:00+00:00,146.983,146.99,146.975,146.986,1608.2
2024-09-02 12:00:00+00:00,146.986,146.988,146.937,146.947,2019.66
2024-09-02 12:05:00+00:00,146.947,146.961,146.938,146.955,1637.01
2024-09-02 12:10:00+00:00,146.955,146.97,146.946,146.961,1111.25
2024-09-02 12:15:00+00:00,146.962,146.963,146.912,146.94,523.78
2024-09-02 12:20:00+00:00,146.942,146.944,146.914,146.938,1367.49
2024-09-02 12:25:00+00:00,146.939,146.971,146.939,146.968,1280.07
2024-09-02 12:30:00+00:00,146.966,146.974,146.943,146.954,1226.01
2024-09-02 12:35:00+00:00,146.955,146.963,146.931,146.948,1677.69
2024-09-02 12:40:00+00:00,146.949,146.972,146.928,146.969,404.88
2024-09-02 12:45:00+00:00,146.971,146.988,146.971,146.984,1092.27
2024-09-02 12:50:00+00:00,146.983,146.988,146.931,146.934,985.35
2024-09-02 12:55:00+00:00,146.932,146.982,146.932,146.98,1417.08
2024-09-02 13:00:00+00:00,146.977,146.99,146.953,146.987,1124.61
2024-09-02 13:05:00+00:00,146.988,146.988,146.977,146.987,978.69
2024-09-02 13:10:00+00:00,146.987,146.99,146.98,146.987,997.86
2024-09-02 13:15:00+00:00,146.987,146.988,146.954,146.956,963.24
2024-09-02 13:20:00+00:00,146.954,146.972,146.94,146.97,975.78
2024-09-02 13:25:00+00:00,146.969,147.172,146.964,147.121,1828.47
2024-09-02 13:30:00+00:00,147.124,147.137,147.029,147.056,2317.57
2024-09-02 13:35:00+00:00,147.055,147.058,146.989,146.993,1248.99
2024-09-02 13:40:00+00:00,146.993,147.021,146.982,146.989,612.27
2024-09-02 13:45:00+00:00,146.99,147.0,146.834,146.915,1269.42
2024-09-02 13:50:00+00:00,146.915,146.946,146.899,146.918,1435.5
2024-09-02 13:55:00+00:00,146.921,146.963,146.915,146.96,1988.31
2024-09-02 14:00:00+00:00,146.963,146.982,146.948,146.971,1378.35
2024-09-02 14:05:00+00:00,146.972,146.973,146.93,146.937,1483.53
2024-09-02 14:10:00+00:00,146.935,146.98,146.931,146.972,1539.0
2024-09-02 14:15:00+00:00,146.973,146.98,146.935,146.95,1037.34
2024-09-02 14:20:00+00:00,146.951,146.971,146.935,146.953,1235.55
2024-09-02 14:25:00+00:00,146.955,146.974,146.934,146.939,871.44
2024-09-02 14:30:00+00:00,146.94,146.969,146.919,146.965,1152.11
2024-09-02 14:35:00+00:00,146.964,146.976,146.946,146.946,914.91
2024-09-02 14:40:00+00:00,146.946,146.953,146.934,146.94,912.15
2024-09-02 14:45:00+00:00,146.941,146.961,146.916,146.957,1578.9
2024-09-02 14:50:00+00:00,146.956,147.017,146.946,146.97,2292.75
2024-09-02 14:55:00+00:00,146.969,146.979,146.933,146.962,2006.25
2024-09-02 15:00:00+00:00,146.961,146.971,146.942,146.948,1272.84
2024-09-02 15:05:00+00:00,146.947,146.974,146.936,146.952,1248.83
2024-09-02 15:10:00+00:00,146.952,147.023,146.952,147.018,1089.81
2024-09-02 15:15:00+00:00,147.019,147.067,147.008,147.055,520.68
2024-09-02 15:20:00+00:00,147.056,147.059,147.027,147.037,760.44
2024-09-02 15:25:00+00:00,147.036,147.036,147.002,147.011,1090.14
2024-09-02 15:30:00+00:00,147.011,147.027,146.992,146.992,1496.13
2024-09-02 15:35:00+00:00,146.991,146.992,146.943,146.95,945.51
2024-09-02 15:40:00+00:00,146.948,146.97,146.938,146.962,978.33
2024-09-02 15:45:00+00:00,146.961,146.961,146.94,146.949,222.93
2024-09-02 15:50:00+00:00,146.949,146.967,146.905,146.924,774.27
2024-09-02 15:55:00+00:00,146.925,146.95,146.914,146.95,667.08
2024-09-02 16:00:00+00:00,146.95,146.967,146.942,146.965,283.56
2024-09-02 16:05:00+00:00,146.962,146.985,146.962,146.969,409.95
2024-09-02 16:10:00+00:00,146.97,146.971,146.936,146.961,501.36
2024-09-02 16:15:00+00:00,146.96,146.976,146.95,146.952,1463.4
2024-09-02 16:20:00+00:00,146.949,146.952,146.932,146.94,71.1
2024-09-02 16:25:00+00:00,146.941,146.951,146.918,146.92,817.05
2024-09-02 16:30:00+00:00,146.919,146.922,146.901,146.908,967.26
2024-09-02 16:35:00+00:00,146.909,146.923,146.903,146.923,598.59
2024-09-02 16:40:00+00:00,146.922,146.933,146.907,146.918,388.35
2024-09-02 16:45:00+00:00,146.918,146.923,146.91,146.91,280.8
2024-09-02 16:50:00+00:00,146.911,146.913,146.861,146.868,288.32
2024-09-02 16:55:00+00:00,146.868,146.873,146.803,146.816,939.09
2024-09-02 17:00:00+00:00,146.826,146.839,146.819,146.836,507.6
2024-09-02 17:05:00+00:00,146.835,146.848,146.835,146.847,166.71
2024-09-02 17:10:00+00:00,146.847,146.856,146.843,146.844,121.68
2024-09-02 17:15:00+00:00,146.845,146.86,146.84,146.86,162.6
2024-09-02 17:20:00+00:00,146.858,146.862,146.845,146.846,294.78
2024-09-02 17:25:00+00:00,146.848,146.853,146.837,146.837,451.14
2024-09-02 17:30:00+00:00,146.836,146.861,146.824,146.859,478.05
2024-09-02 17:35:00+00:00,146.86,146.881,146.859,146.868,259.35
2024-09-02 17:40:00+00:00,146.868,146.882,146.867,146.881,320.1
2024-09-02 17:45:00+00:00,146.88,146.882,146.877,146.88,402.9
2024-09-02 17:50:00+00:00,146.881,146.888,146.88,146.885,361.53
2024-09-02 17:55:00+00:00,146.885,146.894,146.884,146.888,277.41
2024-09-02 18:00:00+00:00,146.891,146.891,146.864,146.865,196.83
2024-09-02 18:05:00+00:00,146.866,146.873,146.853,146.855,204.87
2024-09-02 18:10:00+00:00,146.856,146.864,146.855,146.864,268.29
2024-09-02 18:15:00+00:00,146.865,146.874,146.863,146.873,123.9
2024-09-02 18:20:00+00:00,146.875,146.876,146.872,146.873,108.3
2024-09-02 18:25:00+00:00,146.874,146.875,146.873,146.875,30.6
2024-09-02 18:30:00+00:00,146.878,146.882,146.874,146.875,15.0
2024-09-02 18:35:00+00:00,146.883,146.907,146.883,146.896,56.1
2024-09-02 18:40:00+00:00,146.897,146.901,146.896,146.898,189.0
2024-09-02 18:45:00+00:00,146.898,146.901,146.893,146.9,201.0
2024-09-02 18:50:00+00:00,146.9,146.903,146.892,146.902,254.1
2024-09-02 18:55:00+00:00,146.901,146.906,146.901,146.901,118.5
2024-09-02 19:00:00+00:00,146.898,146.898,146.871,146.872,410.49
2024-09-02 19:05:00+00:00,146.871,146.871,146.86,146.861,81.0
2024-09-02 19:10:00+00:00,146.86,146.865,146.858,146.862,60.6
2024-09-02 19:15:00+00:00,146.865,146.888,146.863,146.88,78.6
2024-09-02 19:20:00+00:00,146.881,146.89,146.879,146.879,52.2
2024-09-02 19:25:00+00:00,146.88,146.881,146.874,146.879,47.1
2024-09-02 19:30:00+00:00,146.881,146.886,146.875,146.886,36.3
2024-09-02 19:35:00+00:00,146.885,146.885,146.883,146.885,6.6
2024-09-02 19:40:00+00:00,146.884,146.884,146.884,146.884,1.2
2024-09-02 19:45:00+00:00,146.883,146.883,146.881,146.883,4.8
2024-09-02 19:50:00+00:00,146.883,146.899,146.881,146.895,78.3
2024-09-02 19:55:00+00:00,146.893,146.893,146.857,146.885,221.1
2024-09-02 20:00:00+00:00,146.905,146.914,146.855,146.869,348.0
2024-09-02 20:05:00+00:00,146.868,146.892,146.867,146.883,193.05
2024-09-02 20:10:00+00:00,146.884,146.907,146.884,146.892,72.15
2024-09-02 20:15:00+00:00,146.892,146.892,146.866,146.872,46.35
2024-09-02 20:20:00+00:00,146.871,146.894,146.847,146.891,211.35
2024-09-02 20:25:00+00:00,146.889,146.895,146.883,146.891,126.21
2024-09-02 20:30:00+00:00,146.891,146.896,146.883,146.896,347.64
2024-09-02 20:35:00+00:00,146.895,146.896,146.876,146.876,510.24
2024-09-02 20:40:00+00:00,146.876,146.883,146.876,146.882,110.67
2024-09-02 20:45:00+00:00,146.883,146.883,146.856,146.873,152.14
2024-09-02 20:50:00+00:00,146.872,146.881,146.872,146.881,38.1
2024-09-02 20:55:00+00:00,146.874,146.927,146.864,146.864,271.44
2024-09-02 21:00:00+00:00,146.852,146.862,146.842,146.842,11.91
2024-09-02 21:05:00+00:00,146.808,146.85,146.753,146.84,39.75
2024-09-02 21:10:00+00:00,146.814,146.851,146.79,146.851,30.21
2024-09-02 21:15:00+00:00,146.851,146.851,146.797,146.816,13.89
2024-09-02 21:20:00+00:00,146.823,146.851,146.796,146.846,56.4
2024-09-02 21:25:00+00:00,146.846,146.857,146.845,146.857,35.52
2024-09-02 21:30:00+00:00,146.86,146.868,146.847,146.853,65.79
2024-09-02 21:35:00+00:00,146.869,146.877,146.853,146.859,64.38
2024-09-02 21:40:00+00:00,146.859,146.877,146.846,146.848,58.98
2024-09-02 21:45:00+00:00,146.848,146.904,146.848,146.889,122.82
2024-09-02 21:50:00+00:00,146.883,146.89,146.88,146.889,29.55
2024-09-02 21:55:00+00:00,146.889,146.889,146.834,146.888,84.78
2024-09-02 22:00:00+00:00,146.885,146.911,146.88,146.907,129.15
2024-09-02 22:05:00+00:00,146.906,146.907,146.847,146.847,169.44
2024-09-02 22:10:00+00:00,146.861,146.874,146.843,146.848,117.1
2024-09-02 22:15:00+00:00,146.849,146.883,146.849,146.875,82.5
2024-09-02 22:20:00+00:00,146.867,146.887,146.865,146.886,65.18
2024-09-02 22:25:00+00:00,146.886,146.887,146.865,146.876,62.25
2024-09-02 22:30:00+00:00,146.875,146.878,146.871,146.873,53.07
2024-09-02 22:35:00+00:00,146.872,146.875,146.865,146.873,232.35
2024-09-02 22:40:00+00:00,146.874,146.886,146.872,146.886,39.3
2024-09-02 22:45:00+00:00,146.886,146.91,146.885,146.91,73.2
2024-09-02 22:50:00+00:00,146.908,146.927,146.906,146.923,161.85
2024-09-02 22:55:00+00:00,146.922,146.961,146.92,146.948,77.43
2024-09-02 23:00:00+00:00,146.946,146.963,146.904,146.909,84.6
2024-09-02 23:05:00+00:00,146.921,146.941,146.904,146.94,172.05
2024-09-02 23:10:00+00:00,146.937,146.937,146.906,146.918,58.05
2024-09-02 23:15:00+00:00,146.917,146.924,146.904,146.917,51.9
2024-09-02 23:20:00+00:00,146.918,146.918,146.897,146.908,85.05
2024-09-02 23:25:00+00:00,146.909,146.909,146.875,146.875,42.3
2024-09-02 23:30:00+00:00,146.876,146.885,146.731,146.791,530.76
2024-09-02 23:35:00+00:00,146.792,146.81,146.713,146.713,273.74
2024-09-02 23:40:00+00:00,146.715,146.783,146.715,146.736,351.6
2024-09-02 23:45:00+00:00,146.736,146.808,146.733,146.785,299.73
2024-09-02 23:50:00+00:00,146.788,146.833,146.754,146.758,616.59
2024-09-02 23:55:00+00:00,146.757,146.789,146.717,146.748,806.19
2024-09-03 00:00:00+00:00,146.751,146.879,146.741,146.837,2289.98
2024-09-03 00:05:00+00:00,146.839,146.873,146.764,146.777,1632.94
2024-09-03 00:10:00+00:00,146.778,146.778,146.689,146.706,2330.31
2024-09-03 00:15:00+00:00,146.709,146.764,146.664,146.735,1897.45
2024-09-03 00:20:00+00:00,146.737,146.834,146.721,146.804,1586.13
2024-09-03 00:25:00+00:00,146.803,146.921,146.786,146.895,1632.99
2024-09-03 00:30:00+00:00,146.891,147.062,146.874,147.061,2098.02
2024-09-03 00:35:00+00:00,147.062,147.141,147.058,147.077,2739.07
2024-09-03 00:40:00+00:00,147.079,147.111,147.043,147.054,2602.21
2024-09-03 00:45:00+00:00,147.053,147.099,147.021,147.047,2450.04
2024-09-03 00:50:00+00:00,147.046,147.153,147.04,147.093,2831.9
2024-09-03 00:55:00+00:00,147.094,147.207,147.079,147.124,3623.84
2024-09-03 01:00:00+00:00,147.121,147.144,147.054,147.054,2890.78
2024-09-03 01:05:00+00:00,147.055,147.079,147.003,147.006,1818.22
2024-09-03 01:10:00+00:00,147.005,147.05,146.997,147.039,1998.41
2024-09-03 01:15:00+00:00,147.038,147.07,147.024,147.051,1344.43
2024-09-03 01:20:00+00:00,147.047,147.133,147.014,147.087,1672.25
2024-09-03 01:25:00+00:00,147.087,147.087,146.943,146.984,1675.23
2024-09-03 01:30:00+00:00,146.984,147.032,146.933,146.939,2112.04
2024-09-03 01:35:00+00:00,146.938,146.975,146.895,146.899,1971.24
2024-09-03 01:40:00+00:00,146.893,146.894,146.778,146.844,1057.69
2024-09-03 01:45:00+00:00,146.842,146.892,146.719,146.752,1438.15
2024-09-03 01:50:00+00:00,146.752,146.763,146.618,146.64,1842.34
2024-09-03 01:55:00+00:00,146.647,146.668,146.587,146.616,1858.67
2024-09-03 02:00:00+00:00,146.615,146.665,146.566,146.598,2993.31
2024-09-03 02:05:00+00:00,146.598,146.694,146.594,146.658,3442.53
2024-09-03 02:10:00+00:00,146.657,146.723,146.632,146.657,1987.83
2024-09-03 02:15:00+00:00,146.654,146.693,146.619,146.623,1624.38
2024-09-03 02:20:00+00:00,146.622,146.745,146.621,146.675,2397.17
2024-09-03 02:25:00+00:00,146.681,146.748,146.667,146.721,1688.34
2024-09-03 02:30:00+00:00,146.72,146.763,146.703,146.739,1879.68
2024-09-03 02:35:00+00:00,146.741,146.75,146.7,146.712,733.32
2024-09-03 02:40:00+00:00,146.708,146.711,146.665,146.693,839.19
2024-09-03 02:45:00+00:00,146.691,146.7,146.639,146.697,1152.42
2024-09-03 02:50:00+00:00,146.696,146.739,146.631,146.643,597.0
2024-09-03 02:55:00+00:00,146.641,146.684,146.621,146.638,1397.54
2024-09-03 03:00:00+00:00,146.638,146.731,146.638,146.698,1427.85
2024-09-03 03:05:00+00:00,146.699,146.701,146.617,146.656,863.49
2024-09-03 03:10:00+00:00,146.654,146.654,146.52,146.591,1637.19
2024-09-03 03:15:00+00:00,146.594,146.653,146.573,146.596,1342.32
2024-09-03 03:20:00+00:00,146.601,146.658,146.601,146.643,796.44
2024-09-03 03:25:00+00:00,146.642,146.649,146.567,146.585,560.52
2024-09-03 03:30:00+00:00,146.583,146.683,146.552,146.639,945.45
2024-09-03 03:35:00+00:00,146.637,146.648,146.592,146.618,714.08
2024-09-03 03:40:00+00:00,146.619,146.639,146.573,146.603,1152.33
2024-09-03 03:45:00+00:00,146.602,146.62,146.5,146.512,1638.93
2024-09-03 03:50:00+00:00,146.515,146.54,146.455,146.459,1381.88
2024-09-03 03:55:00+00:00,146.459,146.542,146.446,146.54,1628.2
2024-09-03 04:00:00+00:00,146.542,146.556,146.474,146.55,2114.64
2024-09-03 04:05:00+00:00,146.551,146.573,146.453,146.474,1929.98
2024-09-03 04:10:00+00:00,146.474,146.476,146.393,146.419,2021.73
2024-09-03 04:15:00+00:00,146.418,146.484,146.414,146.482,1216.89
2024-09-03 04:20:00+00:00,146.485,146.495,146.438,146.454,1507.68
2024-09-03 04:25:00+00:00,146.454,146.481,146.4,146.431,1094.04
2024-09-03 04:30:00+00:00,146.432,146.506,146.427,146.463,2417.55
2024-09-03 04:35:00+00:00,146.464,146.547,146.444,146.496,1465.29
2024-09-03 04:40:00+00:00,146.496,146.531,146.47,146.502,2002.65
2024-09-03 04:45:00+00:00,146.502,146.503,146.439,146.465,1186.94
2024-09-03 04:50:00+00:00,146.464,146.541,146.456,146.538,1755.54
2024-09-03 04:55:00+00:00,146.539,146.555,146.517,146.535,1074.69
2024-09-03 05:00:00+00:00,146.534,146.566,146.508,146.551,1661.52
2024-09-03 05:05:00+00:00,146.549,146.594,146.541,146.564,1572.73
2024-09-03 05:10:00+00:00,146.564,146.581,146.512,146.513,1473.19
2024-09-03 05:15:00+00:00,146.514,146.532,146.272,146.388,1537.74
2024-09-03 05:20:00+00:00,146.391,146.391,146.14,146.232,2912.82
2024-09-03 05:25:00+00:00,146.234,146.295,146.208,146.285,1762.32
2024-09-03 05:30:00+00:00,146.286,146.299,146.181,146.234,1435.72
2024-09-03 05:35:00+00:00,146.233,146.318,146.232,146.288,1456.8
2024-09-03 05:40:00+00:00,146.289,146.349,146.269,146.34,1146.17
2024-09-03 05:45:00+00:00,146.34,146.363,146.302,146.35,1141.02
2024-09-03 05:50:00+00:00,146.35,146.35,146.234,146.251,1225.23
2024-09-03 05:55:00+00:00,146.257,146.319,146.246,146.309,714.33
2024-09-03 06:00:00+00:00,146.311,146.4,146.292,146.396,2234.91
2024-09-03 06:05:00+00:00,146.389,146.405,146.327,146.368,1697.55
2024-09-03 06:10:00+00:00,146.369,146.371,146.273,146.321,1978.89
2024-09-03 06:15:00+00:00,146.319,146.323,146.237,146.244,1708.5
2024-09-03 06:20:00+00:00,146.242,146.308,146.21,146.241,1556.55
2024-09-03 06:25:00+00:00,146.242,146.27,146.166,146.167,1932.74
2024-09-03 06:30:00+00:00,146.165,146.24,146.142,146.206,2797.1
2024-09-03 06:35:00+00:00,146.207,146.208,146.032,146.099,3934.92
2024-09-03 06:40:00+00:00,146.099,146.114,145.992,145.994,2886.63
2024-09-03 06:45:00+00:00,145.995,146.124,145.995,146.1,2558.31
2024-09-03 06:50:00+00:00,146.101,146.155,146.043,146.104,3120.71
2024-09-03 06:55:00+00:00,146.105,146.147,146.015,146.016,1807.29
2024-09-03 07:00:00+00:00,146.017,146.161,145.932,146.145,3962.14
2024-09-03 07:05:00+00:00,146.146,146.165,146.089,146.133,3199.53
2024-09-03 07:10:00+00:00,146.137,146.148,146.062,146.099,4176.27
2024-09-03 07:15:00+00:00,146.098,146.137,146.075,146.075,4306.86
2024-09-03 07:20:00+00:00,146.074,146.193,146.045,146.158,4622.85
2024-09-03 07:25:00+00:00,146.164,146.225,146.156,146.217,3653.97
2024-09-03 07:30:00+00:00,146.217,146.243,146.14,146.149,3590.76
2024-09-03 07:35:00+00:00,146.147,146.15,146.073,146.081,2214.27
2024-09-03 07:40:00+00:00,146.08,146.131,145.957,146.042,4545.44
2024-09-03 07:45:00+00:00,146.044,146.095,146.016,146.068,2806.92
2024-09-03 07:50:00+00:00,146.067,146.101,145.967,146.017,3898.01
2024-09-03 07:55:00+00:00,146.019,146.052,145.888,145.945,6824.26
2024-09-03 08:00:00+00:00,145.945,146.014,145.884,145.884,5163.03
2024-09-03 08:05:00+00:00,145.888,145.888,145.798,145.825,5949.45
2024-09-03 08:10:00+00:00,145.826,145.876,145.752,145.79,4654.27
2024-09-03 08:15:00+00:00,145.789,145.822,145.649,145.697,4776.37
2024-09-03 08:20:00+00:00,145.696,145.771,145.676,145.756,3959.25
2024-09-03 08:25:00+00:00,145.757,145.764,145.657,145.726,4574.19
2024-09-03 08:30:00+00:00,145.725,145.751,145.657,145.685,4476.03
2024-09-03 08:35:00+00:00,145.685,145.745,145.606,145.721,4894.26
2024-09-03 08:40:00+00:00,145.722,145.783,145.681,145.759,3148.49
2024-09-03 08:45:00+00:00,145.758,145.833,145.735,145.824,3403.17
2024-09-03 08:50:00+00:00,145.833,145.875,145.822,145.848,1939.65
2024-09-03 08:55:00+00:00,145.851,145.854,145.805,145.813,1415.96
2024-09-03 09:00:00+00:00,145.809,145.902,145.79,145.871,1309.07
2024-09-03 09:05:00+00:00,145.87,145.877,145.82,145.851,1656.51
2024-09-03 09:10:00+00:00,145.847,145.854,145.806,145.831,2048.13
2024-09-03 09:15:00+00:00,145.831,145.834,145.807,145.832,1622.57
2024-09-03 09:20:00+00:00,145.832,145.925,145.818,145.907,2431.53
2024-09-03 09:25:00+00:00,145.909,145.93,145.812,145.833,2438.83
2024-09-03 09:30:00+00:00,145.834,145.848,145.802,145.842,1617.09
2024-09-03 09:35:00+00:00,145.842,145.873,145.805,145.849,1604.73
2024-09-03 09:40:00+00:00,145.85,145.873,145.829,145.861,2341.17
2024-09-03 09:45:00+00:00,145.861,145.925,145.832,145.913,2436.55
2024-09-03 09:50:00+00:00,145.912,145.949,145.909,145.935,2209.61
2024-09-03 09:55:00+00:00,145.936,145.984,145.932,145.934,3083.67
2024-09-03 10:00:00+00:00,145.933,145.977,145.907,145.942,2214.25
2024-09-03 10:05:00+00:00,145.94,145.961,145.869,145.87,1079.97
2024-09-03 10:10:00+00:00,145.867,145.916,145.864,145.897,745.92
2024-09-03 10:15:00+00:00,145.894,145.938,145.887,145.937,2151.21
2024-09-03 10:20:00+00:00,145.935,145.967,145.917,145.948,1131.09
2024-09-03 10:25:00+00:00,145.949,145.994,145.934,145.948,3490.65
2024-09-03 10:30:00+00:00,145.946,146.038,145.942,146.031,2502.09
2024-09-03 10:35:00+00:00,146.031,146.033,145.955,145.967,1925.7
2024-09-03 10:40:00+00:00,145.966,146.011,145.955,145.999,2662.86
2024-09-03 10:45:00+00:00,146.001,146.03,145.997,146.028,725.13
2024-09-03 10:50:00+00:00,146.029,146.036,146.008,146.012,1194.27
2024-09-03 10:55:00+00:00,146.012,146.062,146.012,146.032,2060.64
2024-09-03 11:00:00+00:00,146.031,146.034,145.991,146.009,1583.01
2024-09-03 11:05:00+00:00,146.008,146.014,145.923,145.924,1816.77
2024-09-03 11:10:00+00:00,145.926,145.929,145.892,145.919,1603.26
2024-09-03 11:15:00+00:00,145.919,145.94,145.903,145.907,1249.92
2024-09-03 11:20:00+00:00,145.906,145.985,145.903,145.983,1331.7
2024-09-03 11:25:00+00:00,145.984,146.045,145.969,146.034,1885.05
2024-09-03 11:30:00+00:00,146.035,146.092,146.029,146.055,1674.96
2024-09-03 11:35:00+00:00,146.055,146.128,146.054,146.127,798.63
2024-09-03 11:40:00+00:00,146.126,146.129,146.067,146.11,1906.83
2024-09-03 11:45:00+00:00,146.11,146.19,146.11,146.186,3298.03
2024-09-03 11:50:00+00:00,146.187,146.237,146.179,146.203,2734.09
2024-09-03 11:55:00+00:00,146.2,146.21,146.157,146.174,3135.96
2024-09-03 12:00:00+00:00,146.176,146.201,146.124,146.136,2380.56
2024-09-03 12:05:00+00:00,146.133,146.151,146.105,146.137,1734.45
2024-09-03 12:10:00+00:00,146.138,146.165,146.029,146.08,2025.63
2024-09-03 12:15:00+00:00,146.079,146.175,146.079,146.145,3252.44
2024-09-03 12:20:00+00:00,146.146,146.286,146.138,146.233,3076.86
2024-09-03 12:25:00+00:00,146.233,146.275,146.189,146.194,2112.54
2024-09-03 12:30:00+00:00,146.194,146.214,146.124,146.14,1801.42
2024-09-03 12:35:00+00:00,146.137,146.147,146.019,146.031,2842.71
2024-09-03 12:40:00+00:00,146.032,146.032,145.929,145.95,3795.0
2024-09-03 12:45:00+00:00,145.952,146.001,145.872,145.904,3667.57
2024-09-03 12:50:00+00:00,145.906,145.951,145.89,145.946,2277.81
2024-09-03 12:55:00+00:00,145.946,145.966,145.88,145.882,3248.61
2024-09-03 13:00:00+00:00,145.882,145.922,145.749,145.778,3873.0
2024-09-03 13:05:00+00:00,145.777,145.813,145.714,145.745,4137.05
2024-09-03 13:10:00+00:00,145.744,145.758,145.55,145.585,4709.9
2024-09-03 13:15:00+00:00,145.586,145.66,145.574,145.659,3927.24
2024-09-03 13:20:00+00:00,145.66,145.705,145.648,145.68,3799.95
2024-09-03 13:25:00+00:00,145.68,145.735,145.61,145.657,3770.91
2024-09-03 13:30:00+00:00,145.655,145.756,145.605,145.643,3825.27
2024-09-03 13:35:00+00:00,145.641,145.642,145.45,145.552,6059.13
2024-09-03 13:40:00+00:00,145.554,145.605,145.476,145.582,3547.44
2024-09-03 13:45:00+00:00,145.59,145.593,145.3,145.34,3756.1
2024-09-03 13:50:00+00:00,145.341,145.407,145.28,145.358,4152.85
2024-09-03 13:55:00+00:00,145.36,145.481,145.335,145.421,3892.35
2024-09-03 14:00:00+00:00,145.421,145.674,145.097,145.27,5862.84
2024-09-03 14:05:00+00:00,145.271,145.355,145.15,145.313,4246.01
2024-09-03 14:10:00+00:00,145.311,145.339,145.168,145.301,5124.39
2024-09-03 14:15:00+00:00,145.302,145.495,145.269,145.46,5319.67
2024-09-03 14:20:00+00:00,145.462,145.515,145.371,145.489,5558.05
2024-09-03 14:25:00+00:00,145.485,145.548,145.407,145.495,4935.88
2024-09-03 14:30:00+00:00,145.494,145.538,145.423,145.46,4932.21
2024-09-03 14:35:00+00:00,145.459,145.479,145.308,145.375,4239.63
2024-09-03 14:40:00+00:00,145.373,145.439,145.361,145.4,5508.98
2024-09-03 14:45:00+00:00,145.396,145.408,145.323,145.387,4171.04
2024-09-03 14:50:00+00:00,145.387,145.452,145.385,145.42,4276.56
2024-09-03 14:55:00+00:00,145.42,145.617,145.418,145.565,5061.09
2024-09-03 15:00:00+00:00,145.565,145.659,145.565,145.64,5048.64
2024-09-03 15:05:00+00:00,145.64,145.724,145.64,145.717,3567.84
2024-09-03 15:10:00+00:00,145.718,145.814,145.668,145.797,3313.59
2024-09-03 15:15:00+00:00,145.798,145.846,145.776,145.811,2793.73
2024-09-03 15:20:00+00:00,145.808,145.82,145.719,145.737,3425.1
2024-09-03 15:25:00+00:00,145.738,145.801,145.717,145.797,2733.42
2024-09-03 15:30:00+00:00,145.798,145.805,145.742,145.764,2441.04
2024-09-03 15:35:00+00:00,145.763,145.91,145.761,145.906,1909.5
2024-09-03 15:40:00+00:00,145.907,145.916,145.834,145.839,3596.94
2024-09-03 15:45:00+00:00,145.84,145.916,145.84,145.913,2354.25
2024-09-03 15:50:00+00:00,145.912,145.917,145.83,145.849,3194.67
2024-09-03 15:55:00+00:00,145.849,145.864,145.794,145.821,2736.3
2024-09-03 16:00:00+00:00,145.825,145.881,145.819,145.878,1901.61
2024-09-03 16:05:00+00:00,145.878,145.921,145.818,145.819,662.31
2024-09-03 16:10:00+00:00,145.817,145.821,145.731,145.743,1759.21
2024-09-03 16:15:00+00:00,145.743,145.743,145.712,145.727,1616.31
2024-09-03 16:20:00+00:00,145.728,145.748,145.71,145.739,1638.06
2024-09-03 16:25:00+00:00,145.739,145.786,145.723,145.765,2010.12
2024-09-03 16:30:00+00:00,145.764,145.794,145.752,145.769,591.87
2024-09-03 16:35:00+00:00,145.772,145.836,145.757,145.831,974.22
2024-09-03 16:40:00+00:00,145.832,145.835,145.807,145.82,1244.61
2024-09-03 16:45:00+00:00,145.82,145.862,145.806,145.829,805.65
2024-09-03 16:50:00+00:00,145.83,145.839,145.788,145.806,2821.59
2024-09-03 16:55:00+00:00,145.808,145.814,145.745,145.765,1453.89
2024-09-03 17:00:00+00:00,145.765,145.818,145.749,145.798,957.24
2024-09-03 17:05:00+00:00,145.798,145.826,145.795,145.805,1619.27
2024-09-03 17:10:00+00:00,145.807,145.814,145.772,145.791,940.96
2024-09-03 17:15:00+00:00,145.791,145.791,145.737,145.76,920.92
2024-09-03 17:20:00+00:00,145.765,145.785,145.735,145.785,1235.1
2024-09-03 17:25:00+00:00,145.786,145.829,145.776,145.803,1432.44
2024-09-03 17:30:00+00:00,145.805,145.85,145.805,145.835,1135.89
2024-09-03 17:35:00+00:00,145.838,145.864,145.816,145.852,1261.01
2024-09-03 17:40:00+00:00,145.851,145.858,145.822,145.825,750.78
2024-09-03 17:45:00+00:00,145.825,145.843,145.817,145.83,760.24
2024-09-03 17:50:00+00:00,145.83,145.865,145.82,145.858,1051.41
2024-09-03 17:55:00+00:00,145.857,145.904,145.851,145.898,1753.05
2024-09-03 18:00:00+00:00,145.898,145.906,145.841,145.851,1637.78
2024-09-03 18:05:00+00:00,145.851,145.851,145.807,145.81,1400.94
2024-09-03 18:10:00+00:00,145.808,145.813,145.781,145.784,1197.15
2024-09-03 18:15:00+00:00,145.784,145.788,145.77,145.779,1012.53
2024-09-03 18:20:00+00:00,145.78,145.813,145.779,145.799,1177.33
2024-09-03 18:25:00+00:00,145.798,145.81,145.794,145.809,875.85
2024-09-03 18:30:00+00:00,145.808,145.886,145.797,145.886,1534.68
2024-09-03 18:35:00+00:00,145.886,145.906,145.85,145.851,4068.96
2024-09-03 18:40:00+00:00,145.85,145.853,145.819,145.84,1191.6
2024-09-03 18:45:00+00:00,145.839,145.902,145.829,145.878,1195.53
2024-09-03 18:50:00+00:00,145.879,145.892,145.853,145.86,979.43
2024-09-03 18:55:00+00:00,145.858,145.872,145.793,145.805,3627.0
2024-09-03 19:00:00+00:00,145.807,145.833,145.768,145.768,2317.89
2024-09-03 19:05:00+00:00,145.769,145.774,145.752,145.77,799.65
2024-09-03 19:10:00+00:00,145.773,145.787,145.72,145.734,243.24
2024-09-03 19:15:00+00:00,145.733,145.744,145.666,145.694,1187.16
2024-09-03 19:20:00+00:00,145.694,145.727,145.683,145.714,722.31
2024-09-03 19:25:00+00:00,145.714,145.716,145.661,145.672,946.99
2024-09-03 19:30:00+00:00,145.675,145.708,145.654,145.682,1169.25
2024-09-03 19:35:00+00:00,145.682,145.691,145.654,145.668,1392.15
2024-09-03 19:40:00+00:00,145.669,145.682,145.616,145.628,1736.25
2024-09-03 19:45:00+00:00,145.626,145.632,145.562,145.594,1606.2
2024-09-03 19:50:00+00:00,145.594,145.629,145.583,145.605,1494.69
2024-09-03 19:55:00+00:00,145.607,145.644,145.587,145.628,1468.62
2024-09-03 20:00:00+00:00,145.629,145.673,145.62,145.653,1218.3
2024-09-03 20:05:00+00:00,145.653,145.711,145.653,145.701,1569.93
2024-09-03 20:10:00+00:00,145.702,145.711,145.659,145.666,842.25
2024-09-03 20:15:00+00:00,145.666,145.674,145.644,145.672,1289.28
2024-09-03 20:20:00+00:00,145.673,145.694,145.668,145.681,1800.0
2024-09-03 20:25:00+00:00,145.68,145.684,145.626,145.627,1783.68
2024-09-03 20:30:00+00:00,145.627,145.641,145.566,145.58,1889.28
2024-09-03 20:35:00+00:00,145.579,145.583,145.549,145.566,2071.98
2024-09-03 20:40:00+00:00,145.567,145.583,145.561,145.573,279.57
2024-09-03 20:45:00+00:00,145.575,145.583,145.561,145.563,1284.93
2024-09-03 20:50:00+00:00,145.564,145.566,145.462,145.47,1700.46
2024-09-03 20:55:00+00:00,145.469,145.48,145.444,145.454,1362.57
2024-09-03 21:00:00+00:00,145.446,145.473,145.443,145.449,25.8
2024-09-03 21:05:00+00:00,145.45,145.486,145.41,145.448,101.1
2024-09-03 21:10:00+00:00,145.45,145.465,145.424,145.438,41.04
2024-09-03 21:15:00+00:00,145.438,145.45,145.419,145.428,35.34
2024-09-03 21:20:00+00:00,145.439,145.439,145.417,145.419,20.1
2024-09-03 21:25:00+00:00,145.439,145.44,145.376,145.384,77.37
2024-09-03 21:30:00+00:00,145.385,145.467,145.384,145.441,85.86
2024-09-03 21:35:00+00:00,145.438,145.456,145.438,145.456,24.9
2024-09-03 21:40:00+00:00,145.456,145.456,145.45,145.45,4.8
2024-09-03 21:45:00+00:00,145.456,145.456,145.45,145.455,8.4
2024-09-03 21:50:00+00:00,145.448,145.456,145.4,145.407,75.9
2024-09-03 21:55:00+00:00,145.408,145.41,145.399,145.409,87.0
2024-09-03 22:00:00+00:00,145.402,145.52,145.402,145.454,500.66
2024-09-03 22:05:00+00:00,145.455,145.457,145.367,145.396,793.41
2024-09-03 22:10:00+00:00,145.402,145.485,145.402,145.485,929.4
2024-09-03 22:15:00+00:00,145.49,145.518,145.464,145.498,1138.79
2024-09-03 22:20:00+00:00,145.495,145.555,145.487,145.555,532.56
2024-09-03 22:25:00+00:00,145.554,145.556,145.362,145.371,747.22
2024-09-03 22:30:00+00:00,145.373,145.418,145.349,145.361,774.4
2024-09-03 22:35:00+00:00,145.361,145.379,145.271,145.287,605.62
2024-09-03 22:40:00+00:00,145.29,145.374,145.287,145.355,505.5
2024-09-03 22:45:00+00:00,145.355,145.359,145.328,145.343,211.8
2024-09-03 22:50:00+00:00,145.342,145.372,145.336,145.339,338.79
2024-09-03 22:55:00+00:00,145.345,145.348,145.301,145.332,892.11
2024-09-03 23:00:00+00:00,145.332,145.395,145.33,145.368,676.8
2024-09-03 23:05:00+00:00,145.365,145.365,145.218,145.224,1085.61
2024-09-03 23:10:00+00:00,145.225,145.285,145.215,145.269,1146.78
2024-09-03 23:15:00+00:00,145.266,145.291,145.182,145.184,826.2
2024-09-03 23:20:00+00:00,145.184,145.206,145.097,145.137,1103.9
2024-09-03 23:25:00+00:00,145.138,145.19,145.099,145.18,783.66
2024-09-03 23:30:00+00:00,145.174,145.208,145.089,145.155,1251.66
2024-09-03 23:35:00+00:00,145.156,145.221,145.153,145.171,1432.68
2024-09-03 23:40:00+00:00,145.168,145.222,145.132,145.145,1339.37
2024-09-03 23:45:00+00:00,145.15,145.232,145.149,145.205,1441.68
2024-09-03 23:50:00+00:00,145.204,145.294,145.179,145.275,1587.48
2024-09-03 23:55:00+00:00,145.276,145.372,145.273,145.363,2501.69
2024-09-04 00:00:00+00:00,145.365,145.505,145.345,145.389,4039.49
2024-09-04 00:05:00+00:00,145.391,145.447,145.323,145.39,2723.76
2024-09-04 00:10:00+00:00,145.39,145.552,145.362,145.535,2083.36
2024-09-04 00:15:00+00:00,145.538,145.545,145.392,145.405,1082.76
2024-09-04 00:20:00+00:00,145.406,145.411,145.268,145.345,1335.47
2024-09-04 00:25:00+00:00,145.347,145.35,145.267,145.335,844.35
2024-09-04 00:30:00+00:00,145.334,145.337,145.211,145.238,1334.55
2024-09-04 00:35:00+00:00,145.242,145.244,144.996,144.998,2182.44
2024-09-04 00:40:00+00:00,144.998,145.042,144.889,144.992,3417.39
2024-09-04 00:45:00+00:00,144.994,145.227,144.959,145.18,2894.36
2024-09-04 00:50:00+00:00,145.181,145.323,145.117,145.323,3154.7
2024-09-04 00:55:00+00:00,145.32,145.32,145.171,145.174,3392.7
2024-09-04 01:00:00+00:00,145.173,145.323,145.142,145.316,1898.95
2024-09-04 01:05:00+00:00,145.313,145.366,145.252,145.331,1384.63
2024-09-04 01:10:00+00:00,145.331,145.348,145.288,145.303,1741.41
2024-09-04 01:15:00+00:00,145.301,145.313,145.21,145.212,1167.33
2024-09-04 01:20:00+00:00,145.213,145.256,145.18,145.216,1739.16
2024-09-04 01:25:00+00:00,145.216,145.327,145.159,145.303,1739.91
2024-09-04 01:30:00+00:00,145.308,145.463,145.259,145.442,1099.19
2024-09-04 01:35:00+00:00,145.441,145.479,145.407,145.462,1072.69
2024-09-04 01:40:00+00:00,145.46,145.492,145.376,145.411,1728.48
2024-09-04 01:45:00+00:00,145.41,145.533,145.395,145.512,1045.8
2024-09-04 01:50:00+00:00,145.511,145.513,145.443,145.452,1122.27
2024-09-04 01:55:00+00:00,145.45,145.513,145.405,145.405,896.61
2024-09-04 02:00:00+00:00,145.404,145.457,145.361,145.405,1084.83
2024-09-04 02:05:00+00:00,145.404,145.404,145.25,145.298,1411.67
2024-09-04 02:10:00+00:00,145.297,145.308,145.218,145.226,2048.33
2024-09-04 02:15:00+00:00,145.225,145.277,145.223,145.249,1688.85
2024-09-04 02:20:00+00:00,145.249,145.327,145.235,145.287,3206.76
2024-09-04 02:25:00+00:00,145.289,145.403,145.27,145.381,2194.13
2024-09-04 02:30:00+00:00,145.381,145.468,145.362,145.465,2115.84
2024-09-04 02:35:00+00:00,145.463,145.482,145.39,145.421,1279.92
2024-09-04 02:40:00+00:00,145.419,145.465,145.37,145.429,1215.38
2024-09-04 02:45:00+00:00,145.428,145.441,145.406,145.42,868.98
2024-09-04 02:50:00+00:00,145.42,145.504,145.415,145.444,1123.5
2024-09-04 02:55:00+00:00,145.442,145.469,145.401,145.443,1416.39
2024-09-04 03:00:00+00:00,145.444,145.546,145.432,145.432,1974.72
2024-09-04 03:05:00+00:00,145.435,145.463,145.382,145.394,1336.14
2024-09-04 03:10:00+00:00,145.395,145.395,145.338,145.364,1195.54
2024-09-04 03:15:00+00:00,145.366,145.387,145.343,145.367,1278.85
2024-09-04 03:20:00+00:00,145.368,145.43,145.358,145.376,905.85
2024-09-04 03:25:00+00:00,145.377,145.424,145.354,145.417,1167.63
2024-09-04 03:30:00+00:00,145.417,145.509,145.413,145.504,2247.09
2024-09-04 03:35:00+00:00,145.506,145.51,145.467,145.49,1658.1
2024-09-04 03:40:00+00:00,145.492,145.506,145.426,145.435,1183.2
2024-09-04 03:45:00+00:00,145.434,145.436,145.387,145.405,605.52
2024-09-04 03:50:00+00:00,145.405,145.407,145.291,145.343,1383.42
2024-09-04 03:55:00+00:00,145.343,145.347,145.266,145.31,1771.02
2024-09-04 04:00:00+00:00,145.311,145.351,145.284,145.343,1252.8
2024-09-04 04:05:00+00:00,145.342,145.436,145.324,145.411,2052.81
2024-09-04 04:10:00+00:00,145.413,145.476,145.412,145.472,1142.36
2024-09-04 04:15:00+00:00,145.47,145.471,145.427,145.441,835.8
2024-09-04 04:20:00+00:00,145.442,145.447,145.401,145.425,944.58
2024-09-04 04:25:00+00:00,145.424,145.481,145.415,145.443,637.38
2024-09-04 04:30:00+00:00,145.443,145.538,145.436,145.445,1400.6
2024-09-04 04:35:00+00:00,145.446,145.484,145.374,145.376,851.43
2024-09-04 04:40:00+00:00,145.375,145.43,145.322,145.336,2954.25
2024-09-04 04:45:00+00:00,145.336,145.353,145.265,145.299,1704.09
2024-09-04 04:50:00+00:00,145.307,145.319,145.21,145.313,1348.95
2024-09-04 04:55:00+00:00,145.313,145.374,145.23,145.249,1218.34
2024-09-04 05:00:00+00:00,145.249,145.256,145.144,145.169,1675.68
2024-09-04 05:05:00+00:00,145.171,145.194,145.095,145.119,2046.0
2024-09-04 05:10:00+00:00,145.12,145.139,145.052,145.065,2364.52
2024-09-04 05:15:00+00:00,145.06,145.177,145.05,145.123,2117.73
2024-09-04 05:20:00+00:00,145.123,145.184,145.107,145.136,1823.46
2024-09-04 05:25:00+00:00,145.137,145.171,145.117,145.142,1196.7
2024-09-04 05:30:00+00:00,145.15,145.165,145.071,145.071,1456.92
2024-09-04 05:35:00+00:00,145.069,145.125,145.027,145.103,1916.55
2024-09-04 05:40:00+00:00,145.101,145.124,145.05,145.091,1803.0
2024-09-04 05:45:00+00:00,145.091,145.205,145.091,145.127,1659.45
2024-09-04 05:50:00+00:00,145.126,145.229,145.124,145.2,2052.51
2024-09-04 05:55:00+00:00,145.199,145.254,145.168,145.168,2528.83
2024-09-04 06:00:00+00:00,145.165,145.302,145.139,145.254,4189.51
2024-09-04 06:05:00+00:00,145.255,145.272,145.195,145.243,4117.41
2024-09-04 06:10:00+00:00,145.245,145.316,145.222,145.248,2908.35
2024-09-04 06:15:00+00:00,145.251,145.251,145.163,145.187,1726.17
2024-09-04 06:20:00+00:00,145.186,145.271,145.178,145.268,1477.08
2024-09-04 06:25:00+00:00,145.27,145.302,145.222,145.276,2082.12
2024-09-04 06:30:00+00:00,145.273,145.303,145.195,145.241,2860.41
2024-09-04 06:35:00+00:00,145.239,145.245,145.14,145.153,1451.8
2024-09-04 06:40:00+00:00,145.152,145.162,145.07,145.082,1563.27
2024-09-04 06:45:00+00:00,145.08,145.123,145.054,145.08,2704.87
2024-09-04 06:50:00+00:00,145.081,145.117,145.003,145.016,2380.14
2024-09-04 06:55:00+00:00,145.016,145.021,144.856,144.874,2929.92
2024-09-04 07:00:00+00:00,144.875,144.915,144.788,144.859,4670.05
2024-09-04 07:05:00+00:00,144.854,144.932,144.808,144.931,3713.5
2024-09-04 07:10:00+00:00,144.931,145.043,144.896,145.0,3515.84
2024-09-04 07:15:00+00:00,144.998,145.032,144.943,144.954,3042.78
2024-09-04 07:20:00+00:00,144.952,144.996,144.832,144.836,3736.5
2024-09-04 07:25:00+00:00,144.837,144.844,144.763,144.804,5301.27
2024-09-04 07:30:00+00:00,144.805,144.863,144.753,144.86,4346.75
2024-09-04 07:35:00+00:00,144.86,144.942,144.836,144.926,2604.62
2024-09-04 07:40:00+00:00,144.932,144.972,144.903,144.96,2679.99
2024-09-04 07:45:00+00:00,144.959,145.007,144.942,144.951,1905.15
2024-09-04 07:50:00+00:00,144.952,144.958,144.878,144.92,1889.79
2024-09-04 07:55:00+00:00,144.922,144.989,144.892,144.983,1925.08
2024-09-04 08:00:00+00:00,144.984,145.028,144.934,144.965,3308.16
2024-09-04 08:05:00+00:00,144.965,145.066,144.917,145.033,2219.82
2024-09-04 08:10:00+00:00,145.035,145.122,145.019,145.112,1672.57
2024-09-04 08:15:00+00:00,145.113,145.136,145.067,145.133,1413.45
2024-09-04 08:20:00+00:00,145.134,145.184,145.111,145.122,2290.16
2024-09-04 08:25:00+00:00,145.125,145.189,145.114,145.173,1300.29
2024-09-04 08:30:00+00:00,145.173,145.229,145.152,145.217,2135.88
2024-09-04 08:35:00+00:00,145.22,145.23,145.155,145.164,1547.78
2024-09-04 08:40:00+00:00,145.163,145.171,145.093,145.119,2568.7
2024-09-04 08:45:00+00:00,145.119,145.176,145.101,145.118,2651.31
2024-09-04 08:50:00+00:00,145.115,145.123,145.075,145.12,1257.13
2024-09-04 08:55:00+00:00,145.121,145.213,145.121,145.206,2106.13
2024-09-04 09:00:00+00:00,145.209,145.234,145.174,145.224,2389.2
2024-09-04 09:05:00+00:00,145.221,145.234,145.15,145.176,1922.22
2024-09-04 09:10:00+00:00,145.175,145.198,145.152,145.154,2476.15
2024-09-04 09:15:00+00:00,145.156,145.18,145.122,145.155,1966.98
2024-09-04 09:20:00+00:00,145.156,145.202,145.156,145.184,1776.96
2024-09-04 09:25:00+00:00,145.185,145.268,145.18,145.248,1381.41
2024-09-04 09:30:00+00:00,145.247,145.25,145.203,145.222,667.59
2024-09-04 09:35:00+00:00,145.223,145.23,145.178,145.193,1042.38
2024-09-04 09:40:00+00:00,145.195,145.22,145.164,145.18,384.69
2024-09-04 09:45:00+00:00,145.182,145.211,145.146,145.157,780.27
2024-09-04 09:50:00+00:00,145.158,145.168,145.09,145.127,701.45
2024-09-04 09:55:00+00:00,145.128,145.134,145.073,145.105,1848.48
2024-09-04 10:00:00+00:00,145.107,145.112,145.037,145.052,1911.75
2024-09-04 10:05:00+00:00,145.056,145.068,144.984,144.984,790.74
2024-09-04 10:10:00+00:00,144.984,145.054,144.979,144.998,956.25
2024-09-04 10:15:00+00:00,144.997,145.006,144.935,144.951,972.57
2024-09-04 10:20:00+00:00,144.952,145.048,144.945,145.043,661.71
2024-09-04 10:25:00+00:00,145.042,145.09,145.041,145.077,1572.15
2024-09-04 10:30:00+00:00,145.075,145.128,145.04,145.125,1632.93
2024-09-04 10:35:00+00:00,145.123,145.141,145.097,145.105,1031.1
2024-09-04 10:40:00+00:00,145.109,145.153,145.105,145.151,1371.21
2024-09-04 10:45:00+00:00,145.152,145.188,145.142,145.15,1224.43
2024-09-04 10:50:00+00:00,145.15,145.182,145.138,145.147,1216.05
2024-09-04 10:55:00+00:00,145.148,145.173,145.069,145.069,1042.32
2024-09-04 11:00:00+00:00,145.068,145.092,145.017,145.042,1513.98
2024-09-04 11:05:00+00:00,145.041,145.055,145.012,145.049,1662.45
2024-09-04 11:10:00+00:00,145.048,145.081,145.001,145.019,1811.52
2024-09-04 11:15:00+00:00,145.02,145.041,144.971,144.972,2001.87
2024-09-04 11:20:00+00:00,144.973,144.983,144.862,144.918,2635.38
2024-09-04 11:25:00+00:00,144.919,144.956,144.892,144.924,1761.9
2024-09-04 11:30:00+00:00,144.921,144.982,144.919,144.966,1130.07
2024-09-04 11:35:00+00:00,144.962,144.976,144.9,144.911,2333.85
2024-09-04 11:40:00+00:00,144.912,144.977,144.901,144.966,2938.71
2024-09-04 11:45:00+00:00,144.968,145.019,144.966,144.995,2525.61
2024-09-04 11:50:00+00:00,144.995,145.007,144.954,144.963,1541.13
2024-09-04 11:55:00+00:00,144.962,144.963,144.86,144.885,2681.41
2024-09-04 12:00:00+00:00,144.89,144.939,144.88,144.925,2577.78
2024-09-04 12:05:00+00:00,144.924,145.048,144.924,145.031,3875.49
2024-09-04 12:10:00+00:00,145.035,145.079,145.021,145.059,2866.56
2024-09-04 12:15:00+00:00,145.064,145.121,145.059,145.076,1704.37
2024-09-04 12:20:00+00:00,145.073,145.195,145.042,145.183,3772.79
2024-09-04 12:25:00+00:00,145.184,145.215,145.132,145.134,3077.92
2024-09-04 12:30:00+00:00,145.132,145.189,145.113,145.122,2826.96
2024-09-04 12:35:00+00:00,145.122,145.134,145.04,145.09,5136.75
2024-09-04 12:40:00+00:00,145.092,145.093,145.013,145.028,2739.42
2024-09-04 12:45:00+00:00,145.03,145.175,145.029,145.151,2642.12
2024-09-04 12:50:00+00:00,145.15,145.189,145.112,145.173,2636.64
2024-09-04 12:55:00+00:00,145.17,145.174,145.07,145.074,1094.22
2024-09-04 13:00:00+00:00,145.072,145.091,145.033,145.054,3593.19
2024-09-04 13:05:00+00:00,145.054,145.147,145.054,145.073,1810.5
2024-09-04 13:10:00+00:00,145.074,145.092,145.028,145.058,4489.41
2024-09-04 13:15:00+00:00,145.058,145.062,144.942,144.978,4967.16
2024-09-04 13:20:00+00:00,144.977,145.001,144.93,144.943,3075.42
2024-09-04 13:25:00+00:00,144.942,144.959,144.862,144.872,3580.08
2024-09-04 13:30:00+00:00,144.873,144.925,144.836,144.85,4521.59
2024-09-04 13:35:00+00:00,144.851,144.888,144.805,144.849,4527.7
2024-09-04 13:40:00+00:00,144.848,144.879,144.795,144.824,3011.34
2024-09-04 13:45:00+00:00,144.822,144.857,144.782,144.793,4295.46
2024-09-04 13:50:00+00:00,144.791,144.83,144.748,144.794,4079.19
2024-09-04 13:55:00+00:00,144.794,144.828,144.768,144.777,3729.12
2024-09-04 14:00:00+00:00,144.772,144.772,144.037,144.248,7535.89
2024-09-04 14:05:00+00:00,144.251,144.39,144.189,144.298,5409.89
2024-09-04 14:10:00+00:00,144.296,144.414,144.241,144.294,6581.79
2024-09-04 14:15:00+00:00,144.293,144.406,144.167,144.249,7238.41
2024-09-04 14:20:00+00:00,144.249,144.359,144.218,144.269,7231.32
2024-09-04 14:25:00+00:00,144.265,144.27,144.11,144.216,6417.12
2024-09-04 14:30:00+00:00,144.218,144.239,144.075,144.136,6219.96
2024-09-04 14:35:00+00:00,144.135,144.153,144.02,144.089,5392.89
2024-09-04 14:40:00+00:00,144.088,144.198,143.998,144.197,6207.01
2024-09-04 14:45:00+00:00,144.196,144.213,144.115,144.141,5769.79
2024-09-04 14:50:00+00:00,144.142,144.207,144.06,144.119,4355.55
2024-09-04 14:55:00+00:00,144.119,144.191,144.045,144.118,4827.62
2024-09-04 15:00:00+00:00,144.118,144.174,144.033,144.17,5408.49
2024-09-04 15:05:00+00:00,144.17,144.303,144.166,144.281,4621.98
2024-09-04 15:10:00+00:00,144.282,144.338,144.257,144.279,3027.09
2024-09-04 15:15:00+00:00,144.279,144.369,144.242,144.274,3391.5
2024-09-04 15:20:00+00:00,144.275,144.373,144.244,144.371,4409.55
2024-09-04 15:25:00+00:00,144.372,144.416,144.298,144.298,3019.74
2024-09-04 15:30:00+00:00,144.305,144.332,144.222,144.288,4602.58
2024-09-04 15:35:00+00:00,144.287,144.309,144.236,144.244,2549.25
2024-09-04 15:40:00+00:00,144.244,144.289,144.224,144.264,3440.52
2024-09-04 15:45:00+00:00,144.266,144.307,144.242,144.297,2236.5
2024-09-04 15:50:00+00:00,144.297,144.338,144.263,144.337,2526.12
2024-09-04 15:55:00+00:00,144.337,144.341,144.27,144.306,2250.87
2024-09-04 16:00:00+00:00,144.307,144.37,144.29,144.294,2553.54
2024-09-04 16:05:00+00:00,144.295,144.3,144.254,144.28,2941.73
2024-09-04 16:10:00+00:00,144.284,144.285,144.229,144.252,4101.15
2024-09-04 16:15:00+00:00,144.252,144.288,144.22,144.227,2038.65
2024-09-04 16:20:00+00:00,144.229,144.239,144.195,144.219,2009.07
2024-09-04 16:25:00+00:00,144.216,144.228,144.151,144.17,2796.6
2024-09-04 16:30:00+00:00,144.167,144.182,144.121,144.157,1297.05
2024-09-04 16:35:00+00:00,144.159,144.183,144.142,144.163,2498.67
2024-09-04 16:40:00+00:00,144.163,144.175,144.109,144.123,2371.33
2024-09-04 16:45:00+00:00,144.122,144.14,144.059,144.079,1843.06
2024-09-04 16:50:00+00:00,144.079,144.127,144.056,144.062,2851.26
2024-09-04 16:55:00+00:00,144.061,144.068,144.01,144.048,1970.8
2024-09-04 17:00:00+00:00,144.047,144.047,143.999,144.003,2190.24
2024-09-04 17:05:00+00:00,144.004,144.08,144.004,144.08,1287.45
2024-09-04 17:10:00+00:00,144.079,144.081,144.039,144.051,2406.81
2024-09-04 17:15:00+00:00,144.05,144.062,144.006,144.008,1514.25
2024-09-04 17:20:00+00:00,144.009,144.049,144.008,144.039,1375.95
2024-09-04 17:25:00+00:00,144.038,144.068,144.0,144.065,1815.6
2024-09-04 17:30:00+00:00,144.065,144.072,144.014,144.022,1462.42
2024-09-04 17:35:00+00:00,144.021,144.048,144.018,144.034,710.85
2024-09-04 17:40:00+00:00,144.035,144.042,143.942,143.979,2085.54
2024-09-04 17:45:00+00:00,143.979,144.063,143.958,144.021,1400.1
2024-09-04 17:50:00+00:00,144.023,144.071,144.019,144.042,1334.7
2024-09-04 17:55:00+00:00,144.042,144.074,144.018,144.072,931.72
2024-09-04 18:00:00+00:00,144.078,144.103,144.021,144.038,1527.15
2024-09-04 18:05:00+00:00,144.038,144.042,144.005,144.009,3500.25
2024-09-04 18:10:00+00:00,144.009,144.062,143.998,144.042,1184.22
2024-09-04 18:15:00+00:00,144.043,144.044,143.989,144.0,946.02
2024-09-04 18:20:00+00:00,143.999,144.064,143.98,144.051,1013.85
2024-09-04 18:25:00+00:00,144.051,144.092,144.033,144.076,822.3
2024-09-04 18:30:00+00:00,144.075,144.125,144.061,144.091,1578.24
2024-09-04 18:35:00+00:00,144.092,144.094,143.985,143.985,1608.58
2024-09-04 18:40:00+00:00,143.985,144.012,143.981,143.992,822.9
2024-09-04 18:45:00+00:00,143.994,144.034,143.97,144.022,848.13
2024-09-04 18:50:00+00:00,144.025,144.035,143.871,143.896,1340.46
2024-09-04 18:55:00+00:00,143.898,143.908,143.856,143.888,2099.19
2024-09-04 19:00:00+00:00,143.887,143.887,143.844,143.871,1569.96
2024-09-04 19:05:00+00:00,143.871,143.872,143.827,143.842,880.41
2024-09-04 19:10:00+00:00,143.843,143.863,143.829,143.841,950.38
2024-09-04 19:15:00+00:00,143.842,143.845,143.793,143.823,898.05
2024-09-04 19:20:00+00:00,143.824,143.925,143.809,143.922,1366.05
2024-09-04 19:25:00+00:00,143.925,143.943,143.895,143.905,1583.85
2024-09-04 19:30:00+00:00,143.906,143.917,143.853,143.88,1943.03
2024-09-04 19:35:00+00:00,143.881,143.931,143.848,143.896,1767.12
2024-09-04 19:40:00+00:00,143.897,143.921,143.891,143.914,1486.35
2024-09-04 19:45:00+00:00,143.914,143.919,143.864,143.879,2347.5
2024-09-04 19:50:00+00:00,143.879,143.881,143.808,143.812,2684.8
2024-09-04 19:55:00+00:00,143.812,143.861,143.802,143.822,2857.63
2024-09-04 20:00:00+00:00,143.83,143.872,143.8,143.852,1151.49
2024-09-04 20:05:00+00:00,143.853,143.853,143.762,143.769,388.65
2024-09-04 20:10:00+00:00,143.77,143.813,143.764,143.771,1461.45
2024-09-04 20:15:00+00:00,143.771,143.81,143.756,143.802,1245.45
2024-09-04 20:20:00+00:00,143.807,143.807,143.762,143.788,1048.2
2024-09-04 20:25:00+00:00,143.788,143.789,143.757,143.77,1247.25
2024-09-04 20:30:00+00:00,143.769,143.774,143.751,143.755,953.04
2024-09-04 20:35:00+00:00,143.756,143.774,143.751,143.752,716.85
2024-09-04 20:40:00+00:00,143.751,143.771,143.751,143.757,536.4
2024-09-04 20:45:00+00:00,143.759,143.76,143.719,143.719,663.45
2024-09-04 20:50:00+00:00,143.72,143.729,143.708,143.709,291.47
2024-09-04 20:55:00+00:00,143.711,143.733,143.711,143.724,1629.01
2024-09-04 21:00:00+00:00,143.721,143.721,143.655,143.66,39.66
2024-09-04 21:05:00+00:00,143.658,143.673,143.658,143.661,14.7
2024-09-04 21:10:00+00:00,143.658,143.664,143.614,143.621,22.17
2024-09-04 21:15:00+00:00,143.622,143.636,143.613,143.63,47.37
2024-09-04 21:20:00+00:00,143.631,143.638,143.594,143.614,95.04
2024-09-04 21:25:00+00:00,143.612,143.624,143.609,143.621,67.05
2024-09-04 21:30:00+00:00,143.628,143.633,143.622,143.63,33.6
2024-09-04 21:35:00+00:00,143.624,143.637,143.624,143.631,14.25
2024-09-04 21:40:00+00:00,143.631,143.649,143.626,143.636,37.2
2024-09-04 21:45:00+00:00,143.638,143.647,143.635,143.642,30.87
2024-09-04 21:50:00+00:00,143.642,143.647,143.638,143.647,16.2
2024-09-04 21:55:00+00:00,143.643,143.644,143.632,143.642,52.5
2024-09-04 22:00:00+00:00,143.642,143.652,143.597,143.6,250.8
2024-09-04 22:05:00+00:00,143.6,143.6,143.579,143.58,131.25
2024-09-04 22:10:00+00:00,143.579,143.586,143.548,143.553,212.55
2024-09-04 22:15:00+00:00,143.553,143.554,143.509,143.521,574.72
2024-09-04 22:20:00+00:00,143.519,143.611,143.519,143.61,524.94
2024-09-04 22:25:00+00:00,143.611,143.643,143.606,143.641,494.4
2024-09-04 22:30:00+00:00,143.642,143.703,143.623,143.703,278.55
2024-09-04 22:35:00+00:00,143.702,143.706,143.653,143.676,690.7
2024-09-04 22:40:00+00:00,143.678,143.703,143.671,143.696,339.0
2024-09-04 22:45:00+00:00,143.697,143.709,143.678,143.706,501.63
2024-09-04 22:50:00+00:00,143.705,143.746,143.641,143.655,778.74
2024-09-04 22:55:00+00:00,143.658,143.675,143.621,143.621,720.3
2024-09-04 23:00:00+00:00,143.62,143.654,143.57,143.646,2058.87
2024-09-04 23:05:00+00:00,143.646,143.647,143.619,143.645,879.87
2024-09-04 23:10:00+00:00,143.648,143.685,143.632,143.652,351.0
2024-09-04 23:15:00+00:00,143.653,143.667,143.587,143.6,814.05
2024-09-04 23:20:00+00:00,143.602,143.602,143.549,143.568,678.45
2024-09-04 23:25:00+00:00,143.569,143.595,143.425,143.493,1175.13
2024-09-04 23:30:00+00:00,143.488,143.492,143.284,143.386,1759.06
2024-09-04 23:35:00+00:00,143.388,143.406,143.183,143.253,2295.36
2024-09-04 23:40:00+00:00,143.251,143.29,143.184,143.289,1592.21
2024-09-04 23:45:00+00:00,143.288,143.329,143.257,143.312,1739.62
2024-09-04 23:50:00+00:00,143.309,143.353,143.272,143.329,1674.06
2024-09-04 23:55:00+00:00,143.328,143.374,143.284,143.335,1110.73
2024-09-05 00:00:00+00:00,143.334,143.442,143.298,143.38,4069.08
2024-09-05 00:05:00+00:00,143.379,143.446,143.35,143.423,3424.5
2024-09-05 00:10:00+00:00,143.422,143.532,143.421,143.515,2811.75
2024-09-05 00:15:00+00:00,143.514,143.557,143.481,143.531,2717.1
2024-09-05 00:20:00+00:00,143.532,143.588,143.501,143.539,2449.53
2024-09-05 00:25:00+00:00,143.539,143.628,143.484,143.608,3195.9
2024-09-05 00:30:00+00:00,143.609,143.743,143.609,143.694,2935.26
2024-09-05 00:35:00+00:00,143.693,143.748,143.654,143.674,2310.16
2024-09-05 00:40:00+00:00,143.678,143.722,143.629,143.635,1973.69
2024-09-05 00:45:00+00:00,143.637,143.782,143.62,143.752,2782.12
2024-09-05 00:50:00+00:00,143.748,143.802,143.704,143.704,4766.57
2024-09-05 00:55:00+00:00,143.713,143.753,143.652,143.718,2345.6
2024-09-05 01:00:00+00:00,143.717,143.773,143.649,143.738,2316.05
2024-09-05 01:05:00+00:00,143.74,143.777,143.645,143.654,2091.45
2024-09-05 01:10:00+00:00,143.66,143.665,143.574,143.592,2211.21
2024-09-05 01:15:00+00:00,143.59,143.604,143.531,143.535,1633.98
2024-09-05 01:20:00+00:00,143.535,143.535,143.431,143.471,1330.96
2024-09-05 01:25:00+00:00,143.475,143.589,143.473,143.574,1089.19
2024-09-05 01:30:00+00:00,143.575,143.759,143.542,143.758,1528.16
2024-09-05 01:35:00+00:00,143.757,143.831,143.683,143.695,2986.95
2024-09-05 01:40:00+00:00,143.695,143.738,143.665,143.692,2483.46
2024-09-05 01:45:00+00:00,143.689,143.743,143.66,143.69,1031.25
2024-09-05 01:50:00+00:00,143.69,143.706,143.58,143.671,2143.62
2024-09-05 01:55:00+00:00,143.672,143.765,143.67,143.702,2296.5
2024-09-05 02:00:00+00:00,143.704,143.722,143.637,143.682,1888.77
2024-09-05 02:05:00+00:00,143.683,143.737,143.605,143.655,3841.08
2024-09-05 02:10:00+00:00,143.655,143.682,143.614,143.672,2211.93
2024-09-05 02:15:00+00:00,143.67,143.725,143.668,143.706,971.37
2024-09-05 02:20:00+00:00,143.704,143.765,143.679,143.758,1682.25
2024-09-05 02:25:00+00:00,143.757,143.77,143.716,143.732,2172.54
2024-09-05 02:30:00+00:00,143.732,143.748,143.708,143.709,1550.26
2024-09-05 02:35:00+00:00,143.704,143.729,143.656,143.713,939.98
2024-09-05 02:40:00+00:00,143.714,143.722,143.672,143.68,1359.06
2024-09-05 02:45:00+00:00,143.678,143.752,143.66,143.743,980.25
2024-09-05 02:50:00+00:00,143.742,143.903,143.738,143.857,2352.39
2024-09-05 02:55:00+00:00,143.859,143.868,143.815,143.831,2586.81
2024-09-05 03:00:00+00:00,143.83,143.878,143.809,143.869,1472.25
2024-09-05 03:05:00+00:00,143.87,143.87,143.762,143.81,1677.78
2024-09-05 03:10:00+00:00,143.807,143.812,143.763,143.794,1699.83
2024-09-05 03:15:00+00:00,143.795,143.854,143.74,143.851,2373.48
2024-09-05 03:20:00+00:00,143.85,143.859,143.788,143.832,1195.47
2024-09-05 03:25:00+00:00,143.833,143.843,143.805,143.826,734.32
2024-09-05 03:30:00+00:00,143.826,143.828,143.77,143.774,1764.18
2024-09-05 03:35:00+00:00,143.773,143.829,143.761,143.772,1403.25
2024-09-05 03:40:00+00:00,143.77,143.816,143.768,143.782,1635.0
2024-09-05 03:45:00+00:00,143.781,143.783,143.676,143.704,1325.85
2024-09-05 03:50:00+00:00,143.702,143.737,143.691,143.734,437.25
2024-09-05 03:55:00+00:00,143.735,143.778,143.719,143.76,880.98
2024-09-05 04:00:00+00:00,143.76,143.852,143.76,143.8,1929.81
2024-09-05 04:05:00+00:00,143.798,143.852,143.772,143.836,1016.31
2024-09-05 04:10:00+00:00,143.837,143.844,143.792,143.82,858.9
2024-09-05 04:15:00+00:00,143.82,143.842,143.752,143.769,1575.17
2024-09-05 04:20:00+00:00,143.772,143.776,143.735,143.744,1119.25
2024-09-05 04:25:00+00:00,143.743,143.743,143.671,143.697,1123.22
2024-09-05 04:30:00+00:00,143.697,143.701,143.669,143.672,940.05
2024-09-05 04:35:00+00:00,143.672,143.677,143.551,143.581,1324.89
2024-09-05 04:40:00+00:00,143.579,143.585,143.525,143.538,1344.27
2024-09-05 04:45:00+00:00,143.537,143.551,143.497,143.54,1110.13
2024-09-05 04:50:00+00:00,143.537,143.58,143.487,143.571,1092.45
2024-09-05 04:55:00+00:00,143.572,143.589,143.55,143.574,932.5
2024-09-05 05:00:00+00:00,143.573,143.597,143.432,143.432,890.73
2024-09-05 05:05:00+00:00,143.429,143.43,143.344,143.394,1474.5
2024-09-05 05:10:00+00:00,143.393,143.461,143.32,143.455,1648.71
2024-09-05 05:15:00+00:00,143.455,143.492,143.397,143.456,1744.35
2024-09-05 05:20:00+00:00,143.455,143.512,143.437,143.468,1621.35
2024-09-05 05:25:00+00:00,143.468,143.509,143.381,143.395,1113.9
2024-09-05 05:30:00+00:00,143.396,143.43,143.36,143.426,1321.59
2024-09-05 05:35:00+00:00,143.427,143.535,143.427,143.494,1166.03
2024-09-05 05:40:00+00:00,143.494,143.512,143.438,143.464,927.27
2024-09-05 05:45:00+00:00,143.466,143.491,143.413,143.454,1527.32
2024-09-05 05:50:00+00:00,143.452,143.486,143.417,143.454,919.05
2024-09-05 05:55:00+00:00,143.454,143.489,143.354,143.397,965.57
2024-09-05 06:00:00+00:00,143.4,143.45,143.338,143.409,2468.13
2024-09-05 06:05:00+00:00,143.409,143.424,143.295,143.308,2281.2
2024-09-05 06:10:00+00:00,143.308,143.308,143.219,143.286,1684.54
2024-09-05 06:15:00+00:00,143.285,143.293,143.164,143.211,2145.33
2024-09-05 06:20:00+00:00,143.211,143.255,143.097,143.121,2975.19
2024-09-05 06:25:00+00:00,143.12,143.17,143.05,143.076,3091.82
2024-09-05 06:30:00+00:00,143.075,143.151,143.048,143.12,3139.77
2024-09-05 06:35:00+00:00,143.121,143.202,143.121,143.157,2698.17
2024-09-05 06:40:00+00:00,143.158,143.23,143.147,143.206,1507.86
2024-09-05 06:45:00+00:00,143.202,143.202,143.11,143.111,2028.55
2024-09-05 06:50:00+00:00,143.115,143.166,143.085,143.135,2644.08
2024-09-05 06:55:00+00:00,143.137,143.243,143.129,143.235,1762.77
2024-09-05 07:00:00+00:00,143.237,143.281,143.224,143.248,2035.98
2024-09-05 07:05:00+00:00,143.246,143.403,143.244,143.356,2726.4
2024-09-05 07:10:00+00:00,143.357,143.47,143.349,143.45,2562.59
2024-09-05 07:15:00+00:00,143.452,143.537,143.436,143.465,2540.54
2024-09-05 07:20:00+00:00,143.467,143.509,143.436,143.495,1133.52
2024-09-05 07:25:00+00:00,143.494,143.576,143.481,143.539,1719.22
2024-09-05 07:30:00+00:00,143.539,143.709,143.515,143.664,2512.32
2024-09-05 07:35:00+00:00,143.664,143.68,143.6,143.624,2603.01
2024-09-05 07:40:00+00:00,143.622,143.703,143.6,143.652,2570.22
2024-09-05 07:45:00+00:00,143.642,143.66,143.61,143.631,2971.44
2024-09-05 07:50:00+00:00,143.632,143.697,143.589,143.695,3749.53
2024-09-05 07:55:00+00:00,143.698,143.735,143.594,143.611,2717.2
2024-09-05 08:00:00+00:00,143.61,143.695,143.593,143.621,2970.87
2024-09-05 08:05:00+00:00,143.621,143.658,143.544,143.599,4161.4
2024-09-05 08:10:00+00:00,143.599,143.718,143.597,143.705,2932.8
2024-09-05 08:15:00+00:00,143.709,143.749,143.684,143.737,2834.33
2024-09-05 08:20:00+00:00,143.738,143.749,143.611,143.653,1313.81
2024-09-05 08:25:00+00:00,143.655,143.678,143.602,143.646,1305.82
2024-09-05 08:30:00+00:00,143.65,143.673,143.584,143.594,1578.81
2024-09-05 08:35:00+00:00,143.594,143.629,143.574,143.624,2227.71
2024-09-05 08:40:00+00:00,143.628,143.713,143.625,143.656,2219.91
2024-09-05 08:45:00+00:00,143.653,143.653,143.565,143.617,2851.38
2024-09-05 08:50:00+00:00,143.618,143.641,143.567,143.572,2266.47
2024-09-05 08:55:00+00:00,143.572,143.603,143.526,143.573,2626.9
2024-09-05 09:00:00+00:00,143.573,143.593,143.524,143.59,2843.13
2024-09-05 09:05:00+00:00,143.588,143.646,143.577,143.594,1778.94
2024-09-05 09:10:00+00:00,143.6,143.612,143.512,143.528,1849.65
2024-09-05 09:15:00+00:00,143.528,143.557,143.486,143.518,2264.47
2024-09-05 09:20:00+00:00,143.52,143.526,143.47,143.481,2602.53
2024-09-05 09:25:00+00:00,143.483,143.494,143.449,143.45,2418.69
2024-09-05 09:30:00+00:00,143.45,143.497,143.449,143.458,1345.89
2024-09-05 09:35:00+00:00,143.458,143.464,143.426,143.454,1347.54
2024-09-05 09:40:00+00:00,143.455,143.47,143.435,143.452,1065.3
2024-09-05 09:45:00+00:00,143.457,143.538,143.454,143.522,1246.77
2024-09-05 09:50:00+00:00,143.521,143.593,143.511,143.591,2502.45
2024-09-05 09:55:00+00:00,143.594,143.632,143.573,143.604,3582.57
2024-09-05 10:00:00+00:00,143.602,143.646,143.569,143.599,1748.25
2024-09-05 10:05:00+00:00,143.599,143.628,143.559,143.576,3288.63
2024-09-05 10:10:00+00:00,143.577,143.61,143.573,143.603,1234.65
2024-09-05 10:15:00+00:00,143.605,143.605,143.544,143.56,1998.0
2024-09-05 10:20:00+00:00,143.559,143.56,143.522,143.54,1477.13
2024-09-05 10:25:00+00:00,143.538,143.554,143.505,143.511,2552.79
2024-09-05 10:30:00+00:00,143.51,143.517,143.479,143.499,1655.31
2024-09-05 10:35:00+00:00,143.497,143.507,143.485,143.498,1772.7
2024-09-05 10:40:00+00:00,143.498,143.559,143.489,143.538,1962.45
2024-09-05 10:45:00+00:00,143.539,143.559,143.504,143.506,1224.02
2024-09-05 10:50:00+00:00,143.507,143.541,143.505,143.508,1208.23
2024-09-05 10:55:00+00:00,143.507,143.507,143.466,143.491,1468.92
2024-09-05 11:00:00+00:00,143.49,143.535,143.47,143.485,1987.45
2024-09-05 11:05:00+00:00,143.485,143.495,143.451,143.461,1995.76
2024-09-05 11:10:00+00:00,143.462,143.476,143.454,143.46,1260.09
2024-09-05 11:15:00+00:00,143.46,143.465,143.439,143.439,823.11
2024-09-05 11:20:00+00:00,143.44,143.448,143.414,143.441,1791.48
2024-09-05 11:25:00+00:00,143.445,143.51,143.445,143.5,1948.38
2024-09-05 11:30:00+00:00,143.5,143.52,143.486,143.497,1888.53
2024-09-05 11:35:00+00:00,143.495,143.539,143.495,143.511,2014.26
2024-09-05 11:40:00+00:00,143.509,143.535,143.454,143.535,2296.29
2024-09-05 11:45:00+00:00,143.535,143.57,143.5,143.503,2198.07
2024-09-05 11:50:00+00:00,143.507,143.54,143.496,143.523,1580.55
2024-09-05 11:55:00+00:00,143.522,143.522,143.431,143.449,2760.48
2024-09-05 12:00:00+00:00,143.448,143.448,143.334,143.365,2284.3
2024-09-05 12:05:00+00:00,143.362,143.459,143.354,143.457,3147.0
2024-09-05 12:10:00+00:00,143.458,143.598,143.439,143.554,2880.61
2024-09-05 12:15:00+00:00,143.554,143.554,143.046,143.061,3532.42
2024-09-05 12:20:00+00:00,143.061,143.061,142.847,142.921,5912.23
2024-09-05 12:25:00+00:00,142.92,143.057,142.878,142.948,4710.43
2024-09-05 12:30:00+00:00,142.946,143.282,142.946,143.04,5225.13
2024-09-05 12:35:00+00:00,143.043,143.056,142.861,142.962,5577.81
2024-09-05 12:40:00+00:00,142.961,143.046,142.874,143.039,4509.96
2024-09-05 12:45:00+00:00,143.039,143.119,142.997,143.088,4700.94
2024-09-05 12:50:00+00:00,143.088,143.159,142.999,143.142,5141.4
2024-09-05 12:55:00+00:00,143.143,143.203,143.092,143.098,5146.23
2024-09-05 13:00:00+00:00,143.098,143.172,143.036,143.142,4798.55
2024-09-05 13:05:00+00:00,143.143,143.162,143.038,143.109,5047.18
2024-09-05 13:10:00+00:00,143.108,143.168,143.09,143.133,3499.41
2024-09-05 13:15:00+00:00,143.133,143.243,143.124,143.206,4671.24
2024-09-05 13:20:00+00:00,143.208,143.226,143.162,143.186,2267.73
2024-09-05 13:25:00+00:00,143.184,143.246,143.175,143.183,2467.92
2024-09-05 13:30:00+00:00,143.181,143.248,143.164,143.183,3233.03
2024-09-05 13:35:00+00:00,143.183,143.251,143.128,143.165,5026.68
2024-09-05 13:40:00+00:00,143.167,143.22,143.131,143.151,2989.38
2024-09-05 13:45:00+00:00,143.15,143.266,143.103,143.163,3101.81
2024-09-05 13:50:00+00:00,143.163,143.19,143.096,143.136,3477.35
2024-09-05 13:55:00+00:00,143.137,143.201,143.094,143.192,2130.09
2024-09-05 14:00:00+00:00,143.148,143.709,143.148,143.592,5312.69
2024-09-05 14:05:00+00:00,143.591,143.707,143.55,143.584,6722.48
2024-09-05 14:10:00+00:00,143.587,143.6,143.445,143.481,6606.3
2024-09-05 14:15:00+00:00,143.479,143.546,143.43,143.532,5815.26
2024-09-05 14:20:00+00:00,143.532,143.829,143.526,143.784,6040.92
2024-09-05 14:25:00+00:00,143.788,143.859,143.728,143.786,5455.83
2024-09-05 14:30:00+00:00,143.787,143.959,143.776,143.931,4803.06
2024-09-05 14:35:00+00:00,143.931,144.077,143.869,144.046,5243.43
2024-09-05 14:40:00+00:00,144.046,144.228,144.008,144.189,5630.82
2024-09-05 14:45:00+00:00,144.19,144.198,144.023,144.026,4717.47
2024-09-05 14:50:00+00:00,144.026,144.064,143.95,143.981,4643.16
2024-09-05 14:55:00+00:00,143.981,144.035,143.911,143.916,3654.75
2024-09-05 15:00:00+00:00,143.919,143.962,143.849,143.888,4161.02
2024-09-05 15:05:00+00:00,143.889,144.016,143.868,144.01,3346.26
2024-09-05 15:10:00+00:00,144.014,144.024,143.89,143.908,3766.22
2024-09-05 15:15:00+00:00,143.91,143.924,143.811,143.816,4191.3
2024-09-05 15:20:00+00:00,143.819,143.858,143.762,143.767,3333.27
2024-09-05 15:25:00+00:00,143.767,143.774,143.66,143.68,4339.71
2024-09-05 15:30:00+00:00,143.676,143.682,143.551,143.566,3084.06
2024-09-05 15:35:00+00:00,143.563,143.66,143.53,143.555,3556.86
2024-09-05 15:40:00+00:00,143.554,143.577,143.479,143.492,2943.47
2024-09-05 15:45:00+00:00,143.492,143.552,143.482,143.532,2913.81
2024-09-05 15:50:00+00:00,143.527,143.575,143.446,143.473,2392.98
2024-09-05 15:55:00+00:00,143.472,143.472,143.411,143.433,3330.45
2024-09-05 16:00:00+00:00,143.432,143.512,143.425,143.482,2214.03
2024-09-05 16:05:00+00:00,143.483,143.537,143.465,143.522,2225.15
2024-09-05 16:10:00+00:00,143.523,143.541,143.424,143.461,2179.84
2024-09-05 16:15:00+00:00,143.463,143.479,143.369,143.41,2605.02
2024-09-05 16:20:00+00:00,143.408,143.452,143.388,143.41,3085.83
2024-09-05 16:25:00+00:00,143.41,143.492,143.408,143.447,2212.92
2024-09-05 16:30:00+00:00,143.446,143.508,143.434,143.47,1447.98
2024-09-05 16:35:00+00:00,143.466,143.474,143.4,143.409,800.15
2024-09-05 16:40:00+00:00,143.417,143.491,143.409,143.477,1624.14
2024-09-05 16:45:00+00:00,143.478,143.503,143.463,143.491,2845.17
2024-09-05 16:50:00+00:00,143.493,143.497,143.413,143.455,2154.24
2024-09-05 16:55:00+00:00,143.454,143.51,143.43,143.433,2484.57
2024-09-05 17:00:00+00:00,143.432,143.449,143.399,143.409,2938.56
2024-09-05 17:05:00+00:00,143.407,143.407,143.304,143.327,1842.66
2024-09-05 17:10:00+00:00,143.33,143.343,143.279,143.296,1849.23
2024-09-05 17:15:00+00:00,143.296,143.297,143.202,143.244,2649.3
2024-09-05 17:20:00+00:00,143.242,143.294,143.214,143.277,1644.29
2024-09-05 17:25:00+00:00,143.275,143.278,143.194,143.225,1046.85
2024-09-05 17:30:00+00:00,143.225,143.266,143.214,143.235,1317.24
2024-09-05 17:35:00+00:00,143.233,143.33,143.225,143.248,1404.51
2024-09-05 17:40:00+00:00,143.249,143.361,143.248,143.357,1189.83
2024-09-05 17:45:00+00:00,143.356,143.415,143.333,143.379,2634.48
2024-09-05 17:50:00+00:00,143.38,143.404,143.346,143.348,1890.72
2024-09-05 17:55:00+00:00,143.349,143.369,143.303,143.349,2245.77
2024-09-05 18:00:00+00:00,143.348,143.348,143.251,143.255,2170.65
2024-09-05 18:05:00+00:00,143.256,143.282,143.254,143.266,1652.94
2024-09-05 18:10:00+00:00,143.267,143.27,143.202,143.216,2089.01
2024-09-05 18:15:00+00:00,143.214,143.316,143.202,143.296,1389.27
2024-09-05 18:20:00+00:00,143.295,143.299,143.241,143.266,2217.21
2024-09-05 18:25:00+00:00,143.266,143.288,143.246,143.286,2127.15
2024-09-05 18:30:00+00:00,143.286,143.312,143.274,143.287,1883.79
2024-09-05 18:35:00+00:00,143.286,143.308,143.275,143.307,1680.9
2024-09-05 18:40:00+00:00,143.311,143.356,143.31,143.348,1370.55
2024-09-05 18:45:00+00:00,143.349,143.416,143.349,143.402,1353.9
2024-09-05 18:50:00+00:00,143.408,143.481,143.402,143.47,2603.58
2024-09-05 18:55:00+00:00,143.471,143.471,143.416,143.417,2663.4
2024-09-05 19:00:00+00:00,143.418,143.432,143.406,143.408,1515.78
2024-09-05 19:05:00+00:00,143.407,143.428,143.376,143.424,2099.55
2024-09-05 19:10:00+00:00,143.423,143.423,143.363,143.387,1323.39
2024-09-05 19:15:00+00:00,143.387,143.395,143.311,143.37,1961.19
2024-09-05 19:20:00+00:00,143.366,143.421,143.364,143.408,1755.15
2024-09-05 19:25:00+00:00,143.408,143.419,143.394,143.399,1672.05
2024-09-05 19:30:00+00:00,143.398,143.504,143.398,143.472,1179.34
2024-09-05 19:35:00+00:00,143.472,143.481,143.44,143.44,851.13
2024-09-05 19:40:00+00:00,143.439,143.444,143.377,143.404,1418.13
2024-09-05 19:45:00+00:00,143.406,143.426,143.378,143.42,1955.22
2024-09-05 19:50:00+00:00,143.426,143.438,143.365,143.422,2591.56
2024-09-05 19:55:00+00:00,143.423,143.482,143.419,143.458,2772.91
2024-09-05 20:00:00+00:00,143.458,143.478,143.436,143.469,1274.09
2024-09-05 20:05:00+00:00,143.469,143.488,143.435,143.437,676.95
2024-09-05 20:10:00+00:00,143.438,143.446,143.426,143.426,371.64
2024-09-05 20:15:00+00:00,143.432,143.436,143.406,143.417,660.63
2024-09-05 20:20:00+00:00,143.417,143.419,143.396,143.398,715.83
2024-09-05 20:25:00+00:00,143.398,143.4,143.375,143.378,579.18
2024-09-05 20:30:00+00:00,143.376,143.411,143.376,143.399,1659.51
2024-09-05 20:35:00+00:00,143.4,143.409,143.395,143.408,916.56
2024-09-05 20:40:00+00:00,143.408,143.414,143.396,143.411,2140.26
2024-09-05 20:45:00+00:00,143.411,143.426,143.407,143.417,399.81
2024-09-05 20:50:00+00:00,143.418,143.438,143.416,143.437,664.92
2024-09-05 20:55:00+00:00,143.437,143.453,143.429,143.429,1725.21
2024-09-05 21:00:00+00:00,143.422,143.424,143.362,143.364,12.15
2024-09-05 21:05:00+00:00,143.408,143.408,143.359,143.359,39.18
2024-09-05 21:10:00+00:00,143.366,143.38,143.345,143.345,29.85
2024-09-05 21:15:00+00:00,143.366,143.408,143.365,143.4,34.56
2024-09-05 21:20:00+00:00,143.392,143.404,143.392,143.403,40.14
2024-09-05 21:25:00+00:00,143.404,143.41,143.389,143.395,39.99
2024-09-05 21:30:00+00:00,143.395,143.407,143.39,143.403,76.98
2024-09-05 21:35:00+00:00,143.402,143.408,143.402,143.408,32.43
2024-09-05 21:40:00+00:00,143.407,143.408,143.404,143.407,28.32
2024-09-05 21:45:00+00:00,143.405,143.44,143.404,143.422,61.98
2024-09-05 21:50:00+00:00,143.421,143.421,143.421,143.421,3.0
2024-09-05 21:55:00+00:00,143.426,143.427,143.397,143.404,152.79
2024-09-05 22:00:00+00:00,143.405,143.441,143.354,143.362,310.76
2024-09-05 22:05:00+00:00,143.363,143.365,143.323,143.331,117.75
2024-09-05 22:10:00+00:00,143.332,143.371,143.328,143.37,98.85
2024-09-05 22:15:00+00:00,143.372,143.383,143.368,143.382,140.7
2024-09-05 22:20:00+00:00,143.382,143.382,143.329,143.352,352.8
2024-09-05 22:25:00+00:00,143.352,143.376,143.335,143.376,328.8
2024-09-05 22:30:00+00:00,143.377,143.413,143.373,143.405,309.18
2024-09-05 22:35:00+00:00,143.406,143.417,143.378,143.385,305.1
2024-09-05 22:40:00+00:00,143.4,143.42,143.396,143.409,189.0
2024-09-05 22:45:00+00:00,143.409,143.454,143.395,143.426,482.22
2024-09-05 22:50:00+00:00,143.432,143.442,143.423,143.438,190.8
2024-09-05 22:55:00+00:00,143.436,143.454,143.413,143.414,149.7
2024-09-05 23:00:00+00:00,143.411,143.456,143.411,143.444,592.17
2024-09-05 23:05:00+00:00,143.443,143.457,143.35,143.357,1336.63
2024-09-05 23:10:00+00:00,143.357,143.39,143.348,143.388,635.01
2024-09-05 23:15:00+00:00,143.387,143.427,143.375,143.387,465.36
2024-09-05 23:20:00+00:00,143.39,143.413,143.387,143.404,385.53
2024-09-05 23:25:00+00:00,143.405,143.406,143.39,143.397,120.99
2024-09-05 23:30:00+00:00,143.403,143.477,143.402,143.449,448.08
2024-09-05 23:35:00+00:00,143.448,143.472,143.447,143.471,356.58
2024-09-05 23:40:00+00:00,143.469,143.471,143.389,143.39,464.82
2024-09-05 23:45:00+00:00,143.389,143.418,143.377,143.396,726.93
2024-09-05 23:50:00+00:00,143.396,143.396,143.345,143.377,809.28
2024-09-05 23:55:00+00:00,143.376,143.418,143.37,143.385,603.06
2024-09-06 00:00:00+00:00,143.386,143.417,143.284,143.322,2317.31
2024-09-06 00:05:00+00:00,143.321,143.374,143.26,143.264,2008.05
2024-09-06 00:10:00+00:00,143.269,143.282,143.196,143.212,2007.32
2024-09-06 00:15:00+00:00,143.213,143.253,143.171,143.235,2004.63
2024-09-06 00:20:00+00:00,143.234,143.285,143.223,143.26,1682.55
2024-09-06 00:25:00+00:00,143.259,143.318,143.244,143.318,1160.67
2024-09-06 00:30:00+00:00,143.32,143.375,143.308,143.314,1898.31
2024-09-06 00:35:00+00:00,143.316,143.317,143.236,143.242,2185.71
2024-09-06 00:40:00+00:00,143.243,143.266,143.211,143.262,897.06
2024-09-06 00:45:00+00:00,143.262,143.349,143.262,143.344,1089.57
2024-09-06 00:50:00+00:00,143.35,143.393,143.15,143.167,2464.49
2024-09-06 00:55:00+00:00,143.168,143.226,143.151,143.174,1411.81
2024-09-06 01:00:00+00:00,143.176,143.226,143.15,143.187,994.36
2024-09-06 01:05:00+00:00,143.186,143.229,143.099,143.192,1310.82
2024-09-06 01:10:00+00:00,143.192,143.241,143.181,143.232,1044.42
2024-09-06 01:15:00+00:00,143.231,143.231,143.18,143.208,393.36
2024-09-06 01:20:00+00:00,143.209,143.243,143.204,143.207,555.9
2024-09-06 01:25:00+00:00,143.208,143.301,143.18,143.298,1174.95
2024-09-06 01:30:00+00:00,143.299,143.336,143.27,143.271,1597.79
2024-09-06 01:35:00+00:00,143.272,143.344,143.249,143.327,1122.9
2024-09-06 01:40:00+00:00,143.329,143.363,143.313,143.32,853.59
2024-09-06 01:45:00+00:00,143.321,143.347,143.223,143.282,1023.56
2024-09-06 01:50:00+00:00,143.283,143.322,143.264,143.281,519.84
2024-09-06 01:55:00+00:00,143.281,143.295,143.258,143.274,602.01
2024-09-06 02:00:00+00:00,143.274,143.293,143.24,143.274,906.66
2024-09-06 02:05:00+00:00,143.275,143.301,143.256,143.262,708.45
2024-09-06 02:10:00+00:00,143.262,143.281,143.238,143.25,820.14
2024-09-06 02:15:00+00:00,143.252,143.258,143.189,143.228,645.33
2024-09-06 02:20:00+00:00,143.229,143.282,143.221,143.272,793.59
2024-09-06 02:25:00+00:00,143.28,143.28,143.223,143.24,524.34
2024-09-06 02:30:00+00:00,143.241,143.252,143.193,143.217,591.46
2024-09-06 02:35:00+00:00,143.221,143.281,143.199,143.277,368.9
2024-09-06 02:40:00+00:00,143.274,143.304,143.257,143.298,410.7
2024-09-06 02:45:00+00:00,143.304,143.308,143.223,143.252,556.62
2024-09-06 02:50:00+00:00,143.252,143.26,143.219,143.241,504.42
2024-09-06 02:55:00+00:00,143.251,143.256,143.171,143.198,774.19
2024-09-06 03:00:00+00:00,143.197,143.216,143.176,143.191,902.73
2024-09-06 03:05:00+00:00,143.192,143.215,143.182,143.188,845.28
2024-09-06 03:10:00+00:00,143.187,143.212,143.164,143.208,705.96
2024-09-06 03:15:00+00:00,143.209,143.223,143.184,143.184,441.12
2024-09-06 03:20:00+00:00,143.184,143.199,143.134,143.134,397.07
2024-09-06 03:25:00+00:00,143.134,143.173,143.124,143.129,792.22
2024-09-06 03:30:00+00:00,143.129,143.146,143.077,143.097,1015.71
2024-09-06 03:35:00+00:00,143.098,143.114,143.049,143.059,790.01
2024-09-06 03:40:00+00:00,143.057,143.076,143.024,143.033,581.46
2024-09-06 03:45:00+00:00,143.033,143.042,142.983,143.007,1193.3
2024-09-06 03:50:00+00:00,143.013,143.067,143.008,143.059,996.39
2024-09-06 03:55:00+00:00,143.059,143.067,143.03,143.03,815.37
2024-09-06 04:00:00+00:00,143.03,143.031,142.956,142.993,1328.28
2024-09-06 04:05:00+00:00,142.992,142.996,142.893,142.958,1866.76
2024-09-06 04:10:00+00:00,142.958,142.987,142.94,142.949,1350.27
2024-09-06 04:15:00+00:00,142.949,142.949,142.887,142.929,1900.44
2024-09-06 04:20:00+00:00,142.933,142.949,142.924,142.927,1354.11
2024-09-06 04:25:00+00:00,142.926,142.98,142.906,142.952,1314.84
2024-09-06 04:30:00+00:00,142.95,143.026,142.95,142.994,540.42
2024-09-06 04:35:00+00:00,142.993,142.997,142.952,142.975,918.63
2024-09-06 04:40:00+00:00,142.976,142.976,142.903,142.933,1101.13
2024-09-06 04:45:00+00:00,142.934,142.976,142.929,142.95,639.85
2024-09-06 04:50:00+00:00,142.951,143.006,142.931,142.975,1043.1
2024-09-06 04:55:00+00:00,142.974,143.03,142.962,142.995,987.43
2024-09-06 05:00:00+00:00,142.992,143.006,142.926,142.929,518.61
2024-09-06 05:05:00+00:00,142.928,142.928,142.738,142.748,2570.39
2024-09-06 05:10:00+00:00,142.75,142.772,142.665,142.707,1932.3
2024-09-06 05:15:00+00:00,142.708,142.764,142.679,142.736,1129.32
2024-09-06 05:20:00+00:00,142.735,142.745,142.563,142.566,1770.42
2024-09-06 05:25:00+00:00,142.568,142.609,142.526,142.545,1788.11
2024-09-06 05:30:00+00:00,142.544,142.586,142.465,142.537,2802.39
2024-09-06 05:35:00+00:00,142.54,142.575,142.421,142.441,1942.61
2024-09-06 05:40:00+00:00,142.439,142.51,142.407,142.442,1560.15
2024-09-06 05:45:00+00:00,142.442,142.598,142.442,142.567,2134.33
2024-09-06 05:50:00+00:00,142.567,142.74,142.563,142.712,2185.68
2024-09-06 05:55:00+00:00,142.711,142.723,142.589,142.605,2541.58
2024-09-06 06:00:00+00:00,142.603,142.628,142.553,142.615,3819.9
2024-09-06 06:05:00+00:00,142.615,142.65,142.531,142.542,4921.74
2024-09-06 06:10:00+00:00,142.544,142.612,142.499,142.51,4516.47
2024-09-06 06:15:00+00:00,142.51,142.553,142.408,142.434,4093.52
2024-09-06 06:20:00+00:00,142.435,142.498,142.355,142.397,2585.74
2024-09-06 06:25:00+00:00,142.396,142.447,142.327,142.359,2679.78
2024-09-06 06:30:00+00:00,142.358,142.368,142.302,142.328,2074.69
2024-09-06 06:35:00+00:00,142.327,142.364,142.253,142.364,2904.94
2024-09-06 06:40:00+00:00,142.364,142.389,142.338,142.373,3060.33
2024-09-06 06:45:00+00:00,142.372,142.41,142.309,142.399,1888.59
2024-09-06 06:50:00+00:00,142.4,142.441,142.341,142.432,1990.09
2024-09-06 06:55:00+00:00,142.433,142.452,142.352,142.39,2254.18
2024-09-06 07:00:00+00:00,142.391,142.411,142.248,142.33,3191.64
2024-09-06 07:05:00+00:00,142.328,142.328,142.185,142.226,3815.34
2024-09-06 07:10:00+00:00,142.225,142.278,142.099,142.116,5503.77
2024-09-06 07:15:00+00:00,142.116,142.124,142.053,142.106,5212.35
2024-09-06 07:20:00+00:00,142.105,142.234,142.067,142.232,3622.87
2024-09-06 07:25:00+00:00,142.232,142.298,142.21,142.245,4542.61
2024-09-06 07:30:00+00:00,142.245,142.358,142.226,142.29,4628.1
2024-09-06 07:35:00+00:00,142.289,142.361,142.264,142.349,2460.15
2024-09-06 07:40:00+00:00,142.348,142.408,142.326,142.329,2378.37
2024-09-06 07:45:00+00:00,142.329,142.351,142.238,142.299,3561.87
2024-09-06 07:50:00+00:00,142.299,142.378,142.294,142.371,3605.94
2024-09-06 07:55:00+00:00,142.373,142.536,142.361,142.523,3832.05
2024-09-06 08:00:00+00:00,142.522,142.611,142.48,142.554,3059.07
2024-09-06 08:05:00+00:00,142.562,142.573,142.513,142.572,3310.05
2024-09-06 08:10:00+00:00,142.573,142.707,142.571,142.705,3590.45
2024-09-06 08:15:00+00:00,142.706,142.724,142.661,142.702,2803.68
2024-09-06 08:20:00+00:00,142.7,142.711,142.659,142.661,3677.79
2024-09-06 08:25:00+00:00,142.666,142.675,142.622,142.664,4641.53
2024-09-06 08:30:00+00:00,142.665,142.723,142.593,142.614,4287.13
2024-09-06 08:35:00+00:00,142.615,142.622,142.543,142.59,2380.81
2024-09-06 08:40:00+00:00,142.59,142.601,142.53,142.562,2365.53
2024-09-06 08:45:00+00:00,142.563,142.582,142.528,142.567,2047.56
2024-09-06 08:50:00+00:00,142.568,142.6,142.512,142.53,1349.5
2024-09-06 08:55:00+00:00,142.533,142.634,142.527,142.612,2577.54
2024-09-06 09:00:00+00:00,142.613,142.655,142.592,142.655,1083.96
2024-09-06 09:05:00+00:00,142.653,142.768,142.644,142.73,1734.37
2024-09-06 09:10:00+00:00,142.731,142.778,142.713,142.734,1239.9
2024-09-06 09:15:00+00:00,142.735,142.789,142.718,142.742,1493.4
2024-09-06 09:20:00+00:00,142.742,142.773,142.716,142.766,1941.42
2024-09-06 09:25:00+00:00,142.77,142.788,142.724,142.776,2061.9
2024-09-06 09:30:00+00:00,142.777,142.89,142.753,142.847,1681.9
2024-09-06 09:35:00+00:00,142.846,142.848,142.732,142.746,2151.31
2024-09-06 09:40:00+00:00,142.747,142.758,142.722,142.735,2357.1
2024-09-06 09:45:00+00:00,142.736,142.761,142.705,142.731,2696.08
2024-09-06 09:50:00+00:00,142.731,142.75,142.705,142.728,3374.55
2024-09-06 09:55:00+00:00,142.731,142.803,142.719,142.801,2018.43
2024-09-06 10:00:00+00:00,142.803,142.861,142.794,142.835,1909.5
2024-09-06 10:05:00+00:00,142.842,142.957,142.84,142.929,1931.11
2024-09-06 10:10:00+00:00,142.927,142.94,142.847,142.854,1891.14
2024-09-06 10:15:00+00:00,142.856,142.886,142.835,142.877,1131.15
2024-09-06 10:20:00+00:00,142.878,142.91,142.864,142.895,595.29
2024-09-06 10:25:00+00:00,142.896,142.938,142.891,142.904,1441.53
2024-09-06 10:30:00+00:00,142.907,142.921,142.844,142.858,3280.67
2024-09-06 10:35:00+00:00,142.858,142.883,142.833,142.857,1854.45
2024-09-06 10:40:00+00:00,142.857,142.877,142.829,142.831,2355.75
2024-09-06 10:45:00+00:00,142.831,142.86,142.824,142.848,2512.94
2024-09-06 10:50:00+00:00,142.847,142.876,142.801,142.835,2480.58
2024-09-06 10:55:00+00:00,142.835,142.878,142.832,142.853,1962.81
2024-09-06 11:00:00+00:00,142.853,142.875,142.846,142.848,2717.56
2024-09-06 11:05:00+00:00,142.847,142.868,142.824,142.862,1752.9
2024-09-06 11:10:00+00:00,142.862,142.908,142.861,142.878,1255.26
2024-09-06 11:15:00+00:00,142.877,142.91,142.852,142.888,1632.48
2024-09-06 11:20:00+00:00,142.89,143.005,142.884,143.003,1817.85
2024-09-06 11:25:00+00:00,143.002,143.058,142.978,143.034,2509.95
2024-09-06 11:30:00+00:00,143.034,143.071,142.99,143.019,1544.7
2024-09-06 11:35:00+00:00,143.018,143.096,143.011,143.068,2483.52
2024-09-06 11:40:00+00:00,143.067,143.087,143.02,143.048,2813.33
2024-09-06 11:45:00+00:00,143.047,143.114,143.044,143.09,2590.86
2024-09-06 11:50:00+00:00,143.09,143.126,143.078,143.108,2811.45
2024-09-06 11:55:00+00:00,143.107,143.117,143.035,143.058,3963.34
2024-09-06 12:00:00+00:00,143.061,143.164,143.049,143.123,2802.45
2024-09-06 12:05:00+00:00,143.124,143.197,143.121,143.14,4753.76
2024-09-06 12:10:00+00:00,143.14,143.189,143.135,143.138,4365.57
2024-09-06 12:15:00+00:00,143.138,143.178,143.116,143.146,3447.4
2024-09-06 12:20:00+00:00,143.146,143.179,143.125,143.147,2339.31
2024-09-06 12:25:00+00:00,143.148,143.304,143.118,143.143,2962.39
2024-09-06 12:30:00+00:00,143.139,144.041,141.986,142.341,5753.89
2024-09-06 12:35:00+00:00,142.341,142.732,142.206,142.578,4493.74
2024-09-06 12:40:00+00:00,142.576,142.633,142.34,142.414,6640.2
2024-09-06 12:45:00+00:00,142.414,142.88,142.34,142.767,7440.46
2024-09-06 12:50:00+00:00,142.767,143.119,142.742,143.062,7250.96
2024-09-06 12:55:00+00:00,143.061,143.102,142.836,142.986,4475.79
2024-09-06 13:00:00+00:00,142.987,143.021,142.794,142.843,4502.72
2024-09-06 13:05:00+00:00,142.852,143.348,142.844,143.273,6186.58
2024-09-06 13:10:00+00:00,143.274,143.349,143.15,143.181,5246.71
2024-09-06 13:15:00+00:00,143.182,143.376,143.17,143.244,6171.79
2024-09-06 13:20:00+00:00,143.247,143.304,143.106,143.17,4786.83
2024-09-06 13:25:00+00:00,143.171,143.417,143.171,143.285,5730.12
2024-09-06 13:30:00+00:00,143.29,143.48,143.263,143.444,5585.52
2024-09-06 13:35:00+00:00,143.443,143.852,143.424,143.646,6847.54
2024-09-06 13:40:00+00:00,143.646,143.757,143.465,143.746,5533.32
2024-09-06 13:45:00+00:00,143.746,143.898,143.736,143.853,5034.78
2024-09-06 13:50:00+00:00,143.853,143.871,143.625,143.688,4108.55
2024-09-06 13:55:00+00:00,143.689,143.721,143.52,143.52,3573.15
2024-09-06 14:00:00+00:00,143.519,143.542,143.312,143.356,4765.08
2024-09-06 14:05:00+00:00,143.36,143.411,143.26,143.261,3662.47
2024-09-06 14:10:00+00:00,143.26,143.26,143.055,143.132,3964.97
2024-09-06 14:15:00+00:00,143.131,143.189,142.925,142.931,3803.75
2024-09-06 14:20:00+00:00,142.926,142.935,142.675,142.676,4938.08
2024-09-06 14:25:00+00:00,142.676,142.694,142.496,142.633,4875.15
2024-09-06 14:30:00+00:00,142.636,142.797,142.54,142.589,4860.23
2024-09-06 14:35:00+00:00,142.598,142.621,142.293,142.393,5217.12
2024-09-06 14:40:00+00:00,142.39,142.458,142.21,142.248,4543.25
2024-09-06 14:45:00+00:00,142.254,142.43,142.214,142.33,4537.54
2024-09-06 14:50:00+00:00,142.328,142.486,142.316,142.388,4719.34
2024-09-06 14:55:00+00:00,142.386,142.551,142.282,142.439,5969.42
2024-09-06 15:00:00+00:00,142.437,142.46,141.762,142.355,8821.5
2024-09-06 15:05:00+00:00,142.352,142.751,142.345,142.69,7902.76
2024-09-06 15:10:00+00:00,142.685,142.685,142.192,142.23,8550.59
2024-09-06 15:15:00+00:00,142.233,142.233,141.929,141.943,8709.21
2024-09-06 15:20:00+00:00,141.943,142.209,141.924,142.049,6947.69
2024-09-06 15:25:00+00:00,142.043,142.166,141.986,142.092,6818.35
2024-09-06 15:30:00+00:00,142.095,142.478,142.093,142.385,7093.53
2024-09-06 15:35:00+00:00,142.392,142.417,142.266,142.366,6417.97
2024-09-06 15:40:00+00:00,142.361,142.389,142.156,142.157,4676.43
2024-09-06 15:45:00+00:00,142.158,142.187,141.988,142.015,4655.77
2024-09-06 15:50:00+00:00,142.011,142.234,141.958,142.207,4966.59
2024-09-06 15:55:00+00:00,142.206,142.303,142.134,142.142,5976.69
2024-09-06 16:00:00+00:00,142.142,142.42,142.077,142.367,6358.48
2024-09-06 16:05:00+00:00,142.368,142.506,142.367,142.395,3349.15
2024-09-06 16:10:00+00:00,142.395,142.475,142.303,142.473,3584.94
2024-09-06 16:15:00+00:00,142.473,142.589,142.46,142.583,3578.39
2024-09-06 16:20:00+00:00,142.584,142.623,142.549,142.609,2021.49
2024-09-06 16:25:00+00:00,142.61,142.665,142.504,142.518,3587.95
2024-09-06 16:30:00+00:00,142.517,142.609,142.451,142.595,4456.46
2024-09-06 16:35:00+00:00,142.594,142.617,142.43,142.448,2841.54
2024-09-06 16:40:00+00:00,142.441,142.575,142.403,142.541,2829.27
2024-09-06 16:45:00+00:00,142.541,142.541,142.457,142.489,2021.1
2024-09-06 16:50:00+00:00,142.489,142.509,142.415,142.429,2306.07
2024-09-06 16:55:00+00:00,142.427,142.449,142.333,142.442,3322.83
2024-09-06 17:00:00+00:00,142.444,142.69,142.437,142.644,3661.71
2024-09-06 17:05:00+00:00,142.644,142.66,142.566,142.599,3275.19
2024-09-06 17:10:00+00:00,142.602,142.611,142.528,142.535,3959.67
2024-09-06 17:15:00+00:00,142.535,142.539,142.447,142.461,4108.6
2024-09-06 17:20:00+00:00,142.46,142.465,142.408,142.441,3101.85
2024-09-06 17:25:00+00:00,142.439,142.44,142.294,142.295,1948.1
2024-09-06 17:30:00+00:00,142.295,142.334,142.266,142.313,2596.74
2024-09-06 17:35:00+00:00,142.312,142.329,142.233,142.248,2866.59
2024-09-06 17:40:00+00:00,142.252,142.347,142.236,142.32,2670.93
2024-09-06 17:45:00+00:00,142.32,142.393,142.28,142.333,2583.1
2024-09-06 17:50:00+00:00,142.334,142.498,142.331,142.492,2709.49
2024-09-06 17:55:00+00:00,142.485,142.504,142.405,142.423,3986.85
2024-09-06 18:00:00+00:00,142.426,142.481,142.416,142.463,3041.37
2024-09-06 18:05:00+00:00,142.463,142.476,142.43,142.469,2571.9
2024-09-06 18:10:00+00:00,142.47,142.476,142.412,142.427,1772.55
2024-09-06 18:15:00+00:00,142.428,142.43,142.344,142.363,2272.2
2024-09-06 18:20:00+00:00,142.364,142.382,142.314,142.355,3541.74
2024-09-06 18:25:00+00:00,142.358,142.364,142.255,142.259,2814.87
2024-09-06 18:30:00+00:00,142.257,142.332,142.243,142.327,1669.32
2024-09-06 18:35:00+00:00,142.329,142.369,142.311,142.366,2062.08
2024-09-06 18:40:00+00:00,142.37,142.388,142.317,142.375,3054.38
2024-09-06 18:45:00+00:00,142.376,142.419,142.355,142.41,2102.22
2024-09-06 18:50:00+00:00,142.41,142.434,142.361,142.384,3592.86
2024-09-06 18:55:00+00:00,142.384,142.394,142.351,142.359,3079.65
2024-09-06 19:00:00+00:00,142.357,142.424,142.357,142.408,1557.99
2024-09-06 19:05:00+00:00,142.407,142.42,142.388,142.389,922.2
2024-09-06 19:10:00+00:00,142.386,142.404,142.379,142.389,869.49
2024-09-06 19:15:00+00:00,142.387,142.434,142.385,142.409,1028.55
2024-09-06 19:20:00+00:00,142.41,142.424,142.404,142.421,839.1
2024-09-06 19:25:00+00:00,142.42,142.448,142.411,142.433,1125.09
2024-09-06 19:30:00+00:00,142.433,142.477,142.426,142.467,1258.86
2024-09-06 19:35:00+00:00,142.465,142.474,142.443,142.45,998.55
2024-09-06 19:40:00+00:00,142.45,142.453,142.429,142.432,1040.02
2024-09-06 19:45:00+00:00,142.431,142.452,142.42,142.438,1033.53
2024-09-06 19:50:00+00:00,142.438,142.452,142.411,142.43,1405.8
2024-09-06 19:55:00+00:00,142.429,142.429,142.397,142.42,1169.0
2024-09-06 20:00:00+00:00,142.416,142.437,142.353,142.36,776.16
2024-09-06 20:05:00+00:00,142.36,142.394,142.36,142.368,358.47
2024-09-06 20:10:00+00:00,142.368,142.401,142.365,142.396,1615.65
2024-09-06 20:15:00+00:00,142.397,142.398,142.365,142.369,691.5
2024-09-06 20:20:00+00:00,142.368,142.368,142.336,142.366,451.08
2024-09-06 20:25:00+00:00,142.371,142.371,142.313,142.329,825.21
2024-09-06 20:30:00+00:00,142.328,142.36,142.328,142.347,842.97
2024-09-06 20:35:00+00:00,142.343,142.343,142.281,142.295,1068.72
2024-09-06 20:40:00+00:00,142.295,142.306,142.247,142.255,839.82
2024-09-06 20:45:00+00:00,142.252,142.3,142.247,142.279,1270.35
2024-09-06 20:50:00+00:00,142.28,142.337,142.272,142.319,1490.55
2024-09-06 20:55:00+00:00,142.316,142.316,142.239,142.251,1238.25
2024-09-08 21:00:00+00:00,142.172,142.172,142.147,142.147,2.7
2024-09-08 21:05:00+00:00,142.243,142.314,142.147,142.294,34.8
2024-09-08 21:10:00+00:00,142.291,142.333,142.147,142.313,13.57
2024-09-08 21:15:00+00:00,142.313,142.321,142.149,142.182,64.35
2024-09-08 21:20:00+00:00,142.18,142.187,142.146,142.146,28.8
2024-09-08 21:25:00+00:00,142.186,142.186,142.147,142.147,3.9
2024-09-08 21:30:00+00:00,142.187,142.191,142.157,142.177,364.5
2024-09-08 21:35:00+00:00,142.175,142.184,142.145,142.154,116.7
2024-09-08 21:40:00+00:00,142.144,142.157,142.095,142.113,87.9
2024-09-08 21:45:00+00:00,142.115,142.118,142.052,142.065,180.9
2024-09-08 21:50:00+00:00,142.065,142.203,142.045,142.177,168.6
2024-09-08 21:55:00+00:00,142.182,142.252,142.062,142.1,323.46
2024-09-08 22:00:00+00:00,142.101,142.31,142.101,142.17,709.89
2024-09-08 22:05:00+00:00,142.17,142.171,141.948,141.949,708.4
2024-09-08 22:10:00+00:00,141.949,142.068,141.949,142.063,759.51
2024-09-08 22:15:00+00:00,142.064,142.163,142.064,142.14,703.63
2024-09-08 22:20:00+00:00,142.139,142.147,142.097,142.146,563.99
2024-09-08 22:25:00+00:00,142.147,142.191,142.146,142.182,266.85
2024-09-08 22:30:00+00:00,142.184,142.277,142.062,142.08,689.04
2024-09-08 22:35:00+00:00,142.076,142.193,142.063,142.168,819.18
2024-09-08 22:40:00+00:00,142.168,142.203,142.161,142.186,532.29
2024-09-08 22:45:00+00:00,142.184,142.241,142.138,142.236,545.63
2024-09-08 22:50:00+00:00,142.235,142.243,142.2,142.231,576.89
2024-09-08 22:55:00+00:00,142.231,142.262,142.133,142.146,680.11
2024-09-08 23:00:00+00:00,142.144,142.236,142.088,142.225,2088.39
2024-09-08 23:05:00+00:00,142.23,142.324,142.225,142.243,1375.89
2024-09-08 23:10:00+00:00,142.244,142.318,142.24,142.268,509.24
2024-09-08 23:15:00+00:00,142.268,142.295,142.248,142.282,1526.25
2024-09-08 23:20:00+00:00,142.281,142.379,142.275,142.35,2431.21
2024-09-08 23:25:00+00:00,142.35,142.42,142.327,142.334,1346.37
2024-09-08 23:30:00+00:00,142.335,142.342,142.283,142.306,1315.2
2024-09-08 23:35:00+00:00,142.309,142.383,142.301,142.383,1341.18
2024-09-08 23:40:00+00:00,142.385,142.442,142.356,142.385,2179.14
2024-09-08 23:45:00+00:00,142.387,142.391,142.288,142.349,1972.59
2024-09-08 23:50:00+00:00,142.348,142.473,142.334,142.47,1265.95
2024-09-08 23:55:00+00:00,142.473,142.525,142.414,142.487,4666.89
2024-09-09 00:00:00+00:00,142.487,142.572,142.465,142.514,4718.21
2024-09-09 00:05:00+00:00,142.519,142.548,142.414,142.529,3302.45
2024-09-09 00:10:00+00:00,142.523,142.64,142.508,142.519,2296.74
2024-09-09 00:15:00+00:00,142.518,142.593,142.512,142.574,2247.39
2024-09-09 00:20:00+00:00,142.573,142.683,142.524,142.676,3959.81
2024-09-09 00:25:00+00:00,142.68,142.714,142.63,142.706,3504.99
2024-09-09 00:30:00+00:00,142.705,142.727,142.606,142.638,2949.36
2024-09-09 00:35:00+00:00,142.637,142.678,142.6,142.62,2457.76
2024-09-09 00:40:00+00:00,142.619,142.644,142.578,142.634,1709.6
2024-09-09 00:45:00+00:00,142.631,142.675,142.593,142.602,1898.25
2024-09-09 00:50:00+00:00,142.601,142.722,142.536,142.709,3962.76
2024-09-09 00:55:00+00:00,142.701,142.741,142.685,142.697,2688.74
2024-09-09 01:00:00+00:00,142.699,142.798,142.657,142.727,2412.51
2024-09-09 01:05:00+00:00,142.728,142.763,142.613,142.617,1850.16
2024-09-09 01:10:00+00:00,142.617,142.688,142.615,142.672,1510.29
2024-09-09 01:15:00+00:00,142.672,142.696,142.624,142.628,1828.83
2024-09-09 01:20:00+00:00,142.625,142.781,142.617,142.729,2070.06
2024-09-09 01:25:00+00:00,142.73,142.771,142.68,142.712,1328.1
2024-09-09 01:30:00+00:00,142.71,142.881,142.696,142.701,1948.02
2024-09-09 01:35:00+00:00,142.703,142.733,142.662,142.729,2390.16
2024-09-09 01:40:00+00:00,142.728,142.843,142.704,142.841,2588.0
2024-09-09 01:45:00+00:00,142.842,142.932,142.796,142.888,3852.54
2024-09-09 01:50:00+00:00,142.888,142.974,142.871,142.962,1772.88
2024-09-09 01:55:00+00:00,142.964,142.98,142.879,142.955,1880.93
2024-09-09 02:00:00+00:00,142.956,142.989,142.838,142.858,1489.85
2024-09-09 02:05:00+00:00,142.859,142.89,142.834,142.861,782.4
2024-09-09 02:10:00+00:00,142.862,142.913,142.856,142.859,771.91
2024-09-09 02:15:00+00:00,142.866,142.903,142.83,142.831,1430.69
2024-09-09 02:20:00+00:00,142.83,142.863,142.806,142.832,1833.39
2024-09-09 02:25:00+00:00,142.83,142.856,142.778,142.786,1628.46
2024-09-09 02:30:00+00:00,142.785,142.82,142.777,142.779,2030.2
2024-09-09 02:35:00+00:00,142.778,142.783,142.7,142.714,1699.45
2024-09-09 02:40:00+00:00,142.715,142.767,142.702,142.764,1023.3
2024-09-09 02:45:00+00:00,142.76,142.831,142.74,142.808,1190.64
2024-09-09 02:50:00+00:00,142.809,142.81,142.733,142.757,1177.92
2024-09-09 02:55:00+00:00,142.758,142.839,142.746,142.817,886.74
2024-09-09 03:00:00+00:00,142.818,142.861,142.798,142.816,1619.05
2024-09-09 03:05:00+00:00,142.815,142.893,142.812,142.864,1436.74
2024-09-09 03:10:00+00:00,142.863,142.957,142.863,142.901,2494.32
2024-09-09 03:15:00+00:00,142.902,142.911,142.859,142.908,2230.8
2024-09-09 03:20:00+00:00,142.907,142.909,142.858,142.885,1894.95
2024-09-09 03:25:00+00:00,142.887,142.892,142.77,142.781,1464.45
2024-09-09 03:30:00+00:00,142.783,142.813,142.757,142.77,1651.84
2024-09-09 03:35:00+00:00,142.771,142.791,142.719,142.732,1123.98
2024-09-09 03:40:00+00:00,142.731,142.752,142.698,142.741,1040.92
2024-09-09 03:45:00+00:00,142.742,142.775,142.724,142.736,945.07
2024-09-09 03:50:00+00:00,142.737,142.737,142.637,142.665,2113.26
2024-09-09 03:55:00+00:00,142.664,142.763,142.66,142.757,1449.76
2024-09-09 04:00:00+00:00,142.758,142.81,142.753,142.761,1549.83
2024-09-09 04:05:00+00:00,142.76,142.816,142.739,142.815,856.86
2024-09-09 04:10:00+00:00,142.816,142.89,142.813,142.883,1989.0
2024-09-09 04:15:00+00:00,142.881,142.895,142.825,142.85,1610.01
2024-09-09 04:20:00+00:00,142.85,142.869,142.789,142.801,2292.15
2024-09-09 04:25:00+00:00,142.802,142.823,142.785,142.799,869.25
2024-09-09 04:30:00+00:00,142.799,142.847,142.741,142.841,1404.75
2024-09-09 04:35:00+00:00,142.84,142.852,142.8,142.846,1143.42
2024-09-09 04:40:00+00:00,142.847,142.9,142.84,142.893,1010.75
2024-09-09 04:45:00+00:00,142.895,142.995,142.886,142.98,1984.89
2024-09-09 04:50:00+00:00,142.98,143.091,142.98,143.012,2217.9
2024-09-09 04:55:00+00:00,143.013,143.03,142.934,142.973,1886.86
2024-09-09 05:00:00+00:00,142.972,142.984,142.895,142.897,1599.33
2024-09-09 05:05:00+00:00,142.897,143.027,142.882,143.025,2180.37
2024-09-09 05:10:00+00:00,143.024,143.069,143.011,143.018,2052.24
2024-09-09 05:15:00+00:00,143.019,143.029,142.94,142.977,1711.02
2024-09-09 05:20:00+00:00,142.977,142.983,142.902,142.946,1230.18
2024-09-09 05:25:00+00:00,142.947,142.977,142.902,142.912,1475.55
2024-09-09 05:30:00+00:00,142.91,142.941,142.882,142.901,1183.8
2024-09-09 05:35:00+00:00,142.9,142.927,142.881,142.913,1014.3
2024-09-09 05:40:00+00:00,142.912,142.969,142.861,142.873,1803.55
2024-09-09 05:45:00+00:00,142.873,142.874,142.773,142.814,2265.66
2024-09-09 05:50:00+00:00,142.817,142.892,142.816,142.85,1857.18
2024-09-09 05:55:00+00:00,142.853,142.914,142.802,142.911,1939.59
2024-09-09 06:00:00+00:00,142.912,142.989,142.884,142.969,5134.24
2024-09-09 06:05:00+00:00,142.968,142.987,142.821,142.827,4936.29
2024-09-09 06:10:00+00:00,142.826,142.87,142.795,142.812,3372.99
2024-09-09 06:15:00+00:00,142.81,142.852,142.807,142.81,1715.62
2024-09-09 06:20:00+00:00,142.809,142.938,142.808,142.911,2398.83
2024-09-09 06:25:00+00:00,142.912,142.998,142.91,142.945,4201.82
2024-09-09 06:30:00+00:00,142.945,142.968,142.923,142.938,4286.1
2024-09-09 06:35:00+00:00,142.938,142.942,142.848,142.873,2939.49
2024-09-09 06:40:00+00:00,142.871,142.884,142.809,142.824,1937.97
2024-09-09 06:45:00+00:00,142.824,142.875,142.796,142.851,2569.47
2024-09-09 06:50:00+00:00,142.86,142.944,142.85,142.903,3717.24
2024-09-09 06:55:00+00:00,142.904,143.055,142.891,143.002,3183.63
2024-09-09 07:00:00+00:00,143.005,143.224,143.005,143.149,5283.22
2024-09-09 07:05:00+00:00,143.149,143.251,143.116,143.217,4505.55
2024-09-09 07:10:00+00:00,143.223,143.331,143.169,143.318,4899.21
2024-09-09 07:15:00+00:00,143.318,143.358,143.25,143.253,3659.67
2024-09-09 07:20:00+00:00,143.254,143.28,143.164,143.167,4367.76
2024-09-09 07:25:00+00:00,143.168,143.251,143.149,143.22,4631.82
2024-09-09 07:30:00+00:00,143.221,143.293,143.173,143.195,4630.51
2024-09-09 07:35:00+00:00,143.192,143.242,143.135,143.152,3263.55
2024-09-09 07:40:00+00:00,143.153,143.177,143.115,143.132,2900.46
2024-09-09 07:45:00+00:00,143.133,143.141,143.061,143.106,1814.22
2024-09-09 07:50:00+00:00,143.107,143.185,143.097,143.147,1153.25
2024-09-09 07:55:00+00:00,143.147,143.177,143.099,143.158,1698.48
2024-09-09 08:00:00+00:00,143.159,143.195,143.096,143.195,2454.24
2024-09-09 08:05:00+00:00,143.194,143.226,143.151,143.198,1237.32
2024-09-09 08:10:00+00:00,143.199,143.243,143.199,143.22,1192.23
2024-09-09 08:15:00+00:00,143.219,143.274,143.18,143.26,1398.0
2024-09-09 08:20:00+00:00,143.259,143.266,143.167,143.22,2303.46
2024-09-09 08:25:00+00:00,143.222,143.301,143.222,143.301,2263.53
2024-09-09 08:30:00+00:00,143.298,143.388,143.295,143.327,2466.68
2024-09-09 08:35:00+00:00,143.329,143.366,143.301,143.336,2461.28
2024-09-09 08:40:00+00:00,143.339,143.371,143.301,143.352,2034.45
2024-09-09 08:45:00+00:00,143.353,143.411,143.33,143.386,1825.41
2024-09-09 08:50:00+00:00,143.387,143.431,143.385,143.405,2652.42
2024-09-09 08:55:00+00:00,143.404,143.413,143.348,143.38,2327.4
2024-09-09 09:00:00+00:00,143.38,143.384,143.335,143.339,3601.2
2024-09-09 09:05:00+00:00,143.34,143.349,143.264,143.293,2783.07
2024-09-09 09:10:00+00:00,143.295,143.405,143.289,143.405,1792.32
2024-09-09 09:15:00+00:00,143.405,143.464,143.405,143.452,2605.33
2024-09-09 09:20:00+00:00,143.453,143.49,143.435,143.445,1729.14
2024-09-09 09:25:00+00:00,143.447,143.488,143.414,143.474,1346.97
2024-09-09 09:30:00+00:00,143.474,143.509,143.433,143.453,2073.54
2024-09-09 09:35:00+00:00,143.454,143.556,143.435,143.55,2167.02
2024-09-09 09:40:00+00:00,143.549,143.574,143.433,143.454,3514.6
2024-09-09 09:45:00+00:00,143.455,143.485,143.413,143.467,2904.55
2024-09-09 09:50:00+00:00,143.468,143.502,143.403,143.416,2380.65
2024-09-09 09:55:00+00:00,143.416,143.488,143.402,143.486,1804.08
2024-09-09 10:00:00+00:00,143.486,143.597,143.473,143.595,1686.76
2024-09-09 10:05:00+00:00,143.595,143.641,143.572,143.612,2264.77
2024-09-09 10:10:00+00:00,143.61,143.648,143.565,143.642,1792.14
2024-09-09 10:15:00+00:00,143.638,143.659,143.614,143.645,2172.6
2024-09-09 10:20:00+00:00,143.646,143.677,143.595,143.636,710.01
2024-09-09 10:25:00+00:00,143.634,143.702,143.613,143.694,1983.83
2024-09-09 10:30:00+00:00,143.707,143.722,143.698,143.715,1900.56
2024-09-09 10:35:00+00:00,143.715,143.756,143.695,143.729,2074.54
2024-09-09 10:40:00+00:00,143.729,143.777,143.7,143.712,2914.15
2024-09-09 10:45:00+00:00,143.711,143.752,143.679,143.696,3621.81
2024-09-09 10:50:00+00:00,143.696,143.721,143.671,143.69,1634.91
2024-09-09 10:55:00+00:00,143.691,143.704,143.657,143.668,2112.33
2024-09-09 11:00:00+00:00,143.668,143.695,143.646,143.669,1739.76
2024-09-09 11:05:00+00:00,143.668,143.728,143.595,143.617,2592.4
2024-09-09 11:10:00+00:00,143.618,143.67,143.607,143.651,2704.45
2024-09-09 11:15:00+00:00,143.65,143.692,143.631,143.675,1616.31
2024-09-09 11:20:00+00:00,143.675,143.74,143.663,143.725,1168.2
2024-09-09 11:25:00+00:00,143.725,143.792,143.716,143.788,2323.57
2024-09-09 11:30:00+00:00,143.789,143.795,143.679,143.686,4153.52
2024-09-09 11:35:00+00:00,143.687,143.718,143.607,143.635,2209.72
2024-09-09 11:40:00+00:00,143.632,143.632,143.575,143.577,2190.96
2024-09-09 11:45:00+00:00,143.577,143.638,143.537,143.556,2313.09
2024-09-09 11:50:00+00:00,143.555,143.573,143.539,143.569,1626.39
2024-09-09 11:55:00+00:00,143.573,143.628,143.57,143.609,2235.96
2024-09-09 12:00:00+00:00,143.603,143.696,143.567,143.684,2635.47
2024-09-09 12:05:00+00:00,143.685,143.685,143.544,143.554,2443.48
2024-09-09 12:10:00+00:00,143.554,143.555,143.449,143.457,2033.14
2024-09-09 12:15:00+00:00,143.457,143.465,143.417,143.465,1673.76
2024-09-09 12:20:00+00:00,143.459,143.467,143.369,143.375,2012.67
2024-09-09 12:25:00+00:00,143.375,143.408,143.302,143.304,1809.84
2024-09-09 12:30:00+00:00,143.304,143.314,143.174,143.201,2994.3
2024-09-09 12:35:00+00:00,143.2,143.23,143.148,143.189,2323.86
2024-09-09 12:40:00+00:00,143.187,143.209,143.093,143.204,3065.26
2024-09-09 12:45:00+00:00,143.207,143.241,143.186,143.211,2276.04
2024-09-09 12:50:00+00:00,143.208,143.242,143.167,143.229,2408.45
2024-09-09 12:55:00+00:00,143.229,143.272,143.178,143.231,2419.86
2024-09-09 13:00:00+00:00,143.232,143.232,143.122,143.161,3123.65
2024-09-09 13:05:00+00:00,143.161,143.168,143.019,143.026,3429.36
2024-09-09 13:10:00+00:00,143.027,143.088,142.95,142.981,3925.32
2024-09-09 13:15:00+00:00,142.982,143.028,142.924,143.02,4024.78
2024-09-09 13:20:00+00:00,143.023,143.028,142.909,142.924,2688.68
2024-09-09 13:25:00+00:00,142.923,142.961,142.863,142.896,1834.29
2024-09-09 13:30:00+00:00,142.894,143.113,142.879,143.112,6162.22
2024-09-09 13:35:00+00:00,143.109,143.162,142.994,142.996,3861.69
2024-09-09 13:40:00+00:00,142.999,143.008,142.791,142.848,4907.75
2024-09-09 13:45:00+00:00,142.848,142.867,142.726,142.785,4276.35
2024-09-09 13:50:00+00:00,142.787,142.9,142.783,142.812,2859.98
2024-09-09 13:55:00+00:00,142.812,142.854,142.772,142.793,3738.08
2024-09-09 14:00:00+00:00,142.792,142.929,142.725,142.91,3284.83
2024-09-09 14:05:00+00:00,142.91,142.916,142.79,142.854,1921.62
2024-09-09 14:10:00+00:00,142.858,142.99,142.858,142.916,2760.48
2024-09-09 14:15:00+00:00,142.916,142.938,142.778,142.798,3215.21
2024-09-09 14:20:00+00:00,142.799,142.845,142.734,142.779,3821.64
2024-09-09 14:25:00+00:00,142.779,142.794,142.713,142.725,2968.65
2024-09-09 14:30:00+00:00,142.72,142.745,142.67,142.706,2478.75
2024-09-09 14:35:00+00:00,142.707,142.792,142.65,142.78,2864.49
2024-09-09 14:40:00+00:00,142.779,142.876,142.767,142.815,2275.89
2024-09-09 14:45:00+00:00,142.815,142.829,142.726,142.75,2663.38
2024-09-09 14:50:00+00:00,142.749,142.785,142.704,142.758,3245.52
2024-09-09 14:55:00+00:00,142.757,142.842,142.724,142.737,3770.86
2024-09-09 15:00:00+00:00,142.736,142.863,142.715,142.857,3574.74
2024-09-09 15:05:00+00:00,142.858,142.919,142.854,142.887,3306.03
2024-09-09 15:10:00+00:00,142.888,142.888,142.746,142.807,3743.38
2024-09-09 15:15:00+00:00,142.813,142.82,142.745,142.754,3705.0
2024-09-09 15:20:00+00:00,142.755,142.876,142.743,142.876,2757.78
2024-09-09 15:25:00+00:00,142.877,142.955,142.875,142.945,2892.96
2024-09-09 15:30:00+00:00,142.948,143.009,142.917,142.935,2929.68
2024-09-09 15:35:00+00:00,142.934,142.958,142.872,142.906,2468.0
2024-09-09 15:40:00+00:00,142.908,142.945,142.878,142.89,1925.64
2024-09-09 15:45:00+00:00,142.889,142.978,142.862,142.976,2119.65
2024-09-09 15:50:00+00:00,142.975,142.975,142.867,142.908,2928.01
2024-09-09 15:55:00+00:00,142.909,142.953,142.9,142.925,1300.77
2024-09-09 16:00:00+00:00,142.925,142.927,142.856,142.864,1765.96
2024-09-09 16:05:00+00:00,142.864,142.899,142.824,142.894,2110.66
2024-09-09 16:10:00+00:00,142.895,142.918,142.85,142.876,2225.88
2024-09-09 16:15:00+00:00,142.875,142.898,142.833,142.864,2255.25
2024-09-09 16:20:00+00:00,142.864,142.917,142.85,142.904,2249.55
2024-09-09 16:25:00+00:00,142.904,142.935,142.874,142.875,1655.52
2024-09-09 16:30:00+00:00,142.879,142.902,142.84,142.874,2018.1
2024-09-09 16:35:00+00:00,142.873,142.878,142.844,142.854,1986.15
2024-09-09 16:40:00+00:00,142.854,142.899,142.841,142.865,1467.9
2024-09-09 16:45:00+00:00,142.864,142.886,142.845,142.884,1069.5
2024-09-09 16:50:00+00:00,142.891,142.952,142.891,142.917,1114.59
2024-09-09 16:55:00+00:00,142.918,142.933,142.874,142.883,2017.95
2024-09-09 17:00:00+00:00,142.88,142.917,142.844,142.868,1280.4
2024-09-09 17:05:00+00:00,142.867,142.877,142.841,142.875,418.23
2024-09-09 17:10:00+00:00,142.876,142.888,142.817,142.823,810.63
2024-09-09 17:15:00+00:00,142.824,142.826,142.777,142.781,1910.37
2024-09-09 17:20:00+00:00,142.782,142.824,142.715,142.823,1654.05
2024-09-09 17:25:00+00:00,142.823,142.827,142.786,142.825,1174.8
2024-09-09 17:30:00+00:00,142.826,142.827,142.739,142.765,2314.86
2024-09-09 17:35:00+00:00,142.767,142.83,142.746,142.817,1565.64
2024-09-09 17:40:00+00:00,142.819,142.842,142.773,142.785,3004.11
2024-09-09 17:45:00+00:00,142.785,142.873,142.775,142.855,2076.72
2024-09-09 17:50:00+00:00,142.855,142.855,142.793,142.795,2541.26
2024-09-09 17:55:00+00:00,142.795,142.82,142.78,142.814,2648.58
2024-09-09 18:00:00+00:00,142.814,142.828,142.761,142.793,2676.6
2024-09-09 18:05:00+00:00,142.794,142.833,142.792,142.829,1403.55
2024-09-09 18:10:00+00:00,142.829,142.859,142.825,142.842,2008.8
2024-09-09 18:15:00+00:00,142.842,142.857,142.813,142.824,2543.8
2024-09-09 18:20:00+00:00,142.827,142.83,142.771,142.794,858.15
2024-09-09 18:25:00+00:00,142.795,142.843,142.794,142.828,605.7
2024-09-09 18:30:00+00:00,142.826,142.866,142.824,142.859,934.84
2024-09-09 18:35:00+00:00,142.859,142.872,142.833,142.866,1434.27
2024-09-09 18:40:00+00:00,142.866,142.895,142.864,142.875,781.29
2024-09-09 18:45:00+00:00,142.875,142.88,142.859,142.864,701.62
2024-09-09 18:50:00+00:00,142.864,142.892,142.855,142.861,1155.15
2024-09-09 18:55:00+00:00,142.86,142.892,142.799,142.807,1584.18
2024-09-09 19:00:00+00:00,142.807,142.87,142.804,142.814,1245.27
2024-09-09 19:05:00+00:00,142.814,142.839,142.779,142.838,847.56
2024-09-09 19:10:00+00:00,142.841,142.865,142.833,142.844,948.99
2024-09-09 19:15:00+00:00,142.844,142.866,142.834,142.859,552.0
2024-09-09 19:20:00+00:00,142.86,142.86,142.834,142.835,794.43
2024-09-09 19:25:00+00:00,142.833,142.882,142.833,142.879,822.0
2024-09-09 19:30:00+00:00,142.878,142.931,142.877,142.909,1360.29
2024-09-09 19:35:00+00:00,142.908,142.909,142.89,142.899,1090.65
2024-09-09 19:40:00+00:00,142.9,142.909,142.893,142.904,1699.98
2024-09-09 19:45:00+00:00,142.904,142.904,142.864,142.892,788.01
2024-09-09 19:50:00+00:00,142.891,142.926,142.884,142.901,1245.93
2024-09-09 19:55:00+00:00,142.904,142.961,142.888,142.955,1689.93
2024-09-09 20:00:00+00:00,142.953,143.001,142.948,142.988,480.6
2024-09-09 20:05:00+00:00,142.989,143.019,142.979,142.981,448.92
2024-09-09 20:10:00+00:00,142.982,142.998,142.981,142.991,636.0
2024-09-09 20:15:00+00:00,142.99,143.146,142.99,143.114,777.36
2024-09-09 20:20:00+00:00,143.113,143.114,143.068,143.082,552.03
2024-09-09 20:25:00+00:00,143.083,143.136,143.081,143.114,604.35
2024-09-09 20:30:00+00:00,143.113,143.136,143.11,143.111,674.22
2024-09-09 20:35:00+00:00,143.109,143.127,143.099,143.114,212.2
2024-09-09 20:40:00+00:00,143.115,143.134,143.106,143.129,276.13
2024-09-09 20:45:00+00:00,143.13,143.132,143.122,143.13,162.0
2024-09-09 20:50:00+00:00,143.128,143.159,143.123,143.146,593.28
2024-09-09 20:55:00+00:00,143.15,143.21,143.144,143.153,1581.06
2024-09-09 21:00:00+00:00,143.147,143.147,143.104,143.111,31.83
2024-09-09 21:05:00+00:00,143.118,143.128,143.078,143.114,27.48
2024-09-09 21:10:00+00:00,143.114,143.119,143.078,143.115,43.8
2024-09-09 21:15:00+00:00,143.113,143.113,143.097,143.098,46.8
2024-09-09 21:20:00+00:00,143.102,143.108,143.084,143.104,23.64
2024-09-09 21:25:00+00:00,143.104,143.113,143.095,143.1,25.59
2024-09-09 21:30:00+00:00,143.106,143.123,143.106,143.119,34.38
2024-09-09 21:35:00+00:00,143.119,143.135,143.119,143.135,23.4
2024-09-09 21:40:00+00:00,143.123,143.141,143.117,143.141,30.3
2024-09-09 21:45:00+00:00,143.141,143.141,143.137,143.138,22.2
2024-09-09 21:50:00+00:00,143.139,143.146,143.139,143.146,18.75
2024-09-09 21:55:00+00:00,143.146,143.146,143.117,143.124,55.5
2024-09-09 22:00:00+00:00,143.122,143.137,143.077,143.08,296.4
2024-09-09 22:05:00+00:00,143.079,143.094,142.978,142.992,634.5
2024-09-09 22:10:00+00:00,142.992,143.004,142.958,142.962,589.08
2024-09-09 22:15:00+00:00,142.961,142.974,142.906,142.908,542.61
2024-09-09 22:20:00+00:00,142.909,142.934,142.897,142.914,825.1
2024-09-09 22:25:00+00:00,142.913,142.915,142.882,142.885,572.86
2024-09-09 22:30:00+00:00,142.885,142.957,142.852,142.957,320.87
2024-09-09 22:35:00+00:00,142.954,142.987,142.927,142.967,288.09
2024-09-09 22:40:00+00:00,142.967,142.999,142.967,142.987,120.45
2024-09-09 22:45:00+00:00,142.991,142.991,142.969,142.974,101.4
2024-09-09 22:50:00+00:00,142.973,143.013,142.967,143.003,134.82
2024-09-09 22:55:00+00:00,143.004,143.051,142.994,143.039,497.41
2024-09-09 23:00:00+00:00,143.039,143.108,143.039,143.075,1206.45
2024-09-09 23:05:00+00:00,143.076,143.135,143.058,143.122,1485.33
2024-09-09 23:10:00+00:00,143.125,143.139,143.104,143.107,548.91
2024-09-09 23:15:00+00:00,143.106,143.202,143.101,143.186,357.15
2024-09-09 23:20:00+00:00,143.187,143.247,143.187,143.24,614.28
2024-09-09 23:25:00+00:00,143.238,143.25,143.177,143.248,492.85
2024-09-09 23:30:00+00:00,143.248,143.291,143.225,143.291,812.82
2024-09-09 23:35:00+00:00,143.292,143.295,143.205,143.207,678.18
2024-09-09 23:40:00+00:00,143.208,143.263,143.205,143.231,838.07
2024-09-09 23:45:00+00:00,143.23,143.272,143.202,143.25,679.11
2024-09-09 23:50:00+00:00,143.25,143.27,143.21,143.217,508.26
2024-09-09 23:55:00+00:00,143.214,143.231,143.149,143.181,626.85
2024-09-10 00:00:00+00:00,143.18,143.219,143.113,143.157,2572.98
2024-09-10 00:05:00+00:00,143.159,143.354,143.154,143.346,2909.48
2024-09-10 00:10:00+00:00,143.35,143.361,143.208,143.215,2786.63
2024-09-10 00:15:00+00:00,143.214,143.222,143.155,143.222,2551.51
2024-09-10 00:20:00+00:00,143.223,143.302,143.206,143.3,1946.86
2024-09-10 00:25:00+00:00,143.298,143.329,143.275,143.291,2277.27
2024-09-10 00:30:00+00:00,143.29,143.333,143.268,143.272,2435.46
2024-09-10 00:35:00+00:00,143.272,143.367,143.218,143.342,2904.51
2024-09-10 00:40:00+00:00,143.341,143.341,143.244,143.298,2446.36
2024-09-10 00:45:00+00:00,143.296,143.386,143.294,143.385,2215.21
2024-09-10 00:50:00+00:00,143.383,143.487,143.375,143.466,3914.01
2024-09-10 00:55:00+00:00,143.466,143.467,143.384,143.465,2221.79
2024-09-10 01:00:00+00:00,143.466,143.493,143.404,143.423,1863.36
2024-09-10 01:05:00+00:00,143.422,143.447,143.379,143.395,1260.06
2024-09-10 01:10:00+00:00,143.395,143.435,143.376,143.404,1747.89
2024-09-10 01:15:00+00:00,143.402,143.416,143.353,143.407,1151.65
2024-09-10 01:20:00+00:00,143.407,143.496,143.382,143.492,1375.73
2024-09-10 01:25:00+00:00,143.492,143.513,143.439,143.477,1837.41
2024-09-10 01:30:00+00:00,143.475,143.476,143.413,143.446,1595.55
2024-09-10 01:35:00+00:00,143.444,143.543,143.431,143.505,2335.25
2024-09-10 01:40:00+00:00,143.504,143.51,143.449,143.483,1477.27
2024-09-10 01:45:00+00:00,143.482,143.482,143.427,143.444,1305.03
2024-09-10 01:50:00+00:00,143.442,143.514,143.434,143.496,1069.35
2024-09-10 01:55:00+00:00,143.495,143.495,143.406,143.422,1277.1
2024-09-10 02:00:00+00:00,143.417,143.417,143.286,143.297,1584.88
2024-09-10 02:05:00+00:00,143.297,143.386,143.28,143.382,1398.57
2024-09-10 02:10:00+00:00,143.384,143.384,143.301,143.31,953.0
2024-09-10 02:15:00+00:00,143.308,143.342,143.277,143.311,1517.71
2024-09-10 02:20:00+00:00,143.31,143.31,143.216,143.23,1659.09
2024-09-10 02:25:00+00:00,143.231,143.261,143.189,143.245,1511.28
2024-09-10 02:30:00+00:00,143.244,143.273,143.205,143.264,1354.35
2024-09-10 02:35:00+00:00,143.262,143.323,143.261,143.316,1165.95
2024-09-10 02:40:00+00:00,143.325,143.329,143.27,143.313,409.53
2024-09-10 02:45:00+00:00,143.311,143.366,143.31,143.346,480.84
2024-09-10 02:50:00+00:00,143.344,143.363,143.333,143.342,714.88
2024-09-10 02:55:00+00:00,143.342,143.431,143.332,143.401,2052.63
2024-09-10 03:00:00+00:00,143.4,143.426,143.341,143.342,2507.43
2024-09-10 03:05:00+00:00,143.341,143.377,143.335,143.349,1546.9
2024-09-10 03:10:00+00:00,143.353,143.36,143.318,143.327,2155.52
2024-09-10 03:15:00+00:00,143.325,143.344,143.252,143.293,2182.92
2024-09-10 03:20:00+00:00,143.294,143.313,143.261,143.299,1182.27
2024-09-10 03:25:00+00:00,143.298,143.332,143.293,143.329,1458.84
2024-09-10 03:30:00+00:00,143.329,143.361,143.283,143.285,659.61
2024-09-10 03:35:00+00:00,143.283,143.298,143.234,143.26,578.61
2024-09-10 03:40:00+00:00,143.259,143.264,143.195,143.212,707.79
2024-09-10 03:45:00+00:00,143.209,143.263,143.177,143.187,1091.67
2024-09-10 03:50:00+00:00,143.184,143.244,143.176,143.178,1082.7
2024-09-10 03:55:00+00:00,143.176,143.247,143.173,143.235,771.57
2024-09-10 04:00:00+00:00,143.237,143.239,143.199,143.217,304.07
2024-09-10 04:05:00+00:00,143.217,143.251,143.206,143.247,361.44
2024-09-10 04:10:00+00:00,143.246,143.264,143.231,143.252,463.14
2024-09-10 04:15:00+00:00,143.254,143.28,143.246,143.268,696.57
2024-09-10 04:20:00+00:00,143.267,143.273,143.23,143.253,452.55
2024-09-10 04:25:00+00:00,143.252,143.261,143.178,143.179,617.34
2024-09-10 04:30:00+00:00,143.179,143.2,143.157,143.186,1513.71
2024-09-10 04:35:00+00:00,143.185,143.185,143.119,143.139,961.12
2024-09-10 04:40:00+00:00,143.138,143.163,143.122,143.127,762.81
2024-09-10 04:45:00+00:00,143.127,143.131,143.082,143.111,1388.7
2024-09-10 04:50:00+00:00,143.111,143.132,143.08,143.081,598.05
2024-09-10 04:55:00+00:00,143.083,143.092,143.052,143.08,1082.88
2024-09-10 05:00:00+00:00,143.08,143.171,143.07,143.163,1159.83
2024-09-10 05:05:00+00:00,143.165,143.186,143.146,143.157,824.73
2024-09-10 05:10:00+00:00,143.157,143.183,143.092,143.106,1404.99
2024-09-10 05:15:00+00:00,143.106,143.106,143.063,143.084,1421.17
2024-09-10 05:20:00+00:00,143.083,143.099,143.062,143.093,1108.32
2024-09-10 05:25:00+00:00,143.093,143.127,143.067,143.12,775.68
2024-09-10 05:30:00+00:00,143.126,143.135,143.04,143.044,811.68
2024-09-10 05:35:00+00:00,143.044,143.068,143.031,143.06,1061.34
2024-09-10 05:40:00+00:00,143.06,143.134,143.052,143.091,853.14
2024-09-10 05:45:00+00:00,143.091,143.102,143.061,143.078,921.09
2024-09-10 05:50:00+00:00,143.078,143.169,143.065,143.149,1044.72
2024-09-10 05:55:00+00:00,143.148,143.183,143.146,143.155,992.51
2024-09-10 06:00:00+00:00,143.154,143.184,143.1,143.174,1814.68
2024-09-10 06:05:00+00:00,143.176,143.187,143.133,143.164,1764.3
2024-09-10 06:10:00+00:00,143.165,143.19,143.092,143.095,1038.37
2024-09-10 06:15:00+00:00,143.095,143.159,143.093,143.152,970.65
2024-09-10 06:20:00+00:00,143.153,143.244,143.152,143.226,2835.07
2024-09-10 06:25:00+00:00,143.225,143.284,143.219,143.251,1766.69
2024-09-10 06:30:00+00:00,143.252,143.315,143.237,143.31,1813.44
2024-09-10 06:35:00+00:00,143.312,143.349,143.286,143.337,2467.86
2024-09-10 06:40:00+00:00,143.339,143.406,143.325,143.357,2860.32
2024-09-10 06:45:00+00:00,143.357,143.424,143.332,143.415,2439.18
2024-09-10 06:50:00+00:00,143.415,143.453,143.379,143.381,1608.9
2024-09-10 06:55:00+00:00,143.382,143.437,143.38,143.399,2688.93
2024-09-10 07:00:00+00:00,143.397,143.425,143.337,143.41,4083.56
2024-09-10 07:05:00+00:00,143.412,143.445,143.348,143.35,4208.58
2024-09-10 07:10:00+00:00,143.35,143.547,143.343,143.521,3396.24
2024-09-10 07:15:00+00:00,143.519,143.54,143.417,143.429,3135.27
2024-09-10 07:20:00+00:00,143.43,143.494,143.413,143.448,2715.6
2024-09-10 07:25:00+00:00,143.449,143.483,143.414,143.416,1826.25
2024-09-10 07:30:00+00:00,143.421,143.491,143.41,143.41,2780.58
2024-09-10 07:35:00+00:00,143.408,143.526,143.399,143.5,2450.22
2024-09-10 07:40:00+00:00,143.498,143.546,143.487,143.5,3206.79
2024-09-10 07:45:00+00:00,143.504,143.515,143.433,143.464,2476.83
2024-09-10 07:50:00+00:00,143.462,143.517,143.46,143.493,1523.4
2024-09-10 07:55:00+00:00,143.493,143.614,143.484,143.602,3200.52
2024-09-10 08:00:00+00:00,143.61,143.667,143.589,143.602,3020.28
2024-09-10 08:05:00+00:00,143.604,143.61,143.517,143.539,3402.31
2024-09-10 08:10:00+00:00,143.539,143.582,143.53,143.554,2571.15
2024-09-10 08:15:00+00:00,143.554,143.708,143.53,143.655,2770.19
2024-09-10 08:20:00+00:00,143.655,143.659,143.564,143.649,2856.1
2024-09-10 08:25:00+00:00,143.652,143.688,143.599,143.66,2791.03
2024-09-10 08:30:00+00:00,143.663,143.666,143.578,143.602,2516.58
2024-09-10 08:35:00+00:00,143.6,143.6,143.484,143.505,3167.55
2024-09-10 08:40:00+00:00,143.508,143.532,143.46,143.48,2497.71
2024-09-10 08:45:00+00:00,143.483,143.544,143.482,143.516,2171.25
2024-09-10 08:50:00+00:00,143.516,143.516,143.439,143.458,2370.45
2024-09-10 08:55:00+00:00,143.459,143.515,143.459,143.51,2677.8
2024-09-10 09:00:00+00:00,143.512,143.519,143.374,143.408,3195.24
2024-09-10 09:05:00+00:00,143.407,143.438,143.308,143.308,3114.36
2024-09-10 09:10:00+00:00,143.307,143.319,143.281,143.3,1461.9
2024-09-10 09:15:00+00:00,143.299,143.318,143.266,143.305,1720.95
2024-09-10 09:20:00+00:00,143.303,143.305,143.266,143.28,1387.13
2024-09-10 09:25:00+00:00,143.28,143.295,143.264,143.277,1548.9
2024-09-10 09:30:00+00:00,143.276,143.306,143.177,143.185,1409.36
2024-09-10 09:35:00+00:00,143.184,143.253,143.18,143.25,1987.44
2024-09-10 09:40:00+00:00,143.25,143.268,143.239,143.243,1486.86
2024-09-10 09:45:00+00:00,143.244,143.244,143.191,143.225,2043.21
2024-09-10 09:50:00+00:00,143.225,143.23,143.183,143.221,1146.96
2024-09-10 09:55:00+00:00,143.223,143.234,143.153,143.161,2315.1
2024-09-10 10:00:00+00:00,143.163,143.183,143.134,143.144,2032.17
2024-09-10 10:05:00+00:00,143.146,143.17,143.087,143.123,1768.8
2024-09-10 10:10:00+00:00,143.121,143.129,143.011,143.048,2648.4
2024-09-10 10:15:00+00:00,143.047,143.099,143.027,143.084,1666.05
2024-09-10 10:20:00+00:00,143.085,143.1,143.041,143.099,1022.85
2024-09-10 10:25:00+00:00,143.1,143.15,143.098,143.145,1944.12
2024-09-10 10:30:00+00:00,143.145,143.192,143.135,143.188,2839.68
2024-09-10 10:35:00+00:00,143.186,143.203,143.161,143.202,1573.74
2024-09-10 10:40:00+00:00,143.201,143.212,143.161,143.167,1406.49
2024-09-10 10:45:00+00:00,143.164,143.17,143.105,143.106,1472.4
2024-09-10 10:50:00+00:00,143.104,143.125,143.066,143.074,2182.68
2024-09-10 10:55:00+00:00,143.072,143.072,142.948,143.039,3464.25
2024-09-10 11:00:00+00:00,143.04,143.113,143.04,143.074,2460.42
2024-09-10 11:05:00+00:00,143.076,143.13,143.038,143.11,1961.32
2024-09-10 11:10:00+00:00,143.111,143.138,143.05,143.079,3079.89
2024-09-10 11:15:00+00:00,143.081,143.155,143.075,143.14,2707.35
2024-09-10 11:20:00+00:00,143.141,143.171,143.133,143.162,1929.01
2024-09-10 11:25:00+00:00,143.163,143.188,143.139,143.163,1788.9
2024-09-10 11:30:00+00:00,143.162,143.166,143.035,143.038,2227.05
2024-09-10 11:35:00+00:00,143.037,143.059,142.994,143.05,1790.32
2024-09-10 11:40:00+00:00,143.05,143.071,143.004,143.022,1739.62
2024-09-10 11:45:00+00:00,143.025,143.121,143.024,143.12,1673.32
2024-09-10 11:50:00+00:00,143.122,143.174,143.09,143.12,1373.96
2024-09-10 11:55:00+00:00,143.118,143.15,143.097,143.126,1214.59
2024-09-10 12:00:00+00:00,143.124,143.189,143.119,143.128,1310.28
2024-09-10 12:05:00+00:00,143.128,143.132,143.053,143.059,1008.72
2024-09-10 12:10:00+00:00,143.058,143.092,143.038,143.046,1260.92
2024-09-10 12:15:00+00:00,143.046,143.074,143.008,143.061,759.14
2024-09-10 12:20:00+00:00,143.06,143.06,142.935,142.953,1377.71
2024-09-10 12:25:00+00:00,142.952,142.977,142.901,142.96,1185.61
2024-09-10 12:30:00+00:00,142.959,142.962,142.763,142.781,2001.86
2024-09-10 12:35:00+00:00,142.78,142.897,142.773,142.874,1817.6
2024-09-10 12:40:00+00:00,142.873,142.897,142.792,142.794,1171.56
2024-09-10 12:45:00+00:00,142.793,142.883,142.753,142.798,1286.55
2024-09-10 12:50:00+00:00,142.798,142.916,142.797,142.879,1620.05
2024-09-10 12:55:00+00:00,142.879,142.897,142.801,142.861,1485.02
2024-09-10 13:00:00+00:00,142.863,142.918,142.827,142.897,1907.08
2024-09-10 13:05:00+00:00,142.897,142.979,142.866,142.939,1088.09
2024-09-10 13:10:00+00:00,142.938,142.995,142.894,142.995,2195.23
2024-09-10 13:15:00+00:00,142.993,143.033,142.983,143.014,1568.51
2024-09-10 13:20:00+00:00,143.016,143.052,143.009,143.051,1002.21
2024-09-10 13:25:00+00:00,143.049,143.098,143.042,143.078,879.13
2024-09-10 13:30:00+00:00,143.078,143.11,142.977,142.991,1569.74
2024-09-10 13:35:00+00:00,142.992,143.068,142.944,142.944,1837.25
2024-09-10 13:40:00+00:00,142.944,143.011,142.931,142.977,2132.94
2024-09-10 13:45:00+00:00,142.975,143.051,142.944,143.05,1712.8
2024-09-10 13:50:00+00:00,143.049,143.065,143.021,143.029,1490.78
2024-09-10 13:55:00+00:00,143.027,143.046,142.941,143.005,1970.62
2024-09-10 14:00:00+00:00,143.007,143.047,142.964,142.986,1886.72
2024-09-10 14:05:00+00:00,142.983,142.99,142.813,142.928,2071.02
2024-09-10 14:10:00+00:00,142.923,142.93,142.618,142.624,2953.55
2024-09-10 14:15:00+00:00,142.628,142.666,142.534,142.572,2415.0
2024-09-10 14:20:00+00:00,142.574,142.633,142.53,142.551,2291.66
2024-09-10 14:25:00+00:00,142.552,142.699,142.532,142.691,2825.02
2024-09-10 14:30:00+00:00,142.691,142.738,142.569,142.579,4303.0
2024-09-10 14:35:00+00:00,142.581,142.65,142.557,142.627,3026.94
2024-09-10 14:40:00+00:00,142.627,142.695,142.627,142.683,2012.31
2024-09-10 14:45:00+00:00,142.688,142.742,142.665,142.724,3184.38
2024-09-10 14:50:00+00:00,142.724,142.734,142.57,142.643,4195.02
2024-09-10 14:55:00+00:00,142.648,142.72,142.643,142.717,1829.12
2024-09-10 15:00:00+00:00,142.716,142.73,142.659,142.682,2658.11
2024-09-10 15:05:00+00:00,142.679,142.716,142.641,142.671,2071.61
2024-09-10 15:10:00+00:00,142.672,142.687,142.566,142.601,1595.51
2024-09-10 15:15:00+00:00,142.601,142.634,142.556,142.629,2037.09
2024-09-10 15:20:00+00:00,142.63,142.665,142.61,142.617,1769.24
2024-09-10 15:25:00+00:00,142.619,142.645,142.576,142.581,1792.34
2024-09-10 15:30:00+00:00,142.583,142.661,142.57,142.581,2446.58
2024-09-10 15:35:00+00:00,142.581,142.591,142.523,142.561,2739.9
2024-09-10 15:40:00+00:00,142.564,142.566,142.449,142.453,3571.14
2024-09-10 15:45:00+00:00,142.451,142.454,142.361,142.427,2923.02
2024-09-10 15:50:00+00:00,142.427,142.436,142.339,142.357,3768.66
2024-09-10 15:55:00+00:00,142.354,142.389,142.258,142.287,2992.83
2024-09-10 16:00:00+00:00,142.286,142.322,142.192,142.315,3305.86
2024-09-10 16:05:00+00:00,142.315,142.357,142.306,142.327,2718.82
2024-09-10 16:10:00+00:00,142.327,142.345,142.295,142.33,2772.2
2024-09-10 16:15:00+00:00,142.33,142.392,142.329,142.382,2620.17
2024-09-10 16:20:00+00:00,142.383,142.404,142.346,142.348,2047.77
2024-09-10 16:25:00+00:00,142.348,142.358,142.322,142.322,813.42
2024-09-10 16:30:00+00:00,142.322,142.396,142.319,142.383,1537.06
2024-09-10 16:35:00+00:00,142.386,142.407,142.372,142.389,1284.57
2024-09-10 16:40:00+00:00,142.388,142.438,142.385,142.438,1599.3
2024-09-10 16:45:00+00:00,142.438,142.452,142.425,142.441,1429.14
2024-09-10 16:50:00+00:00,142.442,142.454,142.409,142.451,1197.0
2024-09-10 16:55:00+00:00,142.459,142.473,142.442,142.461,1030.0
2024-09-10 17:00:00+00:00,142.461,142.478,142.417,142.451,2240.12
2024-09-10 17:05:00+00:00,142.453,142.47,142.416,142.459,1325.88
2024-09-10 17:10:00+00:00,142.46,142.563,142.46,142.558,2033.04
2024-09-10 17:15:00+00:00,142.557,142.568,142.499,142.511,1898.97
2024-09-10 17:20:00+00:00,142.512,142.512,142.414,142.454,2014.95
2024-09-10 17:25:00+00:00,142.453,142.454,142.388,142.389,1698.87
2024-09-10 17:30:00+00:00,142.389,142.39,142.345,142.347,880.35
2024-09-10 17:35:00+00:00,142.346,142.379,142.325,142.347,946.02
2024-09-10 17:40:00+00:00,142.346,142.385,142.336,142.376,1062.87
2024-09-10 17:45:00+00:00,142.377,142.403,142.352,142.361,1767.9
2024-09-10 17:50:00+00:00,142.36,142.376,142.342,142.365,1966.83
2024-09-10 17:55:00+00:00,142.362,142.394,142.344,142.393,1947.21
2024-09-10 18:00:00+00:00,142.394,142.46,142.378,142.401,2835.96
2024-09-10 18:05:00+00:00,142.399,142.403,142.373,142.375,804.37
2024-09-10 18:10:00+00:00,142.375,142.382,142.268,142.274,2171.82
2024-09-10 18:15:00+00:00,142.274,142.289,142.224,142.235,1780.01
2024-09-10 18:20:00+00:00,142.234,142.257,142.226,142.246,2764.74
2024-09-10 18:25:00+00:00,142.248,142.3,142.244,142.286,1568.07
2024-09-10 18:30:00+00:00,142.285,142.337,142.273,142.297,1348.98
2024-09-10 18:35:00+00:00,142.296,142.329,142.294,142.297,1557.84
2024-09-10 18:40:00+00:00,142.298,142.32,142.296,142.307,1943.82
2024-09-10 18:45:00+00:00,142.308,142.347,142.285,142.34,1561.43
2024-09-10 18:50:00+00:00,142.339,142.364,142.323,142.351,1033.44
2024-09-10 18:55:00+00:00,142.349,142.393,142.34,142.346,2067.0
2024-09-10 19:00:00+00:00,142.347,142.388,142.346,142.378,1006.92
2024-09-10 19:05:00+00:00,142.377,142.381,142.318,142.325,1818.9
2024-09-10 19:10:00+00:00,142.322,142.36,142.319,142.343,1375.08
2024-09-10 19:15:00+00:00,142.344,142.368,142.333,142.359,1187.16
2024-09-10 19:20:00+00:00,142.36,142.385,142.316,142.326,1298.25
2024-09-10 19:25:00+00:00,142.326,142.341,142.323,142.336,1191.09
2024-09-10 19:30:00+00:00,142.337,142.382,142.333,142.371,1194.36
2024-09-10 19:35:00+00:00,142.371,142.371,142.347,142.352,535.44
2024-09-10 19:40:00+00:00,142.353,142.354,142.316,142.33,1206.48
2024-09-10 19:45:00+00:00,142.329,142.351,142.322,142.349,1630.68
2024-09-10 19:50:00+00:00,142.349,142.35,142.322,142.331,2263.44
2024-09-10 19:55:00+00:00,142.331,142.338,142.29,142.308,1334.13
2024-09-10 20:00:00+00:00,142.308,142.349,142.299,142.314,933.96
2024-09-10 20:05:00+00:00,142.317,142.359,142.317,142.352,781.53
2024-09-10 20:10:00+00:00,142.352,142.371,142.343,142.366,1249.65
2024-09-10 20:15:00+00:00,142.366,142.372,142.356,142.357,1395.33
2024-09-10 20:20:00+00:00,142.357,142.358,142.325,142.345,717.31
2024-09-10 20:25:00+00:00,142.345,142.356,142.325,142.347,513.24
2024-09-10 20:30:00+00:00,142.348,142.413,142.347,142.391,595.74
2024-09-10 20:35:00+00:00,142.391,142.461,142.39,142.426,687.96
2024-09-10 20:40:00+00:00,142.43,142.469,142.428,142.434,592.02
2024-09-10 20:45:00+00:00,142.433,142.487,142.411,142.461,1183.35
2024-09-10 20:50:00+00:00,142.463,142.48,142.408,142.48,743.04
2024-09-10 20:55:00+00:00,142.477,142.489,142.421,142.422,1817.1
2024-09-10 21:00:00+00:00,142.401,142.401,142.351,142.351,11.25
2024-09-10 21:05:00+00:00,142.341,142.379,142.332,142.353,38.85
2024-09-10 21:10:00+00:00,142.343,142.369,142.323,142.366,56.52
2024-09-10 21:15:00+00:00,142.364,142.388,142.277,142.299,30.21
2024-09-10 21:20:00+00:00,142.309,142.314,142.308,142.308,31.29
2024-09-10 21:25:00+00:00,142.344,142.354,142.344,142.354,6.12
2024-09-10 21:30:00+00:00,142.354,142.407,142.353,142.4,55.5
2024-09-10 21:35:00+00:00,142.4,142.415,142.399,142.415,31.65
2024-09-10 21:40:00+00:00,142.415,142.415,142.406,142.409,8.4
2024-09-10 21:45:00+00:00,142.408,142.416,142.408,142.415,19.32
2024-09-10 21:50:00+00:00,142.41,142.415,142.407,142.41,20.64
2024-09-10 21:55:00+00:00,142.405,142.415,142.405,142.414,12.9
2024-09-10 22:00:00+00:00,142.413,142.418,142.36,142.361,306.33
2024-09-10 22:05:00+00:00,142.361,142.364,142.336,142.349,227.89
2024-09-10 22:10:00+00:00,142.349,142.389,142.348,142.389,75.3
2024-09-10 22:15:00+00:00,142.39,142.428,142.39,142.404,100.05
2024-09-10 22:20:00+00:00,142.395,142.397,142.373,142.376,85.05
2024-09-10 22:25:00+00:00,142.374,142.443,142.359,142.419,219.3
2024-09-10 22:30:00+00:00,142.417,142.44,142.397,142.399,197.7
2024-09-10 22:35:00+00:00,142.398,142.427,142.383,142.407,187.59
2024-09-10 22:40:00+00:00,142.407,142.419,142.386,142.41,263.19
2024-09-10 22:45:00+00:00,142.41,142.425,142.399,142.417,194.85
2024-09-10 22:50:00+00:00,142.415,142.465,142.404,142.465,171.0
2024-09-10 22:55:00+00:00,142.462,142.472,142.435,142.447,154.72
2024-09-10 23:00:00+00:00,142.445,142.453,142.426,142.428,349.62
2024-09-10 23:05:00+00:00,142.429,142.467,142.429,142.435,224.4
2024-09-10 23:10:00+00:00,142.434,142.434,142.353,142.353,234.93
2024-09-10 23:15:00+00:00,142.35,142.35,142.273,142.303,751.89
2024-09-10 23:20:00+00:00,142.299,142.299,142.228,142.283,507.29
2024-09-10 23:25:00+00:00,142.284,142.307,142.258,142.288,389.52
2024-09-10 23:30:00+00:00,142.286,142.306,142.243,142.251,840.12
2024-09-10 23:35:00+00:00,142.251,142.297,142.244,142.283,493.68
2024-09-10 23:40:00+00:00,142.283,142.35,142.278,142.35,500.86
2024-09-10 23:45:00+00:00,142.35,142.361,142.313,142.316,573.78
2024-09-10 23:50:00+00:00,142.321,142.342,142.294,142.299,610.41
2024-09-10 23:55:00+00:00,142.299,142.314,142.209,142.229,925.98
2024-09-11 00:00:00+00:00,142.231,142.25,142.123,142.143,3231.47
2024-09-11 00:05:00+00:00,142.143,142.211,142.115,142.191,1832.42
2024-09-11 00:10:00+00:00,142.19,142.201,142.052,142.067,2173.49
2024-09-11 00:15:00+00:00,142.068,142.084,142.044,142.077,2023.83
2024-09-11 00:20:00+00:00,142.078,142.144,142.046,142.072,2074.95
2024-09-11 00:25:00+00:00,142.074,142.084,142.019,142.066,2022.39
2024-09-11 00:30:00+00:00,142.067,142.156,142.065,142.139,1783.51
2024-09-11 00:35:00+00:00,142.14,142.211,142.13,142.168,1560.37
2024-09-11 00:40:00+00:00,142.169,142.176,142.068,142.075,1390.57
2024-09-11 00:45:00+00:00,142.077,142.199,142.077,142.198,1192.42
2024-09-11 00:50:00+00:00,142.196,142.248,142.053,142.094,3121.02
2024-09-11 00:55:00+00:00,142.093,142.293,142.072,142.286,2828.73
2024-09-11 01:00:00+00:00,142.288,142.338,142.23,142.331,1380.15
2024-09-11 01:05:00+00:00,142.337,142.355,142.3,142.303,1973.94
2024-09-11 01:10:00+00:00,142.304,142.326,142.259,142.325,1115.88
2024-09-11 01:15:00+00:00,142.324,142.387,142.294,142.373,1742.73
2024-09-11 01:20:00+00:00,142.372,142.425,142.339,142.36,1847.37
2024-09-11 01:25:00+00:00,142.361,142.373,142.222,142.258,2064.48
2024-09-11 01:30:00+00:00,142.259,142.261,141.747,141.75,4896.37
2024-09-11 01:35:00+00:00,141.748,141.858,141.51,141.581,4608.92
2024-09-11 01:40:00+00:00,141.582,142.014,141.498,141.943,5218.1
2024-09-11 01:45:00+00:00,141.942,142.003,141.769,141.829,2865.63
2024-09-11 01:50:00+00:00,141.828,141.947,141.796,141.937,2802.15
2024-09-11 01:55:00+00:00,141.936,141.939,141.789,141.828,2542.26
2024-09-11 02:00:00+00:00,141.829,141.847,141.62,141.677,4167.63
2024-09-11 02:05:00+00:00,141.677,141.743,141.608,141.72,3249.95
2024-09-11 02:10:00+00:00,141.722,141.829,141.666,141.766,2461.02
2024-09-11 02:15:00+00:00,141.766,141.788,141.643,141.713,2923.35
2024-09-11 02:20:00+00:00,141.713,141.767,141.695,141.758,2334.43
2024-09-11 02:25:00+00:00,141.757,141.775,141.652,141.653,1041.21
2024-09-11 02:30:00+00:00,141.657,141.663,141.558,141.626,2027.19
2024-09-11 02:35:00+00:00,141.627,141.728,141.588,141.706,1499.97
2024-09-11 02:40:00+00:00,141.71,141.9,141.681,141.844,1291.39
2024-09-11 02:45:00+00:00,141.844,141.879,141.813,141.836,1245.5
2024-09-11 02:50:00+00:00,141.835,141.852,141.727,141.772,1388.55
2024-09-11 02:55:00+00:00,141.778,141.837,141.758,141.832,1478.6
2024-09-11 03:00:00+00:00,141.83,141.959,141.82,141.923,1498.95
2024-09-11 03:05:00+00:00,141.925,141.928,141.783,141.788,1627.77
2024-09-11 03:10:00+00:00,141.788,141.788,141.675,141.682,1566.24
2024-09-11 03:15:00+00:00,141.682,141.692,141.596,141.658,1630.06
2024-09-11 03:20:00+00:00,141.66,141.715,141.628,141.637,829.68
2024-09-11 03:25:00+00:00,141.638,141.638,141.522,141.585,1796.12
2024-09-11 03:30:00+00:00,141.587,141.634,141.297,141.353,2685.97
2024-09-11 03:35:00+00:00,141.357,141.449,141.341,141.384,1582.69
2024-09-11 03:40:00+00:00,141.39,141.405,141.255,141.312,1763.23
2024-09-11 03:45:00+00:00,141.316,141.415,141.312,141.372,1187.58
2024-09-11 03:50:00+00:00,141.372,141.411,141.324,141.383,1143.94
2024-09-11 03:55:00+00:00,141.389,141.454,141.389,141.396,1016.24
2024-09-11 04:00:00+00:00,141.396,141.397,141.295,141.342,1895.25
2024-09-11 04:05:00+00:00,141.342,141.362,141.138,141.182,2434.64
2024-09-11 04:10:00+00:00,141.181,141.21,141.046,141.085,1575.05
2024-09-11 04:15:00+00:00,141.085,141.132,141.047,141.1,1295.14
2024-09-11 04:20:00+00:00,141.098,141.169,140.889,141.116,2455.46
2024-09-11 04:25:00+00:00,141.115,141.205,141.111,141.196,1951.74
2024-09-11 04:30:00+00:00,141.201,141.203,140.97,140.979,2932.77
2024-09-11 04:35:00+00:00,140.975,141.073,140.927,141.053,2624.6
2024-09-11 04:40:00+00:00,141.053,141.082,140.979,141.034,2408.61
2024-09-11 04:45:00+00:00,141.038,141.095,140.918,141.021,2822.91
2024-09-11 04:50:00+00:00,141.027,141.062,140.946,141.04,2599.8
2024-09-11 04:55:00+00:00,141.042,141.118,141.027,141.09,2369.76
2024-09-11 05:00:00+00:00,141.088,141.096,140.943,140.964,2137.13
2024-09-11 05:05:00+00:00,140.966,141.013,140.87,141.012,2518.1
2024-09-11 05:10:00+00:00,141.012,141.046,140.901,140.929,2828.36
2024-09-11 05:15:00+00:00,140.931,140.938,140.829,140.881,2556.27
2024-09-11 05:20:00+00:00,140.88,140.899,140.707,140.731,3395.28
2024-09-11 05:25:00+00:00,140.733,140.801,140.714,140.793,3129.0
2024-09-11 05:30:00+00:00,140.794,140.978,140.794,140.95,2980.85
2024-09-11 05:35:00+00:00,140.951,141.041,140.949,140.972,2307.42
2024-09-11 05:40:00+00:00,140.97,141.183,140.968,141.174,2663.4
2024-09-11 05:45:00+00:00,141.175,141.245,141.143,141.242,3106.8
2024-09-11 05:50:00+00:00,141.242,141.256,141.15,141.162,2028.86
2024-09-11 05:55:00+00:00,141.163,141.293,141.133,141.282,2487.63
2024-09-11 06:00:00+00:00,141.287,141.296,141.146,141.195,3768.8
2024-09-11 06:05:00+00:00,141.194,141.339,141.192,141.324,2512.8
2024-09-11 06:10:00+00:00,141.324,141.342,141.199,141.26,2525.52
2024-09-11 06:15:00+00:00,141.26,141.342,141.246,141.269,2230.13
2024-09-11 06:20:00+00:00,141.269,141.361,141.268,141.337,2534.25
2024-09-11 06:25:00+00:00,141.337,141.396,141.296,141.369,2163.37
2024-09-11 06:30:00+00:00,141.37,141.451,141.368,141.415,1681.38
2024-09-11 06:35:00+00:00,141.416,141.426,141.353,141.367,2341.8
2024-09-11 06:40:00+00:00,141.367,141.434,141.355,141.427,2818.78
2024-09-11 06:45:00+00:00,141.425,141.438,141.334,141.336,2041.59
2024-09-11 06:50:00+00:00,141.339,141.434,141.324,141.387,3504.45
2024-09-11 06:55:00+00:00,141.388,141.423,141.37,141.374,3830.75
2024-09-11 07:00:00+00:00,141.375,141.419,141.26,141.329,4839.6
2024-09-11 07:05:00+00:00,141.328,141.424,141.28,141.389,4840.95
2024-09-11 07:10:00+00:00,141.387,141.49,141.368,141.438,4463.93
2024-09-11 07:15:00+00:00,141.439,141.532,141.404,141.411,3826.99
2024-09-11 07:20:00+00:00,141.41,141.443,141.301,141.33,3228.98
2024-09-11 07:25:00+00:00,141.333,141.402,141.308,141.401,3023.46
2024-09-11 07:30:00+00:00,141.403,141.543,141.393,141.53,3961.87
2024-09-11 07:35:00+00:00,141.532,141.533,141.392,141.403,3910.54
2024-09-11 07:40:00+00:00,141.402,141.412,141.335,141.34,3223.29
2024-09-11 07:45:00+00:00,141.331,141.331,141.167,141.253,4161.54
2024-09-11 07:50:00+00:00,141.254,141.36,141.243,141.36,3552.03
2024-09-11 07:55:00+00:00,141.359,141.431,141.349,141.387,4867.84
2024-09-11 08:00:00+00:00,141.386,141.473,141.331,141.424,3558.92
2024-09-11 08:05:00+00:00,141.424,141.497,141.424,141.466,2210.76
2024-09-11 08:10:00+00:00,141.466,141.589,141.466,141.551,3856.8
2024-09-11 08:15:00+00:00,141.553,141.644,141.522,141.615,2701.8
2024-09-11 08:20:00+00:00,141.616,141.657,141.61,141.651,1951.95
2024-09-11 08:25:00+00:00,141.657,141.696,141.653,141.672,2433.66
2024-09-11 08:30:00+00:00,141.673,141.686,141.551,141.551,3626.61
2024-09-11 08:35:00+00:00,141.551,141.552,141.474,141.525,3166.29
2024-09-11 08:40:00+00:00,141.526,141.561,141.467,141.498,2676.18
2024-09-11 08:45:00+00:00,141.497,141.523,141.45,141.516,2496.03
2024-09-11 08:50:00+00:00,141.515,141.524,141.454,141.466,2209.29
2024-09-11 08:55:00+00:00,141.47,141.581,141.466,141.533,3516.24
2024-09-11 09:00:00+00:00,141.534,141.539,141.426,141.435,4281.33
2024-09-11 09:05:00+00:00,141.433,141.457,141.384,141.441,3906.69
2024-09-11 09:10:00+00:00,141.438,141.511,141.437,141.483,3035.67
2024-09-11 09:15:00+00:00,141.484,141.505,141.357,141.378,2348.55
2024-09-11 09:20:00+00:00,141.378,141.387,141.316,141.319,1546.68
2024-09-11 09:25:00+00:00,141.322,141.379,141.289,141.369,2322.24
2024-09-11 09:30:00+00:00,141.367,141.398,141.295,141.322,1765.35
2024-09-11 09:35:00+00:00,141.322,141.398,141.321,141.377,1970.64
2024-09-11 09:40:00+00:00,141.378,141.397,141.338,141.392,1022.46
2024-09-11 09:45:00+00:00,141.394,141.49,141.368,141.471,2251.14
2024-09-11 09:50:00+00:00,141.469,141.508,141.469,141.503,2650.74
2024-09-11 09:55:00+00:00,141.502,141.577,141.502,141.568,2523.21
2024-09-11 10:00:00+00:00,141.569,141.694,141.569,141.64,2090.23
2024-09-11 10:05:00+00:00,141.64,141.66,141.588,141.612,2078.79
2024-09-11 10:10:00+00:00,141.611,141.617,141.536,141.566,2244.47
2024-09-11 10:15:00+00:00,141.563,141.646,141.561,141.645,1904.98
2024-09-11 10:20:00+00:00,141.644,141.685,141.602,141.637,2698.49
2024-09-11 10:25:00+00:00,141.639,141.642,141.549,141.555,1868.07
2024-09-11 10:30:00+00:00,141.556,141.606,141.542,141.542,2274.54
2024-09-11 10:35:00+00:00,141.54,141.54,141.487,141.527,1431.69
2024-09-11 10:40:00+00:00,141.527,141.562,141.511,141.55,2682.6
2024-09-11 10:45:00+00:00,141.549,141.634,141.548,141.602,1136.65
2024-09-11 10:50:00+00:00,141.602,141.643,141.535,141.556,1859.72
2024-09-11 10:55:00+00:00,141.556,141.582,141.536,141.575,1380.13
2024-09-11 11:00:00+00:00,141.579,141.631,141.504,141.609,2533.43
2024-09-11 11:05:00+00:00,141.61,141.612,141.527,141.58,2241.32
2024-09-11 11:10:00+00:00,141.589,141.765,141.589,141.751,2263.5
2024-09-11 11:15:00+00:00,141.75,141.769,141.736,141.758,2246.94
2024-09-11 11:20:00+00:00,141.757,141.785,141.7,141.729,2229.32
2024-09-11 11:25:00+00:00,141.726,141.729,141.664,141.697,2280.25
2024-09-11 11:30:00+00:00,141.696,141.769,141.688,141.718,2320.86
2024-09-11 11:35:00+00:00,141.719,141.822,141.717,141.806,1809.16
2024-09-11 11:40:00+00:00,141.807,141.807,141.734,141.759,2182.29
2024-09-11 11:45:00+00:00,141.76,141.77,141.691,141.693,1406.85
2024-09-11 11:50:00+00:00,141.692,141.77,141.681,141.726,2082.97
2024-09-11 11:55:00+00:00,141.721,141.721,141.645,141.689,3283.14
2024-09-11 12:00:00+00:00,141.69,141.799,141.689,141.777,4028.46
2024-09-11 12:05:00+00:00,141.777,141.858,141.768,141.811,2851.45
2024-09-11 12:10:00+00:00,141.812,141.863,141.797,141.797,3276.32
2024-09-11 12:15:00+00:00,141.793,141.845,141.767,141.793,3347.2
2024-09-11 12:20:00+00:00,141.791,141.791,141.726,141.781,3037.65
2024-09-11 12:25:00+00:00,141.781,141.817,141.743,141.749,1380.82
2024-09-11 12:30:00+00:00,141.749,142.359,141.749,142.226,4717.69
2024-09-11 12:35:00+00:00,142.225,142.43,142.075,142.377,7036.07
2024-09-11 12:40:00+00:00,142.379,142.493,142.367,142.41,5439.4
2024-09-11 12:45:00+00:00,142.409,142.546,142.329,142.391,5762.1
2024-09-11 12:50:00+00:00,142.393,142.485,142.348,142.355,4550.26
2024-09-11 12:55:00+00:00,142.357,142.357,142.232,142.291,3927.1
2024-09-11 13:00:00+00:00,142.296,142.444,142.27,142.387,4037.54
2024-09-11 13:05:00+00:00,142.386,142.495,142.333,142.347,3326.84
2024-09-11 13:10:00+00:00,142.347,142.36,142.179,142.195,3067.33
2024-09-11 13:15:00+00:00,142.195,142.247,142.124,142.16,3510.38
2024-09-11 13:20:00+00:00,142.162,142.209,142.088,142.188,3666.61
2024-09-11 13:25:00+00:00,142.189,142.332,142.187,142.328,4243.86
2024-09-11 13:30:00+00:00,142.328,142.365,142.193,142.198,6719.46
2024-09-11 13:35:00+00:00,142.198,142.26,142.144,142.225,4660.95
2024-09-11 13:40:00+00:00,142.226,142.228,142.035,142.08,4749.25
2024-09-11 13:45:00+00:00,142.081,142.088,141.929,141.97,3276.92
2024-09-11 13:50:00+00:00,141.966,141.973,141.835,141.866,3480.01
2024-09-11 13:55:00+00:00,141.866,141.895,141.78,141.814,3502.81
2024-09-11 14:00:00+00:00,141.814,141.911,141.749,141.906,3588.04
2024-09-11 14:05:00+00:00,141.906,141.95,141.68,141.73,6027.42
2024-09-11 14:10:00+00:00,141.731,141.736,141.5,141.533,4262.55
2024-09-11 14:15:00+00:00,141.527,141.527,141.351,141.351,5387.05
2024-09-11 14:20:00+00:00,141.351,141.509,141.292,141.411,5117.69
2024-09-11 14:25:00+00:00,141.411,141.523,141.409,141.445,3878.25
2024-09-11 14:30:00+00:00,141.444,141.454,141.279,141.396,5150.75
2024-09-11 14:35:00+00:00,141.399,141.488,141.35,141.461,4061.24
2024-09-11 14:40:00+00:00,141.459,141.497,141.342,141.454,4844.91
2024-09-11 14:45:00+00:00,141.454,141.54,141.29,141.308,6079.42
2024-09-11 14:50:00+00:00,141.307,141.401,141.247,141.368,3685.72
2024-09-11 14:55:00+00:00,141.368,141.441,141.317,141.424,4017.65
2024-09-11 15:00:00+00:00,141.426,141.486,141.379,141.431,4218.13
2024-09-11 15:05:00+00:00,141.433,141.563,141.428,141.509,4367.87
2024-09-11 15:10:00+00:00,141.505,141.555,141.484,141.534,2960.97
2024-09-11 15:15:00+00:00,141.535,141.622,141.534,141.607,3395.49
2024-09-11 15:20:00+00:00,141.607,141.636,141.453,141.458,4544.18
2024-09-11 15:25:00+00:00,141.46,141.473,141.418,141.431,3269.28
2024-09-11 15:30:00+00:00,141.43,141.519,141.414,141.48,3387.46
2024-09-11 15:35:00+00:00,141.479,141.566,141.46,141.566,3135.03
2024-09-11 15:40:00+00:00,141.563,141.754,141.562,141.749,4352.02
2024-09-11 15:45:00+00:00,141.748,141.82,141.745,141.766,4319.49
2024-09-11 15:50:00+00:00,141.766,141.771,141.697,141.713,3681.16
2024-09-11 15:55:00+00:00,141.715,141.731,141.601,141.726,3590.27
2024-09-11 16:00:00+00:00,141.726,141.859,141.724,141.85,3504.63
2024-09-11 16:05:00+00:00,141.85,141.942,141.801,141.811,3766.36
2024-09-11 16:10:00+00:00,141.811,141.933,141.81,141.932,3186.51
2024-09-11 16:15:00+00:00,141.933,141.967,141.881,141.963,2672.49
2024-09-11 16:20:00+00:00,141.964,142.028,141.906,141.949,1877.67
2024-09-11 16:25:00+00:00,141.948,141.983,141.913,141.931,836.49
2024-09-11 16:30:00+00:00,141.932,142.035,141.931,141.954,2990.37
2024-09-11 16:35:00+00:00,141.951,141.976,141.877,141.963,2365.08
2024-09-11 16:40:00+00:00,141.961,142.018,141.864,141.872,3747.82
2024-09-11 16:45:00+00:00,141.875,141.908,141.851,141.862,3197.04
2024-09-11 16:50:00+00:00,141.862,141.98,141.847,141.97,2266.89
2024-09-11 16:55:00+00:00,141.97,141.987,141.897,141.947,2383.02
2024-09-11 17:00:00+00:00,141.95,142.151,141.899,142.017,3826.11
2024-09-11 17:05:00+00:00,142.015,142.075,141.952,142.019,2875.32
2024-09-11 17:10:00+00:00,142.019,142.187,142.019,142.17,2716.35
2024-09-11 17:15:00+00:00,142.169,142.223,142.162,142.199,2344.8
2024-09-11 17:20:00+00:00,142.197,142.198,142.099,142.112,3582.96
2024-09-11 17:25:00+00:00,142.114,142.289,142.112,142.253,2048.1
2024-09-11 17:30:00+00:00,142.254,142.295,142.197,142.26,2518.08
2024-09-11 17:35:00+00:00,142.26,142.321,142.249,142.312,1614.61
2024-09-11 17:40:00+00:00,142.313,142.324,142.243,142.287,1957.83
2024-09-11 17:45:00+00:00,142.288,142.31,142.239,142.267,1120.37
2024-09-11 17:50:00+00:00,142.266,142.276,142.21,142.234,1026.68
2024-09-11 17:55:00+00:00,142.237,142.241,142.186,142.203,1422.52
2024-09-11 18:00:00+00:00,142.204,142.236,142.186,142.194,1297.95
2024-09-11 18:05:00+00:00,142.193,142.193,142.11,142.131,1331.4
2024-09-11 18:10:00+00:00,142.13,142.16,142.094,142.104,1101.57
2024-09-11 18:15:00+00:00,142.105,142.15,142.097,142.123,1715.58
2024-09-11 18:20:00+00:00,142.123,142.235,142.123,142.234,1719.15
2024-09-11 18:25:00+00:00,142.234,142.246,142.209,142.22,1166.19
2024-09-11 18:30:00+00:00,142.221,142.245,142.201,142.244,668.7
2024-09-11 18:35:00+00:00,142.243,142.25,142.185,142.201,591.84
2024-09-11 18:40:00+00:00,142.202,142.24,142.197,142.224,2176.23
2024-09-11 18:45:00+00:00,142.223,142.248,142.216,142.227,1190.82
2024-09-11 18:50:00+00:00,142.226,142.235,142.194,142.201,2242.71
2024-09-11 18:55:00+00:00,142.201,142.238,142.197,142.201,1429.26
2024-09-11 19:00:00+00:00,142.204,142.296,142.193,142.29,1447.32
2024-09-11 19:05:00+00:00,142.291,142.322,142.269,142.304,1238.31
2024-09-11 19:10:00+00:00,142.31,142.312,142.263,142.263,1705.89
2024-09-11 19:15:00+00:00,142.265,142.277,142.246,142.273,804.78
2024-09-11 19:20:00+00:00,142.274,142.308,142.263,142.284,905.1
2024-09-11 19:25:00+00:00,142.286,142.286,142.215,142.233,2076.9
2024-09-11 19:30:00+00:00,142.232,142.272,142.219,142.272,1566.72
2024-09-11 19:35:00+00:00,142.272,142.335,142.262,142.317,1525.68
2024-09-11 19:40:00+00:00,142.323,142.359,142.302,142.33,2364.66
2024-09-11 19:45:00+00:00,142.328,142.357,142.322,142.341,1524.63
2024-09-11 19:50:00+00:00,142.341,142.373,142.318,142.367,1689.39
2024-09-11 19:55:00+00:00,142.368,142.411,142.362,142.373,2501.43
2024-09-11 20:00:00+00:00,142.373,142.404,142.369,142.404,1590.03
2024-09-11 20:05:00+00:00,142.401,142.436,142.4,142.434,993.0
2024-09-11 20:10:00+00:00,142.434,142.456,142.403,142.406,1758.78
2024-09-11 20:15:00+00:00,142.405,142.424,142.364,142.366,2045.7
2024-09-11 20:20:00+00:00,142.369,142.397,142.364,142.382,2129.17
2024-09-11 20:25:00+00:00,142.384,142.404,142.381,142.388,1871.7
2024-09-11 20:30:00+00:00,142.389,142.428,142.386,142.426,1614.0
2024-09-11 20:35:00+00:00,142.433,142.433,142.398,142.402,657.63
2024-09-11 20:40:00+00:00,142.401,142.414,142.387,142.41,2014.59
2024-09-11 20:45:00+00:00,142.409,142.42,142.372,142.382,3230.1
2024-09-11 20:50:00+00:00,142.383,142.388,142.354,142.366,4822.5
2024-09-11 20:55:00+00:00,142.366,142.378,142.341,142.341,1955.69
2024-09-11 21:00:00+00:00,142.337,142.34,142.258,142.285,13.74
2024-09-11 21:05:00+00:00,142.285,142.289,142.265,142.265,47.79
2024-09-11 21:10:00+00:00,142.258,142.277,142.258,142.277,31.44
2024-09-11 21:15:00+00:00,142.277,142.305,142.267,142.303,133.95
2024-09-11 21:20:00+00:00,142.302,142.319,142.293,142.309,100.8
2024-09-11 21:25:00+00:00,142.309,142.319,142.299,142.31,85.5
2024-09-11 21:30:00+00:00,142.306,142.306,142.301,142.304,22.8
2024-09-11 21:35:00+00:00,142.298,142.298,142.296,142.296,7.2
2024-09-11 21:40:00+00:00,142.298,142.298,142.293,142.296,42.3
2024-09-11 21:45:00+00:00,142.294,142.298,142.258,142.278,162.3
2024-09-11 21:50:00+00:00,142.282,142.288,142.281,142.286,70.2
2024-09-11 21:55:00+00:00,142.284,142.288,142.275,142.276,52.5
2024-09-11 22:00:00+00:00,142.277,142.283,142.225,142.233,381.16
2024-09-11 22:05:00+00:00,142.236,142.255,142.236,142.252,69.45
2024-09-11 22:10:00+00:00,142.272,142.272,142.245,142.249,244.05
2024-09-11 22:15:00+00:00,142.249,142.276,142.23,142.274,304.2
2024-09-11 22:20:00+00:00,142.271,142.291,142.27,142.271,181.8
2024-09-11 22:25:00+00:00,142.279,142.327,142.279,142.308,149.98
2024-09-11 22:30:00+00:00,142.309,142.381,142.309,142.377,409.71
2024-09-11 22:35:00+00:00,142.376,142.395,142.358,142.388,200.45
2024-09-11 22:40:00+00:00,142.389,142.422,142.383,142.422,262.21
2024-09-11 22:45:00+00:00,142.422,142.451,142.422,142.451,365.4
2024-09-11 22:50:00+00:00,142.452,142.47,142.419,142.422,230.03
2024-09-11 22:55:00+00:00,142.42,142.465,142.411,142.457,352.17
2024-09-11 23:00:00+00:00,142.454,142.527,142.441,142.511,368.55
2024-09-11 23:05:00+00:00,142.511,142.513,142.476,142.489,370.26
2024-09-11 23:10:00+00:00,142.486,142.593,142.476,142.561,502.37
2024-09-11 23:15:00+00:00,142.56,142.58,142.531,142.532,481.02
2024-09-11 23:20:00+00:00,142.532,142.596,142.532,142.592,425.22
2024-09-11 23:25:00+00:00,142.591,142.642,142.587,142.622,572.98
2024-09-11 23:30:00+00:00,142.617,142.632,142.58,142.59,870.03
2024-09-11 23:35:00+00:00,142.59,142.598,142.52,142.571,607.29
2024-09-11 23:40:00+00:00,142.571,142.579,142.538,142.578,372.33
2024-09-11 23:45:00+00:00,142.576,142.643,142.521,142.618,1077.68
2024-09-11 23:50:00+00:00,142.62,142.671,142.613,142.667,715.89
2024-09-11 23:55:00+00:00,142.668,142.674,142.595,142.635,643.98
2024-09-12 00:00:00+00:00,142.637,142.795,142.61,142.782,4297.88
2024-09-12 00:05:00+00:00,142.783,142.843,142.768,142.83,2406.04
2024-09-12 00:10:00+00:00,142.83,142.836,142.769,142.807,1933.05
2024-09-12 00:15:00+00:00,142.808,142.936,142.8,142.93,1898.49
2024-09-12 00:20:00+00:00,142.929,142.942,142.868,142.884,1289.28
2024-09-12 00:25:00+00:00,142.884,142.923,142.845,142.86,1484.92
2024-09-12 00:30:00+00:00,142.86,142.949,142.85,142.898,770.34
2024-09-12 00:35:00+00:00,142.9,142.932,142.844,142.862,732.24
2024-09-12 00:40:00+00:00,142.867,142.921,142.808,142.91,1701.07
2024-09-12 00:45:00+00:00,142.911,142.948,142.835,142.839,2472.87
2024-09-12 00:50:00+00:00,142.839,142.903,142.741,142.744,2876.85
2024-09-12 00:55:00+00:00,142.74,142.757,142.663,142.683,3230.36
2024-09-12 01:00:00+00:00,142.685,142.706,142.429,142.586,4149.14
2024-09-12 01:05:00+00:00,142.584,142.683,142.455,142.483,2618.66
2024-09-12 01:10:00+00:00,142.484,142.484,142.256,142.258,4238.01
2024-09-12 01:15:00+00:00,142.258,142.429,142.258,142.422,3080.94
2024-09-12 01:20:00+00:00,142.42,142.528,142.41,142.513,2210.25
2024-09-12 01:25:00+00:00,142.51,142.573,142.468,142.565,2707.17
2024-09-12 01:30:00+00:00,142.564,142.666,142.56,142.64,1556.24
2024-09-12 01:35:00+00:00,142.639,142.642,142.574,142.58,2209.69
2024-09-12 01:40:00+00:00,142.58,142.58,142.5,142.529,1232.55
2024-09-12 01:45:00+00:00,142.529,142.588,142.496,142.533,1447.67
2024-09-12 01:50:00+00:00,142.532,142.581,142.472,142.549,1822.92
2024-09-12 01:55:00+00:00,142.548,142.58,142.493,142.541,1943.34
2024-09-12 02:00:00+00:00,142.539,142.561,142.439,142.501,2393.89
2024-09-12 02:05:00+00:00,142.501,142.553,142.47,142.543,1637.94
2024-09-12 02:10:00+00:00,142.543,142.633,142.541,142.57,1006.92
2024-09-12 02:15:00+00:00,142.572,142.616,142.511,142.522,1410.16
2024-09-12 02:20:00+00:00,142.523,142.606,142.523,142.562,1258.69
2024-09-12 02:25:00+00:00,142.563,142.577,142.496,142.552,1285.08
2024-09-12 02:30:00+00:00,142.554,142.556,142.469,142.49,3326.5
2024-09-12 02:35:00+00:00,142.493,142.506,142.45,142.466,767.94
2024-09-12 02:40:00+00:00,142.467,142.504,142.416,142.423,1153.38
2024-09-12 02:45:00+00:00,142.423,142.459,142.347,142.44,1519.49
2024-09-12 02:50:00+00:00,142.445,142.457,142.409,142.449,1574.37
2024-09-12 02:55:00+00:00,142.45,142.553,142.44,142.527,1668.73
2024-09-12 03:00:00+00:00,142.524,142.547,142.402,142.404,1946.09
2024-09-12 03:05:00+00:00,142.406,142.41,142.365,142.403,857.16
2024-09-12 03:10:00+00:00,142.402,142.408,142.35,142.406,643.32
2024-09-12 03:15:00+00:00,142.408,142.497,142.405,142.495,1567.56
2024-09-12 03:20:00+00:00,142.496,142.503,142.452,142.467,1590.63
2024-09-12 03:25:00+00:00,142.466,142.479,142.444,142.455,1476.15
2024-09-12 03:30:00+00:00,142.457,142.463,142.414,142.458,1641.03
2024-09-12 03:35:00+00:00,142.459,142.547,142.459,142.533,1392.33
2024-09-12 03:40:00+00:00,142.532,142.542,142.508,142.514,1867.51
2024-09-12 03:45:00+00:00,142.514,142.576,142.506,142.57,990.55
2024-09-12 03:50:00+00:00,142.57,142.607,142.531,142.575,1371.72
2024-09-12 03:55:00+00:00,142.575,142.591,142.558,142.59,1513.08
2024-09-12 04:00:00+00:00,142.591,142.669,142.578,142.66,1040.61
2024-09-12 04:05:00+00:00,142.66,142.682,142.611,142.616,2329.34
2024-09-12 04:10:00+00:00,142.619,142.659,142.607,142.646,1858.83
2024-09-12 04:15:00+00:00,142.645,142.688,142.624,142.639,2234.57
2024-09-12 04:20:00+00:00,142.64,142.729,142.634,142.723,726.76
2024-09-12 04:25:00+00:00,142.722,142.727,142.687,142.715,880.62
2024-09-12 04:30:00+00:00,142.716,142.774,142.71,142.767,1916.85
2024-09-12 04:35:00+00:00,142.766,142.795,142.745,142.788,2125.23
2024-09-12 04:40:00+00:00,142.788,142.826,142.788,142.817,1905.96
2024-09-12 04:45:00+00:00,142.818,142.821,142.757,142.797,1601.67
2024-09-12 04:50:00+00:00,142.796,142.829,142.787,142.822,802.86
2024-09-12 04:55:00+00:00,142.819,142.843,142.784,142.787,553.62
2024-09-12 05:00:00+00:00,142.786,142.819,142.763,142.805,2080.11
2024-09-12 05:05:00+00:00,142.803,142.822,142.749,142.753,2165.82
2024-09-12 05:10:00+00:00,142.749,142.752,142.682,142.699,2928.91
2024-09-12 05:15:00+00:00,142.698,142.745,142.691,142.745,668.07
2024-09-12 05:20:00+00:00,142.742,142.817,142.737,142.798,1193.11
2024-09-12 05:25:00+00:00,142.8,142.813,142.769,142.779,1693.14
2024-09-12 05:30:00+00:00,142.781,142.782,142.698,142.74,2231.29
2024-09-12 05:35:00+00:00,142.74,142.742,142.62,142.707,1279.98
2024-09-12 05:40:00+00:00,142.707,142.881,142.704,142.875,3158.58
2024-09-12 05:45:00+00:00,142.878,142.91,142.614,142.835,3210.64
2024-09-12 05:50:00+00:00,142.838,142.911,142.785,142.813,3054.54
2024-09-12 05:55:00+00:00,142.811,142.852,142.798,142.832,2318.19
2024-09-12 06:00:00+00:00,142.831,142.839,142.733,142.744,4319.81
2024-09-12 06:05:00+00:00,142.743,142.788,142.64,142.649,2355.36
2024-09-12 06:10:00+00:00,142.653,142.672,142.563,142.587,3096.84
2024-09-12 06:15:00+00:00,142.586,142.69,142.553,142.679,1793.34
2024-09-12 06:20:00+00:00,142.678,142.73,142.63,142.643,1723.02
2024-09-12 06:25:00+00:00,142.644,142.646,142.575,142.636,2648.73
2024-09-12 06:30:00+00:00,142.638,142.687,142.612,142.64,2302.89
2024-09-12 06:35:00+00:00,142.641,142.651,142.547,142.55,1244.97
2024-09-12 06:40:00+00:00,142.551,142.592,142.521,142.559,2129.43
2024-09-12 06:45:00+00:00,142.56,142.561,142.473,142.487,2150.22
2024-09-12 06:50:00+00:00,142.487,142.604,142.465,142.597,2258.94
2024-09-12 06:55:00+00:00,142.599,142.641,142.556,142.575,2596.35
2024-09-12 07:00:00+00:00,142.577,142.727,142.551,142.721,3178.5
2024-09-12 07:05:00+00:00,142.72,142.788,142.696,142.778,2978.91
2024-09-12 07:10:00+00:00,142.781,142.833,142.76,142.801,2562.3
2024-09-12 07:15:00+00:00,142.802,142.901,142.802,142.839,3271.26
2024-09-12 07:20:00+00:00,142.838,142.916,142.816,142.911,3750.25
2024-09-12 07:25:00+00:00,142.909,143.044,142.908,142.975,5419.66
2024-09-12 07:30:00+00:00,142.973,142.993,142.852,142.857,4622.87
2024-09-12 07:35:00+00:00,142.856,142.861,142.733,142.768,3348.36
2024-09-12 07:40:00+00:00,142.773,142.871,142.772,142.864,3049.08
2024-09-12 07:45:00+00:00,142.862,142.931,142.785,142.905,3099.23
2024-09-12 07:50:00+00:00,142.906,142.912,142.781,142.847,2429.94
2024-09-12 07:55:00+00:00,142.849,142.857,142.697,142.766,3882.93
2024-09-12 08:00:00+00:00,142.764,142.764,142.588,142.603,4961.8
2024-09-12 08:05:00+00:00,142.614,142.675,142.592,142.666,4653.19
2024-09-12 08:10:00+00:00,142.667,142.698,142.597,142.622,3456.35
2024-09-12 08:15:00+00:00,142.622,142.689,142.578,142.675,5525.82
2024-09-12 08:20:00+00:00,142.675,142.717,142.651,142.713,3249.75
2024-09-12 08:25:00+00:00,142.719,142.724,142.582,142.582,4332.12
2024-09-12 08:30:00+00:00,142.584,142.635,142.546,142.622,4016.86
2024-09-12 08:35:00+00:00,142.626,142.632,142.535,142.55,2725.38
2024-09-12 08:40:00+00:00,142.549,142.627,142.546,142.624,3607.77
2024-09-12 08:45:00+00:00,142.623,142.624,142.555,142.586,2964.3
2024-09-12 08:50:00+00:00,142.585,142.611,142.559,142.586,2592.15
2024-09-12 08:55:00+00:00,142.59,142.611,142.534,142.582,2710.08
2024-09-12 09:00:00+00:00,142.583,142.587,142.517,142.546,3234.12
2024-09-12 09:05:00+00:00,142.546,142.659,142.541,142.627,3218.01
2024-09-12 09:10:00+00:00,142.632,142.679,142.626,142.638,2121.36
2024-09-12 09:15:00+00:00,142.637,142.645,142.584,142.599,2642.33
2024-09-12 09:20:00+00:00,142.6,142.688,142.597,142.667,1279.83
2024-09-12 09:25:00+00:00,142.665,142.692,142.638,142.686,809.86
2024-09-12 09:30:00+00:00,142.687,142.709,142.642,142.676,2052.63
2024-09-12 09:35:00+00:00,142.677,142.684,142.626,142.647,1752.24
2024-09-12 09:40:00+00:00,142.648,142.669,142.577,142.588,3383.37
2024-09-12 09:45:00+00:00,142.588,142.596,142.561,142.589,2930.96
2024-09-12 09:50:00+00:00,142.589,142.637,142.578,142.618,2593.77
2024-09-12 09:55:00+00:00,142.623,142.689,142.619,142.675,2879.7
2024-09-12 10:00:00+00:00,142.676,142.695,142.641,142.684,2903.97
2024-09-12 10:05:00+00:00,142.683,142.729,142.679,142.729,2028.51
2024-09-12 10:10:00+00:00,142.728,142.758,142.699,142.713,1925.01
2024-09-12 10:15:00+00:00,142.714,142.724,142.674,142.7,2498.58
2024-09-12 10:20:00+00:00,142.701,142.759,142.687,142.738,1940.34
2024-09-12 10:25:00+00:00,142.737,142.776,142.73,142.77,1181.37
2024-09-12 10:30:00+00:00,142.769,142.77,142.682,142.689,1983.57
2024-09-12 10:35:00+00:00,142.69,142.707,142.663,142.679,2073.76
2024-09-12 10:40:00+00:00,142.679,142.725,142.678,142.719,2545.32
2024-09-12 10:45:00+00:00,142.72,142.727,142.643,142.665,3026.17
2024-09-12 10:50:00+00:00,142.663,142.665,142.598,142.642,3276.18
2024-09-12 10:55:00+00:00,142.644,142.667,142.586,142.618,4008.12
2024-09-12 11:00:00+00:00,142.62,142.641,142.492,142.504,3886.24
2024-09-12 11:05:00+00:00,142.504,142.52,142.458,142.519,2337.63
2024-09-12 11:10:00+00:00,142.518,142.535,142.456,142.484,2007.26
2024-09-12 11:15:00+00:00,142.482,142.485,142.414,142.439,1864.02
2024-09-12 11:20:00+00:00,142.44,142.485,142.436,142.472,2058.29
2024-09-12 11:25:00+00:00,142.472,142.504,142.448,142.502,1141.41
2024-09-12 11:30:00+00:00,142.501,142.506,142.434,142.453,1836.48
2024-09-12 11:35:00+00:00,142.455,142.455,142.389,142.393,1864.77
2024-09-12 11:40:00+00:00,142.395,142.462,142.369,142.439,2572.57
2024-09-12 11:45:00+00:00,142.439,142.485,142.437,142.475,2247.06
2024-09-12 11:50:00+00:00,142.476,142.527,142.465,142.524,3059.58
2024-09-12 11:55:00+00:00,142.523,142.574,142.522,142.567,3532.29
2024-09-12 12:00:00+00:00,142.564,142.589,142.493,142.522,2395.29
2024-09-12 12:05:00+00:00,142.523,142.543,142.482,142.522,2812.02
2024-09-12 12:10:00+00:00,142.519,142.52,142.462,142.502,2069.07
2024-09-12 12:15:00+00:00,142.501,142.535,142.303,142.303,3779.06
2024-09-12 12:20:00+00:00,142.305,142.36,142.275,142.31,5234.5
2024-09-12 12:25:00+00:00,142.311,142.354,142.28,142.321,2488.77
2024-09-12 12:30:00+00:00,142.321,142.619,142.068,142.385,3871.51
2024-09-12 12:35:00+00:00,142.385,142.397,142.007,142.062,7815.45
2024-09-12 12:40:00+00:00,142.062,142.14,141.962,142.115,6263.62
2024-09-12 12:45:00+00:00,142.116,142.168,142.013,142.048,5803.88
2024-09-12 12:50:00+00:00,142.052,142.178,142.016,142.137,4442.7
2024-09-12 12:55:00+00:00,142.14,142.182,142.029,142.098,3800.72
2024-09-12 13:00:00+00:00,142.097,142.118,141.909,141.915,3772.01
2024-09-12 13:05:00+00:00,141.921,142.123,141.921,142.065,3492.77
2024-09-12 13:10:00+00:00,142.067,142.216,142.064,142.105,3556.28
2024-09-12 13:15:00+00:00,142.107,142.223,142.068,142.223,3108.9
2024-09-12 13:20:00+00:00,142.223,142.364,142.212,142.32,5549.65
2024-09-12 13:25:00+00:00,142.322,142.387,142.253,142.253,3472.98
2024-09-12 13:30:00+00:00,142.254,142.432,142.191,142.431,2981.94
2024-09-12 13:35:00+00:00,142.429,142.432,142.238,142.244,3119.92
2024-09-12 13:40:00+00:00,142.245,142.276,142.12,142.122,3551.34
2024-09-12 13:45:00+00:00,142.119,142.147,141.954,141.962,5309.8
2024-09-12 13:50:00+00:00,141.964,142.1,141.925,142.095,4853.01
2024-09-12 13:55:00+00:00,142.094,142.094,141.946,142.007,4089.25
2024-09-12 14:00:00+00:00,142.011,142.143,142.004,142.118,3650.94
2024-09-12 14:05:00+00:00,142.121,142.215,142.114,142.205,3344.34
2024-09-12 14:10:00+00:00,142.205,142.412,142.181,142.357,4263.85
2024-09-12 14:15:00+00:00,142.358,142.427,142.327,142.373,3774.63
2024-09-12 14:20:00+00:00,142.37,142.379,142.29,142.323,2538.55
2024-09-12 14:25:00+00:00,142.325,142.398,142.319,142.369,2724.6
2024-09-12 14:30:00+00:00,142.373,142.56,142.371,142.558,2974.85
2024-09-12 14:35:00+00:00,142.56,142.56,142.416,142.49,2635.04
2024-09-12 14:40:00+00:00,142.489,142.553,142.42,142.423,4530.25
2024-09-12 14:45:00+00:00,142.424,142.424,142.283,142.359,5073.2
2024-09-12 14:50:00+00:00,142.358,142.603,142.338,142.599,3906.69
2024-09-12 14:55:00+00:00,142.599,142.661,142.484,142.484,5303.72
2024-09-12 15:00:00+00:00,142.483,142.519,142.431,142.49,4199.91
2024-09-12 15:05:00+00:00,142.49,142.557,142.481,142.485,2601.68
2024-09-12 15:10:00+00:00,142.485,142.544,142.447,142.484,3183.39
2024-09-12 15:15:00+00:00,142.485,142.525,142.415,142.523,2909.82
2024-09-12 15:20:00+00:00,142.525,142.525,142.36,142.4,2489.42
2024-09-12 15:25:00+00:00,142.401,142.455,142.358,142.359,2610.05
2024-09-12 15:30:00+00:00,142.358,142.407,142.34,142.352,1971.54
2024-09-12 15:35:00+00:00,142.354,142.362,142.271,142.274,1354.06
2024-09-12 15:40:00+00:00,142.273,142.354,142.248,142.321,2492.8
2024-09-12 15:45:00+00:00,142.323,142.339,142.284,142.288,2979.67
2024-09-12 15:50:00+00:00,142.285,142.333,142.222,142.324,4058.04
2024-09-12 15:55:00+00:00,142.324,142.336,142.192,142.24,4633.29
2024-09-12 16:00:00+00:00,142.24,142.334,142.211,142.325,3836.55
2024-09-12 16:05:00+00:00,142.322,142.419,142.322,142.418,2254.95
2024-09-12 16:10:00+00:00,142.416,142.505,142.357,142.488,2770.77
2024-09-12 16:15:00+00:00,142.49,142.561,142.408,142.417,3489.46
2024-09-12 16:20:00+00:00,142.421,142.492,142.414,142.491,2611.71
2024-09-12 16:25:00+00:00,142.491,142.564,142.491,142.546,2427.69
2024-09-12 16:30:00+00:00,142.547,142.602,142.542,142.575,2109.15
2024-09-12 16:35:00+00:00,142.574,142.611,142.561,142.563,3190.86
2024-09-12 16:40:00+00:00,142.565,142.655,142.552,142.636,3246.57
2024-09-12 16:45:00+00:00,142.635,142.639,142.583,142.601,2693.22
2024-09-12 16:50:00+00:00,142.601,142.62,142.556,142.588,3413.55
2024-09-12 16:55:00+00:00,142.587,142.595,142.482,142.516,2389.44
2024-09-12 17:00:00+00:00,142.514,142.568,142.433,142.473,1892.4
2024-09-12 17:05:00+00:00,142.474,142.484,142.338,142.408,2603.73
2024-09-12 17:10:00+00:00,142.409,142.481,142.388,142.447,2721.66
2024-09-12 17:15:00+00:00,142.446,142.448,142.353,142.413,1721.07
2024-09-12 17:20:00+00:00,142.413,142.519,142.391,142.497,1994.88
2024-09-12 17:25:00+00:00,142.499,142.518,142.429,142.471,2659.6
2024-09-12 17:30:00+00:00,142.471,142.477,142.349,142.392,2886.0
2024-09-12 17:35:00+00:00,142.392,142.462,142.386,142.433,2015.1
2024-09-12 17:40:00+00:00,142.434,142.485,142.39,142.455,2599.92
2024-09-12 17:45:00+00:00,142.454,142.476,142.43,142.475,1767.3
2024-09-12 17:50:00+00:00,142.479,142.489,142.361,142.366,2180.55
2024-09-12 17:55:00+00:00,142.365,142.366,142.239,142.271,3445.65
2024-09-12 18:00:00+00:00,142.269,142.366,142.267,142.356,2153.47
2024-09-12 18:05:00+00:00,142.354,142.355,142.221,142.25,2379.93
2024-09-12 18:10:00+00:00,142.251,142.267,142.173,142.178,2631.42
2024-09-12 18:15:00+00:00,142.178,142.183,142.049,142.115,2835.42
2024-09-12 18:20:00+00:00,142.116,142.175,142.086,142.15,2330.46
2024-09-12 18:25:00+00:00,142.15,142.152,142.032,142.077,2576.67
2024-09-12 18:30:00+00:00,142.077,142.1,142.021,142.072,2451.96
2024-09-12 18:35:00+00:00,142.07,142.096,142.053,142.058,1870.08
2024-09-12 18:40:00+00:00,142.058,142.152,142.056,142.135,1472.88
2024-09-12 18:45:00+00:00,142.136,142.14,142.05,142.059,1672.32
2024-09-12 18:50:00+00:00,142.06,142.066,141.911,142.032,3431.13
2024-09-12 18:55:00+00:00,142.036,142.064,142.01,142.023,2500.93
2024-09-12 19:00:00+00:00,142.026,142.03,141.967,141.995,2433.99
2024-09-12 19:05:00+00:00,141.996,142.007,141.95,141.984,1624.44
2024-09-12 19:10:00+00:00,141.983,142.089,141.983,142.008,2382.45
2024-09-12 19:15:00+00:00,142.01,142.02,141.959,141.993,2138.97
2024-09-12 19:20:00+00:00,141.994,141.995,141.933,141.973,1213.5
2024-09-12 19:25:00+00:00,141.972,141.981,141.944,141.962,1737.33
2024-09-12 19:30:00+00:00,141.962,141.966,141.847,141.857,2022.6
2024-09-12 19:35:00+00:00,141.856,141.859,141.809,141.838,1380.85
2024-09-12 19:40:00+00:00,141.835,141.89,141.82,141.881,1278.24
2024-09-12 19:45:00+00:00,141.882,141.885,141.749,141.758,1626.5
2024-09-12 19:50:00+00:00,141.757,141.861,141.754,141.839,2270.82
2024-09-12 19:55:00+00:00,141.838,141.881,141.807,141.88,1977.08
2024-09-12 20:00:00+00:00,141.878,141.924,141.876,141.879,1060.2
2024-09-12 20:05:00+00:00,141.881,141.918,141.869,141.906,1611.54
2024-09-12 20:10:00+00:00,141.905,141.909,141.803,141.809,921.84
2024-09-12 20:15:00+00:00,141.809,141.828,141.782,141.788,1039.5
2024-09-12 20:20:00+00:00,141.789,141.79,141.747,141.765,884.61
2024-09-12 20:25:00+00:00,141.765,141.771,141.722,141.749,1453.8
2024-09-12 20:30:00+00:00,141.749,141.852,141.745,141.806,1467.84
2024-09-12 20:35:00+00:00,141.806,141.809,141.775,141.787,971.28
2024-09-12 20:40:00+00:00,141.785,141.812,141.76,141.78,1683.75
2024-09-12 20:45:00+00:00,141.782,141.811,141.777,141.807,1937.79
2024-09-12 20:50:00+00:00,141.807,141.82,141.795,141.803,2915.01
2024-09-12 20:55:00+00:00,141.804,141.838,141.788,141.791,4701.14
2024-09-12 21:00:00+00:00,141.791,141.791,141.756,141.77,13.68
2024-09-12 21:05:00+00:00,141.775,141.814,141.728,141.729,20.34
2024-09-12 21:10:00+00:00,141.738,141.794,141.72,141.745,20.97
2024-09-12 21:15:00+00:00,141.746,141.765,141.739,141.765,14.88
2024-09-12 21:20:00+00:00,141.745,141.818,141.745,141.803,48.48
2024-09-12 21:25:00+00:00,141.808,141.811,141.784,141.784,37.2
2024-09-12 21:30:00+00:00,141.789,141.791,141.784,141.788,17.4
2024-09-12 21:35:00+00:00,141.788,141.806,141.786,141.795,52.2
2024-09-12 21:40:00+00:00,141.791,141.807,141.791,141.806,55.59
2024-09-12 21:45:00+00:00,141.807,141.812,141.802,141.808,57.84
2024-09-12 21:50:00+00:00,141.809,141.833,141.809,141.826,20.7
2024-09-12 21:55:00+00:00,141.837,141.837,141.825,141.833,36.45
2024-09-12 22:00:00+00:00,141.83,141.83,141.699,141.726,219.64
2024-09-12 22:05:00+00:00,141.726,141.773,141.695,141.766,336.34
2024-09-12 22:10:00+00:00,141.766,141.874,141.764,141.855,191.52
2024-09-12 22:15:00+00:00,141.864,141.872,141.807,141.852,132.36
2024-09-12 22:20:00+00:00,141.854,141.868,141.815,141.824,132.75
2024-09-12 22:25:00+00:00,141.829,141.833,141.767,141.778,259.48
2024-09-12 22:30:00+00:00,141.773,141.805,141.758,141.791,543.63
2024-09-12 22:35:00+00:00,141.792,141.806,141.773,141.791,269.61
2024-09-12 22:40:00+00:00,141.789,141.795,141.731,141.759,415.5
2024-09-12 22:45:00+00:00,141.759,141.812,141.753,141.802,318.18
2024-09-12 22:50:00+00:00,141.804,141.843,141.802,141.83,305.55
2024-09-12 22:55:00+00:00,141.831,141.841,141.802,141.841,381.69
2024-09-12 23:00:00+00:00,141.841,141.841,141.65,141.65,931.7
2024-09-12 23:05:00+00:00,141.652,141.68,141.61,141.641,1559.29
2024-09-12 23:10:00+00:00,141.639,141.656,141.611,141.634,1090.57
2024-09-12 23:15:00+00:00,141.635,141.635,141.543,141.568,1139.98
2024-09-12 23:20:00+00:00,141.565,141.596,141.552,141.557,620.07
2024-09-12 23:25:00+00:00,141.558,141.587,141.547,141.573,252.0
2024-09-12 23:30:00+00:00,141.573,141.669,141.571,141.662,729.81
2024-09-12 23:35:00+00:00,141.663,141.669,141.609,141.613,889.48
2024-09-12 23:40:00+00:00,141.611,141.614,141.55,141.555,653.37
2024-09-12 23:45:00+00:00,141.554,141.56,141.497,141.537,1835.55
2024-09-12 23:50:00+00:00,141.533,141.539,141.426,141.449,1553.54
2024-09-12 23:55:00+00:00,141.449,141.53,141.431,141.509,1177.83
2024-09-13 00:00:00+00:00,141.509,141.557,141.43,141.468,3173.52
2024-09-13 00:05:00+00:00,141.47,141.494,141.348,141.348,3149.91
2024-09-13 00:10:00+00:00,141.348,141.375,141.23,141.287,2195.7
2024-09-13 00:15:00+00:00,141.288,141.312,141.197,141.206,2434.71
2024-09-13 00:20:00+00:00,141.208,141.279,141.172,141.273,2604.67
2024-09-13 00:25:00+00:00,141.274,141.374,141.25,141.284,1492.8
2024-09-13 00:30:00+00:00,141.283,141.408,141.248,141.364,2122.56
2024-09-13 00:35:00+00:00,141.363,141.426,141.341,141.388,1859.6
2024-09-13 00:40:00+00:00,141.387,141.406,141.285,141.315,1998.76
2024-09-13 00:45:00+00:00,141.315,141.327,141.25,141.312,1511.55
2024-09-13 00:50:00+00:00,141.319,141.503,141.319,141.44,3613.02
2024-09-13 00:55:00+00:00,141.444,141.453,141.164,141.194,3668.95
2024-09-13 01:00:00+00:00,141.192,141.222,141.026,141.041,3196.23
2024-09-13 01:05:00+00:00,141.042,141.136,140.999,141.099,2049.78
2024-09-13 01:10:00+00:00,141.1,141.209,141.03,141.162,2587.57
2024-09-13 01:15:00+00:00,141.164,141.22,141.066,141.218,2835.84
2024-09-13 01:20:00+00:00,141.218,141.248,141.073,141.157,2419.08
2024-09-13 01:25:00+00:00,141.158,141.27,141.155,141.23,2071.92
2024-09-13 01:30:00+00:00,141.228,141.267,141.1,141.105,1807.35
2024-09-13 01:35:00+00:00,141.105,141.192,141.083,141.192,2484.0
2024-09-13 01:40:00+00:00,141.188,141.273,141.182,141.226,2609.94
2024-09-13 01:45:00+00:00,141.225,141.287,141.194,141.233,1868.13
2024-09-13 01:50:00+00:00,141.234,141.294,141.215,141.215,1295.4
2024-09-13 01:55:00+00:00,141.214,141.252,141.181,141.226,1806.59
2024-09-13 02:00:00+00:00,141.229,141.289,141.2,141.208,1124.55
2024-09-13 02:05:00+00:00,141.206,141.222,141.072,141.147,1274.28
2024-09-13 02:10:00+00:00,141.155,141.168,141.116,141.128,2295.93
2024-09-13 02:15:00+00:00,141.127,141.128,140.917,141.023,2570.4
2024-09-13 02:20:00+00:00,141.022,141.044,140.921,140.934,1661.04
2024-09-13 02:25:00+00:00,140.935,140.936,140.829,140.888,2531.11
2024-09-13 02:30:00+00:00,140.887,140.956,140.839,140.868,1949.01
2024-09-13 02:35:00+00:00,140.87,140.878,140.774,140.78,1616.16
2024-09-13 02:40:00+00:00,140.786,140.916,140.784,140.899,2232.33
2024-09-13 02:45:00+00:00,140.896,140.944,140.884,140.906,1402.74
2024-09-13 02:50:00+00:00,140.907,140.956,140.888,140.942,1256.22
2024-09-13 02:55:00+00:00,140.941,141.043,140.931,141.035,1934.52
2024-09-13 03:00:00+00:00,141.038,141.122,141.028,141.109,1696.44
2024-09-13 03:05:00+00:00,141.108,141.132,141.028,141.037,1317.35
2024-09-13 03:10:00+00:00,141.036,141.044,140.968,140.97,2416.97
2024-09-13 03:15:00+00:00,140.972,141.021,140.963,140.965,1246.17
2024-09-13 03:20:00+00:00,140.962,140.962,140.895,140.943,1579.92
2024-09-13 03:25:00+00:00,140.942,140.973,140.918,140.919,1493.07
2024-09-13 03:30:00+00:00,140.92,140.922,140.813,140.864,2407.7
2024-09-13 03:35:00+00:00,140.862,140.91,140.825,140.905,1115.95
2024-09-13 03:40:00+00:00,140.906,140.958,140.906,140.94,1285.28
2024-09-13 03:45:00+00:00,140.94,140.998,140.909,140.984,999.1
2024-09-13 03:50:00+00:00,140.982,141.027,140.946,140.974,658.3
2024-09-13 03:55:00+00:00,140.975,141.029,140.963,140.976,773.04
2024-09-13 04:00:00+00:00,140.976,140.986,140.895,140.907,844.47
2024-09-13 04:05:00+00:00,140.906,140.922,140.805,140.869,1759.26
2024-09-13 04:10:00+00:00,140.869,140.922,140.848,140.899,455.91
2024-09-13 04:15:00+00:00,140.901,140.925,140.835,140.841,926.12
2024-09-13 04:20:00+00:00,140.841,140.854,140.813,140.838,1653.74
2024-09-13 04:25:00+00:00,140.839,140.857,140.808,140.856,1056.87
2024-09-13 04:30:00+00:00,140.856,140.857,140.644,140.655,2265.29
2024-09-13 04:35:00+00:00,140.658,140.827,140.646,140.805,1689.79
2024-09-13 04:40:00+00:00,140.806,140.945,140.804,140.923,1582.17
2024-09-13 04:45:00+00:00,140.931,141.002,140.931,140.978,1110.09
2024-09-13 04:50:00+00:00,140.976,141.02,140.923,140.933,1195.12
2024-09-13 04:55:00+00:00,140.93,140.989,140.926,140.955,1298.58
2024-09-13 05:00:00+00:00,140.954,141.092,140.954,141.05,2162.34
2024-09-13 05:05:00+00:00,141.051,141.137,141.051,141.107,1690.8
2024-09-13 05:10:00+00:00,141.107,141.173,141.088,141.168,1361.57
2024-09-13 05:15:00+00:00,141.168,141.174,141.031,141.079,2228.09
2024-09-13 05:20:00+00:00,141.082,141.095,141.01,141.021,1190.35
2024-09-13 05:25:00+00:00,141.021,141.037,140.974,141.016,836.65
2024-09-13 05:30:00+00:00,141.015,141.03,140.948,140.962,905.1
2024-09-13 05:35:00+00:00,140.963,140.99,140.929,140.938,1570.0
2024-09-13 05:40:00+00:00,140.939,140.975,140.829,140.887,1607.31
2024-09-13 05:45:00+00:00,140.889,141.03,140.868,141.017,1445.25
2024-09-13 05:50:00+00:00,141.016,141.017,140.833,140.833,839.7
2024-09-13 05:55:00+00:00,140.835,140.862,140.742,140.858,2584.14
2024-09-13 06:00:00+00:00,140.86,140.988,140.829,140.84,3986.37
2024-09-13 06:05:00+00:00,140.837,140.956,140.836,140.932,3776.74
2024-09-13 06:10:00+00:00,140.934,140.952,140.842,140.922,4679.34
2024-09-13 06:15:00+00:00,140.928,141.016,140.878,140.968,4316.34
2024-09-13 06:20:00+00:00,140.966,141.035,140.928,140.967,3160.44
2024-09-13 06:25:00+00:00,140.968,141.074,140.932,140.942,2907.58
2024-09-13 06:30:00+00:00,140.944,141.069,140.943,141.058,3554.4
2024-09-13 06:35:00+00:00,141.06,141.114,141.039,141.087,3741.19
2024-09-13 06:40:00+00:00,141.088,141.135,141.061,141.107,2509.07
2024-09-13 06:45:00+00:00,141.109,141.156,141.091,141.154,2586.0
2024-09-13 06:50:00+00:00,141.156,141.173,141.107,141.121,1899.09
2024-09-13 06:55:00+00:00,141.121,141.152,141.063,141.088,2231.28
2024-09-13 07:00:00+00:00,141.089,141.174,141.055,141.072,4498.15
2024-09-13 07:05:00+00:00,141.072,141.215,141.045,141.185,3222.93
2024-09-13 07:10:00+00:00,141.184,141.288,141.149,141.288,3980.16
2024-09-13 07:15:00+00:00,141.287,141.412,141.279,141.361,4480.1
2024-09-13 07:20:00+00:00,141.363,141.401,141.298,141.304,4149.72
2024-09-13 07:25:00+00:00,141.301,141.307,141.225,141.251,1480.36
2024-09-13 07:30:00+00:00,141.252,141.265,141.149,141.177,2049.51
2024-09-13 07:35:00+00:00,141.178,141.197,141.097,141.108,3709.94
2024-09-13 07:40:00+00:00,141.107,141.128,141.057,141.079,2629.7
2024-09-13 07:45:00+00:00,141.08,141.09,140.911,140.922,3100.26
2024-09-13 07:50:00+00:00,140.922,140.975,140.821,140.825,3525.28
2024-09-13 07:55:00+00:00,140.825,140.943,140.821,140.912,3055.68
2024-09-13 08:00:00+00:00,140.914,140.968,140.829,140.867,3868.86
2024-09-13 08:05:00+00:00,140.869,140.872,140.778,140.793,3649.3
2024-09-13 08:10:00+00:00,140.794,140.796,140.518,140.528,5537.31
2024-09-13 08:15:00+00:00,140.528,140.661,140.407,140.658,5852.52
2024-09-13 08:20:00+00:00,140.658,140.734,140.616,140.725,4360.36
2024-09-13 08:25:00+00:00,140.728,140.874,140.728,140.874,4393.18
2024-09-13 08:30:00+00:00,140.874,140.874,140.713,140.734,5766.31
2024-09-13 08:35:00+00:00,140.734,140.796,140.672,140.711,2932.41
2024-09-13 08:40:00+00:00,140.708,140.796,140.686,140.783,2656.62
2024-09-13 08:45:00+00:00,140.782,140.837,140.727,140.747,3139.98
2024-09-13 08:50:00+00:00,140.748,140.779,140.662,140.681,3049.71
2024-09-13 08:55:00+00:00,140.683,140.705,140.624,140.7,1593.6
2024-09-13 09:00:00+00:00,140.699,140.733,140.66,140.707,2524.7
2024-09-13 09:05:00+00:00,140.706,140.723,140.666,140.67,1928.01
2024-09-13 09:10:00+00:00,140.669,140.699,140.627,140.66,2073.83
2024-09-13 09:15:00+00:00,140.652,140.685,140.601,140.603,1590.84
2024-09-13 09:20:00+00:00,140.605,140.715,140.566,140.573,2079.09
2024-09-13 09:25:00+00:00,140.577,140.58,140.445,140.528,3375.24
2024-09-13 09:30:00+00:00,140.53,140.592,140.465,140.59,3268.05
2024-09-13 09:35:00+00:00,140.589,140.614,140.427,140.43,3370.95
2024-09-13 09:40:00+00:00,140.432,140.441,140.361,140.434,2837.46
2024-09-13 09:45:00+00:00,140.433,140.527,140.428,140.52,2024.04
2024-09-13 09:50:00+00:00,140.52,140.578,140.5,140.559,1498.98
2024-09-13 09:55:00+00:00,140.558,140.602,140.544,140.572,2576.51
2024-09-13 10:00:00+00:00,140.571,140.65,140.532,140.599,2197.14
2024-09-13 10:05:00+00:00,140.606,140.609,140.518,140.518,2520.97
2024-09-13 10:10:00+00:00,140.517,140.669,140.499,140.591,3142.3
2024-09-13 10:15:00+00:00,140.592,140.643,140.539,140.626,3080.4
2024-09-13 10:20:00+00:00,140.624,140.649,140.563,140.571,1741.71
2024-09-13 10:25:00+00:00,140.572,140.64,140.557,140.56,1606.26
2024-09-13 10:30:00+00:00,140.56,140.563,140.478,140.507,2099.63
2024-09-13 10:35:00+00:00,140.506,140.526,140.429,140.441,2422.08
2024-09-13 10:40:00+00:00,140.44,140.444,140.364,140.396,3924.24
2024-09-13 10:45:00+00:00,140.394,140.549,140.393,140.543,2550.5
2024-09-13 10:50:00+00:00,140.543,140.611,140.482,140.609,2347.29
2024-09-13 10:55:00+00:00,140.611,140.717,140.601,140.697,2863.77
2024-09-13 11:00:00+00:00,140.697,140.718,140.654,140.679,3101.57
2024-09-13 11:05:00+00:00,140.681,140.693,140.626,140.667,1925.61
2024-09-13 11:10:00+00:00,140.667,140.742,140.598,140.624,3069.72
2024-09-13 11:15:00+00:00,140.624,140.718,140.619,140.718,2700.24
2024-09-13 11:20:00+00:00,140.717,140.779,140.666,140.769,2354.73
2024-09-13 11:25:00+00:00,140.769,140.79,140.716,140.777,2694.27
2024-09-13 11:30:00+00:00,140.779,140.874,140.774,140.797,2146.23
2024-09-13 11:35:00+00:00,140.796,140.849,140.769,140.799,1797.42
2024-09-13 11:40:00+00:00,140.797,140.939,140.79,140.934,1212.93
2024-09-13 11:45:00+00:00,140.936,140.959,140.864,140.883,1626.93
2024-09-13 11:50:00+00:00,140.876,140.979,140.84,140.92,2073.85
2024-09-13 11:55:00+00:00,140.918,140.924,140.792,140.831,2267.34
2024-09-13 12:00:00+00:00,140.832,140.971,140.821,140.956,2875.9
2024-09-13 12:05:00+00:00,140.955,141.019,140.895,140.925,2570.61
2024-09-13 12:10:00+00:00,140.925,140.947,140.871,140.894,2589.46
2024-09-13 12:15:00+00:00,140.893,140.893,140.821,140.856,1689.36
2024-09-13 12:20:00+00:00,140.852,140.873,140.764,140.786,2006.49
2024-09-13 12:25:00+00:00,140.786,140.868,140.782,140.793,1901.43
2024-09-13 12:30:00+00:00,140.794,140.881,140.7,140.832,3733.36
2024-09-13 12:35:00+00:00,140.832,140.869,140.737,140.864,2760.11
2024-09-13 12:40:00+00:00,140.863,140.905,140.799,140.825,2893.15
2024-09-13 12:45:00+00:00,140.824,140.89,140.791,140.802,2360.45
2024-09-13 12:50:00+00:00,140.804,140.824,140.702,140.761,2201.68
2024-09-13 12:55:00+00:00,140.76,140.786,140.701,140.726,1933.26
2024-09-13 13:00:00+00:00,140.725,140.727,140.63,140.644,2146.03
2024-09-13 13:05:00+00:00,140.645,140.648,140.5,140.561,3665.86
2024-09-13 13:10:00+00:00,140.564,140.6,140.493,140.573,3073.74
2024-09-13 13:15:00+00:00,140.573,140.65,140.425,140.46,3215.46
2024-09-13 13:20:00+00:00,140.461,140.48,140.366,140.37,3717.75
2024-09-13 13:25:00+00:00,140.369,140.516,140.347,140.464,3657.2
2024-09-13 13:30:00+00:00,140.46,140.629,140.404,140.583,5226.54
2024-09-13 13:35:00+00:00,140.589,140.612,140.519,140.545,2757.03
2024-09-13 13:40:00+00:00,140.546,140.65,140.52,140.65,2107.08
2024-09-13 13:45:00+00:00,140.651,140.687,140.437,140.44,4317.79
2024-09-13 13:50:00+00:00,140.44,140.503,140.281,140.421,4257.29
2024-09-13 13:55:00+00:00,140.422,140.469,140.352,140.352,2492.37
2024-09-13 14:00:00+00:00,140.342,140.538,140.281,140.373,3034.46
2024-09-13 14:05:00+00:00,140.37,140.515,140.332,140.457,4971.91
2024-09-13 14:10:00+00:00,140.454,140.612,140.418,140.586,3962.73
2024-09-13 14:15:00+00:00,140.584,140.592,140.498,140.55,3484.62
2024-09-13 14:20:00+00:00,140.549,140.667,140.501,140.662,2199.96
2024-09-13 14:25:00+00:00,140.662,140.697,140.47,140.584,2671.56
2024-09-13 14:30:00+00:00,140.584,140.647,140.491,140.646,2647.78
2024-09-13 14:35:00+00:00,140.645,140.736,140.606,140.697,2492.88
2024-09-13 14:40:00+00:00,140.697,140.77,140.67,140.722,3331.23
2024-09-13 14:45:00+00:00,140.724,140.759,140.655,140.707,2521.23
2024-09-13 14:50:00+00:00,140.707,140.723,140.622,140.634,2700.04
2024-09-13 14:55:00+00:00,140.635,140.699,140.599,140.639,3614.99
2024-09-13 15:00:00+00:00,140.639,140.675,140.609,140.621,2384.44
2024-09-13 15:05:00+00:00,140.62,140.629,140.559,140.571,2012.26
2024-09-13 15:10:00+00:00,140.572,140.582,140.486,140.489,2085.94
2024-09-13 15:15:00+00:00,140.491,140.56,140.434,140.445,2304.5
2024-09-13 15:20:00+00:00,140.442,140.443,140.338,140.388,1627.38
2024-09-13 15:25:00+00:00,140.387,140.433,140.353,140.421,1955.65
2024-09-13 15:30:00+00:00,140.421,140.521,140.384,140.503,2006.31
2024-09-13 15:35:00+00:00,140.505,140.575,140.5,140.543,2348.45
2024-09-13 15:40:00+00:00,140.547,140.604,140.527,140.593,2191.26
2024-09-13 15:45:00+00:00,140.593,140.636,140.57,140.593,1178.19
2024-09-13 15:50:00+00:00,140.593,140.645,140.553,140.624,2220.42
2024-09-13 15:55:00+00:00,140.624,140.674,140.618,140.662,2046.66
2024-09-13 16:00:00+00:00,140.668,140.788,140.667,140.681,2289.42
2024-09-13 16:05:00+00:00,140.682,140.787,140.668,140.712,2672.91
2024-09-13 16:10:00+00:00,140.712,140.725,140.607,140.623,3032.81
2024-09-13 16:15:00+00:00,140.623,140.659,140.589,140.618,1613.97
2024-09-13 16:20:00+00:00,140.62,140.774,140.607,140.761,1528.23
2024-09-13 16:25:00+00:00,140.765,140.777,140.645,140.775,2884.01
2024-09-13 16:30:00+00:00,140.776,140.876,140.737,140.835,2979.56
2024-09-13 16:35:00+00:00,140.835,140.941,140.826,140.916,2620.5
2024-09-13 16:40:00+00:00,140.916,140.933,140.838,140.882,3009.96
2024-09-13 16:45:00+00:00,140.875,140.889,140.818,140.831,2933.73
2024-09-13 16:50:00+00:00,140.831,140.888,140.804,140.811,3120.03
2024-09-13 16:55:00+00:00,140.809,140.853,140.802,140.811,2570.28
2024-09-13 17:00:00+00:00,140.811,140.849,140.769,140.811,2681.34
2024-09-13 17:05:00+00:00,140.812,140.935,140.812,140.885,2633.34
2024-09-13 17:10:00+00:00,140.885,140.919,140.857,140.876,2772.51
2024-09-13 17:15:00+00:00,140.876,140.909,140.846,140.878,2412.75
2024-09-13 17:20:00+00:00,140.876,140.926,140.844,140.872,2489.85
2024-09-13 17:25:00+00:00,140.871,140.898,140.853,140.868,2537.82
2024-09-13 17:30:00+00:00,140.867,140.905,140.836,140.899,1769.53
2024-09-13 17:35:00+00:00,140.899,140.93,140.859,140.91,2794.74
2024-09-13 17:40:00+00:00,140.907,140.944,140.892,140.931,1949.26
2024-09-13 17:45:00+00:00,140.932,140.964,140.929,140.937,614.94
2024-09-13 17:50:00+00:00,140.936,140.94,140.902,140.908,559.05
2024-09-13 17:55:00+00:00,140.906,140.944,140.889,140.908,1058.34
2024-09-13 18:00:00+00:00,140.907,140.92,140.856,140.867,2881.46
2024-09-13 18:05:00+00:00,140.867,140.91,140.867,140.888,1827.1
2024-09-13 18:10:00+00:00,140.889,140.912,140.872,140.905,1548.15
2024-09-13 18:15:00+00:00,140.904,140.917,140.872,140.876,905.49
2024-09-13 18:20:00+00:00,140.875,140.922,140.839,140.839,1620.04
2024-09-13 18:25:00+00:00,140.836,140.888,140.836,140.856,2359.59
2024-09-13 18:30:00+00:00,140.855,140.887,140.846,140.879,1795.47
2024-09-13 18:35:00+00:00,140.88,140.906,140.877,140.886,720.24
2024-09-13 18:40:00+00:00,140.885,140.917,140.884,140.89,1061.28
2024-09-13 18:45:00+00:00,140.893,140.921,140.893,140.921,1296.93
2024-09-13 18:50:00+00:00,140.921,140.974,140.918,140.971,1922.23
2024-09-13 18:55:00+00:00,140.972,141.007,140.928,140.931,2267.64
2024-09-13 19:00:00+00:00,140.932,140.941,140.903,140.938,1063.68
2024-09-13 19:05:00+00:00,140.939,140.958,140.927,140.939,958.35
2024-09-13 19:10:00+00:00,140.94,140.966,140.927,140.941,623.25
2024-09-13 19:15:00+00:00,140.944,140.959,140.929,140.945,609.45
2024-09-13 19:20:00+00:00,140.945,140.956,140.899,140.915,827.28
2024-09-13 19:25:00+00:00,140.915,140.947,140.913,140.928,1649.55
2024-09-13 19:30:00+00:00,140.928,140.939,140.914,140.925,1012.36
2024-09-13 19:35:00+00:00,140.925,140.926,140.884,140.899,528.6
2024-09-13 19:40:00+00:00,140.897,140.933,140.895,140.923,358.47
2024-09-13 19:45:00+00:00,140.922,140.94,140.917,140.917,370.67
2024-09-13 19:50:00+00:00,140.917,140.938,140.915,140.925,415.99
2024-09-13 19:55:00+00:00,140.925,140.938,140.914,140.929,561.81
2024-09-13 20:00:00+00:00,140.928,140.933,140.896,140.925,1026.24
2024-09-13 20:05:00+00:00,140.927,140.937,140.915,140.927,288.6
2024-09-13 20:10:00+00:00,140.927,140.937,140.926,140.936,342.0
2024-09-13 20:15:00+00:00,140.936,140.936,140.895,140.9,909.44
2024-09-13 20:20:00+00:00,140.901,140.911,140.887,140.911,605.1
2024-09-13 20:25:00+00:00,140.91,140.915,140.891,140.906,611.46
2024-09-13 20:30:00+00:00,140.906,140.928,140.903,140.926,1171.84
2024-09-13 20:35:00+00:00,140.926,140.936,140.924,140.934,2056.92
2024-09-13 20:40:00+00:00,140.933,140.935,140.907,140.928,674.28
2024-09-13 20:45:00+00:00,140.93,140.93,140.892,140.901,626.83
2024-09-13 20:50:00+00:00,140.901,140.907,140.878,140.882,1719.48
2024-09-13 20:55:00+00:00,140.881,140.883,140.768,140.78,1809.96
2024-09-15 21:00:00+00:00,140.704,140.725,140.704,140.725,15.3
2024-09-15 21:05:00+00:00,140.726,140.727,140.708,140.708,11.4
2024-09-15 21:10:00+00:00,140.708,140.761,140.707,140.753,21.9
2024-09-15 21:15:00+00:00,140.753,140.753,140.753,140.753,1.2
2024-09-15 21:20:00+00:00,140.753,140.772,140.753,140.771,14.1
2024-09-15 21:25:00+00:00,140.772,140.78,140.772,140.775,17.4
2024-09-15 21:30:00+00:00,140.776,140.85,140.776,140.85,35.4
2024-09-15 21:35:00+00:00,140.849,140.85,140.841,140.849,35.1
2024-09-15 21:40:00+00:00,140.849,140.898,140.776,140.89,83.1
2024-09-15 21:45:00+00:00,140.89,140.89,140.556,140.663,204.0
2024-09-15 21:50:00+00:00,140.662,140.757,140.66,140.711,178.2
2024-09-15 21:55:00+00:00,140.71,140.71,140.695,140.7,25.2
2024-09-15 22:00:00+00:00,140.696,140.78,140.657,140.721,697.26
2024-09-15 22:05:00+00:00,140.722,140.749,140.705,140.739,281.25
2024-09-15 22:10:00+00:00,140.743,140.758,140.675,140.675,109.35
2024-09-15 22:15:00+00:00,140.675,140.7,140.574,140.577,700.05
2024-09-15 22:20:00+00:00,140.577,140.577,140.451,140.526,963.36
2024-09-15 22:25:00+00:00,140.526,140.564,140.48,140.537,526.68
2024-09-15 22:30:00+00:00,140.538,140.643,140.535,140.634,437.85
2024-09-15 22:35:00+00:00,140.638,140.687,140.612,140.612,777.36
2024-09-15 22:40:00+00:00,140.614,140.666,140.606,140.659,778.32
2024-09-15 22:45:00+00:00,140.658,140.724,140.645,140.699,499.73
2024-09-15 22:50:00+00:00,140.702,140.715,140.681,140.697,672.97
2024-09-15 22:55:00+00:00,140.697,140.73,140.663,140.689,793.68
2024-09-15 23:00:00+00:00,140.686,140.792,140.684,140.779,778.44
2024-09-15 23:05:00+00:00,140.779,140.85,140.777,140.837,896.21
2024-09-15 23:10:00+00:00,140.835,140.896,140.831,140.878,1212.05
2024-09-15 23:15:00+00:00,140.867,140.867,140.798,140.807,865.4
2024-09-15 23:20:00+00:00,140.809,140.811,140.778,140.792,1174.77
2024-09-15 23:25:00+00:00,140.799,140.875,140.779,140.872,686.03
2024-09-15 23:30:00+00:00,140.869,140.869,140.76,140.766,1088.37
2024-09-15 23:35:00+00:00,140.769,140.776,140.715,140.759,954.36
2024-09-15 23:40:00+00:00,140.759,140.828,140.738,140.74,1003.05
2024-09-15 23:45:00+00:00,140.74,140.788,140.719,140.787,582.45
2024-09-15 23:50:00+00:00,140.786,140.82,140.784,140.811,609.12
2024-09-15 23:55:00+00:00,140.812,140.845,140.771,140.844,1155.24
2024-09-16 00:00:00+00:00,140.845,140.849,140.679,140.683,2609.5
2024-09-16 00:05:00+00:00,140.687,140.707,140.638,140.707,1520.8
2024-09-16 00:10:00+00:00,140.706,140.722,140.596,140.627,1190.58
2024-09-16 00:15:00+00:00,140.626,140.641,140.569,140.599,842.61
2024-09-16 00:20:00+00:00,140.598,140.612,140.5,140.513,1343.2
2024-09-16 00:25:00+00:00,140.512,140.535,140.484,140.491,1538.85
2024-09-16 00:30:00+00:00,140.49,140.566,140.434,140.559,3398.07
2024-09-16 00:35:00+00:00,140.558,140.563,140.506,140.543,1185.21
2024-09-16 00:40:00+00:00,140.542,140.613,140.488,140.609,1130.64
2024-09-16 00:45:00+00:00,140.609,140.618,140.522,140.538,1866.38
2024-09-16 00:50:00+00:00,140.538,140.56,140.454,140.46,1297.85
2024-09-16 00:55:00+00:00,140.46,140.531,140.422,140.525,1589.16
2024-09-16 01:00:00+00:00,140.522,140.529,140.466,140.518,947.07
2024-09-16 01:05:00+00:00,140.518,140.584,140.498,140.582,1434.45
2024-09-16 01:10:00+00:00,140.584,140.586,140.508,140.518,2040.54
2024-09-16 01:15:00+00:00,140.518,140.531,140.451,140.52,1905.42
2024-09-16 01:20:00+00:00,140.521,140.579,140.513,140.515,1674.12
2024-09-16 01:25:00+00:00,140.515,140.542,140.48,140.511,1594.67
2024-09-16 01:30:00+00:00,140.512,140.542,140.445,140.522,1024.95
2024-09-16 01:35:00+00:00,140.517,140.551,140.449,140.528,1267.23
2024-09-16 01:40:00+00:00,140.528,140.534,140.491,140.53,743.51
2024-09-16 01:45:00+00:00,140.527,140.547,140.498,140.515,435.85
2024-09-16 01:50:00+00:00,140.513,140.581,140.508,140.571,1536.81
2024-09-16 01:55:00+00:00,140.574,140.581,140.497,140.54,1255.83
2024-09-16 02:00:00+00:00,140.541,140.552,140.476,140.504,1487.22
2024-09-16 02:05:00+00:00,140.506,140.563,140.489,140.514,1141.17
2024-09-16 02:10:00+00:00,140.517,140.545,140.475,140.513,1418.61
2024-09-16 02:15:00+00:00,140.513,140.553,140.491,140.491,1293.09
2024-09-16 02:20:00+00:00,140.491,140.534,140.491,140.508,1415.71
2024-09-16 02:25:00+00:00,140.509,140.533,140.489,140.512,622.95
2024-09-16 02:30:00+00:00,140.512,140.54,140.495,140.512,875.64
2024-09-16 02:35:00+00:00,140.512,140.539,140.502,140.524,1532.1
2024-09-16 02:40:00+00:00,140.523,140.539,140.503,140.511,1199.54
2024-09-16 02:45:00+00:00,140.51,140.541,140.506,140.525,813.48
2024-09-16 02:50:00+00:00,140.526,140.542,140.506,140.522,1217.7
2024-09-16 02:55:00+00:00,140.52,140.536,140.507,140.534,1514.58
2024-09-16 03:00:00+00:00,140.533,140.543,140.508,140.524,1229.94
2024-09-16 03:05:00+00:00,140.525,140.534,140.508,140.528,823.08
2024-09-16 03:10:00+00:00,140.528,140.533,140.516,140.523,756.57
2024-09-16 03:15:00+00:00,140.523,140.535,140.513,140.521,1048.2
2024-09-16 03:20:00+00:00,140.52,140.524,140.345,140.372,1053.31
2024-09-16 03:25:00+00:00,140.371,140.403,140.168,140.25,2958.53
2024-09-16 03:30:00+00:00,140.251,140.251,140.129,140.211,1645.72
2024-09-16 03:35:00+00:00,140.213,140.22,140.063,140.145,2130.28
2024-09-16 03:40:00+00:00,140.145,140.161,140.092,140.148,1438.62
2024-09-16 03:45:00+00:00,140.152,140.155,140.047,140.047,1815.02
2024-09-16 03:50:00+00:00,140.048,140.131,140.047,140.113,1164.59
2024-09-16 03:55:00+00:00,140.114,140.138,140.066,140.12,862.23
2024-09-16 04:00:00+00:00,140.12,140.155,140.049,140.057,1661.97
2024-09-16 04:05:00+00:00,140.059,140.126,139.948,139.964,3800.79
2024-09-16 04:10:00+00:00,139.963,140.101,139.963,140.081,2237.73
2024-09-16 04:15:00+00:00,140.082,140.127,140.052,140.121,1778.13
2024-09-16 04:20:00+00:00,140.121,140.197,140.103,140.195,2356.91
2024-09-16 04:25:00+00:00,140.196,140.196,140.151,140.168,1722.63
2024-09-16 04:30:00+00:00,140.169,140.197,140.131,140.163,979.38
2024-09-16 04:35:00+00:00,140.165,140.253,140.163,140.248,1903.56
2024-09-16 04:40:00+00:00,140.248,140.3,140.235,140.245,1859.45
2024-09-16 04:45:00+00:00,140.246,140.253,140.165,140.17,3153.57
2024-09-16 04:50:00+00:00,140.169,140.247,140.162,140.232,2445.99
2024-09-16 04:55:00+00:00,140.234,140.262,140.174,140.214,1694.37
2024-09-16 05:00:00+00:00,140.213,140.216,140.102,140.112,1505.76
2024-09-16 05:05:00+00:00,140.109,140.253,140.084,140.253,1474.86
2024-09-16 05:10:00+00:00,140.255,140.287,140.215,140.278,1267.93
2024-09-16 05:15:00+00:00,140.279,140.282,140.209,140.21,1509.97
2024-09-16 05:20:00+00:00,140.209,140.215,140.146,140.169,1162.94
2024-09-16 05:25:00+00:00,140.169,140.185,140.135,140.158,724.35
2024-09-16 05:30:00+00:00,140.16,140.22,140.13,140.17,1126.44
2024-09-16 05:35:00+00:00,140.169,140.189,140.134,140.16,616.47
2024-09-16 05:40:00+00:00,140.161,140.217,140.137,140.156,1187.31
2024-09-16 05:45:00+00:00,140.157,140.177,140.088,140.092,1319.27
2024-09-16 05:50:00+00:00,140.098,140.13,140.076,140.09,1286.79
2024-09-16 05:55:00+00:00,140.092,140.194,140.064,140.192,1106.94
2024-09-16 06:00:00+00:00,140.19,140.225,140.111,140.119,2065.64
2024-09-16 06:05:00+00:00,140.125,140.172,140.023,140.153,2742.18
2024-09-16 06:10:00+00:00,140.16,140.214,140.133,140.162,2915.28
2024-09-16 06:15:00+00:00,140.163,140.231,140.047,140.064,1802.4
2024-09-16 06:20:00+00:00,140.065,140.126,140.065,140.089,1254.81
2024-09-16 06:25:00+00:00,140.089,140.153,140.08,140.152,1751.01
2024-09-16 06:30:00+00:00,140.152,140.17,140.052,140.065,2222.4
2024-09-16 06:35:00+00:00,140.062,140.094,140.013,140.025,2202.64
2024-09-16 06:40:00+00:00,140.023,140.038,139.828,139.909,3869.64
2024-09-16 06:45:00+00:00,139.909,139.932,139.724,139.81,3829.53
2024-09-16 06:50:00+00:00,139.809,139.848,139.729,139.751,3362.58
2024-09-16 06:55:00+00:00,139.758,139.852,139.75,139.852,3303.21
2024-09-16 07:00:00+00:00,139.854,139.926,139.751,139.902,4217.6
2024-09-16 07:05:00+00:00,139.904,139.933,139.865,139.876,1819.83
2024-09-16 07:10:00+00:00,139.878,139.902,139.82,139.873,2998.62
2024-09-16 07:15:00+00:00,139.873,139.873,139.709,139.713,2755.5
2024-09-16 07:20:00+00:00,139.71,139.799,139.71,139.716,2140.36
2024-09-16 07:25:00+00:00,139.716,139.758,139.647,139.722,2636.58
2024-09-16 07:30:00+00:00,139.724,139.724,139.614,139.66,3195.54
2024-09-16 07:35:00+00:00,139.66,139.701,139.576,139.641,2611.81
2024-09-16 07:40:00+00:00,139.642,139.738,139.636,139.72,3164.02
2024-09-16 07:45:00+00:00,139.719,139.781,139.701,139.777,3808.5
2024-09-16 07:50:00+00:00,139.777,139.851,139.775,139.831,2244.24
2024-09-16 07:55:00+00:00,139.83,139.93,139.795,139.875,4315.54
2024-09-16 08:00:00+00:00,139.876,139.935,139.817,139.924,5291.36
2024-09-16 08:05:00+00:00,139.924,139.943,139.819,139.823,2421.06
2024-09-16 08:10:00+00:00,139.822,139.828,139.78,139.792,2920.06
2024-09-16 08:15:00+00:00,139.791,139.798,139.736,139.751,3825.09
2024-09-16 08:20:00+00:00,139.753,139.827,139.732,139.781,3334.11
2024-09-16 08:25:00+00:00,139.781,139.834,139.765,139.783,2979.78
2024-09-16 08:30:00+00:00,139.782,139.878,139.757,139.857,3057.39
2024-09-16 08:35:00+00:00,139.856,139.933,139.851,139.92,2339.91
2024-09-16 08:40:00+00:00,139.919,139.922,139.817,139.819,2432.43
2024-09-16 08:45:00+00:00,139.818,139.841,139.789,139.825,2567.97
2024-09-16 08:50:00+00:00,139.831,139.879,139.817,139.833,1835.76
2024-09-16 08:55:00+00:00,139.833,139.862,139.782,139.851,2692.91
2024-09-16 09:00:00+00:00,139.85,139.914,139.838,139.857,2985.18
2024-09-16 09:05:00+00:00,139.856,139.945,139.829,139.884,2632.05
2024-09-16 09:10:00+00:00,139.882,139.925,139.87,139.899,3123.6
2024-09-16 09:15:00+00:00,139.899,139.984,139.898,139.942,2941.44
2024-09-16 09:20:00+00:00,139.943,139.995,139.928,139.929,3018.45
2024-09-16 09:25:00+00:00,139.929,139.953,139.905,139.942,1602.72
2024-09-16 09:30:00+00:00,139.941,140.035,139.933,140.034,2077.02
2024-09-16 09:35:00+00:00,140.032,140.143,140.03,140.116,2247.34
2024-09-16 09:40:00+00:00,140.125,140.17,140.114,140.163,2041.41
2024-09-16 09:45:00+00:00,140.164,140.24,140.157,140.208,1727.84
2024-09-16 09:50:00+00:00,140.207,140.264,140.194,140.239,2270.94
2024-09-16 09:55:00+00:00,140.243,140.275,140.188,140.204,2386.21
2024-09-16 10:00:00+00:00,140.204,140.204,140.113,140.13,2712.6
2024-09-16 10:05:00+00:00,140.131,140.169,140.105,140.157,2976.44
2024-09-16 10:10:00+00:00,140.158,140.23,140.136,140.221,2840.19
2024-09-16 10:15:00+00:00,140.222,140.229,140.138,140.182,2095.15
2024-09-16 10:20:00+00:00,140.182,140.211,140.093,140.098,2794.16
2024-09-16 10:25:00+00:00,140.098,140.137,140.093,140.098,2394.9
2024-09-16 10:30:00+00:00,140.099,140.116,140.036,140.044,3835.65
2024-09-16 10:35:00+00:00,140.04,140.071,140.022,140.04,3779.36
2024-09-16 10:40:00+00:00,140.041,140.134,140.04,140.111,1927.8
2024-09-16 10:45:00+00:00,140.113,140.116,140.045,140.054,2722.79
2024-09-16 10:50:00+00:00,140.054,140.189,140.048,140.148,2420.37
2024-09-16 10:55:00+00:00,140.148,140.159,140.12,140.124,2774.65
2024-09-16 11:00:00+00:00,140.124,140.132,140.025,140.03,2522.01
2024-09-16 11:05:00+00:00,140.028,140.103,139.981,140.086,3104.15
2024-09-16 11:10:00+00:00,140.087,140.091,140.041,140.074,2106.2
2024-09-16 11:15:00+00:00,140.076,140.135,140.032,140.118,2259.37
2024-09-16 11:20:00+00:00,140.12,140.165,140.106,140.107,2540.52
2024-09-16 11:25:00+00:00,140.108,140.145,140.05,140.087,2759.55
2024-09-16 11:30:00+00:00,140.09,140.097,140.049,140.083,2358.06
2024-09-16 11:35:00+00:00,140.084,140.091,140.01,140.017,2192.67
2024-09-16 11:40:00+00:00,140.017,140.059,140.006,140.047,2181.3
2024-09-16 11:45:00+00:00,140.048,140.096,140.025,140.044,2541.37
2024-09-16 11:50:00+00:00,140.045,140.083,140.0,140.039,1876.2
2024-09-16 11:55:00+00:00,140.039,140.039,139.876,139.886,1743.93
2024-09-16 12:00:00+00:00,139.884,139.885,139.752,139.844,3481.44
2024-09-16 12:05:00+00:00,139.849,139.924,139.829,139.901,2224.45
2024-09-16 12:10:00+00:00,139.896,139.921,139.856,139.888,3208.8
2024-09-16 12:15:00+00:00,139.888,139.942,139.859,139.892,3081.27
2024-09-16 12:20:00+00:00,139.899,139.914,139.815,139.83,2381.4
2024-09-16 12:25:00+00:00,139.831,139.846,139.759,139.826,2057.15
2024-09-16 12:30:00+00:00,139.839,139.975,139.8,139.969,2546.52
2024-09-16 12:35:00+00:00,139.971,140.316,139.962,140.268,5048.0
2024-09-16 12:40:00+00:00,140.269,140.441,140.25,140.331,4995.93
2024-09-16 12:45:00+00:00,140.332,140.429,140.293,140.39,5181.21
2024-09-16 12:50:00+00:00,140.39,140.443,140.292,140.296,4792.8
2024-09-16 12:55:00+00:00,140.295,140.335,140.206,140.238,4035.15
2024-09-16 13:00:00+00:00,140.236,140.327,140.208,140.283,3880.75
2024-09-16 13:05:00+00:00,140.282,140.328,140.244,140.311,3495.84
2024-09-16 13:10:00+00:00,140.31,140.42,140.302,140.402,2325.96
2024-09-16 13:15:00+00:00,140.4,140.437,140.322,140.39,3859.14
2024-09-16 13:20:00+00:00,140.391,140.47,140.352,140.383,3303.1
2024-09-16 13:25:00+00:00,140.382,140.428,140.357,140.388,3573.66
2024-09-16 13:30:00+00:00,140.387,140.476,140.302,140.38,6069.68
2024-09-16 13:35:00+00:00,140.387,140.433,140.284,140.414,4687.72
2024-09-16 13:40:00+00:00,140.414,140.481,140.41,140.422,4952.31
2024-09-16 13:45:00+00:00,140.422,140.477,140.404,140.46,3210.57
2024-09-16 13:50:00+00:00,140.459,140.473,140.402,140.417,4359.0
2024-09-16 13:55:00+00:00,140.416,140.457,140.363,140.455,3239.1
2024-09-16 14:00:00+00:00,140.455,140.615,140.455,140.602,3359.62
2024-09-16 14:05:00+00:00,140.602,140.701,140.586,140.701,3620.89
2024-09-16 14:10:00+00:00,140.701,140.707,140.522,140.544,4359.51
2024-09-16 14:15:00+00:00,140.545,140.601,140.516,140.575,2828.79
2024-09-16 14:20:00+00:00,140.575,140.604,140.525,140.548,2218.71
2024-09-16 14:25:00+00:00,140.547,140.564,140.486,140.524,3178.46
2024-09-16 14:30:00+00:00,140.524,140.524,140.357,140.413,3252.37
2024-09-16 14:35:00+00:00,140.413,140.456,140.321,140.347,2874.12
2024-09-16 14:40:00+00:00,140.347,140.474,140.347,140.462,2303.55
2024-09-16 14:45:00+00:00,140.462,140.506,140.41,140.434,3441.06
2024-09-16 14:50:00+00:00,140.435,140.454,140.366,140.435,3785.67
2024-09-16 14:55:00+00:00,140.435,140.475,140.403,140.448,3516.45
2024-09-16 15:00:00+00:00,140.448,140.491,140.426,140.486,2743.26
2024-09-16 15:05:00+00:00,140.485,140.615,140.482,140.599,2427.93
2024-09-16 15:10:00+00:00,140.602,140.733,140.597,140.639,2610.47
2024-09-16 15:15:00+00:00,140.641,140.646,140.543,140.554,1525.16
2024-09-16 15:20:00+00:00,140.557,140.649,140.553,140.633,2158.46
2024-09-16 15:25:00+00:00,140.631,140.671,140.608,140.629,2515.18
2024-09-16 15:30:00+00:00,140.629,140.812,140.619,140.788,3074.65
2024-09-16 15:35:00+00:00,140.788,140.828,140.754,140.758,2764.37
2024-09-16 15:40:00+00:00,140.759,140.797,140.717,140.755,3143.06
2024-09-16 15:45:00+00:00,140.756,140.875,140.736,140.87,2192.66
2024-09-16 15:50:00+00:00,140.87,140.912,140.826,140.847,3893.83
2024-09-16 15:55:00+00:00,140.847,140.861,140.795,140.8,3769.53
2024-09-16 16:00:00+00:00,140.797,140.798,140.737,140.764,2078.04
2024-09-16 16:05:00+00:00,140.765,140.765,140.724,140.737,1507.71
2024-09-16 16:10:00+00:00,140.736,140.827,140.736,140.824,2057.97
2024-09-16 16:15:00+00:00,140.823,140.856,140.777,140.784,3150.87
2024-09-16 16:20:00+00:00,140.784,140.784,140.732,140.765,2443.0
2024-09-16 16:25:00+00:00,140.765,140.833,140.764,140.817,2734.35
2024-09-16 16:30:00+00:00,140.818,140.826,140.734,140.747,2584.48
2024-09-16 16:35:00+00:00,140.748,140.758,140.718,140.737,2090.07
2024-09-16 16:40:00+00:00,140.737,140.762,140.683,140.685,1512.27
2024-09-16 16:45:00+00:00,140.686,140.718,140.657,140.673,1982.9
2024-09-16 16:50:00+00:00,140.675,140.689,140.617,140.622,1767.41
2024-09-16 16:55:00+00:00,140.622,140.654,140.602,140.64,1726.65
2024-09-16 17:00:00+00:00,140.642,140.643,140.604,140.622,1820.85
2024-09-16 17:05:00+00:00,140.623,140.642,140.6,140.602,2224.05
2024-09-16 17:10:00+00:00,140.602,140.687,140.602,140.685,2035.8
2024-09-16 17:15:00+00:00,140.686,140.693,140.633,140.654,1141.56
2024-09-16 17:20:00+00:00,140.656,140.669,140.639,140.642,1013.61
2024-09-16 17:25:00+00:00,140.642,140.67,140.626,140.669,636.15
2024-09-16 17:30:00+00:00,140.667,140.725,140.666,140.71,1069.17
2024-09-16 17:35:00+00:00,140.709,140.766,140.706,140.74,1150.65
2024-09-16 17:40:00+00:00,140.74,140.745,140.708,140.716,1664.98
2024-09-16 17:45:00+00:00,140.717,140.731,140.661,140.664,1584.59
2024-09-16 17:50:00+00:00,140.662,140.698,140.659,140.663,1412.25
2024-09-16 17:55:00+00:00,140.662,140.68,140.658,140.677,2065.62
2024-09-16 18:00:00+00:00,140.677,140.711,140.629,140.632,1916.41
2024-09-16 18:05:00+00:00,140.633,140.662,140.618,140.648,1884.33
2024-09-16 18:10:00+00:00,140.645,140.671,140.639,140.642,2507.91
2024-09-16 18:15:00+00:00,140.644,140.683,140.644,140.68,1719.15
2024-09-16 18:20:00+00:00,140.68,140.739,140.676,140.719,2707.86
2024-09-16 18:25:00+00:00,140.72,140.72,140.654,140.661,1100.76
2024-09-16 18:30:00+00:00,140.661,140.683,140.653,140.68,1996.14
2024-09-16 18:35:00+00:00,140.681,140.684,140.653,140.654,1599.45
2024-09-16 18:40:00+00:00,140.654,140.654,140.628,140.63,1030.44
2024-09-16 18:45:00+00:00,140.629,140.63,140.615,140.622,374.64
2024-09-16 18:50:00+00:00,140.621,140.674,140.616,140.671,1285.65
2024-09-16 18:55:00+00:00,140.672,140.739,140.665,140.712,2596.11
2024-09-16 19:00:00+00:00,140.712,140.773,140.708,140.766,1433.85
2024-09-16 19:05:00+00:00,140.766,140.816,140.757,140.798,1199.58
2024-09-16 19:10:00+00:00,140.799,140.846,140.797,140.845,1126.89
2024-09-16 19:15:00+00:00,140.845,140.881,140.838,140.868,925.92
2024-09-16 19:20:00+00:00,140.868,140.871,140.816,140.816,1509.42
2024-09-16 19:25:00+00:00,140.816,140.848,140.814,140.828,1207.23
2024-09-16 19:30:00+00:00,140.826,140.836,140.815,140.821,755.49
2024-09-16 19:35:00+00:00,140.821,140.824,140.755,140.768,754.23
2024-09-16 19:40:00+00:00,140.769,140.775,140.753,140.759,1155.6
2024-09-16 19:45:00+00:00,140.76,140.767,140.74,140.762,847.47
2024-09-16 19:50:00+00:00,140.762,140.764,140.725,140.729,1976.01
2024-09-16 19:55:00+00:00,140.729,140.739,140.695,140.7,1667.49
2024-09-16 20:00:00+00:00,140.7,140.72,140.628,140.646,1114.86
2024-09-16 20:05:00+00:00,140.645,140.677,140.644,140.646,607.29
2024-09-16 20:10:00+00:00,140.644,140.657,140.637,140.654,743.13
2024-09-16 20:15:00+00:00,140.655,140.683,140.65,140.672,487.53
2024-09-16 20:20:00+00:00,140.669,140.669,140.636,140.64,275.85
2024-09-16 20:25:00+00:00,140.641,140.651,140.624,140.641,443.1
2024-09-16 20:30:00+00:00,140.638,140.642,140.609,140.619,821.67
2024-09-16 20:35:00+00:00,140.62,140.633,140.611,140.617,415.59
2024-09-16 20:40:00+00:00,140.618,140.626,140.599,140.607,448.35
2024-09-16 20:45:00+00:00,140.609,140.612,140.603,140.609,460.08
2024-09-16 20:50:00+00:00,140.612,140.614,140.573,140.574,508.11
2024-09-16 20:55:00+00:00,140.577,140.614,140.575,140.599,1455.09
2024-09-16 21:00:00+00:00,140.593,140.593,140.549,140.572,5.04
2024-09-16 21:05:00+00:00,140.588,140.588,140.572,140.576,17.85
2024-09-16 21:10:00+00:00,140.572,140.598,140.566,140.598,44.1
2024-09-16 21:15:00+00:00,140.598,140.598,140.568,140.584,31.35
2024-09-16 21:20:00+00:00,140.584,140.595,140.584,140.594,15.0
2024-09-16 21:25:00+00:00,140.59,140.594,140.59,140.591,19.2
2024-09-16 21:30:00+00:00,140.592,140.596,140.591,140.593,25.05
2024-09-16 21:35:00+00:00,140.593,140.597,140.593,140.593,9.6
2024-09-16 21:40:00+00:00,140.593,140.6,140.593,140.594,24.6
2024-09-16 21:45:00+00:00,140.594,140.61,140.594,140.603,30.0
2024-09-16 21:50:00+00:00,140.599,140.604,140.598,140.604,21.9
2024-09-16 21:55:00+00:00,140.604,140.605,140.599,140.601,24.6
2024-09-16 22:00:00+00:00,140.606,140.716,140.602,140.71,239.55
2024-09-16 22:05:00+00:00,140.711,140.712,140.642,140.643,229.26
2024-09-16 22:10:00+00:00,140.646,140.691,140.644,140.687,192.6
2024-09-16 22:15:00+00:00,140.687,140.704,140.665,140.677,385.8
2024-09-16 22:20:00+00:00,140.677,140.686,140.647,140.659,132.45
2024-09-16 22:25:00+00:00,140.662,140.684,140.639,140.658,365.1
2024-09-16 22:30:00+00:00,140.657,140.717,140.657,140.707,348.27
2024-09-16 22:35:00+00:00,140.707,140.766,140.707,140.76,878.1
2024-09-16 22:40:00+00:00,140.761,140.798,140.738,140.796,640.34
2024-09-16 22:45:00+00:00,140.795,140.801,140.782,140.786,385.89
2024-09-16 22:50:00+00:00,140.786,140.835,140.783,140.819,230.0
2024-09-16 22:55:00+00:00,140.819,140.866,140.818,140.859,527.99
2024-09-16 23:00:00+00:00,140.858,140.87,140.759,140.87,1494.36
2024-09-16 23:05:00+00:00,140.87,140.959,140.854,140.954,1217.78
2024-09-16 23:10:00+00:00,140.952,140.984,140.941,140.972,426.32
2024-09-16 23:15:00+00:00,140.974,141.24,140.949,141.089,2201.35
2024-09-16 23:20:00+00:00,141.085,141.085,140.981,140.981,1678.49
2024-09-16 23:25:00+00:00,140.981,140.997,140.88,140.892,2703.26
2024-09-16 23:30:00+00:00,140.889,140.938,140.857,140.907,1108.96
2024-09-16 23:35:00+00:00,140.91,140.947,140.863,140.888,402.99
2024-09-16 23:40:00+00:00,140.887,140.915,140.853,140.854,412.53
2024-09-16 23:45:00+00:00,140.853,140.911,140.814,140.831,1684.95
2024-09-16 23:50:00+00:00,140.83,140.834,140.762,140.82,1444.33
2024-09-16 23:55:00+00:00,140.82,140.821,140.754,140.796,1197.06
2024-09-17 00:00:00+00:00,140.795,140.843,140.72,140.723,1527.52
2024-09-17 00:05:00+00:00,140.722,140.724,140.624,140.626,1149.97
2024-09-17 00:10:00+00:00,140.625,140.708,140.605,140.608,942.58
2024-09-17 00:15:00+00:00,140.606,140.708,140.585,140.69,1571.3
2024-09-17 00:20:00+00:00,140.689,140.708,140.652,140.68,1436.94
2024-09-17 00:25:00+00:00,140.68,140.726,140.631,140.653,1439.1
2024-09-17 00:30:00+00:00,140.654,140.659,140.474,140.581,2652.1
2024-09-17 00:35:00+00:00,140.587,140.636,140.509,140.628,2184.96
2024-09-17 00:40:00+00:00,140.627,140.661,140.59,140.648,1892.07
2024-09-17 00:45:00+00:00,140.651,140.735,140.649,140.729,1974.56
2024-09-17 00:50:00+00:00,140.732,140.751,140.579,140.693,2815.84
2024-09-17 00:55:00+00:00,140.698,140.722,140.659,140.663,2126.11
2024-09-17 01:00:00+00:00,140.663,140.668,140.578,140.65,2570.76
2024-09-17 01:05:00+00:00,140.65,140.657,140.557,140.558,2100.37
2024-09-17 01:10:00+00:00,140.557,140.576,140.412,140.497,3072.54
2024-09-17 01:15:00+00:00,140.495,140.555,140.42,140.467,2514.14
2024-09-17 01:20:00+00:00,140.467,140.47,140.386,140.43,2324.97
2024-09-17 01:25:00+00:00,140.432,140.467,140.388,140.458,1639.86
2024-09-17 01:30:00+00:00,140.457,140.484,140.448,140.478,1639.41
2024-09-17 01:35:00+00:00,140.477,140.536,140.403,140.495,1533.84
2024-09-17 01:40:00+00:00,140.494,140.508,140.445,140.461,1834.62
2024-09-17 01:45:00+00:00,140.461,140.481,140.43,140.477,1575.03
2024-09-17 01:50:00+00:00,140.476,140.507,140.338,140.362,2011.9
2024-09-17 01:55:00+00:00,140.362,140.464,140.36,140.442,1716.17
2024-09-17 02:00:00+00:00,140.445,140.46,140.367,140.41,1952.87
2024-09-17 02:05:00+00:00,140.411,140.427,140.353,140.364,757.74
2024-09-17 02:10:00+00:00,140.362,140.403,140.32,140.356,1739.49
2024-09-17 02:15:00+00:00,140.356,140.451,140.353,140.433,2740.65
2024-09-17 02:20:00+00:00,140.437,140.498,140.409,140.442,1434.56
2024-09-17 02:25:00+00:00,140.441,140.456,140.365,140.376,798.06
2024-09-17 02:30:00+00:00,140.375,140.403,140.338,140.343,1498.79
2024-09-17 02:35:00+00:00,140.345,140.411,140.343,140.392,1812.15
2024-09-17 02:40:00+00:00,140.391,140.451,140.384,140.443,1713.43
2024-09-17 02:45:00+00:00,140.443,140.531,140.429,140.51,1463.13
2024-09-17 02:50:00+00:00,140.514,140.546,140.507,140.527,1056.75
2024-09-17 02:55:00+00:00,140.527,140.586,140.496,140.57,1140.27
2024-09-17 03:00:00+00:00,140.572,140.624,140.572,140.613,1068.48
2024-09-17 03:05:00+00:00,140.612,140.656,140.607,140.65,1089.12
2024-09-17 03:10:00+00:00,140.649,140.667,140.571,140.586,1373.94
2024-09-17 03:15:00+00:00,140.587,140.604,140.507,140.53,1712.06
2024-09-17 03:20:00+00:00,140.529,140.529,140.459,140.479,1878.03
2024-09-17 03:25:00+00:00,140.48,140.54,140.472,140.531,1335.24
2024-09-17 03:30:00+00:00,140.53,140.6,140.53,140.595,1807.98
2024-09-17 03:35:00+00:00,140.597,140.597,140.5,140.531,1284.08
2024-09-17 03:40:00+00:00,140.532,140.594,140.499,140.593,2405.4
2024-09-17 03:45:00+00:00,140.594,140.631,140.554,140.556,2988.68
2024-09-17 03:50:00+00:00,140.556,140.634,140.545,140.57,2313.6
2024-09-17 03:55:00+00:00,140.57,140.606,140.56,140.597,1550.6
2024-09-17 04:00:00+00:00,140.594,140.67,140.594,140.618,1215.37
2024-09-17 04:05:00+00:00,140.617,140.705,140.573,140.694,1681.29
2024-09-17 04:10:00+00:00,140.693,140.749,140.667,140.714,1524.3
2024-09-17 04:15:00+00:00,140.711,140.75,140.709,140.73,1599.36
2024-09-17 04:20:00+00:00,140.726,140.747,140.702,140.732,1130.63
2024-09-17 04:25:00+00:00,140.73,140.753,140.693,140.707,1053.81
2024-09-17 04:30:00+00:00,140.709,140.73,140.681,140.707,1089.03
2024-09-17 04:35:00+00:00,140.704,140.73,140.63,140.633,1813.5
2024-09-17 04:40:00+00:00,140.633,140.654,140.617,140.642,1055.84
2024-09-17 04:45:00+00:00,140.644,140.704,140.636,140.703,1900.18
2024-09-17 04:50:00+00:00,140.702,140.712,140.63,140.633,1592.77
2024-09-17 04:55:00+00:00,140.633,140.695,140.626,140.678,1062.39
2024-09-17 05:00:00+00:00,140.68,140.778,140.678,140.749,2063.13
2024-09-17 05:05:00+00:00,140.748,140.803,140.745,140.754,2354.5
2024-09-17 05:10:00+00:00,140.756,140.786,140.721,140.758,1576.92
2024-09-17 05:15:00+00:00,140.758,140.793,140.741,140.775,2136.84
2024-09-17 05:20:00+00:00,140.777,140.787,140.731,140.766,1438.35
2024-09-17 05:25:00+00:00,140.77,140.781,140.661,140.675,1383.3
2024-09-17 05:30:00+00:00,140.676,140.693,140.543,140.554,1891.22
2024-09-17 05:35:00+00:00,140.553,140.608,140.548,140.58,1180.14
2024-09-17 05:40:00+00:00,140.58,140.58,140.504,140.557,1313.01
2024-09-17 05:45:00+00:00,140.558,140.58,140.518,140.578,1612.45
2024-09-17 05:50:00+00:00,140.577,140.704,140.554,140.694,1963.21
2024-09-17 05:55:00+00:00,140.695,140.759,140.639,140.7,1819.8
2024-09-17 06:00:00+00:00,140.699,140.723,140.568,140.571,2156.05
2024-09-17 06:05:00+00:00,140.571,140.639,140.565,140.597,2454.99
2024-09-17 06:10:00+00:00,140.599,140.617,140.574,140.601,1701.03
2024-09-17 06:15:00+00:00,140.602,140.648,140.56,140.646,2070.57
2024-09-17 06:20:00+00:00,140.645,140.663,140.572,140.579,2187.48
2024-09-17 06:25:00+00:00,140.577,140.586,140.514,140.553,2590.29
2024-09-17 06:30:00+00:00,140.55,140.614,140.529,140.574,2728.57
2024-09-17 06:35:00+00:00,140.576,140.587,140.546,140.571,1711.26
2024-09-17 06:40:00+00:00,140.572,140.586,140.519,140.53,1505.52
2024-09-17 06:45:00+00:00,140.531,140.644,140.526,140.641,1779.24
2024-09-17 06:50:00+00:00,140.643,140.663,140.586,140.617,2264.04
2024-09-17 06:55:00+00:00,140.618,140.688,140.61,140.678,2217.48
2024-09-17 07:00:00+00:00,140.679,140.696,140.566,140.577,2436.85
2024-09-17 07:05:00+00:00,140.575,140.584,140.447,140.465,3507.15
2024-09-17 07:10:00+00:00,140.466,140.504,140.378,140.389,3238.15
2024-09-17 07:15:00+00:00,140.393,140.447,140.369,140.438,2509.68
2024-09-17 07:20:00+00:00,140.436,140.451,140.348,140.403,3194.37
2024-09-17 07:25:00+00:00,140.403,140.481,140.398,140.461,2330.25
2024-09-17 07:30:00+00:00,140.461,140.496,140.438,140.483,3011.7
2024-09-17 07:35:00+00:00,140.485,140.526,140.485,140.506,2003.3
2024-09-17 07:40:00+00:00,140.507,140.51,140.43,140.44,1578.33
2024-09-17 07:45:00+00:00,140.439,140.551,140.405,140.539,2232.21
2024-09-17 07:50:00+00:00,140.538,140.557,140.483,140.537,2062.73
2024-09-17 07:55:00+00:00,140.535,140.62,140.535,140.6,3536.49
2024-09-17 08:00:00+00:00,140.598,140.662,140.591,140.641,2548.84
2024-09-17 08:05:00+00:00,140.64,140.646,140.59,140.633,2032.05
2024-09-17 08:10:00+00:00,140.632,140.693,140.619,140.689,1886.25
2024-09-17 08:15:00+00:00,140.689,140.695,140.596,140.599,1556.37
2024-09-17 08:20:00+00:00,140.6,140.623,140.561,140.573,1423.38
2024-09-17 08:25:00+00:00,140.577,140.589,140.546,140.554,1849.54
2024-09-17 08:30:00+00:00,140.555,140.562,140.476,140.482,1603.77
2024-09-17 08:35:00+00:00,140.483,140.533,140.446,140.462,1273.65
2024-09-17 08:40:00+00:00,140.464,140.565,140.438,140.557,1286.94
2024-09-17 08:45:00+00:00,140.558,140.581,140.526,140.533,1565.73
2024-09-17 08:50:00+00:00,140.534,140.566,140.519,140.558,2221.8
2024-09-17 08:55:00+00:00,140.561,140.623,140.559,140.57,2753.04
2024-09-17 09:00:00+00:00,140.57,140.601,140.524,140.535,2421.78
2024-09-17 09:05:00+00:00,140.535,140.546,140.499,140.5,2286.27
2024-09-17 09:10:00+00:00,140.5,140.525,140.472,140.515,1985.55
2024-09-17 09:15:00+00:00,140.515,140.569,140.515,140.549,1629.31
2024-09-17 09:20:00+00:00,140.549,140.561,140.484,140.542,1844.1
2024-09-17 09:25:00+00:00,140.542,140.577,140.537,140.561,2110.04
2024-09-17 09:30:00+00:00,140.562,140.595,140.55,140.558,1584.13
2024-09-17 09:35:00+00:00,140.558,140.561,140.494,140.509,1690.5
2024-09-17 09:40:00+00:00,140.509,140.572,140.499,140.553,1183.65
2024-09-17 09:45:00+00:00,140.555,140.614,140.555,140.588,1561.89
2024-09-17 09:50:00+00:00,140.588,140.628,140.585,140.611,1998.78
2024-09-17 09:55:00+00:00,140.614,140.65,140.613,140.641,2925.57
2024-09-17 10:00:00+00:00,140.64,140.64,140.583,140.589,2746.16
2024-09-17 10:05:00+00:00,140.588,140.603,140.575,140.598,1946.25
2024-09-17 10:10:00+00:00,140.596,140.608,140.58,140.585,1972.89
2024-09-17 10:15:00+00:00,140.587,140.625,140.584,140.617,558.57
2024-09-17 10:20:00+00:00,140.62,140.639,140.62,140.629,343.26
2024-09-17 10:25:00+00:00,140.634,140.666,140.623,140.658,1971.03
2024-09-17 10:30:00+00:00,140.659,140.666,140.621,140.635,1157.97
2024-09-17 10:35:00+00:00,140.634,140.636,140.589,140.596,1888.35
2024-09-17 10:40:00+00:00,140.598,140.666,140.595,140.658,1533.3
2024-09-17 10:45:00+00:00,140.659,140.669,140.649,140.659,732.63
2024-09-17 10:50:00+00:00,140.661,140.67,140.649,140.667,966.36
2024-09-17 10:55:00+00:00,140.665,140.68,140.609,140.666,1827.76
2024-09-17 11:00:00+00:00,140.666,140.726,140.661,140.724,1298.1
2024-09-17 11:05:00+00:00,140.722,140.741,140.694,140.714,836.61
2024-09-17 11:10:00+00:00,140.714,140.715,140.685,140.691,900.24
2024-09-17 11:15:00+00:00,140.699,140.704,140.649,140.67,1194.84
2024-09-17 11:20:00+00:00,140.669,140.67,140.632,140.646,1617.66
2024-09-17 11:25:00+00:00,140.646,140.663,140.63,140.637,1461.42
2024-09-17 11:30:00+00:00,140.636,140.647,140.598,140.613,1749.57
2024-09-17 11:35:00+00:00,140.614,140.616,140.529,140.598,1666.45
2024-09-17 11:40:00+00:00,140.596,140.607,140.553,140.558,1744.04
2024-09-17 11:45:00+00:00,140.558,140.559,140.479,140.517,2082.0
2024-09-17 11:50:00+00:00,140.518,140.58,140.509,140.566,992.13
2024-09-17 11:55:00+00:00,140.565,140.625,140.562,140.605,1518.78
2024-09-17 12:00:00+00:00,140.604,140.664,140.6,140.647,3159.24
2024-09-17 12:05:00+00:00,140.647,140.696,140.624,140.686,2590.27
2024-09-17 12:10:00+00:00,140.687,140.701,140.656,140.691,2457.51
2024-09-17 12:15:00+00:00,140.692,140.71,140.67,140.681,2131.79
2024-09-17 12:20:00+00:00,140.679,140.699,140.643,140.654,2834.57
2024-09-17 12:25:00+00:00,140.654,140.787,140.622,140.74,2663.16
2024-09-17 12:30:00+00:00,140.747,141.079,140.541,140.911,7418.88
2024-09-17 12:35:00+00:00,140.912,140.97,140.779,140.964,5723.58
2024-09-17 12:40:00+00:00,140.964,141.027,140.877,140.927,5038.13
2024-09-17 12:45:00+00:00,140.926,140.946,140.847,140.91,4250.55
2024-09-17 12:50:00+00:00,140.914,140.998,140.893,140.941,4091.13
2024-09-17 12:55:00+00:00,140.944,141.126,140.944,140.97,4594.45
2024-09-17 13:00:00+00:00,140.968,141.113,140.928,141.113,2861.7
2024-09-17 13:05:00+00:00,141.113,141.144,140.954,140.969,2207.33
2024-09-17 13:10:00+00:00,140.969,141.011,140.868,140.88,2624.65
2024-09-17 13:15:00+00:00,140.878,140.993,140.877,140.954,3690.27
2024-09-17 13:20:00+00:00,140.955,141.109,140.954,141.074,5039.09
2024-09-17 13:25:00+00:00,141.074,141.176,141.057,141.14,5075.81
2024-09-17 13:30:00+00:00,141.138,141.33,141.138,141.206,5966.57
2024-09-17 13:35:00+00:00,141.206,141.308,141.124,141.306,6120.72
2024-09-17 13:40:00+00:00,141.305,141.318,141.213,141.288,5285.54
2024-09-17 13:45:00+00:00,141.285,141.487,141.282,141.44,5593.06
2024-09-17 13:50:00+00:00,141.444,141.626,141.416,141.595,5391.84
2024-09-17 13:55:00+00:00,141.596,141.662,141.561,141.58,5772.66
2024-09-17 14:00:00+00:00,141.583,141.685,141.529,141.629,4523.49
2024-09-17 14:05:00+00:00,141.628,141.644,141.559,141.603,4541.23
2024-09-17 14:10:00+00:00,141.603,141.807,141.587,141.706,5736.68
2024-09-17 14:15:00+00:00,141.709,141.712,141.572,141.672,6579.12
2024-09-17 14:20:00+00:00,141.672,141.696,141.586,141.629,5066.84
2024-09-17 14:25:00+00:00,141.629,141.691,141.598,141.678,3958.57
2024-09-17 14:30:00+00:00,141.677,141.848,141.676,141.749,4960.0
2024-09-17 14:35:00+00:00,141.747,141.761,141.657,141.73,4087.15
2024-09-17 14:40:00+00:00,141.729,141.797,141.726,141.74,3912.73
2024-09-17 14:45:00+00:00,141.741,141.86,141.733,141.843,4977.12
2024-09-17 14:50:00+00:00,141.842,141.901,141.759,141.84,5257.53
2024-09-17 14:55:00+00:00,141.84,141.84,141.668,141.699,6229.74
2024-09-17 15:00:00+00:00,141.699,141.699,141.592,141.605,4631.88
2024-09-17 15:05:00+00:00,141.603,141.712,141.603,141.705,3029.67
2024-09-17 15:10:00+00:00,141.706,141.715,141.583,141.585,2901.51
2024-09-17 15:15:00+00:00,141.587,141.711,141.583,141.693,3193.56
2024-09-17 15:20:00+00:00,141.693,141.774,141.648,141.759,2767.28
2024-09-17 15:25:00+00:00,141.762,141.794,141.722,141.726,3836.04
2024-09-17 15:30:00+00:00,141.726,141.735,141.686,141.722,3646.59
2024-09-17 15:35:00+00:00,141.722,141.764,141.722,141.759,1443.31
2024-09-17 15:40:00+00:00,141.76,141.81,141.743,141.793,1348.38
2024-09-17 15:45:00+00:00,141.796,141.811,141.725,141.76,1290.39
2024-09-17 15:50:00+00:00,141.761,141.762,141.72,141.74,1290.75
2024-09-17 15:55:00+00:00,141.739,141.781,141.716,141.774,1406.64
2024-09-17 16:00:00+00:00,141.775,141.799,141.762,141.782,874.65
2024-09-17 16:05:00+00:00,141.783,141.814,141.753,141.794,886.47
2024-09-17 16:10:00+00:00,141.794,141.831,141.735,141.83,1183.48
2024-09-17 16:15:00+00:00,141.826,141.861,141.819,141.824,1970.7
2024-09-17 16:20:00+00:00,141.823,141.866,141.773,141.861,2247.84
2024-09-17 16:25:00+00:00,141.861,141.962,141.85,141.952,2163.49
2024-09-17 16:30:00+00:00,141.952,141.994,141.945,141.952,2962.07
2024-09-17 16:35:00+00:00,141.955,141.965,141.829,141.834,3759.71
2024-09-17 16:40:00+00:00,141.835,141.846,141.778,141.792,2020.1
2024-09-17 16:45:00+00:00,141.792,141.801,141.699,141.75,2273.88
2024-09-17 16:50:00+00:00,141.748,141.791,141.689,141.785,1891.35
2024-09-17 16:55:00+00:00,141.784,141.815,141.707,141.734,2844.56
2024-09-17 17:00:00+00:00,141.734,141.802,141.719,141.8,2704.23
2024-09-17 17:05:00+00:00,141.802,141.917,141.79,141.909,2717.77
2024-09-17 17:10:00+00:00,141.908,141.944,141.829,141.833,1731.73
2024-09-17 17:15:00+00:00,141.832,141.863,141.787,141.851,1267.26
2024-09-17 17:20:00+00:00,141.853,141.911,141.841,141.903,1330.6
2024-09-17 17:25:00+00:00,141.902,141.972,141.886,141.931,2702.82
2024-09-17 17:30:00+00:00,141.933,142.006,141.929,141.965,2395.46
2024-09-17 17:35:00+00:00,141.966,141.987,141.915,141.944,2621.07
2024-09-17 17:40:00+00:00,141.943,141.952,141.878,141.897,1320.6
2024-09-17 17:45:00+00:00,141.896,141.924,141.847,141.918,1614.51
2024-09-17 17:50:00+00:00,141.918,141.918,141.888,141.909,1190.52
2024-09-17 17:55:00+00:00,141.908,141.919,141.882,141.901,2070.66
2024-09-17 18:00:00+00:00,141.904,141.958,141.883,141.948,3136.29
2024-09-17 18:05:00+00:00,141.949,141.987,141.945,141.949,1834.47
2024-09-17 18:10:00+00:00,141.952,141.96,141.902,141.902,3160.83
2024-09-17 18:15:00+00:00,141.905,141.96,141.902,141.943,1646.49
2024-09-17 18:20:00+00:00,141.941,141.957,141.909,141.922,1150.77
2024-09-17 18:25:00+00:00,141.922,141.932,141.882,141.902,859.83
2024-09-17 18:30:00+00:00,141.902,141.913,141.89,141.904,1423.17
2024-09-17 18:35:00+00:00,141.903,141.913,141.837,141.857,1804.74
2024-09-17 18:40:00+00:00,141.857,141.918,141.843,141.904,1872.24
2024-09-17 18:45:00+00:00,141.905,141.91,141.85,141.864,1646.97
2024-09-17 18:50:00+00:00,141.863,141.874,141.806,141.871,1647.27
2024-09-17 18:55:00+00:00,141.87,141.873,141.795,141.809,1579.9
2024-09-17 19:00:00+00:00,141.81,141.834,141.78,141.828,2076.48
2024-09-17 19:05:00+00:00,141.828,141.872,141.82,141.871,1050.78
2024-09-17 19:10:00+00:00,141.872,141.95,141.859,141.939,1295.07
2024-09-17 19:15:00+00:00,141.938,142.02,141.93,142.014,1144.08
2024-09-17 19:20:00+00:00,142.015,142.083,142.006,142.07,1740.03
2024-09-17 19:25:00+00:00,142.073,142.179,142.067,142.125,2850.87
2024-09-17 19:30:00+00:00,142.127,142.145,142.073,142.141,1609.57
2024-09-17 19:35:00+00:00,142.141,142.297,142.138,142.203,2199.07
2024-09-17 19:40:00+00:00,142.205,142.206,142.153,142.166,1271.3
2024-09-17 19:45:00+00:00,142.163,142.225,142.159,142.221,1285.56
2024-09-17 19:50:00+00:00,142.224,142.245,142.179,142.196,1781.73
2024-09-17 19:55:00+00:00,142.197,142.235,142.18,142.223,2797.65
2024-09-17 20:00:00+00:00,142.221,142.274,142.212,142.25,2688.21
2024-09-17 20:05:00+00:00,142.25,142.305,142.248,142.264,1208.24
2024-09-17 20:10:00+00:00,142.264,142.29,142.257,142.26,746.55
2024-09-17 20:15:00+00:00,142.263,142.271,142.223,142.237,476.7
2024-09-17 20:20:00+00:00,142.237,142.238,142.196,142.209,1262.4
2024-09-17 20:25:00+00:00,142.209,142.265,142.198,142.255,1197.6
2024-09-17 20:30:00+00:00,142.253,142.346,142.253,142.335,599.49
2024-09-17 20:35:00+00:00,142.334,142.399,142.314,142.39,491.71
2024-09-17 20:40:00+00:00,142.387,142.438,142.386,142.432,1200.45
2024-09-17 20:45:00+00:00,142.43,142.464,142.418,142.442,874.89
2024-09-17 20:50:00+00:00,142.44,142.446,142.397,142.405,1117.95
2024-09-17 20:55:00+00:00,142.403,142.422,142.377,142.392,2243.93
2024-09-17 21:00:00+00:00,142.39,142.39,142.338,142.35,36.3
2024-09-17 21:05:00+00:00,142.351,142.367,142.337,142.355,76.03
2024-09-17 21:10:00+00:00,142.344,142.385,142.325,142.378,50.85
2024-09-17 21:15:00+00:00,142.382,142.382,142.332,142.341,36.9
2024-09-17 21:20:00+00:00,142.339,142.339,142.339,142.339,3.6
2024-09-17 21:25:00+00:00,142.339,142.344,142.329,142.334,19.35
2024-09-17 21:30:00+00:00,142.334,142.342,142.332,142.338,25.2
2024-09-17 21:35:00+00:00,142.333,142.334,142.32,142.329,34.23
2024-09-17 21:40:00+00:00,142.334,142.346,142.334,142.335,26.52
2024-09-17 21:45:00+00:00,142.334,142.339,142.331,142.339,21.9
2024-09-17 21:50:00+00:00,142.334,142.338,142.334,142.338,8.4
2024-09-17 21:55:00+00:00,142.34,142.34,142.336,142.34,9.9
2024-09-17 22:00:00+00:00,142.351,142.376,142.344,142.354,141.25
2024-09-17 22:05:00+00:00,142.354,142.354,142.277,142.28,394.71
2024-09-17 22:10:00+00:00,142.28,142.303,142.278,142.289,283.31
2024-09-17 22:15:00+00:00,142.29,142.299,142.278,142.281,246.08
2024-09-17 22:20:00+00:00,142.281,142.29,142.278,142.282,279.36
2024-09-17 22:25:00+00:00,142.279,142.282,142.243,142.245,404.0
2024-09-17 22:30:00+00:00,142.247,142.253,142.186,142.215,1017.27
2024-09-17 22:35:00+00:00,142.213,142.217,142.151,142.167,730.93
2024-09-17 22:40:00+00:00,142.168,142.176,142.132,142.137,1001.17
2024-09-17 22:45:00+00:00,142.138,142.138,142.083,142.1,1667.92
2024-09-17 22:50:00+00:00,142.098,142.104,142.009,142.063,1764.53
2024-09-17 22:55:00+00:00,142.062,142.072,142.018,142.042,757.34
2024-09-17 23:00:00+00:00,142.043,142.097,142.036,142.047,1960.43
2024-09-17 23:05:00+00:00,142.047,142.049,141.988,142.001,2078.26
2024-09-17 23:10:00+00:00,142.001,142.041,141.956,141.99,906.4
2024-09-17 23:15:00+00:00,141.994,142.013,141.956,141.961,621.46
2024-09-17 23:20:00+00:00,141.964,142.041,141.964,142.009,760.0
2024-09-17 23:25:00+00:00,142.008,142.025,141.959,141.979,613.55
2024-09-17 23:30:00+00:00,141.98,142.01,141.911,141.918,819.71
2024-09-17 23:35:00+00:00,141.919,141.951,141.897,141.897,758.79
2024-09-17 23:40:00+00:00,141.899,141.945,141.898,141.919,484.96
2024-09-17 23:45:00+00:00,141.918,141.966,141.894,141.959,507.54
2024-09-17 23:50:00+00:00,141.962,142.001,141.959,141.982,600.86
2024-09-17 23:55:00+00:00,141.981,142.039,141.973,142.006,559.98
2024-09-18 00:00:00+00:00,142.008,142.02,141.858,141.893,1459.23
2024-09-18 00:05:00+00:00,141.899,141.935,141.819,141.834,1724.77
2024-09-18 00:10:00+00:00,141.834,141.91,141.812,141.85,2205.08
2024-09-18 00:15:00+00:00,141.847,141.869,141.775,141.869,1928.79
2024-09-18 00:20:00+00:00,141.869,141.909,141.822,141.828,2176.92
2024-09-18 00:25:00+00:00,141.828,141.843,141.772,141.83,1502.16
2024-09-18 00:30:00+00:00,141.828,141.861,141.767,141.776,2942.19
2024-09-18 00:35:00+00:00,141.775,141.796,141.748,141.776,1240.44
2024-09-18 00:40:00+00:00,141.777,141.851,141.753,141.809,1745.19
2024-09-18 00:45:00+00:00,141.808,141.861,141.806,141.828,1308.04
2024-09-18 00:50:00+00:00,141.827,141.879,141.546,141.546,3796.94
2024-09-18 00:55:00+00:00,141.565,141.67,141.565,141.649,2961.92
2024-09-18 01:00:00+00:00,141.648,141.69,141.577,141.608,1953.15
2024-09-18 01:05:00+00:00,141.604,141.69,141.591,141.677,2026.02
2024-09-18 01:10:00+00:00,141.674,141.706,141.627,141.7,2420.19
2024-09-18 01:15:00+00:00,141.699,141.732,141.666,141.722,2401.02
2024-09-18 01:20:00+00:00,141.721,141.725,141.627,141.724,1732.12
2024-09-18 01:25:00+00:00,141.725,141.752,141.703,141.746,1470.98
2024-09-18 01:30:00+00:00,141.745,141.762,141.638,141.695,946.59
2024-09-18 01:35:00+00:00,141.696,141.745,141.66,141.733,757.56
2024-09-18 01:40:00+00:00,141.732,141.735,141.593,141.603,1352.43
2024-09-18 01:45:00+00:00,141.6,141.642,141.547,141.622,2241.72
2024-09-18 01:50:00+00:00,141.622,141.644,141.559,141.566,1214.46
2024-09-18 01:55:00+00:00,141.567,141.572,141.468,141.519,1785.56
2024-09-18 02:00:00+00:00,141.518,141.56,141.476,141.559,1612.86
2024-09-18 02:05:00+00:00,141.559,141.614,141.539,141.567,1268.09
2024-09-18 02:10:00+00:00,141.568,141.624,141.564,141.583,921.81
2024-09-18 02:15:00+00:00,141.586,141.594,141.528,141.532,1134.96
2024-09-18 02:20:00+00:00,141.532,141.563,141.502,141.511,819.69
2024-09-18 02:25:00+00:00,141.512,141.577,141.507,141.561,905.3
2024-09-18 02:30:00+00:00,141.56,141.56,141.461,141.476,1083.86
2024-09-18 02:35:00+00:00,141.478,141.485,141.402,141.435,761.34
2024-09-18 02:40:00+00:00,141.433,141.458,141.376,141.437,1442.65
2024-09-18 02:45:00+00:00,141.436,141.447,141.412,141.447,641.67
2024-09-18 02:50:00+00:00,141.447,141.485,141.395,141.466,351.18
2024-09-18 02:55:00+00:00,141.468,141.489,141.443,141.468,977.59
2024-09-18 03:00:00+00:00,141.466,141.466,141.359,141.37,2069.61
2024-09-18 03:05:00+00:00,141.37,141.4,141.352,141.378,887.07
2024-09-18 03:10:00+00:00,141.378,141.427,141.376,141.392,1082.79
2024-09-18 03:15:00+00:00,141.39,141.447,141.384,141.439,932.46
2024-09-18 03:20:00+00:00,141.44,141.44,141.391,141.395,1459.44
2024-09-18 03:25:00+00:00,141.396,141.406,141.354,141.357,949.83
2024-09-18 03:30:00+00:00,141.355,141.377,141.29,141.377,1405.18
2024-09-18 03:35:00+00:00,141.381,141.396,141.348,141.359,1595.44
2024-09-18 03:40:00+00:00,141.359,141.407,141.351,141.406,894.84
2024-09-18 03:45:00+00:00,141.407,141.414,141.377,141.388,796.8
2024-09-18 03:50:00+00:00,141.388,141.433,141.388,141.416,771.15
2024-09-18 03:55:00+00:00,141.418,141.426,141.359,141.391,1538.61
2024-09-18 04:00:00+00:00,141.39,141.425,141.373,141.386,1189.65
2024-09-18 04:05:00+00:00,141.384,141.426,141.363,141.426,1416.3
2024-09-18 04:10:00+00:00,141.427,141.438,141.404,141.42,1297.49
2024-09-18 04:15:00+00:00,141.42,141.493,141.417,141.476,1091.28
2024-09-18 04:20:00+00:00,141.477,141.555,141.477,141.526,1285.26
2024-09-18 04:25:00+00:00,141.526,141.534,141.458,141.46,1477.23
2024-09-18 04:30:00+00:00,141.462,141.464,141.371,141.387,2346.19
2024-09-18 04:35:00+00:00,141.387,141.41,141.322,141.355,1510.53
2024-09-18 04:40:00+00:00,141.354,141.395,141.351,141.376,957.15
2024-09-18 04:45:00+00:00,141.377,141.424,141.372,141.372,550.29
2024-09-18 04:50:00+00:00,141.373,141.374,141.259,141.265,1128.45
2024-09-18 04:55:00+00:00,141.263,141.322,141.223,141.315,1550.56
2024-09-18 05:00:00+00:00,141.316,141.369,141.278,141.359,1217.31
2024-09-18 05:05:00+00:00,141.358,141.381,141.333,141.359,635.79
2024-09-18 05:10:00+00:00,141.357,141.402,141.348,141.377,958.95
2024-09-18 05:15:00+00:00,141.378,141.39,141.339,141.363,681.75
2024-09-18 05:20:00+00:00,141.364,141.366,141.32,141.352,778.05
2024-09-18 05:25:00+00:00,141.351,141.425,141.349,141.414,1156.32
2024-09-18 05:30:00+00:00,141.412,141.425,141.288,141.336,1382.62
2024-09-18 05:35:00+00:00,141.335,141.37,141.287,141.324,1647.22
2024-09-18 05:40:00+00:00,141.324,141.445,141.313,141.433,900.66
2024-09-18 05:45:00+00:00,141.433,141.468,141.421,141.439,869.61
2024-09-18 05:50:00+00:00,141.436,141.474,141.41,141.455,578.87
2024-09-18 05:55:00+00:00,141.454,141.54,141.449,141.532,1269.87
2024-09-18 06:00:00+00:00,141.532,141.549,141.439,141.459,2334.01
2024-09-18 06:05:00+00:00,141.459,141.572,141.459,141.56,2522.51
2024-09-18 06:10:00+00:00,141.558,141.69,141.553,141.641,2443.53
2024-09-18 06:15:00+00:00,141.643,141.704,141.583,141.59,1485.52
2024-09-18 06:20:00+00:00,141.588,141.629,141.555,141.564,890.57
2024-09-18 06:25:00+00:00,141.568,141.611,141.537,141.577,929.9
2024-09-18 06:30:00+00:00,141.578,141.582,141.54,141.56,854.43
2024-09-18 06:35:00+00:00,141.561,141.6,141.541,141.569,1345.71
2024-09-18 06:40:00+00:00,141.567,141.647,141.531,141.647,1563.72
2024-09-18 06:45:00+00:00,141.65,141.686,141.635,141.658,1423.08
2024-09-18 06:50:00+00:00,141.661,141.663,141.545,141.581,1078.47
2024-09-18 06:55:00+00:00,141.58,141.593,141.508,141.545,1818.69
2024-09-18 07:00:00+00:00,141.546,141.705,141.529,141.693,1656.6
2024-09-18 07:05:00+00:00,141.692,141.75,141.652,141.71,2792.04
2024-09-18 07:10:00+00:00,141.708,141.756,141.691,141.752,1164.06
2024-09-18 07:15:00+00:00,141.754,141.755,141.619,141.639,2101.97
2024-09-18 07:20:00+00:00,141.642,141.725,141.623,141.707,1202.4
2024-09-18 07:25:00+00:00,141.709,141.788,141.694,141.768,2257.71
2024-09-18 07:30:00+00:00,141.769,141.806,141.717,141.738,2051.22
2024-09-18 07:35:00+00:00,141.737,141.805,141.737,141.776,1474.65
2024-09-18 07:40:00+00:00,141.774,141.798,141.754,141.776,1830.72
2024-09-18 07:45:00+00:00,141.777,141.787,141.732,141.76,1620.14
2024-09-18 07:50:00+00:00,141.759,141.768,141.733,141.753,815.04
2024-09-18 07:55:00+00:00,141.752,141.928,141.736,141.878,2588.43
2024-09-18 08:00:00+00:00,141.882,141.923,141.851,141.855,2044.35
2024-09-18 08:05:00+00:00,141.855,141.909,141.816,141.881,3257.86
2024-09-18 08:10:00+00:00,141.881,141.927,141.85,141.919,2418.06
2024-09-18 08:15:00+00:00,141.927,141.994,141.917,141.932,2145.48
2024-09-18 08:20:00+00:00,141.934,141.941,141.842,141.843,1956.01
2024-09-18 08:25:00+00:00,141.841,141.851,141.772,141.795,2534.55
2024-09-18 08:30:00+00:00,141.798,141.8,141.725,141.744,1431.33
2024-09-18 08:35:00+00:00,141.743,141.751,141.679,141.683,1539.73
2024-09-18 08:40:00+00:00,141.684,141.749,141.678,141.678,850.14
2024-09-18 08:45:00+00:00,141.68,141.7,141.65,141.675,1054.26
2024-09-18 08:50:00+00:00,141.673,141.757,141.655,141.741,1251.39
2024-09-18 08:55:00+00:00,141.741,141.75,141.682,141.71,1131.45
2024-09-18 09:00:00+00:00,141.71,141.81,141.71,141.734,1392.86
2024-09-18 09:05:00+00:00,141.735,141.763,141.693,141.698,1559.58
2024-09-18 09:10:00+00:00,141.698,141.709,141.645,141.701,697.29
2024-09-18 09:15:00+00:00,141.703,141.704,141.654,141.666,523.42
2024-09-18 09:20:00+00:00,141.667,141.671,141.602,141.626,897.43
2024-09-18 09:25:00+00:00,141.624,141.703,141.613,141.692,1524.22
2024-09-18 09:30:00+00:00,141.693,141.751,141.691,141.726,1261.83
2024-09-18 09:35:00+00:00,141.725,141.744,141.66,141.708,1013.67
2024-09-18 09:40:00+00:00,141.711,141.731,141.693,141.705,319.89
2024-09-18 09:45:00+00:00,141.707,141.712,141.618,141.62,2269.22
2024-09-18 09:50:00+00:00,141.62,141.681,141.568,141.649,1725.21
2024-09-18 09:55:00+00:00,141.647,141.676,141.641,141.646,1684.16
2024-09-18 10:00:00+00:00,141.646,141.682,141.636,141.673,1043.65
2024-09-18 10:05:00+00:00,141.673,141.707,141.604,141.621,2457.78
2024-09-18 10:10:00+00:00,141.622,141.655,141.609,141.632,1160.1
2024-09-18 10:15:00+00:00,141.631,141.652,141.588,141.609,1146.14
2024-09-18 10:20:00+00:00,141.611,141.642,141.594,141.601,716.46
2024-09-18 10:25:00+00:00,141.601,141.609,141.556,141.568,1280.31
2024-09-18 10:30:00+00:00,141.569,141.615,141.549,141.613,2103.93
2024-09-18 10:35:00+00:00,141.612,141.644,141.594,141.615,525.9
2024-09-18 10:40:00+00:00,141.614,141.638,141.559,141.638,1313.07
2024-09-18 10:45:00+00:00,141.641,141.655,141.58,141.585,1854.6
2024-09-18 10:50:00+00:00,141.587,141.61,141.558,141.568,1710.45
2024-09-18 10:55:00+00:00,141.567,141.613,141.559,141.605,2888.19
2024-09-18 11:00:00+00:00,141.604,141.666,141.602,141.66,1746.15
2024-09-18 11:05:00+00:00,141.66,141.665,141.558,141.595,3152.35
2024-09-18 11:10:00+00:00,141.594,141.708,141.574,141.685,1250.34
2024-09-18 11:15:00+00:00,141.686,141.725,141.661,141.724,1095.03
2024-09-18 11:20:00+00:00,141.723,141.726,141.681,141.686,1755.24
2024-09-18 11:25:00+00:00,141.686,141.727,141.674,141.711,1936.8
2024-09-18 11:30:00+00:00,141.712,141.735,141.69,141.714,1623.28
2024-09-18 11:35:00+00:00,141.712,141.781,141.706,141.775,2662.26
2024-09-18 11:40:00+00:00,141.775,141.829,141.766,141.775,1944.43
2024-09-18 11:45:00+00:00,141.774,141.793,141.758,141.79,1217.25
2024-09-18 11:50:00+00:00,141.79,141.897,141.78,141.891,1970.65
2024-09-18 11:55:00+00:00,141.891,141.912,141.837,141.846,2662.71
2024-09-18 12:00:00+00:00,141.846,141.892,141.843,141.853,1554.45
2024-09-18 12:05:00+00:00,141.853,141.983,141.814,141.981,1543.62
2024-09-18 12:10:00+00:00,141.986,142.058,141.938,142.032,2807.5
2024-09-18 12:15:00+00:00,142.033,142.044,141.938,141.947,2423.37
2024-09-18 12:20:00+00:00,141.953,141.953,141.844,141.899,3110.37
2024-09-18 12:25:00+00:00,141.899,141.934,141.874,141.903,2185.29
2024-09-18 12:30:00+00:00,141.904,142.012,141.86,141.871,1196.57
2024-09-18 12:35:00+00:00,141.873,141.907,141.812,141.858,1328.09
2024-09-18 12:40:00+00:00,141.859,141.936,141.825,141.854,2994.54
2024-09-18 12:45:00+00:00,141.854,141.9,141.825,141.862,3259.83
2024-09-18 12:50:00+00:00,141.862,141.953,141.854,141.941,1575.06
2024-09-18 12:55:00+00:00,141.945,141.993,141.898,141.925,2278.98
2024-09-18 13:00:00+00:00,141.923,141.923,141.746,141.749,3751.38
2024-09-18 13:05:00+00:00,141.751,141.771,141.695,141.717,2548.09
2024-09-18 13:10:00+00:00,141.716,141.784,141.677,141.725,2204.61
2024-09-18 13:15:00+00:00,141.726,141.779,141.709,141.709,1148.14
2024-09-18 13:20:00+00:00,141.712,141.788,141.688,141.772,1046.06
2024-09-18 13:25:00+00:00,141.771,141.794,141.752,141.784,1639.08
2024-09-18 13:30:00+00:00,141.784,141.829,141.696,141.811,2545.74
2024-09-18 13:35:00+00:00,141.812,141.857,141.798,141.818,3049.18
2024-09-18 13:40:00+00:00,141.817,141.91,141.814,141.83,2791.53
2024-09-18 13:45:00+00:00,141.83,141.849,141.79,141.845,2381.47
2024-09-18 13:50:00+00:00,141.844,141.892,141.783,141.792,2862.04
2024-09-18 13:55:00+00:00,141.793,141.836,141.741,141.76,3169.99
2024-09-18 14:00:00+00:00,141.758,141.803,141.723,141.766,3429.78
2024-09-18 14:05:00+00:00,141.767,141.824,141.699,141.712,3262.82
2024-09-18 14:10:00+00:00,141.712,141.774,141.696,141.726,2608.48
2024-09-18 14:15:00+00:00,141.726,141.869,141.703,141.84,1952.61
2024-09-18 14:20:00+00:00,141.84,141.926,141.768,141.827,2662.09
2024-09-18 14:25:00+00:00,141.82,141.92,141.789,141.918,1891.44
2024-09-18 14:30:00+00:00,141.919,141.956,141.879,141.921,2054.29
2024-09-18 14:35:00+00:00,141.926,141.943,141.863,141.888,2157.87
2024-09-18 14:40:00+00:00,141.888,141.888,141.833,141.875,1976.57
2024-09-18 14:45:00+00:00,141.877,141.94,141.824,141.94,2252.31
2024-09-18 14:50:00+00:00,141.94,142.064,141.938,142.025,3718.37
2024-09-18 14:55:00+00:00,142.029,142.066,141.988,142.0,4121.45
2024-09-18 15:00:00+00:00,142.003,142.035,141.92,141.929,4212.92
2024-09-18 15:05:00+00:00,141.929,141.96,141.862,141.942,3501.48
2024-09-18 15:10:00+00:00,141.943,141.98,141.895,141.954,2843.43
2024-09-18 15:15:00+00:00,141.954,141.981,141.921,141.936,1508.22
2024-09-18 15:20:00+00:00,141.938,141.976,141.922,141.952,1796.94
2024-09-18 15:25:00+00:00,141.953,141.967,141.927,141.935,2038.39
2024-09-18 15:30:00+00:00,141.936,141.952,141.894,141.929,1602.18
2024-09-18 15:35:00+00:00,141.931,141.975,141.908,141.973,1791.9
2024-09-18 15:40:00+00:00,141.974,142.026,141.965,142.003,1654.8
2024-09-18 15:45:00+00:00,142.004,142.007,141.925,141.987,2449.04
2024-09-18 15:50:00+00:00,141.986,141.998,141.96,141.964,2002.68
2024-09-18 15:55:00+00:00,141.963,141.989,141.923,141.934,2185.05
2024-09-18 16:00:00+00:00,141.933,141.943,141.892,141.925,2852.25
2024-09-18 16:05:00+00:00,141.926,141.95,141.922,141.948,2062.65
2024-09-18 16:10:00+00:00,141.947,141.989,141.946,141.972,2547.54
2024-09-18 16:15:00+00:00,141.973,141.975,141.931,141.932,722.55
2024-09-18 16:20:00+00:00,141.93,141.93,141.888,141.913,1434.93
2024-09-18 16:25:00+00:00,141.914,141.92,141.839,141.85,1697.01
2024-09-18 16:30:00+00:00,141.852,141.912,141.844,141.893,2555.13
2024-09-18 16:35:00+00:00,141.898,141.899,141.87,141.886,1262.11
2024-09-18 16:40:00+00:00,141.886,141.887,141.857,141.875,1444.38
2024-09-18 16:45:00+00:00,141.877,141.906,141.867,141.894,1335.18
2024-09-18 16:50:00+00:00,141.892,141.94,141.886,141.893,1839.45
2024-09-18 16:55:00+00:00,141.892,141.91,141.87,141.882,2513.79
2024-09-18 17:00:00+00:00,141.882,141.894,141.813,141.813,2353.11
2024-09-18 17:05:00+00:00,141.815,141.87,141.808,141.863,1493.58
2024-09-18 17:10:00+00:00,141.864,141.891,141.838,141.882,1357.71
2024-09-18 17:15:00+00:00,141.883,141.92,141.877,141.913,1265.01
2024-09-18 17:20:00+00:00,141.919,141.931,141.903,141.931,725.37
2024-09-18 17:25:00+00:00,141.93,141.946,141.847,141.887,2214.51
2024-09-18 17:30:00+00:00,141.889,141.89,141.843,141.874,2340.6
2024-09-18 17:35:00+00:00,141.886,141.892,141.834,141.885,2034.12
2024-09-18 17:40:00+00:00,141.885,141.896,141.849,141.863,2948.04
2024-09-18 17:45:00+00:00,141.863,141.9,141.858,141.883,2230.23
2024-09-18 17:50:00+00:00,141.883,142.035,141.861,142.019,2596.98
2024-09-18 17:55:00+00:00,142.018,142.063,141.902,141.902,2465.51
2024-09-18 18:00:00+00:00,141.902,141.902,140.789,141.265,5398.75
2024-09-18 18:05:00+00:00,141.264,141.267,140.93,141.166,7892.54
2024-09-18 18:10:00+00:00,141.168,141.37,141.027,141.107,7167.92
2024-09-18 18:15:00+00:00,141.111,141.112,140.718,140.719,6090.29
2024-09-18 18:20:00+00:00,140.717,140.858,140.555,140.78,6568.02
2024-09-18 18:25:00+00:00,140.779,140.938,140.73,140.878,5143.96
2024-09-18 18:30:00+00:00,140.88,140.887,140.435,140.529,6172.67
2024-09-18 18:35:00+00:00,140.529,140.862,140.444,140.61,6321.32
2024-09-18 18:40:00+00:00,140.609,140.988,140.547,140.939,4836.67
2024-09-18 18:45:00+00:00,140.948,141.316,140.948,141.288,5890.07
2024-09-18 18:50:00+00:00,141.289,141.451,141.098,141.248,5638.83
2024-09-18 18:55:00+00:00,141.248,141.282,141.05,141.127,10087.63
2024-09-18 19:00:00+00:00,141.131,141.597,141.127,141.472,5419.95
2024-09-18 19:05:00+00:00,141.473,141.94,141.462,141.773,5596.91
2024-09-18 19:10:00+00:00,141.773,141.777,141.481,141.541,5130.4
2024-09-18 19:15:00+00:00,141.539,141.867,141.51,141.759,4348.71
2024-09-18 19:20:00+00:00,141.763,142.315,141.763,142.062,6435.74
2024-09-18 19:25:00+00:00,142.061,142.131,141.865,142.011,6841.77
2024-09-18 19:30:00+00:00,142.008,142.188,141.994,142.149,6562.12
2024-09-18 19:35:00+00:00,142.151,142.261,142.06,142.151,5876.91
2024-09-18 19:40:00+00:00,142.149,142.257,142.085,142.236,5186.38
2024-09-18 19:45:00+00:00,142.236,142.629,142.229,142.629,4576.86
2024-09-18 19:50:00+00:00,142.628,142.711,142.416,142.439,5738.84
2024-09-18 19:55:00+00:00,142.441,142.519,142.418,142.439,4917.8
2024-09-18 20:00:00+00:00,142.439,142.473,142.237,142.282,3407.01
2024-09-18 20:05:00+00:00,142.283,142.311,142.206,142.232,2266.92
2024-09-18 20:10:00+00:00,142.232,142.491,142.228,142.433,5121.45
2024-09-18 20:15:00+00:00,142.432,142.448,142.344,142.374,3347.85
2024-09-18 20:20:00+00:00,142.374,142.379,142.24,142.295,2969.76
2024-09-18 20:25:00+00:00,142.298,142.324,142.215,142.31,1665.93
2024-09-18 20:30:00+00:00,142.308,142.318,142.202,142.247,3653.09
2024-09-18 20:35:00+00:00,142.245,142.337,142.217,142.289,3475.02
2024-09-18 20:40:00+00:00,142.291,142.303,142.265,142.297,1744.74
2024-09-18 20:45:00+00:00,142.299,142.299,142.235,142.271,2815.73
2024-09-18 20:50:00+00:00,142.271,142.325,142.27,142.292,2774.31
2024-09-18 20:55:00+00:00,142.293,142.305,142.222,142.269,2144.4
2024-09-18 21:00:00+00:00,142.261,142.292,142.216,142.216,62.16
2024-09-18 21:05:00+00:00,142.217,142.218,142.194,142.208,56.76
2024-09-18 21:10:00+00:00,142.208,142.208,142.192,142.194,30.0
2024-09-18 21:15:00+00:00,142.194,142.21,142.194,142.202,60.78
2024-09-18 21:20:00+00:00,142.201,142.204,142.189,142.191,41.88
2024-09-18 21:25:00+00:00,142.193,142.194,142.182,142.193,24.3
2024-09-18 21:30:00+00:00,142.194,142.194,142.171,142.173,46.92
2024-09-18 21:35:00+00:00,142.171,142.192,142.164,142.192,53.22
2024-09-18 21:40:00+00:00,142.183,142.183,142.112,142.116,97.59
2024-09-18 21:45:00+00:00,142.118,142.154,142.117,142.136,198.75
2024-09-18 21:50:00+00:00,142.136,142.176,142.136,142.176,108.18
2024-09-18 21:55:00+00:00,142.169,142.176,142.105,142.105,79.95
2024-09-18 22:00:00+00:00,142.105,142.112,142.01,142.065,919.59
2024-09-18 22:05:00+00:00,142.075,142.121,141.931,142.031,2744.22
2024-09-18 22:10:00+00:00,142.032,142.059,141.977,142.026,841.02
2024-09-18 22:15:00+00:00,142.023,142.047,141.967,141.986,667.92
2024-09-18 22:20:00+00:00,141.986,141.998,141.946,141.965,577.59
2024-09-18 22:25:00+00:00,141.966,141.973,141.876,141.927,779.25
2024-09-18 22:30:00+00:00,141.928,142.013,141.928,141.992,332.91
2024-09-18 22:35:00+00:00,141.99,142.13,141.978,142.126,277.65
2024-09-18 22:40:00+00:00,142.124,142.164,142.123,142.147,153.6
2024-09-18 22:45:00+00:00,142.145,142.208,142.145,142.167,366.78
2024-09-18 22:50:00+00:00,142.161,142.205,142.139,142.185,261.12
2024-09-18 22:55:00+00:00,142.194,142.205,142.082,142.107,1054.09
2024-09-18 23:00:00+00:00,142.107,142.326,142.104,142.31,1551.57
2024-09-18 23:05:00+00:00,142.31,142.462,142.301,142.412,1495.05
2024-09-18 23:10:00+00:00,142.412,142.473,142.396,142.453,622.89
2024-09-18 23:15:00+00:00,142.458,142.704,142.441,142.612,1635.0
2024-09-18 23:20:00+00:00,142.608,142.608,142.505,142.579,1036.95
2024-09-18 23:25:00+00:00,142.573,142.66,142.521,142.55,1199.04
2024-09-18 23:30:00+00:00,142.558,142.741,142.533,142.692,2043.05
2024-09-18 23:35:00+00:00,142.69,142.69,142.58,142.623,1459.27
2024-09-18 23:40:00+00:00,142.621,142.632,142.513,142.561,1239.27
2024-09-18 23:45:00+00:00,142.561,142.673,142.543,142.673,1563.31
2024-09-18 23:50:00+00:00,142.673,142.691,142.56,142.682,3532.17
2024-09-18 23:55:00+00:00,142.684,142.751,142.628,142.699,3620.47
2024-09-19 00:00:00+00:00,142.698,142.932,142.698,142.769,4609.22
2024-09-19 00:05:00+00:00,142.767,142.912,142.703,142.9,4635.91
2024-09-19 00:10:00+00:00,142.9,142.964,142.872,142.906,2849.24
2024-09-19 00:15:00+00:00,142.904,143.136,142.868,143.068,3779.49
2024-09-19 00:20:00+00:00,143.068,143.136,143.027,143.123,4128.83
2024-09-19 00:25:00+00:00,143.124,143.189,143.099,143.147,4174.23
2024-09-19 00:30:00+00:00,143.146,143.166,143.041,143.052,2488.59
2024-09-19 00:35:00+00:00,143.053,143.195,143.033,143.186,2656.01
2024-09-19 00:40:00+00:00,143.182,143.304,143.169,143.284,2233.83
2024-09-19 00:45:00+00:00,143.285,143.392,143.248,143.378,2214.43
2024-09-19 00:50:00+00:00,143.377,143.528,143.329,143.528,3672.75
2024-09-19 00:55:00+00:00,143.525,143.591,143.477,143.486,2821.84
2024-09-19 01:00:00+00:00,143.489,143.579,143.419,143.468,1951.87
2024-09-19 01:05:00+00:00,143.468,143.619,143.458,143.501,2137.23
2024-09-19 01:10:00+00:00,143.5,143.554,143.418,143.433,2820.47
2024-09-19 01:15:00+00:00,143.438,143.552,143.418,143.459,2486.37
2024-09-19 01:20:00+00:00,143.46,143.556,143.437,143.555,2138.62
2024-09-19 01:25:00+00:00,143.554,143.685,143.541,143.661,2189.64
2024-09-19 01:30:00+00:00,143.661,143.908,143.654,143.88,2675.91
2024-09-19 01:35:00+00:00,143.879,143.931,143.801,143.925,2688.56
2024-09-19 01:40:00+00:00,143.927,143.944,143.83,143.848,2639.29
2024-09-19 01:45:00+00:00,143.846,143.869,143.751,143.796,1789.66
2024-09-19 01:50:00+00:00,143.794,143.798,143.722,143.758,2384.91
2024-09-19 01:55:00+00:00,143.757,143.795,143.72,143.727,1502.13
2024-09-19 02:00:00+00:00,143.728,143.764,143.665,143.71,1933.43
2024-09-19 02:05:00+00:00,143.714,143.719,143.592,143.658,2335.5
2024-09-19 02:10:00+00:00,143.658,143.662,143.539,143.595,2647.2
2024-09-19 02:15:00+00:00,143.595,143.645,143.532,143.558,3533.39
2024-09-19 02:20:00+00:00,143.556,143.556,143.339,143.344,2935.63
2024-09-19 02:25:00+00:00,143.344,143.375,143.256,143.259,2558.61
2024-09-19 02:30:00+00:00,143.257,143.412,143.21,143.365,3717.72
2024-09-19 02:35:00+00:00,143.372,143.436,143.293,143.312,2860.74
2024-09-19 02:40:00+00:00,143.313,143.411,143.298,143.397,3476.23
2024-09-19 02:45:00+00:00,143.399,143.485,143.399,143.405,3343.2
2024-09-19 02:50:00+00:00,143.405,143.41,143.278,143.292,2841.8
2024-09-19 02:55:00+00:00,143.293,143.303,143.169,143.202,3075.39
2024-09-19 03:00:00+00:00,143.201,143.32,143.145,143.243,2918.31
2024-09-19 03:05:00+00:00,143.241,143.262,143.164,143.235,3745.05
2024-09-19 03:10:00+00:00,143.236,143.262,143.12,143.131,2619.52
2024-09-19 03:15:00+00:00,143.131,143.203,143.055,143.182,2536.26
2024-09-19 03:20:00+00:00,143.182,143.193,143.113,143.159,2871.49
2024-09-19 03:25:00+00:00,143.157,143.159,143.051,143.095,1816.98
2024-09-19 03:30:00+00:00,143.092,143.149,143.051,143.064,2349.39
2024-09-19 03:35:00+00:00,143.063,143.115,143.011,143.038,2424.63
2024-09-19 03:40:00+00:00,143.037,143.106,143.028,143.033,1541.04
2024-09-19 03:45:00+00:00,143.032,143.063,142.965,142.99,2428.29
2024-09-19 03:50:00+00:00,142.991,143.033,142.948,142.977,2498.7
2024-09-19 03:55:00+00:00,142.974,143.179,142.973,143.164,2979.78
2024-09-19 04:00:00+00:00,143.168,143.191,143.132,143.166,2573.04
2024-09-19 04:05:00+00:00,143.167,143.172,143.077,143.138,2080.72
2024-09-19 04:10:00+00:00,143.139,143.278,143.132,143.194,2763.71
2024-09-19 04:15:00+00:00,143.193,143.205,143.131,143.178,2052.72
2024-09-19 04:20:00+00:00,143.178,143.281,143.169,143.234,3369.22
2024-09-19 04:25:00+00:00,143.234,143.292,143.195,143.276,1597.74
2024-09-19 04:30:00+00:00,143.276,143.285,143.168,143.183,1851.72
2024-09-19 04:35:00+00:00,143.181,143.188,143.136,143.154,1749.25
2024-09-19 04:40:00+00:00,143.153,143.177,143.052,143.173,2240.84
2024-09-19 04:45:00+00:00,143.185,143.266,143.128,143.13,1163.67
2024-09-19 04:50:00+00:00,143.129,143.184,143.111,143.114,1165.62
2024-09-19 04:55:00+00:00,143.113,143.191,143.112,143.177,592.47
2024-09-19 05:00:00+00:00,143.178,143.2,143.098,143.101,924.45
2024-09-19 05:05:00+00:00,143.101,143.103,142.952,142.955,1967.82
2024-09-19 05:10:00+00:00,142.955,143.011,142.916,142.991,1172.43
2024-09-19 05:15:00+00:00,142.995,143.05,142.975,143.005,1621.71
2024-09-19 05:20:00+00:00,143.007,143.016,142.781,142.785,2934.78
2024-09-19 05:25:00+00:00,142.785,142.865,142.752,142.817,1503.84
2024-09-19 05:30:00+00:00,142.811,142.811,142.713,142.771,1874.19
2024-09-19 05:35:00+00:00,142.781,142.848,142.762,142.786,1516.47
2024-09-19 05:40:00+00:00,142.785,142.793,142.67,142.734,2155.95
2024-09-19 05:45:00+00:00,142.734,142.829,142.692,142.827,1681.77
2024-09-19 05:50:00+00:00,142.826,142.83,142.689,142.7,1800.44
2024-09-19 05:55:00+00:00,142.7,142.722,142.552,142.572,2125.89
2024-09-19 06:00:00+00:00,142.568,142.644,142.522,142.563,2833.79
2024-09-19 06:05:00+00:00,142.568,142.627,142.533,142.627,2398.52
2024-09-19 06:10:00+00:00,142.625,142.628,142.474,142.556,3017.19
2024-09-19 06:15:00+00:00,142.554,142.651,142.549,142.582,1784.07
2024-09-19 06:20:00+00:00,142.583,142.69,142.543,142.689,1630.65
2024-09-19 06:25:00+00:00,142.687,142.744,142.627,142.718,1826.79
2024-09-19 06:30:00+00:00,142.718,142.756,142.679,142.681,1987.41
2024-09-19 06:35:00+00:00,142.681,142.682,142.537,142.539,2263.92
2024-09-19 06:40:00+00:00,142.538,142.539,142.382,142.426,3830.83
2024-09-19 06:45:00+00:00,142.428,142.465,142.375,142.429,3066.95
2024-09-19 06:50:00+00:00,142.43,142.456,142.36,142.362,3857.48
2024-09-19 06:55:00+00:00,142.362,142.41,142.094,142.243,4849.21
2024-09-19 07:00:00+00:00,142.244,142.397,142.243,142.391,3583.93
2024-09-19 07:05:00+00:00,142.39,142.39,142.148,142.158,4858.59
2024-09-19 07:10:00+00:00,142.159,142.235,142.07,142.125,3677.85
2024-09-19 07:15:00+00:00,142.124,142.203,142.039,142.162,2989.47
2024-09-19 07:20:00+00:00,142.162,142.247,142.136,142.237,3581.06
2024-09-19 07:25:00+00:00,142.238,142.251,142.168,142.2,2647.41
2024-09-19 07:30:00+00:00,142.2,142.299,142.136,142.174,3459.3
2024-09-19 07:35:00+00:00,142.171,142.357,142.166,142.349,2894.55
2024-09-19 07:40:00+00:00,142.349,142.395,142.318,142.34,3464.24
2024-09-19 07:45:00+00:00,142.337,142.407,142.329,142.348,2798.82
2024-09-19 07:50:00+00:00,142.348,142.447,142.274,142.445,2275.02
2024-09-19 07:55:00+00:00,142.445,142.548,142.425,142.506,4288.11
2024-09-19 08:00:00+00:00,142.508,142.573,142.455,142.572,4250.94
2024-09-19 08:05:00+00:00,142.57,142.621,142.548,142.585,1996.89
2024-09-19 08:10:00+00:00,142.584,142.771,142.578,142.766,2712.42
2024-09-19 08:15:00+00:00,142.767,142.909,142.767,142.847,3842.6
2024-09-19 08:20:00+00:00,142.85,142.917,142.77,142.774,2570.31
2024-09-19 08:25:00+00:00,142.776,142.821,142.724,142.742,2824.29
2024-09-19 08:30:00+00:00,142.742,142.829,142.642,142.649,4333.89
2024-09-19 08:35:00+00:00,142.649,142.684,142.62,142.65,3796.35
2024-09-19 08:40:00+00:00,142.65,142.753,142.618,142.751,3369.66
2024-09-19 08:45:00+00:00,142.752,142.79,142.67,142.672,2567.19
2024-09-19 08:50:00+00:00,142.672,142.735,142.67,142.702,2573.97
2024-09-19 08:55:00+00:00,142.703,142.803,142.698,142.791,2416.23
2024-09-19 09:00:00+00:00,142.791,142.878,142.789,142.819,3249.62
2024-09-19 09:05:00+00:00,142.82,142.945,142.82,142.879,3211.63
2024-09-19 09:10:00+00:00,142.881,142.907,142.848,142.873,2664.98
2024-09-19 09:15:00+00:00,142.873,142.899,142.728,142.728,4063.68
2024-09-19 09:20:00+00:00,142.733,142.778,142.682,142.746,2834.49
2024-09-19 09:25:00+00:00,142.75,142.813,142.722,142.807,1945.89
2024-09-19 09:30:00+00:00,142.807,142.9,142.801,142.89,2545.89
2024-09-19 09:35:00+00:00,142.89,142.976,142.854,142.917,3680.73
2024-09-19 09:40:00+00:00,142.915,142.917,142.822,142.822,2288.22
2024-09-19 09:45:00+00:00,142.819,142.851,142.772,142.818,3229.59
2024-09-19 09:50:00+00:00,142.818,142.831,142.714,142.722,2928.42
2024-09-19 09:55:00+00:00,142.726,142.81,142.726,142.757,1692.34
2024-09-19 10:00:00+00:00,142.756,142.854,142.727,142.843,2046.84
2024-09-19 10:05:00+00:00,142.841,143.127,142.825,143.098,4114.99
2024-09-19 10:10:00+00:00,143.099,143.107,142.954,142.955,3056.92
2024-09-19 10:15:00+00:00,142.956,143.038,142.935,143.037,2366.61
2024-09-19 10:20:00+00:00,143.037,143.068,142.942,143.0,2313.42
2024-09-19 10:25:00+00:00,143.002,143.075,143.002,143.036,2002.66
2024-09-19 10:30:00+00:00,143.05,143.17,143.026,143.151,1720.19
2024-09-19 10:35:00+00:00,143.149,143.162,143.104,143.138,1433.57
2024-09-19 10:40:00+00:00,143.135,143.142,143.047,143.062,2054.1
2024-09-19 10:45:00+00:00,143.062,143.071,142.906,142.909,2409.21
2024-09-19 10:50:00+00:00,142.91,142.945,142.828,142.875,3078.2
2024-09-19 10:55:00+00:00,142.876,142.917,142.829,142.829,1601.55
2024-09-19 11:00:00+00:00,142.827,142.967,142.761,142.965,3190.73
2024-09-19 11:05:00+00:00,142.97,142.971,142.873,142.947,3107.1
2024-09-19 11:10:00+00:00,142.948,143.09,142.947,143.088,1996.95
2024-09-19 11:15:00+00:00,143.09,143.193,143.068,143.181,3288.54
2024-09-19 11:20:00+00:00,143.182,143.253,143.174,143.214,1791.63
2024-09-19 11:25:00+00:00,143.212,143.221,143.064,143.115,3563.96
2024-09-19 11:30:00+00:00,143.115,143.17,143.034,143.092,2855.16
2024-09-19 11:35:00+00:00,143.092,143.138,142.917,142.924,3089.92
2024-09-19 11:40:00+00:00,142.924,143.067,142.922,142.96,2328.78
2024-09-19 11:45:00+00:00,142.964,142.99,142.881,142.886,1739.2
2024-09-19 11:50:00+00:00,142.885,142.947,142.849,142.934,2090.52
2024-09-19 11:55:00+00:00,142.935,142.991,142.862,142.917,2467.2
2024-09-19 12:00:00+00:00,142.919,143.037,142.89,142.915,3918.75
2024-09-19 12:05:00+00:00,142.915,143.023,142.903,142.987,3240.87
2024-09-19 12:10:00+00:00,142.989,143.051,142.892,142.906,3304.41
2024-09-19 12:15:00+00:00,142.909,143.006,142.855,142.873,2310.12
2024-09-19 12:20:00+00:00,142.87,142.87,142.706,142.726,5140.73
2024-09-19 12:25:00+00:00,142.726,142.825,142.714,142.74,2845.15
2024-09-19 12:30:00+00:00,142.901,143.4,142.901,143.255,4699.89
2024-09-19 12:35:00+00:00,143.257,143.429,143.253,143.347,6099.14
2024-09-19 12:40:00+00:00,143.353,143.465,143.353,143.429,4617.63
2024-09-19 12:45:00+00:00,143.432,143.533,143.41,143.526,4979.28
2024-09-19 12:50:00+00:00,143.525,143.706,143.517,143.697,5874.68
2024-09-19 12:55:00+00:00,143.693,143.76,143.623,143.755,6659.2
2024-09-19 13:00:00+00:00,143.755,143.766,143.547,143.61,6925.24
2024-09-19 13:05:00+00:00,143.611,143.676,143.452,143.494,5650.84
2024-09-19 13:10:00+00:00,143.494,143.53,143.401,143.478,4656.24
2024-09-19 13:15:00+00:00,143.477,143.545,143.372,143.384,4722.63
2024-09-19 13:20:00+00:00,143.381,143.534,143.377,143.494,2487.18
2024-09-19 13:25:00+00:00,143.491,143.523,143.411,143.493,2926.2
2024-09-19 13:30:00+00:00,143.496,143.496,143.276,143.325,5175.32
2024-09-19 13:35:00+00:00,143.324,143.531,143.324,143.516,3385.62
2024-09-19 13:40:00+00:00,143.515,143.556,143.416,143.432,4860.75
2024-09-19 13:45:00+00:00,143.432,143.472,143.329,143.468,5128.41
2024-09-19 13:50:00+00:00,143.469,143.495,143.36,143.395,4221.06
2024-09-19 13:55:00+00:00,143.395,143.45,143.308,143.327,4252.62
2024-09-19 14:00:00+00:00,143.324,143.337,143.022,143.043,3713.61
2024-09-19 14:05:00+00:00,143.042,143.176,143.042,143.17,4680.42
2024-09-19 14:10:00+00:00,143.174,143.231,143.072,143.129,4066.96
2024-09-19 14:15:00+00:00,143.133,143.256,143.133,143.179,3313.68
2024-09-19 14:20:00+00:00,143.179,143.182,142.993,143.021,3776.5
2024-09-19 14:25:00+00:00,143.022,143.06,142.879,143.056,5347.4
2024-09-19 14:30:00+00:00,143.054,143.095,142.989,143.069,2851.6
2024-09-19 14:35:00+00:00,143.07,143.125,142.984,143.1,4266.28
2024-09-19 14:40:00+00:00,143.1,143.122,142.984,143.018,4052.28
2024-09-19 14:45:00+00:00,143.017,143.022,142.843,142.88,2942.27
2024-09-19 14:50:00+00:00,142.88,142.924,142.802,142.886,2992.75
2024-09-19 14:55:00+00:00,142.886,142.988,142.875,142.913,4360.44
2024-09-19 15:00:00+00:00,142.918,142.934,142.819,142.915,2320.56
2024-09-19 15:05:00+00:00,142.914,142.977,142.902,142.912,2660.91
2024-09-19 15:10:00+00:00,142.913,142.917,142.794,142.8,2300.67
2024-09-19 15:15:00+00:00,142.799,142.843,142.769,142.806,2405.79
2024-09-19 15:20:00+00:00,142.804,142.887,142.801,142.826,2686.65
2024-09-19 15:25:00+00:00,142.826,142.844,142.728,142.748,1919.91
2024-09-19 15:30:00+00:00,142.746,142.869,142.745,142.866,1597.51
2024-09-19 15:35:00+00:00,142.866,142.943,142.857,142.936,1451.23
2024-09-19 15:40:00+00:00,142.936,142.984,142.904,142.941,1772.94
2024-09-19 15:45:00+00:00,142.941,142.974,142.902,142.904,2796.45
2024-09-19 15:50:00+00:00,142.902,142.912,142.867,142.883,1017.9
2024-09-19 15:55:00+00:00,142.884,142.903,142.869,142.883,957.0
2024-09-19 16:00:00+00:00,142.882,142.927,142.854,142.886,1309.23
2024-09-19 16:05:00+00:00,142.887,142.925,142.881,142.923,768.69
2024-09-19 16:10:00+00:00,142.923,143.031,142.916,143.005,2531.85
2024-09-19 16:15:00+00:00,143.004,143.035,142.972,142.98,1396.83
2024-09-19 16:20:00+00:00,142.979,142.98,142.94,142.966,629.22
2024-09-19 16:25:00+00:00,142.962,142.962,142.886,142.937,1356.15
2024-09-19 16:30:00+00:00,142.938,143.032,142.909,143.022,906.48
2024-09-19 16:35:00+00:00,143.023,143.064,142.989,143.063,1309.99
2024-09-19 16:40:00+00:00,143.065,143.133,143.062,143.103,2762.04
2024-09-19 16:45:00+00:00,143.102,143.108,143.081,143.089,3416.31
2024-09-19 16:50:00+00:00,143.091,143.107,143.003,143.007,2742.65
2024-09-19 16:55:00+00:00,143.008,143.066,142.999,143.035,3671.69
2024-09-19 17:00:00+00:00,143.036,143.077,143.011,143.016,1911.15
2024-09-19 17:05:00+00:00,143.015,143.115,142.993,142.997,2299.65
2024-09-19 17:10:00+00:00,142.999,143.033,142.925,143.026,2127.64
2024-09-19 17:15:00+00:00,143.025,143.038,142.979,143.001,1185.21
2024-09-19 17:20:00+00:00,143.004,143.024,142.91,142.971,1257.72
2024-09-19 17:25:00+00:00,142.973,142.988,142.944,142.988,770.28
2024-09-19 17:30:00+00:00,142.99,142.998,142.937,142.969,1051.84
2024-09-19 17:35:00+00:00,142.974,142.993,142.931,142.945,1898.76
2024-09-19 17:40:00+00:00,142.947,142.999,142.941,142.99,1029.15
2024-09-19 17:45:00+00:00,142.988,142.998,142.945,142.977,544.05
2024-09-19 17:50:00+00:00,142.975,142.975,142.933,142.956,540.24
2024-09-19 17:55:00+00:00,142.956,142.959,142.901,142.919,1159.05
2024-09-19 18:00:00+00:00,142.914,142.931,142.874,142.884,1541.7
2024-09-19 18:05:00+00:00,142.882,142.886,142.807,142.809,683.9
2024-09-19 18:10:00+00:00,142.808,142.809,142.714,142.726,1405.38
2024-09-19 18:15:00+00:00,142.725,142.735,142.608,142.645,2015.62
2024-09-19 18:20:00+00:00,142.645,142.677,142.59,142.634,1457.49
2024-09-19 18:25:00+00:00,142.635,142.651,142.583,142.606,1826.91
2024-09-19 18:30:00+00:00,142.61,142.631,142.528,142.55,2340.66
2024-09-19 18:35:00+00:00,142.552,142.616,142.526,142.616,1576.92
2024-09-19 18:40:00+00:00,142.617,142.702,142.612,142.701,1501.77
2024-09-19 18:45:00+00:00,142.7,142.716,142.651,142.657,811.92
2024-09-19 18:50:00+00:00,142.662,142.664,142.571,142.628,1009.82
2024-09-19 18:55:00+00:00,142.626,142.66,142.612,142.658,2448.03
2024-09-19 19:00:00+00:00,142.66,142.718,142.594,142.71,1857.97
2024-09-19 19:05:00+00:00,142.712,142.743,142.683,142.72,1186.68
2024-09-19 19:10:00+00:00,142.721,142.741,142.609,142.611,1198.92
2024-09-19 19:15:00+00:00,142.611,142.635,142.58,142.612,1562.1
2024-09-19 19:20:00+00:00,142.613,142.64,142.572,142.635,2009.97
2024-09-19 19:25:00+00:00,142.635,142.641,142.589,142.608,1685.82
2024-09-19 19:30:00+00:00,142.609,142.627,142.573,142.605,989.97
2024-09-19 19:35:00+00:00,142.609,142.674,142.609,142.62,1394.31
2024-09-19 19:40:00+00:00,142.623,142.67,142.608,142.611,524.55
2024-09-19 19:45:00+00:00,142.607,142.655,142.601,142.629,728.25
2024-09-19 19:50:00+00:00,142.626,142.64,142.6,142.635,3452.06
2024-09-19 19:55:00+00:00,142.637,142.656,142.599,142.632,1836.88
2024-09-19 20:00:00+00:00,142.633,142.673,142.605,142.619,3161.04
2024-09-19 20:05:00+00:00,142.622,142.634,142.604,142.616,615.9
2024-09-19 20:10:00+00:00,142.615,142.627,142.567,142.57,1669.2
2024-09-19 20:15:00+00:00,142.57,142.6,142.524,142.572,1394.1
2024-09-19 20:20:00+00:00,142.571,142.581,142.536,142.569,582.45
2024-09-19 20:25:00+00:00,142.572,142.597,142.555,142.561,587.52
2024-09-19 20:30:00+00:00,142.56,142.6,142.549,142.582,598.5
2024-09-19 20:35:00+00:00,142.581,142.591,142.57,142.581,665.13
2024-09-19 20:40:00+00:00,142.581,142.629,142.581,142.617,1800.15
2024-09-19 20:45:00+00:00,142.619,142.631,142.598,142.623,1384.5
2024-09-19 20:50:00+00:00,142.624,142.63,142.596,142.599,2387.13
2024-09-19 20:55:00+00:00,142.597,142.63,142.594,142.61,2341.07
2024-09-19 21:00:00+00:00,142.605,142.605,142.504,142.508,25.02
2024-09-19 21:05:00+00:00,142.504,142.544,142.504,142.544,16.8
2024-09-19 21:10:00+00:00,142.544,142.544,142.544,142.544,2.64
2024-09-19 21:15:00+00:00,142.529,142.544,142.522,142.542,18.27
2024-09-19 21:20:00+00:00,142.537,142.544,142.537,142.539,14.16
2024-09-19 21:25:00+00:00,142.539,142.541,142.527,142.541,5.94
2024-09-19 21:30:00+00:00,142.542,142.599,142.54,142.599,52.2
2024-09-19 21:35:00+00:00,142.597,142.6,142.597,142.6,23.1
2024-09-19 21:40:00+00:00,142.601,142.602,142.601,142.602,4.8
2024-09-19 21:45:00+00:00,142.603,142.604,142.603,142.603,3.6
2024-09-19 21:50:00+00:00,142.603,142.618,142.603,142.616,15.6
2024-09-19 21:55:00+00:00,142.617,142.64,142.615,142.616,117.9
2024-09-19 22:00:00+00:00,142.614,142.632,142.573,142.596,858.12
2024-09-19 22:05:00+00:00,142.599,142.633,142.574,142.626,442.9
2024-09-19 22:10:00+00:00,142.631,142.631,142.6,142.604,112.8
2024-09-19 22:15:00+00:00,142.603,142.622,142.573,142.579,214.8
2024-09-19 22:20:00+00:00,142.58,142.6,142.568,142.599,267.45
2024-09-19 22:25:00+00:00,142.601,142.634,142.558,142.558,471.45
2024-09-19 22:30:00+00:00,142.562,142.587,142.519,142.57,542.58
2024-09-19 22:35:00+00:00,142.57,142.628,142.568,142.58,466.95
2024-09-19 22:40:00+00:00,142.582,142.588,142.551,142.57,336.9
2024-09-19 22:45:00+00:00,142.569,142.58,142.559,142.565,221.85
2024-09-19 22:50:00+00:00,142.564,142.59,142.549,142.588,192.15
2024-09-19 22:55:00+00:00,142.587,142.665,142.568,142.66,278.52
2024-09-19 23:00:00+00:00,142.66,142.709,142.646,142.649,1453.92
2024-09-19 23:05:00+00:00,142.65,142.761,142.65,142.743,1272.15
2024-09-19 23:10:00+00:00,142.746,142.818,142.746,142.759,1606.5
2024-09-19 23:15:00+00:00,142.76,142.827,142.757,142.813,1015.38
2024-09-19 23:20:00+00:00,142.818,142.821,142.715,142.719,949.32
2024-09-19 23:25:00+00:00,142.72,142.737,142.693,142.694,831.71
2024-09-19 23:30:00+00:00,142.695,142.797,142.677,142.793,696.93
2024-09-19 23:35:00+00:00,142.798,142.886,142.798,142.883,1517.01
2024-09-19 23:40:00+00:00,142.885,142.911,142.851,142.911,1469.34
2024-09-19 23:45:00+00:00,142.911,142.913,142.805,142.841,1525.11
2024-09-19 23:50:00+00:00,142.841,142.923,142.813,142.911,1346.79
2024-09-19 23:55:00+00:00,142.91,142.914,142.86,142.862,877.89
2024-09-20 00:00:00+00:00,142.86,142.892,142.724,142.75,3476.31
2024-09-20 00:05:00+00:00,142.748,142.873,142.733,142.846,1739.81
2024-09-20 00:10:00+00:00,142.847,142.891,142.813,142.818,1593.96
2024-09-20 00:15:00+00:00,142.817,142.828,142.72,142.765,1507.05
2024-09-20 00:20:00+00:00,142.765,142.804,142.638,142.706,1866.55
2024-09-20 00:25:00+00:00,142.708,142.75,142.63,142.643,2162.76
2024-09-20 00:30:00+00:00,142.642,142.696,142.554,142.575,1800.66
2024-09-20 00:35:00+00:00,142.576,142.633,142.526,142.579,1454.73
2024-09-20 00:40:00+00:00,142.579,142.616,142.474,142.601,2196.89
2024-09-20 00:45:00+00:00,142.602,142.66,142.581,142.656,2043.66
2024-09-20 00:50:00+00:00,142.657,142.723,142.566,142.626,3715.89
2024-09-20 00:55:00+00:00,142.626,142.628,142.405,142.405,3145.85
2024-09-20 01:00:00+00:00,142.405,142.425,142.276,142.421,3963.85
2024-09-20 01:05:00+00:00,142.421,142.422,142.254,142.306,2837.8
2024-09-20 01:10:00+00:00,142.306,142.346,142.173,142.216,2592.7
2024-09-20 01:15:00+00:00,142.22,142.356,142.159,142.346,2892.22
2024-09-20 01:20:00+00:00,142.346,142.379,142.315,142.346,1678.21
2024-09-20 01:25:00+00:00,142.346,142.364,142.182,142.224,1998.73
2024-09-20 01:30:00+00:00,142.223,142.273,142.137,142.192,3454.11
2024-09-20 01:35:00+00:00,142.192,142.286,142.157,142.28,2509.49
2024-09-20 01:40:00+00:00,142.28,142.428,142.28,142.389,1784.49
2024-09-20 01:45:00+00:00,142.389,142.447,142.372,142.413,843.0
2024-09-20 01:50:00+00:00,142.42,142.476,142.355,142.422,1758.39
2024-09-20 01:55:00+00:00,142.42,142.426,142.353,142.396,877.41
2024-09-20 02:00:00+00:00,142.396,142.489,142.38,142.487,879.98
2024-09-20 02:05:00+00:00,142.487,142.545,142.439,142.442,1596.0
2024-09-20 02:10:00+00:00,142.442,142.511,142.394,142.49,1040.83
2024-09-20 02:15:00+00:00,142.489,142.544,142.439,142.453,1414.36
2024-09-20 02:20:00+00:00,142.453,142.485,142.397,142.442,927.14
2024-09-20 02:25:00+00:00,142.441,142.481,142.412,142.436,1027.87
2024-09-20 02:30:00+00:00,142.441,142.556,142.409,142.508,595.95
2024-09-20 02:35:00+00:00,142.503,142.535,142.465,142.529,589.8
2024-09-20 02:40:00+00:00,142.529,142.564,142.5,142.511,422.46
2024-09-20 02:45:00+00:00,142.511,142.58,142.455,142.563,432.81
2024-09-20 02:50:00+00:00,142.56,142.773,142.36,142.654,1829.01
2024-09-20 02:55:00+00:00,142.652,142.652,142.298,142.462,1806.97
2024-09-20 03:00:00+00:00,142.462,142.481,142.237,142.237,1771.5
2024-09-20 03:05:00+00:00,142.237,142.243,141.959,142.147,2405.37
2024-09-20 03:10:00+00:00,142.147,142.281,142.127,142.263,1677.0
2024-09-20 03:15:00+00:00,142.264,142.353,142.21,142.32,1083.97
2024-09-20 03:20:00+00:00,142.321,142.331,142.199,142.202,764.46
2024-09-20 03:25:00+00:00,142.202,142.202,141.952,142.047,1629.93
2024-09-20 03:30:00+00:00,142.055,142.19,142.039,142.064,3076.46
2024-09-20 03:35:00+00:00,142.064,142.166,142.019,142.123,2211.72
2024-09-20 03:40:00+00:00,142.125,142.281,142.117,142.271,1592.39
2024-09-20 03:45:00+00:00,142.278,142.34,142.2,142.217,1074.95
2024-09-20 03:50:00+00:00,142.217,142.248,142.109,142.196,1075.79
2024-09-20 03:55:00+00:00,142.197,142.303,142.195,142.289,950.16
2024-09-20 04:00:00+00:00,142.29,142.294,142.17,142.209,1256.25
2024-09-20 04:05:00+00:00,142.208,142.24,142.149,142.163,970.86
2024-09-20 04:10:00+00:00,142.163,142.176,142.099,142.142,1692.24
2024-09-20 04:15:00+00:00,142.137,142.235,142.102,142.232,1167.52
2024-09-20 04:20:00+00:00,142.232,142.24,142.147,142.168,2409.85
2024-09-20 04:25:00+00:00,142.168,142.241,142.133,142.236,1038.3
2024-09-20 04:30:00+00:00,142.237,142.306,142.22,142.233,1345.5
2024-09-20 04:35:00+00:00,142.233,142.308,142.227,142.237,822.9
2024-09-20 04:40:00+00:00,142.236,142.246,142.189,142.191,1287.01
2024-09-20 04:45:00+00:00,142.191,142.2,142.127,142.129,1438.53
2024-09-20 04:50:00+00:00,142.128,142.226,142.128,142.183,1341.21
2024-09-20 04:55:00+00:00,142.182,142.213,142.168,142.184,844.44
2024-09-20 05:00:00+00:00,142.184,142.268,142.143,142.24,1295.89
2024-09-20 05:05:00+00:00,142.24,142.292,142.214,142.283,1537.1
2024-09-20 05:10:00+00:00,142.282,142.344,142.279,142.328,1729.98
2024-09-20 05:15:00+00:00,142.329,142.363,142.304,142.312,1642.68
2024-09-20 05:20:00+00:00,142.311,142.341,142.301,142.331,1997.48
2024-09-20 05:25:00+00:00,142.33,142.37,142.304,142.352,711.15
2024-09-20 05:30:00+00:00,142.348,142.348,142.243,142.278,1398.94
2024-09-20 05:35:00+00:00,142.275,142.309,142.142,142.17,1017.84
2024-09-20 05:40:00+00:00,142.164,142.246,142.149,142.22,1314.75
2024-09-20 05:45:00+00:00,142.22,142.326,142.186,142.3,1172.88
2024-09-20 05:50:00+00:00,142.299,142.331,142.213,142.232,1763.65
2024-09-20 05:55:00+00:00,142.233,142.318,142.163,142.278,1484.51
2024-09-20 06:00:00+00:00,142.282,142.305,142.146,142.198,3666.63
2024-09-20 06:05:00+00:00,142.197,142.221,142.165,142.167,2576.76
2024-09-20 06:10:00+00:00,142.17,142.171,142.051,142.106,3608.26
2024-09-20 06:15:00+00:00,142.107,142.159,141.989,142.063,3718.02
2024-09-20 06:20:00+00:00,142.063,142.091,141.897,141.941,4181.13
2024-09-20 06:25:00+00:00,141.94,141.94,141.82,141.927,4259.51
2024-09-20 06:30:00+00:00,141.929,141.932,141.736,141.867,3337.32
2024-09-20 06:35:00+00:00,141.865,142.635,141.865,142.455,6916.25
2024-09-20 06:40:00+00:00,142.456,142.563,142.325,142.411,3900.33
2024-09-20 06:45:00+00:00,142.413,142.526,142.354,142.474,3675.88
2024-09-20 06:50:00+00:00,142.475,142.893,142.403,142.766,4008.14
2024-09-20 06:55:00+00:00,142.766,143.042,142.766,142.979,3589.29
2024-09-20 07:00:00+00:00,142.98,143.191,142.897,143.067,3642.25
2024-09-20 07:05:00+00:00,143.066,143.073,142.898,142.916,3760.17
2024-09-20 07:10:00+00:00,142.914,142.944,142.817,142.838,3053.62
2024-09-20 07:15:00+00:00,142.843,143.138,142.823,143.106,3598.38
2024-09-20 07:20:00+00:00,143.106,143.25,143.017,143.166,4631.68
2024-09-20 07:25:00+00:00,143.165,143.226,143.035,143.062,3569.72
2024-09-20 07:30:00+00:00,143.063,143.392,143.063,143.353,4940.65
2024-09-20 07:35:00+00:00,143.356,143.482,143.338,143.41,1864.95
2024-09-20 07:40:00+00:00,143.411,143.486,143.27,143.437,2965.93
2024-09-20 07:45:00+00:00,143.438,143.596,143.301,143.551,3848.53
2024-09-20 07:50:00+00:00,143.55,143.61,143.388,143.509,3729.25
2024-09-20 07:55:00+00:00,143.512,143.644,143.449,143.628,1865.82
2024-09-20 08:00:00+00:00,143.628,143.698,143.529,143.543,2036.53
2024-09-20 08:05:00+00:00,143.544,143.741,143.529,143.656,3636.36
2024-09-20 08:10:00+00:00,143.658,143.742,143.591,143.657,4600.61
2024-09-20 08:15:00+00:00,143.655,143.763,143.586,143.615,4431.89
2024-09-20 08:20:00+00:00,143.615,143.709,143.477,143.68,4491.25
2024-09-20 08:25:00+00:00,143.681,143.752,143.588,143.671,4215.14
2024-09-20 08:30:00+00:00,143.67,143.692,143.56,143.596,3877.39
2024-09-20 08:35:00+00:00,143.595,143.668,143.55,143.576,2710.2
2024-09-20 08:40:00+00:00,143.576,143.664,143.511,143.66,4019.21
2024-09-20 08:45:00+00:00,143.66,143.866,143.654,143.817,3729.45
2024-09-20 08:50:00+00:00,143.813,143.879,143.79,143.862,3053.6
2024-09-20 08:55:00+00:00,143.865,143.88,143.78,143.807,3311.16
2024-09-20 09:00:00+00:00,143.807,143.853,143.705,143.752,4347.48
2024-09-20 09:05:00+00:00,143.748,143.792,143.74,143.762,3080.64
2024-09-20 09:10:00+00:00,143.763,143.82,143.648,143.817,4672.68
2024-09-20 09:15:00+00:00,143.815,143.815,143.701,143.714,2807.58
2024-09-20 09:20:00+00:00,143.716,143.722,143.644,143.681,2459.55
2024-09-20 09:25:00+00:00,143.681,143.792,143.681,143.741,2596.8
2024-09-20 09:30:00+00:00,143.74,143.839,143.689,143.8,2865.94
2024-09-20 09:35:00+00:00,143.802,143.853,143.79,143.799,2871.27
2024-09-20 09:40:00+00:00,143.8,143.852,143.789,143.849,3148.65
2024-09-20 09:45:00+00:00,143.849,143.896,143.792,143.836,1768.62
2024-09-20 09:50:00+00:00,143.835,143.922,143.831,143.877,1654.86
2024-09-20 09:55:00+00:00,143.881,143.943,143.869,143.936,3247.55
2024-09-20 10:00:00+00:00,143.937,143.954,143.834,143.842,2115.62
2024-09-20 10:05:00+00:00,143.84,143.856,143.814,143.853,795.54
2024-09-20 10:10:00+00:00,143.854,143.882,143.834,143.877,2005.02
2024-09-20 10:15:00+00:00,143.878,143.878,143.771,143.789,1876.85
2024-09-20 10:20:00+00:00,143.79,143.873,143.778,143.871,1176.62
2024-09-20 10:25:00+00:00,143.867,143.932,143.861,143.929,1694.79
2024-09-20 10:30:00+00:00,143.931,143.993,143.927,143.949,2163.69
2024-09-20 10:35:00+00:00,143.949,144.146,143.949,144.132,2869.72
2024-09-20 10:40:00+00:00,144.132,144.212,144.109,144.156,3471.13
2024-09-20 10:45:00+00:00,144.155,144.184,144.107,144.123,2988.18
2024-09-20 10:50:00+00:00,144.121,144.252,144.121,144.172,2951.04
2024-09-20 10:55:00+00:00,144.173,144.267,144.156,144.255,1798.11
2024-09-20 11:00:00+00:00,144.258,144.344,144.239,144.335,2622.93
2024-09-20 11:05:00+00:00,144.333,144.338,144.264,144.295,3074.83
2024-09-20 11:10:00+00:00,144.292,144.38,144.275,144.375,3098.58
2024-09-20 11:15:00+00:00,144.376,144.402,144.334,144.354,2965.98
2024-09-20 11:20:00+00:00,144.351,144.392,144.319,144.385,3151.87
2024-09-20 11:25:00+00:00,144.387,144.418,144.31,144.334,3596.88
2024-09-20 11:30:00+00:00,144.334,144.43,144.312,144.408,2507.64
2024-09-20 11:35:00+00:00,144.413,144.426,144.275,144.295,1969.14
2024-09-20 11:40:00+00:00,144.296,144.332,144.242,144.25,2798.41
2024-09-20 11:45:00+00:00,144.25,144.341,144.219,144.308,2471.97
2024-09-20 11:50:00+00:00,144.307,144.335,144.235,144.311,2000.22
2024-09-20 11:55:00+00:00,144.313,144.328,144.211,144.216,1716.57
2024-09-20 12:00:00+00:00,144.217,144.226,144.087,144.196,4042.39
2024-09-20 12:05:00+00:00,144.197,144.285,144.197,144.26,3248.4
2024-09-20 12:10:00+00:00,144.26,144.26,144.085,144.107,4287.69
2024-09-20 12:15:00+00:00,144.104,144.11,144.017,144.036,3862.44
2024-09-20 12:20:00+00:00,144.035,144.089,143.892,143.904,3514.56
2024-09-20 12:25:00+00:00,143.903,143.904,143.77,143.854,3080.7
2024-09-20 12:30:00+00:00,143.853,143.931,143.844,143.907,3462.92
2024-09-20 12:35:00+00:00,143.907,143.952,143.837,143.937,2636.11
2024-09-20 12:40:00+00:00,143.94,143.94,143.777,143.777,2750.71
2024-09-20 12:45:00+00:00,143.778,143.798,143.675,143.713,3181.09
2024-09-20 12:50:00+00:00,143.712,143.796,143.706,143.736,3448.84
2024-09-20 12:55:00+00:00,143.735,143.735,143.575,143.666,4402.44
2024-09-20 13:00:00+00:00,143.668,143.693,143.551,143.605,3792.15
2024-09-20 13:05:00+00:00,143.606,143.686,143.588,143.621,3224.42
2024-09-20 13:10:00+00:00,143.623,143.624,143.466,143.545,4644.86
2024-09-20 13:15:00+00:00,143.547,143.589,143.507,143.525,2513.97
2024-09-20 13:20:00+00:00,143.525,143.728,143.478,143.711,2951.52
2024-09-20 13:25:00+00:00,143.717,143.886,143.683,143.859,3954.83
2024-09-20 13:30:00+00:00,143.865,143.974,143.793,143.931,5013.13
2024-09-20 13:35:00+00:00,143.93,144.09,143.906,143.916,4891.01
2024-09-20 13:40:00+00:00,143.916,143.96,143.836,143.836,5073.57
2024-09-20 13:45:00+00:00,143.838,143.869,143.753,143.869,4215.66
2024-09-20 13:50:00+00:00,143.867,144.031,143.852,143.978,4518.63
2024-09-20 13:55:00+00:00,143.979,144.078,143.977,144.072,3962.43
2024-09-20 14:00:00+00:00,144.074,144.222,144.074,144.161,3977.91
2024-09-20 14:05:00+00:00,144.162,144.179,144.026,144.087,4527.0
2024-09-20 14:10:00+00:00,144.086,144.266,144.063,144.265,5159.09
2024-09-20 14:15:00+00:00,144.264,144.275,144.175,144.247,3619.38
2024-09-20 14:20:00+00:00,144.247,144.372,144.23,144.337,4235.05
2024-09-20 14:25:00+00:00,144.336,144.336,144.202,144.237,3754.14
2024-09-20 14:30:00+00:00,144.237,144.257,144.153,144.247,2615.0
2024-09-20 14:35:00+00:00,144.248,144.252,144.13,144.155,2951.31
2024-09-20 14:40:00+00:00,144.156,144.159,144.087,144.133,3150.96
2024-09-20 14:45:00+00:00,144.132,144.213,144.048,144.137,2855.4
2024-09-20 14:50:00+00:00,144.136,144.218,144.135,144.189,3262.95
2024-09-20 14:55:00+00:00,144.189,144.445,144.189,144.42,5603.15
2024-09-20 15:00:00+00:00,144.423,144.467,144.317,144.36,5029.34
2024-09-20 15:05:00+00:00,144.361,144.424,144.337,144.413,3658.77
2024-09-20 15:10:00+00:00,144.417,144.495,144.407,144.439,3040.86
2024-09-20 15:15:00+00:00,144.441,144.444,144.353,144.366,4711.14
2024-09-20 15:20:00+00:00,144.367,144.433,144.338,144.361,2970.33
2024-09-20 15:25:00+00:00,144.361,144.413,144.361,144.413,2248.77
2024-09-20 15:30:00+00:00,144.413,144.421,144.108,144.226,5376.35
2024-09-20 15:35:00+00:00,144.226,144.243,143.998,144.055,5969.52
2024-09-20 15:40:00+00:00,144.056,144.12,143.905,143.984,3813.51
2024-09-20 15:45:00+00:00,143.984,144.044,143.852,143.936,4006.39
2024-09-20 15:50:00+00:00,143.934,144.045,143.872,143.949,4308.96
2024-09-20 15:55:00+00:00,143.951,143.951,143.847,143.907,3078.81
2024-09-20 16:00:00+00:00,143.911,143.93,143.834,143.849,3030.09
2024-09-20 16:05:00+00:00,143.849,143.911,143.817,143.83,2232.03
2024-09-20 16:10:00+00:00,143.829,143.83,143.688,143.701,3122.16
2024-09-20 16:15:00+00:00,143.7,143.753,143.647,143.705,2628.38
2024-09-20 16:20:00+00:00,143.704,143.829,143.692,143.806,3758.4
2024-09-20 16:25:00+00:00,143.808,143.821,143.732,143.791,2524.4
2024-09-20 16:30:00+00:00,143.792,143.911,143.791,143.89,3979.05
2024-09-20 16:35:00+00:00,143.888,143.891,143.83,143.863,3043.5
2024-09-20 16:40:00+00:00,143.863,143.897,143.769,143.797,2883.54
2024-09-20 16:45:00+00:00,143.8,143.843,143.74,143.76,2085.13
2024-09-20 16:50:00+00:00,143.763,143.778,143.693,143.748,3264.9
2024-09-20 16:55:00+00:00,143.747,143.774,143.703,143.753,2607.93
2024-09-20 17:00:00+00:00,143.752,143.836,143.738,143.809,3801.69
2024-09-20 17:05:00+00:00,143.807,143.889,143.805,143.863,2664.06
2024-09-20 17:10:00+00:00,143.864,143.968,143.852,143.926,1605.37
2024-09-20 17:15:00+00:00,143.926,144.151,143.926,144.076,3386.01
2024-09-20 17:20:00+00:00,144.076,144.095,144.003,144.036,2194.29
2024-09-20 17:25:00+00:00,144.039,144.076,143.988,144.03,2810.47
2024-09-20 17:30:00+00:00,144.03,144.086,144.018,144.028,2164.29
2024-09-20 17:35:00+00:00,144.027,144.081,144.0,144.057,1513.47
2024-09-20 17:40:00+00:00,144.059,144.1,144.033,144.062,1441.17
2024-09-20 17:45:00+00:00,144.066,144.08,144.034,144.037,2067.15
2024-09-20 17:50:00+00:00,144.038,144.043,143.997,144.01,2085.69
2024-09-20 17:55:00+00:00,144.01,144.02,143.947,143.975,1389.75
2024-09-20 18:00:00+00:00,143.975,143.977,143.916,143.925,2790.96
2024-09-20 18:05:00+00:00,143.925,143.938,143.822,143.834,2918.85
2024-09-20 18:10:00+00:00,143.833,143.918,143.83,143.907,2178.03
2024-09-20 18:15:00+00:00,143.908,143.96,143.897,143.951,1720.74
2024-09-20 18:20:00+00:00,143.952,143.956,143.899,143.924,1801.2
2024-09-20 18:25:00+00:00,143.926,143.949,143.917,143.926,2250.03
2024-09-20 18:30:00+00:00,143.926,143.937,143.882,143.916,1746.66
2024-09-20 18:35:00+00:00,143.915,143.922,143.869,143.881,1120.14
2024-09-20 18:40:00+00:00,143.881,143.893,143.85,143.871,1924.71
2024-09-20 18:45:00+00:00,143.871,143.872,143.8,143.87,2240.88
2024-09-20 18:50:00+00:00,143.87,143.89,143.837,143.881,2583.87
2024-09-20 18:55:00+00:00,143.881,143.885,143.825,143.87,2841.48
2024-09-20 19:00:00+00:00,143.872,143.879,143.834,143.849,2481.33
2024-09-20 19:05:00+00:00,143.849,143.849,143.789,143.811,1822.39
2024-09-20 19:10:00+00:00,143.811,143.827,143.777,143.789,1134.19
2024-09-20 19:15:00+00:00,143.791,143.831,143.782,143.821,3429.9
2024-09-20 19:20:00+00:00,143.821,143.83,143.782,143.793,3722.91
2024-09-20 19:25:00+00:00,143.791,143.794,143.748,143.752,3653.34
2024-09-20 19:30:00+00:00,143.752,143.77,143.719,143.759,2119.11
2024-09-20 19:35:00+00:00,143.757,143.808,143.744,143.794,1835.71
2024-09-20 19:40:00+00:00,143.796,143.845,143.787,143.843,2713.74
2024-09-20 19:45:00+00:00,143.843,143.867,143.832,143.854,2789.52
2024-09-20 19:50:00+00:00,143.861,143.917,143.851,143.898,3603.69
2024-09-20 19:55:00+00:00,143.898,143.92,143.87,143.917,2637.0
2024-09-20 20:00:00+00:00,143.918,143.974,143.9,143.965,2172.11
2024-09-20 20:05:00+00:00,143.964,144.043,143.944,144.018,1332.6
2024-09-20 20:10:00+00:00,144.017,144.048,144.014,144.021,1133.43
2024-09-20 20:15:00+00:00,144.021,144.021,143.974,143.977,305.01
2024-09-20 20:20:00+00:00,143.983,143.988,143.962,143.964,575.79
2024-09-20 20:25:00+00:00,143.965,143.966,143.937,143.943,1416.63
2024-09-20 20:30:00+00:00,143.943,144.007,143.934,143.994,959.13
2024-09-20 20:35:00+00:00,143.991,144.006,143.972,143.981,2425.34
2024-09-20 20:40:00+00:00,143.979,143.981,143.89,143.89,2841.39
2024-09-20 20:45:00+00:00,143.889,143.924,143.889,143.907,3206.28
2024-09-20 20:50:00+00:00,143.906,144.005,143.905,143.908,1240.02
2024-09-20 20:55:00+00:00,143.906,143.915,143.808,143.808,228.6
2024-09-22 21:05:00+00:00,143.754,143.92,143.747,143.92,90.36
2024-09-22 21:10:00+00:00,143.914,144.045,143.787,143.787,84.99
2024-09-22 21:15:00+00:00,143.782,143.791,143.669,143.684,38.67
2024-09-22 21:20:00+00:00,143.691,143.814,143.669,143.814,25.71
2024-09-22 21:25:00+00:00,143.812,143.815,143.805,143.815,15.3
2024-09-22 21:30:00+00:00,143.805,143.819,143.764,143.764,69.66
2024-09-22 21:35:00+00:00,143.765,143.773,143.764,143.771,42.9
2024-09-22 21:40:00+00:00,143.764,143.774,143.726,143.729,74.55
2024-09-22 21:45:00+00:00,143.73,143.796,143.707,143.796,45.9
2024-09-22 21:50:00+00:00,143.796,143.857,143.796,143.856,246.75
2024-09-22 21:55:00+00:00,143.856,143.858,143.811,143.823,86.25
2024-09-22 22:00:00+00:00,143.823,143.972,143.672,143.748,1690.98
2024-09-22 22:05:00+00:00,143.751,143.816,143.746,143.789,512.55
2024-09-22 22:10:00+00:00,143.795,143.819,143.789,143.811,502.95
2024-09-22 22:15:00+00:00,143.809,143.817,143.797,143.8,254.4
2024-09-22 22:20:00+00:00,143.798,143.805,143.744,143.78,306.34
2024-09-22 22:25:00+00:00,143.782,143.893,143.766,143.887,1114.2
2024-09-22 22:30:00+00:00,143.889,143.993,143.884,143.985,1443.61
2024-09-22 22:35:00+00:00,143.985,144.039,143.934,143.942,830.25
2024-09-22 22:40:00+00:00,143.941,143.993,143.938,143.95,943.35
2024-09-22 22:45:00+00:00,143.949,143.997,143.937,143.954,493.83
2024-09-22 22:50:00+00:00,143.955,143.983,143.915,143.924,553.68
2024-09-22 22:55:00+00:00,143.926,143.939,143.881,143.919,729.81
2024-09-22 23:00:00+00:00,143.92,144.0,143.9,143.998,1292.16
2024-09-22 23:05:00+00:00,143.997,144.002,143.929,143.939,1501.58
2024-09-22 23:10:00+00:00,143.939,143.942,143.806,143.838,1176.27
2024-09-22 23:15:00+00:00,143.838,143.875,143.809,143.866,1016.86
2024-09-22 23:20:00+00:00,143.866,143.919,143.864,143.872,561.27
2024-09-22 23:25:00+00:00,143.874,143.892,143.808,143.887,732.9
2024-09-22 23:30:00+00:00,143.886,143.888,143.829,143.843,665.39
2024-09-22 23:35:00+00:00,143.843,143.912,143.838,143.864,628.74
2024-09-22 23:40:00+00:00,143.864,143.914,143.825,143.912,442.55
2024-09-22 23:45:00+00:00,143.913,144.019,143.912,143.968,1011.93
2024-09-22 23:50:00+00:00,143.967,144.003,143.913,143.995,682.59
2024-09-22 23:55:00+00:00,143.997,144.089,143.949,144.079,654.69
2024-09-23 00:00:00+00:00,144.086,144.127,144.035,144.106,2121.4
2024-09-23 00:05:00+00:00,144.108,144.174,144.068,144.151,1575.45
2024-09-23 00:10:00+00:00,144.153,144.187,144.025,144.108,2531.68
2024-09-23 00:15:00+00:00,144.106,144.179,144.062,144.124,1164.45
2024-09-23 00:20:00+00:00,144.119,144.195,144.096,144.184,1460.88
2024-09-23 00:25:00+00:00,144.184,144.232,144.18,144.2,1277.73
2024-09-23 00:30:00+00:00,144.201,144.258,144.192,144.203,904.47
2024-09-23 00:35:00+00:00,144.204,144.206,144.1,144.149,1928.59
2024-09-23 00:40:00+00:00,144.15,144.192,144.125,144.162,772.32
2024-09-23 00:45:00+00:00,144.163,144.192,144.107,144.109,625.83
2024-09-23 00:50:00+00:00,144.109,144.138,144.068,144.1,1799.38
2024-09-23 00:55:00+00:00,144.101,144.175,144.098,144.12,1541.1
2024-09-23 01:00:00+00:00,144.12,144.301,144.12,144.275,1828.37
2024-09-23 01:05:00+00:00,144.276,144.363,144.215,144.311,2017.26
2024-09-23 01:10:00+00:00,144.312,144.376,144.285,144.333,2207.49
2024-09-23 01:15:00+00:00,144.334,144.335,144.278,144.335,1422.55
2024-09-23 01:20:00+00:00,144.334,144.406,144.272,144.398,2028.93
2024-09-23 01:25:00+00:00,144.397,144.459,144.383,144.392,1515.04
2024-09-23 01:30:00+00:00,144.392,144.452,144.352,144.37,1665.09
2024-09-23 01:35:00+00:00,144.371,144.394,144.352,144.373,1361.47
2024-09-23 01:40:00+00:00,144.365,144.365,144.309,144.355,1601.54
2024-09-23 01:45:00+00:00,144.354,144.359,144.253,144.29,1232.32
2024-09-23 01:50:00+00:00,144.292,144.306,144.262,144.298,1401.24
2024-09-23 01:55:00+00:00,144.298,144.381,144.281,144.37,1559.73
2024-09-23 02:00:00+00:00,144.371,144.427,144.346,144.427,1922.52
2024-09-23 02:05:00+00:00,144.427,144.447,144.376,144.399,1354.07
2024-09-23 02:10:00+00:00,144.401,144.422,144.314,144.345,1034.88
2024-09-23 02:15:00+00:00,144.346,144.395,144.346,144.373,683.64
2024-09-23 02:20:00+00:00,144.373,144.416,144.367,144.401,729.57
2024-09-23 02:25:00+00:00,144.403,144.427,144.399,144.427,587.49
2024-09-23 02:30:00+00:00,144.43,144.437,144.372,144.399,1864.18
2024-09-23 02:35:00+00:00,144.397,144.41,144.354,144.404,603.39
2024-09-23 02:40:00+00:00,144.403,144.413,144.357,144.38,315.36
2024-09-23 02:45:00+00:00,144.381,144.387,144.331,144.36,410.25
2024-09-23 02:50:00+00:00,144.36,144.382,144.352,144.352,831.9
2024-09-23 02:55:00+00:00,144.353,144.362,144.303,144.362,1202.91
2024-09-23 03:00:00+00:00,144.361,144.364,144.321,144.333,1241.36
2024-09-23 03:05:00+00:00,144.334,144.372,144.297,144.357,807.79
2024-09-23 03:10:00+00:00,144.356,144.371,144.321,144.328,452.13
2024-09-23 03:15:00+00:00,144.327,144.349,144.302,144.323,414.6
2024-09-23 03:20:00+00:00,144.322,144.34,144.267,144.282,979.26
2024-09-23 03:25:00+00:00,144.286,144.303,144.269,144.301,1311.63
2024-09-23 03:30:00+00:00,144.302,144.33,144.288,144.296,401.82
2024-09-23 03:35:00+00:00,144.304,144.309,144.261,144.307,596.13
2024-09-23 03:40:00+00:00,144.312,144.349,144.3,144.344,525.69
2024-09-23 03:45:00+00:00,144.343,144.401,144.34,144.373,970.53
2024-09-23 03:50:00+00:00,144.374,144.396,144.309,144.327,1245.22
2024-09-23 03:55:00+00:00,144.328,144.334,144.285,144.315,909.11
2024-09-23 04:00:00+00:00,144.316,144.344,144.301,144.308,870.17
2024-09-23 04:05:00+00:00,144.308,144.315,144.26,144.287,1049.31
2024-09-23 04:10:00+00:00,144.288,144.335,144.288,144.315,554.32
2024-09-23 04:15:00+00:00,144.312,144.336,144.308,144.329,883.38
2024-09-23 04:20:00+00:00,144.327,144.35,144.262,144.271,497.4
2024-09-23 04:25:00+00:00,144.272,144.272,144.213,144.245,910.8
2024-09-23 04:30:00+00:00,144.248,144.248,144.218,144.234,456.66
2024-09-23 04:35:00+00:00,144.234,144.263,144.23,144.245,297.03
2024-09-23 04:40:00+00:00,144.247,144.261,144.209,144.259,678.39
2024-09-23 04:45:00+00:00,144.264,144.276,144.224,144.233,597.72
2024-09-23 04:50:00+00:00,144.233,144.249,144.193,144.196,1388.24
2024-09-23 04:55:00+00:00,144.198,144.26,144.179,144.256,1093.26
2024-09-23 05:00:00+00:00,144.255,144.315,144.208,144.267,1665.34
2024-09-23 05:05:00+00:00,144.267,144.317,144.255,144.282,1221.72
2024-09-23 05:10:00+00:00,144.286,144.286,144.26,144.269,970.35
2024-09-23 05:15:00+00:00,144.27,144.271,144.191,144.193,1120.83
2024-09-23 05:20:00+00:00,144.192,144.199,144.152,144.161,383.25
2024-09-23 05:25:00+00:00,144.16,144.204,144.149,144.182,662.04
2024-09-23 05:30:00+00:00,144.185,144.185,144.143,144.15,289.98
2024-09-23 05:35:00+00:00,144.153,144.213,144.139,144.204,736.3
2024-09-23 05:40:00+00:00,144.205,144.224,144.198,144.201,489.99
2024-09-23 05:45:00+00:00,144.203,144.203,144.165,144.178,455.17
2024-09-23 05:50:00+00:00,144.177,144.183,144.12,144.162,1098.54
2024-09-23 05:55:00+00:00,144.159,144.19,144.101,144.113,1028.58
2024-09-23 06:00:00+00:00,144.114,144.137,144.076,144.108,1803.87
2024-09-23 06:05:00+00:00,144.112,144.159,144.086,144.13,1171.89
2024-09-23 06:10:00+00:00,144.129,144.183,144.111,144.146,2043.63
2024-09-23 06:15:00+00:00,144.145,144.174,144.102,144.147,1902.51
2024-09-23 06:20:00+00:00,144.145,144.195,144.1,144.14,2559.48
2024-09-23 06:25:00+00:00,144.141,144.182,143.993,144.02,3141.77
2024-09-23 06:30:00+00:00,144.022,144.037,143.922,143.926,3414.78
2024-09-23 06:35:00+00:00,143.924,143.969,143.892,143.968,3739.23
2024-09-23 06:40:00+00:00,143.968,143.976,143.89,143.926,2619.45
2024-09-23 06:45:00+00:00,143.925,143.956,143.865,143.887,2898.55
2024-09-23 06:50:00+00:00,143.886,144.033,143.875,143.972,3067.69
2024-09-23 06:55:00+00:00,143.971,143.999,143.924,143.988,2871.93
2024-09-23 07:00:00+00:00,143.99,144.04,143.842,144.013,5215.98
2024-09-23 07:05:00+00:00,144.014,144.028,143.862,143.871,4519.05
2024-09-23 07:10:00+00:00,143.872,143.9,143.787,143.824,2409.47
2024-09-23 07:15:00+00:00,143.823,143.823,143.639,143.662,4340.81
2024-09-23 07:20:00+00:00,143.661,143.776,143.639,143.683,4831.47
2024-09-23 07:25:00+00:00,143.685,143.783,143.672,143.722,3575.7
2024-09-23 07:30:00+00:00,143.722,143.804,143.66,143.681,3428.09
2024-09-23 07:35:00+00:00,143.681,143.764,143.64,143.739,4651.74
2024-09-23 07:40:00+00:00,143.741,143.759,143.563,143.58,4938.26
2024-09-23 07:45:00+00:00,143.584,143.701,143.55,143.634,5249.76
2024-09-23 07:50:00+00:00,143.635,143.758,143.624,143.738,3992.22
2024-09-23 07:55:00+00:00,143.738,143.755,143.656,143.666,3321.87
2024-09-23 08:00:00+00:00,143.665,143.74,143.577,143.709,5414.94
2024-09-23 08:05:00+00:00,143.708,143.744,143.562,143.575,3999.79
2024-09-23 08:10:00+00:00,143.576,143.699,143.555,143.572,3442.43
2024-09-23 08:15:00+00:00,143.57,143.63,143.55,143.595,2869.29
2024-09-23 08:20:00+00:00,143.596,143.607,143.466,143.485,4243.95
2024-09-23 08:25:00+00:00,143.487,143.535,143.435,143.509,2696.04
2024-09-23 08:30:00+00:00,143.511,143.606,143.485,143.599,3320.04
2024-09-23 08:35:00+00:00,143.601,143.617,143.5,143.575,1584.33
2024-09-23 08:40:00+00:00,143.574,143.644,143.528,143.551,2872.89
2024-09-23 08:45:00+00:00,143.55,143.606,143.531,143.606,2054.39
2024-09-23 08:50:00+00:00,143.604,143.621,143.523,143.601,2608.44
2024-09-23 08:55:00+00:00,143.602,143.659,143.578,143.589,4158.99
2024-09-23 09:00:00+00:00,143.588,143.654,143.517,143.649,4359.0
2024-09-23 09:05:00+00:00,143.65,143.744,143.604,143.735,3615.24
2024-09-23 09:10:00+00:00,143.735,143.742,143.68,143.723,3080.16
2024-09-23 09:15:00+00:00,143.728,143.73,143.655,143.701,3288.6
2024-09-23 09:20:00+00:00,143.699,143.705,143.637,143.679,2322.03
2024-09-23 09:25:00+00:00,143.679,143.72,143.657,143.681,2261.46
2024-09-23 09:30:00+00:00,143.682,143.693,143.611,143.626,3062.41
2024-09-23 09:35:00+00:00,143.626,143.626,143.549,143.584,2667.6
2024-09-23 09:40:00+00:00,143.581,143.589,143.541,143.588,2203.86
2024-09-23 09:45:00+00:00,143.59,143.632,143.562,143.591,2876.91
2024-09-23 09:50:00+00:00,143.589,143.621,143.559,143.603,2475.12
2024-09-23 09:55:00+00:00,143.603,143.635,143.57,143.626,2638.02
2024-09-23 10:00:00+00:00,143.625,143.666,143.602,143.602,2390.55
2024-09-23 10:05:00+00:00,143.601,143.601,143.441,143.453,3401.85
2024-09-23 10:10:00+00:00,143.453,143.48,143.328,143.34,3824.34
2024-09-23 10:15:00+00:00,143.339,143.396,143.311,143.383,3203.88
2024-09-23 10:20:00+00:00,143.384,143.384,143.314,143.354,2580.9
2024-09-23 10:25:00+00:00,143.354,143.423,143.351,143.384,2919.03
2024-09-23 10:30:00+00:00,143.384,143.446,143.35,143.423,3194.52
2024-09-23 10:35:00+00:00,143.422,143.423,143.31,143.326,3374.64
2024-09-23 10:40:00+00:00,143.328,143.362,143.29,143.332,3281.7
2024-09-23 10:45:00+00:00,143.33,143.35,143.278,143.289,2607.33
2024-09-23 10:50:00+00:00,143.29,143.35,143.286,143.294,1871.91
2024-09-23 10:55:00+00:00,143.293,143.376,143.286,143.371,1815.3
2024-09-23 11:00:00+00:00,143.368,143.39,143.244,143.263,3629.22
2024-09-23 11:05:00+00:00,143.262,143.272,143.162,143.199,2095.1
2024-09-23 11:10:00+00:00,143.199,143.299,143.199,143.276,1992.81
2024-09-23 11:15:00+00:00,143.275,143.34,143.254,143.321,1601.46
2024-09-23 11:20:00+00:00,143.319,143.468,143.315,143.448,3342.87
2024-09-23 11:25:00+00:00,143.447,143.471,143.406,143.469,1558.86
2024-09-23 11:30:00+00:00,143.468,143.507,143.429,143.443,2211.27
2024-09-23 11:35:00+00:00,143.442,143.568,143.435,143.518,3052.77
2024-09-23 11:40:00+00:00,143.519,143.572,143.508,143.508,2496.15
2024-09-23 11:45:00+00:00,143.51,143.584,143.474,143.53,2679.33
2024-09-23 11:50:00+00:00,143.529,143.609,143.52,143.605,1050.63
2024-09-23 11:55:00+00:00,143.603,143.643,143.566,143.609,2458.74
2024-09-23 12:00:00+00:00,143.615,143.622,143.496,143.527,1217.64
2024-09-23 12:05:00+00:00,143.527,143.542,143.454,143.519,2698.44
2024-09-23 12:10:00+00:00,143.52,143.683,143.518,143.677,3415.73
2024-09-23 12:15:00+00:00,143.677,143.761,143.647,143.74,4321.74
2024-09-23 12:20:00+00:00,143.74,143.789,143.661,143.773,4399.78
2024-09-23 12:25:00+00:00,143.772,143.796,143.742,143.754,2417.73
2024-09-23 12:30:00+00:00,143.752,143.874,143.749,143.861,2748.12
2024-09-23 12:35:00+00:00,143.862,143.876,143.785,143.814,2531.95
2024-09-23 12:40:00+00:00,143.817,143.824,143.718,143.732,4505.04
2024-09-23 12:45:00+00:00,143.73,143.788,143.679,143.734,3592.57
2024-09-23 12:50:00+00:00,143.732,143.764,143.689,143.758,2916.15
2024-09-23 12:55:00+00:00,143.759,143.846,143.754,143.772,4401.75
2024-09-23 13:00:00+00:00,143.772,143.848,143.739,143.785,4182.18
2024-09-23 13:05:00+00:00,143.781,143.815,143.752,143.805,1830.97
2024-09-23 13:10:00+00:00,143.804,143.866,143.719,143.753,2775.87
2024-09-23 13:15:00+00:00,143.751,143.832,143.707,143.825,3034.5
2024-09-23 13:20:00+00:00,143.826,143.911,143.804,143.867,2590.41
2024-09-23 13:25:00+00:00,143.861,143.907,143.814,143.867,2037.66
2024-09-23 13:30:00+00:00,143.867,143.917,143.782,143.846,3258.26
2024-09-23 13:35:00+00:00,143.844,143.874,143.748,143.778,3615.24
2024-09-23 13:40:00+00:00,143.775,143.868,143.76,143.768,2400.66
2024-09-23 13:45:00+00:00,143.769,144.205,143.457,144.061,3366.43
2024-09-23 13:50:00+00:00,144.062,144.087,143.932,143.988,4383.19
2024-09-23 13:55:00+00:00,143.988,144.1,143.978,144.052,5860.32
2024-09-23 14:00:00+00:00,144.056,144.243,144.056,144.206,6098.01
2024-09-23 14:05:00+00:00,144.205,144.345,144.199,144.306,4543.61
2024-09-23 14:10:00+00:00,144.308,144.33,144.222,144.253,5686.6
2024-09-23 14:15:00+00:00,144.252,144.273,144.12,144.129,5475.6
2024-09-23 14:20:00+00:00,144.128,144.174,144.001,144.003,4405.15
2024-09-23 14:25:00+00:00,144.006,144.074,143.912,143.939,4067.69
2024-09-23 14:30:00+00:00,143.94,143.951,143.822,143.833,3470.51
2024-09-23 14:35:00+00:00,143.832,143.893,143.747,143.836,3780.17
2024-09-23 14:40:00+00:00,143.836,143.878,143.769,143.799,4675.53
2024-09-23 14:45:00+00:00,143.799,143.854,143.744,143.853,2897.32
2024-09-23 14:50:00+00:00,143.852,143.852,143.748,143.804,2980.35
2024-09-23 14:55:00+00:00,143.804,143.814,143.707,143.771,3061.92
2024-09-23 15:00:00+00:00,143.77,143.792,143.662,143.792,5712.21
2024-09-23 15:05:00+00:00,143.797,143.918,143.776,143.914,3012.18
2024-09-23 15:10:00+00:00,143.916,143.942,143.858,143.868,2994.9
2024-09-23 15:15:00+00:00,143.866,143.876,143.764,143.819,3557.13
2024-09-23 15:20:00+00:00,143.822,143.894,143.766,143.88,2880.99
2024-09-23 15:25:00+00:00,143.878,143.908,143.853,143.879,3038.64
2024-09-23 15:30:00+00:00,143.878,143.936,143.851,143.856,1964.0
2024-09-23 15:35:00+00:00,143.856,143.856,143.761,143.77,2347.44
2024-09-23 15:40:00+00:00,143.769,143.829,143.763,143.766,2669.67
2024-09-23 15:45:00+00:00,143.766,143.768,143.622,143.65,2837.04
2024-09-23 15:50:00+00:00,143.655,143.701,143.623,143.624,2685.21
2024-09-23 15:55:00+00:00,143.624,143.644,143.571,143.593,1746.36
2024-09-23 16:00:00+00:00,143.592,143.599,143.498,143.58,2665.92
2024-09-23 16:05:00+00:00,143.579,143.627,143.511,143.547,1641.0
2024-09-23 16:10:00+00:00,143.545,143.551,143.452,143.513,2246.35
2024-09-23 16:15:00+00:00,143.514,143.53,143.411,143.416,1675.79
2024-09-23 16:20:00+00:00,143.415,143.461,143.393,143.418,2006.46
2024-09-23 16:25:00+00:00,143.414,143.419,143.346,143.408,2109.84
2024-09-23 16:30:00+00:00,143.412,143.493,143.391,143.446,3232.38
2024-09-23 16:35:00+00:00,143.447,143.459,143.342,143.397,3265.9
2024-09-23 16:40:00+00:00,143.397,143.402,143.337,143.337,2757.9
2024-09-23 16:45:00+00:00,143.337,143.431,143.312,143.422,1372.29
2024-09-23 16:50:00+00:00,143.423,143.436,143.367,143.401,1752.69
2024-09-23 16:55:00+00:00,143.403,143.403,143.321,143.344,1572.93
2024-09-23 17:00:00+00:00,143.343,143.369,143.29,143.357,1831.17
2024-09-23 17:05:00+00:00,143.359,143.374,143.281,143.333,2242.2
2024-09-23 17:10:00+00:00,143.332,143.397,143.313,143.32,1508.7
2024-09-23 17:15:00+00:00,143.32,143.373,143.292,143.361,2744.85
2024-09-23 17:20:00+00:00,143.361,143.386,143.325,143.37,2278.39
2024-09-23 17:25:00+00:00,143.369,143.378,143.312,143.353,2297.25
2024-09-23 17:30:00+00:00,143.354,143.381,143.338,143.376,2090.37
2024-09-23 17:35:00+00:00,143.381,143.4,143.3,143.336,3088.92
2024-09-23 17:40:00+00:00,143.335,143.336,143.251,143.278,2211.45
2024-09-23 17:45:00+00:00,143.277,143.375,143.264,143.357,1298.07
2024-09-23 17:50:00+00:00,143.358,143.394,143.332,143.376,2152.59
2024-09-23 17:55:00+00:00,143.376,143.404,143.334,143.404,2150.88
2024-09-23 18:00:00+00:00,143.403,143.435,143.381,143.408,2227.83
2024-09-23 18:05:00+00:00,143.407,143.424,143.39,143.398,1601.88
2024-09-23 18:10:00+00:00,143.398,143.403,143.36,143.369,2266.74
2024-09-23 18:15:00+00:00,143.37,143.418,143.36,143.413,943.59
2024-09-23 18:20:00+00:00,143.412,143.428,143.392,143.392,1725.96
2024-09-23 18:25:00+00:00,143.394,143.405,143.322,143.353,2243.43
2024-09-23 18:30:00+00:00,143.354,143.364,143.324,143.336,1333.8
2024-09-23 18:35:00+00:00,143.335,143.335,143.296,143.317,583.86
2024-09-23 18:40:00+00:00,143.317,143.319,143.292,143.315,1352.91
2024-09-23 18:45:00+00:00,143.315,143.344,143.296,143.328,1660.85
2024-09-23 18:50:00+00:00,143.328,143.352,143.328,143.34,1350.63
2024-09-23 18:55:00+00:00,143.338,143.35,143.301,143.317,2187.72
2024-09-23 19:00:00+00:00,143.318,143.406,143.318,143.384,2193.63
2024-09-23 19:05:00+00:00,143.385,143.432,143.374,143.422,1277.76
2024-09-23 19:10:00+00:00,143.425,143.428,143.399,143.42,646.14
2024-09-23 19:15:00+00:00,143.421,143.505,143.419,143.487,1093.92
2024-09-23 19:20:00+00:00,143.486,143.486,143.458,143.467,694.11
2024-09-23 19:25:00+00:00,143.466,143.51,143.466,143.502,633.18
2024-09-23 19:30:00+00:00,143.502,143.51,143.471,143.479,612.9
2024-09-23 19:35:00+00:00,143.477,143.484,143.459,143.474,1889.85
2024-09-23 19:40:00+00:00,143.473,143.492,143.452,143.453,1905.87
2024-09-23 19:45:00+00:00,143.456,143.473,143.429,143.469,1077.54
2024-09-23 19:50:00+00:00,143.471,143.503,143.458,143.499,1539.63
2024-09-23 19:55:00+00:00,143.5,143.51,143.483,143.489,3217.62
2024-09-23 20:00:00+00:00,143.49,143.566,143.489,143.543,1651.05
2024-09-23 20:05:00+00:00,143.544,143.558,143.529,143.532,850.74
2024-09-23 20:10:00+00:00,143.532,143.547,143.53,143.543,1036.5
2024-09-23 20:15:00+00:00,143.543,143.587,143.541,143.571,1035.6
2024-09-23 20:20:00+00:00,143.571,143.591,143.568,143.587,510.6
2024-09-23 20:25:00+00:00,143.587,143.594,143.541,143.559,633.99
2024-09-23 20:30:00+00:00,143.561,143.594,143.56,143.594,311.7
2024-09-23 20:35:00+00:00,143.593,143.622,143.591,143.605,202.05
2024-09-23 20:40:00+00:00,143.604,143.614,143.596,143.602,368.4
2024-09-23 20:45:00+00:00,143.601,143.635,143.6,143.621,764.1
2024-09-23 20:50:00+00:00,143.62,143.645,143.617,143.619,1410.75
2024-09-23 20:55:00+00:00,143.618,143.624,143.574,143.594,2337.87
2024-09-23 21:00:00+00:00,143.592,143.592,143.455,143.463,20.01
2024-09-23 21:05:00+00:00,143.471,143.503,143.471,143.5,28.61
2024-09-23 21:10:00+00:00,143.52,143.52,143.487,143.5,53.7
2024-09-23 21:15:00+00:00,143.498,143.523,143.496,143.521,50.82
2024-09-23 21:20:00+00:00,143.521,143.525,143.514,143.525,45.6
2024-09-23 21:25:00+00:00,143.526,143.559,143.519,143.559,57.0
2024-09-23 21:30:00+00:00,143.56,143.561,143.556,143.559,87.0
2024-09-23 21:35:00+00:00,143.559,143.559,143.558,143.558,6.0
2024-09-23 21:40:00+00:00,143.56,143.566,143.557,143.558,177.0
2024-09-23 21:45:00+00:00,143.558,143.559,143.558,143.559,6.0
2024-09-23 21:50:00+00:00,143.56,143.561,143.56,143.56,6.12
2024-09-23 21:55:00+00:00,143.563,143.563,143.563,143.563,1.2
2024-09-23 22:00:00+00:00,143.566,143.616,143.566,143.593,248.25
2024-09-23 22:05:00+00:00,143.592,143.597,143.574,143.585,132.6
2024-09-23 22:10:00+00:00,143.585,143.589,143.555,143.579,313.95
2024-09-23 22:15:00+00:00,143.579,143.7,143.579,143.668,500.79
2024-09-23 22:20:00+00:00,143.668,143.671,143.61,143.612,607.95
2024-09-23 22:25:00+00:00,143.613,143.622,143.571,143.578,406.27
2024-09-23 22:30:00+00:00,143.58,143.627,143.549,143.626,453.82
2024-09-23 22:35:00+00:00,143.627,143.627,143.58,143.59,277.02
2024-09-23 22:40:00+00:00,143.59,143.596,143.561,143.593,289.77
2024-09-23 22:45:00+00:00,143.595,143.621,143.59,143.611,291.6
2024-09-23 22:50:00+00:00,143.613,143.613,143.586,143.59,172.5
2024-09-23 22:55:00+00:00,143.591,143.646,143.591,143.629,243.63
2024-09-23 23:00:00+00:00,143.629,143.63,143.576,143.584,529.2
2024-09-23 23:05:00+00:00,143.585,143.585,143.536,143.554,153.6
2024-09-23 23:10:00+00:00,143.555,143.58,143.526,143.527,367.5
2024-09-23 23:15:00+00:00,143.526,143.602,143.516,143.585,300.3
2024-09-23 23:20:00+00:00,143.584,143.598,143.546,143.547,386.07
2024-09-23 23:25:00+00:00,143.549,143.644,143.547,143.62,463.35
2024-09-23 23:30:00+00:00,143.619,143.674,143.61,143.661,390.35
2024-09-23 23:35:00+00:00,143.662,143.718,143.652,143.71,373.83
2024-09-23 23:40:00+00:00,143.708,143.748,143.689,143.74,624.66
2024-09-23 23:45:00+00:00,143.739,143.778,143.695,143.713,631.8
2024-09-23 23:50:00+00:00,143.714,143.731,143.661,143.678,420.51
2024-09-23 23:55:00+00:00,143.68,143.688,143.612,143.633,1037.88
2024-09-24 00:00:00+00:00,143.632,143.687,143.541,143.671,2290.04
2024-09-24 00:05:00+00:00,143.666,143.677,143.469,143.499,4045.89
2024-09-24 00:10:00+00:00,143.497,143.538,143.447,143.456,1525.57
2024-09-24 00:15:00+00:00,143.457,143.506,143.408,143.504,1425.45
2024-09-24 00:20:00+00:00,143.508,143.599,143.48,143.583,1811.69
2024-09-24 00:25:00+00:00,143.584,143.701,143.577,143.649,1489.72
2024-09-24 00:30:00+00:00,143.649,143.729,143.648,143.694,1382.91
2024-09-24 00:35:00+00:00,143.696,143.728,143.593,143.602,1291.09
2024-09-24 00:40:00+00:00,143.606,143.673,143.572,143.663,1331.19
2024-09-24 00:45:00+00:00,143.662,143.712,143.619,143.65,1297.74
2024-09-24 00:50:00+00:00,143.649,143.719,143.637,143.69,1784.51
2024-09-24 00:55:00+00:00,143.691,143.735,143.549,143.55,2187.57
2024-09-24 01:00:00+00:00,143.549,143.616,143.522,143.615,1970.64
2024-09-24 01:05:00+00:00,143.615,143.835,143.615,143.822,2098.75
2024-09-24 01:10:00+00:00,143.823,143.855,143.753,143.774,1620.82
2024-09-24 01:15:00+00:00,143.773,143.887,143.757,143.883,1065.36
2024-09-24 01:20:00+00:00,143.883,143.891,143.825,143.875,849.15
2024-09-24 01:25:00+00:00,143.878,143.908,143.813,143.832,834.99
2024-09-24 01:30:00+00:00,143.835,143.857,143.691,143.751,1413.49
2024-09-24 01:35:00+00:00,143.75,143.814,143.714,143.771,1509.66
2024-09-24 01:40:00+00:00,143.77,143.771,143.627,143.646,937.86
2024-09-24 01:45:00+00:00,143.647,143.699,143.577,143.577,2771.5
2024-09-24 01:50:00+00:00,143.577,143.665,143.562,143.663,1438.02
2024-09-24 01:55:00+00:00,143.663,143.678,143.627,143.63,670.29
2024-09-24 02:00:00+00:00,143.629,143.632,143.481,143.524,3327.69
2024-09-24 02:05:00+00:00,143.523,143.552,143.374,143.419,3424.23
2024-09-24 02:10:00+00:00,143.419,143.537,143.41,143.503,1674.09
2024-09-24 02:15:00+00:00,143.506,143.562,143.493,143.538,1668.2
2024-09-24 02:20:00+00:00,143.538,143.577,143.528,143.573,1241.88
2024-09-24 02:25:00+00:00,143.571,143.616,143.557,143.579,687.0
2024-09-24 02:30:00+00:00,143.578,143.613,143.555,143.613,1212.27
2024-09-24 02:35:00+00:00,143.613,143.664,143.594,143.656,982.56
2024-09-24 02:40:00+00:00,143.657,143.697,143.638,143.641,583.62
2024-09-24 02:45:00+00:00,143.641,143.712,143.594,143.708,983.71
2024-09-24 02:50:00+00:00,143.71,143.712,143.633,143.665,800.67
2024-09-24 02:55:00+00:00,143.666,143.672,143.6,143.666,1266.9
2024-09-24 03:00:00+00:00,143.667,143.705,143.613,143.619,1182.49
2024-09-24 03:05:00+00:00,143.62,143.636,143.588,143.593,694.62
2024-09-24 03:10:00+00:00,143.594,143.626,143.577,143.583,622.18
2024-09-24 03:15:00+00:00,143.584,143.65,143.568,143.642,922.2
2024-09-24 03:20:00+00:00,143.641,143.709,143.632,143.696,519.27
2024-09-24 03:25:00+00:00,143.697,143.709,143.654,143.696,1253.88
2024-09-24 03:30:00+00:00,143.693,143.721,143.667,143.676,607.32
2024-09-24 03:35:00+00:00,143.674,143.754,143.672,143.743,1065.6
2024-09-24 03:40:00+00:00,143.742,143.8,143.742,143.759,1129.71
2024-09-24 03:45:00+00:00,143.764,143.854,143.759,143.793,997.23
2024-09-24 03:50:00+00:00,143.794,143.798,143.741,143.755,945.96
2024-09-24 03:55:00+00:00,143.755,143.798,143.735,143.772,990.78
2024-09-24 04:00:00+00:00,143.772,143.804,143.75,143.797,1266.6
2024-09-24 04:05:00+00:00,143.798,143.897,143.787,143.876,1004.1
2024-09-24 04:10:00+00:00,143.876,143.92,143.872,143.883,1558.72
2024-09-24 04:15:00+00:00,143.883,143.898,143.838,143.856,759.75
2024-09-24 04:20:00+00:00,143.857,143.879,143.85,143.875,1105.89
2024-09-24 04:25:00+00:00,143.875,143.885,143.817,143.851,913.65
2024-09-24 04:30:00+00:00,143.854,143.914,143.787,143.795,1074.09
2024-09-24 04:35:00+00:00,143.796,143.858,143.778,143.845,849.9
2024-09-24 04:40:00+00:00,143.847,143.928,143.838,143.905,734.52
2024-09-24 04:45:00+00:00,143.906,143.935,143.885,143.904,507.22
2024-09-24 04:50:00+00:00,143.904,143.941,143.855,143.862,1297.32
2024-09-24 04:55:00+00:00,143.871,143.879,143.829,143.842,698.19
2024-09-24 05:00:00+00:00,143.847,143.913,143.836,143.908,1051.97
2024-09-24 05:05:00+00:00,143.91,144.043,143.904,144.003,1572.75
2024-09-24 05:10:00+00:00,144.004,144.05,143.977,143.984,1673.25
2024-09-24 05:15:00+00:00,143.986,143.996,143.918,143.935,961.1
2024-09-24 05:20:00+00:00,143.935,143.991,143.919,143.978,1286.91
2024-09-24 05:25:00+00:00,143.977,144.006,143.967,143.978,900.15
2024-09-24 05:30:00+00:00,143.991,144.102,143.991,144.093,2163.67
2024-09-24 05:35:00+00:00,144.091,144.117,144.073,144.106,2328.4
2024-09-24 05:40:00+00:00,144.105,144.117,144.064,144.074,2337.18
2024-09-24 05:45:00+00:00,144.072,144.125,144.065,144.118,1374.15
2024-09-24 05:50:00+00:00,144.116,144.141,144.087,144.139,1110.51
2024-09-24 05:55:00+00:00,144.142,144.194,144.081,144.092,2476.77
2024-09-24 06:00:00+00:00,144.091,144.169,144.071,144.152,3236.21
2024-09-24 06:05:00+00:00,144.151,144.198,144.135,144.185,2240.31
2024-09-24 06:10:00+00:00,144.185,144.226,144.153,144.182,2782.62
2024-09-24 06:15:00+00:00,144.183,144.223,144.133,144.185,2147.58
2024-09-24 06:20:00+00:00,144.184,144.195,144.159,144.184,2492.22
2024-09-24 06:25:00+00:00,144.185,144.267,144.185,144.265,1614.57
2024-09-24 06:30:00+00:00,144.263,144.358,144.262,144.354,3716.28
2024-09-24 06:35:00+00:00,144.353,144.381,144.3,144.316,2676.48
2024-09-24 06:40:00+00:00,144.317,144.378,144.311,144.369,1943.1
2024-09-24 06:45:00+00:00,144.365,144.401,144.349,144.37,3105.42
2024-09-24 06:50:00+00:00,144.368,144.451,144.355,144.434,2833.17
2024-09-24 06:55:00+00:00,144.434,144.466,144.411,144.426,3629.49
2024-09-24 07:00:00+00:00,144.429,144.603,144.427,144.59,4034.7
2024-09-24 07:05:00+00:00,144.591,144.637,144.578,144.587,3528.93
2024-09-24 07:10:00+00:00,144.586,144.679,144.586,144.653,3661.67
2024-09-24 07:15:00+00:00,144.651,144.672,144.586,144.625,2503.65
2024-09-24 07:20:00+00:00,144.625,144.67,144.526,144.533,2752.08
2024-09-24 07:25:00+00:00,144.534,144.551,144.381,144.397,1719.69
2024-09-24 07:30:00+00:00,144.395,144.408,144.27,144.363,2018.08
2024-09-24 07:35:00+00:00,144.364,144.443,144.353,144.383,1760.22
2024-09-24 07:40:00+00:00,144.385,144.429,144.35,144.373,1444.14
2024-09-24 07:45:00+00:00,144.373,144.395,144.241,144.331,2375.11
2024-09-24 07:50:00+00:00,144.326,144.376,144.311,144.361,2133.0
2024-09-24 07:55:00+00:00,144.362,144.537,144.362,144.452,2458.21
2024-09-24 08:00:00+00:00,144.453,144.511,144.351,144.358,1677.39
2024-09-24 08:05:00+00:00,144.356,144.39,144.294,144.349,1612.26
2024-09-24 08:10:00+00:00,144.349,144.457,144.305,144.435,3329.97
2024-09-24 08:15:00+00:00,144.436,144.496,144.406,144.448,3377.07
2024-09-24 08:20:00+00:00,144.449,144.614,144.445,144.567,3490.59
2024-09-24 08:25:00+00:00,144.571,144.635,144.565,144.579,3733.9
2024-09-24 08:30:00+00:00,144.579,144.606,144.488,144.489,4434.07
2024-09-24 08:35:00+00:00,144.489,144.547,144.37,144.379,4306.55
2024-09-24 08:40:00+00:00,144.38,144.434,144.321,144.328,4574.8
2024-09-24 08:45:00+00:00,144.328,144.334,144.258,144.308,3548.73
2024-09-24 08:50:00+00:00,144.309,144.319,144.215,144.243,2911.3
2024-09-24 08:55:00+00:00,144.245,144.292,144.217,144.288,3147.49
2024-09-24 09:00:00+00:00,144.288,144.344,144.264,144.282,2406.68
2024-09-24 09:05:00+00:00,144.283,144.296,144.238,144.284,2466.76
2024-09-24 09:10:00+00:00,144.284,144.32,144.249,144.303,1847.55
2024-09-24 09:15:00+00:00,144.304,144.369,144.291,144.355,2530.32
2024-09-24 09:20:00+00:00,144.354,144.396,144.343,144.393,1713.52
2024-09-24 09:25:00+00:00,144.398,144.428,144.384,144.418,2442.48
2024-09-24 09:30:00+00:00,144.42,144.477,144.413,144.416,2169.15
2024-09-24 09:35:00+00:00,144.423,144.447,144.319,144.319,1573.35
2024-09-24 09:40:00+00:00,144.319,144.364,144.289,144.35,2398.66
2024-09-24 09:45:00+00:00,144.351,144.353,144.272,144.318,2290.5
2024-09-24 09:50:00+00:00,144.317,144.331,144.25,144.274,897.42
2024-09-24 09:55:00+00:00,144.277,144.295,144.211,144.265,1925.98
2024-09-24 10:00:00+00:00,144.267,144.314,144.233,144.302,2411.58
2024-09-24 10:05:00+00:00,144.306,144.354,144.306,144.32,1542.42
2024-09-24 10:10:00+00:00,144.316,144.316,144.163,144.176,2232.74
2024-09-24 10:15:00+00:00,144.176,144.207,144.173,144.195,1563.06
2024-09-24 10:20:00+00:00,144.194,144.197,144.128,144.14,970.68
2024-09-24 10:25:00+00:00,144.141,144.193,144.121,144.138,1277.73
2024-09-24 10:30:00+00:00,144.136,144.176,144.055,144.057,1558.71
2024-09-24 10:35:00+00:00,144.055,144.104,143.994,144.001,1740.18
2024-09-24 10:40:00+00:00,144.001,144.016,143.964,144.0,1757.97
2024-09-24 10:45:00+00:00,143.995,144.001,143.923,143.95,1737.84
2024-09-24 10:50:00+00:00,143.949,143.983,143.874,143.893,2262.51
2024-09-24 10:55:00+00:00,143.895,143.971,143.888,143.935,2432.01
2024-09-24 11:00:00+00:00,143.935,143.961,143.864,143.886,3135.6
2024-09-24 11:05:00+00:00,143.885,143.926,143.828,143.924,2557.35
2024-09-24 11:10:00+00:00,143.924,143.957,143.892,143.915,1315.95
2024-09-24 11:15:00+00:00,143.916,143.996,143.863,143.983,1698.57
2024-09-24 11:20:00+00:00,143.984,144.056,143.975,144.0,1692.66
2024-09-24 11:25:00+00:00,143.999,144.047,143.967,143.981,2063.6
2024-09-24 11:30:00+00:00,143.981,144.102,143.922,144.085,2564.66
2024-09-24 11:35:00+00:00,144.085,144.13,144.052,144.117,1321.29
2024-09-24 11:40:00+00:00,144.118,144.164,144.108,144.109,1952.91
2024-09-24 11:45:00+00:00,144.11,144.117,144.031,144.036,1830.99
2024-09-24 11:50:00+00:00,144.032,144.061,143.951,143.965,2178.87
2024-09-24 11:55:00+00:00,143.967,144.019,143.956,143.976,1731.15
2024-09-24 12:00:00+00:00,143.981,144.02,143.903,143.912,3403.89
2024-09-24 12:05:00+00:00,143.911,143.911,143.809,143.838,3042.81
2024-09-24 12:10:00+00:00,143.836,143.886,143.781,143.871,3066.48
2024-09-24 12:15:00+00:00,143.871,144.003,143.862,143.994,2676.18
2024-09-24 12:20:00+00:00,143.995,144.099,143.985,144.054,2833.29
2024-09-24 12:25:00+00:00,144.055,144.104,144.036,144.089,2858.13
2024-09-24 12:30:00+00:00,144.088,144.121,143.972,143.974,3094.6
2024-09-24 12:35:00+00:00,143.973,144.102,143.939,143.982,2670.54
2024-09-24 12:40:00+00:00,143.981,144.038,143.914,143.924,3079.99
2024-09-24 12:45:00+00:00,143.922,144.023,143.904,143.99,2292.21
2024-09-24 12:50:00+00:00,143.988,143.996,143.901,143.923,2727.0
2024-09-24 12:55:00+00:00,143.924,144.032,143.921,143.963,3129.18
2024-09-24 13:00:00+00:00,143.969,144.098,143.896,144.003,1835.16
2024-09-24 13:05:00+00:00,144.003,144.06,143.962,144.036,2925.57
2024-09-24 13:10:00+00:00,144.038,144.112,144.014,144.094,3574.59
2024-09-24 13:15:00+00:00,144.103,144.173,144.074,144.101,3250.84
2024-09-24 13:20:00+00:00,144.101,144.116,144.003,144.013,2816.76
2024-09-24 13:25:00+00:00,144.014,144.025,143.913,143.957,3082.17
2024-09-24 13:30:00+00:00,143.963,144.089,143.939,144.059,4517.32
2024-09-24 13:35:00+00:00,144.063,144.141,144.062,144.08,3495.39
2024-09-24 13:40:00+00:00,144.08,144.197,144.068,144.165,3336.96
2024-09-24 13:45:00+00:00,144.164,144.196,144.117,144.135,2708.82
2024-09-24 13:50:00+00:00,144.134,144.205,144.109,144.159,3151.8
2024-09-24 13:55:00+00:00,144.159,144.159,144.062,144.09,2681.97
2024-09-24 14:00:00+00:00,144.097,144.097,143.654,143.709,4821.49
2024-09-24 14:05:00+00:00,143.71,143.753,143.529,143.564,4885.63
2024-09-24 14:10:00+00:00,143.564,143.706,143.564,143.625,3948.09
2024-09-24 14:15:00+00:00,143.625,143.625,143.441,143.521,4767.45
2024-09-24 14:20:00+00:00,143.517,143.564,143.429,143.492,4098.57
2024-09-24 14:25:00+00:00,143.49,143.53,143.443,143.498,3638.81
2024-09-24 14:30:00+00:00,143.499,143.624,143.499,143.586,3901.63
2024-09-24 14:35:00+00:00,143.586,143.649,143.565,143.57,3312.54
2024-09-24 14:40:00+00:00,143.569,143.588,143.495,143.517,3622.92
2024-09-24 14:45:00+00:00,143.517,143.615,143.472,143.569,3616.2
2024-09-24 14:50:00+00:00,143.57,143.713,143.569,143.609,3554.42
2024-09-24 14:55:00+00:00,143.61,143.68,143.563,143.67,3719.38
2024-09-24 15:00:00+00:00,143.67,143.726,143.607,143.72,3296.02
2024-09-24 15:05:00+00:00,143.723,143.775,143.681,143.705,1052.08
2024-09-24 15:10:00+00:00,143.701,143.723,143.622,143.64,1416.63
2024-09-24 15:15:00+00:00,143.639,143.69,143.62,143.654,954.03
2024-09-24 15:20:00+00:00,143.654,143.754,143.65,143.708,2620.99
2024-09-24 15:25:00+00:00,143.708,143.732,143.598,143.631,2039.25
2024-09-24 15:30:00+00:00,143.633,143.7,143.629,143.67,1446.82
2024-09-24 15:35:00+00:00,143.673,143.744,143.666,143.714,1203.48
2024-09-24 15:40:00+00:00,143.715,143.792,143.679,143.779,1428.3
2024-09-24 15:45:00+00:00,143.779,143.81,143.742,143.77,1718.79
2024-09-24 15:50:00+00:00,143.768,143.867,143.741,143.867,1053.28
2024-09-24 15:55:00+00:00,143.866,143.867,143.772,143.777,1013.04
2024-09-24 16:00:00+00:00,143.776,143.794,143.683,143.691,980.01
2024-09-24 16:05:00+00:00,143.691,143.693,143.596,143.608,2038.73
2024-09-24 16:10:00+00:00,143.607,143.621,143.537,143.562,908.49
2024-09-24 16:15:00+00:00,143.562,143.601,143.519,143.556,612.9
2024-09-24 16:20:00+00:00,143.557,143.621,143.533,143.572,1340.16
2024-09-24 16:25:00+00:00,143.574,143.629,143.557,143.615,1782.99
2024-09-24 16:30:00+00:00,143.615,143.653,143.599,143.622,1255.74
2024-09-24 16:35:00+00:00,143.623,143.634,143.548,143.6,1338.42
2024-09-24 16:40:00+00:00,143.6,143.607,143.517,143.521,1661.69
2024-09-24 16:45:00+00:00,143.523,143.525,143.43,143.432,1961.76
2024-09-24 16:50:00+00:00,143.433,143.442,143.4,143.44,1466.46
2024-09-24 16:55:00+00:00,143.44,143.472,143.41,143.461,1299.39
2024-09-24 17:00:00+00:00,143.462,143.493,143.433,143.452,958.44
2024-09-24 17:05:00+00:00,143.448,143.579,143.435,143.566,2210.67
2024-09-24 17:10:00+00:00,143.565,143.599,143.547,143.592,754.41
2024-09-24 17:15:00+00:00,143.588,143.66,143.562,143.648,750.09
2024-09-24 17:20:00+00:00,143.646,143.657,143.601,143.619,632.85
2024-09-24 17:25:00+00:00,143.614,143.659,143.607,143.657,628.17
2024-09-24 17:30:00+00:00,143.658,143.71,143.658,143.677,1328.61
2024-09-24 17:35:00+00:00,143.676,143.68,143.605,143.619,940.14
2024-09-24 17:40:00+00:00,143.619,143.63,143.576,143.578,811.74
2024-09-24 17:45:00+00:00,143.579,143.593,143.559,143.587,379.68
2024-09-24 17:50:00+00:00,143.582,143.585,143.523,143.523,494.1
2024-09-24 17:55:00+00:00,143.524,143.525,143.471,143.475,1866.09
2024-09-24 18:00:00+00:00,143.474,143.493,143.421,143.443,1897.18
2024-09-24 18:05:00+00:00,143.442,143.444,143.413,143.437,1076.34
2024-09-24 18:10:00+00:00,143.437,143.475,143.432,143.472,1387.05
2024-09-24 18:15:00+00:00,143.472,143.485,143.41,143.411,1694.04
2024-09-24 18:20:00+00:00,143.411,143.412,143.32,143.332,1685.87
2024-09-24 18:25:00+00:00,143.333,143.352,143.271,143.346,1795.08
2024-09-24 18:30:00+00:00,143.346,143.364,143.292,143.362,2472.99
2024-09-24 18:35:00+00:00,143.362,143.43,143.362,143.43,1205.4
2024-09-24 18:40:00+00:00,143.43,143.442,143.384,143.438,1023.75
2024-09-24 18:45:00+00:00,143.436,143.448,143.408,143.422,701.4
2024-09-24 18:50:00+00:00,143.421,143.452,143.383,143.393,514.14
2024-09-24 18:55:00+00:00,143.393,143.404,143.353,143.383,1141.5
2024-09-24 19:00:00+00:00,143.384,143.436,143.352,143.372,1055.01
2024-09-24 19:05:00+00:00,143.376,143.378,143.273,143.283,1664.7
2024-09-24 19:10:00+00:00,143.282,143.293,143.269,143.27,1245.66
2024-09-24 19:15:00+00:00,143.269,143.302,143.232,143.29,1388.91
2024-09-24 19:20:00+00:00,143.289,143.307,143.268,143.293,1597.17
2024-09-24 19:25:00+00:00,143.294,143.294,143.239,143.26,1802.34
2024-09-24 19:30:00+00:00,143.261,143.286,143.245,143.282,1525.56
2024-09-24 19:35:00+00:00,143.281,143.294,143.268,143.268,1263.48
2024-09-24 19:40:00+00:00,143.268,143.27,143.228,143.25,967.64
2024-09-24 19:45:00+00:00,143.25,143.272,143.235,143.263,1092.75
2024-09-24 19:50:00+00:00,143.263,143.275,143.235,143.243,809.64
2024-09-24 19:55:00+00:00,143.245,143.245,143.221,143.239,800.43
2024-09-24 20:00:00+00:00,143.239,143.257,143.202,143.214,511.26
2024-09-24 20:05:00+00:00,143.211,143.234,143.18,143.192,295.89
2024-09-24 20:10:00+00:00,143.194,143.211,143.191,143.208,430.68
2024-09-24 20:15:00+00:00,143.208,143.246,143.207,143.224,377.55
2024-09-24 20:20:00+00:00,143.223,143.227,143.175,143.178,538.5
2024-09-24 20:25:00+00:00,143.174,143.174,143.111,143.126,418.17
2024-09-24 20:30:00+00:00,143.125,143.162,143.121,143.16,824.19
2024-09-24 20:35:00+00:00,143.161,143.176,143.153,143.158,452.19
2024-09-24 20:40:00+00:00,143.156,143.179,143.144,143.151,653.43
2024-09-24 20:45:00+00:00,143.153,143.183,143.138,143.166,236.7
2024-09-24 20:50:00+00:00,143.163,143.172,143.154,143.158,513.66
2024-09-24 20:55:00+00:00,143.158,143.229,143.154,143.211,2134.95
2024-09-24 21:00:00+00:00,143.207,143.207,143.182,143.182,5.4
2024-09-24 21:05:00+00:00,143.128,143.184,143.128,143.162,153.0
2024-09-24 21:10:00+00:00,143.161,143.176,143.151,143.176,124.2
2024-09-24 21:15:00+00:00,143.176,143.176,143.122,143.145,98.65
2024-09-24 21:20:00+00:00,143.145,143.146,143.133,143.141,50.64
2024-09-24 21:25:00+00:00,143.142,143.184,143.134,143.184,69.33
2024-09-24 21:30:00+00:00,143.182,143.198,143.176,143.195,87.72
2024-09-24 21:35:00+00:00,143.199,143.199,143.19,143.193,42.6
2024-09-24 21:40:00+00:00,143.192,143.248,143.185,143.244,95.73
2024-09-24 21:45:00+00:00,143.248,143.25,143.231,143.235,151.68
2024-09-24 21:50:00+00:00,143.236,143.246,143.155,143.177,194.31
2024-09-24 21:55:00+00:00,143.17,143.179,143.155,143.16,146.46
2024-09-24 22:00:00+00:00,143.159,143.189,143.138,143.189,238.68
2024-09-24 22:05:00+00:00,143.19,143.19,143.131,143.131,143.7
2024-09-24 22:10:00+00:00,143.132,143.186,143.13,143.186,201.45
2024-09-24 22:15:00+00:00,143.186,143.245,143.184,143.208,559.2
2024-09-24 22:20:00+00:00,143.206,143.21,143.159,143.178,365.7
2024-09-24 22:25:00+00:00,143.179,143.198,143.155,143.177,356.25
2024-09-24 22:30:00+00:00,143.177,143.177,143.147,143.154,329.31
2024-09-24 22:35:00+00:00,143.154,143.154,143.07,143.087,527.91
2024-09-24 22:40:00+00:00,143.087,143.093,143.073,143.093,220.35
2024-09-24 22:45:00+00:00,143.092,143.094,142.997,143.015,294.3
2024-09-24 22:50:00+00:00,143.015,143.039,142.887,142.994,845.91
2024-09-24 22:55:00+00:00,142.995,143.085,142.995,143.043,663.99
2024-09-24 23:00:00+00:00,143.043,143.127,143.012,143.094,1080.66
2024-09-24 23:05:00+00:00,143.094,143.148,143.064,143.078,1106.64
2024-09-24 23:10:00+00:00,143.077,143.085,143.021,143.055,336.0
2024-09-24 23:15:00+00:00,143.055,143.136,143.054,143.108,586.08
2024-09-24 23:20:00+00:00,143.109,143.136,143.107,143.115,628.65
2024-09-24 23:25:00+00:00,143.114,143.114,143.041,143.08,770.85
2024-09-24 23:30:00+00:00,143.08,143.092,143.053,143.086,431.62
2024-09-24 23:35:00+00:00,143.085,143.088,142.97,142.985,431.19
2024-09-24 23:40:00+00:00,142.987,143.014,142.932,142.936,620.9
2024-09-24 23:45:00+00:00,142.932,143.023,142.93,142.976,788.16
2024-09-24 23:50:00+00:00,142.977,143.036,142.952,142.984,825.18
2024-09-24 23:55:00+00:00,142.983,142.994,142.945,142.946,794.55
2024-09-25 00:00:00+00:00,142.945,143.073,142.906,143.036,2420.97
2024-09-25 00:05:00+00:00,143.038,143.152,143.038,143.149,2324.85
2024-09-25 00:10:00+00:00,143.149,143.23,143.145,143.183,2013.82
2024-09-25 00:15:00+00:00,143.183,143.23,143.178,143.189,1654.08
2024-09-25 00:20:00+00:00,143.189,143.297,143.177,143.255,2358.81
2024-09-25 00:25:00+00:00,143.254,143.308,143.237,143.301,2238.9
2024-09-25 00:30:00+00:00,143.3,143.301,143.238,143.267,2757.99
2024-09-25 00:35:00+00:00,143.264,143.279,143.193,143.266,3233.49
2024-09-25 00:40:00+00:00,143.265,143.28,143.175,143.175,2508.64
2024-09-25 00:45:00+00:00,143.175,143.233,143.175,143.199,2210.11
2024-09-25 00:50:00+00:00,143.201,143.284,143.198,143.272,3398.23
2024-09-25 00:55:00+00:00,143.27,143.27,143.148,143.173,2733.95
2024-09-25 01:00:00+00:00,143.173,143.226,143.131,143.182,1840.91
2024-09-25 01:05:00+00:00,143.181,143.208,143.16,143.166,838.44
2024-09-25 01:10:00+00:00,143.17,143.386,143.17,143.322,1774.14
2024-09-25 01:15:00+00:00,143.325,143.348,143.103,143.118,1376.13
2024-09-25 01:20:00+00:00,143.118,143.228,143.096,143.204,1232.4
2024-09-25 01:25:00+00:00,143.207,143.304,143.189,143.304,939.76
2024-09-25 01:30:00+00:00,143.305,143.411,143.243,143.357,1865.68
2024-09-25 01:35:00+00:00,143.359,143.421,143.331,143.367,1205.53
2024-09-25 01:40:00+00:00,143.366,143.399,143.34,143.373,1893.48
2024-09-25 01:45:00+00:00,143.371,143.462,143.358,143.453,2314.72
2024-09-25 01:50:00+00:00,143.453,143.473,143.438,143.456,1891.14
2024-09-25 01:55:00+00:00,143.455,143.47,143.423,143.448,992.01
2024-09-25 02:00:00+00:00,143.447,143.454,143.407,143.424,864.45
2024-09-25 02:05:00+00:00,143.424,143.452,143.383,143.398,1090.8
2024-09-25 02:10:00+00:00,143.397,143.432,143.369,143.427,880.9
2024-09-25 02:15:00+00:00,143.427,143.436,143.384,143.397,1041.29
2024-09-25 02:20:00+00:00,143.396,143.441,143.394,143.431,774.92
2024-09-25 02:25:00+00:00,143.43,143.476,143.412,143.465,467.61
2024-09-25 02:30:00+00:00,143.464,143.494,143.458,143.459,250.27
2024-09-25 02:35:00+00:00,143.461,143.463,143.32,143.322,1222.54
2024-09-25 02:40:00+00:00,143.319,143.339,143.263,143.307,794.3
2024-09-25 02:45:00+00:00,143.308,143.357,143.283,143.318,1049.15
2024-09-25 02:50:00+00:00,143.316,143.316,143.244,143.31,1457.43
2024-09-25 02:55:00+00:00,143.309,143.368,143.301,143.345,1068.38
2024-09-25 03:00:00+00:00,143.347,143.405,143.344,143.383,1045.2
2024-09-25 03:05:00+00:00,143.385,143.402,143.342,143.382,861.83
2024-09-25 03:10:00+00:00,143.382,143.432,143.379,143.417,621.45
2024-09-25 03:15:00+00:00,143.417,143.423,143.373,143.403,730.23
2024-09-25 03:20:00+00:00,143.404,143.451,143.404,143.43,956.06
2024-09-25 03:25:00+00:00,143.431,143.446,143.35,143.364,530.56
2024-09-25 03:30:00+00:00,143.369,143.389,143.346,143.365,397.06
2024-09-25 03:35:00+00:00,143.362,143.419,143.345,143.366,665.05
2024-09-25 03:40:00+00:00,143.368,143.4,143.358,143.363,606.41
2024-09-25 03:45:00+00:00,143.366,143.402,143.338,143.399,820.05
2024-09-25 03:50:00+00:00,143.4,143.436,143.295,143.308,1556.45
2024-09-25 03:55:00+00:00,143.308,143.325,143.286,143.298,951.21
2024-09-25 04:00:00+00:00,143.297,143.313,143.258,143.295,958.34
2024-09-25 04:05:00+00:00,143.296,143.369,143.296,143.32,1002.44
2024-09-25 04:10:00+00:00,143.322,143.351,143.307,143.322,403.51
2024-09-25 04:15:00+00:00,143.325,143.389,143.323,143.343,588.26
2024-09-25 04:20:00+00:00,143.343,143.395,143.334,143.36,554.71
2024-09-25 04:25:00+00:00,143.359,143.39,143.327,143.331,1363.85
2024-09-25 04:30:00+00:00,143.331,143.355,143.288,143.307,1438.67
2024-09-25 04:35:00+00:00,143.305,143.31,143.218,143.254,749.41
2024-09-25 04:40:00+00:00,143.252,143.28,143.239,143.249,1479.28
2024-09-25 04:45:00+00:00,143.251,143.317,143.222,143.282,692.12
2024-09-25 04:50:00+00:00,143.284,143.295,143.24,143.269,797.15
2024-09-25 04:55:00+00:00,143.27,143.278,143.243,143.253,639.06
2024-09-25 05:00:00+00:00,143.254,143.273,143.2,143.265,943.03
2024-09-25 05:05:00+00:00,143.266,143.355,143.265,143.317,1473.76
2024-09-25 05:10:00+00:00,143.317,143.321,143.21,143.213,1346.4
2024-09-25 05:15:00+00:00,143.214,143.312,143.202,143.286,1211.44
2024-09-25 05:20:00+00:00,143.284,143.309,143.202,143.292,1207.7
2024-09-25 05:25:00+00:00,143.294,143.353,143.269,143.299,1177.45
2024-09-25 05:30:00+00:00,143.299,143.331,143.268,143.33,850.28
2024-09-25 05:35:00+00:00,143.329,143.374,143.301,143.348,1436.92
2024-09-25 05:40:00+00:00,143.351,143.351,143.247,143.247,497.99
2024-09-25 05:45:00+00:00,143.25,143.273,143.18,143.193,655.85
2024-09-25 05:50:00+00:00,143.192,143.248,143.188,143.226,943.54
2024-09-25 05:55:00+00:00,143.226,143.282,143.224,143.255,784.85
2024-09-25 06:00:00+00:00,143.258,143.357,143.222,143.357,1390.78
2024-09-25 06:05:00+00:00,143.359,143.43,143.342,143.429,740.06
2024-09-25 06:10:00+00:00,143.431,143.539,143.43,143.484,1732.45
2024-09-25 06:15:00+00:00,143.484,143.492,143.412,143.428,1676.14
2024-09-25 06:20:00+00:00,143.426,143.456,143.365,143.414,1393.65
2024-09-25 06:25:00+00:00,143.414,143.46,143.41,143.42,831.67
2024-09-25 06:30:00+00:00,143.421,143.504,143.419,143.463,1466.37
2024-09-25 06:35:00+00:00,143.461,143.555,143.461,143.53,1959.19
2024-09-25 06:40:00+00:00,143.53,143.588,143.511,143.551,2452.34
2024-09-25 06:45:00+00:00,143.552,143.579,143.503,143.559,2363.38
2024-09-25 06:50:00+00:00,143.559,143.647,143.558,143.633,1827.54
2024-09-25 06:55:00+00:00,143.639,143.739,143.639,143.682,2285.23
2024-09-25 07:00:00+00:00,143.685,143.714,143.641,143.669,2110.3
2024-09-25 07:05:00+00:00,143.667,143.746,143.664,143.678,2053.67
2024-09-25 07:10:00+00:00,143.678,143.681,143.572,143.599,2569.62
2024-09-25 07:15:00+00:00,143.6,143.661,143.593,143.643,2019.88
2024-09-25 07:20:00+00:00,143.642,143.726,143.642,143.722,1559.56
2024-09-25 07:25:00+00:00,143.722,143.829,143.679,143.809,3025.95
2024-09-25 07:30:00+00:00,143.809,143.836,143.774,143.813,2820.64
2024-09-25 07:35:00+00:00,143.811,143.877,143.76,143.868,2416.94
2024-09-25 07:40:00+00:00,143.867,143.877,143.824,143.862,1531.96
2024-09-25 07:45:00+00:00,143.864,143.904,143.823,143.844,2251.93
2024-09-25 07:50:00+00:00,143.845,143.879,143.798,143.849,1489.24
2024-09-25 07:55:00+00:00,143.85,143.907,143.845,143.878,2397.32
2024-09-25 08:00:00+00:00,143.879,143.956,143.879,143.956,3364.61
2024-09-25 08:05:00+00:00,143.955,144.041,143.939,144.017,2426.99
2024-09-25 08:10:00+00:00,144.017,144.064,143.979,143.994,1218.3
2024-09-25 08:15:00+00:00,143.991,144.023,143.951,143.965,747.95
2024-09-25 08:20:00+00:00,143.965,143.999,143.914,143.925,817.44
2024-09-25 08:25:00+00:00,143.927,143.994,143.906,143.967,819.47
2024-09-25 08:30:00+00:00,143.967,144.019,143.957,143.987,921.53
2024-09-25 08:35:00+00:00,143.987,144.061,143.944,144.021,1397.5
2024-09-25 08:40:00+00:00,144.022,144.028,143.951,144.001,826.79
2024-09-25 08:45:00+00:00,144.004,144.024,143.973,143.976,770.28
2024-09-25 08:50:00+00:00,143.978,143.997,143.949,143.981,917.2
2024-09-25 08:55:00+00:00,143.982,143.994,143.924,143.937,1351.06
2024-09-25 09:00:00+00:00,143.937,143.997,143.907,143.988,1481.61
2024-09-25 09:05:00+00:00,143.986,144.13,143.98,144.107,1239.15
2024-09-25 09:10:00+00:00,144.106,144.194,144.105,144.164,1230.88
2024-09-25 09:15:00+00:00,144.164,144.186,144.144,144.175,978.26
2024-09-25 09:20:00+00:00,144.174,144.193,144.151,144.153,855.12
2024-09-25 09:25:00+00:00,144.155,144.227,144.145,144.219,969.82
2024-09-25 09:30:00+00:00,144.22,144.26,144.213,144.237,847.02
2024-09-25 09:35:00+00:00,144.236,144.236,144.168,144.181,1112.86
2024-09-25 09:40:00+00:00,144.179,144.181,144.136,144.142,816.5
2024-09-25 09:45:00+00:00,144.142,144.178,144.115,144.143,543.48
2024-09-25 09:50:00+00:00,144.143,144.211,144.142,144.174,877.26
2024-09-25 09:55:00+00:00,144.174,144.243,144.174,144.184,1267.62
2024-09-25 10:00:00+00:00,144.185,144.185,144.12,144.145,1088.74
2024-09-25 10:05:00+00:00,144.147,144.206,144.113,144.12,960.72
2024-09-25 10:10:00+00:00,144.122,144.143,144.111,144.13,841.53
2024-09-25 10:15:00+00:00,144.132,144.154,144.085,144.094,1425.54
2024-09-25 10:20:00+00:00,144.092,144.11,144.065,144.09,1461.27
2024-09-25 10:25:00+00:00,144.09,144.109,144.075,144.103,1707.69
2024-09-25 10:30:00+00:00,144.101,144.196,144.101,144.191,2227.2
2024-09-25 10:35:00+00:00,144.191,144.241,144.18,144.183,1318.7
2024-09-25 10:40:00+00:00,144.182,144.195,144.121,144.14,1626.87
2024-09-25 10:45:00+00:00,144.138,144.19,144.126,144.168,624.42
2024-09-25 10:50:00+00:00,144.166,144.26,144.166,144.24,1552.8
2024-09-25 10:55:00+00:00,144.241,144.296,144.231,144.283,1776.43
2024-09-25 11:00:00+00:00,144.282,144.362,144.262,144.34,2450.37
2024-09-25 11:05:00+00:00,144.341,144.383,144.313,144.368,2068.29
2024-09-25 11:10:00+00:00,144.367,144.436,144.365,144.39,2988.15
2024-09-25 11:15:00+00:00,144.389,144.416,144.35,144.366,1252.17
2024-09-25 11:20:00+00:00,144.367,144.394,144.29,144.354,2544.28
2024-09-25 11:25:00+00:00,144.356,144.437,144.352,144.405,3042.72
2024-09-25 11:30:00+00:00,144.407,144.442,144.385,144.404,2510.29
2024-09-25 11:35:00+00:00,144.408,144.408,144.343,144.354,2715.72
2024-09-25 11:40:00+00:00,144.354,144.411,144.348,144.393,2095.51
2024-09-25 11:45:00+00:00,144.396,144.414,144.365,144.377,1545.09
2024-09-25 11:50:00+00:00,144.376,144.381,144.311,144.326,2081.58
2024-09-25 11:55:00+00:00,144.328,144.344,144.293,144.303,3046.65
2024-09-25 12:00:00+00:00,144.301,144.324,144.274,144.281,2636.53
2024-09-25 12:05:00+00:00,144.282,144.292,144.245,144.267,2171.46
2024-09-25 12:10:00+00:00,144.261,144.278,144.24,144.267,2350.74
2024-09-25 12:15:00+00:00,144.266,144.332,144.26,144.332,1834.62
2024-09-25 12:20:00+00:00,144.333,144.404,144.332,144.384,2965.71
2024-09-25 12:25:00+00:00,144.383,144.408,144.335,144.336,2768.04
2024-09-25 12:30:00+00:00,144.335,144.336,144.175,144.213,4636.33
2024-09-25 12:35:00+00:00,144.213,144.279,144.175,144.214,3898.77
2024-09-25 12:40:00+00:00,144.215,144.262,144.193,144.21,4045.62
2024-09-25 12:45:00+00:00,144.21,144.211,144.145,144.147,2843.01
2024-09-25 12:50:00+00:00,144.145,144.205,144.142,144.198,2602.2
2024-09-25 12:55:00+00:00,144.196,144.266,144.196,144.2,2204.86
2024-09-25 13:00:00+00:00,144.201,144.212,144.081,144.094,4375.11
2024-09-25 13:05:00+00:00,144.095,144.136,144.011,144.015,3665.91
2024-09-25 13:10:00+00:00,144.015,144.055,143.98,144.025,4212.12
2024-09-25 13:15:00+00:00,144.025,144.025,143.944,143.951,3046.05
2024-09-25 13:20:00+00:00,143.953,143.973,143.894,143.932,3601.65
2024-09-25 13:25:00+00:00,143.933,143.962,143.906,143.937,2645.52
2024-09-25 13:30:00+00:00,143.937,144.015,143.922,143.983,3446.58
2024-09-25 13:35:00+00:00,143.983,143.987,143.858,143.885,3566.55
2024-09-25 13:40:00+00:00,143.884,144.083,143.884,143.994,5527.97
2024-09-25 13:45:00+00:00,143.994,143.996,143.877,143.984,3548.34
2024-09-25 13:50:00+00:00,143.984,143.997,143.915,143.936,3440.1
2024-09-25 13:55:00+00:00,143.931,144.062,143.928,144.046,3197.68
2024-09-25 14:00:00+00:00,144.05,144.184,144.045,144.18,3234.96
2024-09-25 14:05:00+00:00,144.18,144.204,144.062,144.089,3671.93
2024-09-25 14:10:00+00:00,144.096,144.22,144.075,144.202,3900.51
2024-09-25 14:15:00+00:00,144.201,144.262,144.176,144.256,3081.99
2024-09-25 14:20:00+00:00,144.257,144.263,144.075,144.143,3226.05
2024-09-25 14:25:00+00:00,144.143,144.193,144.12,144.169,2804.28
2024-09-25 14:30:00+00:00,144.17,144.17,144.05,144.106,2184.93
2024-09-25 14:35:00+00:00,144.107,144.149,144.079,144.127,2421.42
2024-09-25 14:40:00+00:00,144.125,144.205,144.112,144.188,3318.87
2024-09-25 14:45:00+00:00,144.189,144.234,144.115,144.135,3385.05
2024-09-25 14:50:00+00:00,144.137,144.282,144.118,144.232,3612.9
2024-09-25 14:55:00+00:00,144.232,144.396,144.232,144.357,3272.09
2024-09-25 15:00:00+00:00,144.359,144.401,144.311,144.348,2511.66
2024-09-25 15:05:00+00:00,144.351,144.444,144.338,144.416,1923.84
2024-09-25 15:10:00+00:00,144.414,144.426,144.327,144.374,1123.33
2024-09-25 15:15:00+00:00,144.374,144.48,144.374,144.453,1820.13
2024-09-25 15:20:00+00:00,144.452,144.495,144.448,144.481,2365.64
2024-09-25 15:25:00+00:00,144.484,144.603,144.48,144.527,3353.12
2024-09-25 15:30:00+00:00,144.529,144.562,144.434,144.465,2098.25
2024-09-25 15:35:00+00:00,144.465,144.469,144.395,144.435,2598.38
2024-09-25 15:40:00+00:00,144.44,144.471,144.411,144.415,2503.19
2024-09-25 15:45:00+00:00,144.413,144.419,144.36,144.398,2847.54
2024-09-25 15:50:00+00:00,144.397,144.431,144.369,144.415,1368.81
2024-09-25 15:55:00+00:00,144.413,144.433,144.36,144.403,2094.78
2024-09-25 16:00:00+00:00,144.403,144.438,144.372,144.419,3345.27
2024-09-25 16:05:00+00:00,144.42,144.45,144.385,144.433,2337.87
2024-09-25 16:10:00+00:00,144.434,144.491,144.425,144.483,1730.4
2024-09-25 16:15:00+00:00,144.485,144.497,144.432,144.436,2511.3
2024-09-25 16:20:00+00:00,144.435,144.48,144.424,144.456,2140.2
2024-09-25 16:25:00+00:00,144.455,144.494,144.454,144.459,3051.71
2024-09-25 16:30:00+00:00,144.459,144.464,144.399,144.415,2239.52
2024-09-25 16:35:00+00:00,144.415,144.524,144.412,144.499,1559.43
2024-09-25 16:40:00+00:00,144.497,144.534,144.473,144.494,1429.23
2024-09-25 16:45:00+00:00,144.494,144.522,144.463,144.518,1369.98
2024-09-25 16:50:00+00:00,144.521,144.521,144.461,144.476,2180.98
2024-09-25 16:55:00+00:00,144.479,144.538,144.477,144.532,3137.22
2024-09-25 17:00:00+00:00,144.532,144.536,144.495,144.535,2438.88
2024-09-25 17:05:00+00:00,144.535,144.725,144.525,144.72,2799.48
2024-09-25 17:10:00+00:00,144.719,144.74,144.62,144.62,3198.41
2024-09-25 17:15:00+00:00,144.62,144.63,144.578,144.596,2863.69
2024-09-25 17:20:00+00:00,144.595,144.639,144.576,144.61,1848.03
2024-09-25 17:25:00+00:00,144.612,144.651,144.577,144.578,2148.06
2024-09-25 17:30:00+00:00,144.577,144.579,144.512,144.52,1676.85
2024-09-25 17:35:00+00:00,144.52,144.525,144.495,144.509,2077.56
2024-09-25 17:40:00+00:00,144.507,144.532,144.484,144.509,1696.51
2024-09-25 17:45:00+00:00,144.51,144.549,144.506,144.531,1070.07
2024-09-25 17:50:00+00:00,144.531,144.544,144.508,144.53,1620.24
2024-09-25 17:55:00+00:00,144.529,144.584,144.525,144.551,1769.25
2024-09-25 18:00:00+00:00,144.552,144.572,144.528,144.546,2274.36
2024-09-25 18:05:00+00:00,144.546,144.55,144.516,144.53,2020.44
2024-09-25 18:10:00+00:00,144.529,144.556,144.515,144.556,2361.36
2024-09-25 18:15:00+00:00,144.555,144.579,144.543,144.578,2496.93
2024-09-25 18:20:00+00:00,144.578,144.619,144.549,144.599,1936.17
2024-09-25 18:25:00+00:00,144.599,144.639,144.582,144.582,1881.69
2024-09-25 18:30:00+00:00,144.585,144.643,144.576,144.641,1250.52
2024-09-25 18:35:00+00:00,144.642,144.653,144.623,144.643,2270.79
2024-09-25 18:40:00+00:00,144.643,144.665,144.639,144.653,1635.63
2024-09-25 18:45:00+00:00,144.653,144.694,144.653,144.687,1773.82
2024-09-25 18:50:00+00:00,144.689,144.717,144.679,144.701,2827.11
2024-09-25 18:55:00+00:00,144.704,144.714,144.671,144.678,1652.79
2024-09-25 19:00:00+00:00,144.681,144.719,144.676,144.685,1189.29
2024-09-25 19:05:00+00:00,144.684,144.69,144.649,144.66,1290.27
2024-09-25 19:10:00+00:00,144.66,144.664,144.63,144.651,1152.3
2024-09-25 19:15:00+00:00,144.652,144.659,144.611,144.619,1848.21
2024-09-25 19:20:00+00:00,144.618,144.633,144.606,144.628,1326.24
2024-09-25 19:25:00+00:00,144.627,144.663,144.626,144.66,1725.6
2024-09-25 19:30:00+00:00,144.661,144.682,144.66,144.666,1708.89
2024-09-25 19:35:00+00:00,144.664,144.718,144.663,144.706,1372.62
2024-09-25 19:40:00+00:00,144.705,144.723,144.7,144.721,1775.49
2024-09-25 19:45:00+00:00,144.721,144.746,144.72,144.739,756.93
2024-09-25 19:50:00+00:00,144.74,144.764,144.723,144.734,1041.6
2024-09-25 19:55:00+00:00,144.734,144.768,144.733,144.759,1090.05
2024-09-25 20:00:00+00:00,144.758,144.818,144.749,144.798,1102.44
2024-09-25 20:05:00+00:00,144.799,144.836,144.799,144.817,492.18
2024-09-25 20:10:00+00:00,144.817,144.837,144.817,144.832,472.62
2024-09-25 20:15:00+00:00,144.831,144.841,144.824,144.84,736.08
2024-09-25 20:20:00+00:00,144.84,144.841,144.824,144.834,751.08
2024-09-25 20:25:00+00:00,144.833,144.839,144.801,144.801,262.44
2024-09-25 20:30:00+00:00,144.806,144.821,144.788,144.808,359.55
2024-09-25 20:35:00+00:00,144.808,144.816,144.794,144.797,643.38
2024-09-25 20:40:00+00:00,144.797,144.802,144.788,144.8,857.07
2024-09-25 20:45:00+00:00,144.799,144.8,144.776,144.778,1564.89
2024-09-25 20:50:00+00:00,144.779,144.779,144.754,144.755,470.91
2024-09-25 20:55:00+00:00,144.753,144.76,144.733,144.739,1802.79
2024-09-25 21:00:00+00:00,144.739,144.739,144.659,144.659,56.34
2024-09-25 21:05:00+00:00,144.659,144.673,144.659,144.663,26.52
2024-09-25 21:10:00+00:00,144.661,144.714,144.659,144.713,41.94
2024-09-25 21:15:00+00:00,144.714,144.718,144.679,144.679,74.4
2024-09-25 21:20:00+00:00,144.683,144.684,144.655,144.662,96.66
2024-09-25 21:25:00+00:00,144.693,144.694,144.657,144.661,138.24
2024-09-25 21:30:00+00:00,144.659,144.687,144.658,144.662,72.33
2024-09-25 21:35:00+00:00,144.663,144.67,144.661,144.661,13.2
2024-09-25 21:40:00+00:00,144.666,144.7,144.662,144.664,40.8
2024-09-25 21:45:00+00:00,144.664,144.684,144.658,144.658,54.66
2024-09-25 21:50:00+00:00,144.658,144.666,144.655,144.657,38.4
2024-09-25 21:55:00+00:00,144.654,144.659,144.652,144.658,45.6
2024-09-25 22:00:00+00:00,144.674,144.674,144.617,144.628,311.88
2024-09-25 22:05:00+00:00,144.62,144.634,144.563,144.582,499.17
2024-09-25 22:10:00+00:00,144.582,144.618,144.572,144.573,309.9
2024-09-25 22:15:00+00:00,144.571,144.607,144.571,144.6,1148.55
2024-09-25 22:20:00+00:00,144.6,144.618,144.599,144.616,672.75
2024-09-25 22:25:00+00:00,144.614,144.617,144.605,144.608,377.1
2024-09-25 22:30:00+00:00,144.608,144.627,144.607,144.619,312.6
2024-09-25 22:35:00+00:00,144.619,144.643,144.617,144.64,574.95
2024-09-25 22:40:00+00:00,144.64,144.663,144.637,144.659,1032.3
2024-09-25 22:45:00+00:00,144.659,144.666,144.647,144.662,313.26
2024-09-25 22:50:00+00:00,144.663,144.68,144.65,144.674,582.15
2024-09-25 22:55:00+00:00,144.674,144.674,144.643,144.647,652.2
2024-09-25 23:00:00+00:00,144.648,144.695,144.644,144.69,677.79
2024-09-25 23:05:00+00:00,144.69,144.764,144.69,144.711,861.69
2024-09-25 23:10:00+00:00,144.709,144.718,144.68,144.681,194.19
2024-09-25 23:15:00+00:00,144.681,144.684,144.635,144.635,535.59
2024-09-25 23:20:00+00:00,144.635,144.649,144.615,144.615,464.73
2024-09-25 23:25:00+00:00,144.615,144.65,144.613,144.637,410.97
2024-09-25 23:30:00+00:00,144.636,144.742,144.636,144.728,352.89
2024-09-25 23:35:00+00:00,144.728,144.75,144.698,144.701,305.64
2024-09-25 23:40:00+00:00,144.697,144.709,144.631,144.646,378.06
2024-09-25 23:45:00+00:00,144.649,144.761,144.649,144.697,1252.98
2024-09-25 23:50:00+00:00,144.697,144.706,144.621,144.701,1274.37
2024-09-25 23:55:00+00:00,144.702,144.736,144.649,144.714,1157.25
2024-09-26 00:00:00+00:00,144.714,144.721,144.537,144.543,3251.66
2024-09-26 00:05:00+00:00,144.543,144.575,144.496,144.558,2704.35
2024-09-26 00:10:00+00:00,144.557,144.61,144.552,144.604,1555.56
2024-09-26 00:15:00+00:00,144.603,144.611,144.552,144.571,1174.86
2024-09-26 00:20:00+00:00,144.577,144.614,144.541,144.574,1167.75
2024-09-26 00:25:00+00:00,144.575,144.604,144.497,144.565,1600.08
2024-09-26 00:30:00+00:00,144.566,144.591,144.52,144.572,1107.75
2024-09-26 00:35:00+00:00,144.572,144.608,144.497,144.515,1164.56
2024-09-26 00:40:00+00:00,144.514,144.594,144.477,144.53,1463.16
2024-09-26 00:45:00+00:00,144.529,144.543,144.493,144.512,658.53
2024-09-26 00:50:00+00:00,144.515,144.578,144.443,144.569,1409.29
2024-09-26 00:55:00+00:00,144.568,144.57,144.482,144.495,708.13
2024-09-26 01:00:00+00:00,144.495,144.563,144.473,144.563,522.21
2024-09-26 01:05:00+00:00,144.564,144.596,144.537,144.581,515.13
2024-09-26 01:10:00+00:00,144.582,144.69,144.581,144.685,648.65
2024-09-26 01:15:00+00:00,144.685,144.747,144.67,144.708,963.18
2024-09-26 01:20:00+00:00,144.707,144.744,144.699,144.73,1351.14
2024-09-26 01:25:00+00:00,144.728,144.842,144.713,144.818,1669.86
2024-09-26 01:30:00+00:00,144.818,144.871,144.811,144.85,1840.95
2024-09-26 01:35:00+00:00,144.847,144.913,144.832,144.861,1322.09
2024-09-26 01:40:00+00:00,144.861,144.945,144.861,144.879,1628.13
2024-09-26 01:45:00+00:00,144.879,144.891,144.851,144.89,820.86
2024-09-26 01:50:00+00:00,144.892,144.914,144.83,144.842,657.15
2024-09-26 01:55:00+00:00,144.843,144.852,144.765,144.813,2080.81
2024-09-26 02:00:00+00:00,144.814,144.89,144.782,144.888,2061.12
2024-09-26 02:05:00+00:00,144.891,144.945,144.842,144.866,1525.59
2024-09-26 02:10:00+00:00,144.862,144.907,144.858,144.892,777.25
2024-09-26 02:15:00+00:00,144.892,144.906,144.858,144.858,724.02
2024-09-26 02:20:00+00:00,144.859,144.867,144.807,144.814,1136.32
2024-09-26 02:25:00+00:00,144.816,144.828,144.797,144.803,766.08
2024-09-26 02:30:00+00:00,144.803,144.843,144.786,144.793,1006.39
2024-09-26 02:35:00+00:00,144.792,144.811,144.763,144.805,719.94
2024-09-26 02:40:00+00:00,144.805,144.862,144.767,144.768,1592.49
2024-09-26 02:45:00+00:00,144.771,144.866,144.771,144.858,1372.39
2024-09-26 02:50:00+00:00,144.857,144.865,144.817,144.834,481.69
2024-09-26 02:55:00+00:00,144.834,144.847,144.81,144.834,489.9
2024-09-26 03:00:00+00:00,144.835,144.918,144.827,144.847,641.19
2024-09-26 03:05:00+00:00,144.846,144.846,144.801,144.828,891.27
2024-09-26 03:10:00+00:00,144.83,144.834,144.788,144.818,452.25
2024-09-26 03:15:00+00:00,144.819,144.836,144.798,144.82,1090.2
2024-09-26 03:20:00+00:00,144.819,144.835,144.801,144.804,802.01
2024-09-26 03:25:00+00:00,144.809,144.87,144.809,144.854,239.25
2024-09-26 03:30:00+00:00,144.853,144.888,144.849,144.872,189.39
2024-09-26 03:35:00+00:00,144.873,144.928,144.873,144.927,240.75
2024-09-26 03:40:00+00:00,144.929,144.976,144.925,144.972,573.54
2024-09-26 03:45:00+00:00,144.971,145.035,144.949,145.015,2117.59
2024-09-26 03:50:00+00:00,145.019,145.026,144.937,144.955,1036.65
2024-09-26 03:55:00+00:00,144.956,144.956,144.895,144.929,538.02
2024-09-26 04:00:00+00:00,144.928,144.964,144.882,144.885,1102.32
2024-09-26 04:05:00+00:00,144.881,144.881,144.799,144.862,1400.55
2024-09-26 04:10:00+00:00,144.865,144.887,144.81,144.813,1511.7
2024-09-26 04:15:00+00:00,144.815,144.831,144.734,144.784,1657.99
2024-09-26 04:20:00+00:00,144.782,144.832,144.771,144.785,1195.92
2024-09-26 04:25:00+00:00,144.784,144.843,144.784,144.834,1346.04
2024-09-26 04:30:00+00:00,144.835,144.859,144.82,144.824,1573.8
2024-09-26 04:35:00+00:00,144.824,144.828,144.748,144.751,986.68
2024-09-26 04:40:00+00:00,144.752,144.797,144.748,144.79,862.05
2024-09-26 04:45:00+00:00,144.789,144.789,144.711,144.75,1908.45
2024-09-26 04:50:00+00:00,144.748,144.748,144.642,144.645,1187.07
2024-09-26 04:55:00+00:00,144.643,144.691,144.626,144.691,1343.85
2024-09-26 05:00:00+00:00,144.691,144.702,144.634,144.659,1621.8
2024-09-26 05:05:00+00:00,144.657,144.708,144.648,144.705,627.87
2024-09-26 05:10:00+00:00,144.705,144.725,144.664,144.706,1480.68
2024-09-26 05:15:00+00:00,144.705,144.763,144.685,144.725,1048.14
2024-09-26 05:20:00+00:00,144.724,144.758,144.689,144.701,1189.17
2024-09-26 05:25:00+00:00,144.702,144.797,144.692,144.784,1097.1
2024-09-26 05:30:00+00:00,144.787,144.797,144.753,144.794,975.6
2024-09-26 05:35:00+00:00,144.793,144.833,144.783,144.832,681.06
2024-09-26 05:40:00+00:00,144.834,144.868,144.829,144.845,834.99
2024-09-26 05:45:00+00:00,144.844,144.848,144.79,144.79,1043.46
2024-09-26 05:50:00+00:00,144.798,144.845,144.76,144.768,1179.39
2024-09-26 05:55:00+00:00,144.766,144.766,144.703,144.718,995.94
2024-09-26 06:00:00+00:00,144.719,144.774,144.666,144.671,2028.3
2024-09-26 06:05:00+00:00,144.671,144.729,144.626,144.69,3468.78
2024-09-26 06:10:00+00:00,144.689,144.747,144.649,144.731,3308.64
2024-09-26 06:15:00+00:00,144.732,144.765,144.646,144.651,2318.82
2024-09-26 06:20:00+00:00,144.651,144.732,144.646,144.68,2682.69
2024-09-26 06:25:00+00:00,144.681,144.704,144.615,144.667,2261.94
2024-09-26 06:30:00+00:00,144.664,144.74,144.638,144.734,2053.47
2024-09-26 06:35:00+00:00,144.731,144.767,144.729,144.731,1466.67
2024-09-26 06:40:00+00:00,144.73,144.785,144.708,144.72,1762.41
2024-09-26 06:45:00+00:00,144.723,144.791,144.709,144.763,2397.66
2024-09-26 06:50:00+00:00,144.764,144.842,144.754,144.831,2307.63
2024-09-26 06:55:00+00:00,144.832,144.857,144.768,144.831,3084.12
2024-09-26 07:00:00+00:00,144.833,144.845,144.715,144.753,3963.08
2024-09-26 07:05:00+00:00,144.754,144.91,144.752,144.903,3359.71
2024-09-26 07:10:00+00:00,144.901,144.994,144.888,144.979,3281.34
2024-09-26 07:15:00+00:00,144.98,144.99,144.935,144.963,2803.86
2024-09-26 07:20:00+00:00,144.967,145.098,144.932,145.097,4303.08
2024-09-26 07:25:00+00:00,145.095,145.145,145.079,145.1,3495.72
2024-09-26 07:30:00+00:00,145.101,145.169,145.02,145.024,5594.44
2024-09-26 07:35:00+00:00,145.025,145.094,145.015,145.08,4167.6
2024-09-26 07:40:00+00:00,145.08,145.154,145.07,145.093,4128.3
2024-09-26 07:45:00+00:00,145.093,145.113,145.03,145.086,3261.17
2024-09-26 07:50:00+00:00,145.085,145.118,145.012,145.08,3481.84
2024-09-26 07:55:00+00:00,145.08,145.098,145.007,145.024,2526.19
2024-09-26 08:00:00+00:00,145.024,145.076,144.966,145.054,3884.0
2024-09-26 08:05:00+00:00,145.055,145.171,145.041,145.105,2358.54
2024-09-26 08:10:00+00:00,145.106,145.198,145.089,145.126,2046.42
2024-09-26 08:15:00+00:00,145.127,145.131,144.957,144.957,1574.91
2024-09-26 08:20:00+00:00,144.957,144.963,144.801,144.877,3405.3
2024-09-26 08:25:00+00:00,144.878,144.88,144.768,144.842,3361.45
2024-09-26 08:30:00+00:00,144.84,144.889,144.804,144.839,2755.68
2024-09-26 08:35:00+00:00,144.839,144.877,144.709,144.719,2558.85
2024-09-26 08:40:00+00:00,144.725,144.781,144.678,144.711,2341.52
2024-09-26 08:45:00+00:00,144.714,144.816,144.709,144.815,2256.15
2024-09-26 08:50:00+00:00,144.814,144.818,144.764,144.773,2882.22
2024-09-26 08:55:00+00:00,144.776,144.845,144.767,144.825,3033.61
2024-09-26 09:00:00+00:00,144.826,144.835,144.772,144.774,2392.98
2024-09-26 09:05:00+00:00,144.774,144.838,144.754,144.805,2361.36
2024-09-26 09:10:00+00:00,144.806,144.843,144.756,144.818,2932.83
2024-09-26 09:15:00+00:00,144.819,144.819,144.763,144.802,1989.03
2024-09-26 09:20:00+00:00,144.801,144.931,144.795,144.877,1673.16
2024-09-26 09:25:00+00:00,144.881,144.93,144.857,144.894,1096.8
2024-09-26 09:30:00+00:00,144.898,144.939,144.892,144.93,2654.82
2024-09-26 09:35:00+00:00,144.931,144.968,144.892,144.894,2767.86
2024-09-26 09:40:00+00:00,144.893,144.918,144.838,144.863,1690.29
2024-09-26 09:45:00+00:00,144.866,144.871,144.76,144.801,2279.9
2024-09-26 09:50:00+00:00,144.802,144.808,144.711,144.761,2548.65
2024-09-26 09:55:00+00:00,144.765,144.786,144.703,144.705,2043.11
2024-09-26 10:00:00+00:00,144.706,144.733,144.604,144.688,3123.35
2024-09-26 10:05:00+00:00,144.688,144.712,144.661,144.693,1578.54
2024-09-26 10:10:00+00:00,144.693,144.722,144.631,144.711,2158.56
2024-09-26 10:15:00+00:00,144.712,144.746,144.674,144.681,2450.22
2024-09-26 10:20:00+00:00,144.68,144.702,144.539,144.545,2915.22
2024-09-26 10:25:00+00:00,144.545,144.638,144.533,144.6,2341.08
2024-09-26 10:30:00+00:00,144.601,144.694,144.599,144.671,1892.83
2024-09-26 10:35:00+00:00,144.673,144.682,144.471,144.565,3037.59
2024-09-26 10:40:00+00:00,144.564,144.585,144.522,144.542,2802.18
2024-09-26 10:45:00+00:00,144.544,144.586,144.463,144.492,3170.49
2024-09-26 10:50:00+00:00,144.491,144.493,144.403,144.425,2983.6
2024-09-26 10:55:00+00:00,144.425,144.432,144.335,144.358,3111.96
2024-09-26 11:00:00+00:00,144.358,144.43,144.3,144.411,3401.25
2024-09-26 11:05:00+00:00,144.412,144.43,144.387,144.401,2244.09
2024-09-26 11:10:00+00:00,144.401,144.424,144.343,144.361,1690.47
2024-09-26 11:15:00+00:00,144.362,144.378,144.303,144.305,2324.58
2024-09-26 11:20:00+00:00,144.305,144.378,144.272,144.371,2240.19
2024-09-26 11:25:00+00:00,144.369,144.373,144.296,144.338,1574.63
2024-09-26 11:30:00+00:00,144.338,144.352,144.256,144.257,1704.81
2024-09-26 11:35:00+00:00,144.258,144.273,144.22,144.22,1759.33
2024-09-26 11:40:00+00:00,144.219,144.262,144.209,144.237,1082.28
2024-09-26 11:45:00+00:00,144.237,144.24,144.198,144.216,1491.51
2024-09-26 11:50:00+00:00,144.215,144.279,144.199,144.215,1096.56
2024-09-26 11:55:00+00:00,144.214,144.25,144.156,144.164,2188.17
2024-09-26 12:00:00+00:00,144.163,144.217,144.12,144.189,2422.31
2024-09-26 12:05:00+00:00,144.189,144.195,144.118,144.134,1846.62
2024-09-26 12:10:00+00:00,144.135,144.179,144.109,144.164,1897.41
2024-09-26 12:15:00+00:00,144.164,144.223,144.163,144.189,1497.51
2024-09-26 12:20:00+00:00,144.186,144.205,144.142,144.2,2139.69
2024-09-26 12:25:00+00:00,144.203,144.224,144.169,144.188,1549.79
2024-09-26 12:30:00+00:00,144.188,144.663,144.172,144.628,3668.13
2024-09-26 12:35:00+00:00,144.626,144.71,144.58,144.701,5054.85
2024-09-26 12:40:00+00:00,144.703,144.723,144.582,144.584,4486.72
2024-09-26 12:45:00+00:00,144.587,144.663,144.504,144.509,4364.73
2024-09-26 12:50:00+00:00,144.508,144.563,144.454,144.542,3477.35
2024-09-26 12:55:00+00:00,144.542,144.586,144.479,144.563,3811.5
2024-09-26 13:00:00+00:00,144.562,144.651,144.562,144.63,3234.6
2024-09-26 13:05:00+00:00,144.628,144.632,144.349,144.393,3698.25
2024-09-26 13:10:00+00:00,144.392,144.524,144.392,144.416,3560.49
2024-09-26 13:15:00+00:00,144.415,144.537,144.344,144.515,2922.24
2024-09-26 13:20:00+00:00,144.514,144.65,144.507,144.57,2981.28
2024-09-26 13:25:00+00:00,144.575,144.58,144.458,144.489,4563.36
2024-09-26 13:30:00+00:00,144.485,144.518,144.323,144.333,4638.07
2024-09-26 13:35:00+00:00,144.334,144.546,144.31,144.545,3334.86
2024-09-26 13:40:00+00:00,144.546,144.616,144.514,144.574,5203.68
2024-09-26 13:45:00+00:00,144.575,144.704,144.515,144.615,2968.54
2024-09-26 13:50:00+00:00,144.619,144.681,144.581,144.585,3359.03
2024-09-26 13:55:00+00:00,144.584,144.621,144.538,144.569,1811.89
2024-09-26 14:00:00+00:00,144.576,144.791,144.554,144.789,3568.9
2024-09-26 14:05:00+00:00,144.787,144.883,144.754,144.873,3440.05
2024-09-26 14:10:00+00:00,144.877,144.892,144.758,144.79,2589.89
2024-09-26 14:15:00+00:00,144.79,144.851,144.711,144.763,2841.79
2024-09-26 14:20:00+00:00,144.764,144.903,144.753,144.902,2891.29
2024-09-26 14:25:00+00:00,144.903,145.071,144.888,145.043,3743.12
2024-09-26 14:30:00+00:00,145.044,145.212,145.027,145.059,4006.97
2024-09-26 14:35:00+00:00,145.058,145.058,144.965,144.979,2773.47
2024-09-26 14:40:00+00:00,144.977,144.977,144.885,144.885,2935.05
2024-09-26 14:45:00+00:00,144.886,144.894,144.656,144.677,4579.89
2024-09-26 14:50:00+00:00,144.678,144.755,144.627,144.716,4014.7
2024-09-26 14:55:00+00:00,144.715,144.837,144.669,144.834,5820.52
2024-09-26 15:00:00+00:00,144.833,144.836,144.747,144.81,4143.11
2024-09-26 15:05:00+00:00,144.811,144.942,144.796,144.888,2966.93
2024-09-26 15:10:00+00:00,144.888,144.947,144.88,144.89,3046.73
2024-09-26 15:15:00+00:00,144.892,144.895,144.768,144.768,3498.7
2024-09-26 15:20:00+00:00,144.768,144.796,144.677,144.688,2910.4
2024-09-26 15:25:00+00:00,144.688,144.766,144.649,144.759,2644.44
2024-09-26 15:30:00+00:00,144.758,144.781,144.628,144.676,2638.91
2024-09-26 15:35:00+00:00,144.676,144.725,144.66,144.683,2968.95
2024-09-26 15:40:00+00:00,144.684,144.709,144.641,144.684,2831.05
2024-09-26 15:45:00+00:00,144.684,144.686,144.621,144.643,1792.75
2024-09-26 15:50:00+00:00,144.642,144.686,144.61,144.65,2087.65
2024-09-26 15:55:00+00:00,144.649,144.693,144.629,144.677,2167.1
2024-09-26 16:00:00+00:00,144.677,144.81,144.676,144.807,2583.57
2024-09-26 16:05:00+00:00,144.809,144.902,144.807,144.829,3041.56
2024-09-26 16:10:00+00:00,144.826,144.83,144.756,144.796,2455.38
2024-09-26 16:15:00+00:00,144.796,144.833,144.76,144.765,2248.02
2024-09-26 16:20:00+00:00,144.766,144.869,144.765,144.809,2198.52
2024-09-26 16:25:00+00:00,144.809,144.838,144.741,144.743,1309.2
2024-09-26 16:30:00+00:00,144.743,144.75,144.708,144.717,1251.45
2024-09-26 16:35:00+00:00,144.717,144.781,144.696,144.769,1286.85
2024-09-26 16:40:00+00:00,144.768,144.818,144.758,144.784,1352.64
2024-09-26 16:45:00+00:00,144.783,144.799,144.754,144.798,1374.36
2024-09-26 16:50:00+00:00,144.798,144.852,144.77,144.846,1981.47
2024-09-26 16:55:00+00:00,144.846,144.888,144.843,144.856,1995.24
2024-09-26 17:00:00+00:00,144.855,144.856,144.679,144.685,3346.74
2024-09-26 17:05:00+00:00,144.685,144.775,144.671,144.732,3004.83
2024-09-26 17:10:00+00:00,144.732,144.733,144.645,144.655,1676.78
2024-09-26 17:15:00+00:00,144.661,144.675,144.552,144.572,2493.58
2024-09-26 17:20:00+00:00,144.572,144.616,144.535,144.579,2992.37
2024-09-26 17:25:00+00:00,144.58,144.615,144.563,144.606,1767.45
2024-09-26 17:30:00+00:00,144.606,144.674,144.606,144.665,2707.77
2024-09-26 17:35:00+00:00,144.665,144.705,144.64,144.679,1668.26
2024-09-26 17:40:00+00:00,144.68,144.71,144.664,144.684,2100.27
2024-09-26 17:45:00+00:00,144.685,144.705,144.632,144.648,1615.41
2024-09-26 17:50:00+00:00,144.648,144.715,144.627,144.715,1623.39
2024-09-26 17:55:00+00:00,144.716,144.72,144.67,144.716,1958.82
2024-09-26 18:00:00+00:00,144.717,144.771,144.707,144.763,2010.84
2024-09-26 18:05:00+00:00,144.764,144.764,144.719,144.733,992.07
2024-09-26 18:10:00+00:00,144.734,144.74,144.67,144.693,1479.18
2024-09-26 18:15:00+00:00,144.696,144.702,144.632,144.633,1042.59
2024-09-26 18:20:00+00:00,144.633,144.704,144.618,144.691,1687.14
2024-09-26 18:25:00+00:00,144.689,144.727,144.678,144.718,1204.47
2024-09-26 18:30:00+00:00,144.72,144.753,144.711,144.719,853.53
2024-09-26 18:35:00+00:00,144.719,144.736,144.688,144.718,751.2
2024-09-26 18:40:00+00:00,144.719,144.725,144.604,144.607,1318.5
2024-09-26 18:45:00+00:00,144.607,144.622,144.562,144.606,677.79
2024-09-26 18:50:00+00:00,144.604,144.631,144.582,144.596,1335.39
2024-09-26 18:55:00+00:00,144.597,144.64,144.575,144.622,1881.18
2024-09-26 19:00:00+00:00,144.622,144.622,144.54,144.549,2075.31
2024-09-26 19:05:00+00:00,144.549,144.559,144.514,144.524,1371.87
2024-09-26 19:10:00+00:00,144.525,144.568,144.508,144.556,1345.08
2024-09-26 19:15:00+00:00,144.555,144.573,144.532,144.548,1188.24
2024-09-26 19:20:00+00:00,144.55,144.577,144.54,144.571,1200.48
2024-09-26 19:25:00+00:00,144.57,144.611,144.57,144.599,1470.36
2024-09-26 19:30:00+00:00,144.601,144.657,144.596,144.635,1752.9
2024-09-26 19:35:00+00:00,144.636,144.651,144.607,144.639,1189.98
2024-09-26 19:40:00+00:00,144.638,144.641,144.616,144.63,895.95
2024-09-26 19:45:00+00:00,144.631,144.664,144.626,144.663,1116.21
2024-09-26 19:50:00+00:00,144.661,144.686,144.656,144.68,1573.59
2024-09-26 19:55:00+00:00,144.682,144.683,144.645,144.661,2877.21
2024-09-26 20:00:00+00:00,144.66,144.745,144.658,144.742,1514.94
2024-09-26 20:05:00+00:00,144.742,144.744,144.715,144.724,807.84
2024-09-26 20:10:00+00:00,144.723,144.791,144.723,144.787,906.84
2024-09-26 20:15:00+00:00,144.787,144.806,144.782,144.797,450.03
2024-09-26 20:20:00+00:00,144.796,144.818,144.78,144.815,359.34
2024-09-26 20:25:00+00:00,144.815,144.851,144.814,144.84,862.56
2024-09-26 20:30:00+00:00,144.841,144.842,144.757,144.777,793.38
2024-09-26 20:35:00+00:00,144.776,144.828,144.758,144.823,616.02
2024-09-26 20:40:00+00:00,144.824,144.871,144.822,144.845,708.03
2024-09-26 20:45:00+00:00,144.846,144.888,144.846,144.867,577.11
2024-09-26 20:50:00+00:00,144.866,144.899,144.859,144.86,524.79
2024-09-26 20:55:00+00:00,144.859,144.861,144.784,144.784,966.21
2024-09-26 21:00:00+00:00,144.775,144.775,144.735,144.735,9.99
2024-09-26 21:05:00+00:00,144.747,144.831,144.739,144.808,77.49
2024-09-26 21:10:00+00:00,144.814,144.814,144.799,144.804,27.6
2024-09-26 21:15:00+00:00,144.805,144.807,144.802,144.807,6.0
2024-09-26 21:20:00+00:00,144.808,144.808,144.805,144.808,3.6
2024-09-26 21:25:00+00:00,144.806,144.806,144.806,144.806,5.04
2024-09-26 21:30:00+00:00,144.806,144.809,144.806,144.809,3.6
2024-09-26 21:35:00+00:00,144.806,144.806,144.806,144.806,1.2
2024-09-26 21:40:00+00:00,144.803,144.803,144.744,144.744,30.96
2024-09-26 21:45:00+00:00,144.756,144.784,144.735,144.736,121.59
2024-09-26 21:50:00+00:00,144.738,144.77,144.737,144.767,45.3
2024-09-26 21:55:00+00:00,144.776,144.789,144.725,144.773,139.38
2024-09-26 22:00:00+00:00,144.772,144.842,144.746,144.825,396.96
2024-09-26 22:05:00+00:00,144.825,144.873,144.825,144.866,295.65
2024-09-26 22:10:00+00:00,144.871,144.907,144.858,144.896,224.55
2024-09-26 22:15:00+00:00,144.906,144.93,144.906,144.929,153.75
2024-09-26 22:20:00+00:00,144.931,144.97,144.928,144.959,199.2
2024-09-26 22:25:00+00:00,144.959,144.962,144.908,144.92,188.47
2024-09-26 22:30:00+00:00,144.92,144.968,144.913,144.942,331.95
2024-09-26 22:35:00+00:00,144.942,144.962,144.94,144.945,254.25
2024-09-26 22:40:00+00:00,144.946,144.953,144.936,144.94,155.34
2024-09-26 22:45:00+00:00,144.947,144.965,144.939,144.958,407.49
2024-09-26 22:50:00+00:00,144.957,144.963,144.912,144.916,363.39
2024-09-26 22:55:00+00:00,144.915,144.916,144.852,144.875,480.24
2024-09-26 23:00:00+00:00,144.875,144.947,144.871,144.946,633.54
2024-09-26 23:05:00+00:00,144.948,144.98,144.925,144.97,543.58
2024-09-26 23:10:00+00:00,144.972,144.987,144.957,144.97,409.8
2024-09-26 23:15:00+00:00,144.97,145.046,144.969,145.03,568.05
2024-09-26 23:20:00+00:00,145.029,145.113,145.028,145.104,692.4
2024-09-26 23:25:00+00:00,145.106,145.129,145.084,145.104,661.44
2024-09-26 23:30:00+00:00,145.104,145.142,145.09,145.092,589.11
2024-09-26 23:35:00+00:00,145.09,145.11,145.047,145.068,510.3
2024-09-26 23:40:00+00:00,145.071,145.071,145.012,145.022,886.26
2024-09-26 23:45:00+00:00,145.022,145.085,144.94,145.078,1582.26
2024-09-26 23:50:00+00:00,145.08,145.114,145.022,145.045,1077.66
2024-09-26 23:55:00+00:00,145.043,145.106,145.022,145.082,1093.08
2024-09-27 00:00:00+00:00,145.081,145.124,144.935,145.095,2073.78
2024-09-27 00:05:00+00:00,145.098,145.101,145.034,145.065,2937.25
2024-09-27 00:10:00+00:00,145.067,145.073,144.982,145.037,2164.62
2024-09-27 00:15:00+00:00,145.038,145.163,145.013,145.063,2129.07
2024-09-27 00:20:00+00:00,145.064,145.094,145.045,145.054,1571.43
2024-09-27 00:25:00+00:00,145.054,145.092,145.033,145.059,1439.1
2024-09-27 00:30:00+00:00,145.06,145.243,145.058,145.22,2676.11
2024-09-27 00:35:00+00:00,145.217,145.313,145.164,145.289,2413.25
2024-09-27 00:40:00+00:00,145.288,145.319,145.234,145.25,2957.97
2024-09-27 00:45:00+00:00,145.25,145.274,145.157,145.162,2102.7
2024-09-27 00:50:00+00:00,145.162,145.427,145.158,145.424,3978.51
2024-09-27 00:55:00+00:00,145.424,145.471,145.356,145.462,2657.04
2024-09-27 01:00:00+00:00,145.461,145.515,145.429,145.481,2010.53
2024-09-27 01:05:00+00:00,145.48,145.499,145.376,145.467,1781.36
2024-09-27 01:10:00+00:00,145.464,145.5,145.425,145.446,1928.64
2024-09-27 01:15:00+00:00,145.445,145.503,145.395,145.444,2044.72
2024-09-27 01:20:00+00:00,145.444,145.451,145.356,145.435,2159.0
2024-09-27 01:25:00+00:00,145.437,145.529,145.41,145.503,1838.7
2024-09-27 01:30:00+00:00,145.502,145.576,145.438,145.454,2393.38
2024-09-27 01:35:00+00:00,145.453,145.472,145.399,145.46,934.38
2024-09-27 01:40:00+00:00,145.457,145.495,145.352,145.387,1043.16
2024-09-27 01:45:00+00:00,145.391,145.435,145.341,145.387,980.25
2024-09-27 01:50:00+00:00,145.388,145.395,145.31,145.365,1877.1
2024-09-27 01:55:00+00:00,145.364,145.372,145.268,145.306,1148.85
2024-09-27 02:00:00+00:00,145.312,145.345,145.228,145.289,1464.87
2024-09-27 02:05:00+00:00,145.294,145.303,145.17,145.177,1478.4
2024-09-27 02:10:00+00:00,145.177,145.213,145.142,145.165,1619.97
2024-09-27 02:15:00+00:00,145.165,145.206,145.121,145.125,1063.02
2024-09-27 02:20:00+00:00,145.126,145.152,145.095,145.1,1347.33
2024-09-27 02:25:00+00:00,145.099,145.114,145.05,145.105,1274.16
2024-09-27 02:30:00+00:00,145.102,145.136,145.05,145.072,1236.27
2024-09-27 02:35:00+00:00,145.07,145.079,145.02,145.062,856.14
2024-09-27 02:40:00+00:00,145.062,145.112,145.036,145.068,625.8
2024-09-27 02:45:00+00:00,145.066,145.105,145.032,145.103,694.23
2024-09-27 02:50:00+00:00,145.104,145.128,144.992,145.0,885.84
2024-09-27 02:55:00+00:00,144.995,145.094,144.964,145.09,1289.07
2024-09-27 03:00:00+00:00,145.09,145.116,145.038,145.04,1200.72
2024-09-27 03:05:00+00:00,145.042,145.068,145.015,145.039,958.32
2024-09-27 03:10:00+00:00,145.04,145.046,144.981,145.007,1284.09
2024-09-27 03:15:00+00:00,145.007,145.064,144.991,145.027,1860.06
2024-09-27 03:20:00+00:00,145.03,145.081,145.027,145.068,1055.73
2024-09-27 03:25:00+00:00,145.07,145.098,145.041,145.091,1219.26
2024-09-27 03:30:00+00:00,145.09,145.127,145.069,145.093,1705.09
2024-09-27 03:35:00+00:00,145.094,145.188,145.093,145.187,1380.78
2024-09-27 03:40:00+00:00,145.185,145.219,145.155,145.158,896.1
2024-09-27 03:45:00+00:00,145.157,145.188,145.141,145.183,455.61
2024-09-27 03:50:00+00:00,145.182,145.201,145.131,145.144,438.54
2024-09-27 03:55:00+00:00,145.148,145.263,145.148,145.251,1026.99
2024-09-27 04:00:00+00:00,145.252,145.316,145.252,145.312,1596.48
2024-09-27 04:05:00+00:00,145.313,145.411,145.311,145.393,1988.43
2024-09-27 04:10:00+00:00,145.392,145.476,145.381,145.469,1352.52
2024-09-27 04:15:00+00:00,145.468,145.468,145.403,145.452,1277.01
2024-09-27 04:20:00+00:00,145.455,145.529,145.45,145.491,1036.14
2024-09-27 04:25:00+00:00,145.491,145.512,145.461,145.487,839.4
2024-09-27 04:30:00+00:00,145.488,145.496,145.448,145.493,528.54
2024-09-27 04:35:00+00:00,145.499,145.601,145.499,145.556,723.9
2024-09-27 04:40:00+00:00,145.564,145.6,145.56,145.582,840.06
2024-09-27 04:45:00+00:00,145.58,145.659,145.569,145.656,800.26
2024-09-27 04:50:00+00:00,145.657,145.75,145.639,145.743,1115.9
2024-09-27 04:55:00+00:00,145.746,145.8,145.707,145.792,689.37
2024-09-27 05:00:00+00:00,145.791,145.926,145.776,145.861,1641.28
2024-09-27 05:05:00+00:00,145.862,146.231,145.834,146.074,2355.85
2024-09-27 05:10:00+00:00,146.076,146.203,145.754,146.188,3571.23
2024-09-27 05:15:00+00:00,146.182,146.383,146.117,146.37,2948.11
2024-09-27 05:20:00+00:00,146.37,146.467,146.282,146.46,2449.34
2024-09-27 05:25:00+00:00,146.468,146.491,146.279,146.441,2731.47
2024-09-27 05:30:00+00:00,146.442,146.443,146.276,146.334,3216.46
2024-09-27 05:35:00+00:00,146.334,146.477,146.329,146.387,2683.35
2024-09-27 05:40:00+00:00,146.387,146.472,146.252,146.277,1875.84
2024-09-27 05:45:00+00:00,146.279,146.32,146.193,146.273,2250.33
2024-09-27 05:50:00+00:00,146.273,146.338,146.162,146.221,2081.29
2024-09-27 05:55:00+00:00,146.222,146.252,146.109,146.251,2641.85
2024-09-27 06:00:00+00:00,146.255,146.298,146.17,146.28,5213.08
2024-09-27 06:05:00+00:00,146.279,146.345,146.233,146.33,3789.16
2024-09-27 06:10:00+00:00,146.33,146.351,146.148,146.199,2858.58
2024-09-27 06:15:00+00:00,146.194,146.25,146.13,146.161,1860.78
2024-09-27 06:20:00+00:00,146.162,146.214,143.502,144.182,5709.54
2024-09-27 06:25:00+00:00,144.187,144.21,143.507,143.857,4679.74
2024-09-27 06:30:00+00:00,143.864,143.864,143.293,143.529,4026.55
2024-09-27 06:35:00+00:00,143.529,143.97,143.269,143.815,3648.21
2024-09-27 06:40:00+00:00,143.811,143.812,143.535,143.58,2933.61
2024-09-27 06:45:00+00:00,143.588,143.656,143.27,143.306,3101.84
2024-09-27 06:50:00+00:00,143.303,143.414,143.174,143.372,2343.78
2024-09-27 06:55:00+00:00,143.377,143.442,143.131,143.171,2570.04
2024-09-27 07:00:00+00:00,143.171,143.276,143.047,143.055,2746.95
2024-09-27 07:05:00+00:00,143.055,143.104,142.778,143.047,2917.94
2024-09-27 07:10:00+00:00,143.048,143.23,143.002,143.059,2618.91
2024-09-27 07:15:00+00:00,143.061,143.235,142.991,143.068,2631.21
2024-09-27 07:20:00+00:00,143.074,143.19,142.845,143.187,2646.1
2024-09-27 07:25:00+00:00,143.188,143.382,143.078,143.154,2434.02
2024-09-27 07:30:00+00:00,143.157,143.279,143.123,143.27,2604.88
2024-09-27 07:35:00+00:00,143.275,143.338,143.196,143.211,1963.48
2024-09-27 07:40:00+00:00,143.215,143.298,143.153,143.168,1826.62
2024-09-27 07:45:00+00:00,143.17,143.418,143.135,143.403,1816.39
2024-09-27 07:50:00+00:00,143.408,143.467,143.269,143.274,1341.1
2024-09-27 07:55:00+00:00,143.278,143.369,143.172,143.193,1530.87
2024-09-27 08:00:00+00:00,143.191,143.305,143.159,143.209,1898.77
2024-09-27 08:05:00+00:00,143.21,143.258,143.033,143.23,1862.0
2024-09-27 08:10:00+00:00,143.229,143.335,143.167,143.332,1592.79
2024-09-27 08:15:00+00:00,143.332,143.414,143.287,143.39,1295.68
2024-09-27 08:20:00+00:00,143.391,143.769,143.389,143.588,3095.36
2024-09-27 08:25:00+00:00,143.589,143.619,143.388,143.435,2033.66
2024-09-27 08:30:00+00:00,143.432,143.516,143.299,143.426,1646.96
2024-09-27 08:35:00+00:00,143.426,143.426,143.213,143.224,1585.23
2024-09-27 08:40:00+00:00,143.224,143.26,143.05,143.05,1808.06
2024-09-27 08:45:00+00:00,143.052,143.144,143.04,143.097,2103.11
2024-09-27 08:50:00+00:00,143.093,143.111,142.949,142.998,1956.87
2024-09-27 08:55:00+00:00,142.996,143.14,142.961,143.14,1204.56
2024-09-27 09:00:00+00:00,143.138,143.231,143.069,143.19,1518.95
2024-09-27 09:05:00+00:00,143.181,143.377,143.098,143.281,2111.54
2024-09-27 09:10:00+00:00,143.283,143.457,143.242,143.243,1817.89
2024-09-27 09:15:00+00:00,143.246,143.492,143.208,143.48,1752.87
2024-09-27 09:20:00+00:00,143.475,143.475,143.333,143.363,1908.22
2024-09-27 09:25:00+00:00,143.365,143.464,143.288,143.378,1711.14
2024-09-27 09:30:00+00:00,143.381,143.417,143.207,143.238,1691.82
2024-09-27 09:35:00+00:00,143.234,143.301,143.136,143.14,1527.19
2024-09-27 09:40:00+00:00,143.141,143.386,143.136,143.37,1527.0
2024-09-27 09:45:00+00:00,143.37,143.387,143.296,143.327,1075.64
2024-09-27 09:50:00+00:00,143.326,143.326,143.086,143.103,1321.74
2024-09-27 09:55:00+00:00,143.105,143.19,143.065,143.13,1070.61
2024-09-27 10:00:00+00:00,143.132,143.244,143.051,143.23,970.73
2024-09-27 10:05:00+00:00,143.231,143.328,143.213,143.214,1043.97
2024-09-27 10:10:00+00:00,143.211,143.222,143.131,143.212,1288.53
2024-09-27 10:15:00+00:00,143.214,143.267,143.126,143.127,1715.44
2024-09-27 10:20:00+00:00,143.125,143.217,143.081,143.175,1900.7
2024-09-27 10:25:00+00:00,143.174,143.18,143.099,143.104,1743.08
2024-09-27 10:30:00+00:00,143.102,143.104,142.979,142.989,1675.26
2024-09-27 10:35:00+00:00,142.994,143.172,142.959,143.122,1651.19
2024-09-27 10:40:00+00:00,143.122,143.192,143.1,143.177,1347.99
2024-09-27 10:45:00+00:00,143.177,143.23,143.145,143.152,916.56
2024-09-27 10:50:00+00:00,143.153,143.224,143.149,143.179,751.23
2024-09-27 10:55:00+00:00,143.176,143.233,143.128,143.223,1721.98
2024-09-27 11:00:00+00:00,143.224,143.365,143.187,143.336,2046.06
2024-09-27 11:05:00+00:00,143.335,143.365,143.213,143.228,1759.58
2024-09-27 11:10:00+00:00,143.229,143.302,143.189,143.299,1556.88
2024-09-27 11:15:00+00:00,143.3,143.358,143.261,143.333,2159.58
2024-09-27 11:20:00+00:00,143.336,143.341,143.171,143.179,3042.83
2024-09-27 11:25:00+00:00,143.172,143.22,143.12,143.19,1856.12
2024-09-27 11:30:00+00:00,143.188,143.194,143.086,143.115,2173.62
2024-09-27 11:35:00+00:00,143.115,143.189,143.1,143.173,1455.09
2024-09-27 11:40:00+00:00,143.174,143.232,143.147,143.16,1993.74
2024-09-27 11:45:00+00:00,143.156,143.184,143.146,143.166,2198.3
2024-09-27 11:50:00+00:00,143.165,143.178,143.101,143.126,1526.5
2024-09-27 11:55:00+00:00,143.125,143.184,143.097,143.107,1507.89
2024-09-27 12:00:00+00:00,143.105,143.11,143.003,143.029,2012.65
2024-09-27 12:05:00+00:00,143.03,143.065,142.972,143.061,2682.93
2024-09-27 12:10:00+00:00,143.061,143.144,143.042,143.063,1969.24
2024-09-27 12:15:00+00:00,143.064,143.097,143.02,143.092,1862.99
2024-09-27 12:20:00+00:00,143.096,143.18,143.042,143.158,2113.67
2024-09-27 12:25:00+00:00,143.157,143.216,143.116,143.166,1367.64
2024-09-27 12:30:00+00:00,143.166,143.22,142.607,142.887,3244.38
2024-09-27 12:35:00+00:00,142.882,142.937,142.739,142.781,3253.93
2024-09-27 12:40:00+00:00,142.781,143.008,142.758,142.841,4114.92
2024-09-27 12:45:00+00:00,142.842,142.866,142.748,142.794,3755.59
2024-09-27 12:50:00+00:00,142.793,142.814,142.593,142.613,2746.53
2024-09-27 12:55:00+00:00,142.611,142.655,142.499,142.518,3001.85
2024-09-27 13:00:00+00:00,142.521,142.72,142.496,142.684,3987.53
2024-09-27 13:05:00+00:00,142.684,142.765,142.607,142.722,3050.95
2024-09-27 13:10:00+00:00,142.722,142.724,142.587,142.634,3668.78
2024-09-27 13:15:00+00:00,142.635,142.732,142.632,142.716,1883.85
2024-09-27 13:20:00+00:00,142.717,142.866,142.696,142.826,2500.74
2024-09-27 13:25:00+00:00,142.826,142.97,142.813,142.942,3024.74
2024-09-27 13:30:00+00:00,142.943,142.994,142.696,142.706,3779.77
2024-09-27 13:35:00+00:00,142.706,142.766,142.671,142.686,3759.97
2024-09-27 13:40:00+00:00,142.692,142.718,142.592,142.653,3186.88
2024-09-27 13:45:00+00:00,142.651,142.73,142.604,142.605,3074.3
2024-09-27 13:50:00+00:00,142.607,142.656,142.561,142.583,2128.68
2024-09-27 13:55:00+00:00,142.583,142.62,142.506,142.539,3346.9
2024-09-27 14:00:00+00:00,142.538,142.625,142.388,142.498,4293.09
2024-09-27 14:05:00+00:00,142.497,142.546,142.411,142.497,2956.91
2024-09-27 14:10:00+00:00,142.502,142.677,142.494,142.627,3950.34
2024-09-27 14:15:00+00:00,142.627,142.631,142.527,142.575,3732.02
2024-09-27 14:20:00+00:00,142.575,142.743,142.529,142.738,3398.69
2024-09-27 14:25:00+00:00,142.739,143.071,142.738,142.766,5863.31
2024-09-27 14:30:00+00:00,142.765,142.849,142.693,142.725,3490.59
2024-09-27 14:35:00+00:00,142.724,142.885,142.683,142.844,3972.44
2024-09-27 14:40:00+00:00,142.844,142.885,142.745,142.752,3603.93
2024-09-27 14:45:00+00:00,142.751,142.945,142.72,142.903,4170.13
2024-09-27 14:50:00+00:00,142.903,142.907,142.8,142.836,4042.4
2024-09-27 14:55:00+00:00,142.839,142.907,142.765,142.858,4644.12
2024-09-27 15:00:00+00:00,142.857,142.976,142.827,142.89,4242.93
2024-09-27 15:05:00+00:00,142.89,142.947,142.813,142.886,4252.67
2024-09-27 15:10:00+00:00,142.886,143.071,142.876,143.018,4500.69
2024-09-27 15:15:00+00:00,143.021,143.046,142.965,143.044,3291.45
2024-09-27 15:20:00+00:00,143.048,143.085,142.983,143.021,2017.88
2024-09-27 15:25:00+00:00,143.02,143.021,142.835,142.89,2748.68
2024-09-27 15:30:00+00:00,142.9,142.9,142.782,142.837,2142.63
2024-09-27 15:35:00+00:00,142.837,142.875,142.803,142.854,2370.9
2024-09-27 15:40:00+00:00,142.852,142.867,142.719,142.729,2505.78
2024-09-27 15:45:00+00:00,142.728,142.746,142.626,142.635,1571.79
2024-09-27 15:50:00+00:00,142.634,142.721,142.557,142.636,2917.15
2024-09-27 15:55:00+00:00,142.636,142.663,142.59,142.599,4452.51
2024-09-27 16:00:00+00:00,142.599,142.615,142.547,142.596,2127.75
2024-09-27 16:05:00+00:00,142.596,142.624,142.541,142.56,2596.62
2024-09-27 16:10:00+00:00,142.552,142.597,142.49,142.536,2080.47
2024-09-27 16:15:00+00:00,142.535,142.672,142.515,142.615,1614.91
2024-09-27 16:20:00+00:00,142.613,142.702,142.585,142.688,1620.72
2024-09-27 16:25:00+00:00,142.691,142.691,142.574,142.647,2678.79
2024-09-27 16:30:00+00:00,142.647,142.647,142.517,142.567,2176.97
2024-09-27 16:35:00+00:00,142.566,142.6,142.533,142.545,1549.89
2024-09-27 16:40:00+00:00,142.544,142.546,142.407,142.469,2280.06
2024-09-27 16:45:00+00:00,142.469,142.505,142.437,142.499,1393.32
2024-09-27 16:50:00+00:00,142.499,142.556,142.495,142.514,1472.28
2024-09-27 16:55:00+00:00,142.511,142.526,142.456,142.509,3049.92
2024-09-27 17:00:00+00:00,142.507,142.602,142.504,142.596,1619.88
2024-09-27 17:05:00+00:00,142.596,142.599,142.475,142.488,2272.48
2024-09-27 17:10:00+00:00,142.489,142.526,142.454,142.497,2317.29
2024-09-27 17:15:00+00:00,142.501,142.514,142.336,142.339,2580.45
2024-09-27 17:20:00+00:00,142.338,142.39,142.282,142.382,2760.57
2024-09-27 17:25:00+00:00,142.381,142.438,142.338,142.412,1525.84
2024-09-27 17:30:00+00:00,142.411,142.412,142.32,142.327,1480.53
2024-09-27 17:35:00+00:00,142.325,142.344,142.287,142.315,1258.59
2024-09-27 17:40:00+00:00,142.315,142.354,142.293,142.33,1467.69
2024-09-27 17:45:00+00:00,142.331,142.376,142.322,142.337,1126.08
2024-09-27 17:50:00+00:00,142.336,142.441,142.314,142.336,1615.83
2024-09-27 17:55:00+00:00,142.336,142.363,142.293,142.327,1355.97
2024-09-27 18:00:00+00:00,142.326,142.404,142.316,142.396,1052.06
2024-09-27 18:05:00+00:00,142.395,142.416,142.351,142.39,981.27
2024-09-27 18:10:00+00:00,142.388,142.395,142.345,142.357,970.65
2024-09-27 18:15:00+00:00,142.359,142.361,142.238,142.277,1335.15
2024-09-27 18:20:00+00:00,142.274,142.315,142.25,142.256,698.52
2024-09-27 18:25:00+00:00,142.258,142.27,142.146,142.147,1554.21
2024-09-27 18:30:00+00:00,142.147,142.174,142.077,142.161,2284.86
2024-09-27 18:35:00+00:00,142.164,142.166,142.078,142.127,1687.4
2024-09-27 18:40:00+00:00,142.126,142.146,142.1,142.141,605.1
2024-09-27 18:45:00+00:00,142.139,142.198,142.136,142.185,1451.38
2024-09-27 18:50:00+00:00,142.184,142.237,142.183,142.197,1214.31
2024-09-27 18:55:00+00:00,142.198,142.217,142.146,142.167,1835.27
2024-09-27 19:00:00+00:00,142.168,142.265,142.162,142.239,1088.22
2024-09-27 19:05:00+00:00,142.238,142.259,142.179,142.181,766.74
2024-09-27 19:10:00+00:00,142.182,142.19,142.092,142.096,1078.26
2024-09-27 19:15:00+00:00,142.094,142.176,142.083,142.176,855.3
2024-09-27 19:20:00+00:00,142.175,142.18,142.092,142.105,1146.93
2024-09-27 19:25:00+00:00,142.106,142.146,142.098,142.146,1688.13
2024-09-27 19:30:00+00:00,142.147,142.176,142.134,142.154,1158.36
2024-09-27 19:35:00+00:00,142.157,142.161,142.101,142.102,1991.7
2024-09-27 19:40:00+00:00,142.102,142.135,142.066,142.135,1642.66
2024-09-27 19:45:00+00:00,142.134,142.137,142.068,142.104,1676.64
2024-09-27 19:50:00+00:00,142.105,142.184,142.07,142.18,1801.26
2024-09-27 19:55:00+00:00,142.18,142.236,142.145,142.154,2691.45
2024-09-27 20:00:00+00:00,142.161,142.273,142.161,142.203,558.52
2024-09-27 20:05:00+00:00,142.204,142.234,142.198,142.211,556.02
2024-09-27 20:10:00+00:00,142.212,142.252,142.207,142.236,277.14
2024-09-27 20:15:00+00:00,142.232,142.235,142.2,142.213,759.0
2024-09-27 20:20:00+00:00,142.212,142.233,142.206,142.222,686.85
2024-09-27 20:25:00+00:00,142.221,142.235,142.174,142.183,1511.11
2024-09-27 20:30:00+00:00,142.182,142.194,142.135,142.15,746.01
2024-09-27 20:35:00+00:00,142.149,142.153,142.135,142.144,595.8
2024-09-27 20:40:00+00:00,142.139,142.188,142.13,142.186,340.5
2024-09-27 20:45:00+00:00,142.19,142.266,142.182,142.211,333.0
2024-09-27 20:50:00+00:00,142.212,142.282,142.18,142.268,464.28
2024-09-27 20:55:00+00:00,142.263,142.263,142.15,142.15,985.7
2024-09-29 21:05:00+00:00,142.129,142.129,142.129,142.129,1.8
2024-09-29 21:10:00+00:00,142.123,142.123,142.123,142.123,1.8
2024-09-29 21:15:00+00:00,142.12,142.128,142.106,142.119,8.66
2024-09-29 21:30:00+00:00,142.119,142.119,142.094,142.094,34.02
2024-09-29 21:35:00+00:00,142.094,142.198,142.094,142.169,177.72
2024-09-29 21:40:00+00:00,142.181,142.247,142.149,142.247,89.7
2024-09-29 21:45:00+00:00,142.247,142.278,142.24,142.278,347.4
2024-09-29 21:50:00+00:00,142.28,142.303,142.247,142.25,335.74
2024-09-29 21:55:00+00:00,142.25,142.256,142.243,142.244,48.6
2024-09-29 22:00:00+00:00,142.249,142.531,142.243,142.526,547.13
2024-09-29 22:05:00+00:00,142.527,142.558,142.428,142.555,532.85
2024-09-29 22:10:00+00:00,142.552,142.552,142.478,142.48,619.32
2024-09-29 22:15:00+00:00,142.48,142.499,142.389,142.499,990.69
2024-09-29 22:20:00+00:00,142.5,142.5,142.473,142.489,711.07
2024-09-29 22:25:00+00:00,142.49,142.58,142.485,142.57,983.76
2024-09-29 22:30:00+00:00,142.571,142.63,142.541,142.628,1106.95
2024-09-29 22:35:00+00:00,142.629,142.65,142.545,142.606,1224.03
2024-09-29 22:40:00+00:00,142.606,142.608,142.548,142.576,650.28
2024-09-29 22:45:00+00:00,142.577,142.6,142.551,142.58,1039.56
2024-09-29 22:50:00+00:00,142.578,142.606,142.554,142.606,1369.32
2024-09-29 22:55:00+00:00,142.61,142.709,142.606,142.674,623.73
2024-09-29 23:00:00+00:00,142.675,142.683,142.58,142.618,1202.13
2024-09-29 23:05:00+00:00,142.618,142.74,142.615,142.737,947.85
2024-09-29 23:10:00+00:00,142.739,142.764,142.723,142.76,1632.24
2024-09-29 23:15:00+00:00,142.757,142.793,142.756,142.76,1032.45
2024-09-29 23:20:00+00:00,142.763,142.838,142.758,142.827,800.02
2024-09-29 23:25:00+00:00,142.828,142.83,142.792,142.811,614.58
2024-09-29 23:30:00+00:00,142.811,142.919,142.8,142.856,1190.91
2024-09-29 23:35:00+00:00,142.857,142.876,142.762,142.773,1022.86
2024-09-29 23:40:00+00:00,142.771,142.829,142.742,142.747,816.27
2024-09-29 23:45:00+00:00,142.746,142.947,142.742,142.922,1555.62
2024-09-29 23:50:00+00:00,142.924,142.952,142.852,142.875,940.02
2024-09-29 23:55:00+00:00,142.873,142.877,142.767,142.786,1346.49
2024-09-30 00:00:00+00:00,142.786,142.841,142.642,142.644,2760.56
2024-09-30 00:05:00+00:00,142.647,142.792,142.616,142.767,2268.03
2024-09-30 00:10:00+00:00,142.768,142.833,142.759,142.798,1929.65
2024-09-30 00:15:00+00:00,142.798,142.803,142.593,142.631,1823.36
2024-09-30 00:20:00+00:00,142.631,142.741,142.571,142.694,2585.13
2024-09-30 00:25:00+00:00,142.692,142.765,142.643,142.647,1380.36
2024-09-30 00:30:00+00:00,142.645,142.725,142.606,142.61,1505.1
2024-09-30 00:35:00+00:00,142.608,142.693,142.509,142.659,2421.41
2024-09-30 00:40:00+00:00,142.661,142.676,142.588,142.598,1217.1
2024-09-30 00:45:00+00:00,142.6,142.638,142.476,142.534,1309.07
2024-09-30 00:50:00+00:00,142.535,142.621,142.456,142.621,3222.62
2024-09-30 00:55:00+00:00,142.619,142.752,142.609,142.685,3321.67
2024-09-30 01:00:00+00:00,142.686,142.717,142.622,142.629,2567.52
2024-09-30 01:05:00+00:00,142.628,142.842,142.628,142.802,2409.87
2024-09-30 01:10:00+00:00,142.803,142.81,142.652,142.678,2218.56
2024-09-30 01:15:00+00:00,142.675,142.678,142.6,142.636,1553.37
2024-09-30 01:20:00+00:00,142.635,142.652,142.553,142.576,745.76
2024-09-30 01:25:00+00:00,142.577,142.615,142.571,142.576,389.85
2024-09-30 01:30:00+00:00,142.579,142.648,142.505,142.513,832.14
2024-09-30 01:35:00+00:00,142.514,142.547,142.438,142.503,1582.21
2024-09-30 01:40:00+00:00,142.501,142.624,142.496,142.611,1623.81
2024-09-30 01:45:00+00:00,142.613,142.629,142.51,142.558,1050.48
2024-09-30 01:50:00+00:00,142.562,142.565,142.435,142.486,1770.39
2024-09-30 01:55:00+00:00,142.486,142.497,142.414,142.468,1196.25
2024-09-30 02:00:00+00:00,142.465,142.473,142.34,142.412,1886.64
2024-09-30 02:05:00+00:00,142.412,142.437,142.366,142.377,1858.23
2024-09-30 02:10:00+00:00,142.378,142.415,142.3,142.386,2865.43
2024-09-30 02:15:00+00:00,142.387,142.403,142.319,142.337,2138.91
2024-09-30 02:20:00+00:00,142.338,142.406,142.302,142.402,1893.04
2024-09-30 02:25:00+00:00,142.402,142.433,142.362,142.402,2192.82
2024-09-30 02:30:00+00:00,142.403,142.407,142.288,142.295,2021.82
2024-09-30 02:35:00+00:00,142.296,142.384,142.267,142.371,1754.7
2024-09-30 02:40:00+00:00,142.367,142.443,142.362,142.412,1701.9
2024-09-30 02:45:00+00:00,142.413,142.431,142.389,142.426,991.86
2024-09-30 02:50:00+00:00,142.423,142.471,142.412,142.419,878.94
2024-09-30 02:55:00+00:00,142.424,142.549,142.424,142.521,1028.73
2024-09-30 03:00:00+00:00,142.52,142.526,142.472,142.5,1100.31
2024-09-30 03:05:00+00:00,142.501,142.505,142.459,142.479,474.51
2024-09-30 03:10:00+00:00,142.478,142.496,142.415,142.428,1376.4
2024-09-30 03:15:00+00:00,142.427,142.43,142.358,142.418,1355.23
2024-09-30 03:20:00+00:00,142.419,142.419,142.332,142.352,1019.76
2024-09-30 03:25:00+00:00,142.354,142.4,142.342,142.371,1219.15
2024-09-30 03:30:00+00:00,142.371,142.426,142.348,142.419,1367.01
2024-09-30 03:35:00+00:00,142.419,142.43,142.372,142.396,2015.65
2024-09-30 03:40:00+00:00,142.395,142.435,142.386,142.405,2042.92
2024-09-30 03:45:00+00:00,142.406,142.462,142.365,142.438,1101.09
2024-09-30 03:50:00+00:00,142.442,142.495,142.421,142.44,727.44
2024-09-30 03:55:00+00:00,142.438,142.478,142.422,142.45,1429.74
2024-09-30 04:00:00+00:00,142.449,142.501,142.429,142.456,1928.88
2024-09-30 04:05:00+00:00,142.454,142.491,142.335,142.344,1443.48
2024-09-30 04:10:00+00:00,142.344,142.35,142.265,142.266,1578.27
2024-09-30 04:15:00+00:00,142.267,142.316,142.248,142.254,1203.45
2024-09-30 04:20:00+00:00,142.248,142.276,142.179,142.252,982.65
2024-09-30 04:25:00+00:00,142.254,142.254,142.195,142.218,898.2
2024-09-30 04:30:00+00:00,142.218,142.255,142.163,142.203,605.94
2024-09-30 04:35:00+00:00,142.204,142.207,142.174,142.202,1020.0
2024-09-30 04:40:00+00:00,142.202,142.246,142.177,142.234,467.29
2024-09-30 04:45:00+00:00,142.232,142.255,142.139,142.15,940.92
2024-09-30 04:50:00+00:00,142.15,142.264,142.139,142.25,773.55
2024-09-30 04:55:00+00:00,142.246,142.246,142.081,142.126,1509.69
2024-09-30 05:00:00+00:00,142.125,142.125,142.063,142.066,2186.97
2024-09-30 05:05:00+00:00,142.066,142.156,142.061,142.135,2410.83
2024-09-30 05:10:00+00:00,142.138,142.144,141.972,141.992,2192.08
2024-09-30 05:15:00+00:00,141.993,142.063,141.917,141.921,1945.74
2024-09-30 05:20:00+00:00,141.924,141.989,141.891,141.979,1414.11
2024-09-30 05:25:00+00:00,141.981,142.025,141.96,142.02,1051.5
2024-09-30 05:30:00+00:00,142.022,142.106,142.022,142.027,863.16
2024-09-30 05:35:00+00:00,142.025,142.052,141.819,141.82,1377.99
2024-09-30 05:40:00+00:00,141.819,141.865,141.744,141.757,1593.07
2024-09-30 05:45:00+00:00,141.756,141.816,141.671,141.729,2841.06
2024-09-30 05:50:00+00:00,141.732,141.816,141.691,141.769,1900.65
2024-09-30 05:55:00+00:00,141.768,141.775,141.655,141.703,1768.62
2024-09-30 06:00:00+00:00,141.701,141.814,141.648,141.794,2303.54
2024-09-30 06:05:00+00:00,141.795,141.873,141.762,141.87,2618.22
2024-09-30 06:10:00+00:00,141.87,141.898,141.765,141.88,2979.49
2024-09-30 06:15:00+00:00,141.88,141.915,141.785,141.858,2465.59
2024-09-30 06:20:00+00:00,141.856,141.856,141.686,141.747,2206.91
2024-09-30 06:25:00+00:00,141.748,141.798,141.642,141.795,3009.36
2024-09-30 06:30:00+00:00,141.801,141.813,141.731,141.752,2799.0
2024-09-30 06:35:00+00:00,141.753,141.993,141.735,141.964,2433.36
2024-09-30 06:40:00+00:00,141.964,142.037,141.964,142.001,2289.9
2024-09-30 06:45:00+00:00,142.001,142.025,141.907,141.929,1753.23
2024-09-30 06:50:00+00:00,141.929,141.966,141.907,141.938,1901.08
2024-09-30 06:55:00+00:00,141.939,142.079,141.937,142.053,2907.78
2024-09-30 07:00:00+00:00,142.053,142.171,142.018,142.08,2957.9
2024-09-30 07:05:00+00:00,142.08,142.09,142.01,142.07,2922.48
2024-09-30 07:10:00+00:00,142.07,142.203,142.038,142.045,2138.91
2024-09-30 07:15:00+00:00,142.05,142.067,141.984,142.0,2060.34
2024-09-30 07:20:00+00:00,142.003,142.007,141.939,141.967,2059.2
2024-09-30 07:25:00+00:00,141.965,142.008,141.918,141.976,1421.52
2024-09-30 07:30:00+00:00,141.978,142.149,141.967,142.131,1768.94
2024-09-30 07:35:00+00:00,142.131,142.282,142.131,142.276,1916.52
2024-09-30 07:40:00+00:00,142.275,142.323,142.233,142.317,2148.96
2024-09-30 07:45:00+00:00,142.315,142.346,142.238,142.262,2581.44
2024-09-30 07:50:00+00:00,142.263,142.336,142.246,142.259,2729.81
2024-09-30 07:55:00+00:00,142.261,142.428,142.261,142.367,3677.59
2024-09-30 08:00:00+00:00,142.369,142.442,142.367,142.409,4722.87
2024-09-30 08:05:00+00:00,142.41,142.475,142.39,142.42,3628.27
2024-09-30 08:10:00+00:00,142.42,142.441,142.345,142.405,4095.09
2024-09-30 08:15:00+00:00,142.408,142.457,142.363,142.402,3585.4
2024-09-30 08:20:00+00:00,142.406,142.479,142.394,142.477,2989.19
2024-09-30 08:25:00+00:00,142.476,142.497,142.413,142.414,3074.52
2024-09-30 08:30:00+00:00,142.415,142.429,142.342,142.429,3103.87
2024-09-30 08:35:00+00:00,142.433,142.454,142.391,142.406,2655.3
2024-09-30 08:40:00+00:00,142.41,142.475,142.401,142.414,2246.65
2024-09-30 08:45:00+00:00,142.414,142.466,142.361,142.46,3143.15
2024-09-30 08:50:00+00:00,142.459,142.556,142.423,142.543,2590.51
2024-09-30 08:55:00+00:00,142.54,142.578,142.483,142.532,4082.07
2024-09-30 09:00:00+00:00,142.532,142.57,142.499,142.507,1838.91
2024-09-30 09:05:00+00:00,142.51,142.519,142.464,142.494,1817.97
2024-09-30 09:10:00+00:00,142.493,142.522,142.472,142.472,646.59
2024-09-30 09:15:00+00:00,142.471,142.549,142.45,142.544,1351.2
2024-09-30 09:20:00+00:00,142.546,142.57,142.467,142.491,1820.79
2024-09-30 09:25:00+00:00,142.495,142.547,142.494,142.529,2387.02
2024-09-30 09:30:00+00:00,142.53,142.547,142.507,142.541,1478.96
2024-09-30 09:35:00+00:00,142.542,142.583,142.519,142.577,2332.27
2024-09-30 09:40:00+00:00,142.578,142.6,142.508,142.511,1801.95
2024-09-30 09:45:00+00:00,142.513,142.528,142.457,142.467,1910.25
2024-09-30 09:50:00+00:00,142.466,142.513,142.464,142.477,1494.36
2024-09-30 09:55:00+00:00,142.48,142.572,142.454,142.53,2464.02
2024-09-30 10:00:00+00:00,142.53,142.605,142.53,142.589,2319.96
2024-09-30 10:05:00+00:00,142.589,142.6,142.558,142.568,1487.55
2024-09-30 10:10:00+00:00,142.572,142.646,142.567,142.642,1139.9
2024-09-30 10:15:00+00:00,142.644,142.735,142.638,142.71,1453.18
2024-09-30 10:20:00+00:00,142.711,142.747,142.696,142.709,2097.66
2024-09-30 10:25:00+00:00,142.711,142.746,142.71,142.72,1514.41
2024-09-30 10:30:00+00:00,142.723,142.798,142.707,142.771,2107.32
2024-09-30 10:35:00+00:00,142.773,142.773,142.647,142.676,1841.76
2024-09-30 10:40:00+00:00,142.679,142.695,142.646,142.69,2228.55
2024-09-30 10:45:00+00:00,142.688,142.694,142.655,142.669,2704.2
2024-09-30 10:50:00+00:00,142.67,142.681,142.569,142.577,2196.85
2024-09-30 10:55:00+00:00,142.578,142.616,142.578,142.602,1482.84
2024-09-30 11:00:00+00:00,142.602,142.611,142.528,142.562,1515.63
2024-09-30 11:05:00+00:00,142.563,142.568,142.505,142.554,2230.26
2024-09-30 11:10:00+00:00,142.555,142.561,142.45,142.483,1999.68
2024-09-30 11:15:00+00:00,142.484,142.546,142.473,142.534,1968.27
2024-09-30 11:20:00+00:00,142.535,142.55,142.465,142.476,1238.64
2024-09-30 11:25:00+00:00,142.48,142.492,142.411,142.433,2175.21
2024-09-30 11:30:00+00:00,142.434,142.463,142.412,142.445,2099.7
2024-09-30 11:35:00+00:00,142.445,142.477,142.404,142.467,2023.11
2024-09-30 11:40:00+00:00,142.466,142.545,142.443,142.529,2132.52
2024-09-30 11:45:00+00:00,142.529,142.554,142.484,142.486,1739.52
2024-09-30 11:50:00+00:00,142.489,142.551,142.489,142.538,1310.04
2024-09-30 11:55:00+00:00,142.536,142.563,142.478,142.556,2338.38
2024-09-30 12:00:00+00:00,142.555,142.673,142.542,142.662,2297.22
2024-09-30 12:05:00+00:00,142.663,142.759,142.647,142.742,2908.28
2024-09-30 12:10:00+00:00,142.743,142.767,142.678,142.716,2312.25
2024-09-30 12:15:00+00:00,142.717,142.844,142.686,142.829,3008.79
2024-09-30 12:20:00+00:00,142.83,142.832,142.705,142.706,3122.72
2024-09-30 12:25:00+00:00,142.706,142.861,142.699,142.812,3159.45
2024-09-30 12:30:00+00:00,142.811,142.889,142.806,142.848,2538.57
2024-09-30 12:35:00+00:00,142.846,142.869,142.807,142.859,1448.58
2024-09-30 12:40:00+00:00,142.861,142.872,142.795,142.816,1196.46
2024-09-30 12:45:00+00:00,142.817,142.912,142.816,142.902,1987.74
2024-09-30 12:50:00+00:00,142.904,142.998,142.885,142.959,3000.33
2024-09-30 12:55:00+00:00,142.954,142.967,142.898,142.944,2566.41
2024-09-30 13:00:00+00:00,142.947,142.973,142.848,142.895,2844.24
2024-09-30 13:05:00+00:00,142.894,142.901,142.785,142.825,2504.37
2024-09-30 13:10:00+00:00,142.825,142.89,142.777,142.864,2105.01
2024-09-30 13:15:00+00:00,142.863,142.869,142.744,142.799,1781.1
2024-09-30 13:20:00+00:00,142.799,142.881,142.794,142.856,2095.92
2024-09-30 13:25:00+00:00,142.846,142.871,142.774,142.803,2229.48
2024-09-30 13:30:00+00:00,142.803,142.947,142.789,142.92,3805.62
2024-09-30 13:35:00+00:00,142.919,142.946,142.858,142.919,3186.12
2024-09-30 13:40:00+00:00,142.921,142.974,142.897,142.968,2813.41
2024-09-30 13:45:00+00:00,142.991,143.142,142.976,143.008,5172.08
2024-09-30 13:50:00+00:00,143.011,143.065,142.956,143.061,3874.95
2024-09-30 13:55:00+00:00,143.06,143.125,143.045,143.124,3904.63
2024-09-30 14:00:00+00:00,143.122,143.19,143.053,143.16,5360.64
2024-09-30 14:05:00+00:00,143.16,143.16,143.022,143.086,4139.51
2024-09-30 14:10:00+00:00,143.087,143.089,142.95,142.957,3800.73
2024-09-30 14:15:00+00:00,142.957,143.031,142.907,142.977,3752.33
2024-09-30 14:20:00+00:00,142.982,142.983,142.855,142.888,4033.91
2024-09-30 14:25:00+00:00,142.888,142.987,142.886,142.928,3956.95
2024-09-30 14:30:00+00:00,142.928,143.046,142.858,142.894,3830.37
2024-09-30 14:35:00+00:00,142.9,142.907,142.824,142.835,3206.79
2024-09-30 14:40:00+00:00,142.837,142.968,142.821,142.941,4010.13
2024-09-30 14:45:00+00:00,142.941,143.09,142.927,143.036,4871.27
2024-09-30 14:50:00+00:00,143.028,143.063,142.949,143.017,4869.84
2024-09-30 14:55:00+00:00,143.018,143.045,142.916,143.032,6170.48
2024-09-30 15:00:00+00:00,143.033,143.125,142.993,143.122,4170.95
