datetime_utc,open,high,low,close,volume
2025-02-28 15:00:00+00:00,150.683,150.729,150.505,150.611,3369.27
2025-02-28 15:05:00+00:00,150.61,150.63,150.507,150.625,3506.41
2025-02-28 15:10:00+00:00,150.624,150.763,150.559,150.736,3138.22
2025-02-28 15:15:00+00:00,150.734,150.832,150.724,150.758,3178.28
2025-02-28 15:20:00+00:00,150.758,150.854,150.741,150.814,2876.6
2025-02-28 15:25:00+00:00,150.813,150.853,150.756,150.792,2457.91
2025-02-28 15:30:00+00:00,150.791,150.846,150.75,150.752,2804.7
2025-02-28 15:35:00+00:00,150.752,150.752,150.64,150.646,2511.3
2025-02-28 15:40:00+00:00,150.645,150.793,150.621,150.789,2415.81
2025-02-28 15:45:00+00:00,150.786,150.859,150.748,150.804,2862.39
2025-02-28 15:50:00+00:00,150.805,150.861,150.734,150.833,3561.18
2025-02-28 15:55:00+00:00,150.832,150.832,150.605,150.679,3080.13
2025-02-28 16:00:00+00:00,150.683,150.79,150.661,150.664,2691.7
2025-02-28 16:05:00+00:00,150.663,150.667,150.457,150.531,2206.17
2025-02-28 16:10:00+00:00,150.532,150.551,150.438,150.453,3000.67
2025-02-28 16:15:00+00:00,150.451,150.458,150.242,150.363,3466.46
2025-02-28 16:20:00+00:00,150.363,150.435,150.298,150.315,2423.04
2025-02-28 16:25:00+00:00,150.314,150.36,150.233,150.314,2908.62
2025-02-28 16:30:00+00:00,150.311,150.453,150.261,150.439,3517.77
2025-02-28 16:35:00+00:00,150.439,150.502,150.391,150.486,2011.19
2025-02-28 16:40:00+00:00,150.486,150.588,150.48,150.531,2211.18
2025-02-28 16:45:00+00:00,150.534,150.633,150.514,150.617,2276.99
2025-02-28 16:50:00+00:00,150.618,150.623,150.531,150.587,1933.85
2025-02-28 16:55:00+00:00,150.587,150.654,150.558,150.639,2099.4
2025-02-28 17:00:00+00:00,150.639,150.682,150.503,150.505,2554.67
2025-02-28 17:05:00+00:00,150.504,150.53,150.474,150.498,1862.43
2025-02-28 17:10:00+00:00,150.497,150.518,150.451,150.494,1774.81
2025-02-28 17:15:00+00:00,150.493,150.533,150.476,150.498,1413.18
2025-02-28 17:20:00+00:00,150.496,150.546,150.475,150.498,1959.27
2025-02-28 17:25:00+00:00,150.5,150.512,150.45,150.472,1372.23
2025-02-28 17:30:00+00:00,150.474,150.564,150.464,150.553,1401.46
2025-02-28 17:35:00+00:00,150.551,150.564,150.514,150.527,1231.14
2025-02-28 17:40:00+00:00,150.528,150.567,150.451,150.491,1640.92
2025-02-28 17:45:00+00:00,150.494,150.506,150.346,150.348,1714.2
2025-02-28 17:50:00+00:00,150.348,150.461,150.332,150.448,2211.52
2025-02-28 17:55:00+00:00,150.447,150.447,150.338,150.363,1529.5
2025-02-28 18:00:00+00:00,150.363,150.434,150.33,150.355,1890.79
2025-02-28 18:05:00+00:00,150.354,150.379,150.324,150.348,1320.26
2025-02-28 18:10:00+00:00,150.347,150.384,150.287,150.332,1615.47
2025-02-28 18:15:00+00:00,150.333,150.366,150.239,150.313,2322.44
2025-02-28 18:20:00+00:00,150.315,150.402,150.291,150.333,5439.63
2025-02-28 18:25:00+00:00,150.334,150.497,150.299,150.475,3082.63
2025-02-28 18:30:00+00:00,150.479,150.521,150.454,150.514,1954.56
2025-02-28 18:35:00+00:00,150.519,150.543,150.489,150.49,2021.09
2025-02-28 18:40:00+00:00,150.49,150.509,150.416,150.439,1788.77
2025-02-28 18:45:00+00:00,150.44,150.45,150.339,150.363,1627.92
2025-02-28 18:50:00+00:00,150.362,150.474,150.339,150.418,1474.69
2025-02-28 18:55:00+00:00,150.417,150.436,150.313,150.326,2759.37
2025-02-28 19:00:00+00:00,150.326,150.407,150.303,150.369,2057.87
2025-02-28 19:05:00+00:00,150.37,150.471,150.368,150.447,2071.89
2025-02-28 19:10:00+00:00,150.447,150.454,150.383,150.387,1822.65
2025-02-28 19:15:00+00:00,150.387,150.486,150.377,150.482,950.86
2025-02-28 19:20:00+00:00,150.482,150.508,150.418,150.431,1837.11
2025-02-28 19:25:00+00:00,150.435,150.509,150.435,150.498,1491.24
2025-02-28 19:30:00+00:00,150.498,150.534,150.458,150.498,1408.03
2025-02-28 19:35:00+00:00,150.497,150.543,150.479,150.52,1116.9
2025-02-28 19:40:00+00:00,150.521,150.6,150.521,150.589,795.3
2025-02-28 19:45:00+00:00,150.59,150.593,150.541,150.553,878.58
2025-02-28 19:50:00+00:00,150.551,150.59,150.519,150.524,855.66
2025-02-28 19:55:00+00:00,150.527,150.563,150.52,150.54,1029.28
2025-02-28 20:00:00+00:00,150.543,150.595,150.532,150.589,1095.6
2025-02-28 20:05:00+00:00,150.591,150.622,150.582,150.597,507.03
2025-02-28 20:10:00+00:00,150.597,150.598,150.541,150.556,762.06
2025-02-28 20:15:00+00:00,150.556,150.566,150.528,150.53,662.37
2025-02-28 20:20:00+00:00,150.531,150.563,150.471,150.495,926.01
2025-02-28 20:25:00+00:00,150.497,150.589,150.482,150.576,730.41
2025-02-28 20:30:00+00:00,150.575,150.575,150.492,150.507,1201.8
2025-02-28 20:35:00+00:00,150.507,150.52,150.445,150.5,912.15
2025-02-28 20:40:00+00:00,150.504,150.518,150.439,150.449,851.31
2025-02-28 20:45:00+00:00,150.448,150.509,150.447,150.464,606.06
2025-02-28 20:50:00+00:00,150.466,150.554,150.462,150.534,1032.06
2025-02-28 20:55:00+00:00,150.535,150.601,150.46,150.507,1970.47
2025-02-28 21:00:00+00:00,150.507,150.545,150.482,150.544,878.44
2025-02-28 21:05:00+00:00,150.552,150.578,150.54,150.568,703.47
2025-02-28 21:10:00+00:00,150.568,150.568,150.516,150.538,383.76
2025-02-28 21:15:00+00:00,150.54,150.553,150.531,150.542,400.02
2025-02-28 21:20:00+00:00,150.543,150.57,150.54,150.566,429.9
2025-02-28 21:25:00+00:00,150.565,150.578,150.555,150.565,563.43
2025-02-28 21:30:00+00:00,150.564,150.591,150.561,150.576,339.48
2025-02-28 21:35:00+00:00,150.576,150.58,150.568,150.58,183.51
2025-02-28 21:40:00+00:00,150.578,150.609,150.578,150.586,334.5
2025-02-28 21:45:00+00:00,150.587,150.6,150.575,150.594,216.9
2025-02-28 21:50:00+00:00,150.595,150.618,150.574,150.574,496.5
2025-02-28 21:55:00+00:00,150.571,150.615,150.545,150.545,161.4
2025-03-02 22:00:00+00:00,150.644,150.644,150.637,150.637,6.0
2025-03-02 22:05:00+00:00,150.639,150.694,150.632,150.674,80.25
2025-03-02 22:10:00+00:00,150.675,150.711,150.645,150.699,69.75
2025-03-02 22:15:00+00:00,150.699,150.699,150.691,150.698,5.55
2025-03-02 22:20:00+00:00,150.705,150.705,150.699,150.699,3.6
2025-03-02 22:25:00+00:00,150.69,150.694,150.69,150.694,9.6
2025-03-02 22:30:00+00:00,150.694,150.722,150.683,150.721,90.0
2025-03-02 22:35:00+00:00,150.722,150.722,150.685,150.694,46.8
2025-03-02 22:40:00+00:00,150.693,150.707,150.693,150.699,61.8
2025-03-02 22:45:00+00:00,150.699,150.707,150.679,150.679,85.8
2025-03-02 22:50:00+00:00,150.682,150.718,150.66,150.7,136.2
2025-03-02 22:55:00+00:00,150.699,150.711,150.697,150.699,30.9
2025-03-02 23:00:00+00:00,150.703,150.827,150.699,150.803,821.4
2025-03-02 23:05:00+00:00,150.803,150.977,150.802,150.957,493.05
2025-03-02 23:10:00+00:00,150.956,150.981,150.914,150.957,1005.33
2025-03-02 23:15:00+00:00,150.957,150.983,150.884,150.899,856.62
2025-03-02 23:20:00+00:00,150.899,150.923,150.847,150.88,887.7
2025-03-02 23:25:00+00:00,150.88,150.97,150.88,150.947,700.68
2025-03-02 23:30:00+00:00,150.946,151.019,150.891,150.93,1159.65
2025-03-02 23:35:00+00:00,150.931,150.931,150.85,150.857,797.79
2025-03-02 23:40:00+00:00,150.859,150.873,150.784,150.811,608.37
2025-03-02 23:45:00+00:00,150.811,150.849,150.8,150.848,568.38
2025-03-02 23:50:00+00:00,150.847,150.847,150.754,150.764,834.63
2025-03-02 23:55:00+00:00,150.765,150.81,150.752,150.806,766.38
2025-03-03 00:00:00+00:00,150.807,150.945,150.75,150.814,1964.42
2025-03-03 00:05:00+00:00,150.814,150.837,150.714,150.714,1515.33
2025-03-03 00:10:00+00:00,150.714,150.716,150.658,150.666,1596.3
2025-03-03 00:15:00+00:00,150.664,150.691,150.535,150.588,1775.08
2025-03-03 00:20:00+00:00,150.587,150.63,150.555,150.575,1733.64
2025-03-03 00:25:00+00:00,150.575,150.631,150.546,150.586,2069.46
2025-03-03 00:30:00+00:00,150.585,150.634,150.556,150.613,1585.45
2025-03-03 00:35:00+00:00,150.612,150.612,150.542,150.581,1596.46
2025-03-03 00:40:00+00:00,150.584,150.652,150.557,150.592,1365.28
2025-03-03 00:45:00+00:00,150.597,150.68,150.589,150.677,1310.22
2025-03-03 00:50:00+00:00,150.676,150.687,150.496,150.509,1916.84
2025-03-03 00:55:00+00:00,150.514,150.574,150.489,150.541,2019.84
2025-03-03 01:00:00+00:00,150.542,150.643,150.429,150.595,1909.84
2025-03-03 01:05:00+00:00,150.596,150.719,150.587,150.631,1355.82
2025-03-03 01:10:00+00:00,150.629,150.674,150.611,150.672,1249.91
2025-03-03 01:15:00+00:00,150.674,150.694,150.642,150.643,1001.82
2025-03-03 01:20:00+00:00,150.644,150.682,150.608,150.682,1325.33
2025-03-03 01:25:00+00:00,150.681,150.697,150.626,150.664,1098.06
2025-03-03 01:30:00+00:00,150.666,150.667,150.5,150.514,1090.31
2025-03-03 01:35:00+00:00,150.513,150.571,150.419,150.436,1476.32
2025-03-03 01:40:00+00:00,150.437,150.465,150.336,150.351,1057.96
2025-03-03 01:45:00+00:00,150.349,150.423,150.345,150.362,1062.07
2025-03-03 01:50:00+00:00,150.362,150.399,150.314,150.353,1091.34
2025-03-03 01:55:00+00:00,150.353,150.413,150.343,150.406,1144.25
2025-03-03 02:00:00+00:00,150.406,150.441,150.369,150.43,1267.93
2025-03-03 02:05:00+00:00,150.43,150.43,150.284,150.302,1150.11
2025-03-03 02:10:00+00:00,150.305,150.346,150.279,150.343,1042.65
2025-03-03 02:15:00+00:00,150.344,150.379,150.301,150.347,1227.01
2025-03-03 02:20:00+00:00,150.347,150.347,150.273,150.289,1003.43
2025-03-03 02:25:00+00:00,150.291,150.349,150.266,150.339,911.73
2025-03-03 02:30:00+00:00,150.337,150.425,150.319,150.418,1182.72
2025-03-03 02:35:00+00:00,150.419,150.43,150.398,150.399,606.66
2025-03-03 02:40:00+00:00,150.401,150.473,150.399,150.447,618.42
2025-03-03 02:45:00+00:00,150.446,150.452,150.371,150.375,688.14
2025-03-03 02:50:00+00:00,150.375,150.44,150.375,150.431,455.14
2025-03-03 02:55:00+00:00,150.431,150.462,150.398,150.402,1152.3
2025-03-03 03:00:00+00:00,150.401,150.465,150.317,150.339,1362.46
2025-03-03 03:05:00+00:00,150.338,150.363,150.289,150.335,793.51
2025-03-03 03:10:00+00:00,150.332,150.375,150.285,150.367,862.48
2025-03-03 03:15:00+00:00,150.368,150.378,150.292,150.315,697.35
2025-03-03 03:20:00+00:00,150.316,150.345,150.243,150.286,1252.04
2025-03-03 03:25:00+00:00,150.286,150.316,150.25,150.271,1255.32
2025-03-03 03:30:00+00:00,150.271,150.347,150.26,150.343,971.7
2025-03-03 03:35:00+00:00,150.343,150.394,150.308,150.39,987.81
2025-03-03 03:40:00+00:00,150.392,150.404,150.355,150.356,741.24
2025-03-03 03:45:00+00:00,150.357,150.443,150.355,150.415,611.49
2025-03-03 03:50:00+00:00,150.415,150.486,150.415,150.439,785.06
2025-03-03 03:55:00+00:00,150.438,150.481,150.429,150.45,916.23
2025-03-03 04:00:00+00:00,150.45,150.484,150.432,150.474,1068.29
2025-03-03 04:05:00+00:00,150.475,150.514,150.466,150.471,777.58
2025-03-03 04:10:00+00:00,150.467,150.476,150.444,150.457,692.22
2025-03-03 04:15:00+00:00,150.457,150.467,150.411,150.424,956.73
2025-03-03 04:20:00+00:00,150.424,150.446,150.413,150.436,788.76
2025-03-03 04:25:00+00:00,150.435,150.471,150.419,150.442,726.37
2025-03-03 04:30:00+00:00,150.441,150.441,150.392,150.41,686.72
2025-03-03 04:35:00+00:00,150.411,150.414,150.384,150.396,603.98
2025-03-03 04:40:00+00:00,150.396,150.401,150.349,150.37,579.14
2025-03-03 04:45:00+00:00,150.37,150.406,150.353,150.381,764.1
2025-03-03 04:50:00+00:00,150.381,150.393,150.368,150.387,776.55
2025-03-03 04:55:00+00:00,150.386,150.387,150.32,150.335,503.37
2025-03-03 05:00:00+00:00,150.333,150.401,150.332,150.39,581.49
2025-03-03 05:05:00+00:00,150.391,150.4,150.363,150.377,510.24
2025-03-03 05:10:00+00:00,150.376,150.457,150.376,150.424,745.05
2025-03-03 05:15:00+00:00,150.422,150.489,150.42,150.482,640.39
2025-03-03 05:20:00+00:00,150.479,150.487,150.426,150.444,577.89
2025-03-03 05:25:00+00:00,150.444,150.513,150.444,150.502,633.25
2025-03-03 05:30:00+00:00,150.5,150.5,150.447,150.459,617.91
2025-03-03 05:35:00+00:00,150.458,150.518,150.456,150.479,672.72
2025-03-03 05:40:00+00:00,150.481,150.513,150.477,150.489,394.98
2025-03-03 05:45:00+00:00,150.491,150.528,150.444,150.459,384.19
2025-03-03 05:50:00+00:00,150.46,150.495,150.429,150.495,501.78
2025-03-03 05:55:00+00:00,150.5,150.502,150.408,150.408,724.04
2025-03-03 06:00:00+00:00,150.409,150.42,150.386,150.414,662.68
2025-03-03 06:05:00+00:00,150.415,150.417,150.306,150.35,664.06
2025-03-03 06:10:00+00:00,150.35,150.355,150.291,150.292,513.31
2025-03-03 06:15:00+00:00,150.292,150.335,150.292,150.321,535.05
2025-03-03 06:20:00+00:00,150.321,150.338,150.267,150.31,1161.81
2025-03-03 06:25:00+00:00,150.31,150.395,150.301,150.36,1113.09
2025-03-03 06:30:00+00:00,150.359,150.442,150.358,150.404,899.22
2025-03-03 06:35:00+00:00,150.405,150.453,150.405,150.45,965.58
2025-03-03 06:40:00+00:00,150.461,150.463,150.417,150.429,1014.72
2025-03-03 06:45:00+00:00,150.43,150.454,150.402,150.404,813.43
2025-03-03 06:50:00+00:00,150.406,150.499,150.406,150.471,1113.3
2025-03-03 06:55:00+00:00,150.47,150.523,150.454,150.46,637.71
2025-03-03 07:00:00+00:00,150.46,150.474,150.391,150.393,1715.13
2025-03-03 07:05:00+00:00,150.393,150.44,150.385,150.416,1349.93
2025-03-03 07:10:00+00:00,150.418,150.422,150.341,150.382,1468.99
2025-03-03 07:15:00+00:00,150.381,150.523,150.381,150.507,1128.9
2025-03-03 07:20:00+00:00,150.506,150.508,150.422,150.439,828.45
2025-03-03 07:25:00+00:00,150.439,150.445,150.338,150.345,987.67
2025-03-03 07:30:00+00:00,150.346,150.406,150.302,150.404,1134.04
2025-03-03 07:35:00+00:00,150.404,150.439,150.386,150.437,860.32
2025-03-03 07:40:00+00:00,150.436,150.437,150.307,150.403,884.43
2025-03-03 07:45:00+00:00,150.402,150.413,150.307,150.308,898.05
2025-03-03 07:50:00+00:00,150.309,150.334,150.24,150.245,1112.3
2025-03-03 07:55:00+00:00,150.247,150.251,150.149,150.168,1115.42
2025-03-03 08:00:00+00:00,150.168,150.181,150.043,150.083,1428.97
2025-03-03 08:05:00+00:00,150.084,150.224,150.082,150.212,1445.23
2025-03-03 08:10:00+00:00,150.213,150.24,150.179,150.22,1209.63
2025-03-03 08:15:00+00:00,150.215,150.222,150.085,150.106,1257.55
2025-03-03 08:20:00+00:00,150.105,150.132,150.058,150.067,1689.19
2025-03-03 08:25:00+00:00,150.067,150.126,150.025,150.049,1198.12
2025-03-03 08:30:00+00:00,150.05,150.097,150.032,150.081,1552.95
2025-03-03 08:35:00+00:00,150.082,150.119,150.054,150.088,1580.61
2025-03-03 08:40:00+00:00,150.086,150.178,150.063,150.176,1698.42
2025-03-03 08:45:00+00:00,150.176,150.203,150.138,150.149,958.29
2025-03-03 08:50:00+00:00,150.15,150.15,150.048,150.089,853.86
2025-03-03 08:55:00+00:00,150.09,150.174,150.089,150.11,1346.29
2025-03-03 09:00:00+00:00,150.112,150.131,150.063,150.075,1926.0
2025-03-03 09:05:00+00:00,150.076,150.076,149.977,149.983,1067.37
2025-03-03 09:10:00+00:00,149.984,150.004,149.945,149.951,1060.64
2025-03-03 09:15:00+00:00,149.953,150.1,149.946,150.091,854.07
2025-03-03 09:20:00+00:00,150.09,150.109,150.052,150.101,840.06
2025-03-03 09:25:00+00:00,150.103,150.129,150.077,150.123,674.31
2025-03-03 09:30:00+00:00,150.127,150.18,150.127,150.136,692.91
2025-03-03 09:35:00+00:00,150.14,150.248,150.14,150.216,1118.76
2025-03-03 09:40:00+00:00,150.218,150.249,150.207,150.234,793.57
2025-03-03 09:45:00+00:00,150.234,150.332,150.232,150.317,774.38
2025-03-03 09:50:00+00:00,150.317,150.367,150.31,150.333,636.04
2025-03-03 09:55:00+00:00,150.332,150.369,150.313,150.344,757.37
2025-03-03 10:00:00+00:00,150.343,150.442,150.342,150.396,1482.41
2025-03-03 10:05:00+00:00,150.397,150.427,150.356,150.398,1566.46
2025-03-03 10:10:00+00:00,150.397,150.443,150.377,150.406,1031.77
2025-03-03 10:15:00+00:00,150.406,150.48,150.405,150.44,1549.81
2025-03-03 10:20:00+00:00,150.44,150.508,150.439,150.474,1460.36
2025-03-03 10:25:00+00:00,150.471,150.571,150.457,150.561,1148.93
2025-03-03 10:30:00+00:00,150.56,150.595,150.56,150.588,458.51
2025-03-03 10:35:00+00:00,150.589,150.745,150.589,150.733,535.0
2025-03-03 10:40:00+00:00,150.732,150.865,150.732,150.843,864.0
2025-03-03 10:45:00+00:00,150.845,150.896,150.809,150.866,646.0
2025-03-03 10:50:00+00:00,150.862,150.863,150.794,150.807,600.0
2025-03-03 10:55:00+00:00,150.806,150.884,150.806,150.836,648.05
2025-03-03 11:00:00+00:00,150.835,150.926,150.833,150.897,821.64
2025-03-03 11:05:00+00:00,150.902,150.948,150.851,150.944,756.51
2025-03-03 11:10:00+00:00,150.945,150.964,150.868,150.872,987.86
2025-03-03 11:15:00+00:00,150.873,150.938,150.841,150.849,1198.75
2025-03-03 11:20:00+00:00,150.849,150.876,150.788,150.852,1343.92
2025-03-03 11:25:00+00:00,150.851,150.881,150.803,150.858,803.7
2025-03-03 11:30:00+00:00,150.858,150.907,150.844,150.884,849.53
2025-03-03 11:35:00+00:00,150.886,150.952,150.885,150.939,1191.08
2025-03-03 11:40:00+00:00,150.942,150.965,150.889,150.927,1364.28
2025-03-03 11:45:00+00:00,150.927,150.99,150.927,150.97,1403.23
2025-03-03 11:50:00+00:00,150.97,151.126,150.951,151.115,1618.64
2025-03-03 11:55:00+00:00,151.115,151.234,151.109,151.207,1816.09
2025-03-03 12:00:00+00:00,151.207,151.248,151.175,151.215,2098.34
2025-03-03 12:05:00+00:00,151.214,151.245,151.19,151.193,1248.64
2025-03-03 12:10:00+00:00,151.194,151.301,151.121,151.294,2163.54
2025-03-03 12:15:00+00:00,151.293,151.297,151.24,151.273,1492.04
2025-03-03 12:20:00+00:00,151.275,151.296,151.251,151.267,1445.96
2025-03-03 12:25:00+00:00,151.267,151.269,151.183,151.202,679.97
2025-03-03 12:30:00+00:00,151.203,151.238,151.124,151.134,1452.24
2025-03-03 12:35:00+00:00,151.134,151.173,151.113,151.143,961.83
2025-03-03 12:40:00+00:00,151.142,151.174,151.117,151.155,1221.7
2025-03-03 12:45:00+00:00,151.157,151.281,151.156,151.277,1177.24
2025-03-03 12:50:00+00:00,151.276,151.29,151.225,151.237,803.75
2025-03-03 12:55:00+00:00,151.239,151.3,151.219,151.236,1001.76
2025-03-03 13:00:00+00:00,151.236,151.284,151.202,151.252,1327.68
2025-03-03 13:05:00+00:00,151.253,151.297,151.226,151.296,1195.13
2025-03-03 13:10:00+00:00,151.296,151.296,151.21,151.239,1749.15
2025-03-03 13:15:00+00:00,151.241,151.291,151.169,151.215,1686.06
2025-03-03 13:20:00+00:00,151.214,151.219,151.108,151.189,1794.48
2025-03-03 13:25:00+00:00,151.192,151.194,151.086,151.101,2077.71
2025-03-03 13:30:00+00:00,151.102,151.103,151.006,151.023,2797.75
2025-03-03 13:35:00+00:00,151.023,151.088,151.017,151.062,2277.03
2025-03-03 13:40:00+00:00,151.063,151.071,151.005,151.048,1628.63
2025-03-03 13:45:00+00:00,151.046,151.075,150.992,151.017,1002.69
2025-03-03 13:50:00+00:00,151.016,151.037,150.939,150.945,1435.92
2025-03-03 13:55:00+00:00,150.948,151.002,150.94,150.966,1181.34
2025-03-03 14:00:00+00:00,150.968,150.971,150.877,150.921,1313.46
2025-03-03 14:05:00+00:00,150.922,150.939,150.885,150.921,983.43
2025-03-03 14:10:00+00:00,150.92,150.965,150.878,150.888,1136.97
2025-03-03 14:15:00+00:00,150.888,150.935,150.85,150.859,1281.62
2025-03-03 14:20:00+00:00,150.858,150.932,150.835,150.922,1256.13
2025-03-03 14:25:00+00:00,150.921,150.921,150.831,150.843,1083.72
2025-03-03 14:30:00+00:00,150.846,150.875,150.807,150.822,2016.83
2025-03-03 14:35:00+00:00,150.822,150.822,150.713,150.739,1753.63
2025-03-03 14:40:00+00:00,150.74,150.763,150.712,150.736,1572.18
2025-03-03 14:45:00+00:00,150.734,150.829,150.654,150.663,2188.56
2025-03-03 14:50:00+00:00,150.661,150.705,150.589,150.608,2533.29
2025-03-03 14:55:00+00:00,150.606,150.645,150.586,150.61,1616.31
2025-03-03 15:00:00+00:00,150.611,150.675,150.325,150.382,3408.72
2025-03-03 15:05:00+00:00,150.381,150.382,150.191,150.212,2904.64
2025-03-03 15:10:00+00:00,150.211,150.251,150.14,150.177,2532.87
2025-03-03 15:15:00+00:00,150.176,150.24,150.118,150.225,2491.74
2025-03-03 15:20:00+00:00,150.224,150.305,150.202,150.243,2296.77
2025-03-03 15:25:00+00:00,150.241,150.307,150.203,150.262,1857.6
2025-03-03 15:30:00+00:00,150.262,150.31,150.12,150.199,2803.59
2025-03-03 15:35:00+00:00,150.199,150.224,150.079,150.14,2058.67
2025-03-03 15:40:00+00:00,150.141,150.257,150.114,150.229,1751.44
2025-03-03 15:45:00+00:00,150.225,150.274,150.147,150.182,1680.19
2025-03-03 15:50:00+00:00,150.182,150.321,150.162,150.31,1854.82
2025-03-03 15:55:00+00:00,150.311,150.318,150.181,150.231,1828.38
2025-03-03 16:00:00+00:00,150.235,150.37,150.226,150.263,2276.24
2025-03-03 16:05:00+00:00,150.261,150.309,150.232,150.288,1819.5
2025-03-03 16:10:00+00:00,150.287,150.343,150.247,150.326,1716.14
2025-03-03 16:15:00+00:00,150.329,150.336,150.163,150.21,1793.83
2025-03-03 16:20:00+00:00,150.21,150.257,150.179,150.225,1585.28
2025-03-03 16:25:00+00:00,150.224,150.235,150.172,150.183,1659.35
2025-03-03 16:30:00+00:00,150.185,150.238,150.155,150.207,1940.76
2025-03-03 16:35:00+00:00,150.206,150.258,150.135,150.174,1714.69
2025-03-03 16:40:00+00:00,150.175,150.185,150.048,150.095,1489.04
2025-03-03 16:45:00+00:00,150.094,150.206,150.093,150.189,1374.08
2025-03-03 16:50:00+00:00,150.188,150.223,150.161,150.195,1081.97
2025-03-03 16:55:00+00:00,150.197,150.26,150.157,150.169,1129.7
2025-03-03 17:00:00+00:00,150.17,150.243,150.158,150.22,1123.24
2025-03-03 17:05:00+00:00,150.22,150.272,150.16,150.16,1027.25
2025-03-03 17:10:00+00:00,150.161,150.211,150.136,150.199,1006.75
2025-03-03 17:15:00+00:00,150.197,150.211,150.138,150.197,1205.65
2025-03-03 17:20:00+00:00,150.197,150.233,150.191,150.222,885.18
2025-03-03 17:25:00+00:00,150.22,150.231,150.163,150.22,1308.38
2025-03-03 17:30:00+00:00,150.22,150.25,150.207,150.234,1071.41
2025-03-03 17:35:00+00:00,150.234,150.283,150.217,150.258,1063.28
2025-03-03 17:40:00+00:00,150.256,150.336,150.233,150.235,959.07
2025-03-03 17:45:00+00:00,150.234,150.247,150.14,150.222,1269.99
2025-03-03 17:50:00+00:00,150.221,150.231,150.126,150.157,1016.87
2025-03-03 17:55:00+00:00,150.164,150.199,150.144,150.178,1195.86
2025-03-03 18:00:00+00:00,150.178,150.213,150.162,150.185,1134.87
2025-03-03 18:05:00+00:00,150.184,150.184,150.1,150.1,1109.02
2025-03-03 18:10:00+00:00,150.099,150.104,150.062,150.088,1467.61
2025-03-03 18:15:00+00:00,150.088,150.139,150.059,150.083,1238.03
2025-03-03 18:20:00+00:00,150.084,150.17,150.065,150.165,1062.63
2025-03-03 18:25:00+00:00,150.164,150.167,150.103,150.122,1326.0
2025-03-03 18:30:00+00:00,150.12,150.143,150.069,150.1,1581.36
2025-03-03 18:35:00+00:00,150.102,150.155,150.094,150.132,1461.49
2025-03-03 18:40:00+00:00,150.131,150.172,150.12,150.155,1403.72
2025-03-03 18:45:00+00:00,150.154,150.25,150.092,150.167,1954.62
2025-03-03 18:50:00+00:00,150.167,150.19,150.106,150.121,1609.18
2025-03-03 18:55:00+00:00,150.12,150.182,150.107,150.175,1343.88
2025-03-03 19:00:00+00:00,150.174,150.203,150.154,150.169,1581.44
2025-03-03 19:05:00+00:00,150.168,150.221,150.144,150.205,1495.23
2025-03-03 19:10:00+00:00,150.204,150.227,150.177,150.189,1557.09
2025-03-03 19:15:00+00:00,150.188,150.206,150.149,150.178,1725.19
2025-03-03 19:20:00+00:00,150.176,150.227,150.176,150.183,1132.9
2025-03-03 19:25:00+00:00,150.182,150.213,150.172,150.199,820.01
2025-03-03 19:30:00+00:00,150.199,150.26,150.196,150.241,1012.43
2025-03-03 19:35:00+00:00,150.24,150.266,150.223,150.265,1297.82
2025-03-03 19:40:00+00:00,150.264,150.303,150.252,150.269,1172.07
2025-03-03 19:45:00+00:00,150.269,150.269,150.215,150.219,1376.13
2025-03-03 19:50:00+00:00,150.219,150.241,150.137,150.169,2812.69
2025-03-03 19:55:00+00:00,150.171,150.267,150.139,150.25,2372.12
2025-03-03 20:00:00+00:00,150.251,150.259,150.051,150.058,2386.73
2025-03-03 20:05:00+00:00,150.063,150.07,149.625,149.706,4303.11
2025-03-03 20:10:00+00:00,149.71,149.738,149.534,149.551,3655.43
2025-03-03 20:15:00+00:00,149.552,149.579,149.378,149.392,2745.36
2025-03-03 20:20:00+00:00,149.392,149.563,149.334,149.535,2808.4
2025-03-03 20:25:00+00:00,149.535,149.575,149.426,149.438,2290.66
2025-03-03 20:30:00+00:00,149.432,149.505,149.362,149.374,2191.89
2025-03-03 20:35:00+00:00,149.371,149.373,149.232,149.235,2342.37
2025-03-03 20:40:00+00:00,149.233,149.233,149.097,149.137,2206.47
2025-03-03 20:45:00+00:00,149.139,149.318,149.138,149.258,2027.78
2025-03-03 20:50:00+00:00,149.257,149.398,149.242,149.343,2585.16
2025-03-03 20:55:00+00:00,149.342,149.45,149.325,149.417,1735.83
2025-03-03 21:00:00+00:00,149.417,149.523,149.416,149.472,922.56
2025-03-03 21:05:00+00:00,149.472,149.527,149.445,149.495,874.55
2025-03-03 21:10:00+00:00,149.494,149.587,149.492,149.549,652.83
2025-03-03 21:15:00+00:00,149.549,149.605,149.532,149.581,480.5
2025-03-03 21:20:00+00:00,149.582,149.625,149.558,149.581,580.54
2025-03-03 21:25:00+00:00,149.581,149.608,149.546,149.548,577.61
2025-03-03 21:30:00+00:00,149.547,149.551,149.49,149.502,619.63
2025-03-03 21:35:00+00:00,149.503,149.551,149.496,149.499,453.07
2025-03-03 21:40:00+00:00,149.499,149.502,149.46,149.465,682.87
2025-03-03 21:45:00+00:00,149.464,149.479,149.417,149.441,828.55
2025-03-03 21:50:00+00:00,149.442,149.491,149.439,149.486,606.12
2025-03-03 21:55:00+00:00,149.487,149.52,149.486,149.494,1009.56
2025-03-03 22:00:00+00:00,149.487,149.502,149.479,149.502,14.1
2025-03-03 22:05:00+00:00,149.503,149.558,149.489,149.558,38.4
2025-03-03 22:10:00+00:00,149.557,149.581,149.541,149.565,36.6
2025-03-03 22:15:00+00:00,149.564,149.567,149.52,149.52,30.0
2025-03-03 22:20:00+00:00,149.52,149.54,149.517,149.536,59.4
2025-03-03 22:25:00+00:00,149.537,149.537,149.519,149.519,64.5
2025-03-03 22:30:00+00:00,149.511,149.59,149.508,149.589,49.78
2025-03-03 22:35:00+00:00,149.589,149.589,149.549,149.576,115.68
2025-03-03 22:40:00+00:00,149.576,149.576,149.518,149.527,128.4
2025-03-03 22:45:00+00:00,149.53,149.573,149.508,149.573,193.5
2025-03-03 22:50:00+00:00,149.574,149.615,149.537,149.596,177.72
2025-03-03 22:55:00+00:00,149.597,149.6,149.546,149.563,508.8
2025-03-03 23:00:00+00:00,149.563,149.623,149.413,149.419,632.09
2025-03-03 23:05:00+00:00,149.42,149.453,149.324,149.386,589.91
2025-03-03 23:10:00+00:00,149.385,149.451,149.35,149.44,451.79
2025-03-03 23:15:00+00:00,149.452,149.498,149.416,149.476,618.59
2025-03-03 23:20:00+00:00,149.475,149.475,149.269,149.337,890.34
2025-03-03 23:25:00+00:00,149.336,149.416,149.33,149.332,944.96
2025-03-03 23:30:00+00:00,149.331,149.362,149.302,149.322,498.37
2025-03-03 23:35:00+00:00,149.32,149.322,149.248,149.297,524.21
2025-03-03 23:40:00+00:00,149.308,149.308,149.191,149.233,590.5
2025-03-03 23:45:00+00:00,149.237,149.282,149.143,149.188,702.49
2025-03-03 23:50:00+00:00,149.186,149.273,149.151,149.24,1040.42
2025-03-03 23:55:00+00:00,149.241,149.364,149.222,149.306,1432.26
2025-03-04 00:00:00+00:00,149.317,149.529,149.307,149.391,1751.96
2025-03-04 00:05:00+00:00,149.39,149.427,149.247,149.251,1473.83
2025-03-04 00:10:00+00:00,149.251,149.297,149.214,149.285,1160.21
2025-03-04 00:15:00+00:00,149.285,149.49,149.23,149.46,1924.39
2025-03-04 00:20:00+00:00,149.46,149.469,149.342,149.442,1615.38
2025-03-04 00:25:00+00:00,149.441,149.441,149.247,149.31,1216.17
2025-03-04 00:30:00+00:00,149.311,149.352,149.216,149.249,1416.0
2025-03-04 00:35:00+00:00,149.249,149.332,149.244,149.25,1457.31
2025-03-04 00:40:00+00:00,149.249,149.25,149.006,149.027,1836.64
2025-03-04 00:45:00+00:00,149.027,149.119,148.978,149.119,1972.73
2025-03-04 00:50:00+00:00,149.119,149.251,149.086,149.188,3194.14
2025-03-04 00:55:00+00:00,149.193,149.195,149.07,149.15,2063.64
2025-03-04 01:00:00+00:00,149.15,149.257,149.122,149.148,2156.1
2025-03-04 01:05:00+00:00,149.147,149.16,149.028,149.031,1994.24
2025-03-04 01:10:00+00:00,149.032,149.033,148.816,148.823,2337.63
2025-03-04 01:15:00+00:00,148.825,148.855,148.795,148.811,2335.85
2025-03-04 01:20:00+00:00,148.813,148.872,148.771,148.831,2327.62
2025-03-04 01:25:00+00:00,148.831,148.843,148.696,148.734,1815.26
2025-03-04 01:30:00+00:00,148.737,148.758,148.595,148.658,2271.26
2025-03-04 01:35:00+00:00,148.657,148.798,148.605,148.746,2156.01
2025-03-04 01:40:00+00:00,148.747,148.867,148.743,148.788,1655.86
2025-03-04 01:45:00+00:00,148.788,148.887,148.788,148.872,1785.77
2025-03-04 01:50:00+00:00,148.873,148.91,148.848,148.899,1674.54
2025-03-04 01:55:00+00:00,148.899,149.021,148.888,148.932,1781.03
2025-03-04 02:00:00+00:00,148.932,148.985,148.892,148.907,1745.91
2025-03-04 02:05:00+00:00,148.907,149.056,148.837,149.039,1761.37
2025-03-04 02:10:00+00:00,149.04,149.156,149.034,149.131,1736.75
2025-03-04 02:15:00+00:00,149.132,149.216,149.129,149.187,1200.84
2025-03-04 02:20:00+00:00,149.187,149.234,149.138,149.152,1340.25
2025-03-04 02:25:00+00:00,149.151,149.194,149.133,149.152,1205.28
2025-03-04 02:30:00+00:00,149.151,149.216,149.133,149.214,1251.24
2025-03-04 02:35:00+00:00,149.213,149.362,149.21,149.329,1353.24
2025-03-04 02:40:00+00:00,149.328,149.332,149.251,149.251,1417.68
2025-03-04 02:45:00+00:00,149.251,149.329,149.24,149.293,1112.49
2025-03-04 02:50:00+00:00,149.293,149.397,149.291,149.388,1199.89
2025-03-04 02:55:00+00:00,149.389,149.419,149.294,149.294,1277.25
2025-03-04 03:00:00+00:00,149.299,149.299,149.182,149.195,1161.51
2025-03-04 03:05:00+00:00,149.199,149.229,149.175,149.183,1123.43
2025-03-04 03:10:00+00:00,149.185,149.282,149.159,149.233,1619.95
2025-03-04 03:15:00+00:00,149.237,149.344,149.209,149.31,1778.63
2025-03-04 03:20:00+00:00,149.308,149.32,149.191,149.209,1487.86
2025-03-04 03:25:00+00:00,149.207,149.26,149.178,149.256,921.34
2025-03-04 03:30:00+00:00,149.261,149.265,149.185,149.205,1257.34
2025-03-04 03:35:00+00:00,149.205,149.279,149.152,149.203,1276.43
2025-03-04 03:40:00+00:00,149.203,149.205,149.07,149.132,1683.32
2025-03-04 03:45:00+00:00,149.133,149.144,149.07,149.071,1094.68
2025-03-04 03:50:00+00:00,149.073,149.126,149.029,149.124,1137.54
2025-03-04 03:55:00+00:00,149.124,149.188,149.089,149.161,1162.38
2025-03-04 04:00:00+00:00,149.162,149.172,149.059,149.107,1425.39
2025-03-04 04:05:00+00:00,149.107,149.122,149.036,149.04,958.52
2025-03-04 04:10:00+00:00,149.042,149.058,148.982,148.995,970.47
2025-03-04 04:15:00+00:00,148.993,149.036,148.979,148.983,688.37
2025-03-04 04:20:00+00:00,148.982,149.102,148.955,149.063,958.44
2025-03-04 04:25:00+00:00,149.063,149.087,149.054,149.072,781.74
2025-03-04 04:30:00+00:00,149.073,149.113,149.037,149.077,941.19
2025-03-04 04:35:00+00:00,149.078,149.081,148.925,148.965,1149.24
2025-03-04 04:40:00+00:00,148.964,149.026,148.957,149.016,1284.63
2025-03-04 04:45:00+00:00,149.014,149.123,148.997,149.121,1169.7
2025-03-04 04:50:00+00:00,149.121,149.155,149.107,149.115,968.08
2025-03-04 04:55:00+00:00,149.115,149.174,149.092,149.14,751.56
2025-03-04 05:00:00+00:00,149.141,149.275,149.091,149.248,2660.82
2025-03-04 05:05:00+00:00,149.239,149.319,149.225,149.228,1948.21
2025-03-04 05:10:00+00:00,149.228,149.228,149.14,149.142,1598.61
2025-03-04 05:15:00+00:00,149.142,149.278,149.124,149.274,1442.01
2025-03-04 05:20:00+00:00,149.275,149.371,149.258,149.326,1544.43
2025-03-04 05:25:00+00:00,149.333,149.391,149.328,149.36,1148.95
2025-03-04 05:30:00+00:00,149.36,149.461,149.33,149.454,1106.85
2025-03-04 05:35:00+00:00,149.453,149.454,149.305,149.341,1195.26
2025-03-04 05:40:00+00:00,149.341,149.355,149.297,149.323,1286.76
2025-03-04 05:45:00+00:00,149.321,149.371,149.276,149.326,1208.68
2025-03-04 05:50:00+00:00,149.327,149.367,149.28,149.361,1281.63
2025-03-04 05:55:00+00:00,149.36,149.417,149.339,149.381,1156.36
2025-03-04 06:00:00+00:00,149.381,149.408,149.315,149.326,1105.07
2025-03-04 06:05:00+00:00,149.325,149.374,149.295,149.317,902.51
2025-03-04 06:10:00+00:00,149.313,149.353,149.271,149.33,862.02
2025-03-04 06:15:00+00:00,149.333,149.339,149.292,149.339,816.81
2025-03-04 06:20:00+00:00,149.34,149.354,149.295,149.324,964.62
2025-03-04 06:25:00+00:00,149.325,149.432,149.311,149.366,1378.25
2025-03-04 06:30:00+00:00,149.366,149.45,149.361,149.415,1331.41
2025-03-04 06:35:00+00:00,149.414,149.45,149.335,149.351,1013.37
2025-03-04 06:40:00+00:00,149.35,149.396,149.335,149.383,987.84
2025-03-04 06:45:00+00:00,149.384,149.484,149.352,149.484,810.24
2025-03-04 06:50:00+00:00,149.483,149.544,149.463,149.524,1269.27
2025-03-04 06:55:00+00:00,149.524,149.56,149.507,149.529,1115.28
2025-03-04 07:00:00+00:00,149.529,149.53,149.328,149.345,1888.11
2025-03-04 07:05:00+00:00,149.342,149.375,149.215,149.238,1943.38
2025-03-04 07:10:00+00:00,149.24,149.276,149.207,149.218,2302.74
2025-03-04 07:15:00+00:00,149.218,149.221,149.158,149.195,1876.48
2025-03-04 07:20:00+00:00,149.195,149.219,149.152,149.163,2534.7
2025-03-04 07:25:00+00:00,149.162,149.21,149.089,149.093,2212.74
2025-03-04 07:30:00+00:00,149.093,149.335,149.06,149.281,2371.88
2025-03-04 07:35:00+00:00,149.28,149.507,149.276,149.506,2361.2
2025-03-04 07:40:00+00:00,149.507,149.574,149.467,149.476,2310.96
2025-03-04 07:45:00+00:00,149.478,149.48,149.334,149.349,2098.69
2025-03-04 07:50:00+00:00,149.349,149.395,149.29,149.293,1932.57
2025-03-04 07:55:00+00:00,149.292,149.364,149.262,149.345,2389.4
2025-03-04 08:00:00+00:00,149.345,149.391,149.15,149.165,3177.82
2025-03-04 08:05:00+00:00,149.164,149.216,149.0,149.043,2683.96
2025-03-04 08:10:00+00:00,149.042,149.109,148.999,149.104,2714.34
2025-03-04 08:15:00+00:00,149.11,149.137,149.031,149.065,2686.97
2025-03-04 08:20:00+00:00,149.065,149.208,149.051,149.149,2109.55
2025-03-04 08:25:00+00:00,149.15,149.244,149.112,149.15,2634.76
2025-03-04 08:30:00+00:00,149.149,149.423,149.149,149.336,3126.07
2025-03-04 08:35:00+00:00,149.335,149.452,149.313,149.381,2766.93
2025-03-04 08:40:00+00:00,149.38,149.394,149.283,149.356,2892.79
2025-03-04 08:45:00+00:00,149.355,149.359,149.214,149.221,2824.98
2025-03-04 08:50:00+00:00,149.223,149.228,149.103,149.137,2282.89
2025-03-04 08:55:00+00:00,149.136,149.165,149.077,149.088,2083.72
2025-03-04 09:00:00+00:00,149.086,149.141,149.039,149.086,2492.59
2025-03-04 09:05:00+00:00,149.085,149.133,149.031,149.128,2367.17
2025-03-04 09:10:00+00:00,149.128,149.148,148.993,149.013,2478.29
2025-03-04 09:15:00+00:00,149.011,149.016,148.94,148.964,2119.32
2025-03-04 09:20:00+00:00,148.968,149.029,148.892,148.899,2026.57
2025-03-04 09:25:00+00:00,148.901,148.911,148.823,148.84,1872.87
2025-03-04 09:30:00+00:00,148.84,148.877,148.796,148.84,1473.11
2025-03-04 09:35:00+00:00,148.839,148.901,148.796,148.883,1467.55
2025-03-04 09:40:00+00:00,148.881,148.986,148.861,148.968,1901.75
2025-03-04 09:45:00+00:00,148.967,148.99,148.888,148.919,1561.43
2025-03-04 09:50:00+00:00,148.919,148.957,148.898,148.94,1392.98
2025-03-04 09:55:00+00:00,148.943,149.073,148.902,149.046,1537.05
2025-03-04 10:00:00+00:00,149.046,149.046,148.865,148.969,1763.44
2025-03-04 10:05:00+00:00,148.971,149.027,148.969,148.978,1820.74
2025-03-04 10:10:00+00:00,148.977,149.016,148.92,148.922,1771.27
2025-03-04 10:15:00+00:00,148.923,149.017,148.907,148.966,1673.89
2025-03-04 10:20:00+00:00,148.967,148.981,148.892,148.907,1542.08
2025-03-04 10:25:00+00:00,148.907,148.951,148.829,148.835,1381.17
2025-03-04 10:30:00+00:00,148.834,148.875,148.789,148.819,1589.04
2025-03-04 10:35:00+00:00,148.819,148.826,148.788,148.791,1292.57
2025-03-04 10:40:00+00:00,148.791,148.811,148.76,148.776,1337.08
2025-03-04 10:45:00+00:00,148.777,148.858,148.765,148.84,1588.88
2025-03-04 10:50:00+00:00,148.84,148.895,148.834,148.885,1258.45
2025-03-04 10:55:00+00:00,148.882,148.882,148.795,148.798,1296.49
2025-03-04 11:00:00+00:00,148.796,148.833,148.762,148.766,1476.8
2025-03-04 11:05:00+00:00,148.767,148.822,148.763,148.772,1248.46
2025-03-04 11:10:00+00:00,148.77,148.799,148.762,148.764,1417.17
2025-03-04 11:15:00+00:00,148.764,148.764,148.688,148.733,1162.77
2025-03-04 11:20:00+00:00,148.734,148.768,148.664,148.686,1255.65
2025-03-04 11:25:00+00:00,148.687,148.742,148.65,148.653,1657.72
2025-03-04 11:30:00+00:00,148.653,148.664,148.485,148.497,2075.83
2025-03-04 11:35:00+00:00,148.496,148.497,148.324,148.434,2249.12
2025-03-04 11:40:00+00:00,148.433,148.474,148.343,148.405,1599.51
2025-03-04 11:45:00+00:00,148.404,148.449,148.355,148.421,2022.76
2025-03-04 11:50:00+00:00,148.422,148.432,148.288,148.354,2204.11
2025-03-04 11:55:00+00:00,148.358,148.403,148.316,148.364,1554.15
2025-03-04 12:00:00+00:00,148.365,148.365,148.221,148.267,2100.52
2025-03-04 12:05:00+00:00,148.268,148.302,148.19,148.192,1550.49
2025-03-04 12:10:00+00:00,148.193,148.242,148.119,148.119,2238.63
2025-03-04 12:15:00+00:00,148.122,148.262,148.119,148.235,1741.61
2025-03-04 12:20:00+00:00,148.238,148.258,148.112,148.12,1793.9
2025-03-04 12:25:00+00:00,148.121,148.161,148.096,148.103,1976.75
2025-03-04 12:30:00+00:00,148.102,148.252,148.099,148.219,1814.97
2025-03-04 12:35:00+00:00,148.218,148.296,148.209,148.233,1398.4
2025-03-04 12:40:00+00:00,148.232,148.311,148.208,148.217,1701.5
2025-03-04 12:45:00+00:00,148.219,148.27,148.167,148.27,980.71
2025-03-04 12:50:00+00:00,148.267,148.301,148.192,148.194,1109.05
2025-03-04 12:55:00+00:00,148.189,148.23,148.139,148.23,1485.32
2025-03-04 13:00:00+00:00,148.228,148.326,148.197,148.284,1632.4
2025-03-04 13:05:00+00:00,148.283,148.351,148.238,148.238,1733.75
2025-03-04 13:10:00+00:00,148.237,148.381,148.224,148.352,1911.2
2025-03-04 13:15:00+00:00,148.352,148.388,148.302,148.304,2219.58
2025-03-04 13:20:00+00:00,148.306,148.5,148.288,148.449,1817.54
2025-03-04 13:25:00+00:00,148.448,148.491,148.415,148.425,1685.14
2025-03-04 13:30:00+00:00,148.424,148.45,148.367,148.434,1962.24
2025-03-04 13:35:00+00:00,148.434,148.476,148.405,148.475,2164.44
2025-03-04 13:40:00+00:00,148.473,148.561,148.455,148.459,2001.95
2025-03-04 13:45:00+00:00,148.459,148.518,148.361,148.364,1250.63
2025-03-04 13:50:00+00:00,148.363,148.376,148.279,148.296,1751.9
2025-03-04 13:55:00+00:00,148.293,148.298,148.183,148.206,1894.12
2025-03-04 14:00:00+00:00,148.207,148.404,148.199,148.354,2808.96
2025-03-04 14:05:00+00:00,148.352,148.458,148.332,148.441,2075.81
2025-03-04 14:10:00+00:00,148.444,148.639,148.444,148.638,2338.88
2025-03-04 14:15:00+00:00,148.636,148.648,148.551,148.558,2731.13
2025-03-04 14:20:00+00:00,148.555,148.624,148.508,148.604,2351.22
2025-03-04 14:25:00+00:00,148.599,148.655,148.482,148.496,2556.35
2025-03-04 14:30:00+00:00,148.492,148.531,148.363,148.435,3630.11
2025-03-04 14:35:00+00:00,148.436,148.706,148.417,148.588,3827.04
2025-03-04 14:40:00+00:00,148.588,148.682,148.434,148.469,3829.89
2025-03-04 14:45:00+00:00,148.468,148.666,148.458,148.571,4088.78
2025-03-04 14:50:00+00:00,148.571,148.598,148.459,148.495,3402.17
2025-03-04 14:55:00+00:00,148.494,148.587,148.422,148.429,3331.07
2025-03-04 15:00:00+00:00,148.429,148.429,148.277,148.344,3827.46
2025-03-04 15:05:00+00:00,148.344,148.358,148.197,148.204,2879.84
2025-03-04 15:10:00+00:00,148.204,148.379,148.195,148.344,2934.97
2025-03-04 15:15:00+00:00,148.344,148.344,148.212,148.237,3162.56
2025-03-04 15:20:00+00:00,148.242,148.316,148.196,148.245,4025.6
2025-03-04 15:25:00+00:00,148.247,148.409,148.21,148.323,3103.68
2025-03-04 15:30:00+00:00,148.322,148.566,148.308,148.504,3010.11
2025-03-04 15:35:00+00:00,148.503,148.611,148.463,148.474,2700.45
2025-03-04 15:40:00+00:00,148.472,148.583,148.411,148.531,2873.4
2025-03-04 15:45:00+00:00,148.533,148.574,148.444,148.503,3105.92
2025-03-04 15:50:00+00:00,148.503,148.524,148.326,148.358,2855.78
2025-03-04 15:55:00+00:00,148.358,148.403,148.284,148.35,3411.12
2025-03-04 16:00:00+00:00,148.35,148.421,148.305,148.307,3140.8
2025-03-04 16:05:00+00:00,148.306,148.377,148.301,148.366,2609.59
2025-03-04 16:10:00+00:00,148.375,148.504,148.343,148.479,2736.04
2025-03-04 16:15:00+00:00,148.478,148.55,148.463,148.491,1840.31
2025-03-04 16:20:00+00:00,148.489,148.54,148.438,148.458,2243.08
2025-03-04 16:25:00+00:00,148.457,148.525,148.44,148.49,2116.6
2025-03-04 16:30:00+00:00,148.485,148.595,148.472,148.559,2825.64
2025-03-04 16:35:00+00:00,148.556,148.645,148.542,148.633,2562.06
2025-03-04 16:40:00+00:00,148.632,148.754,148.626,148.753,2553.56
2025-03-04 16:45:00+00:00,148.753,148.858,148.727,148.838,2719.0
2025-03-04 16:50:00+00:00,148.837,148.86,148.819,148.835,1526.63
2025-03-04 16:55:00+00:00,148.836,148.836,148.789,148.812,1490.71
2025-03-04 17:00:00+00:00,148.813,148.833,148.719,148.764,1500.92
2025-03-04 17:05:00+00:00,148.763,148.782,148.696,148.742,1581.45
2025-03-04 17:10:00+00:00,148.743,148.815,148.742,148.811,1639.57
2025-03-04 17:15:00+00:00,148.811,148.859,148.81,148.849,1134.87
2025-03-04 17:20:00+00:00,148.849,148.891,148.83,148.846,1816.02
2025-03-04 17:25:00+00:00,148.847,148.915,148.831,148.887,2353.58
2025-03-04 17:30:00+00:00,148.886,148.886,148.773,148.83,1572.79
2025-03-04 17:35:00+00:00,148.831,148.851,148.786,148.809,1191.86
2025-03-04 17:40:00+00:00,148.809,148.823,148.725,148.758,2088.14
2025-03-04 17:45:00+00:00,148.757,148.839,148.733,148.797,1587.41
2025-03-04 17:50:00+00:00,148.797,148.805,148.688,148.756,2100.82
2025-03-04 17:55:00+00:00,148.756,148.765,148.698,148.74,2378.75
2025-03-04 18:00:00+00:00,148.742,148.852,148.701,148.817,2169.02
2025-03-04 18:05:00+00:00,148.817,148.924,148.798,148.896,2463.51
2025-03-04 18:10:00+00:00,148.895,148.947,148.831,148.942,3057.25
2025-03-04 18:15:00+00:00,148.94,148.952,148.811,148.902,1948.05
2025-03-04 18:20:00+00:00,148.908,148.954,148.879,148.953,2221.36
2025-03-04 18:25:00+00:00,148.953,148.991,148.93,148.969,1811.49
2025-03-04 18:30:00+00:00,148.968,148.977,148.888,148.944,1901.95
2025-03-04 18:35:00+00:00,148.943,148.976,148.901,148.952,1586.34
2025-03-04 18:40:00+00:00,148.953,149.005,148.916,148.928,2197.82
2025-03-04 18:45:00+00:00,148.928,149.05,148.927,148.996,2932.36
2025-03-04 18:50:00+00:00,148.999,149.121,148.953,149.095,2225.38
2025-03-04 18:55:00+00:00,149.094,149.13,149.086,149.092,1946.82
2025-03-04 19:00:00+00:00,149.092,149.148,149.061,149.09,3099.29
2025-03-04 19:05:00+00:00,149.089,149.255,149.047,149.198,2652.92
2025-03-04 19:10:00+00:00,149.199,149.215,149.144,149.209,1857.93
2025-03-04 19:15:00+00:00,149.212,149.225,149.131,149.151,1839.08
2025-03-04 19:20:00+00:00,149.157,149.254,149.147,149.212,1504.77
2025-03-04 19:25:00+00:00,149.212,149.229,149.168,149.176,1628.54
2025-03-04 19:30:00+00:00,149.18,149.181,149.07,149.091,2520.11
2025-03-04 19:35:00+00:00,149.091,149.253,149.091,149.25,1803.15
2025-03-04 19:40:00+00:00,149.248,149.281,149.225,149.262,1991.06
2025-03-04 19:45:00+00:00,149.261,149.32,149.204,149.215,2021.34
2025-03-04 19:50:00+00:00,149.217,149.312,149.217,149.298,1670.52
2025-03-04 19:55:00+00:00,149.309,149.368,149.309,149.315,1554.89
2025-03-04 20:00:00+00:00,149.315,149.318,149.199,149.227,1559.85
2025-03-04 20:05:00+00:00,149.226,149.274,149.21,149.23,1413.36
2025-03-04 20:10:00+00:00,149.23,149.29,149.214,149.288,1367.96
2025-03-04 20:15:00+00:00,149.289,149.448,149.286,149.443,1637.61
2025-03-04 20:20:00+00:00,149.443,149.511,149.398,149.481,1862.63
2025-03-04 20:25:00+00:00,149.481,149.495,149.39,149.413,1557.83
2025-03-04 20:30:00+00:00,149.414,149.42,149.259,149.289,2447.5
2025-03-04 20:35:00+00:00,149.292,149.318,149.185,149.185,2115.03
2025-03-04 20:40:00+00:00,149.185,149.207,149.142,149.177,1775.67
2025-03-04 20:45:00+00:00,149.177,149.229,149.161,149.168,1844.67
2025-03-04 20:50:00+00:00,149.164,149.164,149.037,149.084,1878.99
2025-03-04 20:55:00+00:00,149.086,149.105,149.008,149.099,1660.81
2025-03-04 21:00:00+00:00,149.099,149.125,149.042,149.074,1139.77
2025-03-04 21:05:00+00:00,149.077,149.212,149.077,149.2,1280.31
2025-03-04 21:10:00+00:00,149.201,149.388,149.176,149.366,1473.33
2025-03-04 21:15:00+00:00,149.366,149.639,149.319,149.639,1259.54
2025-03-04 21:20:00+00:00,149.641,149.802,149.605,149.654,3067.57
2025-03-04 21:25:00+00:00,149.653,149.784,149.653,149.693,1926.33
2025-03-04 21:30:00+00:00,149.694,149.757,149.659,149.745,1292.38
2025-03-04 21:35:00+00:00,149.746,149.797,149.667,149.672,1259.52
2025-03-04 21:40:00+00:00,149.675,149.75,149.662,149.74,951.24
2025-03-04 21:45:00+00:00,149.74,149.873,149.74,149.846,1053.78
2025-03-04 21:50:00+00:00,149.851,149.872,149.815,149.819,1375.23
2025-03-04 21:55:00+00:00,149.818,149.83,149.757,149.807,1658.46
2025-03-04 22:00:00+00:00,149.644,149.668,149.644,149.668,10.5
2025-03-04 22:05:00+00:00,149.668,149.73,149.668,149.73,42.6
2025-03-04 22:10:00+00:00,149.73,149.762,149.723,149.76,40.12
2025-03-04 22:15:00+00:00,149.763,149.787,149.759,149.759,65.6
2025-03-04 22:20:00+00:00,149.759,149.769,149.759,149.768,18.8
2025-03-04 22:25:00+00:00,149.77,149.778,149.762,149.762,35.1
2025-03-04 22:30:00+00:00,149.759,149.762,149.751,149.751,35.96
2025-03-04 22:35:00+00:00,149.754,149.756,149.653,149.674,277.33
2025-03-04 22:40:00+00:00,149.68,149.703,149.676,149.686,50.76
2025-03-04 22:45:00+00:00,149.689,149.719,149.658,149.696,129.51
2025-03-04 22:50:00+00:00,149.696,149.719,149.685,149.719,110.91
2025-03-04 22:55:00+00:00,149.716,149.744,149.661,149.735,481.95
2025-03-04 23:00:00+00:00,149.748,149.85,149.738,149.848,386.65
2025-03-04 23:05:00+00:00,149.848,149.944,149.831,149.944,457.35
2025-03-04 23:10:00+00:00,149.943,149.965,149.923,149.961,413.61
2025-03-04 23:15:00+00:00,149.961,149.97,149.889,149.896,349.35
2025-03-04 23:20:00+00:00,149.894,149.908,149.691,149.742,536.88
2025-03-04 23:25:00+00:00,149.743,149.812,149.737,149.766,681.2
2025-03-04 23:30:00+00:00,149.766,149.803,149.723,149.758,564.69
2025-03-04 23:35:00+00:00,149.754,149.791,149.715,149.779,494.34
2025-03-04 23:40:00+00:00,149.781,149.783,149.705,149.715,529.47
2025-03-04 23:45:00+00:00,149.715,149.72,149.642,149.659,866.67
2025-03-04 23:50:00+00:00,149.675,149.757,149.671,149.747,709.11
2025-03-04 23:55:00+00:00,149.746,149.84,149.688,149.827,1151.47
2025-03-05 00:00:00+00:00,149.824,149.852,149.659,149.673,1781.28
2025-03-05 00:05:00+00:00,149.672,149.718,149.647,149.692,1388.74
2025-03-05 00:10:00+00:00,149.694,149.838,149.694,149.838,1368.75
2025-03-05 00:15:00+00:00,149.841,149.841,149.596,149.648,1731.24
2025-03-05 00:20:00+00:00,149.647,149.702,149.629,149.665,1894.66
2025-03-05 00:25:00+00:00,149.664,149.762,149.577,149.714,1012.41
2025-03-05 00:30:00+00:00,149.718,149.814,149.686,149.711,1263.96
2025-03-05 00:35:00+00:00,149.708,149.711,149.603,149.645,1248.99
2025-03-05 00:40:00+00:00,149.644,149.782,149.626,149.776,1518.81
2025-03-05 00:45:00+00:00,149.777,149.879,149.775,149.822,1464.9
2025-03-05 00:50:00+00:00,149.822,149.922,149.791,149.803,2074.25
2025-03-05 00:55:00+00:00,149.8,149.917,149.788,149.915,1509.63
2025-03-05 01:00:00+00:00,149.916,149.949,149.83,149.889,1945.79
2025-03-05 01:05:00+00:00,149.887,149.947,149.841,149.941,1539.05
2025-03-05 01:10:00+00:00,149.939,149.949,149.782,149.783,1215.72
2025-03-05 01:15:00+00:00,149.787,149.901,149.784,149.863,1398.06
2025-03-05 01:20:00+00:00,149.863,150.069,149.822,150.021,2100.3
2025-03-05 01:25:00+00:00,150.02,150.181,150.02,150.128,2370.99
2025-03-05 01:30:00+00:00,150.128,150.133,149.888,149.969,2938.06
2025-03-05 01:35:00+00:00,149.973,150.039,149.863,150.004,1908.57
2025-03-05 01:40:00+00:00,150.007,150.18,150.004,150.16,1148.31
2025-03-05 01:45:00+00:00,150.161,150.182,150.076,150.076,1011.78
2025-03-05 01:50:00+00:00,150.074,150.117,150.022,150.051,1282.95
2025-03-05 01:55:00+00:00,150.06,150.121,149.973,149.974,1732.71
2025-03-05 02:00:00+00:00,149.971,150.002,149.864,149.927,1451.95
2025-03-05 02:05:00+00:00,149.928,149.952,149.866,149.882,1731.96
2025-03-05 02:10:00+00:00,149.883,149.884,149.817,149.872,1436.67
2025-03-05 02:15:00+00:00,149.872,149.881,149.782,149.809,1221.69
2025-03-05 02:20:00+00:00,149.81,149.947,149.791,149.906,1485.24
2025-03-05 02:25:00+00:00,149.906,149.925,149.85,149.858,1162.83
2025-03-05 02:30:00+00:00,149.859,149.865,149.745,149.768,1457.58
2025-03-05 02:35:00+00:00,149.77,149.874,149.765,149.851,1431.42
2025-03-05 02:40:00+00:00,149.851,149.871,149.79,149.828,1208.85
2025-03-05 02:45:00+00:00,149.829,149.913,149.813,149.904,917.97
2025-03-05 02:50:00+00:00,149.904,149.949,149.887,149.936,878.7
2025-03-05 02:55:00+00:00,149.952,149.955,149.826,149.826,1032.58
2025-03-05 03:00:00+00:00,149.825,149.846,149.709,149.794,1764.81
2025-03-05 03:05:00+00:00,149.793,149.931,149.778,149.927,1359.57
2025-03-05 03:10:00+00:00,149.921,149.997,149.917,149.981,1127.25
2025-03-05 03:15:00+00:00,149.984,150.061,149.979,150.027,1090.57
2025-03-05 03:20:00+00:00,150.026,150.034,149.973,150.032,1201.32
2025-03-05 03:25:00+00:00,150.033,150.067,149.982,150.012,1062.42
2025-03-05 03:30:00+00:00,150.011,150.095,149.989,150.054,1375.54
2025-03-05 03:35:00+00:00,150.051,150.06,150.013,150.041,1166.1
2025-03-05 03:40:00+00:00,150.038,150.073,149.99,150.027,1061.88
2025-03-05 03:45:00+00:00,150.028,150.045,149.932,149.95,1627.14
2025-03-05 03:50:00+00:00,149.951,149.984,149.919,149.938,1304.54
2025-03-05 03:55:00+00:00,149.938,150.014,149.938,149.971,770.14
2025-03-05 04:00:00+00:00,149.969,149.971,149.837,149.847,1211.49
2025-03-05 04:05:00+00:00,149.849,149.886,149.819,149.867,748.32
2025-03-05 04:10:00+00:00,149.867,149.868,149.815,149.823,501.84
2025-03-05 04:15:00+00:00,149.823,149.861,149.791,149.806,393.81
2025-03-05 04:20:00+00:00,149.811,149.82,149.75,149.755,520.89
2025-03-05 04:25:00+00:00,149.756,149.796,149.72,149.79,663.93
2025-03-05 04:30:00+00:00,149.79,149.824,149.711,149.716,730.53
2025-03-05 04:35:00+00:00,149.715,149.781,149.711,149.771,846.45
2025-03-05 04:40:00+00:00,149.772,149.784,149.719,149.72,684.63
2025-03-05 04:45:00+00:00,149.72,149.772,149.706,149.772,496.84
2025-03-05 04:50:00+00:00,149.772,149.811,149.741,149.811,687.0
2025-03-05 04:55:00+00:00,149.814,149.832,149.787,149.825,617.67
2025-03-05 05:00:00+00:00,149.825,149.825,149.787,149.791,674.88
2025-03-05 05:05:00+00:00,149.792,149.884,149.744,149.882,528.6
2025-03-05 05:10:00+00:00,149.883,149.893,149.812,149.813,717.06
2025-03-05 05:15:00+00:00,149.812,149.847,149.777,149.84,798.69
2025-03-05 05:20:00+00:00,149.842,149.856,149.767,149.82,912.6
2025-03-05 05:25:00+00:00,149.821,149.857,149.792,149.815,648.55
2025-03-05 05:30:00+00:00,149.815,149.815,149.726,149.767,797.42
2025-03-05 05:35:00+00:00,149.776,149.777,149.701,149.738,671.5
2025-03-05 05:40:00+00:00,149.737,149.781,149.724,149.757,645.58
2025-03-05 05:45:00+00:00,149.759,149.838,149.75,149.803,529.61
2025-03-05 05:50:00+00:00,149.804,149.843,149.793,149.832,673.11
2025-03-05 05:55:00+00:00,149.832,149.832,149.695,149.714,659.93
2025-03-05 06:00:00+00:00,149.712,149.714,149.621,149.701,1000.12
2025-03-05 06:05:00+00:00,149.698,149.749,149.69,149.71,471.54
2025-03-05 06:10:00+00:00,149.707,149.714,149.643,149.686,1136.25
2025-03-05 06:15:00+00:00,149.687,149.688,149.637,149.648,998.64
2025-03-05 06:20:00+00:00,149.649,149.651,149.602,149.638,866.04
2025-03-05 06:25:00+00:00,149.638,149.652,149.587,149.594,812.44
2025-03-05 06:30:00+00:00,149.598,149.664,149.567,149.662,1083.15
2025-03-05 06:35:00+00:00,149.662,149.687,149.63,149.645,677.94
2025-03-05 06:40:00+00:00,149.644,149.724,149.644,149.694,906.25
2025-03-05 06:45:00+00:00,149.698,149.724,149.662,149.721,603.81
2025-03-05 06:50:00+00:00,149.723,149.724,149.682,149.682,597.3
2025-03-05 06:55:00+00:00,149.682,149.732,149.655,149.684,674.58
2025-03-05 07:00:00+00:00,149.689,149.815,149.644,149.695,2136.9
2025-03-05 07:05:00+00:00,149.695,149.751,149.66,149.667,1707.57
2025-03-05 07:10:00+00:00,149.667,149.671,149.6,149.62,2219.84
2025-03-05 07:15:00+00:00,149.621,149.699,149.609,149.699,1998.75
2025-03-05 07:20:00+00:00,149.697,149.797,149.675,149.746,1861.44
2025-03-05 07:25:00+00:00,149.747,149.759,149.667,149.714,1423.89
2025-03-05 07:30:00+00:00,149.709,149.728,149.654,149.66,1632.14
2025-03-05 07:35:00+00:00,149.66,149.703,149.595,149.613,1613.79
2025-03-05 07:40:00+00:00,149.613,149.639,149.586,149.615,1978.78
2025-03-05 07:45:00+00:00,149.614,149.624,149.442,149.501,2168.72
2025-03-05 07:50:00+00:00,149.501,149.523,149.428,149.432,1869.39
2025-03-05 07:55:00+00:00,149.432,149.521,149.414,149.445,1897.05
2025-03-05 08:00:00+00:00,149.45,149.513,149.331,149.404,3161.06
2025-03-05 08:05:00+00:00,149.405,149.448,149.354,149.423,2911.01
2025-03-05 08:10:00+00:00,149.421,149.548,149.413,149.534,2382.77
2025-03-05 08:15:00+00:00,149.534,149.602,149.534,149.585,1939.31
2025-03-05 08:20:00+00:00,149.584,149.639,149.501,149.501,1924.31
2025-03-05 08:25:00+00:00,149.501,149.592,149.482,149.532,2052.24
2025-03-05 08:30:00+00:00,149.531,149.575,149.451,149.457,2209.14
2025-03-05 08:35:00+00:00,149.457,149.463,149.308,149.315,2100.19
2025-03-05 08:40:00+00:00,149.316,149.334,149.264,149.301,1753.22
2025-03-05 08:45:00+00:00,149.305,149.33,149.23,149.233,2111.05
2025-03-05 08:50:00+00:00,149.234,149.27,149.199,149.223,1619.22
2025-03-05 08:55:00+00:00,149.22,149.245,149.199,149.222,1869.42
2025-03-05 09:00:00+00:00,149.22,149.233,149.096,149.111,2368.56
2025-03-05 09:05:00+00:00,149.118,149.211,149.103,149.201,1556.31
2025-03-05 09:10:00+00:00,149.2,149.27,149.2,149.256,1129.62
2025-03-05 09:15:00+00:00,149.259,149.269,149.162,149.176,1560.21
2025-03-05 09:20:00+00:00,149.178,149.334,149.178,149.303,1400.49
2025-03-05 09:25:00+00:00,149.306,149.376,149.278,149.351,1118.22
2025-03-05 09:30:00+00:00,149.348,149.365,149.283,149.365,1557.9
2025-03-05 09:35:00+00:00,149.365,149.447,149.355,149.395,1486.92
2025-03-05 09:40:00+00:00,149.396,149.413,149.33,149.385,1624.2
2025-03-05 09:45:00+00:00,149.387,149.413,149.351,149.402,1173.78
2025-03-05 09:50:00+00:00,149.401,149.434,149.34,149.34,2666.19
2025-03-05 09:55:00+00:00,149.338,149.385,149.311,149.372,1539.82
2025-03-05 10:00:00+00:00,149.372,149.52,149.372,149.474,2001.83
2025-03-05 10:05:00+00:00,149.475,149.566,149.456,149.55,1164.71
2025-03-05 10:10:00+00:00,149.554,149.565,149.477,149.489,1488.08
2025-03-05 10:15:00+00:00,149.488,149.491,149.373,149.388,1565.46
2025-03-05 10:20:00+00:00,149.388,149.441,149.365,149.424,1114.05
2025-03-05 10:25:00+00:00,149.43,149.442,149.368,149.391,1382.11
2025-03-05 10:30:00+00:00,149.392,149.463,149.38,149.402,1344.89
2025-03-05 10:35:00+00:00,149.401,149.496,149.401,149.486,1169.95
2025-03-05 10:40:00+00:00,149.486,149.486,149.418,149.437,1230.12
2025-03-05 10:45:00+00:00,149.434,149.488,149.409,149.429,1323.9
2025-03-05 10:50:00+00:00,149.43,149.446,149.363,149.365,1015.71
2025-03-05 10:55:00+00:00,149.365,149.384,149.313,149.343,1278.24
2025-03-05 11:00:00+00:00,149.342,149.375,149.305,149.373,886.24
2025-03-05 11:05:00+00:00,149.373,149.403,149.373,149.383,1316.52
2025-03-05 11:10:00+00:00,149.383,149.423,149.352,149.398,1356.15
2025-03-05 11:15:00+00:00,149.396,149.425,149.345,149.372,2192.82
2025-03-05 11:20:00+00:00,149.373,149.422,149.352,149.422,2376.33
2025-03-05 11:25:00+00:00,149.422,149.543,149.413,149.511,1219.11
2025-03-05 11:30:00+00:00,149.512,149.54,149.464,149.464,1247.82
2025-03-05 11:35:00+00:00,149.463,149.487,149.428,149.479,1054.92
2025-03-05 11:40:00+00:00,149.477,149.478,149.392,149.432,854.68
2025-03-05 11:45:00+00:00,149.431,149.475,149.399,149.474,777.82
2025-03-05 11:50:00+00:00,149.48,149.498,149.289,149.342,1970.3
2025-03-05 11:55:00+00:00,149.343,149.408,149.326,149.395,1487.61
2025-03-05 12:00:00+00:00,149.4,149.471,149.353,149.369,1811.74
2025-03-05 12:05:00+00:00,149.37,149.39,149.303,149.322,1784.38
2025-03-05 12:10:00+00:00,149.322,149.363,149.24,149.255,1630.2
2025-03-05 12:15:00+00:00,149.255,149.288,149.21,149.27,1909.37
2025-03-05 12:20:00+00:00,149.271,149.292,149.155,149.246,1948.92
2025-03-05 12:25:00+00:00,149.247,149.285,149.234,149.275,1890.75
2025-03-05 12:30:00+00:00,149.275,149.376,149.27,149.351,2037.84
2025-03-05 12:35:00+00:00,149.354,149.416,149.329,149.389,1646.49
2025-03-05 12:40:00+00:00,149.389,149.414,149.341,149.397,1470.33
2025-03-05 12:45:00+00:00,149.397,149.402,149.32,149.375,1945.92
2025-03-05 12:50:00+00:00,149.375,149.488,149.36,149.439,2063.73
2025-03-05 12:55:00+00:00,149.437,149.511,149.433,149.51,1929.39
2025-03-05 13:00:00+00:00,149.51,149.737,149.51,149.714,4156.5
2025-03-05 13:05:00+00:00,149.713,149.713,149.622,149.69,4078.09
2025-03-05 13:10:00+00:00,149.691,149.731,149.644,149.649,2175.37
2025-03-05 13:15:00+00:00,149.65,149.65,149.309,149.371,3154.93
2025-03-05 13:20:00+00:00,149.372,149.372,149.255,149.294,2706.91
2025-03-05 13:25:00+00:00,149.301,149.321,149.148,149.178,3016.61
2025-03-05 13:30:00+00:00,149.183,149.195,149.047,149.125,3380.47
2025-03-05 13:35:00+00:00,149.124,149.167,149.06,149.073,3711.5
2025-03-05 13:40:00+00:00,149.072,149.182,149.072,149.169,3511.17
2025-03-05 13:45:00+00:00,149.169,149.197,148.991,149.007,3944.32
2025-03-05 13:50:00+00:00,149.007,149.033,148.948,148.955,3638.01
2025-03-05 13:55:00+00:00,148.955,149.029,148.935,149.017,3455.68
2025-03-05 14:00:00+00:00,149.018,149.026,148.836,148.847,2978.03
2025-03-05 14:05:00+00:00,148.843,148.92,148.794,148.822,2893.22
2025-03-05 14:10:00+00:00,148.822,148.85,148.763,148.817,2365.6
2025-03-05 14:15:00+00:00,148.817,148.926,148.817,148.88,2113.89
2025-03-05 14:20:00+00:00,148.88,148.88,148.804,148.814,2022.39
2025-03-05 14:25:00+00:00,148.813,148.858,148.688,148.725,2446.59
2025-03-05 14:30:00+00:00,148.725,148.768,148.621,148.742,4112.31
2025-03-05 14:35:00+00:00,148.74,148.756,148.57,148.605,3805.96
2025-03-05 14:40:00+00:00,148.608,148.631,148.563,148.618,2929.89
2025-03-05 14:45:00+00:00,148.618,148.728,148.539,148.592,3144.51
2025-03-05 14:50:00+00:00,148.596,148.652,148.501,148.508,3753.94
2025-03-05 14:55:00+00:00,148.507,148.508,148.392,148.392,2855.88
2025-03-05 15:00:00+00:00,148.392,148.961,148.392,148.878,5417.76
2025-03-05 15:05:00+00:00,148.877,149.104,148.833,148.963,5165.95
2025-03-05 15:10:00+00:00,148.965,148.996,148.841,148.891,4015.9
2025-03-05 15:15:00+00:00,148.897,148.903,148.707,148.741,4110.46
2025-03-05 15:20:00+00:00,148.743,148.773,148.566,148.566,4215.36
2025-03-05 15:25:00+00:00,148.569,148.589,148.45,148.464,4013.1
2025-03-05 15:30:00+00:00,148.465,148.587,148.422,148.57,3540.47
2025-03-05 15:35:00+00:00,148.568,148.667,148.512,148.632,3136.86
2025-03-05 15:40:00+00:00,148.637,148.702,148.575,148.656,4009.05
2025-03-05 15:45:00+00:00,148.654,148.814,148.648,148.81,3367.85
2025-03-05 15:50:00+00:00,148.809,148.984,148.756,148.972,3087.38
2025-03-05 15:55:00+00:00,148.974,149.101,148.903,148.913,3304.72
2025-03-05 16:00:00+00:00,148.912,148.922,148.743,148.788,2966.2
2025-03-05 16:05:00+00:00,148.789,148.81,148.57,148.574,2690.04
2025-03-05 16:10:00+00:00,148.575,148.631,148.519,148.605,2691.31
2025-03-05 16:15:00+00:00,148.605,148.695,148.569,148.685,1981.69
2025-03-05 16:20:00+00:00,148.692,148.749,148.6,148.648,2040.24
2025-03-05 16:25:00+00:00,148.646,148.654,148.472,148.586,2502.78
2025-03-05 16:30:00+00:00,148.585,148.665,148.548,148.587,2434.59
2025-03-05 16:35:00+00:00,148.588,148.698,148.538,148.651,2226.96
2025-03-05 16:40:00+00:00,148.648,148.65,148.474,148.507,2385.75
2025-03-05 16:45:00+00:00,148.511,148.627,148.509,148.611,2662.38
2025-03-05 16:50:00+00:00,148.612,148.62,148.477,148.524,2679.53
2025-03-05 16:55:00+00:00,148.522,148.98,148.494,148.826,4271.28
2025-03-05 17:00:00+00:00,148.828,148.903,148.633,148.675,4233.43
2025-03-05 17:05:00+00:00,148.676,148.727,148.645,148.718,2724.66
2025-03-05 17:10:00+00:00,148.716,148.755,148.668,148.717,2404.05
2025-03-05 17:15:00+00:00,148.721,148.829,148.702,148.787,2119.71
2025-03-05 17:20:00+00:00,148.788,148.799,148.676,148.695,2430.24
2025-03-05 17:25:00+00:00,148.701,148.712,148.637,148.67,1633.41
2025-03-05 17:30:00+00:00,148.669,148.722,148.634,148.715,2017.69
2025-03-05 17:35:00+00:00,148.717,148.729,148.648,148.705,1407.51
2025-03-05 17:40:00+00:00,148.703,148.724,148.649,148.712,1572.66
2025-03-05 17:45:00+00:00,148.712,148.735,148.661,148.727,1612.92
2025-03-05 17:50:00+00:00,148.733,148.91,148.712,148.866,2278.92
2025-03-05 17:55:00+00:00,148.867,148.923,148.855,148.861,1980.24
2025-03-05 18:00:00+00:00,148.862,148.948,148.853,148.939,2135.32
2025-03-05 18:05:00+00:00,148.936,149.017,148.766,148.805,3270.28
2025-03-05 18:10:00+00:00,148.805,148.933,148.805,148.911,2585.91
2025-03-05 18:15:00+00:00,148.912,148.93,148.862,148.913,2053.23
2025-03-05 18:20:00+00:00,148.91,148.975,148.876,148.967,1927.17
2025-03-05 18:25:00+00:00,148.97,148.996,148.918,148.968,1548.69
2025-03-05 18:30:00+00:00,148.969,148.974,148.855,148.866,2050.56
2025-03-05 18:35:00+00:00,148.867,148.942,148.844,148.942,1858.32
2025-03-05 18:40:00+00:00,148.94,148.941,148.861,148.869,1593.75
2025-03-05 18:45:00+00:00,148.868,148.942,148.859,148.94,1752.84
2025-03-05 18:50:00+00:00,148.939,148.991,148.919,148.927,1263.63
2025-03-05 18:55:00+00:00,148.926,148.97,148.919,148.953,720.87
2025-03-05 19:00:00+00:00,148.953,149.036,148.922,149.029,1539.3
2025-03-05 19:05:00+00:00,149.029,149.096,149.015,149.079,1594.77
2025-03-05 19:10:00+00:00,149.078,149.137,149.077,149.111,1720.23
2025-03-05 19:15:00+00:00,149.113,149.139,149.019,149.019,1561.51
2025-03-05 19:20:00+00:00,149.02,149.041,149.009,149.024,1097.73
2025-03-05 19:25:00+00:00,149.021,149.029,148.969,148.975,1083.5
2025-03-05 19:30:00+00:00,148.975,148.988,148.907,148.907,996.49
2025-03-05 19:35:00+00:00,148.905,148.912,148.855,148.898,1483.31
2025-03-05 19:40:00+00:00,148.899,148.951,148.889,148.921,1180.4
2025-03-05 19:45:00+00:00,148.923,148.927,148.863,148.88,1298.43
2025-03-05 19:50:00+00:00,148.884,148.904,148.849,148.891,1160.97
2025-03-05 19:55:00+00:00,148.89,148.896,148.781,148.787,1324.26
2025-03-05 20:00:00+00:00,148.786,148.846,148.753,148.838,1304.02
2025-03-05 20:05:00+00:00,148.836,148.859,148.824,148.845,740.56
2025-03-05 20:10:00+00:00,148.844,148.895,148.844,148.856,843.09
2025-03-05 20:15:00+00:00,148.857,148.892,148.796,148.835,1304.1
2025-03-05 20:20:00+00:00,148.841,148.886,148.822,148.875,1056.35
2025-03-05 20:25:00+00:00,148.874,148.892,148.847,148.876,950.84
2025-03-05 20:30:00+00:00,148.875,148.889,148.82,148.842,1149.22
2025-03-05 20:35:00+00:00,148.843,148.846,148.788,148.798,887.24
2025-03-05 20:40:00+00:00,148.796,148.818,148.774,148.805,615.76
2025-03-05 20:45:00+00:00,148.804,148.804,148.735,148.766,745.07
2025-03-05 20:50:00+00:00,148.764,148.807,148.736,148.8,1308.31
2025-03-05 20:55:00+00:00,148.799,148.879,148.79,148.879,1498.37
2025-03-05 21:00:00+00:00,148.877,148.915,148.872,148.907,498.6
2025-03-05 21:05:00+00:00,148.908,148.969,148.903,148.959,509.49
2025-03-05 21:10:00+00:00,148.96,148.962,148.941,148.956,384.46
2025-03-05 21:15:00+00:00,148.958,148.99,148.952,148.99,444.43
2025-03-05 21:20:00+00:00,148.991,148.998,148.968,148.976,212.88
2025-03-05 21:25:00+00:00,148.975,148.976,148.898,148.912,303.01
2025-03-05 21:30:00+00:00,148.911,148.924,148.9,148.903,842.42
2025-03-05 21:35:00+00:00,148.903,148.907,148.877,148.881,313.16
2025-03-05 21:40:00+00:00,148.878,148.886,148.857,148.874,562.82
2025-03-05 21:45:00+00:00,148.874,148.884,148.841,148.844,853.53
2025-03-05 21:50:00+00:00,148.844,148.85,148.824,148.826,1132.23
2025-03-05 21:55:00+00:00,148.825,148.892,148.819,148.874,1285.83
2025-03-05 22:00:00+00:00,148.874,148.874,148.807,148.819,36.16
2025-03-05 22:05:00+00:00,148.821,148.824,148.753,148.756,81.3
2025-03-05 22:10:00+00:00,148.758,148.844,148.758,148.802,101.1
2025-03-05 22:15:00+00:00,148.806,148.872,148.806,148.849,160.8
2025-03-05 22:20:00+00:00,148.852,148.862,148.813,148.845,125.1
2025-03-05 22:25:00+00:00,148.846,148.872,148.803,148.843,206.4
2025-03-05 22:30:00+00:00,148.831,148.864,148.816,148.834,126.6
2025-03-05 22:35:00+00:00,148.831,148.837,148.814,148.82,54.6
2025-03-05 22:40:00+00:00,148.819,148.823,148.816,148.822,71.4
2025-03-05 22:45:00+00:00,148.821,148.822,148.817,148.821,38.4
2025-03-05 22:50:00+00:00,148.821,148.886,148.818,148.871,92.85
2025-03-05 22:55:00+00:00,148.869,148.879,148.764,148.806,467.52
2025-03-05 23:00:00+00:00,148.816,148.816,148.727,148.774,597.57
2025-03-05 23:05:00+00:00,148.774,148.842,148.745,148.831,258.63
2025-03-05 23:10:00+00:00,148.827,148.829,148.77,148.77,237.3
2025-03-05 23:15:00+00:00,148.775,148.817,148.723,148.8,411.87
2025-03-05 23:20:00+00:00,148.8,148.835,148.796,148.827,143.4
2025-03-05 23:25:00+00:00,148.828,148.841,148.778,148.794,399.99
2025-03-05 23:30:00+00:00,148.795,148.816,148.785,148.801,232.17
2025-03-05 23:35:00+00:00,148.802,148.922,148.802,148.907,525.93
2025-03-05 23:40:00+00:00,148.906,148.93,148.88,148.93,450.63
2025-03-05 23:45:00+00:00,148.932,148.936,148.893,148.893,633.9
2025-03-05 23:50:00+00:00,148.893,148.941,148.883,148.889,579.3
2025-03-05 23:55:00+00:00,148.89,148.907,148.878,148.882,423.24
2025-03-06 00:00:00+00:00,148.88,149.017,148.856,149.015,1001.4
2025-03-06 00:05:00+00:00,149.018,149.098,149.013,149.096,783.33
2025-03-06 00:10:00+00:00,149.096,149.161,149.092,149.118,1086.85
2025-03-06 00:15:00+00:00,149.119,149.181,149.094,149.179,1068.02
2025-03-06 00:20:00+00:00,149.181,149.243,149.156,149.24,1254.01
2025-03-06 00:25:00+00:00,149.238,149.253,149.155,149.156,869.15
2025-03-06 00:30:00+00:00,149.156,149.244,149.156,149.229,873.36
2025-03-06 00:35:00+00:00,149.23,149.291,149.196,149.198,893.86
2025-03-06 00:40:00+00:00,149.199,149.259,149.195,149.251,651.23
2025-03-06 00:45:00+00:00,149.253,149.31,149.247,149.275,942.31
2025-03-06 00:50:00+00:00,149.276,149.289,149.15,149.182,1662.29
2025-03-06 00:55:00+00:00,149.182,149.204,149.137,149.15,1317.97
2025-03-06 01:00:00+00:00,149.15,149.172,149.061,149.109,1220.75
2025-03-06 01:05:00+00:00,149.108,149.249,149.103,149.249,905.79
2025-03-06 01:10:00+00:00,149.248,149.331,149.234,149.262,916.89
2025-03-06 01:15:00+00:00,149.262,149.263,149.172,149.177,674.58
2025-03-06 01:20:00+00:00,149.179,149.193,149.118,149.136,1049.16
2025-03-06 01:25:00+00:00,149.135,149.135,149.091,149.105,807.7
2025-03-06 01:30:00+00:00,149.107,149.127,149.065,149.094,918.44
2025-03-06 01:35:00+00:00,149.093,149.138,148.982,149.019,1114.7
2025-03-06 01:40:00+00:00,149.018,149.031,148.965,148.978,865.65
2025-03-06 01:45:00+00:00,148.976,149.041,148.961,149.031,896.61
2025-03-06 01:50:00+00:00,149.03,149.051,148.978,149.045,1221.34
2025-03-06 01:55:00+00:00,149.045,149.068,148.983,148.992,1098.7
2025-03-06 02:00:00+00:00,148.992,149.02,148.946,148.976,1196.97
2025-03-06 02:05:00+00:00,148.974,149.039,148.957,149.004,981.06
2025-03-06 02:10:00+00:00,149.004,149.05,148.962,148.973,1010.88
2025-03-06 02:15:00+00:00,148.976,149.003,148.959,148.991,680.58
2025-03-06 02:20:00+00:00,148.991,149.104,148.991,149.097,927.28
2025-03-06 02:25:00+00:00,149.096,149.122,149.053,149.06,665.61
2025-03-06 02:30:00+00:00,149.057,149.144,149.057,149.142,1041.9
2025-03-06 02:35:00+00:00,149.142,149.144,149.093,149.118,739.17
2025-03-06 02:40:00+00:00,149.119,149.153,149.067,149.153,604.28
2025-03-06 02:45:00+00:00,149.153,149.182,149.12,149.149,853.21
2025-03-06 02:50:00+00:00,149.148,149.167,149.124,149.154,800.69
2025-03-06 02:55:00+00:00,149.155,149.222,149.137,149.196,897.55
2025-03-06 03:00:00+00:00,149.197,149.248,149.18,149.228,813.87
2025-03-06 03:05:00+00:00,149.23,149.256,149.217,149.25,606.57
2025-03-06 03:10:00+00:00,149.252,149.28,149.242,149.279,552.02
2025-03-06 03:15:00+00:00,149.278,149.279,149.205,149.227,666.51
2025-03-06 03:20:00+00:00,149.233,149.264,149.218,149.237,767.97
2025-03-06 03:25:00+00:00,149.237,149.243,149.187,149.196,749.91
2025-03-06 03:30:00+00:00,149.196,149.197,149.122,149.155,738.88
2025-03-06 03:35:00+00:00,149.153,149.209,149.125,149.167,923.72
2025-03-06 03:40:00+00:00,149.167,149.215,149.111,149.193,1062.69
2025-03-06 03:45:00+00:00,149.193,149.244,149.132,149.158,1061.04
2025-03-06 03:50:00+00:00,149.159,149.183,149.116,149.17,764.76
2025-03-06 03:55:00+00:00,149.17,149.239,149.169,149.233,819.35
2025-03-06 04:00:00+00:00,149.233,149.254,149.212,149.242,1013.43
2025-03-06 04:05:00+00:00,149.242,149.248,149.155,149.205,717.6
2025-03-06 04:10:00+00:00,149.204,149.241,149.183,149.214,648.6
2025-03-06 04:15:00+00:00,149.213,149.238,149.191,149.237,593.52
2025-03-06 04:20:00+00:00,149.238,149.261,149.212,149.247,946.89
2025-03-06 04:25:00+00:00,149.248,149.278,149.22,149.265,857.07
2025-03-06 04:30:00+00:00,149.265,149.295,149.25,149.254,798.06
2025-03-06 04:35:00+00:00,149.253,149.258,149.2,149.215,698.87
2025-03-06 04:40:00+00:00,149.214,149.263,149.214,149.246,645.51
2025-03-06 04:45:00+00:00,149.249,149.306,149.231,149.259,738.07
2025-03-06 04:50:00+00:00,149.258,149.259,149.192,149.229,672.75
2025-03-06 04:55:00+00:00,149.229,149.234,149.159,149.188,534.77
2025-03-06 05:00:00+00:00,149.189,149.212,149.151,149.153,778.54
2025-03-06 05:05:00+00:00,149.153,149.19,149.128,149.17,755.0
2025-03-06 05:10:00+00:00,149.172,149.219,149.137,149.204,1071.12
2025-03-06 05:15:00+00:00,149.204,149.207,149.141,149.143,1259.42
2025-03-06 05:20:00+00:00,149.141,149.149,149.075,149.075,1531.78
2025-03-06 05:25:00+00:00,149.076,149.114,149.056,149.107,997.21
2025-03-06 05:30:00+00:00,149.105,149.132,149.056,149.064,926.33
2025-03-06 05:35:00+00:00,149.066,149.122,149.038,149.091,1253.5
2025-03-06 05:40:00+00:00,149.092,149.094,149.048,149.073,782.64
2025-03-06 05:45:00+00:00,149.072,149.088,149.047,149.055,1067.58
2025-03-06 05:50:00+00:00,149.057,149.085,149.031,149.045,839.97
2025-03-06 05:55:00+00:00,149.046,149.046,148.929,148.933,1447.26
2025-03-06 06:00:00+00:00,148.93,148.932,148.848,148.856,1770.28
2025-03-06 06:05:00+00:00,148.856,148.888,148.811,148.834,1418.68
2025-03-06 06:10:00+00:00,148.842,148.861,148.764,148.784,1418.53
2025-03-06 06:15:00+00:00,148.784,148.816,148.766,148.814,1087.41
2025-03-06 06:20:00+00:00,148.814,148.897,148.809,148.883,1341.85
2025-03-06 06:25:00+00:00,148.883,148.924,148.872,148.882,1033.31
2025-03-06 06:30:00+00:00,148.884,148.951,148.83,148.933,904.8
2025-03-06 06:35:00+00:00,148.934,148.963,148.9,148.903,852.09
2025-03-06 06:40:00+00:00,148.904,148.931,148.783,148.785,1254.3
2025-03-06 06:45:00+00:00,148.79,148.804,148.745,148.787,1357.6
2025-03-06 06:50:00+00:00,148.786,148.843,148.773,148.826,910.65
2025-03-06 06:55:00+00:00,148.827,148.842,148.774,148.78,837.81
2025-03-06 07:00:00+00:00,148.78,148.782,148.5,148.588,2519.17
2025-03-06 07:05:00+00:00,148.586,148.616,148.489,148.539,2170.37
2025-03-06 07:10:00+00:00,148.538,148.549,148.439,148.518,2386.64
2025-03-06 07:15:00+00:00,148.518,148.588,148.48,148.509,2006.88
2025-03-06 07:20:00+00:00,148.513,148.583,148.48,148.56,2000.94
2025-03-06 07:25:00+00:00,148.556,148.599,148.513,148.533,1507.23
2025-03-06 07:30:00+00:00,148.534,148.58,148.482,148.508,2304.76
2025-03-06 07:35:00+00:00,148.507,148.573,148.317,148.35,2418.95
2025-03-06 07:40:00+00:00,148.351,148.356,148.262,148.28,2228.92
2025-03-06 07:45:00+00:00,148.28,148.417,148.273,148.385,2165.55
2025-03-06 07:50:00+00:00,148.384,148.431,148.308,148.41,2751.33
2025-03-06 07:55:00+00:00,148.412,148.429,148.338,148.369,2491.51
2025-03-06 08:00:00+00:00,148.37,148.412,148.252,148.32,2716.89
2025-03-06 08:05:00+00:00,148.32,148.323,148.195,148.213,2622.99
2025-03-06 08:10:00+00:00,148.213,148.237,148.194,148.222,2234.91
2025-03-06 08:15:00+00:00,148.221,148.303,148.2,148.259,2368.08
2025-03-06 08:20:00+00:00,148.26,148.26,148.145,148.152,2322.96
2025-03-06 08:25:00+00:00,148.152,148.184,148.116,148.169,2009.01
2025-03-06 08:30:00+00:00,148.169,148.184,148.091,148.139,1871.61
2025-03-06 08:35:00+00:00,148.139,148.317,148.106,148.25,1935.18
2025-03-06 08:40:00+00:00,148.251,148.265,148.142,148.148,1884.21
2025-03-06 08:45:00+00:00,148.15,148.228,148.066,148.213,1770.88
2025-03-06 08:50:00+00:00,148.215,148.261,148.168,148.229,2351.46
2025-03-06 08:55:00+00:00,148.23,148.297,148.153,148.155,2050.24
2025-03-06 09:00:00+00:00,148.154,148.154,147.971,147.972,2952.75
2025-03-06 09:05:00+00:00,147.971,147.995,147.826,147.888,2507.46
2025-03-06 09:10:00+00:00,147.888,147.943,147.826,147.875,2570.91
2025-03-06 09:15:00+00:00,147.877,147.915,147.782,147.911,2923.84
2025-03-06 09:20:00+00:00,147.911,147.948,147.849,147.874,2103.77
2025-03-06 09:25:00+00:00,147.872,147.909,147.799,147.824,1734.96
2025-03-06 09:30:00+00:00,147.825,147.907,147.796,147.875,1964.79
2025-03-06 09:35:00+00:00,147.872,147.943,147.841,147.895,1973.91
2025-03-06 09:40:00+00:00,147.895,147.921,147.789,147.862,1958.83
2025-03-06 09:45:00+00:00,147.861,147.968,147.843,147.933,2159.47
2025-03-06 09:50:00+00:00,147.932,147.956,147.815,147.875,1822.48
2025-03-06 09:55:00+00:00,147.879,147.884,147.815,147.882,1649.67
2025-03-06 10:00:00+00:00,147.882,147.885,147.698,147.72,2404.58
2025-03-06 10:05:00+00:00,147.719,147.804,147.703,147.793,2795.08
2025-03-06 10:10:00+00:00,147.793,147.842,147.732,147.749,1845.46
2025-03-06 10:15:00+00:00,147.75,147.873,147.738,147.872,1712.31
2025-03-06 10:20:00+00:00,147.872,147.932,147.861,147.928,1486.71
2025-03-06 10:25:00+00:00,147.929,148.013,147.921,147.964,1144.32
2025-03-06 10:30:00+00:00,147.962,147.974,147.901,147.942,1575.9
2025-03-06 10:35:00+00:00,147.941,148.042,147.925,148.033,1352.17
2025-03-06 10:40:00+00:00,148.034,148.071,147.972,147.982,1173.96
2025-03-06 10:45:00+00:00,147.982,147.989,147.908,147.911,1275.21
2025-03-06 10:50:00+00:00,147.91,147.919,147.864,147.873,1388.4
2025-03-06 10:55:00+00:00,147.875,147.911,147.846,147.863,1928.58
2025-03-06 11:00:00+00:00,147.864,147.865,147.761,147.839,2073.45
2025-03-06 11:05:00+00:00,147.84,147.909,147.828,147.88,1509.96
2025-03-06 11:10:00+00:00,147.882,147.905,147.83,147.84,1229.97
2025-03-06 11:15:00+00:00,147.839,147.941,147.837,147.918,1665.49
2025-03-06 11:20:00+00:00,147.918,147.953,147.877,147.885,1141.92
2025-03-06 11:25:00+00:00,147.887,147.896,147.838,147.887,1317.49
2025-03-06 11:30:00+00:00,147.889,147.913,147.815,147.829,1388.43
2025-03-06 11:35:00+00:00,147.83,147.906,147.828,147.886,962.7
2025-03-06 11:40:00+00:00,147.888,147.985,147.888,147.945,1230.2
2025-03-06 11:45:00+00:00,147.948,147.958,147.888,147.933,1303.37
2025-03-06 11:50:00+00:00,147.934,147.934,147.855,147.865,1564.86
2025-03-06 11:55:00+00:00,147.869,147.875,147.804,147.829,1464.06
2025-03-06 12:00:00+00:00,147.828,147.877,147.799,147.835,1522.75
2025-03-06 12:05:00+00:00,147.832,147.853,147.781,147.809,1277.41
2025-03-06 12:10:00+00:00,147.807,147.819,147.755,147.777,805.48
2025-03-06 12:15:00+00:00,147.773,147.822,147.757,147.787,1016.59
2025-03-06 12:20:00+00:00,147.789,147.797,147.676,147.706,978.05
2025-03-06 12:25:00+00:00,147.708,147.797,147.708,147.791,867.27
2025-03-06 12:30:00+00:00,147.792,147.805,147.608,147.691,2230.44
2025-03-06 12:35:00+00:00,147.692,147.692,147.565,147.593,1650.54
2025-03-06 12:40:00+00:00,147.594,147.65,147.561,147.649,2107.44
2025-03-06 12:45:00+00:00,147.648,147.731,147.615,147.718,1686.21
2025-03-06 12:50:00+00:00,147.718,147.784,147.629,147.64,2417.19
2025-03-06 12:55:00+00:00,147.639,147.695,147.6,147.608,1841.1
2025-03-06 13:00:00+00:00,147.611,147.636,147.496,147.499,2150.44
2025-03-06 13:05:00+00:00,147.497,147.518,147.426,147.492,2920.96
2025-03-06 13:10:00+00:00,147.492,147.527,147.449,147.496,1527.93
2025-03-06 13:15:00+00:00,147.495,147.575,147.425,147.438,3358.35
2025-03-06 13:20:00+00:00,147.441,147.473,147.355,147.356,3461.83
2025-03-06 13:25:00+00:00,147.355,147.479,147.349,147.42,2005.84
2025-03-06 13:30:00+00:00,147.43,147.633,147.427,147.593,3137.18
2025-03-06 13:35:00+00:00,147.594,147.679,147.539,147.585,2286.62
2025-03-06 13:40:00+00:00,147.583,147.605,147.496,147.579,1706.19
2025-03-06 13:45:00+00:00,147.576,147.593,147.48,147.582,1289.97
2025-03-06 13:50:00+00:00,147.58,147.593,147.356,147.416,1818.48
2025-03-06 13:55:00+00:00,147.419,147.509,147.391,147.417,2105.99
2025-03-06 14:00:00+00:00,147.418,147.536,147.308,147.502,2334.31
2025-03-06 14:05:00+00:00,147.5,147.629,147.42,147.601,2226.42
2025-03-06 14:10:00+00:00,147.601,147.702,147.597,147.669,1591.32
2025-03-06 14:15:00+00:00,147.667,147.775,147.623,147.752,1925.79
2025-03-06 14:20:00+00:00,147.751,147.847,147.703,147.793,2521.42
2025-03-06 14:25:00+00:00,147.792,147.828,147.654,147.679,2071.26
2025-03-06 14:30:00+00:00,147.676,147.692,147.521,147.569,3474.78
2025-03-06 14:35:00+00:00,147.566,147.607,147.418,147.559,3024.44
2025-03-06 14:40:00+00:00,147.557,147.635,147.458,147.46,3008.67
2025-03-06 14:45:00+00:00,147.46,147.55,147.391,147.503,3337.01
2025-03-06 14:50:00+00:00,147.502,147.707,147.501,147.695,2970.75
2025-03-06 14:55:00+00:00,147.694,147.707,147.557,147.564,1787.59
2025-03-06 15:00:00+00:00,147.562,147.742,147.488,147.717,3129.24
2025-03-06 15:05:00+00:00,147.717,147.956,147.694,147.851,3899.55
2025-03-06 15:10:00+00:00,147.85,147.951,147.792,147.945,3149.22
2025-03-06 15:15:00+00:00,147.946,148.066,147.91,148.012,3751.75
2025-03-06 15:20:00+00:00,148.01,148.172,147.991,148.107,3794.05
2025-03-06 15:25:00+00:00,148.106,148.168,148.049,148.086,3910.38
2025-03-06 15:30:00+00:00,148.085,148.142,148.022,148.099,3658.0
2025-03-06 15:35:00+00:00,148.1,148.245,148.05,148.224,2990.4
2025-03-06 15:40:00+00:00,148.223,148.294,148.21,148.273,2678.94
2025-03-06 15:45:00+00:00,148.272,148.312,148.214,148.241,2853.75
2025-03-06 15:50:00+00:00,148.241,148.241,148.062,148.073,3167.7
2025-03-06 15:55:00+00:00,148.076,148.261,148.063,148.238,2233.65
2025-03-06 16:00:00+00:00,148.242,148.278,148.148,148.166,3064.81
2025-03-06 16:05:00+00:00,148.163,148.363,148.144,148.358,2714.85
2025-03-06 16:10:00+00:00,148.358,148.373,148.295,148.328,2877.17
2025-03-06 16:15:00+00:00,148.331,148.391,148.299,148.316,1905.41
2025-03-06 16:20:00+00:00,148.315,148.334,148.176,148.245,2365.76
2025-03-06 16:25:00+00:00,148.248,148.304,148.119,148.206,2652.69
2025-03-06 16:30:00+00:00,148.202,148.333,148.118,148.288,3624.99
2025-03-06 16:35:00+00:00,148.288,148.301,148.04,148.057,3815.38
2025-03-06 16:40:00+00:00,148.059,148.087,148.0,148.021,2506.23
2025-03-06 16:45:00+00:00,148.022,148.084,147.991,148.014,2257.22
2025-03-06 16:50:00+00:00,148.011,148.011,147.93,147.939,2108.37
2025-03-06 16:55:00+00:00,147.938,147.959,147.9,147.908,1817.1
2025-03-06 17:00:00+00:00,147.909,148.025,147.849,147.868,2352.14
2025-03-06 17:05:00+00:00,147.864,147.873,147.797,147.857,2131.15
2025-03-06 17:10:00+00:00,147.862,147.896,147.822,147.834,1956.66
2025-03-06 17:15:00+00:00,147.836,147.894,147.819,147.866,2447.4
2025-03-06 17:20:00+00:00,147.866,148.01,147.859,147.938,2933.85
2025-03-06 17:25:00+00:00,147.939,147.94,147.804,147.829,2459.55
2025-03-06 17:30:00+00:00,147.829,147.878,147.811,147.841,1709.76
2025-03-06 17:35:00+00:00,147.841,147.844,147.756,147.783,1925.93
2025-03-06 17:40:00+00:00,147.782,147.874,147.747,147.761,1955.97
2025-03-06 17:45:00+00:00,147.759,147.793,147.649,147.706,2061.85
2025-03-06 17:50:00+00:00,147.701,147.829,147.697,147.828,1639.6
2025-03-06 17:55:00+00:00,147.828,147.939,147.824,147.914,2197.19
2025-03-06 18:00:00+00:00,147.912,147.928,147.802,147.83,2135.8
2025-03-06 18:05:00+00:00,147.827,147.833,147.766,147.796,2222.71
2025-03-06 18:10:00+00:00,147.797,147.853,147.741,147.812,2095.09
2025-03-06 18:15:00+00:00,147.809,147.935,147.806,147.93,3623.46
2025-03-06 18:20:00+00:00,147.927,147.959,147.884,147.939,2412.84
2025-03-06 18:25:00+00:00,147.94,147.947,147.854,147.871,1206.94
2025-03-06 18:30:00+00:00,147.874,147.948,147.862,147.877,1189.17
2025-03-06 18:35:00+00:00,147.881,147.897,147.77,147.77,1704.93
2025-03-06 18:40:00+00:00,147.77,147.833,147.745,147.805,1999.14
2025-03-06 18:45:00+00:00,147.805,147.851,147.784,147.802,1532.88
2025-03-06 18:50:00+00:00,147.802,147.873,147.786,147.84,1581.81
2025-03-06 18:55:00+00:00,147.837,147.856,147.781,147.799,1648.8
2025-03-06 19:00:00+00:00,147.798,147.807,147.687,147.688,1654.06
2025-03-06 19:05:00+00:00,147.689,147.726,147.641,147.704,1997.33
2025-03-06 19:10:00+00:00,147.704,147.792,147.704,147.717,2118.87
2025-03-06 19:15:00+00:00,147.718,147.749,147.623,147.663,2449.62
2025-03-06 19:20:00+00:00,147.662,147.679,147.567,147.647,2350.5
2025-03-06 19:25:00+00:00,147.648,147.662,147.594,147.63,2012.13
2025-03-06 19:30:00+00:00,147.63,147.668,147.582,147.628,2199.87
2025-03-06 19:35:00+00:00,147.627,147.669,147.568,147.643,1935.47
2025-03-06 19:40:00+00:00,147.641,147.711,147.626,147.688,1741.29
2025-03-06 19:45:00+00:00,147.69,147.82,147.683,147.785,2054.28
2025-03-06 19:50:00+00:00,147.787,147.853,147.774,147.794,3119.83
2025-03-06 19:55:00+00:00,147.793,147.828,147.682,147.688,2615.52
2025-03-06 20:00:00+00:00,147.688,147.8,147.661,147.778,2590.45
2025-03-06 20:05:00+00:00,147.776,147.835,147.754,147.784,1702.21
2025-03-06 20:10:00+00:00,147.783,147.823,147.756,147.82,1672.29
2025-03-06 20:15:00+00:00,147.817,147.845,147.785,147.809,1246.52
2025-03-06 20:20:00+00:00,147.809,147.824,147.74,147.754,1229.67
2025-03-06 20:25:00+00:00,147.752,147.802,147.734,147.799,1634.4
2025-03-06 20:30:00+00:00,147.799,147.853,147.723,147.787,1901.37
2025-03-06 20:35:00+00:00,147.786,147.875,147.769,147.794,1678.6
2025-03-06 20:40:00+00:00,147.793,147.821,147.766,147.77,1658.25
2025-03-06 20:45:00+00:00,147.767,147.814,147.728,147.814,1588.29
2025-03-06 20:50:00+00:00,147.814,147.846,147.775,147.837,1531.62
2025-03-06 20:55:00+00:00,147.838,147.849,147.766,147.807,1243.75
2025-03-06 21:00:00+00:00,147.806,147.882,147.803,147.869,488.19
2025-03-06 21:05:00+00:00,147.869,147.905,147.855,147.903,669.45
2025-03-06 21:10:00+00:00,147.903,147.935,147.888,147.932,449.25
2025-03-06 21:15:00+00:00,147.935,148.031,147.935,148.024,613.17
2025-03-06 21:20:00+00:00,148.025,148.056,148.008,148.02,308.21
2025-03-06 21:25:00+00:00,148.02,148.021,147.923,147.956,408.93
2025-03-06 21:30:00+00:00,147.957,147.987,147.92,147.981,833.1
2025-03-06 21:35:00+00:00,147.983,148.023,147.969,147.969,317.03
2025-03-06 21:40:00+00:00,147.97,147.975,147.938,147.969,327.9
2025-03-06 21:45:00+00:00,147.973,147.983,147.943,147.96,551.64
2025-03-06 21:50:00+00:00,147.96,147.984,147.956,147.975,551.22
2025-03-06 21:55:00+00:00,147.975,147.996,147.966,147.969,369.99
2025-03-06 22:00:00+00:00,147.97,147.97,147.945,147.964,8.4
2025-03-06 22:05:00+00:00,147.971,147.996,147.919,147.957,30.0
2025-03-06 22:10:00+00:00,147.954,147.957,147.645,147.803,64.32
2025-03-06 22:15:00+00:00,147.803,147.845,147.803,147.845,47.7
2025-03-06 22:20:00+00:00,147.844,147.863,147.844,147.863,15.6
2025-03-06 22:25:00+00:00,147.863,147.864,147.851,147.855,22.8
2025-03-06 22:30:00+00:00,147.856,147.874,147.845,147.862,36.93
2025-03-06 22:35:00+00:00,147.862,147.898,147.862,147.869,111.6
2025-03-06 22:40:00+00:00,147.869,147.873,147.868,147.869,82.2
2025-03-06 22:45:00+00:00,147.869,147.919,147.869,147.909,86.4
2025-03-06 22:50:00+00:00,147.909,147.933,147.908,147.933,15.0
2025-03-06 22:55:00+00:00,147.938,147.954,147.919,147.943,39.81
2025-03-06 23:00:00+00:00,147.942,148.046,147.919,147.953,422.76
2025-03-06 23:05:00+00:00,147.953,147.96,147.908,147.96,193.5
2025-03-06 23:10:00+00:00,147.959,148.044,147.959,148.015,325.56
2025-03-06 23:15:00+00:00,148.013,148.063,148.01,148.013,504.99
2025-03-06 23:20:00+00:00,148.015,148.034,147.991,148.006,528.06
2025-03-06 23:25:00+00:00,148.005,148.01,147.972,147.974,467.15
2025-03-06 23:30:00+00:00,147.975,147.975,147.88,147.952,773.35
2025-03-06 23:35:00+00:00,147.951,148.002,147.947,147.994,478.92
2025-03-06 23:40:00+00:00,147.995,148.058,147.995,148.027,388.86
2025-03-06 23:45:00+00:00,148.028,148.065,148.0,148.043,588.3
2025-03-06 23:50:00+00:00,148.043,148.045,147.959,147.977,935.16
2025-03-06 23:55:00+00:00,147.977,148.149,147.961,148.145,1064.55
2025-03-07 00:00:00+00:00,148.146,148.162,147.884,147.897,1474.36
2025-03-07 00:05:00+00:00,147.897,147.934,147.846,147.878,1000.41
2025-03-07 00:10:00+00:00,147.879,147.901,147.74,147.75,1068.07
2025-03-07 00:15:00+00:00,147.749,147.783,147.709,147.736,1314.71
2025-03-07 00:20:00+00:00,147.736,147.85,147.717,147.805,1243.29
2025-03-07 00:25:00+00:00,147.805,147.816,147.657,147.716,1477.23
2025-03-07 00:30:00+00:00,147.71,147.927,147.705,147.847,916.07
2025-03-07 00:35:00+00:00,147.846,147.918,147.801,147.844,851.78
2025-03-07 00:40:00+00:00,147.845,147.965,147.843,147.874,786.51
2025-03-07 00:45:00+00:00,147.874,147.919,147.821,147.869,942.93
2025-03-07 00:50:00+00:00,147.88,147.999,147.87,147.993,2008.28
2025-03-07 00:55:00+00:00,147.993,148.003,147.93,147.956,1858.66
2025-03-07 01:00:00+00:00,147.955,148.12,147.908,148.005,1580.33
2025-03-07 01:05:00+00:00,148.002,148.019,147.859,147.865,1268.67
2025-03-07 01:10:00+00:00,147.864,147.952,147.811,147.906,1297.02
2025-03-07 01:15:00+00:00,147.907,147.958,147.887,147.933,1475.91
2025-03-07 01:20:00+00:00,147.934,148.081,147.928,148.036,1364.98
2025-03-07 01:25:00+00:00,148.036,148.079,147.984,148.016,1471.62
2025-03-07 01:30:00+00:00,148.018,148.057,147.972,148.04,1203.45
2025-03-07 01:35:00+00:00,148.036,148.056,147.947,147.989,1404.6
2025-03-07 01:40:00+00:00,147.988,148.041,147.94,148.037,983.69
2025-03-07 01:45:00+00:00,148.033,148.053,147.889,147.917,1342.14
2025-03-07 01:50:00+00:00,147.917,147.994,147.891,147.91,990.51
2025-03-07 01:55:00+00:00,147.91,147.957,147.887,147.899,811.52
2025-03-07 02:00:00+00:00,147.898,147.958,147.833,147.935,907.95
2025-03-07 02:05:00+00:00,147.934,148.033,147.91,147.922,830.25
2025-03-07 02:10:00+00:00,147.922,147.923,147.775,147.794,1031.64
2025-03-07 02:15:00+00:00,147.794,147.846,147.765,147.806,994.71
2025-03-07 02:20:00+00:00,147.82,147.82,147.74,147.755,665.36
2025-03-07 02:25:00+00:00,147.755,147.775,147.722,147.767,643.08
2025-03-07 02:30:00+00:00,147.766,147.793,147.683,147.715,1114.65
2025-03-07 02:35:00+00:00,147.715,147.74,147.682,147.703,851.16
2025-03-07 02:40:00+00:00,147.706,147.739,147.666,147.708,642.51
2025-03-07 02:45:00+00:00,147.708,147.712,147.637,147.704,641.55
2025-03-07 02:50:00+00:00,147.703,147.719,147.6,147.607,979.71
2025-03-07 02:55:00+00:00,147.607,147.619,147.55,147.594,1054.17
2025-03-07 03:00:00+00:00,147.592,147.593,147.496,147.587,1278.03
2025-03-07 03:05:00+00:00,147.586,147.614,147.549,147.551,777.21
2025-03-07 03:10:00+00:00,147.551,147.584,147.476,147.527,946.27
2025-03-07 03:15:00+00:00,147.53,147.553,147.467,147.505,1155.15
2025-03-07 03:20:00+00:00,147.504,147.537,147.471,147.495,1118.1
2025-03-07 03:25:00+00:00,147.497,147.501,147.459,147.468,667.73
2025-03-07 03:30:00+00:00,147.469,147.554,147.442,147.553,995.67
2025-03-07 03:35:00+00:00,147.552,147.568,147.509,147.512,1024.35
2025-03-07 03:40:00+00:00,147.511,147.626,147.499,147.593,1196.52
2025-03-07 03:45:00+00:00,147.594,147.641,147.546,147.56,792.3
2025-03-07 03:50:00+00:00,147.561,147.654,147.558,147.595,1048.98
2025-03-07 03:55:00+00:00,147.595,147.635,147.581,147.604,724.09
2025-03-07 04:00:00+00:00,147.605,147.684,147.549,147.636,1095.42
2025-03-07 04:05:00+00:00,147.637,147.679,147.594,147.617,978.99
2025-03-07 04:10:00+00:00,147.617,147.651,147.555,147.585,941.67
2025-03-07 04:15:00+00:00,147.587,147.598,147.528,147.536,955.08
2025-03-07 04:20:00+00:00,147.537,147.581,147.532,147.539,771.32
2025-03-07 04:25:00+00:00,147.54,147.542,147.495,147.521,817.67
2025-03-07 04:30:00+00:00,147.52,147.566,147.474,147.549,1001.44
2025-03-07 04:35:00+00:00,147.55,147.587,147.55,147.564,458.7
2025-03-07 04:40:00+00:00,147.563,147.619,147.562,147.587,610.21
2025-03-07 04:45:00+00:00,147.587,147.65,147.585,147.649,732.79
2025-03-07 04:50:00+00:00,147.648,147.648,147.57,147.612,599.94
2025-03-07 04:55:00+00:00,147.612,147.709,147.611,147.674,905.86
2025-03-07 05:00:00+00:00,147.674,147.747,147.665,147.697,977.16
2025-03-07 05:05:00+00:00,147.697,147.732,147.67,147.702,870.39
2025-03-07 05:10:00+00:00,147.701,147.721,147.668,147.692,927.63
2025-03-07 05:15:00+00:00,147.693,147.719,147.62,147.692,604.41
2025-03-07 05:20:00+00:00,147.69,147.715,147.668,147.691,1076.1
2025-03-07 05:25:00+00:00,147.689,147.752,147.681,147.709,591.78
2025-03-07 05:30:00+00:00,147.71,147.723,147.648,147.66,861.57
2025-03-07 05:35:00+00:00,147.658,147.713,147.629,147.64,735.61
2025-03-07 05:40:00+00:00,147.638,147.64,147.596,147.605,609.3
2025-03-07 05:45:00+00:00,147.605,147.605,147.567,147.583,739.54
2025-03-07 05:50:00+00:00,147.581,147.584,147.498,147.52,797.71
2025-03-07 05:55:00+00:00,147.519,147.519,147.451,147.451,857.89
2025-03-07 06:00:00+00:00,147.452,147.509,147.421,147.456,935.18
2025-03-07 06:05:00+00:00,147.456,147.537,147.428,147.519,969.96
2025-03-07 06:10:00+00:00,147.52,147.525,147.499,147.522,717.36
2025-03-07 06:15:00+00:00,147.521,147.627,147.503,147.612,1056.21
2025-03-07 06:20:00+00:00,147.61,147.645,147.591,147.629,717.15
2025-03-07 06:25:00+00:00,147.627,147.631,147.561,147.563,700.69
2025-03-07 06:30:00+00:00,147.564,147.585,147.503,147.507,1143.82
2025-03-07 06:35:00+00:00,147.505,147.532,147.459,147.459,700.62
2025-03-07 06:40:00+00:00,147.458,147.512,147.432,147.508,759.12
2025-03-07 06:45:00+00:00,147.509,147.549,147.402,147.424,886.2
2025-03-07 06:50:00+00:00,147.423,147.463,147.387,147.454,976.21
2025-03-07 06:55:00+00:00,147.454,147.542,147.423,147.492,777.42
2025-03-07 07:00:00+00:00,147.491,147.625,147.49,147.621,1769.97
2025-03-07 07:05:00+00:00,147.622,147.649,147.56,147.649,1809.7
2025-03-07 07:10:00+00:00,147.649,147.692,147.566,147.58,1383.64
2025-03-07 07:15:00+00:00,147.58,147.613,147.536,147.549,1155.87
2025-03-07 07:20:00+00:00,147.551,147.676,147.532,147.651,1398.81
2025-03-07 07:25:00+00:00,147.654,147.722,147.639,147.69,1026.96
2025-03-07 07:30:00+00:00,147.69,147.7,147.626,147.67,1082.72
2025-03-07 07:35:00+00:00,147.671,147.747,147.601,147.604,1169.1
2025-03-07 07:40:00+00:00,147.604,147.621,147.514,147.531,1180.92
2025-03-07 07:45:00+00:00,147.527,147.617,147.483,147.617,1079.5
2025-03-07 07:50:00+00:00,147.618,147.624,147.562,147.567,1109.91
2025-03-07 07:55:00+00:00,147.564,147.666,147.551,147.651,1642.3
2025-03-07 08:00:00+00:00,147.654,147.738,147.57,147.738,2381.35
2025-03-07 08:05:00+00:00,147.736,147.752,147.614,147.638,1614.03
2025-03-07 08:10:00+00:00,147.644,147.644,147.548,147.635,1864.22
2025-03-07 08:15:00+00:00,147.637,147.642,147.54,147.572,1529.8
2025-03-07 08:20:00+00:00,147.573,147.586,147.54,147.554,1744.8
2025-03-07 08:25:00+00:00,147.555,147.716,147.519,147.569,2380.89
2025-03-07 08:30:00+00:00,147.572,147.62,147.452,147.476,2075.7
2025-03-07 08:35:00+00:00,147.476,147.505,147.402,147.461,1604.58
2025-03-07 08:40:00+00:00,147.46,147.467,147.347,147.377,1757.09
2025-03-07 08:45:00+00:00,147.379,147.391,147.276,147.334,1538.7
2025-03-07 08:50:00+00:00,147.335,147.337,147.201,147.283,1578.48
2025-03-07 08:55:00+00:00,147.283,147.37,147.249,147.336,1228.65
2025-03-07 09:00:00+00:00,147.335,147.431,147.289,147.388,1966.2
2025-03-07 09:05:00+00:00,147.386,147.451,147.341,147.424,1567.12
2025-03-07 09:10:00+00:00,147.423,147.458,147.387,147.396,1635.16
2025-03-07 09:15:00+00:00,147.396,147.511,147.374,147.511,1338.54
2025-03-07 09:20:00+00:00,147.512,147.583,147.495,147.527,1363.1
2025-03-07 09:25:00+00:00,147.528,147.529,147.34,147.342,1456.57
2025-03-07 09:30:00+00:00,147.342,147.41,147.315,147.354,1276.38
2025-03-07 09:35:00+00:00,147.355,147.397,147.317,147.32,817.56
2025-03-07 09:40:00+00:00,147.317,147.428,147.312,147.373,929.78
2025-03-07 09:45:00+00:00,147.373,147.39,147.339,147.357,931.98
2025-03-07 09:50:00+00:00,147.358,147.438,147.341,147.433,1241.79
2025-03-07 09:55:00+00:00,147.435,147.464,147.404,147.441,734.26
2025-03-07 10:00:00+00:00,147.441,147.493,147.423,147.484,845.57
2025-03-07 10:05:00+00:00,147.485,147.497,147.403,147.433,984.05
2025-03-07 10:10:00+00:00,147.434,147.479,147.424,147.451,1028.4
2025-03-07 10:15:00+00:00,147.452,147.475,147.402,147.453,995.65
2025-03-07 10:20:00+00:00,147.453,147.48,147.387,147.425,1162.29
2025-03-07 10:25:00+00:00,147.434,147.459,147.379,147.415,846.12
2025-03-07 10:30:00+00:00,147.413,147.517,147.412,147.514,971.61
2025-03-07 10:35:00+00:00,147.514,147.537,147.465,147.468,967.74
2025-03-07 10:40:00+00:00,147.468,147.511,147.429,147.432,675.75
2025-03-07 10:45:00+00:00,147.433,147.535,147.433,147.509,646.05
2025-03-07 10:50:00+00:00,147.508,147.54,147.47,147.52,785.73
2025-03-07 10:55:00+00:00,147.52,147.559,147.513,147.553,650.92
2025-03-07 11:00:00+00:00,147.553,147.584,147.542,147.573,810.54
2025-03-07 11:05:00+00:00,147.573,147.617,147.522,147.526,1140.06
2025-03-07 11:10:00+00:00,147.526,147.563,147.495,147.561,1391.53
2025-03-07 11:15:00+00:00,147.562,147.63,147.56,147.621,985.64
2025-03-07 11:20:00+00:00,147.621,147.655,147.599,147.646,763.26
2025-03-07 11:25:00+00:00,147.645,147.676,147.612,147.613,806.14
2025-03-07 11:30:00+00:00,147.614,147.694,147.613,147.667,1068.77
2025-03-07 11:35:00+00:00,147.667,147.704,147.656,147.691,758.96
2025-03-07 11:40:00+00:00,147.689,147.706,147.641,147.665,777.59
2025-03-07 11:45:00+00:00,147.667,147.724,147.66,147.724,649.59
2025-03-07 11:50:00+00:00,147.723,147.743,147.643,147.657,978.54
2025-03-07 11:55:00+00:00,147.656,147.697,147.652,147.694,710.08
2025-03-07 12:00:00+00:00,147.693,147.712,147.637,147.687,941.32
2025-03-07 12:05:00+00:00,147.687,147.706,147.665,147.676,1115.63
2025-03-07 12:10:00+00:00,147.679,147.789,147.669,147.758,1161.74
2025-03-07 12:15:00+00:00,147.759,147.835,147.752,147.77,1357.64
2025-03-07 12:20:00+00:00,147.771,147.781,147.721,147.756,1029.22
2025-03-07 12:25:00+00:00,147.755,147.852,147.755,147.791,1028.57
2025-03-07 12:30:00+00:00,147.79,147.809,147.713,147.789,1073.18
2025-03-07 12:35:00+00:00,147.789,147.805,147.761,147.785,1586.58
2025-03-07 12:40:00+00:00,147.78,147.78,147.679,147.701,990.79
2025-03-07 12:45:00+00:00,147.702,147.726,147.633,147.637,1323.45
2025-03-07 12:50:00+00:00,147.641,147.733,147.63,147.699,1396.37
2025-03-07 12:55:00+00:00,147.698,147.766,147.687,147.745,1418.78
2025-03-07 13:00:00+00:00,147.744,147.773,147.689,147.732,1749.09
2025-03-07 13:05:00+00:00,147.728,147.801,147.654,147.681,1726.97
2025-03-07 13:10:00+00:00,147.68,147.754,147.666,147.712,1921.52
2025-03-07 13:15:00+00:00,147.709,147.72,147.638,147.695,1963.75
2025-03-07 13:20:00+00:00,147.696,147.768,147.673,147.728,2846.32
2025-03-07 13:25:00+00:00,147.727,147.731,147.575,147.591,2075.26
2025-03-07 13:30:00+00:00,147.622,147.965,147.261,147.301,4285.69
2025-03-07 13:35:00+00:00,147.306,147.484,147.147,147.368,3918.08
2025-03-07 13:40:00+00:00,147.368,147.465,147.214,147.451,3352.92
2025-03-07 13:45:00+00:00,147.453,147.484,147.363,147.442,2666.35
2025-03-07 13:50:00+00:00,147.443,147.443,147.305,147.42,2775.6
2025-03-07 13:55:00+00:00,147.418,147.421,147.116,147.225,3208.97
2025-03-07 14:00:00+00:00,147.225,147.334,147.171,147.323,3313.04
2025-03-07 14:05:00+00:00,147.322,147.368,147.108,147.126,2698.66
2025-03-07 14:10:00+00:00,147.127,147.174,147.036,147.129,2650.42
2025-03-07 14:15:00+00:00,147.129,147.181,147.054,147.149,2193.46
2025-03-07 14:20:00+00:00,147.15,147.239,147.081,147.179,2640.95
2025-03-07 14:25:00+00:00,147.177,147.232,147.016,147.018,1946.72
2025-03-07 14:30:00+00:00,147.022,147.194,146.944,147.191,2886.06
2025-03-07 14:35:00+00:00,147.191,147.285,147.13,147.227,3077.79
2025-03-07 14:40:00+00:00,147.233,147.49,147.193,147.427,3303.59
2025-03-07 14:45:00+00:00,147.427,147.613,147.418,147.562,3098.56
2025-03-07 14:50:00+00:00,147.56,147.672,147.523,147.638,2818.8
2025-03-07 14:55:00+00:00,147.636,147.674,147.498,147.515,2884.98
2025-03-07 15:00:00+00:00,147.515,147.679,147.413,147.594,3173.35
2025-03-07 15:05:00+00:00,147.593,147.698,147.549,147.668,2653.86
2025-03-07 15:10:00+00:00,147.67,147.714,147.546,147.554,2763.21
2025-03-07 15:15:00+00:00,147.555,147.561,147.401,147.444,2875.74
2025-03-07 15:20:00+00:00,147.45,147.635,147.428,147.608,2657.18
2025-03-07 15:25:00+00:00,147.604,147.639,147.538,147.594,2354.07
2025-03-07 15:30:00+00:00,147.595,147.595,147.319,147.376,2890.37
2025-03-07 15:35:00+00:00,147.374,147.374,147.191,147.261,2867.19
2025-03-07 15:40:00+00:00,147.26,147.32,147.204,147.281,2753.22
2025-03-07 15:45:00+00:00,147.282,147.676,147.25,147.669,3194.05
2025-03-07 15:50:00+00:00,147.676,147.723,147.475,147.587,3984.77
2025-03-07 15:55:00+00:00,147.589,147.669,147.434,147.517,3240.42
2025-03-07 16:00:00+00:00,147.518,147.53,147.387,147.454,2973.33
2025-03-07 16:05:00+00:00,147.45,147.597,147.37,147.575,2385.54
2025-03-07 16:10:00+00:00,147.577,147.583,147.44,147.456,2115.62
2025-03-07 16:15:00+00:00,147.463,147.491,147.367,147.39,2344.71
2025-03-07 16:20:00+00:00,147.393,147.432,147.324,147.378,2164.95
2025-03-07 16:25:00+00:00,147.376,147.406,147.259,147.304,2391.11
2025-03-07 16:30:00+00:00,147.307,147.412,147.307,147.322,2553.88
2025-03-07 16:35:00+00:00,147.324,147.338,147.186,147.19,1930.76
2025-03-07 16:40:00+00:00,147.189,147.212,147.089,147.141,2162.23
2025-03-07 16:45:00+00:00,147.14,147.205,147.041,147.067,1996.0
2025-03-07 16:50:00+00:00,147.068,147.109,147.024,147.056,2163.25
2025-03-07 16:55:00+00:00,147.063,147.171,147.04,147.133,2078.84
2025-03-07 17:00:00+00:00,147.137,147.224,147.129,147.156,2171.14
2025-03-07 17:05:00+00:00,147.157,147.186,146.987,147.005,2781.53
2025-03-07 17:10:00+00:00,147.008,147.087,146.958,147.049,2284.56
2025-03-07 17:15:00+00:00,147.05,147.132,147.007,147.103,2371.39
2025-03-07 17:20:00+00:00,147.101,147.217,147.094,147.204,2063.26
2025-03-07 17:25:00+00:00,147.204,147.249,147.157,147.222,1320.71
2025-03-07 17:30:00+00:00,147.225,147.394,147.211,147.377,1904.54
2025-03-07 17:35:00+00:00,147.376,147.451,147.322,147.353,2526.46
2025-03-07 17:40:00+00:00,147.352,147.47,147.346,147.458,2491.62
2025-03-07 17:45:00+00:00,147.459,147.571,147.458,147.536,2378.16
2025-03-07 17:50:00+00:00,147.535,147.682,147.523,147.681,2454.72
2025-03-07 17:55:00+00:00,147.682,147.705,147.482,147.485,3048.71
2025-03-07 18:00:00+00:00,147.492,147.705,147.481,147.695,2959.0
2025-03-07 18:05:00+00:00,147.693,147.852,147.685,147.777,2603.23
2025-03-07 18:10:00+00:00,147.778,147.936,147.761,147.894,2801.85
2025-03-07 18:15:00+00:00,147.896,147.944,147.861,147.93,2235.62
2025-03-07 18:20:00+00:00,147.927,147.969,147.841,147.845,2361.65
2025-03-07 18:25:00+00:00,147.842,147.879,147.803,147.862,2367.97
2025-03-07 18:30:00+00:00,147.86,147.907,147.8,147.896,2151.34
2025-03-07 18:35:00+00:00,147.896,148.028,147.86,147.978,2210.92
2025-03-07 18:40:00+00:00,147.981,148.021,147.842,147.867,2380.35
2025-03-07 18:45:00+00:00,147.865,147.998,147.865,147.96,2045.95
2025-03-07 18:50:00+00:00,147.96,147.999,147.917,147.917,1913.05
2025-03-07 18:55:00+00:00,147.919,147.981,147.899,147.974,2307.81
2025-03-07 19:00:00+00:00,147.974,148.029,147.932,147.971,1998.36
2025-03-07 19:05:00+00:00,147.971,147.987,147.859,147.863,2120.23
2025-03-07 19:10:00+00:00,147.87,147.997,147.87,147.991,1735.53
2025-03-07 19:15:00+00:00,147.993,148.07,147.964,148.045,1767.75
2025-03-07 19:20:00+00:00,148.044,148.14,148.042,148.135,1521.22
2025-03-07 19:25:00+00:00,148.137,148.172,148.053,148.146,1487.6
2025-03-07 19:30:00+00:00,148.146,148.198,148.034,148.095,1746.95
2025-03-07 19:35:00+00:00,148.094,148.154,148.072,148.154,1468.17
2025-03-07 19:40:00+00:00,148.156,148.162,148.103,148.109,2638.73
2025-03-07 19:45:00+00:00,148.108,148.128,148.05,148.082,3492.84
2025-03-07 19:50:00+00:00,148.079,148.099,148.033,148.08,2055.45
2025-03-07 19:55:00+00:00,148.08,148.089,148.006,148.033,1464.63
2025-03-07 20:00:00+00:00,148.034,148.055,147.956,147.986,1815.69
2025-03-07 20:05:00+00:00,147.986,148.094,147.984,148.084,1483.17
2025-03-07 20:10:00+00:00,148.084,148.115,148.049,148.058,1514.86
2025-03-07 20:15:00+00:00,148.057,148.101,147.98,148.076,1991.29
2025-03-07 20:20:00+00:00,148.08,148.08,148.012,148.018,1984.35
2025-03-07 20:25:00+00:00,148.017,148.059,147.994,148.006,1661.1
2025-03-07 20:30:00+00:00,148.005,148.055,147.994,148.021,2276.31
2025-03-07 20:35:00+00:00,148.023,148.027,147.91,147.913,1720.32
2025-03-07 20:40:00+00:00,147.912,147.986,147.886,147.982,1803.57
2025-03-07 20:45:00+00:00,147.981,148.023,147.951,148.011,1422.24
2025-03-07 20:50:00+00:00,148.01,148.033,147.971,148.029,1648.98
2025-03-07 20:55:00+00:00,148.032,148.066,147.929,147.953,1887.29
2025-03-07 21:00:00+00:00,147.954,147.954,147.856,147.891,730.78
2025-03-07 21:05:00+00:00,147.897,147.911,147.867,147.869,396.36
2025-03-07 21:10:00+00:00,147.868,147.882,147.84,147.85,401.76
2025-03-07 21:15:00+00:00,147.85,147.92,147.842,147.907,498.48
2025-03-07 21:20:00+00:00,147.907,147.91,147.878,147.908,444.9
2025-03-07 21:25:00+00:00,147.908,147.956,147.907,147.94,486.87
2025-03-07 21:30:00+00:00,147.94,147.985,147.939,147.985,363.47
2025-03-07 21:35:00+00:00,147.985,147.99,147.971,147.989,325.71
2025-03-07 21:40:00+00:00,147.99,148.006,147.97,148.006,536.58
2025-03-07 21:45:00+00:00,148.005,148.023,147.997,148.015,536.07
2025-03-07 21:50:00+00:00,148.012,148.028,147.986,148.012,468.29
2025-03-07 21:55:00+00:00,148.01,148.037,147.998,148.018,556.2
2025-03-09 21:00:00+00:00,147.908,147.946,147.873,147.875,21.3
2025-03-09 21:05:00+00:00,147.874,147.876,147.873,147.874,21.6
2025-03-09 21:10:00+00:00,147.874,147.874,147.874,147.874,1.8
2025-03-09 21:20:00+00:00,147.888,147.893,147.888,147.888,4.5
2025-03-09 21:30:00+00:00,147.893,147.894,147.877,147.877,15.9
2025-03-09 21:35:00+00:00,147.883,147.891,147.876,147.886,94.2
2025-03-09 21:40:00+00:00,147.885,147.886,147.85,147.856,28.5
2025-03-09 21:45:00+00:00,147.857,147.892,147.845,147.849,88.2
2025-03-09 21:50:00+00:00,147.85,147.863,147.849,147.863,36.9
2025-03-09 21:55:00+00:00,147.855,147.862,147.56,147.56,98.43
2025-03-09 22:00:00+00:00,147.564,147.848,147.564,147.785,570.9
2025-03-09 22:05:00+00:00,147.784,147.793,147.544,147.601,794.34
2025-03-09 22:10:00+00:00,147.601,147.611,147.51,147.607,830.46
2025-03-09 22:15:00+00:00,147.607,147.668,147.587,147.665,1009.99
2025-03-09 22:20:00+00:00,147.668,147.678,147.539,147.543,1235.49
2025-03-09 22:25:00+00:00,147.542,147.674,147.54,147.67,818.62
2025-03-09 22:30:00+00:00,147.668,147.67,147.501,147.521,1218.92
2025-03-09 22:35:00+00:00,147.521,147.616,147.521,147.605,624.96
2025-03-09 22:40:00+00:00,147.605,147.626,147.575,147.596,603.31
2025-03-09 22:45:00+00:00,147.596,147.656,147.498,147.516,607.53
2025-03-09 22:50:00+00:00,147.517,147.579,147.499,147.567,597.24
2025-03-09 22:55:00+00:00,147.569,147.577,147.474,147.478,819.04
2025-03-09 23:00:00+00:00,147.479,147.563,147.45,147.493,1377.9
2025-03-09 23:05:00+00:00,147.494,147.535,147.468,147.512,1462.45
2025-03-09 23:10:00+00:00,147.513,147.513,147.404,147.405,780.73
2025-03-09 23:15:00+00:00,147.403,147.458,147.386,147.447,784.23
2025-03-09 23:20:00+00:00,147.443,147.458,147.391,147.402,714.12
2025-03-09 23:25:00+00:00,147.401,147.514,147.388,147.502,714.42
2025-03-09 23:30:00+00:00,147.503,147.642,147.5,147.544,1015.34
2025-03-09 23:35:00+00:00,147.545,147.559,147.505,147.548,410.43
2025-03-09 23:40:00+00:00,147.548,147.593,147.532,147.55,652.77
2025-03-09 23:45:00+00:00,147.55,147.632,147.479,147.599,1053.06
2025-03-09 23:50:00+00:00,147.599,147.644,147.566,147.575,890.1
2025-03-09 23:55:00+00:00,147.576,147.625,147.57,147.585,1100.87
2025-03-10 00:00:00+00:00,147.584,147.647,147.393,147.501,2006.72
2025-03-10 00:05:00+00:00,147.5,147.563,147.419,147.562,1375.47
2025-03-10 00:10:00+00:00,147.559,147.59,147.448,147.461,933.45
2025-03-10 00:15:00+00:00,147.46,147.472,147.307,147.319,1249.21
2025-03-10 00:20:00+00:00,147.321,147.382,147.3,147.364,998.65
2025-03-10 00:25:00+00:00,147.364,147.407,147.311,147.335,809.19
2025-03-10 00:30:00+00:00,147.335,147.384,147.305,147.313,1014.5
2025-03-10 00:35:00+00:00,147.312,147.362,147.282,147.31,992.11
2025-03-10 00:40:00+00:00,147.309,147.328,147.241,147.311,1541.1
2025-03-10 00:45:00+00:00,147.309,147.311,147.251,147.297,1102.6
2025-03-10 00:50:00+00:00,147.296,147.351,147.249,147.321,1618.09
2025-03-10 00:55:00+00:00,147.318,147.323,147.227,147.294,1571.12
2025-03-10 01:00:00+00:00,147.289,147.322,147.226,147.295,1621.57
2025-03-10 01:05:00+00:00,147.295,147.401,147.262,147.358,1993.43
2025-03-10 01:10:00+00:00,147.359,147.41,147.322,147.351,1192.83
2025-03-10 01:15:00+00:00,147.35,147.35,147.211,147.266,964.66
2025-03-10 01:20:00+00:00,147.265,147.265,147.095,147.095,1339.25
2025-03-10 01:25:00+00:00,147.097,147.172,147.088,147.141,947.95
2025-03-10 01:30:00+00:00,147.139,147.225,147.119,147.191,1139.65
2025-03-10 01:35:00+00:00,147.192,147.261,147.17,147.245,903.94
2025-03-10 01:40:00+00:00,147.247,147.316,147.247,147.274,968.64
2025-03-10 01:45:00+00:00,147.277,147.374,147.277,147.351,765.68
2025-03-10 01:50:00+00:00,147.349,147.415,147.328,147.405,1187.37
2025-03-10 01:55:00+00:00,147.406,147.443,147.358,147.415,1339.43
2025-03-10 02:00:00+00:00,147.414,147.422,147.328,147.34,1125.5
2025-03-10 02:05:00+00:00,147.34,147.414,147.327,147.4,726.88
2025-03-10 02:10:00+00:00,147.401,147.416,147.363,147.404,683.56
2025-03-10 02:15:00+00:00,147.405,147.467,147.374,147.453,764.58
2025-03-10 02:20:00+00:00,147.452,147.475,147.429,147.467,781.19
2025-03-10 02:25:00+00:00,147.469,147.525,147.469,147.525,623.53
2025-03-10 02:30:00+00:00,147.525,147.567,147.515,147.56,724.65
2025-03-10 02:35:00+00:00,147.558,147.584,147.53,147.53,812.07
2025-03-10 02:40:00+00:00,147.53,147.587,147.517,147.585,823.06
2025-03-10 02:45:00+00:00,147.586,147.618,147.566,147.584,904.04
2025-03-10 02:50:00+00:00,147.585,147.61,147.563,147.59,989.53
2025-03-10 02:55:00+00:00,147.589,147.629,147.561,147.599,1216.29
2025-03-10 03:00:00+00:00,147.599,147.638,147.594,147.63,954.52
2025-03-10 03:05:00+00:00,147.631,147.633,147.57,147.588,759.79
2025-03-10 03:10:00+00:00,147.587,147.593,147.559,147.562,492.83
2025-03-10 03:15:00+00:00,147.561,147.578,147.549,147.568,472.76
2025-03-10 03:20:00+00:00,147.567,147.632,147.553,147.622,655.62
2025-03-10 03:25:00+00:00,147.623,147.645,147.583,147.632,531.42
2025-03-10 03:30:00+00:00,147.631,147.664,147.618,147.653,469.84
2025-03-10 03:35:00+00:00,147.651,147.662,147.593,147.659,896.14
2025-03-10 03:40:00+00:00,147.659,147.754,147.659,147.706,911.92
2025-03-10 03:45:00+00:00,147.705,147.722,147.659,147.687,432.54
2025-03-10 03:50:00+00:00,147.687,147.695,147.665,147.678,549.49
2025-03-10 03:55:00+00:00,147.678,147.695,147.635,147.637,491.54
2025-03-10 04:00:00+00:00,147.638,147.668,147.627,147.652,485.13
2025-03-10 04:05:00+00:00,147.652,147.657,147.633,147.647,379.11
2025-03-10 04:10:00+00:00,147.646,147.646,147.586,147.598,434.05
2025-03-10 04:15:00+00:00,147.597,147.612,147.585,147.598,338.91
2025-03-10 04:20:00+00:00,147.598,147.607,147.565,147.599,437.7
2025-03-10 04:25:00+00:00,147.6,147.61,147.573,147.61,568.86
2025-03-10 04:30:00+00:00,147.611,147.64,147.603,147.63,485.83
2025-03-10 04:35:00+00:00,147.631,147.637,147.559,147.572,690.78
2025-03-10 04:40:00+00:00,147.571,147.571,147.538,147.555,858.62
2025-03-10 04:45:00+00:00,147.556,147.597,147.554,147.582,579.57
2025-03-10 04:50:00+00:00,147.584,147.614,147.572,147.614,515.97
2025-03-10 04:55:00+00:00,147.614,147.636,147.605,147.633,670.71
2025-03-10 05:00:00+00:00,147.633,147.691,147.633,147.685,542.46
2025-03-10 05:05:00+00:00,147.687,147.696,147.665,147.669,835.68
2025-03-10 05:10:00+00:00,147.669,147.736,147.667,147.715,558.39
2025-03-10 05:15:00+00:00,147.716,147.75,147.714,147.744,474.42
2025-03-10 05:20:00+00:00,147.747,147.789,147.734,147.76,626.47
2025-03-10 05:25:00+00:00,147.76,147.785,147.741,147.78,466.0
2025-03-10 05:30:00+00:00,147.783,147.79,147.673,147.684,697.1
2025-03-10 05:35:00+00:00,147.682,147.728,147.679,147.684,501.59
2025-03-10 05:40:00+00:00,147.683,147.722,147.683,147.69,369.8
2025-03-10 05:45:00+00:00,147.69,147.69,147.641,147.68,475.76
2025-03-10 05:50:00+00:00,147.684,147.714,147.679,147.679,553.71
2025-03-10 05:55:00+00:00,147.679,147.679,147.52,147.521,995.94
2025-03-10 06:00:00+00:00,147.522,147.605,147.501,147.603,1419.24
2025-03-10 06:05:00+00:00,147.604,147.649,147.579,147.582,1089.82
2025-03-10 06:10:00+00:00,147.583,147.666,147.578,147.653,892.5
2025-03-10 06:15:00+00:00,147.654,147.663,147.614,147.645,962.43
2025-03-10 06:20:00+00:00,147.645,147.695,147.643,147.676,882.21
2025-03-10 06:25:00+00:00,147.675,147.675,147.568,147.585,1288.17
2025-03-10 06:30:00+00:00,147.585,147.664,147.54,147.649,1372.02
2025-03-10 06:35:00+00:00,147.649,147.695,147.638,147.675,1121.1
2025-03-10 06:40:00+00:00,147.674,147.697,147.629,147.675,941.79
2025-03-10 06:45:00+00:00,147.675,147.731,147.675,147.717,1045.68
2025-03-10 06:50:00+00:00,147.718,147.754,147.666,147.694,1323.55
2025-03-10 06:55:00+00:00,147.694,147.72,147.674,147.699,1123.15
2025-03-10 07:00:00+00:00,147.695,147.787,147.638,147.754,1434.43
2025-03-10 07:05:00+00:00,147.755,147.774,147.651,147.664,1250.94
2025-03-10 07:10:00+00:00,147.67,147.686,147.591,147.611,1088.28
2025-03-10 07:15:00+00:00,147.612,147.633,147.552,147.578,1410.39
2025-03-10 07:20:00+00:00,147.578,147.624,147.539,147.596,1430.7
2025-03-10 07:25:00+00:00,147.598,147.633,147.578,147.586,1260.93
2025-03-10 07:30:00+00:00,147.585,147.635,147.577,147.618,1265.16
2025-03-10 07:35:00+00:00,147.625,147.722,147.619,147.669,1447.14
2025-03-10 07:40:00+00:00,147.67,147.694,147.508,147.518,1393.11
2025-03-10 07:45:00+00:00,147.519,147.553,147.498,147.538,1327.46
2025-03-10 07:50:00+00:00,147.542,147.592,147.517,147.561,1405.44
2025-03-10 07:55:00+00:00,147.562,147.597,147.534,147.57,1428.96
2025-03-10 08:00:00+00:00,147.573,147.637,147.477,147.486,2033.77
2025-03-10 08:05:00+00:00,147.484,147.548,147.448,147.492,1973.51
2025-03-10 08:10:00+00:00,147.493,147.514,147.398,147.406,2070.42
2025-03-10 08:15:00+00:00,147.405,147.407,147.319,147.342,1831.72
2025-03-10 08:20:00+00:00,147.341,147.381,147.306,147.38,1656.0
2025-03-10 08:25:00+00:00,147.382,147.429,147.325,147.393,1765.08
2025-03-10 08:30:00+00:00,147.399,147.408,147.276,147.292,1807.72
2025-03-10 08:35:00+00:00,147.293,147.294,147.247,147.248,1761.83
2025-03-10 08:40:00+00:00,147.251,147.263,147.183,147.212,1791.25
2025-03-10 08:45:00+00:00,147.213,147.27,147.2,147.23,1614.11
2025-03-10 08:50:00+00:00,147.232,147.25,147.181,147.202,1646.13
2025-03-10 08:55:00+00:00,147.203,147.212,147.139,147.184,2166.94
2025-03-10 09:00:00+00:00,147.184,147.241,147.151,147.214,2691.36
2025-03-10 09:05:00+00:00,147.215,147.24,147.203,147.228,1620.72
2025-03-10 09:10:00+00:00,147.228,147.233,147.146,147.148,1543.31
2025-03-10 09:15:00+00:00,147.148,147.25,147.148,147.238,2131.35
2025-03-10 09:20:00+00:00,147.234,147.285,147.184,147.283,2012.79
2025-03-10 09:25:00+00:00,147.283,147.312,147.229,147.236,2020.47
2025-03-10 09:30:00+00:00,147.236,147.325,147.232,147.288,1186.85
2025-03-10 09:35:00+00:00,147.289,147.297,147.258,147.289,1314.19
2025-03-10 09:40:00+00:00,147.29,147.344,147.288,147.328,1416.54
2025-03-10 09:45:00+00:00,147.328,147.35,147.309,147.331,1212.91
2025-03-10 09:50:00+00:00,147.332,147.358,147.236,147.241,1788.97
2025-03-10 09:55:00+00:00,147.241,147.266,147.197,147.229,1577.62
2025-03-10 10:00:00+00:00,147.23,147.281,147.194,147.222,1897.68
2025-03-10 10:05:00+00:00,147.223,147.24,147.109,147.11,1324.23
2025-03-10 10:10:00+00:00,147.11,147.146,147.072,147.085,2023.32
2025-03-10 10:15:00+00:00,147.084,147.093,147.029,147.091,1512.51
2025-03-10 10:20:00+00:00,147.091,147.105,147.002,147.004,1500.43
2025-03-10 10:25:00+00:00,147.011,147.029,146.97,146.981,1461.03
2025-03-10 10:30:00+00:00,146.983,147.034,146.944,146.957,1536.18
2025-03-10 10:35:00+00:00,146.954,146.991,146.925,146.95,1527.78
2025-03-10 10:40:00+00:00,146.953,146.977,146.914,146.962,1808.37
2025-03-10 10:45:00+00:00,146.961,147.06,146.961,147.059,1904.49
2025-03-10 10:50:00+00:00,147.057,147.084,146.975,146.988,1723.28
2025-03-10 10:55:00+00:00,146.989,146.996,146.914,146.915,1920.77
2025-03-10 11:00:00+00:00,146.915,147.023,146.86,146.876,2387.28
2025-03-10 11:05:00+00:00,146.876,147.059,146.864,147.011,3269.16
2025-03-10 11:10:00+00:00,147.008,147.052,146.98,147.024,1715.04
2025-03-10 11:15:00+00:00,147.022,147.084,146.972,147.015,2328.02
2025-03-10 11:20:00+00:00,147.014,147.041,146.98,147.029,1484.89
2025-03-10 11:25:00+00:00,147.028,147.052,147.002,147.018,1000.14
2025-03-10 11:30:00+00:00,147.016,147.068,146.951,146.955,1642.47
2025-03-10 11:35:00+00:00,146.954,147.025,146.938,146.966,1508.91
2025-03-10 11:40:00+00:00,146.968,146.979,146.922,146.946,1383.34
2025-03-10 11:45:00+00:00,146.947,147.039,146.946,146.984,2503.08
2025-03-10 11:50:00+00:00,146.982,147.051,146.97,147.044,1977.75
2025-03-10 11:55:00+00:00,147.045,147.137,147.044,147.124,1698.24
2025-03-10 12:00:00+00:00,147.125,147.148,147.089,147.09,1532.46
2025-03-10 12:05:00+00:00,147.09,147.094,146.959,146.987,1716.91
2025-03-10 12:10:00+00:00,146.984,147.016,146.903,146.909,1856.43
2025-03-10 12:15:00+00:00,146.908,146.923,146.822,146.846,1284.33
2025-03-10 12:20:00+00:00,146.849,146.932,146.805,146.83,1418.2
2025-03-10 12:25:00+00:00,146.83,146.867,146.794,146.799,1435.47
2025-03-10 12:30:00+00:00,146.8,146.833,146.733,146.746,2509.71
2025-03-10 12:35:00+00:00,146.745,146.815,146.72,146.813,1499.73
2025-03-10 12:40:00+00:00,146.813,146.904,146.776,146.886,1781.97
2025-03-10 12:45:00+00:00,146.885,146.928,146.85,146.86,1870.04
2025-03-10 12:50:00+00:00,146.86,146.942,146.84,146.926,2133.18
2025-03-10 12:55:00+00:00,146.926,147.021,146.918,147.016,1776.16
2025-03-10 13:00:00+00:00,147.016,147.036,146.964,146.996,1773.87
2025-03-10 13:05:00+00:00,146.995,147.008,146.89,146.969,1946.68
2025-03-10 13:10:00+00:00,146.969,147.024,146.915,146.938,2587.95
2025-03-10 13:15:00+00:00,146.938,147.001,146.925,146.93,1523.1
2025-03-10 13:20:00+00:00,146.932,146.932,146.857,146.888,1759.62
2025-03-10 13:25:00+00:00,146.886,146.928,146.866,146.895,1869.69
2025-03-10 13:30:00+00:00,146.893,147.041,146.768,146.894,3787.1
2025-03-10 13:35:00+00:00,146.893,147.056,146.891,147.017,4231.67
2025-03-10 13:40:00+00:00,147.011,147.174,146.961,147.124,3194.26
2025-03-10 13:45:00+00:00,147.125,147.151,147.05,147.103,3060.48
2025-03-10 13:50:00+00:00,147.104,147.154,146.962,147.002,3211.51
2025-03-10 13:55:00+00:00,147.0,147.117,146.988,147.066,3072.7
2025-03-10 14:00:00+00:00,147.07,147.07,146.884,146.921,3264.01
2025-03-10 14:05:00+00:00,146.921,146.948,146.793,146.829,2777.19
2025-03-10 14:10:00+00:00,146.83,146.953,146.746,146.942,3191.38
2025-03-10 14:15:00+00:00,146.941,146.989,146.871,146.888,3367.03
2025-03-10 14:20:00+00:00,146.892,146.925,146.808,146.872,3814.59
2025-03-10 14:25:00+00:00,146.869,146.9,146.801,146.839,3219.85
2025-03-10 14:30:00+00:00,146.84,146.897,146.735,146.757,3348.12
2025-03-10 14:35:00+00:00,146.758,146.844,146.722,146.763,3471.25
2025-03-10 14:40:00+00:00,146.764,146.775,146.64,146.646,3528.51
2025-03-10 14:45:00+00:00,146.645,146.769,146.628,146.725,2623.26
2025-03-10 14:50:00+00:00,146.724,146.735,146.65,146.705,2919.09
2025-03-10 14:55:00+00:00,146.706,146.767,146.646,146.765,2936.24
2025-03-10 15:00:00+00:00,146.765,146.862,146.748,146.847,3121.56
2025-03-10 15:05:00+00:00,146.845,146.962,146.837,146.954,2397.12
2025-03-10 15:10:00+00:00,146.956,146.968,146.899,146.93,2703.06
2025-03-10 15:15:00+00:00,146.93,147.042,146.919,146.982,2452.1
2025-03-10 15:20:00+00:00,146.981,147.083,146.939,147.037,2718.78
2025-03-10 15:25:00+00:00,147.037,147.113,147.023,147.093,2410.18
2025-03-10 15:30:00+00:00,147.091,147.234,147.089,147.221,2306.76
2025-03-10 15:35:00+00:00,147.222,147.279,147.179,147.21,2425.48
2025-03-10 15:40:00+00:00,147.214,147.23,147.148,147.158,2045.96
2025-03-10 15:45:00+00:00,147.157,147.306,147.153,147.279,2820.84
2025-03-10 15:50:00+00:00,147.279,147.284,147.199,147.241,2304.84
2025-03-10 15:55:00+00:00,147.242,147.242,147.13,147.151,2957.07
2025-03-10 16:00:00+00:00,147.149,147.174,147.091,147.095,2470.91
2025-03-10 16:05:00+00:00,147.095,147.159,147.084,147.125,2065.51
2025-03-10 16:10:00+00:00,147.126,147.226,147.123,147.21,2223.73
2025-03-10 16:15:00+00:00,147.21,147.212,147.055,147.08,2006.32
2025-03-10 16:20:00+00:00,147.079,147.101,147.049,147.1,1903.64
2025-03-10 16:25:00+00:00,147.098,147.192,147.098,147.19,1333.3
2025-03-10 16:30:00+00:00,147.197,147.306,147.18,147.292,1638.88
2025-03-10 16:35:00+00:00,147.291,147.293,147.159,147.161,1911.48
2025-03-10 16:40:00+00:00,147.161,147.248,147.159,147.186,1880.43
2025-03-10 16:45:00+00:00,147.186,147.244,147.182,147.195,1746.45
2025-03-10 16:50:00+00:00,147.199,147.284,147.199,147.259,2067.39
2025-03-10 16:55:00+00:00,147.259,147.3,147.24,147.259,2057.31
2025-03-10 17:00:00+00:00,147.258,147.317,147.155,147.155,2608.32
2025-03-10 17:05:00+00:00,147.156,147.184,147.142,147.159,2016.03
2025-03-10 17:10:00+00:00,147.16,147.185,147.075,147.14,2186.25
2025-03-10 17:15:00+00:00,147.139,147.17,147.101,147.153,1612.11
2025-03-10 17:20:00+00:00,147.154,147.271,147.151,147.249,1531.77
2025-03-10 17:25:00+00:00,147.247,147.281,147.197,147.198,1489.8
2025-03-10 17:30:00+00:00,147.197,147.216,147.08,147.087,1499.47
2025-03-10 17:35:00+00:00,147.088,147.114,147.036,147.077,1281.49
2025-03-10 17:40:00+00:00,147.075,147.114,147.054,147.097,1283.76
2025-03-10 17:45:00+00:00,147.096,147.179,147.071,147.09,1342.98
2025-03-10 17:50:00+00:00,147.092,147.21,147.087,147.208,1412.65
2025-03-10 17:55:00+00:00,147.209,147.21,147.164,147.186,1428.54
2025-03-10 18:00:00+00:00,147.184,147.274,147.184,147.213,1367.92
2025-03-10 18:05:00+00:00,147.214,147.25,147.172,147.237,1573.89
2025-03-10 18:10:00+00:00,147.236,147.342,147.201,147.272,2752.32
2025-03-10 18:15:00+00:00,147.274,147.367,147.274,147.315,1711.49
2025-03-10 18:20:00+00:00,147.318,147.368,147.306,147.35,1186.2
2025-03-10 18:25:00+00:00,147.351,147.369,147.306,147.334,1514.31
2025-03-10 18:30:00+00:00,147.338,147.386,147.331,147.331,1096.95
2025-03-10 18:35:00+00:00,147.331,147.341,147.286,147.303,1237.02
2025-03-10 18:40:00+00:00,147.302,147.304,147.233,147.303,1592.55
2025-03-10 18:45:00+00:00,147.305,147.376,147.304,147.364,1081.29
2025-03-10 18:50:00+00:00,147.364,147.37,147.321,147.333,1271.47
2025-03-10 18:55:00+00:00,147.331,147.334,147.236,147.238,1630.55
2025-03-10 19:00:00+00:00,147.237,147.247,147.117,147.141,1756.45
2025-03-10 19:05:00+00:00,147.14,147.184,147.096,147.11,1348.74
2025-03-10 19:10:00+00:00,147.111,147.218,147.084,147.208,1463.11
2025-03-10 19:15:00+00:00,147.209,147.278,147.201,147.267,1620.56
2025-03-10 19:20:00+00:00,147.268,147.334,147.263,147.33,1777.5
2025-03-10 19:25:00+00:00,147.331,147.374,147.301,147.31,1934.58
2025-03-10 19:30:00+00:00,147.312,147.462,147.309,147.457,2184.0
2025-03-10 19:35:00+00:00,147.456,147.464,147.379,147.439,2150.82
2025-03-10 19:40:00+00:00,147.438,147.455,147.343,147.344,3972.81
2025-03-10 19:45:00+00:00,147.343,147.412,147.341,147.382,2648.46
2025-03-10 19:50:00+00:00,147.382,147.431,147.314,147.343,2122.57
2025-03-10 19:55:00+00:00,147.344,147.373,147.264,147.294,1972.44
2025-03-10 20:00:00+00:00,147.293,147.304,147.228,147.289,962.8
2025-03-10 20:05:00+00:00,147.288,147.294,147.251,147.294,455.43
2025-03-10 20:10:00+00:00,147.294,147.364,147.294,147.344,481.38
2025-03-10 20:15:00+00:00,147.342,147.348,147.286,147.295,342.87
2025-03-10 20:20:00+00:00,147.293,147.312,147.262,147.294,419.13
2025-03-10 20:25:00+00:00,147.295,147.344,147.288,147.344,395.22
2025-03-10 20:30:00+00:00,147.343,147.354,147.312,147.317,293.52
2025-03-10 20:35:00+00:00,147.323,147.338,147.296,147.314,397.14
2025-03-10 20:40:00+00:00,147.315,147.316,147.296,147.303,383.67
2025-03-10 20:45:00+00:00,147.302,147.313,147.284,147.285,475.86
2025-03-10 20:50:00+00:00,147.284,147.314,147.284,147.291,594.06
2025-03-10 20:55:00+00:00,147.288,147.292,147.253,147.253,535.65
2025-03-10 21:00:00+00:00,147.252,147.259,147.252,147.259,4.5
2025-03-10 21:05:00+00:00,147.261,147.27,147.261,147.264,20.1
2025-03-10 21:10:00+00:00,147.264,147.276,147.262,147.262,39.3
2025-03-10 21:15:00+00:00,147.252,147.254,147.25,147.254,16.2
2025-03-10 21:20:00+00:00,147.254,147.254,147.133,147.157,33.12
2025-03-10 21:25:00+00:00,147.151,147.175,147.15,147.167,48.3
2025-03-10 21:30:00+00:00,147.174,147.178,147.166,147.178,24.6
2025-03-10 21:35:00+00:00,147.178,147.178,147.124,147.147,30.51
2025-03-10 21:40:00+00:00,147.147,147.148,147.124,147.129,19.8
2025-03-10 21:45:00+00:00,147.129,147.129,147.119,147.128,21.6
2025-03-10 21:50:00+00:00,147.128,147.155,147.121,147.15,25.5
2025-03-10 21:55:00+00:00,147.149,147.151,147.149,147.151,17.7
2025-03-10 22:00:00+00:00,147.15,147.173,147.101,147.145,273.21
2025-03-10 22:05:00+00:00,147.134,147.137,147.025,147.058,269.82
2025-03-10 22:10:00+00:00,147.061,147.066,146.98,147.028,464.61
2025-03-10 22:15:00+00:00,147.027,147.047,146.972,147.034,790.31
2025-03-10 22:20:00+00:00,147.032,147.085,147.022,147.051,585.0
2025-03-10 22:25:00+00:00,147.05,147.061,147.03,147.054,732.75
2025-03-10 22:30:00+00:00,147.054,147.101,147.054,147.071,422.19
2025-03-10 22:35:00+00:00,147.07,147.113,147.058,147.092,339.24
2025-03-10 22:40:00+00:00,147.091,147.099,147.06,147.071,249.93
2025-03-10 22:45:00+00:00,147.073,147.085,147.057,147.076,347.25
2025-03-10 22:50:00+00:00,147.075,147.083,146.951,146.974,480.18
2025-03-10 22:55:00+00:00,146.976,147.028,146.972,146.983,651.36
2025-03-10 23:00:00+00:00,146.982,147.005,146.902,146.916,738.16
2025-03-10 23:05:00+00:00,146.917,146.929,146.847,146.864,1024.93
2025-03-10 23:10:00+00:00,146.866,146.912,146.838,146.873,759.27
2025-03-10 23:15:00+00:00,146.874,146.881,146.805,146.836,1016.0
2025-03-10 23:20:00+00:00,146.839,146.901,146.821,146.837,744.89
2025-03-10 23:25:00+00:00,146.838,146.846,146.809,146.823,273.72
2025-03-10 23:30:00+00:00,146.824,146.891,146.805,146.865,1077.15
2025-03-10 23:35:00+00:00,146.865,146.869,146.79,146.851,1373.89
2025-03-10 23:40:00+00:00,146.855,146.939,146.848,146.859,989.28
2025-03-10 23:45:00+00:00,146.859,146.867,146.779,146.864,685.41
2025-03-10 23:50:00+00:00,146.863,147.058,146.862,147.019,1325.44
2025-03-10 23:55:00+00:00,147.019,147.09,147.019,147.076,1445.79
2025-03-11 00:00:00+00:00,147.076,147.099,146.909,146.91,2193.42
2025-03-11 00:05:00+00:00,146.911,146.917,146.771,146.822,1731.35
2025-03-11 00:10:00+00:00,146.825,146.93,146.78,146.821,1753.05
2025-03-11 00:15:00+00:00,146.82,146.907,146.807,146.841,1404.31
2025-03-11 00:20:00+00:00,146.841,146.858,146.734,146.742,1702.88
2025-03-11 00:25:00+00:00,146.743,146.804,146.732,146.772,1508.45
2025-03-11 00:30:00+00:00,146.772,146.792,146.688,146.712,1895.72
2025-03-11 00:35:00+00:00,146.712,146.741,146.674,146.694,1402.32
2025-03-11 00:40:00+00:00,146.702,146.742,146.649,146.661,1504.59
2025-03-11 00:45:00+00:00,146.661,146.68,146.603,146.661,1434.74
2025-03-11 00:50:00+00:00,146.661,146.684,146.538,146.626,2452.86
2025-03-11 00:55:00+00:00,146.63,146.751,146.601,146.748,1784.28
2025-03-11 01:00:00+00:00,146.746,146.81,146.67,146.708,1678.44
2025-03-11 01:05:00+00:00,146.705,146.72,146.593,146.61,1384.96
2025-03-11 01:10:00+00:00,146.61,146.706,146.594,146.661,1520.04
2025-03-11 01:15:00+00:00,146.66,146.798,146.639,146.747,1493.91
2025-03-11 01:20:00+00:00,146.748,146.861,146.737,146.842,1578.24
2025-03-11 01:25:00+00:00,146.841,146.878,146.799,146.836,1434.18
2025-03-11 01:30:00+00:00,146.839,146.919,146.836,146.892,1383.36
2025-03-11 01:35:00+00:00,146.892,146.925,146.862,146.883,1149.7
2025-03-11 01:40:00+00:00,146.883,146.885,146.812,146.865,1191.62
2025-03-11 01:45:00+00:00,146.865,146.865,146.803,146.806,1444.95
2025-03-11 01:50:00+00:00,146.805,146.897,146.799,146.86,1420.48
2025-03-11 01:55:00+00:00,146.862,146.862,146.756,146.804,1745.09
2025-03-11 02:00:00+00:00,146.804,146.83,146.759,146.805,1568.28
2025-03-11 02:05:00+00:00,146.813,147.057,146.807,147.029,2132.9
2025-03-11 02:10:00+00:00,147.029,147.102,146.993,146.994,2316.88
2025-03-11 02:15:00+00:00,146.994,147.169,146.973,147.165,1748.16
2025-03-11 02:20:00+00:00,147.164,147.192,147.096,147.13,1759.86
2025-03-11 02:25:00+00:00,147.134,147.147,147.08,147.085,1714.24
2025-03-11 02:30:00+00:00,147.081,147.161,147.073,147.102,1355.96
2025-03-11 02:35:00+00:00,147.104,147.157,147.06,147.085,1057.77
2025-03-11 02:40:00+00:00,147.083,147.083,146.997,147.007,874.03
2025-03-11 02:45:00+00:00,147.003,147.014,146.959,146.975,750.33
2025-03-11 02:50:00+00:00,146.974,147.004,146.936,146.941,988.14
2025-03-11 02:55:00+00:00,146.936,146.96,146.897,146.917,598.18
2025-03-11 03:00:00+00:00,146.917,147.015,146.914,146.983,1530.28
2025-03-11 03:05:00+00:00,146.982,147.078,146.965,147.043,1844.04
2025-03-11 03:10:00+00:00,147.043,147.076,147.015,147.064,1124.34
2025-03-11 03:15:00+00:00,147.062,147.132,147.056,147.097,1203.48
2025-03-11 03:20:00+00:00,147.093,147.119,147.066,147.077,1362.07
2025-03-11 03:25:00+00:00,147.079,147.141,147.065,147.129,1001.7
2025-03-11 03:30:00+00:00,147.129,147.151,147.084,147.09,1113.45
2025-03-11 03:35:00+00:00,147.09,147.136,147.088,147.093,996.16
2025-03-11 03:40:00+00:00,147.092,147.147,147.088,147.142,968.97
2025-03-11 03:45:00+00:00,147.143,147.152,147.109,147.137,991.54
2025-03-11 03:50:00+00:00,147.136,147.14,147.071,147.086,792.18
2025-03-11 03:55:00+00:00,147.086,147.129,147.065,147.115,694.09
2025-03-11 04:00:00+00:00,147.113,147.116,147.078,147.092,682.35
2025-03-11 04:05:00+00:00,147.091,147.119,147.068,147.082,870.96
2025-03-11 04:10:00+00:00,147.091,147.144,147.088,147.138,768.96
2025-03-11 04:15:00+00:00,147.137,147.22,147.137,147.164,1070.36
2025-03-11 04:20:00+00:00,147.163,147.163,147.096,147.106,721.61
2025-03-11 04:25:00+00:00,147.107,147.126,147.089,147.11,744.09
2025-03-11 04:30:00+00:00,147.109,147.11,147.069,147.082,825.24
2025-03-11 04:35:00+00:00,147.082,147.082,146.988,147.004,830.44
2025-03-11 04:40:00+00:00,147.003,147.021,146.928,146.928,896.99
2025-03-11 04:45:00+00:00,146.927,147.004,146.92,146.996,793.53
2025-03-11 04:50:00+00:00,146.997,146.997,146.953,146.979,774.39
2025-03-11 04:55:00+00:00,146.98,147.009,146.971,146.971,570.03
2025-03-11 05:00:00+00:00,146.97,146.977,146.918,146.938,840.6
2025-03-11 05:05:00+00:00,146.94,147.004,146.938,146.998,592.11
2025-03-11 05:10:00+00:00,146.999,147.059,146.999,147.056,540.15
2025-03-11 05:15:00+00:00,147.055,147.1,147.054,147.09,952.23
2025-03-11 05:20:00+00:00,147.09,147.117,147.079,147.098,767.46
2025-03-11 05:25:00+00:00,147.098,147.098,147.026,147.034,850.65
2025-03-11 05:30:00+00:00,147.034,147.078,147.016,147.061,549.93
2025-03-11 05:35:00+00:00,147.059,147.128,147.055,147.118,477.87
2025-03-11 05:40:00+00:00,147.119,147.184,147.111,147.182,498.63
2025-03-11 05:45:00+00:00,147.184,147.195,147.164,147.173,561.54
2025-03-11 05:50:00+00:00,147.174,147.285,147.167,147.277,802.95
2025-03-11 05:55:00+00:00,147.277,147.284,147.212,147.221,1137.31
2025-03-11 06:00:00+00:00,147.219,147.266,147.198,147.204,1327.86
2025-03-11 06:05:00+00:00,147.204,147.345,147.187,147.339,1467.34
2025-03-11 06:10:00+00:00,147.34,147.372,147.328,147.336,1262.14
2025-03-11 06:15:00+00:00,147.335,147.338,147.277,147.299,1608.63
2025-03-11 06:20:00+00:00,147.3,147.4,147.289,147.353,2557.78
2025-03-11 06:25:00+00:00,147.354,147.375,147.305,147.326,1408.8
2025-03-11 06:30:00+00:00,147.326,147.357,147.255,147.258,1643.13
2025-03-11 06:35:00+00:00,147.259,147.29,147.219,147.248,1648.76
2025-03-11 06:40:00+00:00,147.248,147.264,147.205,147.257,1156.93
2025-03-11 06:45:00+00:00,147.255,147.279,147.213,147.264,1097.31
2025-03-11 06:50:00+00:00,147.271,147.288,147.227,147.255,1148.07
2025-03-11 06:55:00+00:00,147.256,147.267,147.215,147.232,1399.75
2025-03-11 07:00:00+00:00,147.233,147.286,147.169,147.265,1871.22
2025-03-11 07:05:00+00:00,147.266,147.276,147.143,147.188,1666.59
2025-03-11 07:10:00+00:00,147.186,147.203,147.134,147.136,1660.23
2025-03-11 07:15:00+00:00,147.137,147.174,147.11,147.119,1998.63
2025-03-11 07:20:00+00:00,147.119,147.162,147.085,147.09,1916.28
2025-03-11 07:25:00+00:00,147.09,147.134,147.057,147.115,1850.4
2025-03-11 07:30:00+00:00,147.115,147.138,147.052,147.062,1439.07
2025-03-11 07:35:00+00:00,147.06,147.069,146.942,146.955,1504.05
2025-03-11 07:40:00+00:00,146.954,146.957,146.836,146.871,1800.71
2025-03-11 07:45:00+00:00,146.867,146.867,146.789,146.79,2090.07
2025-03-11 07:50:00+00:00,146.79,146.854,146.758,146.853,2064.09
2025-03-11 07:55:00+00:00,146.851,146.942,146.851,146.937,1502.38
2025-03-11 08:00:00+00:00,146.934,146.985,146.874,146.951,2785.38
2025-03-11 08:05:00+00:00,146.953,146.98,146.916,146.977,2302.61
2025-03-11 08:10:00+00:00,146.977,147.15,146.977,147.114,2309.82
2025-03-11 08:15:00+00:00,147.115,147.139,147.046,147.048,2622.29
2025-03-11 08:20:00+00:00,147.048,147.06,146.958,147.044,2402.51
2025-03-11 08:25:00+00:00,147.043,147.173,147.024,147.165,1975.98
2025-03-11 08:30:00+00:00,147.166,147.235,147.131,147.152,1729.24
2025-03-11 08:35:00+00:00,147.152,147.211,147.141,147.204,1825.46
2025-03-11 08:40:00+00:00,147.204,147.243,147.165,147.218,2380.11
2025-03-11 08:45:00+00:00,147.219,147.3,147.219,147.278,2018.67
2025-03-11 08:50:00+00:00,147.278,147.296,147.214,147.251,2060.02
2025-03-11 08:55:00+00:00,147.252,147.296,147.237,147.287,1703.83
2025-03-11 09:00:00+00:00,147.287,147.314,147.252,147.275,2248.62
2025-03-11 09:05:00+00:00,147.275,147.29,147.217,147.228,1940.02
2025-03-11 09:10:00+00:00,147.237,147.275,147.216,147.268,2111.83
2025-03-11 09:15:00+00:00,147.267,147.353,147.267,147.298,2209.04
2025-03-11 09:20:00+00:00,147.298,147.32,147.26,147.32,1887.87
2025-03-11 09:25:00+00:00,147.321,147.481,147.321,147.471,2167.96
2025-03-11 09:30:00+00:00,147.471,147.515,147.436,147.448,1801.09
2025-03-11 09:35:00+00:00,147.449,147.493,147.416,147.436,1651.58
2025-03-11 09:40:00+00:00,147.437,147.441,147.37,147.404,2177.83
2025-03-11 09:45:00+00:00,147.403,147.407,147.317,147.341,2168.69
2025-03-11 09:50:00+00:00,147.34,147.387,147.328,147.378,1122.05
2025-03-11 09:55:00+00:00,147.381,147.409,147.339,147.37,1200.09
2025-03-11 10:00:00+00:00,147.373,147.456,147.368,147.453,1557.35
2025-03-11 10:05:00+00:00,147.453,147.512,147.406,147.429,1640.58
2025-03-11 10:10:00+00:00,147.429,147.507,147.417,147.441,1177.24
2025-03-11 10:15:00+00:00,147.442,147.489,147.418,147.485,1602.15
2025-03-11 10:20:00+00:00,147.485,147.596,147.484,147.562,1835.35
2025-03-11 10:25:00+00:00,147.562,147.617,147.525,147.593,1477.12
2025-03-11 10:30:00+00:00,147.594,147.641,147.591,147.636,1462.37
2025-03-11 10:35:00+00:00,147.636,147.636,147.536,147.549,1255.7
2025-03-11 10:40:00+00:00,147.547,147.556,147.517,147.547,1208.31
2025-03-11 10:45:00+00:00,147.544,147.546,147.482,147.493,1308.98
2025-03-11 10:50:00+00:00,147.494,147.54,147.459,147.537,1400.0
2025-03-11 10:55:00+00:00,147.537,147.562,147.531,147.556,1313.31
2025-03-11 11:00:00+00:00,147.557,147.559,147.487,147.515,1835.67
2025-03-11 11:05:00+00:00,147.517,147.581,147.473,147.486,1596.69
2025-03-11 11:10:00+00:00,147.489,147.59,147.479,147.589,1332.24
2025-03-11 11:15:00+00:00,147.588,147.621,147.559,147.601,1096.35
2025-03-11 11:20:00+00:00,147.599,147.632,147.58,147.605,1204.12
2025-03-11 11:25:00+00:00,147.603,147.633,147.593,147.617,994.35
2025-03-11 11:30:00+00:00,147.619,147.705,147.601,147.669,1694.96
2025-03-11 11:35:00+00:00,147.673,147.72,147.649,147.678,1207.68
2025-03-11 11:40:00+00:00,147.679,147.704,147.675,147.69,1031.67
2025-03-11 11:45:00+00:00,147.688,147.697,147.635,147.669,1131.82
2025-03-11 11:50:00+00:00,147.668,147.725,147.648,147.657,1238.03
2025-03-11 11:55:00+00:00,147.656,147.661,147.587,147.602,2001.09
2025-03-11 12:00:00+00:00,147.602,147.648,147.565,147.578,2047.15
2025-03-11 12:05:00+00:00,147.578,147.579,147.517,147.53,1956.52
2025-03-11 12:10:00+00:00,147.531,147.555,147.453,147.461,1521.93
2025-03-11 12:15:00+00:00,147.46,147.536,147.458,147.535,2167.32
2025-03-11 12:20:00+00:00,147.535,147.552,147.493,147.511,1775.13
2025-03-11 12:25:00+00:00,147.512,147.521,147.413,147.416,1922.94
2025-03-11 12:30:00+00:00,147.415,147.422,147.351,147.364,1726.65
2025-03-11 12:35:00+00:00,147.363,147.421,147.343,147.402,1718.76
2025-03-11 12:40:00+00:00,147.399,147.421,147.331,147.421,1555.8
2025-03-11 12:45:00+00:00,147.419,147.43,147.34,147.362,2098.94
2025-03-11 12:50:00+00:00,147.365,147.532,147.359,147.518,2085.57
2025-03-11 12:55:00+00:00,147.518,147.936,147.499,147.768,3327.92
2025-03-11 13:00:00+00:00,147.766,147.987,147.766,147.957,2490.45
2025-03-11 13:05:00+00:00,147.966,148.11,147.962,148.014,2653.27
2025-03-11 13:10:00+00:00,148.007,148.017,147.925,147.955,3089.29
2025-03-11 13:15:00+00:00,147.955,148.085,147.949,148.019,2898.12
2025-03-11 13:20:00+00:00,148.019,148.063,147.946,147.959,2939.13
2025-03-11 13:25:00+00:00,147.96,147.966,147.826,147.839,2981.77
2025-03-11 13:30:00+00:00,147.838,147.907,147.765,147.784,4200.49
2025-03-11 13:35:00+00:00,147.783,147.96,147.629,147.934,4154.7
2025-03-11 13:40:00+00:00,147.939,147.974,147.779,147.954,4365.87
2025-03-11 13:45:00+00:00,147.958,147.986,147.841,147.972,4406.13
2025-03-11 13:50:00+00:00,147.971,148.006,147.847,147.885,3568.43
2025-03-11 13:55:00+00:00,147.883,147.906,147.767,147.773,2790.27
2025-03-11 14:00:00+00:00,147.774,148.118,147.488,147.575,5505.78
2025-03-11 14:05:00+00:00,147.577,147.81,147.54,147.795,4853.02
2025-03-11 14:10:00+00:00,147.805,147.838,147.673,147.706,3842.36
2025-03-11 14:15:00+00:00,147.705,147.757,147.549,147.712,3652.53
2025-03-11 14:20:00+00:00,147.704,147.704,147.488,147.526,3388.01
2025-03-11 14:25:00+00:00,147.529,147.552,147.408,147.486,2895.14
2025-03-11 14:30:00+00:00,147.486,147.572,147.379,147.428,3695.93
2025-03-11 14:35:00+00:00,147.428,147.49,147.324,147.344,3513.67
2025-03-11 14:40:00+00:00,147.342,147.485,147.266,147.392,3321.33
2025-03-11 14:45:00+00:00,147.394,147.428,147.275,147.373,3818.6
2025-03-11 14:50:00+00:00,147.372,147.542,147.34,147.531,3713.34
2025-03-11 14:55:00+00:00,147.533,147.542,147.32,147.353,3404.1
2025-03-11 15:00:00+00:00,147.353,147.433,147.29,147.328,3468.44
2025-03-11 15:05:00+00:00,147.327,147.542,147.325,147.503,3656.42
2025-03-11 15:10:00+00:00,147.503,147.554,147.415,147.496,3431.05
2025-03-11 15:15:00+00:00,147.496,147.578,147.471,147.569,3382.98
2025-03-11 15:20:00+00:00,147.567,147.637,147.533,147.571,3303.02
2025-03-11 15:25:00+00:00,147.57,147.719,147.569,147.575,3866.65
2025-03-11 15:30:00+00:00,147.573,147.699,147.56,147.647,3149.2
2025-03-11 15:35:00+00:00,147.644,147.671,147.579,147.64,2612.1
2025-03-11 15:40:00+00:00,147.64,147.74,147.581,147.585,2510.04
2025-03-11 15:45:00+00:00,147.584,147.604,147.505,147.583,2407.19
2025-03-11 15:50:00+00:00,147.582,147.61,147.485,147.538,2420.28
2025-03-11 15:55:00+00:00,147.538,147.555,147.475,147.494,2381.81
2025-03-11 16:00:00+00:00,147.496,147.519,147.419,147.42,3358.91
2025-03-11 16:05:00+00:00,147.42,147.439,147.324,147.369,2729.81
2025-03-11 16:10:00+00:00,147.37,147.406,147.331,147.344,2835.46
2025-03-11 16:15:00+00:00,147.345,147.434,147.343,147.39,3009.71
2025-03-11 16:20:00+00:00,147.389,147.491,147.38,147.424,2068.15
2025-03-11 16:25:00+00:00,147.427,147.475,147.409,147.449,1958.82
2025-03-11 16:30:00+00:00,147.447,147.512,147.442,147.495,1812.4
2025-03-11 16:35:00+00:00,147.498,147.516,147.406,147.421,1674.84
2025-03-11 16:40:00+00:00,147.422,147.459,147.306,147.31,1916.78
2025-03-11 16:45:00+00:00,147.316,147.392,147.286,147.372,1797.07
2025-03-11 16:50:00+00:00,147.37,147.37,147.266,147.295,2051.98
2025-03-11 16:55:00+00:00,147.294,147.343,147.247,147.291,2273.56
2025-03-11 17:00:00+00:00,147.292,147.292,147.2,147.214,1504.01
2025-03-11 17:05:00+00:00,147.215,147.232,147.092,147.123,1460.59
2025-03-11 17:10:00+00:00,147.124,147.135,147.05,147.117,1355.2
2025-03-11 17:15:00+00:00,147.118,147.194,147.098,147.138,1187.28
2025-03-11 17:20:00+00:00,147.135,147.135,147.021,147.066,1686.69
2025-03-11 17:25:00+00:00,147.068,147.076,147.02,147.053,1854.87
2025-03-11 17:30:00+00:00,147.052,147.123,147.051,147.089,1805.77
2025-03-11 17:35:00+00:00,147.085,147.15,147.036,147.136,1475.78
2025-03-11 17:40:00+00:00,147.136,147.184,147.102,147.167,1929.7
2025-03-11 17:45:00+00:00,147.165,147.21,147.141,147.166,1861.88
2025-03-11 17:50:00+00:00,147.164,147.202,147.153,147.187,1750.6
2025-03-11 17:55:00+00:00,147.189,147.214,147.134,147.188,2109.33
2025-03-11 18:00:00+00:00,147.188,147.357,147.151,147.343,3587.53
2025-03-11 18:05:00+00:00,147.344,147.474,147.326,147.448,2352.47
2025-03-11 18:10:00+00:00,147.446,147.542,147.439,147.537,2942.73
2025-03-11 18:15:00+00:00,147.538,147.66,147.505,147.653,2658.43
2025-03-11 18:20:00+00:00,147.654,147.799,147.636,147.748,3274.74
2025-03-11 18:25:00+00:00,147.748,147.77,147.653,147.69,2941.97
2025-03-11 18:30:00+00:00,147.69,147.728,147.595,147.656,2863.19
2025-03-11 18:35:00+00:00,147.657,147.745,147.628,147.74,2450.06
2025-03-11 18:40:00+00:00,147.741,147.847,147.716,147.83,3101.66
2025-03-11 18:45:00+00:00,147.829,147.84,147.742,147.796,3776.47
2025-03-11 18:50:00+00:00,147.797,147.891,147.787,147.874,2122.11
2025-03-11 18:55:00+00:00,147.874,147.913,147.804,147.825,2582.75
2025-03-11 19:00:00+00:00,147.826,147.836,147.718,147.721,2341.19
2025-03-11 19:05:00+00:00,147.722,147.857,147.722,147.827,3063.75
2025-03-11 19:10:00+00:00,147.831,147.831,147.762,147.78,2182.09
2025-03-11 19:15:00+00:00,147.779,147.78,147.688,147.694,1728.57
2025-03-11 19:20:00+00:00,147.69,147.789,147.648,147.655,2065.32
2025-03-11 19:25:00+00:00,147.658,147.764,147.653,147.715,2093.47
2025-03-11 19:30:00+00:00,147.715,147.732,147.66,147.673,2010.85
2025-03-11 19:35:00+00:00,147.672,147.722,147.635,147.642,2206.04
2025-03-11 19:40:00+00:00,147.641,147.759,147.612,147.755,1687.51
2025-03-11 19:45:00+00:00,147.754,147.811,147.706,147.811,1500.87
2025-03-11 19:50:00+00:00,147.81,147.81,147.66,147.69,1932.4
2025-03-11 19:55:00+00:00,147.69,147.766,147.655,147.755,1122.63
2025-03-11 20:00:00+00:00,147.754,147.823,147.739,147.818,1113.27
2025-03-11 20:05:00+00:00,147.819,147.829,147.795,147.817,979.47
2025-03-11 20:10:00+00:00,147.819,147.863,147.801,147.855,705.6
2025-03-11 20:15:00+00:00,147.855,147.855,147.801,147.811,521.04
2025-03-11 20:20:00+00:00,147.81,147.85,147.781,147.824,432.84
2025-03-11 20:25:00+00:00,147.826,147.842,147.797,147.806,1049.04
2025-03-11 20:30:00+00:00,147.804,147.85,147.797,147.846,371.37
2025-03-11 20:35:00+00:00,147.844,147.847,147.805,147.805,308.85
2025-03-11 20:40:00+00:00,147.805,147.837,147.798,147.821,403.44
2025-03-11 20:45:00+00:00,147.822,147.831,147.796,147.814,502.56
2025-03-11 20:50:00+00:00,147.814,147.815,147.755,147.757,393.55
2025-03-11 20:55:00+00:00,147.756,147.784,147.756,147.767,297.48
2025-03-11 21:00:00+00:00,147.757,147.757,147.754,147.755,5.4
2025-03-11 21:05:00+00:00,147.756,147.791,147.74,147.747,61.5
2025-03-11 21:10:00+00:00,147.739,147.784,147.739,147.764,29.4
2025-03-11 21:15:00+00:00,147.767,147.779,147.763,147.764,33.6
2025-03-11 21:20:00+00:00,147.764,147.783,147.496,147.545,65.85
2025-03-11 21:25:00+00:00,147.544,147.619,147.544,147.604,22.8
2025-03-11 21:30:00+00:00,147.627,147.663,147.604,147.633,75.72
2025-03-11 21:35:00+00:00,147.633,147.707,147.628,147.707,30.88
2025-03-11 21:40:00+00:00,147.698,147.71,147.698,147.71,9.9
2025-03-11 21:45:00+00:00,147.706,147.709,147.706,147.709,9.6
2025-03-11 21:50:00+00:00,147.713,147.714,147.713,147.714,2.4
2025-03-11 21:55:00+00:00,147.714,147.717,147.713,147.713,3.3
2025-03-11 22:00:00+00:00,147.718,147.808,147.718,147.786,307.93
2025-03-11 22:05:00+00:00,147.788,147.788,147.766,147.77,85.8
2025-03-11 22:10:00+00:00,147.77,147.806,147.746,147.8,160.65
2025-03-11 22:15:00+00:00,147.799,147.834,147.787,147.822,899.55
2025-03-11 22:20:00+00:00,147.823,147.836,147.78,147.804,883.65
2025-03-11 22:25:00+00:00,147.806,147.809,147.771,147.785,143.55
2025-03-11 22:30:00+00:00,147.786,147.803,147.759,147.791,288.51
2025-03-11 22:35:00+00:00,147.79,147.898,147.788,147.892,360.27
2025-03-11 22:40:00+00:00,147.895,147.901,147.87,147.872,410.64
2025-03-11 22:45:00+00:00,147.871,147.891,147.869,147.882,150.9
2025-03-11 22:50:00+00:00,147.882,147.933,147.876,147.894,220.74
2025-03-11 22:55:00+00:00,147.894,147.935,147.889,147.89,313.04
2025-03-11 23:00:00+00:00,147.891,147.91,147.852,147.888,758.38
2025-03-11 23:05:00+00:00,147.889,147.928,147.867,147.867,605.27
2025-03-11 23:10:00+00:00,147.867,147.871,147.815,147.861,420.48
2025-03-11 23:15:00+00:00,147.86,147.862,147.827,147.862,232.11
2025-03-11 23:20:00+00:00,147.871,147.91,147.85,147.87,251.49
2025-03-11 23:25:00+00:00,147.869,147.91,147.854,147.871,363.27
2025-03-11 23:30:00+00:00,147.869,147.905,147.83,147.848,710.13
2025-03-11 23:35:00+00:00,147.848,147.892,147.848,147.89,321.36
2025-03-11 23:40:00+00:00,147.891,147.892,147.81,147.835,550.56
2025-03-11 23:45:00+00:00,147.835,147.958,147.824,147.937,819.72
2025-03-11 23:50:00+00:00,147.934,148.047,147.931,148.034,817.99
2025-03-11 23:55:00+00:00,148.033,148.066,148.01,148.049,762.35
2025-03-12 00:00:00+00:00,148.048,148.095,148.019,148.064,1587.35
2025-03-12 00:05:00+00:00,148.064,148.127,147.942,148.08,1591.54
2025-03-12 00:10:00+00:00,148.076,148.149,148.072,148.11,1164.18
2025-03-12 00:15:00+00:00,148.109,148.114,148.031,148.06,1162.89
2025-03-12 00:20:00+00:00,148.059,148.103,148.024,148.066,1214.34
2025-03-12 00:25:00+00:00,148.065,148.07,148.008,148.019,1326.85
2025-03-12 00:30:00+00:00,148.02,148.055,147.974,148.039,1390.92
2025-03-12 00:35:00+00:00,148.039,148.054,147.968,147.984,1102.07
2025-03-12 00:40:00+00:00,147.985,148.082,147.957,148.069,1329.54
2025-03-12 00:45:00+00:00,148.067,148.102,148.039,148.088,910.77
2025-03-12 00:50:00+00:00,148.088,148.119,148.001,148.025,1574.07
2025-03-12 00:55:00+00:00,148.022,148.151,148.017,148.13,1440.92
2025-03-12 01:00:00+00:00,148.131,148.152,147.953,147.959,1112.21
2025-03-12 01:05:00+00:00,147.959,147.986,147.866,147.922,1135.03
2025-03-12 01:10:00+00:00,147.923,147.925,147.866,147.868,1029.24
2025-03-12 01:15:00+00:00,147.869,147.894,147.844,147.888,990.63
2025-03-12 01:20:00+00:00,147.888,147.932,147.884,147.906,853.2
2025-03-12 01:25:00+00:00,147.905,147.938,147.849,147.866,645.29
2025-03-12 01:30:00+00:00,147.865,147.928,147.857,147.913,978.99
2025-03-12 01:35:00+00:00,147.914,147.959,147.899,147.945,761.34
2025-03-12 01:40:00+00:00,147.944,147.997,147.931,147.987,862.41
2025-03-12 01:45:00+00:00,147.984,148.064,147.979,148.015,927.12
2025-03-12 01:50:00+00:00,148.013,148.065,148.008,148.043,684.07
2025-03-12 01:55:00+00:00,148.042,148.064,148.031,148.031,601.29
2025-03-12 02:00:00+00:00,148.031,148.061,147.873,147.877,1344.89
2025-03-12 02:05:00+00:00,147.876,147.956,147.867,147.939,650.24
2025-03-12 02:10:00+00:00,147.937,148.004,147.934,147.964,711.15
2025-03-12 02:15:00+00:00,147.906,148.018,147.864,148.013,1125.67
2025-03-12 02:20:00+00:00,148.013,148.059,147.991,148.059,1121.41
2025-03-12 02:25:00+00:00,148.059,148.063,147.99,148.001,1179.2
2025-03-12 02:30:00+00:00,148.002,148.031,147.958,148.02,700.44
2025-03-12 02:35:00+00:00,148.019,148.038,148.006,148.012,450.15
2025-03-12 02:40:00+00:00,148.013,148.043,147.996,148.025,292.2
2025-03-12 02:45:00+00:00,148.026,148.035,148.005,148.03,286.59
2025-03-12 02:50:00+00:00,148.03,148.065,148.021,148.06,307.11
2025-03-12 02:55:00+00:00,148.062,148.066,148.032,148.04,265.92
2025-03-12 03:00:00+00:00,148.037,148.094,147.998,148.082,389.67
2025-03-12 03:05:00+00:00,148.079,148.091,148.036,148.047,348.48
2025-03-12 03:10:00+00:00,148.048,148.055,148.023,148.049,424.05
2025-03-12 03:15:00+00:00,148.049,148.071,148.035,148.046,404.79
2025-03-12 03:20:00+00:00,148.047,148.054,147.966,147.977,533.61
2025-03-12 03:25:00+00:00,147.976,147.979,147.922,147.974,906.51
2025-03-12 03:30:00+00:00,147.974,148.0,147.959,147.992,748.44
2025-03-12 03:35:00+00:00,147.991,148.056,147.978,148.039,837.87
2025-03-12 03:40:00+00:00,148.039,148.044,147.991,148.042,631.08
2025-03-12 03:45:00+00:00,148.042,148.074,148.014,148.022,638.79
2025-03-12 03:50:00+00:00,148.025,148.076,148.02,148.07,345.15
2025-03-12 03:55:00+00:00,148.069,148.101,148.054,148.072,442.75
2025-03-12 04:00:00+00:00,148.073,148.157,148.062,148.131,754.03
2025-03-12 04:05:00+00:00,148.131,148.185,148.12,148.168,645.0
2025-03-12 04:10:00+00:00,148.166,148.168,148.086,148.143,1069.68
2025-03-12 04:15:00+00:00,148.142,148.239,148.133,148.23,919.86
2025-03-12 04:20:00+00:00,148.229,148.231,148.178,148.198,784.87
2025-03-12 04:25:00+00:00,148.198,148.237,148.192,148.235,338.5
2025-03-12 04:30:00+00:00,148.234,148.266,148.19,148.264,528.54
2025-03-12 04:35:00+00:00,148.263,148.267,148.2,148.201,466.14
2025-03-12 04:40:00+00:00,148.2,148.227,148.2,148.21,221.89
2025-03-12 04:45:00+00:00,148.209,148.217,148.177,148.177,588.84
2025-03-12 04:50:00+00:00,148.176,148.176,148.129,148.141,529.43
2025-03-12 04:55:00+00:00,148.147,148.169,148.139,148.148,555.0
2025-03-12 05:00:00+00:00,148.149,148.193,148.148,148.186,583.77
2025-03-12 05:05:00+00:00,148.187,148.228,148.16,148.196,560.04
2025-03-12 05:10:00+00:00,148.194,148.286,148.192,148.203,636.39
2025-03-12 05:15:00+00:00,148.205,148.245,148.185,148.24,389.47
2025-03-12 05:20:00+00:00,148.237,148.274,148.228,148.254,386.49
2025-03-12 05:25:00+00:00,148.253,148.256,148.206,148.24,427.65
2025-03-12 05:30:00+00:00,148.24,148.269,148.217,148.219,540.96
2025-03-12 05:35:00+00:00,148.223,148.24,148.155,148.177,472.14
2025-03-12 05:40:00+00:00,148.175,148.196,148.17,148.17,452.55
2025-03-12 05:45:00+00:00,148.174,148.24,148.151,148.188,478.02
2025-03-12 05:50:00+00:00,148.186,148.188,148.116,148.121,623.37
2025-03-12 05:55:00+00:00,148.121,148.121,148.025,148.05,1230.36
2025-03-12 06:00:00+00:00,148.053,148.073,147.991,147.994,1152.91
2025-03-12 06:05:00+00:00,147.995,148.031,147.957,148.022,1095.86
2025-03-12 06:10:00+00:00,148.024,148.084,148.01,148.077,856.59
2025-03-12 06:15:00+00:00,148.076,148.115,148.073,148.087,921.0
2025-03-12 06:20:00+00:00,148.088,148.141,148.073,148.127,716.61
2025-03-12 06:25:00+00:00,148.128,148.132,148.06,148.064,789.63
2025-03-12 06:30:00+00:00,148.067,148.12,148.01,148.119,825.2
2025-03-12 06:35:00+00:00,148.121,148.152,148.12,148.13,627.33
2025-03-12 06:40:00+00:00,148.13,148.149,148.079,148.121,448.14
2025-03-12 06:45:00+00:00,148.129,148.129,148.063,148.063,800.27
2025-03-12 06:50:00+00:00,148.063,148.219,148.044,148.198,1641.92
2025-03-12 06:55:00+00:00,148.199,148.405,148.184,148.357,1259.82
2025-03-12 07:00:00+00:00,148.358,148.442,148.32,148.423,1518.6
2025-03-12 07:05:00+00:00,148.423,148.499,148.388,148.39,1371.04
2025-03-12 07:10:00+00:00,148.391,148.408,148.291,148.305,1364.73
2025-03-12 07:15:00+00:00,148.305,148.323,148.274,148.299,1229.03
2025-03-12 07:20:00+00:00,148.299,148.361,148.292,148.337,1216.23
2025-03-12 07:25:00+00:00,148.337,148.386,148.293,148.343,1216.95
2025-03-12 07:30:00+00:00,148.342,148.428,148.339,148.406,789.66
2025-03-12 07:35:00+00:00,148.405,148.426,148.366,148.416,643.77
2025-03-12 07:40:00+00:00,148.415,148.468,148.406,148.433,822.15
2025-03-12 07:45:00+00:00,148.432,148.594,148.426,148.591,1034.89
2025-03-12 07:50:00+00:00,148.59,148.598,148.547,148.587,678.8
2025-03-12 07:55:00+00:00,148.591,148.601,148.54,148.591,1157.55
2025-03-12 08:00:00+00:00,148.589,148.65,148.548,148.571,1402.41
2025-03-12 08:05:00+00:00,148.572,148.572,148.431,148.433,1800.6
2025-03-12 08:10:00+00:00,148.434,148.463,148.356,148.407,1914.85
2025-03-12 08:15:00+00:00,148.406,148.435,148.38,148.401,1267.24
2025-03-12 08:20:00+00:00,148.4,148.424,148.357,148.383,1474.2
2025-03-12 08:25:00+00:00,148.383,148.409,148.323,148.382,1263.87
2025-03-12 08:30:00+00:00,148.382,148.432,148.263,148.296,1663.17
2025-03-12 08:35:00+00:00,148.294,148.374,148.271,148.35,1420.41
2025-03-12 08:40:00+00:00,148.35,148.425,148.345,148.418,1551.06
2025-03-12 08:45:00+00:00,148.418,148.445,148.382,148.423,1334.76
2025-03-12 08:50:00+00:00,148.422,148.432,148.257,148.336,1677.75
2025-03-12 08:55:00+00:00,148.337,148.362,148.295,148.336,1162.68
2025-03-12 09:00:00+00:00,148.337,148.396,148.305,148.382,1371.03
2025-03-12 09:05:00+00:00,148.386,148.421,148.367,148.399,870.33
2025-03-12 09:10:00+00:00,148.4,148.495,148.397,148.49,1002.96
2025-03-12 09:15:00+00:00,148.487,148.538,148.451,148.525,1056.18
2025-03-12 09:20:00+00:00,148.526,148.562,148.515,148.552,851.25
2025-03-12 09:25:00+00:00,148.554,148.559,148.478,148.499,1160.43
2025-03-12 09:30:00+00:00,148.499,148.51,148.458,148.484,1080.12
2025-03-12 09:35:00+00:00,148.485,148.579,148.47,148.579,890.73
2025-03-12 09:40:00+00:00,148.58,148.6,148.563,148.58,791.62
2025-03-12 09:45:00+00:00,148.58,148.639,148.57,148.616,723.39
2025-03-12 09:50:00+00:00,148.605,148.669,148.598,148.657,741.91
2025-03-12 09:55:00+00:00,148.656,148.673,148.598,148.603,1049.51
2025-03-12 10:00:00+00:00,148.601,148.655,148.576,148.589,1466.83
2025-03-12 10:05:00+00:00,148.591,148.676,148.584,148.651,806.91
2025-03-12 10:10:00+00:00,148.65,148.683,148.644,148.671,678.99
2025-03-12 10:15:00+00:00,148.676,148.744,148.671,148.732,692.23
2025-03-12 10:20:00+00:00,148.732,148.733,148.679,148.682,695.95
2025-03-12 10:25:00+00:00,148.684,148.687,148.644,148.659,777.5
2025-03-12 10:30:00+00:00,148.67,148.741,148.524,148.559,1471.51
2025-03-12 10:35:00+00:00,148.558,148.7,148.558,148.672,966.6
2025-03-12 10:40:00+00:00,148.673,148.695,148.626,148.639,919.11
2025-03-12 10:45:00+00:00,148.639,148.74,148.626,148.728,868.05
2025-03-12 10:50:00+00:00,148.727,148.77,148.7,148.706,681.75
2025-03-12 10:55:00+00:00,148.706,148.729,148.656,148.68,821.31
2025-03-12 11:00:00+00:00,148.681,148.713,148.669,148.678,950.49
2025-03-12 11:05:00+00:00,148.68,148.725,148.672,148.686,1073.55
2025-03-12 11:10:00+00:00,148.686,148.741,148.663,148.721,1445.02
2025-03-12 11:15:00+00:00,148.721,148.743,148.679,148.7,998.13
2025-03-12 11:20:00+00:00,148.7,148.749,148.695,148.71,1088.31
2025-03-12 11:25:00+00:00,148.709,148.727,148.66,148.679,699.63
2025-03-12 11:30:00+00:00,148.68,148.705,148.655,148.681,1058.84
2025-03-12 11:35:00+00:00,148.68,148.694,148.596,148.631,1269.49
2025-03-12 11:40:00+00:00,148.633,148.671,148.603,148.625,1033.56
2025-03-12 11:45:00+00:00,148.624,148.7,148.607,148.693,987.96
2025-03-12 11:50:00+00:00,148.694,148.72,148.647,148.661,903.09
2025-03-12 11:55:00+00:00,148.66,148.748,148.658,148.735,1487.85
2025-03-12 12:00:00+00:00,148.734,148.757,148.683,148.742,1598.26
2025-03-12 12:05:00+00:00,148.743,148.793,148.736,148.776,1854.5
2025-03-12 12:10:00+00:00,148.778,148.832,148.736,148.74,1951.52
2025-03-12 12:15:00+00:00,148.739,148.781,148.725,148.748,1557.16
2025-03-12 12:20:00+00:00,148.748,148.869,148.742,148.868,1868.61
2025-03-12 12:25:00+00:00,148.868,148.868,148.768,148.768,1357.99
2025-03-12 12:30:00+00:00,148.768,148.802,148.073,148.666,4258.26
2025-03-12 12:35:00+00:00,148.668,148.914,148.557,148.787,3665.57
2025-03-12 12:40:00+00:00,148.786,148.906,148.761,148.787,2993.27
2025-03-12 12:45:00+00:00,148.788,148.888,148.698,148.779,2710.41
2025-03-12 12:50:00+00:00,148.779,149.054,148.768,149.035,2745.51
2025-03-12 12:55:00+00:00,149.036,149.194,149.009,149.126,2987.43
2025-03-12 13:00:00+00:00,149.126,149.15,149.029,149.031,2830.42
2025-03-12 13:05:00+00:00,149.033,149.059,148.941,149.017,2292.8
2025-03-12 13:10:00+00:00,149.018,149.071,148.924,148.964,1831.43
2025-03-12 13:15:00+00:00,148.964,148.99,148.829,148.831,1995.11
2025-03-12 13:20:00+00:00,148.831,148.875,148.785,148.838,1646.98
2025-03-12 13:25:00+00:00,148.84,148.913,148.839,148.897,1682.4
2025-03-12 13:30:00+00:00,148.898,148.969,148.828,148.86,2681.49
2025-03-12 13:35:00+00:00,148.859,149.011,148.856,148.99,2278.84
2025-03-12 13:40:00+00:00,148.988,149.049,148.848,148.863,1758.51
2025-03-12 13:45:00+00:00,148.864,148.901,148.704,148.813,2824.87
2025-03-12 13:50:00+00:00,148.814,148.903,148.731,148.742,3182.5
2025-03-12 13:55:00+00:00,148.742,148.759,148.617,148.703,3191.04
2025-03-12 14:00:00+00:00,148.701,148.702,148.52,148.581,2891.43
2025-03-12 14:05:00+00:00,148.586,148.683,148.553,148.675,2706.04
2025-03-12 14:10:00+00:00,148.68,148.705,148.627,148.694,2299.56
2025-03-12 14:15:00+00:00,148.693,148.693,148.556,148.636,2316.64
2025-03-12 14:20:00+00:00,148.636,148.702,148.528,148.591,2261.49
2025-03-12 14:25:00+00:00,148.592,148.667,148.574,148.598,2572.88
2025-03-12 14:30:00+00:00,148.599,148.63,148.415,148.435,3102.06
2025-03-12 14:35:00+00:00,148.434,148.505,148.413,148.449,2544.07
2025-03-12 14:40:00+00:00,148.45,148.47,148.351,148.379,2353.47
2025-03-12 14:45:00+00:00,148.377,148.447,148.34,148.372,1806.42
2025-03-12 14:50:00+00:00,148.374,148.506,148.345,148.485,1699.17
2025-03-12 14:55:00+00:00,148.484,148.484,148.288,148.317,1908.63
2025-03-12 15:00:00+00:00,148.316,148.35,148.255,148.283,2047.56
2025-03-12 15:05:00+00:00,148.283,148.317,148.219,148.229,1945.99
2025-03-12 15:10:00+00:00,148.23,148.288,148.206,148.272,1847.1
2025-03-12 15:15:00+00:00,148.273,148.335,148.228,148.318,2259.83
2025-03-12 15:20:00+00:00,148.318,148.382,148.291,148.37,2864.22
2025-03-12 15:25:00+00:00,148.371,148.438,148.36,148.378,1744.56
2025-03-12 15:30:00+00:00,148.382,148.44,148.365,148.387,2006.74
2025-03-12 15:35:00+00:00,148.386,148.444,148.386,148.402,1441.03
2025-03-12 15:40:00+00:00,148.401,148.407,148.353,148.359,1334.41
2025-03-12 15:45:00+00:00,148.361,148.366,148.294,148.312,1776.85
2025-03-12 15:50:00+00:00,148.311,148.365,148.299,148.357,1561.87
2025-03-12 15:55:00+00:00,148.359,148.366,148.294,148.317,1892.61
2025-03-12 16:00:00+00:00,148.315,148.33,148.261,148.318,1958.44
2025-03-12 16:05:00+00:00,148.328,148.399,148.321,148.331,1626.39
2025-03-12 16:10:00+00:00,148.331,148.409,148.313,148.401,2037.0
2025-03-12 16:15:00+00:00,148.401,148.403,148.327,148.39,1848.24
2025-03-12 16:20:00+00:00,148.392,148.431,148.385,148.402,1180.68
2025-03-12 16:25:00+00:00,148.401,148.403,148.342,148.354,1472.97
2025-03-12 16:30:00+00:00,148.357,148.387,148.34,148.364,1715.37
2025-03-12 16:35:00+00:00,148.363,148.364,148.284,148.298,1552.56
2025-03-12 16:40:00+00:00,148.298,148.298,148.199,148.214,1930.81
2025-03-12 16:45:00+00:00,148.218,148.33,148.192,148.329,1497.12
2025-03-12 16:50:00+00:00,148.328,148.342,148.288,148.31,1584.45
2025-03-12 16:55:00+00:00,148.307,148.314,148.256,148.28,1348.72
2025-03-12 17:00:00+00:00,148.281,148.298,148.211,148.243,2011.42
2025-03-12 17:05:00+00:00,148.241,148.266,148.194,148.254,1506.1
2025-03-12 17:10:00+00:00,148.253,148.279,148.225,148.279,1367.82
2025-03-12 17:15:00+00:00,148.279,148.28,148.183,148.227,1395.97
2025-03-12 17:20:00+00:00,148.227,148.282,148.221,148.278,1293.9
2025-03-12 17:25:00+00:00,148.278,148.285,148.24,148.254,1173.54
2025-03-12 17:30:00+00:00,148.254,148.283,148.229,148.243,1282.29
2025-03-12 17:35:00+00:00,148.244,148.333,148.242,148.326,1363.65
2025-03-12 17:40:00+00:00,148.326,148.36,148.294,148.294,1541.1
2025-03-12 17:45:00+00:00,148.294,148.321,148.232,148.232,1113.34
2025-03-12 17:50:00+00:00,148.232,148.241,148.158,148.161,1126.14
2025-03-12 17:55:00+00:00,148.16,148.184,148.12,148.126,1095.62
2025-03-12 18:00:00+00:00,148.126,148.205,148.106,148.166,1381.91
2025-03-12 18:05:00+00:00,148.165,148.179,148.136,148.155,1489.53
2025-03-12 18:10:00+00:00,148.158,148.206,148.158,148.168,1679.88
2025-03-12 18:15:00+00:00,148.166,148.261,148.163,148.254,1137.45
2025-03-12 18:20:00+00:00,148.255,148.283,148.221,148.221,803.49
2025-03-12 18:25:00+00:00,148.222,148.283,148.193,148.276,1162.33
2025-03-12 18:30:00+00:00,148.275,148.329,148.263,148.302,1246.56
2025-03-12 18:35:00+00:00,148.302,148.342,148.27,148.342,1293.67
2025-03-12 18:40:00+00:00,148.342,148.388,148.338,148.385,1013.34
2025-03-12 18:45:00+00:00,148.385,148.413,148.376,148.411,975.96
2025-03-12 18:50:00+00:00,148.41,148.41,148.34,148.34,1030.14
2025-03-12 18:55:00+00:00,148.338,148.368,148.307,148.342,1119.93
2025-03-12 19:00:00+00:00,148.341,148.356,148.28,148.341,1344.38
2025-03-12 19:05:00+00:00,148.358,148.364,148.297,148.308,1228.53
2025-03-12 19:10:00+00:00,148.311,148.331,148.29,148.294,892.44
2025-03-12 19:15:00+00:00,148.293,148.32,148.27,148.317,942.54
2025-03-12 19:20:00+00:00,148.319,148.341,148.264,148.33,1084.17
2025-03-12 19:25:00+00:00,148.335,148.347,148.295,148.308,834.06
2025-03-12 19:30:00+00:00,148.307,148.373,148.307,148.345,1241.1
2025-03-12 19:35:00+00:00,148.348,148.38,148.33,148.35,2170.35
2025-03-12 19:40:00+00:00,148.35,148.362,148.324,148.335,1960.05
2025-03-12 19:45:00+00:00,148.335,148.366,148.33,148.347,832.32
2025-03-12 19:50:00+00:00,148.346,148.351,148.3,148.338,1308.18
2025-03-12 19:55:00+00:00,148.337,148.374,148.337,148.348,1168.32
2025-03-12 20:00:00+00:00,148.348,148.366,148.295,148.297,682.14
2025-03-12 20:05:00+00:00,148.298,148.308,148.283,148.284,212.52
2025-03-12 20:10:00+00:00,148.285,148.343,148.285,148.328,280.2
2025-03-12 20:15:00+00:00,148.328,148.338,148.322,148.326,329.28
2025-03-12 20:20:00+00:00,148.326,148.327,148.298,148.299,356.46
2025-03-12 20:25:00+00:00,148.3,148.334,148.297,148.326,283.14
2025-03-12 20:30:00+00:00,148.328,148.342,148.304,148.317,252.39
2025-03-12 20:35:00+00:00,148.314,148.318,148.284,148.287,356.52
2025-03-12 20:40:00+00:00,148.288,148.316,148.285,148.313,438.6
2025-03-12 20:45:00+00:00,148.312,148.32,148.291,148.313,258.06
2025-03-12 20:50:00+00:00,148.312,148.327,148.301,148.302,261.36
2025-03-12 20:55:00+00:00,148.301,148.301,148.224,148.225,311.19
2025-03-12 21:00:00+00:00,148.224,148.228,148.184,148.219,16.95
2025-03-12 21:05:00+00:00,148.219,148.226,148.218,148.223,46.2
2025-03-12 21:10:00+00:00,148.218,148.223,148.214,148.222,44.4
2025-03-12 21:15:00+00:00,148.224,148.224,148.19,148.195,59.4
2025-03-12 21:20:00+00:00,148.195,148.195,148.195,148.195,3.6
2025-03-12 21:25:00+00:00,148.194,148.203,148.187,148.202,18.0
2025-03-12 21:30:00+00:00,148.203,148.204,148.2,148.204,16.8
2025-03-12 21:35:00+00:00,148.202,148.204,148.202,148.204,6.0
2025-03-12 21:40:00+00:00,148.203,148.208,148.203,148.205,7.2
2025-03-12 21:45:00+00:00,148.205,148.211,148.201,148.209,21.3
2025-03-12 21:50:00+00:00,148.209,148.211,148.202,148.208,15.0
2025-03-12 21:55:00+00:00,148.208,148.208,148.194,148.194,29.1
2025-03-12 22:00:00+00:00,148.194,148.227,148.183,148.203,158.61
2025-03-12 22:05:00+00:00,148.202,148.225,148.2,148.217,48.75
2025-03-12 22:10:00+00:00,148.217,148.29,148.216,148.267,189.45
2025-03-12 22:15:00+00:00,148.268,148.278,148.243,148.246,304.17
2025-03-12 22:20:00+00:00,148.25,148.257,148.232,148.245,308.55
2025-03-12 22:25:00+00:00,148.246,148.247,148.189,148.19,241.84
2025-03-12 22:30:00+00:00,148.191,148.199,148.179,148.181,185.9
2025-03-12 22:35:00+00:00,148.181,148.196,148.179,148.191,90.0
2025-03-12 22:40:00+00:00,148.192,148.193,148.137,148.137,120.79
2025-03-12 22:45:00+00:00,148.139,148.175,148.127,148.163,273.97
2025-03-12 22:50:00+00:00,148.163,148.167,148.098,148.103,261.05
2025-03-12 22:55:00+00:00,148.104,148.223,148.103,148.223,247.68
2025-03-12 23:00:00+00:00,148.223,148.228,148.187,148.202,564.85
2025-03-12 23:05:00+00:00,148.202,148.223,148.155,148.192,510.95
2025-03-12 23:10:00+00:00,148.192,148.202,148.148,148.157,285.63
2025-03-12 23:15:00+00:00,148.16,148.163,148.089,148.156,336.15
2025-03-12 23:20:00+00:00,148.156,148.17,148.139,148.15,165.84
2025-03-12 23:25:00+00:00,148.148,148.197,148.146,148.195,203.4
2025-03-12 23:30:00+00:00,148.196,148.206,148.159,148.18,297.06
2025-03-12 23:35:00+00:00,148.177,148.197,148.165,148.196,307.92
2025-03-12 23:40:00+00:00,148.196,148.26,148.195,148.25,333.39
2025-03-12 23:45:00+00:00,148.251,148.28,148.215,148.254,717.44
2025-03-12 23:50:00+00:00,148.254,148.293,148.247,148.288,348.28
2025-03-12 23:55:00+00:00,148.285,148.304,148.272,148.29,463.18
2025-03-13 00:00:00+00:00,148.294,148.334,148.23,148.291,1264.84
2025-03-13 00:05:00+00:00,148.291,148.359,148.289,148.349,1183.42
2025-03-13 00:10:00+00:00,148.35,148.37,148.333,148.341,862.02
2025-03-13 00:15:00+00:00,148.341,148.341,148.27,148.28,1148.14
2025-03-13 00:20:00+00:00,148.28,148.346,148.267,148.333,610.59
2025-03-13 00:25:00+00:00,148.334,148.356,148.32,148.323,630.04
2025-03-13 00:30:00+00:00,148.323,148.358,148.321,148.326,796.95
2025-03-13 00:35:00+00:00,148.324,148.335,148.269,148.296,538.02
2025-03-13 00:40:00+00:00,148.296,148.331,148.295,148.314,511.47
2025-03-13 00:45:00+00:00,148.313,148.327,148.24,148.272,602.74
2025-03-13 00:50:00+00:00,148.27,148.273,148.202,148.227,1372.89
2025-03-13 00:55:00+00:00,148.227,148.26,148.103,148.108,1291.29
2025-03-13 01:00:00+00:00,148.108,148.151,148.074,148.14,1168.41
2025-03-13 01:05:00+00:00,148.139,148.176,148.116,148.14,690.21
2025-03-13 01:10:00+00:00,148.14,148.252,148.134,148.248,618.36
2025-03-13 01:15:00+00:00,148.248,148.294,148.242,148.287,890.97
2025-03-13 01:20:00+00:00,148.287,148.315,148.28,148.284,673.35
2025-03-13 01:25:00+00:00,148.284,148.284,148.223,148.261,718.38
2025-03-13 01:30:00+00:00,148.259,148.274,148.221,148.273,933.33
2025-03-13 01:35:00+00:00,148.272,148.292,148.233,148.234,745.38
2025-03-13 01:40:00+00:00,148.234,148.281,148.212,148.269,887.82
2025-03-13 01:45:00+00:00,148.268,148.322,148.262,148.292,908.88
2025-03-13 01:50:00+00:00,148.293,148.295,148.184,148.21,1079.01
2025-03-13 01:55:00+00:00,148.21,148.23,148.114,148.114,1248.03
2025-03-13 02:00:00+00:00,148.113,148.161,148.11,148.14,1261.62
2025-03-13 02:05:00+00:00,148.14,148.147,148.094,148.14,1005.09
2025-03-13 02:10:00+00:00,148.14,148.195,148.134,148.191,707.25
2025-03-13 02:15:00+00:00,148.191,148.205,148.166,148.178,631.36
2025-03-13 02:20:00+00:00,148.176,148.176,148.111,148.168,630.66
2025-03-13 02:25:00+00:00,148.168,148.186,148.15,148.183,393.21
2025-03-13 02:30:00+00:00,148.184,148.207,148.149,148.205,600.91
2025-03-13 02:35:00+00:00,148.204,148.226,148.166,148.182,669.61
2025-03-13 02:40:00+00:00,148.181,148.224,148.179,148.202,724.98
2025-03-13 02:45:00+00:00,148.202,148.207,148.164,148.182,527.64
2025-03-13 02:50:00+00:00,148.183,148.235,148.179,148.208,530.07
2025-03-13 02:55:00+00:00,148.209,148.211,148.167,148.171,705.3
2025-03-13 03:00:00+00:00,148.17,148.209,148.151,148.183,814.39
2025-03-13 03:05:00+00:00,148.183,148.208,148.181,148.204,678.4
2025-03-13 03:10:00+00:00,148.205,148.247,148.204,148.233,596.25
2025-03-13 03:15:00+00:00,148.231,148.239,148.2,148.218,470.22
2025-03-13 03:20:00+00:00,148.216,148.22,148.203,148.21,277.2
2025-03-13 03:25:00+00:00,148.21,148.219,148.177,148.205,368.52
2025-03-13 03:30:00+00:00,148.204,148.214,148.164,148.165,551.46
2025-03-13 03:35:00+00:00,148.166,148.209,148.115,148.209,852.48
2025-03-13 03:40:00+00:00,148.209,148.211,148.172,148.183,391.23
2025-03-13 03:45:00+00:00,148.181,148.186,148.057,148.081,458.62
2025-03-13 03:50:00+00:00,148.079,148.116,148.073,148.088,655.48
2025-03-13 03:55:00+00:00,148.087,148.091,148.014,148.038,799.4
2025-03-13 04:00:00+00:00,148.04,148.105,148.029,148.083,471.57
2025-03-13 04:05:00+00:00,148.083,148.116,148.064,148.099,509.34
2025-03-13 04:10:00+00:00,148.1,148.101,148.014,148.018,703.59
2025-03-13 04:15:00+00:00,148.018,148.026,147.94,147.973,737.16
2025-03-13 04:20:00+00:00,147.973,148.025,147.964,148.022,428.22
2025-03-13 04:25:00+00:00,148.021,148.021,147.916,147.941,780.66
2025-03-13 04:30:00+00:00,147.939,147.939,147.876,147.888,955.8
2025-03-13 04:35:00+00:00,147.888,147.9,147.85,147.868,685.14
2025-03-13 04:40:00+00:00,147.868,147.901,147.821,147.895,919.29
2025-03-13 04:45:00+00:00,147.896,147.936,147.895,147.906,708.6
2025-03-13 04:50:00+00:00,147.906,147.906,147.844,147.876,520.35
2025-03-13 04:55:00+00:00,147.874,147.92,147.844,147.846,587.4
2025-03-13 05:00:00+00:00,147.848,147.864,147.815,147.829,722.64
2025-03-13 05:05:00+00:00,147.831,147.882,147.829,147.88,564.84
2025-03-13 05:10:00+00:00,147.88,147.929,147.875,147.908,457.08
2025-03-13 05:15:00+00:00,147.911,147.919,147.804,147.834,861.02
2025-03-13 05:20:00+00:00,147.833,147.895,147.814,147.89,779.85
2025-03-13 05:25:00+00:00,147.891,147.906,147.844,147.846,435.39
2025-03-13 05:30:00+00:00,147.847,147.888,147.794,147.796,842.75
2025-03-13 05:35:00+00:00,147.798,147.821,147.738,147.783,924.24
2025-03-13 05:40:00+00:00,147.783,147.795,147.748,147.762,913.62
2025-03-13 05:45:00+00:00,147.762,147.79,147.73,147.766,1213.18
2025-03-13 05:50:00+00:00,147.768,147.785,147.724,147.765,771.54
2025-03-13 05:55:00+00:00,147.765,147.776,147.694,147.72,1678.1
2025-03-13 06:00:00+00:00,147.722,147.803,147.709,147.787,1782.16
2025-03-13 06:05:00+00:00,147.788,147.805,147.646,147.667,1468.36
2025-03-13 06:10:00+00:00,147.664,147.719,147.66,147.673,1256.4
2025-03-13 06:15:00+00:00,147.674,147.674,147.586,147.603,1007.25
2025-03-13 06:20:00+00:00,147.604,147.622,147.574,147.6,1025.53
2025-03-13 06:25:00+00:00,147.6,147.69,147.592,147.651,852.78
2025-03-13 06:30:00+00:00,147.65,147.682,147.608,147.61,1122.18
2025-03-13 06:35:00+00:00,147.61,147.672,147.604,147.666,890.52
2025-03-13 06:40:00+00:00,147.666,147.718,147.641,147.676,793.71
2025-03-13 06:45:00+00:00,147.675,147.768,147.675,147.76,880.98
2025-03-13 06:50:00+00:00,147.759,147.774,147.721,147.746,640.2
2025-03-13 06:55:00+00:00,147.748,147.801,147.748,147.791,821.8
2025-03-13 07:00:00+00:00,147.792,147.84,147.778,147.794,1284.63
2025-03-13 07:05:00+00:00,147.794,147.812,147.731,147.734,1006.53
2025-03-13 07:10:00+00:00,147.735,147.784,147.702,147.779,913.91
2025-03-13 07:15:00+00:00,147.781,147.793,147.72,147.747,862.59
2025-03-13 07:20:00+00:00,147.747,147.878,147.746,147.848,905.85
2025-03-13 07:25:00+00:00,147.848,147.903,147.819,147.898,847.56
2025-03-13 07:30:00+00:00,147.897,147.939,147.876,147.908,1035.57
2025-03-13 07:35:00+00:00,147.909,147.927,147.831,147.835,1265.43
2025-03-13 07:40:00+00:00,147.836,147.881,147.807,147.822,1363.06
2025-03-13 07:45:00+00:00,147.823,147.911,147.816,147.907,1136.52
2025-03-13 07:50:00+00:00,147.906,147.936,147.864,147.866,1281.92
2025-03-13 07:55:00+00:00,147.867,147.888,147.765,147.785,2010.64
2025-03-13 08:00:00+00:00,147.786,147.831,147.741,147.765,2625.69
2025-03-13 08:05:00+00:00,147.766,147.787,147.684,147.743,1838.01
2025-03-13 08:10:00+00:00,147.743,147.761,147.682,147.725,1782.48
2025-03-13 08:15:00+00:00,147.725,147.8,147.682,147.757,2564.22
2025-03-13 08:20:00+00:00,147.754,147.821,147.748,147.763,1785.91
2025-03-13 08:25:00+00:00,147.761,147.847,147.757,147.836,1174.86
2025-03-13 08:30:00+00:00,147.835,147.848,147.809,147.822,948.76
2025-03-13 08:35:00+00:00,147.824,147.838,147.74,147.742,1202.6
2025-03-13 08:40:00+00:00,147.743,147.775,147.72,147.766,923.06
2025-03-13 08:45:00+00:00,147.768,147.795,147.748,147.782,1033.44
2025-03-13 08:50:00+00:00,147.783,147.83,147.774,147.814,862.83
2025-03-13 08:55:00+00:00,147.816,147.919,147.816,147.919,904.32
2025-03-13 09:00:00+00:00,147.919,147.935,147.848,147.858,1203.78
2025-03-13 09:05:00+00:00,147.856,147.877,147.818,147.871,1247.43
2025-03-13 09:10:00+00:00,147.871,147.965,147.87,147.943,1048.47
2025-03-13 09:15:00+00:00,147.941,147.989,147.939,147.981,936.27
2025-03-13 09:20:00+00:00,147.98,148.038,147.972,148.021,578.13
2025-03-13 09:25:00+00:00,148.022,148.041,148.014,148.019,820.12
2025-03-13 09:30:00+00:00,148.02,148.084,148.0,148.071,823.8
2025-03-13 09:35:00+00:00,148.071,148.121,148.07,148.12,732.42
2025-03-13 09:40:00+00:00,148.126,148.158,148.106,148.133,1068.59
2025-03-13 09:45:00+00:00,148.132,148.197,148.105,148.16,1464.47
2025-03-13 09:50:00+00:00,148.16,148.164,148.112,148.15,1247.3
2025-03-13 09:55:00+00:00,148.151,148.154,148.125,148.147,1199.34
2025-03-13 10:00:00+00:00,148.147,148.186,148.137,148.158,738.57
2025-03-13 10:05:00+00:00,148.158,148.194,148.101,148.101,1112.19
2025-03-13 10:10:00+00:00,148.101,148.13,148.089,148.116,1317.72
2025-03-13 10:15:00+00:00,148.117,148.141,148.096,148.123,787.11
2025-03-13 10:20:00+00:00,148.124,148.124,148.08,148.118,976.83
2025-03-13 10:25:00+00:00,148.119,148.193,148.113,148.178,706.11
2025-03-13 10:30:00+00:00,148.178,148.204,148.153,148.165,527.85
2025-03-13 10:35:00+00:00,148.163,148.201,148.153,148.179,605.49
2025-03-13 10:40:00+00:00,148.178,148.228,148.177,148.205,953.72
2025-03-13 10:45:00+00:00,148.203,148.235,148.193,148.214,807.24
2025-03-13 10:50:00+00:00,148.215,148.227,148.14,148.169,1004.93
2025-03-13 10:55:00+00:00,148.167,148.172,148.116,148.151,768.19
2025-03-13 11:00:00+00:00,148.152,148.184,148.134,148.148,981.27
2025-03-13 11:05:00+00:00,148.147,148.184,148.093,148.104,653.88
2025-03-13 11:10:00+00:00,148.104,148.126,148.093,148.116,659.82
2025-03-13 11:15:00+00:00,148.115,148.115,148.015,148.031,1124.01
2025-03-13 11:20:00+00:00,148.029,148.043,147.966,147.975,1106.94
2025-03-13 11:25:00+00:00,147.976,147.986,147.951,147.984,1041.99
2025-03-13 11:30:00+00:00,147.985,148.051,147.984,148.016,719.16
2025-03-13 11:35:00+00:00,148.013,148.021,147.916,147.936,1032.51
2025-03-13 11:40:00+00:00,147.936,147.966,147.927,147.93,1113.09
2025-03-13 11:45:00+00:00,147.929,147.984,147.902,147.976,956.49
2025-03-13 11:50:00+00:00,147.976,147.986,147.954,147.973,809.55
2025-03-13 11:55:00+00:00,147.972,148.0,147.918,147.992,1799.79
2025-03-13 12:00:00+00:00,147.991,147.997,147.882,147.915,1858.68
2025-03-13 12:05:00+00:00,147.916,147.945,147.866,147.866,1265.04
2025-03-13 12:10:00+00:00,147.865,147.9,147.853,147.858,1344.93
2025-03-13 12:15:00+00:00,147.858,147.961,147.851,147.933,1247.01
2025-03-13 12:20:00+00:00,147.934,147.999,147.897,147.998,1051.86
2025-03-13 12:25:00+00:00,147.998,148.043,147.978,147.989,919.48
2025-03-13 12:30:00+00:00,147.971,148.122,147.725,148.099,2802.71
2025-03-13 12:35:00+00:00,148.098,148.185,148.053,148.086,2034.0
2025-03-13 12:40:00+00:00,148.084,148.254,148.061,148.183,2318.03
2025-03-13 12:45:00+00:00,148.184,148.228,148.149,148.185,2337.87
2025-03-13 12:50:00+00:00,148.184,148.236,148.13,148.136,1585.37
2025-03-13 12:55:00+00:00,148.14,148.23,148.104,148.206,1719.2
2025-03-13 13:00:00+00:00,148.206,148.29,148.15,148.268,1877.17
2025-03-13 13:05:00+00:00,148.267,148.328,148.241,148.322,1574.95
2025-03-13 13:10:00+00:00,148.323,148.354,148.278,148.326,1393.81
2025-03-13 13:15:00+00:00,148.326,148.346,148.284,148.306,1175.33
2025-03-13 13:20:00+00:00,148.304,148.322,148.226,148.273,1221.47
2025-03-13 13:25:00+00:00,148.272,148.293,148.191,148.192,1109.54
2025-03-13 13:30:00+00:00,148.192,148.199,148.119,148.184,3009.25
2025-03-13 13:35:00+00:00,148.186,148.216,148.108,148.158,2345.71
2025-03-13 13:40:00+00:00,148.158,148.233,148.126,148.185,2561.4
2025-03-13 13:45:00+00:00,148.184,148.232,148.161,148.192,2253.47
2025-03-13 13:50:00+00:00,148.19,148.2,148.087,148.096,1969.49
2025-03-13 13:55:00+00:00,148.095,148.107,148.028,148.105,1686.28
2025-03-13 14:00:00+00:00,148.104,148.104,148.002,148.03,1767.57
2025-03-13 14:05:00+00:00,148.028,148.146,148.022,148.101,1676.76
2025-03-13 14:10:00+00:00,148.099,148.142,148.053,148.138,2144.48
2025-03-13 14:15:00+00:00,148.136,148.174,148.105,148.167,1867.55
2025-03-13 14:20:00+00:00,148.165,148.167,148.103,148.155,1517.86
2025-03-13 14:25:00+00:00,148.156,148.167,148.016,148.033,1579.65
2025-03-13 14:30:00+00:00,148.031,148.111,148.01,148.031,1707.55
2025-03-13 14:35:00+00:00,148.029,148.044,147.909,147.928,1712.72
2025-03-13 14:40:00+00:00,147.93,148.0,147.919,147.951,1607.7
2025-03-13 14:45:00+00:00,147.951,147.996,147.93,147.945,1612.89
2025-03-13 14:50:00+00:00,147.946,147.968,147.878,147.879,1653.35
2025-03-13 14:55:00+00:00,147.878,147.89,147.839,147.877,1810.82
2025-03-13 15:00:00+00:00,147.88,147.968,147.863,147.965,1788.62
2025-03-13 15:05:00+00:00,147.966,147.98,147.904,147.943,1761.43
2025-03-13 15:10:00+00:00,147.948,147.955,147.77,147.834,1821.91
2025-03-13 15:15:00+00:00,147.836,147.836,147.79,147.829,1387.39
2025-03-13 15:20:00+00:00,147.829,147.885,147.815,147.879,1434.94
2025-03-13 15:25:00+00:00,147.879,147.899,147.765,147.829,1610.55
2025-03-13 15:30:00+00:00,147.828,147.864,147.808,147.825,1628.37
2025-03-13 15:35:00+00:00,147.827,147.828,147.732,147.738,1813.63
2025-03-13 15:40:00+00:00,147.739,147.844,147.64,147.808,2662.46
2025-03-13 15:45:00+00:00,147.808,147.847,147.727,147.837,2863.5
2025-03-13 15:50:00+00:00,147.838,147.855,147.709,147.733,1778.0
2025-03-13 15:55:00+00:00,147.734,147.749,147.678,147.704,2028.56
2025-03-13 16:00:00+00:00,147.704,147.803,147.701,147.779,2035.65
2025-03-13 16:05:00+00:00,147.78,147.831,147.698,147.808,1969.64
2025-03-13 16:10:00+00:00,147.808,147.809,147.734,147.734,1640.44
2025-03-13 16:15:00+00:00,147.734,147.741,147.675,147.714,1763.91
2025-03-13 16:20:00+00:00,147.714,147.744,147.607,147.633,1430.32
2025-03-13 16:25:00+00:00,147.631,147.672,147.617,147.648,1733.93
2025-03-13 16:30:00+00:00,147.648,147.712,147.625,147.704,1739.05
2025-03-13 16:35:00+00:00,147.703,147.716,147.673,147.711,2279.45
2025-03-13 16:40:00+00:00,147.71,147.717,147.578,147.616,1710.43
2025-03-13 16:45:00+00:00,147.616,147.646,147.528,147.572,2227.6
2025-03-13 16:50:00+00:00,147.573,147.625,147.547,147.56,1275.31
2025-03-13 16:55:00+00:00,147.561,147.591,147.535,147.585,1376.95
2025-03-13 17:00:00+00:00,147.585,147.606,147.534,147.596,1290.37
2025-03-13 17:05:00+00:00,147.603,147.638,147.573,147.604,1137.67
2025-03-13 17:10:00+00:00,147.604,147.619,147.52,147.529,1277.84
2025-03-13 17:15:00+00:00,147.529,147.532,147.442,147.474,1376.95
2025-03-13 17:20:00+00:00,147.474,147.516,147.438,147.465,1218.72
2025-03-13 17:25:00+00:00,147.463,147.494,147.442,147.445,1155.13
2025-03-13 17:30:00+00:00,147.441,147.468,147.411,147.467,779.37
2025-03-13 17:35:00+00:00,147.467,147.541,147.451,147.477,862.33
2025-03-13 17:40:00+00:00,147.478,147.587,147.462,147.568,979.39
2025-03-13 17:45:00+00:00,147.567,147.568,147.5,147.541,910.89
2025-03-13 17:50:00+00:00,147.538,147.672,147.517,147.666,826.22
2025-03-13 17:55:00+00:00,147.665,147.705,147.626,147.628,877.83
2025-03-13 18:00:00+00:00,147.628,147.68,147.58,147.601,923.31
2025-03-13 18:05:00+00:00,147.601,147.648,147.57,147.631,878.75
2025-03-13 18:10:00+00:00,147.632,147.74,147.613,147.727,1443.69
2025-03-13 18:15:00+00:00,147.728,147.728,147.664,147.697,1245.49
2025-03-13 18:20:00+00:00,147.696,147.72,147.678,147.71,891.58
2025-03-13 18:25:00+00:00,147.713,147.733,147.653,147.701,971.56
2025-03-13 18:30:00+00:00,147.702,147.756,147.661,147.717,955.25
2025-03-13 18:35:00+00:00,147.718,147.765,147.703,147.753,1004.04
2025-03-13 18:40:00+00:00,147.752,147.785,147.734,147.778,774.16
2025-03-13 18:45:00+00:00,147.782,147.783,147.72,147.746,704.74
2025-03-13 18:50:00+00:00,147.745,147.752,147.683,147.72,882.01
2025-03-13 18:55:00+00:00,147.721,147.766,147.683,147.743,1030.96
2025-03-13 19:00:00+00:00,147.742,147.778,147.709,147.713,1222.68
2025-03-13 19:05:00+00:00,147.712,147.712,147.662,147.677,1076.98
2025-03-13 19:10:00+00:00,147.676,147.691,147.66,147.684,746.95
2025-03-13 19:15:00+00:00,147.683,147.69,147.656,147.682,1795.44
2025-03-13 19:20:00+00:00,147.684,147.715,147.659,147.711,1154.47
2025-03-13 19:25:00+00:00,147.709,147.718,147.67,147.703,1161.31
2025-03-13 19:30:00+00:00,147.705,147.707,147.644,147.667,950.53
2025-03-13 19:35:00+00:00,147.668,147.71,147.631,147.631,830.12
2025-03-13 19:40:00+00:00,147.632,147.708,147.632,147.679,1105.65
2025-03-13 19:45:00+00:00,147.679,147.681,147.647,147.668,893.02
2025-03-13 19:50:00+00:00,147.666,147.686,147.646,147.658,797.03
2025-03-13 19:55:00+00:00,147.66,147.701,147.657,147.697,593.81
2025-03-13 20:00:00+00:00,147.697,147.736,147.695,147.724,347.55
2025-03-13 20:05:00+00:00,147.725,147.732,147.696,147.701,204.3
2025-03-13 20:10:00+00:00,147.702,147.725,147.699,147.724,280.37
2025-03-13 20:15:00+00:00,147.725,147.775,147.721,147.743,296.45
2025-03-13 20:20:00+00:00,147.743,147.748,147.73,147.743,225.9
2025-03-13 20:25:00+00:00,147.743,147.782,147.743,147.773,322.03
2025-03-13 20:30:00+00:00,147.773,147.78,147.743,147.75,234.78
2025-03-13 20:35:00+00:00,147.756,147.766,147.74,147.753,281.52
2025-03-13 20:40:00+00:00,147.753,147.801,147.753,147.8,128.28
2025-03-13 20:45:00+00:00,147.801,147.822,147.796,147.809,337.74
2025-03-13 20:50:00+00:00,147.803,147.817,147.784,147.798,348.66
2025-03-13 20:55:00+00:00,147.798,147.812,147.794,147.801,439.74
2025-03-13 21:00:00+00:00,147.801,147.801,147.781,147.784,9.9
2025-03-13 21:05:00+00:00,147.786,147.79,147.705,147.705,62.4
2025-03-13 21:10:00+00:00,147.705,147.726,147.705,147.709,26.7
2025-03-13 21:15:00+00:00,147.709,147.725,147.708,147.72,150.09
2025-03-13 21:20:00+00:00,147.722,147.74,147.714,147.739,36.9
2025-03-13 21:25:00+00:00,147.739,147.752,147.739,147.751,18.24
2025-03-13 21:30:00+00:00,147.753,147.757,147.751,147.757,4.68
2025-03-13 21:35:00+00:00,147.758,147.758,147.744,147.753,8.7
2025-03-13 21:45:00+00:00,147.739,147.739,147.725,147.739,16.08
2025-03-13 21:50:00+00:00,147.738,147.742,147.738,147.742,3.0
2025-03-13 21:55:00+00:00,147.743,147.744,147.689,147.689,42.72
2025-03-13 22:00:00+00:00,147.732,147.808,147.728,147.796,485.4
2025-03-13 22:05:00+00:00,147.801,147.88,147.801,147.865,608.34
2025-03-13 22:10:00+00:00,147.864,147.936,147.864,147.91,381.67
2025-03-13 22:15:00+00:00,147.91,147.91,147.842,147.867,156.0
2025-03-13 22:20:00+00:00,147.869,147.894,147.863,147.866,180.12
2025-03-13 22:25:00+00:00,147.884,147.914,147.873,147.906,202.92
2025-03-13 22:30:00+00:00,147.906,147.916,147.893,147.903,329.82
2025-03-13 22:35:00+00:00,147.904,147.968,147.903,147.96,334.08
2025-03-13 22:40:00+00:00,147.955,147.968,147.917,147.953,343.89
2025-03-13 22:45:00+00:00,147.953,147.982,147.943,147.959,270.75
2025-03-13 22:50:00+00:00,147.958,147.969,147.942,147.943,152.97
2025-03-13 22:55:00+00:00,147.945,147.945,147.911,147.934,194.79
2025-03-13 23:00:00+00:00,147.928,147.941,147.871,147.881,339.54
2025-03-13 23:05:00+00:00,147.884,147.946,147.884,147.916,373.51
2025-03-13 23:10:00+00:00,147.916,147.923,147.889,147.893,287.05
2025-03-13 23:15:00+00:00,147.894,147.905,147.864,147.893,329.31
2025-03-13 23:20:00+00:00,147.894,147.92,147.877,147.914,192.87
2025-03-13 23:25:00+00:00,147.912,147.917,147.882,147.895,156.33
2025-03-13 23:30:00+00:00,147.894,147.936,147.889,147.932,445.2
2025-03-13 23:35:00+00:00,147.932,147.933,147.862,147.896,627.0
2025-03-13 23:40:00+00:00,147.899,147.926,147.87,147.874,390.81
2025-03-13 23:45:00+00:00,147.873,147.934,147.873,147.913,327.0
2025-03-13 23:50:00+00:00,147.91,147.945,147.891,147.944,388.99
2025-03-13 23:55:00+00:00,147.946,147.969,147.886,147.936,852.89
2025-03-14 00:00:00+00:00,147.922,147.968,147.846,147.867,1329.32
2025-03-14 00:05:00+00:00,147.868,147.949,147.848,147.918,911.38
2025-03-14 00:10:00+00:00,147.919,147.919,147.856,147.87,801.97
2025-03-14 00:15:00+00:00,147.869,147.885,147.849,147.869,702.76
2025-03-14 00:20:00+00:00,147.871,148.009,147.859,147.979,599.87
2025-03-14 00:25:00+00:00,147.977,148.107,147.97,148.055,1083.08
2025-03-14 00:30:00+00:00,148.057,148.165,148.044,148.14,1021.7
2025-03-14 00:35:00+00:00,148.14,148.197,148.122,148.177,791.67
2025-03-14 00:40:00+00:00,148.181,148.236,148.176,148.212,748.77
2025-03-14 00:45:00+00:00,148.212,148.229,148.173,148.197,1039.02
2025-03-14 00:50:00+00:00,148.197,148.274,148.176,148.262,2039.04
2025-03-14 00:55:00+00:00,148.262,148.326,148.231,148.295,1654.27
2025-03-14 01:00:00+00:00,148.294,148.358,148.258,148.292,1213.52
2025-03-14 01:05:00+00:00,148.293,148.298,148.2,148.203,1200.76
2025-03-14 01:10:00+00:00,148.203,148.319,148.203,148.289,914.46
2025-03-14 01:15:00+00:00,148.29,148.297,148.235,148.273,814.16
2025-03-14 01:20:00+00:00,148.274,148.428,148.272,148.378,1058.13
2025-03-14 01:25:00+00:00,148.378,148.381,148.332,148.333,877.64
2025-03-14 01:30:00+00:00,148.333,148.335,148.25,148.27,1069.21
2025-03-14 01:35:00+00:00,148.271,148.282,148.204,148.219,681.36
2025-03-14 01:40:00+00:00,148.22,148.26,148.197,148.229,806.17
2025-03-14 01:45:00+00:00,148.228,148.231,148.152,148.18,1079.62
2025-03-14 01:50:00+00:00,148.181,148.215,148.17,148.204,933.28
2025-03-14 01:55:00+00:00,148.205,148.205,148.153,148.172,826.5
2025-03-14 02:00:00+00:00,148.172,148.212,148.156,148.194,722.76
2025-03-14 02:05:00+00:00,148.196,148.22,148.175,148.184,560.34
2025-03-14 02:10:00+00:00,148.183,148.227,148.17,148.223,625.02
2025-03-14 02:15:00+00:00,148.224,148.268,148.218,148.245,426.0
2025-03-14 02:20:00+00:00,148.244,148.282,148.236,148.26,616.56
2025-03-14 02:25:00+00:00,148.262,148.264,148.219,148.219,427.14
2025-03-14 02:30:00+00:00,148.22,148.284,148.213,148.284,460.95
2025-03-14 02:35:00+00:00,148.283,148.295,148.25,148.265,512.37
2025-03-14 02:40:00+00:00,148.264,148.281,148.244,148.253,409.8
2025-03-14 02:45:00+00:00,148.254,148.297,148.251,148.292,370.35
2025-03-14 02:50:00+00:00,148.292,148.308,148.285,148.286,538.14
2025-03-14 02:55:00+00:00,148.286,148.297,148.248,148.249,451.77
2025-03-14 03:00:00+00:00,148.249,148.33,148.248,148.31,651.73
2025-03-14 03:05:00+00:00,148.31,148.346,148.266,148.282,739.3
2025-03-14 03:10:00+00:00,148.281,148.355,148.267,148.353,447.0
2025-03-14 03:15:00+00:00,148.353,148.382,148.297,148.297,521.49
2025-03-14 03:20:00+00:00,148.293,148.333,148.283,148.33,440.68
2025-03-14 03:25:00+00:00,148.329,148.34,148.309,148.333,480.53
2025-03-14 03:30:00+00:00,148.332,148.337,148.3,148.301,631.91
2025-03-14 03:35:00+00:00,148.301,148.32,148.255,148.259,577.72
2025-03-14 03:40:00+00:00,148.26,148.283,148.255,148.278,286.05
2025-03-14 03:45:00+00:00,148.279,148.329,148.265,148.297,501.84
2025-03-14 03:50:00+00:00,148.294,148.388,148.28,148.349,887.34
2025-03-14 03:55:00+00:00,148.347,148.358,148.321,148.332,552.11
2025-03-14 04:00:00+00:00,148.331,148.363,148.321,148.34,628.28
2025-03-14 04:05:00+00:00,148.339,148.367,148.325,148.363,474.72
2025-03-14 04:10:00+00:00,148.364,148.388,148.358,148.383,418.35
2025-03-14 04:15:00+00:00,148.387,148.475,148.378,148.43,692.0
2025-03-14 04:20:00+00:00,148.431,148.463,148.42,148.446,692.19
2025-03-14 04:25:00+00:00,148.446,148.452,148.435,148.438,364.14
2025-03-14 04:30:00+00:00,148.439,148.46,148.439,148.448,686.52
2025-03-14 04:35:00+00:00,148.446,148.486,148.435,148.486,632.43
2025-03-14 04:40:00+00:00,148.486,148.55,148.48,148.542,742.64
2025-03-14 04:45:00+00:00,148.544,148.553,148.523,148.541,484.24
2025-03-14 04:50:00+00:00,148.539,148.542,148.497,148.516,525.33
2025-03-14 04:55:00+00:00,148.515,148.537,148.483,148.495,528.3
2025-03-14 05:00:00+00:00,148.502,148.57,148.478,148.565,766.68
2025-03-14 05:05:00+00:00,148.565,148.594,148.55,148.555,680.85
2025-03-14 05:10:00+00:00,148.558,148.613,148.554,148.606,567.42
2025-03-14 05:15:00+00:00,148.604,148.65,148.596,148.608,992.96
2025-03-14 05:20:00+00:00,148.607,148.609,148.551,148.571,610.95
2025-03-14 05:25:00+00:00,148.573,148.597,148.564,148.586,389.73
2025-03-14 05:30:00+00:00,148.585,148.627,148.531,148.614,756.39
2025-03-14 05:35:00+00:00,148.614,148.639,148.592,148.621,721.08
2025-03-14 05:40:00+00:00,148.621,148.646,148.617,148.642,388.51
2025-03-14 05:45:00+00:00,148.641,148.643,148.563,148.564,596.15
2025-03-14 05:50:00+00:00,148.562,148.576,148.528,148.53,547.08
2025-03-14 05:55:00+00:00,148.531,148.531,148.435,148.467,799.44
2025-03-14 06:00:00+00:00,148.468,148.495,148.426,148.432,767.32
2025-03-14 06:05:00+00:00,148.433,148.507,148.431,148.489,747.27
2025-03-14 06:10:00+00:00,148.49,148.528,148.489,148.503,902.76
2025-03-14 06:15:00+00:00,148.504,148.531,148.488,148.523,973.65
2025-03-14 06:20:00+00:00,148.523,148.564,148.513,148.561,707.94
2025-03-14 06:25:00+00:00,148.561,148.619,148.555,148.616,869.76
2025-03-14 06:30:00+00:00,148.61,148.674,148.6,148.643,1034.43
2025-03-14 06:35:00+00:00,148.643,148.742,148.643,148.656,974.35
2025-03-14 06:40:00+00:00,148.656,148.697,148.631,148.672,1155.87
2025-03-14 06:45:00+00:00,148.671,148.704,148.626,148.691,817.41
2025-03-14 06:50:00+00:00,148.692,148.749,148.674,148.748,769.59
2025-03-14 06:55:00+00:00,148.749,148.751,148.68,148.703,561.15
2025-03-14 07:00:00+00:00,148.703,148.794,148.645,148.695,1326.93
2025-03-14 07:05:00+00:00,148.695,148.709,148.554,148.57,1526.8
2025-03-14 07:10:00+00:00,148.57,148.723,148.553,148.704,1801.14
2025-03-14 07:15:00+00:00,148.704,148.901,148.601,148.901,2239.52
2025-03-14 07:20:00+00:00,148.9,148.965,148.887,148.951,1443.72
2025-03-14 07:25:00+00:00,148.951,149.02,148.915,148.915,1375.48
2025-03-14 07:30:00+00:00,148.91,148.91,148.768,148.774,1647.07
2025-03-14 07:35:00+00:00,148.774,148.834,148.758,148.824,1177.47
2025-03-14 07:40:00+00:00,148.824,148.838,148.758,148.777,919.55
2025-03-14 07:45:00+00:00,148.777,148.837,148.731,148.762,1122.91
2025-03-14 07:50:00+00:00,148.763,148.861,148.759,148.829,787.32
2025-03-14 07:55:00+00:00,148.83,148.84,148.742,148.748,994.5
2025-03-14 08:00:00+00:00,148.748,148.748,148.65,148.693,1951.95
2025-03-14 08:05:00+00:00,148.693,148.735,148.655,148.704,1541.75
2025-03-14 08:10:00+00:00,148.703,148.735,148.662,148.725,1283.68
2025-03-14 08:15:00+00:00,148.724,148.754,148.703,148.738,1009.03
2025-03-14 08:20:00+00:00,148.738,148.826,148.734,148.799,981.29
2025-03-14 08:25:00+00:00,148.801,148.868,148.789,148.835,882.57
2025-03-14 08:30:00+00:00,148.833,148.861,148.823,148.851,641.29
2025-03-14 08:35:00+00:00,148.851,148.856,148.776,148.847,634.28
2025-03-14 08:40:00+00:00,148.845,148.85,148.812,148.844,817.43
2025-03-14 08:45:00+00:00,148.844,148.855,148.796,148.826,672.16
2025-03-14 08:50:00+00:00,148.821,148.86,148.767,148.835,808.75
2025-03-14 08:55:00+00:00,148.837,148.914,148.834,148.879,985.12
2025-03-14 09:00:00+00:00,148.882,148.954,148.88,148.942,693.37
2025-03-14 09:05:00+00:00,148.94,148.975,148.931,148.936,787.67
2025-03-14 09:10:00+00:00,148.935,148.942,148.902,148.911,935.22
2025-03-14 09:15:00+00:00,148.911,148.965,148.897,148.943,924.91
2025-03-14 09:20:00+00:00,148.942,148.957,148.899,148.922,827.37
2025-03-14 09:25:00+00:00,148.927,148.944,148.899,148.908,618.19
2025-03-14 09:30:00+00:00,148.908,148.917,148.868,148.872,645.57
2025-03-14 09:35:00+00:00,148.874,148.903,148.874,148.891,603.99
2025-03-14 09:40:00+00:00,148.892,148.906,148.847,148.884,814.19
2025-03-14 09:45:00+00:00,148.883,148.933,148.866,148.932,413.01
2025-03-14 09:50:00+00:00,148.931,148.969,148.93,148.953,725.3
2025-03-14 09:55:00+00:00,148.963,148.996,148.955,148.973,645.33
2025-03-14 10:00:00+00:00,148.972,148.982,148.926,148.955,882.88
2025-03-14 10:05:00+00:00,148.952,148.953,148.883,148.892,646.16
2025-03-14 10:10:00+00:00,148.889,148.908,148.869,148.881,476.95
2025-03-14 10:15:00+00:00,148.881,148.89,148.812,148.827,717.48
2025-03-14 10:20:00+00:00,148.826,148.826,148.731,148.755,602.23
2025-03-14 10:25:00+00:00,148.756,148.783,148.742,148.744,374.7
2025-03-14 10:30:00+00:00,148.746,148.775,148.73,148.746,439.57
2025-03-14 10:35:00+00:00,148.746,148.749,148.666,148.678,807.13
2025-03-14 10:40:00+00:00,148.679,148.687,148.606,148.653,1533.85
2025-03-14 10:45:00+00:00,148.655,148.755,148.645,148.734,1833.73
2025-03-14 10:50:00+00:00,148.735,148.798,148.726,148.781,1764.89
2025-03-14 10:55:00+00:00,148.783,148.826,148.754,148.8,1206.38
2025-03-14 11:00:00+00:00,148.8,148.819,148.73,148.77,1462.95
2025-03-14 11:05:00+00:00,148.77,148.771,148.682,148.71,1009.48
2025-03-14 11:10:00+00:00,148.711,148.744,148.685,148.711,1229.41
2025-03-14 11:15:00+00:00,148.713,148.714,148.639,148.656,1175.49
2025-03-14 11:20:00+00:00,148.659,148.731,148.659,148.675,855.54
2025-03-14 11:25:00+00:00,148.675,148.719,148.657,148.715,1151.23
2025-03-14 11:30:00+00:00,148.719,148.771,148.677,148.752,912.02
2025-03-14 11:35:00+00:00,148.75,148.802,148.747,148.763,710.9
2025-03-14 11:40:00+00:00,148.764,148.785,148.754,148.782,645.47
2025-03-14 11:45:00+00:00,148.782,148.787,148.745,148.758,562.67
2025-03-14 11:50:00+00:00,148.758,148.758,148.716,148.73,628.05
2025-03-14 11:55:00+00:00,148.729,148.771,148.703,148.727,801.54
2025-03-14 12:00:00+00:00,148.731,148.731,148.655,148.684,1088.67
2025-03-14 12:05:00+00:00,148.685,148.692,148.628,148.647,913.38
2025-03-14 12:10:00+00:00,148.647,148.648,148.587,148.596,1032.66
2025-03-14 12:15:00+00:00,148.593,148.688,148.593,148.68,881.82
2025-03-14 12:20:00+00:00,148.679,148.717,148.658,148.716,950.26
2025-03-14 12:25:00+00:00,148.717,148.783,148.717,148.767,1053.69
2025-03-14 12:30:00+00:00,148.767,148.798,148.752,148.796,1115.43
2025-03-14 12:35:00+00:00,148.796,148.802,148.76,148.775,1349.04
2025-03-14 12:40:00+00:00,148.775,148.775,148.669,148.691,1175.92
2025-03-14 12:45:00+00:00,148.69,148.722,148.657,148.706,995.43
2025-03-14 12:50:00+00:00,148.705,148.705,148.654,148.657,1142.22
2025-03-14 12:55:00+00:00,148.656,148.676,148.655,148.656,1046.88
2025-03-14 13:00:00+00:00,148.653,148.653,148.547,148.618,1522.65
2025-03-14 13:05:00+00:00,148.621,148.672,148.611,148.654,1477.32
2025-03-14 13:10:00+00:00,148.653,148.675,148.64,148.668,830.43
2025-03-14 13:15:00+00:00,148.669,148.676,148.599,148.616,703.2
2025-03-14 13:20:00+00:00,148.616,148.667,148.612,148.663,663.06
2025-03-14 13:25:00+00:00,148.654,148.664,148.594,148.6,796.71
2025-03-14 13:30:00+00:00,148.6,148.623,148.52,148.551,1803.63
2025-03-14 13:35:00+00:00,148.547,148.626,148.541,148.571,1397.52
2025-03-14 13:40:00+00:00,148.572,148.674,148.572,148.672,1224.74
2025-03-14 13:45:00+00:00,148.672,148.78,148.672,148.752,1302.63
2025-03-14 13:50:00+00:00,148.753,148.791,148.732,148.772,1023.63
2025-03-14 13:55:00+00:00,148.769,148.772,148.644,148.68,1239.45
2025-03-14 14:00:00+00:00,148.676,148.885,148.593,148.858,2582.77
2025-03-14 14:05:00+00:00,148.858,148.896,148.626,148.638,2478.36
2025-03-14 14:10:00+00:00,148.628,148.702,148.503,148.573,2534.16
2025-03-14 14:15:00+00:00,148.572,148.61,148.488,148.495,2387.94
2025-03-14 14:20:00+00:00,148.494,148.55,148.371,148.55,2383.26
2025-03-14 14:25:00+00:00,148.549,148.595,148.527,148.576,1772.68
2025-03-14 14:30:00+00:00,148.574,148.648,148.515,148.541,2136.4
2025-03-14 14:35:00+00:00,148.543,148.59,148.461,148.585,2195.73
2025-03-14 14:40:00+00:00,148.584,148.625,148.465,148.536,1977.44
2025-03-14 14:45:00+00:00,148.535,148.547,148.429,148.455,1834.48
2025-03-14 14:50:00+00:00,148.454,148.465,148.398,148.401,1418.15
2025-03-14 14:55:00+00:00,148.4,148.466,148.345,148.457,1942.57
2025-03-14 15:00:00+00:00,148.46,148.567,148.446,148.554,1862.5
2025-03-14 15:05:00+00:00,148.555,148.566,148.409,148.426,1970.64
2025-03-14 15:10:00+00:00,148.428,148.464,148.394,148.428,1734.48
2025-03-14 15:15:00+00:00,148.429,148.453,148.367,148.388,1935.76
2025-03-14 15:20:00+00:00,148.388,148.443,148.369,148.436,1542.37
2025-03-14 15:25:00+00:00,148.437,148.536,148.432,148.483,1879.0
2025-03-14 15:30:00+00:00,148.483,148.524,148.454,148.52,1275.18
2025-03-14 15:35:00+00:00,148.522,148.526,148.399,148.473,1440.35
2025-03-14 15:40:00+00:00,148.472,148.484,148.428,148.449,1373.47
2025-03-14 15:45:00+00:00,148.448,148.455,148.4,148.428,1326.94
2025-03-14 15:50:00+00:00,148.426,148.465,148.377,148.46,1482.86
2025-03-14 15:55:00+00:00,148.46,148.517,148.441,148.517,1621.19
2025-03-14 16:00:00+00:00,148.516,148.524,148.466,148.468,1033.09
2025-03-14 16:05:00+00:00,148.467,148.468,148.348,148.356,1193.81
2025-03-14 16:10:00+00:00,148.356,148.392,148.29,148.31,974.1
2025-03-14 16:15:00+00:00,148.307,148.329,148.28,148.313,763.57
2025-03-14 16:20:00+00:00,148.316,148.366,148.299,148.33,881.94
2025-03-14 16:25:00+00:00,148.331,148.341,148.278,148.29,647.04
2025-03-14 16:30:00+00:00,148.29,148.322,148.256,148.297,1162.56
2025-03-14 16:35:00+00:00,148.299,148.325,148.271,148.274,1253.48
2025-03-14 16:40:00+00:00,148.274,148.299,148.26,148.276,1260.11
2025-03-14 16:45:00+00:00,148.277,148.304,148.259,148.29,1019.15
2025-03-14 16:50:00+00:00,148.292,148.382,148.28,148.364,998.62
2025-03-14 16:55:00+00:00,148.365,148.378,148.336,148.356,660.31
2025-03-14 17:00:00+00:00,148.352,148.408,148.345,148.375,921.38
2025-03-14 17:05:00+00:00,148.374,148.383,148.332,148.333,643.77
2025-03-14 17:10:00+00:00,148.334,148.353,148.318,148.322,750.84
2025-03-14 17:15:00+00:00,148.319,148.369,148.318,148.344,655.66
2025-03-14 17:20:00+00:00,148.342,148.38,148.337,148.361,745.34
2025-03-14 17:25:00+00:00,148.363,148.364,148.347,148.358,442.94
2025-03-14 17:30:00+00:00,148.359,148.444,148.359,148.421,841.75
2025-03-14 17:35:00+00:00,148.421,148.443,148.388,148.428,975.31
2025-03-14 17:40:00+00:00,148.427,148.486,148.414,148.484,731.34
2025-03-14 17:45:00+00:00,148.484,148.502,148.432,148.455,1238.18
2025-03-14 17:50:00+00:00,148.456,148.47,148.424,148.47,713.26
2025-03-14 17:55:00+00:00,148.468,148.471,148.429,148.436,728.16
2025-03-14 18:00:00+00:00,148.438,148.487,148.438,148.465,831.39
2025-03-14 18:05:00+00:00,148.463,148.503,148.462,148.484,666.04
2025-03-14 18:10:00+00:00,148.482,148.492,148.446,148.447,595.64
2025-03-14 18:15:00+00:00,148.448,148.472,148.447,148.449,773.02
2025-03-14 18:20:00+00:00,148.448,148.463,148.438,148.459,514.36
2025-03-14 18:25:00+00:00,148.46,148.505,148.459,148.498,582.67
2025-03-14 18:30:00+00:00,148.499,148.553,148.499,148.546,741.09
2025-03-14 18:35:00+00:00,148.547,148.564,148.512,148.555,340.35
2025-03-14 18:40:00+00:00,148.556,148.567,148.509,148.566,640.62
2025-03-14 18:45:00+00:00,148.566,148.571,148.534,148.541,991.53
2025-03-14 18:50:00+00:00,148.54,148.582,148.535,148.565,993.39
2025-03-14 18:55:00+00:00,148.562,148.566,148.522,148.534,1123.62
2025-03-14 19:00:00+00:00,148.535,148.535,148.5,148.526,1299.72
2025-03-14 19:05:00+00:00,148.525,148.555,148.523,148.555,674.97
2025-03-14 19:10:00+00:00,148.554,148.575,148.538,148.574,387.53
2025-03-14 19:15:00+00:00,148.574,148.594,148.561,148.585,402.77
2025-03-14 19:20:00+00:00,148.585,148.597,148.574,148.581,477.06
2025-03-14 19:25:00+00:00,148.579,148.586,148.554,148.555,577.54
2025-03-14 19:30:00+00:00,148.554,148.584,148.554,148.572,645.94
2025-03-14 19:35:00+00:00,148.571,148.589,148.558,148.583,438.99
2025-03-14 19:40:00+00:00,148.584,148.584,148.562,148.584,345.55
2025-03-14 19:45:00+00:00,148.586,148.61,148.579,148.608,303.16
2025-03-14 19:50:00+00:00,148.608,148.636,148.583,148.633,760.74
2025-03-14 19:55:00+00:00,148.634,148.66,148.615,148.642,577.7
2025-03-14 20:00:00+00:00,148.642,148.646,148.618,148.622,211.93
2025-03-14 20:05:00+00:00,148.621,148.634,148.61,148.611,87.09
2025-03-14 20:10:00+00:00,148.611,148.622,148.608,148.612,230.22
2025-03-14 20:15:00+00:00,148.613,148.623,148.613,148.621,121.8
2025-03-14 20:20:00+00:00,148.622,148.623,148.603,148.615,135.75
2025-03-14 20:25:00+00:00,148.613,148.635,148.611,148.624,263.61
2025-03-14 20:30:00+00:00,148.624,148.641,148.622,148.636,149.91
2025-03-14 20:35:00+00:00,148.636,148.636,148.607,148.61,115.2
2025-03-14 20:40:00+00:00,148.609,148.627,148.596,148.597,485.24
2025-03-14 20:45:00+00:00,148.598,148.6,148.559,148.575,601.2
2025-03-14 20:50:00+00:00,148.574,148.604,148.573,148.6,1736.34
2025-03-14 20:55:00+00:00,148.6,148.668,148.595,148.606,753.66
2025-03-16 21:00:00+00:00,148.753,148.755,148.717,148.734,58.74
2025-03-16 21:05:00+00:00,148.753,148.76,148.753,148.76,54.9
2025-03-16 21:10:00+00:00,148.76,148.762,148.759,148.759,19.2
2025-03-16 21:15:00+00:00,148.83,148.839,148.759,148.803,30.15
2025-03-16 21:20:00+00:00,148.804,148.806,148.804,148.806,10.2
2025-03-16 21:25:00+00:00,148.806,148.806,148.76,148.796,26.55
2025-03-16 21:30:00+00:00,148.795,148.798,148.773,148.773,36.0
2025-03-16 21:35:00+00:00,148.774,148.818,148.774,148.796,55.8
2025-03-16 21:40:00+00:00,148.796,148.796,148.776,148.796,23.85
2025-03-16 21:45:00+00:00,148.796,148.796,148.774,148.774,36.6
2025-03-16 21:50:00+00:00,148.756,148.766,148.745,148.746,69.6
2025-03-16 21:55:00+00:00,148.746,148.746,148.725,148.743,54.15
2025-03-16 22:00:00+00:00,148.743,148.759,148.713,148.747,197.55
2025-03-16 22:05:00+00:00,148.746,148.794,148.746,148.78,214.77
2025-03-16 22:10:00+00:00,148.781,148.791,148.71,148.734,284.71
2025-03-16 22:15:00+00:00,148.735,148.746,148.702,148.704,359.4
2025-03-16 22:20:00+00:00,148.705,148.712,148.645,148.667,657.5
2025-03-16 22:25:00+00:00,148.668,148.7,148.65,148.698,766.8
2025-03-16 22:30:00+00:00,148.698,148.727,148.683,148.72,861.42
2025-03-16 22:35:00+00:00,148.723,148.724,148.64,148.679,483.02
2025-03-16 22:40:00+00:00,148.678,148.68,148.622,148.626,541.59
2025-03-16 22:45:00+00:00,148.625,148.632,148.58,148.586,407.87
2025-03-16 22:50:00+00:00,148.586,148.593,148.571,148.582,415.89
2025-03-16 22:55:00+00:00,148.587,148.592,148.563,148.563,808.18
2025-03-16 23:00:00+00:00,148.567,148.61,148.549,148.575,960.92
2025-03-16 23:05:00+00:00,148.577,148.578,148.538,148.544,662.21
2025-03-16 23:10:00+00:00,148.544,148.548,148.46,148.514,635.4
2025-03-16 23:15:00+00:00,148.512,148.604,148.512,148.572,649.17
2025-03-16 23:20:00+00:00,148.571,148.603,148.539,148.549,333.0
2025-03-16 23:25:00+00:00,148.551,148.584,148.534,148.582,379.38
2025-03-16 23:30:00+00:00,148.583,148.583,148.538,148.548,391.32
2025-03-16 23:35:00+00:00,148.548,148.578,148.548,148.57,286.17
2025-03-16 23:40:00+00:00,148.57,148.623,148.563,148.601,518.49
2025-03-16 23:45:00+00:00,148.603,148.698,148.589,148.677,766.59
2025-03-16 23:50:00+00:00,148.678,148.688,148.62,148.629,670.09
2025-03-16 23:55:00+00:00,148.631,148.641,148.574,148.602,884.16
2025-03-17 00:00:00+00:00,148.605,148.614,148.459,148.487,1431.14
2025-03-17 00:05:00+00:00,148.485,148.555,148.481,148.533,790.95
2025-03-17 00:10:00+00:00,148.532,148.643,148.478,148.643,1066.08
2025-03-17 00:15:00+00:00,148.643,148.732,148.617,148.687,1536.67
2025-03-17 00:20:00+00:00,148.687,148.716,148.672,148.683,1173.22
2025-03-17 00:25:00+00:00,148.683,148.8,148.678,148.796,637.8
2025-03-17 00:30:00+00:00,148.796,148.85,148.764,148.8,1009.87
2025-03-17 00:35:00+00:00,148.801,148.831,148.782,148.789,910.46
2025-03-17 00:40:00+00:00,148.789,148.823,148.781,148.799,737.58
2025-03-17 00:45:00+00:00,148.8,148.88,148.798,148.874,789.8
2025-03-17 00:50:00+00:00,148.881,148.883,148.797,148.797,1308.13
2025-03-17 00:55:00+00:00,148.797,148.807,148.732,148.791,1270.58
2025-03-17 01:00:00+00:00,148.791,148.864,148.76,148.842,1164.77
2025-03-17 01:05:00+00:00,148.843,148.895,148.819,148.833,948.75
2025-03-17 01:10:00+00:00,148.834,148.837,148.76,148.766,953.96
2025-03-17 01:15:00+00:00,148.767,148.778,148.708,148.728,839.43
2025-03-17 01:20:00+00:00,148.729,148.772,148.717,148.738,673.65
2025-03-17 01:25:00+00:00,148.737,148.737,148.665,148.669,800.44
2025-03-17 01:30:00+00:00,148.669,148.685,148.642,148.659,787.47
2025-03-17 01:35:00+00:00,148.658,148.689,148.607,148.656,698.7
2025-03-17 01:40:00+00:00,148.655,148.681,148.592,148.633,786.96
2025-03-17 01:45:00+00:00,148.631,148.673,148.616,148.653,377.21
2025-03-17 01:50:00+00:00,148.651,148.651,148.56,148.614,540.98
2025-03-17 01:55:00+00:00,148.616,148.665,148.597,148.616,624.75
2025-03-17 02:00:00+00:00,148.615,148.615,148.538,148.567,875.37
2025-03-17 02:05:00+00:00,148.568,148.608,148.534,148.608,989.19
2025-03-17 02:10:00+00:00,148.609,148.642,148.588,148.617,837.57
2025-03-17 02:15:00+00:00,148.618,148.704,148.607,148.612,864.26
2025-03-17 02:20:00+00:00,148.613,148.656,148.592,148.646,485.49
2025-03-17 02:25:00+00:00,148.643,148.643,148.576,148.619,519.3
2025-03-17 02:30:00+00:00,148.619,148.647,148.61,148.642,534.96
2025-03-17 02:35:00+00:00,148.64,148.658,148.588,148.602,695.42
2025-03-17 02:40:00+00:00,148.602,148.605,148.558,148.579,660.04
2025-03-17 02:45:00+00:00,148.578,148.609,148.564,148.598,440.46
2025-03-17 02:50:00+00:00,148.598,148.635,148.595,148.618,596.94
2025-03-17 02:55:00+00:00,148.619,148.651,148.596,148.646,802.5
2025-03-17 03:00:00+00:00,148.646,148.671,148.613,148.656,724.77
2025-03-17 03:05:00+00:00,148.654,148.654,148.609,148.629,360.72
2025-03-17 03:10:00+00:00,148.629,148.643,148.607,148.623,400.58
2025-03-17 03:15:00+00:00,148.62,148.623,148.567,148.588,475.65
2025-03-17 03:20:00+00:00,148.59,148.651,148.586,148.633,464.19
2025-03-17 03:25:00+00:00,148.634,148.681,148.628,148.669,386.1
2025-03-17 03:30:00+00:00,148.669,148.69,148.642,148.649,453.66
2025-03-17 03:35:00+00:00,148.649,148.661,148.619,148.638,234.89
2025-03-17 03:40:00+00:00,148.638,148.757,148.624,148.741,583.83
2025-03-17 03:45:00+00:00,148.741,148.774,148.739,148.76,627.27
2025-03-17 03:50:00+00:00,148.762,148.811,148.743,148.757,684.18
2025-03-17 03:55:00+00:00,148.758,148.764,148.72,148.726,463.53
2025-03-17 04:00:00+00:00,148.728,148.813,148.719,148.801,692.1
2025-03-17 04:05:00+00:00,148.802,148.967,148.801,148.955,1570.27
2025-03-17 04:10:00+00:00,148.954,148.971,148.881,148.92,961.95
2025-03-17 04:15:00+00:00,148.92,148.944,148.889,148.902,760.92
2025-03-17 04:20:00+00:00,148.902,148.922,148.868,148.91,750.19
2025-03-17 04:25:00+00:00,148.91,148.916,148.849,148.849,556.65
2025-03-17 04:30:00+00:00,148.848,148.867,148.834,148.843,484.05
2025-03-17 04:35:00+00:00,148.842,148.876,148.834,148.869,362.34
2025-03-17 04:40:00+00:00,148.871,148.919,148.871,148.906,294.42
2025-03-17 04:45:00+00:00,148.91,148.931,148.902,148.905,234.9
2025-03-17 04:50:00+00:00,148.909,148.975,148.905,148.968,577.08
2025-03-17 04:55:00+00:00,148.966,149.04,148.966,149.035,799.95
2025-03-17 05:00:00+00:00,149.035,149.057,148.967,149.038,721.02
2025-03-17 05:05:00+00:00,149.041,149.049,148.974,148.989,394.41
2025-03-17 05:10:00+00:00,148.994,149.062,148.992,149.044,626.88
2025-03-17 05:15:00+00:00,149.044,149.051,148.991,149.008,520.96
2025-03-17 05:20:00+00:00,149.01,149.019,148.89,148.901,1050.39
2025-03-17 05:25:00+00:00,148.904,148.971,148.904,148.963,553.65
2025-03-17 05:30:00+00:00,148.967,148.97,148.944,148.946,469.2
2025-03-17 05:35:00+00:00,148.952,148.979,148.914,148.936,423.07
2025-03-17 05:40:00+00:00,148.939,148.983,148.906,148.931,635.19
2025-03-17 05:45:00+00:00,148.932,148.933,148.893,148.912,470.26
2025-03-17 05:50:00+00:00,148.912,148.966,148.892,148.918,670.65
2025-03-17 05:55:00+00:00,148.918,149.004,148.887,148.976,883.55
2025-03-17 06:00:00+00:00,148.976,149.095,148.97,149.068,1282.53
2025-03-17 06:05:00+00:00,149.069,149.092,149.025,149.027,887.76
2025-03-17 06:10:00+00:00,149.028,149.072,149.028,149.051,900.75
2025-03-17 06:15:00+00:00,149.051,149.073,148.977,148.978,641.64
2025-03-17 06:20:00+00:00,148.981,148.99,148.814,148.825,1576.79
2025-03-17 06:25:00+00:00,148.824,148.89,148.811,148.846,1486.22
2025-03-17 06:30:00+00:00,148.851,148.903,148.844,148.854,1420.45
2025-03-17 06:35:00+00:00,148.852,148.874,148.8,148.806,946.66
2025-03-17 06:40:00+00:00,148.806,148.887,148.806,148.886,683.13
2025-03-17 06:45:00+00:00,148.887,148.908,148.856,148.868,781.32
2025-03-17 06:50:00+00:00,148.869,148.946,148.853,148.925,950.29
2025-03-17 06:55:00+00:00,148.925,148.969,148.925,148.962,982.36
2025-03-17 07:00:00+00:00,148.966,148.992,148.924,148.979,1469.55
2025-03-17 07:05:00+00:00,148.981,148.989,148.924,148.937,879.75
2025-03-17 07:10:00+00:00,148.938,148.964,148.892,148.907,686.49
2025-03-17 07:15:00+00:00,148.908,148.92,148.866,148.871,700.51
2025-03-17 07:20:00+00:00,148.871,148.923,148.85,148.882,678.31
2025-03-17 07:25:00+00:00,148.882,148.984,148.882,148.941,874.41
2025-03-17 07:30:00+00:00,148.942,148.973,148.87,148.928,1225.23
2025-03-17 07:35:00+00:00,148.928,148.955,148.823,148.852,1053.67
2025-03-17 07:40:00+00:00,148.853,148.882,148.833,148.843,884.43
2025-03-17 07:45:00+00:00,148.843,148.925,148.837,148.9,885.41
2025-03-17 07:50:00+00:00,148.9,148.901,148.847,148.874,588.95
2025-03-17 07:55:00+00:00,148.876,148.882,148.82,148.835,975.43
2025-03-17 08:00:00+00:00,148.833,148.865,148.739,148.743,1823.22
2025-03-17 08:05:00+00:00,148.743,148.846,148.682,148.838,1628.78
2025-03-17 08:10:00+00:00,148.838,148.864,148.76,148.846,1666.43
2025-03-17 08:15:00+00:00,148.849,148.863,148.813,148.86,986.13
2025-03-17 08:20:00+00:00,148.86,148.933,148.86,148.93,860.92
2025-03-17 08:25:00+00:00,148.931,148.937,148.837,148.874,829.52
2025-03-17 08:30:00+00:00,148.874,148.876,148.811,148.818,1174.64
2025-03-17 08:35:00+00:00,148.819,148.896,148.814,148.871,976.27
2025-03-17 08:40:00+00:00,148.871,148.902,148.815,148.89,1065.29
2025-03-17 08:45:00+00:00,148.887,148.953,148.88,148.942,945.13
2025-03-17 08:50:00+00:00,148.942,148.979,148.928,148.962,1370.34
2025-03-17 08:55:00+00:00,148.966,148.966,148.924,148.924,1433.07
2025-03-17 09:00:00+00:00,148.929,148.933,148.859,148.877,1215.29
2025-03-17 09:05:00+00:00,148.881,148.913,148.864,148.88,943.01
2025-03-17 09:10:00+00:00,148.881,148.893,148.836,148.879,1363.92
2025-03-17 09:15:00+00:00,148.877,148.877,148.825,148.837,1253.63
2025-03-17 09:20:00+00:00,148.838,148.876,148.837,148.873,867.07
2025-03-17 09:25:00+00:00,148.874,148.881,148.827,148.876,986.9
2025-03-17 09:30:00+00:00,148.874,148.887,148.822,148.824,1202.85
2025-03-17 09:35:00+00:00,148.824,148.827,148.711,148.716,1669.97
2025-03-17 09:40:00+00:00,148.715,148.717,148.64,148.656,1525.9
2025-03-17 09:45:00+00:00,148.655,148.685,148.645,148.673,1054.09
2025-03-17 09:50:00+00:00,148.674,148.72,148.599,148.619,1334.89
2025-03-17 09:55:00+00:00,148.621,148.701,148.613,148.664,1901.41
2025-03-17 10:00:00+00:00,148.663,148.677,148.623,148.623,1279.83
2025-03-17 10:05:00+00:00,148.623,148.646,148.564,148.577,1309.09
2025-03-17 10:10:00+00:00,148.577,148.603,148.553,148.589,959.68
2025-03-17 10:15:00+00:00,148.589,148.599,148.564,148.583,900.2
2025-03-17 10:20:00+00:00,148.586,148.605,148.552,148.555,1020.32
2025-03-17 10:25:00+00:00,148.555,148.576,148.518,148.569,780.25
2025-03-17 10:30:00+00:00,148.568,148.587,148.532,148.57,767.13
2025-03-17 10:35:00+00:00,148.569,148.639,148.555,148.616,841.28
2025-03-17 10:40:00+00:00,148.614,148.614,148.523,148.527,980.08
2025-03-17 10:45:00+00:00,148.527,148.562,148.511,148.513,952.12
2025-03-17 10:50:00+00:00,148.512,148.529,148.494,148.499,578.79
2025-03-17 10:55:00+00:00,148.498,148.522,148.479,148.495,664.58
2025-03-17 11:00:00+00:00,148.495,148.551,148.493,148.522,801.41
2025-03-17 11:05:00+00:00,148.523,148.523,148.426,148.451,1114.49
2025-03-17 11:10:00+00:00,148.45,148.472,148.416,148.446,989.34
2025-03-17 11:15:00+00:00,148.447,148.499,148.428,148.495,565.23
2025-03-17 11:20:00+00:00,148.495,148.534,148.485,148.517,660.03
2025-03-17 11:25:00+00:00,148.516,148.551,148.512,148.515,665.73
2025-03-17 11:30:00+00:00,148.519,148.543,148.487,148.513,916.26
2025-03-17 11:35:00+00:00,148.516,148.548,148.509,148.534,884.25
2025-03-17 11:40:00+00:00,148.534,148.535,148.457,148.468,856.6
2025-03-17 11:45:00+00:00,148.469,148.503,148.434,148.455,903.93
2025-03-17 11:50:00+00:00,148.455,148.478,148.446,148.461,820.5
2025-03-17 11:55:00+00:00,148.46,148.499,148.44,148.454,826.96
2025-03-17 12:00:00+00:00,148.459,148.473,148.428,148.457,1318.69
2025-03-17 12:05:00+00:00,148.459,148.459,148.404,148.417,1108.26
2025-03-17 12:10:00+00:00,148.418,148.439,148.402,148.436,885.27
2025-03-17 12:15:00+00:00,148.435,148.47,148.432,148.469,834.3
2025-03-17 12:20:00+00:00,148.465,148.561,148.449,148.547,978.75
2025-03-17 12:25:00+00:00,148.548,148.578,148.515,148.527,911.83
2025-03-17 12:30:00+00:00,148.527,148.819,148.26,148.693,3531.35
2025-03-17 12:35:00+00:00,148.692,148.858,148.681,148.824,2939.8
2025-03-17 12:40:00+00:00,148.825,148.916,148.823,148.833,2924.64
2025-03-17 12:45:00+00:00,148.832,148.886,148.797,148.854,2536.23
2025-03-17 12:50:00+00:00,148.86,148.95,148.821,148.854,2878.88
2025-03-17 12:55:00+00:00,148.853,148.887,148.793,148.818,1852.48
2025-03-17 13:00:00+00:00,148.818,148.832,148.738,148.745,2202.6
2025-03-17 13:05:00+00:00,148.744,148.84,148.727,148.822,1950.04
2025-03-17 13:10:00+00:00,148.824,148.877,148.78,148.853,1704.9
2025-03-17 13:15:00+00:00,148.856,148.866,148.806,148.839,1421.44
2025-03-17 13:20:00+00:00,148.837,148.863,148.764,148.767,1896.11
2025-03-17 13:25:00+00:00,148.766,148.826,148.739,148.775,1581.42
2025-03-17 13:30:00+00:00,148.778,148.875,148.726,148.857,2082.32
2025-03-17 13:35:00+00:00,148.856,148.979,148.84,148.951,1746.7
2025-03-17 13:40:00+00:00,148.951,148.999,148.9,148.993,2058.17
2025-03-17 13:45:00+00:00,148.994,149.094,148.911,148.912,2567.87
2025-03-17 13:50:00+00:00,148.913,148.952,148.888,148.919,2498.07
2025-03-17 13:55:00+00:00,148.918,148.925,148.83,148.83,1946.13
2025-03-17 14:00:00+00:00,148.827,148.833,148.732,148.745,2591.76
2025-03-17 14:05:00+00:00,148.742,148.826,148.683,148.734,2724.15
2025-03-17 14:10:00+00:00,148.73,148.822,148.721,148.803,2383.83
2025-03-17 14:15:00+00:00,148.806,148.848,148.73,148.808,2648.55
2025-03-17 14:20:00+00:00,148.809,148.826,148.732,148.758,4013.46
2025-03-17 14:25:00+00:00,148.755,148.772,148.646,148.659,2795.22
2025-03-17 14:30:00+00:00,148.655,148.677,148.601,148.621,3048.79
2025-03-17 14:35:00+00:00,148.622,148.688,148.594,148.682,2437.23
2025-03-17 14:40:00+00:00,148.684,148.693,148.612,148.661,1569.09
2025-03-17 14:45:00+00:00,148.659,148.669,148.577,148.655,1766.37
2025-03-17 14:50:00+00:00,148.656,148.656,148.586,148.598,2090.13
2025-03-17 14:55:00+00:00,148.596,148.626,148.566,148.598,2107.41
2025-03-17 15:00:00+00:00,148.599,148.621,148.535,148.553,2110.53
2025-03-17 15:05:00+00:00,148.553,148.586,148.531,148.583,1626.42
2025-03-17 15:10:00+00:00,148.583,148.608,148.518,148.606,1617.99
2025-03-17 15:15:00+00:00,148.605,148.658,148.571,148.649,1431.86
2025-03-17 15:20:00+00:00,148.65,148.652,148.539,148.545,1344.49
2025-03-17 15:25:00+00:00,148.545,148.554,148.473,148.494,1607.33
2025-03-17 15:30:00+00:00,148.493,148.51,148.446,148.461,1970.54
2025-03-17 15:35:00+00:00,148.461,148.482,148.439,148.454,1687.12
2025-03-17 15:40:00+00:00,148.454,148.503,148.447,148.502,1099.38
2025-03-17 15:45:00+00:00,148.5,148.562,148.488,148.535,976.17
2025-03-17 15:50:00+00:00,148.536,148.566,148.485,148.541,1600.58
2025-03-17 15:55:00+00:00,148.541,148.576,148.532,148.555,1528.26
2025-03-17 16:00:00+00:00,148.555,148.571,148.519,148.551,1723.67
2025-03-17 16:05:00+00:00,148.551,148.609,148.551,148.604,1241.85
2025-03-17 16:10:00+00:00,148.605,148.634,148.59,148.634,998.42
2025-03-17 16:15:00+00:00,148.635,148.662,148.618,148.637,749.28
2025-03-17 16:20:00+00:00,148.637,148.642,148.525,148.545,1055.33
2025-03-17 16:25:00+00:00,148.545,148.572,148.528,148.557,853.15
2025-03-17 16:30:00+00:00,148.558,148.583,148.536,148.56,1040.15
2025-03-17 16:35:00+00:00,148.561,148.631,148.552,148.617,1178.41
2025-03-17 16:40:00+00:00,148.618,148.635,148.607,148.621,1435.91
2025-03-17 16:45:00+00:00,148.622,148.64,148.586,148.635,824.58
2025-03-17 16:50:00+00:00,148.636,148.679,148.598,148.664,1179.32
2025-03-17 16:55:00+00:00,148.663,148.73,148.663,148.729,1042.25
2025-03-17 17:00:00+00:00,148.73,148.75,148.702,148.706,926.7
2025-03-17 17:05:00+00:00,148.704,148.75,148.699,148.75,803.8
2025-03-17 17:10:00+00:00,148.75,148.817,148.73,148.792,699.07
2025-03-17 17:15:00+00:00,148.791,148.846,148.79,148.804,881.79
2025-03-17 17:20:00+00:00,148.805,148.853,148.797,148.842,666.36
2025-03-17 17:25:00+00:00,148.843,148.911,148.843,148.898,543.87
2025-03-17 17:30:00+00:00,148.9,148.901,148.865,148.879,553.24
2025-03-17 17:35:00+00:00,148.877,148.937,148.853,148.924,1085.2
2025-03-17 17:40:00+00:00,148.924,148.954,148.911,148.95,621.32
2025-03-17 17:45:00+00:00,148.95,148.979,148.935,148.978,691.71
2025-03-17 17:50:00+00:00,148.982,149.026,148.973,148.986,1078.77
2025-03-17 17:55:00+00:00,148.987,149.006,148.974,148.988,755.83
2025-03-17 18:00:00+00:00,148.988,149.038,148.949,148.98,2001.48
2025-03-17 18:05:00+00:00,148.978,149.037,148.976,149.022,835.77
2025-03-17 18:10:00+00:00,149.021,149.069,149.016,149.06,781.35
2025-03-17 18:15:00+00:00,149.06,149.08,149.01,149.013,1026.37
2025-03-17 18:20:00+00:00,149.014,149.062,149.014,149.049,711.55
2025-03-17 18:25:00+00:00,149.05,149.063,149.024,149.029,531.95
2025-03-17 18:30:00+00:00,149.03,149.077,149.016,149.07,770.57
2025-03-17 18:35:00+00:00,149.071,149.087,149.046,149.071,619.23
2025-03-17 18:40:00+00:00,149.071,149.089,149.059,149.079,544.98
2025-03-17 18:45:00+00:00,149.08,149.167,149.079,149.146,1106.51
2025-03-17 18:50:00+00:00,149.147,149.239,149.146,149.211,1177.36
2025-03-17 18:55:00+00:00,149.213,149.222,149.164,149.176,1758.98
2025-03-17 19:00:00+00:00,149.175,149.181,149.145,149.154,1227.2
2025-03-17 19:05:00+00:00,149.154,149.181,149.149,149.161,883.85
2025-03-17 19:10:00+00:00,149.163,149.184,149.138,149.167,543.22
2025-03-17 19:15:00+00:00,149.168,149.183,149.14,149.18,872.44
2025-03-17 19:20:00+00:00,149.187,149.234,149.182,149.226,428.09
2025-03-17 19:25:00+00:00,149.226,149.27,149.219,149.264,597.51
2025-03-17 19:30:00+00:00,149.265,149.283,149.246,149.248,705.63
2025-03-17 19:35:00+00:00,149.247,149.251,149.226,149.233,652.02
2025-03-17 19:40:00+00:00,149.233,149.255,149.224,149.244,457.99
2025-03-17 19:45:00+00:00,149.243,149.258,149.223,149.225,712.18
2025-03-17 19:50:00+00:00,149.222,149.226,149.177,149.221,1022.48
2025-03-17 19:55:00+00:00,149.218,149.24,149.149,149.158,1362.44
2025-03-17 20:00:00+00:00,149.156,149.157,149.053,149.1,658.64
2025-03-17 20:05:00+00:00,149.099,149.147,149.099,149.119,265.26
2025-03-17 20:10:00+00:00,149.119,149.128,149.072,149.074,283.0
2025-03-17 20:15:00+00:00,149.074,149.139,149.07,149.113,439.98
2025-03-17 20:20:00+00:00,149.115,149.163,149.106,149.16,439.59
2025-03-17 20:25:00+00:00,149.16,149.189,149.149,149.184,479.23
2025-03-17 20:30:00+00:00,149.184,149.199,149.14,149.175,538.86
2025-03-17 20:35:00+00:00,149.175,149.222,149.165,149.222,377.26
2025-03-17 20:40:00+00:00,149.223,149.228,149.195,149.201,436.42
2025-03-17 20:45:00+00:00,149.198,149.201,149.15,149.177,471.12
2025-03-17 20:50:00+00:00,149.18,149.19,149.159,149.171,261.75
2025-03-17 20:55:00+00:00,149.17,149.259,149.168,149.194,940.74
2025-03-17 21:00:00+00:00,149.193,149.217,149.162,149.206,10.87
2025-03-17 21:05:00+00:00,149.206,149.207,149.184,149.184,16.65
2025-03-17 21:10:00+00:00,149.184,149.226,149.166,149.169,34.5
2025-03-17 21:15:00+00:00,149.169,149.175,149.169,149.169,54.24
2025-03-17 21:20:00+00:00,149.169,149.184,149.16,149.16,77.86
2025-03-17 21:25:00+00:00,149.16,149.16,149.147,149.148,7.75
2025-03-17 21:30:00+00:00,149.134,149.141,149.132,149.136,49.05
2025-03-17 21:35:00+00:00,149.137,149.137,149.088,149.123,33.03
2025-03-17 21:40:00+00:00,149.122,149.151,149.117,149.146,58.5
2025-03-17 21:45:00+00:00,149.145,149.145,149.133,149.135,13.2
2025-03-17 21:50:00+00:00,149.137,149.138,149.125,149.135,13.14
2025-03-17 21:55:00+00:00,149.135,149.135,149.133,149.135,5.7
2025-03-17 22:00:00+00:00,149.138,149.215,149.138,149.192,260.55
2025-03-17 22:05:00+00:00,149.192,149.221,149.187,149.221,141.85
2025-03-17 22:10:00+00:00,149.22,149.251,149.219,149.249,243.45
2025-03-17 22:15:00+00:00,149.246,149.252,149.22,149.22,302.11
2025-03-17 22:20:00+00:00,149.221,149.225,149.182,149.201,472.44
2025-03-17 22:25:00+00:00,149.199,149.208,149.188,149.201,355.5
2025-03-17 22:30:00+00:00,149.2,149.26,149.2,149.246,287.55
2025-03-17 22:35:00+00:00,149.247,149.257,149.227,149.244,199.38
2025-03-17 22:40:00+00:00,149.244,149.285,149.239,149.285,149.85
2025-03-17 22:45:00+00:00,149.284,149.29,149.251,149.255,171.6
2025-03-17 22:50:00+00:00,149.255,149.283,149.253,149.276,85.8
2025-03-17 22:55:00+00:00,149.272,149.329,149.272,149.324,646.15
2025-03-17 23:00:00+00:00,149.324,149.383,149.324,149.344,698.28
2025-03-17 23:05:00+00:00,149.344,149.395,149.34,149.374,445.69
2025-03-17 23:10:00+00:00,149.373,149.375,149.31,149.347,366.49
2025-03-17 23:15:00+00:00,149.346,149.358,149.31,149.346,286.74
2025-03-17 23:20:00+00:00,149.346,149.365,149.336,149.343,293.46
2025-03-17 23:25:00+00:00,149.342,149.368,149.341,149.366,207.81
2025-03-17 23:30:00+00:00,149.365,149.396,149.346,149.383,387.47
2025-03-17 23:35:00+00:00,149.385,149.395,149.336,149.368,475.51
2025-03-17 23:40:00+00:00,149.369,149.369,149.339,149.35,272.82
2025-03-17 23:45:00+00:00,149.35,149.35,149.31,149.321,423.16
2025-03-17 23:50:00+00:00,149.322,149.372,149.318,149.372,214.11
2025-03-17 23:55:00+00:00,149.37,149.396,149.36,149.395,272.17
2025-03-18 00:00:00+00:00,149.394,149.455,149.358,149.45,1039.74
2025-03-18 00:05:00+00:00,149.451,149.463,149.31,149.323,960.98
2025-03-18 00:10:00+00:00,149.323,149.399,149.314,149.337,816.17
2025-03-18 00:15:00+00:00,149.334,149.37,149.253,149.28,1097.99
2025-03-18 00:20:00+00:00,149.28,149.293,149.255,149.282,766.22
2025-03-18 00:25:00+00:00,149.281,149.311,149.27,149.306,571.15
2025-03-18 00:30:00+00:00,149.307,149.357,149.291,149.343,629.88
2025-03-18 00:35:00+00:00,149.344,149.387,149.342,149.387,765.0
2025-03-18 00:40:00+00:00,149.385,149.419,149.365,149.404,661.7
2025-03-18 00:45:00+00:00,149.404,149.424,149.358,149.38,726.56
2025-03-18 00:50:00+00:00,149.38,149.467,149.358,149.456,1608.11
2025-03-18 00:55:00+00:00,149.46,149.486,149.443,149.461,1144.14
2025-03-18 01:00:00+00:00,149.46,149.483,149.366,149.366,864.01
2025-03-18 01:05:00+00:00,149.368,149.428,149.36,149.416,818.45
2025-03-18 01:10:00+00:00,149.421,149.438,149.402,149.43,539.94
2025-03-18 01:15:00+00:00,149.432,149.488,149.429,149.474,794.88
2025-03-18 01:20:00+00:00,149.473,149.474,149.398,149.414,543.51
2025-03-18 01:25:00+00:00,149.413,149.482,149.401,149.479,561.27
2025-03-18 01:30:00+00:00,149.478,149.478,149.427,149.454,707.77
2025-03-18 01:35:00+00:00,149.454,149.535,149.45,149.466,906.57
2025-03-18 01:40:00+00:00,149.466,149.491,149.439,149.463,879.24
2025-03-18 01:45:00+00:00,149.464,149.513,149.458,149.513,477.24
2025-03-18 01:50:00+00:00,149.514,149.528,149.473,149.478,653.82
2025-03-18 01:55:00+00:00,149.479,149.479,149.41,149.427,687.36
2025-03-18 02:00:00+00:00,149.426,149.45,149.398,149.434,585.17
2025-03-18 02:05:00+00:00,149.433,149.484,149.433,149.473,658.87
2025-03-18 02:10:00+00:00,149.473,149.504,149.45,149.465,893.52
2025-03-18 02:15:00+00:00,149.464,149.509,149.464,149.484,978.0
2025-03-18 02:20:00+00:00,149.484,149.524,149.484,149.504,992.43
2025-03-18 02:25:00+00:00,149.505,149.547,149.485,149.531,1041.19
2025-03-18 02:30:00+00:00,149.53,149.539,149.486,149.521,851.68
2025-03-18 02:35:00+00:00,149.521,149.53,149.5,149.516,579.52
2025-03-18 02:40:00+00:00,149.515,149.593,149.515,149.586,506.23
2025-03-18 02:45:00+00:00,149.589,149.651,149.588,149.64,1007.65
2025-03-18 02:50:00+00:00,149.64,149.709,149.618,149.674,962.71
2025-03-18 02:55:00+00:00,149.673,149.722,149.671,149.672,1010.31
2025-03-18 03:00:00+00:00,149.673,149.693,149.653,149.67,510.76
2025-03-18 03:05:00+00:00,149.67,149.682,149.642,149.665,334.86
2025-03-18 03:10:00+00:00,149.666,149.695,149.661,149.665,280.12
2025-03-18 03:15:00+00:00,149.663,149.696,149.65,149.674,341.85
2025-03-18 03:20:00+00:00,149.672,149.723,149.672,149.72,313.98
2025-03-18 03:25:00+00:00,149.721,149.722,149.694,149.7,247.62
2025-03-18 03:30:00+00:00,149.701,149.723,149.684,149.685,284.73
2025-03-18 03:35:00+00:00,149.684,149.684,149.654,149.658,317.58
2025-03-18 03:40:00+00:00,149.658,149.694,149.658,149.687,198.64
2025-03-18 03:45:00+00:00,149.689,149.691,149.657,149.665,425.85
2025-03-18 03:50:00+00:00,149.668,149.685,149.657,149.68,272.64
2025-03-18 03:55:00+00:00,149.678,149.695,149.676,149.688,299.25
2025-03-18 04:00:00+00:00,149.688,149.692,149.647,149.681,236.58
2025-03-18 04:05:00+00:00,149.682,149.704,149.657,149.658,461.4
2025-03-18 04:10:00+00:00,149.657,149.671,149.627,149.627,274.89
2025-03-18 04:15:00+00:00,149.628,149.667,149.618,149.647,340.35
2025-03-18 04:20:00+00:00,149.641,149.644,149.621,149.635,185.97
2025-03-18 04:25:00+00:00,149.633,149.708,149.626,149.7,350.51
2025-03-18 04:30:00+00:00,149.7,149.731,149.68,149.682,578.63
2025-03-18 04:35:00+00:00,149.681,149.681,149.6,149.607,466.62
2025-03-18 04:40:00+00:00,149.607,149.607,149.543,149.562,805.78
2025-03-18 04:45:00+00:00,149.56,149.581,149.56,149.579,205.35
2025-03-18 04:50:00+00:00,149.579,149.579,149.542,149.563,405.96
2025-03-18 04:55:00+00:00,149.564,149.586,149.556,149.556,367.23
2025-03-18 05:00:00+00:00,149.556,149.584,149.528,149.541,619.41
2025-03-18 05:05:00+00:00,149.542,149.56,149.529,149.541,503.56
2025-03-18 05:10:00+00:00,149.537,149.554,149.525,149.529,351.49
2025-03-18 05:15:00+00:00,149.53,149.545,149.513,149.543,173.43
2025-03-18 05:20:00+00:00,149.544,149.574,149.527,149.573,247.68
2025-03-18 05:25:00+00:00,149.573,149.633,149.572,149.602,538.44
2025-03-18 05:30:00+00:00,149.603,149.604,149.57,149.6,304.05
2025-03-18 05:35:00+00:00,149.603,149.627,149.589,149.6,314.82
2025-03-18 05:40:00+00:00,149.601,149.613,149.571,149.598,502.11
2025-03-18 05:45:00+00:00,149.598,149.639,149.597,149.634,479.94
2025-03-18 05:50:00+00:00,149.635,149.638,149.593,149.631,514.09
2025-03-18 05:55:00+00:00,149.638,149.738,149.638,149.738,1134.57
2025-03-18 06:00:00+00:00,149.737,149.783,149.725,149.769,1236.31
2025-03-18 06:05:00+00:00,149.765,149.779,149.734,149.734,669.3
2025-03-18 06:10:00+00:00,149.735,149.784,149.734,149.774,1215.86
2025-03-18 06:15:00+00:00,149.774,149.784,149.76,149.781,543.15
2025-03-18 06:20:00+00:00,149.781,149.834,149.767,149.828,1113.0
2025-03-18 06:25:00+00:00,149.831,149.863,149.82,149.841,746.25
2025-03-18 06:30:00+00:00,149.84,149.877,149.827,149.862,827.27
2025-03-18 06:35:00+00:00,149.869,149.874,149.81,149.826,982.53
2025-03-18 06:40:00+00:00,149.827,149.871,149.827,149.871,499.95
2025-03-18 06:45:00+00:00,149.871,149.875,149.82,149.821,553.83
2025-03-18 06:50:00+00:00,149.819,149.823,149.743,149.746,995.49
2025-03-18 06:55:00+00:00,149.744,149.757,149.73,149.734,702.46
2025-03-18 07:00:00+00:00,149.736,149.786,149.72,149.782,1018.54
2025-03-18 07:05:00+00:00,149.782,149.785,149.749,149.776,933.09
2025-03-18 07:10:00+00:00,149.775,149.794,149.745,149.776,717.08
2025-03-18 07:15:00+00:00,149.778,149.794,149.74,149.777,869.41
2025-03-18 07:20:00+00:00,149.778,149.793,149.759,149.774,845.82
2025-03-18 07:25:00+00:00,149.776,149.816,149.747,149.778,1055.25
2025-03-18 07:30:00+00:00,149.777,149.789,149.708,149.72,1144.32
2025-03-18 07:35:00+00:00,149.719,149.761,149.719,149.742,1062.61
2025-03-18 07:40:00+00:00,149.744,149.788,149.731,149.786,1075.05
2025-03-18 07:45:00+00:00,149.785,149.858,149.78,149.832,924.79
2025-03-18 07:50:00+00:00,149.833,149.844,149.807,149.812,951.75
2025-03-18 07:55:00+00:00,149.813,149.836,149.802,149.83,1062.46
2025-03-18 08:00:00+00:00,149.831,149.868,149.808,149.863,1590.29
2025-03-18 08:05:00+00:00,149.863,149.898,149.854,149.892,1234.68
2025-03-18 08:10:00+00:00,149.892,149.9,149.863,149.877,927.11
2025-03-18 08:15:00+00:00,149.877,149.887,149.841,149.857,993.51
2025-03-18 08:20:00+00:00,149.858,149.893,149.853,149.879,1020.99
2025-03-18 08:25:00+00:00,149.88,149.886,149.798,149.81,902.31
2025-03-18 08:30:00+00:00,149.808,149.827,149.77,149.787,973.01
2025-03-18 08:35:00+00:00,149.787,149.787,149.739,149.775,1111.35
2025-03-18 08:40:00+00:00,149.774,149.774,149.667,149.696,1385.21
2025-03-18 08:45:00+00:00,149.696,149.698,149.651,149.677,859.36
2025-03-18 08:50:00+00:00,149.677,149.731,149.668,149.722,770.41
2025-03-18 08:55:00+00:00,149.722,149.756,149.721,149.751,799.08
2025-03-18 09:00:00+00:00,149.75,149.793,149.745,149.772,857.47
2025-03-18 09:05:00+00:00,149.775,149.777,149.702,149.71,981.1
2025-03-18 09:10:00+00:00,149.711,149.738,149.702,149.713,704.0
2025-03-18 09:15:00+00:00,149.714,149.76,149.708,149.759,531.39
2025-03-18 09:20:00+00:00,149.76,149.813,149.758,149.794,626.34
2025-03-18 09:25:00+00:00,149.795,149.847,149.794,149.82,782.47
2025-03-18 09:30:00+00:00,149.821,149.827,149.797,149.799,787.66
2025-03-18 09:35:00+00:00,149.8,149.82,149.767,149.775,620.31
2025-03-18 09:40:00+00:00,149.775,149.812,149.762,149.809,860.31
2025-03-18 09:45:00+00:00,149.809,149.812,149.771,149.775,669.95
2025-03-18 09:50:00+00:00,149.774,149.788,149.747,149.782,787.27
2025-03-18 09:55:00+00:00,149.783,149.81,149.782,149.787,647.75
2025-03-18 10:00:00+00:00,149.786,149.818,149.755,149.755,694.98
2025-03-18 10:05:00+00:00,149.754,149.768,149.696,149.71,1053.34
2025-03-18 10:10:00+00:00,149.712,149.713,149.637,149.658,1199.01
2025-03-18 10:15:00+00:00,149.662,149.668,149.61,149.643,1441.2
2025-03-18 10:20:00+00:00,149.645,149.7,149.63,149.68,1092.36
2025-03-18 10:25:00+00:00,149.682,149.711,149.677,149.7,946.51
2025-03-18 10:30:00+00:00,149.701,149.701,149.616,149.636,937.99
2025-03-18 10:35:00+00:00,149.64,149.666,149.62,149.65,887.34
2025-03-18 10:40:00+00:00,149.648,149.648,149.614,149.627,887.83
2025-03-18 10:45:00+00:00,149.625,149.625,149.596,149.6,759.13
2025-03-18 10:50:00+00:00,149.601,149.636,149.598,149.609,783.19
2025-03-18 10:55:00+00:00,149.608,149.652,149.603,149.65,574.96
2025-03-18 11:00:00+00:00,149.651,149.651,149.619,149.619,753.13
2025-03-18 11:05:00+00:00,149.618,149.629,149.599,149.616,745.83
2025-03-18 11:10:00+00:00,149.615,149.65,149.581,149.606,1224.82
2025-03-18 11:15:00+00:00,149.603,149.614,149.561,149.614,928.51
2025-03-18 11:20:00+00:00,149.616,149.64,149.612,149.629,599.87
2025-03-18 11:25:00+00:00,149.629,149.686,149.627,149.669,818.55
2025-03-18 11:30:00+00:00,149.67,149.696,149.659,149.674,969.83
2025-03-18 11:35:00+00:00,149.673,149.69,149.643,149.643,929.43
2025-03-18 11:40:00+00:00,149.642,149.642,149.582,149.602,1415.87
2025-03-18 11:45:00+00:00,149.6,149.695,149.6,149.682,803.0
2025-03-18 11:50:00+00:00,149.682,149.736,149.682,149.731,924.05
2025-03-18 11:55:00+00:00,149.732,149.769,149.731,149.744,758.72
2025-03-18 12:00:00+00:00,149.745,149.745,149.651,149.673,1219.81
2025-03-18 12:05:00+00:00,149.674,149.708,149.658,149.666,749.73
2025-03-18 12:10:00+00:00,149.666,149.688,149.64,149.683,1111.7
2025-03-18 12:15:00+00:00,149.684,149.703,149.63,149.694,1066.47
2025-03-18 12:20:00+00:00,149.691,149.736,149.659,149.704,1091.75
2025-03-18 12:25:00+00:00,149.702,149.768,149.698,149.744,525.87
2025-03-18 12:30:00+00:00,149.743,149.909,149.743,149.875,1902.75
2025-03-18 12:35:00+00:00,149.874,149.934,149.87,149.91,1630.49
2025-03-18 12:40:00+00:00,149.912,149.928,149.866,149.901,1407.19
2025-03-18 12:45:00+00:00,149.9,149.928,149.86,149.878,1165.36
2025-03-18 12:50:00+00:00,149.879,149.884,149.845,149.86,1100.98
2025-03-18 12:55:00+00:00,149.862,149.899,149.835,149.838,1077.96
2025-03-18 13:00:00+00:00,149.84,149.842,149.65,149.657,1473.46
2025-03-18 13:05:00+00:00,149.658,149.757,149.658,149.748,1324.43
2025-03-18 13:10:00+00:00,149.748,149.796,149.745,149.777,631.79
2025-03-18 13:15:00+00:00,149.779,149.839,149.768,149.829,1211.39
2025-03-18 13:20:00+00:00,149.825,149.854,149.78,149.842,863.78
2025-03-18 13:25:00+00:00,149.841,149.881,149.823,149.865,1256.25
2025-03-18 13:30:00+00:00,149.867,149.892,149.814,149.827,1635.67
2025-03-18 13:35:00+00:00,149.826,149.826,149.722,149.751,1968.93
2025-03-18 13:40:00+00:00,149.75,149.795,149.677,149.683,2794.79
2025-03-18 13:45:00+00:00,149.683,149.728,149.656,149.705,2030.99
2025-03-18 13:50:00+00:00,149.705,149.732,149.633,149.638,2085.75
2025-03-18 13:55:00+00:00,149.636,149.647,149.587,149.597,2616.93
2025-03-18 14:00:00+00:00,149.592,149.61,149.491,149.536,2942.74
2025-03-18 14:05:00+00:00,149.537,149.643,149.533,149.633,2230.48
2025-03-18 14:10:00+00:00,149.633,149.649,149.56,149.591,2147.78
2025-03-18 14:15:00+00:00,149.594,149.618,149.448,149.47,2080.69
2025-03-18 14:20:00+00:00,149.473,149.508,149.446,149.496,1994.65
2025-03-18 14:25:00+00:00,149.494,149.56,149.494,149.554,1696.86
2025-03-18 14:30:00+00:00,149.554,149.607,149.526,149.596,1450.77
2025-03-18 14:35:00+00:00,149.593,149.69,149.578,149.673,1342.79
2025-03-18 14:40:00+00:00,149.674,149.719,149.662,149.67,1455.53
2025-03-18 14:45:00+00:00,149.671,149.702,149.624,149.635,1910.46
2025-03-18 14:50:00+00:00,149.633,149.718,149.616,149.716,1602.25
2025-03-18 14:55:00+00:00,149.716,149.752,149.658,149.666,1633.54
2025-03-18 15:00:00+00:00,149.665,149.679,149.553,149.622,2633.17
2025-03-18 15:05:00+00:00,149.624,149.638,149.563,149.604,1848.38
2025-03-18 15:10:00+00:00,149.608,149.676,149.582,149.657,1562.96
2025-03-18 15:15:00+00:00,149.657,149.699,149.62,149.685,1780.59
2025-03-18 15:20:00+00:00,149.687,149.697,149.532,149.55,1248.74
2025-03-18 15:25:00+00:00,149.553,149.585,149.535,149.547,1199.94
2025-03-18 15:30:00+00:00,149.548,149.615,149.535,149.561,1190.31
2025-03-18 15:35:00+00:00,149.56,149.579,149.532,149.539,990.67
2025-03-18 15:40:00+00:00,149.54,149.559,149.483,149.496,902.45
2025-03-18 15:45:00+00:00,149.496,149.519,149.439,149.462,1241.1
2025-03-18 15:50:00+00:00,149.461,149.483,149.415,149.438,1180.89
2025-03-18 15:55:00+00:00,149.438,149.493,149.428,149.491,1099.29
2025-03-18 16:00:00+00:00,149.491,149.522,149.466,149.507,1311.0
2025-03-18 16:05:00+00:00,149.505,149.511,149.484,149.5,734.51
2025-03-18 16:10:00+00:00,149.501,149.649,149.495,149.631,1126.55
2025-03-18 16:15:00+00:00,149.632,149.637,149.568,149.57,789.08
2025-03-18 16:20:00+00:00,149.567,149.584,149.508,149.535,555.09
2025-03-18 16:25:00+00:00,149.536,149.597,149.525,149.586,510.32
2025-03-18 16:30:00+00:00,149.586,149.604,149.512,149.525,997.9
2025-03-18 16:35:00+00:00,149.527,149.541,149.44,149.459,564.3
2025-03-18 16:40:00+00:00,149.459,149.468,149.354,149.359,832.87
2025-03-18 16:45:00+00:00,149.361,149.403,149.333,149.378,1706.06
2025-03-18 16:50:00+00:00,149.377,149.377,149.282,149.334,1344.24
2025-03-18 16:55:00+00:00,149.332,149.42,149.326,149.418,1456.52
2025-03-18 17:00:00+00:00,149.417,149.417,149.323,149.325,1727.64
2025-03-18 17:05:00+00:00,149.324,149.325,149.233,149.25,1275.96
2025-03-18 17:10:00+00:00,149.251,149.301,149.217,149.289,1592.97
2025-03-18 17:15:00+00:00,149.29,149.291,149.211,149.252,907.21
2025-03-18 17:20:00+00:00,149.255,149.33,149.236,149.312,1350.99
2025-03-18 17:25:00+00:00,149.314,149.338,149.289,149.318,1273.22
2025-03-18 17:30:00+00:00,149.32,149.322,149.27,149.32,1180.97
2025-03-18 17:35:00+00:00,149.32,149.351,149.295,149.342,1047.42
2025-03-18 17:40:00+00:00,149.34,149.358,149.312,149.334,829.08
2025-03-18 17:45:00+00:00,149.331,149.336,149.271,149.292,619.07
2025-03-18 17:50:00+00:00,149.292,149.304,149.26,149.278,829.24
2025-03-18 17:55:00+00:00,149.275,149.276,149.243,149.25,558.78
2025-03-18 18:00:00+00:00,149.249,149.253,149.137,149.161,1170.09
2025-03-18 18:05:00+00:00,149.16,149.196,149.138,149.174,936.3
2025-03-18 18:10:00+00:00,149.173,149.173,149.103,149.107,620.2
2025-03-18 18:15:00+00:00,149.107,149.151,149.104,149.131,646.86
2025-03-18 18:20:00+00:00,149.129,149.15,149.113,149.14,690.5
2025-03-18 18:25:00+00:00,149.141,149.188,149.11,149.113,994.45
2025-03-18 18:30:00+00:00,149.112,149.156,149.094,149.124,914.62
2025-03-18 18:35:00+00:00,149.123,149.181,149.12,149.165,590.68
2025-03-18 18:40:00+00:00,149.164,149.174,149.14,149.16,528.49
2025-03-18 18:45:00+00:00,149.161,149.226,149.154,149.221,564.09
2025-03-18 18:50:00+00:00,149.22,149.227,149.189,149.201,836.86
2025-03-18 18:55:00+00:00,149.2,149.245,149.196,149.233,486.86
2025-03-18 19:00:00+00:00,149.232,149.24,149.186,149.226,611.03
2025-03-18 19:05:00+00:00,149.226,149.232,149.16,149.172,991.33
2025-03-18 19:10:00+00:00,149.171,149.176,149.144,149.173,688.3
2025-03-18 19:15:00+00:00,149.174,149.203,149.144,149.199,543.53
2025-03-18 19:20:00+00:00,149.198,149.228,149.164,149.218,666.24
2025-03-18 19:25:00+00:00,149.22,149.22,149.18,149.185,842.49
2025-03-18 19:30:00+00:00,149.191,149.218,149.183,149.211,765.3
2025-03-18 19:35:00+00:00,149.21,149.225,149.187,149.198,928.81
2025-03-18 19:40:00+00:00,149.197,149.21,149.157,149.197,935.89
2025-03-18 19:45:00+00:00,149.196,149.254,149.184,149.246,1305.2
2025-03-18 19:50:00+00:00,149.243,149.259,149.223,149.228,976.87
2025-03-18 19:55:00+00:00,149.235,149.288,149.231,149.273,1125.61
2025-03-18 20:00:00+00:00,149.274,149.344,149.264,149.311,601.87
2025-03-18 20:05:00+00:00,149.311,149.346,149.298,149.341,246.9
2025-03-18 20:10:00+00:00,149.336,149.336,149.318,149.324,131.34
2025-03-18 20:15:00+00:00,149.323,149.332,149.323,149.329,101.4
2025-03-18 20:20:00+00:00,149.334,149.338,149.308,149.331,203.76
2025-03-18 20:25:00+00:00,149.33,149.363,149.329,149.361,189.69
2025-03-18 20:30:00+00:00,149.361,149.372,149.349,149.354,293.69
2025-03-18 20:35:00+00:00,149.355,149.387,149.355,149.369,107.37
2025-03-18 20:40:00+00:00,149.367,149.379,149.357,149.365,101.25
2025-03-18 20:45:00+00:00,149.363,149.365,149.313,149.313,255.72
2025-03-18 20:50:00+00:00,149.312,149.331,149.283,149.29,443.07
2025-03-18 20:55:00+00:00,149.289,149.301,149.25,149.25,538.47
2025-03-18 21:00:00+00:00,149.251,149.251,149.22,149.224,10.11
2025-03-18 21:05:00+00:00,149.224,149.257,149.224,149.232,49.15
2025-03-18 21:10:00+00:00,149.234,149.249,149.227,149.249,34.5
2025-03-18 21:15:00+00:00,149.25,149.252,149.25,149.252,8.4
2025-03-18 21:20:00+00:00,149.252,149.266,149.251,149.266,34.2
2025-03-18 21:25:00+00:00,149.258,149.263,149.254,149.263,29.4
2025-03-18 21:30:00+00:00,149.262,149.263,149.256,149.256,6.0
2025-03-18 21:35:00+00:00,149.257,149.259,149.239,149.25,18.6
2025-03-18 21:40:00+00:00,149.25,149.261,149.238,149.243,119.1
2025-03-18 21:45:00+00:00,149.243,149.264,149.232,149.242,80.34
2025-03-18 21:50:00+00:00,149.243,149.26,149.227,149.243,53.1
2025-03-18 21:55:00+00:00,149.243,149.245,149.199,149.232,232.53
2025-03-18 22:00:00+00:00,149.233,149.25,149.186,149.213,265.68
2025-03-18 22:05:00+00:00,149.214,149.271,149.214,149.25,160.2
2025-03-18 22:10:00+00:00,149.254,149.258,149.233,149.257,138.6
2025-03-18 22:15:00+00:00,149.259,149.304,149.257,149.292,109.35
2025-03-18 22:20:00+00:00,149.292,149.293,149.255,149.27,136.5
2025-03-18 22:25:00+00:00,149.269,149.307,149.268,149.3,159.0
2025-03-18 22:30:00+00:00,149.301,149.349,149.265,149.348,295.09
2025-03-18 22:35:00+00:00,149.348,149.359,149.342,149.359,77.55
2025-03-18 22:40:00+00:00,149.359,149.398,149.353,149.378,157.97
2025-03-18 22:45:00+00:00,149.378,149.38,149.353,149.357,162.45
2025-03-18 22:50:00+00:00,149.358,149.369,149.334,149.364,187.98
2025-03-18 22:55:00+00:00,149.362,149.4,149.349,149.385,341.58
2025-03-18 23:00:00+00:00,149.386,149.414,149.359,149.365,329.16
2025-03-18 23:05:00+00:00,149.377,149.38,149.37,149.376,130.65
2025-03-18 23:10:00+00:00,149.376,149.388,149.365,149.378,198.48
2025-03-18 23:15:00+00:00,149.378,149.413,149.378,149.396,209.94
2025-03-18 23:20:00+00:00,149.399,149.4,149.357,149.367,367.38
2025-03-18 23:25:00+00:00,149.368,149.382,149.363,149.364,314.46
2025-03-18 23:30:00+00:00,149.366,149.369,149.321,149.335,400.01
2025-03-18 23:35:00+00:00,149.336,149.339,149.301,149.303,255.15
2025-03-18 23:40:00+00:00,149.302,149.32,149.281,149.314,435.72
2025-03-18 23:45:00+00:00,149.315,149.354,149.293,149.352,344.49
2025-03-18 23:50:00+00:00,149.351,149.449,149.349,149.411,746.64
2025-03-18 23:55:00+00:00,149.412,149.475,149.406,149.438,814.14
2025-03-19 00:00:00+00:00,149.439,149.457,149.397,149.441,1513.08
2025-03-19 00:05:00+00:00,149.444,149.454,149.405,149.425,712.2
2025-03-19 00:10:00+00:00,149.424,149.457,149.407,149.448,535.94
2025-03-19 00:15:00+00:00,149.449,149.451,149.325,149.329,671.03
2025-03-19 00:20:00+00:00,149.331,149.355,149.297,149.315,797.01
2025-03-19 00:25:00+00:00,149.315,149.339,149.306,149.335,570.12
2025-03-19 00:30:00+00:00,149.336,149.444,149.318,149.425,808.26
2025-03-19 00:35:00+00:00,149.425,149.509,149.425,149.471,789.21
2025-03-19 00:40:00+00:00,149.465,149.479,149.445,149.471,552.76
2025-03-19 00:45:00+00:00,149.47,149.476,149.438,149.46,466.35
2025-03-19 00:50:00+00:00,149.462,149.587,149.459,149.578,1628.04
2025-03-19 00:55:00+00:00,149.582,149.645,149.561,149.603,1130.73
2025-03-19 01:00:00+00:00,149.607,149.641,149.582,149.585,829.6
2025-03-19 01:05:00+00:00,149.585,149.596,149.55,149.566,562.81
2025-03-19 01:10:00+00:00,149.566,149.643,149.566,149.642,498.54
2025-03-19 01:15:00+00:00,149.642,149.643,149.579,149.582,488.01
2025-03-19 01:20:00+00:00,149.584,149.594,149.563,149.563,377.21
2025-03-19 01:25:00+00:00,149.563,149.58,149.543,149.558,397.04
2025-03-19 01:30:00+00:00,149.555,149.556,149.501,149.51,698.58
2025-03-19 01:35:00+00:00,149.512,149.521,149.477,149.497,630.46
2025-03-19 01:40:00+00:00,149.497,149.546,149.46,149.53,761.28
2025-03-19 01:45:00+00:00,149.528,149.544,149.485,149.519,526.53
2025-03-19 01:50:00+00:00,149.518,149.546,149.482,149.491,629.79
2025-03-19 01:55:00+00:00,149.49,149.49,149.438,149.46,681.63
2025-03-19 02:00:00+00:00,149.461,149.482,149.449,149.453,737.88
2025-03-19 02:05:00+00:00,149.454,149.47,149.391,149.391,711.51
2025-03-19 02:10:00+00:00,149.39,149.413,149.333,149.355,698.97
2025-03-19 02:15:00+00:00,149.354,149.39,149.35,149.386,511.06
2025-03-19 02:20:00+00:00,149.39,149.401,149.323,149.329,549.24
2025-03-19 02:25:00+00:00,149.328,149.552,149.292,149.466,1598.28
2025-03-19 02:30:00+00:00,149.466,149.467,149.202,149.282,1531.17
2025-03-19 02:35:00+00:00,149.282,149.376,149.277,149.316,685.65
2025-03-19 02:40:00+00:00,149.316,149.414,149.306,149.39,420.9
2025-03-19 02:45:00+00:00,149.39,149.419,149.369,149.384,429.96
2025-03-19 02:50:00+00:00,149.384,149.462,149.384,149.448,353.88
2025-03-19 02:55:00+00:00,149.447,149.467,149.417,149.418,315.6
2025-03-19 03:00:00+00:00,149.419,149.434,149.41,149.415,168.3
2025-03-19 03:05:00+00:00,149.415,149.429,149.401,149.419,243.9
2025-03-19 03:10:00+00:00,149.419,149.435,149.411,149.433,115.5
2025-03-19 03:15:00+00:00,149.433,149.454,149.415,149.429,342.26
2025-03-19 03:20:00+00:00,149.428,149.484,149.427,149.475,408.03
2025-03-19 03:25:00+00:00,149.474,149.514,149.468,149.506,303.18
2025-03-19 03:30:00+00:00,149.506,149.513,149.452,149.453,364.28
2025-03-19 03:35:00+00:00,149.453,149.454,149.409,149.411,229.87
2025-03-19 03:40:00+00:00,149.41,149.436,149.399,149.425,348.0
2025-03-19 03:45:00+00:00,149.426,149.435,149.404,149.413,328.14
2025-03-19 03:50:00+00:00,149.414,149.415,149.355,149.358,347.49
2025-03-19 03:55:00+00:00,149.358,149.359,149.3,149.321,503.63
2025-03-19 04:00:00+00:00,149.322,149.343,149.305,149.331,356.88
2025-03-19 04:05:00+00:00,149.331,149.367,149.309,149.36,264.6
2025-03-19 04:10:00+00:00,149.36,149.409,149.347,149.379,520.35
2025-03-19 04:15:00+00:00,149.379,149.381,149.347,149.376,375.9
2025-03-19 04:20:00+00:00,149.375,149.504,149.36,149.49,471.96
2025-03-19 04:25:00+00:00,149.489,149.489,149.457,149.467,263.04
2025-03-19 04:30:00+00:00,149.469,149.508,149.469,149.502,356.19
2025-03-19 04:35:00+00:00,149.503,149.522,149.494,149.516,245.97
2025-03-19 04:40:00+00:00,149.518,149.57,149.507,149.567,294.42
2025-03-19 04:45:00+00:00,149.556,149.565,149.54,149.549,333.3
2025-03-19 04:50:00+00:00,149.556,149.566,149.536,149.536,340.02
2025-03-19 04:55:00+00:00,149.538,149.551,149.51,149.533,336.57
2025-03-19 05:00:00+00:00,149.538,149.61,149.534,149.551,366.0
2025-03-19 05:05:00+00:00,149.551,149.588,149.544,149.573,256.95
2025-03-19 05:10:00+00:00,149.573,149.634,149.565,149.59,536.82
2025-03-19 05:15:00+00:00,149.59,149.63,149.567,149.607,405.34
2025-03-19 05:20:00+00:00,149.606,149.629,149.595,149.608,418.82
2025-03-19 05:25:00+00:00,149.61,149.631,149.6,149.601,367.56
2025-03-19 05:30:00+00:00,149.6,149.736,149.6,149.705,626.49
2025-03-19 05:35:00+00:00,149.706,149.726,149.628,149.637,388.64
2025-03-19 05:40:00+00:00,149.639,149.693,149.621,149.691,406.29
2025-03-19 05:45:00+00:00,149.691,149.711,149.671,149.682,362.02
2025-03-19 05:50:00+00:00,149.684,149.737,149.675,149.729,414.72
2025-03-19 05:55:00+00:00,149.729,149.776,149.713,149.773,477.25
2025-03-19 06:00:00+00:00,149.772,149.816,149.763,149.804,752.92
2025-03-19 06:05:00+00:00,149.804,149.812,149.77,149.797,541.98
2025-03-19 06:10:00+00:00,149.797,149.815,149.774,149.777,415.89
2025-03-19 06:15:00+00:00,149.775,149.853,149.762,149.811,598.56
2025-03-19 06:20:00+00:00,149.812,149.895,149.812,149.873,925.26
2025-03-19 06:25:00+00:00,149.875,149.889,149.821,149.859,676.61
2025-03-19 06:30:00+00:00,149.859,149.866,149.692,149.741,1698.01
2025-03-19 06:35:00+00:00,149.741,149.948,149.701,149.927,1218.84
2025-03-19 06:40:00+00:00,149.931,150.019,149.923,149.953,1288.0
2025-03-19 06:45:00+00:00,149.954,149.96,149.558,149.691,1823.7
2025-03-19 06:50:00+00:00,149.693,149.856,149.664,149.718,1634.94
2025-03-19 06:55:00+00:00,149.713,149.777,149.622,149.659,1407.6
2025-03-19 07:00:00+00:00,149.664,149.668,149.407,149.525,2924.05
2025-03-19 07:05:00+00:00,149.525,149.53,149.396,149.48,1587.42
2025-03-19 07:10:00+00:00,149.478,149.585,149.475,149.578,1601.03
2025-03-19 07:15:00+00:00,149.578,149.68,149.543,149.583,1796.34
2025-03-19 07:20:00+00:00,149.589,149.65,149.527,149.555,1377.69
2025-03-19 07:25:00+00:00,149.554,149.589,149.417,149.421,1526.58
2025-03-19 07:30:00+00:00,149.42,149.436,149.326,149.342,1774.05
2025-03-19 07:35:00+00:00,149.343,149.405,149.24,149.242,2586.24
2025-03-19 07:40:00+00:00,149.247,149.261,149.14,149.22,2773.72
2025-03-19 07:45:00+00:00,149.218,149.323,149.209,149.298,2101.14
2025-03-19 07:50:00+00:00,149.304,149.348,149.262,149.315,1707.17
2025-03-19 07:55:00+00:00,149.312,149.316,149.221,149.272,1972.77
2025-03-19 08:00:00+00:00,149.276,149.385,149.276,149.326,2131.91
2025-03-19 08:05:00+00:00,149.325,149.416,149.302,149.358,1628.61
2025-03-19 08:10:00+00:00,149.356,149.419,149.315,149.412,1639.97
2025-03-19 08:15:00+00:00,149.409,149.462,149.368,149.445,1512.23
2025-03-19 08:20:00+00:00,149.442,149.501,149.427,149.488,1433.09
2025-03-19 08:25:00+00:00,149.487,149.555,149.454,149.519,1676.41
2025-03-19 08:30:00+00:00,149.52,149.562,149.501,149.529,1334.19
2025-03-19 08:35:00+00:00,149.535,149.552,149.491,149.539,1184.25
2025-03-19 08:40:00+00:00,149.54,149.549,149.488,149.54,1154.07
2025-03-19 08:45:00+00:00,149.541,149.653,149.516,149.644,1199.93
2025-03-19 08:50:00+00:00,149.642,149.683,149.605,149.676,894.69
2025-03-19 08:55:00+00:00,149.678,149.683,149.617,149.627,963.47
2025-03-19 09:00:00+00:00,149.628,149.659,149.615,149.64,984.6
2025-03-19 09:05:00+00:00,149.64,149.678,149.616,149.671,754.97
2025-03-19 09:10:00+00:00,149.671,149.704,149.585,149.587,762.9
2025-03-19 09:15:00+00:00,149.587,149.637,149.569,149.628,636.66
2025-03-19 09:20:00+00:00,149.628,149.647,149.606,149.638,503.97
2025-03-19 09:25:00+00:00,149.641,149.674,149.615,149.674,554.91
2025-03-19 09:30:00+00:00,149.672,149.78,149.669,149.757,935.11
2025-03-19 09:35:00+00:00,149.757,149.768,149.735,149.743,633.75
2025-03-19 09:40:00+00:00,149.743,149.748,149.712,149.724,687.7
2025-03-19 09:45:00+00:00,149.728,149.766,149.713,149.739,612.39
2025-03-19 09:50:00+00:00,149.734,149.761,149.724,149.742,783.6
2025-03-19 09:55:00+00:00,149.743,149.79,149.729,149.758,570.09
2025-03-19 10:00:00+00:00,149.759,149.792,149.758,149.79,506.4
2025-03-19 10:05:00+00:00,149.789,149.812,149.748,149.787,596.29
2025-03-19 10:10:00+00:00,149.776,149.777,149.734,149.745,644.65
2025-03-19 10:15:00+00:00,149.744,149.748,149.712,149.728,571.38
2025-03-19 10:20:00+00:00,149.731,149.74,149.69,149.69,592.17
2025-03-19 10:25:00+00:00,149.689,149.735,149.672,149.735,689.01
2025-03-19 10:30:00+00:00,149.735,149.778,149.733,149.757,524.46
2025-03-19 10:35:00+00:00,149.755,149.759,149.701,149.714,541.05
2025-03-19 10:40:00+00:00,149.715,149.769,149.71,149.748,584.49
2025-03-19 10:45:00+00:00,149.748,149.758,149.715,149.74,709.65
2025-03-19 10:50:00+00:00,149.739,149.785,149.732,149.767,613.56
2025-03-19 10:55:00+00:00,149.767,149.79,149.729,149.775,564.84
2025-03-19 11:00:00+00:00,149.773,149.836,149.768,149.835,681.84
2025-03-19 11:05:00+00:00,149.834,149.847,149.817,149.841,670.4
2025-03-19 11:10:00+00:00,149.844,149.877,149.83,149.853,517.85
2025-03-19 11:15:00+00:00,149.854,149.871,149.832,149.865,661.27
2025-03-19 11:20:00+00:00,149.865,149.873,149.853,149.87,681.63
2025-03-19 11:25:00+00:00,149.87,149.882,149.83,149.847,603.93
2025-03-19 11:30:00+00:00,149.846,149.853,149.76,149.782,406.78
2025-03-19 11:35:00+00:00,149.798,149.849,149.792,149.848,613.35
2025-03-19 11:40:00+00:00,149.848,149.854,149.798,149.818,639.15
2025-03-19 11:45:00+00:00,149.82,149.833,149.796,149.809,573.45
2025-03-19 11:50:00+00:00,149.808,149.836,149.808,149.818,493.32
2025-03-19 11:55:00+00:00,149.82,149.832,149.75,149.828,1548.45
2025-03-19 12:00:00+00:00,149.828,149.848,149.756,149.776,1141.08
2025-03-19 12:05:00+00:00,149.775,149.799,149.742,149.742,832.03
2025-03-19 12:10:00+00:00,149.743,149.757,149.713,149.717,1062.81
2025-03-19 12:15:00+00:00,149.717,149.737,149.695,149.701,1068.66
2025-03-19 12:20:00+00:00,149.701,149.705,149.664,149.674,876.15
2025-03-19 12:25:00+00:00,149.674,149.708,149.66,149.682,794.97
2025-03-19 12:30:00+00:00,149.683,149.695,149.612,149.639,999.54
2025-03-19 12:35:00+00:00,149.64,149.643,149.606,149.608,975.33
2025-03-19 12:40:00+00:00,149.609,149.676,149.598,149.676,811.92
2025-03-19 12:45:00+00:00,149.677,149.732,149.672,149.722,927.63
2025-03-19 12:50:00+00:00,149.722,149.749,149.712,149.741,816.18
2025-03-19 12:55:00+00:00,149.742,149.82,149.742,149.793,1070.49
2025-03-19 13:00:00+00:00,149.793,149.802,149.74,149.763,1066.89
2025-03-19 13:05:00+00:00,149.763,149.837,149.757,149.827,792.21
2025-03-19 13:10:00+00:00,149.828,149.84,149.798,149.819,1064.89
2025-03-19 13:15:00+00:00,149.818,149.853,149.818,149.837,810.13
2025-03-19 13:20:00+00:00,149.837,149.852,149.826,149.839,911.37
2025-03-19 13:25:00+00:00,149.839,149.906,149.8,149.906,1003.96
2025-03-19 13:30:00+00:00,149.907,149.94,149.859,149.926,1783.05
2025-03-19 13:35:00+00:00,149.927,149.966,149.904,149.963,1839.24
2025-03-19 13:40:00+00:00,149.969,150.059,149.962,149.996,2023.92
2025-03-19 13:45:00+00:00,149.996,150.057,149.97,150.003,1470.91
2025-03-19 13:50:00+00:00,150.003,150.079,149.981,150.067,1470.44
2025-03-19 13:55:00+00:00,150.067,150.106,150.066,150.074,1602.59
2025-03-19 14:00:00+00:00,150.073,150.146,150.073,150.115,1667.67
2025-03-19 14:05:00+00:00,150.116,150.144,150.078,150.131,1450.92
2025-03-19 14:10:00+00:00,150.13,150.14,150.042,150.045,2084.34
2025-03-19 14:15:00+00:00,150.045,150.053,149.996,150.025,1296.03
2025-03-19 14:20:00+00:00,150.026,150.028,149.944,149.949,1095.43
2025-03-19 14:25:00+00:00,149.949,149.989,149.897,149.925,1492.3
2025-03-19 14:30:00+00:00,149.923,149.939,149.878,149.902,1431.03
2025-03-19 14:35:00+00:00,149.902,149.927,149.877,149.895,955.2
2025-03-19 14:40:00+00:00,149.896,149.914,149.803,149.813,1121.61
2025-03-19 14:45:00+00:00,149.812,149.876,149.796,149.856,1365.63
2025-03-19 14:50:00+00:00,149.857,149.879,149.834,149.854,1025.7
2025-03-19 14:55:00+00:00,149.854,149.891,149.814,149.876,1291.41
2025-03-19 15:00:00+00:00,149.876,149.905,149.837,149.858,2008.77
2025-03-19 15:05:00+00:00,149.858,149.904,149.858,149.886,1519.68
2025-03-19 15:10:00+00:00,149.885,149.897,149.857,149.871,775.35
2025-03-19 15:15:00+00:00,149.871,149.875,149.814,149.83,786.57
2025-03-19 15:20:00+00:00,149.829,149.88,149.81,149.848,664.44
2025-03-19 15:25:00+00:00,149.845,149.876,149.826,149.871,615.93
2025-03-19 15:30:00+00:00,149.872,149.922,149.849,149.922,792.45
2025-03-19 15:35:00+00:00,149.923,149.965,149.914,149.95,719.64
2025-03-19 15:40:00+00:00,149.948,149.988,149.948,149.954,604.59
2025-03-19 15:45:00+00:00,149.955,149.97,149.917,149.97,651.57
2025-03-19 15:50:00+00:00,149.972,150.04,149.972,150.039,923.52
2025-03-19 15:55:00+00:00,150.04,150.047,150.005,150.031,809.26
2025-03-19 16:00:00+00:00,150.03,150.031,149.97,149.973,869.85
2025-03-19 16:05:00+00:00,149.973,150.022,149.957,149.969,981.98
2025-03-19 16:10:00+00:00,149.968,149.972,149.898,149.908,962.23
2025-03-19 16:15:00+00:00,149.91,149.911,149.87,149.882,571.63
2025-03-19 16:20:00+00:00,149.88,149.897,149.851,149.853,475.59
2025-03-19 16:25:00+00:00,149.853,149.897,149.847,149.886,487.14
2025-03-19 16:30:00+00:00,149.885,149.893,149.849,149.877,470.24
2025-03-19 16:35:00+00:00,149.875,149.905,149.857,149.903,482.85
2025-03-19 16:40:00+00:00,149.902,149.913,149.88,149.894,445.53
2025-03-19 16:45:00+00:00,149.894,149.907,149.86,149.905,363.06
2025-03-19 16:50:00+00:00,149.909,149.948,149.895,149.948,504.63
2025-03-19 16:55:00+00:00,149.948,149.951,149.93,149.94,575.58
2025-03-19 17:00:00+00:00,149.939,149.969,149.921,149.963,740.74
2025-03-19 17:05:00+00:00,149.963,149.97,149.936,149.956,807.78
2025-03-19 17:10:00+00:00,149.958,149.974,149.939,149.948,608.22
2025-03-19 17:15:00+00:00,149.947,149.994,149.935,149.992,592.98
2025-03-19 17:20:00+00:00,149.99,149.995,149.97,149.98,443.92
2025-03-19 17:25:00+00:00,149.98,149.99,149.956,149.966,549.96
2025-03-19 17:30:00+00:00,149.966,149.975,149.945,149.972,675.06
2025-03-19 17:35:00+00:00,149.972,149.991,149.959,149.979,594.61
2025-03-19 17:40:00+00:00,149.979,149.986,149.943,149.946,494.9
2025-03-19 17:45:00+00:00,149.946,149.955,149.872,149.9,832.34
2025-03-19 17:50:00+00:00,149.899,149.952,149.897,149.946,1248.7
2025-03-19 17:55:00+00:00,149.947,149.949,149.905,149.905,897.56
2025-03-19 18:00:00+00:00,149.905,149.918,149.576,149.653,2784.43
2025-03-19 18:05:00+00:00,149.653,149.696,149.46,149.495,2919.4
2025-03-19 18:10:00+00:00,149.495,149.527,149.329,149.388,1902.9
2025-03-19 18:15:00+00:00,149.389,149.453,149.337,149.357,1866.04
2025-03-19 18:20:00+00:00,149.357,149.388,149.245,149.253,1780.1
2025-03-19 18:25:00+00:00,149.252,149.297,149.23,149.29,1813.56
2025-03-19 18:30:00+00:00,149.293,149.424,149.268,149.268,2086.22
2025-03-19 18:35:00+00:00,149.268,149.292,149.05,149.056,2542.7
2025-03-19 18:40:00+00:00,149.05,149.05,148.799,148.826,3188.29
2025-03-19 18:45:00+00:00,148.831,148.889,148.66,148.826,2745.27
2025-03-19 18:50:00+00:00,148.832,148.925,148.8,148.833,2100.54
2025-03-19 18:55:00+00:00,148.832,148.883,148.747,148.827,2268.57
2025-03-19 19:00:00+00:00,148.833,148.926,148.767,148.789,1707.87
2025-03-19 19:05:00+00:00,148.792,148.904,148.778,148.851,1482.21
2025-03-19 19:10:00+00:00,148.852,149.001,148.824,149.001,1889.5
2025-03-19 19:15:00+00:00,148.999,149.142,148.943,149.084,1795.93
2025-03-19 19:20:00+00:00,149.083,149.083,148.994,149.015,1314.43
2025-03-19 19:25:00+00:00,149.016,149.06,148.902,148.954,1630.05
2025-03-19 19:30:00+00:00,148.955,148.987,148.829,148.871,1868.12
2025-03-19 19:35:00+00:00,148.87,148.873,148.796,148.834,1499.97
2025-03-19 19:40:00+00:00,148.835,148.968,148.832,148.963,1844.61
2025-03-19 19:45:00+00:00,148.961,148.966,148.901,148.901,1032.6
2025-03-19 19:50:00+00:00,148.9,148.905,148.821,148.9,1758.14
2025-03-19 19:55:00+00:00,148.899,148.899,148.809,148.842,1646.67
2025-03-19 20:00:00+00:00,148.846,148.899,148.811,148.829,1143.09
2025-03-19 20:05:00+00:00,148.829,148.833,148.775,148.83,648.04
2025-03-19 20:10:00+00:00,148.833,148.839,148.691,148.692,526.2
2025-03-19 20:15:00+00:00,148.691,148.691,148.619,148.683,690.03
2025-03-19 20:20:00+00:00,148.682,148.711,148.676,148.688,414.81
2025-03-19 20:25:00+00:00,148.688,148.717,148.672,148.708,226.5
2025-03-19 20:30:00+00:00,148.707,148.732,148.701,148.71,318.99
2025-03-19 20:35:00+00:00,148.713,148.724,148.684,148.693,155.19
2025-03-19 20:40:00+00:00,148.693,148.697,148.651,148.696,448.53
2025-03-19 20:45:00+00:00,148.697,148.699,148.644,148.658,485.43
2025-03-19 20:50:00+00:00,148.656,148.66,148.604,148.616,510.96
2025-03-19 20:55:00+00:00,148.613,148.689,148.613,148.678,777.06
2025-03-19 21:00:00+00:00,148.674,148.679,148.673,148.679,11.55
2025-03-19 21:05:00+00:00,148.682,148.691,148.679,148.686,28.8
2025-03-19 21:10:00+00:00,148.683,148.687,148.679,148.682,11.4
2025-03-19 21:15:00+00:00,148.682,148.714,148.673,148.714,42.45
2025-03-19 21:20:00+00:00,148.715,148.719,148.688,148.719,27.15
2025-03-19 21:25:00+00:00,148.722,148.722,148.719,148.719,9.72
2025-03-19 21:30:00+00:00,148.717,148.73,148.717,148.729,21.6
2025-03-19 21:35:00+00:00,148.729,148.761,148.727,148.756,76.35
2025-03-19 21:40:00+00:00,148.763,148.779,148.761,148.777,45.12
2025-03-19 21:45:00+00:00,148.774,148.809,148.769,148.809,34.89
2025-03-19 21:50:00+00:00,148.799,148.801,148.789,148.797,52.11
2025-03-19 21:55:00+00:00,148.806,148.817,148.797,148.799,34.53
2025-03-19 22:00:00+00:00,148.799,148.872,148.799,148.802,330.97
2025-03-19 22:05:00+00:00,148.802,148.802,148.652,148.679,326.32
2025-03-19 22:10:00+00:00,148.679,148.72,148.673,148.717,315.3
2025-03-19 22:15:00+00:00,148.715,148.715,148.647,148.661,360.02
2025-03-19 22:20:00+00:00,148.66,148.706,148.621,148.705,624.6
2025-03-19 22:25:00+00:00,148.706,148.738,148.698,148.72,346.0
2025-03-19 22:30:00+00:00,148.721,148.736,148.663,148.667,268.69
2025-03-19 22:35:00+00:00,148.666,148.682,148.603,148.628,502.5
2025-03-19 22:40:00+00:00,148.627,148.647,148.547,148.579,651.34
2025-03-19 22:45:00+00:00,148.58,148.649,148.57,148.596,408.77
2025-03-19 22:50:00+00:00,148.597,148.599,148.545,148.572,482.23
2025-03-19 22:55:00+00:00,148.57,148.604,148.553,148.589,694.62
2025-03-19 23:00:00+00:00,148.591,148.698,148.589,148.687,1823.38
2025-03-19 23:05:00+00:00,148.683,148.707,148.674,148.678,592.29
2025-03-19 23:10:00+00:00,148.678,148.712,148.667,148.679,626.77
2025-03-19 23:15:00+00:00,148.677,148.68,148.628,148.644,453.07
2025-03-19 23:20:00+00:00,148.643,148.643,148.611,148.611,452.5
2025-03-19 23:25:00+00:00,148.611,148.611,148.573,148.595,223.6
2025-03-19 23:30:00+00:00,148.594,148.597,148.543,148.549,325.5
2025-03-19 23:35:00+00:00,148.55,148.582,148.536,148.559,328.14
2025-03-19 23:40:00+00:00,148.56,148.581,148.497,148.501,525.64
2025-03-19 23:45:00+00:00,148.501,148.523,148.48,148.502,638.49
2025-03-19 23:50:00+00:00,148.504,148.533,148.489,148.517,589.89
2025-03-19 23:55:00+00:00,148.517,148.519,148.456,148.456,487.66
2025-03-20 00:00:00+00:00,148.456,148.467,148.385,148.393,1236.72
2025-03-20 00:05:00+00:00,148.394,148.424,148.38,148.384,684.42
2025-03-20 00:10:00+00:00,148.384,148.4,148.342,148.394,544.29
2025-03-20 00:15:00+00:00,148.395,148.444,148.387,148.42,485.16
2025-03-20 00:20:00+00:00,148.42,148.433,148.398,148.411,448.59
2025-03-20 00:25:00+00:00,148.412,148.519,148.411,148.506,416.66
2025-03-20 00:30:00+00:00,148.507,148.517,148.439,148.442,779.91
2025-03-20 00:35:00+00:00,148.442,148.487,148.42,148.421,537.93
2025-03-20 00:40:00+00:00,148.42,148.477,148.412,148.432,586.29
2025-03-20 00:45:00+00:00,148.428,148.445,148.379,148.411,703.32
2025-03-20 00:50:00+00:00,148.41,148.418,148.28,148.282,1249.05
2025-03-20 00:55:00+00:00,148.29,148.321,148.276,148.298,863.01
2025-03-20 01:00:00+00:00,148.299,148.299,148.244,148.279,1118.55
2025-03-20 01:05:00+00:00,148.278,148.354,148.253,148.354,577.26
2025-03-20 01:10:00+00:00,148.357,148.364,148.337,148.355,378.6
2025-03-20 01:15:00+00:00,148.354,148.415,148.354,148.397,728.49
2025-03-20 01:20:00+00:00,148.398,148.398,148.309,148.314,563.61
2025-03-20 01:25:00+00:00,148.315,148.331,148.292,148.292,707.49
2025-03-20 01:30:00+00:00,148.292,148.292,148.198,148.239,725.19
2025-03-20 01:35:00+00:00,148.239,148.27,148.198,148.261,692.94
2025-03-20 01:40:00+00:00,148.261,148.288,148.245,148.284,628.38
2025-03-20 01:45:00+00:00,148.283,148.309,148.279,148.307,552.99
2025-03-20 01:50:00+00:00,148.306,148.313,148.283,148.283,322.74
2025-03-20 01:55:00+00:00,148.284,148.314,148.279,148.301,355.5
2025-03-20 02:00:00+00:00,148.3,148.328,148.282,148.294,489.27
2025-03-20 02:05:00+00:00,148.292,148.292,148.219,148.249,533.08
2025-03-20 02:10:00+00:00,148.248,148.344,148.211,148.213,1024.26
2025-03-20 02:15:00+00:00,148.21,148.297,148.179,148.29,708.79
2025-03-20 02:20:00+00:00,148.289,148.333,148.256,148.324,512.28
2025-03-20 02:25:00+00:00,148.324,148.333,148.267,148.278,368.4
2025-03-20 02:30:00+00:00,148.279,148.295,148.263,148.273,433.17
2025-03-20 02:35:00+00:00,148.275,148.299,148.256,148.265,455.37
2025-03-20 02:40:00+00:00,148.266,148.267,148.234,148.256,393.35
2025-03-20 02:45:00+00:00,148.256,148.333,148.237,148.305,545.28
2025-03-20 02:50:00+00:00,148.304,148.403,148.304,148.389,600.7
2025-03-20 02:55:00+00:00,148.385,148.43,148.379,148.429,602.51
2025-03-20 03:00:00+00:00,148.428,148.432,148.352,148.381,700.79
2025-03-20 03:05:00+00:00,148.382,148.383,148.352,148.361,238.89
2025-03-20 03:10:00+00:00,148.358,148.36,148.331,148.331,327.67
2025-03-20 03:15:00+00:00,148.336,148.435,148.332,148.393,554.82
2025-03-20 03:20:00+00:00,148.392,148.404,148.377,148.396,336.3
2025-03-20 03:25:00+00:00,148.395,148.446,148.395,148.434,327.72
2025-03-20 03:30:00+00:00,148.434,148.434,148.378,148.379,547.41
2025-03-20 03:35:00+00:00,148.38,148.435,148.378,148.419,332.22
2025-03-20 03:40:00+00:00,148.419,148.439,148.388,148.398,372.78
2025-03-20 03:45:00+00:00,148.397,148.419,148.393,148.41,421.32
2025-03-20 03:50:00+00:00,148.41,148.41,148.373,148.373,354.3
2025-03-20 03:55:00+00:00,148.382,148.382,148.362,148.364,290.58
2025-03-20 04:00:00+00:00,148.368,148.37,148.32,148.322,387.24
2025-03-20 04:05:00+00:00,148.323,148.338,148.307,148.333,278.34
2025-03-20 04:10:00+00:00,148.332,148.332,148.299,148.311,283.83
2025-03-20 04:15:00+00:00,148.312,148.344,148.31,148.32,318.66
2025-03-20 04:20:00+00:00,148.319,148.368,148.311,148.34,252.42
2025-03-20 04:25:00+00:00,148.338,148.369,148.332,148.354,195.21
2025-03-20 04:30:00+00:00,148.352,148.396,148.352,148.39,363.12
2025-03-20 04:35:00+00:00,148.39,148.398,148.387,148.395,177.69
2025-03-20 04:40:00+00:00,148.394,148.399,148.366,148.389,194.82
2025-03-20 04:45:00+00:00,148.388,148.398,148.373,148.389,232.5
2025-03-20 04:50:00+00:00,148.394,148.415,148.37,148.403,386.85
2025-03-20 04:55:00+00:00,148.403,148.405,148.378,148.394,278.91
2025-03-20 05:00:00+00:00,148.395,148.414,148.36,148.408,434.76
2025-03-20 05:05:00+00:00,148.407,148.427,148.392,148.408,294.33
2025-03-20 05:10:00+00:00,148.406,148.426,148.406,148.414,245.34
2025-03-20 05:15:00+00:00,148.412,148.416,148.365,148.366,376.62
2025-03-20 05:20:00+00:00,148.368,148.403,148.341,148.389,350.94
2025-03-20 05:25:00+00:00,148.39,148.412,148.378,148.404,306.3
2025-03-20 05:30:00+00:00,148.405,148.417,148.39,148.414,218.82
2025-03-20 05:35:00+00:00,148.415,148.437,148.408,148.432,212.34
2025-03-20 05:40:00+00:00,148.433,148.435,148.414,148.414,210.36
2025-03-20 05:45:00+00:00,148.417,148.422,148.4,148.414,153.9
2025-03-20 05:50:00+00:00,148.413,148.461,148.413,148.414,227.97
2025-03-20 05:55:00+00:00,148.413,148.413,148.354,148.368,385.98
2025-03-20 06:00:00+00:00,148.366,148.366,148.303,148.314,803.31
2025-03-20 06:05:00+00:00,148.312,148.315,148.227,148.236,707.52
2025-03-20 06:10:00+00:00,148.237,148.252,148.198,148.223,752.94
2025-03-20 06:15:00+00:00,148.223,148.259,148.21,148.252,447.18
2025-03-20 06:20:00+00:00,148.254,148.295,148.218,148.265,549.3
2025-03-20 06:25:00+00:00,148.263,148.268,148.18,148.188,508.74
2025-03-20 06:30:00+00:00,148.187,148.293,148.178,148.291,823.14
2025-03-20 06:35:00+00:00,148.291,148.301,148.251,148.258,425.82
2025-03-20 06:40:00+00:00,148.256,148.282,148.245,148.268,320.25
2025-03-20 06:45:00+00:00,148.269,148.348,148.255,148.315,633.56
2025-03-20 06:50:00+00:00,148.315,148.341,148.28,148.335,448.5
2025-03-20 06:55:00+00:00,148.333,148.349,148.277,148.278,533.67
2025-03-20 07:00:00+00:00,148.28,148.341,148.254,148.341,984.84
2025-03-20 07:05:00+00:00,148.341,148.415,148.313,148.317,1173.33
2025-03-20 07:10:00+00:00,148.317,148.372,148.299,148.371,832.68
2025-03-20 07:15:00+00:00,148.371,148.434,148.367,148.433,728.52
2025-03-20 07:20:00+00:00,148.435,148.494,148.421,148.49,1090.8
2025-03-20 07:25:00+00:00,148.49,148.492,148.447,148.478,974.01
2025-03-20 07:30:00+00:00,148.478,148.534,148.458,148.531,983.16
2025-03-20 07:35:00+00:00,148.533,148.603,148.529,148.596,997.26
2025-03-20 07:40:00+00:00,148.6,148.614,148.552,148.596,888.9
2025-03-20 07:45:00+00:00,148.597,148.62,148.57,148.607,713.97
2025-03-20 07:50:00+00:00,148.608,148.641,148.608,148.621,654.15
2025-03-20 07:55:00+00:00,148.623,148.635,148.576,148.588,1192.5
2025-03-20 08:00:00+00:00,148.589,148.617,148.542,148.581,1970.97
2025-03-20 08:05:00+00:00,148.581,148.583,148.517,148.535,1148.76
2025-03-20 08:10:00+00:00,148.537,148.546,148.448,148.462,802.41
2025-03-20 08:15:00+00:00,148.461,148.464,148.392,148.43,1358.94
2025-03-20 08:20:00+00:00,148.429,148.571,148.429,148.562,963.33
2025-03-20 08:25:00+00:00,148.561,148.599,148.549,148.59,1076.25
2025-03-20 08:30:00+00:00,148.588,148.67,148.561,148.666,1515.09
2025-03-20 08:35:00+00:00,148.666,148.685,148.63,148.648,923.76
2025-03-20 08:40:00+00:00,148.65,148.666,148.602,148.631,992.82
2025-03-20 08:45:00+00:00,148.634,148.634,148.566,148.577,768.52
2025-03-20 08:50:00+00:00,148.577,148.579,148.504,148.517,848.61
2025-03-20 08:55:00+00:00,148.515,148.551,148.508,148.542,783.96
2025-03-20 09:00:00+00:00,148.541,148.603,148.541,148.587,861.33
2025-03-20 09:05:00+00:00,148.587,148.612,148.54,148.542,804.06
2025-03-20 09:10:00+00:00,148.545,148.576,148.539,148.554,924.72
2025-03-20 09:15:00+00:00,148.554,148.644,148.552,148.644,680.28
2025-03-20 09:20:00+00:00,148.646,148.76,148.646,148.758,979.82
2025-03-20 09:25:00+00:00,148.758,148.775,148.735,148.738,896.52
2025-03-20 09:30:00+00:00,148.739,148.748,148.594,148.648,826.41
2025-03-20 09:35:00+00:00,148.647,148.658,148.602,148.642,660.36
2025-03-20 09:40:00+00:00,148.642,148.733,148.635,148.717,829.92
2025-03-20 09:45:00+00:00,148.715,148.745,148.711,148.723,983.04
2025-03-20 09:50:00+00:00,148.722,148.78,148.68,148.697,1243.35
2025-03-20 09:55:00+00:00,148.696,148.764,148.687,148.744,983.71
2025-03-20 10:00:00+00:00,148.744,148.745,148.662,148.668,1210.38
2025-03-20 10:05:00+00:00,148.67,148.677,148.633,148.661,937.65
2025-03-20 10:10:00+00:00,148.661,148.669,148.583,148.584,1075.74
2025-03-20 10:15:00+00:00,148.583,148.613,148.469,148.474,1615.56
2025-03-20 10:20:00+00:00,148.473,148.495,148.44,148.477,1672.26
2025-03-20 10:25:00+00:00,148.479,148.527,148.47,148.484,1264.5
2025-03-20 10:30:00+00:00,148.484,148.561,148.459,148.559,1411.5
2025-03-20 10:35:00+00:00,148.558,148.562,148.439,148.446,1538.43
2025-03-20 10:40:00+00:00,148.445,148.518,148.444,148.499,1001.88
2025-03-20 10:45:00+00:00,148.498,148.559,148.494,148.53,880.65
2025-03-20 10:50:00+00:00,148.533,148.659,148.533,148.629,1075.12
2025-03-20 10:55:00+00:00,148.626,148.632,148.591,148.598,603.93
2025-03-20 11:00:00+00:00,148.596,148.636,148.58,148.607,561.78
2025-03-20 11:05:00+00:00,148.607,148.628,148.537,148.537,596.61
2025-03-20 11:10:00+00:00,148.539,148.588,148.529,148.538,787.83
2025-03-20 11:15:00+00:00,148.539,148.574,148.525,148.566,806.1
2025-03-20 11:20:00+00:00,148.563,148.582,148.522,148.522,475.17
2025-03-20 11:25:00+00:00,148.523,148.531,148.416,148.426,723.2
2025-03-20 11:30:00+00:00,148.426,148.464,148.417,148.457,719.85
2025-03-20 11:35:00+00:00,148.456,148.484,148.418,148.421,638.7
2025-03-20 11:40:00+00:00,148.42,148.53,148.399,148.525,671.94
2025-03-20 11:45:00+00:00,148.527,148.541,148.481,148.483,495.6
2025-03-20 11:50:00+00:00,148.482,148.508,148.437,148.492,577.23
2025-03-20 11:55:00+00:00,148.492,148.492,148.455,148.457,474.97
2025-03-20 12:00:00+00:00,148.457,148.495,148.412,148.495,1390.11
2025-03-20 12:05:00+00:00,148.494,148.53,148.476,148.513,972.46
2025-03-20 12:10:00+00:00,148.513,148.524,148.447,148.471,1101.15
2025-03-20 12:15:00+00:00,148.47,148.508,148.443,148.444,1126.14
2025-03-20 12:20:00+00:00,148.441,148.492,148.403,148.44,1503.18
2025-03-20 12:25:00+00:00,148.441,148.457,148.399,148.403,849.33
2025-03-20 12:30:00+00:00,148.402,148.642,148.398,148.613,1727.37
2025-03-20 12:35:00+00:00,148.612,148.624,148.519,148.585,1233.52
2025-03-20 12:40:00+00:00,148.585,148.685,148.581,148.636,1374.63
2025-03-20 12:45:00+00:00,148.638,148.692,148.547,148.562,1422.21
2025-03-20 12:50:00+00:00,148.563,148.619,148.537,148.54,1427.58
2025-03-20 12:55:00+00:00,148.54,148.603,148.523,148.556,1150.65
2025-03-20 13:00:00+00:00,148.558,148.594,148.493,148.504,1600.23
2025-03-20 13:05:00+00:00,148.505,148.507,148.449,148.483,1414.8
2025-03-20 13:10:00+00:00,148.485,148.597,148.464,148.584,1439.13
2025-03-20 13:15:00+00:00,148.582,148.612,148.561,148.584,1252.79
2025-03-20 13:20:00+00:00,148.583,148.613,148.548,148.574,1233.3
2025-03-20 13:25:00+00:00,148.572,148.669,148.553,148.57,1347.84
2025-03-20 13:30:00+00:00,148.571,148.722,148.528,148.684,2280.33
2025-03-20 13:35:00+00:00,148.684,148.71,148.617,148.702,1785.82
2025-03-20 13:40:00+00:00,148.701,148.804,148.664,148.774,1834.94
2025-03-20 13:45:00+00:00,148.773,148.793,148.722,148.743,2005.59
2025-03-20 13:50:00+00:00,148.742,148.821,148.701,148.821,2072.86
2025-03-20 13:55:00+00:00,148.819,148.825,148.772,148.777,1501.17
2025-03-20 14:00:00+00:00,148.788,148.893,148.787,148.845,1845.58
2025-03-20 14:05:00+00:00,148.845,148.92,148.821,148.889,2291.93
2025-03-20 14:10:00+00:00,148.894,148.907,148.851,148.875,1992.64
2025-03-20 14:15:00+00:00,148.876,148.907,148.806,148.869,1853.87
2025-03-20 14:20:00+00:00,148.867,148.888,148.826,148.871,1622.44
2025-03-20 14:25:00+00:00,148.872,148.915,148.854,148.863,1563.37
2025-03-20 14:30:00+00:00,148.861,148.877,148.829,148.86,1417.91
2025-03-20 14:35:00+00:00,148.86,148.92,148.82,148.863,1366.47
2025-03-20 14:40:00+00:00,148.862,148.917,148.844,148.862,1427.63
2025-03-20 14:45:00+00:00,148.863,148.898,148.833,148.881,1175.12
2025-03-20 14:50:00+00:00,148.88,148.884,148.833,148.833,1376.43
2025-03-20 14:55:00+00:00,148.831,148.831,148.691,148.699,2354.07
2025-03-20 15:00:00+00:00,148.699,148.735,148.682,148.701,2130.54
2025-03-20 15:05:00+00:00,148.701,148.796,148.681,148.778,1497.97
2025-03-20 15:10:00+00:00,148.778,148.81,148.739,148.741,1505.06
2025-03-20 15:15:00+00:00,148.741,148.779,148.72,148.735,1852.47
2025-03-20 15:20:00+00:00,148.736,148.788,148.723,148.783,1542.56
2025-03-20 15:25:00+00:00,148.783,148.855,148.773,148.823,1352.43
2025-03-20 15:30:00+00:00,148.824,148.866,148.817,148.857,1691.36
2025-03-20 15:35:00+00:00,148.855,148.857,148.806,148.834,1365.29
2025-03-20 15:40:00+00:00,148.836,148.899,148.835,148.892,963.24
2025-03-20 15:45:00+00:00,148.894,148.959,148.885,148.932,1002.25
2025-03-20 15:50:00+00:00,148.933,148.94,148.894,148.894,953.08
2025-03-20 15:55:00+00:00,148.894,148.894,148.823,148.847,1510.13
2025-03-20 16:00:00+00:00,148.847,148.95,148.831,148.898,1590.75
2025-03-20 16:05:00+00:00,148.896,148.958,148.873,148.938,1821.3
2025-03-20 16:10:00+00:00,148.938,148.954,148.853,148.856,2247.81
2025-03-20 16:15:00+00:00,148.858,148.858,148.811,148.833,1141.65
2025-03-20 16:20:00+00:00,148.832,148.85,148.81,148.831,939.63
2025-03-20 16:25:00+00:00,148.833,148.833,148.754,148.785,1280.04
2025-03-20 16:30:00+00:00,148.783,148.804,148.771,148.777,1166.12
2025-03-20 16:35:00+00:00,148.778,148.805,148.757,148.788,1052.22
2025-03-20 16:40:00+00:00,148.788,148.803,148.75,148.756,782.19
2025-03-20 16:45:00+00:00,148.757,148.789,148.741,148.762,1015.15
2025-03-20 16:50:00+00:00,148.762,148.791,148.747,148.775,817.74
2025-03-20 16:55:00+00:00,148.775,148.791,148.721,148.751,1097.16
2025-03-20 17:00:00+00:00,148.75,148.804,148.747,148.8,698.79
2025-03-20 17:05:00+00:00,148.8,148.843,148.8,148.838,926.67
2025-03-20 17:10:00+00:00,148.843,148.911,148.843,148.904,983.82
2025-03-20 17:15:00+00:00,148.904,148.911,148.874,148.899,524.08
2025-03-20 17:20:00+00:00,148.897,148.924,148.845,148.852,976.01
2025-03-20 17:25:00+00:00,148.852,148.858,148.787,148.789,1019.0
2025-03-20 17:30:00+00:00,148.79,148.848,148.788,148.826,820.38
2025-03-20 17:35:00+00:00,148.824,148.857,148.812,148.847,708.96
2025-03-20 17:40:00+00:00,148.845,148.849,148.811,148.847,945.06
2025-03-20 17:45:00+00:00,148.846,148.858,148.812,148.825,867.48
2025-03-20 17:50:00+00:00,148.825,148.831,148.773,148.784,492.42
2025-03-20 17:55:00+00:00,148.787,148.788,148.746,148.768,503.22
2025-03-20 18:00:00+00:00,148.765,148.787,148.753,148.781,708.95
2025-03-20 18:05:00+00:00,148.781,148.804,148.756,148.788,451.89
2025-03-20 18:10:00+00:00,148.79,148.843,148.79,148.817,586.93
2025-03-20 18:15:00+00:00,148.814,148.847,148.803,148.82,760.56
2025-03-20 18:20:00+00:00,148.819,148.828,148.779,148.782,568.97
2025-03-20 18:25:00+00:00,148.784,148.784,148.731,148.739,886.41
2025-03-20 18:30:00+00:00,148.737,148.745,148.712,148.725,819.21
2025-03-20 18:35:00+00:00,148.726,148.793,148.723,148.792,434.04
2025-03-20 18:40:00+00:00,148.794,148.813,148.783,148.801,287.88
2025-03-20 18:45:00+00:00,148.803,148.829,148.764,148.827,363.78
2025-03-20 18:50:00+00:00,148.83,148.881,148.822,148.863,632.04
2025-03-20 18:55:00+00:00,148.863,148.873,148.791,148.804,732.95
2025-03-20 19:00:00+00:00,148.803,148.82,148.777,148.798,1560.42
2025-03-20 19:05:00+00:00,148.797,148.841,148.796,148.821,902.72
2025-03-20 19:10:00+00:00,148.82,148.857,148.818,148.823,469.77
2025-03-20 19:15:00+00:00,148.822,148.833,148.8,148.804,625.59
2025-03-20 19:20:00+00:00,148.804,148.838,148.794,148.812,867.36
2025-03-20 19:25:00+00:00,148.817,148.819,148.758,148.769,931.17
2025-03-20 19:30:00+00:00,148.77,148.824,148.769,148.778,703.62
2025-03-20 19:35:00+00:00,148.777,148.805,148.764,148.773,738.93
2025-03-20 19:40:00+00:00,148.774,148.785,148.758,148.77,737.04
2025-03-20 19:45:00+00:00,148.774,148.818,148.774,148.815,669.45
2025-03-20 19:50:00+00:00,148.813,148.814,148.759,148.783,831.84
2025-03-20 19:55:00+00:00,148.786,148.806,148.747,148.785,698.28
2025-03-20 20:00:00+00:00,148.783,148.823,148.77,148.78,2249.75
2025-03-20 20:05:00+00:00,148.781,148.794,148.776,148.787,173.19
2025-03-20 20:10:00+00:00,148.798,148.805,148.792,148.792,420.6
2025-03-20 20:15:00+00:00,148.793,148.814,148.788,148.812,458.25
2025-03-20 20:20:00+00:00,148.81,148.81,148.787,148.797,278.4
2025-03-20 20:25:00+00:00,148.798,148.799,148.78,148.788,539.37
2025-03-20 20:30:00+00:00,148.789,148.798,148.773,148.774,307.56
2025-03-20 20:35:00+00:00,148.773,148.773,148.75,148.754,564.64
2025-03-20 20:40:00+00:00,148.754,148.78,148.754,148.763,271.23
2025-03-20 20:45:00+00:00,148.759,148.776,148.748,148.771,400.85
2025-03-20 20:50:00+00:00,148.77,148.777,148.768,148.77,203.73
2025-03-20 20:55:00+00:00,148.769,148.784,148.765,148.765,472.83
2025-03-20 21:00:00+00:00,148.764,148.764,148.759,148.76,9.45
2025-03-20 21:05:00+00:00,148.763,148.763,148.675,148.678,111.51
2025-03-20 21:10:00+00:00,148.695,148.707,148.667,148.707,44.07
2025-03-20 21:15:00+00:00,148.712,148.714,148.699,148.702,22.08
2025-03-20 21:20:00+00:00,148.702,148.726,148.702,148.716,43.05
2025-03-20 21:25:00+00:00,148.719,148.757,148.716,148.725,76.92
2025-03-20 21:30:00+00:00,148.727,148.733,148.727,148.728,14.7
2025-03-20 21:35:00+00:00,148.728,148.729,148.728,148.729,4.8
2025-03-20 21:40:00+00:00,148.729,148.731,148.708,148.718,74.18
2025-03-20 21:45:00+00:00,148.717,148.718,148.699,148.718,29.88
2025-03-20 21:50:00+00:00,148.721,148.76,148.721,148.758,32.52
2025-03-20 21:55:00+00:00,148.761,148.764,148.758,148.763,15.9
2025-03-20 22:00:00+00:00,148.772,148.773,148.753,148.759,148.65
2025-03-20 22:05:00+00:00,148.759,148.763,148.706,148.719,238.59
2025-03-20 22:10:00+00:00,148.721,148.772,148.713,148.771,270.3
2025-03-20 22:15:00+00:00,148.77,148.778,148.759,148.775,217.65
2025-03-20 22:20:00+00:00,148.774,148.794,148.758,148.76,207.13
2025-03-20 22:25:00+00:00,148.759,148.767,148.749,148.765,127.5
2025-03-20 22:30:00+00:00,148.767,148.781,148.76,148.772,233.61
2025-03-20 22:35:00+00:00,148.772,148.778,148.756,148.772,273.57
2025-03-20 22:40:00+00:00,148.772,148.772,148.763,148.765,259.35
2025-03-20 22:45:00+00:00,148.765,148.795,148.755,148.756,139.35
2025-03-20 22:50:00+00:00,148.754,148.754,148.724,148.731,155.16
2025-03-20 22:55:00+00:00,148.731,148.739,148.707,148.717,247.83
2025-03-20 23:00:00+00:00,148.717,148.755,148.706,148.727,272.2
2025-03-20 23:05:00+00:00,148.727,148.73,148.702,148.713,123.52
2025-03-20 23:10:00+00:00,148.719,148.72,148.672,148.69,169.45
2025-03-20 23:15:00+00:00,148.691,148.713,148.678,148.7,147.18
2025-03-20 23:20:00+00:00,148.699,148.715,148.696,148.713,109.65
2025-03-20 23:25:00+00:00,148.714,148.771,148.714,148.751,260.49
2025-03-20 23:30:00+00:00,148.749,148.749,148.641,148.677,573.25
2025-03-20 23:35:00+00:00,148.678,148.704,148.662,148.676,426.99
2025-03-20 23:40:00+00:00,148.675,148.69,148.658,148.686,356.64
2025-03-20 23:45:00+00:00,148.688,148.69,148.595,148.612,571.64
2025-03-20 23:50:00+00:00,148.612,148.65,148.588,148.62,466.23
2025-03-20 23:55:00+00:00,148.622,148.625,148.585,148.619,510.49
2025-03-21 00:00:00+00:00,148.621,148.652,148.587,148.629,1289.75
2025-03-21 00:05:00+00:00,148.63,148.798,148.591,148.783,886.47
2025-03-21 00:10:00+00:00,148.782,148.9,148.769,148.867,1024.42
2025-03-21 00:15:00+00:00,148.87,148.901,148.84,148.86,882.28
2025-03-21 00:20:00+00:00,148.861,148.999,148.858,148.914,1489.08
2025-03-21 00:25:00+00:00,148.913,148.924,148.862,148.887,741.46
2025-03-21 00:30:00+00:00,148.886,148.934,148.844,148.855,1010.41
2025-03-21 00:35:00+00:00,148.857,148.904,148.824,148.853,986.59
2025-03-21 00:40:00+00:00,148.852,148.913,148.838,148.898,589.74
2025-03-21 00:45:00+00:00,148.898,148.911,148.848,148.877,698.0
2025-03-21 00:50:00+00:00,148.879,148.984,148.878,148.972,1519.11
2025-03-21 00:55:00+00:00,148.973,149.03,148.956,148.989,1723.76
2025-03-21 01:00:00+00:00,148.989,149.036,148.947,148.955,2408.74
2025-03-21 01:05:00+00:00,148.957,149.083,148.957,149.082,1377.86
2025-03-21 01:10:00+00:00,149.081,149.128,149.07,149.109,1365.46
2025-03-21 01:15:00+00:00,149.11,149.168,149.069,149.154,1653.93
2025-03-21 01:20:00+00:00,149.159,149.17,149.131,149.144,1308.13
2025-03-21 01:25:00+00:00,149.14,149.184,149.136,149.169,1260.93
2025-03-21 01:30:00+00:00,149.17,149.192,149.147,149.148,1373.65
2025-03-21 01:35:00+00:00,149.147,149.16,149.081,149.092,808.63
2025-03-21 01:40:00+00:00,149.092,149.135,149.065,149.128,895.92
2025-03-21 01:45:00+00:00,149.127,149.157,149.095,149.095,816.69
2025-03-21 01:50:00+00:00,149.096,149.105,149.06,149.07,683.73
2025-03-21 01:55:00+00:00,149.071,149.12,149.059,149.088,899.28
2025-03-21 02:00:00+00:00,149.087,149.099,148.991,149.002,923.05
2025-03-21 02:05:00+00:00,149.002,149.014,148.947,148.958,676.68
2025-03-21 02:10:00+00:00,148.958,148.973,148.93,148.949,785.64
2025-03-21 02:15:00+00:00,148.949,148.994,148.946,148.99,588.48
2025-03-21 02:20:00+00:00,148.989,149.015,148.975,149.007,612.75
2025-03-21 02:25:00+00:00,149.006,149.017,148.981,148.998,687.99
2025-03-21 02:30:00+00:00,148.998,149.042,148.997,149.037,411.0
2025-03-21 02:35:00+00:00,149.036,149.053,149.008,149.017,527.26
2025-03-21 02:40:00+00:00,149.017,149.029,148.997,149.005,296.52
2025-03-21 02:45:00+00:00,149.003,149.045,148.995,149.03,529.87
2025-03-21 02:50:00+00:00,149.03,149.094,149.029,149.071,346.36
2025-03-21 02:55:00+00:00,149.071,149.084,149.065,149.069,371.61
2025-03-21 03:00:00+00:00,149.069,149.08,149.046,149.057,678.36
2025-03-21 03:05:00+00:00,149.059,149.067,148.999,149.047,480.57
2025-03-21 03:10:00+00:00,149.047,149.047,149.002,149.014,377.64
2025-03-21 03:15:00+00:00,149.013,149.013,148.979,148.998,455.6
2025-03-21 03:20:00+00:00,148.998,149.039,148.995,149.012,477.09
2025-03-21 03:25:00+00:00,149.021,149.069,149.011,149.053,296.64
2025-03-21 03:30:00+00:00,149.058,149.112,149.049,149.105,456.48
2025-03-21 03:35:00+00:00,149.107,149.144,149.096,149.134,445.56
2025-03-21 03:40:00+00:00,149.139,149.166,149.131,149.163,293.55
2025-03-21 03:45:00+00:00,149.163,149.204,149.162,149.2,258.87
2025-03-21 03:50:00+00:00,149.2,149.227,149.184,149.216,569.34
2025-03-21 03:55:00+00:00,149.216,149.247,149.205,149.208,623.28
2025-03-21 04:00:00+00:00,149.207,149.253,149.202,149.243,680.77
2025-03-21 04:05:00+00:00,149.243,149.283,149.232,149.282,419.54
2025-03-21 04:10:00+00:00,149.284,149.318,149.283,149.307,472.12
2025-03-21 04:15:00+00:00,149.307,149.407,149.305,149.388,7327.84
2025-03-21 04:20:00+00:00,149.389,149.41,149.366,149.393,3088.75
2025-03-21 04:25:00+00:00,149.395,149.412,149.383,149.408,465.21
2025-03-21 04:30:00+00:00,149.408,149.408,149.351,149.352,651.05
2025-03-21 04:35:00+00:00,149.354,149.388,149.35,149.383,600.82
2025-03-21 04:40:00+00:00,149.384,149.424,149.383,149.421,330.39
2025-03-21 04:45:00+00:00,149.421,149.443,149.412,149.44,207.34
2025-03-21 04:50:00+00:00,149.439,149.446,149.42,149.442,246.16
2025-03-21 04:55:00+00:00,149.441,149.481,149.412,149.413,587.34
2025-03-21 05:00:00+00:00,149.413,149.469,149.41,149.464,488.15
2025-03-21 05:05:00+00:00,149.462,149.497,149.462,149.481,605.32
2025-03-21 05:10:00+00:00,149.481,149.515,149.458,149.465,463.05
2025-03-21 05:15:00+00:00,149.465,149.471,149.427,149.46,496.08
2025-03-21 05:20:00+00:00,149.461,149.591,149.449,149.578,817.65
2025-03-21 05:25:00+00:00,149.569,149.577,149.508,149.528,544.98
2025-03-21 05:30:00+00:00,149.529,149.612,149.528,149.608,833.07
2025-03-21 05:35:00+00:00,149.604,149.631,149.553,149.571,681.73
2025-03-21 05:40:00+00:00,149.573,149.62,149.566,149.588,675.28
2025-03-21 05:45:00+00:00,149.587,149.607,149.55,149.566,497.61
2025-03-21 05:50:00+00:00,149.566,149.572,149.525,149.541,433.12
2025-03-21 05:55:00+00:00,149.54,149.565,149.519,149.554,702.36
2025-03-21 06:00:00+00:00,149.56,149.61,149.543,149.543,932.72
2025-03-21 06:05:00+00:00,149.542,149.542,149.508,149.513,508.86
2025-03-21 06:10:00+00:00,149.513,149.537,149.494,149.533,781.23
2025-03-21 06:15:00+00:00,149.534,149.548,149.5,149.505,780.03
2025-03-21 06:20:00+00:00,149.504,149.526,149.49,149.51,865.05
2025-03-21 06:25:00+00:00,149.511,149.55,149.496,149.523,687.41
2025-03-21 06:30:00+00:00,149.531,149.54,149.472,149.491,1010.96
2025-03-21 06:35:00+00:00,149.49,149.499,149.44,149.488,803.04
2025-03-21 06:40:00+00:00,149.489,149.507,149.48,149.505,651.66
2025-03-21 06:45:00+00:00,149.514,149.556,149.511,149.514,845.73
2025-03-21 06:50:00+00:00,149.515,149.568,149.511,149.561,374.21
2025-03-21 06:55:00+00:00,149.56,149.579,149.549,149.57,300.84
2025-03-21 07:00:00+00:00,149.571,149.66,149.571,149.591,707.5
2025-03-21 07:05:00+00:00,149.593,149.594,149.5,149.5,659.86
2025-03-21 07:10:00+00:00,149.499,149.504,149.362,149.395,878.38
2025-03-21 07:15:00+00:00,149.389,149.395,149.343,149.346,568.68
2025-03-21 07:20:00+00:00,149.344,149.399,149.34,149.365,525.33
2025-03-21 07:25:00+00:00,149.364,149.375,149.27,149.286,822.39
2025-03-21 07:30:00+00:00,149.284,149.309,149.245,149.263,690.7
2025-03-21 07:35:00+00:00,149.261,149.32,149.246,149.264,885.82
2025-03-21 07:40:00+00:00,149.265,149.352,149.265,149.351,840.17
2025-03-21 07:45:00+00:00,149.352,149.352,149.293,149.299,606.23
2025-03-21 07:50:00+00:00,149.297,149.303,149.26,149.264,676.24
2025-03-21 07:55:00+00:00,149.265,149.332,149.257,149.31,1038.81
2025-03-21 08:00:00+00:00,149.31,149.373,149.31,149.36,1656.62
2025-03-21 08:05:00+00:00,149.36,149.45,149.357,149.414,847.77
2025-03-21 08:10:00+00:00,149.416,149.443,149.383,149.419,1113.91
2025-03-21 08:15:00+00:00,149.421,149.432,149.346,149.35,1159.38
2025-03-21 08:20:00+00:00,149.353,149.364,149.308,149.362,1233.06
2025-03-21 08:25:00+00:00,149.366,149.417,149.322,149.334,863.05
2025-03-21 08:30:00+00:00,149.334,149.344,149.306,149.318,674.97
2025-03-21 08:35:00+00:00,149.319,149.368,149.303,149.307,781.05
2025-03-21 08:40:00+00:00,149.306,149.354,149.258,149.284,943.8
2025-03-21 08:45:00+00:00,149.285,149.377,149.281,149.353,860.28
2025-03-21 08:50:00+00:00,149.352,149.439,149.343,149.431,881.86
2025-03-21 08:55:00+00:00,149.432,149.534,149.432,149.479,958.05
2025-03-21 09:00:00+00:00,149.481,149.483,149.39,149.407,894.82
2025-03-21 09:05:00+00:00,149.406,149.421,149.361,149.389,738.9
2025-03-21 09:10:00+00:00,149.389,149.433,149.369,149.417,780.09
2025-03-21 09:15:00+00:00,149.416,149.417,149.305,149.318,1019.54
2025-03-21 09:20:00+00:00,149.317,149.322,149.279,149.304,703.8
2025-03-21 09:25:00+00:00,149.305,149.342,149.283,149.326,750.12
2025-03-21 09:30:00+00:00,149.327,149.332,149.296,149.314,654.21
2025-03-21 09:35:00+00:00,149.313,149.339,149.296,149.335,536.76
2025-03-21 09:40:00+00:00,149.339,149.384,149.338,149.38,510.03
2025-03-21 09:45:00+00:00,149.38,149.428,149.358,149.415,495.93
2025-03-21 09:50:00+00:00,149.415,149.429,149.383,149.386,562.79
2025-03-21 09:55:00+00:00,149.386,149.411,149.371,149.384,792.36
2025-03-21 10:00:00+00:00,149.385,149.398,149.333,149.379,863.21
2025-03-21 10:05:00+00:00,149.379,149.433,149.371,149.377,812.52
2025-03-21 10:10:00+00:00,149.378,149.44,149.354,149.424,917.6
2025-03-21 10:15:00+00:00,149.422,149.441,149.344,149.356,832.74
2025-03-21 10:20:00+00:00,149.357,149.363,149.322,149.334,870.47
2025-03-21 10:25:00+00:00,149.335,149.339,149.293,149.298,800.0
2025-03-21 10:30:00+00:00,149.297,149.297,149.257,149.262,548.73
2025-03-21 10:35:00+00:00,149.261,149.262,149.207,149.22,891.33
2025-03-21 10:40:00+00:00,149.22,149.229,149.207,149.216,602.25
2025-03-21 10:45:00+00:00,149.214,149.242,149.208,149.239,587.34
2025-03-21 10:50:00+00:00,149.239,149.263,149.231,149.243,575.55
2025-03-21 10:55:00+00:00,149.244,149.244,149.197,149.198,772.2
2025-03-21 11:00:00+00:00,149.199,149.219,149.132,149.186,1066.62
2025-03-21 11:05:00+00:00,149.185,149.188,149.102,149.102,652.89
2025-03-21 11:10:00+00:00,149.102,149.121,149.095,149.12,536.52
2025-03-21 11:15:00+00:00,149.118,149.123,149.094,149.121,481.29
2025-03-21 11:20:00+00:00,149.121,149.122,149.049,149.053,676.32
2025-03-21 11:25:00+00:00,149.052,149.052,148.999,149.001,832.02
2025-03-21 11:30:00+00:00,149.0,149.02,148.974,148.986,699.43
2025-03-21 11:35:00+00:00,148.986,148.987,148.939,148.978,833.46
2025-03-21 11:40:00+00:00,148.977,148.978,148.912,148.918,855.36
2025-03-21 11:45:00+00:00,148.918,148.948,148.908,148.926,812.7
2025-03-21 11:50:00+00:00,148.925,148.925,148.862,148.876,1028.37
2025-03-21 11:55:00+00:00,148.877,148.907,148.854,148.886,1164.54
2025-03-21 12:00:00+00:00,148.887,148.936,148.877,148.893,1491.06
2025-03-21 12:05:00+00:00,148.893,148.893,148.816,148.817,1169.4
2025-03-21 12:10:00+00:00,148.818,148.866,148.794,148.857,1031.79
2025-03-21 12:15:00+00:00,148.858,148.859,148.815,148.832,846.15
2025-03-21 12:20:00+00:00,148.83,148.83,148.757,148.783,912.75
2025-03-21 12:25:00+00:00,148.782,148.838,148.768,148.827,720.79
2025-03-21 12:30:00+00:00,148.831,148.874,148.787,148.856,1503.6
2025-03-21 12:35:00+00:00,148.858,148.891,148.831,148.834,1322.73
2025-03-21 12:40:00+00:00,148.835,148.835,148.636,148.684,2477.68
2025-03-21 12:45:00+00:00,148.684,148.748,148.653,148.714,1814.46
2025-03-21 12:50:00+00:00,148.716,148.746,148.675,148.703,1852.02
2025-03-21 12:55:00+00:00,148.703,148.727,148.659,148.669,2058.45
2025-03-21 13:00:00+00:00,148.67,148.673,148.602,148.669,1693.45
2025-03-21 13:05:00+00:00,148.67,148.704,148.642,148.685,1298.46
2025-03-21 13:10:00+00:00,148.685,148.725,148.665,148.716,1427.49
2025-03-21 13:15:00+00:00,148.717,148.81,148.706,148.792,1474.53
2025-03-21 13:20:00+00:00,148.792,148.824,148.766,148.8,1555.29
2025-03-21 13:25:00+00:00,148.799,148.854,148.785,148.854,1579.51
2025-03-21 13:30:00+00:00,148.85,148.903,148.821,148.884,2597.61
2025-03-21 13:35:00+00:00,148.883,148.894,148.797,148.807,2153.72
2025-03-21 13:40:00+00:00,148.807,148.861,148.778,148.784,2694.74
2025-03-21 13:45:00+00:00,148.788,148.811,148.749,148.775,1992.03
2025-03-21 13:50:00+00:00,148.776,148.823,148.757,148.81,1598.99
2025-03-21 13:55:00+00:00,148.809,148.883,148.806,148.869,1716.33
2025-03-21 14:00:00+00:00,148.869,148.912,148.804,148.911,2813.16
2025-03-21 14:05:00+00:00,148.913,148.935,148.88,148.882,1959.54
2025-03-21 14:10:00+00:00,148.883,148.886,148.801,148.84,2003.58
2025-03-21 14:15:00+00:00,148.84,148.908,148.837,148.898,1539.15
2025-03-21 14:20:00+00:00,148.896,148.994,148.865,148.953,1630.74
2025-03-21 14:25:00+00:00,148.951,148.981,148.917,148.943,1819.14
2025-03-21 14:30:00+00:00,148.942,148.976,148.892,148.961,1835.04
2025-03-21 14:35:00+00:00,148.962,148.985,148.9,148.905,1790.04
2025-03-21 14:40:00+00:00,148.905,148.943,148.797,148.829,1933.04
2025-03-21 14:45:00+00:00,148.829,148.868,148.799,148.803,1241.17
2025-03-21 14:50:00+00:00,148.805,148.838,148.769,148.81,1542.96
2025-03-21 14:55:00+00:00,148.811,148.881,148.811,148.871,1469.54
2025-03-21 15:00:00+00:00,148.869,148.885,148.822,148.84,1299.52
2025-03-21 15:05:00+00:00,148.839,148.865,148.813,148.844,1129.5
2025-03-21 15:10:00+00:00,148.843,148.864,148.81,148.828,922.74
2025-03-21 15:15:00+00:00,148.829,148.883,148.82,148.841,988.54
2025-03-21 15:20:00+00:00,148.841,148.865,148.821,148.851,975.99
2025-03-21 15:25:00+00:00,148.852,148.869,148.77,148.78,813.52
2025-03-21 15:30:00+00:00,148.778,148.835,148.77,148.79,1119.87
2025-03-21 15:35:00+00:00,148.791,148.792,148.764,148.766,871.53
2025-03-21 15:40:00+00:00,148.766,148.78,148.704,148.713,941.28
2025-03-21 15:45:00+00:00,148.712,148.817,148.705,148.791,868.29
2025-03-21 15:50:00+00:00,148.79,148.936,148.782,148.924,1697.27
2025-03-21 15:55:00+00:00,148.923,148.988,148.868,148.979,2437.12
2025-03-21 16:00:00+00:00,148.982,149.049,148.934,148.957,2426.76
2025-03-21 16:05:00+00:00,148.955,149.035,148.954,148.998,1702.38
2025-03-21 16:10:00+00:00,148.998,149.031,148.982,149.005,1323.94
2025-03-21 16:15:00+00:00,149.005,149.113,148.993,149.074,1637.79
2025-03-21 16:20:00+00:00,149.074,149.114,149.071,149.082,1296.24
2025-03-21 16:25:00+00:00,149.084,149.097,149.069,149.091,1128.21
2025-03-21 16:30:00+00:00,149.09,149.091,149.009,149.032,1141.17
2025-03-21 16:35:00+00:00,149.032,149.063,149.012,149.051,1138.22
2025-03-21 16:40:00+00:00,149.053,149.094,149.049,149.051,1044.7
2025-03-21 16:45:00+00:00,149.056,149.162,149.056,149.159,1129.83
2025-03-21 16:50:00+00:00,149.158,149.202,149.14,149.197,914.28
2025-03-21 16:55:00+00:00,149.198,149.255,149.197,149.236,1267.0
2025-03-21 17:00:00+00:00,149.237,149.253,149.198,149.219,1065.15
2025-03-21 17:05:00+00:00,149.22,149.312,149.22,149.283,841.29
2025-03-21 17:10:00+00:00,149.281,149.3,149.197,149.198,1071.52
2025-03-21 17:15:00+00:00,149.198,149.21,149.161,149.178,728.57
2025-03-21 17:20:00+00:00,149.179,149.245,149.157,149.229,758.77
2025-03-21 17:25:00+00:00,149.227,149.234,149.2,149.212,1018.56
2025-03-21 17:30:00+00:00,149.216,149.238,149.173,149.221,889.86
2025-03-21 17:35:00+00:00,149.222,149.284,149.215,149.267,805.86
2025-03-21 17:40:00+00:00,149.268,149.273,149.237,149.242,583.86
2025-03-21 17:45:00+00:00,149.24,149.272,149.233,149.256,593.74
2025-03-21 17:50:00+00:00,149.256,149.296,149.256,149.266,1055.95
2025-03-21 17:55:00+00:00,149.265,149.278,149.223,149.228,727.74
2025-03-21 18:00:00+00:00,149.223,149.256,149.219,149.235,787.68
2025-03-21 18:05:00+00:00,149.233,149.272,149.212,149.259,870.45
2025-03-21 18:10:00+00:00,149.259,149.293,149.254,149.287,794.82
2025-03-21 18:15:00+00:00,149.288,149.292,149.255,149.289,652.08
2025-03-21 18:20:00+00:00,149.287,149.316,149.269,149.293,948.49
2025-03-21 18:25:00+00:00,149.292,149.293,149.239,149.242,648.27
2025-03-21 18:30:00+00:00,149.249,149.281,149.243,149.248,441.03
2025-03-21 18:35:00+00:00,149.249,149.25,149.216,149.239,641.79
2025-03-21 18:40:00+00:00,149.24,149.253,149.204,149.227,601.92
2025-03-21 18:45:00+00:00,149.228,149.228,149.181,149.198,626.94
2025-03-21 18:50:00+00:00,149.199,149.207,149.172,149.191,809.3
2025-03-21 18:55:00+00:00,149.193,149.218,149.179,149.215,737.16
2025-03-21 19:00:00+00:00,149.215,149.215,149.17,149.18,984.69
2025-03-21 19:05:00+00:00,149.18,149.185,149.159,149.177,921.9
2025-03-21 19:10:00+00:00,149.179,149.232,149.173,149.225,880.38
2025-03-21 19:15:00+00:00,149.222,149.23,149.202,149.218,664.62
2025-03-21 19:20:00+00:00,149.217,149.22,149.191,149.205,608.55
2025-03-21 19:25:00+00:00,149.205,149.215,149.187,149.214,460.03
2025-03-21 19:30:00+00:00,149.214,149.232,149.207,149.228,586.56
2025-03-21 19:35:00+00:00,149.226,149.265,149.219,149.258,416.16
2025-03-21 19:40:00+00:00,149.259,149.284,149.239,149.284,541.86
2025-03-21 19:45:00+00:00,149.285,149.297,149.259,149.272,481.65
2025-03-21 19:50:00+00:00,149.272,149.326,149.272,149.326,660.27
2025-03-21 19:55:00+00:00,149.325,149.342,149.323,149.334,563.64
2025-03-21 20:00:00+00:00,149.332,149.339,149.318,149.336,308.04
2025-03-21 20:05:00+00:00,149.336,149.343,149.32,149.322,66.09
2025-03-21 20:10:00+00:00,149.323,149.323,149.311,149.32,138.72
2025-03-21 20:15:00+00:00,149.321,149.343,149.316,149.336,55.32
2025-03-21 20:20:00+00:00,149.332,149.363,149.317,149.356,154.2
2025-03-21 20:25:00+00:00,149.354,149.362,149.341,149.345,166.12
2025-03-21 20:30:00+00:00,149.345,149.353,149.327,149.327,85.71
2025-03-21 20:35:00+00:00,149.326,149.358,149.324,149.348,138.39
2025-03-21 20:40:00+00:00,149.353,149.353,149.326,149.328,162.3
2025-03-21 20:45:00+00:00,149.326,149.326,149.291,149.3,323.82
2025-03-21 20:50:00+00:00,149.307,149.34,149.296,149.316,159.06
2025-03-21 20:55:00+00:00,149.315,149.325,149.265,149.269,514.2
2025-03-23 21:00:00+00:00,149.329,149.348,149.329,149.348,6.15
2025-03-23 21:05:00+00:00,149.348,149.348,149.348,149.348,0.9
2025-03-23 21:10:00+00:00,149.35,149.35,149.35,149.35,0.9
2025-03-23 21:15:00+00:00,149.349,149.35,149.349,149.35,15.6
2025-03-23 21:20:00+00:00,149.35,149.353,149.349,149.35,27.0
2025-03-23 21:25:00+00:00,149.351,149.351,149.351,149.351,0.9
2025-03-23 21:30:00+00:00,149.358,149.358,149.351,149.357,14.1
2025-03-23 21:35:00+00:00,149.351,149.356,149.351,149.351,3.0
2025-03-23 21:40:00+00:00,149.371,149.411,149.371,149.397,30.6
2025-03-23 21:45:00+00:00,149.394,149.398,149.391,149.397,15.0
2025-03-23 21:50:00+00:00,149.397,149.398,149.358,149.363,24.9
2025-03-23 21:55:00+00:00,149.363,149.363,149.362,149.362,10.2
2025-03-23 22:00:00+00:00,149.363,149.52,149.363,149.494,356.4
2025-03-23 22:05:00+00:00,149.492,149.507,149.46,149.495,174.42
2025-03-23 22:10:00+00:00,149.496,149.6,149.495,149.585,386.37
2025-03-23 22:15:00+00:00,149.583,149.588,149.519,149.571,694.5
2025-03-23 22:20:00+00:00,149.57,149.602,149.549,149.567,546.72
2025-03-23 22:25:00+00:00,149.568,149.607,149.567,149.605,442.48
2025-03-23 22:30:00+00:00,149.606,149.613,149.58,149.6,286.05
2025-03-23 22:35:00+00:00,149.603,149.631,149.597,149.623,263.59
2025-03-23 22:40:00+00:00,149.631,149.635,149.571,149.59,623.02
2025-03-23 22:45:00+00:00,149.592,149.63,149.59,149.616,493.38
2025-03-23 22:50:00+00:00,149.616,149.617,149.557,149.557,498.75
2025-03-23 22:55:00+00:00,149.559,149.583,149.552,149.576,365.85
2025-03-23 23:00:00+00:00,149.574,149.58,149.5,149.557,515.36
2025-03-23 23:05:00+00:00,149.554,149.605,149.512,149.581,477.73
2025-03-23 23:10:00+00:00,149.581,149.587,149.548,149.576,336.15
2025-03-23 23:15:00+00:00,149.577,149.593,149.566,149.589,420.75
2025-03-23 23:20:00+00:00,149.588,149.589,149.565,149.565,295.2
2025-03-23 23:25:00+00:00,149.566,149.577,149.535,149.565,361.23
2025-03-23 23:30:00+00:00,149.565,149.57,149.53,149.554,642.3
2025-03-23 23:35:00+00:00,149.554,149.578,149.531,149.54,468.36
2025-03-23 23:40:00+00:00,149.543,149.555,149.532,149.541,579.3
2025-03-23 23:45:00+00:00,149.54,149.578,149.537,149.564,842.1
2025-03-23 23:50:00+00:00,149.571,149.688,149.568,149.682,770.13
2025-03-23 23:55:00+00:00,149.685,149.688,149.656,149.66,646.81
2025-03-24 00:00:00+00:00,149.664,149.714,149.627,149.643,1399.93
2025-03-24 00:05:00+00:00,149.64,149.646,149.588,149.615,890.83
2025-03-24 00:10:00+00:00,149.614,149.617,149.488,149.503,911.99
2025-03-24 00:15:00+00:00,149.504,149.517,149.454,149.478,948.05
2025-03-24 00:20:00+00:00,149.478,149.55,149.477,149.546,777.12
2025-03-24 00:25:00+00:00,149.546,149.644,149.546,149.617,612.21
2025-03-24 00:30:00+00:00,149.616,149.655,149.595,149.651,785.71
2025-03-24 00:35:00+00:00,149.651,149.659,149.626,149.65,676.79
2025-03-24 00:40:00+00:00,149.651,149.726,149.646,149.702,535.83
2025-03-24 00:45:00+00:00,149.703,149.771,149.691,149.749,726.25
2025-03-24 00:50:00+00:00,149.757,149.766,149.717,149.741,1619.95
2025-03-24 00:55:00+00:00,149.741,149.778,149.736,149.738,1274.04
2025-03-24 01:00:00+00:00,149.737,149.796,149.733,149.791,990.76
2025-03-24 01:05:00+00:00,149.789,149.797,149.68,149.71,709.88
2025-03-24 01:10:00+00:00,149.711,149.742,149.688,149.692,688.47
2025-03-24 01:15:00+00:00,149.692,149.827,149.692,149.821,852.21
2025-03-24 01:20:00+00:00,149.822,149.832,149.779,149.805,765.12
2025-03-24 01:25:00+00:00,149.805,149.866,149.772,149.863,820.35
2025-03-24 01:30:00+00:00,149.862,149.879,149.837,149.845,920.58
2025-03-24 01:35:00+00:00,149.846,149.878,149.839,149.839,656.55
2025-03-24 01:40:00+00:00,149.838,149.877,149.835,149.869,742.11
2025-03-24 01:45:00+00:00,149.87,149.924,149.861,149.924,537.3
2025-03-24 01:50:00+00:00,149.924,149.951,149.882,149.885,671.82
2025-03-24 01:55:00+00:00,149.885,149.907,149.814,149.819,560.68
2025-03-24 02:00:00+00:00,149.818,149.839,149.751,149.752,654.69
2025-03-24 02:05:00+00:00,149.753,149.79,149.744,149.759,524.41
2025-03-24 02:10:00+00:00,149.758,149.791,149.746,149.791,495.48
2025-03-24 02:15:00+00:00,149.791,149.819,149.781,149.808,443.01
2025-03-24 02:20:00+00:00,149.807,149.814,149.784,149.806,440.61
2025-03-24 02:25:00+00:00,149.807,149.815,149.758,149.773,518.22
2025-03-24 02:30:00+00:00,149.773,149.797,149.736,149.747,639.82
2025-03-24 02:35:00+00:00,149.751,149.778,149.737,149.763,375.18
2025-03-24 02:40:00+00:00,149.764,149.796,149.763,149.781,402.15
2025-03-24 02:45:00+00:00,149.783,149.821,149.782,149.819,478.19
2025-03-24 02:50:00+00:00,149.818,149.833,149.811,149.82,308.37
2025-03-24 02:55:00+00:00,149.822,149.846,149.82,149.834,272.49
2025-03-24 03:00:00+00:00,149.834,149.844,149.816,149.83,256.17
2025-03-24 03:05:00+00:00,149.83,149.901,149.83,149.896,250.51
2025-03-24 03:10:00+00:00,149.897,149.909,149.878,149.882,278.13
2025-03-24 03:15:00+00:00,149.878,149.898,149.869,149.88,401.91
2025-03-24 03:20:00+00:00,149.886,149.899,149.861,149.861,249.48
2025-03-24 03:25:00+00:00,149.864,149.867,149.837,149.867,324.09
2025-03-24 03:30:00+00:00,149.867,149.869,149.763,149.766,446.59
2025-03-24 03:35:00+00:00,149.763,149.765,149.733,149.747,420.36
2025-03-24 03:40:00+00:00,149.748,149.791,149.745,149.773,346.56
2025-03-24 03:45:00+00:00,149.772,149.782,149.762,149.762,161.76
2025-03-24 03:50:00+00:00,149.763,149.783,149.759,149.773,255.09
2025-03-24 03:55:00+00:00,149.773,149.806,149.746,149.806,366.54
2025-03-24 04:00:00+00:00,149.809,149.823,149.791,149.802,451.48
2025-03-24 04:05:00+00:00,149.803,149.804,149.759,149.76,387.6
2025-03-24 04:10:00+00:00,149.768,149.803,149.768,149.803,437.61
2025-03-24 04:15:00+00:00,149.802,149.802,149.76,149.789,488.25
2025-03-24 04:20:00+00:00,149.791,149.804,149.776,149.784,196.65
2025-03-24 04:25:00+00:00,149.784,149.799,149.756,149.758,261.39
2025-03-24 04:30:00+00:00,149.757,149.757,149.725,149.756,311.22
2025-03-24 04:35:00+00:00,149.756,149.759,149.735,149.737,277.12
2025-03-24 04:40:00+00:00,149.737,149.741,149.716,149.724,232.62
2025-03-24 04:45:00+00:00,149.722,149.737,149.71,149.733,184.59
2025-03-24 04:50:00+00:00,149.73,149.765,149.729,149.764,229.38
2025-03-24 04:55:00+00:00,149.764,149.775,149.752,149.767,215.79
2025-03-24 05:00:00+00:00,149.768,149.866,149.766,149.861,703.29
2025-03-24 05:05:00+00:00,149.862,149.862,149.808,149.819,552.59
2025-03-24 05:10:00+00:00,149.82,149.845,149.812,149.83,423.66
2025-03-24 05:15:00+00:00,149.831,149.846,149.82,149.821,389.6
2025-03-24 05:20:00+00:00,149.819,149.831,149.81,149.811,204.75
2025-03-24 05:25:00+00:00,149.811,149.824,149.765,149.766,390.79
2025-03-24 05:30:00+00:00,149.766,149.782,149.756,149.771,392.28
2025-03-24 05:35:00+00:00,149.769,149.789,149.706,149.734,553.65
2025-03-24 05:40:00+00:00,149.735,149.745,149.654,149.681,522.72
2025-03-24 05:45:00+00:00,149.681,149.694,149.665,149.671,273.45
2025-03-24 05:50:00+00:00,149.671,149.736,149.67,149.73,404.7
2025-03-24 05:55:00+00:00,149.731,149.737,149.672,149.689,1142.25
2025-03-24 06:00:00+00:00,149.69,149.696,149.659,149.693,606.54
2025-03-24 06:05:00+00:00,149.694,149.721,149.686,149.692,471.69
2025-03-24 06:10:00+00:00,149.691,149.712,149.67,149.71,410.13
2025-03-24 06:15:00+00:00,149.71,149.78,149.701,149.709,547.65
2025-03-24 06:20:00+00:00,149.708,149.71,149.566,149.607,1291.28
2025-03-24 06:25:00+00:00,149.607,149.616,149.571,149.615,770.61
2025-03-24 06:30:00+00:00,149.616,149.62,149.555,149.582,795.28
2025-03-24 06:35:00+00:00,149.583,149.586,149.534,149.543,669.55
2025-03-24 06:40:00+00:00,149.542,149.582,149.535,149.571,652.95
2025-03-24 06:45:00+00:00,149.57,149.589,149.56,149.585,455.94
2025-03-24 06:50:00+00:00,149.582,149.658,149.577,149.628,793.59
2025-03-24 06:55:00+00:00,149.627,149.666,149.609,149.661,771.63
2025-03-24 07:00:00+00:00,149.662,149.766,149.616,149.765,1103.96
2025-03-24 07:05:00+00:00,149.763,149.783,149.746,149.75,1011.02
2025-03-24 07:10:00+00:00,149.758,149.83,149.752,149.786,1009.49
2025-03-24 07:15:00+00:00,149.794,149.847,149.791,149.791,1259.05
2025-03-24 07:20:00+00:00,149.788,149.789,149.729,149.739,967.44
2025-03-24 07:25:00+00:00,149.739,149.763,149.708,149.745,1033.42
2025-03-24 07:30:00+00:00,149.744,149.752,149.714,149.749,1026.48
2025-03-24 07:35:00+00:00,149.749,149.796,149.705,149.711,1045.31
2025-03-24 07:40:00+00:00,149.713,149.727,149.69,149.695,440.71
2025-03-24 07:45:00+00:00,149.694,149.74,149.691,149.715,439.1
2025-03-24 07:50:00+00:00,149.715,149.731,149.69,149.694,459.07
2025-03-24 07:55:00+00:00,149.695,149.701,149.645,149.648,515.51
2025-03-24 08:00:00+00:00,149.645,149.698,149.624,149.695,1301.16
2025-03-24 08:05:00+00:00,149.695,149.75,149.668,149.703,1241.26
2025-03-24 08:10:00+00:00,149.703,149.704,149.643,149.652,745.92
2025-03-24 08:15:00+00:00,149.654,149.724,149.654,149.691,1586.3
2025-03-24 08:20:00+00:00,149.694,149.73,149.644,149.728,989.8
2025-03-24 08:25:00+00:00,149.731,149.746,149.696,149.699,817.26
2025-03-24 08:30:00+00:00,149.698,149.715,149.578,149.584,1345.62
2025-03-24 08:35:00+00:00,149.588,149.641,149.572,149.6,915.02
2025-03-24 08:40:00+00:00,149.6,149.601,149.528,149.536,825.67
2025-03-24 08:45:00+00:00,149.538,149.587,149.533,149.587,782.6
2025-03-24 08:50:00+00:00,149.588,149.592,149.562,149.586,684.54
2025-03-24 08:55:00+00:00,149.587,149.643,149.584,149.621,772.6
2025-03-24 09:00:00+00:00,149.621,149.639,149.561,149.638,819.12
2025-03-24 09:05:00+00:00,149.638,149.687,149.624,149.635,1083.06
2025-03-24 09:10:00+00:00,149.636,149.639,149.587,149.615,718.39
2025-03-24 09:15:00+00:00,149.617,149.625,149.587,149.606,484.92
2025-03-24 09:20:00+00:00,149.606,149.607,149.516,149.519,649.09
2025-03-24 09:25:00+00:00,149.521,149.601,149.52,149.601,1079.37
2025-03-24 09:30:00+00:00,149.605,149.672,149.53,149.534,1841.15
2025-03-24 09:35:00+00:00,149.536,149.606,149.535,149.585,1186.64
2025-03-24 09:40:00+00:00,149.586,149.654,149.582,149.642,722.57
2025-03-24 09:45:00+00:00,149.641,149.713,149.64,149.702,644.67
2025-03-24 09:50:00+00:00,149.702,149.702,149.639,149.649,516.7
2025-03-24 09:55:00+00:00,149.649,149.649,149.555,149.566,649.35
2025-03-24 10:00:00+00:00,149.563,149.586,149.536,149.549,982.36
2025-03-24 10:05:00+00:00,149.548,149.575,149.523,149.571,766.06
2025-03-24 10:10:00+00:00,149.572,149.574,149.538,149.563,739.84
2025-03-24 10:15:00+00:00,149.564,149.572,149.52,149.544,586.94
2025-03-24 10:20:00+00:00,149.545,149.562,149.537,149.555,563.33
2025-03-24 10:25:00+00:00,149.556,149.585,149.518,149.518,645.49
2025-03-24 10:30:00+00:00,149.517,149.531,149.491,149.53,534.33
2025-03-24 10:35:00+00:00,149.531,149.6,149.53,149.595,870.39
2025-03-24 10:40:00+00:00,149.596,149.61,149.573,149.599,607.53
2025-03-24 10:45:00+00:00,149.599,149.621,149.59,149.607,557.2
2025-03-24 10:50:00+00:00,149.609,149.61,149.563,149.583,685.58
2025-03-24 10:55:00+00:00,149.582,149.615,149.58,149.605,488.07
2025-03-24 11:00:00+00:00,149.604,149.653,149.603,149.649,788.87
2025-03-24 11:05:00+00:00,149.652,149.668,149.635,149.66,847.75
2025-03-24 11:10:00+00:00,149.66,149.67,149.644,149.658,829.73
2025-03-24 11:15:00+00:00,149.658,149.669,149.648,149.658,577.06
2025-03-24 11:20:00+00:00,149.66,149.678,149.639,149.65,449.35
2025-03-24 11:25:00+00:00,149.651,149.719,149.648,149.714,536.7
2025-03-24 11:30:00+00:00,149.714,149.717,149.682,149.683,423.61
2025-03-24 11:35:00+00:00,149.683,149.707,149.677,149.702,468.81
2025-03-24 11:40:00+00:00,149.707,149.779,149.702,149.775,745.48
2025-03-24 11:45:00+00:00,149.775,149.779,149.75,149.753,421.72
2025-03-24 11:50:00+00:00,149.753,149.776,149.752,149.766,570.39
2025-03-24 11:55:00+00:00,149.766,149.796,149.745,149.75,661.04
2025-03-24 12:00:00+00:00,149.754,149.766,149.703,149.707,1438.94
2025-03-24 12:05:00+00:00,149.707,149.804,149.704,149.794,1141.11
2025-03-24 12:10:00+00:00,149.794,149.841,149.793,149.826,1174.61
2025-03-24 12:15:00+00:00,149.825,149.827,149.78,149.783,972.15
2025-03-24 12:20:00+00:00,149.782,149.819,149.753,149.81,1136.43
2025-03-24 12:25:00+00:00,149.81,149.822,149.79,149.813,701.8
2025-03-24 12:30:00+00:00,149.814,149.861,149.781,149.784,999.75
2025-03-24 12:35:00+00:00,149.785,149.858,149.784,149.851,1003.72
2025-03-24 12:40:00+00:00,149.838,149.854,149.814,149.845,994.12
2025-03-24 12:45:00+00:00,149.846,149.852,149.787,149.819,858.46
2025-03-24 12:50:00+00:00,149.824,149.867,149.824,149.855,1009.68
2025-03-24 12:55:00+00:00,149.855,149.864,149.822,149.826,874.13
2025-03-24 13:00:00+00:00,149.824,149.824,149.749,149.761,1253.99
2025-03-24 13:05:00+00:00,149.764,149.803,149.758,149.799,1279.03
2025-03-24 13:10:00+00:00,149.801,149.809,149.761,149.762,1155.43
2025-03-24 13:15:00+00:00,149.762,149.802,149.761,149.772,1096.42
2025-03-24 13:20:00+00:00,149.774,149.799,149.761,149.793,1107.47
2025-03-24 13:25:00+00:00,149.79,149.828,149.78,149.796,930.91
2025-03-24 13:30:00+00:00,149.795,149.826,149.749,149.815,1630.57
2025-03-24 13:35:00+00:00,149.813,149.862,149.809,149.861,1513.78
2025-03-24 13:40:00+00:00,149.862,149.875,149.788,149.791,1364.43
2025-03-24 13:45:00+00:00,149.789,150.015,149.789,149.979,2237.09
2025-03-24 13:50:00+00:00,149.978,150.174,149.977,150.134,2564.22
2025-03-24 13:55:00+00:00,150.134,150.256,150.134,150.238,2379.2
2025-03-24 14:00:00+00:00,150.24,150.264,150.191,150.24,2264.21
2025-03-24 14:05:00+00:00,150.24,150.272,150.202,150.202,2084.8
2025-03-24 14:10:00+00:00,150.202,150.211,150.134,150.171,2196.12
2025-03-24 14:15:00+00:00,150.171,150.204,150.135,150.138,1668.09
2025-03-24 14:20:00+00:00,150.137,150.253,150.137,150.24,1987.9
2025-03-24 14:25:00+00:00,150.242,150.291,150.231,150.273,1742.75
2025-03-24 14:30:00+00:00,150.274,150.388,150.262,150.385,1573.76
2025-03-24 14:35:00+00:00,150.384,150.385,150.332,150.351,1308.22
2025-03-24 14:40:00+00:00,150.351,150.379,150.308,150.325,1121.61
2025-03-24 14:45:00+00:00,150.326,150.454,150.313,150.452,1465.46
2025-03-24 14:50:00+00:00,150.452,150.484,150.437,150.474,1727.54
2025-03-24 14:55:00+00:00,150.475,150.54,150.466,150.471,1535.61
2025-03-24 15:00:00+00:00,150.47,150.51,150.445,150.49,1327.93
2025-03-24 15:05:00+00:00,150.49,150.562,150.488,150.513,1044.23
2025-03-24 15:10:00+00:00,150.513,150.581,150.503,150.581,1295.52
2025-03-24 15:15:00+00:00,150.58,150.595,150.56,150.586,994.3
2025-03-24 15:20:00+00:00,150.584,150.66,150.584,150.66,992.31
2025-03-24 15:25:00+00:00,150.66,150.667,150.628,150.634,751.27
2025-03-24 15:30:00+00:00,150.627,150.695,150.61,150.691,1294.64
2025-03-24 15:35:00+00:00,150.691,150.71,150.656,150.662,1180.96
2025-03-24 15:40:00+00:00,150.663,150.692,150.579,150.585,1076.1
2025-03-24 15:45:00+00:00,150.586,150.647,150.578,150.631,1121.26
2025-03-24 15:50:00+00:00,150.632,150.638,150.584,150.607,1656.85
2025-03-24 15:55:00+00:00,150.608,150.754,150.608,150.738,2112.49
2025-03-24 16:00:00+00:00,150.74,150.753,150.679,150.703,1821.82
2025-03-24 16:05:00+00:00,150.705,150.709,150.638,150.638,1136.7
2025-03-24 16:10:00+00:00,150.637,150.689,150.637,150.655,832.36
2025-03-24 16:15:00+00:00,150.655,150.662,150.623,150.64,565.0
2025-03-24 16:20:00+00:00,150.641,150.686,150.638,150.657,507.9
2025-03-24 16:25:00+00:00,150.657,150.657,150.578,150.609,1472.96
2025-03-24 16:30:00+00:00,150.608,150.616,150.571,150.604,1885.08
2025-03-24 16:35:00+00:00,150.603,150.604,150.554,150.557,676.45
2025-03-24 16:40:00+00:00,150.559,150.599,150.544,150.59,1298.08
2025-03-24 16:45:00+00:00,150.592,150.62,150.551,150.558,846.21
2025-03-24 16:50:00+00:00,150.558,150.558,150.525,150.543,784.62
2025-03-24 16:55:00+00:00,150.542,150.573,150.526,150.573,650.27
2025-03-24 17:00:00+00:00,150.572,150.573,150.484,150.51,882.3
2025-03-24 17:05:00+00:00,150.51,150.533,150.482,150.499,566.84
2025-03-24 17:10:00+00:00,150.498,150.574,150.492,150.574,598.35
2025-03-24 17:15:00+00:00,150.585,150.588,150.558,150.565,557.01
2025-03-24 17:20:00+00:00,150.564,150.596,150.529,150.531,898.86
2025-03-24 17:25:00+00:00,150.531,150.54,150.509,150.539,577.01
2025-03-24 17:30:00+00:00,150.539,150.578,150.527,150.561,1025.4
2025-03-24 17:35:00+00:00,150.558,150.638,150.555,150.617,935.91
2025-03-24 17:40:00+00:00,150.617,150.636,150.595,150.598,769.87
2025-03-24 17:45:00+00:00,150.599,150.627,150.556,150.602,743.18
2025-03-24 17:50:00+00:00,150.601,150.61,150.585,150.59,247.02
2025-03-24 17:55:00+00:00,150.59,150.622,150.587,150.606,390.61
2025-03-24 18:00:00+00:00,150.605,150.616,150.548,150.565,640.14
2025-03-24 18:05:00+00:00,150.565,150.629,150.565,150.596,578.64
2025-03-24 18:10:00+00:00,150.595,150.608,150.583,150.596,581.01
2025-03-24 18:15:00+00:00,150.594,150.598,150.564,150.571,408.49
2025-03-24 18:20:00+00:00,150.573,150.592,150.536,150.574,446.9
2025-03-24 18:25:00+00:00,150.574,150.609,150.574,150.602,325.86
2025-03-24 18:30:00+00:00,150.603,150.603,150.549,150.579,462.11
2025-03-24 18:35:00+00:00,150.578,150.615,150.564,150.591,394.24
2025-03-24 18:40:00+00:00,150.591,150.594,150.486,150.579,1554.93
2025-03-24 18:45:00+00:00,150.582,150.584,150.511,150.567,960.78
2025-03-24 18:50:00+00:00,150.568,150.613,150.565,150.584,479.92
2025-03-24 18:55:00+00:00,150.582,150.584,150.538,150.545,676.35
2025-03-24 19:00:00+00:00,150.549,150.565,150.503,150.558,622.08
2025-03-24 19:05:00+00:00,150.559,150.579,150.553,150.564,339.17
2025-03-24 19:10:00+00:00,150.563,150.574,150.528,150.542,390.18
2025-03-24 19:15:00+00:00,150.542,150.556,150.519,150.52,281.52
2025-03-24 19:20:00+00:00,150.522,150.568,150.52,150.557,306.65
2025-03-24 19:25:00+00:00,150.556,150.581,150.553,150.58,326.31
2025-03-24 19:30:00+00:00,150.581,150.602,150.566,150.601,254.71
2025-03-24 19:35:00+00:00,150.601,150.614,150.597,150.599,302.76
2025-03-24 19:40:00+00:00,150.6,150.624,150.591,150.624,194.34
2025-03-24 19:45:00+00:00,150.624,150.633,150.614,150.622,273.18
2025-03-24 19:50:00+00:00,150.621,150.65,150.608,150.648,387.85
2025-03-24 19:55:00+00:00,150.649,150.652,150.621,150.643,474.76
2025-03-24 20:00:00+00:00,150.643,150.673,150.636,150.669,265.98
2025-03-24 20:05:00+00:00,150.67,150.68,150.657,150.676,98.07
2025-03-24 20:10:00+00:00,150.676,150.702,150.675,150.702,124.5
2025-03-24 20:15:00+00:00,150.701,150.701,150.684,150.695,165.51
2025-03-24 20:20:00+00:00,150.696,150.7,150.653,150.655,150.6
2025-03-24 20:25:00+00:00,150.658,150.681,150.647,150.672,231.3
2025-03-24 20:30:00+00:00,150.673,150.698,150.673,150.678,204.9
2025-03-24 20:35:00+00:00,150.678,150.684,150.664,150.669,163.95
2025-03-24 20:40:00+00:00,150.667,150.699,150.667,150.699,322.98
2025-03-24 20:45:00+00:00,150.698,150.698,150.664,150.692,444.87
2025-03-24 20:50:00+00:00,150.692,150.714,150.678,150.679,634.56
2025-03-24 20:55:00+00:00,150.677,150.699,150.666,150.687,923.35
2025-03-24 21:00:00+00:00,150.688,150.688,150.605,150.607,6.3
2025-03-24 21:05:00+00:00,150.606,150.694,150.606,150.636,109.79
2025-03-24 21:10:00+00:00,150.636,150.68,150.633,150.653,54.45
2025-03-24 21:15:00+00:00,150.653,150.653,150.653,150.653,3.6
2025-03-24 21:20:00+00:00,150.661,150.661,150.64,150.644,48.9
2025-03-24 21:25:00+00:00,150.643,150.671,150.643,150.669,36.9
2025-03-24 21:30:00+00:00,150.673,150.675,150.671,150.671,24.0
2025-03-24 21:35:00+00:00,150.671,150.671,150.67,150.671,15.6
2025-03-24 21:40:00+00:00,150.672,150.685,150.657,150.677,129.0
2025-03-24 21:45:00+00:00,150.678,150.678,150.677,150.678,39.6
2025-03-24 21:50:00+00:00,150.68,150.685,150.678,150.68,48.0
2025-03-24 21:55:00+00:00,150.673,150.678,150.645,150.668,201.9
2025-03-24 22:00:00+00:00,150.667,150.724,150.663,150.717,135.9
2025-03-24 22:05:00+00:00,150.72,150.72,150.704,150.706,36.6
2025-03-24 22:10:00+00:00,150.724,150.759,150.715,150.753,168.45
2025-03-24 22:15:00+00:00,150.753,150.761,150.708,150.711,172.5
2025-03-24 22:20:00+00:00,150.711,150.72,150.667,150.706,294.75
2025-03-24 22:25:00+00:00,150.706,150.716,150.681,150.684,217.2
2025-03-24 22:30:00+00:00,150.686,150.706,150.678,150.702,136.98
2025-03-24 22:35:00+00:00,150.702,150.718,150.691,150.705,89.79
2025-03-24 22:40:00+00:00,150.705,150.739,150.705,150.731,121.71
2025-03-24 22:45:00+00:00,150.732,150.734,150.706,150.713,121.53
2025-03-24 22:50:00+00:00,150.714,150.718,150.683,150.689,122.85
2025-03-24 22:55:00+00:00,150.688,150.727,150.688,150.725,178.5
2025-03-24 23:00:00+00:00,150.725,150.729,150.701,150.705,273.66
2025-03-24 23:05:00+00:00,150.711,150.711,150.657,150.697,165.27
2025-03-24 23:10:00+00:00,150.695,150.726,150.689,150.725,183.81
2025-03-24 23:15:00+00:00,150.734,150.804,150.734,150.797,199.26
2025-03-24 23:20:00+00:00,150.799,150.801,150.786,150.796,219.0
2025-03-24 23:25:00+00:00,150.799,150.822,150.765,150.769,281.7
2025-03-24 23:30:00+00:00,150.769,150.785,150.747,150.758,455.1
2025-03-24 23:35:00+00:00,150.758,150.778,150.732,150.778,384.69
2025-03-24 23:40:00+00:00,150.778,150.859,150.775,150.846,822.04
2025-03-24 23:45:00+00:00,150.843,150.843,150.675,150.746,860.68
2025-03-24 23:50:00+00:00,150.745,150.776,150.714,150.749,734.22
2025-03-24 23:55:00+00:00,150.749,150.795,150.739,150.777,343.19
2025-03-25 00:00:00+00:00,150.784,150.905,150.771,150.891,1033.08
2025-03-25 00:05:00+00:00,150.889,150.895,150.807,150.837,865.74
2025-03-25 00:10:00+00:00,150.842,150.88,150.798,150.874,1027.75
2025-03-25 00:15:00+00:00,150.873,150.903,150.833,150.898,814.44
2025-03-25 00:20:00+00:00,150.9,150.912,150.869,150.884,569.76
2025-03-25 00:25:00+00:00,150.885,150.942,150.884,150.936,616.96
2025-03-25 00:30:00+00:00,150.935,150.936,150.911,150.925,633.3
2025-03-25 00:35:00+00:00,150.924,150.929,150.871,150.907,546.39
2025-03-25 00:40:00+00:00,150.905,150.908,150.873,150.885,797.42
2025-03-25 00:45:00+00:00,150.884,150.888,150.838,150.854,655.74
2025-03-25 00:50:00+00:00,150.853,150.912,150.817,150.888,1367.22
2025-03-25 00:55:00+00:00,150.887,150.939,150.862,150.933,1156.59
2025-03-25 01:00:00+00:00,150.931,150.935,150.86,150.863,944.88
2025-03-25 01:05:00+00:00,150.864,150.89,150.759,150.771,1098.93
2025-03-25 01:10:00+00:00,150.772,150.836,150.769,150.828,695.64
2025-03-25 01:15:00+00:00,150.83,150.835,150.764,150.764,732.04
2025-03-25 01:20:00+00:00,150.762,150.8,150.751,150.8,417.33
2025-03-25 01:25:00+00:00,150.798,150.804,150.743,150.748,336.45
2025-03-25 01:30:00+00:00,150.747,150.756,150.674,150.675,590.57
2025-03-25 01:35:00+00:00,150.674,150.699,150.65,150.679,518.82
2025-03-25 01:40:00+00:00,150.679,150.69,150.672,150.678,338.04
2025-03-25 01:45:00+00:00,150.679,150.68,150.61,150.611,639.18
2025-03-25 01:50:00+00:00,150.613,150.635,150.599,150.621,453.06
2025-03-25 01:55:00+00:00,150.62,150.671,150.609,150.666,360.9
2025-03-25 02:00:00+00:00,150.668,150.679,150.656,150.668,445.08
2025-03-25 02:05:00+00:00,150.672,150.692,150.604,150.631,503.02
2025-03-25 02:10:00+00:00,150.63,150.63,150.598,150.601,539.19
2025-03-25 02:15:00+00:00,150.598,150.627,150.582,150.619,296.7
2025-03-25 02:20:00+00:00,150.617,150.654,150.613,150.645,570.66
2025-03-25 02:25:00+00:00,150.644,150.656,150.619,150.637,323.25
2025-03-25 02:30:00+00:00,150.637,150.664,150.631,150.66,292.71
2025-03-25 02:35:00+00:00,150.662,150.691,150.662,150.683,232.2
2025-03-25 02:40:00+00:00,150.681,150.696,150.674,150.674,229.47
2025-03-25 02:45:00+00:00,150.674,150.683,150.657,150.667,180.0
2025-03-25 02:50:00+00:00,150.666,150.738,150.666,150.721,357.63
2025-03-25 02:55:00+00:00,150.721,150.79,150.718,150.77,913.63
2025-03-25 03:00:00+00:00,150.768,150.792,150.757,150.773,419.88
2025-03-25 03:05:00+00:00,150.773,150.782,150.689,150.695,634.62
2025-03-25 03:10:00+00:00,150.701,150.745,150.692,150.704,504.54
2025-03-25 03:15:00+00:00,150.703,150.703,150.657,150.66,568.83
2025-03-25 03:20:00+00:00,150.658,150.676,150.64,150.666,445.8
2025-03-25 03:25:00+00:00,150.667,150.732,150.654,150.729,410.28
2025-03-25 03:30:00+00:00,150.73,150.742,150.708,150.73,697.95
2025-03-25 03:35:00+00:00,150.732,150.733,150.666,150.684,525.15
2025-03-25 03:40:00+00:00,150.686,150.686,150.637,150.64,395.2
2025-03-25 03:45:00+00:00,150.642,150.655,150.625,150.64,397.56
2025-03-25 03:50:00+00:00,150.64,150.668,150.639,150.649,414.09
2025-03-25 03:55:00+00:00,150.648,150.654,150.598,150.619,638.55
2025-03-25 04:00:00+00:00,150.619,150.635,150.603,150.634,412.89
2025-03-25 04:05:00+00:00,150.634,150.657,150.63,150.647,546.6
2025-03-25 04:10:00+00:00,150.647,150.647,150.571,150.584,372.84
2025-03-25 04:15:00+00:00,150.586,150.586,150.535,150.556,334.47
2025-03-25 04:20:00+00:00,150.555,150.577,150.54,150.547,605.4
2025-03-25 04:25:00+00:00,150.546,150.588,150.545,150.584,453.33
2025-03-25 04:30:00+00:00,150.584,150.587,150.524,150.554,550.14
2025-03-25 04:35:00+00:00,150.553,150.558,150.512,150.52,339.93
2025-03-25 04:40:00+00:00,150.52,150.555,150.509,150.537,246.45
2025-03-25 04:45:00+00:00,150.539,150.539,150.514,150.528,277.8
2025-03-25 04:50:00+00:00,150.527,150.587,150.526,150.557,534.24
2025-03-25 04:55:00+00:00,150.558,150.566,150.54,150.556,252.42
2025-03-25 05:00:00+00:00,150.555,150.566,150.502,150.502,259.68
2025-03-25 05:05:00+00:00,150.504,150.543,150.502,150.507,300.99
2025-03-25 05:10:00+00:00,150.509,150.522,150.481,150.483,373.71
2025-03-25 05:15:00+00:00,150.482,150.536,150.479,150.521,383.64
2025-03-25 05:20:00+00:00,150.522,150.522,150.457,150.469,334.64
2025-03-25 05:25:00+00:00,150.471,150.476,150.425,150.457,527.26
2025-03-25 05:30:00+00:00,150.459,150.463,150.44,150.444,346.8
2025-03-25 05:35:00+00:00,150.444,150.457,150.434,150.437,335.61
2025-03-25 05:40:00+00:00,150.438,150.457,150.422,150.422,256.96
2025-03-25 05:45:00+00:00,150.423,150.473,150.423,150.473,181.25
2025-03-25 05:50:00+00:00,150.473,150.474,150.459,150.462,120.87
2025-03-25 05:55:00+00:00,150.464,150.466,150.428,150.428,400.35
2025-03-25 06:00:00+00:00,150.429,150.452,150.417,150.428,677.56
2025-03-25 06:05:00+00:00,150.428,150.478,150.416,150.475,517.35
2025-03-25 06:10:00+00:00,150.476,150.567,150.475,150.558,1276.11
2025-03-25 06:15:00+00:00,150.557,150.566,150.545,150.552,362.55
2025-03-25 06:20:00+00:00,150.553,150.565,150.502,150.517,635.41
2025-03-25 06:25:00+00:00,150.518,150.554,150.514,150.551,553.86
2025-03-25 06:30:00+00:00,150.551,150.575,150.521,150.522,635.02
2025-03-25 06:35:00+00:00,150.523,150.571,150.523,150.561,326.07
2025-03-25 06:40:00+00:00,150.561,150.565,150.515,150.52,749.12
2025-03-25 06:45:00+00:00,150.52,150.524,150.447,150.452,764.58
2025-03-25 06:50:00+00:00,150.452,150.504,150.434,150.496,638.59
2025-03-25 06:55:00+00:00,150.501,150.548,150.493,150.544,457.29
2025-03-25 07:00:00+00:00,150.548,150.597,150.538,150.586,829.83
2025-03-25 07:05:00+00:00,150.587,150.615,150.565,150.567,838.89
2025-03-25 07:10:00+00:00,150.568,150.599,150.537,150.537,663.75
2025-03-25 07:15:00+00:00,150.537,150.62,150.537,150.609,914.02
2025-03-25 07:20:00+00:00,150.608,150.642,150.593,150.621,961.98
2025-03-25 07:25:00+00:00,150.621,150.674,150.618,150.67,764.01
2025-03-25 07:30:00+00:00,150.671,150.678,150.624,150.638,747.9
2025-03-25 07:35:00+00:00,150.638,150.688,150.628,150.688,988.35
2025-03-25 07:40:00+00:00,150.687,150.733,150.686,150.727,736.17
2025-03-25 07:45:00+00:00,150.728,150.74,150.694,150.696,582.45
2025-03-25 07:50:00+00:00,150.696,150.701,150.651,150.666,571.28
2025-03-25 07:55:00+00:00,150.666,150.739,150.666,150.72,1374.12
2025-03-25 08:00:00+00:00,150.72,150.766,150.716,150.726,1295.47
2025-03-25 08:05:00+00:00,150.729,150.745,150.667,150.679,1271.07
2025-03-25 08:10:00+00:00,150.679,150.688,150.628,150.631,982.68
2025-03-25 08:15:00+00:00,150.632,150.677,150.611,150.618,961.5
2025-03-25 08:20:00+00:00,150.621,150.647,150.593,150.64,893.77
2025-03-25 08:25:00+00:00,150.641,150.648,150.616,150.624,921.57
2025-03-25 08:30:00+00:00,150.625,150.645,150.57,150.57,1501.03
2025-03-25 08:35:00+00:00,150.571,150.594,150.551,150.553,1113.81
2025-03-25 08:40:00+00:00,150.554,150.629,150.547,150.621,1065.81
2025-03-25 08:45:00+00:00,150.625,150.645,150.613,150.63,757.26
2025-03-25 08:50:00+00:00,150.63,150.655,150.612,150.617,616.41
2025-03-25 08:55:00+00:00,150.618,150.65,150.605,150.624,473.4
2025-03-25 09:00:00+00:00,150.626,150.667,150.603,150.628,877.56
2025-03-25 09:05:00+00:00,150.627,150.639,150.578,150.579,709.83
2025-03-25 09:10:00+00:00,150.577,150.606,150.565,150.593,663.81
2025-03-25 09:15:00+00:00,150.593,150.597,150.535,150.559,586.44
2025-03-25 09:20:00+00:00,150.56,150.585,150.532,150.535,630.84
2025-03-25 09:25:00+00:00,150.536,150.617,150.535,150.61,607.56
2025-03-25 09:30:00+00:00,150.611,150.634,150.598,150.627,530.64
2025-03-25 09:35:00+00:00,150.629,150.631,150.592,150.603,497.64
2025-03-25 09:40:00+00:00,150.603,150.611,150.564,150.568,633.61
2025-03-25 09:45:00+00:00,150.568,150.571,150.472,150.479,655.69
2025-03-25 09:50:00+00:00,150.479,150.488,150.402,150.473,1036.11
2025-03-25 09:55:00+00:00,150.475,150.494,150.416,150.49,1079.64
2025-03-25 10:00:00+00:00,150.49,150.502,150.411,150.447,930.91
2025-03-25 10:05:00+00:00,150.446,150.446,150.408,150.413,765.79
2025-03-25 10:10:00+00:00,150.414,150.414,150.312,150.324,1169.49
2025-03-25 10:15:00+00:00,150.325,150.383,150.322,150.359,751.39
2025-03-25 10:20:00+00:00,150.366,150.382,150.333,150.338,1038.09
2025-03-25 10:25:00+00:00,150.338,150.349,150.306,150.345,1237.21
2025-03-25 10:30:00+00:00,150.346,150.401,150.326,150.387,711.45
2025-03-25 10:35:00+00:00,150.387,150.388,150.243,150.246,981.88
2025-03-25 10:40:00+00:00,150.244,150.287,150.201,150.216,953.23
2025-03-25 10:45:00+00:00,150.219,150.249,150.174,150.199,994.79
2025-03-25 10:50:00+00:00,150.198,150.222,150.188,150.209,749.52
2025-03-25 10:55:00+00:00,150.209,150.222,150.19,150.204,711.52
2025-03-25 11:00:00+00:00,150.204,150.259,150.165,150.239,1344.84
2025-03-25 11:05:00+00:00,150.243,150.25,150.175,150.18,966.61
2025-03-25 11:10:00+00:00,150.181,150.19,150.101,150.134,1711.04
2025-03-25 11:15:00+00:00,150.135,150.137,150.093,150.127,966.74
2025-03-25 11:20:00+00:00,150.128,150.139,150.093,150.093,688.5
2025-03-25 11:25:00+00:00,150.093,150.141,150.068,150.134,860.44
2025-03-25 11:30:00+00:00,150.134,150.145,150.08,150.145,790.17
2025-03-25 11:35:00+00:00,150.144,150.154,150.111,150.143,924.3
2025-03-25 11:40:00+00:00,150.142,150.152,150.1,150.103,695.7
2025-03-25 11:45:00+00:00,150.103,150.108,150.059,150.105,594.39
2025-03-25 11:50:00+00:00,150.104,150.151,150.094,150.148,597.36
2025-03-25 11:55:00+00:00,150.148,150.202,150.146,150.175,908.25
2025-03-25 12:00:00+00:00,150.174,150.174,150.111,150.137,1132.5
2025-03-25 12:05:00+00:00,150.137,150.149,150.091,150.099,856.11
2025-03-25 12:10:00+00:00,150.1,150.13,150.071,150.116,841.38
2025-03-25 12:15:00+00:00,150.117,150.128,150.08,150.106,1049.21
2025-03-25 12:20:00+00:00,150.106,150.152,150.082,150.094,1228.54
2025-03-25 12:25:00+00:00,150.096,150.096,150.061,150.083,724.71
2025-03-25 12:30:00+00:00,150.083,150.083,150.012,150.029,1098.99
2025-03-25 12:35:00+00:00,150.031,150.063,149.993,150.039,880.54
2025-03-25 12:40:00+00:00,150.038,150.05,149.914,149.935,1038.17
2025-03-25 12:45:00+00:00,149.936,149.944,149.878,149.903,1142.95
2025-03-25 12:50:00+00:00,149.899,149.928,149.86,149.916,1435.02
2025-03-25 12:55:00+00:00,149.917,149.974,149.912,149.967,813.82
2025-03-25 13:00:00+00:00,149.968,149.976,149.9,149.926,928.64
2025-03-25 13:05:00+00:00,149.928,149.95,149.881,149.944,854.11
2025-03-25 13:10:00+00:00,149.948,149.952,149.898,149.91,1003.44
2025-03-25 13:15:00+00:00,149.911,149.928,149.88,149.89,1038.39
2025-03-25 13:20:00+00:00,149.892,149.896,149.845,149.857,1035.51
2025-03-25 13:25:00+00:00,149.858,149.86,149.773,149.79,1150.82
2025-03-25 13:30:00+00:00,149.792,149.841,149.758,149.792,1778.58
2025-03-25 13:35:00+00:00,149.792,149.815,149.76,149.806,1691.61
2025-03-25 13:40:00+00:00,149.807,149.85,149.717,149.755,1738.26
2025-03-25 13:45:00+00:00,149.754,149.807,149.733,149.734,1740.79
2025-03-25 13:50:00+00:00,149.734,149.841,149.724,149.827,2364.57
2025-03-25 13:55:00+00:00,149.826,149.848,149.779,149.779,1148.4
2025-03-25 14:00:00+00:00,149.778,149.783,149.667,149.731,1849.58
2025-03-25 14:05:00+00:00,149.731,149.773,149.678,149.769,2384.52
2025-03-25 14:10:00+00:00,149.767,149.868,149.759,149.825,1752.91
2025-03-25 14:15:00+00:00,149.826,149.867,149.808,149.81,2296.59
2025-03-25 14:20:00+00:00,149.809,149.841,149.745,149.747,1379.67
2025-03-25 14:25:00+00:00,149.749,149.8,149.724,149.799,1228.17
2025-03-25 14:30:00+00:00,149.813,149.836,149.757,149.773,1110.84
2025-03-25 14:35:00+00:00,149.78,149.802,149.749,149.778,1085.73
2025-03-25 14:40:00+00:00,149.778,149.782,149.722,149.745,967.06
2025-03-25 14:45:00+00:00,149.746,149.785,149.725,149.749,952.02
2025-03-25 14:50:00+00:00,149.749,149.817,149.672,149.692,1108.05
2025-03-25 14:55:00+00:00,149.694,149.732,149.669,149.721,1147.23
2025-03-25 15:00:00+00:00,149.724,149.793,149.696,149.706,1052.7
2025-03-25 15:05:00+00:00,149.706,149.804,149.702,149.769,1025.16
2025-03-25 15:10:00+00:00,149.768,149.768,149.678,149.682,991.59
2025-03-25 15:15:00+00:00,149.68,149.715,149.633,149.64,1057.92
2025-03-25 15:20:00+00:00,149.642,149.649,149.584,149.619,1041.17
2025-03-25 15:25:00+00:00,149.619,149.624,149.552,149.556,1028.04
2025-03-25 15:30:00+00:00,149.555,149.615,149.55,149.605,964.74
2025-03-25 15:35:00+00:00,149.605,149.615,149.546,149.569,1106.01
2025-03-25 15:40:00+00:00,149.569,149.637,149.551,149.636,1172.04
2025-03-25 15:45:00+00:00,149.638,149.683,149.608,149.683,1030.77
2025-03-25 15:50:00+00:00,149.686,149.701,149.652,149.657,1076.94
2025-03-25 15:55:00+00:00,149.656,149.776,149.656,149.763,1949.51
2025-03-25 16:00:00+00:00,149.765,149.794,149.745,149.789,1396.74
2025-03-25 16:05:00+00:00,149.789,149.827,149.751,149.783,1003.71
2025-03-25 16:10:00+00:00,149.782,149.782,149.716,149.738,768.46
2025-03-25 16:15:00+00:00,149.738,149.812,149.722,149.806,603.83
2025-03-25 16:20:00+00:00,149.802,149.802,149.732,149.734,674.4
2025-03-25 16:25:00+00:00,149.731,149.771,149.721,149.756,647.23
2025-03-25 16:30:00+00:00,149.756,149.767,149.706,149.714,482.74
2025-03-25 16:35:00+00:00,149.713,149.771,149.709,149.721,398.67
2025-03-25 16:40:00+00:00,149.722,149.738,149.71,149.731,286.2
2025-03-25 16:45:00+00:00,149.731,149.743,149.703,149.714,308.22
2025-03-25 16:50:00+00:00,149.713,149.758,149.711,149.745,271.29
2025-03-25 16:55:00+00:00,149.744,149.774,149.711,149.774,571.61
2025-03-25 17:00:00+00:00,149.773,149.794,149.759,149.793,677.28
2025-03-25 17:05:00+00:00,149.793,149.793,149.761,149.788,590.25
2025-03-25 17:10:00+00:00,149.787,149.833,149.785,149.821,482.1
2025-03-25 17:15:00+00:00,149.823,149.854,149.779,149.788,578.82
2025-03-25 17:20:00+00:00,149.786,149.816,149.769,149.782,523.95
2025-03-25 17:25:00+00:00,149.781,149.781,149.731,149.744,568.15
2025-03-25 17:30:00+00:00,149.745,149.762,149.73,149.735,452.49
2025-03-25 17:35:00+00:00,149.735,149.766,149.732,149.758,416.28
2025-03-25 17:40:00+00:00,149.758,149.759,149.727,149.756,350.49
2025-03-25 17:45:00+00:00,149.756,149.783,149.746,149.767,321.43
2025-03-25 17:50:00+00:00,149.763,149.77,149.736,149.754,333.78
2025-03-25 17:55:00+00:00,149.754,149.783,149.738,149.747,413.88
2025-03-25 18:00:00+00:00,149.747,149.763,149.74,149.745,329.13
2025-03-25 18:05:00+00:00,149.744,149.757,149.727,149.752,372.9
2025-03-25 18:10:00+00:00,149.75,149.757,149.719,149.719,408.12
2025-03-25 18:15:00+00:00,149.718,149.756,149.711,149.749,174.3
2025-03-25 18:20:00+00:00,149.751,149.793,149.748,149.793,145.14
2025-03-25 18:25:00+00:00,149.794,149.818,149.779,149.814,542.55
2025-03-25 18:30:00+00:00,149.813,149.841,149.796,149.825,757.65
2025-03-25 18:35:00+00:00,149.825,149.845,149.819,149.844,402.78
2025-03-25 18:40:00+00:00,149.845,149.86,149.801,149.805,374.68
2025-03-25 18:45:00+00:00,149.805,149.826,149.788,149.801,405.58
2025-03-25 18:50:00+00:00,149.8,149.809,149.771,149.789,505.74
2025-03-25 18:55:00+00:00,149.794,149.855,149.792,149.845,410.43
2025-03-25 19:00:00+00:00,149.844,149.897,149.844,149.891,684.16
2025-03-25 19:05:00+00:00,149.891,149.893,149.859,149.877,340.65
2025-03-25 19:10:00+00:00,149.875,149.894,149.86,149.891,609.21
2025-03-25 19:15:00+00:00,149.89,149.911,149.883,149.904,526.15
2025-03-25 19:20:00+00:00,149.904,149.913,149.893,149.894,322.53
2025-03-25 19:25:00+00:00,149.894,149.906,149.881,149.889,492.9
2025-03-25 19:30:00+00:00,149.89,149.895,149.863,149.868,247.2
2025-03-25 19:35:00+00:00,149.867,149.905,149.863,149.895,406.77
2025-03-25 19:40:00+00:00,149.9,149.904,149.887,149.893,384.24
2025-03-25 19:45:00+00:00,149.892,149.928,149.892,149.923,345.15
2025-03-25 19:50:00+00:00,149.922,149.922,149.889,149.907,380.58
2025-03-25 19:55:00+00:00,149.909,149.938,149.854,149.857,615.03
2025-03-25 20:00:00+00:00,149.857,149.902,149.848,149.878,285.72
2025-03-25 20:05:00+00:00,149.881,149.927,149.878,149.927,149.4
2025-03-25 20:10:00+00:00,149.928,149.937,149.896,149.896,129.15
2025-03-25 20:15:00+00:00,149.895,149.908,149.877,149.908,91.65
2025-03-25 20:20:00+00:00,149.907,149.912,149.899,149.901,91.02
2025-03-25 20:25:00+00:00,149.9,149.907,149.897,149.897,101.4
2025-03-25 20:30:00+00:00,149.896,149.917,149.896,149.901,105.36
2025-03-25 20:35:00+00:00,149.901,149.908,149.888,149.907,319.8
2025-03-25 20:40:00+00:00,149.908,149.91,149.89,149.896,151.8
2025-03-25 20:45:00+00:00,149.895,149.918,149.895,149.915,399.99
2025-03-25 20:50:00+00:00,149.916,149.919,149.9,149.901,321.48
2025-03-25 20:55:00+00:00,149.904,149.914,149.894,149.897,203.56
2025-03-25 21:00:00+00:00,149.895,149.895,149.854,149.867,17.25
2025-03-25 21:05:00+00:00,149.868,149.879,149.855,149.858,22.2
2025-03-25 21:10:00+00:00,149.859,149.886,149.859,149.863,26.4
2025-03-25 21:15:00+00:00,149.863,149.89,149.863,149.864,56.22
2025-03-25 21:20:00+00:00,149.865,149.89,149.863,149.878,50.22
2025-03-25 21:25:00+00:00,149.877,149.877,149.86,149.876,18.06
2025-03-25 21:30:00+00:00,149.876,149.878,149.861,149.867,18.66
2025-03-25 21:35:00+00:00,149.868,149.868,149.867,149.867,8.16
2025-03-25 21:40:00+00:00,149.867,149.873,149.867,149.872,14.64
2025-03-25 21:45:00+00:00,149.872,149.873,149.87,149.872,17.04
2025-03-25 21:50:00+00:00,149.873,149.875,149.869,149.874,22.98
2025-03-25 21:55:00+00:00,149.874,149.894,149.841,149.861,197.28
2025-03-25 22:00:00+00:00,149.861,149.921,149.861,149.919,207.3
2025-03-25 22:05:00+00:00,149.92,149.932,149.92,149.925,297.96
2025-03-25 22:10:00+00:00,149.926,149.941,149.917,149.918,153.75
2025-03-25 22:15:00+00:00,149.918,149.93,149.913,149.924,110.55
2025-03-25 22:20:00+00:00,149.923,149.936,149.916,149.935,110.7
2025-03-25 22:25:00+00:00,149.934,149.945,149.921,149.93,66.6
2025-03-25 22:30:00+00:00,149.93,149.949,149.924,149.937,97.26
2025-03-25 22:35:00+00:00,149.94,149.962,149.937,149.958,109.83
2025-03-25 22:40:00+00:00,149.961,149.97,149.953,149.964,166.59
2025-03-25 22:45:00+00:00,149.964,149.978,149.964,149.972,130.02
2025-03-25 22:50:00+00:00,149.973,149.977,149.969,149.973,75.66
2025-03-25 22:55:00+00:00,149.974,149.975,149.927,149.954,141.81
2025-03-25 23:00:00+00:00,149.953,149.973,149.929,149.957,259.83
2025-03-25 23:05:00+00:00,149.956,149.958,149.918,149.948,122.52
2025-03-25 23:10:00+00:00,149.949,149.954,149.934,149.949,188.4
2025-03-25 23:15:00+00:00,149.951,149.972,149.934,149.972,111.15
2025-03-25 23:20:00+00:00,149.974,149.992,149.957,149.977,197.19
2025-03-25 23:25:00+00:00,149.978,149.985,149.964,149.978,108.45
2025-03-25 23:30:00+00:00,149.977,149.988,149.963,149.963,272.83
2025-03-25 23:35:00+00:00,149.964,149.992,149.962,149.983,209.94
2025-03-25 23:40:00+00:00,149.983,150.0,149.976,149.98,190.92
2025-03-25 23:45:00+00:00,149.973,150.006,149.949,149.949,399.6
2025-03-25 23:50:00+00:00,149.95,149.974,149.948,149.957,324.57
2025-03-25 23:55:00+00:00,149.957,149.962,149.929,149.941,344.26
2025-03-26 00:00:00+00:00,149.939,149.955,149.838,149.877,1029.7
2025-03-26 00:05:00+00:00,149.876,149.995,149.848,149.994,942.88
2025-03-26 00:10:00+00:00,149.995,150.012,149.889,149.936,932.53
2025-03-26 00:15:00+00:00,149.938,149.977,149.9,149.909,991.08
2025-03-26 00:20:00+00:00,149.91,149.976,149.882,149.963,498.33
2025-03-26 00:25:00+00:00,149.964,150.027,149.952,149.991,855.27
2025-03-26 00:30:00+00:00,149.99,150.06,149.942,150.028,1100.68
2025-03-26 00:35:00+00:00,150.029,150.114,150.017,150.102,764.34
2025-03-26 00:40:00+00:00,150.105,150.136,150.095,150.123,588.63
2025-03-26 00:45:00+00:00,150.125,150.152,150.125,150.152,554.37
2025-03-26 00:50:00+00:00,150.154,150.157,150.117,150.148,1083.42
2025-03-26 00:55:00+00:00,150.146,150.193,150.127,150.174,1094.95
2025-03-26 01:00:00+00:00,150.175,150.186,150.135,150.173,754.02
2025-03-26 01:05:00+00:00,150.171,150.196,150.097,150.097,917.13
2025-03-26 01:10:00+00:00,150.097,150.181,150.097,150.174,855.21
2025-03-26 01:15:00+00:00,150.173,150.197,150.132,150.195,1059.24
2025-03-26 01:20:00+00:00,150.197,150.277,150.197,150.253,1281.75
2025-03-26 01:25:00+00:00,150.253,150.278,150.234,150.242,761.61
2025-03-26 01:30:00+00:00,150.242,150.276,150.212,150.248,1098.01
2025-03-26 01:35:00+00:00,150.248,150.25,150.194,150.203,736.44
2025-03-26 01:40:00+00:00,150.204,150.227,150.171,150.176,805.38
2025-03-26 01:45:00+00:00,150.177,150.18,150.115,150.121,545.33
2025-03-26 01:50:00+00:00,150.121,150.122,150.053,150.073,703.04
2025-03-26 01:55:00+00:00,150.073,150.087,150.049,150.074,638.52
2025-03-26 02:00:00+00:00,150.074,150.089,150.05,150.077,535.88
2025-03-26 02:05:00+00:00,150.077,150.133,150.053,150.13,797.44
2025-03-26 02:10:00+00:00,150.131,150.156,150.13,150.154,638.3
2025-03-26 02:15:00+00:00,150.155,150.194,150.151,150.184,515.58
2025-03-26 02:20:00+00:00,150.184,150.202,150.155,150.168,735.75
2025-03-26 02:25:00+00:00,150.168,150.177,150.134,150.141,580.0
2025-03-26 02:30:00+00:00,150.143,150.173,150.127,150.164,655.08
2025-03-26 02:35:00+00:00,150.163,150.205,150.16,150.202,560.85
2025-03-26 02:40:00+00:00,150.203,150.239,150.202,150.229,751.2
2025-03-26 02:45:00+00:00,150.23,150.255,150.219,150.252,703.3
2025-03-26 02:50:00+00:00,150.252,150.262,150.223,150.255,639.66
2025-03-26 02:55:00+00:00,150.255,150.273,150.24,150.259,410.04
2025-03-26 03:00:00+00:00,150.259,150.318,150.236,150.313,837.09
2025-03-26 03:05:00+00:00,150.316,150.353,150.311,150.322,637.74
2025-03-26 03:10:00+00:00,150.324,150.369,150.301,150.362,570.27
2025-03-26 03:15:00+00:00,150.367,150.388,150.356,150.385,504.69
2025-03-26 03:20:00+00:00,150.385,150.403,150.355,150.396,622.41
2025-03-26 03:25:00+00:00,150.398,150.418,150.394,150.415,677.79
2025-03-26 03:30:00+00:00,150.415,150.418,150.375,150.399,583.98
2025-03-26 03:35:00+00:00,150.399,150.4,150.369,150.387,631.65
2025-03-26 03:40:00+00:00,150.387,150.396,150.372,150.387,502.65
2025-03-26 03:45:00+00:00,150.388,150.437,150.388,150.431,398.73
2025-03-26 03:50:00+00:00,150.431,150.452,150.425,150.431,552.26
2025-03-26 03:55:00+00:00,150.43,150.466,150.43,150.433,410.37
2025-03-26 04:00:00+00:00,150.432,150.481,150.429,150.468,533.38
2025-03-26 04:05:00+00:00,150.469,150.51,150.465,150.488,672.44
2025-03-26 04:10:00+00:00,150.487,150.518,150.484,150.504,544.92
2025-03-26 04:15:00+00:00,150.502,150.503,150.446,150.48,352.9
2025-03-26 04:20:00+00:00,150.48,150.492,150.46,150.488,448.53
2025-03-26 04:25:00+00:00,150.489,150.513,150.459,150.501,542.16
2025-03-26 04:30:00+00:00,150.501,150.527,150.485,150.509,606.44
2025-03-26 04:35:00+00:00,150.509,150.519,150.473,150.477,416.88
2025-03-26 04:40:00+00:00,150.478,150.522,150.476,150.516,424.68
2025-03-26 04:45:00+00:00,150.516,150.529,150.481,150.517,469.14
2025-03-26 04:50:00+00:00,150.521,150.543,150.506,150.509,411.87
2025-03-26 04:55:00+00:00,150.506,150.545,150.491,150.54,384.69
2025-03-26 05:00:00+00:00,150.541,150.6,150.523,150.592,1150.35
2025-03-26 05:05:00+00:00,150.591,150.622,150.576,150.596,724.95
2025-03-26 05:10:00+00:00,150.596,150.613,150.578,150.586,498.83
2025-03-26 05:15:00+00:00,150.587,150.61,150.565,150.583,502.24
2025-03-26 05:20:00+00:00,150.584,150.602,150.58,150.594,393.97
2025-03-26 05:25:00+00:00,150.594,150.599,150.567,150.584,428.79
2025-03-26 05:30:00+00:00,150.583,150.594,150.549,150.572,631.05
2025-03-26 05:35:00+00:00,150.573,150.575,150.543,150.553,511.38
2025-03-26 05:40:00+00:00,150.552,150.568,150.509,150.509,442.86
2025-03-26 05:45:00+00:00,150.51,150.512,150.464,150.494,641.67
2025-03-26 05:50:00+00:00,150.496,150.536,150.48,150.523,323.31
2025-03-26 05:55:00+00:00,150.523,150.534,150.447,150.47,663.63
2025-03-26 06:00:00+00:00,150.47,150.489,150.445,150.463,643.05
2025-03-26 06:05:00+00:00,150.462,150.486,150.449,150.471,390.87
2025-03-26 06:10:00+00:00,150.471,150.569,150.471,150.552,566.43
2025-03-26 06:15:00+00:00,150.551,150.583,150.543,150.577,406.23
2025-03-26 06:20:00+00:00,150.575,150.606,150.571,150.588,600.93
2025-03-26 06:25:00+00:00,150.588,150.589,150.517,150.529,593.58
2025-03-26 06:30:00+00:00,150.529,150.579,150.486,150.544,651.78
2025-03-26 06:35:00+00:00,150.544,150.556,150.51,150.53,417.86
2025-03-26 06:40:00+00:00,150.53,150.553,150.514,150.518,588.45
2025-03-26 06:45:00+00:00,150.517,150.536,150.497,150.504,497.89
2025-03-26 06:50:00+00:00,150.505,150.51,150.446,150.474,631.86
2025-03-26 06:55:00+00:00,150.474,150.491,150.438,150.444,587.73
2025-03-26 07:00:00+00:00,150.444,150.512,150.417,150.46,992.95
2025-03-26 07:05:00+00:00,150.458,150.532,150.455,150.473,943.38
2025-03-26 07:10:00+00:00,150.473,150.511,150.456,150.51,735.15
2025-03-26 07:15:00+00:00,150.511,150.588,150.509,150.575,892.11
2025-03-26 07:20:00+00:00,150.576,150.582,150.485,150.501,957.24
2025-03-26 07:25:00+00:00,150.501,150.504,150.461,150.47,886.02
2025-03-26 07:30:00+00:00,150.47,150.516,150.451,150.477,767.91
2025-03-26 07:35:00+00:00,150.477,150.491,150.458,150.46,560.82
2025-03-26 07:40:00+00:00,150.459,150.459,150.374,150.401,812.31
2025-03-26 07:45:00+00:00,150.402,150.446,150.402,150.446,440.94
2025-03-26 07:50:00+00:00,150.445,150.445,150.409,150.432,418.26
2025-03-26 07:55:00+00:00,150.432,150.456,150.363,150.393,769.83
2025-03-26 08:00:00+00:00,150.395,150.407,150.317,150.319,1535.93
2025-03-26 08:05:00+00:00,150.318,150.344,150.279,150.279,1159.89
2025-03-26 08:10:00+00:00,150.281,150.294,150.187,150.22,1439.41
2025-03-26 08:15:00+00:00,150.219,150.244,150.148,150.181,1241.5
2025-03-26 08:20:00+00:00,150.181,150.217,150.163,150.186,912.22
2025-03-26 08:25:00+00:00,150.186,150.252,150.178,150.252,743.47
2025-03-26 08:30:00+00:00,150.253,150.255,150.198,150.21,775.88
2025-03-26 08:35:00+00:00,150.21,150.243,150.199,150.23,913.17
2025-03-26 08:40:00+00:00,150.23,150.245,150.2,150.203,646.38
2025-03-26 08:45:00+00:00,150.2,150.2,150.095,150.109,761.98
2025-03-26 08:50:00+00:00,150.107,150.144,150.091,150.093,766.11
2025-03-26 08:55:00+00:00,150.095,150.135,150.094,150.121,585.74
2025-03-26 09:00:00+00:00,150.122,150.132,150.052,150.07,1078.76
2025-03-26 09:05:00+00:00,150.069,150.112,150.046,150.099,991.85
2025-03-26 09:10:00+00:00,150.098,150.126,150.084,150.112,644.63
2025-03-26 09:15:00+00:00,150.112,150.112,150.05,150.076,432.06
2025-03-26 09:20:00+00:00,150.074,150.077,150.055,150.061,438.19
2025-03-26 09:25:00+00:00,150.062,150.121,150.051,150.094,620.24
2025-03-26 09:30:00+00:00,150.093,150.15,150.093,150.15,681.06
2025-03-26 09:35:00+00:00,150.149,150.177,150.135,150.175,518.12
2025-03-26 09:40:00+00:00,150.177,150.192,150.143,150.143,719.7
2025-03-26 09:45:00+00:00,150.145,150.153,150.115,150.119,673.44
2025-03-26 09:50:00+00:00,150.117,150.125,150.091,150.096,558.6
2025-03-26 09:55:00+00:00,150.098,150.121,150.083,150.113,499.02
2025-03-26 10:00:00+00:00,150.112,150.112,150.084,150.091,349.86
2025-03-26 10:05:00+00:00,150.093,150.093,150.029,150.035,411.93
2025-03-26 10:10:00+00:00,150.037,150.061,150.034,150.035,513.37
2025-03-26 10:15:00+00:00,150.033,150.045,150.025,150.039,376.2
2025-03-26 10:20:00+00:00,150.041,150.045,150.017,150.035,393.57
2025-03-26 10:25:00+00:00,150.035,150.127,150.032,150.114,717.84
2025-03-26 10:30:00+00:00,150.113,150.184,150.11,150.178,449.1
2025-03-26 10:35:00+00:00,150.178,150.193,150.168,150.179,408.6
2025-03-26 10:40:00+00:00,150.179,150.208,150.17,150.206,387.13
2025-03-26 10:45:00+00:00,150.207,150.222,150.187,150.209,317.16
2025-03-26 10:50:00+00:00,150.211,150.219,150.2,150.218,254.25
2025-03-26 10:55:00+00:00,150.221,150.222,150.184,150.185,301.41
2025-03-26 11:00:00+00:00,150.186,150.21,150.177,150.184,413.49
2025-03-26 11:05:00+00:00,150.185,150.187,150.151,150.175,354.51
2025-03-26 11:10:00+00:00,150.176,150.183,150.149,150.162,471.93
2025-03-26 11:15:00+00:00,150.163,150.164,150.137,150.149,290.58
2025-03-26 11:20:00+00:00,150.149,150.177,150.147,150.175,299.76
2025-03-26 11:25:00+00:00,150.179,150.183,150.17,150.174,290.28
2025-03-26 11:30:00+00:00,150.174,150.188,150.145,150.163,379.65
2025-03-26 11:35:00+00:00,150.16,150.189,150.152,150.166,464.49
2025-03-26 11:40:00+00:00,150.167,150.178,150.132,150.176,611.28
2025-03-26 11:45:00+00:00,150.175,150.265,150.172,150.258,657.48
2025-03-26 11:50:00+00:00,150.257,150.269,150.223,150.23,657.18
2025-03-26 11:55:00+00:00,150.231,150.243,150.201,150.206,608.22
2025-03-26 12:00:00+00:00,150.206,150.242,150.159,150.242,1138.65
2025-03-26 12:05:00+00:00,150.243,150.299,150.24,150.295,892.83
2025-03-26 12:10:00+00:00,150.295,150.316,150.249,150.25,874.8
2025-03-26 12:15:00+00:00,150.249,150.25,150.185,150.214,1238.4
2025-03-26 12:20:00+00:00,150.215,150.263,150.188,150.189,1059.18
2025-03-26 12:25:00+00:00,150.188,150.195,150.113,150.126,792.6
2025-03-26 12:30:00+00:00,150.125,150.239,150.122,150.19,1553.34
2025-03-26 12:35:00+00:00,150.193,150.249,150.192,150.234,1338.24
2025-03-26 12:40:00+00:00,150.235,150.251,150.156,150.166,1401.3
2025-03-26 12:45:00+00:00,150.175,150.275,150.165,150.265,1548.47
2025-03-26 12:50:00+00:00,150.266,150.404,150.266,150.397,2231.67
2025-03-26 12:55:00+00:00,150.396,150.437,150.385,150.392,1342.65
2025-03-26 13:00:00+00:00,150.391,150.411,150.338,150.367,1409.7
2025-03-26 13:05:00+00:00,150.369,150.432,150.324,150.352,2036.37
2025-03-26 13:10:00+00:00,150.352,150.398,150.333,150.339,1607.91
2025-03-26 13:15:00+00:00,150.337,150.394,150.305,150.373,1562.36
2025-03-26 13:20:00+00:00,150.372,150.43,150.372,150.415,1421.94
2025-03-26 13:25:00+00:00,150.414,150.446,150.404,150.439,1609.74
2025-03-26 13:30:00+00:00,150.444,150.488,150.411,150.474,2020.11
2025-03-26 13:35:00+00:00,150.473,150.549,150.472,150.519,1802.6
2025-03-26 13:40:00+00:00,150.518,150.544,150.482,150.531,2180.76
2025-03-26 13:45:00+00:00,150.533,150.546,150.482,150.519,2295.12
2025-03-26 13:50:00+00:00,150.518,150.523,150.43,150.44,2193.37
2025-03-26 13:55:00+00:00,150.441,150.441,150.351,150.402,1546.55
2025-03-26 14:00:00+00:00,150.401,150.496,150.377,150.415,1715.85
2025-03-26 14:05:00+00:00,150.413,150.441,150.383,150.41,1533.89
2025-03-26 14:10:00+00:00,150.407,150.441,150.375,150.398,1784.0
2025-03-26 14:15:00+00:00,150.398,150.487,150.396,150.463,2006.5
2025-03-26 14:20:00+00:00,150.462,150.484,150.42,150.454,2297.77
2025-03-26 14:25:00+00:00,150.452,150.52,150.43,150.495,1889.79
2025-03-26 14:30:00+00:00,150.495,150.497,150.432,150.463,1794.72
2025-03-26 14:35:00+00:00,150.464,150.502,150.459,150.496,1756.4
2025-03-26 14:40:00+00:00,150.496,150.527,150.486,150.506,1231.97
2025-03-26 14:45:00+00:00,150.508,150.541,150.458,150.475,1231.25
2025-03-26 14:50:00+00:00,150.475,150.594,150.474,150.581,1573.71
2025-03-26 14:55:00+00:00,150.581,150.595,150.518,150.556,1302.37
2025-03-26 15:00:00+00:00,150.56,150.616,150.547,150.606,1430.07
2025-03-26 15:05:00+00:00,150.607,150.68,150.606,150.664,1396.9
2025-03-26 15:10:00+00:00,150.664,150.694,150.643,150.645,1398.61
2025-03-26 15:15:00+00:00,150.643,150.742,150.639,150.734,1410.35
2025-03-26 15:20:00+00:00,150.734,150.743,150.689,150.742,1543.49
2025-03-26 15:25:00+00:00,150.741,150.742,150.656,150.661,1629.5
2025-03-26 15:30:00+00:00,150.662,150.71,150.661,150.663,1280.54
2025-03-26 15:35:00+00:00,150.665,150.67,150.61,150.642,949.59
2025-03-26 15:40:00+00:00,150.642,150.681,150.629,150.677,1347.74
2025-03-26 15:45:00+00:00,150.675,150.707,150.663,150.699,1291.67
2025-03-26 15:50:00+00:00,150.698,150.709,150.631,150.684,1452.57
2025-03-26 15:55:00+00:00,150.682,150.709,150.564,150.68,2596.96
2025-03-26 16:00:00+00:00,150.683,150.683,150.471,150.474,2918.94
2025-03-26 16:05:00+00:00,150.472,150.553,150.462,150.518,1680.08
2025-03-26 16:10:00+00:00,150.519,150.554,150.497,150.511,1488.35
2025-03-26 16:15:00+00:00,150.51,150.523,150.438,150.438,1233.23
2025-03-26 16:20:00+00:00,150.436,150.472,150.404,150.429,1812.73
2025-03-26 16:25:00+00:00,150.428,150.488,150.419,150.488,1624.84
2025-03-26 16:30:00+00:00,150.488,150.54,150.481,150.511,1233.95
2025-03-26 16:35:00+00:00,150.512,150.559,150.51,150.554,1012.78
2025-03-26 16:40:00+00:00,150.554,150.573,150.533,150.545,1261.51
2025-03-26 16:45:00+00:00,150.544,150.572,150.514,150.565,682.4
2025-03-26 16:50:00+00:00,150.564,150.576,150.538,150.541,1059.44
2025-03-26 16:55:00+00:00,150.54,150.596,150.533,150.57,1135.95
2025-03-26 17:00:00+00:00,150.568,150.622,150.547,150.614,1364.24
2025-03-26 17:05:00+00:00,150.612,150.678,150.601,150.669,1033.76
2025-03-26 17:10:00+00:00,150.669,150.716,150.664,150.703,1069.43
2025-03-26 17:15:00+00:00,150.703,150.709,150.623,150.655,1769.12
2025-03-26 17:20:00+00:00,150.655,150.683,150.624,150.665,1639.46
2025-03-26 17:25:00+00:00,150.664,150.69,150.539,150.544,1325.84
2025-03-26 17:30:00+00:00,150.544,150.552,150.449,150.5,1212.12
2025-03-26 17:35:00+00:00,150.5,150.507,150.312,150.354,2245.5
2025-03-26 17:40:00+00:00,150.354,150.516,150.353,150.498,2367.05
2025-03-26 17:45:00+00:00,150.498,150.538,150.439,150.472,1213.57
2025-03-26 17:50:00+00:00,150.474,150.509,150.459,150.468,1354.49
2025-03-26 17:55:00+00:00,150.47,150.474,150.418,150.419,1384.11
2025-03-26 18:00:00+00:00,150.419,150.43,150.382,150.416,1207.78
2025-03-26 18:05:00+00:00,150.416,150.441,150.385,150.433,973.09
2025-03-26 18:10:00+00:00,150.433,150.568,150.43,150.568,966.07
2025-03-26 18:15:00+00:00,150.569,150.569,150.512,150.541,933.43
2025-03-26 18:20:00+00:00,150.54,150.554,150.511,150.552,882.78
2025-03-26 18:25:00+00:00,150.551,150.598,150.542,150.59,1014.11
2025-03-26 18:30:00+00:00,150.588,150.601,150.554,150.567,1012.12
2025-03-26 18:35:00+00:00,150.565,150.584,150.528,150.563,717.8
2025-03-26 18:40:00+00:00,150.561,150.565,150.482,150.495,836.32
2025-03-26 18:45:00+00:00,150.498,150.512,150.443,150.481,956.72
2025-03-26 18:50:00+00:00,150.481,150.498,150.433,150.445,642.07
2025-03-26 18:55:00+00:00,150.448,150.494,150.445,150.454,742.04
2025-03-26 19:00:00+00:00,150.453,150.505,150.444,150.486,680.12
2025-03-26 19:05:00+00:00,150.487,150.509,150.458,150.463,721.42
2025-03-26 19:10:00+00:00,150.463,150.487,150.459,150.465,597.52
2025-03-26 19:15:00+00:00,150.464,150.535,150.458,150.53,477.32
2025-03-26 19:20:00+00:00,150.529,150.571,150.525,150.54,804.81
2025-03-26 19:25:00+00:00,150.54,150.586,150.522,150.551,640.51
2025-03-26 19:30:00+00:00,150.554,150.559,150.503,150.518,759.42
2025-03-26 19:35:00+00:00,150.517,150.583,150.515,150.576,584.7
2025-03-26 19:40:00+00:00,150.577,150.597,150.556,150.562,659.68
2025-03-26 19:45:00+00:00,150.563,150.57,150.531,150.532,704.04
2025-03-26 19:50:00+00:00,150.53,150.579,150.528,150.574,860.27
2025-03-26 19:55:00+00:00,150.57,150.59,150.557,150.574,820.4
2025-03-26 20:00:00+00:00,150.573,150.576,150.55,150.551,336.67
2025-03-26 20:05:00+00:00,150.551,150.551,150.522,150.54,392.76
2025-03-26 20:10:00+00:00,150.542,150.553,150.533,150.54,154.36
2025-03-26 20:15:00+00:00,150.535,150.548,150.531,150.543,157.52
2025-03-26 20:20:00+00:00,150.543,150.543,150.505,150.518,200.42
2025-03-26 20:25:00+00:00,150.52,150.532,150.516,150.531,196.99
2025-03-26 20:30:00+00:00,150.531,150.557,150.53,150.545,393.12
2025-03-26 20:35:00+00:00,150.544,150.554,150.53,150.531,374.8
2025-03-26 20:40:00+00:00,150.532,150.541,150.52,150.529,428.26
2025-03-26 20:45:00+00:00,150.532,150.572,150.524,150.56,549.0
2025-03-26 20:50:00+00:00,150.558,150.572,150.55,150.571,508.59
2025-03-26 20:55:00+00:00,150.568,150.595,150.549,150.558,679.52
2025-03-26 21:00:00+00:00,150.559,150.562,150.461,150.511,39.65
2025-03-26 21:05:00+00:00,150.515,150.545,150.514,150.544,31.2
2025-03-26 21:10:00+00:00,150.545,150.547,150.519,150.541,64.26
2025-03-26 21:15:00+00:00,150.54,150.552,150.538,150.542,51.0
2025-03-26 21:20:00+00:00,150.538,150.566,150.481,150.507,169.92
2025-03-26 21:25:00+00:00,150.515,150.518,150.496,150.503,72.39
2025-03-26 21:30:00+00:00,150.502,150.529,150.502,150.529,24.6
2025-03-26 21:35:00+00:00,150.543,150.549,150.543,150.549,40.5
2025-03-26 21:40:00+00:00,150.55,150.552,150.529,150.534,53.4
2025-03-26 21:45:00+00:00,150.534,150.537,150.533,150.534,20.4
2025-03-26 21:50:00+00:00,150.535,150.539,150.529,150.531,34.8
2025-03-26 21:55:00+00:00,150.539,150.559,150.509,150.525,106.86
2025-03-26 22:00:00+00:00,150.525,150.536,150.422,150.532,457.35
2025-03-26 22:05:00+00:00,150.529,150.586,150.52,150.578,577.75
2025-03-26 22:10:00+00:00,150.573,150.596,150.533,150.571,436.14
2025-03-26 22:15:00+00:00,150.57,150.595,150.439,150.463,649.2
2025-03-26 22:20:00+00:00,150.463,150.477,150.341,150.366,1357.42
2025-03-26 22:25:00+00:00,150.365,150.407,150.325,150.34,745.95
2025-03-26 22:30:00+00:00,150.339,150.426,150.338,150.394,589.3
2025-03-26 22:35:00+00:00,150.395,150.431,150.36,150.411,656.12
2025-03-26 22:40:00+00:00,150.412,150.42,150.349,150.407,583.44
2025-03-26 22:45:00+00:00,150.405,150.422,150.326,150.358,521.58
2025-03-26 22:50:00+00:00,150.355,150.392,150.336,150.343,492.69
2025-03-26 22:55:00+00:00,150.343,150.383,150.304,150.306,562.98
2025-03-26 23:00:00+00:00,150.305,150.379,150.28,150.375,313.17
2025-03-26 23:05:00+00:00,150.372,150.402,150.332,150.385,210.43
2025-03-26 23:10:00+00:00,150.384,150.387,150.349,150.35,290.07
2025-03-26 23:15:00+00:00,150.349,150.372,150.339,150.348,210.12
2025-03-26 23:20:00+00:00,150.35,150.427,150.35,150.369,395.56
2025-03-26 23:25:00+00:00,150.369,150.409,150.359,150.394,352.95
2025-03-26 23:30:00+00:00,150.39,150.411,150.332,150.407,731.59
2025-03-26 23:35:00+00:00,150.406,150.407,150.344,150.356,531.09
2025-03-26 23:40:00+00:00,150.356,150.366,150.31,150.355,836.25
2025-03-26 23:45:00+00:00,150.354,150.376,150.3,150.376,998.32
2025-03-26 23:50:00+00:00,150.377,150.413,150.36,150.407,587.13
2025-03-26 23:55:00+00:00,150.409,150.487,150.408,150.472,693.42
2025-03-27 00:00:00+00:00,150.47,150.535,150.428,150.532,887.37
2025-03-27 00:05:00+00:00,150.524,150.524,150.394,150.472,909.56
2025-03-27 00:10:00+00:00,150.473,150.575,150.471,150.542,616.17
2025-03-27 00:15:00+00:00,150.547,150.581,150.541,150.58,602.34
2025-03-27 00:20:00+00:00,150.581,150.597,150.514,150.547,667.38
2025-03-27 00:25:00+00:00,150.546,150.62,150.535,150.561,784.23
2025-03-27 00:30:00+00:00,150.562,150.569,150.493,150.527,590.8
2025-03-27 00:35:00+00:00,150.53,150.569,150.46,150.475,860.71
2025-03-27 00:40:00+00:00,150.477,150.483,150.453,150.47,491.16
2025-03-27 00:45:00+00:00,150.471,150.494,150.407,150.446,689.84
2025-03-27 00:50:00+00:00,150.447,150.506,150.445,150.501,921.15
2025-03-27 00:55:00+00:00,150.502,150.502,150.433,150.48,639.18
2025-03-27 01:00:00+00:00,150.479,150.479,150.357,150.357,540.48
2025-03-27 01:05:00+00:00,150.358,150.401,150.357,150.395,663.75
2025-03-27 01:10:00+00:00,150.393,150.443,150.387,150.403,861.87
2025-03-27 01:15:00+00:00,150.402,150.402,150.311,150.316,1005.07
2025-03-27 01:20:00+00:00,150.316,150.324,150.232,150.238,994.83
2025-03-27 01:25:00+00:00,150.236,150.243,150.183,150.186,825.87
2025-03-27 01:30:00+00:00,150.184,150.184,150.087,150.114,1108.04
2025-03-27 01:35:00+00:00,150.114,150.173,150.106,150.14,792.45
2025-03-27 01:40:00+00:00,150.142,150.207,150.117,150.181,822.58
2025-03-27 01:45:00+00:00,150.181,150.207,150.166,150.201,596.07
2025-03-27 01:50:00+00:00,150.201,150.209,150.087,150.101,1041.21
2025-03-27 01:55:00+00:00,150.1,150.141,150.083,150.12,998.43
2025-03-27 02:00:00+00:00,150.119,150.184,150.117,150.153,1012.99
2025-03-27 02:05:00+00:00,150.152,150.256,150.144,150.231,696.33
2025-03-27 02:10:00+00:00,150.231,150.242,150.191,150.21,699.46
2025-03-27 02:15:00+00:00,150.211,150.249,150.202,150.233,450.42
2025-03-27 02:20:00+00:00,150.233,150.235,150.211,150.234,374.43
2025-03-27 02:25:00+00:00,150.233,150.279,150.228,150.234,402.51
2025-03-27 02:30:00+00:00,150.234,150.246,150.139,150.151,582.02
2025-03-27 02:35:00+00:00,150.152,150.157,150.133,150.137,473.07
2025-03-27 02:40:00+00:00,150.138,150.154,150.128,150.132,475.68
2025-03-27 02:45:00+00:00,150.142,150.169,150.13,150.169,456.45
2025-03-27 02:50:00+00:00,150.168,150.183,150.152,150.182,286.87
2025-03-27 02:55:00+00:00,150.184,150.184,150.162,150.177,328.23
2025-03-27 03:00:00+00:00,150.177,150.192,150.157,150.174,272.59
2025-03-27 03:05:00+00:00,150.178,150.178,150.121,150.131,292.89
2025-03-27 03:10:00+00:00,150.129,150.171,150.124,150.159,263.91
2025-03-27 03:15:00+00:00,150.157,150.169,150.136,150.168,235.38
2025-03-27 03:20:00+00:00,150.168,150.172,150.118,150.126,329.64
2025-03-27 03:25:00+00:00,150.134,150.136,150.106,150.131,253.65
2025-03-27 03:30:00+00:00,150.13,150.198,150.127,150.187,390.93
2025-03-27 03:35:00+00:00,150.186,150.256,150.181,150.221,568.38
2025-03-27 03:40:00+00:00,150.224,150.227,150.171,150.208,382.2
2025-03-27 03:45:00+00:00,150.208,150.229,150.162,150.162,334.74
2025-03-27 03:50:00+00:00,150.161,150.166,150.116,150.131,531.31
2025-03-27 03:55:00+00:00,150.131,150.162,150.123,150.15,351.77
2025-03-27 04:00:00+00:00,150.149,150.181,150.138,150.161,288.48
2025-03-27 04:05:00+00:00,150.162,150.165,150.113,150.142,389.86
2025-03-27 04:10:00+00:00,150.143,150.143,150.097,150.109,401.43
2025-03-27 04:15:00+00:00,150.108,150.125,150.095,150.098,469.89
2025-03-27 04:20:00+00:00,150.098,150.098,150.058,150.077,534.72
2025-03-27 04:25:00+00:00,150.073,150.111,150.071,150.073,319.32
2025-03-27 04:30:00+00:00,150.073,150.095,150.073,150.093,342.3
2025-03-27 04:35:00+00:00,150.092,150.17,150.084,150.165,480.66
2025-03-27 04:40:00+00:00,150.165,150.174,150.134,150.135,347.88
2025-03-27 04:45:00+00:00,150.135,150.177,150.135,150.174,402.42
2025-03-27 04:50:00+00:00,150.173,150.18,150.147,150.175,359.58
2025-03-27 04:55:00+00:00,150.173,150.214,150.159,150.195,374.08
2025-03-27 05:00:00+00:00,150.193,150.194,150.143,150.179,332.55
2025-03-27 05:05:00+00:00,150.179,150.194,150.159,150.159,275.4
2025-03-27 05:10:00+00:00,150.159,150.164,150.136,150.163,255.3
2025-03-27 05:15:00+00:00,150.165,150.194,150.165,150.194,325.35
2025-03-27 05:20:00+00:00,150.193,150.235,150.183,150.218,322.35
2025-03-27 05:25:00+00:00,150.22,150.264,150.217,150.229,349.98
2025-03-27 05:30:00+00:00,150.226,150.291,150.218,150.267,335.46
2025-03-27 05:35:00+00:00,150.266,150.284,150.235,150.249,285.97
2025-03-27 05:40:00+00:00,150.248,150.26,150.234,150.253,244.08
2025-03-27 05:45:00+00:00,150.255,150.266,150.23,150.234,205.26
2025-03-27 05:50:00+00:00,150.233,150.272,150.188,150.262,737.24
2025-03-27 05:55:00+00:00,150.264,150.265,150.193,150.238,1198.2
2025-03-27 06:00:00+00:00,150.237,150.248,150.166,150.179,1127.35
2025-03-27 06:05:00+00:00,150.181,150.196,150.154,150.173,1069.98
2025-03-27 06:10:00+00:00,150.174,150.208,150.169,150.206,901.41
2025-03-27 06:15:00+00:00,150.209,150.24,150.182,150.218,693.87
2025-03-27 06:20:00+00:00,150.217,150.294,150.19,150.293,785.4
2025-03-27 06:25:00+00:00,150.291,150.331,150.282,150.318,889.86
2025-03-27 06:30:00+00:00,150.316,150.411,150.289,150.401,1242.75
2025-03-27 06:35:00+00:00,150.4,150.448,150.394,150.42,955.86
2025-03-27 06:40:00+00:00,150.419,150.441,150.384,150.396,955.2
2025-03-27 06:45:00+00:00,150.399,150.441,150.397,150.425,767.01
2025-03-27 06:50:00+00:00,150.424,150.435,150.379,150.406,647.19
2025-03-27 06:55:00+00:00,150.403,150.425,150.389,150.389,936.99
2025-03-27 07:00:00+00:00,150.39,150.395,150.313,150.322,1205.38
2025-03-27 07:05:00+00:00,150.319,150.397,150.31,150.367,994.77
2025-03-27 07:10:00+00:00,150.366,150.426,150.366,150.426,965.1
2025-03-27 07:15:00+00:00,150.426,150.426,150.356,150.383,1445.8
2025-03-27 07:20:00+00:00,150.383,150.438,150.381,150.435,1031.76
2025-03-27 07:25:00+00:00,150.436,150.456,150.409,150.424,1221.82
2025-03-27 07:30:00+00:00,150.425,150.439,150.308,150.317,2283.89
2025-03-27 07:35:00+00:00,150.317,150.329,150.28,150.314,1691.23
2025-03-27 07:40:00+00:00,150.314,150.38,150.304,150.343,1092.02
2025-03-27 07:45:00+00:00,150.34,150.412,150.329,150.407,976.6
2025-03-27 07:50:00+00:00,150.407,150.471,150.394,150.468,1124.33
2025-03-27 07:55:00+00:00,150.468,150.545,150.464,150.534,1803.65
2025-03-27 08:00:00+00:00,150.535,150.574,150.509,150.567,2030.63
2025-03-27 08:05:00+00:00,150.566,150.585,150.49,150.523,1701.95
2025-03-27 08:10:00+00:00,150.524,150.561,150.507,150.553,1802.86
2025-03-27 08:15:00+00:00,150.553,150.608,150.534,150.582,1603.41
2025-03-27 08:20:00+00:00,150.583,150.593,150.54,150.568,1377.07
2025-03-27 08:25:00+00:00,150.568,150.576,150.526,150.54,1528.75
2025-03-27 08:30:00+00:00,150.542,150.604,150.531,150.566,1021.7
2025-03-27 08:35:00+00:00,150.568,150.627,150.567,150.584,1031.31
2025-03-27 08:40:00+00:00,150.585,150.589,150.545,150.557,807.27
2025-03-27 08:45:00+00:00,150.555,150.557,150.523,150.555,596.22
2025-03-27 08:50:00+00:00,150.557,150.579,150.53,150.559,753.93
2025-03-27 08:55:00+00:00,150.559,150.63,150.559,150.627,1031.53
2025-03-27 09:00:00+00:00,150.626,150.655,150.597,150.647,1089.98
2025-03-27 09:05:00+00:00,150.647,150.661,150.618,150.639,1071.05
2025-03-27 09:10:00+00:00,150.637,150.663,150.636,150.66,742.95
2025-03-27 09:15:00+00:00,150.66,150.761,150.66,150.744,930.34
2025-03-27 09:20:00+00:00,150.745,150.778,150.736,150.777,953.52
2025-03-27 09:25:00+00:00,150.775,150.854,150.775,150.844,1284.0
2025-03-27 09:30:00+00:00,150.847,150.899,150.842,150.871,935.41
2025-03-27 09:35:00+00:00,150.87,150.899,150.849,150.861,669.21
2025-03-27 09:40:00+00:00,150.86,150.881,150.836,150.862,765.22
2025-03-27 09:45:00+00:00,150.865,150.878,150.856,150.859,449.74
2025-03-27 09:50:00+00:00,150.857,150.9,150.851,150.879,548.3
2025-03-27 09:55:00+00:00,150.879,150.928,150.87,150.927,415.77
2025-03-27 10:00:00+00:00,150.928,150.941,150.893,150.917,840.49
2025-03-27 10:05:00+00:00,150.916,150.922,150.881,150.894,613.99
2025-03-27 10:10:00+00:00,150.894,150.941,150.893,150.937,699.32
2025-03-27 10:15:00+00:00,150.939,150.95,150.909,150.913,672.16
2025-03-27 10:20:00+00:00,150.913,150.952,150.913,150.947,783.36
2025-03-27 10:25:00+00:00,150.949,150.959,150.931,150.936,750.26
2025-03-27 10:30:00+00:00,150.937,150.971,150.932,150.958,889.17
2025-03-27 10:35:00+00:00,150.959,150.978,150.943,150.949,630.31
2025-03-27 10:40:00+00:00,150.947,150.959,150.927,150.949,633.77
2025-03-27 10:45:00+00:00,150.949,150.957,150.932,150.941,571.04
2025-03-27 10:50:00+00:00,150.942,150.955,150.937,150.95,650.4
2025-03-27 10:55:00+00:00,150.951,150.967,150.927,150.927,807.66
2025-03-27 11:00:00+00:00,150.928,150.969,150.879,150.963,987.37
2025-03-27 11:05:00+00:00,150.965,150.978,150.919,150.924,965.56
2025-03-27 11:10:00+00:00,150.923,150.923,150.82,150.82,926.67
2025-03-27 11:15:00+00:00,150.82,150.872,150.82,150.85,581.22
2025-03-27 11:20:00+00:00,150.85,150.864,150.835,150.86,576.19
2025-03-27 11:25:00+00:00,150.862,150.911,150.858,150.894,810.27
2025-03-27 11:30:00+00:00,150.896,150.938,150.895,150.93,673.44
2025-03-27 11:35:00+00:00,150.929,150.951,150.929,150.948,366.41
2025-03-27 11:40:00+00:00,150.948,150.949,150.927,150.941,289.23
2025-03-27 11:45:00+00:00,150.939,150.946,150.925,150.939,563.69
2025-03-27 11:50:00+00:00,150.939,150.951,150.922,150.949,588.78
2025-03-27 11:55:00+00:00,150.949,151.023,150.942,151.02,1098.48
2025-03-27 12:00:00+00:00,151.019,151.088,151.019,151.05,1839.87
2025-03-27 12:05:00+00:00,151.049,151.055,150.949,150.949,1148.47
2025-03-27 12:10:00+00:00,150.949,150.981,150.89,150.891,1208.25
2025-03-27 12:15:00+00:00,150.892,150.903,150.815,150.816,1128.65
2025-03-27 12:20:00+00:00,150.817,150.88,150.782,150.876,1335.32
2025-03-27 12:25:00+00:00,150.876,150.877,150.813,150.845,889.67
2025-03-27 12:30:00+00:00,150.845,150.926,150.732,150.739,1749.54
2025-03-27 12:35:00+00:00,150.739,150.76,150.672,150.674,1831.9
2025-03-27 12:40:00+00:00,150.677,150.73,150.669,150.705,1464.35
2025-03-27 12:45:00+00:00,150.704,150.733,150.669,150.716,1654.26
2025-03-27 12:50:00+00:00,150.719,150.752,150.699,150.742,1206.35
2025-03-27 12:55:00+00:00,150.743,150.777,150.725,150.727,1159.2
2025-03-27 13:00:00+00:00,150.727,150.764,150.677,150.721,1301.37
2025-03-27 13:05:00+00:00,150.719,150.721,150.646,150.707,1028.57
2025-03-27 13:10:00+00:00,150.707,150.828,150.677,150.816,1299.05
2025-03-27 13:15:00+00:00,150.818,150.863,150.813,150.836,761.4
2025-03-27 13:20:00+00:00,150.834,150.896,150.814,150.816,1058.94
2025-03-27 13:25:00+00:00,150.815,150.82,150.76,150.786,1258.07
2025-03-27 13:30:00+00:00,150.787,150.836,150.642,150.679,2366.47
2025-03-27 13:35:00+00:00,150.68,150.726,150.614,150.617,2442.73
2025-03-27 13:40:00+00:00,150.619,150.67,150.58,150.614,1632.33
2025-03-27 13:45:00+00:00,150.616,150.768,150.606,150.763,2044.63
2025-03-27 13:50:00+00:00,150.764,150.873,150.757,150.845,2099.61
2025-03-27 13:55:00+00:00,150.85,150.879,150.831,150.872,1783.65
2025-03-27 14:00:00+00:00,150.872,150.894,150.799,150.821,1854.64
2025-03-27 14:05:00+00:00,150.824,150.829,150.763,150.827,1938.72
2025-03-27 14:10:00+00:00,150.825,150.907,150.786,150.897,1984.38
2025-03-27 14:15:00+00:00,150.899,150.956,150.87,150.946,1926.95
2025-03-27 14:20:00+00:00,150.946,150.962,150.862,150.899,1706.4
2025-03-27 14:25:00+00:00,150.9,150.958,150.875,150.939,1951.73
2025-03-27 14:30:00+00:00,150.939,150.989,150.914,150.934,1954.91
2025-03-27 14:35:00+00:00,150.933,150.974,150.895,150.904,1995.72
2025-03-27 14:40:00+00:00,150.9,150.997,150.857,150.987,1603.39
2025-03-27 14:45:00+00:00,150.987,151.027,150.949,150.953,1514.87
2025-03-27 14:50:00+00:00,150.958,151.02,150.929,151.017,1387.44
2025-03-27 14:55:00+00:00,151.018,151.057,150.991,151.012,1531.83
2025-03-27 15:00:00+00:00,151.012,151.023,150.965,151.011,1372.46
2025-03-27 15:05:00+00:00,151.011,151.032,150.894,150.908,1171.48
2025-03-27 15:10:00+00:00,150.907,150.945,150.887,150.93,1218.08
2025-03-27 15:15:00+00:00,150.928,150.975,150.907,150.952,1176.26
2025-03-27 15:20:00+00:00,150.952,150.954,150.901,150.932,1212.57
2025-03-27 15:25:00+00:00,150.934,150.948,150.888,150.905,1177.53
2025-03-27 15:30:00+00:00,150.906,150.909,150.79,150.798,1863.09
2025-03-27 15:35:00+00:00,150.795,150.811,150.729,150.747,1458.21
2025-03-27 15:40:00+00:00,150.743,150.748,150.656,150.705,1663.09
2025-03-27 15:45:00+00:00,150.705,150.755,150.693,150.745,1478.88
2025-03-27 15:50:00+00:00,150.745,150.911,150.745,150.908,1685.01
2025-03-27 15:55:00+00:00,150.909,150.996,150.888,150.967,2296.22
2025-03-27 16:00:00+00:00,150.969,151.016,150.912,150.953,1533.43
2025-03-27 16:05:00+00:00,150.954,151.09,150.949,151.06,1117.43
2025-03-27 16:10:00+00:00,151.06,151.06,151.006,151.01,767.93
2025-03-27 16:15:00+00:00,151.009,151.03,150.984,151.008,979.31
2025-03-27 16:20:00+00:00,151.011,151.048,151.007,151.034,812.57
2025-03-27 16:25:00+00:00,151.035,151.038,150.95,150.962,1106.32
2025-03-27 16:30:00+00:00,150.961,151.111,150.952,151.084,1288.54
2025-03-27 16:35:00+00:00,151.084,151.102,151.055,151.084,1101.29
2025-03-27 16:40:00+00:00,151.083,151.156,151.076,151.137,1010.6
2025-03-27 16:45:00+00:00,151.138,151.148,151.074,151.093,1002.7
2025-03-27 16:50:00+00:00,151.095,151.102,151.018,151.044,1469.2
2025-03-27 16:55:00+00:00,151.042,151.042,150.984,151.008,966.72
2025-03-27 17:00:00+00:00,151.007,151.019,150.975,150.975,916.28
2025-03-27 17:05:00+00:00,150.976,151.054,150.962,151.052,996.63
2025-03-27 17:10:00+00:00,151.051,151.112,151.046,151.11,1192.14
2025-03-27 17:15:00+00:00,151.108,151.141,151.089,151.092,1050.45
2025-03-27 17:20:00+00:00,151.09,151.139,151.08,151.129,1076.25
2025-03-27 17:25:00+00:00,151.127,151.137,151.038,151.044,888.81
2025-03-27 17:30:00+00:00,151.043,151.116,151.041,151.092,1217.01
2025-03-27 17:35:00+00:00,151.09,151.093,151.04,151.075,888.73
2025-03-27 17:40:00+00:00,151.077,151.097,151.059,151.088,677.07
2025-03-27 17:45:00+00:00,151.093,151.136,151.087,151.133,1461.87
2025-03-27 17:50:00+00:00,151.132,151.135,151.068,151.084,862.24
2025-03-27 17:55:00+00:00,151.08,151.096,151.055,151.075,837.46
2025-03-27 18:00:00+00:00,151.077,151.105,151.066,151.09,1037.18
2025-03-27 18:05:00+00:00,151.091,151.143,151.089,151.116,664.17
2025-03-27 18:10:00+00:00,151.121,151.131,151.078,151.105,560.89
2025-03-27 18:15:00+00:00,151.105,151.105,151.08,151.092,438.08
2025-03-27 18:20:00+00:00,151.092,151.12,151.081,151.089,385.49
2025-03-27 18:25:00+00:00,151.086,151.106,151.077,151.091,315.61
2025-03-27 18:30:00+00:00,151.089,151.095,151.034,151.071,661.43
2025-03-27 18:35:00+00:00,151.072,151.098,151.059,151.087,627.25
2025-03-27 18:40:00+00:00,151.087,151.125,151.085,151.105,590.99
2025-03-27 18:45:00+00:00,151.11,151.121,151.108,151.117,592.48
2025-03-27 18:50:00+00:00,151.123,151.141,151.111,151.123,501.53
2025-03-27 18:55:00+00:00,151.123,151.123,151.092,151.113,509.08
2025-03-27 19:00:00+00:00,151.11,151.146,151.099,151.144,397.6
2025-03-27 19:05:00+00:00,151.142,151.144,151.091,151.102,438.72
2025-03-27 19:10:00+00:00,151.104,151.114,151.084,151.114,300.46
2025-03-27 19:15:00+00:00,151.111,151.135,151.11,151.123,485.29
2025-03-27 19:20:00+00:00,151.125,151.136,151.115,151.122,338.22
2025-03-27 19:25:00+00:00,151.123,151.141,151.115,151.126,308.6
2025-03-27 19:30:00+00:00,151.123,151.123,151.091,151.12,553.55
2025-03-27 19:35:00+00:00,151.122,151.122,151.074,151.075,511.68
2025-03-27 19:40:00+00:00,151.076,151.092,151.033,151.048,582.84
2025-03-27 19:45:00+00:00,151.049,151.053,151.023,151.049,486.17
2025-03-27 19:50:00+00:00,151.045,151.076,151.016,151.064,725.03
2025-03-27 19:55:00+00:00,151.07,151.077,151.022,151.037,646.15
2025-03-27 20:00:00+00:00,151.038,151.047,151.032,151.04,380.69
2025-03-27 20:05:00+00:00,151.04,151.048,151.025,151.026,208.62
2025-03-27 20:10:00+00:00,151.028,151.054,151.028,151.037,273.36
2025-03-27 20:15:00+00:00,151.034,151.041,151.03,151.04,204.23
2025-03-27 20:20:00+00:00,151.041,151.043,151.03,151.04,177.27
2025-03-27 20:25:00+00:00,151.04,151.045,151.032,151.035,105.06
2025-03-27 20:30:00+00:00,151.036,151.047,151.035,151.038,101.2
2025-03-27 20:35:00+00:00,151.037,151.055,151.034,151.034,74.32
2025-03-27 20:40:00+00:00,151.036,151.049,151.033,151.048,44.79
2025-03-27 20:45:00+00:00,151.046,151.053,151.035,151.045,146.58
2025-03-27 20:50:00+00:00,151.044,151.054,151.037,151.052,156.09
2025-03-27 20:55:00+00:00,151.05,151.058,151.03,151.031,487.47
2025-03-27 21:00:00+00:00,151.031,151.035,151.026,151.029,18.9
2025-03-27 21:05:00+00:00,151.022,151.032,151.006,151.006,39.0
2025-03-27 21:10:00+00:00,151.006,151.007,151.005,151.007,17.4
2025-03-27 21:15:00+00:00,151.007,151.007,151.006,151.007,7.2
2025-03-27 21:20:00+00:00,151.007,151.014,151.007,151.008,20.4
2025-03-27 21:25:00+00:00,151.008,151.011,151.008,151.008,18.0
2025-03-27 21:30:00+00:00,151.021,151.021,151.011,151.021,24.3
2025-03-27 21:35:00+00:00,151.011,151.021,151.007,151.014,44.4
2025-03-27 21:40:00+00:00,151.014,151.039,151.014,151.037,76.8
2025-03-27 21:45:00+00:00,151.037,151.039,151.032,151.032,26.7
2025-03-27 21:50:00+00:00,151.033,151.048,151.01,151.012,51.3
2025-03-27 21:55:00+00:00,151.012,151.03,151.011,151.03,37.5
2025-03-27 22:00:00+00:00,151.032,151.05,151.017,151.03,187.11
2025-03-27 22:05:00+00:00,151.034,151.046,151.024,151.029,142.05
2025-03-27 22:10:00+00:00,151.028,151.035,151.019,151.03,163.8
2025-03-27 22:15:00+00:00,151.031,151.048,151.031,151.044,188.1
2025-03-27 22:20:00+00:00,151.044,151.081,151.042,151.076,144.9
2025-03-27 22:25:00+00:00,151.076,151.114,151.07,151.089,192.9
2025-03-27 22:30:00+00:00,151.09,151.103,151.064,151.066,225.96
2025-03-27 22:35:00+00:00,151.061,151.066,151.049,151.062,306.81
2025-03-27 22:40:00+00:00,151.061,151.067,151.056,151.06,275.76
2025-03-27 22:45:00+00:00,151.06,151.069,151.046,151.046,185.7
2025-03-27 22:50:00+00:00,151.046,151.051,151.028,151.03,197.7
2025-03-27 22:55:00+00:00,151.035,151.049,151.029,151.048,197.7
2025-03-27 23:00:00+00:00,151.043,151.062,151.011,151.024,266.85
2025-03-27 23:05:00+00:00,151.026,151.032,150.969,151.018,493.05
2025-03-27 23:10:00+00:00,151.019,151.025,150.968,150.987,280.32
2025-03-27 23:15:00+00:00,150.986,150.991,150.957,150.957,324.45
2025-03-27 23:20:00+00:00,150.957,150.991,150.955,150.985,278.85
2025-03-27 23:25:00+00:00,150.984,151.018,150.983,151.001,169.8
2025-03-27 23:30:00+00:00,150.999,151.006,150.85,150.896,1515.99
2025-03-27 23:35:00+00:00,150.896,150.944,150.831,150.833,677.94
2025-03-27 23:40:00+00:00,150.832,150.848,150.764,150.802,766.99
2025-03-27 23:45:00+00:00,150.801,150.83,150.772,150.827,749.22
2025-03-27 23:50:00+00:00,150.828,150.918,150.828,150.872,774.97
2025-03-27 23:55:00+00:00,150.867,150.884,150.797,150.85,589.75
2025-03-28 00:00:00+00:00,150.849,150.898,150.829,150.848,912.2
2025-03-28 00:05:00+00:00,150.849,150.946,150.839,150.911,743.07
2025-03-28 00:10:00+00:00,150.911,150.994,150.91,150.988,894.35
2025-03-28 00:15:00+00:00,150.988,151.1,150.981,151.095,1148.43
2025-03-28 00:20:00+00:00,151.096,151.098,151.017,151.038,673.59
2025-03-28 00:25:00+00:00,151.038,151.08,151.026,151.038,720.12
2025-03-28 00:30:00+00:00,151.04,151.159,151.027,151.142,1174.99
2025-03-28 00:35:00+00:00,151.142,151.207,151.141,151.174,1152.7
2025-03-28 00:40:00+00:00,151.175,151.208,151.137,151.153,903.63
2025-03-28 00:45:00+00:00,151.153,151.17,151.129,151.156,573.32
2025-03-28 00:50:00+00:00,151.156,151.185,151.022,151.046,1279.35
2025-03-28 00:55:00+00:00,151.05,151.073,150.922,150.961,1608.64
2025-03-28 01:00:00+00:00,150.96,150.975,150.839,150.919,1429.08
2025-03-28 01:05:00+00:00,150.927,150.939,150.857,150.864,598.35
2025-03-28 01:10:00+00:00,150.867,150.882,150.819,150.847,775.66
2025-03-28 01:15:00+00:00,150.847,150.896,150.819,150.889,916.68
2025-03-28 01:20:00+00:00,150.889,150.921,150.829,150.91,770.85
2025-03-28 01:25:00+00:00,150.91,150.91,150.841,150.868,613.39
2025-03-28 01:30:00+00:00,150.869,150.917,150.79,150.802,995.31
2025-03-28 01:35:00+00:00,150.802,150.804,150.726,150.771,1194.17
2025-03-28 01:40:00+00:00,150.77,150.82,150.761,150.805,628.72
2025-03-28 01:45:00+00:00,150.807,150.84,150.741,150.763,685.88
2025-03-28 01:50:00+00:00,150.768,150.774,150.701,150.75,797.31
2025-03-28 01:55:00+00:00,150.751,150.788,150.721,150.751,637.32
2025-03-28 02:00:00+00:00,150.756,150.787,150.737,150.773,585.21
2025-03-28 02:05:00+00:00,150.775,150.801,150.759,150.775,362.79
2025-03-28 02:10:00+00:00,150.773,150.826,150.746,150.823,696.29
2025-03-28 02:15:00+00:00,150.823,150.823,150.762,150.772,520.26
2025-03-28 02:20:00+00:00,150.771,150.799,150.737,150.759,505.4
2025-03-28 02:25:00+00:00,150.761,150.819,150.752,150.819,530.01
2025-03-28 02:30:00+00:00,150.819,150.841,150.787,150.809,505.23
2025-03-28 02:35:00+00:00,150.808,150.833,150.803,150.829,312.93
2025-03-28 02:40:00+00:00,150.828,150.855,150.781,150.785,514.21
2025-03-28 02:45:00+00:00,150.786,150.843,150.786,150.843,340.98
2025-03-28 02:50:00+00:00,150.841,150.851,150.829,150.837,257.55
2025-03-28 02:55:00+00:00,150.842,150.855,150.811,150.83,449.31
2025-03-28 03:00:00+00:00,150.83,150.832,150.733,150.763,600.06
2025-03-28 03:05:00+00:00,150.763,150.783,150.757,150.77,397.6
2025-03-28 03:10:00+00:00,150.772,150.773,150.712,150.762,516.45
2025-03-28 03:15:00+00:00,150.762,150.818,150.745,150.793,433.05
2025-03-28 03:20:00+00:00,150.795,150.809,150.774,150.8,261.51
2025-03-28 03:25:00+00:00,150.803,150.833,150.792,150.832,345.15
2025-03-28 03:30:00+00:00,150.833,150.867,150.825,150.832,380.17
2025-03-28 03:35:00+00:00,150.832,150.832,150.779,150.797,318.57
2025-03-28 03:40:00+00:00,150.795,150.82,150.772,150.782,317.04
2025-03-28 03:45:00+00:00,150.784,150.833,150.783,150.82,496.89
2025-03-28 03:50:00+00:00,150.818,150.858,150.816,150.828,344.53
2025-03-28 03:55:00+00:00,150.828,150.832,150.805,150.805,386.67
2025-03-28 04:00:00+00:00,150.806,150.808,150.754,150.759,486.7
2025-03-28 04:05:00+00:00,150.759,150.833,150.759,150.832,423.3
2025-03-28 04:10:00+00:00,150.831,150.842,150.805,150.821,394.44
2025-03-28 04:15:00+00:00,150.807,150.844,150.799,150.843,352.08
2025-03-28 04:20:00+00:00,150.845,150.92,150.841,150.908,646.44
2025-03-28 04:25:00+00:00,150.907,150.936,150.887,150.899,415.41
2025-03-28 04:30:00+00:00,150.898,150.934,150.896,150.922,347.67
2025-03-28 04:35:00+00:00,150.921,150.921,150.889,150.891,294.09
2025-03-28 04:40:00+00:00,150.89,150.94,150.889,150.933,332.22
2025-03-28 04:45:00+00:00,150.932,150.933,150.878,150.888,187.24
2025-03-28 04:50:00+00:00,150.885,150.905,150.857,150.864,219.94
2025-03-28 04:55:00+00:00,150.864,150.871,150.831,150.87,382.51
2025-03-28 05:00:00+00:00,150.87,150.9,150.86,150.871,413.4
2025-03-28 05:05:00+00:00,150.872,150.899,150.847,150.852,355.35
2025-03-28 05:10:00+00:00,150.851,150.883,150.84,150.841,538.83
2025-03-28 05:15:00+00:00,150.842,150.842,150.809,150.815,387.24
2025-03-28 05:20:00+00:00,150.814,150.934,150.814,150.911,705.69
2025-03-28 05:25:00+00:00,150.912,150.918,150.872,150.889,424.78
2025-03-28 05:30:00+00:00,150.893,150.902,150.848,150.855,476.58
2025-03-28 05:35:00+00:00,150.855,150.868,150.835,150.849,415.08
2025-03-28 05:40:00+00:00,150.851,150.877,150.832,150.833,505.05
2025-03-28 05:45:00+00:00,150.833,150.851,150.814,150.816,589.92
2025-03-28 05:50:00+00:00,150.815,150.823,150.764,150.782,446.1
2025-03-28 05:55:00+00:00,150.781,150.781,150.736,150.762,534.09
2025-03-28 06:00:00+00:00,150.772,150.805,150.745,150.76,897.03
2025-03-28 06:05:00+00:00,150.76,150.775,150.746,150.766,591.09
2025-03-28 06:10:00+00:00,150.766,150.786,150.758,150.776,731.4
2025-03-28 06:15:00+00:00,150.777,150.844,150.772,150.836,797.43
2025-03-28 06:20:00+00:00,150.834,150.839,150.758,150.758,865.36
2025-03-28 06:25:00+00:00,150.76,150.763,150.735,150.738,606.24
2025-03-28 06:30:00+00:00,150.738,150.742,150.658,150.662,1284.01
2025-03-28 06:35:00+00:00,150.661,150.685,150.648,150.651,768.91
2025-03-28 06:40:00+00:00,150.651,150.674,150.644,150.659,913.19
2025-03-28 06:45:00+00:00,150.66,150.684,150.641,150.672,782.0
2025-03-28 06:50:00+00:00,150.671,150.675,150.622,150.629,683.13
2025-03-28 06:55:00+00:00,150.63,150.641,150.608,150.611,455.22
2025-03-28 07:00:00+00:00,150.614,150.649,150.577,150.615,1085.37
2025-03-28 07:05:00+00:00,150.616,150.63,150.567,150.574,1108.4
2025-03-28 07:10:00+00:00,150.574,150.58,150.551,150.556,1086.63
2025-03-28 07:15:00+00:00,150.557,150.575,150.551,150.562,853.14
2025-03-28 07:20:00+00:00,150.561,150.573,150.538,150.554,611.82
2025-03-28 07:25:00+00:00,150.553,150.553,150.503,150.515,731.98
2025-03-28 07:30:00+00:00,150.515,150.516,150.413,150.439,1418.24
2025-03-28 07:35:00+00:00,150.439,150.475,150.404,150.47,922.5
2025-03-28 07:40:00+00:00,150.467,150.476,150.423,150.435,770.48
2025-03-28 07:45:00+00:00,150.436,150.46,150.416,150.451,1008.62
2025-03-28 07:50:00+00:00,150.448,150.473,150.413,150.415,833.73
2025-03-28 07:55:00+00:00,150.417,150.44,150.382,150.393,964.0
2025-03-28 08:00:00+00:00,150.393,150.45,150.359,150.392,1292.62
2025-03-28 08:05:00+00:00,150.393,150.476,150.373,150.474,1554.39
2025-03-28 08:10:00+00:00,150.474,150.496,150.454,150.454,1641.02
2025-03-28 08:15:00+00:00,150.453,150.458,150.378,150.415,1102.02
2025-03-28 08:20:00+00:00,150.414,150.451,150.391,150.451,1210.38
2025-03-28 08:25:00+00:00,150.452,150.463,150.382,150.455,881.57
2025-03-28 08:30:00+00:00,150.456,150.461,150.402,150.415,918.08
2025-03-28 08:35:00+00:00,150.415,150.454,150.4,150.439,1049.91
2025-03-28 08:40:00+00:00,150.439,150.493,150.432,150.486,930.26
2025-03-28 08:45:00+00:00,150.487,150.502,150.459,150.5,995.4
2025-03-28 08:50:00+00:00,150.501,150.537,150.482,150.527,653.33
2025-03-28 08:55:00+00:00,150.527,150.543,150.52,150.532,974.12
2025-03-28 09:00:00+00:00,150.533,150.549,150.514,150.537,1464.93
2025-03-28 09:05:00+00:00,150.536,150.545,150.498,150.528,851.14
2025-03-28 09:10:00+00:00,150.527,150.586,150.527,150.582,880.0
2025-03-28 09:15:00+00:00,150.581,150.603,150.562,150.571,894.31
2025-03-28 09:20:00+00:00,150.57,150.6,150.555,150.597,965.99
2025-03-28 09:25:00+00:00,150.597,150.632,150.586,150.62,904.47
2025-03-28 09:30:00+00:00,150.621,150.644,150.598,150.615,864.78
2025-03-28 09:35:00+00:00,150.615,150.653,150.615,150.628,817.03
2025-03-28 09:40:00+00:00,150.627,150.653,150.623,150.628,687.45
2025-03-28 09:45:00+00:00,150.627,150.641,150.58,150.582,1236.39
2025-03-28 09:50:00+00:00,150.583,150.594,150.566,150.57,658.06
2025-03-28 09:55:00+00:00,150.572,150.601,150.569,150.582,418.88
2025-03-28 10:00:00+00:00,150.584,150.603,150.565,150.603,611.09
2025-03-28 10:05:00+00:00,150.603,150.668,150.601,150.66,648.72
2025-03-28 10:10:00+00:00,150.661,150.709,150.656,150.663,632.63
2025-03-28 10:15:00+00:00,150.663,150.679,150.644,150.663,738.2
2025-03-28 10:20:00+00:00,150.664,150.701,150.661,150.693,756.33
2025-03-28 10:25:00+00:00,150.694,150.716,150.673,150.683,745.58
2025-03-28 10:30:00+00:00,150.683,150.723,150.677,150.706,916.97
2025-03-28 10:35:00+00:00,150.705,150.719,150.698,150.709,614.1
2025-03-28 10:40:00+00:00,150.708,150.714,150.69,150.691,542.13
2025-03-28 10:45:00+00:00,150.692,150.731,150.671,150.719,651.74
2025-03-28 10:50:00+00:00,150.719,150.721,150.673,150.675,542.15
2025-03-28 10:55:00+00:00,150.677,150.731,150.677,150.716,925.24
2025-03-28 11:00:00+00:00,150.716,150.739,150.711,150.724,788.04
2025-03-28 11:05:00+00:00,150.725,150.725,150.681,150.7,501.46
2025-03-28 11:10:00+00:00,150.7,150.765,150.7,150.765,662.55
2025-03-28 11:15:00+00:00,150.766,150.793,150.76,150.785,586.55
2025-03-28 11:20:00+00:00,150.785,150.842,150.785,150.84,700.54
2025-03-28 11:25:00+00:00,150.838,150.838,150.781,150.805,646.62
2025-03-28 11:30:00+00:00,150.802,150.855,150.802,150.85,665.79
2025-03-28 11:35:00+00:00,150.85,150.862,150.813,150.849,808.66
2025-03-28 11:40:00+00:00,150.852,150.863,150.823,150.835,732.4
2025-03-28 11:45:00+00:00,150.837,150.846,150.804,150.812,610.91
2025-03-28 11:50:00+00:00,150.81,150.814,150.782,150.804,490.41
2025-03-28 11:55:00+00:00,150.805,150.818,150.775,150.802,538.22
2025-03-28 12:00:00+00:00,150.805,150.808,150.78,150.784,892.13
2025-03-28 12:05:00+00:00,150.784,150.792,150.738,150.758,736.25
2025-03-28 12:10:00+00:00,150.756,150.763,150.719,150.736,768.63
2025-03-28 12:15:00+00:00,150.738,150.805,150.73,150.792,879.13
2025-03-28 12:20:00+00:00,150.792,150.839,150.786,150.794,858.55
2025-03-28 12:25:00+00:00,150.796,150.852,150.78,150.802,740.18
2025-03-28 12:30:00+00:00,150.798,150.932,150.711,150.726,2135.04
2025-03-28 12:35:00+00:00,150.727,150.727,150.561,150.58,2701.12
2025-03-28 12:40:00+00:00,150.582,150.655,150.563,150.642,1999.18
2025-03-28 12:45:00+00:00,150.643,150.694,150.64,150.685,1562.0
2025-03-28 12:50:00+00:00,150.684,150.686,150.617,150.664,1464.05
2025-03-28 12:55:00+00:00,150.663,150.731,150.636,150.639,1826.62
2025-03-28 13:00:00+00:00,150.64,150.659,150.5,150.518,1922.52
2025-03-28 13:05:00+00:00,150.518,150.753,150.498,150.628,2852.3
2025-03-28 13:10:00+00:00,150.625,150.744,150.604,150.741,2147.43
2025-03-28 13:15:00+00:00,150.742,150.783,150.648,150.648,2221.86
2025-03-28 13:20:00+00:00,150.648,150.653,150.565,150.573,1889.68
2025-03-28 13:25:00+00:00,150.57,150.606,150.525,150.588,1923.18
2025-03-28 13:30:00+00:00,150.587,150.633,150.514,150.586,2546.53
2025-03-28 13:35:00+00:00,150.587,150.63,150.569,150.61,2273.45
2025-03-28 13:40:00+00:00,150.612,150.649,150.535,150.567,2362.97
2025-03-28 13:45:00+00:00,150.568,150.623,150.556,150.575,2130.67
2025-03-28 13:50:00+00:00,150.576,150.576,150.388,150.409,2326.93
2025-03-28 13:55:00+00:00,150.409,150.451,150.39,150.431,1188.85
2025-03-28 14:00:00+00:00,150.438,150.438,150.25,150.271,2240.72
2025-03-28 14:05:00+00:00,150.272,150.301,150.182,150.198,2269.44
2025-03-28 14:10:00+00:00,150.194,150.194,150.068,150.125,2102.18
2025-03-28 14:15:00+00:00,150.124,150.124,150.02,150.024,1719.95
2025-03-28 14:20:00+00:00,150.027,150.091,149.956,150.012,2331.64
2025-03-28 14:25:00+00:00,150.012,150.025,149.94,149.967,2184.9
2025-03-28 14:30:00+00:00,149.967,150.056,149.942,149.969,2578.61
2025-03-28 14:35:00+00:00,149.968,150.104,149.906,150.089,2123.74
2025-03-28 14:40:00+00:00,150.089,150.182,150.06,150.153,1693.7
2025-03-28 14:45:00+00:00,150.152,150.17,150.076,150.094,1798.62
2025-03-28 14:50:00+00:00,150.093,150.185,150.072,150.135,1795.47
2025-03-28 14:55:00+00:00,150.138,150.144,150.039,150.092,2062.8
2025-03-28 15:00:00+00:00,150.092,150.107,149.997,150.036,2443.08
2025-03-28 15:05:00+00:00,150.035,150.183,150.033,150.113,2076.09
2025-03-28 15:10:00+00:00,150.113,150.227,150.09,150.201,2235.93
2025-03-28 15:15:00+00:00,150.203,150.224,150.143,150.146,1983.27
2025-03-28 15:20:00+00:00,150.145,150.156,150.062,150.077,1558.65
2025-03-28 15:25:00+00:00,150.076,150.222,150.074,150.209,1495.56
2025-03-28 15:30:00+00:00,150.208,150.229,150.168,150.203,1366.65
2025-03-28 15:35:00+00:00,150.201,150.299,150.16,150.294,1284.27
2025-03-28 15:40:00+00:00,150.294,150.309,150.22,150.246,1663.46
2025-03-28 15:45:00+00:00,150.246,150.322,150.246,150.32,1398.48
2025-03-28 15:50:00+00:00,150.32,150.328,150.248,150.266,1481.29
2025-03-28 15:55:00+00:00,150.268,150.318,150.252,150.259,1895.44
2025-03-28 16:00:00+00:00,150.257,150.294,150.208,150.225,1578.39
2025-03-28 16:05:00+00:00,150.225,150.282,150.197,150.217,1049.74
2025-03-28 16:10:00+00:00,150.216,150.285,150.188,150.202,1107.93
2025-03-28 16:15:00+00:00,150.201,150.201,150.078,150.083,1471.98
2025-03-28 16:20:00+00:00,150.08,150.099,150.037,150.076,1261.58
2025-03-28 16:25:00+00:00,150.075,150.08,150.031,150.032,968.39
2025-03-28 16:30:00+00:00,150.032,150.124,150.03,150.107,813.4
2025-03-28 16:35:00+00:00,150.107,150.186,150.084,150.13,1014.44
2025-03-28 16:40:00+00:00,150.13,150.166,150.059,150.076,948.34
2025-03-28 16:45:00+00:00,150.076,150.135,150.049,150.076,906.63
2025-03-28 16:50:00+00:00,150.075,150.132,150.058,150.096,757.89
2025-03-28 16:55:00+00:00,150.096,150.1,150.069,150.085,785.43
2025-03-28 17:00:00+00:00,150.085,150.104,150.052,150.099,856.44
2025-03-28 17:05:00+00:00,150.099,150.105,149.996,149.996,716.19
2025-03-28 17:10:00+00:00,149.997,150.07,149.983,150.044,709.35
2025-03-28 17:15:00+00:00,150.044,150.112,150.044,150.077,1034.28
2025-03-28 17:20:00+00:00,150.075,150.103,150.022,150.022,723.21
2025-03-28 17:25:00+00:00,150.021,150.022,149.939,149.95,633.57
2025-03-28 17:30:00+00:00,149.95,149.951,149.873,149.921,1166.42
2025-03-28 17:35:00+00:00,149.923,149.925,149.863,149.898,802.29
2025-03-28 17:40:00+00:00,149.896,149.9,149.857,149.866,630.49
2025-03-28 17:45:00+00:00,149.872,149.974,149.864,149.945,1351.95
2025-03-28 17:50:00+00:00,149.944,149.946,149.877,149.907,1235.44
2025-03-28 17:55:00+00:00,149.904,149.99,149.9,149.98,687.21
2025-03-28 18:00:00+00:00,149.977,150.017,149.976,150.001,1173.78
2025-03-28 18:05:00+00:00,150.001,150.078,149.992,150.069,881.82
2025-03-28 18:10:00+00:00,150.068,150.132,150.068,150.089,586.53
2025-03-28 18:15:00+00:00,150.09,150.098,150.028,150.094,676.02
2025-03-28 18:20:00+00:00,150.098,150.116,150.022,150.023,391.71
2025-03-28 18:25:00+00:00,150.021,150.052,150.001,150.021,351.24
2025-03-28 18:30:00+00:00,150.017,150.031,149.976,149.991,441.4
2025-03-28 18:35:00+00:00,149.99,150.014,149.969,149.998,388.54
2025-03-28 18:40:00+00:00,149.997,150.042,149.995,150.013,348.69
2025-03-28 18:45:00+00:00,150.012,150.02,149.912,149.912,467.97
2025-03-28 18:50:00+00:00,149.911,149.957,149.909,149.956,395.25
2025-03-28 18:55:00+00:00,149.956,149.964,149.917,149.96,514.17
2025-03-28 19:00:00+00:00,149.959,149.967,149.929,149.943,556.35
2025-03-28 19:05:00+00:00,149.944,150.001,149.944,149.991,576.45
2025-03-28 19:10:00+00:00,149.993,149.998,149.928,149.955,495.72
2025-03-28 19:15:00+00:00,149.953,149.955,149.91,149.933,295.35
2025-03-28 19:20:00+00:00,149.931,149.946,149.886,149.904,369.78
2025-03-28 19:25:00+00:00,149.905,149.908,149.875,149.88,353.34
2025-03-28 19:30:00+00:00,149.879,149.883,149.846,149.852,617.37
2025-03-28 19:35:00+00:00,149.851,149.871,149.843,149.862,433.02
2025-03-28 19:40:00+00:00,149.863,149.886,149.851,149.876,576.6
2025-03-28 19:45:00+00:00,149.876,149.883,149.862,149.87,519.0
2025-03-28 19:50:00+00:00,149.875,149.875,149.827,149.834,785.46
2025-03-28 19:55:00+00:00,149.834,149.834,149.745,149.749,1413.09
2025-03-28 20:00:00+00:00,149.749,149.771,149.706,149.771,957.03
2025-03-28 20:05:00+00:00,149.771,149.771,149.702,149.706,253.47
2025-03-28 20:10:00+00:00,149.707,149.742,149.702,149.736,321.51
2025-03-28 20:15:00+00:00,149.733,149.737,149.689,149.697,406.47
2025-03-28 20:20:00+00:00,149.693,149.72,149.682,149.706,179.79
2025-03-28 20:25:00+00:00,149.706,149.742,149.706,149.73,186.78
2025-03-28 20:30:00+00:00,149.73,149.757,149.721,149.733,216.21
2025-03-28 20:35:00+00:00,149.734,149.776,149.734,149.776,150.18
2025-03-28 20:40:00+00:00,149.777,149.836,149.774,149.833,349.11
2025-03-28 20:45:00+00:00,149.83,149.852,149.829,149.847,280.44
2025-03-28 20:50:00+00:00,149.847,149.883,149.845,149.853,434.58
2025-03-28 20:55:00+00:00,149.853,149.858,149.767,149.818,477.06
2025-03-30 21:00:00+00:00,149.721,149.728,149.719,149.727,6.14
2025-03-30 21:05:00+00:00,149.727,149.753,149.727,149.745,34.85
2025-03-30 21:10:00+00:00,149.745,149.745,149.701,149.727,38.12
2025-03-30 21:15:00+00:00,149.729,149.791,149.729,149.791,11.98
2025-03-30 21:20:00+00:00,149.796,149.796,149.793,149.793,1.8
2025-03-30 21:25:00+00:00,149.737,149.771,149.689,149.694,12.48
2025-03-30 21:30:00+00:00,149.694,149.695,149.659,149.662,49.2
2025-03-30 21:35:00+00:00,149.666,149.694,149.663,149.692,73.8
2025-03-30 21:40:00+00:00,149.687,149.691,149.682,149.691,30.6
2025-03-30 21:45:00+00:00,149.691,149.695,149.672,149.682,57.6
2025-03-30 21:50:00+00:00,149.707,149.707,149.68,149.681,65.1
2025-03-30 21:55:00+00:00,149.683,149.689,149.62,149.63,125.7
2025-03-30 22:00:00+00:00,149.628,149.704,149.545,149.633,681.29
2025-03-30 22:05:00+00:00,149.633,149.74,149.626,149.678,388.89
2025-03-30 22:10:00+00:00,149.678,149.696,149.591,149.598,602.67
2025-03-30 22:15:00+00:00,149.597,149.705,149.597,149.701,660.6
2025-03-30 22:20:00+00:00,149.701,149.714,149.599,149.61,487.86
2025-03-30 22:25:00+00:00,149.61,149.643,149.589,149.59,576.75
2025-03-30 22:30:00+00:00,149.591,149.605,149.507,149.537,760.57
2025-03-30 22:35:00+00:00,149.532,149.532,149.446,149.45,673.8
2025-03-30 22:40:00+00:00,149.451,149.459,149.397,149.425,585.9
2025-03-30 22:45:00+00:00,149.424,149.439,149.397,149.43,353.61
2025-03-30 22:50:00+00:00,149.428,149.453,149.422,149.448,341.7
2025-03-30 22:55:00+00:00,149.447,149.505,149.446,149.478,677.91
2025-03-30 23:00:00+00:00,149.474,149.49,149.401,149.402,547.69
2025-03-30 23:05:00+00:00,149.403,149.403,149.349,149.363,446.02
2025-03-30 23:10:00+00:00,149.365,149.437,149.365,149.418,297.6
2025-03-30 23:15:00+00:00,149.417,149.452,149.417,149.425,338.89
2025-03-30 23:20:00+00:00,149.421,149.421,149.318,149.336,465.27
2025-03-30 23:25:00+00:00,149.338,149.429,149.329,149.384,1030.17
2025-03-30 23:30:00+00:00,149.384,149.384,149.302,149.323,1364.16
2025-03-30 23:35:00+00:00,149.324,149.388,149.309,149.378,800.28
2025-03-30 23:40:00+00:00,149.378,149.471,149.378,149.414,947.39
2025-03-30 23:45:00+00:00,149.413,149.456,149.362,149.381,801.81
2025-03-30 23:50:00+00:00,149.38,149.521,149.378,149.495,1249.62
2025-03-30 23:55:00+00:00,149.499,149.622,149.499,149.617,1103.91
2025-03-31 00:00:00+00:00,149.617,149.635,149.437,149.448,2214.48
2025-03-31 00:05:00+00:00,149.448,149.479,149.335,149.349,1350.54
2025-03-31 00:10:00+00:00,149.349,149.349,149.216,149.217,1406.02
2025-03-31 00:15:00+00:00,149.218,149.219,149.122,149.142,1806.06
2025-03-31 00:20:00+00:00,149.147,149.183,149.068,149.18,1489.33
2025-03-31 00:25:00+00:00,149.179,149.242,149.109,149.176,1601.67
2025-03-31 00:30:00+00:00,149.176,149.18,149.074,149.099,1415.37
2025-03-31 00:35:00+00:00,149.097,149.163,149.065,149.163,1187.11
2025-03-31 00:40:00+00:00,149.167,149.299,149.106,149.11,1405.83
2025-03-31 00:45:00+00:00,149.11,149.302,149.096,149.264,1474.29
2025-03-31 00:50:00+00:00,149.273,149.509,149.273,149.441,3522.65
2025-03-31 00:55:00+00:00,149.44,149.452,149.287,149.297,2302.74
2025-03-31 01:00:00+00:00,149.297,149.337,149.205,149.3,2008.78
2025-03-31 01:05:00+00:00,149.3,149.375,149.223,149.332,1703.52
2025-03-31 01:10:00+00:00,149.331,149.353,149.269,149.288,1380.93
2025-03-31 01:15:00+00:00,149.286,149.348,149.239,149.242,1074.51
2025-03-31 01:20:00+00:00,149.241,149.242,149.139,149.19,1144.26
2025-03-31 01:25:00+00:00,149.189,149.209,149.027,149.066,1617.63
2025-03-31 01:30:00+00:00,149.067,149.158,149.027,149.087,1284.45
2025-03-31 01:35:00+00:00,149.086,149.12,149.022,149.055,1173.54
2025-03-31 01:40:00+00:00,149.055,149.126,149.05,149.05,977.76
2025-03-31 01:45:00+00:00,149.048,149.135,149.025,149.089,1161.51
2025-03-31 01:50:00+00:00,149.09,149.184,149.087,149.173,1189.92
2025-03-31 01:55:00+00:00,149.172,149.175,149.117,149.154,1035.75
2025-03-31 02:00:00+00:00,149.154,149.193,149.118,149.121,1348.93
2025-03-31 02:05:00+00:00,149.121,149.135,149.026,149.054,1068.03
2025-03-31 02:10:00+00:00,149.054,149.082,149.023,149.042,905.01
2025-03-31 02:15:00+00:00,149.042,149.113,149.026,149.077,1167.47
2025-03-31 02:20:00+00:00,149.076,149.08,148.977,149.013,983.77
2025-03-31 02:25:00+00:00,149.013,149.018,148.793,148.817,1757.04
2025-03-31 02:30:00+00:00,148.817,148.835,148.719,148.779,1876.29
2025-03-31 02:35:00+00:00,148.78,148.845,148.775,148.836,1065.57
2025-03-31 02:40:00+00:00,148.833,148.856,148.788,148.811,1029.72
2025-03-31 02:45:00+00:00,148.812,148.852,148.808,148.839,768.3
2025-03-31 02:50:00+00:00,148.839,148.884,148.825,148.881,1246.77
2025-03-31 02:55:00+00:00,148.881,148.946,148.881,148.888,1250.34
2025-03-31 03:00:00+00:00,148.889,148.913,148.829,148.834,1165.56
2025-03-31 03:05:00+00:00,148.834,148.876,148.823,148.823,925.11
2025-03-31 03:10:00+00:00,148.823,148.823,148.754,148.76,958.33
2025-03-31 03:15:00+00:00,148.759,148.787,148.73,148.779,931.77
2025-03-31 03:20:00+00:00,148.782,148.861,148.765,148.859,734.01
2025-03-31 03:25:00+00:00,148.861,148.861,148.793,148.809,719.22
2025-03-31 03:30:00+00:00,148.817,148.925,148.815,148.925,884.04
2025-03-31 03:35:00+00:00,148.926,148.937,148.852,148.867,905.04
2025-03-31 03:40:00+00:00,148.873,148.917,148.846,148.91,586.83
2025-03-31 03:45:00+00:00,148.91,148.92,148.887,148.889,429.18
2025-03-31 03:50:00+00:00,148.888,148.946,148.877,148.908,600.57
2025-03-31 03:55:00+00:00,148.907,148.926,148.876,148.922,958.17
2025-03-31 04:00:00+00:00,148.919,148.938,148.911,148.938,566.1
2025-03-31 04:05:00+00:00,148.943,148.967,148.875,148.878,660.21
2025-03-31 04:10:00+00:00,148.876,148.915,148.833,148.913,887.43
2025-03-31 04:15:00+00:00,148.913,148.924,148.868,148.872,1076.97
2025-03-31 04:20:00+00:00,148.872,148.9,148.859,148.866,1038.21
2025-03-31 04:25:00+00:00,148.866,149.001,148.862,148.981,1063.56
2025-03-31 04:30:00+00:00,148.981,149.093,148.956,149.083,988.33
2025-03-31 04:35:00+00:00,149.085,149.145,149.079,149.122,1155.93
2025-03-31 04:40:00+00:00,149.122,149.124,149.054,149.073,904.29
2025-03-31 04:45:00+00:00,149.074,149.115,149.074,149.09,780.06
2025-03-31 04:50:00+00:00,149.09,149.092,149.029,149.036,849.73
2025-03-31 04:55:00+00:00,149.037,149.081,149.036,149.078,724.86
2025-03-31 05:00:00+00:00,149.079,149.135,149.069,149.135,1328.14
2025-03-31 05:05:00+00:00,149.134,149.176,149.113,149.17,1203.87
2025-03-31 05:10:00+00:00,149.171,149.245,149.163,149.217,1211.06
2025-03-31 05:15:00+00:00,149.217,149.218,149.153,149.177,809.12
2025-03-31 05:20:00+00:00,149.177,149.222,149.156,149.174,899.19
2025-03-31 05:25:00+00:00,149.173,149.176,149.121,149.157,755.34
2025-03-31 05:30:00+00:00,149.156,149.157,149.056,149.059,683.94
2025-03-31 05:35:00+00:00,149.058,149.059,148.953,149.008,975.16
2025-03-31 05:40:00+00:00,149.003,149.011,148.969,148.985,951.13
2025-03-31 05:45:00+00:00,148.985,149.029,148.982,148.992,1083.53
2025-03-31 05:50:00+00:00,148.99,149.018,148.949,148.963,818.62
2025-03-31 05:55:00+00:00,148.962,149.088,148.962,149.039,1012.51
2025-03-31 06:00:00+00:00,149.034,149.092,149.017,149.027,1805.79
2025-03-31 06:05:00+00:00,149.031,149.093,148.972,149.079,2103.69
2025-03-31 06:10:00+00:00,149.078,149.085,148.904,148.937,2080.53
2025-03-31 06:15:00+00:00,148.937,148.97,148.868,148.882,1696.44
2025-03-31 06:20:00+00:00,148.884,148.918,148.839,148.871,1405.33
2025-03-31 06:25:00+00:00,148.873,148.874,148.804,148.819,1663.31
2025-03-31 06:30:00+00:00,148.818,148.863,148.813,148.853,1119.33
2025-03-31 06:35:00+00:00,148.853,148.903,148.825,148.839,999.09
2025-03-31 06:40:00+00:00,148.838,148.961,148.825,148.915,1075.95
2025-03-31 06:45:00+00:00,148.914,148.931,148.821,148.931,1160.28
2025-03-31 06:50:00+00:00,148.931,148.958,148.861,148.958,1116.06
2025-03-31 06:55:00+00:00,148.957,149.037,148.956,148.998,1164.75
2025-03-31 07:00:00+00:00,148.995,149.047,148.903,148.914,1618.6
2025-03-31 07:05:00+00:00,148.914,148.958,148.702,148.728,1935.62
2025-03-31 07:10:00+00:00,148.727,148.803,148.698,148.707,1925.08
2025-03-31 07:15:00+00:00,148.705,148.79,148.705,148.751,2151.63
2025-03-31 07:20:00+00:00,148.75,148.796,148.714,148.796,2127.75
2025-03-31 07:25:00+00:00,148.795,148.88,148.782,148.86,1562.88
2025-03-31 07:30:00+00:00,148.861,148.868,148.769,148.793,1307.74
2025-03-31 07:35:00+00:00,148.793,149.025,148.784,149.0,1953.69
2025-03-31 07:40:00+00:00,149.001,149.078,148.975,149.068,1805.97
2025-03-31 07:45:00+00:00,149.07,149.121,149.009,149.118,1421.55
2025-03-31 07:50:00+00:00,149.115,149.148,149.072,149.144,1536.27
2025-03-31 07:55:00+00:00,149.143,149.167,149.117,149.143,1281.69
2025-03-31 08:00:00+00:00,149.143,149.196,149.05,149.057,2792.14
2025-03-31 08:05:00+00:00,149.057,149.23,149.049,149.187,2098.71
2025-03-31 08:10:00+00:00,149.186,149.242,149.153,149.239,1852.14
2025-03-31 08:15:00+00:00,149.238,149.292,149.205,149.21,1542.55
2025-03-31 08:20:00+00:00,149.21,149.213,149.129,149.143,1482.42
2025-03-31 08:25:00+00:00,149.146,149.191,149.09,149.134,1198.11
2025-03-31 08:30:00+00:00,149.134,149.153,149.081,149.122,1430.67
2025-03-31 08:35:00+00:00,149.122,149.156,149.048,149.079,1341.18
2025-03-31 08:40:00+00:00,149.075,149.141,149.052,149.098,1416.33
2025-03-31 08:45:00+00:00,149.099,149.104,149.044,149.077,1541.8
2025-03-31 08:50:00+00:00,149.077,149.084,149.011,149.021,1393.09
2025-03-31 08:55:00+00:00,149.02,149.066,148.959,149.055,1229.19
2025-03-31 09:00:00+00:00,149.054,149.054,148.965,149.011,1544.61
2025-03-31 09:05:00+00:00,149.013,149.101,148.995,149.056,974.61
2025-03-31 09:10:00+00:00,149.058,149.135,149.043,149.093,1231.02
2025-03-31 09:15:00+00:00,149.096,149.163,149.089,149.119,1095.39
2025-03-31 09:20:00+00:00,149.119,149.173,149.101,149.166,940.71
2025-03-31 09:25:00+00:00,149.164,149.21,149.153,149.21,868.23
2025-03-31 09:30:00+00:00,149.21,149.244,149.191,149.222,860.61
2025-03-31 09:35:00+00:00,149.221,149.238,149.167,149.176,907.83
2025-03-31 09:40:00+00:00,149.176,149.2,149.133,149.145,780.63
2025-03-31 09:45:00+00:00,149.143,149.207,149.135,149.189,616.23
2025-03-31 09:50:00+00:00,149.189,149.223,149.167,149.19,866.07
2025-03-31 09:55:00+00:00,149.189,149.2,149.153,149.194,1158.24
2025-03-31 10:00:00+00:00,149.195,149.242,149.172,149.179,1036.8
2025-03-31 10:05:00+00:00,149.179,149.236,149.164,149.226,1003.62
2025-03-31 10:10:00+00:00,149.227,149.277,149.212,149.274,1010.64
2025-03-31 10:15:00+00:00,149.275,149.287,149.225,149.244,752.73
2025-03-31 10:20:00+00:00,149.244,149.307,149.244,149.286,993.21
2025-03-31 10:25:00+00:00,149.285,149.335,149.277,149.297,865.29
2025-03-31 10:30:00+00:00,149.296,149.336,149.296,149.309,723.54
2025-03-31 10:35:00+00:00,149.307,149.31,149.259,149.297,726.9
2025-03-31 10:40:00+00:00,149.296,149.342,149.282,149.332,625.95
2025-03-31 10:45:00+00:00,149.333,149.42,149.333,149.4,740.57
2025-03-31 10:50:00+00:00,149.398,149.432,149.329,149.344,801.9
2025-03-31 10:55:00+00:00,149.345,149.347,149.277,149.321,669.12
2025-03-31 11:00:00+00:00,149.322,149.386,149.262,149.264,1451.49
2025-03-31 11:05:00+00:00,149.264,149.269,149.18,149.199,1109.51
2025-03-31 11:10:00+00:00,149.199,149.255,149.192,149.244,1331.64
2025-03-31 11:15:00+00:00,149.245,149.357,149.242,149.31,1699.2
2025-03-31 11:20:00+00:00,149.311,149.353,149.302,149.307,877.83
2025-03-31 11:25:00+00:00,149.307,149.333,149.229,149.243,1160.46
2025-03-31 11:30:00+00:00,149.243,149.266,149.152,149.168,1129.44
2025-03-31 11:35:00+00:00,149.167,149.282,149.164,149.271,1108.59
2025-03-31 11:40:00+00:00,149.274,149.291,149.235,149.276,860.13
2025-03-31 11:45:00+00:00,149.276,149.363,149.245,149.362,825.57
2025-03-31 11:50:00+00:00,149.363,149.385,149.339,149.363,1151.49
2025-03-31 11:55:00+00:00,149.362,149.408,149.359,149.373,660.84
2025-03-31 12:00:00+00:00,149.376,149.422,149.346,149.394,1358.1
2025-03-31 12:05:00+00:00,149.394,149.442,149.389,149.419,1526.82
2025-03-31 12:10:00+00:00,149.417,149.435,149.362,149.43,1394.19
2025-03-31 12:15:00+00:00,149.428,149.445,149.383,149.432,1239.81
2025-03-31 12:20:00+00:00,149.432,149.507,149.429,149.504,1084.53
2025-03-31 12:25:00+00:00,149.504,149.563,149.494,149.496,1558.36
2025-03-31 12:30:00+00:00,149.496,149.498,149.425,149.476,1584.03
2025-03-31 12:35:00+00:00,149.476,149.539,149.471,149.516,1520.85
2025-03-31 12:40:00+00:00,149.517,149.553,149.467,149.539,1287.63
2025-03-31 12:45:00+00:00,149.539,149.588,149.516,149.576,1267.96
2025-03-31 12:50:00+00:00,149.574,149.617,149.536,149.544,1617.23
2025-03-31 12:55:00+00:00,149.542,149.638,149.533,149.599,1430.9
2025-03-31 13:00:00+00:00,149.599,149.622,149.546,149.604,1807.07
2025-03-31 13:05:00+00:00,149.604,149.665,149.57,149.606,1979.01
2025-03-31 13:10:00+00:00,149.605,149.617,149.527,149.553,1668.52
2025-03-31 13:15:00+00:00,149.551,149.633,149.517,149.582,1740.78
2025-03-31 13:20:00+00:00,149.582,149.644,149.571,149.617,1640.43
2025-03-31 13:25:00+00:00,149.616,149.631,149.508,149.516,1802.37
2025-03-31 13:30:00+00:00,149.517,149.598,149.405,149.444,3240.15
2025-03-31 13:35:00+00:00,149.444,149.601,149.441,149.593,3446.22
2025-03-31 13:40:00+00:00,149.594,149.599,149.481,149.486,1725.53
2025-03-31 13:45:00+00:00,149.484,149.597,149.429,149.554,2420.23
2025-03-31 13:50:00+00:00,149.555,149.775,149.521,149.773,3422.75
2025-03-31 13:55:00+00:00,149.772,149.8,149.634,149.664,3425.19
2025-03-31 14:00:00+00:00,149.664,149.77,149.661,149.762,2944.53
2025-03-31 14:05:00+00:00,149.767,149.816,149.748,149.778,2816.61
2025-03-31 14:10:00+00:00,149.778,149.807,149.694,149.783,3154.56
2025-03-31 14:15:00+00:00,149.784,149.812,149.723,149.749,3206.85
2025-03-31 14:20:00+00:00,149.751,149.854,149.739,149.852,2823.27
2025-03-31 14:25:00+00:00,149.849,149.862,149.798,149.805,2350.14
2025-03-31 14:30:00+00:00,149.808,149.872,149.791,149.839,2979.96
2025-03-31 14:35:00+00:00,149.84,149.852,149.74,149.813,2659.44
2025-03-31 14:40:00+00:00,149.812,149.878,149.782,149.852,2327.01
2025-03-31 14:45:00+00:00,149.855,149.885,149.814,149.835,2537.58
2025-03-31 14:50:00+00:00,149.835,149.849,149.555,149.615,3370.6
2025-03-31 14:55:00+00:00,149.616,149.694,149.515,149.516,4886.3
2025-03-31 15:00:00+00:00,149.514,149.594,149.459,149.594,3464.55
