datetime_utc,open,high,low,close,volume
2023-11-30 15:00:00+00:00,148.366,148.381,148.26,148.298,4731.39
2023-11-30 15:05:00+00:00,148.3,148.386,148.269,148.386,5202.32
2023-11-30 15:10:00+00:00,148.384,148.397,148.265,148.32,5041.2
2023-11-30 15:15:00+00:00,148.321,148.395,148.267,148.39,3662.38
2023-11-30 15:20:00+00:00,148.391,148.427,148.214,148.276,4344.45
2023-11-30 15:25:00+00:00,148.275,148.357,148.229,148.311,4544.15
2023-11-30 15:30:00+00:00,148.31,148.316,148.176,148.177,5931.89
2023-11-30 15:35:00+00:00,148.177,148.277,148.127,148.237,5872.32
2023-11-30 15:40:00+00:00,148.236,148.273,148.068,148.069,6195.13
2023-11-30 15:45:00+00:00,148.069,148.108,148.05,148.107,5031.91
2023-11-30 15:50:00+00:00,148.108,148.108,147.987,147.999,4424.22
2023-11-30 15:55:00+00:00,148.0,148.0,147.8,147.832,6792.87
2023-11-30 16:00:00+00:00,147.833,147.898,147.72,147.87,6556.98
2023-11-30 16:05:00+00:00,147.869,147.912,147.82,147.895,3924.15
2023-11-30 16:10:00+00:00,147.896,147.896,147.81,147.818,3584.4
2023-11-30 16:15:00+00:00,147.821,147.947,147.818,147.943,2867.68
2023-11-30 16:20:00+00:00,147.945,147.956,147.847,147.86,3672.5
2023-11-30 16:25:00+00:00,147.86,147.886,147.806,147.807,3238.05
2023-11-30 16:30:00+00:00,147.807,147.921,147.77,147.881,3359.2
2023-11-30 16:35:00+00:00,147.883,147.918,147.872,147.899,2478.49
2023-11-30 16:40:00+00:00,147.899,147.914,147.867,147.913,2728.48
2023-11-30 16:45:00+00:00,147.912,147.934,147.833,147.837,2909.12
2023-11-30 16:50:00+00:00,147.837,147.872,147.813,147.867,3316.13
2023-11-30 16:55:00+00:00,147.865,147.899,147.849,147.868,2719.97
2023-11-30 17:00:00+00:00,147.868,147.869,147.804,147.868,2259.82
2023-11-30 17:05:00+00:00,147.87,147.939,147.858,147.925,1462.35
2023-11-30 17:10:00+00:00,147.923,147.933,147.901,147.923,1013.8
2023-11-30 17:15:00+00:00,147.924,147.989,147.922,147.967,1134.97
2023-11-30 17:20:00+00:00,147.969,147.984,147.959,147.982,1014.99
2023-11-30 17:25:00+00:00,147.983,148.005,147.963,147.987,577.96
2023-11-30 17:30:00+00:00,147.987,148.064,147.982,148.064,972.32
2023-11-30 17:35:00+00:00,148.064,148.07,148.035,148.047,765.53
2023-11-30 17:40:00+00:00,148.048,148.068,148.044,148.058,592.07
2023-11-30 17:45:00+00:00,148.061,148.105,148.059,148.103,829.15
2023-11-30 17:50:00+00:00,148.106,148.159,148.106,148.149,1023.97
2023-11-30 17:55:00+00:00,148.149,148.216,148.148,148.208,1080.0
2023-11-30 18:00:00+00:00,148.209,148.223,148.145,148.167,1421.95
2023-11-30 18:05:00+00:00,148.167,148.183,148.104,148.108,1902.56
2023-11-30 18:10:00+00:00,148.108,148.133,148.091,148.104,1029.64
2023-11-30 18:15:00+00:00,148.105,148.119,148.07,148.07,654.8
2023-11-30 18:20:00+00:00,148.07,148.088,148.054,148.074,1035.53
2023-11-30 18:25:00+00:00,148.072,148.073,148.042,148.046,1495.82
2023-11-30 18:30:00+00:00,148.046,148.086,148.046,148.064,1003.87
2023-11-30 18:35:00+00:00,148.063,148.12,148.062,148.12,1194.56
2023-11-30 18:40:00+00:00,148.119,148.174,148.11,148.173,617.85
2023-11-30 18:45:00+00:00,148.174,148.231,148.171,148.225,1226.86
2023-11-30 18:50:00+00:00,148.225,148.267,148.216,148.247,818.68
2023-11-30 18:55:00+00:00,148.247,148.253,148.218,148.221,1022.62
2023-11-30 19:00:00+00:00,148.22,148.22,148.177,148.188,1269.89
2023-11-30 19:05:00+00:00,148.188,148.188,148.119,148.146,1206.38
2023-11-30 19:10:00+00:00,148.146,148.189,148.146,148.167,687.55
2023-11-30 19:15:00+00:00,148.167,148.207,148.164,148.165,794.37
2023-11-30 19:20:00+00:00,148.166,148.2,148.154,148.199,744.24
2023-11-30 19:25:00+00:00,148.2,148.248,148.2,148.233,914.44
2023-11-30 19:30:00+00:00,148.232,148.232,148.198,148.223,787.56
2023-11-30 19:35:00+00:00,148.221,148.223,148.182,148.185,784.69
2023-11-30 19:40:00+00:00,148.186,148.196,148.143,148.154,1108.69
2023-11-30 19:45:00+00:00,148.158,148.18,148.151,148.169,718.82
2023-11-30 19:50:00+00:00,148.169,148.171,148.142,148.164,1098.86
2023-11-30 19:55:00+00:00,148.164,148.224,148.153,148.21,1303.64
2023-11-30 20:00:00+00:00,148.21,148.221,148.191,148.2,1273.13
2023-11-30 20:05:00+00:00,148.205,148.273,148.205,148.262,709.9
2023-11-30 20:10:00+00:00,148.261,148.286,148.255,148.283,563.57
2023-11-30 20:15:00+00:00,148.283,148.297,148.248,148.283,1811.7
2023-11-30 20:20:00+00:00,148.282,148.289,148.241,148.259,1473.18
2023-11-30 20:25:00+00:00,148.259,148.287,148.254,148.255,1266.59
2023-11-30 20:30:00+00:00,148.254,148.28,148.251,148.272,926.22
2023-11-30 20:35:00+00:00,148.272,148.287,148.264,148.275,672.75
2023-11-30 20:40:00+00:00,148.275,148.3,148.264,148.297,872.0
2023-11-30 20:45:00+00:00,148.296,148.299,148.248,148.252,1043.15
2023-11-30 20:50:00+00:00,148.253,148.267,148.244,148.256,1082.37
2023-11-30 20:55:00+00:00,148.257,148.274,148.234,148.235,1457.85
2023-11-30 21:00:00+00:00,148.236,148.244,148.22,148.228,507.6
2023-11-30 21:05:00+00:00,148.229,148.23,148.208,148.208,453.05
2023-11-30 21:10:00+00:00,148.207,148.207,148.177,148.188,448.15
2023-11-30 21:15:00+00:00,148.188,148.21,148.188,148.208,286.6
2023-11-30 21:20:00+00:00,148.208,148.209,148.187,148.198,157.17
2023-11-30 21:25:00+00:00,148.196,148.205,148.179,148.186,431.46
2023-11-30 21:30:00+00:00,148.184,148.188,148.169,148.169,472.64
2023-11-30 21:35:00+00:00,148.17,148.194,148.168,148.19,367.7
2023-11-30 21:40:00+00:00,148.189,148.201,148.189,148.193,609.03
2023-11-30 21:45:00+00:00,148.193,148.198,148.191,148.195,276.42
2023-11-30 21:50:00+00:00,148.196,148.217,148.185,148.187,686.22
2023-11-30 21:55:00+00:00,148.188,148.217,148.169,148.169,924.57
2023-11-30 22:00:00+00:00,148.168,148.188,148.147,148.171,45.3
2023-11-30 22:05:00+00:00,148.177,148.178,148.147,148.164,135.75
2023-11-30 22:10:00+00:00,148.164,148.171,148.158,148.166,178.66
2023-11-30 22:15:00+00:00,148.167,148.169,148.159,148.167,95.4
2023-11-30 22:20:00+00:00,148.168,148.17,148.154,148.155,157.2
2023-11-30 22:25:00+00:00,148.16,148.169,148.158,148.167,139.05
2023-11-30 22:30:00+00:00,148.166,148.169,148.162,148.167,145.71
2023-11-30 22:35:00+00:00,148.17,148.178,148.162,148.171,321.47
2023-11-30 22:40:00+00:00,148.174,148.176,148.168,148.172,152.7
2023-11-30 22:45:00+00:00,148.17,148.175,148.168,148.171,172.8
2023-11-30 22:50:00+00:00,148.171,148.178,148.162,148.165,227.7
2023-11-30 22:55:00+00:00,148.165,148.173,148.159,148.159,640.96
2023-11-30 23:00:00+00:00,148.163,148.168,148.072,148.08,732.18
2023-11-30 23:05:00+00:00,148.079,148.106,148.071,148.088,287.9
2023-11-30 23:10:00+00:00,148.094,148.116,148.084,148.097,322.5
2023-11-30 23:15:00+00:00,148.096,148.096,148.051,148.061,669.67
2023-11-30 23:20:00+00:00,148.062,148.062,148.038,148.053,515.03
2023-11-30 23:25:00+00:00,148.051,148.051,147.998,148.0,779.92
2023-11-30 23:30:00+00:00,148.0,148.011,147.929,147.989,1442.42
2023-11-30 23:35:00+00:00,147.987,148.034,147.968,147.977,814.92
2023-11-30 23:40:00+00:00,147.977,148.025,147.977,148.01,638.32
2023-11-30 23:45:00+00:00,148.011,148.045,148.0,148.001,723.36
2023-11-30 23:50:00+00:00,148.001,148.033,147.977,148.024,724.82
2023-11-30 23:55:00+00:00,148.023,148.036,147.991,147.999,559.77
2023-12-01 00:00:00+00:00,147.996,148.021,147.908,147.916,1718.07
2023-12-01 00:05:00+00:00,147.916,147.954,147.906,147.947,1498.48
2023-12-01 00:10:00+00:00,147.947,147.947,147.832,147.835,2035.9
2023-12-01 00:15:00+00:00,147.835,147.865,147.825,147.865,1225.41
2023-12-01 00:20:00+00:00,147.863,147.866,147.814,147.861,2171.65
2023-12-01 00:25:00+00:00,147.861,147.888,147.833,147.872,1853.18
2023-12-01 00:30:00+00:00,147.868,147.89,147.794,147.797,2247.24
2023-12-01 00:35:00+00:00,147.797,147.929,147.793,147.921,1957.51
2023-12-01 00:40:00+00:00,147.92,147.944,147.872,147.883,1942.82
2023-12-01 00:45:00+00:00,147.883,147.883,147.841,147.857,1444.05
2023-12-01 00:50:00+00:00,147.858,147.896,147.782,147.79,2702.81
2023-12-01 00:55:00+00:00,147.788,147.795,147.731,147.765,3021.5
2023-12-01 01:00:00+00:00,147.765,147.773,147.617,147.691,3378.39
2023-12-01 01:05:00+00:00,147.691,147.692,147.611,147.628,3202.89
2023-12-01 01:10:00+00:00,147.629,147.685,147.6,147.673,3033.33
2023-12-01 01:15:00+00:00,147.672,147.708,147.655,147.689,2292.01
2023-12-01 01:20:00+00:00,147.689,147.767,147.688,147.706,2220.2
2023-12-01 01:25:00+00:00,147.707,147.742,147.699,147.722,1992.99
2023-12-01 01:30:00+00:00,147.721,147.724,147.678,147.693,2143.53
2023-12-01 01:35:00+00:00,147.694,147.757,147.685,147.744,1644.86
2023-12-01 01:40:00+00:00,147.745,147.756,147.7,147.7,1548.65
2023-12-01 01:45:00+00:00,147.7,147.747,147.688,147.745,1403.18
2023-12-01 01:50:00+00:00,147.746,147.755,147.65,147.676,1625.91
2023-12-01 01:55:00+00:00,147.674,147.711,147.649,147.71,1194.22
2023-12-01 02:00:00+00:00,147.711,147.715,147.664,147.676,1343.69
2023-12-01 02:05:00+00:00,147.677,147.704,147.676,147.689,833.81
2023-12-01 02:10:00+00:00,147.691,147.833,147.691,147.814,1321.89
2023-12-01 02:15:00+00:00,147.819,147.875,147.819,147.843,902.73
2023-12-01 02:20:00+00:00,147.842,147.846,147.782,147.788,997.41
2023-12-01 02:25:00+00:00,147.788,147.788,147.751,147.763,873.4
2023-12-01 02:30:00+00:00,147.763,147.823,147.753,147.819,722.92
2023-12-01 02:35:00+00:00,147.82,147.867,147.807,147.851,866.62
2023-12-01 02:40:00+00:00,147.854,147.854,147.804,147.829,1024.31
2023-12-01 02:45:00+00:00,147.828,147.916,147.828,147.896,815.28
2023-12-01 02:50:00+00:00,147.9,147.956,147.9,147.942,979.32
2023-12-01 02:55:00+00:00,147.941,147.992,147.937,147.987,1032.79
2023-12-01 03:00:00+00:00,147.988,148.046,147.969,148.012,1227.32
2023-12-01 03:05:00+00:00,148.012,148.063,147.979,148.052,1351.05
2023-12-01 03:10:00+00:00,148.053,148.056,148.014,148.022,1662.37
2023-12-01 03:15:00+00:00,148.023,148.031,147.987,148.02,1705.23
2023-12-01 03:20:00+00:00,148.02,148.043,147.967,147.984,1934.64
2023-12-01 03:25:00+00:00,147.981,148.004,147.961,148.003,1766.56
2023-12-01 03:30:00+00:00,148.007,148.011,147.97,147.982,2044.0
2023-12-01 03:35:00+00:00,147.981,148.014,147.978,147.993,1702.7
2023-12-01 03:40:00+00:00,147.993,148.013,147.971,148.011,1566.37
2023-12-01 03:45:00+00:00,148.011,148.143,147.999,148.141,1171.41
2023-12-01 03:50:00+00:00,148.14,148.182,148.104,148.121,1518.82
2023-12-01 03:55:00+00:00,148.124,148.131,148.112,148.121,809.56
2023-12-01 04:00:00+00:00,148.121,148.155,148.11,148.114,1192.22
2023-12-01 04:05:00+00:00,148.114,148.135,148.1,148.113,1421.35
2023-12-01 04:10:00+00:00,148.114,148.139,148.085,148.1,998.48
2023-12-01 04:15:00+00:00,148.101,148.123,148.085,148.099,1169.62
2023-12-01 04:20:00+00:00,148.101,148.101,148.055,148.065,1540.37
2023-12-01 04:25:00+00:00,148.064,148.073,148.036,148.042,1292.3
2023-12-01 04:30:00+00:00,148.043,148.047,148.03,148.045,769.3
2023-12-01 04:35:00+00:00,148.043,148.057,148.006,148.011,784.27
2023-12-01 04:40:00+00:00,148.01,148.044,147.997,148.026,827.05
2023-12-01 04:45:00+00:00,148.028,148.08,148.025,148.058,848.91
2023-12-01 04:50:00+00:00,148.059,148.085,148.045,148.065,689.78
2023-12-01 04:55:00+00:00,148.063,148.082,148.05,148.078,708.2
2023-12-01 05:00:00+00:00,148.078,148.083,148.054,148.081,1372.17
2023-12-01 05:05:00+00:00,148.083,148.137,148.081,148.113,886.46
2023-12-01 05:10:00+00:00,148.111,148.112,148.064,148.097,1184.64
2023-12-01 05:15:00+00:00,148.096,148.15,148.096,148.134,1261.39
2023-12-01 05:20:00+00:00,148.136,148.144,148.097,148.097,1200.67
2023-12-01 05:25:00+00:00,148.098,148.111,148.081,148.087,1580.72
2023-12-01 05:30:00+00:00,148.086,148.111,148.073,148.082,1460.17
2023-12-01 05:35:00+00:00,148.08,148.1,148.037,148.082,2170.03
2023-12-01 05:40:00+00:00,148.081,148.104,148.069,148.078,1728.37
2023-12-01 05:45:00+00:00,148.08,148.081,148.052,148.065,891.51
2023-12-01 05:50:00+00:00,148.066,148.066,148.018,148.038,1050.41
2023-12-01 05:55:00+00:00,148.043,148.072,148.041,148.06,1219.29
2023-12-01 06:00:00+00:00,148.059,148.074,148.035,148.069,1537.35
2023-12-01 06:05:00+00:00,148.07,148.07,148.037,148.044,1242.34
2023-12-01 06:10:00+00:00,148.045,148.061,148.013,148.02,577.67
2023-12-01 06:15:00+00:00,148.021,148.061,148.016,148.054,1046.8
2023-12-01 06:20:00+00:00,148.052,148.071,148.045,148.059,998.84
2023-12-01 06:25:00+00:00,148.059,148.071,148.038,148.07,688.8
2023-12-01 06:30:00+00:00,148.071,148.143,148.059,148.119,1241.96
2023-12-01 06:35:00+00:00,148.118,148.186,148.115,148.165,1399.11
2023-12-01 06:40:00+00:00,148.165,148.252,148.165,148.212,2359.12
2023-12-01 06:45:00+00:00,148.211,148.243,148.201,148.219,1350.76
2023-12-01 06:50:00+00:00,148.219,148.245,148.206,148.208,1584.62
2023-12-01 06:55:00+00:00,148.208,148.218,148.154,148.196,1900.61
2023-12-01 07:00:00+00:00,148.194,148.216,148.118,148.138,2331.3
2023-12-01 07:05:00+00:00,148.138,148.191,148.136,148.185,2395.65
2023-12-01 07:10:00+00:00,148.186,148.195,148.17,148.185,2214.07
2023-12-01 07:15:00+00:00,148.186,148.187,148.106,148.136,1991.3
2023-12-01 07:20:00+00:00,148.14,148.142,148.065,148.068,1667.84
2023-12-01 07:25:00+00:00,148.07,148.177,148.068,148.176,1413.03
2023-12-01 07:30:00+00:00,148.175,148.19,148.143,148.168,1662.73
2023-12-01 07:35:00+00:00,148.168,148.169,148.107,148.14,1846.25
2023-12-01 07:40:00+00:00,148.142,148.197,148.139,148.17,1340.66
2023-12-01 07:45:00+00:00,148.17,148.265,148.16,148.242,1398.66
2023-12-01 07:50:00+00:00,148.243,148.315,148.215,148.304,1806.01
2023-12-01 07:55:00+00:00,148.304,148.304,148.24,148.301,1977.05
2023-12-01 08:00:00+00:00,148.301,148.301,148.206,148.241,3142.41
2023-12-01 08:05:00+00:00,148.242,148.253,148.19,148.211,2850.99
2023-12-01 08:10:00+00:00,148.215,148.273,148.17,148.181,2608.83
2023-12-01 08:15:00+00:00,148.179,148.221,148.153,148.176,2959.28
2023-12-01 08:20:00+00:00,148.176,148.176,148.103,148.108,2224.4
2023-12-01 08:25:00+00:00,148.107,148.199,148.093,148.156,2333.89
2023-12-01 08:30:00+00:00,148.155,148.166,148.104,148.11,2216.16
2023-12-01 08:35:00+00:00,148.11,148.118,147.975,147.977,2311.27
2023-12-01 08:40:00+00:00,147.978,148.03,147.963,148.015,2500.64
2023-12-01 08:45:00+00:00,148.014,148.018,147.893,147.894,2110.05
2023-12-01 08:50:00+00:00,147.892,147.901,147.835,147.84,3107.95
2023-12-01 08:55:00+00:00,147.841,147.869,147.8,147.863,2439.22
2023-12-01 09:00:00+00:00,147.864,147.882,147.817,147.864,2615.0
2023-12-01 09:05:00+00:00,147.864,147.907,147.801,147.819,2193.06
2023-12-01 09:10:00+00:00,147.819,147.853,147.811,147.815,2082.2
2023-12-01 09:15:00+00:00,147.815,147.884,147.797,147.863,2176.91
2023-12-01 09:20:00+00:00,147.864,147.864,147.795,147.826,1804.6
2023-12-01 09:25:00+00:00,147.828,147.838,147.749,147.807,1597.15
2023-12-01 09:30:00+00:00,147.809,147.814,147.738,147.758,1824.87
2023-12-01 09:35:00+00:00,147.758,147.761,147.688,147.712,3112.91
2023-12-01 09:40:00+00:00,147.714,147.794,147.698,147.767,2004.23
2023-12-01 09:45:00+00:00,147.768,147.829,147.744,147.819,1362.34
2023-12-01 09:50:00+00:00,147.819,147.851,147.811,147.85,1253.84
2023-12-01 09:55:00+00:00,147.85,147.877,147.832,147.857,1215.05
2023-12-01 10:00:00+00:00,147.856,147.883,147.807,147.807,861.43
2023-12-01 10:05:00+00:00,147.806,147.857,147.798,147.833,973.34
2023-12-01 10:10:00+00:00,147.832,147.928,147.821,147.895,1665.0
2023-12-01 10:15:00+00:00,147.897,147.937,147.872,147.928,1263.87
2023-12-01 10:20:00+00:00,147.928,147.934,147.906,147.912,839.7
2023-12-01 10:25:00+00:00,147.913,147.939,147.907,147.928,1029.3
2023-12-01 10:30:00+00:00,147.928,147.97,147.915,147.951,1380.57
2023-12-01 10:35:00+00:00,147.953,148.028,147.951,148.024,644.38
2023-12-01 10:40:00+00:00,148.025,148.053,147.989,147.996,1251.66
2023-12-01 10:45:00+00:00,147.995,148.033,147.994,148.026,958.22
2023-12-01 10:50:00+00:00,148.027,148.032,147.97,147.982,2032.29
2023-12-01 10:55:00+00:00,147.981,148.009,147.971,147.979,2058.66
2023-12-01 11:00:00+00:00,147.979,147.983,147.927,147.968,1487.56
2023-12-01 11:05:00+00:00,147.966,148.048,147.966,148.042,1061.7
2023-12-01 11:10:00+00:00,148.043,148.08,148.01,148.014,1523.86
2023-12-01 11:15:00+00:00,148.016,148.032,147.979,147.984,1054.54
2023-12-01 11:20:00+00:00,147.982,148.012,147.982,148.012,1097.61
2023-12-01 11:25:00+00:00,148.013,148.067,148.004,148.043,1231.29
2023-12-01 11:30:00+00:00,148.043,148.105,148.043,148.101,840.88
2023-12-01 11:35:00+00:00,148.101,148.155,148.099,148.145,2278.26
2023-12-01 11:40:00+00:00,148.144,148.167,148.133,148.151,1197.91
2023-12-01 11:45:00+00:00,148.15,148.177,148.14,148.141,1107.1
2023-12-01 11:50:00+00:00,148.142,148.156,148.119,148.154,1552.53
2023-12-01 11:55:00+00:00,148.154,148.172,148.129,148.132,1444.0
2023-12-01 12:00:00+00:00,148.131,148.147,148.097,148.1,1854.17
2023-12-01 12:05:00+00:00,148.098,148.225,148.095,148.207,2001.81
2023-12-01 12:10:00+00:00,148.208,148.228,148.158,148.175,1363.13
2023-12-01 12:15:00+00:00,148.173,148.186,148.15,148.185,1138.8
2023-12-01 12:20:00+00:00,148.185,148.208,148.109,148.117,1300.58
2023-12-01 12:25:00+00:00,148.118,148.148,148.057,148.075,2066.44
2023-12-01 12:30:00+00:00,148.076,148.076,148.014,148.054,1618.02
2023-12-01 12:35:00+00:00,148.055,148.089,148.03,148.08,1094.38
2023-12-01 12:40:00+00:00,148.078,148.159,148.06,148.149,1034.22
2023-12-01 12:45:00+00:00,148.15,148.316,148.144,148.295,2474.65
2023-12-01 12:50:00+00:00,148.296,148.345,148.256,148.263,2919.63
2023-12-01 12:55:00+00:00,148.263,148.296,148.256,148.274,2545.13
2023-12-01 13:00:00+00:00,148.279,148.303,148.153,148.196,3629.49
2023-12-01 13:05:00+00:00,148.197,148.222,148.153,148.179,2911.53
2023-12-01 13:10:00+00:00,148.177,148.206,148.099,148.116,3008.42
2023-12-01 13:15:00+00:00,148.118,148.156,148.065,148.065,2362.48
2023-12-01 13:20:00+00:00,148.071,148.109,147.958,147.99,3766.29
2023-12-01 13:25:00+00:00,147.992,148.089,147.982,148.088,2823.94
2023-12-01 13:30:00+00:00,148.089,148.153,148.068,148.131,3008.14
2023-12-01 13:35:00+00:00,148.132,148.158,148.103,148.112,3712.1
2023-12-01 13:40:00+00:00,148.112,148.186,148.108,148.152,3496.16
2023-12-01 13:45:00+00:00,148.15,148.163,148.105,148.143,3479.91
2023-12-01 13:50:00+00:00,148.144,148.196,148.128,148.163,2934.48
2023-12-01 13:55:00+00:00,148.162,148.188,148.078,148.186,3126.31
2023-12-01 14:00:00+00:00,148.187,148.199,148.13,148.173,2264.35
2023-12-01 14:05:00+00:00,148.174,148.224,148.163,148.206,2050.32
2023-12-01 14:10:00+00:00,148.205,148.221,148.165,148.208,2887.97
2023-12-01 14:15:00+00:00,148.207,148.253,148.205,148.245,2192.45
2023-12-01 14:20:00+00:00,148.243,148.243,148.178,148.18,2055.95
2023-12-01 14:25:00+00:00,148.179,148.198,148.161,148.19,1001.45
2023-12-01 14:30:00+00:00,148.188,148.21,148.129,148.132,2672.1
2023-12-01 14:35:00+00:00,148.134,148.149,148.082,148.143,3074.94
2023-12-01 14:40:00+00:00,148.145,148.15,148.031,148.075,3471.25
2023-12-01 14:45:00+00:00,148.081,148.143,148.073,148.088,3096.53
2023-12-01 14:50:00+00:00,148.088,148.122,148.074,148.081,2580.56
2023-12-01 14:55:00+00:00,148.079,148.123,148.061,148.071,2342.73
2023-12-01 15:00:00+00:00,148.071,148.071,147.496,147.508,7453.98
2023-12-01 15:05:00+00:00,147.508,147.743,147.503,147.578,5724.94
2023-12-01 15:10:00+00:00,147.577,147.595,147.497,147.553,5127.69
2023-12-01 15:15:00+00:00,147.555,147.634,147.459,147.463,4898.94
2023-12-01 15:20:00+00:00,147.461,147.473,147.337,147.376,5911.87
2023-12-01 15:25:00+00:00,147.377,147.463,147.356,147.392,4620.9
2023-12-01 15:30:00+00:00,147.394,147.565,147.393,147.496,4969.62
2023-12-01 15:35:00+00:00,147.498,147.568,147.454,147.527,4356.22
2023-12-01 15:40:00+00:00,147.526,147.617,147.492,147.495,3402.45
2023-12-01 15:45:00+00:00,147.495,147.547,147.453,147.464,3333.76
2023-12-01 15:50:00+00:00,147.463,147.481,147.377,147.427,4048.44
2023-12-01 15:55:00+00:00,147.43,147.608,147.429,147.591,3195.55
2023-12-01 16:00:00+00:00,147.589,147.844,147.428,147.537,8741.68
2023-12-01 16:05:00+00:00,147.537,147.646,147.456,147.486,7722.02
2023-12-01 16:10:00+00:00,147.487,147.539,147.354,147.358,6979.67
2023-12-01 16:15:00+00:00,147.359,147.369,147.247,147.319,6820.37
2023-12-01 16:20:00+00:00,147.316,147.379,147.297,147.318,5505.76
2023-12-01 16:25:00+00:00,147.318,147.32,147.2,147.212,5743.76
2023-12-01 16:30:00+00:00,147.217,147.26,147.03,147.054,5843.49
2023-12-01 16:35:00+00:00,147.055,147.153,147.022,147.036,5630.46
2023-12-01 16:40:00+00:00,147.036,147.11,146.945,146.948,4185.75
2023-12-01 16:45:00+00:00,146.948,147.006,146.875,146.891,4685.3
2023-12-01 16:50:00+00:00,146.893,146.953,146.85,146.904,3383.51
2023-12-01 16:55:00+00:00,146.905,147.004,146.879,147.0,2353.48
2023-12-01 17:00:00+00:00,147.001,147.077,146.986,147.067,4280.25
2023-12-01 17:05:00+00:00,147.071,147.104,146.955,146.962,2712.23
2023-12-01 17:10:00+00:00,146.967,147.008,146.902,146.902,2590.25
2023-12-01 17:15:00+00:00,146.902,147.041,146.841,147.016,2969.25
2023-12-01 17:20:00+00:00,147.015,147.026,146.964,146.992,3338.49
2023-12-01 17:25:00+00:00,146.994,147.071,146.994,147.058,2819.86
2023-12-01 17:30:00+00:00,147.057,147.065,146.965,146.966,2710.8
2023-12-01 17:35:00+00:00,146.968,147.007,146.936,146.965,2558.38
2023-12-01 17:40:00+00:00,146.966,146.988,146.915,146.931,2133.71
2023-12-01 17:45:00+00:00,146.931,146.938,146.878,146.884,2705.6
2023-12-01 17:50:00+00:00,146.888,146.925,146.865,146.892,1772.65
2023-12-01 17:55:00+00:00,146.885,146.885,146.828,146.851,2922.46
2023-12-01 18:00:00+00:00,146.852,146.884,146.825,146.864,2717.03
2023-12-01 18:05:00+00:00,146.864,146.868,146.801,146.822,2548.1
2023-12-01 18:10:00+00:00,146.822,146.823,146.759,146.767,2270.47
2023-12-01 18:15:00+00:00,146.767,146.772,146.685,146.7,2325.53
2023-12-01 18:20:00+00:00,146.701,146.811,146.695,146.789,1978.04
2023-12-01 18:25:00+00:00,146.788,146.789,146.733,146.761,2289.2
2023-12-01 18:30:00+00:00,146.76,146.784,146.703,146.703,1832.38
2023-12-01 18:35:00+00:00,146.702,146.776,146.659,146.773,1915.31
2023-12-01 18:40:00+00:00,146.775,146.825,146.773,146.81,1761.08
2023-12-01 18:45:00+00:00,146.815,146.825,146.687,146.697,1498.11
2023-12-01 18:50:00+00:00,146.697,146.792,146.69,146.78,2960.01
2023-12-01 18:55:00+00:00,146.779,146.8,146.755,146.759,1931.55
2023-12-01 19:00:00+00:00,146.758,146.81,146.739,146.787,1654.71
2023-12-01 19:05:00+00:00,146.787,146.827,146.784,146.826,1733.17
2023-12-01 19:10:00+00:00,146.828,146.843,146.79,146.801,1152.3
2023-12-01 19:15:00+00:00,146.803,146.825,146.803,146.822,716.99
2023-12-01 19:20:00+00:00,146.822,146.824,146.73,146.73,1200.26
2023-12-01 19:25:00+00:00,146.728,146.769,146.722,146.723,1202.13
2023-12-01 19:30:00+00:00,146.724,146.83,146.723,146.83,1082.35
2023-12-01 19:35:00+00:00,146.831,146.857,146.814,146.834,684.69
2023-12-01 19:40:00+00:00,146.835,146.883,146.832,146.872,973.65
2023-12-01 19:45:00+00:00,146.873,146.925,146.873,146.888,1003.3
2023-12-01 19:50:00+00:00,146.889,146.908,146.867,146.874,975.03
2023-12-01 19:55:00+00:00,146.874,146.897,146.842,146.848,1118.04
2023-12-01 20:00:00+00:00,146.855,146.894,146.853,146.886,857.61
2023-12-01 20:05:00+00:00,146.889,146.895,146.845,146.855,1709.02
2023-12-01 20:10:00+00:00,146.852,146.867,146.82,146.822,1485.52
2023-12-01 20:15:00+00:00,146.821,146.838,146.788,146.802,1586.47
2023-12-01 20:20:00+00:00,146.803,146.845,146.802,146.829,1362.45
2023-12-01 20:25:00+00:00,146.829,146.836,146.804,146.828,1291.89
2023-12-01 20:30:00+00:00,146.829,146.837,146.81,146.824,1723.62
2023-12-01 20:35:00+00:00,146.825,146.857,146.824,146.84,1469.81
2023-12-01 20:40:00+00:00,146.839,146.858,146.834,146.839,2019.9
2023-12-01 20:45:00+00:00,146.84,146.879,146.835,146.858,1967.55
2023-12-01 20:50:00+00:00,146.859,146.9,146.857,146.896,2131.26
2023-12-01 20:55:00+00:00,146.896,146.896,146.852,146.874,1810.97
2023-12-01 21:00:00+00:00,146.876,146.876,146.833,146.836,1734.16
2023-12-01 21:05:00+00:00,146.835,146.845,146.793,146.807,1696.05
2023-12-01 21:10:00+00:00,146.806,146.857,146.805,146.851,1878.9
2023-12-01 21:15:00+00:00,146.851,146.857,146.845,146.846,304.5
2023-12-01 21:20:00+00:00,146.846,146.856,146.845,146.855,304.2
2023-12-01 21:25:00+00:00,146.853,146.857,146.836,146.843,1095.49
2023-12-01 21:30:00+00:00,146.843,146.846,146.81,146.83,639.9
2023-12-01 21:35:00+00:00,146.83,146.836,146.824,146.834,299.25
2023-12-01 21:40:00+00:00,146.834,146.836,146.832,146.833,182.34
2023-12-01 21:45:00+00:00,146.831,146.841,146.83,146.831,612.15
2023-12-01 21:50:00+00:00,146.836,146.846,146.822,146.836,924.3
2023-12-01 21:55:00+00:00,146.836,146.842,146.772,146.772,574.8
2023-12-03 22:00:00+00:00,146.667,146.757,146.667,146.755,90.9
2023-12-03 22:05:00+00:00,146.76,146.76,146.721,146.723,36.1
2023-12-03 22:10:00+00:00,146.734,146.769,146.722,146.731,50.55
2023-12-03 22:15:00+00:00,146.724,146.733,146.686,146.686,86.25
2023-12-03 22:20:00+00:00,146.685,146.751,146.685,146.718,73.47
2023-12-03 22:25:00+00:00,146.717,146.717,146.714,146.714,17.1
2023-12-03 22:30:00+00:00,146.718,146.718,146.713,146.718,19.8
2023-12-03 22:35:00+00:00,146.728,146.728,146.714,146.716,26.55
2023-12-03 22:40:00+00:00,146.715,146.723,146.711,146.711,30.3
2023-12-03 22:45:00+00:00,146.722,146.732,146.715,146.718,73.8
2023-12-03 22:50:00+00:00,146.719,146.727,146.708,146.715,163.8
2023-12-03 22:55:00+00:00,146.713,146.713,146.659,146.661,232.15
2023-12-03 23:00:00+00:00,146.665,146.712,146.5,146.502,1520.78
2023-12-03 23:05:00+00:00,146.503,146.514,146.35,146.358,1361.75
2023-12-03 23:10:00+00:00,146.358,146.47,146.318,146.442,1471.46
2023-12-03 23:15:00+00:00,146.442,146.469,146.309,146.394,2084.81
2023-12-03 23:20:00+00:00,146.396,146.433,146.322,146.343,2314.53
2023-12-03 23:25:00+00:00,146.343,146.357,146.228,146.311,2517.94
2023-12-03 23:30:00+00:00,146.312,146.392,146.269,146.385,3166.88
2023-12-03 23:35:00+00:00,146.386,146.452,146.385,146.45,1859.88
2023-12-03 23:40:00+00:00,146.452,146.494,146.396,146.487,2470.55
2023-12-03 23:45:00+00:00,146.489,146.491,146.399,146.463,2487.27
2023-12-03 23:50:00+00:00,146.464,146.482,146.347,146.349,3780.26
2023-12-03 23:55:00+00:00,146.35,146.438,146.318,146.362,2393.68
2023-12-04 00:00:00+00:00,146.361,146.439,146.3,146.4,3057.52
2023-12-04 00:05:00+00:00,146.4,146.474,146.351,146.409,3168.11
2023-12-04 00:10:00+00:00,146.409,146.409,146.337,146.367,3191.76
2023-12-04 00:15:00+00:00,146.367,146.399,146.315,146.335,3684.08
2023-12-04 00:20:00+00:00,146.335,146.344,146.242,146.322,3726.87
2023-12-04 00:25:00+00:00,146.321,146.365,146.302,146.322,3937.94
2023-12-04 00:30:00+00:00,146.322,146.374,146.223,146.361,4256.75
2023-12-04 00:35:00+00:00,146.361,146.406,146.332,146.385,3681.88
2023-12-04 00:40:00+00:00,146.384,146.428,146.38,146.419,3258.39
2023-12-04 00:45:00+00:00,146.418,146.445,146.365,146.371,3475.62
2023-12-04 00:50:00+00:00,146.372,146.409,146.344,146.349,4658.76
2023-12-04 00:55:00+00:00,146.348,146.559,146.335,146.5,4887.12
2023-12-04 01:00:00+00:00,146.5,146.597,146.459,146.563,4473.5
2023-12-04 01:05:00+00:00,146.561,146.633,146.559,146.566,3086.48
2023-12-04 01:10:00+00:00,146.566,146.593,146.543,146.559,3294.76
2023-12-04 01:15:00+00:00,146.559,146.566,146.459,146.558,3031.83
2023-12-04 01:20:00+00:00,146.558,146.588,146.521,146.538,2050.67
2023-12-04 01:25:00+00:00,146.537,146.587,146.534,146.582,1334.87
2023-12-04 01:30:00+00:00,146.582,146.657,146.568,146.651,2161.41
2023-12-04 01:35:00+00:00,146.651,146.696,146.622,146.665,2310.83
2023-12-04 01:40:00+00:00,146.661,146.747,146.636,146.685,1490.47
2023-12-04 01:45:00+00:00,146.682,146.686,146.614,146.623,2368.73
2023-12-04 01:50:00+00:00,146.624,146.645,146.615,146.618,886.65
2023-12-04 01:55:00+00:00,146.617,146.645,146.579,146.643,1085.43
2023-12-04 02:00:00+00:00,146.643,146.645,146.587,146.62,2270.49
2023-12-04 02:05:00+00:00,146.619,146.641,146.582,146.587,1476.53
2023-12-04 02:10:00+00:00,146.587,146.632,146.567,146.615,1113.99
2023-12-04 02:15:00+00:00,146.614,146.645,146.577,146.63,1475.89
2023-12-04 02:20:00+00:00,146.63,146.653,146.62,146.623,1136.6
2023-12-04 02:25:00+00:00,146.623,146.634,146.534,146.554,2146.2
2023-12-04 02:30:00+00:00,146.554,146.569,146.527,146.54,1482.56
2023-12-04 02:35:00+00:00,146.544,146.544,146.47,146.492,1882.96
2023-12-04 02:40:00+00:00,146.493,146.541,146.489,146.505,2011.37
2023-12-04 02:45:00+00:00,146.505,146.591,146.48,146.584,2558.8
2023-12-04 02:50:00+00:00,146.585,146.585,146.535,146.547,2141.57
2023-12-04 02:55:00+00:00,146.547,146.58,146.491,146.58,2527.68
2023-12-04 03:00:00+00:00,146.581,146.615,146.551,146.551,2400.58
2023-12-04 03:05:00+00:00,146.55,146.558,146.503,146.534,1513.81
2023-12-04 03:10:00+00:00,146.535,146.59,146.526,146.561,2674.18
2023-12-04 03:15:00+00:00,146.561,146.582,146.538,146.553,1257.9
2023-12-04 03:20:00+00:00,146.552,146.583,146.551,146.574,1340.1
2023-12-04 03:25:00+00:00,146.574,146.619,146.558,146.568,1549.62
2023-12-04 03:30:00+00:00,146.569,146.608,146.561,146.591,1299.62
2023-12-04 03:35:00+00:00,146.591,146.677,146.581,146.641,1229.72
2023-12-04 03:40:00+00:00,146.641,146.667,146.62,146.631,1548.4
2023-12-04 03:45:00+00:00,146.631,146.673,146.63,146.66,776.75
2023-12-04 03:50:00+00:00,146.658,146.674,146.64,146.663,965.22
2023-12-04 03:55:00+00:00,146.664,146.733,146.662,146.733,777.27
2023-12-04 04:00:00+00:00,146.732,146.828,146.728,146.819,1200.38
2023-12-04 04:05:00+00:00,146.816,146.827,146.752,146.754,1420.98
2023-12-04 04:10:00+00:00,146.754,146.79,146.735,146.79,1309.79
2023-12-04 04:15:00+00:00,146.79,146.801,146.762,146.764,722.29
2023-12-04 04:20:00+00:00,146.763,146.784,146.749,146.764,1887.84
2023-12-04 04:25:00+00:00,146.765,146.771,146.708,146.709,1638.57
2023-12-04 04:30:00+00:00,146.71,146.747,146.708,146.729,626.51
2023-12-04 04:35:00+00:00,146.728,146.752,146.71,146.745,1036.85
2023-12-04 04:40:00+00:00,146.745,146.763,146.721,146.754,1130.0
2023-12-04 04:45:00+00:00,146.754,146.765,146.733,146.763,684.15
2023-12-04 04:50:00+00:00,146.763,146.789,146.729,146.776,1479.19
2023-12-04 04:55:00+00:00,146.776,146.814,146.773,146.794,945.21
2023-12-04 05:00:00+00:00,146.794,146.855,146.794,146.852,922.5
2023-12-04 05:05:00+00:00,146.853,146.892,146.832,146.855,1000.75
2023-12-04 05:10:00+00:00,146.856,146.869,146.8,146.812,1241.55
2023-12-04 05:15:00+00:00,146.813,146.829,146.792,146.808,951.65
2023-12-04 05:20:00+00:00,146.808,146.816,146.781,146.808,1237.53
2023-12-04 05:25:00+00:00,146.809,146.827,146.781,146.784,1292.68
2023-12-04 05:30:00+00:00,146.784,146.849,146.784,146.81,957.86
2023-12-04 05:35:00+00:00,146.811,146.824,146.769,146.773,1450.37
2023-12-04 05:40:00+00:00,146.773,146.796,146.735,146.795,1165.51
2023-12-04 05:45:00+00:00,146.795,146.805,146.765,146.784,1289.8
2023-12-04 05:50:00+00:00,146.784,146.808,146.78,146.797,1592.09
2023-12-04 05:55:00+00:00,146.796,146.814,146.761,146.809,1172.52
2023-12-04 06:00:00+00:00,146.809,146.815,146.776,146.784,1219.87
2023-12-04 06:05:00+00:00,146.785,146.797,146.723,146.728,1349.75
2023-12-04 06:10:00+00:00,146.728,146.733,146.669,146.686,1613.78
2023-12-04 06:15:00+00:00,146.687,146.713,146.653,146.694,1173.96
2023-12-04 06:20:00+00:00,146.694,146.703,146.656,146.684,1296.18
2023-12-04 06:25:00+00:00,146.683,146.69,146.644,146.644,852.71
2023-12-04 06:30:00+00:00,146.644,146.659,146.609,146.621,1361.66
2023-12-04 06:35:00+00:00,146.622,146.647,146.579,146.594,1795.54
2023-12-04 06:40:00+00:00,146.593,146.672,146.579,146.669,1075.99
2023-12-04 06:45:00+00:00,146.669,146.709,146.662,146.708,1335.95
2023-12-04 06:50:00+00:00,146.709,146.774,146.707,146.774,835.58
2023-12-04 06:55:00+00:00,146.775,146.78,146.727,146.753,1078.9
2023-12-04 07:00:00+00:00,146.753,146.756,146.653,146.67,2192.32
2023-12-04 07:05:00+00:00,146.67,146.744,146.659,146.678,3109.06
2023-12-04 07:10:00+00:00,146.679,146.74,146.675,146.712,2459.61
2023-12-04 07:15:00+00:00,146.713,146.733,146.648,146.684,3247.76
2023-12-04 07:20:00+00:00,146.68,146.682,146.602,146.637,2724.81
2023-12-04 07:25:00+00:00,146.639,146.737,146.639,146.733,1673.84
2023-12-04 07:30:00+00:00,146.739,146.817,146.731,146.78,2544.32
2023-12-04 07:35:00+00:00,146.781,146.79,146.73,146.767,2427.68
2023-12-04 07:40:00+00:00,146.768,146.852,146.765,146.824,2757.23
2023-12-04 07:45:00+00:00,146.825,146.852,146.778,146.845,2432.39
2023-12-04 07:50:00+00:00,146.847,146.933,146.842,146.925,2011.16
2023-12-04 07:55:00+00:00,146.93,146.977,146.926,146.958,2805.71
2023-12-04 08:00:00+00:00,146.959,147.078,146.946,147.024,5015.73
2023-12-04 08:05:00+00:00,147.023,147.112,147.011,147.051,3739.63
2023-12-04 08:10:00+00:00,147.051,147.065,147.014,147.035,2664.99
2023-12-04 08:15:00+00:00,147.033,147.048,146.976,147.007,2879.55
2023-12-04 08:20:00+00:00,147.008,147.051,146.976,146.976,4235.42
2023-12-04 08:25:00+00:00,146.975,146.988,146.894,146.923,3929.02
2023-12-04 08:30:00+00:00,146.924,146.966,146.878,146.899,3713.76
2023-12-04 08:35:00+00:00,146.9,146.934,146.889,146.912,2478.95
2023-12-04 08:40:00+00:00,146.911,146.911,146.854,146.855,2411.54
2023-12-04 08:45:00+00:00,146.855,146.891,146.821,146.829,2473.48
2023-12-04 08:50:00+00:00,146.831,146.879,146.823,146.826,2506.02
2023-12-04 08:55:00+00:00,146.828,146.834,146.77,146.794,2965.77
2023-12-04 09:00:00+00:00,146.791,146.793,146.696,146.719,3159.52
2023-12-04 09:05:00+00:00,146.721,146.751,146.674,146.742,2764.62
2023-12-04 09:10:00+00:00,146.744,146.774,146.726,146.728,2143.93
2023-12-04 09:15:00+00:00,146.729,146.741,146.672,146.676,1855.92
2023-12-04 09:20:00+00:00,146.675,146.698,146.632,146.633,1570.81
2023-12-04 09:25:00+00:00,146.637,146.646,146.607,146.607,1043.03
2023-12-04 09:30:00+00:00,146.608,146.658,146.57,146.579,2445.76
2023-12-04 09:35:00+00:00,146.581,146.664,146.581,146.632,2655.94
2023-12-04 09:40:00+00:00,146.635,146.723,146.632,146.68,2204.13
2023-12-04 09:45:00+00:00,146.68,146.68,146.622,146.629,1811.73
2023-12-04 09:50:00+00:00,146.631,146.639,146.578,146.603,2268.89
2023-12-04 09:55:00+00:00,146.606,146.639,146.58,146.613,2459.47
2023-12-04 10:00:00+00:00,146.616,146.641,146.594,146.638,2458.98
2023-12-04 10:05:00+00:00,146.637,146.7,146.63,146.698,2375.26
2023-12-04 10:10:00+00:00,146.699,146.756,146.697,146.743,1995.15
2023-12-04 10:15:00+00:00,146.742,146.766,146.704,146.707,1828.49
2023-12-04 10:20:00+00:00,146.706,146.712,146.653,146.695,1674.51
2023-12-04 10:25:00+00:00,146.692,146.698,146.602,146.629,2173.65
2023-12-04 10:30:00+00:00,146.628,146.633,146.514,146.518,2688.55
2023-12-04 10:35:00+00:00,146.517,146.55,146.46,146.476,2599.12
2023-12-04 10:40:00+00:00,146.475,146.559,146.458,146.556,1704.14
2023-12-04 10:45:00+00:00,146.556,146.589,146.518,146.589,1954.07
2023-12-04 10:50:00+00:00,146.59,146.595,146.547,146.592,2051.99
2023-12-04 10:55:00+00:00,146.6,146.606,146.548,146.561,2538.68
2023-12-04 11:00:00+00:00,146.562,146.583,146.53,146.563,2244.85
2023-12-04 11:05:00+00:00,146.563,146.627,146.56,146.616,1831.91
2023-12-04 11:10:00+00:00,146.615,146.643,146.598,146.625,2218.73
2023-12-04 11:15:00+00:00,146.625,146.644,146.613,146.644,2162.02
2023-12-04 11:20:00+00:00,146.645,146.666,146.632,146.635,1706.17
2023-12-04 11:25:00+00:00,146.636,146.676,146.544,146.548,2465.05
2023-12-04 11:30:00+00:00,146.55,146.55,146.484,146.502,2835.4
2023-12-04 11:35:00+00:00,146.504,146.558,146.504,146.557,1669.4
2023-12-04 11:40:00+00:00,146.558,146.581,146.503,146.516,1922.24
2023-12-04 11:45:00+00:00,146.52,146.558,146.507,146.541,2399.96
2023-12-04 11:50:00+00:00,146.539,146.57,146.514,146.549,1659.37
2023-12-04 11:55:00+00:00,146.548,146.561,146.531,146.539,1141.97
2023-12-04 12:00:00+00:00,146.542,146.587,146.506,146.52,2501.61
2023-12-04 12:05:00+00:00,146.518,146.589,146.482,146.589,1527.19
2023-12-04 12:10:00+00:00,146.59,146.645,146.583,146.633,2155.8
2023-12-04 12:15:00+00:00,146.635,146.644,146.587,146.588,1847.81
2023-12-04 12:20:00+00:00,146.589,146.608,146.529,146.536,1979.77
2023-12-04 12:25:00+00:00,146.537,146.593,146.533,146.572,1624.02
2023-12-04 12:30:00+00:00,146.571,146.677,146.571,146.636,1713.86
2023-12-04 12:35:00+00:00,146.636,146.655,146.602,146.612,1787.11
2023-12-04 12:40:00+00:00,146.611,146.648,146.61,146.634,1448.96
2023-12-04 12:45:00+00:00,146.635,146.659,146.571,146.578,1688.45
2023-12-04 12:50:00+00:00,146.58,146.596,146.539,146.573,1616.05
2023-12-04 12:55:00+00:00,146.573,146.639,146.571,146.609,1223.69
2023-12-04 13:00:00+00:00,146.61,146.726,146.603,146.722,2430.7
2023-12-04 13:05:00+00:00,146.723,146.736,146.669,146.731,2335.99
2023-12-04 13:10:00+00:00,146.732,146.748,146.647,146.664,2599.38
2023-12-04 13:15:00+00:00,146.663,146.664,146.565,146.565,2983.59
2023-12-04 13:20:00+00:00,146.566,146.619,146.54,146.598,3381.5
2023-12-04 13:25:00+00:00,146.6,146.663,146.561,146.651,2989.88
2023-12-04 13:30:00+00:00,146.656,146.676,146.589,146.61,3057.15
2023-12-04 13:35:00+00:00,146.609,146.724,146.581,146.714,3058.01
2023-12-04 13:40:00+00:00,146.713,146.714,146.616,146.686,3168.95
2023-12-04 13:45:00+00:00,146.687,146.732,146.672,146.7,2720.19
2023-12-04 13:50:00+00:00,146.701,146.763,146.626,146.644,3691.01
2023-12-04 13:55:00+00:00,146.642,146.678,146.592,146.655,3724.28
2023-12-04 14:00:00+00:00,146.655,146.784,146.643,146.756,5213.61
2023-12-04 14:05:00+00:00,146.758,146.795,146.73,146.769,4398.19
2023-12-04 14:10:00+00:00,146.769,146.864,146.747,146.862,3598.48
2023-12-04 14:15:00+00:00,146.861,146.947,146.861,146.936,3017.47
2023-12-04 14:20:00+00:00,146.935,147.012,146.933,146.998,4551.1
2023-12-04 14:25:00+00:00,147.0,147.041,146.95,147.036,4754.5
2023-12-04 14:30:00+00:00,147.035,147.073,146.957,146.96,6264.26
2023-12-04 14:35:00+00:00,146.959,147.013,146.904,146.922,5885.76
2023-12-04 14:40:00+00:00,146.924,146.953,146.877,146.934,4373.47
2023-12-04 14:45:00+00:00,146.934,146.944,146.814,146.827,4301.1
2023-12-04 14:50:00+00:00,146.827,146.903,146.806,146.84,3836.29
2023-12-04 14:55:00+00:00,146.84,146.848,146.738,146.76,3226.72
2023-12-04 15:00:00+00:00,146.76,146.76,146.499,146.548,6086.81
2023-12-04 15:05:00+00:00,146.549,146.627,146.468,146.59,4801.99
2023-12-04 15:10:00+00:00,146.588,146.658,146.58,146.643,4296.77
2023-12-04 15:15:00+00:00,146.642,146.723,146.569,146.717,4516.64
2023-12-04 15:20:00+00:00,146.717,146.848,146.678,146.836,4300.98
2023-12-04 15:25:00+00:00,146.838,146.936,146.823,146.907,5054.87
2023-12-04 15:30:00+00:00,146.907,147.078,146.879,147.066,4560.48
2023-12-04 15:35:00+00:00,147.068,147.163,147.056,147.104,5076.77
2023-12-04 15:40:00+00:00,147.102,147.141,147.05,147.062,4675.11
2023-12-04 15:45:00+00:00,147.061,147.096,147.039,147.04,4211.55
2023-12-04 15:50:00+00:00,147.04,147.136,147.034,147.05,4410.61
2023-12-04 15:55:00+00:00,147.056,147.124,147.038,147.103,3713.91
2023-12-04 16:00:00+00:00,147.103,147.179,147.051,147.165,3827.84
2023-12-04 16:05:00+00:00,147.166,147.167,147.029,147.033,3798.02
2023-12-04 16:10:00+00:00,147.032,147.086,146.993,147.007,4031.89
2023-12-04 16:15:00+00:00,147.008,147.06,146.995,147.023,3512.23
2023-12-04 16:20:00+00:00,147.023,147.048,146.952,147.008,3295.73
2023-12-04 16:25:00+00:00,147.008,147.112,147.0,147.082,3061.27
2023-12-04 16:30:00+00:00,147.082,147.144,147.07,147.114,3052.3
2023-12-04 16:35:00+00:00,147.115,147.218,147.112,147.168,2424.99
2023-12-04 16:40:00+00:00,147.168,147.223,147.118,147.186,3150.84
2023-12-04 16:45:00+00:00,147.185,147.192,147.13,147.169,2117.78
2023-12-04 16:50:00+00:00,147.168,147.22,147.126,147.216,3289.31
2023-12-04 16:55:00+00:00,147.216,147.247,147.142,147.15,2473.23
2023-12-04 17:00:00+00:00,147.149,147.149,147.099,147.142,2381.46
2023-12-04 17:05:00+00:00,147.146,147.148,147.1,147.114,1824.13
2023-12-04 17:10:00+00:00,147.114,147.14,147.091,147.095,1304.5
2023-12-04 17:15:00+00:00,147.096,147.135,147.084,147.131,2051.11
2023-12-04 17:20:00+00:00,147.13,147.224,147.116,147.203,1869.43
2023-12-04 17:25:00+00:00,147.204,147.235,147.2,147.226,2054.55
2023-12-04 17:30:00+00:00,147.229,147.247,147.203,147.213,1841.18
2023-12-04 17:35:00+00:00,147.212,147.245,147.203,147.226,1182.5
2023-12-04 17:40:00+00:00,147.229,147.246,147.201,147.213,1308.59
2023-12-04 17:45:00+00:00,147.214,147.22,147.182,147.19,1285.4
2023-12-04 17:50:00+00:00,147.191,147.212,147.19,147.212,1143.57
2023-12-04 17:55:00+00:00,147.211,147.258,147.202,147.252,1416.46
2023-12-04 18:00:00+00:00,147.252,147.265,147.228,147.25,1561.78
2023-12-04 18:05:00+00:00,147.25,147.321,147.226,147.314,973.74
2023-12-04 18:10:00+00:00,147.315,147.347,147.309,147.345,1331.31
2023-12-04 18:15:00+00:00,147.344,147.387,147.326,147.367,1103.51
2023-12-04 18:20:00+00:00,147.366,147.388,147.361,147.367,954.94
2023-12-04 18:25:00+00:00,147.367,147.44,147.356,147.434,1148.21
2023-12-04 18:30:00+00:00,147.433,147.445,147.387,147.435,1225.89
2023-12-04 18:35:00+00:00,147.434,147.451,147.41,147.425,1387.65
2023-12-04 18:40:00+00:00,147.424,147.433,147.399,147.418,1548.21
2023-12-04 18:45:00+00:00,147.421,147.428,147.376,147.386,990.92
2023-12-04 18:50:00+00:00,147.387,147.405,147.378,147.395,699.87
2023-12-04 18:55:00+00:00,147.396,147.421,147.387,147.391,878.92
2023-12-04 19:00:00+00:00,147.391,147.406,147.377,147.385,918.99
2023-12-04 19:05:00+00:00,147.386,147.418,147.386,147.411,1371.74
2023-12-04 19:10:00+00:00,147.411,147.419,147.395,147.397,810.86
2023-12-04 19:15:00+00:00,147.396,147.43,147.383,147.417,567.52
2023-12-04 19:20:00+00:00,147.417,147.417,147.368,147.373,1218.32
2023-12-04 19:25:00+00:00,147.374,147.377,147.329,147.339,1359.06
2023-12-04 19:30:00+00:00,147.339,147.355,147.328,147.35,1017.34
2023-12-04 19:35:00+00:00,147.354,147.354,147.305,147.314,996.4
2023-12-04 19:40:00+00:00,147.313,147.325,147.304,147.309,1337.55
2023-12-04 19:45:00+00:00,147.308,147.348,147.303,147.321,1071.49
2023-12-04 19:50:00+00:00,147.32,147.336,147.303,147.333,1369.83
2023-12-04 19:55:00+00:00,147.331,147.356,147.289,147.289,1583.57
2023-12-04 20:00:00+00:00,147.291,147.304,147.284,147.29,1237.7
2023-12-04 20:05:00+00:00,147.291,147.33,147.284,147.322,1156.09
2023-12-04 20:10:00+00:00,147.323,147.333,147.279,147.289,1087.94
2023-12-04 20:15:00+00:00,147.289,147.309,147.28,147.287,1195.1
2023-12-04 20:20:00+00:00,147.285,147.331,147.285,147.323,952.3
2023-12-04 20:25:00+00:00,147.323,147.353,147.323,147.345,511.35
2023-12-04 20:30:00+00:00,147.342,147.345,147.309,147.325,907.82
2023-12-04 20:35:00+00:00,147.325,147.329,147.284,147.3,1386.0
2023-12-04 20:40:00+00:00,147.301,147.31,147.283,147.286,1133.12
2023-12-04 20:45:00+00:00,147.286,147.305,147.274,147.293,861.44
2023-12-04 20:50:00+00:00,147.29,147.29,147.254,147.255,1387.21
2023-12-04 20:55:00+00:00,147.256,147.297,147.24,147.289,2223.53
2023-12-04 21:00:00+00:00,147.288,147.293,147.258,147.263,524.12
2023-12-04 21:05:00+00:00,147.262,147.263,147.227,147.234,469.2
2023-12-04 21:10:00+00:00,147.234,147.235,147.186,147.196,401.69
2023-12-04 21:15:00+00:00,147.199,147.212,147.175,147.19,312.22
2023-12-04 21:20:00+00:00,147.19,147.206,147.175,147.183,247.95
2023-12-04 21:25:00+00:00,147.185,147.207,147.184,147.197,225.45
2023-12-04 21:30:00+00:00,147.196,147.205,147.195,147.204,148.5
2023-12-04 21:35:00+00:00,147.205,147.215,147.196,147.214,105.57
2023-12-04 21:40:00+00:00,147.214,147.218,147.204,147.217,194.7
2023-12-04 21:45:00+00:00,147.218,147.23,147.213,147.218,243.73
2023-12-04 21:50:00+00:00,147.217,147.224,147.211,147.214,476.07
2023-12-04 21:55:00+00:00,147.214,147.234,147.198,147.198,972.92
2023-12-04 22:00:00+00:00,147.197,147.197,147.104,147.104,17.55
2023-12-04 22:05:00+00:00,147.156,147.199,147.146,147.158,150.78
2023-12-04 22:10:00+00:00,147.156,147.192,147.153,147.17,136.8
2023-12-04 22:15:00+00:00,147.171,147.171,147.14,147.153,156.75
2023-12-04 22:20:00+00:00,147.152,147.169,147.141,147.155,71.4
2023-12-04 22:25:00+00:00,147.153,147.17,147.146,147.163,91.65
2023-12-04 22:30:00+00:00,147.163,147.168,147.156,147.159,128.47
2023-12-04 22:35:00+00:00,147.16,147.162,147.129,147.131,399.95
2023-12-04 22:40:00+00:00,147.132,147.152,147.097,147.15,561.3
2023-12-04 22:45:00+00:00,147.153,147.163,147.142,147.145,321.5
2023-12-04 22:50:00+00:00,147.143,147.169,147.132,147.151,394.2
2023-12-04 22:55:00+00:00,147.151,147.16,147.107,147.108,549.48
2023-12-04 23:00:00+00:00,147.112,147.175,147.106,147.146,703.45
2023-12-04 23:05:00+00:00,147.145,147.174,147.136,147.165,268.95
2023-12-04 23:10:00+00:00,147.161,147.179,147.155,147.156,391.65
2023-12-04 23:15:00+00:00,147.157,147.16,147.123,147.124,576.9
2023-12-04 23:20:00+00:00,147.124,147.145,147.1,147.121,972.2
2023-12-04 23:25:00+00:00,147.122,147.123,147.104,147.116,652.35
2023-12-04 23:30:00+00:00,147.115,147.27,147.115,147.228,1626.58
2023-12-04 23:35:00+00:00,147.228,147.23,147.2,147.213,416.34
2023-12-04 23:40:00+00:00,147.213,147.27,147.203,147.27,374.23
2023-12-04 23:45:00+00:00,147.27,147.317,147.268,147.274,502.31
2023-12-04 23:50:00+00:00,147.274,147.28,147.256,147.258,269.4
2023-12-04 23:55:00+00:00,147.263,147.344,147.263,147.302,611.78
2023-12-05 00:00:00+00:00,147.302,147.381,147.286,147.331,2150.18
2023-12-05 00:05:00+00:00,147.332,147.337,147.217,147.228,2412.16
2023-12-05 00:10:00+00:00,147.228,147.283,147.188,147.203,2050.13
2023-12-05 00:15:00+00:00,147.204,147.211,147.178,147.19,2193.57
2023-12-05 00:20:00+00:00,147.191,147.245,147.181,147.234,1619.68
2023-12-05 00:25:00+00:00,147.237,147.247,147.155,147.189,1689.56
2023-12-05 00:30:00+00:00,147.187,147.187,147.112,147.124,2368.11
2023-12-05 00:35:00+00:00,147.125,147.127,146.98,147.02,3333.99
2023-12-05 00:40:00+00:00,147.017,147.1,147.017,147.052,3233.54
2023-12-05 00:45:00+00:00,147.053,147.063,146.999,147.005,2147.58
2023-12-05 00:50:00+00:00,147.008,147.088,146.998,147.088,3475.73
2023-12-05 00:55:00+00:00,147.089,147.089,146.968,147.021,3053.82
2023-12-05 01:00:00+00:00,147.021,147.052,146.974,147.045,2411.32
2023-12-05 01:05:00+00:00,147.045,147.091,147.024,147.078,1522.43
2023-12-05 01:10:00+00:00,147.078,147.185,147.078,147.157,1916.31
2023-12-05 01:15:00+00:00,147.157,147.236,147.15,147.18,1765.63
2023-12-05 01:20:00+00:00,147.179,147.258,147.179,147.258,1610.44
2023-12-05 01:25:00+00:00,147.258,147.258,147.207,147.234,2279.16
2023-12-05 01:30:00+00:00,147.233,147.254,147.178,147.205,2216.32
2023-12-05 01:35:00+00:00,147.206,147.249,147.204,147.217,1330.65
2023-12-05 01:40:00+00:00,147.215,147.262,147.204,147.258,1741.2
2023-12-05 01:45:00+00:00,147.259,147.271,147.205,147.231,1874.17
2023-12-05 01:50:00+00:00,147.231,147.245,147.205,147.214,1262.44
2023-12-05 01:55:00+00:00,147.213,147.227,147.14,147.16,1822.38
2023-12-05 02:00:00+00:00,147.16,147.164,147.109,147.115,2073.63
2023-12-05 02:05:00+00:00,147.116,147.123,147.09,147.091,963.84
2023-12-05 02:10:00+00:00,147.093,147.129,147.084,147.105,1092.57
2023-12-05 02:15:00+00:00,147.106,147.151,147.094,147.128,1226.56
2023-12-05 02:20:00+00:00,147.13,147.169,147.126,147.15,861.97
2023-12-05 02:25:00+00:00,147.153,147.165,147.138,147.16,502.52
2023-12-05 02:30:00+00:00,147.16,147.192,147.159,147.182,789.26
2023-12-05 02:35:00+00:00,147.183,147.194,147.155,147.186,707.11
2023-12-05 02:40:00+00:00,147.185,147.195,147.182,147.191,474.96
2023-12-05 02:45:00+00:00,147.191,147.191,147.172,147.183,297.99
2023-12-05 02:50:00+00:00,147.183,147.195,147.181,147.192,222.49
2023-12-05 02:55:00+00:00,147.197,147.268,147.189,147.265,1003.67
2023-12-05 03:00:00+00:00,147.265,147.271,147.256,147.266,749.33
2023-12-05 03:05:00+00:00,147.266,147.275,147.246,147.252,525.13
2023-12-05 03:10:00+00:00,147.252,147.253,147.197,147.204,560.17
2023-12-05 03:15:00+00:00,147.204,147.204,147.168,147.169,968.64
2023-12-05 03:20:00+00:00,147.169,147.169,147.128,147.137,982.02
2023-12-05 03:25:00+00:00,147.138,147.153,147.114,147.14,832.53
2023-12-05 03:30:00+00:00,147.134,147.205,147.113,147.2,1828.86
2023-12-05 03:35:00+00:00,147.201,147.201,147.161,147.171,1293.68
2023-12-05 03:40:00+00:00,147.172,147.194,147.17,147.171,684.17
2023-12-05 03:45:00+00:00,147.172,147.186,147.148,147.165,966.33
2023-12-05 03:50:00+00:00,147.164,147.196,147.138,147.195,898.32
2023-12-05 03:55:00+00:00,147.194,147.195,147.149,147.164,897.12
2023-12-05 04:00:00+00:00,147.166,147.181,147.087,147.104,1714.22
2023-12-05 04:05:00+00:00,147.107,147.128,147.095,147.127,770.44
2023-12-05 04:10:00+00:00,147.129,147.158,147.129,147.143,802.8
2023-12-05 04:15:00+00:00,147.141,147.151,147.124,147.136,945.56
2023-12-05 04:20:00+00:00,147.136,147.138,147.109,147.13,801.9
2023-12-05 04:25:00+00:00,147.13,147.137,147.085,147.086,1150.56
2023-12-05 04:30:00+00:00,147.086,147.086,147.037,147.06,874.61
2023-12-05 04:35:00+00:00,147.058,147.08,147.052,147.061,1135.98
2023-12-05 04:40:00+00:00,147.06,147.095,147.058,147.093,642.83
2023-12-05 04:45:00+00:00,147.092,147.14,147.092,147.111,1266.85
2023-12-05 04:50:00+00:00,147.111,147.118,147.091,147.109,925.91
2023-12-05 04:55:00+00:00,147.11,147.165,147.11,147.153,792.13
2023-12-05 05:00:00+00:00,147.152,147.156,147.105,147.135,990.5
2023-12-05 05:05:00+00:00,147.133,147.137,147.114,147.125,1026.69
2023-12-05 05:10:00+00:00,147.126,147.128,147.105,147.113,454.46
2023-12-05 05:15:00+00:00,147.115,147.126,147.102,147.116,1041.79
2023-12-05 05:20:00+00:00,147.115,147.156,147.107,147.148,850.66
2023-12-05 05:25:00+00:00,147.148,147.153,147.079,147.081,1149.29
2023-12-05 05:30:00+00:00,147.082,147.154,147.082,147.135,1711.0
2023-12-05 05:35:00+00:00,147.135,147.135,147.104,147.116,888.18
2023-12-05 05:40:00+00:00,147.117,147.121,147.062,147.086,932.2
2023-12-05 05:45:00+00:00,147.084,147.092,147.027,147.046,984.17
2023-12-05 05:50:00+00:00,147.045,147.069,147.031,147.057,1814.49
2023-12-05 05:55:00+00:00,147.058,147.06,147.015,147.026,1534.23
2023-12-05 06:00:00+00:00,147.026,147.041,147.008,147.028,1607.37
2023-12-05 06:05:00+00:00,147.027,147.038,146.979,147.004,1342.34
2023-12-05 06:10:00+00:00,147.002,147.007,146.91,146.918,2356.3
2023-12-05 06:15:00+00:00,146.918,146.919,146.853,146.878,1392.36
2023-12-05 06:20:00+00:00,146.877,146.898,146.832,146.845,1036.29
2023-12-05 06:25:00+00:00,146.844,146.87,146.821,146.838,666.27
2023-12-05 06:30:00+00:00,146.84,146.882,146.806,146.835,1741.75
2023-12-05 06:35:00+00:00,146.836,146.879,146.787,146.789,963.51
2023-12-05 06:40:00+00:00,146.789,146.793,146.747,146.769,1678.64
2023-12-05 06:45:00+00:00,146.768,146.829,146.763,146.813,2113.08
2023-12-05 06:50:00+00:00,146.812,146.894,146.799,146.872,1187.02
2023-12-05 06:55:00+00:00,146.873,146.935,146.857,146.913,1469.46
2023-12-05 07:00:00+00:00,146.912,146.921,146.824,146.829,2157.37
2023-12-05 07:05:00+00:00,146.831,146.904,146.816,146.839,2769.67
2023-12-05 07:10:00+00:00,146.84,146.859,146.792,146.824,2611.46
2023-12-05 07:15:00+00:00,146.825,146.912,146.822,146.888,2249.97
2023-12-05 07:20:00+00:00,146.889,146.943,146.843,146.853,2691.63
2023-12-05 07:25:00+00:00,146.855,146.943,146.846,146.908,3274.4
2023-12-05 07:30:00+00:00,146.907,146.936,146.884,146.924,2911.54
2023-12-05 07:35:00+00:00,146.93,146.974,146.901,146.941,2742.23
2023-12-05 07:40:00+00:00,146.94,146.959,146.849,146.87,2730.35
2023-12-05 07:45:00+00:00,146.871,146.893,146.791,146.876,2403.82
2023-12-05 07:50:00+00:00,146.877,146.895,146.804,146.812,2465.1
2023-12-05 07:55:00+00:00,146.814,146.843,146.761,146.835,2520.94
2023-12-05 08:00:00+00:00,146.835,146.838,146.714,146.738,5821.73
2023-12-05 08:05:00+00:00,146.737,146.763,146.699,146.703,3987.96
2023-12-05 08:10:00+00:00,146.703,146.793,146.677,146.759,3891.07
2023-12-05 08:15:00+00:00,146.758,146.823,146.712,146.714,4177.92
2023-12-05 08:20:00+00:00,146.715,146.739,146.687,146.708,3140.88
2023-12-05 08:25:00+00:00,146.706,146.837,146.706,146.813,2446.67
2023-12-05 08:30:00+00:00,146.811,146.849,146.784,146.822,2927.27
2023-12-05 08:35:00+00:00,146.821,146.868,146.813,146.839,3365.67
2023-12-05 08:40:00+00:00,146.838,146.884,146.838,146.874,3363.72
2023-12-05 08:45:00+00:00,146.875,146.935,146.87,146.91,2614.21
2023-12-05 08:50:00+00:00,146.911,147.06,146.91,147.007,2921.85
2023-12-05 08:55:00+00:00,147.009,147.039,146.979,147.018,2623.97
2023-12-05 09:00:00+00:00,147.019,147.139,147.006,147.131,3529.25
2023-12-05 09:05:00+00:00,147.13,147.135,147.069,147.076,2512.77
2023-12-05 09:10:00+00:00,147.075,147.14,147.067,147.081,2110.26
2023-12-05 09:15:00+00:00,147.082,147.085,147.031,147.073,2567.16
2023-12-05 09:20:00+00:00,147.073,147.133,147.072,147.072,2136.99
2023-12-05 09:25:00+00:00,147.074,147.108,147.063,147.095,1820.24
2023-12-05 09:30:00+00:00,147.091,147.146,147.082,147.125,3010.6
2023-12-05 09:35:00+00:00,147.124,147.124,147.056,147.119,2462.72
2023-12-05 09:40:00+00:00,147.119,147.122,147.051,147.068,2253.92
2023-12-05 09:45:00+00:00,147.066,147.071,147.017,147.03,2052.37
2023-12-05 09:50:00+00:00,147.029,147.048,147.004,147.026,2663.49
2023-12-05 09:55:00+00:00,147.026,147.062,147.015,147.06,1882.66
2023-12-05 10:00:00+00:00,147.059,147.144,147.056,147.144,1762.15
2023-12-05 10:05:00+00:00,147.143,147.182,147.084,147.085,2391.69
2023-12-05 10:10:00+00:00,147.09,147.09,147.038,147.074,1339.86
2023-12-05 10:15:00+00:00,147.078,147.079,147.036,147.043,1530.21
2023-12-05 10:20:00+00:00,147.044,147.105,147.036,147.097,1437.64
2023-12-05 10:25:00+00:00,147.099,147.148,147.079,147.136,2367.02
2023-12-05 10:30:00+00:00,147.137,147.171,147.103,147.115,1902.38
2023-12-05 10:35:00+00:00,147.114,147.12,147.077,147.095,1558.14
2023-12-05 10:40:00+00:00,147.095,147.129,147.077,147.09,1511.04
2023-12-05 10:45:00+00:00,147.09,147.09,147.002,147.029,2638.63
2023-12-05 10:50:00+00:00,147.029,147.07,147.025,147.052,1824.55
2023-12-05 10:55:00+00:00,147.05,147.109,147.048,147.06,1864.3
2023-12-05 11:00:00+00:00,147.06,147.061,146.957,146.98,2223.56
2023-12-05 11:05:00+00:00,146.981,146.984,146.935,146.955,1787.42
2023-12-05 11:10:00+00:00,146.957,146.973,146.924,146.958,1934.72
2023-12-05 11:15:00+00:00,146.959,146.988,146.947,146.972,1841.53
2023-12-05 11:20:00+00:00,146.974,147.021,146.955,147.016,1406.23
2023-12-05 11:25:00+00:00,147.015,147.079,147.014,147.073,1614.01
2023-12-05 11:30:00+00:00,147.073,147.117,147.069,147.105,1759.38
2023-12-05 11:35:00+00:00,147.106,147.116,147.064,147.081,1429.16
2023-12-05 11:40:00+00:00,147.082,147.114,147.07,147.083,1339.96
2023-12-05 11:45:00+00:00,147.083,147.09,147.042,147.05,1811.38
2023-12-05 11:50:00+00:00,147.051,147.062,146.98,147.002,1692.76
2023-12-05 11:55:00+00:00,147.005,147.023,146.985,147.022,868.14
2023-12-05 12:00:00+00:00,147.021,147.088,147.021,147.084,1445.19
2023-12-05 12:05:00+00:00,147.082,147.088,147.043,147.088,1421.19
2023-12-05 12:10:00+00:00,147.087,147.147,147.087,147.125,1567.09
2023-12-05 12:15:00+00:00,147.124,147.17,147.103,147.17,2290.4
2023-12-05 12:20:00+00:00,147.171,147.196,147.103,147.108,2155.3
2023-12-05 12:25:00+00:00,147.108,147.126,147.066,147.113,2128.12
2023-12-05 12:30:00+00:00,147.114,147.114,147.034,147.089,2126.36
2023-12-05 12:35:00+00:00,147.088,147.088,147.049,147.061,2066.42
2023-12-05 12:40:00+00:00,147.062,147.082,147.029,147.057,2311.86
2023-12-05 12:45:00+00:00,147.057,147.075,147.029,147.061,2667.07
2023-12-05 12:50:00+00:00,147.06,147.086,147.042,147.086,2534.47
2023-12-05 12:55:00+00:00,147.086,147.106,147.05,147.071,2500.75
2023-12-05 13:00:00+00:00,147.074,147.095,146.981,147.037,3755.39
2023-12-05 13:05:00+00:00,147.038,147.104,147.036,147.093,3261.68
2023-12-05 13:10:00+00:00,147.093,147.096,146.954,147.0,3081.14
2023-12-05 13:15:00+00:00,147.002,147.051,146.993,147.012,2523.25
2023-12-05 13:20:00+00:00,147.016,147.049,146.943,146.976,3688.86
2023-12-05 13:25:00+00:00,146.976,146.983,146.908,146.931,4279.36
2023-12-05 13:30:00+00:00,146.932,146.971,146.878,146.89,3845.75
2023-12-05 13:35:00+00:00,146.891,146.92,146.859,146.896,3695.89
2023-12-05 13:40:00+00:00,146.897,146.941,146.85,146.901,2734.58
2023-12-05 13:45:00+00:00,146.901,146.909,146.865,146.896,2330.03
2023-12-05 13:50:00+00:00,146.891,146.915,146.819,146.826,2625.04
2023-12-05 13:55:00+00:00,146.825,146.845,146.775,146.794,2654.88
2023-12-05 14:00:00+00:00,146.794,146.868,146.786,146.848,2662.39
2023-12-05 14:05:00+00:00,146.85,146.93,146.849,146.887,2962.88
2023-12-05 14:10:00+00:00,146.887,146.99,146.881,146.988,3030.65
2023-12-05 14:15:00+00:00,146.988,147.021,146.946,147.006,3062.0
2023-12-05 14:20:00+00:00,147.005,147.032,146.996,146.996,3420.67
2023-12-05 14:25:00+00:00,146.997,147.027,146.975,147.02,2997.17
2023-12-05 14:30:00+00:00,147.021,147.07,146.959,146.963,3468.21
2023-12-05 14:35:00+00:00,146.963,146.985,146.919,146.944,2904.09
2023-12-05 14:40:00+00:00,146.943,147.002,146.922,147.0,2915.6
2023-12-05 14:45:00+00:00,147.004,147.236,146.994,147.114,6379.77
2023-12-05 14:50:00+00:00,147.114,147.136,147.076,147.089,4675.99
2023-12-05 14:55:00+00:00,147.092,147.188,147.076,147.161,3333.51
2023-12-05 15:00:00+00:00,147.173,147.174,146.558,146.707,8625.34
2023-12-05 15:05:00+00:00,146.71,146.876,146.698,146.835,6178.62
2023-12-05 15:10:00+00:00,146.835,146.964,146.749,146.948,7324.27
2023-12-05 15:15:00+00:00,146.948,146.992,146.897,146.903,6686.29
2023-12-05 15:20:00+00:00,146.903,146.908,146.716,146.817,6175.69
2023-12-05 15:25:00+00:00,146.817,146.95,146.806,146.912,5925.61
2023-12-05 15:30:00+00:00,146.913,147.223,146.867,147.172,5663.7
2023-12-05 15:35:00+00:00,147.172,147.256,147.13,147.222,4839.8
2023-12-05 15:40:00+00:00,147.219,147.276,147.19,147.192,5133.85
2023-12-05 15:45:00+00:00,147.192,147.215,147.118,147.176,4724.51
2023-12-05 15:50:00+00:00,147.177,147.268,147.144,147.151,4979.76
2023-12-05 15:55:00+00:00,147.15,147.154,147.054,147.103,5089.19
2023-12-05 16:00:00+00:00,147.104,147.113,146.982,146.999,5159.71
2023-12-05 16:05:00+00:00,147.004,147.13,146.991,147.097,3919.46
2023-12-05 16:10:00+00:00,147.096,147.159,147.069,147.096,4212.63
2023-12-05 16:15:00+00:00,147.093,147.167,147.059,147.157,4088.76
2023-12-05 16:20:00+00:00,147.161,147.253,147.154,147.223,3500.54
2023-12-05 16:25:00+00:00,147.222,147.232,147.123,147.148,3735.64
2023-12-05 16:30:00+00:00,147.146,147.293,147.134,147.271,3291.04
2023-12-05 16:35:00+00:00,147.271,147.334,147.262,147.307,3402.9
2023-12-05 16:40:00+00:00,147.307,147.311,147.261,147.273,2735.04
2023-12-05 16:45:00+00:00,147.274,147.279,147.211,147.247,2246.36
2023-12-05 16:50:00+00:00,147.246,147.32,147.244,147.317,2214.78
2023-12-05 16:55:00+00:00,147.315,147.333,147.264,147.275,1827.21
2023-12-05 17:00:00+00:00,147.275,147.287,147.249,147.254,2291.01
2023-12-05 17:05:00+00:00,147.253,147.254,147.159,147.166,1467.17
2023-12-05 17:10:00+00:00,147.166,147.202,147.133,147.195,1726.49
2023-12-05 17:15:00+00:00,147.197,147.198,147.081,147.111,2481.06
2023-12-05 17:20:00+00:00,147.11,147.135,147.085,147.127,2806.31
2023-12-05 17:25:00+00:00,147.129,147.138,147.078,147.12,2102.87
2023-12-05 17:30:00+00:00,147.12,147.176,147.11,147.136,1385.05
2023-12-05 17:35:00+00:00,147.134,147.136,147.08,147.115,1377.53
2023-12-05 17:40:00+00:00,147.116,147.173,147.114,147.167,1006.74
2023-12-05 17:45:00+00:00,147.169,147.192,147.137,147.188,1048.23
2023-12-05 17:50:00+00:00,147.187,147.195,147.12,147.134,1637.68
2023-12-05 17:55:00+00:00,147.131,147.143,147.109,147.128,1964.77
2023-12-05 18:00:00+00:00,147.125,147.142,147.116,147.133,1373.32
2023-12-05 18:05:00+00:00,147.135,147.199,147.135,147.198,1517.65
2023-12-05 18:10:00+00:00,147.197,147.253,147.181,147.25,1319.06
2023-12-05 18:15:00+00:00,147.249,147.262,147.216,147.259,1559.75
2023-12-05 18:20:00+00:00,147.259,147.291,147.258,147.278,1025.42
2023-12-05 18:25:00+00:00,147.279,147.299,147.259,147.291,793.69
2023-12-05 18:30:00+00:00,147.291,147.313,147.272,147.276,1187.2
2023-12-05 18:35:00+00:00,147.275,147.303,147.271,147.298,743.2
2023-12-05 18:40:00+00:00,147.298,147.388,147.297,147.354,1108.79
2023-12-05 18:45:00+00:00,147.354,147.365,147.325,147.329,1133.47
2023-12-05 18:50:00+00:00,147.329,147.329,147.269,147.289,1225.02
2023-12-05 18:55:00+00:00,147.288,147.308,147.273,147.296,921.06
2023-12-05 19:00:00+00:00,147.297,147.338,147.296,147.307,1276.24
2023-12-05 19:05:00+00:00,147.307,147.307,147.262,147.286,808.92
2023-12-05 19:10:00+00:00,147.285,147.297,147.265,147.268,794.96
2023-12-05 19:15:00+00:00,147.267,147.286,147.258,147.275,738.4
2023-12-05 19:20:00+00:00,147.277,147.31,147.273,147.288,1127.3
2023-12-05 19:25:00+00:00,147.288,147.327,147.276,147.3,1155.97
2023-12-05 19:30:00+00:00,147.301,147.334,147.299,147.334,787.04
2023-12-05 19:35:00+00:00,147.332,147.346,147.316,147.335,655.27
2023-12-05 19:40:00+00:00,147.335,147.339,147.295,147.301,759.37
2023-12-05 19:45:00+00:00,147.303,147.303,147.267,147.281,933.27
2023-12-05 19:50:00+00:00,147.282,147.293,147.259,147.266,751.3
2023-12-05 19:55:00+00:00,147.269,147.27,147.238,147.255,1009.79
2023-12-05 20:00:00+00:00,147.255,147.277,147.222,147.244,1108.4
2023-12-05 20:05:00+00:00,147.244,147.259,147.224,147.231,523.29
2023-12-05 20:10:00+00:00,147.23,147.254,147.215,147.225,1092.12
2023-12-05 20:15:00+00:00,147.225,147.253,147.178,147.206,1610.89
2023-12-05 20:20:00+00:00,147.206,147.221,147.186,147.221,1658.19
2023-12-05 20:25:00+00:00,147.222,147.238,147.211,147.224,1445.42
2023-12-05 20:30:00+00:00,147.229,147.256,147.216,147.246,1091.16
2023-12-05 20:35:00+00:00,147.248,147.248,147.219,147.228,853.25
2023-12-05 20:40:00+00:00,147.226,147.226,147.187,147.206,868.4
2023-12-05 20:45:00+00:00,147.206,147.22,147.185,147.19,1176.23
2023-12-05 20:50:00+00:00,147.193,147.211,147.183,147.196,1081.5
2023-12-05 20:55:00+00:00,147.195,147.214,147.184,147.202,1577.15
2023-12-05 21:00:00+00:00,147.202,147.202,147.173,147.2,465.42
2023-12-05 21:05:00+00:00,147.203,147.219,147.199,147.218,312.75
2023-12-05 21:10:00+00:00,147.218,147.221,147.211,147.218,218.26
2023-12-05 21:15:00+00:00,147.219,147.219,147.172,147.175,322.78
2023-12-05 21:20:00+00:00,147.175,147.175,147.151,147.161,415.51
2023-12-05 21:25:00+00:00,147.161,147.202,147.158,147.167,379.88
2023-12-05 21:30:00+00:00,147.166,147.189,147.156,147.156,490.36
2023-12-05 21:35:00+00:00,147.159,147.165,147.149,147.15,361.29
2023-12-05 21:40:00+00:00,147.15,147.159,147.143,147.148,345.17
2023-12-05 21:45:00+00:00,147.145,147.15,147.139,147.148,388.14
2023-12-05 21:50:00+00:00,147.149,147.162,147.147,147.161,520.55
2023-12-05 21:55:00+00:00,147.161,147.161,147.143,147.146,305.39
2023-12-05 22:00:00+00:00,147.136,147.136,147.079,147.079,4.95
2023-12-05 22:05:00+00:00,147.143,147.145,147.019,147.07,138.0
2023-12-05 22:10:00+00:00,147.071,147.13,147.063,147.115,177.0
2023-12-05 22:15:00+00:00,147.11,147.11,147.091,147.097,96.45
2023-12-05 22:20:00+00:00,147.096,147.096,147.018,147.07,207.3
2023-12-05 22:25:00+00:00,147.075,147.094,147.074,147.087,131.9
2023-12-05 22:30:00+00:00,147.089,147.107,147.089,147.101,171.43
2023-12-05 22:35:00+00:00,147.099,147.127,147.095,147.103,126.47
2023-12-05 22:40:00+00:00,147.104,147.115,147.099,147.111,128.1
2023-12-05 22:45:00+00:00,147.104,147.115,147.099,147.107,71.4
2023-12-05 22:50:00+00:00,147.108,147.113,147.102,147.108,146.7
2023-12-05 22:55:00+00:00,147.112,147.135,147.071,147.075,183.6
2023-12-05 23:00:00+00:00,147.081,147.136,147.081,147.134,444.05
2023-12-05 23:05:00+00:00,147.136,147.137,147.117,147.123,265.95
2023-12-05 23:10:00+00:00,147.123,147.141,147.121,147.134,263.94
2023-12-05 23:15:00+00:00,147.135,147.158,147.126,147.156,320.1
2023-12-05 23:20:00+00:00,147.158,147.179,147.154,147.168,308.05
2023-12-05 23:25:00+00:00,147.169,147.174,147.135,147.153,745.99
2023-12-05 23:30:00+00:00,147.153,147.185,147.152,147.181,602.93
2023-12-05 23:35:00+00:00,147.181,147.191,147.163,147.179,441.09
2023-12-05 23:40:00+00:00,147.182,147.19,147.174,147.187,606.74
2023-12-05 23:45:00+00:00,147.187,147.187,147.165,147.177,247.25
2023-12-05 23:50:00+00:00,147.177,147.177,147.162,147.171,398.39
2023-12-05 23:55:00+00:00,147.17,147.186,147.168,147.184,484.21
2023-12-06 00:00:00+00:00,147.186,147.19,147.139,147.163,1246.07
2023-12-06 00:05:00+00:00,147.163,147.174,147.122,147.137,1093.06
2023-12-06 00:10:00+00:00,147.135,147.15,147.11,147.123,708.91
2023-12-06 00:15:00+00:00,147.124,147.153,147.113,147.148,848.03
2023-12-06 00:20:00+00:00,147.148,147.154,147.123,147.151,654.51
2023-12-06 00:25:00+00:00,147.152,147.234,147.151,147.229,1392.27
2023-12-06 00:30:00+00:00,147.23,147.245,147.227,147.243,752.39
2023-12-06 00:35:00+00:00,147.242,147.284,147.231,147.248,1494.46
2023-12-06 00:40:00+00:00,147.252,147.294,147.237,147.265,2050.26
2023-12-06 00:45:00+00:00,147.265,147.28,147.194,147.198,1738.53
2023-12-06 00:50:00+00:00,147.198,147.223,147.157,147.192,1887.66
2023-12-06 00:55:00+00:00,147.193,147.23,147.183,147.225,1652.63
2023-12-06 01:00:00+00:00,147.223,147.224,147.139,147.162,1431.4
2023-12-06 01:05:00+00:00,147.162,147.164,147.099,147.101,1575.76
2023-12-06 01:10:00+00:00,147.1,147.185,147.087,147.167,1467.14
2023-12-06 01:15:00+00:00,147.167,147.234,147.159,147.19,1906.71
2023-12-06 01:20:00+00:00,147.188,147.228,147.187,147.209,1029.72
2023-12-06 01:25:00+00:00,147.209,147.238,147.204,147.223,1151.61
2023-12-06 01:30:00+00:00,147.228,147.289,147.224,147.257,1612.46
2023-12-06 01:35:00+00:00,147.257,147.265,147.207,147.224,1655.42
2023-12-06 01:40:00+00:00,147.223,147.275,147.208,147.258,1654.76
2023-12-06 01:45:00+00:00,147.258,147.298,147.248,147.252,1867.78
2023-12-06 01:50:00+00:00,147.252,147.267,147.205,147.245,2210.4
2023-12-06 01:55:00+00:00,147.245,147.278,147.24,147.263,1496.12
2023-12-06 02:00:00+00:00,147.263,147.27,147.218,147.231,1588.82
2023-12-06 02:05:00+00:00,147.233,147.243,147.188,147.206,1676.86
2023-12-06 02:10:00+00:00,147.207,147.254,147.201,147.235,1354.94
2023-12-06 02:15:00+00:00,147.236,147.275,147.236,147.262,865.5
2023-12-06 02:20:00+00:00,147.262,147.274,147.255,147.265,894.84
2023-12-06 02:25:00+00:00,147.265,147.269,147.244,147.267,533.55
2023-12-06 02:30:00+00:00,147.267,147.301,147.266,147.293,736.5
2023-12-06 02:35:00+00:00,147.292,147.397,147.288,147.367,1279.21
2023-12-06 02:40:00+00:00,147.366,147.366,147.321,147.334,1027.09
2023-12-06 02:45:00+00:00,147.333,147.361,147.316,147.356,1125.23
2023-12-06 02:50:00+00:00,147.355,147.387,147.348,147.36,1210.97
2023-12-06 02:55:00+00:00,147.361,147.364,147.336,147.342,1043.68
2023-12-06 03:00:00+00:00,147.343,147.374,147.338,147.344,1005.8
2023-12-06 03:05:00+00:00,147.343,147.357,147.308,147.337,1284.15
2023-12-06 03:10:00+00:00,147.338,147.338,147.289,147.296,1340.23
2023-12-06 03:15:00+00:00,147.294,147.3,147.24,147.254,1305.99
2023-12-06 03:20:00+00:00,147.255,147.266,147.233,147.254,1433.56
2023-12-06 03:25:00+00:00,147.254,147.279,147.242,147.278,628.28
2023-12-06 03:30:00+00:00,147.279,147.321,147.277,147.315,1100.46
2023-12-06 03:35:00+00:00,147.314,147.32,147.303,147.312,446.38
2023-12-06 03:40:00+00:00,147.312,147.321,147.303,147.312,629.05
2023-12-06 03:45:00+00:00,147.313,147.322,147.305,147.313,451.53
2023-12-06 03:50:00+00:00,147.314,147.323,147.239,147.242,982.17
2023-12-06 03:55:00+00:00,147.243,147.275,147.224,147.272,1207.73
2023-12-06 04:00:00+00:00,147.273,147.306,147.272,147.297,807.05
2023-12-06 04:05:00+00:00,147.298,147.322,147.297,147.311,885.96
2023-12-06 04:10:00+00:00,147.31,147.32,147.288,147.293,1530.53
2023-12-06 04:15:00+00:00,147.292,147.31,147.279,147.296,1008.39
2023-12-06 04:20:00+00:00,147.298,147.308,147.278,147.294,1049.34
2023-12-06 04:25:00+00:00,147.294,147.301,147.283,147.292,783.55
2023-12-06 04:30:00+00:00,147.292,147.295,147.271,147.278,695.2
2023-12-06 04:35:00+00:00,147.277,147.28,147.263,147.279,792.27
2023-12-06 04:40:00+00:00,147.279,147.3,147.268,147.295,720.97
2023-12-06 04:45:00+00:00,147.296,147.305,147.28,147.28,1330.45
2023-12-06 04:50:00+00:00,147.284,147.301,147.273,147.275,648.5
2023-12-06 04:55:00+00:00,147.275,147.28,147.264,147.276,915.31
2023-12-06 05:00:00+00:00,147.275,147.282,147.254,147.259,1026.93
2023-12-06 05:05:00+00:00,147.26,147.271,147.239,147.239,670.66
2023-12-06 05:10:00+00:00,147.239,147.267,147.237,147.265,956.49
2023-12-06 05:15:00+00:00,147.266,147.291,147.257,147.273,552.39
2023-12-06 05:20:00+00:00,147.272,147.285,147.243,147.266,469.02
2023-12-06 05:25:00+00:00,147.267,147.269,147.226,147.234,852.17
2023-12-06 05:30:00+00:00,147.234,147.246,147.199,147.202,924.73
2023-12-06 05:35:00+00:00,147.202,147.205,147.153,147.167,841.74
2023-12-06 05:40:00+00:00,147.166,147.208,147.165,147.193,1523.91
2023-12-06 05:45:00+00:00,147.194,147.202,147.17,147.17,940.67
2023-12-06 05:50:00+00:00,147.17,147.171,147.139,147.158,1071.86
2023-12-06 05:55:00+00:00,147.157,147.176,147.147,147.174,699.75
2023-12-06 06:00:00+00:00,147.174,147.206,147.159,147.19,1479.62
2023-12-06 06:05:00+00:00,147.191,147.251,147.183,147.249,1170.42
2023-12-06 06:10:00+00:00,147.249,147.261,147.187,147.188,1313.52
2023-12-06 06:15:00+00:00,147.188,147.191,147.143,147.157,1350.94
2023-12-06 06:20:00+00:00,147.158,147.193,147.154,147.182,822.86
2023-12-06 06:25:00+00:00,147.182,147.205,147.181,147.203,709.93
2023-12-06 06:30:00+00:00,147.202,147.222,147.188,147.195,951.51
2023-12-06 06:35:00+00:00,147.198,147.206,147.188,147.195,912.63
2023-12-06 06:40:00+00:00,147.194,147.195,147.156,147.159,1301.25
2023-12-06 06:45:00+00:00,147.159,147.174,147.145,147.165,1037.46
2023-12-06 06:50:00+00:00,147.165,147.195,147.162,147.192,1078.15
2023-12-06 06:55:00+00:00,147.193,147.2,147.164,147.176,922.34
2023-12-06 07:00:00+00:00,147.178,147.178,147.046,147.072,4011.72
2023-12-06 07:05:00+00:00,147.072,147.099,147.043,147.08,2125.66
2023-12-06 07:10:00+00:00,147.08,147.085,147.04,147.059,1544.57
2023-12-06 07:15:00+00:00,147.06,147.06,147.027,147.028,1419.3
2023-12-06 07:20:00+00:00,147.029,147.082,147.008,147.047,1351.31
2023-12-06 07:25:00+00:00,147.047,147.075,147.043,147.055,1212.01
2023-12-06 07:30:00+00:00,147.058,147.06,147.022,147.039,1345.32
2023-12-06 07:35:00+00:00,147.04,147.049,146.986,147.036,1442.65
2023-12-06 07:40:00+00:00,147.037,147.037,146.958,147.006,2144.99
2023-12-06 07:45:00+00:00,147.006,147.047,146.973,147.034,1695.9
2023-12-06 07:50:00+00:00,147.031,147.044,146.934,146.939,2469.1
2023-12-06 07:55:00+00:00,146.941,146.988,146.931,146.968,2412.71
2023-12-06 08:00:00+00:00,146.968,146.989,146.893,146.93,4052.81
2023-12-06 08:05:00+00:00,146.93,146.996,146.923,146.98,3284.04
2023-12-06 08:10:00+00:00,146.981,147.084,146.98,147.066,2515.83
2023-12-06 08:15:00+00:00,147.066,147.085,146.991,147.011,2960.9
2023-12-06 08:20:00+00:00,147.014,147.044,146.994,147.036,1812.83
2023-12-06 08:25:00+00:00,147.036,147.04,146.905,146.945,3436.2
2023-12-06 08:30:00+00:00,146.944,147.069,146.922,147.06,3624.06
2023-12-06 08:35:00+00:00,147.06,147.106,147.044,147.097,2850.52
2023-12-06 08:40:00+00:00,147.094,147.177,147.093,147.156,2006.92
2023-12-06 08:45:00+00:00,147.157,147.165,147.102,147.144,2315.49
2023-12-06 08:50:00+00:00,147.148,147.195,147.135,147.169,2293.68
2023-12-06 08:55:00+00:00,147.167,147.224,147.161,147.213,1733.08
2023-12-06 09:00:00+00:00,147.212,147.214,147.126,147.126,2984.62
2023-12-06 09:05:00+00:00,147.125,147.146,147.089,147.139,2394.32
2023-12-06 09:10:00+00:00,147.139,147.195,147.132,147.195,2361.94
2023-12-06 09:15:00+00:00,147.194,147.243,147.192,147.216,2693.0
2023-12-06 09:20:00+00:00,147.216,147.222,147.164,147.202,1487.7
2023-12-06 09:25:00+00:00,147.203,147.239,147.203,147.212,2340.06
2023-12-06 09:30:00+00:00,147.212,147.264,147.198,147.263,2207.25
2023-12-06 09:35:00+00:00,147.264,147.317,147.257,147.276,2123.86
2023-12-06 09:40:00+00:00,147.276,147.288,147.25,147.265,2464.64
2023-12-06 09:45:00+00:00,147.265,147.269,147.235,147.266,2294.16
2023-12-06 09:50:00+00:00,147.266,147.299,147.257,147.299,1269.27
2023-12-06 09:55:00+00:00,147.299,147.371,147.299,147.319,2352.56
2023-12-06 10:00:00+00:00,147.318,147.359,147.313,147.338,2726.06
2023-12-06 10:05:00+00:00,147.339,147.343,147.311,147.316,2501.9
2023-12-06 10:10:00+00:00,147.318,147.347,147.303,147.311,2306.68
2023-12-06 10:15:00+00:00,147.316,147.422,147.314,147.385,2011.32
2023-12-06 10:20:00+00:00,147.384,147.408,147.361,147.371,2517.95
2023-12-06 10:25:00+00:00,147.372,147.403,147.367,147.395,1958.53
2023-12-06 10:30:00+00:00,147.4,147.401,147.327,147.363,1772.26
2023-12-06 10:35:00+00:00,147.362,147.377,147.34,147.34,1844.08
2023-12-06 10:40:00+00:00,147.34,147.352,147.305,147.319,1466.49
2023-12-06 10:45:00+00:00,147.317,147.339,147.31,147.333,1111.35
2023-12-06 10:50:00+00:00,147.333,147.385,147.333,147.366,1456.55
2023-12-06 10:55:00+00:00,147.367,147.371,147.329,147.357,1533.66
2023-12-06 11:00:00+00:00,147.358,147.376,147.357,147.366,1263.0
2023-12-06 11:05:00+00:00,147.366,147.394,147.358,147.393,1181.55
2023-12-06 11:10:00+00:00,147.391,147.41,147.36,147.375,1495.24
2023-12-06 11:15:00+00:00,147.375,147.429,147.369,147.429,1412.16
2023-12-06 11:20:00+00:00,147.429,147.429,147.412,147.417,1378.36
2023-12-06 11:25:00+00:00,147.418,147.429,147.398,147.429,1162.68
2023-12-06 11:30:00+00:00,147.429,147.49,147.417,147.486,1752.23
2023-12-06 11:35:00+00:00,147.484,147.497,147.439,147.47,1410.45
2023-12-06 11:40:00+00:00,147.467,147.486,147.462,147.477,1077.17
2023-12-06 11:45:00+00:00,147.477,147.479,147.421,147.43,1321.68
2023-12-06 11:50:00+00:00,147.43,147.442,147.361,147.374,2788.61
2023-12-06 11:55:00+00:00,147.373,147.414,147.364,147.395,1935.59
2023-12-06 12:00:00+00:00,147.396,147.426,147.314,147.33,2700.11
2023-12-06 12:05:00+00:00,147.33,147.336,147.271,147.327,2541.01
2023-12-06 12:10:00+00:00,147.327,147.339,147.283,147.316,2023.1
2023-12-06 12:15:00+00:00,147.316,147.331,147.306,147.328,1490.54
2023-12-06 12:20:00+00:00,147.328,147.349,147.282,147.3,1676.47
2023-12-06 12:25:00+00:00,147.3,147.323,147.294,147.312,1638.05
2023-12-06 12:30:00+00:00,147.312,147.324,147.281,147.3,1816.38
2023-12-06 12:35:00+00:00,147.3,147.341,147.294,147.326,1824.81
2023-12-06 12:40:00+00:00,147.327,147.33,147.295,147.326,1920.69
2023-12-06 12:45:00+00:00,147.329,147.357,147.296,147.307,1283.16
2023-12-06 12:50:00+00:00,147.307,147.317,147.242,147.265,1218.35
2023-12-06 12:55:00+00:00,147.266,147.288,147.258,147.28,1203.17
2023-12-06 13:00:00+00:00,147.279,147.28,147.243,147.248,1225.41
2023-12-06 13:05:00+00:00,147.248,147.254,147.192,147.235,2182.82
2023-12-06 13:10:00+00:00,147.234,147.264,147.217,147.233,2490.31
2023-12-06 13:15:00+00:00,147.231,147.243,147.001,147.169,5117.14
2023-12-06 13:20:00+00:00,147.168,147.212,147.125,147.164,5340.83
2023-12-06 13:25:00+00:00,147.164,147.21,147.115,147.116,4373.78
2023-12-06 13:30:00+00:00,147.116,147.203,147.049,147.172,6265.94
2023-12-06 13:35:00+00:00,147.173,147.275,147.142,147.246,5799.52
2023-12-06 13:40:00+00:00,147.244,147.245,147.165,147.173,4060.3
2023-12-06 13:45:00+00:00,147.176,147.187,147.098,147.126,4429.54
2023-12-06 13:50:00+00:00,147.124,147.127,147.053,147.065,3798.52
2023-12-06 13:55:00+00:00,147.065,147.084,147.035,147.077,4159.07
2023-12-06 14:00:00+00:00,147.077,147.131,147.075,147.117,3133.37
2023-12-06 14:05:00+00:00,147.117,147.177,147.096,147.177,2817.75
2023-12-06 14:10:00+00:00,147.177,147.275,147.172,147.266,3068.05
2023-12-06 14:15:00+00:00,147.265,147.333,147.264,147.333,2809.71
2023-12-06 14:20:00+00:00,147.331,147.334,147.213,147.221,3084.16
2023-12-06 14:25:00+00:00,147.22,147.235,147.173,147.201,3138.71
2023-12-06 14:30:00+00:00,147.202,147.231,147.158,147.167,3822.56
2023-12-06 14:35:00+00:00,147.171,147.243,147.126,147.213,3534.03
2023-12-06 14:40:00+00:00,147.215,147.24,147.171,147.201,2901.89
2023-12-06 14:45:00+00:00,147.201,147.293,147.199,147.213,2524.51
2023-12-06 14:50:00+00:00,147.21,147.247,147.126,147.247,3233.5
2023-12-06 14:55:00+00:00,147.248,147.26,147.165,147.19,2857.7
2023-12-06 15:00:00+00:00,147.189,147.367,147.175,147.318,3714.13
2023-12-06 15:05:00+00:00,147.318,147.345,147.266,147.288,3119.58
2023-12-06 15:10:00+00:00,147.287,147.3,147.233,147.245,2685.43
2023-12-06 15:15:00+00:00,147.246,147.25,147.193,147.212,3281.18
2023-12-06 15:20:00+00:00,147.214,147.216,147.155,147.179,2762.61
2023-12-06 15:25:00+00:00,147.177,147.226,147.17,147.215,2637.56
2023-12-06 15:30:00+00:00,147.211,147.211,147.093,147.106,3133.79
2023-12-06 15:35:00+00:00,147.106,147.152,147.073,147.099,3425.02
2023-12-06 15:40:00+00:00,147.104,147.169,147.099,147.164,2896.2
2023-12-06 15:45:00+00:00,147.164,147.165,147.085,147.125,3663.53
2023-12-06 15:50:00+00:00,147.126,147.196,147.116,147.193,3133.19
2023-12-06 15:55:00+00:00,147.193,147.226,147.172,147.219,2431.88
2023-12-06 16:00:00+00:00,147.219,147.219,147.129,147.139,3481.33
2023-12-06 16:05:00+00:00,147.139,147.195,147.119,147.191,2514.04
2023-12-06 16:10:00+00:00,147.191,147.199,147.118,147.139,3156.39
2023-12-06 16:15:00+00:00,147.139,147.191,147.137,147.18,2376.29
2023-12-06 16:20:00+00:00,147.18,147.236,147.168,147.202,2487.27
2023-12-06 16:25:00+00:00,147.203,147.295,147.203,147.279,2976.35
2023-12-06 16:30:00+00:00,147.279,147.284,147.25,147.273,2337.05
2023-12-06 16:35:00+00:00,147.273,147.273,147.231,147.245,1957.2
2023-12-06 16:40:00+00:00,147.245,147.248,147.213,147.216,2044.14
2023-12-06 16:45:00+00:00,147.215,147.224,147.173,147.185,1336.7
2023-12-06 16:50:00+00:00,147.184,147.194,147.12,147.136,1891.56
2023-12-06 16:55:00+00:00,147.136,147.185,147.131,147.16,1548.26
2023-12-06 17:00:00+00:00,147.16,147.184,147.15,147.168,1875.65
2023-12-06 17:05:00+00:00,147.17,147.174,147.106,147.138,1235.44
2023-12-06 17:10:00+00:00,147.137,147.152,147.117,147.123,1449.27
2023-12-06 17:15:00+00:00,147.125,147.134,147.099,147.109,1191.13
2023-12-06 17:20:00+00:00,147.11,147.129,147.097,147.119,581.98
2023-12-06 17:25:00+00:00,147.118,147.15,147.11,147.147,935.17
2023-12-06 17:30:00+00:00,147.148,147.151,147.13,147.14,1291.13
2023-12-06 17:35:00+00:00,147.14,147.175,147.101,147.169,1614.0
2023-12-06 17:40:00+00:00,147.169,147.181,147.158,147.17,947.42
2023-12-06 17:45:00+00:00,147.168,147.213,147.162,147.202,1133.17
2023-12-06 17:50:00+00:00,147.202,147.206,147.154,147.16,1872.73
2023-12-06 17:55:00+00:00,147.159,147.219,147.159,147.217,1252.8
2023-12-06 18:00:00+00:00,147.219,147.22,147.202,147.206,683.62
2023-12-06 18:05:00+00:00,147.207,147.237,147.201,147.203,541.17
2023-12-06 18:10:00+00:00,147.202,147.238,147.202,147.222,449.04
2023-12-06 18:15:00+00:00,147.221,147.28,147.212,147.265,918.84
2023-12-06 18:20:00+00:00,147.266,147.291,147.26,147.28,699.8
2023-12-06 18:25:00+00:00,147.28,147.291,147.243,147.248,854.86
2023-12-06 18:30:00+00:00,147.249,147.262,147.231,147.261,887.03
2023-12-06 18:35:00+00:00,147.267,147.27,147.258,147.268,921.78
2023-12-06 18:40:00+00:00,147.268,147.284,147.262,147.272,882.66
2023-12-06 18:45:00+00:00,147.273,147.273,147.236,147.241,707.23
2023-12-06 18:50:00+00:00,147.242,147.25,147.215,147.25,917.24
2023-12-06 18:55:00+00:00,147.25,147.263,147.249,147.26,975.29
2023-12-06 19:00:00+00:00,147.261,147.267,147.248,147.267,677.84
2023-12-06 19:05:00+00:00,147.268,147.277,147.234,147.27,1056.42
2023-12-06 19:10:00+00:00,147.269,147.294,147.265,147.287,1374.01
2023-12-06 19:15:00+00:00,147.289,147.301,147.275,147.299,1767.18
2023-12-06 19:20:00+00:00,147.3,147.329,147.299,147.31,1391.48
2023-12-06 19:25:00+00:00,147.311,147.325,147.304,147.324,616.28
2023-12-06 19:30:00+00:00,147.322,147.342,147.319,147.329,773.66
2023-12-06 19:35:00+00:00,147.33,147.342,147.319,147.323,407.49
2023-12-06 19:40:00+00:00,147.322,147.328,147.313,147.322,277.2
2023-12-06 19:45:00+00:00,147.321,147.355,147.321,147.353,486.0
2023-12-06 19:50:00+00:00,147.354,147.375,147.347,147.368,475.52
2023-12-06 19:55:00+00:00,147.368,147.378,147.343,147.343,1392.89
2023-12-06 20:00:00+00:00,147.345,147.381,147.343,147.377,706.17
2023-12-06 20:05:00+00:00,147.376,147.408,147.376,147.398,763.26
2023-12-06 20:10:00+00:00,147.398,147.412,147.373,147.373,786.38
2023-12-06 20:15:00+00:00,147.374,147.397,147.367,147.397,525.14
2023-12-06 20:20:00+00:00,147.397,147.397,147.359,147.376,395.61
2023-12-06 20:25:00+00:00,147.375,147.39,147.362,147.367,536.4
2023-12-06 20:30:00+00:00,147.367,147.378,147.365,147.377,545.77
2023-12-06 20:35:00+00:00,147.377,147.387,147.365,147.386,292.02
2023-12-06 20:40:00+00:00,147.385,147.39,147.374,147.378,323.02
2023-12-06 20:45:00+00:00,147.376,147.406,147.367,147.388,912.67
2023-12-06 20:50:00+00:00,147.387,147.389,147.368,147.369,850.0
2023-12-06 20:55:00+00:00,147.368,147.377,147.357,147.368,524.3
2023-12-06 21:00:00+00:00,147.37,147.377,147.362,147.363,484.17
2023-12-06 21:05:00+00:00,147.363,147.369,147.352,147.363,171.27
2023-12-06 21:10:00+00:00,147.365,147.376,147.362,147.373,123.6
2023-12-06 21:15:00+00:00,147.372,147.372,147.368,147.368,28.35
2023-12-06 21:20:00+00:00,147.368,147.368,147.362,147.365,64.05
2023-12-06 21:25:00+00:00,147.364,147.368,147.355,147.356,136.38
2023-12-06 21:30:00+00:00,147.355,147.368,147.349,147.355,266.04
2023-12-06 21:35:00+00:00,147.355,147.358,147.352,147.358,163.86
2023-12-06 21:40:00+00:00,147.358,147.368,147.346,147.347,346.84
2023-12-06 21:45:00+00:00,147.347,147.356,147.331,147.335,443.78
2023-12-06 21:50:00+00:00,147.333,147.336,147.305,147.324,737.74
2023-12-06 21:55:00+00:00,147.322,147.334,147.296,147.298,926.26
2023-12-06 22:00:00+00:00,147.298,147.3,147.158,147.162,54.45
2023-12-06 22:05:00+00:00,147.162,147.211,147.159,147.206,175.09
2023-12-06 22:10:00+00:00,147.206,147.216,147.189,147.203,120.09
2023-12-06 22:15:00+00:00,147.2,147.213,147.192,147.194,244.8
2023-12-06 22:20:00+00:00,147.2,147.2,147.19,147.197,101.55
2023-12-06 22:25:00+00:00,147.199,147.254,147.182,147.244,177.85
2023-12-06 22:30:00+00:00,147.246,147.262,147.218,147.224,460.85
2023-12-06 22:35:00+00:00,147.244,147.263,147.226,147.248,532.79
2023-12-06 22:40:00+00:00,147.248,147.252,147.208,147.209,454.15
2023-12-06 22:45:00+00:00,147.209,147.224,147.202,147.212,414.65
2023-12-06 22:50:00+00:00,147.215,147.218,147.193,147.206,484.02
2023-12-06 22:55:00+00:00,147.206,147.234,147.18,147.23,681.55
2023-12-06 23:00:00+00:00,147.229,147.25,147.198,147.25,405.56
2023-12-06 23:05:00+00:00,147.248,147.254,147.227,147.228,194.86
2023-12-06 23:10:00+00:00,147.229,147.279,147.226,147.277,374.26
2023-12-06 23:15:00+00:00,147.276,147.293,147.263,147.286,676.6
2023-12-06 23:20:00+00:00,147.285,147.293,147.281,147.285,271.37
2023-12-06 23:25:00+00:00,147.285,147.287,147.251,147.254,399.45
2023-12-06 23:30:00+00:00,147.254,147.266,147.245,147.265,509.92
2023-12-06 23:35:00+00:00,147.265,147.29,147.259,147.278,229.29
2023-12-06 23:40:00+00:00,147.28,147.298,147.244,147.255,619.87
2023-12-06 23:45:00+00:00,147.256,147.263,147.173,147.189,676.23
2023-12-06 23:50:00+00:00,147.19,147.212,147.152,147.159,785.5
2023-12-06 23:55:00+00:00,147.159,147.18,147.142,147.18,721.65
2023-12-07 00:00:00+00:00,147.179,147.179,147.101,147.102,2090.73
2023-12-07 00:05:00+00:00,147.101,147.127,147.082,147.119,1549.58
2023-12-07 00:10:00+00:00,147.119,147.162,147.1,147.125,1300.95
2023-12-07 00:15:00+00:00,147.122,147.167,147.119,147.165,1632.76
2023-12-07 00:20:00+00:00,147.164,147.185,147.155,147.179,1490.05
2023-12-07 00:25:00+00:00,147.181,147.181,147.107,147.123,1127.2
2023-12-07 00:30:00+00:00,147.132,147.135,147.094,147.1,1275.98
2023-12-07 00:35:00+00:00,147.099,147.103,146.991,147.027,1746.92
2023-12-07 00:40:00+00:00,147.028,147.077,147.014,147.069,1016.11
2023-12-07 00:45:00+00:00,147.07,147.136,147.069,147.1,1283.99
2023-12-07 00:50:00+00:00,147.099,147.108,147.002,147.064,3140.77
2023-12-07 00:55:00+00:00,147.064,147.106,146.978,147.093,2207.47
2023-12-07 01:00:00+00:00,147.096,147.109,147.057,147.077,2724.21
2023-12-07 01:05:00+00:00,147.079,147.096,147.055,147.093,1714.96
2023-12-07 01:10:00+00:00,147.092,147.105,147.058,147.067,1278.27
2023-12-07 01:15:00+00:00,147.065,147.089,147.018,147.089,2271.92
2023-12-07 01:20:00+00:00,147.089,147.092,147.039,147.041,1573.21
2023-12-07 01:25:00+00:00,147.042,147.072,147.039,147.059,1161.83
2023-12-07 01:30:00+00:00,147.058,147.059,146.912,146.961,1977.82
2023-12-07 01:35:00+00:00,146.96,147.028,146.943,146.95,2129.66
2023-12-07 01:40:00+00:00,146.949,146.982,146.862,146.867,2233.74
2023-12-07 01:45:00+00:00,146.867,146.934,146.807,146.933,2537.02
2023-12-07 01:50:00+00:00,146.932,146.939,146.859,146.917,1405.81
2023-12-07 01:55:00+00:00,146.913,146.92,146.802,146.887,2284.66
2023-12-07 02:00:00+00:00,146.887,146.924,146.861,146.907,1521.74
2023-12-07 02:05:00+00:00,146.907,146.909,146.809,146.841,1446.16
2023-12-07 02:10:00+00:00,146.841,146.856,146.788,146.815,1738.4
2023-12-07 02:15:00+00:00,146.814,146.814,146.75,146.751,1962.09
2023-12-07 02:20:00+00:00,146.753,146.807,146.745,146.764,1379.22
2023-12-07 02:25:00+00:00,146.764,146.776,146.723,146.75,2089.43
2023-12-07 02:30:00+00:00,146.75,146.772,146.703,146.716,1489.83
2023-12-07 02:35:00+00:00,146.714,146.837,146.688,146.837,2162.76
2023-12-07 02:40:00+00:00,146.836,146.872,146.804,146.844,2020.67
2023-12-07 02:45:00+00:00,146.843,146.867,146.814,146.826,1298.55
2023-12-07 02:50:00+00:00,146.824,146.854,146.821,146.84,1112.0
2023-12-07 02:55:00+00:00,146.84,146.903,146.839,146.859,975.63
2023-12-07 03:00:00+00:00,146.858,146.903,146.834,146.894,811.21
2023-12-07 03:05:00+00:00,146.894,146.937,146.863,146.932,1480.59
2023-12-07 03:10:00+00:00,146.932,146.946,146.923,146.931,1135.41
2023-12-07 03:15:00+00:00,146.932,146.982,146.929,146.93,1835.35
2023-12-07 03:20:00+00:00,146.931,146.935,146.854,146.872,2093.73
2023-12-07 03:25:00+00:00,146.873,146.932,146.872,146.905,1129.09
2023-12-07 03:30:00+00:00,146.906,146.906,146.859,146.865,1271.24
2023-12-07 03:35:00+00:00,146.865,146.869,146.801,146.814,1748.21
2023-12-07 03:40:00+00:00,146.814,146.842,146.788,146.788,1663.2
2023-12-07 03:45:00+00:00,146.787,146.816,146.773,146.779,1895.2
2023-12-07 03:50:00+00:00,146.776,146.859,146.776,146.81,1004.87
2023-12-07 03:55:00+00:00,146.81,146.858,146.8,146.858,627.0
2023-12-07 04:00:00+00:00,146.859,146.895,146.858,146.89,1258.01
2023-12-07 04:05:00+00:00,146.889,146.897,146.874,146.889,1059.69
2023-12-07 04:10:00+00:00,146.889,146.892,146.847,146.858,1509.65
2023-12-07 04:15:00+00:00,146.857,146.865,146.835,146.842,1364.56
2023-12-07 04:20:00+00:00,146.843,146.843,146.813,146.833,952.12
2023-12-07 04:25:00+00:00,146.833,146.869,146.825,146.828,756.66
2023-12-07 04:30:00+00:00,146.829,146.86,146.827,146.845,1276.5
2023-12-07 04:35:00+00:00,146.843,146.843,146.758,146.781,1508.71
2023-12-07 04:40:00+00:00,146.785,146.796,146.753,146.785,1143.92
2023-12-07 04:45:00+00:00,146.784,146.795,146.731,146.735,1606.19
2023-12-07 04:50:00+00:00,146.736,146.753,146.714,146.749,833.4
2023-12-07 04:55:00+00:00,146.75,146.763,146.711,146.729,1267.8
2023-12-07 05:00:00+00:00,146.728,146.729,146.64,146.654,1928.94
2023-12-07 05:05:00+00:00,146.654,146.699,146.639,146.697,1099.51
2023-12-07 05:10:00+00:00,146.698,146.761,146.694,146.74,1740.91
2023-12-07 05:15:00+00:00,146.736,146.773,146.735,146.766,1053.51
2023-12-07 05:20:00+00:00,146.766,146.814,146.764,146.794,1180.39
2023-12-07 05:25:00+00:00,146.792,146.794,146.754,146.763,872.83
2023-12-07 05:30:00+00:00,146.763,146.815,146.762,146.798,966.53
2023-12-07 05:35:00+00:00,146.797,146.806,146.739,146.741,935.91
2023-12-07 05:40:00+00:00,146.739,146.74,146.618,146.619,2074.99
2023-12-07 05:45:00+00:00,146.62,146.638,146.546,146.552,1810.07
2023-12-07 05:50:00+00:00,146.552,146.583,146.538,146.57,1483.45
2023-12-07 05:55:00+00:00,146.573,146.593,146.511,146.542,1878.18
2023-12-07 06:00:00+00:00,146.54,146.669,146.523,146.643,2749.77
2023-12-07 06:05:00+00:00,146.643,146.643,146.556,146.598,2313.53
2023-12-07 06:10:00+00:00,146.599,146.599,146.552,146.555,1206.02
2023-12-07 06:15:00+00:00,146.553,146.555,146.429,146.469,2932.39
2023-12-07 06:20:00+00:00,146.466,146.505,146.323,146.329,3154.63
2023-12-07 06:25:00+00:00,146.329,146.41,146.315,146.371,2571.71
2023-12-07 06:30:00+00:00,146.372,146.372,146.259,146.31,3429.17
2023-12-07 06:35:00+00:00,146.31,146.31,146.171,146.174,3316.19
2023-12-07 06:40:00+00:00,146.173,146.254,146.148,146.221,2907.54
2023-12-07 06:45:00+00:00,146.22,146.297,146.201,146.271,3504.53
2023-12-07 06:50:00+00:00,146.269,146.322,146.213,146.311,1521.3
2023-12-07 06:55:00+00:00,146.311,146.323,146.254,146.293,2410.25
2023-12-07 07:00:00+00:00,146.292,146.292,146.063,146.081,4786.16
2023-12-07 07:05:00+00:00,146.08,146.105,146.017,146.025,3460.22
2023-12-07 07:10:00+00:00,146.025,146.09,145.996,146.034,4317.09
2023-12-07 07:15:00+00:00,146.03,146.034,145.813,145.822,4434.81
2023-12-07 07:20:00+00:00,145.823,145.915,145.817,145.91,3431.16
2023-12-07 07:25:00+00:00,145.91,145.97,145.831,145.86,3371.77
2023-12-07 07:30:00+00:00,145.859,145.928,145.704,145.776,3582.95
2023-12-07 07:35:00+00:00,145.776,145.827,145.723,145.749,3335.2
2023-12-07 07:40:00+00:00,145.75,145.778,145.558,145.581,4513.55
2023-12-07 07:45:00+00:00,145.58,145.628,145.516,145.62,4303.23
2023-12-07 07:50:00+00:00,145.62,145.753,145.61,145.63,3402.67
2023-12-07 07:55:00+00:00,145.628,145.714,145.605,145.712,2617.95
2023-12-07 08:00:00+00:00,145.713,145.715,145.549,145.558,5277.21
2023-12-07 08:05:00+00:00,145.556,145.65,145.536,145.536,3753.75
2023-12-07 08:10:00+00:00,145.535,145.58,145.45,145.482,5146.13
2023-12-07 08:15:00+00:00,145.482,145.577,145.479,145.481,3071.95
2023-12-07 08:20:00+00:00,145.484,145.594,145.447,145.486,4461.73
2023-12-07 08:25:00+00:00,145.49,145.498,145.27,145.278,5001.64
2023-12-07 08:30:00+00:00,145.279,145.394,145.244,145.312,2974.94
2023-12-07 08:35:00+00:00,145.313,145.335,145.2,145.213,3664.94
2023-12-07 08:40:00+00:00,145.213,145.252,145.108,145.152,3386.9
2023-12-07 08:45:00+00:00,145.155,145.172,145.06,145.161,4181.63
2023-12-07 08:50:00+00:00,145.165,145.335,145.145,145.332,3380.22
2023-12-07 08:55:00+00:00,145.331,145.424,145.292,145.401,3568.38
2023-12-07 09:00:00+00:00,145.402,145.422,145.279,145.279,3889.23
2023-12-07 09:05:00+00:00,145.279,145.356,145.253,145.314,3951.02
2023-12-07 09:10:00+00:00,145.315,145.381,145.263,145.284,4403.23
2023-12-07 09:15:00+00:00,145.283,145.324,145.068,145.191,5135.79
2023-12-07 09:20:00+00:00,145.191,145.369,145.17,145.284,4018.39
2023-12-07 09:25:00+00:00,145.285,145.333,145.256,145.307,4710.08
2023-12-07 09:30:00+00:00,145.307,145.312,145.141,145.223,4585.78
2023-12-07 09:35:00+00:00,145.224,145.226,145.119,145.16,4085.91
2023-12-07 09:40:00+00:00,145.159,145.222,145.066,145.088,4492.6
2023-12-07 09:45:00+00:00,145.087,145.162,145.058,145.097,4441.22
2023-12-07 09:50:00+00:00,145.095,145.101,144.832,144.858,4956.96
2023-12-07 09:55:00+00:00,144.858,144.935,144.818,144.859,2884.82
2023-12-07 10:00:00+00:00,144.859,144.979,144.848,144.877,4846.96
2023-12-07 10:05:00+00:00,144.877,144.911,144.758,144.808,4866.43
2023-12-07 10:10:00+00:00,144.814,144.833,144.638,144.642,4651.32
2023-12-07 10:15:00+00:00,144.64,144.726,144.635,144.702,5320.34
2023-12-07 10:20:00+00:00,144.704,144.704,144.542,144.638,5119.01
2023-12-07 10:25:00+00:00,144.641,144.798,144.626,144.771,3079.52
2023-12-07 10:30:00+00:00,144.775,144.929,144.775,144.923,2941.73
2023-12-07 10:35:00+00:00,144.925,144.976,144.851,144.972,2614.16
2023-12-07 10:40:00+00:00,144.972,144.984,144.77,144.803,3459.07
2023-12-07 10:45:00+00:00,144.803,144.849,144.724,144.741,3332.12
2023-12-07 10:50:00+00:00,144.741,144.905,144.739,144.862,3513.88
2023-12-07 10:55:00+00:00,144.861,144.873,144.814,144.853,3224.57
2023-12-07 11:00:00+00:00,144.853,144.95,144.784,144.902,3967.83
2023-12-07 11:05:00+00:00,144.901,145.038,144.881,144.906,4035.62
2023-12-07 11:10:00+00:00,144.905,145.029,144.89,145.025,2444.45
2023-12-07 11:15:00+00:00,145.026,145.026,144.929,144.949,2617.71
2023-12-07 11:20:00+00:00,144.949,145.036,144.898,145.034,3499.12
2023-12-07 11:25:00+00:00,145.033,145.166,145.023,145.16,3462.06
2023-12-07 11:30:00+00:00,145.163,145.197,145.146,145.16,2431.26
2023-12-07 11:35:00+00:00,145.162,145.241,145.112,145.135,2859.95
2023-12-07 11:40:00+00:00,145.137,145.156,145.072,145.126,2337.18
2023-12-07 11:45:00+00:00,145.127,145.174,145.071,145.106,2399.68
2023-12-07 11:50:00+00:00,145.099,145.099,145.011,145.012,3113.5
2023-12-07 11:55:00+00:00,145.012,145.038,144.965,145.022,3010.99
2023-12-07 12:00:00+00:00,145.023,145.136,144.984,145.118,2341.83
2023-12-07 12:05:00+00:00,145.118,145.165,145.096,145.118,1761.23
2023-12-07 12:10:00+00:00,145.117,145.255,145.117,145.232,1890.89
2023-12-07 12:15:00+00:00,145.23,145.254,145.146,145.251,2506.13
2023-12-07 12:20:00+00:00,145.252,145.291,145.224,145.28,1953.9
2023-12-07 12:25:00+00:00,145.28,145.302,145.188,145.224,2260.94
2023-12-07 12:30:00+00:00,145.223,145.226,145.071,145.072,2945.31
2023-12-07 12:35:00+00:00,145.073,145.15,145.002,145.105,3419.5
2023-12-07 12:40:00+00:00,145.106,145.152,145.082,145.1,2272.83
2023-12-07 12:45:00+00:00,145.102,145.13,145.018,145.094,2995.8
2023-12-07 12:50:00+00:00,145.093,145.134,145.026,145.051,3001.09
2023-12-07 12:55:00+00:00,145.05,145.05,144.983,145.038,3052.98
2023-12-07 13:00:00+00:00,145.036,145.106,144.99,145.033,3698.17
2023-12-07 13:05:00+00:00,145.033,145.094,144.99,144.994,3580.55
2023-12-07 13:10:00+00:00,144.994,145.127,144.976,145.124,3653.12
2023-12-07 13:15:00+00:00,145.125,145.125,145.068,145.082,3376.93
2023-12-07 13:20:00+00:00,145.083,145.088,144.954,145.03,4358.36
2023-12-07 13:25:00+00:00,145.03,145.033,144.956,144.981,2749.31
2023-12-07 13:30:00+00:00,144.979,145.258,144.946,145.084,6650.51
2023-12-07 13:35:00+00:00,145.085,145.114,144.837,144.883,6582.68
2023-12-07 13:40:00+00:00,144.884,144.899,144.785,144.855,6542.25
2023-12-07 13:45:00+00:00,144.854,144.877,144.735,144.783,5843.89
2023-12-07 13:50:00+00:00,144.782,144.794,144.72,144.772,4826.61
2023-12-07 13:55:00+00:00,144.771,144.919,144.768,144.836,5835.08
2023-12-07 14:00:00+00:00,144.836,144.842,144.75,144.779,4986.9
2023-12-07 14:05:00+00:00,144.779,144.833,144.746,144.795,4472.95
2023-12-07 14:10:00+00:00,144.795,144.859,144.756,144.842,4171.71
2023-12-07 14:15:00+00:00,144.843,144.954,144.799,144.904,5046.76
2023-12-07 14:20:00+00:00,144.904,144.905,144.824,144.839,3934.08
2023-12-07 14:25:00+00:00,144.838,144.907,144.74,144.768,4317.83
2023-12-07 14:30:00+00:00,144.768,144.771,144.563,144.654,6161.56
2023-12-07 14:35:00+00:00,144.654,144.761,144.628,144.67,6068.03
2023-12-07 14:40:00+00:00,144.67,144.778,144.62,144.665,4971.33
2023-12-07 14:45:00+00:00,144.665,144.727,144.563,144.604,3865.05
2023-12-07 14:50:00+00:00,144.6,144.604,144.368,144.466,5765.95
2023-12-07 14:55:00+00:00,144.465,144.63,144.428,144.629,3707.76
2023-12-07 15:00:00+00:00,144.628,144.659,144.517,144.521,4433.87
2023-12-07 15:05:00+00:00,144.519,144.688,144.482,144.664,4150.58
2023-12-07 15:10:00+00:00,144.666,144.76,144.614,144.636,4220.12
2023-12-07 15:15:00+00:00,144.636,144.664,144.495,144.496,4981.44
2023-12-07 15:20:00+00:00,144.492,144.547,144.419,144.432,4564.93
2023-12-07 15:25:00+00:00,144.431,144.472,144.326,144.336,4663.17
2023-12-07 15:30:00+00:00,144.339,144.372,144.207,144.237,4890.58
2023-12-07 15:35:00+00:00,144.236,144.254,144.109,144.152,4879.34
2023-12-07 15:40:00+00:00,144.153,144.254,144.148,144.186,3668.57
2023-12-07 15:45:00+00:00,144.186,144.219,144.13,144.13,3580.82
2023-12-07 15:50:00+00:00,144.134,144.165,144.02,144.043,5287.6
2023-12-07 15:55:00+00:00,144.045,144.078,143.939,144.03,5580.86
2023-12-07 16:00:00+00:00,144.033,144.05,143.795,143.976,6093.11
2023-12-07 16:05:00+00:00,143.976,144.146,143.976,144.101,4504.33
2023-12-07 16:10:00+00:00,144.1,144.153,143.981,144.045,3650.09
2023-12-07 16:15:00+00:00,144.043,144.194,144.037,144.194,2691.69
2023-12-07 16:20:00+00:00,144.193,144.249,144.103,144.204,2802.24
2023-12-07 16:25:00+00:00,144.203,144.203,144.119,144.158,3169.67
2023-12-07 16:30:00+00:00,144.16,144.2,144.062,144.14,3244.88
2023-12-07 16:35:00+00:00,144.14,144.165,144.079,144.118,3477.21
2023-12-07 16:40:00+00:00,144.115,144.123,143.974,143.974,2639.17
2023-12-07 16:45:00+00:00,143.974,144.042,143.936,144.037,2982.97
2023-12-07 16:50:00+00:00,144.038,144.133,144.038,144.109,1824.12
2023-12-07 16:55:00+00:00,144.109,144.145,144.072,144.1,1569.75
2023-12-07 17:00:00+00:00,144.099,144.222,144.094,144.212,2908.28
2023-12-07 17:05:00+00:00,144.211,144.316,144.211,144.311,2776.62
2023-12-07 17:10:00+00:00,144.309,144.309,144.251,144.289,1539.94
2023-12-07 17:15:00+00:00,144.288,144.288,144.181,144.196,1612.99
2023-12-07 17:20:00+00:00,144.196,144.2,144.048,144.124,2874.21
2023-12-07 17:25:00+00:00,144.123,144.125,144.062,144.071,2040.42
2023-12-07 17:30:00+00:00,144.072,144.1,144.005,144.034,2018.62
2023-12-07 17:35:00+00:00,144.035,144.061,143.955,143.965,870.07
2023-12-07 17:40:00+00:00,143.964,143.966,143.495,143.53,3800.25
2023-12-07 17:45:00+00:00,143.532,143.602,141.615,142.984,7718.8
2023-12-07 17:50:00+00:00,142.984,143.412,142.635,143.354,6257.2
2023-12-07 17:55:00+00:00,143.353,143.478,143.174,143.266,4639.31
2023-12-07 18:00:00+00:00,143.269,143.588,143.245,143.391,4508.6
2023-12-07 18:05:00+00:00,143.391,143.595,143.36,143.432,3648.67
2023-12-07 18:10:00+00:00,143.433,143.453,143.043,143.2,5184.32
2023-12-07 18:15:00+00:00,143.199,143.417,143.187,143.386,3547.16
2023-12-07 18:20:00+00:00,143.386,143.516,143.384,143.477,3148.6
2023-12-07 18:25:00+00:00,143.477,143.709,143.405,143.58,2161.42
2023-12-07 18:30:00+00:00,143.579,143.593,143.471,143.531,1792.22
2023-12-07 18:35:00+00:00,143.529,143.578,143.453,143.561,1847.66
2023-12-07 18:40:00+00:00,143.56,143.592,143.432,143.562,1517.7
2023-12-07 18:45:00+00:00,143.562,143.579,143.459,143.477,1177.75
2023-12-07 18:50:00+00:00,143.483,143.5,143.338,143.466,1563.62
2023-12-07 18:55:00+00:00,143.467,143.499,143.317,143.494,2357.73
2023-12-07 19:00:00+00:00,143.496,143.558,143.455,143.517,2495.73
2023-12-07 19:05:00+00:00,143.514,143.593,143.512,143.539,847.21
2023-12-07 19:10:00+00:00,143.536,143.552,143.425,143.457,1433.34
2023-12-07 19:15:00+00:00,143.459,143.51,143.399,143.423,1158.15
2023-12-07 19:20:00+00:00,143.422,143.437,143.325,143.385,1471.3
2023-12-07 19:25:00+00:00,143.385,143.469,143.385,143.465,1110.34
2023-12-07 19:30:00+00:00,143.464,143.5,143.39,143.477,1266.48
2023-12-07 19:35:00+00:00,143.477,143.507,143.45,143.472,818.3
2023-12-07 19:40:00+00:00,143.472,143.551,143.46,143.551,791.78
2023-12-07 19:45:00+00:00,143.549,143.58,143.525,143.538,995.21
2023-12-07 19:50:00+00:00,143.538,143.539,143.494,143.502,1056.19
2023-12-07 19:55:00+00:00,143.5,143.5,143.421,143.456,1307.05
2023-12-07 20:00:00+00:00,143.453,143.549,143.451,143.533,1282.76
2023-12-07 20:05:00+00:00,143.533,143.54,143.433,143.466,1353.4
2023-12-07 20:10:00+00:00,143.467,143.503,143.461,143.492,1100.21
2023-12-07 20:15:00+00:00,143.492,143.507,143.471,143.482,780.44
2023-12-07 20:20:00+00:00,143.482,143.534,143.473,143.514,732.39
2023-12-07 20:25:00+00:00,143.513,143.556,143.512,143.54,519.77
2023-12-07 20:30:00+00:00,143.542,143.583,143.525,143.563,562.81
2023-12-07 20:35:00+00:00,143.563,143.593,143.544,143.591,584.95
2023-12-07 20:40:00+00:00,143.592,143.645,143.58,143.596,1046.77
2023-12-07 20:45:00+00:00,143.596,143.639,143.586,143.627,587.57
2023-12-07 20:50:00+00:00,143.626,143.68,143.626,143.652,893.86
2023-12-07 20:55:00+00:00,143.653,143.725,143.653,143.721,1354.94
2023-12-07 21:00:00+00:00,143.721,143.782,143.716,143.75,792.4
2023-12-07 21:05:00+00:00,143.749,143.822,143.749,143.822,445.05
2023-12-07 21:10:00+00:00,143.821,143.896,143.819,143.895,627.18
2023-12-07 21:15:00+00:00,143.899,143.957,143.881,143.951,1097.86
2023-12-07 21:20:00+00:00,143.951,144.001,143.934,143.989,548.58
2023-12-07 21:25:00+00:00,143.99,144.063,143.972,144.044,513.55
2023-12-07 21:30:00+00:00,144.043,144.093,144.038,144.082,310.37
2023-12-07 21:35:00+00:00,144.082,144.176,144.081,144.168,574.74
2023-12-07 21:40:00+00:00,144.168,144.169,144.067,144.114,495.93
2023-12-07 21:45:00+00:00,144.112,144.123,144.076,144.084,624.31
2023-12-07 21:50:00+00:00,144.084,144.139,144.066,144.139,715.39
2023-12-07 21:55:00+00:00,144.137,144.175,144.092,144.092,867.35
2023-12-07 22:00:00+00:00,144.086,144.118,144.086,144.114,54.9
2023-12-07 22:05:00+00:00,144.114,144.129,144.099,144.129,122.65
2023-12-07 22:10:00+00:00,144.129,144.147,144.119,144.141,93.6
2023-12-07 22:15:00+00:00,144.141,144.147,144.13,144.147,52.5
2023-12-07 22:20:00+00:00,144.145,144.173,144.145,144.166,112.34
2023-12-07 22:25:00+00:00,144.165,144.169,144.157,144.168,62.7
2023-12-07 22:30:00+00:00,144.166,144.173,144.166,144.173,54.0
2023-12-07 22:35:00+00:00,144.173,144.176,143.884,144.17,159.12
2023-12-07 22:40:00+00:00,144.17,144.187,144.166,144.173,176.13
2023-12-07 22:45:00+00:00,144.173,144.179,144.172,144.179,104.7
2023-12-07 22:50:00+00:00,144.18,144.242,144.157,144.24,317.85
2023-12-07 22:55:00+00:00,144.23,144.247,144.18,144.229,223.4
2023-12-07 23:00:00+00:00,144.227,144.227,143.898,143.899,1319.0
2023-12-07 23:05:00+00:00,143.898,143.96,143.802,143.907,1569.0
2023-12-07 23:10:00+00:00,143.908,143.986,143.851,143.951,924.88
2023-12-07 23:15:00+00:00,143.952,144.104,143.944,144.1,1251.23
2023-12-07 23:20:00+00:00,144.102,144.145,143.935,143.949,2147.65
2023-12-07 23:25:00+00:00,143.95,144.035,143.949,144.01,1652.09
2023-12-07 23:30:00+00:00,144.012,144.14,143.934,144.115,2018.57
2023-12-07 23:35:00+00:00,144.114,144.121,144.01,144.112,1876.15
2023-12-07 23:40:00+00:00,144.112,144.19,144.106,144.144,1946.39
2023-12-07 23:45:00+00:00,144.149,144.174,144.029,144.03,1449.13
2023-12-07 23:50:00+00:00,144.03,144.319,144.027,144.307,1207.7
2023-12-07 23:55:00+00:00,144.305,144.318,144.236,144.238,1631.14
2023-12-08 00:00:00+00:00,144.237,144.289,144.027,144.053,4911.77
2023-12-08 00:05:00+00:00,144.054,144.152,144.001,144.021,2313.82
2023-12-08 00:10:00+00:00,144.022,144.042,143.838,143.924,3167.3
2023-12-08 00:15:00+00:00,143.922,143.933,143.546,143.608,4829.65
2023-12-08 00:20:00+00:00,143.607,143.673,143.264,143.422,5015.83
2023-12-08 00:25:00+00:00,143.422,143.561,143.35,143.561,4907.58
2023-12-08 00:30:00+00:00,143.56,143.744,143.539,143.67,3974.02
2023-12-08 00:35:00+00:00,143.67,143.67,143.362,143.464,5945.33
2023-12-08 00:40:00+00:00,143.463,143.581,143.434,143.517,5756.35
2023-12-08 00:45:00+00:00,143.517,143.546,143.253,143.392,4823.66
2023-12-08 00:50:00+00:00,143.391,143.424,143.017,143.092,6980.29
2023-12-08 00:55:00+00:00,143.087,143.235,142.998,143.217,5985.25
2023-12-08 01:00:00+00:00,143.217,143.228,142.715,142.761,6405.52
2023-12-08 01:05:00+00:00,142.761,142.804,142.497,142.799,5989.29
2023-12-08 01:10:00+00:00,142.803,143.031,142.755,142.961,5137.44
2023-12-08 01:15:00+00:00,142.961,142.993,142.767,142.974,5817.36
2023-12-08 01:20:00+00:00,142.975,143.471,142.975,143.411,5542.7
2023-12-08 01:25:00+00:00,143.409,143.41,143.151,143.258,4466.34
2023-12-08 01:30:00+00:00,143.259,143.352,143.084,143.298,4710.73
2023-12-08 01:35:00+00:00,143.298,143.595,143.247,143.595,4203.62
2023-12-08 01:40:00+00:00,143.599,143.629,143.412,143.453,3544.73
2023-12-08 01:45:00+00:00,143.454,143.465,143.344,143.399,3600.74
2023-12-08 01:50:00+00:00,143.399,143.537,143.287,143.309,4491.84
2023-12-08 01:55:00+00:00,143.308,143.393,143.259,143.372,2789.53
2023-12-08 02:00:00+00:00,143.372,143.495,143.261,143.46,4333.3
2023-12-08 02:05:00+00:00,143.46,143.48,143.244,143.247,4044.72
2023-12-08 02:10:00+00:00,143.248,143.286,143.162,143.236,4050.44
2023-12-08 02:15:00+00:00,143.237,143.254,143.059,143.12,3422.22
2023-12-08 02:20:00+00:00,143.121,143.29,143.121,143.288,3361.54
2023-12-08 02:25:00+00:00,143.289,143.366,143.274,143.35,2134.35
2023-12-08 02:30:00+00:00,143.35,143.401,143.271,143.305,2257.14
2023-12-08 02:35:00+00:00,143.306,143.44,143.304,143.389,1914.7
2023-12-08 02:40:00+00:00,143.392,143.437,143.359,143.425,1792.8
2023-12-08 02:45:00+00:00,143.425,143.498,143.412,143.461,1077.55
2023-12-08 02:50:00+00:00,143.457,143.563,143.444,143.5,1973.23
2023-12-08 02:55:00+00:00,143.5,143.5,143.395,143.444,2879.08
2023-12-08 03:00:00+00:00,143.444,143.642,143.442,143.639,2628.64
2023-12-08 03:05:00+00:00,143.645,143.697,143.578,143.627,2607.34
2023-12-08 03:10:00+00:00,143.627,143.797,143.597,143.79,2431.42
2023-12-08 03:15:00+00:00,143.79,143.815,143.707,143.744,1278.87
2023-12-08 03:20:00+00:00,143.743,143.767,143.664,143.672,2090.4
2023-12-08 03:25:00+00:00,143.673,143.7,143.619,143.7,2125.8
2023-12-08 03:30:00+00:00,143.701,144.056,143.698,144.027,2562.52
2023-12-08 03:35:00+00:00,144.026,144.176,143.966,143.994,3403.0
2023-12-08 03:40:00+00:00,143.993,144.031,143.872,143.994,3724.67
2023-12-08 03:45:00+00:00,143.992,143.995,143.865,143.899,2698.28
2023-12-08 03:50:00+00:00,143.9,143.9,143.729,143.732,3374.67
2023-12-08 03:55:00+00:00,143.733,143.778,143.66,143.776,3191.32
2023-12-08 04:00:00+00:00,143.776,143.841,143.691,143.795,2826.37
2023-12-08 04:05:00+00:00,143.797,143.975,143.785,143.914,2299.01
2023-12-08 04:10:00+00:00,143.913,143.921,143.738,143.744,2949.73
2023-12-08 04:15:00+00:00,143.741,143.742,143.626,143.66,3319.49
2023-12-08 04:20:00+00:00,143.66,143.818,143.66,143.787,2798.24
2023-12-08 04:25:00+00:00,143.785,143.794,143.648,143.663,3455.74
2023-12-08 04:30:00+00:00,143.663,143.669,143.586,143.62,2347.99
2023-12-08 04:35:00+00:00,143.629,143.838,143.629,143.816,2281.84
2023-12-08 04:40:00+00:00,143.815,143.874,143.786,143.839,1875.08
2023-12-08 04:45:00+00:00,143.84,143.841,143.755,143.786,1518.07
2023-12-08 04:50:00+00:00,143.786,143.914,143.786,143.869,1446.99
2023-12-08 04:55:00+00:00,143.869,143.873,143.705,143.715,2111.11
2023-12-08 05:00:00+00:00,143.716,143.751,143.648,143.706,2546.58
2023-12-08 05:05:00+00:00,143.705,143.733,143.618,143.641,1882.14
2023-12-08 05:10:00+00:00,143.648,143.788,143.628,143.788,2376.2
2023-12-08 05:15:00+00:00,143.788,143.788,143.72,143.722,2874.73
2023-12-08 05:20:00+00:00,143.721,143.852,143.712,143.839,1333.82
2023-12-08 05:25:00+00:00,143.838,143.84,143.776,143.788,1637.02
2023-12-08 05:30:00+00:00,143.788,143.912,143.788,143.841,1891.37
2023-12-08 05:35:00+00:00,143.843,143.908,143.778,143.787,2078.68
2023-12-08 05:40:00+00:00,143.788,143.837,143.727,143.836,2252.22
2023-12-08 05:45:00+00:00,143.834,143.849,143.789,143.842,1521.66
2023-12-08 05:50:00+00:00,143.845,144.055,143.842,144.012,2623.21
2023-12-08 05:55:00+00:00,144.011,144.047,143.914,143.93,2617.14
2023-12-08 06:00:00+00:00,143.93,143.951,143.881,143.93,2669.45
2023-12-08 06:05:00+00:00,143.931,144.038,143.918,143.92,2688.57
2023-12-08 06:10:00+00:00,143.919,143.948,143.823,143.896,2712.04
2023-12-08 06:15:00+00:00,143.895,144.057,143.857,144.041,1899.4
2023-12-08 06:20:00+00:00,144.043,144.076,143.931,143.947,2998.56
2023-12-08 06:25:00+00:00,143.947,144.074,143.92,144.03,1940.41
2023-12-08 06:30:00+00:00,144.033,144.076,143.966,144.028,2672.53
2023-12-08 06:35:00+00:00,144.027,144.176,144.022,144.084,3382.01
2023-12-08 06:40:00+00:00,144.087,144.151,144.036,144.052,2035.84
2023-12-08 06:45:00+00:00,144.052,144.052,143.897,143.96,3332.5
2023-12-08 06:50:00+00:00,143.96,144.063,143.941,143.992,2096.44
2023-12-08 06:55:00+00:00,143.993,144.213,143.989,144.176,2859.68
2023-12-08 07:00:00+00:00,144.172,144.233,144.048,144.146,5177.0
2023-12-08 07:05:00+00:00,144.146,144.272,144.141,144.21,4381.53
2023-12-08 07:10:00+00:00,144.211,144.222,144.128,144.132,3589.94
2023-12-08 07:15:00+00:00,144.134,144.364,144.093,144.329,4958.89
2023-12-08 07:20:00+00:00,144.329,144.394,144.255,144.265,4136.51
2023-12-08 07:25:00+00:00,144.266,144.365,144.236,144.256,3088.26
2023-12-08 07:30:00+00:00,144.257,144.257,144.166,144.171,2634.3
2023-12-08 07:35:00+00:00,144.171,144.21,144.1,144.203,2310.67
2023-12-08 07:40:00+00:00,144.204,144.204,144.043,144.044,2847.17
2023-12-08 07:45:00+00:00,144.043,144.045,143.95,144.025,3837.09
2023-12-08 07:50:00+00:00,144.026,144.116,143.98,144.068,3085.34
2023-12-08 07:55:00+00:00,144.069,144.151,144.062,144.088,3287.89
2023-12-08 08:00:00+00:00,144.088,144.108,143.899,143.997,4283.96
2023-12-08 08:05:00+00:00,144.0,144.235,144.0,144.204,4318.09
2023-12-08 08:10:00+00:00,144.204,144.257,144.159,144.246,4077.05
2023-12-08 08:15:00+00:00,144.242,144.242,144.143,144.221,5271.29
2023-12-08 08:20:00+00:00,144.22,144.252,144.066,144.105,3681.9
2023-12-08 08:25:00+00:00,144.105,144.251,144.099,144.251,2704.48
2023-12-08 08:30:00+00:00,144.249,144.267,144.097,144.146,2455.46
2023-12-08 08:35:00+00:00,144.146,144.154,143.93,143.941,2668.64
2023-12-08 08:40:00+00:00,143.941,144.011,143.907,143.937,2687.5
2023-12-08 08:45:00+00:00,143.934,143.974,143.763,143.798,2993.41
2023-12-08 08:50:00+00:00,143.799,143.895,143.719,143.894,3083.03
2023-12-08 08:55:00+00:00,143.896,143.996,143.835,143.982,4073.51
2023-12-08 09:00:00+00:00,143.984,144.137,143.959,144.131,5239.41
2023-12-08 09:05:00+00:00,144.13,144.275,144.128,144.237,4578.4
2023-12-08 09:10:00+00:00,144.234,144.299,144.197,144.25,4041.99
2023-12-08 09:15:00+00:00,144.254,144.355,144.232,144.258,4096.09
2023-12-08 09:20:00+00:00,144.258,144.408,144.243,144.37,3800.89
2023-12-08 09:25:00+00:00,144.371,144.373,144.273,144.298,4423.9
2023-12-08 09:30:00+00:00,144.297,144.335,144.214,144.245,3659.62
2023-12-08 09:35:00+00:00,144.244,144.255,144.167,144.249,3950.67
2023-12-08 09:40:00+00:00,144.251,144.261,144.185,144.24,3454.02
2023-12-08 09:45:00+00:00,144.24,144.278,144.179,144.25,4118.0
2023-12-08 09:50:00+00:00,144.25,144.295,144.236,144.288,2895.24
2023-12-08 09:55:00+00:00,144.289,144.325,144.273,144.285,2421.56
2023-12-08 10:00:00+00:00,144.284,144.317,144.181,144.208,2883.84
2023-12-08 10:05:00+00:00,144.206,144.283,144.201,144.281,3092.99
2023-12-08 10:10:00+00:00,144.281,144.29,144.18,144.191,3188.58
2023-12-08 10:15:00+00:00,144.189,144.245,144.18,144.194,2569.54
2023-12-08 10:20:00+00:00,144.195,144.213,144.142,144.147,2868.3
2023-12-08 10:25:00+00:00,144.146,144.236,144.139,144.219,3038.82
2023-12-08 10:30:00+00:00,144.219,144.322,144.191,144.277,3442.02
2023-12-08 10:35:00+00:00,144.276,144.325,144.248,144.273,3313.7
2023-12-08 10:40:00+00:00,144.274,144.359,144.26,144.308,2819.77
2023-12-08 10:45:00+00:00,144.307,144.343,144.285,144.343,1707.54
2023-12-08 10:50:00+00:00,144.341,144.445,144.332,144.44,2586.03
2023-12-08 10:55:00+00:00,144.444,144.471,144.42,144.435,2610.74
2023-12-08 11:00:00+00:00,144.434,144.466,144.415,144.432,2159.44
2023-12-08 11:05:00+00:00,144.431,144.547,144.42,144.522,2817.13
2023-12-08 11:10:00+00:00,144.522,144.614,144.503,144.599,2664.98
2023-12-08 11:15:00+00:00,144.6,144.629,144.552,144.583,2858.88
2023-12-08 11:20:00+00:00,144.579,144.632,144.536,144.561,2978.85
2023-12-08 11:25:00+00:00,144.562,144.664,144.561,144.611,2587.08
2023-12-08 11:30:00+00:00,144.616,144.624,144.538,144.566,2714.16
2023-12-08 11:35:00+00:00,144.564,144.576,144.539,144.566,2188.9
2023-12-08 11:40:00+00:00,144.564,144.568,144.522,144.546,2340.96
2023-12-08 11:45:00+00:00,144.545,144.572,144.459,144.5,2871.76
2023-12-08 11:50:00+00:00,144.499,144.505,144.45,144.465,2819.64
2023-12-08 11:55:00+00:00,144.467,144.499,144.426,144.445,2772.8
2023-12-08 12:00:00+00:00,144.446,144.456,144.392,144.416,2180.84
2023-12-08 12:05:00+00:00,144.416,144.435,144.337,144.347,1809.83
2023-12-08 12:10:00+00:00,144.348,144.386,144.334,144.37,1705.79
2023-12-08 12:15:00+00:00,144.369,144.426,144.361,144.403,2727.87
2023-12-08 12:20:00+00:00,144.401,144.445,144.386,144.433,3078.34
2023-12-08 12:25:00+00:00,144.433,144.433,144.277,144.295,2939.77
2023-12-08 12:30:00+00:00,144.295,144.337,144.279,144.304,3192.98
2023-12-08 12:35:00+00:00,144.304,144.346,144.24,144.31,3186.08
2023-12-08 12:40:00+00:00,144.31,144.342,144.266,144.336,3385.79
2023-12-08 12:45:00+00:00,144.337,144.472,144.337,144.444,2961.83
2023-12-08 12:50:00+00:00,144.445,144.467,144.376,144.384,2946.87
2023-12-08 12:55:00+00:00,144.384,144.435,144.358,144.376,2885.63
2023-12-08 13:00:00+00:00,144.374,144.43,144.344,144.404,3427.07
2023-12-08 13:05:00+00:00,144.405,144.426,144.319,144.324,2748.75
2023-12-08 13:10:00+00:00,144.327,144.376,144.319,144.34,3277.86
2023-12-08 13:15:00+00:00,144.34,144.397,144.311,144.355,3465.86
2023-12-08 13:20:00+00:00,144.355,144.359,144.275,144.351,3752.97
2023-12-08 13:25:00+00:00,144.349,144.385,144.305,144.358,2816.0
2023-12-08 13:30:00+00:00,144.375,145.214,144.375,144.988,9104.79
2023-12-08 13:35:00+00:00,144.988,145.026,144.567,144.59,9884.61
2023-12-08 13:40:00+00:00,144.595,144.653,144.099,144.145,9462.89
2023-12-08 13:45:00+00:00,144.148,144.345,143.913,143.951,7650.64
2023-12-08 13:50:00+00:00,143.95,144.247,143.754,144.186,7540.95
2023-12-08 13:55:00+00:00,144.186,144.231,144.086,144.195,5587.08
2023-12-08 14:00:00+00:00,144.195,144.497,144.172,144.47,5433.86
2023-12-08 14:05:00+00:00,144.47,144.6,144.452,144.499,5686.28
2023-12-08 14:10:00+00:00,144.5,144.791,144.5,144.754,4563.16
2023-12-08 14:15:00+00:00,144.755,144.76,144.535,144.609,6658.68
2023-12-08 14:20:00+00:00,144.609,144.725,144.534,144.675,4993.62
2023-12-08 14:25:00+00:00,144.676,144.69,144.404,144.443,5748.23
2023-12-08 14:30:00+00:00,144.443,144.473,144.286,144.398,6706.26
2023-12-08 14:35:00+00:00,144.395,144.518,144.358,144.493,4398.92
2023-12-08 14:40:00+00:00,144.493,144.537,144.315,144.318,5342.27
2023-12-08 14:45:00+00:00,144.317,144.343,144.254,144.259,5284.05
2023-12-08 14:50:00+00:00,144.261,144.365,144.206,144.304,4886.89
2023-12-08 14:55:00+00:00,144.302,144.327,144.221,144.272,3768.24
2023-12-08 15:00:00+00:00,144.273,144.318,143.908,144.088,7613.01
2023-12-08 15:05:00+00:00,144.093,144.169,143.939,143.943,5722.16
2023-12-08 15:10:00+00:00,143.943,144.015,143.856,143.945,5671.37
2023-12-08 15:15:00+00:00,143.943,143.995,143.869,143.987,4518.09
2023-12-08 15:20:00+00:00,143.987,144.153,143.987,144.1,3621.07
2023-12-08 15:25:00+00:00,144.099,144.142,143.996,144.072,4266.82
2023-12-08 15:30:00+00:00,144.072,144.217,144.05,144.194,3913.07
2023-12-08 15:35:00+00:00,144.194,144.33,144.145,144.328,3753.06
2023-12-08 15:40:00+00:00,144.329,144.358,144.285,144.322,4236.87
2023-12-08 15:45:00+00:00,144.322,144.452,144.321,144.423,4025.44
2023-12-08 15:50:00+00:00,144.425,144.519,144.407,144.46,3621.44
2023-12-08 15:55:00+00:00,144.46,144.51,144.417,144.506,3797.88
2023-12-08 16:00:00+00:00,144.506,144.558,144.475,144.5,5109.31
2023-12-08 16:05:00+00:00,144.502,144.512,144.408,144.408,3582.35
2023-12-08 16:10:00+00:00,144.408,144.57,144.389,144.521,3822.74
2023-12-08 16:15:00+00:00,144.518,144.564,144.511,144.542,3524.64
2023-12-08 16:20:00+00:00,144.543,144.662,144.542,144.645,3180.38
2023-12-08 16:25:00+00:00,144.646,144.681,144.61,144.657,3578.57
2023-12-08 16:30:00+00:00,144.655,144.679,144.613,144.635,3524.73
2023-12-08 16:35:00+00:00,144.635,144.705,144.604,144.684,3237.27
2023-12-08 16:40:00+00:00,144.686,144.759,144.675,144.723,2048.79
2023-12-08 16:45:00+00:00,144.724,144.807,144.724,144.754,2341.06
2023-12-08 16:50:00+00:00,144.754,144.81,144.754,144.767,2396.04
2023-12-08 16:55:00+00:00,144.767,144.913,144.767,144.878,2561.73
2023-12-08 17:00:00+00:00,144.877,144.921,144.842,144.921,2966.21
2023-12-08 17:05:00+00:00,144.919,144.966,144.91,144.961,1810.17
2023-12-08 17:10:00+00:00,144.963,144.976,144.882,144.921,2312.52
2023-12-08 17:15:00+00:00,144.922,144.969,144.854,144.869,2745.26
2023-12-08 17:20:00+00:00,144.871,144.883,144.813,144.841,2515.14
2023-12-08 17:25:00+00:00,144.839,144.876,144.808,144.818,2536.84
2023-12-08 17:30:00+00:00,144.819,144.877,144.81,144.867,2154.81
2023-12-08 17:35:00+00:00,144.865,144.874,144.813,144.825,2547.46
2023-12-08 17:40:00+00:00,144.829,144.843,144.74,144.835,2875.6
2023-12-08 17:45:00+00:00,144.837,144.87,144.772,144.858,3363.43
2023-12-08 17:50:00+00:00,144.856,144.902,144.803,144.866,2979.61
2023-12-08 17:55:00+00:00,144.865,144.866,144.779,144.805,3796.42
2023-12-08 18:00:00+00:00,144.805,144.837,144.761,144.817,2289.26
2023-12-08 18:05:00+00:00,144.818,144.877,144.803,144.866,1586.5
2023-12-08 18:10:00+00:00,144.867,144.876,144.813,144.836,1206.3
2023-12-08 18:15:00+00:00,144.836,144.841,144.785,144.823,1363.66
2023-12-08 18:20:00+00:00,144.823,144.848,144.809,144.835,1321.52
2023-12-08 18:25:00+00:00,144.838,144.867,144.823,144.832,1493.9
2023-12-08 18:30:00+00:00,144.832,144.931,144.828,144.922,1123.37
2023-12-08 18:35:00+00:00,144.922,144.962,144.922,144.929,941.65
2023-12-08 18:40:00+00:00,144.929,144.953,144.894,144.947,1598.67
2023-12-08 18:45:00+00:00,144.946,144.946,144.891,144.892,1672.78
2023-12-08 18:50:00+00:00,144.891,144.94,144.89,144.932,1166.7
2023-12-08 18:55:00+00:00,144.931,144.941,144.923,144.934,857.85
2023-12-08 19:00:00+00:00,144.933,144.933,144.856,144.894,1336.58
2023-12-08 19:05:00+00:00,144.895,144.895,144.848,144.859,1445.53
2023-12-08 19:10:00+00:00,144.857,144.858,144.838,144.852,1064.68
2023-12-08 19:15:00+00:00,144.851,144.887,144.841,144.881,815.63
2023-12-08 19:20:00+00:00,144.881,144.893,144.857,144.859,1071.07
2023-12-08 19:25:00+00:00,144.858,144.863,144.839,144.84,993.64
2023-12-08 19:30:00+00:00,144.843,144.901,144.829,144.897,946.84
2023-12-08 19:35:00+00:00,144.897,144.945,144.894,144.943,1055.84
2023-12-08 19:40:00+00:00,144.942,144.953,144.926,144.933,1404.95
2023-12-08 19:45:00+00:00,144.933,144.955,144.923,144.95,438.73
2023-12-08 19:50:00+00:00,144.953,144.953,144.918,144.931,830.23
2023-12-08 19:55:00+00:00,144.932,144.967,144.927,144.964,1365.08
2023-12-08 20:00:00+00:00,144.965,144.984,144.952,144.964,657.8
2023-12-08 20:05:00+00:00,144.964,144.966,144.934,144.943,750.3
2023-12-08 20:10:00+00:00,144.944,144.963,144.943,144.955,1311.45
2023-12-08 20:15:00+00:00,144.955,144.963,144.942,144.943,691.48
2023-12-08 20:20:00+00:00,144.942,144.955,144.933,144.944,428.43
2023-12-08 20:25:00+00:00,144.943,144.968,144.94,144.954,563.19
2023-12-08 20:30:00+00:00,144.954,144.983,144.952,144.979,543.68
2023-12-08 20:35:00+00:00,144.98,144.98,144.959,144.972,601.15
2023-12-08 20:40:00+00:00,144.972,144.982,144.97,144.981,778.27
2023-12-08 20:45:00+00:00,144.982,144.995,144.965,144.966,763.46
2023-12-08 20:50:00+00:00,144.968,144.993,144.964,144.988,550.74
2023-12-08 20:55:00+00:00,144.989,144.993,144.97,144.987,724.38
2023-12-08 21:00:00+00:00,144.987,144.991,144.962,144.966,601.11
2023-12-08 21:05:00+00:00,144.968,144.969,144.957,144.961,178.05
2023-12-08 21:10:00+00:00,144.962,144.963,144.942,144.951,354.45
2023-12-08 21:15:00+00:00,144.95,144.952,144.942,144.951,259.2
2023-12-08 21:20:00+00:00,144.949,144.952,144.929,144.942,166.8
2023-12-08 21:25:00+00:00,144.942,144.985,144.937,144.974,483.12
2023-12-08 21:30:00+00:00,144.974,144.994,144.968,144.993,300.18
2023-12-08 21:35:00+00:00,144.992,144.995,144.987,144.987,126.54
2023-12-08 21:40:00+00:00,144.988,144.996,144.984,144.986,192.47
2023-12-08 21:45:00+00:00,144.985,144.996,144.98,144.993,243.9
2023-12-08 21:50:00+00:00,144.992,144.998,144.965,144.991,688.2
2023-12-08 21:55:00+00:00,144.993,144.997,144.902,144.902,451.83
2023-12-10 22:00:00+00:00,144.889,144.9,144.888,144.895,22.5
2023-12-10 22:05:00+00:00,144.904,144.953,144.892,144.924,217.35
2023-12-10 22:10:00+00:00,144.924,145.046,144.894,144.999,117.25
2023-12-10 22:15:00+00:00,144.999,145.04,144.997,145.007,67.44
2023-12-10 22:20:00+00:00,145.007,145.019,145.004,145.018,49.16
2023-12-10 22:25:00+00:00,145.02,145.02,145.019,145.02,15.6
2023-12-10 22:30:00+00:00,145.02,145.022,144.89,144.932,115.25
2023-12-10 22:35:00+00:00,144.971,144.982,144.917,144.976,126.3
2023-12-10 22:40:00+00:00,144.978,144.978,144.939,144.949,225.1
2023-12-10 22:45:00+00:00,144.95,144.964,144.95,144.957,89.4
2023-12-10 22:50:00+00:00,144.958,144.968,144.958,144.961,30.15
2023-12-10 22:55:00+00:00,144.961,145.037,144.96,145.022,162.0
2023-12-10 23:00:00+00:00,145.023,145.024,144.958,144.981,619.6
2023-12-10 23:05:00+00:00,144.982,144.982,144.808,144.814,730.97
2023-12-10 23:10:00+00:00,144.812,144.877,144.811,144.859,612.13
2023-12-10 23:15:00+00:00,144.859,144.95,144.827,144.943,558.99
2023-12-10 23:20:00+00:00,144.943,144.963,144.889,144.889,900.79
2023-12-10 23:25:00+00:00,144.89,145.028,144.884,145.004,927.9
2023-12-10 23:30:00+00:00,145.011,145.066,144.952,145.028,1337.24
2023-12-10 23:35:00+00:00,145.035,145.055,144.974,145.0,948.77
2023-12-10 23:40:00+00:00,145.0,145.041,144.96,144.96,724.76
2023-12-10 23:45:00+00:00,144.962,144.972,144.911,144.922,1224.52
2023-12-10 23:50:00+00:00,144.921,144.97,144.913,144.938,1057.07
2023-12-10 23:55:00+00:00,144.938,144.99,144.938,144.988,646.37
2023-12-11 00:00:00+00:00,144.987,145.055,144.866,144.978,2219.87
2023-12-11 00:05:00+00:00,144.978,145.138,144.976,145.091,2389.87
2023-12-11 00:10:00+00:00,145.091,145.182,145.087,145.104,1841.25
2023-12-11 00:15:00+00:00,145.104,145.158,145.1,145.102,1904.74
2023-12-11 00:20:00+00:00,145.101,145.128,145.058,145.085,1722.72
2023-12-11 00:25:00+00:00,145.082,145.229,145.065,145.173,2580.94
2023-12-11 00:30:00+00:00,145.177,145.314,145.154,145.209,3647.09
2023-12-11 00:35:00+00:00,145.209,145.299,145.199,145.216,1652.62
2023-12-11 00:40:00+00:00,145.219,145.236,145.135,145.178,1576.32
2023-12-11 00:45:00+00:00,145.18,145.214,145.166,145.207,1502.46
2023-12-11 00:50:00+00:00,145.209,145.336,145.186,145.334,4222.25
2023-12-11 00:55:00+00:00,145.333,145.369,145.319,145.342,3519.24
2023-12-11 01:00:00+00:00,145.342,145.567,145.313,145.548,3470.63
2023-12-11 01:05:00+00:00,145.548,145.549,145.42,145.42,2622.52
2023-12-11 01:10:00+00:00,145.42,145.571,145.416,145.438,2197.84
2023-12-11 01:15:00+00:00,145.435,145.534,145.4,145.447,2664.36
2023-12-11 01:20:00+00:00,145.446,145.49,145.409,145.459,1689.56
2023-12-11 01:25:00+00:00,145.456,145.501,145.423,145.485,1666.52
2023-12-11 01:30:00+00:00,145.484,145.488,145.377,145.403,3313.25
2023-12-11 01:35:00+00:00,145.403,145.427,145.353,145.357,2522.42
2023-12-11 01:40:00+00:00,145.359,145.426,145.328,145.426,1861.81
2023-12-11 01:45:00+00:00,145.424,145.481,145.398,145.42,2338.97
2023-12-11 01:50:00+00:00,145.418,145.463,145.354,145.429,1991.69
2023-12-11 01:55:00+00:00,145.428,145.469,145.414,145.443,2092.62
2023-12-11 02:00:00+00:00,145.448,145.51,145.423,145.505,3123.96
2023-12-11 02:05:00+00:00,145.508,145.517,145.446,145.505,2618.41
2023-12-11 02:10:00+00:00,145.501,145.518,145.479,145.489,2876.12
2023-12-11 02:15:00+00:00,145.486,145.528,145.484,145.517,2826.7
2023-12-11 02:20:00+00:00,145.517,145.566,145.507,145.507,3034.62
2023-12-11 02:25:00+00:00,145.51,145.53,145.446,145.494,2836.31
2023-12-11 02:30:00+00:00,145.496,145.52,145.461,145.519,2334.55
2023-12-11 02:35:00+00:00,145.519,145.524,145.476,145.514,2395.92
2023-12-11 02:40:00+00:00,145.514,145.514,145.384,145.411,3035.12
2023-12-11 02:45:00+00:00,145.412,145.412,145.38,145.385,1244.75
2023-12-11 02:50:00+00:00,145.384,145.39,145.365,145.389,1134.42
2023-12-11 02:55:00+00:00,145.389,145.444,145.389,145.407,1717.99
2023-12-11 03:00:00+00:00,145.408,145.429,145.383,145.383,2122.17
2023-12-11 03:05:00+00:00,145.383,145.388,145.303,145.304,1204.89
2023-12-11 03:10:00+00:00,145.306,145.365,145.297,145.345,1386.85
2023-12-11 03:15:00+00:00,145.352,145.37,145.346,145.366,358.25
2023-12-11 03:20:00+00:00,145.373,145.379,145.323,145.367,735.56
2023-12-11 03:25:00+00:00,145.369,145.391,145.362,145.363,1075.99
2023-12-11 03:30:00+00:00,145.364,145.397,145.351,145.372,1140.68
2023-12-11 03:35:00+00:00,145.377,145.38,145.309,145.343,1325.52
2023-12-11 03:40:00+00:00,145.343,145.395,145.34,145.385,2053.47
2023-12-11 03:45:00+00:00,145.383,145.397,145.37,145.385,1616.39
2023-12-11 03:50:00+00:00,145.386,145.426,145.382,145.389,1106.75
2023-12-11 03:55:00+00:00,145.39,145.427,145.383,145.421,785.23
2023-12-11 04:00:00+00:00,145.421,145.51,145.421,145.505,754.69
2023-12-11 04:05:00+00:00,145.505,145.531,145.49,145.528,1027.67
2023-12-11 04:10:00+00:00,145.528,145.549,145.507,145.546,1881.57
2023-12-11 04:15:00+00:00,145.545,145.615,145.544,145.595,1825.07
2023-12-11 04:20:00+00:00,145.597,145.647,145.581,145.637,1115.47
2023-12-11 04:25:00+00:00,145.642,145.658,145.637,145.64,931.58
2023-12-11 04:30:00+00:00,145.641,145.667,145.608,145.618,1783.46
2023-12-11 04:35:00+00:00,145.62,145.631,145.57,145.582,1602.71
2023-12-11 04:40:00+00:00,145.582,145.597,145.569,145.574,1558.9
2023-12-11 04:45:00+00:00,145.574,145.614,145.572,145.591,1275.65
2023-12-11 04:50:00+00:00,145.594,145.629,145.576,145.583,1245.37
2023-12-11 04:55:00+00:00,145.584,145.605,145.581,145.605,559.51
2023-12-11 05:00:00+00:00,145.605,145.647,145.593,145.641,1401.48
2023-12-11 05:05:00+00:00,145.64,145.647,145.592,145.601,909.87
2023-12-11 05:10:00+00:00,145.602,145.641,145.601,145.628,608.28
2023-12-11 05:15:00+00:00,145.629,145.64,145.584,145.617,1573.95
2023-12-11 05:20:00+00:00,145.618,145.64,145.597,145.627,763.2
2023-12-11 05:25:00+00:00,145.628,145.628,145.511,145.53,1741.7
2023-12-11 05:30:00+00:00,145.531,145.534,145.467,145.496,1866.4
2023-12-11 05:35:00+00:00,145.496,145.516,145.468,145.471,1515.09
2023-12-11 05:40:00+00:00,145.47,145.515,145.446,145.513,2094.82
2023-12-11 05:45:00+00:00,145.514,145.528,145.489,145.525,1978.52
2023-12-11 05:50:00+00:00,145.526,145.568,145.514,145.567,1446.87
2023-12-11 05:55:00+00:00,145.567,145.597,145.55,145.559,1850.85
2023-12-11 06:00:00+00:00,145.561,145.615,145.491,145.603,2434.13
2023-12-11 06:05:00+00:00,145.603,145.652,145.574,145.592,1627.39
2023-12-11 06:10:00+00:00,145.601,145.637,145.579,145.63,1312.35
2023-12-11 06:15:00+00:00,145.63,145.651,145.615,145.64,1599.18
2023-12-11 06:20:00+00:00,145.64,145.651,145.593,145.625,2438.42
2023-12-11 06:25:00+00:00,145.623,145.697,145.602,145.648,2248.58
2023-12-11 06:30:00+00:00,145.648,145.65,145.51,145.54,2957.33
2023-12-11 06:35:00+00:00,145.54,145.544,145.478,145.497,1433.08
2023-12-11 06:40:00+00:00,145.495,145.53,145.487,145.517,1541.41
2023-12-11 06:45:00+00:00,145.521,145.53,145.502,145.509,1379.46
2023-12-11 06:50:00+00:00,145.51,145.533,145.509,145.519,1031.47
2023-12-11 06:55:00+00:00,145.52,145.521,145.423,145.455,1692.84
2023-12-11 07:00:00+00:00,145.455,145.528,145.424,145.485,4088.11
2023-12-11 07:05:00+00:00,145.484,145.523,145.467,145.489,3321.62
2023-12-11 07:10:00+00:00,145.489,145.503,145.364,145.372,3819.99
2023-12-11 07:15:00+00:00,145.371,145.408,145.349,145.403,2636.13
2023-12-11 07:20:00+00:00,145.402,145.415,145.349,145.391,2579.44
2023-12-11 07:25:00+00:00,145.39,145.397,145.325,145.388,2592.82
2023-12-11 07:30:00+00:00,145.386,145.462,145.385,145.458,2575.2
2023-12-11 07:35:00+00:00,145.457,145.53,145.45,145.515,2127.54
2023-12-11 07:40:00+00:00,145.514,146.291,145.513,146.177,7699.32
2023-12-11 07:45:00+00:00,146.186,146.296,146.158,146.167,5447.7
2023-12-11 07:50:00+00:00,146.167,146.205,146.06,146.168,4368.4
2023-12-11 07:55:00+00:00,146.173,146.453,146.1,146.377,4469.57
2023-12-11 08:00:00+00:00,146.378,146.455,146.342,146.404,4761.55
2023-12-11 08:05:00+00:00,146.402,146.434,146.325,146.331,4100.37
2023-12-11 08:10:00+00:00,146.33,146.354,146.231,146.314,3897.28
2023-12-11 08:15:00+00:00,146.314,146.345,146.21,146.231,3839.15
2023-12-11 08:20:00+00:00,146.231,146.249,146.059,146.059,3889.95
2023-12-11 08:25:00+00:00,146.059,146.142,146.026,146.036,3076.98
2023-12-11 08:30:00+00:00,146.037,146.13,145.973,146.074,3830.04
2023-12-11 08:35:00+00:00,146.074,146.201,146.063,146.152,2716.67
2023-12-11 08:40:00+00:00,146.151,146.227,146.126,146.224,3459.92
2023-12-11 08:45:00+00:00,146.223,146.29,146.21,146.279,2784.14
2023-12-11 08:50:00+00:00,146.28,146.28,146.136,146.177,3721.63
2023-12-11 08:55:00+00:00,146.177,146.269,146.151,146.23,3455.4
2023-12-11 09:00:00+00:00,146.231,146.251,146.155,146.198,3834.28
2023-12-11 09:05:00+00:00,146.2,146.233,146.122,146.157,3495.54
2023-12-11 09:10:00+00:00,146.155,146.198,146.155,146.17,2035.95
2023-12-11 09:15:00+00:00,146.169,146.183,146.065,146.129,2482.33
2023-12-11 09:20:00+00:00,146.132,146.149,146.084,146.094,2501.46
2023-12-11 09:25:00+00:00,146.097,146.215,146.072,146.189,2662.45
2023-12-11 09:30:00+00:00,146.195,146.226,146.167,146.18,2088.45
2023-12-11 09:35:00+00:00,146.18,146.286,146.138,146.282,1928.77
2023-12-11 09:40:00+00:00,146.28,146.337,146.269,146.28,2774.14
2023-12-11 09:45:00+00:00,146.284,146.311,146.227,146.267,2703.13
2023-12-11 09:50:00+00:00,146.267,146.294,146.189,146.206,2441.65
2023-12-11 09:55:00+00:00,146.206,146.222,146.149,146.184,2761.73
2023-12-11 10:00:00+00:00,146.186,146.186,146.099,146.104,2566.3
2023-12-11 10:05:00+00:00,146.105,146.164,146.101,146.158,1827.2
2023-12-11 10:10:00+00:00,146.158,146.185,146.139,146.149,1606.36
2023-12-11 10:15:00+00:00,146.147,146.192,146.142,146.191,1577.6
2023-12-11 10:20:00+00:00,146.192,146.226,146.179,146.206,1759.73
2023-12-11 10:25:00+00:00,146.207,146.23,146.172,146.181,2012.25
2023-12-11 10:30:00+00:00,146.181,146.184,146.111,146.18,1506.31
2023-12-11 10:35:00+00:00,146.179,146.268,146.179,146.26,1328.64
2023-12-11 10:40:00+00:00,146.257,146.257,146.193,146.2,1331.63
2023-12-11 10:45:00+00:00,146.202,146.22,146.144,146.216,1336.63
2023-12-11 10:50:00+00:00,146.22,146.27,146.177,146.191,1643.49
2023-12-11 10:55:00+00:00,146.19,146.259,146.157,146.233,1944.81
2023-12-11 11:00:00+00:00,146.238,146.249,146.155,146.188,3248.4
2023-12-11 11:05:00+00:00,146.189,146.248,146.18,146.237,1758.75
2023-12-11 11:10:00+00:00,146.237,146.274,146.19,146.209,2400.75
2023-12-11 11:15:00+00:00,146.209,146.265,146.202,146.245,1723.02
2023-12-11 11:20:00+00:00,146.248,146.295,146.242,146.285,1721.66
2023-12-11 11:25:00+00:00,146.285,146.326,146.225,146.227,1952.61
2023-12-11 11:30:00+00:00,146.225,146.244,146.165,146.229,2518.71
2023-12-11 11:35:00+00:00,146.228,146.237,146.197,146.223,1902.26
2023-12-11 11:40:00+00:00,146.222,146.271,146.222,146.261,1235.68
2023-12-11 11:45:00+00:00,146.26,146.267,146.216,146.221,1275.99
2023-12-11 11:50:00+00:00,146.222,146.225,146.124,146.125,1601.59
2023-12-11 11:55:00+00:00,146.128,146.163,146.115,146.16,2256.9
2023-12-11 12:00:00+00:00,146.151,146.218,146.141,146.216,2212.04
2023-12-11 12:05:00+00:00,146.217,146.256,146.212,146.255,1993.57
2023-12-11 12:10:00+00:00,146.255,146.31,146.25,146.297,1748.8
2023-12-11 12:15:00+00:00,146.297,146.297,146.191,146.253,1601.5
2023-12-11 12:20:00+00:00,146.254,146.284,146.252,146.273,1620.36
2023-12-11 12:25:00+00:00,146.273,146.466,146.273,146.453,2945.64
2023-12-11 12:30:00+00:00,146.454,146.459,146.395,146.422,3006.9
2023-12-11 12:35:00+00:00,146.422,146.486,146.409,146.421,3158.97
2023-12-11 12:40:00+00:00,146.422,146.444,146.387,146.393,2389.89
2023-12-11 12:45:00+00:00,146.394,146.407,146.329,146.359,2176.2
2023-12-11 12:50:00+00:00,146.358,146.46,146.351,146.446,2302.56
2023-12-11 12:55:00+00:00,146.445,146.446,146.36,146.361,2598.98
2023-12-11 13:00:00+00:00,146.36,146.488,146.36,146.48,2926.39
2023-12-11 13:05:00+00:00,146.479,146.499,146.434,146.445,2131.37
2023-12-11 13:10:00+00:00,146.443,146.47,146.405,146.426,2306.41
2023-12-11 13:15:00+00:00,146.426,146.47,146.425,146.436,1382.62
2023-12-11 13:20:00+00:00,146.437,146.437,146.322,146.349,3807.4
2023-12-11 13:25:00+00:00,146.348,146.422,146.344,146.382,2233.84
2023-12-11 13:30:00+00:00,146.383,146.445,146.253,146.295,3525.35
2023-12-11 13:35:00+00:00,146.296,146.356,146.29,146.305,3146.47
2023-12-11 13:40:00+00:00,146.306,146.359,146.284,146.358,3032.81
2023-12-11 13:45:00+00:00,146.356,146.412,146.309,146.327,2794.47
2023-12-11 13:50:00+00:00,146.327,146.359,146.297,146.298,3268.64
2023-12-11 13:55:00+00:00,146.3,146.308,146.232,146.291,2865.01
2023-12-11 14:00:00+00:00,146.289,146.311,146.2,146.267,2414.36
2023-12-11 14:05:00+00:00,146.268,146.311,146.218,146.253,3103.87
2023-12-11 14:10:00+00:00,146.252,146.256,146.207,146.221,3314.2
2023-12-11 14:15:00+00:00,146.223,146.276,146.187,146.257,3529.93
2023-12-11 14:20:00+00:00,146.258,146.305,146.249,146.252,1882.05
2023-12-11 14:25:00+00:00,146.252,146.254,146.074,146.137,4156.47
2023-12-11 14:30:00+00:00,146.138,146.213,146.081,146.146,4243.6
2023-12-11 14:35:00+00:00,146.146,146.208,146.131,146.176,4782.88
2023-12-11 14:40:00+00:00,146.177,146.179,146.051,146.052,4039.62
2023-12-11 14:45:00+00:00,146.053,146.132,146.052,146.125,2176.09
2023-12-11 14:50:00+00:00,146.125,146.225,146.123,146.219,2176.13
2023-12-11 14:55:00+00:00,146.22,146.254,146.184,146.254,2012.4
2023-12-11 15:00:00+00:00,146.259,146.323,146.251,146.288,3502.22
2023-12-11 15:05:00+00:00,146.289,146.294,146.201,146.235,3260.04
2023-12-11 15:10:00+00:00,146.234,146.234,146.147,146.201,3611.77
2023-12-11 15:15:00+00:00,146.199,146.374,146.185,146.33,3939.33
2023-12-11 15:20:00+00:00,146.331,146.414,146.329,146.379,3187.95
2023-12-11 15:25:00+00:00,146.378,146.457,146.374,146.437,2744.75
2023-12-11 15:30:00+00:00,146.439,146.457,146.372,146.394,3589.83
2023-12-11 15:35:00+00:00,146.395,146.417,146.357,146.384,3572.78
2023-12-11 15:40:00+00:00,146.386,146.433,146.36,146.406,3379.25
2023-12-11 15:45:00+00:00,146.408,146.481,146.373,146.475,3578.95
2023-12-11 15:50:00+00:00,146.475,146.497,146.431,146.437,3391.35
2023-12-11 15:55:00+00:00,146.435,146.46,146.404,146.419,3940.5
2023-12-11 16:00:00+00:00,146.419,146.422,146.352,146.365,3632.94
2023-12-11 16:05:00+00:00,146.368,146.424,146.35,146.422,1722.93
2023-12-11 16:10:00+00:00,146.423,146.441,146.394,146.439,1933.5
2023-12-11 16:15:00+00:00,146.436,146.457,146.396,146.425,1437.0
2023-12-11 16:20:00+00:00,146.426,146.462,146.424,146.462,1311.9
2023-12-11 16:25:00+00:00,146.462,146.486,146.381,146.399,1949.73
2023-12-11 16:30:00+00:00,146.398,146.494,146.379,146.493,2561.35
2023-12-11 16:35:00+00:00,146.493,146.588,146.45,146.476,3898.68
2023-12-11 16:40:00+00:00,146.477,146.518,146.45,146.493,2914.34
2023-12-11 16:45:00+00:00,146.493,146.493,146.431,146.444,2699.9
2023-12-11 16:50:00+00:00,146.444,146.449,146.383,146.403,2099.8
2023-12-11 16:55:00+00:00,146.403,146.438,146.393,146.416,1913.2
2023-12-11 17:00:00+00:00,146.415,146.421,146.37,146.371,2321.84
2023-12-11 17:05:00+00:00,146.37,146.386,146.335,146.384,2430.78
2023-12-11 17:10:00+00:00,146.384,146.404,146.372,146.385,1386.03
2023-12-11 17:15:00+00:00,146.385,146.467,146.38,146.45,1892.58
2023-12-11 17:20:00+00:00,146.45,146.45,146.357,146.38,1688.85
2023-12-11 17:25:00+00:00,146.38,146.388,146.347,146.352,2318.9
2023-12-11 17:30:00+00:00,146.352,146.419,146.338,146.416,1412.17
2023-12-11 17:35:00+00:00,146.414,146.417,146.375,146.384,1027.61
2023-12-11 17:40:00+00:00,146.385,146.392,146.359,146.372,580.75
2023-12-11 17:45:00+00:00,146.372,146.42,146.361,146.417,675.48
2023-12-11 17:50:00+00:00,146.417,146.462,146.415,146.459,940.06
2023-12-11 17:55:00+00:00,146.457,146.478,146.452,146.464,1060.65
2023-12-11 18:00:00+00:00,146.463,146.481,146.346,146.372,3098.66
2023-12-11 18:05:00+00:00,146.372,146.385,146.32,146.37,3126.08
2023-12-11 18:10:00+00:00,146.371,146.381,146.317,146.317,1659.86
2023-12-11 18:15:00+00:00,146.316,146.365,146.309,146.349,1225.32
2023-12-11 18:20:00+00:00,146.348,146.349,146.305,146.309,1648.69
2023-12-11 18:25:00+00:00,146.308,146.33,146.297,146.302,2242.71
2023-12-11 18:30:00+00:00,146.301,146.304,146.25,146.253,1884.09
2023-12-11 18:35:00+00:00,146.256,146.278,146.24,146.256,1634.03
2023-12-11 18:40:00+00:00,146.259,146.265,146.229,146.235,1074.57
2023-12-11 18:45:00+00:00,146.237,146.298,146.237,146.28,830.63
2023-12-11 18:50:00+00:00,146.279,146.295,146.247,146.247,962.38
2023-12-11 18:55:00+00:00,146.246,146.292,146.246,146.26,894.66
2023-12-11 19:00:00+00:00,146.259,146.259,146.201,146.206,1335.85
2023-12-11 19:05:00+00:00,146.206,146.206,146.148,146.159,2511.84
2023-12-11 19:10:00+00:00,146.157,146.17,146.121,146.124,1054.51
2023-12-11 19:15:00+00:00,146.123,146.15,146.112,146.116,878.01
2023-12-11 19:20:00+00:00,146.116,146.157,146.111,146.136,1063.76
2023-12-11 19:25:00+00:00,146.135,146.137,146.082,146.087,1272.43
2023-12-11 19:30:00+00:00,146.088,146.116,146.071,146.104,874.21
2023-12-11 19:35:00+00:00,146.104,146.106,146.084,146.099,893.08
2023-12-11 19:40:00+00:00,146.098,146.13,146.095,146.11,789.22
2023-12-11 19:45:00+00:00,146.111,146.143,146.107,146.14,727.12
2023-12-11 19:50:00+00:00,146.141,146.184,146.138,146.184,833.22
2023-12-11 19:55:00+00:00,146.184,146.195,146.148,146.151,1340.57
2023-12-11 20:00:00+00:00,146.152,146.223,146.145,146.215,1189.63
2023-12-11 20:05:00+00:00,146.215,146.227,146.177,146.206,691.84
2023-12-11 20:10:00+00:00,146.206,146.241,146.202,146.204,997.09
2023-12-11 20:15:00+00:00,146.203,146.215,146.193,146.203,691.81
2023-12-11 20:20:00+00:00,146.203,146.236,146.198,146.214,1053.29
2023-12-11 20:25:00+00:00,146.213,146.248,146.198,146.21,1056.89
2023-12-11 20:30:00+00:00,146.208,146.224,146.197,146.22,1215.43
2023-12-11 20:35:00+00:00,146.219,146.221,146.189,146.204,1138.97
2023-12-11 20:40:00+00:00,146.204,146.225,146.203,146.222,548.4
2023-12-11 20:45:00+00:00,146.224,146.228,146.187,146.188,803.32
2023-12-11 20:50:00+00:00,146.192,146.221,146.187,146.199,757.09
2023-12-11 20:55:00+00:00,146.198,146.215,146.194,146.205,1678.5
2023-12-11 21:00:00+00:00,146.204,146.21,146.169,146.174,693.81
2023-12-11 21:05:00+00:00,146.175,146.199,146.154,146.181,434.18
2023-12-11 21:10:00+00:00,146.181,146.189,146.177,146.177,446.4
2023-12-11 21:15:00+00:00,146.177,146.182,146.166,146.168,362.14
2023-12-11 21:20:00+00:00,146.167,146.167,146.155,146.157,256.35
2023-12-11 21:25:00+00:00,146.158,146.158,146.107,146.126,401.12
2023-12-11 21:30:00+00:00,146.125,146.142,146.125,146.136,323.84
2023-12-11 21:35:00+00:00,146.136,146.152,146.136,146.148,436.77
2023-12-11 21:40:00+00:00,146.148,146.169,146.142,146.167,337.04
2023-12-11 21:45:00+00:00,146.167,146.184,146.167,146.181,604.63
2023-12-11 21:50:00+00:00,146.182,146.189,146.178,146.182,390.75
2023-12-11 21:55:00+00:00,146.182,146.189,146.147,146.149,331.95
2023-12-11 22:00:00+00:00,146.144,146.144,146.055,146.109,16.5
2023-12-11 22:05:00+00:00,146.129,146.129,146.094,146.097,55.5
2023-12-11 22:10:00+00:00,146.101,146.126,146.101,146.115,152.7
2023-12-11 22:15:00+00:00,146.114,146.135,146.109,146.131,57.54
2023-12-11 22:20:00+00:00,146.116,146.137,146.116,146.137,33.3
2023-12-11 22:25:00+00:00,146.137,146.155,146.095,146.136,198.13
2023-12-11 22:30:00+00:00,146.134,146.144,146.098,146.135,191.24
2023-12-11 22:35:00+00:00,146.136,146.139,146.12,146.122,118.3
2023-12-11 22:40:00+00:00,146.128,146.176,146.115,146.131,277.5
2023-12-11 22:45:00+00:00,146.13,146.181,146.129,146.141,294.22
2023-12-11 22:50:00+00:00,146.142,146.142,146.132,146.133,203.7
2023-12-11 22:55:00+00:00,146.144,146.151,146.137,146.144,153.6
2023-12-11 23:00:00+00:00,146.142,146.166,146.114,146.15,558.92
2023-12-11 23:05:00+00:00,146.149,146.157,146.144,146.153,132.05
2023-12-11 23:10:00+00:00,146.155,146.162,146.142,146.146,411.87
2023-12-11 23:15:00+00:00,146.146,146.166,146.144,146.149,459.8
2023-12-11 23:20:00+00:00,146.148,146.165,146.121,146.155,760.99
2023-12-11 23:25:00+00:00,146.156,146.159,146.142,146.143,416.62
2023-12-11 23:30:00+00:00,146.143,146.156,146.13,146.149,443.78
2023-12-11 23:35:00+00:00,146.15,146.165,146.142,146.153,230.9
2023-12-11 23:40:00+00:00,146.154,146.164,146.141,146.143,248.82
2023-12-11 23:45:00+00:00,146.143,146.143,146.078,146.11,527.79
2023-12-11 23:50:00+00:00,146.113,146.129,146.108,146.125,182.19
2023-12-11 23:55:00+00:00,146.125,146.127,146.049,146.049,483.75
2023-12-12 00:00:00+00:00,146.049,146.094,145.981,146.091,1635.56
2023-12-12 00:05:00+00:00,146.091,146.123,146.052,146.094,1301.84
2023-12-12 00:10:00+00:00,146.1,146.116,145.928,145.965,1294.88
2023-12-12 00:15:00+00:00,145.965,145.989,145.907,145.922,1493.26
2023-12-12 00:20:00+00:00,145.923,145.923,145.801,145.813,2640.88
2023-12-12 00:25:00+00:00,145.813,145.962,145.797,145.918,2337.47
2023-12-12 00:30:00+00:00,145.916,145.944,145.723,145.752,3243.02
2023-12-12 00:35:00+00:00,145.753,145.824,145.719,145.785,2615.35
2023-12-12 00:40:00+00:00,145.786,145.81,145.731,145.803,2191.73
2023-12-12 00:45:00+00:00,145.807,145.824,145.742,145.783,1602.45
2023-12-12 00:50:00+00:00,145.782,145.855,145.748,145.8,3157.65
2023-12-12 00:55:00+00:00,145.804,145.839,145.727,145.793,3231.85
2023-12-12 01:00:00+00:00,145.792,145.839,145.668,145.721,3011.71
2023-12-12 01:05:00+00:00,145.721,145.725,145.642,145.645,2646.48
2023-12-12 01:10:00+00:00,145.645,145.698,145.604,145.675,2685.25
2023-12-12 01:15:00+00:00,145.675,145.694,145.536,145.579,2765.43
2023-12-12 01:20:00+00:00,145.579,145.618,145.538,145.609,1532.65
2023-12-12 01:25:00+00:00,145.609,145.65,145.579,145.588,1434.65
2023-12-12 01:30:00+00:00,145.588,145.622,145.547,145.589,2012.7
2023-12-12 01:35:00+00:00,145.587,145.671,145.573,145.65,894.3
2023-12-12 01:40:00+00:00,145.647,145.717,145.635,145.676,936.56
2023-12-12 01:45:00+00:00,145.676,145.772,145.661,145.767,962.3
2023-12-12 01:50:00+00:00,145.767,145.814,145.765,145.788,1945.72
2023-12-12 01:55:00+00:00,145.787,145.788,145.726,145.735,1877.62
2023-12-12 02:00:00+00:00,145.735,145.764,145.695,145.753,1956.32
2023-12-12 02:05:00+00:00,145.755,145.755,145.642,145.668,1690.94
2023-12-12 02:10:00+00:00,145.668,145.695,145.658,145.676,1055.61
2023-12-12 02:15:00+00:00,145.675,145.689,145.618,145.685,1652.25
2023-12-12 02:20:00+00:00,145.678,145.724,145.678,145.702,1092.38
2023-12-12 02:25:00+00:00,145.701,145.745,145.662,145.718,1075.92
2023-12-12 02:30:00+00:00,145.717,145.784,145.717,145.732,909.55
2023-12-12 02:35:00+00:00,145.732,145.764,145.696,145.762,814.79
2023-12-12 02:40:00+00:00,145.763,145.815,145.76,145.784,718.76
2023-12-12 02:45:00+00:00,145.784,145.805,145.768,145.796,672.88
2023-12-12 02:50:00+00:00,145.794,145.794,145.736,145.755,987.47
2023-12-12 02:55:00+00:00,145.754,145.822,145.742,145.819,743.58
2023-12-12 03:00:00+00:00,145.819,145.831,145.743,145.751,989.52
2023-12-12 03:05:00+00:00,145.752,145.753,145.695,145.724,1149.55
2023-12-12 03:10:00+00:00,145.724,145.729,145.687,145.728,720.05
2023-12-12 03:15:00+00:00,145.728,145.733,145.684,145.69,699.34
2023-12-12 03:20:00+00:00,145.692,145.73,145.684,145.7,728.99
2023-12-12 03:25:00+00:00,145.699,145.7,145.652,145.655,1033.66
2023-12-12 03:30:00+00:00,145.657,145.658,145.608,145.65,1386.7
2023-12-12 03:35:00+00:00,145.647,145.656,145.628,145.644,897.97
2023-12-12 03:40:00+00:00,145.645,145.686,145.633,145.676,1244.01
2023-12-12 03:45:00+00:00,145.676,145.696,145.663,145.671,692.0
2023-12-12 03:50:00+00:00,145.671,145.676,145.585,145.595,1300.72
2023-12-12 03:55:00+00:00,145.594,145.611,145.563,145.596,1623.69
2023-12-12 04:00:00+00:00,145.598,145.629,145.583,145.617,1764.47
2023-12-12 04:05:00+00:00,145.617,145.638,145.59,145.592,1585.99
2023-12-12 04:10:00+00:00,145.591,145.61,145.55,145.581,1381.3
2023-12-12 04:15:00+00:00,145.581,145.602,145.561,145.59,1280.33
2023-12-12 04:20:00+00:00,145.591,145.603,145.579,145.581,881.76
2023-12-12 04:25:00+00:00,145.582,145.637,145.573,145.614,1167.92
2023-12-12 04:30:00+00:00,145.613,145.637,145.603,145.616,1072.01
2023-12-12 04:35:00+00:00,145.615,145.66,145.615,145.65,918.85
2023-12-12 04:40:00+00:00,145.651,145.682,145.649,145.659,1226.78
2023-12-12 04:45:00+00:00,145.659,145.666,145.622,145.643,915.48
2023-12-12 04:50:00+00:00,145.641,145.646,145.603,145.605,1083.32
2023-12-12 04:55:00+00:00,145.604,145.609,145.524,145.534,1780.69
2023-12-12 05:00:00+00:00,145.533,145.541,145.527,145.531,1150.6
2023-12-12 05:05:00+00:00,145.532,145.543,145.421,145.457,1963.63
2023-12-12 05:10:00+00:00,145.457,145.476,145.443,145.455,1466.69
2023-12-12 05:15:00+00:00,145.454,145.471,145.397,145.441,1369.08
2023-12-12 05:20:00+00:00,145.44,145.441,145.387,145.406,1887.01
2023-12-12 05:25:00+00:00,145.406,145.504,145.386,145.503,1818.02
2023-12-12 05:30:00+00:00,145.501,145.553,145.496,145.51,1430.81
2023-12-12 05:35:00+00:00,145.511,145.531,145.479,145.492,1930.16
2023-12-12 05:40:00+00:00,145.492,145.499,145.445,145.479,1510.53
2023-12-12 05:45:00+00:00,145.479,145.532,145.477,145.495,1296.92
2023-12-12 05:50:00+00:00,145.497,145.53,145.452,145.464,1917.02
2023-12-12 05:55:00+00:00,145.464,145.484,145.328,145.374,2564.44
2023-12-12 06:00:00+00:00,145.374,145.428,145.337,145.376,1737.28
2023-12-12 06:05:00+00:00,145.376,145.428,145.376,145.422,1079.76
2023-12-12 06:10:00+00:00,145.422,145.434,145.393,145.415,1231.57
2023-12-12 06:15:00+00:00,145.415,145.471,145.369,145.439,1224.31
2023-12-12 06:20:00+00:00,145.441,145.459,145.384,145.42,1529.78
2023-12-12 06:25:00+00:00,145.42,145.45,145.393,145.405,1098.23
2023-12-12 06:30:00+00:00,145.408,145.454,145.408,145.418,1634.65
2023-12-12 06:35:00+00:00,145.419,145.462,145.41,145.411,1078.86
2023-12-12 06:40:00+00:00,145.415,145.429,145.363,145.423,1267.18
2023-12-12 06:45:00+00:00,145.424,145.454,145.409,145.423,1298.35
2023-12-12 06:50:00+00:00,145.423,145.426,145.38,145.407,1410.64
2023-12-12 06:55:00+00:00,145.409,145.413,145.361,145.378,1674.23
2023-12-12 07:00:00+00:00,145.38,145.421,145.249,145.287,4756.75
2023-12-12 07:05:00+00:00,145.288,145.335,145.221,145.317,3075.71
2023-12-12 07:10:00+00:00,145.318,145.401,145.283,145.283,3601.73
2023-12-12 07:15:00+00:00,145.281,145.38,145.28,145.349,2477.57
2023-12-12 07:20:00+00:00,145.348,145.35,145.263,145.298,2455.61
2023-12-12 07:25:00+00:00,145.299,145.369,145.297,145.369,1967.12
2023-12-12 07:30:00+00:00,145.37,145.392,145.334,145.337,1676.25
2023-12-12 07:35:00+00:00,145.338,145.381,145.297,145.32,2212.47
2023-12-12 07:40:00+00:00,145.323,145.462,145.323,145.426,3197.15
2023-12-12 07:45:00+00:00,145.424,145.483,145.41,145.435,3446.52
2023-12-12 07:50:00+00:00,145.435,145.444,145.371,145.38,3000.67
2023-12-12 07:55:00+00:00,145.383,145.472,145.383,145.441,2620.19
2023-12-12 08:00:00+00:00,145.44,145.54,145.425,145.498,3999.65
2023-12-12 08:05:00+00:00,145.497,145.586,145.476,145.581,2665.64
2023-12-12 08:10:00+00:00,145.587,145.618,145.531,145.54,3024.27
2023-12-12 08:15:00+00:00,145.54,145.55,145.498,145.535,2974.31
2023-12-12 08:20:00+00:00,145.533,145.533,145.434,145.442,3052.18
2023-12-12 08:25:00+00:00,145.443,145.516,145.403,145.498,3044.0
2023-12-12 08:30:00+00:00,145.503,145.588,145.495,145.572,2804.29
2023-12-12 08:35:00+00:00,145.572,145.627,145.54,145.555,3743.6
2023-12-12 08:40:00+00:00,145.555,145.556,145.509,145.523,3006.72
2023-12-12 08:45:00+00:00,145.523,145.523,145.464,145.499,2409.77
2023-12-12 08:50:00+00:00,145.5,145.543,145.412,145.416,3041.1
2023-12-12 08:55:00+00:00,145.417,145.564,145.417,145.562,3363.45
2023-12-12 09:00:00+00:00,145.561,145.586,145.519,145.552,2878.61
2023-12-12 09:05:00+00:00,145.551,145.552,145.521,145.544,2458.46
2023-12-12 09:10:00+00:00,145.544,145.576,145.525,145.534,2251.28
2023-12-12 09:15:00+00:00,145.533,145.557,145.482,145.548,2362.16
2023-12-12 09:20:00+00:00,145.548,145.607,145.481,145.606,3227.03
2023-12-12 09:25:00+00:00,145.607,145.613,145.49,145.492,2521.29
2023-12-12 09:30:00+00:00,145.488,145.496,145.405,145.437,2535.18
2023-12-12 09:35:00+00:00,145.438,145.44,145.321,145.361,2123.11
2023-12-12 09:40:00+00:00,145.362,145.394,145.335,145.393,1987.83
2023-12-12 09:45:00+00:00,145.392,145.406,145.352,145.405,1947.08
2023-12-12 09:50:00+00:00,145.404,145.437,145.396,145.432,1653.25
2023-12-12 09:55:00+00:00,145.439,145.445,145.388,145.41,1543.53
2023-12-12 10:00:00+00:00,145.41,145.414,145.349,145.358,2314.57
2023-12-12 10:05:00+00:00,145.358,145.396,145.351,145.364,1707.04
2023-12-12 10:10:00+00:00,145.364,145.427,145.362,145.422,1740.61
2023-12-12 10:15:00+00:00,145.422,145.446,145.416,145.439,2010.83
2023-12-12 10:20:00+00:00,145.438,145.457,145.427,145.438,1577.97
2023-12-12 10:25:00+00:00,145.439,145.439,145.318,145.373,1813.61
2023-12-12 10:30:00+00:00,145.37,145.375,145.319,145.322,1455.14
2023-12-12 10:35:00+00:00,145.323,145.355,145.306,145.344,852.29
2023-12-12 10:40:00+00:00,145.344,145.347,145.29,145.324,1562.63
2023-12-12 10:45:00+00:00,145.324,145.324,145.245,145.255,1238.72
2023-12-12 10:50:00+00:00,145.255,145.286,145.234,145.275,1330.6
2023-12-12 10:55:00+00:00,145.276,145.324,145.276,145.289,1691.47
2023-12-12 11:00:00+00:00,145.288,145.33,145.286,145.315,1856.38
2023-12-12 11:05:00+00:00,145.318,145.323,145.26,145.278,1532.99
2023-12-12 11:10:00+00:00,145.279,145.279,145.163,145.186,1951.18
2023-12-12 11:15:00+00:00,145.188,145.282,145.188,145.252,2434.77
2023-12-12 11:20:00+00:00,145.251,145.257,145.216,145.254,1548.4
2023-12-12 11:25:00+00:00,145.254,145.279,145.215,145.229,1208.94
2023-12-12 11:30:00+00:00,145.227,145.235,145.115,145.121,2519.23
2023-12-12 11:35:00+00:00,145.121,145.128,145.058,145.11,2482.74
2023-12-12 11:40:00+00:00,145.109,145.175,145.09,145.173,2012.74
2023-12-12 11:45:00+00:00,145.175,145.221,145.123,145.165,2130.59
2023-12-12 11:50:00+00:00,145.165,145.229,145.165,145.226,1986.86
2023-12-12 11:55:00+00:00,145.226,145.227,145.163,145.176,1635.47
2023-12-12 12:00:00+00:00,145.174,145.198,145.158,145.195,1177.92
2023-12-12 12:05:00+00:00,145.195,145.23,145.167,145.174,1637.57
2023-12-12 12:10:00+00:00,145.172,145.214,145.145,145.195,1578.56
2023-12-12 12:15:00+00:00,145.195,145.199,145.153,145.164,947.28
2023-12-12 12:20:00+00:00,145.164,145.194,145.149,145.163,1079.62
2023-12-12 12:25:00+00:00,145.165,145.165,145.09,145.099,1813.74
2023-12-12 12:30:00+00:00,145.099,145.145,145.092,145.114,1149.44
2023-12-12 12:35:00+00:00,145.115,145.12,145.06,145.08,1214.36
2023-12-12 12:40:00+00:00,145.08,145.132,145.055,145.101,1686.85
2023-12-12 12:45:00+00:00,145.099,145.147,145.084,145.145,1384.33
2023-12-12 12:50:00+00:00,145.143,145.182,145.108,145.174,1326.37
2023-12-12 12:55:00+00:00,145.178,145.214,145.158,145.188,2084.87
2023-12-12 13:00:00+00:00,145.188,145.27,145.187,145.23,1423.53
2023-12-12 13:05:00+00:00,145.229,145.236,145.139,145.17,2479.59
2023-12-12 13:10:00+00:00,145.169,145.181,145.034,145.037,3045.4
2023-12-12 13:15:00+00:00,145.036,145.064,145.007,145.051,2176.29
2023-12-12 13:20:00+00:00,145.049,145.139,145.042,145.093,2884.73
2023-12-12 13:25:00+00:00,145.095,145.156,145.083,145.114,2847.75
2023-12-12 13:30:00+00:00,145.121,145.606,144.731,145.316,8763.19
2023-12-12 13:35:00+00:00,145.318,145.518,145.261,145.475,8452.2
2023-12-12 13:40:00+00:00,145.477,145.567,145.446,145.561,7981.75
2023-12-12 13:45:00+00:00,145.562,145.729,145.532,145.549,7900.54
2023-12-12 13:50:00+00:00,145.549,145.667,145.493,145.658,6943.43
2023-12-12 13:55:00+00:00,145.66,145.713,145.564,145.646,5577.56
2023-12-12 14:00:00+00:00,145.646,145.665,145.426,145.467,6604.46
2023-12-12 14:05:00+00:00,145.468,145.574,145.353,145.365,5202.18
2023-12-12 14:10:00+00:00,145.366,145.387,145.302,145.346,5213.19
2023-12-12 14:15:00+00:00,145.346,145.517,145.342,145.48,4404.91
2023-12-12 14:20:00+00:00,145.48,145.586,145.465,145.576,4498.37
2023-12-12 14:25:00+00:00,145.58,145.672,145.552,145.613,4400.69
2023-12-12 14:30:00+00:00,145.618,145.818,145.612,145.794,4574.09
2023-12-12 14:35:00+00:00,145.794,145.806,145.691,145.736,4864.55
2023-12-12 14:40:00+00:00,145.735,145.824,145.711,145.796,4268.48
2023-12-12 14:45:00+00:00,145.797,145.851,145.627,145.648,4630.18
2023-12-12 14:50:00+00:00,145.647,145.713,145.593,145.702,3035.97
2023-12-12 14:55:00+00:00,145.703,145.753,145.654,145.665,2399.9
2023-12-12 15:00:00+00:00,145.663,145.729,145.625,145.647,3718.03
2023-12-12 15:05:00+00:00,145.647,145.685,145.573,145.58,3435.92
2023-12-12 15:10:00+00:00,145.581,145.695,145.579,145.667,2277.96
2023-12-12 15:15:00+00:00,145.671,145.671,145.601,145.605,2249.61
2023-12-12 15:20:00+00:00,145.602,145.618,145.532,145.551,2549.68
2023-12-12 15:25:00+00:00,145.551,145.582,145.518,145.566,2932.41
2023-12-12 15:30:00+00:00,145.566,145.621,145.558,145.603,1990.39
2023-12-12 15:35:00+00:00,145.605,145.665,145.599,145.606,2343.64
2023-12-12 15:40:00+00:00,145.606,145.613,145.528,145.537,2689.33
2023-12-12 15:45:00+00:00,145.537,145.578,145.502,145.51,1852.77
2023-12-12 15:50:00+00:00,145.506,145.594,145.489,145.586,1694.31
2023-12-12 15:55:00+00:00,145.586,145.648,145.56,145.646,2201.71
2023-12-12 16:00:00+00:00,145.645,145.666,145.549,145.561,2841.34
2023-12-12 16:05:00+00:00,145.559,145.595,145.494,145.572,2665.4
2023-12-12 16:10:00+00:00,145.574,145.646,145.566,145.605,2864.18
2023-12-12 16:15:00+00:00,145.604,145.631,145.585,145.589,1675.39
2023-12-12 16:20:00+00:00,145.589,145.615,145.552,145.6,1983.61
2023-12-12 16:25:00+00:00,145.598,145.627,145.565,145.609,1495.3
2023-12-12 16:30:00+00:00,145.608,145.635,145.586,145.617,848.32
2023-12-12 16:35:00+00:00,145.618,145.636,145.506,145.529,1557.38
2023-12-12 16:40:00+00:00,145.531,145.531,145.421,145.446,2169.7
2023-12-12 16:45:00+00:00,145.446,145.461,145.432,145.442,1356.68
2023-12-12 16:50:00+00:00,145.445,145.47,145.403,145.456,1303.84
2023-12-12 16:55:00+00:00,145.455,145.509,145.447,145.463,1684.93
2023-12-12 17:00:00+00:00,145.463,145.497,145.436,145.494,2347.52
2023-12-12 17:05:00+00:00,145.495,145.603,145.495,145.602,1592.28
2023-12-12 17:10:00+00:00,145.602,145.684,145.598,145.649,1118.88
2023-12-12 17:15:00+00:00,145.648,145.66,145.614,145.628,1425.85
2023-12-12 17:20:00+00:00,145.627,145.633,145.589,145.619,1004.2
2023-12-12 17:25:00+00:00,145.62,145.636,145.596,145.618,727.4
2023-12-12 17:30:00+00:00,145.618,145.643,145.576,145.642,1994.85
2023-12-12 17:35:00+00:00,145.642,145.659,145.618,145.658,1376.85
2023-12-12 17:40:00+00:00,145.658,145.69,145.642,145.687,737.82
2023-12-12 17:45:00+00:00,145.687,145.731,145.662,145.726,923.29
2023-12-12 17:50:00+00:00,145.727,145.727,145.661,145.663,1047.92
2023-12-12 17:55:00+00:00,145.665,145.691,145.649,145.663,886.93
2023-12-12 18:00:00+00:00,145.661,145.677,145.462,145.484,3261.25
2023-12-12 18:05:00+00:00,145.482,145.558,145.48,145.492,3362.77
2023-12-12 18:10:00+00:00,145.493,145.578,145.492,145.549,1387.71
2023-12-12 18:15:00+00:00,145.551,145.614,145.522,145.606,1311.4
2023-12-12 18:20:00+00:00,145.606,145.624,145.589,145.61,809.91
2023-12-12 18:25:00+00:00,145.609,145.654,145.592,145.651,1083.05
2023-12-12 18:30:00+00:00,145.65,145.661,145.618,145.619,911.42
2023-12-12 18:35:00+00:00,145.618,145.634,145.602,145.621,1247.26
2023-12-12 18:40:00+00:00,145.622,145.622,145.557,145.565,841.62
2023-12-12 18:45:00+00:00,145.565,145.601,145.534,145.597,1413.39
2023-12-12 18:50:00+00:00,145.597,145.636,145.596,145.63,1086.82
2023-12-12 18:55:00+00:00,145.629,145.632,145.605,145.617,941.37
2023-12-12 19:00:00+00:00,145.618,145.621,145.579,145.586,1423.78
2023-12-12 19:05:00+00:00,145.585,145.617,145.584,145.616,738.1
2023-12-12 19:10:00+00:00,145.615,145.661,145.614,145.659,564.28
2023-12-12 19:15:00+00:00,145.66,145.663,145.625,145.638,689.69
2023-12-12 19:20:00+00:00,145.639,145.648,145.623,145.626,1138.32
2023-12-12 19:25:00+00:00,145.625,145.662,145.615,145.662,917.5
2023-12-12 19:30:00+00:00,145.662,145.669,145.645,145.647,564.4
2023-12-12 19:35:00+00:00,145.646,145.658,145.634,145.646,606.15
2023-12-12 19:40:00+00:00,145.646,145.666,145.637,145.66,924.85
2023-12-12 19:45:00+00:00,145.661,145.666,145.644,145.654,828.36
2023-12-12 19:50:00+00:00,145.655,145.659,145.635,145.637,585.92
2023-12-12 19:55:00+00:00,145.637,145.643,145.591,145.594,1747.59
2023-12-12 20:00:00+00:00,145.594,145.616,145.575,145.588,1247.0
2023-12-12 20:05:00+00:00,145.588,145.588,145.566,145.578,639.81
2023-12-12 20:10:00+00:00,145.577,145.586,145.551,145.564,552.24
2023-12-12 20:15:00+00:00,145.565,145.565,145.54,145.545,426.75
2023-12-12 20:20:00+00:00,145.546,145.565,145.541,145.555,310.9
2023-12-12 20:25:00+00:00,145.555,145.572,145.555,145.563,572.97
2023-12-12 20:30:00+00:00,145.562,145.562,145.519,145.529,553.73
2023-12-12 20:35:00+00:00,145.53,145.53,145.495,145.518,918.76
2023-12-12 20:40:00+00:00,145.518,145.523,145.485,145.488,739.46
2023-12-12 20:45:00+00:00,145.488,145.51,145.475,145.51,717.58
2023-12-12 20:50:00+00:00,145.509,145.529,145.481,145.503,630.81
2023-12-12 20:55:00+00:00,145.503,145.508,145.469,145.499,840.86
2023-12-12 21:00:00+00:00,145.5,145.529,145.491,145.491,546.24
2023-12-12 21:05:00+00:00,145.492,145.508,145.488,145.506,299.34
2023-12-12 21:10:00+00:00,145.506,145.515,145.477,145.477,254.47
2023-12-12 21:15:00+00:00,145.477,145.506,145.476,145.491,327.49
2023-12-12 21:20:00+00:00,145.492,145.502,145.489,145.501,150.13
2023-12-12 21:25:00+00:00,145.502,145.512,145.471,145.489,324.25
2023-12-12 21:30:00+00:00,145.487,145.491,145.476,145.48,357.64
2023-12-12 21:35:00+00:00,145.481,145.481,145.476,145.48,315.15
2023-12-12 21:40:00+00:00,145.479,145.501,145.473,145.499,346.88
2023-12-12 21:45:00+00:00,145.499,145.51,145.464,145.468,403.55
2023-12-12 21:50:00+00:00,145.467,145.488,145.465,145.475,540.43
2023-12-12 21:55:00+00:00,145.478,145.478,145.442,145.443,480.88
2023-12-12 22:00:00+00:00,145.44,145.464,145.423,145.464,29.4
2023-12-12 22:05:00+00:00,145.464,145.497,145.445,145.449,112.71
2023-12-12 22:10:00+00:00,145.456,145.488,145.442,145.446,114.45
2023-12-12 22:15:00+00:00,145.447,145.452,145.443,145.451,133.05
2023-12-12 22:20:00+00:00,145.449,145.449,145.419,145.42,30.1
2023-12-12 22:25:00+00:00,145.419,145.441,145.413,145.424,107.1
2023-12-12 22:30:00+00:00,145.424,145.436,145.423,145.429,81.6
2023-12-12 22:35:00+00:00,145.43,145.431,145.421,145.424,139.5
2023-12-12 22:40:00+00:00,145.425,145.439,145.419,145.427,449.8
2023-12-12 22:45:00+00:00,145.429,145.449,145.396,145.43,470.65
2023-12-12 22:50:00+00:00,145.43,145.441,145.415,145.417,410.35
2023-12-12 22:55:00+00:00,145.417,145.426,145.416,145.418,209.94
2023-12-12 23:00:00+00:00,145.417,145.468,145.399,145.459,656.45
2023-12-12 23:05:00+00:00,145.458,145.472,145.408,145.409,330.62
2023-12-12 23:10:00+00:00,145.41,145.426,145.401,145.401,331.2
2023-12-12 23:15:00+00:00,145.402,145.41,145.392,145.403,329.84
2023-12-12 23:20:00+00:00,145.403,145.404,145.339,145.366,811.78
2023-12-12 23:25:00+00:00,145.366,145.38,145.358,145.361,648.2
2023-12-12 23:30:00+00:00,145.361,145.361,145.326,145.326,307.93
2023-12-12 23:35:00+00:00,145.325,145.325,145.238,145.274,970.33
2023-12-12 23:40:00+00:00,145.276,145.298,145.255,145.268,519.41
2023-12-12 23:45:00+00:00,145.268,145.299,145.267,145.274,226.13
2023-12-12 23:50:00+00:00,145.276,145.276,145.184,145.209,1169.58
2023-12-12 23:55:00+00:00,145.213,145.298,145.21,145.297,586.17
2023-12-13 00:00:00+00:00,145.296,145.398,145.264,145.338,1387.18
2023-12-13 00:05:00+00:00,145.338,145.401,145.315,145.378,1560.86
2023-12-13 00:10:00+00:00,145.377,145.401,145.328,145.375,1671.57
2023-12-13 00:15:00+00:00,145.375,145.4,145.335,145.372,1411.8
2023-12-13 00:20:00+00:00,145.374,145.529,145.373,145.496,2171.91
2023-12-13 00:25:00+00:00,145.496,145.519,145.444,145.484,2452.03
2023-12-13 00:30:00+00:00,145.483,145.533,145.464,145.488,2037.85
2023-12-13 00:35:00+00:00,145.488,145.531,145.479,145.499,2659.79
2023-12-13 00:40:00+00:00,145.498,145.501,145.45,145.46,1975.97
2023-12-13 00:45:00+00:00,145.461,145.554,145.457,145.509,2191.33
2023-12-13 00:50:00+00:00,145.508,145.585,145.476,145.585,3905.06
2023-12-13 00:55:00+00:00,145.583,145.604,145.517,145.517,4056.07
2023-12-13 01:00:00+00:00,145.518,145.518,145.441,145.443,2722.08
2023-12-13 01:05:00+00:00,145.445,145.485,145.429,145.456,2649.81
2023-12-13 01:10:00+00:00,145.455,145.493,145.429,145.491,1977.02
2023-12-13 01:15:00+00:00,145.493,145.543,145.461,145.487,2350.14
2023-12-13 01:20:00+00:00,145.487,145.527,145.453,145.454,2069.88
2023-12-13 01:25:00+00:00,145.454,145.479,145.419,145.473,1358.87
2023-12-13 01:30:00+00:00,145.471,145.503,145.426,145.446,1457.17
2023-12-13 01:35:00+00:00,145.446,145.495,145.424,145.462,1580.7
2023-12-13 01:40:00+00:00,145.462,145.482,145.444,145.466,1790.3
2023-12-13 01:45:00+00:00,145.465,145.494,145.44,145.45,1746.12
2023-12-13 01:50:00+00:00,145.45,145.458,145.426,145.444,1489.46
2023-12-13 01:55:00+00:00,145.444,145.445,145.336,145.382,2542.43
2023-12-13 02:00:00+00:00,145.382,145.425,145.359,145.421,2215.95
2023-12-13 02:05:00+00:00,145.421,145.422,145.313,145.406,2937.27
2023-12-13 02:10:00+00:00,145.406,145.49,145.396,145.48,2433.34
2023-12-13 02:15:00+00:00,145.48,145.489,145.387,145.401,1922.03
2023-12-13 02:20:00+00:00,145.402,145.466,145.4,145.455,1248.43
2023-12-13 02:25:00+00:00,145.454,145.47,145.441,145.469,918.86
2023-12-13 02:30:00+00:00,145.47,145.529,145.464,145.518,1429.75
2023-12-13 02:35:00+00:00,145.518,145.527,145.482,145.508,1839.09
2023-12-13 02:40:00+00:00,145.508,145.522,145.485,145.497,1093.28
2023-12-13 02:45:00+00:00,145.497,145.53,145.485,145.496,1362.81
2023-12-13 02:50:00+00:00,145.497,145.508,145.475,145.503,1438.83
2023-12-13 02:55:00+00:00,145.499,145.551,145.493,145.539,2429.28
2023-12-13 03:00:00+00:00,145.538,145.63,145.537,145.624,1572.64
2023-12-13 03:05:00+00:00,145.624,145.662,145.6,145.659,1438.04
2023-12-13 03:10:00+00:00,145.661,145.661,145.591,145.591,1607.11
2023-12-13 03:15:00+00:00,145.592,145.623,145.589,145.602,1089.68
2023-12-13 03:20:00+00:00,145.6,145.602,145.568,145.581,1466.38
2023-12-13 03:25:00+00:00,145.581,145.591,145.547,145.576,1617.43
2023-12-13 03:30:00+00:00,145.576,145.592,145.546,145.567,1395.57
2023-12-13 03:35:00+00:00,145.565,145.605,145.561,145.6,1214.23
2023-12-13 03:40:00+00:00,145.601,145.619,145.574,145.586,1004.43
2023-12-13 03:45:00+00:00,145.587,145.636,145.58,145.625,1025.15
2023-12-13 03:50:00+00:00,145.626,145.641,145.593,145.641,1175.5
2023-12-13 03:55:00+00:00,145.642,145.649,145.593,145.621,2147.19
2023-12-13 04:00:00+00:00,145.621,145.624,145.602,145.615,1256.53
2023-12-13 04:05:00+00:00,145.616,145.617,145.581,145.593,1517.18
2023-12-13 04:10:00+00:00,145.591,145.613,145.586,145.597,1378.41
2023-12-13 04:15:00+00:00,145.596,145.65,145.58,145.634,1387.02
2023-12-13 04:20:00+00:00,145.633,145.669,145.632,145.647,1602.44
2023-12-13 04:25:00+00:00,145.649,145.659,145.596,145.614,751.4
2023-12-13 04:30:00+00:00,145.615,145.627,145.591,145.611,1437.36
2023-12-13 04:35:00+00:00,145.612,145.638,145.593,145.603,1302.24
2023-12-13 04:40:00+00:00,145.602,145.618,145.586,145.611,1412.1
2023-12-13 04:45:00+00:00,145.61,145.701,145.609,145.691,2301.75
2023-12-13 04:50:00+00:00,145.69,145.692,145.659,145.67,2007.45
2023-12-13 04:55:00+00:00,145.671,145.699,145.667,145.684,1931.1
2023-12-13 05:00:00+00:00,145.685,145.689,145.641,145.645,1177.93
2023-12-13 05:05:00+00:00,145.648,145.658,145.626,145.643,1240.73
2023-12-13 05:10:00+00:00,145.643,145.654,145.598,145.604,969.73
2023-12-13 05:15:00+00:00,145.603,145.61,145.546,145.59,2051.29
2023-12-13 05:20:00+00:00,145.591,145.594,145.557,145.558,1817.27
2023-12-13 05:25:00+00:00,145.558,145.574,145.527,145.554,1758.65
2023-12-13 05:30:00+00:00,145.556,145.583,145.539,145.552,2420.02
2023-12-13 05:35:00+00:00,145.553,145.567,145.541,145.545,1193.25
2023-12-13 05:40:00+00:00,145.544,145.545,145.495,145.514,1377.58
2023-12-13 05:45:00+00:00,145.514,145.521,145.497,145.512,932.93
2023-12-13 05:50:00+00:00,145.511,145.523,145.492,145.496,1261.4
2023-12-13 05:55:00+00:00,145.495,145.572,145.488,145.566,1700.06
2023-12-13 06:00:00+00:00,145.563,145.58,145.541,145.551,2718.33
2023-12-13 06:05:00+00:00,145.552,145.565,145.534,145.558,743.75
2023-12-13 06:10:00+00:00,145.559,145.605,145.539,145.596,1660.85
2023-12-13 06:15:00+00:00,145.601,145.664,145.573,145.648,2149.61
2023-12-13 06:20:00+00:00,145.649,145.72,145.647,145.711,2036.13
2023-12-13 06:25:00+00:00,145.711,145.792,145.711,145.766,3433.33
2023-12-13 06:30:00+00:00,145.767,145.814,145.758,145.805,1975.87
2023-12-13 06:35:00+00:00,145.806,145.823,145.793,145.818,2655.68
2023-12-13 06:40:00+00:00,145.819,145.836,145.773,145.807,2489.64
2023-12-13 06:45:00+00:00,145.808,145.808,145.765,145.767,2257.84
2023-12-13 06:50:00+00:00,145.768,145.843,145.766,145.827,1957.06
2023-12-13 06:55:00+00:00,145.827,145.883,145.817,145.872,1935.08
2023-12-13 07:00:00+00:00,145.87,145.993,145.87,145.923,3756.77
2023-12-13 07:05:00+00:00,145.923,145.958,145.878,145.932,2106.61
2023-12-13 07:10:00+00:00,145.934,145.975,145.871,145.933,2896.09
2023-12-13 07:15:00+00:00,145.936,145.969,145.905,145.919,1865.29
2023-12-13 07:20:00+00:00,145.92,145.957,145.92,145.939,1504.44
2023-12-13 07:25:00+00:00,145.94,145.954,145.852,145.875,2757.4
2023-12-13 07:30:00+00:00,145.874,145.876,145.843,145.844,3262.4
2023-12-13 07:35:00+00:00,145.843,145.868,145.809,145.821,2622.72
2023-12-13 07:40:00+00:00,145.822,145.846,145.778,145.804,2933.35
2023-12-13 07:45:00+00:00,145.804,145.866,145.803,145.854,2161.55
2023-12-13 07:50:00+00:00,145.854,145.874,145.821,145.874,2039.95
2023-12-13 07:55:00+00:00,145.879,145.892,145.786,145.812,2863.04
2023-12-13 08:00:00+00:00,145.812,145.851,145.741,145.835,3969.77
2023-12-13 08:05:00+00:00,145.834,145.843,145.781,145.793,3477.69
2023-12-13 08:10:00+00:00,145.794,145.869,145.794,145.824,3302.28
2023-12-13 08:15:00+00:00,145.827,145.845,145.771,145.802,2808.88
2023-12-13 08:20:00+00:00,145.801,145.875,145.801,145.853,2628.0
2023-12-13 08:25:00+00:00,145.854,145.945,145.849,145.912,3199.89
2023-12-13 08:30:00+00:00,145.91,145.912,145.882,145.909,2933.93
2023-12-13 08:35:00+00:00,145.91,145.951,145.886,145.917,2328.79
2023-12-13 08:40:00+00:00,145.917,145.93,145.879,145.88,2205.69
2023-12-13 08:45:00+00:00,145.879,145.894,145.829,145.85,3334.55
2023-12-13 08:50:00+00:00,145.851,145.869,145.831,145.868,3570.04
2023-12-13 08:55:00+00:00,145.87,145.875,145.812,145.846,3306.68
2023-12-13 09:00:00+00:00,145.845,145.864,145.812,145.841,3479.85
2023-12-13 09:05:00+00:00,145.84,145.842,145.782,145.814,3029.33
2023-12-13 09:10:00+00:00,145.814,145.865,145.812,145.851,3313.84
2023-12-13 09:15:00+00:00,145.85,145.875,145.829,145.864,2134.74
2023-12-13 09:20:00+00:00,145.864,145.906,145.843,145.863,2814.56
2023-12-13 09:25:00+00:00,145.866,145.871,145.826,145.85,3011.93
2023-12-13 09:30:00+00:00,145.849,145.852,145.785,145.813,2574.93
2023-12-13 09:35:00+00:00,145.811,145.816,145.773,145.788,2071.31
2023-12-13 09:40:00+00:00,145.786,145.806,145.718,145.721,2736.82
2023-12-13 09:45:00+00:00,145.72,145.827,145.719,145.825,2912.51
2023-12-13 09:50:00+00:00,145.822,145.844,145.782,145.841,1679.57
2023-12-13 09:55:00+00:00,145.843,145.859,145.83,145.836,1543.79
2023-12-13 10:00:00+00:00,145.837,145.85,145.805,145.837,2395.29
2023-12-13 10:05:00+00:00,145.836,145.858,145.815,145.817,2491.9
2023-12-13 10:10:00+00:00,145.818,145.818,145.747,145.77,2039.63
2023-12-13 10:15:00+00:00,145.771,145.879,145.764,145.856,2112.06
2023-12-13 10:20:00+00:00,145.856,145.859,145.782,145.804,1985.21
2023-12-13 10:25:00+00:00,145.804,145.813,145.774,145.78,2118.66
2023-12-13 10:30:00+00:00,145.782,145.784,145.732,145.77,1411.62
2023-12-13 10:35:00+00:00,145.77,145.781,145.752,145.775,1184.21
2023-12-13 10:40:00+00:00,145.774,145.819,145.772,145.806,1051.96
2023-12-13 10:45:00+00:00,145.804,145.816,145.749,145.778,911.36
2023-12-13 10:50:00+00:00,145.778,145.783,145.683,145.7,1479.42
2023-12-13 10:55:00+00:00,145.7,145.7,145.612,145.642,1997.24
2023-12-13 11:00:00+00:00,145.642,145.685,145.623,145.668,2557.56
2023-12-13 11:05:00+00:00,145.669,145.705,145.654,145.703,1625.61
2023-12-13 11:10:00+00:00,145.703,145.705,145.659,145.686,931.73
2023-12-13 11:15:00+00:00,145.684,145.707,145.652,145.658,869.95
2023-12-13 11:20:00+00:00,145.658,145.663,145.628,145.648,1172.37
2023-12-13 11:25:00+00:00,145.647,145.672,145.645,145.658,1078.5
2023-12-13 11:30:00+00:00,145.658,145.665,145.609,145.639,1782.85
2023-12-13 11:35:00+00:00,145.639,145.678,145.637,145.656,1386.06
2023-12-13 11:40:00+00:00,145.656,145.658,145.601,145.624,1881.04
2023-12-13 11:45:00+00:00,145.625,145.646,145.614,145.642,925.25
2023-12-13 11:50:00+00:00,145.642,145.654,145.611,145.616,1612.91
2023-12-13 11:55:00+00:00,145.616,145.646,145.604,145.623,1145.83
2023-12-13 12:00:00+00:00,145.615,145.647,145.61,145.639,1606.47
2023-12-13 12:05:00+00:00,145.638,145.702,145.632,145.691,1747.19
2023-12-13 12:10:00+00:00,145.691,145.715,145.685,145.705,1608.65
2023-12-13 12:15:00+00:00,145.702,145.733,145.693,145.718,1249.81
2023-12-13 12:20:00+00:00,145.718,145.726,145.672,145.678,1971.29
2023-12-13 12:25:00+00:00,145.678,145.711,145.665,145.668,1927.95
2023-12-13 12:30:00+00:00,145.671,145.676,145.641,145.646,1473.16
2023-12-13 12:35:00+00:00,145.647,145.672,145.588,145.588,1952.7
2023-12-13 12:40:00+00:00,145.588,145.664,145.566,145.636,1615.68
2023-12-13 12:45:00+00:00,145.637,145.66,145.63,145.643,1002.53
2023-12-13 12:50:00+00:00,145.642,145.703,145.639,145.689,1596.84
2023-12-13 12:55:00+00:00,145.689,145.705,145.667,145.682,2645.13
2023-12-13 13:00:00+00:00,145.68,145.701,145.643,145.691,1149.19
2023-12-13 13:05:00+00:00,145.694,145.697,145.645,145.666,1814.52
2023-12-13 13:10:00+00:00,145.667,145.669,145.632,145.639,1045.27
2023-12-13 13:15:00+00:00,145.639,145.699,145.639,145.691,1666.88
2023-12-13 13:20:00+00:00,145.692,145.717,145.592,145.621,2719.85
2023-12-13 13:25:00+00:00,145.624,145.649,145.591,145.597,2120.7
2023-12-13 13:30:00+00:00,145.599,145.6,145.424,145.535,5831.49
2023-12-13 13:35:00+00:00,145.536,145.545,145.311,145.382,5084.49
2023-12-13 13:40:00+00:00,145.383,145.447,145.359,145.422,3959.94
2023-12-13 13:45:00+00:00,145.423,145.534,145.378,145.38,4800.73
2023-12-13 13:50:00+00:00,145.383,145.392,145.268,145.275,5477.06
2023-12-13 13:55:00+00:00,145.275,145.308,145.21,145.229,4969.2
2023-12-13 14:00:00+00:00,145.228,145.228,145.036,145.076,5936.9
2023-12-13 14:05:00+00:00,145.077,145.151,145.045,145.137,4258.27
2023-12-13 14:10:00+00:00,145.137,145.176,145.078,145.16,3834.99
2023-12-13 14:15:00+00:00,145.158,145.213,145.107,145.177,4069.15
2023-12-13 14:20:00+00:00,145.177,145.235,145.168,145.199,2847.76
2023-12-13 14:25:00+00:00,145.199,145.238,145.156,145.184,3755.33
2023-12-13 14:30:00+00:00,145.183,145.268,145.155,145.211,5650.52
2023-12-13 14:35:00+00:00,145.213,145.27,145.147,145.257,5911.71
2023-12-13 14:40:00+00:00,145.257,145.291,145.218,145.238,4008.75
2023-12-13 14:45:00+00:00,145.237,145.268,145.19,145.205,3957.36
2023-12-13 14:50:00+00:00,145.202,145.312,145.193,145.295,3356.79
2023-12-13 14:55:00+00:00,145.297,145.306,145.222,145.247,3914.8
2023-12-13 15:00:00+00:00,145.249,145.269,145.194,145.268,3707.7
2023-12-13 15:05:00+00:00,145.268,145.378,145.259,145.356,2725.66
2023-12-13 15:10:00+00:00,145.356,145.411,145.32,145.366,3084.65
2023-12-13 15:15:00+00:00,145.367,145.445,145.35,145.371,3749.81
2023-12-13 15:20:00+00:00,145.37,145.385,145.32,145.352,2725.86
2023-12-13 15:25:00+00:00,145.351,145.357,145.299,145.318,2513.41
2023-12-13 15:30:00+00:00,145.317,145.402,145.312,145.381,3014.83
2023-12-13 15:35:00+00:00,145.38,145.405,145.324,145.38,2621.26
2023-12-13 15:40:00+00:00,145.38,145.38,145.199,145.206,3568.0
2023-12-13 15:45:00+00:00,145.205,145.26,145.194,145.214,2667.49
2023-12-13 15:50:00+00:00,145.215,145.229,145.141,145.178,2694.86
2023-12-13 15:55:00+00:00,145.178,145.222,145.144,145.153,2530.28
2023-12-13 16:00:00+00:00,145.154,145.171,145.121,145.165,2625.36
2023-12-13 16:05:00+00:00,145.165,145.225,145.163,145.21,2045.6
2023-12-13 16:10:00+00:00,145.21,145.21,145.13,145.15,2075.74
2023-12-13 16:15:00+00:00,145.152,145.175,145.129,145.15,1117.63
2023-12-13 16:20:00+00:00,145.15,145.153,145.094,145.152,873.67
2023-12-13 16:25:00+00:00,145.154,145.189,145.14,145.182,1303.32
2023-12-13 16:30:00+00:00,145.184,145.23,145.158,145.215,2137.22
2023-12-13 16:35:00+00:00,145.215,145.252,145.181,145.189,2123.29
2023-12-13 16:40:00+00:00,145.188,145.198,145.155,145.161,1156.38
2023-12-13 16:45:00+00:00,145.161,145.193,145.159,145.17,1210.27
2023-12-13 16:50:00+00:00,145.171,145.172,145.123,145.148,1680.16
2023-12-13 16:55:00+00:00,145.149,145.202,145.142,145.177,1882.99
2023-12-13 17:00:00+00:00,145.176,145.192,145.115,145.119,2077.96
2023-12-13 17:05:00+00:00,145.119,145.141,145.099,145.101,1309.92
2023-12-13 17:10:00+00:00,145.102,145.103,145.031,145.04,1273.9
2023-12-13 17:15:00+00:00,145.039,145.092,145.028,145.087,1615.08
2023-12-13 17:20:00+00:00,145.088,145.104,145.056,145.097,1229.7
2023-12-13 17:25:00+00:00,145.098,145.155,145.097,145.141,911.87
2023-12-13 17:30:00+00:00,145.141,145.146,145.115,145.116,1442.19
2023-12-13 17:35:00+00:00,145.116,145.118,145.087,145.097,722.53
2023-12-13 17:40:00+00:00,145.094,145.16,145.087,145.158,1092.05
2023-12-13 17:45:00+00:00,145.159,145.175,145.136,145.139,961.92
2023-12-13 17:50:00+00:00,145.139,145.141,145.092,145.125,1812.78
2023-12-13 17:55:00+00:00,145.125,145.176,145.123,145.173,598.14
2023-12-13 18:00:00+00:00,145.172,145.22,145.162,145.215,567.55
2023-12-13 18:05:00+00:00,145.215,145.273,145.19,145.246,1342.25
2023-12-13 18:10:00+00:00,145.247,145.248,145.225,145.233,638.53
2023-12-13 18:15:00+00:00,145.232,145.243,145.18,145.183,772.19
2023-12-13 18:20:00+00:00,145.184,145.188,145.141,145.163,1237.87
2023-12-13 18:25:00+00:00,145.163,145.213,145.142,145.205,1133.44
2023-12-13 18:30:00+00:00,145.204,145.264,145.188,145.249,1105.93
2023-12-13 18:35:00+00:00,145.249,145.267,145.203,145.216,1643.59
2023-12-13 18:40:00+00:00,145.217,145.222,145.17,145.171,1284.89
2023-12-13 18:45:00+00:00,145.171,145.179,145.108,145.126,1290.73
2023-12-13 18:50:00+00:00,145.125,145.159,145.094,145.108,1410.64
2023-12-13 18:55:00+00:00,145.107,145.133,145.078,145.086,2616.79
2023-12-13 19:00:00+00:00,145.08,145.08,144.182,144.307,8791.68
2023-12-13 19:05:00+00:00,144.308,144.425,144.173,144.25,6751.25
2023-12-13 19:10:00+00:00,144.248,144.305,143.918,144.005,7209.53
2023-12-13 19:15:00+00:00,144.008,144.054,143.735,143.75,6867.38
2023-12-13 19:20:00+00:00,143.75,143.862,143.691,143.859,7330.04
2023-12-13 19:25:00+00:00,143.856,143.912,143.722,143.77,6499.5
2023-12-13 19:30:00+00:00,143.767,144.026,143.767,143.935,6482.83
2023-12-13 19:35:00+00:00,143.936,143.958,143.347,143.512,8715.62
2023-12-13 19:40:00+00:00,143.514,143.522,142.997,143.041,9963.65
2023-12-13 19:45:00+00:00,143.041,143.292,142.915,143.026,7579.19
2023-12-13 19:50:00+00:00,143.026,143.213,142.88,143.147,7730.7
2023-12-13 19:55:00+00:00,143.145,143.342,143.09,143.143,5296.51
2023-12-13 20:00:00+00:00,143.139,143.232,143.014,143.041,7036.41
2023-12-13 20:05:00+00:00,143.041,143.218,142.813,142.834,7955.64
2023-12-13 20:10:00+00:00,142.834,142.956,142.634,142.948,8260.83
2023-12-13 20:15:00+00:00,142.948,143.054,142.888,143.025,5071.65
2023-12-13 20:20:00+00:00,143.023,143.144,142.982,143.096,4788.4
2023-12-13 20:25:00+00:00,143.096,143.225,143.095,143.19,3535.26
2023-12-13 20:30:00+00:00,143.188,143.272,143.121,143.121,3675.11
2023-12-13 20:35:00+00:00,143.123,143.15,142.959,143.045,4885.28
2023-12-13 20:40:00+00:00,143.042,143.165,143.004,143.121,3465.09
2023-12-13 20:45:00+00:00,143.117,143.187,143.093,143.125,3323.3
2023-12-13 20:50:00+00:00,143.125,143.149,142.952,142.953,3872.38
2023-12-13 20:55:00+00:00,142.954,142.963,142.867,142.957,3690.04
2023-12-13 21:00:00+00:00,142.957,143.057,142.872,142.878,1996.77
2023-12-13 21:05:00+00:00,142.879,143.004,142.878,142.949,1457.5
2023-12-13 21:10:00+00:00,142.95,143.084,142.902,142.96,1000.81
2023-12-13 21:15:00+00:00,142.961,143.112,142.959,143.111,1083.85
2023-12-13 21:20:00+00:00,143.112,143.112,143.018,143.062,1305.26
2023-12-13 21:25:00+00:00,143.062,143.08,142.998,143.011,1290.57
2023-12-13 21:30:00+00:00,143.009,143.056,142.976,143.017,1133.25
2023-12-13 21:35:00+00:00,143.017,143.065,143.0,143.029,1301.45
2023-12-13 21:40:00+00:00,143.032,143.046,142.895,142.915,1265.43
2023-12-13 21:45:00+00:00,142.919,142.963,142.902,142.911,1305.9
2023-12-13 21:50:00+00:00,142.91,142.958,142.908,142.928,1926.95
2023-12-13 21:55:00+00:00,142.928,142.939,142.878,142.879,1370.82
2023-12-13 22:00:00+00:00,142.87,142.873,142.799,142.813,37.51
2023-12-13 22:05:00+00:00,142.813,142.836,142.806,142.816,120.26
2023-12-13 22:10:00+00:00,142.822,142.827,142.802,142.821,111.65
2023-12-13 22:15:00+00:00,142.825,142.86,142.808,142.837,224.25
2023-12-13 22:20:00+00:00,142.839,142.839,142.757,142.757,247.7
2023-12-13 22:25:00+00:00,142.758,142.762,142.566,142.566,287.48
2023-12-13 22:30:00+00:00,142.566,142.579,142.347,142.39,749.74
2023-12-13 22:35:00+00:00,142.39,142.401,142.348,142.358,858.46
2023-12-13 22:40:00+00:00,142.359,142.361,142.196,142.198,939.63
2023-12-13 22:45:00+00:00,142.203,142.209,142.084,142.16,1286.42
2023-12-13 22:50:00+00:00,142.16,142.501,142.158,142.462,979.73
2023-12-13 22:55:00+00:00,142.46,142.676,142.419,142.558,1194.49
2023-12-13 23:00:00+00:00,142.556,142.642,142.382,142.586,1615.54
2023-12-13 23:05:00+00:00,142.585,142.587,142.384,142.508,1198.1
2023-12-13 23:10:00+00:00,142.508,142.572,142.467,142.505,1835.34
2023-12-13 23:15:00+00:00,142.512,142.671,142.512,142.67,2098.35
2023-12-13 23:20:00+00:00,142.671,142.679,142.5,142.574,2126.96
2023-12-13 23:25:00+00:00,142.575,142.608,142.503,142.516,2079.15
2023-12-13 23:30:00+00:00,142.516,142.582,142.413,142.563,3506.14
2023-12-13 23:35:00+00:00,142.561,142.701,142.538,142.643,2693.97
2023-12-13 23:40:00+00:00,142.643,142.739,142.643,142.675,1704.31
2023-12-13 23:45:00+00:00,142.676,142.755,142.656,142.736,1786.79
2023-12-13 23:50:00+00:00,142.736,142.808,142.7,142.8,1997.18
2023-12-13 23:55:00+00:00,142.801,142.837,142.737,142.787,1753.63
2023-12-14 00:00:00+00:00,142.787,142.908,142.749,142.813,3238.68
2023-12-14 00:05:00+00:00,142.813,142.86,142.729,142.839,2952.54
2023-12-14 00:10:00+00:00,142.84,142.883,142.783,142.841,2816.92
2023-12-14 00:15:00+00:00,142.84,142.872,142.667,142.717,2943.08
2023-12-14 00:20:00+00:00,142.718,142.728,142.624,142.649,2881.84
2023-12-14 00:25:00+00:00,142.648,142.696,142.623,142.688,2211.76
2023-12-14 00:30:00+00:00,142.688,142.691,142.432,142.45,3641.49
2023-12-14 00:35:00+00:00,142.452,142.474,142.383,142.422,3070.48
2023-12-14 00:40:00+00:00,142.424,142.564,142.414,142.539,2887.59
2023-12-14 00:45:00+00:00,142.537,142.578,142.482,142.5,2401.99
2023-12-14 00:50:00+00:00,142.504,142.517,142.387,142.416,3560.33
2023-12-14 00:55:00+00:00,142.414,142.414,142.178,142.209,4625.42
2023-12-14 01:00:00+00:00,142.21,142.224,142.049,142.138,4145.6
2023-12-14 01:05:00+00:00,142.137,142.256,142.128,142.159,2964.36
2023-12-14 01:10:00+00:00,142.16,142.418,142.124,142.338,2814.72
2023-12-14 01:15:00+00:00,142.337,142.376,142.19,142.25,2682.88
2023-12-14 01:20:00+00:00,142.25,142.431,142.231,142.399,2324.33
2023-12-14 01:25:00+00:00,142.4,142.462,142.372,142.404,2280.91
2023-12-14 01:30:00+00:00,142.4,142.488,142.341,142.343,2799.08
2023-12-14 01:35:00+00:00,142.343,142.421,142.321,142.419,2655.93
2023-12-14 01:40:00+00:00,142.417,142.461,142.393,142.448,2162.64
2023-12-14 01:45:00+00:00,142.448,142.458,142.328,142.352,2913.74
2023-12-14 01:50:00+00:00,142.352,142.403,142.269,142.309,3018.43
2023-12-14 01:55:00+00:00,142.308,142.343,142.243,142.318,2365.09
2023-12-14 02:00:00+00:00,142.318,142.408,142.318,142.325,2377.08
2023-12-14 02:05:00+00:00,142.325,142.334,142.173,142.193,2273.05
2023-12-14 02:10:00+00:00,142.192,142.194,142.115,142.181,3202.84
2023-12-14 02:15:00+00:00,142.182,142.202,142.119,142.175,2781.56
2023-12-14 02:20:00+00:00,142.173,142.2,142.025,142.039,2881.05
2023-12-14 02:25:00+00:00,142.038,142.041,141.813,141.841,3842.47
2023-12-14 02:30:00+00:00,141.84,142.053,141.838,141.959,3336.24
2023-12-14 02:35:00+00:00,141.96,141.991,141.84,141.876,2625.1
2023-12-14 02:40:00+00:00,141.876,141.976,141.814,141.935,3525.68
2023-12-14 02:45:00+00:00,141.934,141.966,141.893,141.931,1703.61
2023-12-14 02:50:00+00:00,141.931,141.938,141.776,141.87,2200.93
2023-12-14 02:55:00+00:00,141.869,141.986,141.868,141.931,2346.53
2023-12-14 03:00:00+00:00,141.93,141.94,141.769,141.817,2284.33
2023-12-14 03:05:00+00:00,141.817,141.865,141.767,141.837,1617.43
2023-12-14 03:10:00+00:00,141.837,141.868,141.732,141.791,1720.62
2023-12-14 03:15:00+00:00,141.791,141.815,141.732,141.799,1608.74
2023-12-14 03:20:00+00:00,141.797,141.867,141.795,141.84,1674.52
2023-12-14 03:25:00+00:00,141.84,141.864,141.547,141.584,2510.19
2023-12-14 03:30:00+00:00,141.583,141.669,141.549,141.59,2908.86
2023-12-14 03:35:00+00:00,141.59,141.59,141.275,141.438,3793.6
2023-12-14 03:40:00+00:00,141.437,141.461,140.956,141.238,4143.3
2023-12-14 03:45:00+00:00,141.238,141.33,141.075,141.272,3017.92
2023-12-14 03:50:00+00:00,141.273,141.461,141.234,141.41,2566.11
2023-12-14 03:55:00+00:00,141.412,141.525,141.397,141.406,2654.33
2023-12-14 04:00:00+00:00,141.404,141.469,141.354,141.458,2198.22
2023-12-14 04:05:00+00:00,141.458,141.535,141.412,141.435,2027.13
2023-12-14 04:10:00+00:00,141.435,141.563,141.432,141.487,2303.37
2023-12-14 04:15:00+00:00,141.487,141.488,141.384,141.404,1752.16
2023-12-14 04:20:00+00:00,141.403,141.526,141.371,141.476,1693.39
2023-12-14 04:25:00+00:00,141.477,141.66,141.444,141.641,1358.58
2023-12-14 04:30:00+00:00,141.637,141.678,141.564,141.678,1308.42
2023-12-14 04:35:00+00:00,141.692,141.75,141.553,141.597,1973.77
2023-12-14 04:40:00+00:00,141.598,141.66,141.584,141.64,1534.63
2023-12-14 04:45:00+00:00,141.64,141.656,141.536,141.555,1436.66
2023-12-14 04:50:00+00:00,141.555,141.775,141.553,141.747,1373.41
2023-12-14 04:55:00+00:00,141.747,141.764,141.676,141.711,1702.32
2023-12-14 05:00:00+00:00,141.716,141.869,141.714,141.799,2363.05
2023-12-14 05:05:00+00:00,141.799,141.837,141.749,141.83,1292.62
2023-12-14 05:10:00+00:00,141.832,141.856,141.745,141.841,1897.16
2023-12-14 05:15:00+00:00,141.841,141.866,141.729,141.766,1437.95
2023-12-14 05:20:00+00:00,141.766,141.828,141.745,141.799,1355.97
2023-12-14 05:25:00+00:00,141.8,141.816,141.651,141.69,1692.14
2023-12-14 05:30:00+00:00,141.689,141.748,141.614,141.713,1640.77
2023-12-14 05:35:00+00:00,141.709,141.751,141.632,141.713,1186.9
2023-12-14 05:40:00+00:00,141.713,141.722,141.552,141.596,1691.07
2023-12-14 05:45:00+00:00,141.599,141.676,141.565,141.656,934.14
2023-12-14 05:50:00+00:00,141.66,141.699,141.553,141.568,2056.9
2023-12-14 05:55:00+00:00,141.569,141.569,141.374,141.414,1872.74
2023-12-14 06:00:00+00:00,141.414,141.5,141.35,141.36,1986.91
2023-12-14 06:05:00+00:00,141.362,141.555,141.361,141.515,1083.75
2023-12-14 06:10:00+00:00,141.514,141.57,141.435,141.479,1546.65
2023-12-14 06:15:00+00:00,141.482,141.527,141.395,141.502,1681.54
2023-12-14 06:20:00+00:00,141.502,141.619,141.487,141.607,1504.18
2023-12-14 06:25:00+00:00,141.608,141.789,141.607,141.777,1076.71
2023-12-14 06:30:00+00:00,141.78,141.84,141.736,141.745,1075.86
2023-12-14 06:35:00+00:00,141.744,141.886,141.707,141.761,2046.05
2023-12-14 06:40:00+00:00,141.761,141.81,141.677,141.744,3384.01
2023-12-14 06:45:00+00:00,141.746,141.809,141.614,141.614,3057.46
2023-12-14 06:50:00+00:00,141.616,141.659,141.573,141.634,3070.14
2023-12-14 06:55:00+00:00,141.641,141.741,141.567,141.568,2649.41
2023-12-14 07:00:00+00:00,141.568,141.568,141.424,141.512,5253.78
2023-12-14 07:05:00+00:00,141.511,141.761,141.508,141.744,3648.02
2023-12-14 07:10:00+00:00,141.744,141.828,141.685,141.826,3976.59
2023-12-14 07:15:00+00:00,141.825,141.865,141.728,141.762,4341.83
2023-12-14 07:20:00+00:00,141.762,141.953,141.712,141.908,4843.73
2023-12-14 07:25:00+00:00,141.909,141.922,141.853,141.867,3919.89
2023-12-14 07:30:00+00:00,141.867,142.061,141.854,142.053,4891.6
2023-12-14 07:35:00+00:00,142.054,142.082,141.977,142.01,4276.31
2023-12-14 07:40:00+00:00,142.012,142.092,141.917,141.94,4536.57
2023-12-14 07:45:00+00:00,141.939,142.176,141.901,142.111,3308.41
2023-12-14 07:50:00+00:00,142.111,142.138,142.0,142.042,4030.06
2023-12-14 07:55:00+00:00,142.047,142.115,141.969,142.01,4439.43
2023-12-14 08:00:00+00:00,142.01,142.054,141.849,141.944,6628.02
2023-12-14 08:05:00+00:00,141.948,142.044,141.91,141.931,3565.98
2023-12-14 08:10:00+00:00,141.929,141.962,141.735,141.736,3921.14
2023-12-14 08:15:00+00:00,141.737,141.801,141.687,141.757,6391.24
2023-12-14 08:20:00+00:00,141.757,141.772,141.616,141.662,5028.54
2023-12-14 08:25:00+00:00,141.662,141.726,141.625,141.668,4605.8
2023-12-14 08:30:00+00:00,141.668,141.678,141.54,141.541,5762.37
2023-12-14 08:35:00+00:00,141.545,141.67,141.522,141.632,5385.31
2023-12-14 08:40:00+00:00,141.631,141.84,141.626,141.822,4612.09
2023-12-14 08:45:00+00:00,141.824,141.895,141.769,141.788,4656.1
2023-12-14 08:50:00+00:00,141.789,141.88,141.712,141.744,5570.22
2023-12-14 08:55:00+00:00,141.746,141.878,141.654,141.858,5279.42
2023-12-14 09:00:00+00:00,141.859,141.976,141.837,141.844,5946.47
2023-12-14 09:05:00+00:00,141.844,141.863,141.714,141.716,4869.21
2023-12-14 09:10:00+00:00,141.714,141.748,141.66,141.668,4752.57
2023-12-14 09:15:00+00:00,141.667,141.671,141.552,141.61,4507.21
2023-12-14 09:20:00+00:00,141.608,141.716,141.579,141.613,4680.07
2023-12-14 09:25:00+00:00,141.613,141.625,141.466,141.562,4592.0
2023-12-14 09:30:00+00:00,141.563,141.628,141.521,141.555,3951.17
2023-12-14 09:35:00+00:00,141.558,141.644,141.558,141.622,3133.89
2023-12-14 09:40:00+00:00,141.621,141.685,141.609,141.636,4096.14
2023-12-14 09:45:00+00:00,141.636,141.636,141.418,141.479,3640.6
2023-12-14 09:50:00+00:00,141.481,141.516,141.412,141.421,3100.1
2023-12-14 09:55:00+00:00,141.421,141.499,141.397,141.479,2931.83
2023-12-14 10:00:00+00:00,141.483,141.767,141.482,141.718,3651.34
2023-12-14 10:05:00+00:00,141.719,141.747,141.662,141.716,3553.09
2023-12-14 10:10:00+00:00,141.714,141.768,141.635,141.654,3844.75
2023-12-14 10:15:00+00:00,141.653,141.703,141.595,141.654,2827.49
2023-12-14 10:20:00+00:00,141.653,141.718,141.594,141.705,2547.03
2023-12-14 10:25:00+00:00,141.711,141.738,141.678,141.694,2778.84
2023-12-14 10:30:00+00:00,141.693,141.711,141.585,141.619,2751.6
2023-12-14 10:35:00+00:00,141.618,141.677,141.582,141.589,3937.94
2023-12-14 10:40:00+00:00,141.588,141.625,141.532,141.62,3180.0
2023-12-14 10:45:00+00:00,141.622,141.688,141.599,141.664,2632.93
2023-12-14 10:50:00+00:00,141.669,141.675,141.564,141.587,3382.71
2023-12-14 10:55:00+00:00,141.59,141.605,141.536,141.574,3277.46
2023-12-14 11:00:00+00:00,141.574,141.574,141.5,141.532,3169.08
2023-12-14 11:05:00+00:00,141.536,141.592,141.432,141.448,3211.41
2023-12-14 11:10:00+00:00,141.449,141.525,141.437,141.482,3604.34
2023-12-14 11:15:00+00:00,141.48,141.501,141.444,141.458,3288.83
2023-12-14 11:20:00+00:00,141.457,141.5,141.347,141.363,3675.12
2023-12-14 11:25:00+00:00,141.364,141.366,141.228,141.282,4019.65
2023-12-14 11:30:00+00:00,141.281,141.395,141.273,141.358,4496.44
2023-12-14 11:35:00+00:00,141.357,141.379,141.274,141.32,3764.24
2023-12-14 11:40:00+00:00,141.322,141.414,141.297,141.339,3822.9
2023-12-14 11:45:00+00:00,141.338,141.34,141.233,141.273,3283.25
2023-12-14 11:50:00+00:00,141.275,141.404,141.275,141.379,3306.56
2023-12-14 11:55:00+00:00,141.378,141.447,141.332,141.421,3196.81
2023-12-14 12:00:00+00:00,141.418,141.49,141.351,141.473,3989.64
2023-12-14 12:05:00+00:00,141.474,141.604,141.448,141.575,3216.85
2023-12-14 12:10:00+00:00,141.578,141.66,141.55,141.655,2939.84
2023-12-14 12:15:00+00:00,141.656,141.735,141.637,141.665,2524.19
2023-12-14 12:20:00+00:00,141.667,141.739,141.579,141.591,2610.89
2023-12-14 12:25:00+00:00,141.591,141.732,141.572,141.725,2931.73
2023-12-14 12:30:00+00:00,141.724,141.725,141.575,141.591,3413.31
2023-12-14 12:35:00+00:00,141.592,141.602,141.525,141.536,3162.01
2023-12-14 12:40:00+00:00,141.536,141.669,141.52,141.655,3454.21
2023-12-14 12:45:00+00:00,141.655,141.809,141.643,141.764,2476.65
2023-12-14 12:50:00+00:00,141.763,141.847,141.743,141.75,2165.42
2023-12-14 12:55:00+00:00,141.749,141.749,141.636,141.641,3101.46
2023-12-14 13:00:00+00:00,141.64,141.816,141.625,141.772,3977.25
2023-12-14 13:05:00+00:00,141.772,141.834,141.746,141.766,3330.94
2023-12-14 13:10:00+00:00,141.763,141.844,141.717,141.832,2326.79
2023-12-14 13:15:00+00:00,141.831,142.069,141.721,142.037,5059.15
2023-12-14 13:20:00+00:00,142.038,142.057,141.856,141.95,5302.15
2023-12-14 13:25:00+00:00,141.952,141.954,141.75,141.8,4925.57
2023-12-14 13:30:00+00:00,141.792,142.284,141.784,142.176,8624.63
2023-12-14 13:35:00+00:00,142.175,142.258,142.083,142.126,7480.53
2023-12-14 13:40:00+00:00,142.128,142.169,141.906,141.973,6982.4
2023-12-14 13:45:00+00:00,141.972,142.063,141.873,141.942,6642.51
2023-12-14 13:50:00+00:00,141.943,142.107,141.921,141.963,5692.88
2023-12-14 13:55:00+00:00,141.964,141.972,141.82,141.862,6277.09
2023-12-14 14:00:00+00:00,141.862,141.959,141.7,141.781,7476.81
2023-12-14 14:05:00+00:00,141.785,141.791,141.652,141.724,8464.32
2023-12-14 14:10:00+00:00,141.723,141.862,141.674,141.813,6341.54
2023-12-14 14:15:00+00:00,141.813,142.0,141.813,141.97,4028.16
2023-12-14 14:20:00+00:00,141.971,142.107,141.971,142.044,5145.18
2023-12-14 14:25:00+00:00,142.044,142.141,142.003,142.091,4211.6
2023-12-14 14:30:00+00:00,142.091,142.094,141.892,141.905,5809.18
2023-12-14 14:35:00+00:00,141.905,141.959,141.757,141.802,6417.08
2023-12-14 14:40:00+00:00,141.802,141.812,141.704,141.734,4847.61
2023-12-14 14:45:00+00:00,141.735,141.798,141.649,141.795,3772.26
2023-12-14 14:50:00+00:00,141.795,141.796,141.61,141.743,5262.75
2023-12-14 14:55:00+00:00,141.742,141.748,141.617,141.685,4365.09
2023-12-14 15:00:00+00:00,141.686,141.687,141.501,141.59,4966.21
2023-12-14 15:05:00+00:00,141.591,141.759,141.591,141.711,4088.88
2023-12-14 15:10:00+00:00,141.711,141.79,141.65,141.673,4869.74
2023-12-14 15:15:00+00:00,141.672,141.744,141.623,141.724,4748.92
2023-12-14 15:20:00+00:00,141.725,141.857,141.712,141.826,5979.77
2023-12-14 15:25:00+00:00,141.827,141.869,141.724,141.829,4328.53
2023-12-14 15:30:00+00:00,141.83,142.02,141.819,142.015,4992.27
2023-12-14 15:35:00+00:00,142.014,142.096,141.999,142.075,4404.11
2023-12-14 15:40:00+00:00,142.075,142.15,142.054,142.1,3930.37
2023-12-14 15:45:00+00:00,142.098,142.104,141.94,141.944,4347.12
2023-12-14 15:50:00+00:00,141.944,141.947,141.797,141.807,4978.89
2023-12-14 15:55:00+00:00,141.807,141.825,141.663,141.679,5305.51
2023-12-14 16:00:00+00:00,141.68,141.76,141.657,141.737,5143.41
2023-12-14 16:05:00+00:00,141.734,141.747,141.605,141.619,3587.48
2023-12-14 16:10:00+00:00,141.62,141.639,141.567,141.6,4263.91
2023-12-14 16:15:00+00:00,141.601,141.618,141.503,141.586,5098.67
2023-12-14 16:20:00+00:00,141.588,141.62,141.546,141.601,4883.52
2023-12-14 16:25:00+00:00,141.602,141.669,141.563,141.605,3618.67
2023-12-14 16:30:00+00:00,141.603,141.649,141.435,141.495,5535.0
2023-12-14 16:35:00+00:00,141.494,141.577,141.491,141.525,3936.51
2023-12-14 16:40:00+00:00,141.526,141.564,141.496,141.505,4080.73
2023-12-14 16:45:00+00:00,141.505,141.572,141.47,141.542,4233.01
2023-12-14 16:50:00+00:00,141.543,141.549,141.397,141.488,4487.44
2023-12-14 16:55:00+00:00,141.488,141.557,141.47,141.538,4429.75
2023-12-14 17:00:00+00:00,141.541,141.669,141.517,141.659,4428.34
2023-12-14 17:05:00+00:00,141.659,141.718,141.631,141.679,2779.49
2023-12-14 17:10:00+00:00,141.678,141.685,141.545,141.564,3643.94
2023-12-14 17:15:00+00:00,141.564,141.607,141.526,141.526,2367.16
2023-12-14 17:20:00+00:00,141.527,141.607,141.464,141.607,2638.02
2023-12-14 17:25:00+00:00,141.606,141.692,141.606,141.617,2560.38
2023-12-14 17:30:00+00:00,141.618,141.646,141.592,141.639,2172.16
2023-12-14 17:35:00+00:00,141.639,141.673,141.573,141.578,2668.19
2023-12-14 17:40:00+00:00,141.575,141.681,141.552,141.672,2525.44
2023-12-14 17:45:00+00:00,141.671,141.671,141.6,141.633,2009.9
2023-12-14 17:50:00+00:00,141.632,141.654,141.62,141.643,1220.44
2023-12-14 17:55:00+00:00,141.646,141.66,141.551,141.596,2978.95
2023-12-14 18:00:00+00:00,141.598,141.804,141.597,141.783,2416.09
2023-12-14 18:05:00+00:00,141.786,141.822,141.755,141.802,2953.81
2023-12-14 18:10:00+00:00,141.795,141.795,141.716,141.725,1762.46
2023-12-14 18:15:00+00:00,141.726,141.792,141.725,141.763,1730.78
2023-12-14 18:20:00+00:00,141.766,141.79,141.73,141.745,1700.88
2023-12-14 18:25:00+00:00,141.746,141.762,141.705,141.754,1580.4
2023-12-14 18:30:00+00:00,141.756,141.761,141.709,141.724,1629.12
2023-12-14 18:35:00+00:00,141.725,141.77,141.724,141.766,1937.21
2023-12-14 18:40:00+00:00,141.768,141.802,141.761,141.793,1617.26
2023-12-14 18:45:00+00:00,141.792,141.842,141.788,141.823,987.69
2023-12-14 18:50:00+00:00,141.827,141.851,141.809,141.84,916.08
2023-12-14 18:55:00+00:00,141.84,141.862,141.817,141.851,1196.94
2023-12-14 19:00:00+00:00,141.851,141.904,141.828,141.878,1634.23
2023-12-14 19:05:00+00:00,141.877,141.938,141.877,141.936,1307.08
2023-12-14 19:10:00+00:00,141.936,141.936,141.857,141.858,1273.39
2023-12-14 19:15:00+00:00,141.857,141.884,141.803,141.847,1532.99
2023-12-14 19:20:00+00:00,141.848,141.853,141.799,141.829,1571.33
2023-12-14 19:25:00+00:00,141.829,141.839,141.8,141.82,1195.95
2023-12-14 19:30:00+00:00,141.82,141.833,141.799,141.833,1334.77
2023-12-14 19:35:00+00:00,141.831,141.851,141.824,141.829,1002.4
2023-12-14 19:40:00+00:00,141.829,141.951,141.828,141.91,1726.44
2023-12-14 19:45:00+00:00,141.91,141.995,141.908,141.974,1685.54
2023-12-14 19:50:00+00:00,141.973,141.995,141.931,141.992,1863.43
2023-12-14 19:55:00+00:00,141.99,142.011,141.906,141.921,2499.65
2023-12-14 20:00:00+00:00,141.92,141.977,141.883,141.886,2189.22
2023-12-14 20:05:00+00:00,141.888,141.938,141.879,141.913,1166.91
2023-12-14 20:10:00+00:00,141.913,141.929,141.896,141.929,974.1
2023-12-14 20:15:00+00:00,141.929,141.931,141.835,141.839,1458.31
2023-12-14 20:20:00+00:00,141.838,141.849,141.78,141.783,2286.87
2023-12-14 20:25:00+00:00,141.784,141.849,141.775,141.845,1407.87
2023-12-14 20:30:00+00:00,141.846,141.846,141.806,141.81,1149.87
2023-12-14 20:35:00+00:00,141.811,141.824,141.766,141.787,1823.44
2023-12-14 20:40:00+00:00,141.788,141.802,141.783,141.788,1741.99
2023-12-14 20:45:00+00:00,141.789,141.83,141.769,141.814,1628.31
2023-12-14 20:50:00+00:00,141.814,141.82,141.78,141.816,1827.75
2023-12-14 20:55:00+00:00,141.816,141.821,141.795,141.801,3028.33
2023-12-14 21:00:00+00:00,141.8,141.851,141.795,141.819,1130.94
2023-12-14 21:05:00+00:00,141.82,141.839,141.819,141.836,628.5
2023-12-14 21:10:00+00:00,141.837,141.862,141.83,141.86,596.1
2023-12-14 21:15:00+00:00,141.86,141.918,141.859,141.897,1048.65
2023-12-14 21:20:00+00:00,141.897,141.897,141.849,141.87,596.85
2023-12-14 21:25:00+00:00,141.87,141.881,141.837,141.839,434.25
2023-12-14 21:30:00+00:00,141.837,141.863,141.836,141.858,942.42
2023-12-14 21:35:00+00:00,141.859,141.89,141.854,141.884,998.19
2023-12-14 21:40:00+00:00,141.884,141.922,141.881,141.921,1215.52
2023-12-14 21:45:00+00:00,141.922,141.96,141.913,141.943,1279.19
2023-12-14 21:50:00+00:00,141.945,141.945,141.907,141.908,2091.47
2023-12-14 21:55:00+00:00,141.908,141.911,141.859,141.859,1531.05
2023-12-14 22:00:00+00:00,141.843,141.863,141.815,141.821,16.2
2023-12-14 22:05:00+00:00,141.84,141.884,141.835,141.852,144.0
2023-12-14 22:10:00+00:00,141.851,141.9,141.847,141.9,202.62
2023-12-14 22:15:00+00:00,141.901,141.901,141.849,141.851,49.44
2023-12-14 22:20:00+00:00,141.861,141.888,141.858,141.883,81.9
2023-12-14 22:25:00+00:00,141.881,141.885,141.861,141.877,150.0
2023-12-14 22:30:00+00:00,141.879,141.91,141.879,141.908,203.34
2023-12-14 22:35:00+00:00,141.906,141.911,141.899,141.908,266.15
2023-12-14 22:40:00+00:00,141.909,141.911,141.887,141.903,151.0
2023-12-14 22:45:00+00:00,141.903,141.912,141.898,141.908,85.7
2023-12-14 22:50:00+00:00,141.908,141.911,141.899,141.9,234.27
2023-12-14 22:55:00+00:00,141.904,141.907,141.898,141.904,128.34
2023-12-14 23:00:00+00:00,141.904,141.945,141.822,141.941,803.96
2023-12-14 23:05:00+00:00,141.941,142.082,141.92,142.05,653.28
2023-12-14 23:10:00+00:00,142.048,142.144,142.017,142.107,958.84
2023-12-14 23:15:00+00:00,142.107,142.173,142.083,142.134,1201.33
2023-12-14 23:20:00+00:00,142.134,142.136,142.082,142.094,1408.09
2023-12-14 23:25:00+00:00,142.092,142.111,142.045,142.071,1128.67
2023-12-14 23:30:00+00:00,142.074,142.15,142.069,142.13,948.11
2023-12-14 23:35:00+00:00,142.134,142.214,142.124,142.165,1072.64
2023-12-14 23:40:00+00:00,142.169,142.242,142.153,142.201,1511.96
2023-12-14 23:45:00+00:00,142.202,142.308,142.194,142.264,1420.28
2023-12-14 23:50:00+00:00,142.257,142.273,142.203,142.208,1002.43
2023-12-14 23:55:00+00:00,142.207,142.306,142.204,142.279,1401.0
2023-12-15 00:00:00+00:00,142.277,142.348,142.165,142.296,3263.38
2023-12-15 00:05:00+00:00,142.296,142.378,142.283,142.334,2134.09
2023-12-15 00:10:00+00:00,142.335,142.375,142.284,142.323,1663.49
2023-12-15 00:15:00+00:00,142.324,142.433,142.284,142.42,1504.68
2023-12-15 00:20:00+00:00,142.42,142.42,142.293,142.338,1854.36
2023-12-15 00:25:00+00:00,142.338,142.379,142.284,142.363,1945.99
2023-12-15 00:30:00+00:00,142.362,142.406,142.323,142.391,1464.62
2023-12-15 00:35:00+00:00,142.39,142.464,142.382,142.443,2095.03
2023-12-15 00:40:00+00:00,142.443,142.452,142.333,142.376,2047.72
2023-12-15 00:45:00+00:00,142.377,142.412,142.353,142.363,1413.91
2023-12-15 00:50:00+00:00,142.364,142.414,142.308,142.391,3536.96
2023-12-15 00:55:00+00:00,142.389,142.389,142.218,142.243,4393.09
2023-12-15 01:00:00+00:00,142.242,142.264,142.176,142.25,2187.02
2023-12-15 01:05:00+00:00,142.25,142.252,142.152,142.193,1512.25
2023-12-15 01:10:00+00:00,142.192,142.202,142.111,142.133,2172.65
2023-12-15 01:15:00+00:00,142.133,142.195,142.125,142.132,1317.16
2023-12-15 01:20:00+00:00,142.131,142.243,142.107,142.2,1494.84
2023-12-15 01:25:00+00:00,142.199,142.323,142.199,142.281,1349.36
2023-12-15 01:30:00+00:00,142.28,142.337,142.27,142.277,1765.74
2023-12-15 01:35:00+00:00,142.277,142.335,142.261,142.277,2326.78
2023-12-15 01:40:00+00:00,142.276,142.289,142.201,142.268,1962.9
2023-12-15 01:45:00+00:00,142.268,142.328,142.26,142.298,1502.43
2023-12-15 01:50:00+00:00,142.297,142.321,142.236,142.279,2093.58
2023-12-15 01:55:00+00:00,142.279,142.351,142.275,142.347,1530.19
2023-12-15 02:00:00+00:00,142.349,142.383,142.321,142.368,1808.16
2023-12-15 02:05:00+00:00,142.366,142.368,142.303,142.306,2020.09
2023-12-15 02:10:00+00:00,142.306,142.35,142.297,142.314,2198.19
2023-12-15 02:15:00+00:00,142.314,142.328,142.199,142.224,2473.6
2023-12-15 02:20:00+00:00,142.224,142.225,142.118,142.151,3117.12
2023-12-15 02:25:00+00:00,142.149,142.16,142.01,142.019,3469.92
2023-12-15 02:30:00+00:00,142.016,142.089,141.997,142.082,1864.41
2023-12-15 02:35:00+00:00,142.08,142.124,142.049,142.103,1540.63
2023-12-15 02:40:00+00:00,142.104,142.105,141.956,141.983,2587.32
2023-12-15 02:45:00+00:00,141.982,142.004,141.9,141.988,3829.97
2023-12-15 02:50:00+00:00,141.983,142.074,141.964,142.056,3300.86
2023-12-15 02:55:00+00:00,142.056,142.057,141.972,142.046,3173.9
2023-12-15 03:00:00+00:00,142.046,142.107,142.025,142.035,2517.31
2023-12-15 03:05:00+00:00,142.036,142.126,142.033,142.05,1694.95
2023-12-15 03:10:00+00:00,142.049,142.108,142.037,142.081,1955.15
2023-12-15 03:15:00+00:00,142.081,142.1,141.985,142.017,2143.65
2023-12-15 03:20:00+00:00,142.017,142.097,142.016,142.03,2563.23
2023-12-15 03:25:00+00:00,142.028,142.043,141.969,142.032,2325.35
2023-12-15 03:30:00+00:00,142.03,142.068,142.013,142.049,1640.1
2023-12-15 03:35:00+00:00,142.05,142.05,141.958,141.977,1119.76
2023-12-15 03:40:00+00:00,141.979,142.04,141.941,142.01,1986.06
2023-12-15 03:45:00+00:00,142.011,142.016,141.919,141.946,1628.85
2023-12-15 03:50:00+00:00,141.945,141.946,141.789,141.8,2286.36
2023-12-15 03:55:00+00:00,141.802,141.897,141.802,141.892,2580.14
2023-12-15 04:00:00+00:00,141.899,141.93,141.863,141.865,2111.48
2023-12-15 04:05:00+00:00,141.864,141.91,141.813,141.837,2447.74
2023-12-15 04:10:00+00:00,141.836,141.887,141.81,141.825,2685.57
2023-12-15 04:15:00+00:00,141.826,141.858,141.802,141.833,1950.54
2023-12-15 04:20:00+00:00,141.833,141.833,141.743,141.825,3132.86
2023-12-15 04:25:00+00:00,141.825,141.825,141.765,141.794,2310.69
2023-12-15 04:30:00+00:00,141.793,141.876,141.792,141.842,2164.51
2023-12-15 04:35:00+00:00,141.843,141.874,141.825,141.841,2330.47
2023-12-15 04:40:00+00:00,141.841,141.841,141.66,141.698,3242.53
2023-12-15 04:45:00+00:00,141.698,141.737,141.644,141.658,3820.55
2023-12-15 04:50:00+00:00,141.666,141.673,141.611,141.654,2807.2
2023-12-15 04:55:00+00:00,141.653,141.738,141.653,141.719,1463.1
2023-12-15 05:00:00+00:00,141.719,141.741,141.654,141.657,2225.62
2023-12-15 05:05:00+00:00,141.658,141.713,141.649,141.713,2213.77
2023-12-15 05:10:00+00:00,141.712,141.741,141.701,141.727,2226.42
2023-12-15 05:15:00+00:00,141.728,141.768,141.654,141.654,2321.26
2023-12-15 05:20:00+00:00,141.652,141.664,141.564,141.596,2235.66
2023-12-15 05:25:00+00:00,141.596,141.682,141.596,141.676,1205.29
2023-12-15 05:30:00+00:00,141.679,141.76,141.672,141.74,1748.45
2023-12-15 05:35:00+00:00,141.74,141.822,141.737,141.816,1556.74
2023-12-15 05:40:00+00:00,141.816,141.889,141.816,141.84,2164.65
2023-12-15 05:45:00+00:00,141.84,141.927,141.827,141.926,1467.05
2023-12-15 05:50:00+00:00,141.924,141.926,141.842,141.868,2014.47
2023-12-15 05:55:00+00:00,141.867,141.946,141.864,141.885,1923.93
2023-12-15 06:00:00+00:00,141.885,141.993,141.854,141.966,2923.42
2023-12-15 06:05:00+00:00,141.972,142.032,141.91,141.925,2382.69
2023-12-15 06:10:00+00:00,141.924,141.957,141.877,141.892,2343.64
2023-12-15 06:15:00+00:00,141.897,141.969,141.89,141.951,1412.49
2023-12-15 06:20:00+00:00,141.95,141.998,141.938,141.949,1614.52
2023-12-15 06:25:00+00:00,141.95,142.0,141.921,141.987,1568.56
2023-12-15 06:30:00+00:00,141.986,142.059,141.957,141.974,2166.06
2023-12-15 06:35:00+00:00,141.975,142.04,141.935,142.036,1588.05
2023-12-15 06:40:00+00:00,142.037,142.079,142.027,142.068,1775.32
2023-12-15 06:45:00+00:00,142.074,142.132,142.049,142.086,1845.57
2023-12-15 06:50:00+00:00,142.088,142.129,142.065,142.071,1796.41
2023-12-15 06:55:00+00:00,142.07,142.094,141.961,141.961,2148.42
2023-12-15 07:00:00+00:00,141.961,142.009,141.926,141.995,2656.05
2023-12-15 07:05:00+00:00,141.997,141.998,141.92,141.956,2915.7
2023-12-15 07:10:00+00:00,141.958,141.969,141.875,141.912,3905.1
2023-12-15 07:15:00+00:00,141.911,142.026,141.91,142.008,2461.77
2023-12-15 07:20:00+00:00,142.008,142.054,141.988,142.048,2730.99
2023-12-15 07:25:00+00:00,142.049,142.049,141.95,141.978,2715.3
2023-12-15 07:30:00+00:00,141.978,141.979,141.823,141.839,3073.31
2023-12-15 07:35:00+00:00,141.838,141.888,141.819,141.878,3150.47
2023-12-15 07:40:00+00:00,141.877,141.891,141.803,141.859,3350.41
2023-12-15 07:45:00+00:00,141.858,141.962,141.858,141.96,2807.28
2023-12-15 07:50:00+00:00,141.962,142.001,141.894,141.904,2708.61
2023-12-15 07:55:00+00:00,141.903,141.996,141.901,141.973,2423.4
2023-12-15 08:00:00+00:00,141.972,142.036,141.913,141.993,3921.13
2023-12-15 08:05:00+00:00,141.993,142.059,141.95,141.955,3445.63
2023-12-15 08:10:00+00:00,141.955,141.984,141.87,141.873,3518.96
2023-12-15 08:15:00+00:00,141.874,141.874,141.731,141.823,5250.89
2023-12-15 08:20:00+00:00,141.824,141.869,141.813,141.86,3089.95
2023-12-15 08:25:00+00:00,141.862,141.942,141.862,141.915,2648.2
2023-12-15 08:30:00+00:00,141.913,141.913,141.818,141.819,4098.63
2023-12-15 08:35:00+00:00,141.82,141.82,141.702,141.71,3385.23
2023-12-15 08:40:00+00:00,141.71,141.777,141.676,141.777,3095.99
2023-12-15 08:45:00+00:00,141.777,141.781,141.67,141.679,3227.93
2023-12-15 08:50:00+00:00,141.679,141.715,141.655,141.658,3227.1
2023-12-15 08:55:00+00:00,141.658,141.739,141.657,141.713,3150.56
2023-12-15 09:00:00+00:00,141.711,141.729,141.649,141.658,4505.49
2023-12-15 09:05:00+00:00,141.659,141.773,141.639,141.709,4129.96
2023-12-15 09:10:00+00:00,141.709,141.715,141.65,141.698,4398.38
2023-12-15 09:15:00+00:00,141.698,141.701,141.59,141.627,4333.34
2023-12-15 09:20:00+00:00,141.628,141.692,141.615,141.644,3408.41
2023-12-15 09:25:00+00:00,141.644,141.713,141.624,141.626,3572.75
2023-12-15 09:30:00+00:00,141.627,141.745,141.627,141.741,4207.35
2023-12-15 09:35:00+00:00,141.741,141.825,141.741,141.806,2921.93
2023-12-15 09:40:00+00:00,141.808,141.845,141.754,141.787,3217.99
2023-12-15 09:45:00+00:00,141.786,141.788,141.679,141.714,3958.09
2023-12-15 09:50:00+00:00,141.715,141.747,141.697,141.734,2531.42
2023-12-15 09:55:00+00:00,141.735,141.804,141.723,141.773,3188.64
2023-12-15 10:00:00+00:00,141.775,141.791,141.664,141.666,3068.69
2023-12-15 10:05:00+00:00,141.666,141.685,141.643,141.664,2908.04
2023-12-15 10:10:00+00:00,141.665,141.674,141.597,141.668,4000.52
2023-12-15 10:15:00+00:00,141.668,141.672,141.547,141.559,2689.33
2023-12-15 10:20:00+00:00,141.558,141.579,141.518,141.522,2259.2
2023-12-15 10:25:00+00:00,141.526,141.554,141.509,141.53,1498.12
2023-12-15 10:30:00+00:00,141.531,141.592,141.469,141.585,3490.09
2023-12-15 10:35:00+00:00,141.585,141.651,141.566,141.642,3520.82
2023-12-15 10:40:00+00:00,141.643,141.714,141.642,141.677,3601.79
2023-12-15 10:45:00+00:00,141.677,141.677,141.609,141.617,2558.42
2023-12-15 10:50:00+00:00,141.618,141.689,141.617,141.673,2736.12
2023-12-15 10:55:00+00:00,141.672,141.708,141.651,141.69,2526.82
2023-12-15 11:00:00+00:00,141.691,141.731,141.688,141.699,3737.19
2023-12-15 11:05:00+00:00,141.7,141.73,141.672,141.703,3488.83
2023-12-15 11:10:00+00:00,141.7,141.713,141.618,141.649,3194.28
2023-12-15 11:15:00+00:00,141.652,141.695,141.636,141.664,2824.5
2023-12-15 11:20:00+00:00,141.665,141.718,141.648,141.709,3304.0
2023-12-15 11:25:00+00:00,141.709,141.726,141.688,141.701,2541.35
2023-12-15 11:30:00+00:00,141.701,141.789,141.697,141.771,2491.55
2023-12-15 11:35:00+00:00,141.771,141.791,141.728,141.769,2823.76
2023-12-15 11:40:00+00:00,141.773,141.773,141.708,141.72,2923.92
2023-12-15 11:45:00+00:00,141.72,141.734,141.679,141.683,2894.79
2023-12-15 11:50:00+00:00,141.683,141.69,141.658,141.69,2065.95
2023-12-15 11:55:00+00:00,141.691,141.773,141.678,141.745,2212.2
2023-12-15 12:00:00+00:00,141.747,141.762,141.635,141.64,3793.86
2023-12-15 12:05:00+00:00,141.641,141.673,141.622,141.632,2550.03
2023-12-15 12:10:00+00:00,141.632,141.662,141.582,141.602,2997.07
2023-12-15 12:15:00+00:00,141.602,141.609,141.548,141.573,3020.01
2023-12-15 12:20:00+00:00,141.573,141.662,141.572,141.583,3030.89
2023-12-15 12:25:00+00:00,141.584,141.584,141.477,141.514,3772.83
2023-12-15 12:30:00+00:00,141.514,141.564,141.499,141.523,2659.08
2023-12-15 12:35:00+00:00,141.523,141.577,141.506,141.55,1357.56
2023-12-15 12:40:00+00:00,141.549,141.549,141.501,141.525,2577.05
2023-12-15 12:45:00+00:00,141.524,141.586,141.5,141.565,1427.3
2023-12-15 12:50:00+00:00,141.564,141.65,141.563,141.644,2078.95
2023-12-15 12:55:00+00:00,141.643,141.702,141.643,141.66,2397.94
2023-12-15 13:00:00+00:00,141.66,141.715,141.641,141.708,3795.11
2023-12-15 13:05:00+00:00,141.705,141.76,141.695,141.727,2798.04
2023-12-15 13:10:00+00:00,141.726,141.726,141.638,141.663,3152.48
2023-12-15 13:15:00+00:00,141.664,141.714,141.664,141.688,1859.99
2023-12-15 13:20:00+00:00,141.688,141.763,141.651,141.741,4661.46
2023-12-15 13:25:00+00:00,141.739,141.794,141.734,141.79,3984.81
2023-12-15 13:30:00+00:00,141.79,142.167,141.484,142.135,7046.7
2023-12-15 13:35:00+00:00,142.136,142.394,142.072,142.39,6055.3
2023-12-15 13:40:00+00:00,142.39,142.449,142.269,142.317,6794.24
2023-12-15 13:45:00+00:00,142.317,142.337,142.179,142.27,6169.6
2023-12-15 13:50:00+00:00,142.27,142.308,142.157,142.308,5634.67
2023-12-15 13:55:00+00:00,142.312,142.401,142.278,142.315,5352.49
2023-12-15 14:00:00+00:00,142.316,142.328,142.161,142.23,5139.21
2023-12-15 14:05:00+00:00,142.228,142.228,142.068,142.089,5187.01
2023-12-15 14:10:00+00:00,142.089,142.114,141.976,142.024,4954.56
2023-12-15 14:15:00+00:00,142.026,142.057,141.793,141.86,5009.51
2023-12-15 14:20:00+00:00,141.86,141.926,141.815,141.867,3537.5
2023-12-15 14:25:00+00:00,141.868,141.884,141.718,141.852,3798.64
2023-12-15 14:30:00+00:00,141.851,141.915,141.735,141.745,4086.04
2023-12-15 14:35:00+00:00,141.746,141.856,141.743,141.802,5429.3
2023-12-15 14:40:00+00:00,141.801,141.805,141.699,141.728,4807.37
2023-12-15 14:45:00+00:00,141.728,141.947,141.679,141.803,7139.43
2023-12-15 14:50:00+00:00,141.802,141.844,141.729,141.807,5687.37
2023-12-15 14:55:00+00:00,141.805,141.858,141.764,141.823,4520.59
2023-12-15 15:00:00+00:00,141.822,141.847,141.744,141.775,4431.32
2023-12-15 15:05:00+00:00,141.775,141.81,141.658,141.667,4512.96
2023-12-15 15:10:00+00:00,141.667,141.678,141.496,141.505,5881.9
2023-12-15 15:15:00+00:00,141.506,141.545,141.428,141.491,4051.68
2023-12-15 15:20:00+00:00,141.491,141.621,141.481,141.581,3287.77
2023-12-15 15:25:00+00:00,141.58,141.631,141.517,141.631,3101.46
2023-12-15 15:30:00+00:00,141.641,141.683,141.568,141.609,4034.86
2023-12-15 15:35:00+00:00,141.608,141.669,141.585,141.654,3571.97
2023-12-15 15:40:00+00:00,141.653,141.716,141.64,141.716,4222.83
2023-12-15 15:45:00+00:00,141.715,141.746,141.672,141.697,3389.32
2023-12-15 15:50:00+00:00,141.699,141.761,141.666,141.687,5462.64
2023-12-15 15:55:00+00:00,141.689,141.756,141.654,141.744,5631.72
2023-12-15 16:00:00+00:00,141.744,141.839,141.734,141.837,4849.27
2023-12-15 16:05:00+00:00,141.834,141.854,141.783,141.805,4131.08
2023-12-15 16:10:00+00:00,141.806,141.887,141.746,141.771,2559.95
2023-12-15 16:15:00+00:00,141.776,141.795,141.742,141.781,2825.72
2023-12-15 16:20:00+00:00,141.782,141.788,141.712,141.749,2753.55
2023-12-15 16:25:00+00:00,141.749,141.75,141.687,141.697,3004.53
2023-12-15 16:30:00+00:00,141.697,141.72,141.669,141.717,2040.02
2023-12-15 16:35:00+00:00,141.716,141.737,141.661,141.721,3007.73
2023-12-15 16:40:00+00:00,141.72,141.794,141.72,141.792,2369.44
2023-12-15 16:45:00+00:00,141.791,141.835,141.772,141.817,2656.65
2023-12-15 16:50:00+00:00,141.817,141.881,141.8,141.84,2171.73
2023-12-15 16:55:00+00:00,141.842,141.847,141.791,141.803,2560.49
2023-12-15 17:00:00+00:00,141.803,141.839,141.79,141.821,2403.89
2023-12-15 17:05:00+00:00,141.821,141.823,141.784,141.803,2162.9
2023-12-15 17:10:00+00:00,141.803,141.908,141.786,141.899,2936.26
2023-12-15 17:15:00+00:00,141.897,141.945,141.895,141.931,2488.05
2023-12-15 17:20:00+00:00,141.931,142.018,141.917,141.989,1387.84
2023-12-15 17:25:00+00:00,141.989,142.003,141.922,141.932,1897.17
2023-12-15 17:30:00+00:00,141.931,141.978,141.903,141.919,2018.98
2023-12-15 17:35:00+00:00,141.919,141.99,141.919,141.988,1676.58
2023-12-15 17:40:00+00:00,141.989,142.052,141.974,142.029,2076.54
2023-12-15 17:45:00+00:00,142.027,142.045,141.97,141.979,2442.47
2023-12-15 17:50:00+00:00,141.983,142.022,141.968,142.012,2536.01
2023-12-15 17:55:00+00:00,142.012,142.067,142.006,142.035,2304.02
2023-12-15 18:00:00+00:00,142.039,142.044,142.005,142.037,2780.35
2023-12-15 18:05:00+00:00,142.04,142.068,142.028,142.036,2297.76
2023-12-15 18:10:00+00:00,142.036,142.11,142.036,142.107,1614.37
2023-12-15 18:15:00+00:00,142.106,142.214,142.097,142.192,2344.59
2023-12-15 18:20:00+00:00,142.192,142.229,142.186,142.209,1981.45
2023-12-15 18:25:00+00:00,142.209,142.225,142.154,142.154,1629.44
2023-12-15 18:30:00+00:00,142.157,142.168,142.092,142.167,1839.17
2023-12-15 18:35:00+00:00,142.169,142.169,142.108,142.158,1836.81
2023-12-15 18:40:00+00:00,142.156,142.194,142.153,142.189,2024.45
2023-12-15 18:45:00+00:00,142.189,142.228,142.156,142.158,1854.54
2023-12-15 18:50:00+00:00,142.157,142.202,142.148,142.197,1665.09
2023-12-15 18:55:00+00:00,142.2,142.26,142.183,142.205,2046.5
2023-12-15 19:00:00+00:00,142.208,142.242,142.053,142.189,2309.01
2023-12-15 19:05:00+00:00,142.19,142.247,142.181,142.225,1299.41
2023-12-15 19:10:00+00:00,142.224,142.292,142.22,142.278,704.18
2023-12-15 19:15:00+00:00,142.278,142.282,142.204,142.21,568.36
2023-12-15 19:20:00+00:00,142.209,142.301,142.205,142.263,802.32
2023-12-15 19:25:00+00:00,142.268,142.31,142.256,142.276,902.64
2023-12-15 19:30:00+00:00,142.276,142.276,142.21,142.237,1284.69
2023-12-15 19:35:00+00:00,142.238,142.292,142.238,142.29,541.1
2023-12-15 19:40:00+00:00,142.292,142.292,142.237,142.238,615.72
2023-12-15 19:45:00+00:00,142.237,142.243,142.2,142.217,1018.45
2023-12-15 19:50:00+00:00,142.216,142.235,142.204,142.213,1568.11
2023-12-15 19:55:00+00:00,142.212,142.222,142.17,142.18,1174.71
2023-12-15 20:00:00+00:00,142.18,142.196,142.13,142.133,762.21
2023-12-15 20:05:00+00:00,142.134,142.155,142.123,142.138,608.92
2023-12-15 20:10:00+00:00,142.138,142.155,142.134,142.146,461.71
2023-12-15 20:15:00+00:00,142.147,142.148,142.1,142.12,425.2
2023-12-15 20:20:00+00:00,142.12,142.121,142.099,142.099,317.52
2023-12-15 20:25:00+00:00,142.096,142.099,142.038,142.044,539.44
2023-12-15 20:30:00+00:00,142.044,142.091,142.032,142.089,359.61
2023-12-15 20:35:00+00:00,142.094,142.11,142.071,142.089,394.12
2023-12-15 20:40:00+00:00,142.092,142.101,142.058,142.099,850.05
2023-12-15 20:45:00+00:00,142.099,142.108,142.083,142.105,537.06
2023-12-15 20:50:00+00:00,142.106,142.142,142.094,142.135,600.9
2023-12-15 20:55:00+00:00,142.145,142.245,142.137,142.244,690.91
2023-12-15 21:00:00+00:00,142.243,142.264,142.197,142.214,1035.01
2023-12-15 21:05:00+00:00,142.215,142.299,142.21,142.292,656.94
2023-12-15 21:10:00+00:00,142.293,142.296,142.262,142.284,448.35
2023-12-15 21:15:00+00:00,142.281,142.281,142.256,142.258,203.55
2023-12-15 21:20:00+00:00,142.259,142.259,142.24,142.254,286.06
2023-12-15 21:25:00+00:00,142.253,142.257,142.209,142.213,383.49
2023-12-15 21:30:00+00:00,142.213,142.232,142.213,142.222,547.41
2023-12-15 21:35:00+00:00,142.224,142.239,142.223,142.224,634.66
2023-12-15 21:40:00+00:00,142.224,142.225,142.205,142.217,278.4
2023-12-15 21:45:00+00:00,142.217,142.234,142.198,142.213,306.6
2023-12-15 21:50:00+00:00,142.213,142.227,142.154,142.168,493.17
2023-12-15 21:55:00+00:00,142.168,142.212,142.124,142.141,597.9
2023-12-17 22:00:00+00:00,142.038,142.062,142.024,142.032,24.0
2023-12-17 22:05:00+00:00,142.038,142.08,142.034,142.046,55.05
2023-12-17 22:10:00+00:00,142.058,142.061,142.039,142.044,42.0
2023-12-17 22:15:00+00:00,142.054,142.073,142.044,142.07,35.35
2023-12-17 22:20:00+00:00,142.044,142.073,142.043,142.07,178.17
2023-12-17 22:25:00+00:00,142.074,142.078,142.044,142.058,23.4
2023-12-17 22:30:00+00:00,142.063,142.124,142.063,142.12,68.7
2023-12-17 22:35:00+00:00,142.119,142.131,142.103,142.109,81.6
2023-12-17 22:40:00+00:00,142.108,142.115,142.108,142.114,27.25
2023-12-17 22:45:00+00:00,142.121,142.132,142.115,142.132,45.7
2023-12-17 22:50:00+00:00,142.132,142.174,142.132,142.159,86.59
2023-12-17 22:55:00+00:00,142.16,142.17,142.156,142.157,93.57
2023-12-17 23:00:00+00:00,142.16,142.354,142.16,142.351,920.47
2023-12-17 23:05:00+00:00,142.35,142.352,142.263,142.287,507.86
2023-12-17 23:10:00+00:00,142.286,142.286,142.22,142.235,928.68
2023-12-17 23:15:00+00:00,142.236,142.3,142.234,142.238,789.54
2023-12-17 23:20:00+00:00,142.248,142.264,142.228,142.233,1354.27
2023-12-17 23:25:00+00:00,142.234,142.284,142.21,142.261,1429.8
2023-12-17 23:30:00+00:00,142.261,142.37,142.25,142.328,1147.93
2023-12-17 23:35:00+00:00,142.329,142.338,142.301,142.319,397.0
2023-12-17 23:40:00+00:00,142.319,142.321,142.302,142.309,385.8
2023-12-17 23:45:00+00:00,142.309,142.347,142.302,142.325,481.5
2023-12-17 23:50:00+00:00,142.326,142.326,142.274,142.286,530.4
2023-12-17 23:55:00+00:00,142.285,142.329,142.282,142.328,455.65
2023-12-18 00:00:00+00:00,142.328,142.442,142.227,142.425,1926.26
2023-12-18 00:05:00+00:00,142.426,142.441,142.314,142.359,1268.2
2023-12-18 00:10:00+00:00,142.361,142.425,142.316,142.404,1152.39
2023-12-18 00:15:00+00:00,142.407,142.454,142.386,142.41,1454.92
2023-12-18 00:20:00+00:00,142.409,142.457,142.349,142.403,2270.14
2023-12-18 00:25:00+00:00,142.403,142.428,142.349,142.368,1768.3
2023-12-18 00:30:00+00:00,142.367,142.398,142.32,142.359,1369.29
2023-12-18 00:35:00+00:00,142.361,142.367,142.301,142.302,1453.73
2023-12-18 00:40:00+00:00,142.302,142.33,142.26,142.278,2244.63
2023-12-18 00:45:00+00:00,142.277,142.295,142.203,142.231,1859.27
2023-12-18 00:50:00+00:00,142.236,142.281,142.117,142.148,4182.85
2023-12-18 00:55:00+00:00,142.147,142.193,142.071,142.092,3939.18
2023-12-18 01:00:00+00:00,142.091,142.199,142.091,142.131,3160.55
2023-12-18 01:05:00+00:00,142.129,142.239,142.127,142.237,2160.52
2023-12-18 01:10:00+00:00,142.238,142.284,142.214,142.23,3000.77
2023-12-18 01:15:00+00:00,142.23,142.34,142.228,142.32,2328.29
2023-12-18 01:20:00+00:00,142.328,142.343,142.251,142.261,1874.39
2023-12-18 01:25:00+00:00,142.261,142.341,142.26,142.341,1987.6
2023-12-18 01:30:00+00:00,142.34,142.43,142.34,142.35,3269.85
2023-12-18 01:35:00+00:00,142.351,142.418,142.348,142.387,2518.86
2023-12-18 01:40:00+00:00,142.387,142.396,142.31,142.329,1787.8
2023-12-18 01:45:00+00:00,142.329,142.364,142.328,142.349,1271.84
2023-12-18 01:50:00+00:00,142.35,142.356,142.293,142.302,1433.18
2023-12-18 01:55:00+00:00,142.297,142.301,142.248,142.251,1545.97
2023-12-18 02:00:00+00:00,142.252,142.258,142.165,142.181,2274.19
2023-12-18 02:05:00+00:00,142.179,142.252,142.161,142.201,1452.62
2023-12-18 02:10:00+00:00,142.201,142.221,142.168,142.17,1238.6
2023-12-18 02:15:00+00:00,142.17,142.235,142.166,142.229,1666.01
2023-12-18 02:20:00+00:00,142.23,142.263,142.221,142.245,1881.74
2023-12-18 02:25:00+00:00,142.245,142.292,142.244,142.261,1904.18
2023-12-18 02:30:00+00:00,142.261,142.372,142.256,142.351,2301.59
2023-12-18 02:35:00+00:00,142.351,142.36,142.319,142.327,1741.37
2023-12-18 02:40:00+00:00,142.327,142.377,142.314,142.317,1785.02
2023-12-18 02:45:00+00:00,142.318,142.318,142.268,142.279,1545.8
2023-12-18 02:50:00+00:00,142.279,142.308,142.25,142.279,981.07
2023-12-18 02:55:00+00:00,142.279,142.294,142.24,142.277,902.04
2023-12-18 03:00:00+00:00,142.277,142.308,142.263,142.291,1029.81
2023-12-18 03:05:00+00:00,142.29,142.29,142.229,142.232,876.92
2023-12-18 03:10:00+00:00,142.232,142.233,142.185,142.195,1384.43
2023-12-18 03:15:00+00:00,142.194,142.221,142.177,142.191,886.95
2023-12-18 03:20:00+00:00,142.191,142.195,142.155,142.163,975.52
2023-12-18 03:25:00+00:00,142.163,142.165,142.137,142.149,1677.7
2023-12-18 03:30:00+00:00,142.15,142.161,142.126,142.139,1177.79
2023-12-18 03:35:00+00:00,142.139,142.208,142.121,142.159,1029.47
2023-12-18 03:40:00+00:00,142.158,142.158,142.081,142.107,1741.37
2023-12-18 03:45:00+00:00,142.109,142.121,142.098,142.109,966.0
2023-12-18 03:50:00+00:00,142.11,142.154,142.107,142.151,663.87
2023-12-18 03:55:00+00:00,142.148,142.177,142.134,142.173,894.93
2023-12-18 04:00:00+00:00,142.173,142.221,142.173,142.211,1316.56
2023-12-18 04:05:00+00:00,142.21,142.217,142.182,142.207,1220.62
2023-12-18 04:10:00+00:00,142.203,142.207,142.162,142.18,1416.42
2023-12-18 04:15:00+00:00,142.182,142.22,142.181,142.203,1107.53
2023-12-18 04:20:00+00:00,142.203,142.249,142.199,142.248,918.21
2023-12-18 04:25:00+00:00,142.247,142.27,142.228,142.263,1411.75
2023-12-18 04:30:00+00:00,142.262,142.271,142.237,142.243,1493.93
2023-12-18 04:35:00+00:00,142.245,142.284,142.243,142.279,1398.95
2023-12-18 04:40:00+00:00,142.279,142.288,142.249,142.251,1081.97
2023-12-18 04:45:00+00:00,142.25,142.264,142.229,142.231,1488.99
2023-12-18 04:50:00+00:00,142.232,142.232,142.181,142.199,1498.65
2023-12-18 04:55:00+00:00,142.199,142.199,142.148,142.157,1729.22
2023-12-18 05:00:00+00:00,142.159,142.2,142.159,142.184,1045.07
2023-12-18 05:05:00+00:00,142.186,142.195,142.16,142.165,549.25
2023-12-18 05:10:00+00:00,142.165,142.21,142.165,142.189,1215.34
2023-12-18 05:15:00+00:00,142.19,142.211,142.188,142.199,1632.15
2023-12-18 05:20:00+00:00,142.2,142.207,142.125,142.127,1776.96
2023-12-18 05:25:00+00:00,142.129,142.18,142.129,142.163,949.57
2023-12-18 05:30:00+00:00,142.163,142.165,142.125,142.138,1418.98
2023-12-18 05:35:00+00:00,142.137,142.174,142.12,142.16,848.54
2023-12-18 05:40:00+00:00,142.159,142.226,142.146,142.219,1210.81
2023-12-18 05:45:00+00:00,142.221,142.224,142.196,142.207,1475.65
2023-12-18 05:50:00+00:00,142.208,142.232,142.19,142.218,894.5
2023-12-18 05:55:00+00:00,142.219,142.231,142.182,142.201,1227.85
2023-12-18 06:00:00+00:00,142.2,142.279,142.196,142.251,1755.28
2023-12-18 06:05:00+00:00,142.25,142.301,142.25,142.299,1465.12
2023-12-18 06:10:00+00:00,142.298,142.314,142.276,142.278,922.07
2023-12-18 06:15:00+00:00,142.276,142.285,142.25,142.285,1656.93
2023-12-18 06:20:00+00:00,142.285,142.344,142.283,142.287,1422.0
2023-12-18 06:25:00+00:00,142.289,142.291,142.264,142.28,965.29
2023-12-18 06:30:00+00:00,142.281,142.316,142.202,142.214,2279.14
2023-12-18 06:35:00+00:00,142.216,142.262,142.211,142.225,1333.96
2023-12-18 06:40:00+00:00,142.224,142.234,142.21,142.213,899.85
2023-12-18 06:45:00+00:00,142.215,142.233,142.183,142.183,882.59
2023-12-18 06:50:00+00:00,142.184,142.198,142.152,142.195,1596.72
2023-12-18 06:55:00+00:00,142.195,142.289,142.195,142.286,1756.48
2023-12-18 07:00:00+00:00,142.281,142.288,142.205,142.217,3446.78
2023-12-18 07:05:00+00:00,142.217,142.251,142.194,142.2,1579.63
2023-12-18 07:10:00+00:00,142.198,142.235,142.198,142.224,2033.3
2023-12-18 07:15:00+00:00,142.224,142.24,142.2,142.225,876.95
2023-12-18 07:20:00+00:00,142.227,142.272,142.186,142.265,1594.91
2023-12-18 07:25:00+00:00,142.265,142.295,142.251,142.276,1541.05
2023-12-18 07:30:00+00:00,142.277,142.353,142.276,142.313,1931.3
2023-12-18 07:35:00+00:00,142.313,142.365,142.304,142.333,1931.83
2023-12-18 07:40:00+00:00,142.33,142.354,142.294,142.295,2068.2
2023-12-18 07:45:00+00:00,142.295,142.345,142.284,142.344,2558.59
2023-12-18 07:50:00+00:00,142.345,142.408,142.322,142.381,2058.9
2023-12-18 07:55:00+00:00,142.382,142.414,142.361,142.382,2552.4
2023-12-18 08:00:00+00:00,142.382,142.542,142.344,142.489,4236.29
2023-12-18 08:05:00+00:00,142.49,142.513,142.441,142.458,4101.64
2023-12-18 08:10:00+00:00,142.458,142.534,142.445,142.515,4170.88
2023-12-18 08:15:00+00:00,142.515,142.519,142.415,142.421,3717.6
2023-12-18 08:20:00+00:00,142.423,142.451,142.396,142.419,3742.93
2023-12-18 08:25:00+00:00,142.42,142.421,142.33,142.381,3269.31
2023-12-18 08:30:00+00:00,142.382,142.404,142.307,142.327,4159.31
2023-12-18 08:35:00+00:00,142.326,142.36,142.318,142.353,3065.75
2023-12-18 08:40:00+00:00,142.355,142.395,142.339,142.389,2856.53
2023-12-18 08:45:00+00:00,142.389,142.434,142.37,142.427,2616.5
2023-12-18 08:50:00+00:00,142.427,142.434,142.387,142.387,2621.4
2023-12-18 08:55:00+00:00,142.388,142.411,142.331,142.38,2671.17
2023-12-18 09:00:00+00:00,142.38,142.411,142.35,142.381,3441.68
2023-12-18 09:05:00+00:00,142.382,142.384,142.301,142.34,3019.92
2023-12-18 09:10:00+00:00,142.341,142.348,142.241,142.245,2927.91
2023-12-18 09:15:00+00:00,142.245,142.303,142.245,142.25,2339.26
2023-12-18 09:20:00+00:00,142.256,142.318,142.253,142.313,1776.44
2023-12-18 09:25:00+00:00,142.318,142.355,142.304,142.352,1658.97
2023-12-18 09:30:00+00:00,142.353,142.385,142.331,142.366,1945.69
2023-12-18 09:35:00+00:00,142.366,142.382,142.304,142.324,2299.24
2023-12-18 09:40:00+00:00,142.325,142.405,142.322,142.384,2172.78
2023-12-18 09:45:00+00:00,142.383,142.412,142.341,142.394,1877.62
2023-12-18 09:50:00+00:00,142.395,142.43,142.394,142.415,2234.17
2023-12-18 09:55:00+00:00,142.416,142.493,142.416,142.492,2547.81
2023-12-18 10:00:00+00:00,142.492,142.502,142.445,142.445,3266.79
2023-12-18 10:05:00+00:00,142.446,142.541,142.445,142.531,2948.55
2023-12-18 10:10:00+00:00,142.533,142.584,142.494,142.5,2717.39
2023-12-18 10:15:00+00:00,142.5,142.563,142.482,142.553,1850.82
2023-12-18 10:20:00+00:00,142.553,142.553,142.5,142.521,2534.19
2023-12-18 10:25:00+00:00,142.519,142.536,142.501,142.533,1321.03
2023-12-18 10:30:00+00:00,142.533,142.688,142.532,142.68,2522.98
2023-12-18 10:35:00+00:00,142.678,142.73,142.658,142.714,3529.79
2023-12-18 10:40:00+00:00,142.716,142.829,142.701,142.709,3712.41
2023-12-18 10:45:00+00:00,142.713,142.741,142.663,142.683,2498.23
2023-12-18 10:50:00+00:00,142.683,142.738,142.675,142.724,1703.82
2023-12-18 10:55:00+00:00,142.724,142.745,142.699,142.722,2775.22
2023-12-18 11:00:00+00:00,142.721,142.786,142.719,142.741,3002.82
2023-12-18 11:05:00+00:00,142.742,142.78,142.678,142.74,3050.8
2023-12-18 11:10:00+00:00,142.74,142.818,142.719,142.773,3067.92
2023-12-18 11:15:00+00:00,142.774,142.793,142.704,142.708,2999.53
2023-12-18 11:20:00+00:00,142.708,142.718,142.633,142.655,2812.84
2023-12-18 11:25:00+00:00,142.656,142.684,142.632,142.664,2421.86
2023-12-18 11:30:00+00:00,142.665,142.725,142.665,142.718,1510.29
2023-12-18 11:35:00+00:00,142.719,142.743,142.694,142.726,1297.3
2023-12-18 11:40:00+00:00,142.744,142.745,142.675,142.717,1724.35
2023-12-18 11:45:00+00:00,142.716,142.741,142.692,142.694,1149.65
2023-12-18 11:50:00+00:00,142.693,142.75,142.669,142.731,2353.46
2023-12-18 11:55:00+00:00,142.732,142.78,142.732,142.744,2648.1
2023-12-18 12:00:00+00:00,142.744,142.752,142.703,142.728,1899.08
2023-12-18 12:05:00+00:00,142.728,142.783,142.715,142.716,2024.46
2023-12-18 12:10:00+00:00,142.718,142.754,142.715,142.739,1402.5
2023-12-18 12:15:00+00:00,142.74,142.79,142.736,142.769,1946.06
2023-12-18 12:20:00+00:00,142.767,142.895,142.756,142.856,2897.72
2023-12-18 12:25:00+00:00,142.854,142.868,142.809,142.813,1999.67
2023-12-18 12:30:00+00:00,142.811,142.844,142.773,142.773,2359.25
2023-12-18 12:35:00+00:00,142.773,142.815,142.75,142.814,1752.54
2023-12-18 12:40:00+00:00,142.815,142.827,142.763,142.81,2543.26
2023-12-18 12:45:00+00:00,142.811,142.834,142.782,142.822,2562.44
2023-12-18 12:50:00+00:00,142.823,142.823,142.708,142.723,2539.52
2023-12-18 12:55:00+00:00,142.721,142.791,142.72,142.791,1365.78
2023-12-18 13:00:00+00:00,142.791,142.827,142.759,142.815,2538.05
2023-12-18 13:05:00+00:00,142.817,142.873,142.814,142.838,3377.54
2023-12-18 13:10:00+00:00,142.837,142.853,142.806,142.841,2600.81
2023-12-18 13:15:00+00:00,142.842,142.871,142.786,142.845,2823.94
2023-12-18 13:20:00+00:00,142.844,142.847,142.763,142.763,4331.65
2023-12-18 13:25:00+00:00,142.764,142.788,142.743,142.777,3466.2
2023-12-18 13:30:00+00:00,142.778,142.794,142.701,142.725,3587.37
2023-12-18 13:35:00+00:00,142.725,142.809,142.719,142.76,3280.34
2023-12-18 13:40:00+00:00,142.763,142.8,142.728,142.749,2288.82
2023-12-18 13:45:00+00:00,142.75,142.751,142.679,142.718,3184.71
2023-12-18 13:50:00+00:00,142.717,142.791,142.716,142.783,2650.53
2023-12-18 13:55:00+00:00,142.783,142.828,142.77,142.815,3324.15
2023-12-18 14:00:00+00:00,142.817,142.846,142.799,142.834,2741.74
2023-12-18 14:05:00+00:00,142.835,142.873,142.815,142.862,2822.75
2023-12-18 14:10:00+00:00,142.861,142.994,142.856,142.968,2490.72
2023-12-18 14:15:00+00:00,142.968,142.988,142.93,142.955,2149.2
2023-12-18 14:20:00+00:00,142.953,143.034,142.922,142.931,2624.06
2023-12-18 14:25:00+00:00,142.932,142.964,142.877,142.903,2897.82
2023-12-18 14:30:00+00:00,142.903,142.961,142.862,142.943,3770.66
2023-12-18 14:35:00+00:00,142.941,143.017,142.903,142.953,3809.76
2023-12-18 14:40:00+00:00,142.953,143.015,142.917,142.985,3493.94
2023-12-18 14:45:00+00:00,142.986,143.036,142.949,143.022,3105.45
2023-12-18 14:50:00+00:00,143.022,143.034,142.92,142.964,3172.62
2023-12-18 14:55:00+00:00,142.965,142.991,142.935,142.963,2167.95
2023-12-18 15:00:00+00:00,142.964,142.986,142.912,142.974,3738.79
2023-12-18 15:05:00+00:00,142.975,143.021,142.956,143.013,3719.65
2023-12-18 15:10:00+00:00,143.014,143.084,142.972,143.031,4205.79
2023-12-18 15:15:00+00:00,143.03,143.057,142.973,142.986,3850.99
2023-12-18 15:20:00+00:00,142.988,143.008,142.924,142.931,2719.92
2023-12-18 15:25:00+00:00,142.931,142.963,142.911,142.953,2916.09
2023-12-18 15:30:00+00:00,142.953,143.03,142.951,142.986,2916.25
2023-12-18 15:35:00+00:00,142.986,143.006,142.966,142.975,1735.77
2023-12-18 15:40:00+00:00,142.975,143.014,142.968,143.004,2235.77
2023-12-18 15:45:00+00:00,143.004,143.085,142.989,143.061,3160.19
2023-12-18 15:50:00+00:00,143.06,143.126,143.051,143.113,3360.9
2023-12-18 15:55:00+00:00,143.112,143.156,143.091,143.114,3948.12
2023-12-18 16:00:00+00:00,143.112,143.112,143.033,143.057,3664.99
2023-12-18 16:05:00+00:00,143.058,143.088,143.002,143.01,3011.29
2023-12-18 16:10:00+00:00,143.011,143.076,143.01,143.061,3170.73
2023-12-18 16:15:00+00:00,143.062,143.076,143.038,143.062,3869.72
2023-12-18 16:20:00+00:00,143.063,143.073,142.984,142.985,3698.93
2023-12-18 16:25:00+00:00,142.982,143.036,142.982,143.01,3131.27
2023-12-18 16:30:00+00:00,143.012,143.05,143.002,143.019,3027.39
2023-12-18 16:35:00+00:00,143.019,143.051,143.006,143.04,2392.36
2023-12-18 16:40:00+00:00,143.039,143.069,143.039,143.067,1706.7
2023-12-18 16:45:00+00:00,143.062,143.082,143.037,143.048,1783.66
2023-12-18 16:50:00+00:00,143.048,143.086,143.048,143.074,1304.21
2023-12-18 16:55:00+00:00,143.075,143.085,143.04,143.045,1854.65
2023-12-18 17:00:00+00:00,143.046,143.046,142.986,143.024,2367.78
2023-12-18 17:05:00+00:00,143.028,143.041,143.013,143.033,1662.97
2023-12-18 17:10:00+00:00,143.034,143.062,142.987,142.998,1396.75
2023-12-18 17:15:00+00:00,142.999,142.999,142.935,142.967,1678.42
2023-12-18 17:20:00+00:00,142.969,142.997,142.921,142.94,1305.93
2023-12-18 17:25:00+00:00,142.942,142.948,142.914,142.915,1328.19
2023-12-18 17:30:00+00:00,142.917,142.942,142.91,142.938,1283.41
2023-12-18 17:35:00+00:00,142.939,142.978,142.915,142.96,1639.59
2023-12-18 17:40:00+00:00,142.96,142.978,142.927,142.936,1635.15
2023-12-18 17:45:00+00:00,142.935,142.962,142.89,142.918,1744.7
2023-12-18 17:50:00+00:00,142.919,142.93,142.905,142.928,1296.18
2023-12-18 17:55:00+00:00,142.928,142.947,142.908,142.92,1143.65
2023-12-18 18:00:00+00:00,142.919,142.958,142.911,142.939,1736.9
2023-12-18 18:05:00+00:00,142.944,142.945,142.888,142.899,887.34
2023-12-18 18:10:00+00:00,142.899,142.907,142.886,142.901,935.61
2023-12-18 18:15:00+00:00,142.899,142.916,142.897,142.908,1484.04
2023-12-18 18:20:00+00:00,142.907,142.913,142.839,142.854,1326.67
2023-12-18 18:25:00+00:00,142.854,142.882,142.845,142.868,1166.62
2023-12-18 18:30:00+00:00,142.868,142.919,142.85,142.889,1171.27
2023-12-18 18:35:00+00:00,142.889,142.953,142.888,142.939,1667.22
2023-12-18 18:40:00+00:00,142.94,142.964,142.929,142.947,1868.01
2023-12-18 18:45:00+00:00,142.946,142.981,142.928,142.97,1206.42
2023-12-18 18:50:00+00:00,142.97,142.976,142.911,142.92,1661.83
2023-12-18 18:55:00+00:00,142.922,142.954,142.92,142.94,1877.63
2023-12-18 19:00:00+00:00,142.941,142.955,142.938,142.941,1693.9
2023-12-18 19:05:00+00:00,142.941,142.981,142.939,142.967,1556.84
2023-12-18 19:10:00+00:00,142.965,142.991,142.959,142.965,2091.58
2023-12-18 19:15:00+00:00,142.967,142.99,142.956,142.989,1510.21
2023-12-18 19:20:00+00:00,142.99,143.012,142.985,143.0,2548.18
2023-12-18 19:25:00+00:00,143.0,143.0,142.981,142.99,1358.2
2023-12-18 19:30:00+00:00,142.991,142.992,142.945,142.967,972.0
2023-12-18 19:35:00+00:00,142.968,142.991,142.955,142.959,945.9
2023-12-18 19:40:00+00:00,142.958,142.987,142.958,142.972,943.67
2023-12-18 19:45:00+00:00,142.972,142.981,142.947,142.955,1361.85
2023-12-18 19:50:00+00:00,142.955,142.957,142.885,142.917,1784.07
2023-12-18 19:55:00+00:00,142.916,142.937,142.881,142.884,1991.67
2023-12-18 20:00:00+00:00,142.885,142.913,142.885,142.902,1337.64
2023-12-18 20:05:00+00:00,142.902,142.949,142.902,142.945,877.03
2023-12-18 20:10:00+00:00,142.945,142.96,142.943,142.945,1223.3
2023-12-18 20:15:00+00:00,142.946,142.949,142.918,142.92,784.67
2023-12-18 20:20:00+00:00,142.92,142.921,142.902,142.905,714.7
2023-12-18 20:25:00+00:00,142.907,142.916,142.9,142.904,987.67
2023-12-18 20:30:00+00:00,142.904,142.933,142.904,142.921,457.05
2023-12-18 20:35:00+00:00,142.922,142.933,142.913,142.92,816.08
2023-12-18 20:40:00+00:00,142.919,142.957,142.918,142.952,1147.35
2023-12-18 20:45:00+00:00,142.951,142.956,142.928,142.933,1205.32
2023-12-18 20:50:00+00:00,142.933,142.941,142.922,142.929,443.82
2023-12-18 20:55:00+00:00,142.929,142.947,142.909,142.917,1153.76
2023-12-18 21:00:00+00:00,142.914,142.916,142.869,142.904,838.86
2023-12-18 21:05:00+00:00,142.904,142.92,142.901,142.911,428.82
2023-12-18 21:10:00+00:00,142.911,142.934,142.91,142.931,282.27
2023-12-18 21:15:00+00:00,142.929,142.931,142.923,142.923,95.55
2023-12-18 21:20:00+00:00,142.923,142.923,142.898,142.9,197.73
2023-12-18 21:25:00+00:00,142.898,142.903,142.881,142.891,191.64
2023-12-18 21:30:00+00:00,142.891,142.911,142.839,142.856,533.86
2023-12-18 21:35:00+00:00,142.856,142.863,142.848,142.85,855.74
2023-12-18 21:40:00+00:00,142.85,142.85,142.837,142.839,149.19
2023-12-18 21:45:00+00:00,142.838,142.841,142.794,142.809,600.17
2023-12-18 21:50:00+00:00,142.81,142.818,142.802,142.807,1252.39
2023-12-18 21:55:00+00:00,142.806,142.817,142.735,142.737,433.81
2023-12-18 22:00:00+00:00,142.737,142.762,142.708,142.733,38.1
2023-12-18 22:05:00+00:00,142.734,142.8,142.733,142.785,128.55
2023-12-18 22:10:00+00:00,142.79,142.794,142.76,142.789,205.61
2023-12-18 22:15:00+00:00,142.788,142.798,142.76,142.777,141.15
2023-12-18 22:20:00+00:00,142.785,142.787,142.753,142.786,130.2
2023-12-18 22:25:00+00:00,142.784,142.789,142.774,142.781,88.22
2023-12-18 22:30:00+00:00,142.783,142.79,142.776,142.79,85.47
2023-12-18 22:35:00+00:00,142.789,142.803,142.779,142.796,175.05
2023-12-18 22:40:00+00:00,142.797,142.815,142.782,142.799,142.83
2023-12-18 22:45:00+00:00,142.805,142.814,142.795,142.81,165.84
2023-12-18 22:50:00+00:00,142.81,142.814,142.797,142.801,136.2
2023-12-18 22:55:00+00:00,142.801,142.81,142.793,142.797,179.35
2023-12-18 23:00:00+00:00,142.795,142.838,142.77,142.809,625.1
2023-12-18 23:05:00+00:00,142.813,142.845,142.792,142.799,380.89
2023-12-18 23:10:00+00:00,142.8,142.809,142.707,142.709,462.26
2023-12-18 23:15:00+00:00,142.711,142.751,142.646,142.695,1157.61
2023-12-18 23:20:00+00:00,142.696,142.752,142.694,142.729,916.03
2023-12-18 23:25:00+00:00,142.728,142.742,142.725,142.736,381.56
2023-12-18 23:30:00+00:00,142.737,142.78,142.737,142.78,1362.41
2023-12-18 23:35:00+00:00,142.779,142.791,142.737,142.74,341.58
2023-12-18 23:40:00+00:00,142.74,142.743,142.698,142.719,451.45
2023-12-18 23:45:00+00:00,142.719,142.777,142.682,142.756,1061.05
2023-12-18 23:50:00+00:00,142.758,142.776,142.72,142.724,617.48
2023-12-18 23:55:00+00:00,142.725,142.744,142.652,142.691,599.64
2023-12-19 00:00:00+00:00,142.686,142.686,142.487,142.541,2358.14
2023-12-19 00:05:00+00:00,142.538,142.586,142.465,142.487,2869.29
2023-12-19 00:10:00+00:00,142.491,142.522,142.401,142.402,2285.78
2023-12-19 00:15:00+00:00,142.402,142.461,142.354,142.389,1702.61
2023-12-19 00:20:00+00:00,142.39,142.451,142.369,142.427,2287.95
2023-12-19 00:25:00+00:00,142.427,142.483,142.427,142.435,1107.38
2023-12-19 00:30:00+00:00,142.431,142.49,142.289,142.305,2832.54
2023-12-19 00:35:00+00:00,142.304,142.381,142.244,142.365,2211.87
2023-12-19 00:40:00+00:00,142.375,142.431,142.333,142.422,1721.39
2023-12-19 00:45:00+00:00,142.423,142.482,142.416,142.458,1898.57
2023-12-19 00:50:00+00:00,142.459,142.636,142.419,142.636,4597.18
2023-12-19 00:55:00+00:00,142.646,142.646,142.527,142.537,3940.66
2023-12-19 01:00:00+00:00,142.538,142.547,142.435,142.52,3483.32
2023-12-19 01:05:00+00:00,142.522,142.524,142.404,142.414,2881.31
2023-12-19 01:10:00+00:00,142.415,142.452,142.358,142.377,2142.12
2023-12-19 01:15:00+00:00,142.376,142.413,142.342,142.387,1950.74
2023-12-19 01:20:00+00:00,142.386,142.455,142.317,142.37,3174.46
2023-12-19 01:25:00+00:00,142.373,142.442,142.337,142.429,1453.72
2023-12-19 01:30:00+00:00,142.429,142.499,142.429,142.485,2271.07
2023-12-19 01:35:00+00:00,142.486,142.548,142.475,142.513,2171.28
2023-12-19 01:40:00+00:00,142.514,142.522,142.438,142.489,2173.15
2023-12-19 01:45:00+00:00,142.488,142.53,142.449,142.497,1793.51
2023-12-19 01:50:00+00:00,142.499,142.57,142.443,142.552,1839.08
2023-12-19 01:55:00+00:00,142.551,142.583,142.525,142.546,1438.85
2023-12-19 02:00:00+00:00,142.549,142.55,142.453,142.51,1188.4
2023-12-19 02:05:00+00:00,142.514,142.64,142.514,142.604,3035.63
2023-12-19 02:10:00+00:00,142.604,142.663,142.582,142.652,1786.45
2023-12-19 02:15:00+00:00,142.657,142.693,142.637,142.69,1214.41
2023-12-19 02:20:00+00:00,142.69,142.69,142.582,142.627,2219.06
2023-12-19 02:25:00+00:00,142.617,142.632,142.549,142.602,3247.5
2023-12-19 02:30:00+00:00,142.601,142.643,142.57,142.587,2306.48
2023-12-19 02:35:00+00:00,142.586,142.685,142.573,142.614,2025.45
2023-12-19 02:40:00+00:00,142.615,142.661,142.59,142.65,1562.69
2023-12-19 02:45:00+00:00,142.65,143.499,142.593,143.416,2662.84
2023-12-19 02:50:00+00:00,143.422,143.739,143.351,143.589,5756.32
2023-12-19 02:55:00+00:00,143.589,143.693,143.388,143.662,4959.06
2023-12-19 03:00:00+00:00,143.663,143.784,143.499,143.604,4433.29
2023-12-19 03:05:00+00:00,143.606,143.647,143.453,143.592,4649.32
2023-12-19 03:10:00+00:00,143.59,143.637,143.49,143.49,4176.1
2023-12-19 03:15:00+00:00,143.49,143.491,143.248,143.339,4652.01
2023-12-19 03:20:00+00:00,143.342,143.407,143.239,143.313,2465.54
2023-12-19 03:25:00+00:00,143.311,143.452,143.31,143.381,2555.38
2023-12-19 03:30:00+00:00,143.379,143.486,143.327,143.457,2273.67
2023-12-19 03:35:00+00:00,143.458,143.572,143.43,143.562,2052.48
2023-12-19 03:40:00+00:00,143.568,143.646,143.563,143.588,2502.26
2023-12-19 03:45:00+00:00,143.588,143.6,143.466,143.467,2482.66
2023-12-19 03:50:00+00:00,143.469,143.567,143.453,143.54,1853.15
2023-12-19 03:55:00+00:00,143.539,143.555,143.443,143.519,1369.19
2023-12-19 04:00:00+00:00,143.517,143.57,143.474,143.538,1414.76
2023-12-19 04:05:00+00:00,143.539,143.561,143.505,143.522,1119.71
2023-12-19 04:10:00+00:00,143.523,143.6,143.502,143.517,1930.31
2023-12-19 04:15:00+00:00,143.522,143.555,143.509,143.525,1000.1
2023-12-19 04:20:00+00:00,143.526,143.527,143.424,143.436,908.92
2023-12-19 04:25:00+00:00,143.438,143.471,143.411,143.429,1108.97
2023-12-19 04:30:00+00:00,143.429,143.446,143.379,143.441,758.2
2023-12-19 04:35:00+00:00,143.441,143.504,143.424,143.46,1773.02
2023-12-19 04:40:00+00:00,143.461,143.478,143.424,143.428,1221.28
2023-12-19 04:45:00+00:00,143.427,143.427,143.32,143.371,1500.65
2023-12-19 04:50:00+00:00,143.373,143.41,143.344,143.409,978.26
2023-12-19 04:55:00+00:00,143.409,143.439,143.399,143.423,1041.79
2023-12-19 05:00:00+00:00,143.423,143.565,143.422,143.562,903.31
2023-12-19 05:05:00+00:00,143.565,143.593,143.513,143.522,1082.83
2023-12-19 05:10:00+00:00,143.524,143.541,143.5,143.512,895.09
2023-12-19 05:15:00+00:00,143.513,143.517,143.44,143.448,699.74
2023-12-19 05:20:00+00:00,143.446,143.508,143.368,143.461,1056.75
2023-12-19 05:25:00+00:00,143.463,143.465,143.411,143.419,991.25
2023-12-19 05:30:00+00:00,143.421,143.492,143.409,143.462,1068.89
2023-12-19 05:35:00+00:00,143.462,143.505,143.442,143.503,758.16
2023-12-19 05:40:00+00:00,143.502,143.517,143.472,143.483,750.1
2023-12-19 05:45:00+00:00,143.481,143.497,143.443,143.456,974.35
2023-12-19 05:50:00+00:00,143.455,143.554,143.454,143.5,1295.39
2023-12-19 05:55:00+00:00,143.499,143.56,143.403,143.497,1978.74
2023-12-19 06:00:00+00:00,143.499,143.554,143.498,143.522,1988.78
2023-12-19 06:05:00+00:00,143.525,143.555,143.47,143.497,1895.18
2023-12-19 06:10:00+00:00,143.497,143.557,143.477,143.528,1741.71
2023-12-19 06:15:00+00:00,143.527,143.591,143.527,143.57,2092.41
2023-12-19 06:20:00+00:00,143.571,143.578,143.516,143.516,1274.98
2023-12-19 06:25:00+00:00,143.517,143.651,143.494,143.651,2836.5
2023-12-19 06:30:00+00:00,143.651,143.733,143.649,143.684,3358.43
2023-12-19 06:35:00+00:00,143.684,143.685,142.48,143.272,5627.43
2023-12-19 06:40:00+00:00,143.272,143.583,143.164,143.519,3658.83
2023-12-19 06:45:00+00:00,143.518,143.553,143.26,143.418,2387.93
2023-12-19 06:50:00+00:00,143.421,143.588,143.371,143.577,2415.76
2023-12-19 06:55:00+00:00,143.574,143.652,143.523,143.639,2544.25
2023-12-19 07:00:00+00:00,143.637,144.081,143.633,143.963,3620.75
2023-12-19 07:05:00+00:00,143.964,144.024,143.835,143.873,2348.24
2023-12-19 07:10:00+00:00,143.872,143.944,143.837,143.89,1693.8
2023-12-19 07:15:00+00:00,143.888,143.945,143.477,143.644,2967.47
2023-12-19 07:20:00+00:00,143.644,143.785,143.621,143.752,3123.34
2023-12-19 07:25:00+00:00,143.746,143.913,143.701,143.804,2669.35
2023-12-19 07:30:00+00:00,143.802,143.871,143.67,143.827,2019.03
2023-12-19 07:35:00+00:00,143.828,143.889,143.783,143.784,1692.11
2023-12-19 07:40:00+00:00,143.784,143.969,143.777,143.959,1462.18
2023-12-19 07:45:00+00:00,143.959,144.194,143.939,144.192,2654.72
2023-12-19 07:50:00+00:00,144.19,144.265,144.143,144.191,2969.09
2023-12-19 07:55:00+00:00,144.197,144.226,144.122,144.164,2415.7
2023-12-19 08:00:00+00:00,144.163,144.236,144.142,144.165,2414.13
2023-12-19 08:05:00+00:00,144.167,144.337,144.151,144.306,1840.89
2023-12-19 08:10:00+00:00,144.306,144.308,144.222,144.293,1921.75
2023-12-19 08:15:00+00:00,144.293,144.371,144.281,144.343,1588.35
2023-12-19 08:20:00+00:00,144.343,144.378,144.305,144.344,1806.93
2023-12-19 08:25:00+00:00,144.348,144.467,144.323,144.466,2004.23
2023-12-19 08:30:00+00:00,144.466,144.491,144.44,144.47,1448.54
2023-12-19 08:35:00+00:00,144.47,144.666,144.469,144.624,1661.57
2023-12-19 08:40:00+00:00,144.625,144.667,144.589,144.589,1315.42
2023-12-19 08:45:00+00:00,144.59,144.651,144.556,144.573,1824.85
2023-12-19 08:50:00+00:00,144.571,144.65,144.566,144.622,2075.57
2023-12-19 08:55:00+00:00,144.625,144.691,144.587,144.609,1840.9
2023-12-19 09:00:00+00:00,144.607,144.648,144.563,144.614,2184.68
2023-12-19 09:05:00+00:00,144.614,144.638,144.519,144.585,3049.64
2023-12-19 09:10:00+00:00,144.586,144.692,144.582,144.666,1946.09
2023-12-19 09:15:00+00:00,144.665,144.675,144.542,144.583,2364.37
2023-12-19 09:20:00+00:00,144.582,144.586,144.486,144.519,2303.07
2023-12-19 09:25:00+00:00,144.518,144.537,144.436,144.495,4074.13
2023-12-19 09:30:00+00:00,144.492,144.566,144.467,144.5,3180.47
2023-12-19 09:35:00+00:00,144.5,144.514,144.4,144.478,3683.29
2023-12-19 09:40:00+00:00,144.478,144.537,144.463,144.465,2694.03
2023-12-19 09:45:00+00:00,144.467,144.484,144.415,144.484,1818.14
2023-12-19 09:50:00+00:00,144.483,144.547,144.477,144.509,2271.24
2023-12-19 09:55:00+00:00,144.512,144.563,144.51,144.537,2492.21
2023-12-19 10:00:00+00:00,144.535,144.585,144.484,144.563,2867.74
2023-12-19 10:05:00+00:00,144.563,144.579,144.485,144.509,2266.73
2023-12-19 10:10:00+00:00,144.506,144.673,144.498,144.665,2800.83
2023-12-19 10:15:00+00:00,144.664,144.787,144.659,144.769,3348.51
2023-12-19 10:20:00+00:00,144.768,144.773,144.663,144.733,2453.79
2023-12-19 10:25:00+00:00,144.733,144.792,144.719,144.789,2400.07
2023-12-19 10:30:00+00:00,144.789,144.865,144.751,144.841,2176.09
2023-12-19 10:35:00+00:00,144.841,144.89,144.826,144.847,3165.68
2023-12-19 10:40:00+00:00,144.848,144.902,144.841,144.901,1748.48
2023-12-19 10:45:00+00:00,144.901,144.954,144.899,144.909,2763.37
2023-12-19 10:50:00+00:00,144.912,144.939,144.851,144.892,2704.39
2023-12-19 10:55:00+00:00,144.894,144.896,144.836,144.858,2467.25
2023-12-19 11:00:00+00:00,144.858,144.876,144.816,144.87,2325.89
2023-12-19 11:05:00+00:00,144.869,144.937,144.794,144.81,2117.03
2023-12-19 11:10:00+00:00,144.809,144.834,144.732,144.749,1946.66
2023-12-19 11:15:00+00:00,144.752,144.774,144.696,144.752,2137.6
2023-12-19 11:20:00+00:00,144.751,144.792,144.668,144.682,2163.97
2023-12-19 11:25:00+00:00,144.685,144.724,144.66,144.692,2286.78
2023-12-19 11:30:00+00:00,144.692,144.777,144.69,144.745,1695.25
2023-12-19 11:35:00+00:00,144.744,144.765,144.723,144.735,1303.49
2023-12-19 11:40:00+00:00,144.734,144.83,144.723,144.819,1437.63
2023-12-19 11:45:00+00:00,144.819,144.824,144.771,144.804,2368.11
2023-12-19 11:50:00+00:00,144.805,144.806,144.765,144.779,2130.19
2023-12-19 11:55:00+00:00,144.78,144.803,144.728,144.792,2237.86
2023-12-19 12:00:00+00:00,144.792,144.796,144.685,144.694,1924.85
2023-12-19 12:05:00+00:00,144.695,144.695,144.621,144.663,2546.29
2023-12-19 12:10:00+00:00,144.663,144.685,144.6,144.601,2073.66
2023-12-19 12:15:00+00:00,144.601,144.649,144.591,144.597,2231.67
2023-12-19 12:20:00+00:00,144.598,144.598,144.535,144.547,2116.47
2023-12-19 12:25:00+00:00,144.547,144.607,144.539,144.582,1736.61
2023-12-19 12:30:00+00:00,144.582,144.642,144.538,144.629,2408.17
2023-12-19 12:35:00+00:00,144.63,144.658,144.61,144.612,2438.68
2023-12-19 12:40:00+00:00,144.612,144.62,144.551,144.57,1917.32
2023-12-19 12:45:00+00:00,144.571,144.614,144.481,144.487,2460.44
2023-12-19 12:50:00+00:00,144.486,144.491,144.34,144.352,3372.45
2023-12-19 12:55:00+00:00,144.353,144.398,144.231,144.314,4612.53
2023-12-19 13:00:00+00:00,144.313,144.323,144.157,144.172,5235.1
2023-12-19 13:05:00+00:00,144.173,144.327,144.168,144.314,2957.82
2023-12-19 13:10:00+00:00,144.313,144.385,144.284,144.337,2784.21
2023-12-19 13:15:00+00:00,144.337,144.343,144.217,144.235,3388.41
2023-12-19 13:20:00+00:00,144.235,144.303,144.201,144.25,4853.9
2023-12-19 13:25:00+00:00,144.25,144.29,144.218,144.285,2745.75
2023-12-19 13:30:00+00:00,144.283,144.441,144.253,144.418,5218.98
2023-12-19 13:35:00+00:00,144.42,144.438,144.297,144.317,3523.23
2023-12-19 13:40:00+00:00,144.316,144.465,144.314,144.404,3674.32
2023-12-19 13:45:00+00:00,144.402,144.425,144.261,144.295,3811.73
2023-12-19 13:50:00+00:00,144.293,144.318,144.218,144.274,3399.14
2023-12-19 13:55:00+00:00,144.274,144.305,144.216,144.286,4098.01
2023-12-19 14:00:00+00:00,144.287,144.403,144.217,144.234,4261.88
2023-12-19 14:05:00+00:00,144.234,144.369,144.234,144.351,3925.9
2023-12-19 14:10:00+00:00,144.351,144.434,144.303,144.431,2878.44
2023-12-19 14:15:00+00:00,144.431,144.431,144.306,144.345,3437.58
2023-12-19 14:20:00+00:00,144.344,144.387,144.298,144.387,3216.19
2023-12-19 14:25:00+00:00,144.387,144.4,144.275,144.337,2994.28
2023-12-19 14:30:00+00:00,144.338,144.396,144.305,144.328,3736.49
2023-12-19 14:35:00+00:00,144.328,144.357,144.268,144.308,4252.48
2023-12-19 14:40:00+00:00,144.308,144.32,144.238,144.276,4013.46
2023-12-19 14:45:00+00:00,144.275,144.277,144.154,144.223,5475.62
2023-12-19 14:50:00+00:00,144.226,144.226,143.972,143.973,5360.21
2023-12-19 14:55:00+00:00,143.97,144.088,143.97,144.048,4321.23
2023-12-19 15:00:00+00:00,144.048,144.078,143.844,143.884,6431.08
2023-12-19 15:05:00+00:00,143.885,143.944,143.865,143.931,5430.18
2023-12-19 15:10:00+00:00,143.933,143.94,143.818,143.894,4995.21
2023-12-19 15:15:00+00:00,143.894,143.927,143.816,143.843,3746.82
2023-12-19 15:20:00+00:00,143.845,143.848,143.758,143.809,3972.05
2023-12-19 15:25:00+00:00,143.809,143.867,143.703,143.746,6044.17
2023-12-19 15:30:00+00:00,143.747,143.763,143.686,143.758,4208.7
2023-12-19 15:35:00+00:00,143.757,143.808,143.714,143.802,3364.64
2023-12-19 15:40:00+00:00,143.801,143.916,143.781,143.868,3737.2
2023-12-19 15:45:00+00:00,143.865,143.877,143.787,143.793,3278.59
2023-12-19 15:50:00+00:00,143.793,143.904,143.781,143.803,3176.95
2023-12-19 15:55:00+00:00,143.806,143.85,143.796,143.804,3223.32
2023-12-19 16:00:00+00:00,143.804,143.865,143.803,143.832,3954.56
2023-12-19 16:05:00+00:00,143.832,143.862,143.783,143.804,3293.69
2023-12-19 16:10:00+00:00,143.802,143.816,143.76,143.77,3556.92
2023-12-19 16:15:00+00:00,143.769,143.787,143.7,143.709,3454.39
2023-12-19 16:20:00+00:00,143.707,143.718,143.596,143.64,3353.51
2023-12-19 16:25:00+00:00,143.635,143.694,143.631,143.662,3130.97
2023-12-19 16:30:00+00:00,143.663,143.674,143.572,143.659,3787.06
2023-12-19 16:35:00+00:00,143.658,143.66,143.529,143.572,3276.1
2023-12-19 16:40:00+00:00,143.572,143.657,143.561,143.622,3586.77
2023-12-19 16:45:00+00:00,143.622,143.706,143.616,143.66,2333.36
2023-12-19 16:50:00+00:00,143.662,143.732,143.657,143.712,2580.04
2023-12-19 16:55:00+00:00,143.712,143.712,143.564,143.619,2623.77
2023-12-19 17:00:00+00:00,143.618,143.67,143.609,143.661,2021.53
2023-12-19 17:05:00+00:00,143.657,143.691,143.641,143.661,2398.02
2023-12-19 17:10:00+00:00,143.661,143.686,143.641,143.686,1409.07
2023-12-19 17:15:00+00:00,143.686,143.709,143.644,143.685,2288.84
2023-12-19 17:20:00+00:00,143.684,143.732,143.679,143.702,1915.05
2023-12-19 17:25:00+00:00,143.702,143.764,143.699,143.756,1717.1
2023-12-19 17:30:00+00:00,143.755,143.756,143.702,143.704,1642.54
2023-12-19 17:35:00+00:00,143.704,143.728,143.703,143.727,1377.21
2023-12-19 17:40:00+00:00,143.727,143.784,143.712,143.767,1352.75
2023-12-19 17:45:00+00:00,143.766,143.815,143.763,143.797,1340.42
2023-12-19 17:50:00+00:00,143.798,143.846,143.798,143.839,1462.53
2023-12-19 17:55:00+00:00,143.839,143.858,143.828,143.83,1028.82
2023-12-19 18:00:00+00:00,143.832,143.835,143.776,143.793,2217.64
2023-12-19 18:05:00+00:00,143.792,143.824,143.778,143.824,1972.69
2023-12-19 18:10:00+00:00,143.82,143.855,143.795,143.821,2760.82
2023-12-19 18:15:00+00:00,143.82,143.885,143.812,143.878,1892.69
2023-12-19 18:20:00+00:00,143.878,143.886,143.858,143.865,1792.6
2023-12-19 18:25:00+00:00,143.866,143.868,143.828,143.865,1849.48
2023-12-19 18:30:00+00:00,143.865,143.879,143.835,143.838,1716.78
2023-12-19 18:35:00+00:00,143.838,143.851,143.798,143.806,1128.63
2023-12-19 18:40:00+00:00,143.806,143.844,143.805,143.844,602.39
2023-12-19 18:45:00+00:00,143.848,143.897,143.847,143.867,1276.82
2023-12-19 18:50:00+00:00,143.867,143.867,143.806,143.807,1581.68
2023-12-19 18:55:00+00:00,143.807,143.854,143.807,143.844,1725.0
2023-12-19 19:00:00+00:00,143.843,143.845,143.761,143.764,2383.43
2023-12-19 19:05:00+00:00,143.771,143.813,143.771,143.792,1518.94
2023-12-19 19:10:00+00:00,143.792,143.833,143.785,143.822,1680.45
2023-12-19 19:15:00+00:00,143.82,143.861,143.82,143.848,1670.12
2023-12-19 19:20:00+00:00,143.848,143.858,143.832,143.851,1475.16
2023-12-19 19:25:00+00:00,143.85,143.857,143.825,143.855,1223.75
2023-12-19 19:30:00+00:00,143.857,143.895,143.844,143.894,1183.45
2023-12-19 19:35:00+00:00,143.895,143.91,143.886,143.894,902.8
2023-12-19 19:40:00+00:00,143.895,143.92,143.889,143.912,973.0
2023-12-19 19:45:00+00:00,143.912,143.923,143.891,143.899,680.95
2023-12-19 19:50:00+00:00,143.897,143.9,143.859,143.861,392.9
2023-12-19 19:55:00+00:00,143.862,143.922,143.862,143.908,447.57
2023-12-19 20:00:00+00:00,143.905,143.909,143.887,143.901,399.13
2023-12-19 20:05:00+00:00,143.9,143.966,143.899,143.953,436.38
2023-12-19 20:10:00+00:00,143.953,143.955,143.897,143.899,680.72
2023-12-19 20:15:00+00:00,143.896,143.927,143.879,143.905,868.85
2023-12-19 20:20:00+00:00,143.904,143.93,143.892,143.929,523.9
2023-12-19 20:25:00+00:00,143.93,143.952,143.919,143.926,633.09
2023-12-19 20:30:00+00:00,143.927,143.94,143.906,143.908,849.22
2023-12-19 20:35:00+00:00,143.909,143.944,143.909,143.935,499.48
2023-12-19 20:40:00+00:00,143.935,143.951,143.919,143.93,859.04
2023-12-19 20:45:00+00:00,143.93,143.944,143.896,143.898,1000.7
2023-12-19 20:50:00+00:00,143.897,143.905,143.875,143.896,653.58
2023-12-19 20:55:00+00:00,143.896,143.896,143.883,143.884,1164.63
2023-12-19 21:00:00+00:00,143.883,143.902,143.877,143.883,523.14
2023-12-19 21:05:00+00:00,143.883,143.906,143.877,143.906,314.9
2023-12-19 21:10:00+00:00,143.907,143.918,143.899,143.899,314.25
2023-12-19 21:15:00+00:00,143.9,143.907,143.896,143.898,321.69
2023-12-19 21:20:00+00:00,143.899,143.92,143.884,143.888,424.31
2023-12-19 21:25:00+00:00,143.888,143.889,143.85,143.857,413.82
2023-12-19 21:30:00+00:00,143.857,143.868,143.848,143.854,511.94
2023-12-19 21:35:00+00:00,143.853,143.854,143.849,143.85,44.32
2023-12-19 21:40:00+00:00,143.851,143.861,143.851,143.858,131.34
2023-12-19 21:45:00+00:00,143.857,143.86,143.842,143.844,445.0
2023-12-19 21:50:00+00:00,143.846,143.859,143.839,143.841,596.49
2023-12-19 21:55:00+00:00,143.842,143.846,143.827,143.827,563.68
2023-12-19 22:00:00+00:00,143.82,143.822,143.759,143.759,6.95
2023-12-19 22:05:00+00:00,143.759,143.819,143.737,143.804,281.22
2023-12-19 22:10:00+00:00,143.803,143.818,143.763,143.798,336.5
2023-12-19 22:15:00+00:00,143.8,143.812,143.774,143.801,151.48
2023-12-19 22:20:00+00:00,143.804,143.806,143.78,143.801,114.59
2023-12-19 22:25:00+00:00,143.801,143.823,143.801,143.808,129.6
2023-12-19 22:30:00+00:00,143.809,143.84,143.809,143.831,286.75
2023-12-19 22:35:00+00:00,143.836,143.856,143.816,143.832,382.46
2023-12-19 22:40:00+00:00,143.83,143.848,143.824,143.828,211.92
2023-12-19 22:45:00+00:00,143.829,143.864,143.828,143.864,131.7
2023-12-19 22:50:00+00:00,143.857,143.86,143.849,143.857,53.4
2023-12-19 22:55:00+00:00,143.857,143.864,143.854,143.857,136.8
2023-12-19 23:00:00+00:00,143.857,143.87,143.849,143.87,258.06
2023-12-19 23:05:00+00:00,143.872,143.877,143.851,143.863,374.25
2023-12-19 23:10:00+00:00,143.866,143.866,143.852,143.858,296.27
2023-12-19 23:15:00+00:00,143.855,143.872,143.85,143.856,541.41
2023-12-19 23:20:00+00:00,143.855,143.857,143.851,143.855,94.2
2023-12-19 23:25:00+00:00,143.854,143.932,143.852,143.932,579.41
2023-12-19 23:30:00+00:00,143.931,143.938,143.898,143.926,799.57
2023-12-19 23:35:00+00:00,143.925,143.963,143.919,143.951,610.59
2023-12-19 23:40:00+00:00,143.95,143.95,143.908,143.936,324.15
2023-12-19 23:45:00+00:00,143.936,143.961,143.907,143.907,328.8
2023-12-19 23:50:00+00:00,143.908,143.942,143.864,143.877,389.2
2023-12-19 23:55:00+00:00,143.875,143.92,143.872,143.919,402.2
2023-12-20 00:00:00+00:00,143.925,144.072,143.885,144.05,2029.36
2023-12-20 00:05:00+00:00,144.051,144.068,143.99,144.041,2565.73
2023-12-20 00:10:00+00:00,144.041,144.067,143.991,144.027,2452.6
2023-12-20 00:15:00+00:00,144.029,144.095,143.999,144.061,2747.33
2023-12-20 00:20:00+00:00,144.06,144.083,143.992,144.029,2668.72
2023-12-20 00:25:00+00:00,144.03,144.069,144.01,144.018,2322.07
2023-12-20 00:30:00+00:00,144.019,144.053,144.016,144.04,1867.71
2023-12-20 00:35:00+00:00,144.04,144.041,143.995,143.999,1670.21
2023-12-20 00:40:00+00:00,143.999,144.035,143.967,144.0,2018.0
2023-12-20 00:45:00+00:00,143.999,144.01,143.97,143.971,1875.23
2023-12-20 00:50:00+00:00,143.971,143.971,143.816,143.962,4761.31
2023-12-20 00:55:00+00:00,143.962,143.965,143.808,143.84,3739.87
2023-12-20 01:00:00+00:00,143.841,143.86,143.718,143.784,3922.28
2023-12-20 01:05:00+00:00,143.784,143.831,143.73,143.826,3343.54
2023-12-20 01:10:00+00:00,143.826,143.826,143.747,143.778,2173.47
2023-12-20 01:15:00+00:00,143.781,143.831,143.78,143.813,1737.01
2023-12-20 01:20:00+00:00,143.812,143.86,143.771,143.839,2482.06
2023-12-20 01:25:00+00:00,143.839,143.934,143.799,143.905,2670.21
2023-12-20 01:30:00+00:00,143.906,143.95,143.872,143.914,2866.76
2023-12-20 01:35:00+00:00,143.915,143.961,143.904,143.922,2249.12
2023-12-20 01:40:00+00:00,143.922,143.943,143.871,143.899,1419.34
2023-12-20 01:45:00+00:00,143.899,143.94,143.893,143.921,1585.33
2023-12-20 01:50:00+00:00,143.921,143.93,143.811,143.813,2168.48
2023-12-20 01:55:00+00:00,143.813,143.855,143.761,143.839,2856.51
2023-12-20 02:00:00+00:00,143.839,143.932,143.829,143.93,2437.98
2023-12-20 02:05:00+00:00,143.93,144.003,143.925,143.985,2551.35
2023-12-20 02:10:00+00:00,143.986,143.989,143.93,143.989,1855.46
2023-12-20 02:15:00+00:00,143.989,144.005,143.956,143.956,1441.48
2023-12-20 02:20:00+00:00,143.955,144.006,143.946,143.975,1483.73
2023-12-20 02:25:00+00:00,143.969,143.969,143.891,143.916,1506.25
2023-12-20 02:30:00+00:00,143.917,143.945,143.87,143.885,1148.51
2023-12-20 02:35:00+00:00,143.886,143.888,143.85,143.88,1549.96
2023-12-20 02:40:00+00:00,143.88,143.894,143.842,143.864,1400.18
2023-12-20 02:45:00+00:00,143.863,143.863,143.829,143.841,975.33
2023-12-20 02:50:00+00:00,143.841,143.855,143.791,143.845,1448.45
2023-12-20 02:55:00+00:00,143.845,143.964,143.843,143.929,1655.08
2023-12-20 03:00:00+00:00,143.927,143.928,143.874,143.913,1919.25
2023-12-20 03:05:00+00:00,143.913,143.955,143.892,143.937,1494.66
2023-12-20 03:10:00+00:00,143.937,143.94,143.892,143.934,1459.55
2023-12-20 03:15:00+00:00,143.933,143.947,143.916,143.916,1468.82
2023-12-20 03:20:00+00:00,143.917,143.923,143.868,143.89,1417.33
2023-12-20 03:25:00+00:00,143.89,143.896,143.851,143.854,1011.33
2023-12-20 03:30:00+00:00,143.855,143.873,143.772,143.843,1801.82
2023-12-20 03:35:00+00:00,143.844,143.852,143.763,143.763,1219.58
2023-12-20 03:40:00+00:00,143.764,143.765,143.682,143.689,2081.82
2023-12-20 03:45:00+00:00,143.69,143.765,143.689,143.762,1743.16
2023-12-20 03:50:00+00:00,143.761,143.779,143.636,143.649,1392.4
2023-12-20 03:55:00+00:00,143.649,143.712,143.64,143.692,1640.4
2023-12-20 04:00:00+00:00,143.692,143.721,143.616,143.666,1845.8
2023-12-20 04:05:00+00:00,143.666,143.674,143.62,143.669,1640.89
2023-12-20 04:10:00+00:00,143.669,143.711,143.573,143.577,2035.13
2023-12-20 04:15:00+00:00,143.576,143.637,143.576,143.592,1856.62
2023-12-20 04:20:00+00:00,143.598,143.639,143.586,143.627,1244.39
2023-12-20 04:25:00+00:00,143.627,143.63,143.464,143.511,2303.69
2023-12-20 04:30:00+00:00,143.512,143.559,143.487,143.557,1814.09
2023-12-20 04:35:00+00:00,143.558,143.56,143.515,143.516,1192.68
2023-12-20 04:40:00+00:00,143.517,143.536,143.42,143.461,2825.8
2023-12-20 04:45:00+00:00,143.462,143.482,143.42,143.463,1697.64
2023-12-20 04:50:00+00:00,143.463,143.467,143.365,143.412,2280.11
2023-12-20 04:55:00+00:00,143.413,143.493,143.367,143.468,2326.48
2023-12-20 05:00:00+00:00,143.468,143.507,143.412,143.428,2097.67
2023-12-20 05:05:00+00:00,143.428,143.512,143.428,143.511,1590.98
2023-12-20 05:10:00+00:00,143.511,143.545,143.48,143.509,1597.03
2023-12-20 05:15:00+00:00,143.515,143.565,143.503,143.529,1448.85
2023-12-20 05:20:00+00:00,143.529,143.577,143.504,143.557,1302.1
2023-12-20 05:25:00+00:00,143.558,143.635,143.553,143.61,1531.0
2023-12-20 05:30:00+00:00,143.608,143.664,143.579,143.651,1883.25
2023-12-20 05:35:00+00:00,143.651,143.693,143.649,143.674,1429.21
2023-12-20 05:40:00+00:00,143.675,143.675,143.635,143.663,1043.51
2023-12-20 05:45:00+00:00,143.663,143.705,143.638,143.642,1240.88
2023-12-20 05:50:00+00:00,143.642,143.699,143.633,143.645,2030.87
2023-12-20 05:55:00+00:00,143.645,143.653,143.579,143.587,1390.15
2023-12-20 06:00:00+00:00,143.587,143.637,143.548,143.629,2167.79
2023-12-20 06:05:00+00:00,143.629,143.656,143.621,143.648,1271.61
2023-12-20 06:10:00+00:00,143.649,143.748,143.638,143.725,1446.59
2023-12-20 06:15:00+00:00,143.725,143.765,143.716,143.736,1842.66
2023-12-20 06:20:00+00:00,143.735,143.759,143.719,143.733,1679.88
2023-12-20 06:25:00+00:00,143.735,143.74,143.638,143.65,1717.62
2023-12-20 06:30:00+00:00,143.651,143.719,143.628,143.664,2120.1
2023-12-20 06:35:00+00:00,143.667,143.728,143.66,143.714,1240.94
2023-12-20 06:40:00+00:00,143.716,143.742,143.677,143.685,1369.98
2023-12-20 06:45:00+00:00,143.685,143.736,143.685,143.69,2283.17
2023-12-20 06:50:00+00:00,143.688,143.729,143.654,143.696,2180.73
2023-12-20 06:55:00+00:00,143.694,143.717,143.639,143.697,1885.04
2023-12-20 07:00:00+00:00,143.694,143.716,143.528,143.632,4626.0
2023-12-20 07:05:00+00:00,143.631,143.631,143.492,143.563,4147.21
2023-12-20 07:10:00+00:00,143.562,143.6,143.47,143.492,4467.24
2023-12-20 07:15:00+00:00,143.493,143.564,143.481,143.532,3912.33
2023-12-20 07:20:00+00:00,143.532,143.557,143.438,143.456,3667.05
2023-12-20 07:25:00+00:00,143.456,143.458,143.357,143.426,4310.78
2023-12-20 07:30:00+00:00,143.427,143.429,143.319,143.355,3979.35
2023-12-20 07:35:00+00:00,143.356,143.394,143.305,143.354,3951.1
2023-12-20 07:40:00+00:00,143.355,143.412,143.312,143.408,3277.96
2023-12-20 07:45:00+00:00,143.408,143.455,143.397,143.454,2908.17
2023-12-20 07:50:00+00:00,143.454,143.455,143.348,143.425,3366.11
2023-12-20 07:55:00+00:00,143.425,143.567,143.425,143.541,4447.33
2023-12-20 08:00:00+00:00,143.543,143.645,143.542,143.603,5623.54
2023-12-20 08:05:00+00:00,143.607,143.635,143.546,143.583,3213.57
2023-12-20 08:10:00+00:00,143.584,143.622,143.567,143.595,3366.74
2023-12-20 08:15:00+00:00,143.597,143.611,143.526,143.547,3081.41
2023-12-20 08:20:00+00:00,143.548,143.58,143.46,143.468,2891.73
2023-12-20 08:25:00+00:00,143.468,143.528,143.438,143.472,3506.52
2023-12-20 08:30:00+00:00,143.472,143.554,143.468,143.478,3088.28
2023-12-20 08:35:00+00:00,143.478,143.543,143.464,143.509,3332.62
2023-12-20 08:40:00+00:00,143.509,143.59,143.508,143.574,3885.93
2023-12-20 08:45:00+00:00,143.574,143.603,143.548,143.581,3205.14
2023-12-20 08:50:00+00:00,143.581,143.596,143.477,143.569,3652.69
2023-12-20 08:55:00+00:00,143.57,143.594,143.528,143.561,3166.85
2023-12-20 09:00:00+00:00,143.561,143.561,143.453,143.5,4218.58
2023-12-20 09:05:00+00:00,143.5,143.522,143.426,143.445,3328.1
2023-12-20 09:10:00+00:00,143.445,143.454,143.38,143.385,3042.77
2023-12-20 09:15:00+00:00,143.385,143.404,143.356,143.388,3232.14
2023-12-20 09:20:00+00:00,143.388,143.434,143.371,143.41,2605.67
2023-12-20 09:25:00+00:00,143.412,143.445,143.369,143.428,2729.96
2023-12-20 09:30:00+00:00,143.427,143.44,143.397,143.412,2330.25
2023-12-20 09:35:00+00:00,143.412,143.46,143.402,143.44,2393.01
2023-12-20 09:40:00+00:00,143.44,143.456,143.388,143.428,2753.41
2023-12-20 09:45:00+00:00,143.428,143.467,143.418,143.43,2437.23
2023-12-20 09:50:00+00:00,143.429,143.437,143.341,143.36,2755.03
2023-12-20 09:55:00+00:00,143.36,143.438,143.348,143.412,2761.33
2023-12-20 10:00:00+00:00,143.414,143.452,143.369,143.401,2600.59
2023-12-20 10:05:00+00:00,143.4,143.401,143.357,143.381,1796.86
2023-12-20 10:10:00+00:00,143.38,143.42,143.378,143.419,2031.94
2023-12-20 10:15:00+00:00,143.421,143.472,143.413,143.453,2118.3
2023-12-20 10:20:00+00:00,143.453,143.492,143.449,143.468,2326.65
2023-12-20 10:25:00+00:00,143.469,143.476,143.44,143.461,2028.77
2023-12-20 10:30:00+00:00,143.462,143.464,143.428,143.449,2295.65
2023-12-20 10:35:00+00:00,143.451,143.454,143.421,143.454,2007.78
2023-12-20 10:40:00+00:00,143.454,143.459,143.423,143.443,2333.66
2023-12-20 10:45:00+00:00,143.441,143.451,143.408,143.409,2291.24
2023-12-20 10:50:00+00:00,143.409,143.411,143.296,143.31,2577.86
2023-12-20 10:55:00+00:00,143.309,143.355,143.309,143.348,3318.6
2023-12-20 11:00:00+00:00,143.348,143.349,143.3,143.303,2347.76
2023-12-20 11:05:00+00:00,143.304,143.357,143.26,143.351,1952.88
2023-12-20 11:10:00+00:00,143.352,143.396,143.333,143.373,2114.98
2023-12-20 11:15:00+00:00,143.375,143.417,143.359,143.412,2137.92
2023-12-20 11:20:00+00:00,143.414,143.471,143.409,143.444,1932.59
2023-12-20 11:25:00+00:00,143.448,143.457,143.378,143.391,2311.85
2023-12-20 11:30:00+00:00,143.391,143.43,143.382,143.41,2104.7
2023-12-20 11:35:00+00:00,143.411,143.427,143.348,143.359,2059.83
2023-12-20 11:40:00+00:00,143.358,143.395,143.35,143.392,2098.13
2023-12-20 11:45:00+00:00,143.392,143.396,143.343,143.362,2095.16
2023-12-20 11:50:00+00:00,143.363,143.364,143.316,143.344,2213.36
2023-12-20 11:55:00+00:00,143.344,143.394,143.34,143.369,2195.29
2023-12-20 12:00:00+00:00,143.368,143.418,143.368,143.402,2778.67
2023-12-20 12:05:00+00:00,143.404,143.418,143.389,143.413,2101.98
2023-12-20 12:10:00+00:00,143.413,143.538,143.396,143.517,2976.41
2023-12-20 12:15:00+00:00,143.518,143.537,143.444,143.466,2500.69
2023-12-20 12:20:00+00:00,143.466,143.497,143.46,143.483,2480.87
2023-12-20 12:25:00+00:00,143.482,143.569,143.48,143.557,2133.67
2023-12-20 12:30:00+00:00,143.555,143.607,143.545,143.603,1644.01
2023-12-20 12:35:00+00:00,143.604,143.632,143.552,143.554,2132.05
2023-12-20 12:40:00+00:00,143.554,143.63,143.546,143.628,2675.67
2023-12-20 12:45:00+00:00,143.628,143.636,143.542,143.542,2766.65
2023-12-20 12:50:00+00:00,143.54,143.558,143.511,143.514,2817.41
2023-12-20 12:55:00+00:00,143.516,143.57,143.5,143.567,3109.27
2023-12-20 13:00:00+00:00,143.567,143.59,143.53,143.586,2834.2
2023-12-20 13:05:00+00:00,143.586,143.59,143.544,143.561,2125.35
2023-12-20 13:10:00+00:00,143.556,143.572,143.523,143.525,2431.23
2023-12-20 13:15:00+00:00,143.524,143.574,143.51,143.554,2012.35
2023-12-20 13:20:00+00:00,143.552,143.552,143.498,143.514,2629.52
2023-12-20 13:25:00+00:00,143.515,143.554,143.499,143.543,2392.4
2023-12-20 13:30:00+00:00,143.541,143.546,143.438,143.47,2894.27
2023-12-20 13:35:00+00:00,143.471,143.528,143.459,143.509,2702.92
2023-12-20 13:40:00+00:00,143.508,143.51,143.404,143.404,2099.4
2023-12-20 13:45:00+00:00,143.403,143.415,143.372,143.394,2918.15
2023-12-20 13:50:00+00:00,143.396,143.401,143.315,143.351,2655.16
2023-12-20 13:55:00+00:00,143.35,143.365,143.334,143.344,3019.62
2023-12-20 14:00:00+00:00,143.345,143.443,143.344,143.429,2977.7
2023-12-20 14:05:00+00:00,143.427,143.475,143.411,143.438,3000.55
2023-12-20 14:10:00+00:00,143.437,143.438,143.304,143.322,2252.15
2023-12-20 14:15:00+00:00,143.32,143.399,143.31,143.388,2564.68
2023-12-20 14:20:00+00:00,143.385,143.444,143.375,143.431,2317.94
2023-12-20 14:25:00+00:00,143.43,143.44,143.339,143.373,2515.95
2023-12-20 14:30:00+00:00,143.372,143.428,143.343,143.414,2905.38
2023-12-20 14:35:00+00:00,143.414,143.461,143.399,143.46,2725.71
2023-12-20 14:40:00+00:00,143.461,143.464,143.392,143.411,2891.82
2023-12-20 14:45:00+00:00,143.413,143.431,143.368,143.403,2776.38
2023-12-20 14:50:00+00:00,143.403,143.424,143.37,143.383,2339.35
2023-12-20 14:55:00+00:00,143.383,143.406,143.336,143.336,2492.44
2023-12-20 15:00:00+00:00,143.336,143.523,143.325,143.515,4785.33
2023-12-20 15:05:00+00:00,143.515,143.54,143.411,143.422,2958.25
2023-12-20 15:10:00+00:00,143.419,143.519,143.4,143.497,3037.52
2023-12-20 15:15:00+00:00,143.498,143.553,143.476,143.508,3464.61
2023-12-20 15:20:00+00:00,143.507,143.596,143.507,143.594,3106.99
2023-12-20 15:25:00+00:00,143.593,143.655,143.573,143.609,3657.74
2023-12-20 15:30:00+00:00,143.608,143.614,143.543,143.552,3753.88
2023-12-20 15:35:00+00:00,143.552,143.553,143.504,143.541,2985.75
2023-12-20 15:40:00+00:00,143.541,143.6,143.531,143.581,3403.36
2023-12-20 15:45:00+00:00,143.581,143.67,143.58,143.654,3109.81
2023-12-20 15:50:00+00:00,143.655,143.683,143.613,143.631,2446.94
2023-12-20 15:55:00+00:00,143.636,143.713,143.625,143.68,3385.35
2023-12-20 16:00:00+00:00,143.684,143.717,143.664,143.697,3450.61
2023-12-20 16:05:00+00:00,143.695,143.736,143.658,143.693,3406.85
2023-12-20 16:10:00+00:00,143.692,143.722,143.665,143.69,2692.83
2023-12-20 16:15:00+00:00,143.69,143.721,143.675,143.714,2675.85
2023-12-20 16:20:00+00:00,143.714,143.77,143.704,143.76,2565.54
2023-12-20 16:25:00+00:00,143.758,143.773,143.743,143.746,2652.81
2023-12-20 16:30:00+00:00,143.746,143.786,143.74,143.784,2459.8
2023-12-20 16:35:00+00:00,143.782,143.844,143.756,143.761,2850.48
2023-12-20 16:40:00+00:00,143.762,143.762,143.701,143.706,2541.94
2023-12-20 16:45:00+00:00,143.706,143.734,143.697,143.731,2729.7
2023-12-20 16:50:00+00:00,143.732,143.78,143.729,143.777,2341.85
2023-12-20 16:55:00+00:00,143.776,143.778,143.741,143.769,2275.99
2023-12-20 17:00:00+00:00,143.768,143.825,143.746,143.748,2107.26
2023-12-20 17:05:00+00:00,143.749,143.812,143.737,143.798,1639.87
2023-12-20 17:10:00+00:00,143.798,143.827,143.796,143.813,1536.04
2023-12-20 17:15:00+00:00,143.811,143.864,143.811,143.845,2590.11
2023-12-20 17:20:00+00:00,143.846,143.895,143.831,143.883,2213.7
2023-12-20 17:25:00+00:00,143.884,143.886,143.851,143.863,1622.22
2023-12-20 17:30:00+00:00,143.863,143.874,143.835,143.874,1534.54
2023-12-20 17:35:00+00:00,143.873,143.907,143.859,143.897,1646.86
2023-12-20 17:40:00+00:00,143.899,143.938,143.883,143.895,1527.89
2023-12-20 17:45:00+00:00,143.895,143.896,143.833,143.855,2248.03
2023-12-20 17:50:00+00:00,143.855,143.891,143.834,143.889,2233.54
2023-12-20 17:55:00+00:00,143.888,143.892,143.826,143.891,2683.09
2023-12-20 18:00:00+00:00,143.892,143.918,143.85,143.855,3089.64
2023-12-20 18:05:00+00:00,143.856,143.895,143.856,143.886,1952.34
2023-12-20 18:10:00+00:00,143.885,143.905,143.875,143.894,1892.6
2023-12-20 18:15:00+00:00,143.895,143.895,143.849,143.857,1081.95
2023-12-20 18:20:00+00:00,143.858,143.877,143.835,143.847,817.2
2023-12-20 18:25:00+00:00,143.848,143.88,143.842,143.86,531.15
2023-12-20 18:30:00+00:00,143.86,143.861,143.776,143.79,1071.52
2023-12-20 18:35:00+00:00,143.791,143.806,143.761,143.764,1049.03
2023-12-20 18:40:00+00:00,143.763,143.84,143.762,143.84,830.19
2023-12-20 18:45:00+00:00,143.838,143.848,143.805,143.811,817.35
2023-12-20 18:50:00+00:00,143.807,143.838,143.798,143.817,865.39
2023-12-20 18:55:00+00:00,143.823,143.827,143.798,143.817,764.7
2023-12-20 19:00:00+00:00,143.817,143.82,143.8,143.809,424.59
2023-12-20 19:05:00+00:00,143.81,143.822,143.778,143.815,450.31
2023-12-20 19:10:00+00:00,143.815,143.817,143.779,143.789,477.39
2023-12-20 19:15:00+00:00,143.789,143.807,143.785,143.787,352.64
2023-12-20 19:20:00+00:00,143.786,143.797,143.779,143.789,479.55
2023-12-20 19:25:00+00:00,143.787,143.826,143.776,143.821,546.76
2023-12-20 19:30:00+00:00,143.823,143.826,143.805,143.817,1460.24
2023-12-20 19:35:00+00:00,143.816,143.865,143.815,143.858,444.1
2023-12-20 19:40:00+00:00,143.857,143.903,143.857,143.9,467.96
2023-12-20 19:45:00+00:00,143.902,143.906,143.878,143.879,678.56
2023-12-20 19:50:00+00:00,143.878,143.899,143.858,143.864,1816.93
2023-12-20 19:55:00+00:00,143.865,143.871,143.801,143.801,1570.23
2023-12-20 20:00:00+00:00,143.802,143.848,143.8,143.82,1046.92
2023-12-20 20:05:00+00:00,143.821,143.871,143.814,143.815,1173.32
2023-12-20 20:10:00+00:00,143.814,143.814,143.717,143.722,2028.67
2023-12-20 20:15:00+00:00,143.723,143.742,143.702,143.704,1410.29
2023-12-20 20:20:00+00:00,143.702,143.712,143.688,143.692,1679.2
2023-12-20 20:25:00+00:00,143.692,143.693,143.534,143.542,2419.08
2023-12-20 20:30:00+00:00,143.54,143.616,143.537,143.602,1328.92
2023-12-20 20:35:00+00:00,143.603,143.631,143.563,143.624,1886.11
2023-12-20 20:40:00+00:00,143.625,143.664,143.602,143.609,1121.24
2023-12-20 20:45:00+00:00,143.608,143.663,143.601,143.654,1134.43
2023-12-20 20:50:00+00:00,143.654,143.685,143.632,143.674,1865.44
2023-12-20 20:55:00+00:00,143.675,143.751,143.675,143.747,2467.56
2023-12-20 21:00:00+00:00,143.749,143.763,143.606,143.683,1086.71
2023-12-20 21:05:00+00:00,143.683,143.697,143.655,143.664,500.38
2023-12-20 21:10:00+00:00,143.663,143.67,143.617,143.639,605.35
2023-12-20 21:15:00+00:00,143.638,143.658,143.629,143.63,467.9
2023-12-20 21:20:00+00:00,143.631,143.64,143.58,143.611,338.79
2023-12-20 21:25:00+00:00,143.611,143.623,143.597,143.623,397.2
2023-12-20 21:30:00+00:00,143.623,143.64,143.618,143.62,547.96
2023-12-20 21:35:00+00:00,143.62,143.632,143.596,143.606,676.84
2023-12-20 21:40:00+00:00,143.608,143.617,143.566,143.569,656.78
2023-12-20 21:45:00+00:00,143.568,143.578,143.56,143.568,862.74
2023-12-20 21:50:00+00:00,143.565,143.575,143.557,143.574,744.0
2023-12-20 21:55:00+00:00,143.573,143.576,143.554,143.559,705.27
2023-12-20 22:00:00+00:00,143.555,143.555,143.438,143.438,28.14
2023-12-20 22:05:00+00:00,143.433,143.54,143.428,143.519,47.1
2023-12-20 22:10:00+00:00,143.519,143.543,143.423,143.431,164.55
2023-12-20 22:15:00+00:00,143.431,143.432,143.431,143.432,5.78
2023-12-20 22:20:00+00:00,143.432,143.454,143.432,143.454,42.3
2023-12-20 22:25:00+00:00,143.454,143.454,143.432,143.432,46.7
2023-12-20 22:30:00+00:00,143.435,143.481,143.435,143.467,102.3
2023-12-20 22:35:00+00:00,143.465,143.467,143.399,143.418,220.96
2023-12-20 22:40:00+00:00,143.417,143.434,143.409,143.419,290.25
2023-12-20 22:45:00+00:00,143.426,143.45,143.419,143.438,380.87
2023-12-20 22:50:00+00:00,143.438,143.454,143.43,143.446,418.53
2023-12-20 22:55:00+00:00,143.433,143.452,143.426,143.428,360.87
2023-12-20 23:00:00+00:00,143.428,143.451,143.41,143.437,747.53
2023-12-20 23:05:00+00:00,143.437,143.447,143.398,143.437,456.75
2023-12-20 23:10:00+00:00,143.439,143.459,143.405,143.443,1334.84
2023-12-20 23:15:00+00:00,143.44,143.467,143.414,143.442,1463.35
2023-12-20 23:20:00+00:00,143.443,143.469,143.419,143.459,939.65
2023-12-20 23:25:00+00:00,143.46,143.479,143.45,143.476,863.74
2023-12-20 23:30:00+00:00,143.475,143.532,143.472,143.505,1870.04
2023-12-20 23:35:00+00:00,143.503,143.534,143.497,143.521,687.47
2023-12-20 23:40:00+00:00,143.519,143.535,143.498,143.503,700.66
2023-12-20 23:45:00+00:00,143.503,143.512,143.402,143.419,1096.45
2023-12-20 23:50:00+00:00,143.421,143.499,143.402,143.498,770.38
2023-12-20 23:55:00+00:00,143.496,143.535,143.483,143.525,1021.75
2023-12-21 00:00:00+00:00,143.525,143.567,143.471,143.484,2077.75
2023-12-21 00:05:00+00:00,143.484,143.508,143.429,143.435,923.17
2023-12-21 00:10:00+00:00,143.435,143.435,143.349,143.395,1114.8
2023-12-21 00:15:00+00:00,143.394,143.456,143.384,143.451,1268.47
2023-12-21 00:20:00+00:00,143.451,143.499,143.439,143.493,947.25
2023-12-21 00:25:00+00:00,143.494,143.544,143.494,143.537,1493.08
2023-12-21 00:30:00+00:00,143.537,143.545,143.462,143.465,1685.06
2023-12-21 00:35:00+00:00,143.466,143.481,143.423,143.481,1596.83
2023-12-21 00:40:00+00:00,143.481,143.492,143.45,143.46,1143.0
2023-12-21 00:45:00+00:00,143.461,143.462,143.407,143.43,1386.05
2023-12-21 00:50:00+00:00,143.43,143.43,143.323,143.372,2385.21
2023-12-21 00:55:00+00:00,143.377,143.415,143.336,143.363,2626.95
2023-12-21 01:00:00+00:00,143.362,143.373,143.328,143.355,2155.03
2023-12-21 01:05:00+00:00,143.354,143.433,143.333,143.413,1500.79
2023-12-21 01:10:00+00:00,143.413,143.413,143.298,143.305,1311.61
2023-12-21 01:15:00+00:00,143.305,143.306,143.214,143.243,2687.91
2023-12-21 01:20:00+00:00,143.245,143.275,143.224,143.25,1779.48
2023-12-21 01:25:00+00:00,143.245,143.258,143.182,143.202,1921.05
2023-12-21 01:30:00+00:00,143.2,143.202,143.11,143.135,2056.5
2023-12-21 01:35:00+00:00,143.133,143.147,143.011,143.012,2253.83
2023-12-21 01:40:00+00:00,143.012,143.089,143.011,143.021,2588.86
2023-12-21 01:45:00+00:00,143.022,143.034,142.921,142.971,2899.75
2023-12-21 01:50:00+00:00,142.971,143.053,142.962,143.036,1825.22
2023-12-21 01:55:00+00:00,143.034,143.092,142.974,143.027,2463.71
2023-12-21 02:00:00+00:00,143.029,143.044,142.807,142.809,3231.54
2023-12-21 02:05:00+00:00,142.81,142.93,142.807,142.892,2218.31
2023-12-21 02:10:00+00:00,142.894,142.932,142.857,142.87,1976.31
2023-12-21 02:15:00+00:00,142.873,142.947,142.852,142.87,1645.86
2023-12-21 02:20:00+00:00,142.869,142.936,142.849,142.872,1784.64
2023-12-21 02:25:00+00:00,142.871,142.983,142.87,142.965,1577.2
2023-12-21 02:30:00+00:00,142.966,143.071,142.965,143.065,1638.12
2023-12-21 02:35:00+00:00,143.067,143.119,143.055,143.066,1954.78
2023-12-21 02:40:00+00:00,143.066,143.085,143.034,143.034,1559.06
2023-12-21 02:45:00+00:00,143.024,143.039,142.953,142.968,1905.76
2023-12-21 02:50:00+00:00,142.967,143.021,142.927,142.93,1597.13
2023-12-21 02:55:00+00:00,142.932,142.964,142.918,142.922,1440.88
2023-12-21 03:00:00+00:00,142.921,142.985,142.916,142.929,1593.09
2023-12-21 03:05:00+00:00,142.923,142.93,142.857,142.912,1559.61
2023-12-21 03:10:00+00:00,142.914,142.942,142.873,142.873,1612.65
2023-12-21 03:15:00+00:00,142.875,142.941,142.862,142.901,1590.36
2023-12-21 03:20:00+00:00,142.902,142.962,142.895,142.934,1180.7
2023-12-21 03:25:00+00:00,142.934,142.962,142.919,142.962,1047.92
2023-12-21 03:30:00+00:00,142.964,143.013,142.96,142.992,2006.38
2023-12-21 03:35:00+00:00,142.992,143.036,142.991,143.006,1274.97
2023-12-21 03:40:00+00:00,143.004,143.013,142.99,143.012,933.95
2023-12-21 03:45:00+00:00,143.01,143.047,143.003,143.015,1100.05
2023-12-21 03:50:00+00:00,143.015,143.015,142.913,142.96,1603.14
2023-12-21 03:55:00+00:00,142.959,142.96,142.908,142.91,939.23
2023-12-21 04:00:00+00:00,142.913,142.929,142.89,142.923,1103.97
2023-12-21 04:05:00+00:00,142.926,142.958,142.903,142.954,1359.14
2023-12-21 04:10:00+00:00,142.954,142.967,142.919,142.919,1047.07
2023-12-21 04:15:00+00:00,142.921,142.976,142.866,142.925,2088.63
2023-12-21 04:20:00+00:00,142.926,142.963,142.919,142.935,2287.36
2023-12-21 04:25:00+00:00,142.934,142.967,142.905,142.951,1887.63
2023-12-21 04:30:00+00:00,142.948,142.948,142.884,142.899,1310.58
2023-12-21 04:35:00+00:00,142.896,142.909,142.872,142.878,855.62
2023-12-21 04:40:00+00:00,142.882,142.901,142.871,142.874,859.98
2023-12-21 04:45:00+00:00,142.873,142.89,142.822,142.849,1397.59
2023-12-21 04:50:00+00:00,142.847,142.863,142.838,142.85,1285.83
2023-12-21 04:55:00+00:00,142.851,142.891,142.834,142.881,811.87
2023-12-21 05:00:00+00:00,142.881,142.901,142.865,142.884,1359.92
2023-12-21 05:05:00+00:00,142.885,142.894,142.863,142.864,1562.8
2023-12-21 05:10:00+00:00,142.866,142.878,142.811,142.846,1709.28
2023-12-21 05:15:00+00:00,142.847,142.899,142.846,142.88,995.07
2023-12-21 05:20:00+00:00,142.881,142.882,142.839,142.856,1218.7
2023-12-21 05:25:00+00:00,142.859,142.906,142.859,142.903,1166.89
2023-12-21 05:30:00+00:00,142.904,142.905,142.861,142.873,1032.43
2023-12-21 05:35:00+00:00,142.874,142.96,142.874,142.955,1109.97
2023-12-21 05:40:00+00:00,142.962,143.011,142.957,143.011,2072.05
2023-12-21 05:45:00+00:00,143.009,143.049,143.007,143.029,1249.28
2023-12-21 05:50:00+00:00,143.027,143.04,143.006,143.009,1011.22
2023-12-21 05:55:00+00:00,143.009,143.009,142.947,142.956,1970.4
2023-12-21 06:00:00+00:00,142.955,142.998,142.955,142.964,2010.95
2023-12-21 06:05:00+00:00,142.965,143.027,142.963,143.018,1600.76
2023-12-21 06:10:00+00:00,143.019,143.044,142.963,142.966,1992.2
2023-12-21 06:15:00+00:00,142.963,142.991,142.916,142.991,1627.35
2023-12-21 06:20:00+00:00,142.991,143.018,142.985,143.012,2129.6
2023-12-21 06:25:00+00:00,143.011,143.12,143.01,143.111,1331.25
2023-12-21 06:30:00+00:00,143.11,143.165,143.077,143.115,949.85
2023-12-21 06:35:00+00:00,143.117,143.126,143.065,143.102,1171.03
2023-12-21 06:40:00+00:00,143.1,143.141,143.098,143.133,1542.04
2023-12-21 06:45:00+00:00,143.138,143.168,143.127,143.143,1416.87
2023-12-21 06:50:00+00:00,143.143,143.156,143.139,143.139,605.45
2023-12-21 06:55:00+00:00,143.138,143.147,143.073,143.094,1133.54
2023-12-21 07:00:00+00:00,143.095,143.114,143.055,143.066,2124.96
2023-12-21 07:05:00+00:00,143.067,143.189,143.053,143.178,1987.67
2023-12-21 07:10:00+00:00,143.179,143.223,143.163,143.179,2145.01
2023-12-21 07:15:00+00:00,143.179,143.207,143.146,143.191,1717.95
2023-12-21 07:20:00+00:00,143.187,143.228,143.164,143.201,1500.15
2023-12-21 07:25:00+00:00,143.202,143.267,143.165,143.187,1993.92
2023-12-21 07:30:00+00:00,143.186,143.19,143.106,143.133,2214.14
2023-12-21 07:35:00+00:00,143.132,143.178,143.132,143.148,1599.63
2023-12-21 07:40:00+00:00,143.147,143.23,143.145,143.218,1741.59
2023-12-21 07:45:00+00:00,143.219,143.243,143.204,143.226,1997.74
2023-12-21 07:50:00+00:00,143.226,143.264,143.209,143.209,1719.29
2023-12-21 07:55:00+00:00,143.212,143.286,143.194,143.257,2191.32
2023-12-21 08:00:00+00:00,143.257,143.288,143.209,143.219,2396.18
2023-12-21 08:05:00+00:00,143.219,143.24,143.155,143.173,1813.82
2023-12-21 08:10:00+00:00,143.173,143.221,143.173,143.209,1983.26
2023-12-21 08:15:00+00:00,143.211,143.258,143.19,143.192,1982.4
2023-12-21 08:20:00+00:00,143.191,143.237,143.187,143.223,1885.41
2023-12-21 08:25:00+00:00,143.224,143.269,143.174,143.24,1935.86
2023-12-21 08:30:00+00:00,143.239,143.271,143.197,143.199,2633.64
2023-12-21 08:35:00+00:00,143.2,143.271,143.197,143.236,2515.44
2023-12-21 08:40:00+00:00,143.237,143.248,143.197,143.228,1860.08
2023-12-21 08:45:00+00:00,143.227,143.256,143.211,143.255,1515.69
2023-12-21 08:50:00+00:00,143.253,143.296,143.238,143.24,1898.62
2023-12-21 08:55:00+00:00,143.245,143.338,143.235,143.311,1912.38
2023-12-21 09:00:00+00:00,143.312,143.395,143.282,143.319,2488.75
2023-12-21 09:05:00+00:00,143.319,143.325,143.215,143.249,2310.35
2023-12-21 09:10:00+00:00,143.249,143.249,143.138,143.159,1763.45
2023-12-21 09:15:00+00:00,143.156,143.193,143.148,143.168,1076.39
2023-12-21 09:20:00+00:00,143.167,143.167,143.094,143.135,2016.19
2023-12-21 09:25:00+00:00,143.137,143.154,143.108,143.13,1204.68
2023-12-21 09:30:00+00:00,143.129,143.16,143.089,143.091,1395.38
2023-12-21 09:35:00+00:00,143.09,143.091,143.036,143.041,1658.59
2023-12-21 09:40:00+00:00,143.041,143.042,142.995,143.02,1043.14
2023-12-21 09:45:00+00:00,143.02,143.066,143.001,143.01,865.47
2023-12-21 09:50:00+00:00,143.012,143.08,143.006,143.057,803.04
2023-12-21 09:55:00+00:00,143.057,143.099,143.004,143.074,1298.31
2023-12-21 10:00:00+00:00,143.074,143.136,143.054,143.103,1155.95
2023-12-21 10:05:00+00:00,143.103,143.123,143.053,143.069,1293.92
2023-12-21 10:10:00+00:00,143.069,143.095,143.051,143.061,751.04
2023-12-21 10:15:00+00:00,143.061,143.076,143.005,143.011,904.26
2023-12-21 10:20:00+00:00,143.011,143.049,143.01,143.018,985.12
2023-12-21 10:25:00+00:00,143.014,143.025,142.972,143.019,1465.55
2023-12-21 10:30:00+00:00,143.019,143.038,142.956,143.018,1275.99
2023-12-21 10:35:00+00:00,143.019,143.056,143.015,143.05,945.36
2023-12-21 10:40:00+00:00,143.055,143.089,143.015,143.015,1193.04
2023-12-21 10:45:00+00:00,143.015,143.048,143.01,143.016,1034.2
2023-12-21 10:50:00+00:00,143.015,143.039,143.011,143.019,974.48
2023-12-21 10:55:00+00:00,143.02,143.042,143.016,143.019,690.19
2023-12-21 11:00:00+00:00,143.018,143.026,142.947,142.951,953.75
2023-12-21 11:05:00+00:00,142.948,143.038,142.948,142.986,849.48
2023-12-21 11:10:00+00:00,142.987,142.987,142.948,142.952,1198.3
2023-12-21 11:15:00+00:00,142.956,142.981,142.951,142.979,966.15
2023-12-21 11:20:00+00:00,142.979,142.981,142.868,142.897,1163.47
2023-12-21 11:25:00+00:00,142.898,142.96,142.897,142.936,905.2
2023-12-21 11:30:00+00:00,142.935,142.94,142.866,142.875,1446.63
2023-12-21 11:35:00+00:00,142.874,142.885,142.793,142.799,1199.85
2023-12-21 11:40:00+00:00,142.797,142.805,142.703,142.769,1231.77
2023-12-21 11:45:00+00:00,142.769,142.769,142.645,142.695,1174.3
2023-12-21 11:50:00+00:00,142.695,142.777,142.691,142.775,724.5
2023-12-21 11:55:00+00:00,142.774,142.792,142.717,142.728,784.45
2023-12-21 12:00:00+00:00,142.728,142.728,142.684,142.72,836.03
2023-12-21 12:05:00+00:00,142.72,142.769,142.717,142.727,770.31
2023-12-21 12:10:00+00:00,142.725,142.744,142.687,142.71,799.2
2023-12-21 12:15:00+00:00,142.71,142.71,142.649,142.697,659.89
2023-12-21 12:20:00+00:00,142.699,142.699,142.638,142.66,912.53
2023-12-21 12:25:00+00:00,142.66,142.721,142.658,142.708,927.22
2023-12-21 12:30:00+00:00,142.708,142.75,142.698,142.719,917.2
2023-12-21 12:35:00+00:00,142.721,142.74,142.676,142.728,833.02
2023-12-21 12:40:00+00:00,142.728,142.753,142.704,142.704,656.36
2023-12-21 12:45:00+00:00,142.703,142.722,142.666,142.702,763.76
2023-12-21 12:50:00+00:00,142.701,142.725,142.68,142.701,683.5
2023-12-21 12:55:00+00:00,142.698,142.794,142.698,142.775,1044.24
2023-12-21 13:00:00+00:00,142.782,142.801,142.716,142.761,1470.1
2023-12-21 13:05:00+00:00,142.76,142.787,142.734,142.781,1128.06
2023-12-21 13:10:00+00:00,142.782,142.79,142.705,142.743,1420.41
2023-12-21 13:15:00+00:00,142.741,142.768,142.696,142.705,1555.68
2023-12-21 13:20:00+00:00,142.703,142.733,142.674,142.731,1815.1
2023-12-21 13:25:00+00:00,142.731,142.735,142.659,142.661,1945.78
2023-12-21 13:30:00+00:00,142.684,143.002,142.334,142.353,4807.05
2023-12-21 13:35:00+00:00,142.354,142.458,142.263,142.265,3739.03
2023-12-21 13:40:00+00:00,142.265,142.297,142.073,142.176,4818.43
2023-12-21 13:45:00+00:00,142.175,142.293,142.175,142.284,2927.31
2023-12-21 13:50:00+00:00,142.289,142.321,142.22,142.23,2494.52
2023-12-21 13:55:00+00:00,142.231,142.252,142.178,142.218,2123.13
2023-12-21 14:00:00+00:00,142.217,142.296,142.123,142.223,2644.69
2023-12-21 14:05:00+00:00,142.223,142.361,142.197,142.361,2136.35
2023-12-21 14:10:00+00:00,142.361,142.443,142.337,142.371,2339.39
2023-12-21 14:15:00+00:00,142.37,142.38,142.284,142.348,2294.04
2023-12-21 14:20:00+00:00,142.348,142.352,142.238,142.329,2569.27
2023-12-21 14:25:00+00:00,142.328,142.33,142.241,142.25,2528.88
2023-12-21 14:30:00+00:00,142.25,142.272,142.177,142.183,3152.93
2023-12-21 14:35:00+00:00,142.184,142.27,142.167,142.262,3985.66
2023-12-21 14:40:00+00:00,142.263,142.348,142.246,142.263,3431.82
2023-12-21 14:45:00+00:00,142.261,142.305,142.207,142.21,3645.6
2023-12-21 14:50:00+00:00,142.211,142.296,142.21,142.285,2504.32
2023-12-21 14:55:00+00:00,142.286,142.313,142.267,142.284,2227.92
2023-12-21 15:00:00+00:00,142.284,142.443,142.258,142.439,2951.44
2023-12-21 15:05:00+00:00,142.439,142.596,142.436,142.557,2931.16
2023-12-21 15:10:00+00:00,142.556,142.601,142.468,142.47,2612.45
2023-12-21 15:15:00+00:00,142.469,142.507,142.375,142.406,2272.89
2023-12-21 15:20:00+00:00,142.405,142.409,142.321,142.359,2231.07
2023-12-21 15:25:00+00:00,142.359,142.414,142.314,142.354,2451.73
2023-12-21 15:30:00+00:00,142.353,142.363,142.265,142.271,2337.88
2023-12-21 15:35:00+00:00,142.27,142.312,142.253,142.304,1648.94
2023-12-21 15:40:00+00:00,142.303,142.376,142.28,142.292,1842.01
2023-12-21 15:45:00+00:00,142.291,142.298,142.231,142.252,2259.7
2023-12-21 15:50:00+00:00,142.249,142.252,142.189,142.207,2092.76
2023-12-21 15:55:00+00:00,142.208,142.217,142.13,142.164,2550.18
2023-12-21 16:00:00+00:00,142.162,142.224,142.111,142.113,2351.26
2023-12-21 16:05:00+00:00,142.113,142.266,142.1,142.241,1905.21
2023-12-21 16:10:00+00:00,142.241,142.264,142.194,142.209,2251.99
2023-12-21 16:15:00+00:00,142.21,142.252,142.143,142.146,2261.05
2023-12-21 16:20:00+00:00,142.145,142.179,142.042,142.098,2395.46
2023-12-21 16:25:00+00:00,142.1,142.149,142.091,142.122,2010.11
2023-12-21 16:30:00+00:00,142.124,142.182,142.088,142.14,2190.46
2023-12-21 16:35:00+00:00,142.138,142.181,142.108,142.131,2027.58
2023-12-21 16:40:00+00:00,142.13,142.161,142.126,142.13,1722.5
2023-12-21 16:45:00+00:00,142.129,142.138,142.089,142.094,1288.31
2023-12-21 16:50:00+00:00,142.094,142.178,142.089,142.161,1633.3
2023-12-21 16:55:00+00:00,142.161,142.181,142.145,142.165,947.74
2023-12-21 17:00:00+00:00,142.162,142.238,142.157,142.226,1747.17
2023-12-21 17:05:00+00:00,142.224,142.243,142.185,142.223,2724.31
2023-12-21 17:10:00+00:00,142.222,142.223,142.113,142.178,3130.62
2023-12-21 17:15:00+00:00,142.179,142.179,142.126,142.148,3415.02
2023-12-21 17:20:00+00:00,142.147,142.281,142.146,142.269,3250.55
2023-12-21 17:25:00+00:00,142.267,142.341,142.266,142.308,3422.05
2023-12-21 17:30:00+00:00,142.306,142.317,142.243,142.279,2806.97
2023-12-21 17:35:00+00:00,142.278,142.3,142.265,142.286,2368.7
2023-12-21 17:40:00+00:00,142.285,142.327,142.283,142.325,1486.93
2023-12-21 17:45:00+00:00,142.325,142.342,142.275,142.275,1792.39
2023-12-21 17:50:00+00:00,142.276,142.295,142.254,142.264,2107.66
2023-12-21 17:55:00+00:00,142.264,142.292,142.253,142.266,1743.76
2023-12-21 18:00:00+00:00,142.268,142.281,142.225,142.263,1812.31
2023-12-21 18:05:00+00:00,142.263,142.342,142.246,142.26,2607.83
2023-12-21 18:10:00+00:00,142.262,142.37,142.258,142.359,2017.57
2023-12-21 18:15:00+00:00,142.358,142.431,142.357,142.408,1873.89
2023-12-21 18:20:00+00:00,142.407,142.411,142.322,142.375,2705.75
2023-12-21 18:25:00+00:00,142.376,142.414,142.373,142.38,1952.15
2023-12-21 18:30:00+00:00,142.379,142.384,142.351,142.371,2130.83
2023-12-21 18:35:00+00:00,142.372,142.438,142.372,142.393,1869.22
2023-12-21 18:40:00+00:00,142.394,142.429,142.379,142.413,1859.18
2023-12-21 18:45:00+00:00,142.415,142.416,142.383,142.404,1522.86
2023-12-21 18:50:00+00:00,142.403,142.413,142.379,142.403,1848.46
2023-12-21 18:55:00+00:00,142.403,142.403,142.328,142.36,1934.25
2023-12-21 19:00:00+00:00,142.359,142.383,142.346,142.352,2028.37
2023-12-21 19:05:00+00:00,142.352,142.383,142.315,142.334,1760.31
2023-12-21 19:10:00+00:00,142.333,142.341,142.311,142.313,1430.52
2023-12-21 19:15:00+00:00,142.313,142.333,142.3,142.324,1421.47
2023-12-21 19:20:00+00:00,142.324,142.332,142.255,142.285,1759.85
2023-12-21 19:25:00+00:00,142.286,142.301,142.249,142.251,1677.11
2023-12-21 19:30:00+00:00,142.253,142.285,142.24,142.256,1039.8
2023-12-21 19:35:00+00:00,142.256,142.271,142.245,142.25,666.7
2023-12-21 19:40:00+00:00,142.251,142.252,142.187,142.194,1361.88
2023-12-21 19:45:00+00:00,142.195,142.259,142.19,142.258,1165.67
2023-12-21 19:50:00+00:00,142.258,142.284,142.234,142.277,941.4
2023-12-21 19:55:00+00:00,142.277,142.287,142.233,142.233,1566.61
2023-12-21 20:00:00+00:00,142.235,142.277,142.233,142.275,903.65
2023-12-21 20:05:00+00:00,142.275,142.298,142.25,142.265,1460.22
2023-12-21 20:10:00+00:00,142.265,142.29,142.236,142.28,1105.74
2023-12-21 20:15:00+00:00,142.281,142.292,142.268,142.271,678.46
2023-12-21 20:20:00+00:00,142.27,142.285,142.25,142.267,1659.9
2023-12-21 20:25:00+00:00,142.269,142.27,142.235,142.244,847.23
2023-12-21 20:30:00+00:00,142.244,142.28,142.239,142.253,1087.72
2023-12-21 20:35:00+00:00,142.252,142.255,142.242,142.253,731.64
2023-12-21 20:40:00+00:00,142.255,142.275,142.244,142.247,1261.35
2023-12-21 20:45:00+00:00,142.248,142.261,142.237,142.251,1131.04
2023-12-21 20:50:00+00:00,142.251,142.264,142.236,142.239,1247.15
2023-12-21 20:55:00+00:00,142.238,142.24,142.216,142.227,1382.25
2023-12-21 21:00:00+00:00,142.225,142.255,142.218,142.222,554.94
2023-12-21 21:05:00+00:00,142.222,142.224,142.209,142.215,322.2
2023-12-21 21:10:00+00:00,142.217,142.235,142.214,142.231,283.73
2023-12-21 21:15:00+00:00,142.231,142.248,142.23,142.244,307.7
2023-12-21 21:20:00+00:00,142.244,142.245,142.224,142.23,312.62
2023-12-21 21:25:00+00:00,142.229,142.234,142.214,142.228,517.74
2023-12-21 21:30:00+00:00,142.229,142.237,142.223,142.223,391.49
2023-12-21 21:35:00+00:00,142.223,142.223,142.187,142.189,326.26
2023-12-21 21:40:00+00:00,142.191,142.191,142.134,142.149,381.69
2023-12-21 21:45:00+00:00,142.151,142.151,142.117,142.128,588.56
2023-12-21 21:50:00+00:00,142.128,142.13,142.087,142.1,634.15
2023-12-21 21:55:00+00:00,142.099,142.133,142.095,142.102,880.31
2023-12-21 22:00:00+00:00,142.102,142.142,142.06,142.109,9.0
2023-12-21 22:05:00+00:00,142.109,142.176,142.106,142.169,88.01
2023-12-21 22:10:00+00:00,142.164,142.234,142.106,142.214,69.93
2023-12-21 22:15:00+00:00,142.213,142.257,142.212,142.244,46.95
2023-12-21 22:20:00+00:00,142.243,142.244,142.211,142.211,77.1
2023-12-21 22:25:00+00:00,142.211,142.216,142.095,142.154,147.75
2023-12-21 22:30:00+00:00,142.153,142.162,142.149,142.15,91.65
2023-12-21 22:35:00+00:00,142.158,142.166,142.149,142.166,165.14
2023-12-21 22:40:00+00:00,142.168,142.214,142.163,142.177,235.78
2023-12-21 22:45:00+00:00,142.177,142.188,142.165,142.175,599.66
2023-12-21 22:50:00+00:00,142.173,142.197,142.173,142.176,264.3
2023-12-21 22:55:00+00:00,142.178,142.191,142.173,142.185,313.7
2023-12-21 23:00:00+00:00,142.184,142.201,142.074,142.076,643.16
2023-12-21 23:05:00+00:00,142.076,142.124,142.011,142.086,802.42
2023-12-21 23:10:00+00:00,142.086,142.116,142.048,142.082,783.79
2023-12-21 23:15:00+00:00,142.078,142.145,142.07,142.141,798.8
2023-12-21 23:20:00+00:00,142.144,142.188,142.125,142.185,862.32
2023-12-21 23:25:00+00:00,142.186,142.189,142.137,142.14,548.57
2023-12-21 23:30:00+00:00,142.145,142.169,142.127,142.152,967.33
2023-12-21 23:35:00+00:00,142.152,142.18,142.14,142.156,883.99
2023-12-21 23:40:00+00:00,142.155,142.156,142.106,142.111,717.31
2023-12-21 23:45:00+00:00,142.111,142.119,142.075,142.111,1558.24
2023-12-21 23:50:00+00:00,142.11,142.151,142.061,142.074,808.65
2023-12-21 23:55:00+00:00,142.074,142.089,142.05,142.07,790.55
2023-12-22 00:00:00+00:00,142.069,142.069,141.906,142.047,4167.88
2023-12-22 00:05:00+00:00,142.055,142.155,142.04,142.119,2551.27
2023-12-22 00:10:00+00:00,142.12,142.151,142.079,142.102,1585.9
2023-12-22 00:15:00+00:00,142.101,142.165,142.06,142.152,1518.18
2023-12-22 00:20:00+00:00,142.153,142.154,142.037,142.055,1323.34
2023-12-22 00:25:00+00:00,142.054,142.083,142.039,142.061,1612.91
2023-12-22 00:30:00+00:00,142.061,142.061,141.958,141.983,1086.97
2023-12-22 00:35:00+00:00,141.984,141.984,141.864,141.944,1972.92
2023-12-22 00:40:00+00:00,141.943,142.033,141.932,142.027,1638.06
2023-12-22 00:45:00+00:00,142.03,142.065,141.994,142.016,1061.97
2023-12-22 00:50:00+00:00,142.014,142.238,141.961,142.22,4850.39
2023-12-22 00:55:00+00:00,142.22,142.242,142.132,142.189,3575.29
2023-12-22 01:00:00+00:00,142.19,142.291,142.19,142.207,2680.6
2023-12-22 01:05:00+00:00,142.207,142.268,142.199,142.236,1596.83
2023-12-22 01:10:00+00:00,142.236,142.333,142.221,142.298,1258.33
2023-12-22 01:15:00+00:00,142.299,142.303,142.225,142.264,1568.58
2023-12-22 01:20:00+00:00,142.263,142.355,142.247,142.335,1790.5
2023-12-22 01:25:00+00:00,142.334,142.342,142.279,142.299,1229.38
2023-12-22 01:30:00+00:00,142.299,142.317,142.209,142.209,1671.39
2023-12-22 01:35:00+00:00,142.209,142.262,142.209,142.257,1062.45
2023-12-22 01:40:00+00:00,142.256,142.404,142.256,142.381,1649.09
2023-12-22 01:45:00+00:00,142.381,142.386,142.33,142.332,1780.0
2023-12-22 01:50:00+00:00,142.332,142.374,142.329,142.354,1007.8
2023-12-22 01:55:00+00:00,142.355,142.404,142.339,142.355,1666.0
2023-12-22 02:00:00+00:00,142.354,142.354,142.303,142.326,1498.0
2023-12-22 02:05:00+00:00,142.325,142.399,142.325,142.353,1050.98
2023-12-22 02:10:00+00:00,142.353,142.386,142.311,142.315,1681.78
2023-12-22 02:15:00+00:00,142.316,142.38,142.278,142.372,1746.29
2023-12-22 02:20:00+00:00,142.373,142.463,142.345,142.454,1869.61
2023-12-22 02:25:00+00:00,142.454,142.456,142.427,142.436,1519.97
2023-12-22 02:30:00+00:00,142.438,142.466,142.414,142.443,1388.58
2023-12-22 02:35:00+00:00,142.443,142.474,142.422,142.441,1529.21
2023-12-22 02:40:00+00:00,142.435,142.438,142.38,142.412,1237.28
2023-12-22 02:45:00+00:00,142.412,142.415,142.371,142.391,1803.9
2023-12-22 02:50:00+00:00,142.39,142.416,142.375,142.415,1109.57
2023-12-22 02:55:00+00:00,142.422,142.436,142.383,142.405,3472.94
2023-12-22 03:00:00+00:00,142.406,142.499,142.403,142.485,2364.43
2023-12-22 03:05:00+00:00,142.484,142.54,142.465,142.484,2258.05
2023-12-22 03:10:00+00:00,142.484,142.487,142.431,142.469,1926.9
2023-12-22 03:15:00+00:00,142.467,142.481,142.399,142.414,2076.39
2023-12-22 03:20:00+00:00,142.413,142.466,142.409,142.425,1542.83
2023-12-22 03:25:00+00:00,142.428,142.471,142.428,142.462,1463.19
2023-12-22 03:30:00+00:00,142.462,142.494,142.455,142.488,1425.17
2023-12-22 03:35:00+00:00,142.486,142.497,142.449,142.495,1792.02
2023-12-22 03:40:00+00:00,142.495,142.548,142.485,142.517,1657.12
2023-12-22 03:45:00+00:00,142.515,142.534,142.499,142.529,1234.17
2023-12-22 03:50:00+00:00,142.53,142.533,142.489,142.503,1506.91
2023-12-22 03:55:00+00:00,142.504,142.536,142.501,142.533,1861.52
2023-12-22 04:00:00+00:00,142.534,142.554,142.504,142.513,1713.43
2023-12-22 04:05:00+00:00,142.512,142.538,142.448,142.493,2495.22
2023-12-22 04:10:00+00:00,142.492,142.522,142.463,142.511,1606.28
2023-12-22 04:15:00+00:00,142.515,142.544,142.499,142.501,2170.06
2023-12-22 04:20:00+00:00,142.499,142.512,142.46,142.494,2301.11
2023-12-22 04:25:00+00:00,142.492,142.525,142.48,142.491,1269.14
2023-12-22 04:30:00+00:00,142.491,142.504,142.442,142.442,2284.28
2023-12-22 04:35:00+00:00,142.44,142.463,142.422,142.451,2129.47
2023-12-22 04:40:00+00:00,142.451,142.451,142.421,142.426,1928.97
2023-12-22 04:45:00+00:00,142.427,142.455,142.409,142.439,2191.72
2023-12-22 04:50:00+00:00,142.44,142.44,142.34,142.351,2116.28
2023-12-22 04:55:00+00:00,142.349,142.384,142.349,142.378,1413.41
2023-12-22 05:00:00+00:00,142.38,142.458,142.37,142.441,2207.99
2023-12-22 05:05:00+00:00,142.441,142.496,142.42,142.472,2565.0
2023-12-22 05:10:00+00:00,142.472,142.489,142.448,142.473,2268.79
2023-12-22 05:15:00+00:00,142.472,142.541,142.471,142.511,1786.82
2023-12-22 05:20:00+00:00,142.511,142.53,142.495,142.529,2642.06
2023-12-22 05:25:00+00:00,142.528,142.541,142.484,142.502,2647.05
2023-12-22 05:30:00+00:00,142.503,142.523,142.467,142.48,1930.24
2023-12-22 05:35:00+00:00,142.48,142.512,142.466,142.477,1969.9
2023-12-22 05:40:00+00:00,142.476,142.493,142.447,142.448,1928.91
2023-12-22 05:45:00+00:00,142.448,142.462,142.429,142.456,1885.37
2023-12-22 05:50:00+00:00,142.458,142.468,142.418,142.423,1955.83
2023-12-22 05:55:00+00:00,142.421,142.433,142.373,142.4,2279.67
2023-12-22 06:00:00+00:00,142.4,142.436,142.339,142.339,2493.46
2023-12-22 06:05:00+00:00,142.339,142.381,142.305,142.35,2348.61
2023-12-22 06:10:00+00:00,142.35,142.365,142.301,142.36,2104.02
2023-12-22 06:15:00+00:00,142.359,142.369,142.337,142.363,1770.79
2023-12-22 06:20:00+00:00,142.364,142.379,142.314,142.358,2112.43
2023-12-22 06:25:00+00:00,142.359,142.369,142.266,142.266,2620.03
2023-12-22 06:30:00+00:00,142.267,142.282,142.245,142.261,1754.12
2023-12-22 06:35:00+00:00,142.26,142.26,142.185,142.229,2545.68
2023-12-22 06:40:00+00:00,142.228,142.27,142.211,142.259,1842.07
2023-12-22 06:45:00+00:00,142.259,142.275,142.198,142.228,2640.56
2023-12-22 06:50:00+00:00,142.228,142.283,142.225,142.277,2118.85
2023-12-22 06:55:00+00:00,142.277,142.343,142.276,142.342,2035.21
2023-12-22 07:00:00+00:00,142.34,142.365,142.264,142.304,4448.48
2023-12-22 07:05:00+00:00,142.303,142.368,142.274,142.361,3182.69
2023-12-22 07:10:00+00:00,142.361,142.371,142.307,142.322,2538.17
2023-12-22 07:15:00+00:00,142.322,142.361,142.299,142.351,2604.18
2023-12-22 07:20:00+00:00,142.351,142.355,142.279,142.285,1879.77
2023-12-22 07:25:00+00:00,142.285,142.303,142.259,142.285,1980.17
2023-12-22 07:30:00+00:00,142.283,142.285,142.165,142.166,2737.65
2023-12-22 07:35:00+00:00,142.166,142.212,142.125,142.212,3585.66
2023-12-22 07:40:00+00:00,142.211,142.246,142.187,142.232,3202.48
2023-12-22 07:45:00+00:00,142.231,142.251,142.206,142.226,3112.85
2023-12-22 07:50:00+00:00,142.224,142.251,142.196,142.243,2351.26
2023-12-22 07:55:00+00:00,142.244,142.293,142.203,142.231,3273.69
2023-12-22 08:00:00+00:00,142.232,142.288,142.214,142.241,4322.06
2023-12-22 08:05:00+00:00,142.242,142.342,142.203,142.327,3688.59
2023-12-22 08:10:00+00:00,142.328,142.372,142.324,142.355,3455.97
2023-12-22 08:15:00+00:00,142.355,142.369,142.286,142.292,3517.1
2023-12-22 08:20:00+00:00,142.293,142.344,142.274,142.334,3066.87
2023-12-22 08:25:00+00:00,142.335,142.372,142.308,142.365,3700.11
2023-12-22 08:30:00+00:00,142.363,142.372,142.297,142.304,3884.11
2023-12-22 08:35:00+00:00,142.304,142.323,142.227,142.236,3728.43
2023-12-22 08:40:00+00:00,142.236,142.279,142.23,142.253,2899.51
2023-12-22 08:45:00+00:00,142.254,142.255,142.189,142.212,2963.5
2023-12-22 08:50:00+00:00,142.211,142.228,142.193,142.215,2751.33
2023-12-22 08:55:00+00:00,142.216,142.252,142.209,142.217,3030.82
2023-12-22 09:00:00+00:00,142.216,142.216,142.115,142.148,3834.47
2023-12-22 09:05:00+00:00,142.147,142.208,142.129,142.202,2511.35
2023-12-22 09:10:00+00:00,142.203,142.203,142.138,142.172,2903.71
2023-12-22 09:15:00+00:00,142.173,142.186,142.153,142.155,2765.35
2023-12-22 09:20:00+00:00,142.159,142.16,142.114,142.145,2284.16
2023-12-22 09:25:00+00:00,142.144,142.18,142.144,142.169,2240.99
2023-12-22 09:30:00+00:00,142.17,142.173,142.136,142.149,1866.24
2023-12-22 09:35:00+00:00,142.148,142.148,142.048,142.078,2623.14
2023-12-22 09:40:00+00:00,142.08,142.127,142.08,142.119,2311.9
2023-12-22 09:45:00+00:00,142.119,142.121,142.095,142.102,1919.41
2023-12-22 09:50:00+00:00,142.1,142.16,142.1,142.152,1466.62
2023-12-22 09:55:00+00:00,142.151,142.169,142.123,142.157,2400.7
2023-12-22 10:00:00+00:00,142.157,142.182,142.134,142.148,2251.36
2023-12-22 10:05:00+00:00,142.149,142.151,142.08,142.093,3023.6
2023-12-22 10:10:00+00:00,142.091,142.125,142.038,142.066,3341.64
2023-12-22 10:15:00+00:00,142.067,142.103,142.06,142.077,1569.1
2023-12-22 10:20:00+00:00,142.076,142.107,142.063,142.101,1584.05
2023-12-22 10:25:00+00:00,142.101,142.101,142.028,142.031,2411.71
2023-12-22 10:30:00+00:00,142.03,142.037,141.983,142.037,2073.39
2023-12-22 10:35:00+00:00,142.037,142.05,142.022,142.038,2351.31
2023-12-22 10:40:00+00:00,142.037,142.065,142.028,142.038,1902.15
2023-12-22 10:45:00+00:00,142.036,142.113,142.034,142.1,2228.55
2023-12-22 10:50:00+00:00,142.102,142.124,142.095,142.118,2004.21
2023-12-22 10:55:00+00:00,142.118,142.15,142.118,142.121,1445.64
2023-12-22 11:00:00+00:00,142.12,142.135,142.099,142.129,2059.29
2023-12-22 11:05:00+00:00,142.128,142.169,142.121,142.127,1825.77
2023-12-22 11:10:00+00:00,142.125,142.154,142.121,142.153,2039.64
2023-12-22 11:15:00+00:00,142.154,142.159,142.122,142.139,1793.52
2023-12-22 11:20:00+00:00,142.136,142.149,142.122,142.124,1496.57
2023-12-22 11:25:00+00:00,142.125,142.125,142.044,142.057,2731.51
2023-12-22 11:30:00+00:00,142.057,142.071,141.986,142.027,2823.14
2023-12-22 11:35:00+00:00,142.025,142.039,141.944,141.968,2981.69
2023-12-22 11:40:00+00:00,141.971,141.987,141.924,141.967,2531.78
2023-12-22 11:45:00+00:00,141.966,142.048,141.966,142.019,2621.53
2023-12-22 11:50:00+00:00,142.02,142.028,141.965,141.973,2042.12
2023-12-22 11:55:00+00:00,141.972,142.025,141.95,141.997,2612.93
2023-12-22 12:00:00+00:00,141.997,142.025,141.988,141.996,3330.59
2023-12-22 12:05:00+00:00,141.995,142.019,141.941,141.969,1963.29
2023-12-22 12:10:00+00:00,141.969,142.013,141.951,141.999,2249.43
2023-12-22 12:15:00+00:00,141.999,142.023,141.99,142.023,1835.93
2023-12-22 12:20:00+00:00,142.023,142.052,141.975,141.987,2167.35
2023-12-22 12:25:00+00:00,141.987,141.993,141.962,141.98,2031.87
2023-12-22 12:30:00+00:00,141.979,141.99,141.94,141.963,2238.81
2023-12-22 12:35:00+00:00,141.963,141.991,141.936,141.974,2646.52
2023-12-22 12:40:00+00:00,141.973,141.999,141.961,141.981,1511.37
2023-12-22 12:45:00+00:00,141.98,142.103,141.967,142.095,2237.31
2023-12-22 12:50:00+00:00,142.096,142.142,142.091,142.109,2159.87
2023-12-22 12:55:00+00:00,142.111,142.192,142.104,142.123,3487.27
2023-12-22 13:00:00+00:00,142.123,142.167,142.114,142.147,3853.48
2023-12-22 13:05:00+00:00,142.144,142.155,142.101,142.119,3319.56
2023-12-22 13:10:00+00:00,142.12,142.146,142.08,142.089,3130.26
2023-12-22 13:15:00+00:00,142.09,142.09,142.036,142.068,2766.72
2023-12-22 13:20:00+00:00,142.063,142.126,142.037,142.126,3193.12
2023-12-22 13:25:00+00:00,142.132,142.18,142.054,142.062,2647.55
2023-12-22 13:30:00+00:00,142.059,142.471,141.965,142.346,7026.95
2023-12-22 13:35:00+00:00,142.344,142.349,142.119,142.178,7197.27
2023-12-22 13:40:00+00:00,142.177,142.217,142.036,142.082,6785.72
2023-12-22 13:45:00+00:00,142.085,142.204,142.073,142.18,6209.56
2023-12-22 13:50:00+00:00,142.181,142.23,142.055,142.069,6852.27
2023-12-22 13:55:00+00:00,142.07,142.122,142.015,142.037,4654.36
2023-12-22 14:00:00+00:00,142.038,142.052,141.956,141.971,5860.56
2023-12-22 14:05:00+00:00,141.971,141.971,141.889,141.968,4816.82
2023-12-22 14:10:00+00:00,141.969,141.999,141.908,141.978,3916.38
2023-12-22 14:15:00+00:00,141.981,142.022,141.953,141.998,3572.24
2023-12-22 14:20:00+00:00,141.998,142.059,141.996,142.037,3369.29
2023-12-22 14:25:00+00:00,142.037,142.064,142.002,142.003,3830.49
2023-12-22 14:30:00+00:00,142.002,142.009,141.916,141.987,4995.25
2023-12-22 14:35:00+00:00,141.987,142.052,141.947,142.023,4257.32
2023-12-22 14:40:00+00:00,142.023,142.048,141.96,142.034,3521.35
2023-12-22 14:45:00+00:00,142.035,142.064,141.995,141.999,3665.63
2023-12-22 14:50:00+00:00,141.999,142.063,141.979,142.049,3042.61
2023-12-22 14:55:00+00:00,142.049,142.085,142.02,142.067,1807.14
2023-12-22 15:00:00+00:00,142.066,142.136,142.004,142.058,5100.74
2023-12-22 15:05:00+00:00,142.055,142.142,142.012,142.096,4470.69
2023-12-22 15:10:00+00:00,142.095,142.171,142.086,142.159,3651.21
2023-12-22 15:15:00+00:00,142.157,142.217,142.148,142.17,3795.64
2023-12-22 15:20:00+00:00,142.169,142.243,142.169,142.236,2604.95
2023-12-22 15:25:00+00:00,142.237,142.316,142.233,142.304,2489.75
2023-12-22 15:30:00+00:00,142.303,142.372,142.291,142.305,3476.87
2023-12-22 15:35:00+00:00,142.305,142.315,142.26,142.291,2706.38
2023-12-22 15:40:00+00:00,142.293,142.343,142.271,142.342,2186.38
2023-12-22 15:45:00+00:00,142.343,142.407,142.34,142.403,3139.3
2023-12-22 15:50:00+00:00,142.407,142.407,142.366,142.388,2118.08
2023-12-22 15:55:00+00:00,142.39,142.418,142.345,142.366,2924.23
2023-12-22 16:00:00+00:00,142.365,142.379,142.326,142.352,3220.69
2023-12-22 16:05:00+00:00,142.352,142.414,142.342,142.37,2162.37
2023-12-22 16:10:00+00:00,142.37,142.402,142.338,142.397,2275.51
2023-12-22 16:15:00+00:00,142.398,142.409,142.368,142.392,2519.52
2023-12-22 16:20:00+00:00,142.393,142.495,142.393,142.481,2617.88
2023-12-22 16:25:00+00:00,142.48,142.491,142.381,142.404,3182.0
2023-12-22 16:30:00+00:00,142.403,142.403,142.345,142.394,3087.2
2023-12-22 16:35:00+00:00,142.397,142.476,142.394,142.452,3299.89
2023-12-22 16:40:00+00:00,142.452,142.496,142.445,142.487,3529.77
2023-12-22 16:45:00+00:00,142.49,142.656,142.488,142.644,3953.82
2023-12-22 16:50:00+00:00,142.644,142.648,142.579,142.613,3613.18
2023-12-22 16:55:00+00:00,142.611,142.634,142.588,142.603,2878.21
2023-12-22 17:00:00+00:00,142.604,142.627,142.544,142.584,3334.76
2023-12-22 17:05:00+00:00,142.585,142.662,142.552,142.653,2293.93
2023-12-22 17:10:00+00:00,142.654,142.661,142.542,142.561,3132.45
2023-12-22 17:15:00+00:00,142.561,142.572,142.539,142.543,2303.87
2023-12-22 17:20:00+00:00,142.549,142.556,142.501,142.514,2316.61
2023-12-22 17:25:00+00:00,142.514,142.54,142.502,142.536,2208.29
2023-12-22 17:30:00+00:00,142.535,142.571,142.507,142.519,1996.64
2023-12-22 17:35:00+00:00,142.524,142.524,142.471,142.506,1940.05
2023-12-22 17:40:00+00:00,142.508,142.518,142.467,142.491,2275.48
2023-12-22 17:45:00+00:00,142.491,142.511,142.477,142.501,1967.81
2023-12-22 17:50:00+00:00,142.503,142.533,142.476,142.476,2214.51
2023-12-22 17:55:00+00:00,142.477,142.553,142.473,142.504,2023.95
2023-12-22 18:00:00+00:00,142.503,142.52,142.485,142.507,1898.28
2023-12-22 18:05:00+00:00,142.506,142.52,142.478,142.499,1103.04
2023-12-22 18:10:00+00:00,142.5,142.513,142.468,142.501,1676.47
2023-12-22 18:15:00+00:00,142.503,142.512,142.477,142.499,969.51
2023-12-22 18:20:00+00:00,142.5,142.503,142.48,142.487,734.4
2023-12-22 18:25:00+00:00,142.488,142.513,142.472,142.511,881.62
2023-12-22 18:30:00+00:00,142.51,142.552,142.501,142.548,835.61
2023-12-22 18:35:00+00:00,142.548,142.549,142.531,142.539,1110.61
2023-12-22 18:40:00+00:00,142.538,142.559,142.527,142.53,1234.28
2023-12-22 18:45:00+00:00,142.529,142.55,142.515,142.516,1197.03
2023-12-22 18:50:00+00:00,142.517,142.518,142.496,142.501,969.64
2023-12-22 18:55:00+00:00,142.499,142.513,142.49,142.508,1740.3
2023-12-22 19:00:00+00:00,142.507,142.533,142.506,142.511,1656.99
2023-12-22 19:05:00+00:00,142.512,142.574,142.51,142.532,1645.27
2023-12-22 19:10:00+00:00,142.531,142.58,142.522,142.56,1692.82
2023-12-22 19:15:00+00:00,142.56,142.579,142.547,142.557,969.07
2023-12-22 19:20:00+00:00,142.558,142.569,142.537,142.547,1226.5
2023-12-22 19:25:00+00:00,142.545,142.562,142.536,142.547,1031.82
2023-12-22 19:30:00+00:00,142.547,142.549,142.508,142.541,1044.13
2023-12-22 19:35:00+00:00,142.54,142.54,142.516,142.517,368.74
2023-12-22 19:40:00+00:00,142.517,142.521,142.502,142.503,875.38
2023-12-22 19:45:00+00:00,142.503,142.513,142.489,142.511,978.28
2023-12-22 19:50:00+00:00,142.51,142.519,142.502,142.507,879.36
2023-12-22 19:55:00+00:00,142.507,142.508,142.487,142.489,663.83
2023-12-22 20:00:00+00:00,142.491,142.501,142.459,142.462,1058.77
2023-12-22 20:05:00+00:00,142.463,142.474,142.45,142.453,812.63
2023-12-22 20:10:00+00:00,142.459,142.47,142.448,142.468,879.63
2023-12-22 20:15:00+00:00,142.468,142.508,142.465,142.5,389.2
2023-12-22 20:20:00+00:00,142.5,142.523,142.498,142.519,562.83
2023-12-22 20:25:00+00:00,142.519,142.548,142.512,142.512,580.17
2023-12-22 20:30:00+00:00,142.512,142.52,142.502,142.52,500.54
2023-12-22 20:35:00+00:00,142.518,142.549,142.509,142.51,517.17
2023-12-22 20:40:00+00:00,142.513,142.523,142.493,142.502,633.87
2023-12-22 20:45:00+00:00,142.501,142.507,142.475,142.485,833.41
2023-12-22 20:50:00+00:00,142.487,142.491,142.464,142.487,882.99
2023-12-22 20:55:00+00:00,142.487,142.492,142.47,142.471,854.34
2023-12-22 21:00:00+00:00,142.471,142.49,142.457,142.487,575.79
2023-12-22 21:05:00+00:00,142.488,142.507,142.483,142.488,510.38
2023-12-22 21:10:00+00:00,142.488,142.503,142.488,142.497,545.7
2023-12-22 21:15:00+00:00,142.498,142.508,142.489,142.494,364.58
2023-12-22 21:20:00+00:00,142.494,142.498,142.467,142.477,389.59
2023-12-22 21:25:00+00:00,142.478,142.495,142.474,142.476,545.1
2023-12-22 21:30:00+00:00,142.477,142.489,142.452,142.486,492.6
2023-12-22 21:35:00+00:00,142.485,142.497,142.478,142.478,278.46
2023-12-22 21:40:00+00:00,142.479,142.49,142.479,142.485,247.8
2023-12-22 21:45:00+00:00,142.484,142.492,142.415,142.467,1095.34
2023-12-22 21:50:00+00:00,142.464,142.47,142.421,142.451,669.15
2023-12-22 21:55:00+00:00,142.449,142.457,142.402,142.412,294.75
2023-12-24 23:30:00+00:00,142.26,142.334,142.26,142.334,7.2
2023-12-24 23:35:00+00:00,142.333,142.386,142.311,142.325,21.45
2023-12-24 23:40:00+00:00,142.335,142.417,142.335,142.385,15.38
2023-12-24 23:45:00+00:00,142.408,142.408,142.377,142.386,4.8
2023-12-24 23:50:00+00:00,142.386,142.403,142.378,142.403,7.05
2023-12-24 23:55:00+00:00,142.405,142.407,142.38,142.407,8.5
2023-12-25 00:00:00+00:00,142.408,142.456,142.407,142.432,12.9
2023-12-25 00:05:00+00:00,142.441,142.479,142.435,142.452,13.75
2023-12-25 00:10:00+00:00,142.452,142.452,142.384,142.417,9.63
2023-12-25 00:15:00+00:00,142.409,142.456,142.377,142.403,12.78
2023-12-25 00:20:00+00:00,142.381,142.403,142.381,142.381,3.3
2023-12-25 00:25:00+00:00,142.337,142.367,142.209,142.219,42.94
2023-12-25 00:30:00+00:00,142.22,142.22,142.209,142.211,19.6
2023-12-25 00:35:00+00:00,142.209,142.297,142.201,142.29,16.1
2023-12-25 00:40:00+00:00,142.303,142.303,142.22,142.254,15.9
2023-12-25 00:45:00+00:00,142.253,142.258,142.222,142.254,28.8
2023-12-25 00:50:00+00:00,142.254,142.291,142.142,142.193,137.93
2023-12-25 00:55:00+00:00,142.203,142.253,142.141,142.228,70.1
2023-12-25 01:00:00+00:00,142.228,142.258,142.228,142.258,22.1
2023-12-25 01:05:00+00:00,142.258,142.258,142.23,142.23,20.5
2023-12-25 01:10:00+00:00,142.219,142.22,142.204,142.212,30.9
2023-12-25 01:15:00+00:00,142.23,142.23,142.211,142.223,8.4
2023-12-25 01:20:00+00:00,142.282,142.282,142.198,142.265,32.6
2023-12-25 01:25:00+00:00,142.266,142.27,142.266,142.27,7.5
2023-12-25 01:30:00+00:00,142.269,142.271,142.261,142.263,9.7
2023-12-25 01:35:00+00:00,142.264,142.265,142.251,142.264,11.2
2023-12-25 01:40:00+00:00,142.263,142.264,142.259,142.261,12.95
2023-12-25 01:45:00+00:00,142.261,142.261,142.253,142.253,7.6
2023-12-25 01:50:00+00:00,142.253,142.256,142.253,142.254,21.8
2023-12-25 01:55:00+00:00,142.253,142.271,142.253,142.271,15.8
2023-12-25 02:00:00+00:00,142.256,142.279,142.252,142.257,29.37
2023-12-25 02:05:00+00:00,142.257,142.265,142.246,142.257,29.95
2023-12-25 02:10:00+00:00,142.258,142.288,142.258,142.27,15.75
2023-12-25 02:15:00+00:00,142.277,142.277,142.255,142.258,31.35
2023-12-25 02:20:00+00:00,142.267,142.271,142.266,142.266,18.3
2023-12-25 02:25:00+00:00,142.269,142.27,142.269,142.27,1.8
2023-12-25 02:30:00+00:00,142.269,142.27,142.261,142.269,12.75
2023-12-25 02:35:00+00:00,142.269,142.27,142.269,142.27,4.8
2023-12-25 02:40:00+00:00,142.27,142.27,142.27,142.27,0.9
2023-12-25 02:45:00+00:00,142.27,142.27,142.25,142.251,24.0
2023-12-25 02:50:00+00:00,142.253,142.253,142.244,142.245,8.4
2023-12-25 02:55:00+00:00,142.245,142.246,142.243,142.243,7.2
2023-12-25 03:00:00+00:00,142.238,142.239,142.154,142.162,23.85
2023-12-25 03:05:00+00:00,142.207,142.207,142.207,142.207,9.0
2023-12-25 03:10:00+00:00,142.205,142.205,142.205,142.205,0.9
2023-12-25 03:15:00+00:00,142.203,142.203,142.203,142.203,1.2
2023-12-25 03:20:00+00:00,142.205,142.205,142.198,142.199,4.8
2023-12-25 03:25:00+00:00,142.201,142.203,142.201,142.202,9.9
2023-12-25 03:30:00+00:00,142.202,142.202,142.202,142.202,3.6
2023-12-25 03:35:00+00:00,142.201,142.206,142.201,142.206,6.0
2023-12-25 03:45:00+00:00,142.206,142.206,142.204,142.204,2.4
2023-12-25 03:50:00+00:00,142.206,142.206,142.151,142.154,85.2
2023-12-25 03:55:00+00:00,142.155,142.155,142.112,142.113,95.85
2023-12-25 04:00:00+00:00,142.113,142.115,142.107,142.109,284.27
2023-12-25 04:05:00+00:00,142.112,142.127,142.108,142.125,125.95
2023-12-25 04:10:00+00:00,142.127,142.127,142.119,142.119,88.0
2023-12-25 04:15:00+00:00,142.119,142.157,142.101,142.132,81.77
2023-12-25 04:20:00+00:00,142.132,142.141,142.132,142.138,16.5
2023-12-25 04:25:00+00:00,142.139,142.14,142.137,142.138,12.6
2023-12-25 04:30:00+00:00,142.141,142.141,142.137,142.14,9.0
2023-12-25 04:35:00+00:00,142.138,142.141,142.133,142.141,10.8
2023-12-25 04:40:00+00:00,142.141,142.142,142.141,142.142,3.0
2023-12-25 04:45:00+00:00,142.142,142.142,142.141,142.142,12.6
2023-12-25 04:50:00+00:00,142.142,142.143,142.141,142.143,33.6
2023-12-25 04:55:00+00:00,142.143,142.154,142.143,142.154,7.5
2023-12-25 05:00:00+00:00,142.16,142.178,142.16,142.178,12.6
2023-12-25 05:05:00+00:00,142.16,142.164,142.16,142.164,4.5
2023-12-25 05:10:00+00:00,142.164,142.175,142.159,142.17,9.9
2023-12-25 05:15:00+00:00,142.17,142.17,142.164,142.166,16.2
2023-12-25 05:20:00+00:00,142.166,142.212,142.166,142.167,31.5
2023-12-25 05:25:00+00:00,142.167,142.172,142.163,142.172,42.3
2023-12-25 05:30:00+00:00,142.174,142.221,142.153,142.167,9.9
2023-12-25 05:35:00+00:00,142.167,142.167,142.164,142.166,2.7
2023-12-25 05:40:00+00:00,142.166,142.263,142.166,142.224,26.1
2023-12-25 05:45:00+00:00,142.243,142.407,142.237,142.247,99.84
2023-12-25 05:50:00+00:00,142.246,142.337,142.24,142.334,131.4
2023-12-25 05:55:00+00:00,142.334,142.335,142.333,142.334,82.5
2023-12-25 06:00:00+00:00,142.334,142.335,142.259,142.262,81.9
2023-12-25 06:05:00+00:00,142.262,142.417,142.222,142.224,269.25
2023-12-25 06:10:00+00:00,142.222,142.303,142.222,142.295,33.75
2023-12-25 06:15:00+00:00,142.295,142.295,142.289,142.295,12.6
2023-12-25 06:20:00+00:00,142.294,142.442,142.288,142.294,18.0
2023-12-25 06:25:00+00:00,142.397,142.397,142.294,142.345,15.45
2023-12-25 06:30:00+00:00,142.346,142.35,142.346,142.348,9.15
2023-12-25 06:35:00+00:00,142.348,142.348,142.347,142.347,2.4
2023-12-25 06:40:00+00:00,142.24,142.349,142.223,142.348,6.45
2023-12-25 06:45:00+00:00,142.346,142.397,142.345,142.346,33.9
2023-12-25 06:50:00+00:00,142.347,142.348,142.345,142.347,30.6
2023-12-25 06:55:00+00:00,142.397,142.404,142.395,142.4,19.5
2023-12-25 07:00:00+00:00,142.4,142.437,142.261,142.261,24.0
2023-12-25 07:05:00+00:00,142.262,142.262,142.262,142.262,2.7
2023-12-25 07:10:00+00:00,142.266,142.398,142.265,142.398,9.0
2023-12-25 07:15:00+00:00,142.423,142.423,142.265,142.265,8.55
2023-12-25 07:30:00+00:00,142.262,142.395,142.262,142.395,1.8
2023-12-25 07:40:00+00:00,142.416,142.416,142.241,142.241,2.25
2023-12-25 07:45:00+00:00,142.272,142.272,142.272,142.272,0.9
2023-12-25 07:50:00+00:00,142.394,142.477,142.344,142.344,3.6
2023-12-25 07:55:00+00:00,142.344,142.346,142.343,142.346,2.7
2023-12-25 22:00:00+00:00,142.204,142.209,142.204,142.209,2.2
2023-12-25 22:05:00+00:00,142.207,142.219,142.207,142.219,6.5
2023-12-25 22:10:00+00:00,142.219,142.219,142.219,142.219,4.0
2023-12-25 22:15:00+00:00,142.219,142.219,142.198,142.198,3.0
2023-12-25 22:20:00+00:00,142.197,142.197,142.19,142.193,7.32
2023-12-25 22:25:00+00:00,142.194,142.253,142.194,142.253,23.99
2023-12-25 22:30:00+00:00,142.253,142.256,142.253,142.255,5.28
2023-12-25 22:35:00+00:00,142.255,142.255,142.252,142.255,8.0
2023-12-25 22:40:00+00:00,142.255,142.287,142.252,142.287,22.5
2023-12-25 22:45:00+00:00,142.287,142.316,142.286,142.314,30.9
2023-12-25 22:50:00+00:00,142.315,142.319,142.262,142.318,16.6
2023-12-25 22:55:00+00:00,142.318,142.328,142.267,142.319,242.42
2023-12-25 23:00:00+00:00,142.319,142.356,142.287,142.334,602.57
2023-12-25 23:05:00+00:00,142.331,142.331,142.197,142.203,598.72
2023-12-25 23:10:00+00:00,142.201,142.252,142.199,142.234,322.06
2023-12-25 23:15:00+00:00,142.237,142.249,142.22,142.225,362.15
2023-12-25 23:20:00+00:00,142.225,142.239,142.216,142.218,270.03
2023-12-25 23:25:00+00:00,142.218,142.218,142.148,142.15,378.55
2023-12-25 23:30:00+00:00,142.151,142.175,142.14,142.171,586.12
2023-12-25 23:35:00+00:00,142.176,142.197,142.171,142.195,749.07
2023-12-25 23:40:00+00:00,142.195,142.267,142.19,142.261,694.61
2023-12-25 23:45:00+00:00,142.26,142.26,142.22,142.223,486.9
2023-12-25 23:50:00+00:00,142.224,142.256,142.214,142.242,403.2
2023-12-25 23:55:00+00:00,142.248,142.258,142.217,142.24,404.85
2023-12-26 00:00:00+00:00,142.239,142.352,142.232,142.319,730.8
2023-12-26 00:05:00+00:00,142.319,142.331,142.276,142.301,829.5
2023-12-26 00:10:00+00:00,142.301,142.31,142.236,142.261,885.69
2023-12-26 00:15:00+00:00,142.266,142.298,142.265,142.296,631.87
2023-12-26 00:20:00+00:00,142.297,142.325,142.29,142.295,534.05
2023-12-26 00:25:00+00:00,142.298,142.319,142.263,142.268,583.5
2023-12-26 00:30:00+00:00,142.268,142.275,142.206,142.207,660.45
2023-12-26 00:35:00+00:00,142.207,142.243,142.206,142.224,457.5
2023-12-26 00:40:00+00:00,142.224,142.233,142.188,142.191,456.0
2023-12-26 00:45:00+00:00,142.191,142.211,142.165,142.169,360.6
2023-12-26 00:50:00+00:00,142.168,142.22,142.09,142.207,1322.74
2023-12-26 00:55:00+00:00,142.199,142.3,142.174,142.276,2044.52
2023-12-26 01:00:00+00:00,142.272,142.299,142.233,142.263,1094.17
2023-12-26 01:05:00+00:00,142.263,142.301,142.248,142.261,884.81
2023-12-26 01:10:00+00:00,142.262,142.292,142.261,142.269,671.26
2023-12-26 01:15:00+00:00,142.269,142.352,142.248,142.323,1222.66
2023-12-26 01:20:00+00:00,142.321,142.336,142.259,142.273,1090.02
2023-12-26 01:25:00+00:00,142.273,142.311,142.249,142.275,830.71
2023-12-26 01:30:00+00:00,142.276,142.318,142.252,142.302,1012.45
2023-12-26 01:35:00+00:00,142.302,142.322,142.276,142.31,659.34
2023-12-26 01:40:00+00:00,142.313,142.344,142.288,142.299,843.55
2023-12-26 01:45:00+00:00,142.298,142.329,142.294,142.32,959.51
2023-12-26 01:50:00+00:00,142.32,142.32,142.277,142.291,676.62
2023-12-26 01:55:00+00:00,142.29,142.299,142.253,142.26,791.68
2023-12-26 02:00:00+00:00,142.258,142.296,142.245,142.292,801.9
2023-12-26 02:05:00+00:00,142.291,142.32,142.276,142.295,1014.27
2023-12-26 02:10:00+00:00,142.294,142.319,142.283,142.292,963.36
2023-12-26 02:15:00+00:00,142.294,142.34,142.236,142.241,974.72
2023-12-26 02:20:00+00:00,142.241,142.262,142.208,142.209,876.73
2023-12-26 02:25:00+00:00,142.209,142.224,142.203,142.204,782.03
2023-12-26 02:30:00+00:00,142.206,142.234,142.203,142.233,429.6
2023-12-26 02:35:00+00:00,142.234,142.235,142.208,142.216,600.45
2023-12-26 02:40:00+00:00,142.215,142.22,142.205,142.213,665.25
2023-12-26 02:45:00+00:00,142.211,142.231,142.21,142.216,279.0
2023-12-26 02:50:00+00:00,142.217,142.217,142.172,142.193,448.7
2023-12-26 02:55:00+00:00,142.193,142.232,142.188,142.225,676.65
2023-12-26 03:00:00+00:00,142.225,142.24,142.211,142.221,528.1
2023-12-26 03:05:00+00:00,142.221,142.224,142.19,142.206,528.48
2023-12-26 03:10:00+00:00,142.207,142.207,142.182,142.185,795.15
2023-12-26 03:15:00+00:00,142.185,142.195,142.16,142.172,726.93
2023-12-26 03:20:00+00:00,142.172,142.229,142.158,142.218,741.0
2023-12-26 03:25:00+00:00,142.219,142.247,142.206,142.218,938.9
2023-12-26 03:30:00+00:00,142.218,142.226,142.187,142.2,448.28
2023-12-26 03:35:00+00:00,142.199,142.201,142.177,142.19,808.95
2023-12-26 03:40:00+00:00,142.19,142.2,142.183,142.193,316.15
2023-12-26 03:45:00+00:00,142.193,142.195,142.185,142.189,249.75
2023-12-26 03:50:00+00:00,142.189,142.206,142.187,142.199,500.25
2023-12-26 03:55:00+00:00,142.2,142.211,142.187,142.199,404.1
2023-12-26 04:00:00+00:00,142.197,142.221,142.195,142.196,526.35
2023-12-26 04:05:00+00:00,142.198,142.208,142.193,142.197,556.5
2023-12-26 04:10:00+00:00,142.196,142.218,142.195,142.201,560.85
2023-12-26 04:15:00+00:00,142.203,142.231,142.2,142.23,504.45
2023-12-26 04:20:00+00:00,142.231,142.249,142.196,142.205,658.5
2023-12-26 04:25:00+00:00,142.205,142.228,142.2,142.228,366.9
2023-12-26 04:30:00+00:00,142.227,142.231,142.195,142.196,282.15
2023-12-26 04:35:00+00:00,142.196,142.198,142.185,142.188,286.44
2023-12-26 04:40:00+00:00,142.19,142.21,142.188,142.208,381.84
2023-12-26 04:45:00+00:00,142.208,142.24,142.205,142.233,588.09
2023-12-26 04:50:00+00:00,142.231,142.244,142.228,142.236,524.79
2023-12-26 04:55:00+00:00,142.236,142.264,142.233,142.259,1016.56
2023-12-26 05:00:00+00:00,142.26,142.267,142.252,142.255,760.01
2023-12-26 05:05:00+00:00,142.254,142.256,142.235,142.243,581.79
2023-12-26 05:10:00+00:00,142.245,142.248,142.227,142.246,473.48
2023-12-26 05:15:00+00:00,142.246,142.261,142.244,142.26,603.94
2023-12-26 05:20:00+00:00,142.26,142.27,142.243,142.253,740.23
2023-12-26 05:25:00+00:00,142.253,142.253,142.224,142.23,658.14
2023-12-26 05:30:00+00:00,142.23,142.24,142.221,142.224,943.05
2023-12-26 05:35:00+00:00,142.224,142.257,142.189,142.203,978.6
2023-12-26 05:40:00+00:00,142.204,142.265,142.202,142.262,1326.76
2023-12-26 05:45:00+00:00,142.262,142.29,142.256,142.288,1371.34
2023-12-26 05:50:00+00:00,142.29,142.297,142.269,142.291,1708.92
2023-12-26 05:55:00+00:00,142.29,142.297,142.26,142.262,933.63
2023-12-26 06:00:00+00:00,142.263,142.297,142.263,142.292,1158.61
2023-12-26 06:05:00+00:00,142.291,142.311,142.263,142.263,749.54
2023-12-26 06:10:00+00:00,142.265,142.286,142.264,142.267,569.1
2023-12-26 06:15:00+00:00,142.268,142.291,142.268,142.278,573.87
2023-12-26 06:20:00+00:00,142.28,142.281,142.251,142.269,244.41
2023-12-26 06:25:00+00:00,142.267,142.268,142.233,142.242,623.65
2023-12-26 06:30:00+00:00,142.242,142.251,142.236,142.249,308.05
2023-12-26 06:35:00+00:00,142.251,142.251,142.235,142.24,441.84
2023-12-26 06:40:00+00:00,142.231,142.239,142.212,142.218,455.74
2023-12-26 06:45:00+00:00,142.219,142.254,142.217,142.238,710.94
2023-12-26 06:50:00+00:00,142.238,142.29,142.238,142.265,545.01
2023-12-26 06:55:00+00:00,142.265,142.287,142.263,142.284,443.85
2023-12-26 07:00:00+00:00,142.285,142.296,142.276,142.282,926.96
2023-12-26 07:05:00+00:00,142.284,142.287,142.251,142.261,1322.82
2023-12-26 07:10:00+00:00,142.261,142.308,142.256,142.282,1435.68
2023-12-26 07:15:00+00:00,142.281,142.287,142.266,142.273,1065.94
2023-12-26 07:20:00+00:00,142.274,142.368,142.273,142.362,2125.58
2023-12-26 07:25:00+00:00,142.362,142.395,142.357,142.371,1884.76
2023-12-26 07:30:00+00:00,142.372,142.374,142.342,142.35,1332.04
2023-12-26 07:35:00+00:00,142.351,142.36,142.33,142.354,945.22
2023-12-26 07:40:00+00:00,142.353,142.363,142.286,142.287,1220.37
2023-12-26 07:45:00+00:00,142.286,142.333,142.284,142.313,920.1
2023-12-26 07:50:00+00:00,142.31,142.325,142.297,142.313,796.48
2023-12-26 07:55:00+00:00,142.314,142.329,142.303,142.326,871.98
2023-12-26 08:00:00+00:00,142.327,142.359,142.314,142.349,1043.52
2023-12-26 08:05:00+00:00,142.35,142.366,142.336,142.344,1331.05
2023-12-26 08:10:00+00:00,142.344,142.359,142.341,142.358,1167.54
2023-12-26 08:15:00+00:00,142.359,142.366,142.349,142.352,629.93
2023-12-26 08:20:00+00:00,142.351,142.353,142.329,142.347,735.15
2023-12-26 08:25:00+00:00,142.348,142.348,142.319,142.335,1452.89
2023-12-26 08:30:00+00:00,142.336,142.349,142.328,142.34,984.74
2023-12-26 08:35:00+00:00,142.339,142.395,142.337,142.39,993.38
2023-12-26 08:40:00+00:00,142.391,142.395,142.356,142.376,1264.05
2023-12-26 08:45:00+00:00,142.375,142.395,142.37,142.388,1223.5
2023-12-26 08:50:00+00:00,142.388,142.388,142.374,142.382,1477.64
2023-12-26 08:55:00+00:00,142.383,142.387,142.375,142.377,806.85
2023-12-26 09:00:00+00:00,142.377,142.409,142.363,142.365,1397.02
2023-12-26 09:05:00+00:00,142.364,142.379,142.344,142.377,1160.25
2023-12-26 09:10:00+00:00,142.382,142.387,142.356,142.372,1183.66
2023-12-26 09:15:00+00:00,142.37,142.392,142.365,142.379,1136.89
2023-12-26 09:20:00+00:00,142.378,142.392,142.37,142.382,659.34
2023-12-26 09:25:00+00:00,142.381,142.406,142.378,142.396,1111.31
2023-12-26 09:30:00+00:00,142.395,142.419,142.395,142.408,766.98
2023-12-26 09:35:00+00:00,142.41,142.461,142.406,142.448,1124.14
2023-12-26 09:40:00+00:00,142.45,142.463,142.437,142.461,1165.75
2023-12-26 09:45:00+00:00,142.46,142.518,142.457,142.517,1670.98
2023-12-26 09:50:00+00:00,142.518,142.523,142.49,142.501,945.88
2023-12-26 09:55:00+00:00,142.501,142.506,142.49,142.502,1508.48
2023-12-26 10:00:00+00:00,142.503,142.526,142.484,142.495,1373.8
2023-12-26 10:05:00+00:00,142.495,142.496,142.437,142.438,1508.24
2023-12-26 10:10:00+00:00,142.436,142.457,142.424,142.452,873.57
2023-12-26 10:15:00+00:00,142.451,142.463,142.439,142.46,717.9
2023-12-26 10:20:00+00:00,142.459,142.473,142.452,142.454,541.18
2023-12-26 10:25:00+00:00,142.456,142.463,142.435,142.446,924.26
2023-12-26 10:30:00+00:00,142.444,142.457,142.434,142.444,1224.12
2023-12-26 10:35:00+00:00,142.444,142.445,142.397,142.4,916.75
2023-12-26 10:40:00+00:00,142.399,142.414,142.377,142.383,937.5
2023-12-26 10:45:00+00:00,142.384,142.385,142.355,142.359,438.19
2023-12-26 10:50:00+00:00,142.358,142.365,142.315,142.32,597.21
2023-12-26 10:55:00+00:00,142.322,142.353,142.318,142.341,887.7
2023-12-26 11:00:00+00:00,142.343,142.372,142.342,142.352,940.5
2023-12-26 11:05:00+00:00,142.353,142.383,142.352,142.376,1152.6
2023-12-26 11:10:00+00:00,142.375,142.395,142.372,142.394,1272.3
2023-12-26 11:15:00+00:00,142.395,142.405,142.366,142.371,1054.98
2023-12-26 11:20:00+00:00,142.369,142.392,142.352,142.388,891.45
2023-12-26 11:25:00+00:00,142.388,142.388,142.353,142.374,1372.8
2023-12-26 11:30:00+00:00,142.373,142.391,142.361,142.381,1204.35
2023-12-26 11:35:00+00:00,142.382,142.392,142.351,142.352,675.36
2023-12-26 11:40:00+00:00,142.352,142.374,142.345,142.354,816.3
2023-12-26 11:45:00+00:00,142.355,142.36,142.343,142.355,407.52
2023-12-26 11:50:00+00:00,142.354,142.378,142.337,142.374,620.77
2023-12-26 11:55:00+00:00,142.374,142.394,142.37,142.376,1708.39
2023-12-26 12:00:00+00:00,142.374,142.404,142.373,142.395,859.5
2023-12-26 12:05:00+00:00,142.394,142.41,142.384,142.392,1241.67
2023-12-26 12:10:00+00:00,142.391,142.404,142.384,142.404,652.99
2023-12-26 12:15:00+00:00,142.403,142.418,142.394,142.417,847.14
2023-12-26 12:20:00+00:00,142.418,142.429,142.403,142.412,838.91
2023-12-26 12:25:00+00:00,142.41,142.423,142.406,142.412,745.78
2023-12-26 12:30:00+00:00,142.412,142.426,142.401,142.419,1370.34
2023-12-26 12:35:00+00:00,142.418,142.42,142.396,142.409,935.19
2023-12-26 12:40:00+00:00,142.408,142.47,142.408,142.441,1658.58
2023-12-26 12:45:00+00:00,142.443,142.451,142.403,142.409,1420.99
2023-12-26 12:50:00+00:00,142.41,142.413,142.399,142.402,581.7
2023-12-26 12:55:00+00:00,142.402,142.403,142.368,142.373,1055.4
2023-12-26 13:00:00+00:00,142.372,142.386,142.358,142.37,1630.83
2023-12-26 13:05:00+00:00,142.371,142.38,142.346,142.365,1240.77
2023-12-26 13:10:00+00:00,142.364,142.391,142.349,142.389,1972.85
2023-12-26 13:15:00+00:00,142.392,142.403,142.349,142.35,1962.22
2023-12-26 13:20:00+00:00,142.35,142.358,142.235,142.243,2626.28
2023-12-26 13:25:00+00:00,142.242,142.3,142.242,142.285,1783.37
2023-12-26 13:30:00+00:00,142.284,142.298,142.261,142.29,1969.79
2023-12-26 13:35:00+00:00,142.289,142.336,142.282,142.334,2144.39
2023-12-26 13:40:00+00:00,142.333,142.35,142.326,142.33,1572.66
2023-12-26 13:45:00+00:00,142.33,142.339,142.311,142.337,1183.38
2023-12-26 13:50:00+00:00,142.338,142.359,142.326,142.337,1810.59
2023-12-26 13:55:00+00:00,142.34,142.372,142.31,142.369,1617.96
2023-12-26 14:00:00+00:00,142.37,142.389,142.352,142.387,1662.9
2023-12-26 14:05:00+00:00,142.387,142.425,142.387,142.41,2245.99
2023-12-26 14:10:00+00:00,142.41,142.415,142.357,142.362,1231.51
2023-12-26 14:15:00+00:00,142.361,142.362,142.329,142.352,1359.93
2023-12-26 14:20:00+00:00,142.352,142.377,142.35,142.37,750.27
2023-12-26 14:25:00+00:00,142.37,142.372,142.339,142.371,1245.84
2023-12-26 14:30:00+00:00,142.372,142.382,142.34,142.371,2521.48
2023-12-26 14:35:00+00:00,142.371,142.417,142.37,142.412,2760.74
2023-12-26 14:40:00+00:00,142.41,142.427,142.383,142.419,2696.89
2023-12-26 14:45:00+00:00,142.42,142.459,142.388,142.396,2802.31
2023-12-26 14:50:00+00:00,142.395,142.412,142.376,142.385,1568.49
2023-12-26 14:55:00+00:00,142.383,142.399,142.354,142.384,1638.15
2023-12-26 15:00:00+00:00,142.387,142.413,142.362,142.399,1542.7
2023-12-26 15:05:00+00:00,142.399,142.399,142.353,142.389,1515.29
2023-12-26 15:10:00+00:00,142.388,142.412,142.375,142.41,1486.02
2023-12-26 15:15:00+00:00,142.411,142.418,142.379,142.391,1735.11
2023-12-26 15:20:00+00:00,142.39,142.432,142.388,142.429,849.0
2023-12-26 15:25:00+00:00,142.431,142.46,142.427,142.441,2433.26
2023-12-26 15:30:00+00:00,142.439,142.496,142.427,142.48,2670.66
2023-12-26 15:35:00+00:00,142.477,142.479,142.454,142.471,1406.1
2023-12-26 15:40:00+00:00,142.473,142.52,142.459,142.503,1275.04
2023-12-26 15:45:00+00:00,142.505,142.552,142.494,142.537,2059.09
2023-12-26 15:50:00+00:00,142.537,142.6,142.532,142.565,2171.6
2023-12-26 15:55:00+00:00,142.566,142.597,142.555,142.595,2301.66
2023-12-26 16:00:00+00:00,142.599,142.633,142.594,142.6,2205.94
2023-12-26 16:05:00+00:00,142.6,142.623,142.588,142.597,1725.93
2023-12-26 16:10:00+00:00,142.598,142.611,142.534,142.543,1807.44
2023-12-26 16:15:00+00:00,142.544,142.572,142.535,142.546,1132.88
2023-12-26 16:20:00+00:00,142.545,142.575,142.542,142.572,1159.19
2023-12-26 16:25:00+00:00,142.57,142.57,142.508,142.51,1473.73
2023-12-26 16:30:00+00:00,142.51,142.513,142.479,142.493,1507.11
2023-12-26 16:35:00+00:00,142.495,142.5,142.471,142.475,511.1
2023-12-26 16:40:00+00:00,142.474,142.483,142.462,142.474,826.95
2023-12-26 16:45:00+00:00,142.474,142.51,142.472,142.506,837.45
2023-12-26 16:50:00+00:00,142.507,142.51,142.49,142.493,775.2
2023-12-26 16:55:00+00:00,142.495,142.51,142.478,142.485,1153.35
2023-12-26 17:00:00+00:00,142.485,142.522,142.481,142.512,1002.48
2023-12-26 17:05:00+00:00,142.512,142.512,142.458,142.462,1004.03
2023-12-26 17:10:00+00:00,142.463,142.467,142.449,142.449,823.21
2023-12-26 17:15:00+00:00,142.45,142.452,142.422,142.443,1165.3
2023-12-26 17:20:00+00:00,142.442,142.46,142.432,142.453,893.01
2023-12-26 17:25:00+00:00,142.454,142.467,142.446,142.451,516.36
2023-12-26 17:30:00+00:00,142.453,142.468,142.444,142.461,1166.77
2023-12-26 17:35:00+00:00,142.462,142.467,142.447,142.464,920.04
2023-12-26 17:40:00+00:00,142.464,142.491,142.457,142.487,945.3
2023-12-26 17:45:00+00:00,142.486,142.496,142.484,142.486,971.88
2023-12-26 17:50:00+00:00,142.484,142.503,142.463,142.474,827.55
2023-12-26 17:55:00+00:00,142.473,142.492,142.466,142.47,1080.98
2023-12-26 18:00:00+00:00,142.472,142.472,142.403,142.431,2078.26
2023-12-26 18:05:00+00:00,142.431,142.445,142.4,142.408,1200.0
2023-12-26 18:10:00+00:00,142.406,142.432,142.406,142.427,1163.98
2023-12-26 18:15:00+00:00,142.426,142.454,142.426,142.446,1123.59
2023-12-26 18:20:00+00:00,142.444,142.453,142.421,142.425,1156.8
2023-12-26 18:25:00+00:00,142.423,142.446,142.423,142.444,1015.47
2023-12-26 18:30:00+00:00,142.444,142.444,142.404,142.433,1114.5
2023-12-26 18:35:00+00:00,142.433,142.463,142.432,142.452,891.3
2023-12-26 18:40:00+00:00,142.451,142.513,142.445,142.505,880.06
2023-12-26 18:45:00+00:00,142.506,142.516,142.485,142.509,519.0
2023-12-26 18:50:00+00:00,142.509,142.518,142.504,142.504,332.7
2023-12-26 18:55:00+00:00,142.505,142.506,142.481,142.497,770.87
2023-12-26 19:00:00+00:00,142.497,142.498,142.463,142.48,649.85
2023-12-26 19:05:00+00:00,142.479,142.481,142.455,142.464,559.62
2023-12-26 19:10:00+00:00,142.464,142.464,142.444,142.458,537.75
2023-12-26 19:15:00+00:00,142.459,142.46,142.444,142.451,510.6
2023-12-26 19:20:00+00:00,142.451,142.452,142.435,142.447,542.85
2023-12-26 19:25:00+00:00,142.446,142.457,142.436,142.456,609.3
2023-12-26 19:30:00+00:00,142.457,142.466,142.453,142.454,581.53
2023-12-26 19:35:00+00:00,142.455,142.457,142.417,142.436,696.6
2023-12-26 19:40:00+00:00,142.436,142.462,142.428,142.454,928.65
2023-12-26 19:45:00+00:00,142.453,142.455,142.434,142.437,1090.92
2023-12-26 19:50:00+00:00,142.436,142.46,142.435,142.455,852.9
2023-12-26 19:55:00+00:00,142.457,142.486,142.452,142.475,1390.65
2023-12-26 20:00:00+00:00,142.476,142.478,142.446,142.461,1414.14
2023-12-26 20:05:00+00:00,142.461,142.463,142.441,142.456,684.43
2023-12-26 20:10:00+00:00,142.457,142.46,142.428,142.433,1360.92
2023-12-26 20:15:00+00:00,142.433,142.441,142.431,142.432,920.8
2023-12-26 20:20:00+00:00,142.433,142.436,142.411,142.414,1236.25
2023-12-26 20:25:00+00:00,142.412,142.432,142.404,142.432,927.6
2023-12-26 20:30:00+00:00,142.43,142.435,142.414,142.421,878.84
2023-12-26 20:35:00+00:00,142.42,142.422,142.404,142.413,1015.95
2023-12-26 20:40:00+00:00,142.413,142.435,142.41,142.431,923.26
2023-12-26 20:45:00+00:00,142.432,142.432,142.404,142.412,1039.65
2023-12-26 20:50:00+00:00,142.415,142.425,142.404,142.423,1537.59
2023-12-26 20:55:00+00:00,142.423,142.431,142.409,142.431,1908.59
2023-12-26 21:00:00+00:00,142.428,142.436,142.423,142.432,1071.93
2023-12-26 21:05:00+00:00,142.432,142.439,142.426,142.427,363.9
2023-12-26 21:10:00+00:00,142.428,142.429,142.414,142.424,385.8
2023-12-26 21:15:00+00:00,142.427,142.428,142.409,142.41,289.8
2023-12-26 21:20:00+00:00,142.412,142.412,142.398,142.402,290.4
2023-12-26 21:25:00+00:00,142.403,142.42,142.397,142.417,780.0
2023-12-26 21:30:00+00:00,142.416,142.43,142.415,142.426,592.5
2023-12-26 21:35:00+00:00,142.426,142.43,142.412,142.414,507.0
2023-12-26 21:40:00+00:00,142.414,142.415,142.4,142.405,524.25
2023-12-26 21:45:00+00:00,142.405,142.407,142.389,142.393,442.05
2023-12-26 21:50:00+00:00,142.391,142.4,142.364,142.368,648.6
2023-12-26 21:55:00+00:00,142.37,142.4,142.366,142.388,688.69
2023-12-26 22:00:00+00:00,142.387,142.387,142.319,142.319,8.55
2023-12-26 22:05:00+00:00,142.36,142.36,142.28,142.284,9.3
2023-12-26 22:10:00+00:00,142.315,142.394,142.284,142.385,67.76
2023-12-26 22:15:00+00:00,142.385,142.385,142.285,142.286,41.12
2023-12-26 22:20:00+00:00,142.294,142.361,142.294,142.358,29.67
2023-12-26 22:25:00+00:00,142.377,142.38,142.356,142.368,97.72
2023-12-26 22:30:00+00:00,142.368,142.375,142.354,142.367,73.61
2023-12-26 22:35:00+00:00,142.367,142.382,142.36,142.374,49.2
2023-12-26 22:40:00+00:00,142.371,142.371,142.341,142.353,85.29
2023-12-26 22:45:00+00:00,142.353,142.353,142.34,142.349,54.76
2023-12-26 22:50:00+00:00,142.349,142.378,142.34,142.372,84.15
2023-12-26 22:55:00+00:00,142.364,142.385,142.363,142.376,163.92
2023-12-26 23:00:00+00:00,142.397,142.397,142.328,142.329,369.85
2023-12-26 23:05:00+00:00,142.329,142.33,142.314,142.315,115.5
2023-12-26 23:10:00+00:00,142.314,142.355,142.3,142.354,342.19
2023-12-26 23:15:00+00:00,142.355,142.355,142.33,142.341,193.62
2023-12-26 23:20:00+00:00,142.341,142.364,142.339,142.352,230.1
2023-12-26 23:25:00+00:00,142.35,142.378,142.339,142.368,260.1
2023-12-26 23:30:00+00:00,142.367,142.385,142.357,142.36,750.6
2023-12-26 23:35:00+00:00,142.36,142.374,142.345,142.371,322.05
2023-12-26 23:40:00+00:00,142.371,142.374,142.367,142.37,223.17
2023-12-26 23:45:00+00:00,142.371,142.381,142.366,142.367,333.3
2023-12-26 23:50:00+00:00,142.366,142.471,142.366,142.465,588.88
2023-12-26 23:55:00+00:00,142.463,142.488,142.431,142.487,593.16
2023-12-27 00:00:00+00:00,142.487,142.554,142.464,142.532,1172.66
2023-12-27 00:05:00+00:00,142.532,142.638,142.529,142.6,931.34
2023-12-27 00:10:00+00:00,142.601,142.684,142.592,142.67,979.88
2023-12-27 00:15:00+00:00,142.671,142.678,142.617,142.665,1031.13
2023-12-27 00:20:00+00:00,142.664,142.83,142.657,142.828,1737.36
2023-12-27 00:25:00+00:00,142.828,142.848,142.769,142.789,1917.17
2023-12-27 00:30:00+00:00,142.789,142.82,142.739,142.815,1260.13
2023-12-27 00:35:00+00:00,142.817,142.818,142.757,142.784,1216.66
2023-12-27 00:40:00+00:00,142.785,142.803,142.72,142.722,661.21
2023-12-27 00:45:00+00:00,142.721,142.754,142.705,142.714,1575.09
2023-12-27 00:50:00+00:00,142.713,142.781,142.682,142.708,3362.77
2023-12-27 00:55:00+00:00,142.708,142.716,142.657,142.709,3202.99
2023-12-27 01:00:00+00:00,142.709,142.725,142.642,142.666,2384.77
2023-12-27 01:05:00+00:00,142.666,142.694,142.621,142.627,1820.5
2023-12-27 01:10:00+00:00,142.626,142.639,142.604,142.616,1770.3
2023-12-27 01:15:00+00:00,142.616,142.715,142.609,142.714,1647.12
2023-12-27 01:20:00+00:00,142.713,142.763,142.683,142.683,1710.99
2023-12-27 01:25:00+00:00,142.68,142.725,142.676,142.692,1911.92
2023-12-27 01:30:00+00:00,142.69,142.703,142.635,142.657,2166.24
2023-12-27 01:35:00+00:00,142.656,142.7,142.65,142.699,1752.24
2023-12-27 01:40:00+00:00,142.7,142.722,142.666,142.669,1674.7
2023-12-27 01:45:00+00:00,142.671,142.676,142.64,142.652,1478.38
2023-12-27 01:50:00+00:00,142.653,142.653,142.608,142.622,1719.58
2023-12-27 01:55:00+00:00,142.622,142.657,142.61,142.613,2070.29
2023-12-27 02:00:00+00:00,142.612,142.654,142.61,142.618,1772.95
2023-12-27 02:05:00+00:00,142.618,142.71,142.618,142.707,1458.84
2023-12-27 02:10:00+00:00,142.708,142.71,142.676,142.701,1622.27
2023-12-27 02:15:00+00:00,142.702,142.729,142.672,142.672,1624.58
2023-12-27 02:20:00+00:00,142.67,142.675,142.601,142.616,1779.6
2023-12-27 02:25:00+00:00,142.616,142.618,142.552,142.562,1017.69
2023-12-27 02:30:00+00:00,142.562,142.566,142.491,142.508,1621.47
2023-12-27 02:35:00+00:00,142.51,142.523,142.484,142.498,1184.59
2023-12-27 02:40:00+00:00,142.499,142.526,142.464,142.468,1125.49
2023-12-27 02:45:00+00:00,142.469,142.481,142.436,142.479,1326.88
2023-12-27 02:50:00+00:00,142.479,142.489,142.444,142.486,1219.91
2023-12-27 02:55:00+00:00,142.488,142.501,142.466,142.486,1247.95
2023-12-27 03:00:00+00:00,142.486,142.539,142.477,142.527,993.17
2023-12-27 03:05:00+00:00,142.527,142.533,142.505,142.525,961.93
2023-12-27 03:10:00+00:00,142.527,142.542,142.517,142.538,820.59
2023-12-27 03:15:00+00:00,142.537,142.548,142.524,142.535,623.44
2023-12-27 03:20:00+00:00,142.534,142.534,142.492,142.497,1111.85
2023-12-27 03:25:00+00:00,142.496,142.502,142.434,142.473,1601.58
2023-12-27 03:30:00+00:00,142.472,142.519,142.447,142.512,1558.07
2023-12-27 03:35:00+00:00,142.513,142.547,142.51,142.541,1245.26
2023-12-27 03:40:00+00:00,142.543,142.553,142.529,142.536,938.3
2023-12-27 03:45:00+00:00,142.536,142.555,142.533,142.55,470.04
2023-12-27 03:50:00+00:00,142.548,142.572,142.548,142.552,542.55
2023-12-27 03:55:00+00:00,142.552,142.572,142.545,142.566,698.7
2023-12-27 04:00:00+00:00,142.566,142.598,142.559,142.596,1232.3
2023-12-27 04:05:00+00:00,142.596,142.618,142.593,142.607,1142.45
2023-12-27 04:10:00+00:00,142.607,142.609,142.559,142.586,1369.83
2023-12-27 04:15:00+00:00,142.585,142.629,142.581,142.616,770.03
2023-12-27 04:20:00+00:00,142.617,142.623,142.587,142.592,1141.9
2023-12-27 04:25:00+00:00,142.592,142.619,142.592,142.617,404.07
2023-12-27 04:30:00+00:00,142.62,142.636,142.615,142.635,555.64
2023-12-27 04:35:00+00:00,142.635,142.644,142.624,142.64,911.52
2023-12-27 04:40:00+00:00,142.64,142.652,142.626,142.631,1214.74
2023-12-27 04:45:00+00:00,142.632,142.659,142.621,142.656,1219.02
2023-12-27 04:50:00+00:00,142.655,142.656,142.623,142.631,1137.33
2023-12-27 04:55:00+00:00,142.632,142.642,142.58,142.583,1179.31
2023-12-27 05:00:00+00:00,142.581,142.618,142.581,142.591,1227.06
2023-12-27 05:05:00+00:00,142.59,142.597,142.579,142.59,848.4
2023-12-27 05:10:00+00:00,142.594,142.595,142.54,142.548,1825.35
2023-12-27 05:15:00+00:00,142.548,142.566,142.544,142.556,898.35
2023-12-27 05:20:00+00:00,142.557,142.565,142.545,142.545,1208.7
2023-12-27 05:25:00+00:00,142.547,142.57,142.544,142.567,1013.4
2023-12-27 05:30:00+00:00,142.569,142.602,142.552,142.586,1761.7
2023-12-27 05:35:00+00:00,142.585,142.613,142.581,142.581,1051.0
2023-12-27 05:40:00+00:00,142.583,142.6,142.563,142.589,982.94
2023-12-27 05:45:00+00:00,142.591,142.591,142.558,142.574,1402.07
2023-12-27 05:50:00+00:00,142.575,142.601,142.565,142.57,943.75
2023-12-27 05:55:00+00:00,142.571,142.595,142.554,142.565,1805.76
2023-12-27 06:00:00+00:00,142.564,142.567,142.525,142.563,1867.21
2023-12-27 06:05:00+00:00,142.563,142.602,142.563,142.582,1433.64
2023-12-27 06:10:00+00:00,142.584,142.593,142.564,142.574,1011.65
2023-12-27 06:15:00+00:00,142.574,142.655,142.569,142.655,825.22
2023-12-27 06:20:00+00:00,142.654,142.654,142.64,142.647,650.42
2023-12-27 06:25:00+00:00,142.646,142.672,142.615,142.663,1328.0
2023-12-27 06:30:00+00:00,142.662,142.672,142.641,142.641,827.97
2023-12-27 06:35:00+00:00,142.642,142.677,142.638,142.671,845.68
2023-12-27 06:40:00+00:00,142.671,142.675,142.635,142.65,1132.39
2023-12-27 06:45:00+00:00,142.648,142.666,142.634,142.661,1296.42
2023-12-27 06:50:00+00:00,142.66,142.676,142.647,142.658,1252.62
2023-12-27 06:55:00+00:00,142.66,142.671,142.646,142.663,1497.07
2023-12-27 07:00:00+00:00,142.663,142.696,142.653,142.682,2585.62
2023-12-27 07:05:00+00:00,142.68,142.743,142.673,142.742,2203.7
2023-12-27 07:10:00+00:00,142.742,142.753,142.713,142.727,1831.13
2023-12-27 07:15:00+00:00,142.726,142.751,142.704,142.742,1520.44
2023-12-27 07:20:00+00:00,142.742,142.789,142.732,142.763,1219.6
2023-12-27 07:25:00+00:00,142.761,142.793,142.759,142.792,1910.1
2023-12-27 07:30:00+00:00,142.793,142.837,142.778,142.813,3053.35
2023-12-27 07:35:00+00:00,142.813,142.828,142.799,142.801,1885.56
2023-12-27 07:40:00+00:00,142.801,142.802,142.699,142.737,1977.15
2023-12-27 07:45:00+00:00,142.739,142.742,142.717,142.727,741.89
2023-12-27 07:50:00+00:00,142.726,142.787,142.72,142.786,891.77
2023-12-27 07:55:00+00:00,142.788,142.815,142.783,142.785,2224.09
2023-12-27 08:00:00+00:00,142.786,142.807,142.51,142.512,5156.28
2023-12-27 08:05:00+00:00,142.511,142.55,142.445,142.515,2992.47
2023-12-27 08:10:00+00:00,142.515,142.605,142.505,142.573,1782.83
2023-12-27 08:15:00+00:00,142.574,142.583,142.529,142.564,1968.27
2023-12-27 08:20:00+00:00,142.564,142.661,142.556,142.643,1733.37
2023-12-27 08:25:00+00:00,142.646,142.706,142.641,142.7,2041.18
2023-12-27 08:30:00+00:00,142.693,142.749,142.685,142.72,1944.3
2023-12-27 08:35:00+00:00,142.72,142.76,142.709,142.711,1609.75
2023-12-27 08:40:00+00:00,142.713,142.715,142.616,142.665,2461.69
2023-12-27 08:45:00+00:00,142.666,142.681,142.603,142.616,1838.97
2023-12-27 08:50:00+00:00,142.619,142.642,142.604,142.606,1370.87
2023-12-27 08:55:00+00:00,142.608,142.647,142.606,142.635,1177.05
2023-12-27 09:00:00+00:00,142.637,142.647,142.577,142.583,1807.97
2023-12-27 09:05:00+00:00,142.583,142.583,142.508,142.517,1686.83
2023-12-27 09:10:00+00:00,142.517,142.553,142.515,142.516,1034.4
2023-12-27 09:15:00+00:00,142.516,142.56,142.514,142.543,646.68
2023-12-27 09:20:00+00:00,142.542,142.546,142.497,142.541,1312.56
2023-12-27 09:25:00+00:00,142.544,142.563,142.516,142.561,1544.93
2023-12-27 09:30:00+00:00,142.561,142.562,142.507,142.507,1454.56
2023-12-27 09:35:00+00:00,142.508,142.552,142.508,142.518,1539.22
2023-12-27 09:40:00+00:00,142.518,142.519,142.466,142.472,924.47
2023-12-27 09:45:00+00:00,142.472,142.516,142.455,142.504,1705.07
2023-12-27 09:50:00+00:00,142.501,142.549,142.493,142.537,1544.56
2023-12-27 09:55:00+00:00,142.537,142.609,142.537,142.581,1457.54
2023-12-27 10:00:00+00:00,142.583,142.589,142.543,142.563,875.21
2023-12-27 10:05:00+00:00,142.562,142.58,142.529,142.529,666.84
2023-12-27 10:10:00+00:00,142.525,142.552,142.519,142.542,788.02
2023-12-27 10:15:00+00:00,142.543,142.574,142.543,142.554,881.91
2023-12-27 10:20:00+00:00,142.558,142.588,142.547,142.569,1067.07
2023-12-27 10:25:00+00:00,142.564,142.588,142.563,142.582,679.54
2023-12-27 10:30:00+00:00,142.582,142.644,142.579,142.599,1017.93
2023-12-27 10:35:00+00:00,142.6,142.622,142.591,142.593,674.1
2023-12-27 10:40:00+00:00,142.592,142.593,142.572,142.584,673.1
2023-12-27 10:45:00+00:00,142.589,142.605,142.567,142.582,538.57
2023-12-27 10:50:00+00:00,142.584,142.625,142.58,142.622,819.0
2023-12-27 10:55:00+00:00,142.619,142.657,142.615,142.63,579.31
2023-12-27 11:00:00+00:00,142.629,142.631,142.598,142.615,1002.17
2023-12-27 11:05:00+00:00,142.612,142.652,142.611,142.652,885.16
2023-12-27 11:10:00+00:00,142.652,142.655,142.594,142.603,1024.87
2023-12-27 11:15:00+00:00,142.602,142.613,142.592,142.603,779.49
2023-12-27 11:20:00+00:00,142.599,142.627,142.577,142.581,602.52
2023-12-27 11:25:00+00:00,142.577,142.602,142.577,142.594,1179.35
2023-12-27 11:30:00+00:00,142.594,142.61,142.59,142.594,1760.95
2023-12-27 11:35:00+00:00,142.595,142.631,142.588,142.628,1322.73
2023-12-27 11:40:00+00:00,142.629,142.641,142.613,142.63,1374.61
2023-12-27 11:45:00+00:00,142.632,142.636,142.592,142.594,874.48
2023-12-27 11:50:00+00:00,142.593,142.602,142.572,142.573,1068.65
2023-12-27 11:55:00+00:00,142.572,142.572,142.507,142.545,1973.82
2023-12-27 12:00:00+00:00,142.544,142.558,142.527,142.535,970.53
2023-12-27 12:05:00+00:00,142.535,142.578,142.534,142.576,1303.09
2023-12-27 12:10:00+00:00,142.576,142.582,142.546,142.56,1516.63
2023-12-27 12:15:00+00:00,142.56,142.57,142.55,142.556,1116.97
2023-12-27 12:20:00+00:00,142.558,142.576,142.554,142.573,1812.33
2023-12-27 12:25:00+00:00,142.574,142.595,142.564,142.572,1628.51
2023-12-27 12:30:00+00:00,142.569,142.576,142.549,142.556,1790.22
2023-12-27 12:35:00+00:00,142.556,142.574,142.511,142.566,1885.05
2023-12-27 12:40:00+00:00,142.571,142.602,142.569,142.6,1401.27
2023-12-27 12:45:00+00:00,142.6,142.606,142.595,142.602,1134.43
2023-12-27 12:50:00+00:00,142.602,142.623,142.601,142.613,1503.91
2023-12-27 12:55:00+00:00,142.615,142.616,142.567,142.588,3197.34
2023-12-27 13:00:00+00:00,142.587,142.603,142.538,142.541,3176.18
2023-12-27 13:05:00+00:00,142.543,142.617,142.529,142.612,1861.12
2023-12-27 13:10:00+00:00,142.614,142.616,142.578,142.583,2108.87
2023-12-27 13:15:00+00:00,142.582,142.605,142.577,142.586,2325.75
2023-12-27 13:20:00+00:00,142.587,142.605,142.582,142.593,1621.25
2023-12-27 13:25:00+00:00,142.591,142.623,142.572,142.574,1519.99
2023-12-27 13:30:00+00:00,142.575,142.593,142.531,142.584,2107.0
2023-12-27 13:35:00+00:00,142.586,142.62,142.584,142.588,2003.53
2023-12-27 13:40:00+00:00,142.588,142.591,142.544,142.555,1987.67
2023-12-27 13:45:00+00:00,142.556,142.607,142.544,142.572,2343.16
2023-12-27 13:50:00+00:00,142.574,142.598,142.565,142.57,1921.8
2023-12-27 13:55:00+00:00,142.57,142.574,142.518,142.572,2529.64
2023-12-27 14:00:00+00:00,142.572,142.587,142.526,142.531,2284.39
2023-12-27 14:05:00+00:00,142.528,142.559,142.503,142.527,1944.71
2023-12-27 14:10:00+00:00,142.525,142.537,142.499,142.517,1130.73
2023-12-27 14:15:00+00:00,142.516,142.52,142.487,142.519,922.56
2023-12-27 14:20:00+00:00,142.522,142.524,142.448,142.47,1728.35
2023-12-27 14:25:00+00:00,142.472,142.54,142.464,142.526,1295.47
2023-12-27 14:30:00+00:00,142.526,142.577,142.515,142.557,2405.82
2023-12-27 14:35:00+00:00,142.556,142.58,142.545,142.557,1994.74
2023-12-27 14:40:00+00:00,142.557,142.577,142.533,142.552,2430.39
2023-12-27 14:45:00+00:00,142.552,142.602,142.547,142.581,1664.59
2023-12-27 14:50:00+00:00,142.579,142.583,142.543,142.547,1884.73
2023-12-27 14:55:00+00:00,142.547,142.613,142.513,142.604,2662.34
2023-12-27 15:00:00+00:00,142.604,142.647,142.525,142.55,3053.41
2023-12-27 15:05:00+00:00,142.55,142.552,142.492,142.495,2076.57
2023-12-27 15:10:00+00:00,142.494,142.537,142.461,142.506,2153.88
2023-12-27 15:15:00+00:00,142.505,142.507,142.406,142.459,2946.95
2023-12-27 15:20:00+00:00,142.46,142.467,142.421,142.435,1428.42
2023-12-27 15:25:00+00:00,142.434,142.435,142.388,142.396,1718.51
2023-12-27 15:30:00+00:00,142.396,142.408,142.351,142.406,1703.35
2023-12-27 15:35:00+00:00,142.405,142.415,142.356,142.365,1478.92
2023-12-27 15:40:00+00:00,142.367,142.414,142.349,142.414,1009.16
2023-12-27 15:45:00+00:00,142.415,142.43,142.378,142.389,1444.32
2023-12-27 15:50:00+00:00,142.389,142.392,142.247,142.259,2936.93
2023-12-27 15:55:00+00:00,142.257,142.285,142.198,142.205,2572.82
2023-12-27 16:00:00+00:00,142.204,142.237,142.185,142.215,3148.91
2023-12-27 16:05:00+00:00,142.215,142.215,142.002,142.045,3486.83
2023-12-27 16:10:00+00:00,142.045,142.07,142.009,142.013,2804.06
2023-12-27 16:15:00+00:00,142.012,142.061,141.951,141.956,3323.57
2023-12-27 16:20:00+00:00,141.956,141.961,141.84,141.872,3463.33
2023-12-27 16:25:00+00:00,141.869,141.91,141.827,141.892,3129.79
2023-12-27 16:30:00+00:00,141.892,141.972,141.874,141.961,1944.28
2023-12-27 16:35:00+00:00,141.962,141.962,141.865,141.874,1579.96
2023-12-27 16:40:00+00:00,141.876,141.934,141.858,141.934,1322.0
2023-12-27 16:45:00+00:00,141.933,141.973,141.903,141.972,1195.61
2023-12-27 16:50:00+00:00,141.972,142.067,141.961,142.051,2126.54
2023-12-27 16:55:00+00:00,142.051,142.078,142.043,142.057,1999.55
2023-12-27 17:00:00+00:00,142.055,142.141,142.055,142.125,2141.01
2023-12-27 17:05:00+00:00,142.125,142.168,142.116,142.149,1415.38
2023-12-27 17:10:00+00:00,142.149,142.17,142.128,142.15,1841.77
2023-12-27 17:15:00+00:00,142.149,142.189,142.148,142.161,1115.27
2023-12-27 17:20:00+00:00,142.162,142.179,142.13,142.159,1589.41
2023-12-27 17:25:00+00:00,142.158,142.169,142.128,142.15,1270.02
2023-12-27 17:30:00+00:00,142.15,142.151,142.111,142.138,865.99
2023-12-27 17:35:00+00:00,142.138,142.165,142.12,142.15,1610.85
2023-12-27 17:40:00+00:00,142.15,142.153,142.094,142.126,1503.86
2023-12-27 17:45:00+00:00,142.126,142.138,142.095,142.106,1593.65
2023-12-27 17:50:00+00:00,142.11,142.13,142.097,142.1,1789.34
2023-12-27 17:55:00+00:00,142.1,142.111,142.081,142.098,2043.99
2023-12-27 18:00:00+00:00,142.1,142.123,142.003,142.028,3020.13
2023-12-27 18:05:00+00:00,142.028,142.048,141.972,141.981,2500.61
2023-12-27 18:10:00+00:00,141.981,142.02,141.98,142.019,2600.55
2023-12-27 18:15:00+00:00,142.019,142.026,141.958,141.959,1516.77
2023-12-27 18:20:00+00:00,141.959,142.026,141.947,142.024,1573.65
2023-12-27 18:25:00+00:00,142.024,142.042,142.011,142.03,1363.35
2023-12-27 18:30:00+00:00,142.03,142.103,142.029,142.09,1419.69
2023-12-27 18:35:00+00:00,142.091,142.133,142.081,142.132,1029.41
2023-12-27 18:40:00+00:00,142.131,142.168,142.126,142.142,995.85
2023-12-27 18:45:00+00:00,142.142,142.146,142.102,142.109,827.24
2023-12-27 18:50:00+00:00,142.108,142.111,142.049,142.058,986.23
2023-12-27 18:55:00+00:00,142.057,142.064,142.042,142.044,1004.46
2023-12-27 19:00:00+00:00,142.043,142.123,142.043,142.12,1996.19
2023-12-27 19:05:00+00:00,142.119,142.121,142.087,142.098,1017.9
2023-12-27 19:10:00+00:00,142.099,142.129,142.096,142.108,954.82
2023-12-27 19:15:00+00:00,142.105,142.108,142.024,142.028,1766.55
2023-12-27 19:20:00+00:00,142.027,142.046,142.019,142.036,1637.3
2023-12-27 19:25:00+00:00,142.035,142.045,142.0,142.004,1082.76
2023-12-27 19:30:00+00:00,142.003,142.006,141.563,141.608,4229.83
2023-12-27 19:35:00+00:00,141.608,141.72,141.55,141.69,2026.61
2023-12-27 19:40:00+00:00,141.696,141.76,141.696,141.743,852.55
2023-12-27 19:45:00+00:00,141.743,141.797,141.736,141.797,1712.95
2023-12-27 19:50:00+00:00,141.797,141.939,141.796,141.928,1601.6
2023-12-27 19:55:00+00:00,141.928,141.944,141.875,141.885,1322.82
2023-12-27 20:00:00+00:00,141.886,141.896,141.861,141.879,2093.35
2023-12-27 20:05:00+00:00,141.878,141.88,141.816,141.837,1238.85
2023-12-27 20:10:00+00:00,141.836,141.881,141.818,141.869,1832.58
2023-12-27 20:15:00+00:00,141.868,141.868,141.772,141.772,1772.95
2023-12-27 20:20:00+00:00,141.773,141.8,141.751,141.774,1488.7
2023-12-27 20:25:00+00:00,141.774,141.847,141.77,141.816,844.38
2023-12-27 20:30:00+00:00,141.814,141.836,141.795,141.82,842.37
2023-12-27 20:35:00+00:00,141.82,141.82,141.776,141.785,1056.77
2023-12-27 20:40:00+00:00,141.785,141.815,141.759,141.789,1061.83
2023-12-27 20:45:00+00:00,141.791,141.802,141.746,141.796,1233.51
2023-12-27 20:50:00+00:00,141.796,141.797,141.745,141.762,1043.31
2023-12-27 20:55:00+00:00,141.762,141.807,141.76,141.806,971.6
2023-12-27 21:00:00+00:00,141.807,141.811,141.767,141.797,453.22
2023-12-27 21:05:00+00:00,141.802,141.854,141.802,141.85,388.5
2023-12-27 21:10:00+00:00,141.851,141.883,141.795,141.801,598.47
2023-12-27 21:15:00+00:00,141.805,141.806,141.739,141.772,461.27
2023-12-27 21:20:00+00:00,141.771,141.816,141.766,141.816,304.89
2023-12-27 21:25:00+00:00,141.816,141.826,141.794,141.816,411.04
2023-12-27 21:30:00+00:00,141.815,141.827,141.811,141.816,387.68
2023-12-27 21:35:00+00:00,141.816,141.827,141.803,141.823,258.02
2023-12-27 21:40:00+00:00,141.828,141.843,141.814,141.838,381.21
2023-12-27 21:45:00+00:00,141.836,141.839,141.803,141.816,330.85
2023-12-27 21:50:00+00:00,141.816,141.817,141.806,141.813,559.37
2023-12-27 21:55:00+00:00,141.81,141.834,141.81,141.817,379.2
2023-12-27 22:00:00+00:00,141.812,141.816,141.689,141.689,37.0
2023-12-27 22:05:00+00:00,141.689,141.689,141.658,141.668,89.5
2023-12-27 22:10:00+00:00,141.672,141.676,141.658,141.675,66.9
2023-12-27 22:15:00+00:00,141.666,141.668,141.661,141.665,42.0
2023-12-27 22:20:00+00:00,141.665,141.669,141.632,141.64,96.6
2023-12-27 22:25:00+00:00,141.642,141.647,141.56,141.586,159.6
2023-12-27 22:30:00+00:00,141.592,141.592,141.555,141.563,201.6
2023-12-27 22:35:00+00:00,141.565,141.575,141.555,141.573,198.3
2023-12-27 22:40:00+00:00,141.573,141.616,141.571,141.582,135.85
2023-12-27 22:45:00+00:00,141.583,141.63,141.572,141.612,140.16
2023-12-27 22:50:00+00:00,141.61,141.616,141.591,141.593,229.77
2023-12-27 22:55:00+00:00,141.593,141.617,141.59,141.604,174.8
2023-12-27 23:00:00+00:00,141.605,141.66,141.574,141.655,708.14
2023-12-27 23:05:00+00:00,141.654,141.657,141.543,141.581,533.91
2023-12-27 23:10:00+00:00,141.58,141.659,141.576,141.653,590.78
2023-12-27 23:15:00+00:00,141.652,141.652,141.594,141.618,708.57
2023-12-27 23:20:00+00:00,141.619,141.62,141.576,141.594,956.08
2023-12-27 23:25:00+00:00,141.596,141.597,141.563,141.584,533.2
2023-12-27 23:30:00+00:00,141.584,141.602,141.582,141.594,809.73
2023-12-27 23:35:00+00:00,141.594,141.608,141.572,141.585,542.0
2023-12-27 23:40:00+00:00,141.584,141.594,141.548,141.549,545.96
2023-12-27 23:45:00+00:00,141.548,141.572,141.548,141.55,757.96
2023-12-27 23:50:00+00:00,141.553,141.553,141.416,141.46,1229.42
2023-12-27 23:55:00+00:00,141.455,141.455,141.379,141.44,977.49
2023-12-28 00:00:00+00:00,141.439,141.496,141.376,141.388,1852.58
2023-12-28 00:05:00+00:00,141.388,141.389,141.168,141.254,3527.34
2023-12-28 00:10:00+00:00,141.254,141.327,141.218,141.297,2111.5
2023-12-28 00:15:00+00:00,141.297,141.388,141.297,141.32,2078.69
2023-12-28 00:20:00+00:00,141.321,141.364,141.251,141.349,2425.7
2023-12-28 00:25:00+00:00,141.348,141.349,141.279,141.289,1933.79
2023-12-28 00:30:00+00:00,141.288,141.343,141.279,141.34,1578.69
2023-12-28 00:35:00+00:00,141.34,141.392,141.319,141.362,1765.6
2023-12-28 00:40:00+00:00,141.362,141.376,141.337,141.339,1016.86
2023-12-28 00:45:00+00:00,141.34,141.354,141.281,141.309,2047.26
2023-12-28 00:50:00+00:00,141.31,141.659,141.298,141.659,5119.49
2023-12-28 00:55:00+00:00,141.661,141.666,141.55,141.578,4232.82
2023-12-28 01:00:00+00:00,141.581,141.598,141.488,141.498,2902.55
2023-12-28 01:05:00+00:00,141.499,141.499,141.41,141.42,1684.53
2023-12-28 01:10:00+00:00,141.42,141.533,141.39,141.467,1726.58
2023-12-28 01:15:00+00:00,141.468,141.544,141.46,141.544,1423.61
2023-12-28 01:20:00+00:00,141.541,141.565,141.474,141.518,2121.24
2023-12-28 01:25:00+00:00,141.518,141.544,141.469,141.494,1956.3
2023-12-28 01:30:00+00:00,141.496,141.511,141.418,141.42,1725.96
2023-12-28 01:35:00+00:00,141.421,141.478,141.38,141.466,2577.95
2023-12-28 01:40:00+00:00,141.466,141.522,141.436,141.48,1551.57
2023-12-28 01:45:00+00:00,141.48,141.52,141.458,141.485,1324.63
2023-12-28 01:50:00+00:00,141.485,141.542,141.447,141.45,2658.9
2023-12-28 01:55:00+00:00,141.449,141.467,141.397,141.397,2122.89
2023-12-28 02:00:00+00:00,141.397,141.402,141.313,141.319,2135.47
2023-12-28 02:05:00+00:00,141.327,141.336,141.265,141.285,2616.3
2023-12-28 02:10:00+00:00,141.285,141.359,141.279,141.347,1076.78
2023-12-28 02:15:00+00:00,141.347,141.356,141.291,141.291,1376.01
2023-12-28 02:20:00+00:00,141.29,141.322,141.269,141.29,1121.51
2023-12-28 02:25:00+00:00,141.289,141.364,141.278,141.361,1224.29
2023-12-28 02:30:00+00:00,141.363,141.4,141.344,141.359,1071.62
2023-12-28 02:35:00+00:00,141.359,141.381,141.326,141.332,1379.51
2023-12-28 02:40:00+00:00,141.336,141.407,141.334,141.399,1059.86
2023-12-28 02:45:00+00:00,141.399,141.401,141.345,141.368,1287.52
2023-12-28 02:50:00+00:00,141.366,141.421,141.349,141.413,1252.33
2023-12-28 02:55:00+00:00,141.411,141.433,141.369,141.414,1363.98
2023-12-28 03:00:00+00:00,141.415,141.464,141.403,141.442,1658.83
2023-12-28 03:05:00+00:00,141.442,141.455,141.404,141.424,1025.46
2023-12-28 03:10:00+00:00,141.424,141.424,141.359,141.366,1361.64
2023-12-28 03:15:00+00:00,141.367,141.37,141.329,141.347,1262.55
2023-12-28 03:20:00+00:00,141.348,141.361,141.327,141.358,1375.29
2023-12-28 03:25:00+00:00,141.359,141.385,141.329,141.365,1414.66
2023-12-28 03:30:00+00:00,141.367,141.399,141.345,141.353,1064.3
2023-12-28 03:35:00+00:00,141.354,141.385,141.339,141.376,1095.33
2023-12-28 03:40:00+00:00,141.377,141.392,141.354,141.369,1122.73
2023-12-28 03:45:00+00:00,141.37,141.371,141.3,141.317,1035.48
2023-12-28 03:50:00+00:00,141.318,141.324,141.285,141.31,1019.59
2023-12-28 03:55:00+00:00,141.309,141.324,141.29,141.309,987.77
2023-12-28 04:00:00+00:00,141.308,141.323,141.278,141.281,1424.35
2023-12-28 04:05:00+00:00,141.282,141.282,141.231,141.253,1162.43
2023-12-28 04:10:00+00:00,141.253,141.287,141.25,141.27,1036.19
2023-12-28 04:15:00+00:00,141.271,141.281,141.246,141.273,1226.03
2023-12-28 04:20:00+00:00,141.272,141.31,141.27,141.308,1348.25
2023-12-28 04:25:00+00:00,141.309,141.318,141.276,141.287,1874.23
2023-12-28 04:30:00+00:00,141.287,141.298,141.273,141.281,1505.45
2023-12-28 04:35:00+00:00,141.28,141.29,141.119,141.12,1689.19
2023-12-28 04:40:00+00:00,141.12,141.231,141.114,141.191,1917.18
2023-12-28 04:45:00+00:00,141.19,141.211,141.15,141.19,2083.02
2023-12-28 04:50:00+00:00,141.19,141.214,141.173,141.21,1597.58
2023-12-28 04:55:00+00:00,141.209,141.215,141.189,141.203,1126.32
2023-12-28 05:00:00+00:00,141.203,141.237,141.185,141.208,1593.55
2023-12-28 05:05:00+00:00,141.208,141.208,141.155,141.177,1499.3
2023-12-28 05:10:00+00:00,141.177,141.24,141.167,141.236,1288.56
2023-12-28 05:15:00+00:00,141.239,141.279,141.235,141.268,1157.34
2023-12-28 05:20:00+00:00,141.268,141.275,141.2,141.216,1180.22
2023-12-28 05:25:00+00:00,141.215,141.226,141.178,141.195,1765.12
2023-12-28 05:30:00+00:00,141.193,141.213,141.167,141.211,1298.91
2023-12-28 05:35:00+00:00,141.21,141.253,141.179,141.228,1612.93
2023-12-28 05:40:00+00:00,141.228,141.245,141.197,141.217,1446.01
2023-12-28 05:45:00+00:00,141.215,141.242,141.204,141.228,1047.75
2023-12-28 05:50:00+00:00,141.227,141.272,141.206,141.272,1303.54
2023-12-28 05:55:00+00:00,141.271,141.271,141.101,141.149,3219.35
2023-12-28 06:00:00+00:00,141.149,141.2,141.092,141.154,3369.86
2023-12-28 06:05:00+00:00,141.155,141.171,141.072,141.136,2513.9
2023-12-28 06:10:00+00:00,141.139,141.143,141.08,141.119,1913.8
2023-12-28 06:15:00+00:00,141.12,141.189,141.104,141.178,2243.5
2023-12-28 06:20:00+00:00,141.178,141.205,141.155,141.191,1542.47
2023-12-28 06:25:00+00:00,141.192,141.245,141.172,141.178,2439.95
2023-12-28 06:30:00+00:00,141.178,141.197,141.15,141.17,1207.9
2023-12-28 06:35:00+00:00,141.17,141.19,141.13,141.133,1179.79
2023-12-28 06:40:00+00:00,141.132,141.169,141.129,141.158,1273.98
2023-12-28 06:45:00+00:00,141.158,141.169,141.137,141.152,1090.99
2023-12-28 06:50:00+00:00,141.154,141.173,141.112,141.129,1367.68
2023-12-28 06:55:00+00:00,141.129,141.138,141.089,141.122,1457.71
2023-12-28 07:00:00+00:00,141.123,141.141,140.981,141.058,3701.57
2023-12-28 07:05:00+00:00,141.059,141.061,140.848,140.876,3631.49
2023-12-28 07:10:00+00:00,140.874,140.914,140.773,140.815,4531.23
2023-12-28 07:15:00+00:00,140.813,140.832,140.728,140.73,3675.71
2023-12-28 07:20:00+00:00,140.732,140.823,140.725,140.784,2746.13
2023-12-28 07:25:00+00:00,140.784,140.849,140.777,140.784,1888.37
2023-12-28 07:30:00+00:00,140.784,140.799,140.709,140.799,2412.81
2023-12-28 07:35:00+00:00,140.801,140.843,140.773,140.777,2656.63
2023-12-28 07:40:00+00:00,140.775,140.896,140.775,140.887,2719.57
2023-12-28 07:45:00+00:00,140.886,140.924,140.85,140.878,2897.89
2023-12-28 07:50:00+00:00,140.878,140.913,140.855,140.867,2473.53
2023-12-28 07:55:00+00:00,140.867,140.892,140.815,140.82,3094.81
2023-12-28 08:00:00+00:00,140.82,140.825,140.711,140.782,4017.81
2023-12-28 08:05:00+00:00,140.784,140.845,140.758,140.796,3021.34
2023-12-28 08:10:00+00:00,140.798,140.884,140.787,140.877,2593.55
2023-12-28 08:15:00+00:00,140.875,140.928,140.836,140.854,3170.27
2023-12-28 08:20:00+00:00,140.854,140.927,140.854,140.904,3779.7
2023-12-28 08:25:00+00:00,140.901,141.007,140.901,140.956,3431.95
2023-12-28 08:30:00+00:00,140.956,141.072,140.947,141.033,2642.23
2023-12-28 08:35:00+00:00,141.032,141.032,140.962,140.996,2662.88
2023-12-28 08:40:00+00:00,140.996,141.007,140.912,140.915,2879.91
2023-12-28 08:45:00+00:00,140.915,140.925,140.838,140.877,2615.38
2023-12-28 08:50:00+00:00,140.876,140.906,140.826,140.871,2860.4
2023-12-28 08:55:00+00:00,140.873,140.894,140.816,140.871,3064.44
2023-12-28 09:00:00+00:00,140.871,140.882,140.832,140.867,2131.23
2023-12-28 09:05:00+00:00,140.866,140.939,140.848,140.927,2547.81
2023-12-28 09:10:00+00:00,140.925,140.935,140.885,140.919,2660.03
2023-12-28 09:15:00+00:00,140.92,140.956,140.896,140.927,2392.24
2023-12-28 09:20:00+00:00,140.925,140.939,140.839,140.84,1923.96
2023-12-28 09:25:00+00:00,140.843,140.886,140.835,140.857,2230.01
2023-12-28 09:30:00+00:00,140.857,140.868,140.827,140.84,2289.24
2023-12-28 09:35:00+00:00,140.839,140.857,140.733,140.78,2880.52
2023-12-28 09:40:00+00:00,140.781,140.798,140.749,140.76,2389.93
2023-12-28 09:45:00+00:00,140.762,140.812,140.749,140.76,1538.16
2023-12-28 09:50:00+00:00,140.762,140.799,140.756,140.785,2536.01
2023-12-28 09:55:00+00:00,140.786,140.808,140.675,140.73,3154.38
2023-12-28 10:00:00+00:00,140.73,140.772,140.689,140.689,2481.32
2023-12-28 10:05:00+00:00,140.689,140.743,140.648,140.731,2475.7
2023-12-28 10:10:00+00:00,140.731,140.743,140.682,140.691,2117.43
2023-12-28 10:15:00+00:00,140.694,140.712,140.679,140.7,1852.05
2023-12-28 10:20:00+00:00,140.701,140.711,140.683,140.694,1619.32
2023-12-28 10:25:00+00:00,140.699,140.736,140.692,140.71,1511.62
2023-12-28 10:30:00+00:00,140.708,140.716,140.653,140.699,1890.84
2023-12-28 10:35:00+00:00,140.701,140.734,140.654,140.719,2164.32
2023-12-28 10:40:00+00:00,140.719,140.74,140.71,140.733,2248.91
2023-12-28 10:45:00+00:00,140.733,140.779,140.728,140.745,1812.76
2023-12-28 10:50:00+00:00,140.745,140.762,140.678,140.687,1521.06
2023-12-28 10:55:00+00:00,140.687,140.704,140.67,140.684,1633.33
2023-12-28 11:00:00+00:00,140.683,140.702,140.672,140.692,1227.54
2023-12-28 11:05:00+00:00,140.692,140.71,140.669,140.708,1568.02
2023-12-28 11:10:00+00:00,140.707,140.71,140.688,140.699,1920.69
2023-12-28 11:15:00+00:00,140.698,140.702,140.678,140.688,1234.86
2023-12-28 11:20:00+00:00,140.689,140.747,140.685,140.726,2338.48
2023-12-28 11:25:00+00:00,140.727,140.739,140.715,140.72,799.02
2023-12-28 11:30:00+00:00,140.721,140.731,140.682,140.7,1361.86
2023-12-28 11:35:00+00:00,140.699,140.74,140.688,140.735,1388.48
2023-12-28 11:40:00+00:00,140.734,140.756,140.728,140.754,1180.79
2023-12-28 11:45:00+00:00,140.754,140.766,140.73,140.735,1653.84
2023-12-28 11:50:00+00:00,140.735,140.827,140.735,140.826,1663.29
2023-12-28 11:55:00+00:00,140.828,140.83,140.775,140.813,1283.48
2023-12-28 12:00:00+00:00,140.817,140.836,140.79,140.833,1612.42
2023-12-28 12:05:00+00:00,140.834,140.851,140.833,140.838,1176.41
2023-12-28 12:10:00+00:00,140.839,140.845,140.825,140.828,1457.0
2023-12-28 12:15:00+00:00,140.828,140.849,140.8,140.838,1562.34
2023-12-28 12:20:00+00:00,140.839,140.937,140.833,140.898,1130.14
2023-12-28 12:25:00+00:00,140.898,140.91,140.849,140.863,1004.67
2023-12-28 12:30:00+00:00,140.862,140.878,140.85,140.853,520.07
2023-12-28 12:35:00+00:00,140.855,140.855,140.772,140.837,1792.63
2023-12-28 12:40:00+00:00,140.837,140.849,140.803,140.807,1417.49
2023-12-28 12:45:00+00:00,140.806,140.891,140.804,140.866,1223.84
2023-12-28 12:50:00+00:00,140.867,140.946,140.855,140.942,1116.97
2023-12-28 12:55:00+00:00,140.943,140.968,140.911,140.913,1759.52
2023-12-28 13:00:00+00:00,140.913,140.924,140.849,140.884,3165.62
2023-12-28 13:05:00+00:00,140.885,140.921,140.852,140.86,2228.31
2023-12-28 13:10:00+00:00,140.858,140.892,140.853,140.882,2014.63
2023-12-28 13:15:00+00:00,140.884,140.961,140.882,140.95,2401.47
2023-12-28 13:20:00+00:00,140.949,140.954,140.913,140.922,2176.31
2023-12-28 13:25:00+00:00,140.923,140.933,140.866,140.92,1994.13
2023-12-28 13:30:00+00:00,140.917,140.929,140.757,140.773,4275.95
2023-12-28 13:35:00+00:00,140.772,140.811,140.705,140.705,2865.56
2023-12-28 13:40:00+00:00,140.707,140.816,140.704,140.802,1953.37
2023-12-28 13:45:00+00:00,140.81,140.847,140.792,140.801,2422.71
2023-12-28 13:50:00+00:00,140.799,140.915,140.786,140.906,2318.41
2023-12-28 13:55:00+00:00,140.906,141.136,140.902,141.118,2466.86
2023-12-28 14:00:00+00:00,141.117,141.12,141.037,141.058,2408.83
2023-12-28 14:05:00+00:00,141.058,141.067,140.988,140.988,1853.17
2023-12-28 14:10:00+00:00,140.989,141.019,140.933,140.946,2286.61
2023-12-28 14:15:00+00:00,140.946,140.983,140.925,140.977,1598.36
2023-12-28 14:20:00+00:00,140.976,141.023,140.958,140.995,2237.73
2023-12-28 14:25:00+00:00,140.992,141.046,140.966,141.036,1520.21
2023-12-28 14:30:00+00:00,141.034,141.034,140.955,140.978,2541.97
2023-12-28 14:35:00+00:00,140.977,141.025,140.95,140.966,2292.09
2023-12-28 14:40:00+00:00,140.966,141.033,140.921,140.921,2887.46
2023-12-28 14:45:00+00:00,140.921,140.942,140.843,140.858,2655.32
2023-12-28 14:50:00+00:00,140.858,140.859,140.782,140.792,1728.84
2023-12-28 14:55:00+00:00,140.792,140.802,140.75,140.754,2186.88
2023-12-28 15:00:00+00:00,140.759,140.795,140.717,140.734,1904.11
2023-12-28 15:05:00+00:00,140.734,140.778,140.681,140.739,2335.16
2023-12-28 15:10:00+00:00,140.738,140.778,140.697,140.718,3173.07
2023-12-28 15:15:00+00:00,140.719,140.773,140.658,140.685,3028.89
2023-12-28 15:20:00+00:00,140.685,140.694,140.55,140.55,2629.6
2023-12-28 15:25:00+00:00,140.55,140.563,140.404,140.416,3108.83
2023-12-28 15:30:00+00:00,140.417,140.472,140.345,140.409,2980.22
2023-12-28 15:35:00+00:00,140.41,140.412,140.341,140.355,2173.23
2023-12-28 15:40:00+00:00,140.355,140.358,140.248,140.288,2804.38
2023-12-28 15:45:00+00:00,140.289,140.356,140.286,140.337,2016.85
2023-12-28 15:50:00+00:00,140.332,140.465,140.317,140.432,2168.55
2023-12-28 15:55:00+00:00,140.431,140.895,140.431,140.881,8551.3
2023-12-28 16:00:00+00:00,140.88,141.263,140.858,140.966,7111.71
2023-12-28 16:05:00+00:00,140.967,141.137,140.947,141.088,2868.72
2023-12-28 16:10:00+00:00,141.088,141.123,141.002,141.03,3622.09
2023-12-28 16:15:00+00:00,141.031,141.089,140.995,141.082,3636.38
2023-12-28 16:20:00+00:00,141.08,141.165,141.041,141.122,3198.51
2023-12-28 16:25:00+00:00,141.122,141.139,141.071,141.09,1756.73
2023-12-28 16:30:00+00:00,141.089,141.111,141.013,141.059,1604.2
2023-12-28 16:35:00+00:00,141.066,141.098,141.033,141.037,1581.16
2023-12-28 16:40:00+00:00,141.036,141.107,141.034,141.08,1849.52
2023-12-28 16:45:00+00:00,141.082,141.09,141.049,141.056,1239.94
2023-12-28 16:50:00+00:00,141.059,141.095,141.033,141.088,1587.74
2023-12-28 16:55:00+00:00,141.088,141.117,141.073,141.085,1666.95
2023-12-28 17:00:00+00:00,141.084,141.233,141.081,141.221,1545.86
2023-12-28 17:05:00+00:00,141.218,141.421,141.218,141.397,2205.65
2023-12-28 17:10:00+00:00,141.394,141.394,141.311,141.336,2043.37
2023-12-28 17:15:00+00:00,141.336,141.339,141.276,141.28,1420.4
2023-12-28 17:20:00+00:00,141.28,141.284,141.227,141.263,1365.62
2023-12-28 17:25:00+00:00,141.266,141.292,141.254,141.275,750.9
2023-12-28 17:30:00+00:00,141.275,141.304,141.214,141.232,1520.79
2023-12-28 17:35:00+00:00,141.235,141.294,141.225,141.28,1111.9
2023-12-28 17:40:00+00:00,141.28,141.288,141.243,141.26,576.83
2023-12-28 17:45:00+00:00,141.257,141.262,141.235,141.253,1149.63
2023-12-28 17:50:00+00:00,141.252,141.31,141.252,141.287,969.36
2023-12-28 17:55:00+00:00,141.285,141.292,141.211,141.217,1154.23
2023-12-28 18:00:00+00:00,141.215,141.449,141.192,141.36,2474.54
2023-12-28 18:05:00+00:00,141.36,141.387,141.318,141.318,2412.39
2023-12-28 18:10:00+00:00,141.319,141.418,141.312,141.372,1912.74
2023-12-28 18:15:00+00:00,141.372,141.413,141.353,141.388,1545.66
2023-12-28 18:20:00+00:00,141.387,141.475,141.375,141.445,1433.41
2023-12-28 18:25:00+00:00,141.445,141.581,141.445,141.562,1466.85
2023-12-28 18:30:00+00:00,141.563,141.584,141.536,141.569,1078.49
2023-12-28 18:35:00+00:00,141.57,141.571,141.541,141.558,874.15
2023-12-28 18:40:00+00:00,141.556,141.572,141.522,141.53,939.94
2023-12-28 18:45:00+00:00,141.531,141.578,141.516,141.52,867.39
2023-12-28 18:50:00+00:00,141.518,141.52,141.483,141.496,632.75
2023-12-28 18:55:00+00:00,141.497,141.5,141.476,141.479,651.36
2023-12-28 19:00:00+00:00,141.477,141.494,141.442,141.46,947.81
2023-12-28 19:05:00+00:00,141.465,141.473,141.435,141.466,946.87
2023-12-28 19:10:00+00:00,141.466,141.486,141.452,141.479,993.9
2023-12-28 19:15:00+00:00,141.479,141.517,141.468,141.489,1117.34
2023-12-28 19:20:00+00:00,141.488,141.51,141.482,141.487,1298.81
2023-12-28 19:25:00+00:00,141.486,141.522,141.484,141.518,1187.45
2023-12-28 19:30:00+00:00,141.517,141.538,141.494,141.536,1036.49
2023-12-28 19:35:00+00:00,141.537,141.56,141.525,141.546,983.03
2023-12-28 19:40:00+00:00,141.546,141.561,141.536,141.548,1088.47
2023-12-28 19:45:00+00:00,141.548,141.573,141.498,141.509,964.44
2023-12-28 19:50:00+00:00,141.508,141.509,141.463,141.468,1944.81
2023-12-28 19:55:00+00:00,141.468,141.491,141.45,141.456,1432.77
2023-12-28 20:00:00+00:00,141.456,141.457,141.416,141.429,1402.95
2023-12-28 20:05:00+00:00,141.429,141.431,141.395,141.431,1366.22
2023-12-28 20:10:00+00:00,141.428,141.435,141.412,141.428,1081.55
2023-12-28 20:15:00+00:00,141.428,141.442,141.42,141.428,1872.16
2023-12-28 20:20:00+00:00,141.428,141.435,141.356,141.357,1543.59
2023-12-28 20:25:00+00:00,141.357,141.367,141.288,141.343,1541.56
2023-12-28 20:30:00+00:00,141.344,141.361,141.332,141.349,1501.85
2023-12-28 20:35:00+00:00,141.355,141.361,141.345,141.356,1427.04
2023-12-28 20:40:00+00:00,141.356,141.361,141.349,141.353,696.92
2023-12-28 20:45:00+00:00,141.352,141.362,141.346,141.36,680.35
2023-12-28 20:50:00+00:00,141.361,141.385,141.357,141.367,1424.99
2023-12-28 20:55:00+00:00,141.368,141.4,141.345,141.366,958.69
2023-12-28 21:00:00+00:00,141.366,141.42,141.36,141.397,652.98
2023-12-28 21:05:00+00:00,141.397,141.421,141.38,141.418,537.16
2023-12-28 21:10:00+00:00,141.419,141.426,141.401,141.417,549.34
2023-12-28 21:15:00+00:00,141.417,141.424,141.408,141.418,536.13
2023-12-28 21:20:00+00:00,141.417,141.426,141.415,141.418,332.41
2023-12-28 21:25:00+00:00,141.418,141.423,141.356,141.357,426.31
2023-12-28 21:30:00+00:00,141.356,141.418,141.355,141.395,514.11
2023-12-28 21:35:00+00:00,141.395,141.409,141.395,141.406,529.3
2023-12-28 21:40:00+00:00,141.406,141.413,141.398,141.4,237.63
2023-12-28 21:45:00+00:00,141.399,141.403,141.389,141.4,408.04
2023-12-28 21:50:00+00:00,141.4,141.412,141.395,141.407,522.39
2023-12-28 21:55:00+00:00,141.406,141.421,141.326,141.326,696.24
2023-12-28 22:00:00+00:00,141.316,141.341,141.316,141.319,6.4
2023-12-28 22:05:00+00:00,141.319,141.347,141.299,141.332,41.7
2023-12-28 22:10:00+00:00,141.33,141.432,141.322,141.387,80.4
2023-12-28 22:15:00+00:00,141.395,141.403,141.389,141.398,141.0
2023-12-28 22:20:00+00:00,141.399,141.407,141.386,141.387,195.94
2023-12-28 22:25:00+00:00,141.387,141.388,141.384,141.386,24.1
2023-12-28 22:30:00+00:00,141.386,141.394,141.376,141.387,193.3
2023-12-28 22:35:00+00:00,141.388,141.392,141.377,141.385,179.7
2023-12-28 22:40:00+00:00,141.385,141.385,141.378,141.38,99.0
2023-12-28 22:45:00+00:00,141.377,141.385,141.375,141.381,102.06
2023-12-28 22:50:00+00:00,141.381,141.381,141.373,141.375,73.3
2023-12-28 22:55:00+00:00,141.375,141.376,141.342,141.342,59.01
2023-12-28 23:00:00+00:00,141.344,141.371,141.273,141.276,572.2
2023-12-28 23:05:00+00:00,141.274,141.292,141.249,141.277,485.06
2023-12-28 23:10:00+00:00,141.277,141.305,141.261,141.269,500.15
2023-12-28 23:15:00+00:00,141.27,141.292,141.253,141.287,885.3
2023-12-28 23:20:00+00:00,141.285,141.312,141.273,141.309,823.24
2023-12-28 23:25:00+00:00,141.307,141.329,141.307,141.322,483.03
2023-12-28 23:30:00+00:00,141.32,141.38,141.32,141.366,1074.86
2023-12-28 23:35:00+00:00,141.368,141.455,141.366,141.438,915.31
2023-12-28 23:40:00+00:00,141.437,141.444,141.373,141.379,995.32
2023-12-28 23:45:00+00:00,141.381,141.451,141.376,141.426,1531.53
2023-12-28 23:50:00+00:00,141.425,141.458,141.424,141.43,742.26
2023-12-28 23:55:00+00:00,141.43,141.448,141.408,141.437,600.1
2023-12-29 00:00:00+00:00,141.436,141.518,141.374,141.502,2704.54
2023-12-29 00:05:00+00:00,141.501,141.549,141.45,141.451,2113.85
2023-12-29 00:10:00+00:00,141.45,141.525,141.412,141.422,2081.26
2023-12-29 00:15:00+00:00,141.422,141.434,141.378,141.434,2136.14
2023-12-29 00:20:00+00:00,141.434,141.434,141.361,141.379,1433.09
2023-12-29 00:25:00+00:00,141.383,141.436,141.38,141.418,681.99
2023-12-29 00:30:00+00:00,141.422,141.513,141.42,141.49,1466.15
2023-12-29 00:35:00+00:00,141.49,141.517,141.438,141.439,1629.75
2023-12-29 00:40:00+00:00,141.44,141.48,141.418,141.472,1555.75
2023-12-29 00:45:00+00:00,141.471,141.505,141.431,141.503,1927.12
2023-12-29 00:50:00+00:00,141.503,141.648,141.443,141.648,5099.94
2023-12-29 00:55:00+00:00,141.646,141.665,141.591,141.629,4694.31
2023-12-29 01:00:00+00:00,141.631,141.636,141.578,141.59,2116.69
2023-12-29 01:05:00+00:00,141.591,141.608,141.519,141.54,2183.03
2023-12-29 01:10:00+00:00,141.539,141.624,141.538,141.597,1914.59
2023-12-29 01:15:00+00:00,141.597,141.597,141.524,141.532,2400.02
2023-12-29 01:20:00+00:00,141.533,141.55,141.506,141.512,1062.72
2023-12-29 01:25:00+00:00,141.51,141.532,141.478,141.529,1945.26
2023-12-29 01:30:00+00:00,141.529,141.59,141.528,141.533,2052.68
2023-12-29 01:35:00+00:00,141.534,141.551,141.459,141.477,2086.15
2023-12-29 01:40:00+00:00,141.476,141.525,141.456,141.501,1827.32
2023-12-29 01:45:00+00:00,141.502,141.563,141.5,141.545,1630.89
2023-12-29 01:50:00+00:00,141.545,141.57,141.509,141.511,1539.52
2023-12-29 01:55:00+00:00,141.51,141.513,141.468,141.482,809.35
2023-12-29 02:00:00+00:00,141.481,141.483,141.44,141.461,1204.63
2023-12-29 02:05:00+00:00,141.46,141.53,141.448,141.49,1798.16
2023-12-29 02:10:00+00:00,141.491,141.496,141.444,141.447,1535.65
2023-12-29 02:15:00+00:00,141.448,141.454,141.437,141.442,709.13
2023-12-29 02:20:00+00:00,141.442,141.442,141.363,141.382,1888.1
2023-12-29 02:25:00+00:00,141.384,141.403,141.373,141.386,1140.27
2023-12-29 02:30:00+00:00,141.387,141.421,141.38,141.402,1037.81
2023-12-29 02:35:00+00:00,141.401,141.443,141.398,141.411,967.02
2023-12-29 02:40:00+00:00,141.411,141.423,141.371,141.375,783.62
2023-12-29 02:45:00+00:00,141.375,141.393,141.34,141.387,1043.23
2023-12-29 02:50:00+00:00,141.387,141.431,141.387,141.419,1219.59
2023-12-29 02:55:00+00:00,141.423,141.478,141.419,141.434,1419.35
2023-12-29 03:00:00+00:00,141.435,141.452,141.409,141.432,1192.78
2023-12-29 03:05:00+00:00,141.432,141.444,141.412,141.442,1347.87
2023-12-29 03:10:00+00:00,141.441,141.472,141.429,141.471,1176.82
2023-12-29 03:15:00+00:00,141.471,141.479,141.457,141.479,638.12
2023-12-29 03:20:00+00:00,141.479,141.512,141.463,141.499,933.95
2023-12-29 03:25:00+00:00,141.5,141.505,141.424,141.443,983.77
2023-12-29 03:30:00+00:00,141.443,141.445,141.413,141.425,1263.99
2023-12-29 03:35:00+00:00,141.425,141.439,141.417,141.43,541.2
2023-12-29 03:40:00+00:00,141.431,141.431,141.392,141.403,940.97
2023-12-29 03:45:00+00:00,141.402,141.422,141.389,141.402,657.51
2023-12-29 03:50:00+00:00,141.4,141.474,141.397,141.473,690.42
2023-12-29 03:55:00+00:00,141.472,141.488,141.461,141.483,1383.21
2023-12-29 04:00:00+00:00,141.483,141.488,141.43,141.43,1036.34
2023-12-29 04:05:00+00:00,141.43,141.43,141.39,141.412,1255.74
2023-12-29 04:10:00+00:00,141.412,141.483,141.411,141.46,1931.19
2023-12-29 04:15:00+00:00,141.459,141.466,141.418,141.419,1208.98
2023-12-29 04:20:00+00:00,141.419,141.443,141.394,141.434,1253.95
2023-12-29 04:25:00+00:00,141.433,141.443,141.419,141.433,901.62
2023-12-29 04:30:00+00:00,141.434,141.444,141.394,141.402,1057.34
2023-12-29 04:35:00+00:00,141.402,141.434,141.38,141.413,1168.5
2023-12-29 04:40:00+00:00,141.414,141.433,141.408,141.428,846.58
2023-12-29 04:45:00+00:00,141.428,141.434,141.408,141.43,961.08
2023-12-29 04:50:00+00:00,141.43,141.461,141.428,141.459,1030.67
2023-12-29 04:55:00+00:00,141.458,141.46,141.436,141.457,891.21
2023-12-29 05:00:00+00:00,141.457,141.463,141.442,141.455,917.49
2023-12-29 05:05:00+00:00,141.455,141.461,141.45,141.452,675.53
2023-12-29 05:10:00+00:00,141.448,141.452,141.428,141.442,1094.58
2023-12-29 05:15:00+00:00,141.441,141.448,141.409,141.411,607.68
2023-12-29 05:20:00+00:00,141.41,141.42,141.364,141.38,1048.47
2023-12-29 05:25:00+00:00,141.381,141.384,141.299,141.34,1384.07
2023-12-29 05:30:00+00:00,141.339,141.347,141.27,141.312,2132.81
2023-12-29 05:35:00+00:00,141.311,141.352,141.308,141.344,1401.12
2023-12-29 05:40:00+00:00,141.343,141.379,141.341,141.343,913.27
2023-12-29 05:45:00+00:00,141.344,141.364,141.34,141.362,683.13
2023-12-29 05:50:00+00:00,141.362,141.374,141.349,141.363,901.5
2023-12-29 05:55:00+00:00,141.362,141.373,141.293,141.314,1770.78
2023-12-29 06:00:00+00:00,141.313,141.366,141.299,141.353,1822.2
2023-12-29 06:05:00+00:00,141.354,141.363,141.311,141.352,1759.99
2023-12-29 06:10:00+00:00,141.353,141.365,141.28,141.29,1283.08
2023-12-29 06:15:00+00:00,141.29,141.299,141.251,141.252,2036.42
2023-12-29 06:20:00+00:00,141.251,141.287,141.243,141.263,1485.98
2023-12-29 06:25:00+00:00,141.263,141.292,141.214,141.234,2006.99
2023-12-29 06:30:00+00:00,141.235,141.269,141.217,141.252,1436.84
2023-12-29 06:35:00+00:00,141.254,141.277,141.233,141.263,1124.68
2023-12-29 06:40:00+00:00,141.262,141.264,141.222,141.233,933.37
2023-12-29 06:45:00+00:00,141.232,141.242,141.202,141.232,1419.87
2023-12-29 06:50:00+00:00,141.231,141.245,141.23,141.242,837.72
2023-12-29 06:55:00+00:00,141.242,141.263,141.207,141.241,1686.41
2023-12-29 07:00:00+00:00,141.241,141.266,141.209,141.212,1879.81
2023-12-29 07:05:00+00:00,141.211,141.234,141.179,141.193,2503.16
2023-12-29 07:10:00+00:00,141.194,141.205,141.162,141.171,1704.47
2023-12-29 07:15:00+00:00,141.17,141.202,141.136,141.143,2113.64
2023-12-29 07:20:00+00:00,141.142,141.173,141.141,141.164,1009.18
2023-12-29 07:25:00+00:00,141.163,141.246,141.154,141.233,1611.92
2023-12-29 07:30:00+00:00,141.234,141.283,141.233,141.271,1841.46
2023-12-29 07:35:00+00:00,141.271,141.289,141.249,141.287,1733.26
2023-12-29 07:40:00+00:00,141.289,141.325,141.28,141.319,2100.15
2023-12-29 07:45:00+00:00,141.319,141.333,141.293,141.298,1574.68
2023-12-29 07:50:00+00:00,141.296,141.304,141.273,141.291,1664.92
2023-12-29 07:55:00+00:00,141.296,141.427,141.288,141.411,2036.85
2023-12-29 08:00:00+00:00,141.401,141.406,141.347,141.385,2555.49
2023-12-29 08:05:00+00:00,141.383,141.426,141.328,141.416,2759.79
2023-12-29 08:10:00+00:00,141.416,141.427,141.354,141.371,2133.68
2023-12-29 08:15:00+00:00,141.373,141.411,141.356,141.396,2370.8
2023-12-29 08:20:00+00:00,141.396,141.475,141.396,141.465,1579.84
2023-12-29 08:25:00+00:00,141.465,141.473,141.404,141.425,1866.33
2023-12-29 08:30:00+00:00,141.425,141.446,141.378,141.378,1674.02
2023-12-29 08:35:00+00:00,141.378,141.386,141.356,141.374,1625.14
2023-12-29 08:40:00+00:00,141.374,141.462,141.374,141.436,1044.11
2023-12-29 08:45:00+00:00,141.436,141.47,141.424,141.469,1939.22
2023-12-29 08:50:00+00:00,141.47,141.54,141.47,141.527,1908.39
2023-12-29 08:55:00+00:00,141.526,141.536,141.484,141.502,2245.19
2023-12-29 09:00:00+00:00,141.504,141.527,141.48,141.488,2416.61
2023-12-29 09:05:00+00:00,141.488,141.588,141.483,141.577,2568.76
2023-12-29 09:10:00+00:00,141.58,141.623,141.564,141.62,2057.25
2023-12-29 09:15:00+00:00,141.619,141.744,141.619,141.703,2629.34
2023-12-29 09:20:00+00:00,141.703,141.73,141.642,141.664,1891.55
2023-12-29 09:25:00+00:00,141.665,141.695,141.653,141.692,1770.94
2023-12-29 09:30:00+00:00,141.694,141.696,141.622,141.684,2383.92
2023-12-29 09:35:00+00:00,141.684,141.7,141.644,141.692,2202.37
2023-12-29 09:40:00+00:00,141.692,141.799,141.677,141.754,1999.44
2023-12-29 09:45:00+00:00,141.754,141.836,141.752,141.827,2506.53
2023-12-29 09:50:00+00:00,141.827,141.875,141.813,141.836,2606.33
2023-12-29 09:55:00+00:00,141.837,141.91,141.821,141.896,2283.53
2023-12-29 10:00:00+00:00,141.898,141.912,141.813,141.846,2474.49
2023-12-29 10:05:00+00:00,141.848,141.863,141.794,141.803,1994.4
2023-12-29 10:10:00+00:00,141.802,141.802,141.724,141.734,2340.96
2023-12-29 10:15:00+00:00,141.733,141.794,141.722,141.769,2271.5
2023-12-29 10:20:00+00:00,141.769,141.814,141.766,141.779,1207.18
2023-12-29 10:25:00+00:00,141.779,141.799,141.771,141.794,1545.96
2023-12-29 10:30:00+00:00,141.794,141.801,141.703,141.705,1873.2
2023-12-29 10:35:00+00:00,141.704,141.704,141.653,141.663,2619.41
2023-12-29 10:40:00+00:00,141.662,141.726,141.66,141.695,1523.06
2023-12-29 10:45:00+00:00,141.695,141.695,141.655,141.692,1742.19
2023-12-29 10:50:00+00:00,141.692,141.725,141.673,141.692,1409.57
2023-12-29 10:55:00+00:00,141.693,141.725,141.686,141.701,1977.41
2023-12-29 11:00:00+00:00,141.701,141.701,141.635,141.674,1865.35
2023-12-29 11:05:00+00:00,141.675,141.697,141.675,141.695,1340.37
2023-12-29 11:10:00+00:00,141.695,141.737,141.684,141.708,1189.97
2023-12-29 11:15:00+00:00,141.708,141.763,141.704,141.746,1200.34
2023-12-29 11:20:00+00:00,141.75,141.76,141.708,141.731,1738.39
2023-12-29 11:25:00+00:00,141.732,141.743,141.692,141.733,2248.68
2023-12-29 11:30:00+00:00,141.734,141.764,141.693,141.693,1300.79
2023-12-29 11:35:00+00:00,141.693,141.693,141.61,141.635,1894.08
2023-12-29 11:40:00+00:00,141.636,141.656,141.631,141.631,1701.54
2023-12-29 11:45:00+00:00,141.633,141.635,141.573,141.613,2056.44
2023-12-29 11:50:00+00:00,141.613,141.63,141.544,141.561,1735.34
2023-12-29 11:55:00+00:00,141.561,141.584,141.53,141.544,1979.32
2023-12-29 12:00:00+00:00,141.544,141.546,141.466,141.471,2149.21
2023-12-29 12:05:00+00:00,141.472,141.493,141.443,141.449,1370.49
2023-12-29 12:10:00+00:00,141.451,141.459,141.414,141.445,1250.08
2023-12-29 12:15:00+00:00,141.448,141.501,141.434,141.496,753.66
2023-12-29 12:20:00+00:00,141.496,141.499,141.413,141.424,1073.66
2023-12-29 12:25:00+00:00,141.427,141.448,141.42,141.436,1238.01
2023-12-29 12:30:00+00:00,141.437,141.487,141.383,141.487,1835.66
2023-12-29 12:35:00+00:00,141.487,141.552,141.483,141.53,1595.5
2023-12-29 12:40:00+00:00,141.528,141.534,141.479,141.506,1686.31
2023-12-29 12:45:00+00:00,141.509,141.559,141.496,141.513,1241.35
2023-12-29 12:50:00+00:00,141.513,141.545,141.504,141.527,2248.05
2023-12-29 12:55:00+00:00,141.526,141.529,141.421,141.475,2490.94
2023-12-29 13:00:00+00:00,141.474,141.551,141.459,141.531,1963.99
2023-12-29 13:05:00+00:00,141.531,141.533,141.451,141.459,1858.39
2023-12-29 13:10:00+00:00,141.458,141.53,141.445,141.506,2307.76
2023-12-29 13:15:00+00:00,141.507,141.546,141.479,141.516,1160.98
2023-12-29 13:20:00+00:00,141.511,141.549,141.462,141.535,1368.89
2023-12-29 13:25:00+00:00,141.536,141.592,141.523,141.575,1528.89
2023-12-29 13:30:00+00:00,141.575,141.689,141.555,141.619,2423.6
2023-12-29 13:35:00+00:00,141.62,141.738,141.619,141.734,3995.68
2023-12-29 13:40:00+00:00,141.734,141.734,141.684,141.72,2688.08
2023-12-29 13:45:00+00:00,141.72,141.835,141.68,141.824,3143.74
2023-12-29 13:50:00+00:00,141.823,141.881,141.812,141.853,3150.15
2023-12-29 13:55:00+00:00,141.853,141.862,141.821,141.832,3619.41
2023-12-29 14:00:00+00:00,141.831,141.832,141.717,141.753,3678.07
2023-12-29 14:05:00+00:00,141.752,141.766,141.727,141.754,2042.67
2023-12-29 14:10:00+00:00,141.752,141.811,141.723,141.781,1262.88
2023-12-29 14:15:00+00:00,141.782,141.808,141.675,141.682,1900.29
2023-12-29 14:20:00+00:00,141.679,141.691,141.625,141.661,1578.76
2023-12-29 14:25:00+00:00,141.662,141.75,141.656,141.732,2275.82
2023-12-29 14:30:00+00:00,141.731,141.761,141.655,141.697,3444.9
2023-12-29 14:35:00+00:00,141.702,141.745,141.686,141.708,1555.02
2023-12-29 14:40:00+00:00,141.708,141.72,141.623,141.636,1514.84
2023-12-29 14:45:00+00:00,141.635,141.657,141.505,141.509,2251.65
2023-12-29 14:50:00+00:00,141.509,141.578,141.474,141.544,2246.1
2023-12-29 14:55:00+00:00,141.542,141.577,141.481,141.494,2828.88
2023-12-29 15:00:00+00:00,141.494,141.494,141.366,141.371,3345.1
2023-12-29 15:05:00+00:00,141.377,141.391,141.265,141.361,2889.26
2023-12-29 15:10:00+00:00,141.364,141.373,141.289,141.295,2029.14
2023-12-29 15:15:00+00:00,141.29,141.366,141.282,141.364,1139.66
2023-12-29 15:20:00+00:00,141.365,141.433,141.361,141.424,1660.86
2023-12-29 15:25:00+00:00,141.424,141.425,141.339,141.375,2508.36
2023-12-29 15:30:00+00:00,141.375,141.375,141.25,141.323,2096.95
2023-12-29 15:35:00+00:00,141.323,141.331,141.247,141.32,2516.35
2023-12-29 15:40:00+00:00,141.321,141.492,141.225,141.395,3862.47
2023-12-29 15:45:00+00:00,141.393,141.449,141.225,141.359,5129.02
2023-12-29 15:50:00+00:00,141.36,141.37,141.234,141.263,5006.43
2023-12-29 15:55:00+00:00,141.263,141.263,140.896,140.995,8200.26
2023-12-29 16:00:00+00:00,140.999,141.104,140.894,141.013,7337.49
2023-12-29 16:05:00+00:00,141.015,141.046,140.886,140.947,3201.45
2023-12-29 16:10:00+00:00,140.949,141.016,140.869,140.948,2725.11
2023-12-29 16:15:00+00:00,140.946,140.983,140.905,140.957,2585.04
2023-12-29 16:20:00+00:00,140.957,141.032,140.935,140.946,2277.57
2023-12-29 16:25:00+00:00,140.945,141.021,140.937,140.971,1890.4
2023-12-29 16:30:00+00:00,140.965,141.018,140.92,140.986,1531.25
2023-12-29 16:35:00+00:00,140.987,140.999,140.912,140.923,1649.79
2023-12-29 16:40:00+00:00,140.92,140.949,140.82,140.833,2263.24
2023-12-29 16:45:00+00:00,140.837,140.881,140.82,140.88,1036.01
2023-12-29 16:50:00+00:00,140.881,140.897,140.852,140.887,1363.8
2023-12-29 16:55:00+00:00,140.889,140.953,140.867,140.915,2267.45
2023-12-29 17:00:00+00:00,140.915,140.941,140.855,140.93,1925.15
2023-12-29 17:05:00+00:00,140.929,140.947,140.921,140.927,1933.4
2023-12-29 17:10:00+00:00,140.926,140.949,140.919,140.926,1973.84
2023-12-29 17:15:00+00:00,140.927,140.932,140.818,140.823,2553.21
2023-12-29 17:20:00+00:00,140.827,140.888,140.817,140.873,1337.48
2023-12-29 17:25:00+00:00,140.872,140.953,140.862,140.944,1096.41
2023-12-29 17:30:00+00:00,140.943,140.952,140.904,140.949,983.96
2023-12-29 17:35:00+00:00,140.948,140.978,140.946,140.961,1066.28
2023-12-29 17:40:00+00:00,140.962,140.962,140.884,140.884,1397.38
2023-12-29 17:45:00+00:00,140.885,140.892,140.841,140.852,1566.77
2023-12-29 17:50:00+00:00,140.855,140.861,140.799,140.801,1336.06
2023-12-29 17:55:00+00:00,140.801,140.857,140.797,140.84,1578.8
2023-12-29 18:00:00+00:00,140.839,141.074,140.838,141.064,3266.01
2023-12-29 18:05:00+00:00,141.062,141.071,141.003,141.005,2783.48
2023-12-29 18:10:00+00:00,141.005,141.005,140.941,140.947,2255.47
2023-12-29 18:15:00+00:00,140.946,141.005,140.945,140.984,1585.49
2023-12-29 18:20:00+00:00,140.985,140.996,140.954,140.976,1470.6
2023-12-29 18:25:00+00:00,140.973,141.006,140.957,140.999,855.3
2023-12-29 18:30:00+00:00,141.0,141.007,140.946,140.95,1449.67
2023-12-29 18:35:00+00:00,140.948,140.983,140.947,140.975,634.3
2023-12-29 18:40:00+00:00,140.973,140.979,140.928,140.93,1091.29
2023-12-29 18:45:00+00:00,140.931,140.95,140.882,140.882,1188.91
2023-12-29 18:50:00+00:00,140.88,140.935,140.88,140.926,1310.52
2023-12-29 18:55:00+00:00,140.927,140.951,140.9,140.918,1058.37
2023-12-29 19:00:00+00:00,140.919,140.937,140.892,140.926,854.81
2023-12-29 19:05:00+00:00,140.928,140.945,140.921,140.939,494.79
2023-12-29 19:10:00+00:00,140.939,141.022,140.939,140.982,690.08
2023-12-29 19:15:00+00:00,140.987,141.006,140.961,140.987,741.18
2023-12-29 19:20:00+00:00,140.989,141.034,140.977,141.03,771.04
2023-12-29 19:25:00+00:00,141.03,141.076,141.021,141.064,642.9
2023-12-29 19:30:00+00:00,141.065,141.08,141.057,141.076,633.42
2023-12-29 19:35:00+00:00,141.073,141.073,141.026,141.055,577.9
2023-12-29 19:40:00+00:00,141.055,141.063,141.024,141.036,489.76
2023-12-29 19:45:00+00:00,141.037,141.043,140.977,140.988,829.56
2023-12-29 19:50:00+00:00,140.989,141.024,140.986,141.019,824.24
2023-12-29 19:55:00+00:00,141.02,141.045,141.004,141.022,948.09
2023-12-29 20:00:00+00:00,141.022,141.038,141.007,141.01,403.2
2023-12-29 20:05:00+00:00,141.01,141.01,140.962,140.967,707.49
2023-12-29 20:10:00+00:00,140.968,141.008,140.966,140.969,502.65
2023-12-29 20:15:00+00:00,140.969,140.989,140.957,140.988,457.98
2023-12-29 20:20:00+00:00,140.988,141.015,140.981,141.006,463.56
2023-12-29 20:25:00+00:00,141.002,141.012,140.997,141.006,397.61
2023-12-29 20:30:00+00:00,141.009,141.011,140.991,140.996,390.26
2023-12-29 20:35:00+00:00,140.996,141.009,140.983,141.007,434.27
2023-12-29 20:40:00+00:00,141.006,141.028,140.994,141.019,560.19
2023-12-29 20:45:00+00:00,141.018,141.029,141.008,141.011,446.4
2023-12-29 20:50:00+00:00,141.011,141.036,140.998,141.024,729.08
2023-12-29 20:55:00+00:00,141.026,141.049,140.95,140.978,1072.82
2023-12-29 21:00:00+00:00,140.979,141.082,140.979,141.007,723.9
2023-12-29 21:05:00+00:00,141.008,141.053,140.997,141.045,255.82
2023-12-29 21:10:00+00:00,141.045,141.05,141.035,141.037,333.38
2023-12-29 21:15:00+00:00,141.038,141.051,141.034,141.036,274.15
2023-12-29 21:20:00+00:00,141.036,141.053,141.036,141.047,320.07
2023-12-29 21:25:00+00:00,141.05,141.05,141.018,141.023,541.56
2023-12-29 21:30:00+00:00,141.024,141.039,141.011,141.037,772.42
2023-12-29 21:35:00+00:00,141.037,141.047,141.028,141.034,572.15
2023-12-29 21:40:00+00:00,141.036,141.048,141.032,141.032,595.77
2023-12-29 21:45:00+00:00,141.031,141.036,141.005,141.02,680.36
2023-12-29 21:50:00+00:00,141.021,141.04,141.003,141.023,877.21
2023-12-29 21:55:00+00:00,141.023,141.048,140.968,140.975,412.2
