datetime_utc,open,high,low,close,volume
2020-12-31 15:00:00+00:00,103.048,103.059,103.045,103.059,248.86
2020-12-31 15:05:00+00:00,103.059,103.071,103.041,103.041,304.24
2020-12-31 15:10:00+00:00,103.04,103.044,103.024,103.04,423.46
2020-12-31 15:15:00+00:00,103.042,103.044,103.019,103.019,276.08
2020-12-31 15:20:00+00:00,103.019,103.021,102.996,103.008,453.45
2020-12-31 15:25:00+00:00,103.009,103.039,103.005,103.034,363.39
2020-12-31 15:30:00+00:00,103.033,103.094,103.032,103.092,404.34
2020-12-31 15:35:00+00:00,103.09,103.097,103.075,103.081,473.77
2020-12-31 15:40:00+00:00,103.082,103.192,103.079,103.175,924.76
2020-12-31 15:45:00+00:00,103.176,103.316,103.147,103.285,1208.2
2020-12-31 15:50:00+00:00,103.284,103.298,103.197,103.21,753.61
2020-12-31 15:55:00+00:00,103.211,103.27,103.188,103.226,928.96
2020-12-31 16:00:00+00:00,103.225,103.266,103.215,103.234,689.92
2020-12-31 16:05:00+00:00,103.234,103.254,103.221,103.222,367.16
2020-12-31 16:10:00+00:00,103.222,103.266,103.221,103.254,460.14
2020-12-31 16:15:00+00:00,103.253,103.258,103.215,103.215,269.61
2020-12-31 16:20:00+00:00,103.217,103.221,103.189,103.194,533.14
2020-12-31 16:25:00+00:00,103.193,103.225,103.189,103.204,338.78
2020-12-31 16:30:00+00:00,103.204,103.214,103.19,103.21,462.0
2020-12-31 16:35:00+00:00,103.209,103.215,103.191,103.198,315.77
2020-12-31 16:40:00+00:00,103.197,103.26,103.19,103.258,386.47
2020-12-31 16:45:00+00:00,103.257,103.259,103.222,103.23,349.86
2020-12-31 16:50:00+00:00,103.231,103.231,103.214,103.225,156.58
2020-12-31 16:55:00+00:00,103.225,103.225,103.188,103.19,176.71
2020-12-31 17:00:00+00:00,103.191,103.206,103.178,103.206,290.01
2020-12-31 17:05:00+00:00,103.207,103.226,103.197,103.211,257.03
2020-12-31 17:10:00+00:00,103.211,103.215,103.2,103.21,330.71
2020-12-31 17:15:00+00:00,103.211,103.219,103.202,103.215,192.81
2020-12-31 17:20:00+00:00,103.213,103.234,103.2,103.233,238.4
2020-12-31 17:25:00+00:00,103.234,103.237,103.192,103.203,212.45
2020-12-31 17:30:00+00:00,103.205,103.218,103.204,103.213,237.11
2020-12-31 17:35:00+00:00,103.215,103.233,103.206,103.224,292.44
2020-12-31 17:40:00+00:00,103.225,103.231,103.216,103.224,339.11
2020-12-31 17:45:00+00:00,103.228,103.268,103.226,103.256,195.28
2020-12-31 17:50:00+00:00,103.259,103.276,103.254,103.272,170.42
2020-12-31 17:55:00+00:00,103.275,103.307,103.257,103.294,539.06
2020-12-31 18:00:00+00:00,103.297,103.299,103.267,103.267,237.32
2020-12-31 18:05:00+00:00,103.266,103.27,103.252,103.268,150.1
2020-12-31 18:10:00+00:00,103.273,103.285,103.256,103.256,123.06
2020-12-31 18:15:00+00:00,103.257,103.261,103.253,103.257,165.78
2020-12-31 18:20:00+00:00,103.26,103.264,103.251,103.263,226.05
2020-12-31 18:25:00+00:00,103.265,103.268,103.256,103.264,133.22
2020-12-31 18:30:00+00:00,103.267,103.276,103.267,103.271,92.17
2020-12-31 18:35:00+00:00,103.271,103.276,103.262,103.263,102.5
2020-12-31 18:40:00+00:00,103.262,103.262,103.25,103.255,106.03
2020-12-31 18:45:00+00:00,103.253,103.262,103.251,103.262,155.89
2020-12-31 18:50:00+00:00,103.262,103.262,103.241,103.245,129.39
2020-12-31 18:55:00+00:00,103.245,103.262,103.245,103.252,184.67
2020-12-31 19:00:00+00:00,103.256,103.278,103.233,103.262,430.86
2020-12-31 19:05:00+00:00,103.259,103.271,103.252,103.252,187.33
2020-12-31 19:10:00+00:00,103.252,103.254,103.247,103.252,45.2
2020-12-31 19:15:00+00:00,103.257,103.258,103.249,103.257,36.69
2020-12-31 19:20:00+00:00,103.256,103.259,103.247,103.258,35.17
2020-12-31 19:25:00+00:00,103.257,103.257,103.248,103.248,28.7
2020-12-31 19:30:00+00:00,103.249,103.258,103.247,103.247,35.8
2020-12-31 19:35:00+00:00,103.244,103.253,103.244,103.249,31.96
2020-12-31 19:40:00+00:00,103.248,103.257,103.242,103.242,38.55
2020-12-31 19:45:00+00:00,103.246,103.262,103.245,103.26,41.76
2020-12-31 19:50:00+00:00,103.26,103.276,103.259,103.275,107.95
2020-12-31 19:55:00+00:00,103.275,103.281,103.264,103.264,151.2
2020-12-31 20:00:00+00:00,103.264,103.279,103.264,103.269,75.48
2020-12-31 20:05:00+00:00,103.27,103.27,103.269,103.269,10.5
2020-12-31 20:10:00+00:00,103.269,103.274,103.264,103.271,20.69
2020-12-31 20:15:00+00:00,103.271,103.272,103.264,103.27,24.75
2020-12-31 20:20:00+00:00,103.27,103.27,103.259,103.259,13.37
2020-12-31 20:25:00+00:00,103.255,103.255,103.254,103.254,5.0
2020-12-31 20:30:00+00:00,103.25,103.258,103.25,103.253,54.47
2020-12-31 20:35:00+00:00,103.253,103.255,103.249,103.253,30.63
2020-12-31 20:40:00+00:00,103.253,103.26,103.251,103.259,18.07
2020-12-31 20:45:00+00:00,103.263,103.276,103.263,103.276,21.0
2020-12-31 20:50:00+00:00,103.276,103.276,103.25,103.25,86.54
2020-12-31 20:55:00+00:00,103.25,103.256,103.249,103.254,42.8
2020-12-31 21:00:00+00:00,103.255,103.259,103.25,103.258,58.47
2020-12-31 21:05:00+00:00,103.259,103.281,103.258,103.272,48.57
2020-12-31 21:10:00+00:00,103.271,103.274,103.253,103.255,53.99
2020-12-31 21:15:00+00:00,103.255,103.259,103.253,103.258,56.4
2020-12-31 21:20:00+00:00,103.258,103.264,103.253,103.253,25.95
2020-12-31 21:25:00+00:00,103.259,103.275,103.258,103.275,29.44
2020-12-31 21:30:00+00:00,103.275,103.277,103.272,103.272,30.25
2020-12-31 21:35:00+00:00,103.276,103.276,103.272,103.272,14.25
2020-12-31 21:40:00+00:00,103.274,103.287,103.274,103.286,22.0
2020-12-31 21:45:00+00:00,103.286,103.294,103.282,103.288,59.81
2020-12-31 21:50:00+00:00,103.288,103.295,103.279,103.29,117.66
2020-12-31 21:55:00+00:00,103.289,103.313,103.208,103.259,254.76
2021-01-03 22:00:00+00:00,103.097,103.197,103.097,103.195,17.96
2021-01-03 22:05:00+00:00,103.195,103.238,103.195,103.213,18.34
2021-01-03 22:10:00+00:00,103.213,103.229,103.213,103.213,12.9
2021-01-03 22:15:00+00:00,103.213,103.213,103.212,103.213,12.5
2021-01-03 22:20:00+00:00,103.217,103.229,103.212,103.213,20.12
2021-01-03 22:25:00+00:00,103.225,103.253,103.225,103.227,42.44
2021-01-03 22:30:00+00:00,103.228,103.234,103.224,103.229,59.81
2021-01-03 22:35:00+00:00,103.229,103.229,103.228,103.229,95.84
2021-01-03 22:40:00+00:00,103.229,103.23,103.158,103.199,118.03
2021-01-03 22:45:00+00:00,103.199,103.201,103.193,103.193,100.89
2021-01-03 22:50:00+00:00,103.193,103.198,103.192,103.192,61.2
2021-01-03 22:55:00+00:00,103.193,103.222,103.182,103.204,45.43
2021-01-03 23:00:00+00:00,103.204,103.243,103.196,103.234,804.89
2021-01-03 23:05:00+00:00,103.232,103.249,103.227,103.24,670.5
2021-01-03 23:10:00+00:00,103.24,103.272,103.24,103.262,277.77
2021-01-03 23:15:00+00:00,103.264,103.275,103.252,103.274,165.63
2021-01-03 23:20:00+00:00,103.272,103.299,103.27,103.283,253.71
2021-01-03 23:25:00+00:00,103.284,103.315,103.28,103.292,514.1
2021-01-03 23:30:00+00:00,103.294,103.311,103.24,103.266,396.4
2021-01-03 23:35:00+00:00,103.266,103.312,103.266,103.297,304.15
2021-01-03 23:40:00+00:00,103.294,103.299,103.278,103.287,311.84
2021-01-03 23:45:00+00:00,103.283,103.316,103.267,103.271,540.41
2021-01-03 23:50:00+00:00,103.27,103.274,103.228,103.234,259.37
2021-01-03 23:55:00+00:00,103.235,103.251,103.235,103.247,281.6
2021-01-04 00:00:00+00:00,103.247,103.263,103.186,103.218,730.45
2021-01-04 00:05:00+00:00,103.218,103.218,103.143,103.162,964.55
2021-01-04 00:10:00+00:00,103.163,103.163,103.12,103.128,746.98
2021-01-04 00:15:00+00:00,103.128,103.165,103.128,103.157,658.98
2021-01-04 00:20:00+00:00,103.156,103.161,103.141,103.152,428.8
2021-01-04 00:25:00+00:00,103.153,103.156,103.106,103.112,447.33
2021-01-04 00:30:00+00:00,103.11,103.113,103.087,103.098,584.08
2021-01-04 00:35:00+00:00,103.097,103.097,103.047,103.063,630.02
2021-01-04 00:40:00+00:00,103.062,103.069,103.025,103.045,560.96
2021-01-04 00:45:00+00:00,103.044,103.06,103.031,103.046,482.48
2021-01-04 00:50:00+00:00,103.046,103.082,102.998,103.07,997.46
2021-01-04 00:55:00+00:00,103.075,103.078,103.052,103.063,360.34
2021-01-04 01:00:00+00:00,103.062,103.082,103.045,103.067,402.84
2021-01-04 01:05:00+00:00,103.066,103.097,103.053,103.08,488.96
2021-01-04 01:10:00+00:00,103.083,103.105,103.079,103.082,355.34
2021-01-04 01:15:00+00:00,103.083,103.088,103.06,103.08,288.07
2021-01-04 01:20:00+00:00,103.08,103.109,103.077,103.108,241.31
2021-01-04 01:25:00+00:00,103.108,103.123,103.086,103.117,486.82
2021-01-04 01:30:00+00:00,103.116,103.122,103.103,103.112,424.59
2021-01-04 01:35:00+00:00,103.111,103.12,103.092,103.094,249.72
2021-01-04 01:40:00+00:00,103.093,103.093,103.056,103.073,355.01
2021-01-04 01:45:00+00:00,103.073,103.078,103.052,103.06,465.71
2021-01-04 01:50:00+00:00,103.06,103.072,103.049,103.071,413.6
2021-01-04 01:55:00+00:00,103.07,103.071,103.047,103.056,463.21
2021-01-04 02:00:00+00:00,103.055,103.074,103.028,103.035,610.5
2021-01-04 02:05:00+00:00,103.035,103.057,103.033,103.042,288.85
2021-01-04 02:10:00+00:00,103.041,103.064,103.039,103.055,266.28
2021-01-04 02:15:00+00:00,103.055,103.061,103.045,103.057,349.9
2021-01-04 02:20:00+00:00,103.057,103.057,103.012,103.013,372.06
2021-01-04 02:25:00+00:00,103.013,103.025,103.007,103.017,263.47
2021-01-04 02:30:00+00:00,103.017,103.033,102.997,103.02,337.53
2021-01-04 02:35:00+00:00,103.02,103.034,103.013,103.017,201.73
2021-01-04 02:40:00+00:00,103.019,103.021,102.995,102.995,250.33
2021-01-04 02:45:00+00:00,102.995,103.004,102.967,102.986,414.65
2021-01-04 02:50:00+00:00,102.986,103.011,102.981,102.998,184.74
2021-01-04 02:55:00+00:00,103.0,103.011,102.976,102.983,241.93
2021-01-04 03:00:00+00:00,102.982,102.994,102.97,102.993,304.62
2021-01-04 03:05:00+00:00,102.994,102.995,102.983,102.986,104.09
2021-01-04 03:10:00+00:00,102.986,103.007,102.975,102.997,217.46
2021-01-04 03:15:00+00:00,102.997,102.997,102.982,102.985,264.97
2021-01-04 03:20:00+00:00,102.983,102.994,102.976,102.994,197.42
2021-01-04 03:25:00+00:00,102.993,102.993,102.981,102.983,146.22
2021-01-04 03:30:00+00:00,102.982,102.991,102.971,102.972,305.84
2021-01-04 03:35:00+00:00,102.975,102.977,102.96,102.961,253.16
2021-01-04 03:40:00+00:00,102.962,102.965,102.938,102.94,285.52
2021-01-04 03:45:00+00:00,102.939,102.949,102.935,102.944,194.52
2021-01-04 03:50:00+00:00,102.943,102.944,102.934,102.936,200.41
2021-01-04 03:55:00+00:00,102.937,102.951,102.937,102.948,125.42
2021-01-04 04:00:00+00:00,102.947,102.95,102.937,102.95,108.83
2021-01-04 04:05:00+00:00,102.951,102.975,102.95,102.975,180.67
2021-01-04 04:10:00+00:00,102.975,102.976,102.965,102.968,111.32
2021-01-04 04:15:00+00:00,102.967,102.974,102.961,102.973,130.22
2021-01-04 04:20:00+00:00,102.972,103.007,102.972,102.996,236.9
2021-01-04 04:25:00+00:00,102.997,103.0,102.99,102.997,129.69
2021-01-04 04:30:00+00:00,102.996,103.013,102.993,103.012,157.45
2021-01-04 04:35:00+00:00,103.012,103.043,103.012,103.032,233.83
2021-01-04 04:40:00+00:00,103.031,103.031,103.015,103.019,239.64
2021-01-04 04:45:00+00:00,103.018,103.025,103.011,103.022,147.4
2021-01-04 04:50:00+00:00,103.022,103.03,103.003,103.007,161.04
2021-01-04 04:55:00+00:00,103.006,103.006,102.99,102.996,469.86
2021-01-04 05:00:00+00:00,102.994,102.996,102.982,102.996,182.13
2021-01-04 05:05:00+00:00,102.996,103.008,102.982,103.008,240.51
2021-01-04 05:10:00+00:00,103.008,103.024,103.008,103.019,214.17
2021-01-04 05:15:00+00:00,103.02,103.063,103.015,103.058,328.46
2021-01-04 05:20:00+00:00,103.058,103.058,103.037,103.04,276.95
2021-01-04 05:25:00+00:00,103.041,103.053,103.037,103.037,252.24
2021-01-04 05:30:00+00:00,103.038,103.053,103.021,103.029,245.64
2021-01-04 05:35:00+00:00,103.031,103.035,103.021,103.023,119.11
2021-01-04 05:40:00+00:00,103.024,103.027,103.021,103.023,177.92
2021-01-04 05:45:00+00:00,103.023,103.038,103.023,103.034,91.1
2021-01-04 05:50:00+00:00,103.033,103.033,103.012,103.02,277.39
2021-01-04 05:55:00+00:00,103.02,103.026,102.994,103.005,532.11
2021-01-04 06:00:00+00:00,103.005,103.034,103.001,103.034,585.61
2021-01-04 06:05:00+00:00,103.035,103.058,103.02,103.021,486.65
2021-01-04 06:10:00+00:00,103.021,103.043,103.021,103.04,426.48
2021-01-04 06:15:00+00:00,103.039,103.061,103.036,103.042,349.74
2021-01-04 06:20:00+00:00,103.044,103.047,103.031,103.031,228.47
2021-01-04 06:25:00+00:00,103.032,103.036,103.02,103.029,348.25
2021-01-04 06:30:00+00:00,103.029,103.03,103.013,103.015,134.34
2021-01-04 06:35:00+00:00,103.016,103.016,103.009,103.011,92.07
2021-01-04 06:40:00+00:00,103.011,103.022,103.004,103.009,283.31
2021-01-04 06:45:00+00:00,103.009,103.01,102.986,102.99,228.65
2021-01-04 06:50:00+00:00,102.991,103.006,102.979,102.995,501.47
2021-01-04 06:55:00+00:00,102.992,103.0,102.983,102.988,366.83
2021-01-04 07:00:00+00:00,102.989,103.012,102.988,102.988,493.12
2021-01-04 07:05:00+00:00,102.988,103.0,102.957,102.963,257.29
2021-01-04 07:10:00+00:00,102.962,102.966,102.936,102.963,418.63
2021-01-04 07:15:00+00:00,102.963,102.972,102.937,102.948,335.62
2021-01-04 07:20:00+00:00,102.948,102.98,102.948,102.976,335.83
2021-01-04 07:25:00+00:00,102.975,102.979,102.956,102.963,231.09
2021-01-04 07:30:00+00:00,102.962,102.971,102.947,102.949,345.17
2021-01-04 07:35:00+00:00,102.949,102.962,102.927,102.928,335.45
2021-01-04 07:40:00+00:00,102.925,102.927,102.89,102.908,603.41
2021-01-04 07:45:00+00:00,102.91,102.911,102.852,102.868,999.83
2021-01-04 07:50:00+00:00,102.867,102.908,102.85,102.908,619.22
2021-01-04 07:55:00+00:00,102.911,102.914,102.883,102.912,567.74
2021-01-04 08:00:00+00:00,102.911,102.922,102.883,102.883,722.57
2021-01-04 08:05:00+00:00,102.883,102.899,102.877,102.897,676.9
2021-01-04 08:10:00+00:00,102.897,102.907,102.892,102.907,590.62
2021-01-04 08:15:00+00:00,102.907,102.915,102.873,102.884,771.88
2021-01-04 08:20:00+00:00,102.885,102.885,102.851,102.856,637.73
2021-01-04 08:25:00+00:00,102.857,102.861,102.83,102.83,519.51
2021-01-04 08:30:00+00:00,102.826,102.826,102.78,102.784,676.05
2021-01-04 08:35:00+00:00,102.782,102.81,102.771,102.797,523.21
2021-01-04 08:40:00+00:00,102.795,102.805,102.774,102.776,558.39
2021-01-04 08:45:00+00:00,102.775,102.816,102.767,102.808,511.19
2021-01-04 08:50:00+00:00,102.808,102.812,102.798,102.811,210.54
2021-01-04 08:55:00+00:00,102.812,102.816,102.801,102.803,252.39
2021-01-04 09:00:00+00:00,102.804,102.812,102.773,102.776,536.54
2021-01-04 09:05:00+00:00,102.778,102.788,102.767,102.778,458.03
2021-01-04 09:10:00+00:00,102.78,102.793,102.779,102.793,374.79
2021-01-04 09:15:00+00:00,102.791,102.793,102.745,102.756,406.07
2021-01-04 09:20:00+00:00,102.756,102.771,102.746,102.766,310.16
2021-01-04 09:25:00+00:00,102.765,102.765,102.734,102.751,427.11
2021-01-04 09:30:00+00:00,102.753,102.753,102.717,102.72,609.06
2021-01-04 09:35:00+00:00,102.72,102.726,102.712,102.718,504.09
2021-01-04 09:40:00+00:00,102.717,102.74,102.713,102.722,277.66
2021-01-04 09:45:00+00:00,102.723,102.755,102.723,102.748,404.0
2021-01-04 09:50:00+00:00,102.748,102.775,102.748,102.772,435.59
2021-01-04 09:55:00+00:00,102.772,102.772,102.735,102.744,597.16
2021-01-04 10:00:00+00:00,102.743,102.751,102.719,102.724,1055.85
2021-01-04 10:05:00+00:00,102.726,102.741,102.713,102.713,936.82
2021-01-04 10:10:00+00:00,102.713,102.729,102.713,102.717,255.43
2021-01-04 10:15:00+00:00,102.717,102.73,102.714,102.723,394.86
2021-01-04 10:20:00+00:00,102.723,102.761,102.716,102.755,367.67
2021-01-04 10:25:00+00:00,102.754,102.773,102.745,102.757,420.41
2021-01-04 10:30:00+00:00,102.76,102.769,102.753,102.755,274.56
2021-01-04 10:35:00+00:00,102.755,102.758,102.746,102.752,424.14
2021-01-04 10:40:00+00:00,102.753,102.768,102.75,102.758,371.26
2021-01-04 10:45:00+00:00,102.758,102.782,102.757,102.763,465.91
2021-01-04 10:50:00+00:00,102.764,102.782,102.761,102.778,715.01
2021-01-04 10:55:00+00:00,102.778,102.802,102.777,102.8,345.37
2021-01-04 11:00:00+00:00,102.8,102.812,102.787,102.791,555.47
2021-01-04 11:05:00+00:00,102.793,102.825,102.787,102.824,543.17
2021-01-04 11:10:00+00:00,102.823,102.838,102.809,102.817,442.71
2021-01-04 11:15:00+00:00,102.817,102.819,102.79,102.792,492.29
2021-01-04 11:20:00+00:00,102.794,102.824,102.788,102.819,570.12
2021-01-04 11:25:00+00:00,102.819,102.827,102.812,102.825,799.4
2021-01-04 11:30:00+00:00,102.825,102.838,102.824,102.826,769.62
2021-01-04 11:35:00+00:00,102.827,102.839,102.819,102.829,418.14
2021-01-04 11:40:00+00:00,102.828,102.84,102.824,102.839,342.67
2021-01-04 11:45:00+00:00,102.838,102.871,102.838,102.86,661.76
2021-01-04 11:50:00+00:00,102.861,102.861,102.838,102.839,312.35
2021-01-04 11:55:00+00:00,102.839,102.876,102.837,102.857,506.9
2021-01-04 12:00:00+00:00,102.858,102.9,102.858,102.899,513.06
2021-01-04 12:05:00+00:00,102.897,102.921,102.887,102.893,506.64
2021-01-04 12:10:00+00:00,102.892,102.904,102.891,102.892,474.37
2021-01-04 12:15:00+00:00,102.892,102.928,102.892,102.907,498.48
2021-01-04 12:20:00+00:00,102.906,102.906,102.848,102.859,752.01
2021-01-04 12:25:00+00:00,102.859,102.876,102.851,102.865,421.13
2021-01-04 12:30:00+00:00,102.864,102.886,102.86,102.884,466.46
2021-01-04 12:35:00+00:00,102.883,102.933,102.883,102.93,406.08
2021-01-04 12:40:00+00:00,102.93,102.935,102.883,102.902,630.91
2021-01-04 12:45:00+00:00,102.902,102.919,102.901,102.904,226.06
2021-01-04 12:50:00+00:00,102.903,102.904,102.881,102.901,249.6
2021-01-04 12:55:00+00:00,102.9,102.93,102.9,102.91,711.12
2021-01-04 13:00:00+00:00,102.908,102.951,102.898,102.947,758.98
2021-01-04 13:05:00+00:00,102.946,102.977,102.945,102.956,816.4
2021-01-04 13:10:00+00:00,102.957,102.977,102.945,102.976,515.0
2021-01-04 13:15:00+00:00,102.973,102.988,102.965,102.965,860.36
2021-01-04 13:20:00+00:00,102.964,102.991,102.96,102.991,480.52
2021-01-04 13:25:00+00:00,102.991,102.999,102.975,102.994,576.44
2021-01-04 13:30:00+00:00,102.993,102.995,102.974,102.983,874.17
2021-01-04 13:35:00+00:00,102.984,102.984,102.947,102.962,1097.87
2021-01-04 13:40:00+00:00,102.963,102.976,102.957,102.961,531.17
2021-01-04 13:45:00+00:00,102.962,102.971,102.941,102.969,677.27
2021-01-04 13:50:00+00:00,102.968,102.999,102.967,102.989,542.36
2021-01-04 13:55:00+00:00,102.99,103.057,102.99,103.026,891.0
2021-01-04 14:00:00+00:00,103.027,103.04,103.0,103.026,685.76
2021-01-04 14:05:00+00:00,103.025,103.034,103.006,103.011,460.05
2021-01-04 14:10:00+00:00,103.012,103.024,103.002,103.01,398.47
2021-01-04 14:15:00+00:00,103.012,103.078,103.012,103.057,818.58
2021-01-04 14:20:00+00:00,103.056,103.064,103.011,103.011,673.01
2021-01-04 14:25:00+00:00,103.011,103.02,103.002,103.019,534.97
2021-01-04 14:30:00+00:00,103.018,103.043,102.998,103.024,901.52
2021-01-04 14:35:00+00:00,103.026,103.065,103.025,103.037,1131.71
2021-01-04 14:40:00+00:00,103.037,103.043,103.015,103.018,620.27
2021-01-04 14:45:00+00:00,103.017,103.051,103.009,103.034,715.07
2021-01-04 14:50:00+00:00,103.034,103.07,103.021,103.058,1159.59
2021-01-04 14:55:00+00:00,103.059,103.077,103.048,103.051,778.93
2021-01-04 15:00:00+00:00,103.053,103.064,103.047,103.059,690.71
2021-01-04 15:05:00+00:00,103.06,103.133,103.031,103.125,1148.75
2021-01-04 15:10:00+00:00,103.123,103.131,103.105,103.119,725.82
2021-01-04 15:15:00+00:00,103.12,103.146,103.1,103.136,753.49
2021-01-04 15:20:00+00:00,103.14,103.163,103.139,103.163,718.29
2021-01-04 15:25:00+00:00,103.164,103.199,103.153,103.196,724.27
2021-01-04 15:30:00+00:00,103.196,103.202,103.155,103.164,1168.16
2021-01-04 15:35:00+00:00,103.164,103.179,103.143,103.163,722.96
2021-01-04 15:40:00+00:00,103.162,103.188,103.159,103.178,762.24
2021-01-04 15:45:00+00:00,103.178,103.253,103.178,103.186,899.65
2021-01-04 15:50:00+00:00,103.188,103.191,103.152,103.165,587.9
2021-01-04 15:55:00+00:00,103.161,103.182,103.121,103.128,659.89
2021-01-04 16:00:00+00:00,103.129,103.145,103.113,103.132,777.64
2021-01-04 16:05:00+00:00,103.131,103.152,103.122,103.135,667.64
2021-01-04 16:10:00+00:00,103.135,103.171,103.111,103.118,764.58
2021-01-04 16:15:00+00:00,103.122,103.133,103.113,103.128,898.26
2021-01-04 16:20:00+00:00,103.13,103.141,103.106,103.118,501.92
2021-01-04 16:25:00+00:00,103.12,103.141,103.111,103.132,441.46
2021-01-04 16:30:00+00:00,103.131,103.137,103.107,103.112,684.78
2021-01-04 16:35:00+00:00,103.111,103.155,103.102,103.153,638.12
2021-01-04 16:40:00+00:00,103.152,103.181,103.14,103.167,449.92
2021-01-04 16:45:00+00:00,103.17,103.185,103.152,103.157,494.08
2021-01-04 16:50:00+00:00,103.159,103.188,103.155,103.167,518.84
2021-01-04 16:55:00+00:00,103.166,103.205,103.166,103.188,480.83
2021-01-04 17:00:00+00:00,103.187,103.188,103.162,103.167,344.32
2021-01-04 17:05:00+00:00,103.166,103.166,103.129,103.133,329.22
2021-01-04 17:10:00+00:00,103.135,103.151,103.132,103.147,383.24
2021-01-04 17:15:00+00:00,103.148,103.183,103.147,103.162,548.72
2021-01-04 17:20:00+00:00,103.162,103.167,103.141,103.141,481.22
2021-01-04 17:25:00+00:00,103.142,103.145,103.125,103.135,333.01
2021-01-04 17:30:00+00:00,103.138,103.15,103.131,103.137,344.19
2021-01-04 17:35:00+00:00,103.136,103.175,103.131,103.146,476.04
2021-01-04 17:40:00+00:00,103.15,103.15,103.126,103.134,394.99
2021-01-04 17:45:00+00:00,103.134,103.19,103.134,103.189,568.76
2021-01-04 17:50:00+00:00,103.189,103.197,103.178,103.184,465.93
2021-01-04 17:55:00+00:00,103.183,103.184,103.16,103.174,399.57
2021-01-04 18:00:00+00:00,103.174,103.177,103.159,103.16,685.46
2021-01-04 18:05:00+00:00,103.161,103.177,103.156,103.17,373.85
2021-01-04 18:10:00+00:00,103.171,103.174,103.137,103.141,421.9
2021-01-04 18:15:00+00:00,103.14,103.149,103.129,103.14,219.79
2021-01-04 18:20:00+00:00,103.139,103.155,103.135,103.147,252.87
2021-01-04 18:25:00+00:00,103.148,103.15,103.131,103.137,247.86
2021-01-04 18:30:00+00:00,103.14,103.158,103.136,103.154,223.49
2021-01-04 18:35:00+00:00,103.153,103.158,103.146,103.147,260.47
2021-01-04 18:40:00+00:00,103.148,103.163,103.148,103.158,171.65
2021-01-04 18:45:00+00:00,103.157,103.173,103.148,103.17,158.14
2021-01-04 18:50:00+00:00,103.169,103.17,103.161,103.165,197.73
2021-01-04 18:55:00+00:00,103.165,103.165,103.125,103.13,339.14
2021-01-04 19:00:00+00:00,103.13,103.163,103.124,103.124,577.57
2021-01-04 19:05:00+00:00,103.125,103.185,103.124,103.18,356.23
2021-01-04 19:10:00+00:00,103.181,103.181,103.159,103.16,287.06
2021-01-04 19:15:00+00:00,103.158,103.187,103.158,103.185,219.86
2021-01-04 19:20:00+00:00,103.186,103.187,103.172,103.174,144.92
2021-01-04 19:25:00+00:00,103.176,103.182,103.171,103.172,134.64
2021-01-04 19:30:00+00:00,103.171,103.171,103.152,103.155,233.32
2021-01-04 19:35:00+00:00,103.156,103.156,103.134,103.134,197.94
2021-01-04 19:40:00+00:00,103.138,103.15,103.136,103.148,178.88
2021-01-04 19:45:00+00:00,103.147,103.151,103.136,103.139,105.8
2021-01-04 19:50:00+00:00,103.14,103.161,103.137,103.148,258.5
2021-01-04 19:55:00+00:00,103.148,103.154,103.11,103.11,344.0
2021-01-04 20:00:00+00:00,103.111,103.139,103.104,103.138,216.74
2021-01-04 20:05:00+00:00,103.137,103.144,103.125,103.143,309.71
2021-01-04 20:10:00+00:00,103.142,103.142,103.124,103.126,210.81
2021-01-04 20:15:00+00:00,103.125,103.134,103.122,103.122,142.87
2021-01-04 20:20:00+00:00,103.121,103.134,103.115,103.134,102.44
2021-01-04 20:25:00+00:00,103.134,103.148,103.129,103.145,175.08
2021-01-04 20:30:00+00:00,103.144,103.171,103.142,103.159,314.09
2021-01-04 20:35:00+00:00,103.158,103.176,103.157,103.16,259.56
2021-01-04 20:40:00+00:00,103.16,103.173,103.156,103.172,318.54
2021-01-04 20:45:00+00:00,103.172,103.189,103.148,103.182,303.29
2021-01-04 20:50:00+00:00,103.181,103.193,103.17,103.188,168.77
2021-01-04 20:55:00+00:00,103.186,103.193,103.14,103.142,318.32
2021-01-04 21:00:00+00:00,103.139,103.168,103.139,103.149,156.49
2021-01-04 21:05:00+00:00,103.15,103.151,103.14,103.145,222.08
2021-01-04 21:10:00+00:00,103.145,103.156,103.14,103.142,153.75
2021-01-04 21:15:00+00:00,103.143,103.16,103.143,103.159,136.24
2021-01-04 21:20:00+00:00,103.158,103.159,103.15,103.156,117.63
2021-01-04 21:25:00+00:00,103.157,103.164,103.154,103.162,71.48
2021-01-04 21:30:00+00:00,103.161,103.164,103.145,103.149,84.5
2021-01-04 21:35:00+00:00,103.15,103.155,103.145,103.153,120.21
2021-01-04 21:40:00+00:00,103.152,103.176,103.15,103.16,151.39
2021-01-04 21:45:00+00:00,103.161,103.169,103.147,103.157,88.42
2021-01-04 21:50:00+00:00,103.157,103.158,103.142,103.152,121.19
2021-01-04 21:55:00+00:00,103.149,103.155,103.126,103.126,517.67
2021-01-04 22:00:00+00:00,103.1,103.123,103.079,103.119,14.76
2021-01-04 22:05:00+00:00,103.123,103.123,103.108,103.108,11.48
2021-01-04 22:10:00+00:00,103.108,103.111,103.106,103.109,12.98
2021-01-04 22:15:00+00:00,103.108,103.116,103.108,103.115,8.5
2021-01-04 22:20:00+00:00,103.116,103.116,103.106,103.106,7.89
2021-01-04 22:25:00+00:00,103.106,103.106,103.1,103.102,10.9
2021-01-04 22:30:00+00:00,103.102,103.103,103.1,103.102,11.57
2021-01-04 22:35:00+00:00,103.102,103.103,103.096,103.096,14.13
2021-01-04 22:40:00+00:00,103.099,103.112,103.099,103.107,18.69
2021-01-04 22:45:00+00:00,103.11,103.11,103.104,103.108,36.14
2021-01-04 22:50:00+00:00,103.109,103.111,103.106,103.108,17.36
2021-01-04 22:55:00+00:00,103.109,103.118,103.108,103.117,17.87
2021-01-04 23:00:00+00:00,103.118,103.16,103.114,103.16,413.37
2021-01-04 23:05:00+00:00,103.156,103.17,103.14,103.142,648.3
2021-01-04 23:10:00+00:00,103.141,103.143,103.123,103.126,166.75
2021-01-04 23:15:00+00:00,103.127,103.128,103.112,103.117,132.02
2021-01-04 23:20:00+00:00,103.117,103.124,103.108,103.108,173.22
2021-01-04 23:25:00+00:00,103.108,103.133,103.103,103.133,126.66
2021-01-04 23:30:00+00:00,103.133,103.139,103.113,103.122,218.76
2021-01-04 23:35:00+00:00,103.124,103.142,103.119,103.134,152.45
2021-01-04 23:40:00+00:00,103.135,103.153,103.135,103.148,148.11
2021-01-04 23:45:00+00:00,103.147,103.149,103.119,103.127,357.02
2021-01-04 23:50:00+00:00,103.127,103.134,103.111,103.115,227.22
2021-01-04 23:55:00+00:00,103.114,103.136,103.11,103.135,148.25
2021-01-05 00:00:00+00:00,103.135,103.179,103.132,103.154,544.93
2021-01-05 00:05:00+00:00,103.158,103.19,103.157,103.172,463.17
2021-01-05 00:10:00+00:00,103.172,103.184,103.163,103.182,319.17
2021-01-05 00:15:00+00:00,103.182,103.182,103.157,103.171,391.67
2021-01-05 00:20:00+00:00,103.17,103.17,103.152,103.153,169.13
2021-01-05 00:25:00+00:00,103.153,103.16,103.132,103.153,291.27
2021-01-05 00:30:00+00:00,103.152,103.159,103.122,103.122,279.19
2021-01-05 00:35:00+00:00,103.124,103.126,103.111,103.121,318.41
2021-01-05 00:40:00+00:00,103.121,103.142,103.115,103.137,249.99
2021-01-05 00:45:00+00:00,103.137,103.142,103.122,103.124,238.86
2021-01-05 00:50:00+00:00,103.124,103.137,103.076,103.127,1095.42
2021-01-05 00:55:00+00:00,103.129,103.133,103.112,103.122,417.66
2021-01-05 01:00:00+00:00,103.122,103.143,103.102,103.138,463.18
2021-01-05 01:05:00+00:00,103.14,103.155,103.135,103.144,265.56
2021-01-05 01:10:00+00:00,103.145,103.151,103.134,103.136,479.09
2021-01-05 01:15:00+00:00,103.135,103.146,103.123,103.142,382.75
2021-01-05 01:20:00+00:00,103.142,103.143,103.123,103.127,326.42
2021-01-05 01:25:00+00:00,103.127,103.128,103.105,103.115,201.44
2021-01-05 01:30:00+00:00,103.116,103.128,103.11,103.111,506.89
2021-01-05 01:35:00+00:00,103.11,103.128,103.101,103.128,491.42
2021-01-05 01:40:00+00:00,103.126,103.15,103.117,103.147,357.61
2021-01-05 01:45:00+00:00,103.147,103.156,103.144,103.148,381.02
2021-01-05 01:50:00+00:00,103.147,103.147,103.13,103.146,256.34
2021-01-05 01:55:00+00:00,103.145,103.147,103.116,103.126,360.86
2021-01-05 02:00:00+00:00,103.125,103.147,103.107,103.138,290.97
2021-01-05 02:05:00+00:00,103.138,103.142,103.135,103.142,226.34
2021-01-05 02:10:00+00:00,103.142,103.142,103.119,103.137,379.07
2021-01-05 02:15:00+00:00,103.136,103.142,103.133,103.141,128.23
2021-01-05 02:20:00+00:00,103.141,103.151,103.138,103.146,155.95
2021-01-05 02:25:00+00:00,103.147,103.148,103.128,103.131,189.64
2021-01-05 02:30:00+00:00,103.131,103.138,103.123,103.129,340.51
2021-01-05 02:35:00+00:00,103.131,103.146,103.121,103.131,375.06
2021-01-05 02:40:00+00:00,103.129,103.143,103.127,103.132,324.8
2021-01-05 02:45:00+00:00,103.133,103.141,103.119,103.123,301.32
2021-01-05 02:50:00+00:00,103.122,103.129,103.118,103.128,182.43
2021-01-05 02:55:00+00:00,103.128,103.129,103.109,103.113,315.1
2021-01-05 03:00:00+00:00,103.112,103.126,103.107,103.126,299.33
2021-01-05 03:05:00+00:00,103.126,103.126,103.112,103.114,106.68
2021-01-05 03:10:00+00:00,103.114,103.118,103.062,103.062,492.43
2021-01-05 03:15:00+00:00,103.065,103.088,103.061,103.081,497.6
2021-01-05 03:20:00+00:00,103.08,103.095,103.069,103.084,153.11
2021-01-05 03:25:00+00:00,103.083,103.085,103.069,103.071,181.93
2021-01-05 03:30:00+00:00,103.072,103.079,103.059,103.074,176.36
2021-01-05 03:35:00+00:00,103.078,103.078,103.046,103.051,255.61
2021-01-05 03:40:00+00:00,103.051,103.056,103.036,103.042,503.12
2021-01-05 03:45:00+00:00,103.043,103.059,103.043,103.058,374.38
2021-01-05 03:50:00+00:00,103.058,103.065,103.038,103.046,477.63
2021-01-05 03:55:00+00:00,103.046,103.046,103.021,103.033,305.44
2021-01-05 04:00:00+00:00,103.032,103.032,103.011,103.011,201.88
2021-01-05 04:05:00+00:00,103.011,103.03,103.005,103.026,329.81
2021-01-05 04:10:00+00:00,103.028,103.032,103.015,103.021,380.47
2021-01-05 04:15:00+00:00,103.02,103.032,102.999,103.009,356.55
2021-01-05 04:20:00+00:00,103.009,103.027,103.002,103.011,341.6
2021-01-05 04:25:00+00:00,103.013,103.047,103.012,103.028,350.64
2021-01-05 04:30:00+00:00,103.029,103.034,103.02,103.028,344.19
2021-01-05 04:35:00+00:00,103.03,103.036,103.025,103.03,250.32
2021-01-05 04:40:00+00:00,103.03,103.031,103.013,103.023,319.22
2021-01-05 04:45:00+00:00,103.023,103.027,103.01,103.027,256.75
2021-01-05 04:50:00+00:00,103.027,103.031,103.017,103.024,188.55
2021-01-05 04:55:00+00:00,103.023,103.023,102.987,102.994,350.71
2021-01-05 05:00:00+00:00,102.994,102.994,102.969,102.978,532.59
2021-01-05 05:05:00+00:00,102.978,102.984,102.963,102.977,433.73
2021-01-05 05:10:00+00:00,102.977,102.985,102.967,102.975,404.81
2021-01-05 05:15:00+00:00,102.977,102.987,102.962,102.963,302.36
2021-01-05 05:20:00+00:00,102.963,102.968,102.951,102.957,387.71
2021-01-05 05:25:00+00:00,102.958,102.971,102.955,102.964,353.05
2021-01-05 05:30:00+00:00,102.966,102.966,102.946,102.95,349.13
2021-01-05 05:35:00+00:00,102.95,102.95,102.936,102.945,241.07
2021-01-05 05:40:00+00:00,102.945,102.974,102.944,102.973,167.83
2021-01-05 05:45:00+00:00,102.975,102.979,102.972,102.975,117.79
2021-01-05 05:50:00+00:00,102.975,102.975,102.95,102.95,204.49
2021-01-05 05:55:00+00:00,102.95,102.956,102.934,102.954,386.86
2021-01-05 06:00:00+00:00,102.954,102.964,102.944,102.958,415.46
2021-01-05 06:05:00+00:00,102.957,102.971,102.957,102.967,177.97
2021-01-05 06:10:00+00:00,102.967,102.967,102.927,102.929,214.29
2021-01-05 06:15:00+00:00,102.93,102.942,102.925,102.931,198.62
2021-01-05 06:20:00+00:00,102.932,102.934,102.9,102.902,300.21
2021-01-05 06:25:00+00:00,102.892,102.927,102.892,102.924,192.9
2021-01-05 06:30:00+00:00,102.924,102.938,102.92,102.924,131.43
2021-01-05 06:35:00+00:00,102.925,102.926,102.913,102.915,202.15
2021-01-05 06:40:00+00:00,102.916,102.916,102.898,102.9,214.65
2021-01-05 06:45:00+00:00,102.899,102.913,102.892,102.911,226.69
2021-01-05 06:50:00+00:00,102.91,102.918,102.887,102.912,270.41
2021-01-05 06:55:00+00:00,102.912,102.931,102.91,102.919,149.09
2021-01-05 07:00:00+00:00,102.92,102.942,102.908,102.939,292.6
2021-01-05 07:05:00+00:00,102.936,102.993,102.936,102.981,385.93
2021-01-05 07:10:00+00:00,102.98,102.996,102.967,102.985,457.42
2021-01-05 07:15:00+00:00,102.986,102.992,102.932,102.935,443.66
2021-01-05 07:20:00+00:00,102.935,102.946,102.914,102.925,659.16
2021-01-05 07:25:00+00:00,102.926,102.933,102.907,102.911,364.85
2021-01-05 07:30:00+00:00,102.911,102.911,102.879,102.881,571.04
2021-01-05 07:35:00+00:00,102.881,102.928,102.877,102.924,671.77
2021-01-05 07:40:00+00:00,102.924,102.927,102.913,102.926,410.82
2021-01-05 07:45:00+00:00,102.926,102.945,102.912,102.945,512.99
2021-01-05 07:50:00+00:00,102.943,102.955,102.939,102.945,470.38
2021-01-05 07:55:00+00:00,102.944,102.968,102.942,102.95,559.9
2021-01-05 08:00:00+00:00,102.949,102.949,102.901,102.925,711.35
2021-01-05 08:05:00+00:00,102.923,102.931,102.889,102.91,491.51
2021-01-05 08:10:00+00:00,102.909,102.927,102.903,102.918,427.36
2021-01-05 08:15:00+00:00,102.921,102.961,102.901,102.909,742.24
2021-01-05 08:20:00+00:00,102.908,102.923,102.905,102.905,503.02
2021-01-05 08:25:00+00:00,102.906,102.908,102.879,102.885,590.21
2021-01-05 08:30:00+00:00,102.886,102.926,102.886,102.915,419.38
2021-01-05 08:35:00+00:00,102.913,102.952,102.913,102.95,513.19
2021-01-05 08:40:00+00:00,102.95,102.95,102.908,102.92,795.64
2021-01-05 08:45:00+00:00,102.92,102.952,102.92,102.934,494.57
2021-01-05 08:50:00+00:00,102.933,102.951,102.925,102.941,373.77
2021-01-05 08:55:00+00:00,102.941,102.941,102.903,102.906,430.6
2021-01-05 09:00:00+00:00,102.908,102.919,102.897,102.904,384.71
2021-01-05 09:05:00+00:00,102.905,102.906,102.83,102.841,651.3
2021-01-05 09:10:00+00:00,102.842,102.86,102.837,102.845,409.21
2021-01-05 09:15:00+00:00,102.846,102.858,102.818,102.856,469.62
2021-01-05 09:20:00+00:00,102.856,102.863,102.828,102.828,387.46
2021-01-05 09:25:00+00:00,102.829,102.841,102.812,102.819,365.3
2021-01-05 09:30:00+00:00,102.82,102.847,102.818,102.828,280.39
2021-01-05 09:35:00+00:00,102.828,102.841,102.827,102.833,488.86
2021-01-05 09:40:00+00:00,102.832,102.851,102.821,102.849,434.04
2021-01-05 09:45:00+00:00,102.849,102.862,102.821,102.829,577.88
2021-01-05 09:50:00+00:00,102.829,102.845,102.826,102.842,266.54
2021-01-05 09:55:00+00:00,102.841,102.848,102.824,102.836,306.03
2021-01-05 10:00:00+00:00,102.835,102.856,102.835,102.855,327.04
2021-01-05 10:05:00+00:00,102.855,102.86,102.846,102.851,311.42
2021-01-05 10:10:00+00:00,102.85,102.856,102.84,102.847,269.43
2021-01-05 10:15:00+00:00,102.847,102.859,102.836,102.836,286.51
2021-01-05 10:20:00+00:00,102.836,102.843,102.797,102.818,432.7
2021-01-05 10:25:00+00:00,102.817,102.818,102.797,102.812,408.2
2021-01-05 10:30:00+00:00,102.81,102.83,102.802,102.819,277.28
2021-01-05 10:35:00+00:00,102.819,102.828,102.803,102.819,328.26
2021-01-05 10:40:00+00:00,102.819,102.871,102.819,102.848,776.21
2021-01-05 10:45:00+00:00,102.849,102.876,102.846,102.864,418.35
2021-01-05 10:50:00+00:00,102.864,102.877,102.843,102.855,359.41
2021-01-05 10:55:00+00:00,102.852,102.884,102.847,102.874,435.76
2021-01-05 11:00:00+00:00,102.875,102.886,102.824,102.828,977.29
2021-01-05 11:05:00+00:00,102.829,102.833,102.805,102.815,773.45
2021-01-05 11:10:00+00:00,102.813,102.826,102.807,102.826,483.81
2021-01-05 11:15:00+00:00,102.825,102.854,102.816,102.853,525.3
2021-01-05 11:20:00+00:00,102.853,102.86,102.822,102.828,539.59
2021-01-05 11:25:00+00:00,102.826,102.826,102.802,102.819,915.0
2021-01-05 11:30:00+00:00,102.818,102.823,102.797,102.81,391.1
2021-01-05 11:35:00+00:00,102.809,102.837,102.796,102.831,388.18
2021-01-05 11:40:00+00:00,102.83,102.845,102.823,102.836,325.55
2021-01-05 11:45:00+00:00,102.834,102.834,102.799,102.813,448.38
2021-01-05 11:50:00+00:00,102.813,102.818,102.803,102.815,203.84
2021-01-05 11:55:00+00:00,102.814,102.819,102.808,102.818,270.47
2021-01-05 12:00:00+00:00,102.818,102.823,102.798,102.802,405.39
2021-01-05 12:05:00+00:00,102.802,102.829,102.796,102.829,285.32
2021-01-05 12:10:00+00:00,102.828,102.872,102.828,102.861,611.91
2021-01-05 12:15:00+00:00,102.861,102.878,102.857,102.877,757.48
2021-01-05 12:20:00+00:00,102.876,102.9,102.873,102.882,332.32
2021-01-05 12:25:00+00:00,102.882,102.904,102.881,102.901,441.61
2021-01-05 12:30:00+00:00,102.902,102.941,102.893,102.894,587.34
2021-01-05 12:35:00+00:00,102.894,102.897,102.857,102.869,519.88
2021-01-05 12:40:00+00:00,102.871,102.909,102.871,102.909,383.27
2021-01-05 12:45:00+00:00,102.909,102.938,102.904,102.924,750.21
2021-01-05 12:50:00+00:00,102.924,102.926,102.885,102.889,572.05
2021-01-05 12:55:00+00:00,102.89,102.917,102.875,102.89,515.09
2021-01-05 13:00:00+00:00,102.891,102.899,102.868,102.89,547.39
2021-01-05 13:05:00+00:00,102.889,102.902,102.867,102.868,542.74
2021-01-05 13:10:00+00:00,102.868,102.888,102.862,102.884,405.93
2021-01-05 13:15:00+00:00,102.882,102.89,102.858,102.876,527.59
2021-01-05 13:20:00+00:00,102.877,102.908,102.877,102.905,602.58
2021-01-05 13:25:00+00:00,102.905,102.922,102.887,102.892,434.07
2021-01-05 13:30:00+00:00,102.891,102.921,102.887,102.914,957.53
2021-01-05 13:35:00+00:00,102.913,102.914,102.895,102.906,596.02
2021-01-05 13:40:00+00:00,102.906,102.925,102.898,102.909,641.34
2021-01-05 13:45:00+00:00,102.912,102.93,102.905,102.925,423.47
2021-01-05 13:50:00+00:00,102.925,102.928,102.894,102.903,598.71
2021-01-05 13:55:00+00:00,102.903,102.923,102.898,102.916,492.04
2021-01-05 14:00:00+00:00,102.916,102.927,102.895,102.897,480.51
2021-01-05 14:05:00+00:00,102.898,102.908,102.889,102.889,339.43
2021-01-05 14:10:00+00:00,102.888,102.893,102.865,102.87,534.29
2021-01-05 14:15:00+00:00,102.869,102.869,102.825,102.828,491.65
2021-01-05 14:20:00+00:00,102.827,102.865,102.822,102.851,615.95
2021-01-05 14:25:00+00:00,102.849,102.852,102.833,102.843,495.29
2021-01-05 14:30:00+00:00,102.843,102.894,102.839,102.854,785.9
2021-01-05 14:35:00+00:00,102.853,102.868,102.815,102.829,938.25
2021-01-05 14:40:00+00:00,102.828,102.842,102.806,102.839,886.16
2021-01-05 14:45:00+00:00,102.839,102.858,102.829,102.829,735.58
2021-01-05 14:50:00+00:00,102.827,102.835,102.809,102.817,427.08
2021-01-05 14:55:00+00:00,102.82,102.837,102.805,102.815,526.75
2021-01-05 15:00:00+00:00,102.817,102.946,102.817,102.897,1949.29
2021-01-05 15:05:00+00:00,102.898,102.929,102.884,102.916,1270.91
2021-01-05 15:10:00+00:00,102.915,102.915,102.864,102.879,855.79
2021-01-05 15:15:00+00:00,102.88,102.897,102.856,102.895,537.33
2021-01-05 15:20:00+00:00,102.893,102.912,102.873,102.894,639.45
2021-01-05 15:25:00+00:00,102.896,102.897,102.876,102.887,570.69
2021-01-05 15:30:00+00:00,102.888,102.907,102.852,102.852,682.23
2021-01-05 15:35:00+00:00,102.851,102.851,102.773,102.812,1131.05
2021-01-05 15:40:00+00:00,102.811,102.852,102.784,102.831,762.78
2021-01-05 15:45:00+00:00,102.83,102.83,102.785,102.807,753.92
2021-01-05 15:50:00+00:00,102.808,102.818,102.783,102.816,748.14
2021-01-05 15:55:00+00:00,102.817,102.827,102.774,102.789,722.05
2021-01-05 16:00:00+00:00,102.788,102.805,102.777,102.787,517.02
2021-01-05 16:05:00+00:00,102.787,102.805,102.785,102.795,516.28
2021-01-05 16:10:00+00:00,102.794,102.82,102.794,102.797,434.49
2021-01-05 16:15:00+00:00,102.796,102.814,102.778,102.78,525.83
2021-01-05 16:20:00+00:00,102.78,102.78,102.752,102.76,1062.18
2021-01-05 16:25:00+00:00,102.761,102.762,102.729,102.734,612.86
2021-01-05 16:30:00+00:00,102.736,102.752,102.715,102.741,651.64
2021-01-05 16:35:00+00:00,102.741,102.746,102.669,102.68,831.06
2021-01-05 16:40:00+00:00,102.681,102.751,102.664,102.747,678.2
2021-01-05 16:45:00+00:00,102.746,102.746,102.702,102.721,720.11
2021-01-05 16:50:00+00:00,102.721,102.731,102.711,102.714,315.1
2021-01-05 16:55:00+00:00,102.712,102.712,102.691,102.703,502.75
2021-01-05 17:00:00+00:00,102.703,102.709,102.634,102.647,713.51
2021-01-05 17:05:00+00:00,102.648,102.666,102.614,102.626,987.5
2021-01-05 17:10:00+00:00,102.628,102.642,102.604,102.636,1001.7
2021-01-05 17:15:00+00:00,102.635,102.65,102.61,102.645,412.44
2021-01-05 17:20:00+00:00,102.645,102.659,102.638,102.639,255.72
2021-01-05 17:25:00+00:00,102.637,102.658,102.616,102.652,345.93
2021-01-05 17:30:00+00:00,102.651,102.658,102.635,102.652,257.47
2021-01-05 17:35:00+00:00,102.653,102.655,102.64,102.641,222.32
2021-01-05 17:40:00+00:00,102.639,102.663,102.634,102.659,231.49
2021-01-05 17:45:00+00:00,102.657,102.659,102.642,102.645,271.05
2021-01-05 17:50:00+00:00,102.645,102.675,102.641,102.654,251.4
2021-01-05 17:55:00+00:00,102.655,102.675,102.646,102.651,325.25
2021-01-05 18:00:00+00:00,102.652,102.677,102.644,102.666,310.16
2021-01-05 18:05:00+00:00,102.667,102.675,102.656,102.67,345.28
2021-01-05 18:10:00+00:00,102.672,102.674,102.661,102.662,188.93
2021-01-05 18:15:00+00:00,102.662,102.674,102.653,102.659,138.58
2021-01-05 18:20:00+00:00,102.659,102.665,102.652,102.653,286.57
2021-01-05 18:25:00+00:00,102.653,102.653,102.636,102.648,346.87
2021-01-05 18:30:00+00:00,102.647,102.682,102.647,102.672,537.03
2021-01-05 18:35:00+00:00,102.671,102.671,102.642,102.653,637.2
2021-01-05 18:40:00+00:00,102.654,102.671,102.653,102.66,268.11
2021-01-05 18:45:00+00:00,102.659,102.661,102.646,102.647,171.28
2021-01-05 18:50:00+00:00,102.647,102.662,102.639,102.649,206.41
2021-01-05 18:55:00+00:00,102.65,102.66,102.643,102.652,191.24
2021-01-05 19:00:00+00:00,102.649,102.675,102.646,102.664,366.9
2021-01-05 19:05:00+00:00,102.665,102.678,102.662,102.662,222.36
2021-01-05 19:10:00+00:00,102.664,102.667,102.659,102.661,131.11
2021-01-05 19:15:00+00:00,102.662,102.665,102.658,102.662,217.9
2021-01-05 19:20:00+00:00,102.663,102.666,102.655,102.657,105.23
2021-01-05 19:25:00+00:00,102.655,102.665,102.65,102.654,216.58
2021-01-05 19:30:00+00:00,102.653,102.662,102.645,102.645,153.34
2021-01-05 19:35:00+00:00,102.644,102.646,102.634,102.645,74.12
2021-01-05 19:40:00+00:00,102.646,102.66,102.645,102.651,73.39
2021-01-05 19:45:00+00:00,102.65,102.655,102.645,102.654,255.27
2021-01-05 19:50:00+00:00,102.653,102.679,102.653,102.671,195.93
2021-01-05 19:55:00+00:00,102.672,102.672,102.631,102.634,202.0
2021-01-05 20:00:00+00:00,102.636,102.652,102.629,102.635,215.05
2021-01-05 20:05:00+00:00,102.635,102.641,102.63,102.636,158.71
2021-01-05 20:10:00+00:00,102.634,102.64,102.627,102.628,219.04
2021-01-05 20:15:00+00:00,102.628,102.635,102.627,102.631,140.72
2021-01-05 20:20:00+00:00,102.63,102.652,102.63,102.652,175.49
2021-01-05 20:25:00+00:00,102.653,102.68,102.653,102.668,108.77
2021-01-05 20:30:00+00:00,102.669,102.673,102.65,102.665,210.3
2021-01-05 20:35:00+00:00,102.663,102.666,102.656,102.662,166.58
2021-01-05 20:40:00+00:00,102.663,102.671,102.656,102.667,94.8
2021-01-05 20:45:00+00:00,102.67,102.677,102.66,102.663,127.41
2021-01-05 20:50:00+00:00,102.663,102.671,102.644,102.651,189.32
2021-01-05 20:55:00+00:00,102.65,102.703,102.65,102.698,330.87
2021-01-05 21:00:00+00:00,102.697,102.728,102.696,102.722,233.07
2021-01-05 21:05:00+00:00,102.725,102.737,102.716,102.736,112.6
2021-01-05 21:10:00+00:00,102.735,102.748,102.731,102.748,109.61
2021-01-05 21:15:00+00:00,102.748,102.752,102.737,102.739,77.83
2021-01-05 21:20:00+00:00,102.738,102.742,102.729,102.736,74.3
2021-01-05 21:25:00+00:00,102.736,102.736,102.73,102.731,29.95
2021-01-05 21:30:00+00:00,102.735,102.736,102.724,102.726,28.27
2021-01-05 21:35:00+00:00,102.725,102.738,102.725,102.738,65.97
2021-01-05 21:40:00+00:00,102.739,102.739,102.728,102.728,28.87
2021-01-05 21:45:00+00:00,102.729,102.736,102.72,102.726,68.43
2021-01-05 21:50:00+00:00,102.725,102.726,102.713,102.718,88.54
2021-01-05 21:55:00+00:00,102.716,102.724,102.689,102.708,203.86
2021-01-05 22:00:00+00:00,102.689,102.696,102.676,102.691,26.32
2021-01-05 22:05:00+00:00,102.69,102.755,102.69,102.738,23.02
2021-01-05 22:10:00+00:00,102.742,102.742,102.733,102.738,20.5
2021-01-05 22:15:00+00:00,102.739,102.746,102.721,102.729,109.5
2021-01-05 22:20:00+00:00,102.743,102.744,102.726,102.742,49.5
2021-01-05 22:25:00+00:00,102.743,102.743,102.733,102.735,16.0
2021-01-05 22:30:00+00:00,102.735,102.737,102.734,102.735,23.0
2021-01-05 22:35:00+00:00,102.738,102.746,102.736,102.744,27.85
2021-01-05 22:40:00+00:00,102.744,102.744,102.728,102.737,33.4
2021-01-05 22:45:00+00:00,102.738,102.738,102.735,102.737,13.5
2021-01-05 22:50:00+00:00,102.736,102.738,102.708,102.711,177.99
2021-01-05 22:55:00+00:00,102.709,102.723,102.706,102.719,1093.36
2021-01-05 23:00:00+00:00,102.718,102.72,102.683,102.689,313.02
2021-01-05 23:05:00+00:00,102.687,102.689,102.668,102.683,146.85
2021-01-05 23:10:00+00:00,102.688,102.697,102.68,102.682,151.66
2021-01-05 23:15:00+00:00,102.682,102.7,102.681,102.698,106.08
2021-01-05 23:20:00+00:00,102.694,102.695,102.659,102.67,195.95
2021-01-05 23:25:00+00:00,102.67,102.695,102.665,102.694,150.81
2021-01-05 23:30:00+00:00,102.694,102.694,102.652,102.66,372.62
2021-01-05 23:35:00+00:00,102.66,102.683,102.648,102.68,201.59
2021-01-05 23:40:00+00:00,102.68,102.68,102.655,102.662,171.66
2021-01-05 23:45:00+00:00,102.66,102.674,102.66,102.673,245.37
2021-01-05 23:50:00+00:00,102.673,102.694,102.666,102.688,150.22
2021-01-05 23:55:00+00:00,102.688,102.693,102.676,102.685,230.69
2021-01-06 00:00:00+00:00,102.684,102.704,102.635,102.653,692.12
2021-01-06 00:05:00+00:00,102.653,102.656,102.622,102.634,483.23
2021-01-06 00:10:00+00:00,102.633,102.645,102.632,102.636,412.96
2021-01-06 00:15:00+00:00,102.635,102.645,102.626,102.63,315.93
2021-01-06 00:20:00+00:00,102.631,102.634,102.591,102.609,545.31
2021-01-06 00:25:00+00:00,102.609,102.618,102.602,102.608,427.48
2021-01-06 00:30:00+00:00,102.607,102.619,102.598,102.602,439.79
2021-01-06 00:35:00+00:00,102.602,102.625,102.597,102.625,392.61
2021-01-06 00:40:00+00:00,102.625,102.664,102.625,102.64,491.1
2021-01-06 00:45:00+00:00,102.64,102.65,102.63,102.641,278.7
2021-01-06 00:50:00+00:00,102.641,102.679,102.6,102.659,1910.28
2021-01-06 00:55:00+00:00,102.661,102.703,102.65,102.672,1084.18
2021-01-06 01:00:00+00:00,102.673,102.683,102.649,102.662,837.03
2021-01-06 01:05:00+00:00,102.662,102.687,102.653,102.671,758.9
2021-01-06 01:10:00+00:00,102.671,102.68,102.655,102.668,1200.84
2021-01-06 01:15:00+00:00,102.669,102.767,102.658,102.767,1774.52
2021-01-06 01:20:00+00:00,102.765,102.782,102.737,102.771,848.1
2021-01-06 01:25:00+00:00,102.77,102.799,102.744,102.789,965.45
2021-01-06 01:30:00+00:00,102.788,102.802,102.751,102.765,786.37
2021-01-06 01:35:00+00:00,102.764,102.807,102.763,102.806,967.92
2021-01-06 01:40:00+00:00,102.805,102.824,102.788,102.799,630.46
2021-01-06 01:45:00+00:00,102.798,102.818,102.785,102.799,419.61
2021-01-06 01:50:00+00:00,102.799,102.812,102.765,102.772,601.84
2021-01-06 01:55:00+00:00,102.774,102.788,102.765,102.774,613.83
2021-01-06 02:00:00+00:00,102.773,102.783,102.748,102.75,987.23
2021-01-06 02:05:00+00:00,102.747,102.769,102.742,102.764,1001.81
2021-01-06 02:10:00+00:00,102.764,102.792,102.756,102.787,693.47
2021-01-06 02:15:00+00:00,102.787,102.801,102.773,102.79,461.09
2021-01-06 02:20:00+00:00,102.789,102.822,102.785,102.82,430.77
2021-01-06 02:25:00+00:00,102.819,102.827,102.803,102.803,394.74
2021-01-06 02:30:00+00:00,102.803,102.811,102.784,102.806,643.59
2021-01-06 02:35:00+00:00,102.807,102.813,102.785,102.794,509.86
2021-01-06 02:40:00+00:00,102.794,102.812,102.788,102.802,646.36
2021-01-06 02:45:00+00:00,102.801,102.827,102.796,102.821,629.26
2021-01-06 02:50:00+00:00,102.82,102.854,102.816,102.828,427.43
2021-01-06 02:55:00+00:00,102.828,102.869,102.827,102.832,967.33
2021-01-06 03:00:00+00:00,102.833,102.849,102.808,102.814,871.16
2021-01-06 03:05:00+00:00,102.816,102.822,102.804,102.817,603.95
2021-01-06 03:10:00+00:00,102.817,102.83,102.806,102.814,584.38
2021-01-06 03:15:00+00:00,102.815,102.821,102.785,102.809,592.67
2021-01-06 03:20:00+00:00,102.809,102.811,102.769,102.774,427.18
2021-01-06 03:25:00+00:00,102.774,102.796,102.774,102.793,603.9
2021-01-06 03:30:00+00:00,102.794,102.814,102.787,102.808,585.34
2021-01-06 03:35:00+00:00,102.807,102.813,102.792,102.803,514.95
2021-01-06 03:40:00+00:00,102.802,102.807,102.787,102.801,573.39
2021-01-06 03:45:00+00:00,102.801,102.801,102.79,102.792,329.45
2021-01-06 03:50:00+00:00,102.791,102.8,102.785,102.793,287.29
2021-01-06 03:55:00+00:00,102.793,102.812,102.784,102.807,587.16
2021-01-06 04:00:00+00:00,102.807,102.814,102.792,102.8,825.57
2021-01-06 04:05:00+00:00,102.8,102.801,102.777,102.784,338.28
2021-01-06 04:10:00+00:00,102.784,102.802,102.784,102.798,244.54
2021-01-06 04:15:00+00:00,102.796,102.815,102.784,102.796,659.31
2021-01-06 04:20:00+00:00,102.797,102.799,102.714,102.753,863.22
2021-01-06 04:25:00+00:00,102.754,102.762,102.737,102.757,836.79
2021-01-06 04:30:00+00:00,102.756,102.768,102.744,102.764,567.67
2021-01-06 04:35:00+00:00,102.764,102.776,102.756,102.757,439.44
2021-01-06 04:40:00+00:00,102.757,102.79,102.757,102.789,717.26
2021-01-06 04:45:00+00:00,102.79,102.821,102.785,102.82,684.22
2021-01-06 04:50:00+00:00,102.819,102.823,102.797,102.808,635.19
2021-01-06 04:55:00+00:00,102.807,102.834,102.8,102.819,626.23
2021-01-06 05:00:00+00:00,102.819,102.821,102.79,102.817,720.08
2021-01-06 05:05:00+00:00,102.816,102.819,102.803,102.803,470.35
2021-01-06 05:10:00+00:00,102.805,102.821,102.804,102.811,614.66
2021-01-06 05:15:00+00:00,102.813,102.821,102.802,102.817,447.33
2021-01-06 05:20:00+00:00,102.817,102.83,102.777,102.777,588.91
2021-01-06 05:25:00+00:00,102.777,102.778,102.75,102.759,433.75
2021-01-06 05:30:00+00:00,102.759,102.776,102.752,102.775,280.86
2021-01-06 05:35:00+00:00,102.776,102.776,102.76,102.762,114.47
2021-01-06 05:40:00+00:00,102.763,102.769,102.752,102.76,227.22
2021-01-06 05:45:00+00:00,102.759,102.765,102.746,102.764,129.25
2021-01-06 05:50:00+00:00,102.761,102.778,102.76,102.77,343.79
2021-01-06 05:55:00+00:00,102.77,102.786,102.767,102.786,305.24
2021-01-06 06:00:00+00:00,102.787,102.791,102.78,102.782,193.68
2021-01-06 06:05:00+00:00,102.784,102.786,102.766,102.768,172.16
2021-01-06 06:10:00+00:00,102.768,102.768,102.744,102.747,161.03
2021-01-06 06:15:00+00:00,102.748,102.748,102.737,102.739,132.37
2021-01-06 06:20:00+00:00,102.74,102.747,102.721,102.729,392.26
2021-01-06 06:25:00+00:00,102.728,102.751,102.725,102.744,322.98
2021-01-06 06:30:00+00:00,102.744,102.746,102.725,102.726,259.65
2021-01-06 06:35:00+00:00,102.727,102.743,102.727,102.742,193.97
2021-01-06 06:40:00+00:00,102.745,102.749,102.733,102.748,168.29
2021-01-06 06:45:00+00:00,102.749,102.762,102.722,102.742,595.66
2021-01-06 06:50:00+00:00,102.741,102.746,102.721,102.722,430.46
2021-01-06 06:55:00+00:00,102.721,102.741,102.717,102.722,334.72
2021-01-06 07:00:00+00:00,102.722,102.745,102.705,102.738,559.84
2021-01-06 07:05:00+00:00,102.738,102.748,102.695,102.7,637.37
2021-01-06 07:10:00+00:00,102.7,102.711,102.674,102.704,719.65
2021-01-06 07:15:00+00:00,102.703,102.711,102.674,102.697,690.56
2021-01-06 07:20:00+00:00,102.698,102.728,102.695,102.704,559.37
2021-01-06 07:25:00+00:00,102.706,102.724,102.699,102.7,428.65
2021-01-06 07:30:00+00:00,102.699,102.737,102.696,102.728,577.44
2021-01-06 07:35:00+00:00,102.727,102.75,102.723,102.741,568.11
2021-01-06 07:40:00+00:00,102.739,102.74,102.685,102.722,783.0
2021-01-06 07:45:00+00:00,102.724,102.746,102.724,102.733,726.29
2021-01-06 07:50:00+00:00,102.735,102.756,102.729,102.755,573.15
2021-01-06 07:55:00+00:00,102.755,102.765,102.734,102.741,644.32
2021-01-06 08:00:00+00:00,102.739,102.817,102.739,102.781,1144.89
2021-01-06 08:05:00+00:00,102.783,102.803,102.773,102.774,668.61
2021-01-06 08:10:00+00:00,102.772,102.775,102.739,102.761,619.04
2021-01-06 08:15:00+00:00,102.763,102.787,102.733,102.785,628.92
2021-01-06 08:20:00+00:00,102.785,102.808,102.774,102.798,785.96
2021-01-06 08:25:00+00:00,102.796,102.806,102.774,102.803,433.44
2021-01-06 08:30:00+00:00,102.804,102.83,102.781,102.792,798.69
2021-01-06 08:35:00+00:00,102.793,102.795,102.758,102.759,460.92
2021-01-06 08:40:00+00:00,102.758,102.788,102.758,102.788,484.22
2021-01-06 08:45:00+00:00,102.79,102.793,102.763,102.785,435.69
2021-01-06 08:50:00+00:00,102.788,102.832,102.776,102.826,673.27
2021-01-06 08:55:00+00:00,102.826,102.841,102.817,102.825,733.36
2021-01-06 09:00:00+00:00,102.826,102.83,102.779,102.785,714.53
2021-01-06 09:05:00+00:00,102.784,102.814,102.775,102.8,408.49
2021-01-06 09:10:00+00:00,102.8,102.824,102.793,102.804,651.56
2021-01-06 09:15:00+00:00,102.804,102.842,102.799,102.842,724.73
2021-01-06 09:20:00+00:00,102.842,102.853,102.825,102.827,625.32
2021-01-06 09:25:00+00:00,102.826,102.833,102.811,102.832,223.45
2021-01-06 09:30:00+00:00,102.833,102.839,102.806,102.807,314.55
2021-01-06 09:35:00+00:00,102.806,102.835,102.805,102.826,251.68
2021-01-06 09:40:00+00:00,102.826,102.86,102.819,102.86,743.29
2021-01-06 09:45:00+00:00,102.86,102.861,102.834,102.85,460.33
2021-01-06 09:50:00+00:00,102.85,102.884,102.849,102.873,960.13
2021-01-06 09:55:00+00:00,102.873,102.877,102.856,102.863,558.37
2021-01-06 10:00:00+00:00,102.863,102.866,102.84,102.842,610.07
2021-01-06 10:05:00+00:00,102.842,102.842,102.825,102.835,562.8
2021-01-06 10:10:00+00:00,102.837,102.859,102.837,102.858,360.99
2021-01-06 10:15:00+00:00,102.858,102.864,102.846,102.846,394.05
2021-01-06 10:20:00+00:00,102.847,102.856,102.837,102.851,322.04
2021-01-06 10:25:00+00:00,102.852,102.856,102.837,102.846,335.21
2021-01-06 10:30:00+00:00,102.845,102.851,102.817,102.817,386.34
2021-01-06 10:35:00+00:00,102.817,102.863,102.817,102.863,408.17
2021-01-06 10:40:00+00:00,102.86,102.86,102.816,102.819,400.34
2021-01-06 10:45:00+00:00,102.82,102.84,102.814,102.835,413.2
2021-01-06 10:50:00+00:00,102.834,102.844,102.823,102.84,438.0
2021-01-06 10:55:00+00:00,102.84,102.848,102.831,102.841,598.38
2021-01-06 11:00:00+00:00,102.841,102.848,102.814,102.827,538.1
2021-01-06 11:05:00+00:00,102.829,102.836,102.816,102.831,347.73
2021-01-06 11:10:00+00:00,102.83,102.83,102.812,102.813,211.11
2021-01-06 11:15:00+00:00,102.817,102.832,102.813,102.822,301.35
2021-01-06 11:20:00+00:00,102.822,102.822,102.794,102.804,270.71
2021-01-06 11:25:00+00:00,102.804,102.815,102.795,102.795,305.7
2021-01-06 11:30:00+00:00,102.796,102.81,102.783,102.798,449.37
2021-01-06 11:35:00+00:00,102.797,102.804,102.777,102.799,398.22
2021-01-06 11:40:00+00:00,102.798,102.799,102.758,102.771,209.29
2021-01-06 11:45:00+00:00,102.772,102.786,102.766,102.778,301.49
2021-01-06 11:50:00+00:00,102.777,102.806,102.772,102.802,344.52
2021-01-06 11:55:00+00:00,102.802,102.808,102.797,102.798,272.04
2021-01-06 12:00:00+00:00,102.798,102.809,102.783,102.783,272.84
2021-01-06 12:05:00+00:00,102.784,102.794,102.783,102.785,185.99
2021-01-06 12:10:00+00:00,102.785,102.788,102.779,102.787,266.74
2021-01-06 12:15:00+00:00,102.786,102.796,102.773,102.773,248.41
2021-01-06 12:20:00+00:00,102.773,102.787,102.773,102.782,180.59
2021-01-06 12:25:00+00:00,102.78,102.78,102.767,102.773,304.73
2021-01-06 12:30:00+00:00,102.774,102.804,102.767,102.795,297.44
2021-01-06 12:35:00+00:00,102.797,102.84,102.795,102.836,403.27
2021-01-06 12:40:00+00:00,102.835,102.887,102.835,102.877,543.45
2021-01-06 12:45:00+00:00,102.877,102.978,102.871,102.962,1170.53
2021-01-06 12:50:00+00:00,102.959,102.965,102.922,102.953,1145.43
2021-01-06 12:55:00+00:00,102.954,102.965,102.928,102.928,701.63
2021-01-06 13:00:00+00:00,102.93,102.999,102.929,102.983,857.9
2021-01-06 13:05:00+00:00,102.982,102.997,102.938,102.953,609.82
2021-01-06 13:10:00+00:00,102.953,102.967,102.944,102.959,440.51
2021-01-06 13:15:00+00:00,102.961,102.962,102.904,102.904,655.13
2021-01-06 13:20:00+00:00,102.904,102.931,102.894,102.904,691.7
2021-01-06 13:25:00+00:00,102.904,102.935,102.904,102.917,535.11
2021-01-06 13:30:00+00:00,102.917,102.937,102.906,102.935,393.75
2021-01-06 13:35:00+00:00,102.933,102.993,102.926,102.991,771.15
2021-01-06 13:40:00+00:00,102.99,103.0,102.972,102.982,1139.59
2021-01-06 13:45:00+00:00,102.98,103.133,102.98,103.131,1409.6
2021-01-06 13:50:00+00:00,103.13,103.18,103.111,103.16,1660.89
2021-01-06 13:55:00+00:00,103.162,103.201,103.149,103.174,1817.05
2021-01-06 14:00:00+00:00,103.174,103.195,103.153,103.185,1437.85
2021-01-06 14:05:00+00:00,103.184,103.254,103.168,103.225,1333.24
2021-01-06 14:10:00+00:00,103.224,103.232,103.177,103.201,1457.53
2021-01-06 14:15:00+00:00,103.202,103.22,103.189,103.196,1061.83
2021-01-06 14:20:00+00:00,103.199,103.214,103.172,103.195,1090.99
2021-01-06 14:25:00+00:00,103.191,103.221,103.191,103.211,633.3
2021-01-06 14:30:00+00:00,103.211,103.247,103.197,103.24,1327.84
2021-01-06 14:35:00+00:00,103.24,103.245,103.206,103.212,1248.54
2021-01-06 14:40:00+00:00,103.212,103.239,103.211,103.222,1006.61
2021-01-06 14:45:00+00:00,103.222,103.251,103.201,103.201,1169.89
2021-01-06 14:50:00+00:00,103.203,103.218,103.148,103.156,1298.29
2021-01-06 14:55:00+00:00,103.157,103.209,103.148,103.202,912.57
2021-01-06 15:00:00+00:00,103.205,103.241,103.2,103.223,1212.2
2021-01-06 15:05:00+00:00,103.223,103.24,103.196,103.21,814.53
2021-01-06 15:10:00+00:00,103.208,103.271,103.196,103.254,942.0
2021-01-06 15:15:00+00:00,103.256,103.286,103.229,103.282,1008.54
2021-01-06 15:20:00+00:00,103.283,103.294,103.27,103.274,480.93
2021-01-06 15:25:00+00:00,103.273,103.347,103.269,103.332,697.46
2021-01-06 15:30:00+00:00,103.335,103.336,103.301,103.317,525.62
2021-01-06 15:35:00+00:00,103.315,103.323,103.279,103.32,524.02
2021-01-06 15:40:00+00:00,103.322,103.405,103.308,103.368,731.49
2021-01-06 15:45:00+00:00,103.369,103.441,103.355,103.426,651.42
2021-01-06 15:50:00+00:00,103.422,103.444,103.399,103.437,826.3
2021-01-06 15:55:00+00:00,103.437,103.437,103.375,103.383,847.37
2021-01-06 16:00:00+00:00,103.384,103.404,103.366,103.369,765.08
2021-01-06 16:05:00+00:00,103.37,103.402,103.363,103.385,766.69
2021-01-06 16:10:00+00:00,103.384,103.402,103.356,103.383,759.46
2021-01-06 16:15:00+00:00,103.383,103.391,103.346,103.351,630.56
2021-01-06 16:20:00+00:00,103.349,103.371,103.34,103.353,397.87
2021-01-06 16:25:00+00:00,103.353,103.355,103.323,103.352,442.07
2021-01-06 16:30:00+00:00,103.351,103.351,103.322,103.327,588.63
2021-01-06 16:35:00+00:00,103.328,103.335,103.312,103.32,397.71
2021-01-06 16:40:00+00:00,103.319,103.323,103.303,103.321,327.24
2021-01-06 16:45:00+00:00,103.319,103.338,103.299,103.3,388.84
2021-01-06 16:50:00+00:00,103.301,103.309,103.256,103.256,407.59
2021-01-06 16:55:00+00:00,103.255,103.265,103.25,103.261,321.78
2021-01-06 17:00:00+00:00,103.262,103.277,103.254,103.256,353.65
2021-01-06 17:05:00+00:00,103.255,103.276,103.225,103.249,327.86
2021-01-06 17:10:00+00:00,103.25,103.25,103.219,103.243,390.21
2021-01-06 17:15:00+00:00,103.244,103.246,103.21,103.228,328.74
2021-01-06 17:20:00+00:00,103.229,103.232,103.211,103.231,328.64
2021-01-06 17:25:00+00:00,103.23,103.237,103.214,103.23,236.42
2021-01-06 17:30:00+00:00,103.233,103.259,103.23,103.259,216.58
2021-01-06 17:35:00+00:00,103.261,103.269,103.25,103.26,190.63
2021-01-06 17:40:00+00:00,103.259,103.261,103.25,103.254,108.78
2021-01-06 17:45:00+00:00,103.256,103.259,103.234,103.246,128.31
2021-01-06 17:50:00+00:00,103.245,103.255,103.232,103.241,316.35
2021-01-06 17:55:00+00:00,103.24,103.242,103.203,103.207,211.51
2021-01-06 18:00:00+00:00,103.209,103.228,103.196,103.201,253.08
2021-01-06 18:05:00+00:00,103.2,103.216,103.18,103.181,245.06
2021-01-06 18:10:00+00:00,103.183,103.201,103.183,103.192,165.82
2021-01-06 18:15:00+00:00,103.192,103.193,103.15,103.165,266.97
2021-01-06 18:20:00+00:00,103.164,103.171,103.155,103.166,202.6
2021-01-06 18:25:00+00:00,103.165,103.173,103.162,103.172,207.06
2021-01-06 18:30:00+00:00,103.169,103.188,103.163,103.167,223.96
2021-01-06 18:35:00+00:00,103.165,103.199,103.165,103.197,241.63
2021-01-06 18:40:00+00:00,103.199,103.201,103.163,103.166,224.61
2021-01-06 18:45:00+00:00,103.167,103.172,103.144,103.157,147.81
2021-01-06 18:50:00+00:00,103.159,103.159,103.132,103.145,215.35
2021-01-06 18:55:00+00:00,103.142,103.156,103.136,103.149,232.62
2021-01-06 19:00:00+00:00,103.155,103.198,103.154,103.198,352.0
2021-01-06 19:05:00+00:00,103.198,103.215,103.183,103.203,282.24
2021-01-06 19:10:00+00:00,103.203,103.224,103.2,103.22,294.19
2021-01-06 19:15:00+00:00,103.22,103.243,103.215,103.229,252.73
2021-01-06 19:20:00+00:00,103.229,103.229,103.177,103.19,329.98
2021-01-06 19:25:00+00:00,103.19,103.21,103.157,103.16,596.9
2021-01-06 19:30:00+00:00,103.157,103.158,103.098,103.113,605.69
2021-01-06 19:35:00+00:00,103.114,103.124,103.097,103.098,577.54
2021-01-06 19:40:00+00:00,103.102,103.119,103.07,103.116,524.37
2021-01-06 19:45:00+00:00,103.117,103.132,103.102,103.115,512.93
2021-01-06 19:50:00+00:00,103.114,103.146,103.112,103.137,675.71
2021-01-06 19:55:00+00:00,103.137,103.145,103.115,103.134,613.69
2021-01-06 20:00:00+00:00,103.135,103.135,103.065,103.065,457.61
2021-01-06 20:05:00+00:00,103.064,103.072,103.01,103.01,807.87
2021-01-06 20:10:00+00:00,103.01,103.031,103.002,103.008,571.32
2021-01-06 20:15:00+00:00,103.01,103.01,102.947,102.968,550.19
2021-01-06 20:20:00+00:00,102.968,103.016,102.968,103.004,295.1
2021-01-06 20:25:00+00:00,103.004,103.011,102.969,102.973,639.18
2021-01-06 20:30:00+00:00,102.971,102.994,102.958,102.96,756.6
2021-01-06 20:35:00+00:00,102.964,102.977,102.943,102.977,443.67
2021-01-06 20:40:00+00:00,102.976,103.016,102.962,103.013,482.22
2021-01-06 20:45:00+00:00,103.012,103.032,103.009,103.023,479.33
2021-01-06 20:50:00+00:00,103.023,103.041,103.013,103.015,411.17
2021-01-06 20:55:00+00:00,103.015,103.044,103.014,103.035,415.87
2021-01-06 21:00:00+00:00,103.035,103.042,103.004,103.004,170.84
2021-01-06 21:05:00+00:00,103.004,103.013,102.998,103.013,99.68
2021-01-06 21:10:00+00:00,103.014,103.022,103.008,103.019,99.09
2021-01-06 21:15:00+00:00,103.019,103.021,103.011,103.015,61.22
2021-01-06 21:20:00+00:00,103.015,103.028,103.014,103.025,84.2
2021-01-06 21:25:00+00:00,103.023,103.029,103.015,103.023,71.82
2021-01-06 21:30:00+00:00,103.021,103.037,103.009,103.026,136.67
2021-01-06 21:35:00+00:00,103.029,103.042,103.029,103.032,81.34
2021-01-06 21:40:00+00:00,103.033,103.063,103.027,103.063,52.26
2021-01-06 21:45:00+00:00,103.063,103.063,103.027,103.028,118.23
2021-01-06 21:50:00+00:00,103.025,103.082,103.025,103.072,680.13
2021-01-06 21:55:00+00:00,103.076,103.083,103.036,103.036,726.46
2021-01-06 22:00:00+00:00,103.032,103.032,102.964,102.989,31.44
2021-01-06 22:05:00+00:00,103.001,103.064,102.999,103.034,36.7
2021-01-06 22:10:00+00:00,103.035,103.035,103.012,103.012,27.62
2021-01-06 22:15:00+00:00,103.012,103.021,103.011,103.011,14.77
2021-01-06 22:20:00+00:00,103.011,103.058,103.011,103.058,33.32
2021-01-06 22:25:00+00:00,103.06,103.063,103.051,103.063,21.75
2021-01-06 22:30:00+00:00,103.063,103.069,103.049,103.057,43.67
2021-01-06 22:35:00+00:00,103.057,103.058,103.037,103.042,63.31
2021-01-06 22:40:00+00:00,103.042,103.047,103.003,103.003,46.66
2021-01-06 22:45:00+00:00,103.004,103.045,103.003,103.04,377.26
2021-01-06 22:50:00+00:00,103.037,103.043,103.023,103.041,216.14
2021-01-06 22:55:00+00:00,103.043,103.063,103.033,103.061,159.02
2021-01-06 23:00:00+00:00,103.061,103.09,103.06,103.084,1085.07
2021-01-06 23:05:00+00:00,103.084,103.084,103.056,103.059,799.9
2021-01-06 23:10:00+00:00,103.058,103.083,103.054,103.076,389.44
2021-01-06 23:15:00+00:00,103.075,103.078,103.045,103.061,228.1
2021-01-06 23:20:00+00:00,103.062,103.077,103.054,103.064,367.55
2021-01-06 23:25:00+00:00,103.064,103.074,103.058,103.066,319.44
2021-01-06 23:30:00+00:00,103.066,103.066,103.026,103.031,395.4
2021-01-06 23:35:00+00:00,103.031,103.031,103.024,103.025,98.69
2021-01-06 23:40:00+00:00,103.025,103.04,103.021,103.038,291.48
2021-01-06 23:45:00+00:00,103.035,103.05,103.023,103.038,237.58
2021-01-06 23:50:00+00:00,103.039,103.052,103.034,103.035,143.36
2021-01-06 23:55:00+00:00,103.035,103.035,103.022,103.023,135.0
2021-01-07 00:00:00+00:00,103.021,103.074,103.013,103.06,510.75
2021-01-07 00:05:00+00:00,103.061,103.069,103.004,103.004,672.58
2021-01-07 00:10:00+00:00,103.003,103.016,102.966,102.977,763.29
2021-01-07 00:15:00+00:00,102.976,102.991,102.963,102.983,521.97
2021-01-07 00:20:00+00:00,102.983,103.005,102.982,102.991,394.67
2021-01-07 00:25:00+00:00,102.993,103.004,102.96,102.961,235.62
2021-01-07 00:30:00+00:00,102.96,102.973,102.956,102.967,331.91
2021-01-07 00:35:00+00:00,102.966,102.98,102.959,102.979,253.08
2021-01-07 00:40:00+00:00,102.978,102.987,102.956,102.963,261.94
2021-01-07 00:45:00+00:00,102.964,102.99,102.951,102.98,327.94
2021-01-07 00:50:00+00:00,102.981,103.017,102.979,102.991,730.45
2021-01-07 00:55:00+00:00,102.986,103.064,102.969,103.054,791.05
2021-01-07 01:00:00+00:00,103.052,103.056,103.026,103.037,693.25
2021-01-07 01:05:00+00:00,103.036,103.049,103.032,103.036,368.66
2021-01-07 01:10:00+00:00,103.035,103.043,103.023,103.032,364.54
2021-01-07 01:15:00+00:00,103.032,103.053,103.026,103.043,401.06
2021-01-07 01:20:00+00:00,103.043,103.1,103.038,103.076,631.14
2021-01-07 01:25:00+00:00,103.075,103.141,103.075,103.136,454.68
2021-01-07 01:30:00+00:00,103.134,103.161,103.122,103.157,630.97
2021-01-07 01:35:00+00:00,103.159,103.16,103.126,103.131,572.62
2021-01-07 01:40:00+00:00,103.132,103.139,103.108,103.122,521.19
2021-01-07 01:45:00+00:00,103.122,103.133,103.108,103.112,460.75
2021-01-07 01:50:00+00:00,103.11,103.116,103.095,103.095,441.41
2021-01-07 01:55:00+00:00,103.096,103.146,103.095,103.145,491.06
2021-01-07 02:00:00+00:00,103.144,103.151,103.12,103.129,718.46
2021-01-07 02:05:00+00:00,103.128,103.193,103.126,103.186,569.29
2021-01-07 02:10:00+00:00,103.187,103.224,103.185,103.193,580.29
2021-01-07 02:15:00+00:00,103.194,103.221,103.171,103.219,614.19
2021-01-07 02:20:00+00:00,103.217,103.247,103.212,103.231,620.32
2021-01-07 02:25:00+00:00,103.23,103.233,103.201,103.201,503.73
2021-01-07 02:30:00+00:00,103.202,103.206,103.182,103.184,424.76
2021-01-07 02:35:00+00:00,103.183,103.196,103.17,103.187,468.41
2021-01-07 02:40:00+00:00,103.188,103.206,103.188,103.195,194.58
2021-01-07 02:45:00+00:00,103.193,103.215,103.189,103.212,265.8
2021-01-07 02:50:00+00:00,103.212,103.216,103.178,103.184,503.65
2021-01-07 02:55:00+00:00,103.182,103.191,103.174,103.185,456.88
2021-01-07 03:00:00+00:00,103.185,103.186,103.154,103.155,876.49
2021-01-07 03:05:00+00:00,103.155,103.169,103.146,103.158,463.14
2021-01-07 03:10:00+00:00,103.157,103.157,103.138,103.147,283.16
2021-01-07 03:15:00+00:00,103.147,103.16,103.142,103.152,327.12
2021-01-07 03:20:00+00:00,103.154,103.176,103.152,103.158,346.44
2021-01-07 03:25:00+00:00,103.16,103.166,103.146,103.149,400.08
2021-01-07 03:30:00+00:00,103.147,103.158,103.135,103.135,494.64
2021-01-07 03:35:00+00:00,103.136,103.146,103.129,103.129,437.93
2021-01-07 03:40:00+00:00,103.13,103.132,103.112,103.125,451.27
2021-01-07 03:45:00+00:00,103.127,103.131,103.121,103.127,192.16
2021-01-07 03:50:00+00:00,103.126,103.131,103.119,103.12,174.0
2021-01-07 03:55:00+00:00,103.123,103.135,103.116,103.128,265.59
2021-01-07 04:00:00+00:00,103.127,103.153,103.127,103.138,253.55
2021-01-07 04:05:00+00:00,103.137,103.144,103.13,103.14,256.49
2021-01-07 04:10:00+00:00,103.139,103.146,103.13,103.14,235.2
2021-01-07 04:15:00+00:00,103.14,103.141,103.094,103.107,423.93
2021-01-07 04:20:00+00:00,103.107,103.12,103.103,103.113,286.11
2021-01-07 04:25:00+00:00,103.114,103.125,103.103,103.12,294.99
2021-01-07 04:30:00+00:00,103.12,103.124,103.106,103.122,347.95
2021-01-07 04:35:00+00:00,103.118,103.131,103.11,103.12,404.53
2021-01-07 04:40:00+00:00,103.119,103.129,103.116,103.127,147.6
2021-01-07 04:45:00+00:00,103.126,103.132,103.125,103.132,92.25
2021-01-07 04:50:00+00:00,103.132,103.138,103.131,103.137,72.87
2021-01-07 04:55:00+00:00,103.135,103.138,103.125,103.126,135.58
2021-01-07 05:00:00+00:00,103.125,103.147,103.125,103.142,105.59
2021-01-07 05:05:00+00:00,103.142,103.149,103.141,103.143,52.62
2021-01-07 05:10:00+00:00,103.143,103.16,103.141,103.147,188.22
2021-01-07 05:15:00+00:00,103.147,103.171,103.146,103.169,124.6
2021-01-07 05:20:00+00:00,103.17,103.17,103.151,103.155,96.53
2021-01-07 05:25:00+00:00,103.155,103.174,103.153,103.17,114.83
2021-01-07 05:30:00+00:00,103.171,103.174,103.167,103.174,102.82
2021-01-07 05:35:00+00:00,103.174,103.192,103.174,103.187,124.47
2021-01-07 05:40:00+00:00,103.189,103.192,103.178,103.192,125.59
2021-01-07 05:45:00+00:00,103.19,103.225,103.188,103.212,270.59
2021-01-07 05:50:00+00:00,103.212,103.214,103.19,103.19,157.42
2021-01-07 05:55:00+00:00,103.191,103.211,103.186,103.211,271.59
2021-01-07 06:00:00+00:00,103.212,103.239,103.205,103.237,248.83
2021-01-07 06:05:00+00:00,103.239,103.255,103.232,103.239,320.07
2021-01-07 06:10:00+00:00,103.238,103.255,103.22,103.221,255.08
2021-01-07 06:15:00+00:00,103.22,103.221,103.201,103.217,192.12
2021-01-07 06:20:00+00:00,103.218,103.23,103.207,103.209,133.16
2021-01-07 06:25:00+00:00,103.209,103.21,103.183,103.184,259.14
2021-01-07 06:30:00+00:00,103.186,103.204,103.18,103.196,237.48
2021-01-07 06:35:00+00:00,103.196,103.217,103.194,103.211,151.3
2021-01-07 06:40:00+00:00,103.209,103.21,103.192,103.192,193.17
2021-01-07 06:45:00+00:00,103.191,103.211,103.187,103.202,260.51
2021-01-07 06:50:00+00:00,103.203,103.232,103.203,103.228,211.8
2021-01-07 06:55:00+00:00,103.23,103.23,103.205,103.209,123.42
2021-01-07 07:00:00+00:00,103.208,103.275,103.201,103.25,671.29
2021-01-07 07:05:00+00:00,103.249,103.307,103.248,103.297,405.21
2021-01-07 07:10:00+00:00,103.297,103.307,103.273,103.285,443.45
2021-01-07 07:15:00+00:00,103.288,103.295,103.253,103.27,408.5
2021-01-07 07:20:00+00:00,103.27,103.314,103.268,103.289,502.62
2021-01-07 07:25:00+00:00,103.293,103.305,103.289,103.296,500.05
2021-01-07 07:30:00+00:00,103.298,103.347,103.298,103.339,563.06
2021-01-07 07:35:00+00:00,103.339,103.344,103.32,103.321,614.58
2021-01-07 07:40:00+00:00,103.32,103.366,103.315,103.365,666.46
2021-01-07 07:45:00+00:00,103.365,103.366,103.335,103.34,538.77
2021-01-07 07:50:00+00:00,103.34,103.353,103.333,103.344,536.78
2021-01-07 07:55:00+00:00,103.343,103.379,103.342,103.363,812.23
2021-01-07 08:00:00+00:00,103.365,103.369,103.354,103.359,744.1
2021-01-07 08:05:00+00:00,103.358,103.394,103.355,103.378,860.63
2021-01-07 08:10:00+00:00,103.379,103.418,103.362,103.381,794.47
2021-01-07 08:15:00+00:00,103.38,103.457,103.37,103.427,848.06
2021-01-07 08:20:00+00:00,103.427,103.444,103.375,103.383,952.09
2021-01-07 08:25:00+00:00,103.383,103.403,103.377,103.379,447.81
2021-01-07 08:30:00+00:00,103.379,103.388,103.328,103.363,949.0
2021-01-07 08:35:00+00:00,103.363,103.401,103.358,103.397,624.82
2021-01-07 08:40:00+00:00,103.396,103.399,103.346,103.351,461.07
2021-01-07 08:45:00+00:00,103.352,103.378,103.343,103.371,481.49
2021-01-07 08:50:00+00:00,103.372,103.396,103.35,103.359,566.25
2021-01-07 08:55:00+00:00,103.359,103.399,103.356,103.39,932.02
2021-01-07 09:00:00+00:00,103.391,103.461,103.385,103.42,803.19
2021-01-07 09:05:00+00:00,103.421,103.431,103.402,103.421,778.36
2021-01-07 09:10:00+00:00,103.421,103.472,103.415,103.465,678.57
2021-01-07 09:15:00+00:00,103.465,103.474,103.442,103.455,782.91
2021-01-07 09:20:00+00:00,103.455,103.455,103.418,103.425,354.72
2021-01-07 09:25:00+00:00,103.425,103.44,103.414,103.438,158.42
2021-01-07 09:30:00+00:00,103.437,103.457,103.426,103.434,336.24
2021-01-07 09:35:00+00:00,103.432,103.466,103.421,103.45,607.96
2021-01-07 09:40:00+00:00,103.452,103.475,103.433,103.474,386.55
2021-01-07 09:45:00+00:00,103.476,103.518,103.473,103.51,753.31
2021-01-07 09:50:00+00:00,103.509,103.577,103.508,103.575,1406.15
2021-01-07 09:55:00+00:00,103.574,103.583,103.552,103.567,1024.16
2021-01-07 10:00:00+00:00,103.566,103.568,103.546,103.548,802.65
2021-01-07 10:05:00+00:00,103.548,103.561,103.511,103.532,754.24
2021-01-07 10:10:00+00:00,103.532,103.55,103.508,103.538,454.98
2021-01-07 10:15:00+00:00,103.538,103.563,103.53,103.538,441.87
2021-01-07 10:20:00+00:00,103.538,103.587,103.531,103.582,783.26
2021-01-07 10:25:00+00:00,103.582,103.605,103.564,103.594,652.73
2021-01-07 10:30:00+00:00,103.596,103.638,103.596,103.63,680.92
2021-01-07 10:35:00+00:00,103.63,103.662,103.613,103.659,589.13
2021-01-07 10:40:00+00:00,103.658,103.674,103.638,103.661,635.37
2021-01-07 10:45:00+00:00,103.663,103.663,103.64,103.647,852.1
2021-01-07 10:50:00+00:00,103.648,103.689,103.647,103.687,603.4
2021-01-07 10:55:00+00:00,103.688,103.707,103.667,103.668,490.38
2021-01-07 11:00:00+00:00,103.671,103.681,103.651,103.68,775.93
2021-01-07 11:05:00+00:00,103.68,103.695,103.622,103.622,697.0
2021-01-07 11:10:00+00:00,103.626,103.645,103.619,103.629,433.28
2021-01-07 11:15:00+00:00,103.631,103.671,103.629,103.664,393.25
2021-01-07 11:20:00+00:00,103.664,103.668,103.636,103.643,346.45
2021-01-07 11:25:00+00:00,103.643,103.65,103.624,103.636,352.64
2021-01-07 11:30:00+00:00,103.638,103.655,103.625,103.626,748.28
2021-01-07 11:35:00+00:00,103.627,103.648,103.606,103.644,690.86
2021-01-07 11:40:00+00:00,103.643,103.677,103.627,103.636,690.49
2021-01-07 11:45:00+00:00,103.636,103.704,103.631,103.685,510.18
2021-01-07 11:50:00+00:00,103.684,103.688,103.633,103.654,495.13
2021-01-07 11:55:00+00:00,103.654,103.692,103.642,103.678,794.67
2021-01-07 12:00:00+00:00,103.678,103.749,103.675,103.731,643.51
2021-01-07 12:05:00+00:00,103.729,103.746,103.72,103.721,416.71
2021-01-07 12:10:00+00:00,103.722,103.736,103.7,103.7,306.66
2021-01-07 12:15:00+00:00,103.702,103.726,103.686,103.719,524.45
2021-01-07 12:20:00+00:00,103.72,103.725,103.659,103.668,702.78
2021-01-07 12:25:00+00:00,103.669,103.669,103.639,103.65,589.55
2021-01-07 12:30:00+00:00,103.649,103.688,103.648,103.656,542.5
2021-01-07 12:35:00+00:00,103.656,103.657,103.612,103.613,714.15
2021-01-07 12:40:00+00:00,103.612,103.622,103.583,103.591,598.33
2021-01-07 12:45:00+00:00,103.59,103.601,103.569,103.59,472.15
2021-01-07 12:50:00+00:00,103.59,103.64,103.59,103.618,348.18
2021-01-07 12:55:00+00:00,103.619,103.626,103.59,103.618,429.86
2021-01-07 13:00:00+00:00,103.617,103.641,103.607,103.628,522.94
2021-01-07 13:05:00+00:00,103.627,103.634,103.606,103.606,381.49
2021-01-07 13:10:00+00:00,103.607,103.613,103.551,103.557,364.75
2021-01-07 13:15:00+00:00,103.556,103.574,103.551,103.562,662.26
2021-01-07 13:20:00+00:00,103.562,103.595,103.556,103.59,479.1
2021-01-07 13:25:00+00:00,103.589,103.599,103.577,103.579,263.91
2021-01-07 13:30:00+00:00,103.582,103.592,103.556,103.565,349.81
2021-01-07 13:35:00+00:00,103.566,103.581,103.543,103.543,513.13
2021-01-07 13:40:00+00:00,103.544,103.547,103.519,103.541,817.34
2021-01-07 13:45:00+00:00,103.542,103.575,103.542,103.564,745.37
2021-01-07 13:50:00+00:00,103.564,103.629,103.56,103.602,569.75
2021-01-07 13:55:00+00:00,103.603,103.645,103.603,103.624,692.91
2021-01-07 14:00:00+00:00,103.625,103.633,103.575,103.576,464.57
2021-01-07 14:05:00+00:00,103.578,103.594,103.567,103.591,607.1
2021-01-07 14:10:00+00:00,103.593,103.593,103.564,103.57,469.35
2021-01-07 14:15:00+00:00,103.569,103.64,103.562,103.624,832.25
2021-01-07 14:20:00+00:00,103.624,103.649,103.624,103.645,835.32
2021-01-07 14:25:00+00:00,103.645,103.751,103.638,103.741,1253.19
2021-01-07 14:30:00+00:00,103.742,103.793,103.721,103.738,2110.86
2021-01-07 14:35:00+00:00,103.739,103.803,103.739,103.786,1071.6
2021-01-07 14:40:00+00:00,103.786,103.823,103.777,103.807,1021.23
2021-01-07 14:45:00+00:00,103.806,103.813,103.759,103.774,1098.47
2021-01-07 14:50:00+00:00,103.776,103.82,103.77,103.82,899.35
2021-01-07 14:55:00+00:00,103.82,103.824,103.795,103.795,551.54
2021-01-07 15:00:00+00:00,103.794,103.837,103.747,103.772,1357.58
2021-01-07 15:05:00+00:00,103.77,103.855,103.758,103.846,990.2
2021-01-07 15:10:00+00:00,103.844,103.889,103.839,103.877,935.73
2021-01-07 15:15:00+00:00,103.875,103.946,103.872,103.941,1075.18
2021-01-07 15:20:00+00:00,103.941,103.943,103.908,103.927,863.59
2021-01-07 15:25:00+00:00,103.93,103.941,103.882,103.884,623.35
2021-01-07 15:30:00+00:00,103.885,103.939,103.885,103.901,631.64
2021-01-07 15:35:00+00:00,103.9,103.906,103.849,103.859,705.61
2021-01-07 15:40:00+00:00,103.859,103.91,103.84,103.905,709.98
2021-01-07 15:45:00+00:00,103.905,103.914,103.86,103.867,616.83
2021-01-07 15:50:00+00:00,103.868,103.953,103.866,103.949,741.05
2021-01-07 15:55:00+00:00,103.948,103.955,103.915,103.938,744.07
2021-01-07 16:00:00+00:00,103.937,103.946,103.881,103.893,882.1
2021-01-07 16:05:00+00:00,103.89,103.89,103.778,103.784,886.38
2021-01-07 16:10:00+00:00,103.784,103.801,103.747,103.772,688.46
2021-01-07 16:15:00+00:00,103.772,103.813,103.761,103.806,488.06
2021-01-07 16:20:00+00:00,103.807,103.848,103.805,103.837,381.95
2021-01-07 16:25:00+00:00,103.835,103.835,103.801,103.816,412.0
2021-01-07 16:30:00+00:00,103.818,103.821,103.775,103.78,454.7
2021-01-07 16:35:00+00:00,103.783,103.802,103.765,103.792,511.37
2021-01-07 16:40:00+00:00,103.791,103.822,103.781,103.786,506.11
2021-01-07 16:45:00+00:00,103.784,103.819,103.774,103.804,421.96
2021-01-07 16:50:00+00:00,103.806,103.823,103.79,103.808,420.59
2021-01-07 16:55:00+00:00,103.811,103.852,103.791,103.841,363.45
2021-01-07 17:00:00+00:00,103.842,103.859,103.832,103.854,380.76
2021-01-07 17:05:00+00:00,103.856,103.881,103.852,103.862,389.59
2021-01-07 17:10:00+00:00,103.86,103.893,103.858,103.89,261.59
2021-01-07 17:15:00+00:00,103.889,103.902,103.879,103.885,321.27
2021-01-07 17:20:00+00:00,103.886,103.918,103.877,103.918,237.81
2021-01-07 17:25:00+00:00,103.915,103.957,103.914,103.951,394.75
2021-01-07 17:30:00+00:00,103.954,103.954,103.919,103.919,342.71
2021-01-07 17:35:00+00:00,103.92,103.924,103.893,103.916,277.67
2021-01-07 17:40:00+00:00,103.916,103.926,103.904,103.91,352.89
2021-01-07 17:45:00+00:00,103.908,103.913,103.899,103.906,173.81
2021-01-07 17:50:00+00:00,103.906,103.906,103.869,103.869,131.88
2021-01-07 17:55:00+00:00,103.869,103.882,103.862,103.882,179.57
2021-01-07 18:00:00+00:00,103.881,103.893,103.876,103.88,138.41
2021-01-07 18:05:00+00:00,103.881,103.9,103.874,103.88,130.14
2021-01-07 18:10:00+00:00,103.876,103.879,103.857,103.864,185.62
2021-01-07 18:15:00+00:00,103.863,103.874,103.858,103.87,230.23
2021-01-07 18:20:00+00:00,103.871,103.873,103.843,103.843,114.53
2021-01-07 18:25:00+00:00,103.842,103.857,103.831,103.847,169.56
2021-01-07 18:30:00+00:00,103.849,103.857,103.814,103.82,277.61
2021-01-07 18:35:00+00:00,103.817,103.847,103.813,103.847,140.95
2021-01-07 18:40:00+00:00,103.846,103.848,103.827,103.834,163.74
2021-01-07 18:45:00+00:00,103.833,103.864,103.832,103.858,225.21
2021-01-07 18:50:00+00:00,103.857,103.869,103.841,103.847,254.48
2021-01-07 18:55:00+00:00,103.847,103.852,103.81,103.81,360.65
2021-01-07 19:00:00+00:00,103.808,103.829,103.803,103.815,279.2
2021-01-07 19:05:00+00:00,103.814,103.814,103.794,103.804,124.38
2021-01-07 19:10:00+00:00,103.805,103.808,103.796,103.808,130.89
2021-01-07 19:15:00+00:00,103.808,103.842,103.8,103.838,184.54
2021-01-07 19:20:00+00:00,103.837,103.842,103.811,103.827,180.53
2021-01-07 19:25:00+00:00,103.828,103.864,103.82,103.861,220.64
2021-01-07 19:30:00+00:00,103.861,103.867,103.848,103.864,384.43
2021-01-07 19:35:00+00:00,103.863,103.878,103.859,103.871,136.13
2021-01-07 19:40:00+00:00,103.871,103.871,103.817,103.817,163.36
2021-01-07 19:45:00+00:00,103.817,103.852,103.816,103.85,180.05
2021-01-07 19:50:00+00:00,103.851,103.852,103.798,103.802,346.75
2021-01-07 19:55:00+00:00,103.8,103.874,103.8,103.874,515.16
2021-01-07 20:00:00+00:00,103.873,103.873,103.819,103.848,591.46
2021-01-07 20:05:00+00:00,103.85,103.892,103.848,103.891,254.32
2021-01-07 20:10:00+00:00,103.89,103.89,103.86,103.863,191.28
2021-01-07 20:15:00+00:00,103.863,103.878,103.853,103.857,234.01
2021-01-07 20:20:00+00:00,103.862,103.862,103.836,103.847,138.75
2021-01-07 20:25:00+00:00,103.846,103.847,103.826,103.826,132.7
2021-01-07 20:30:00+00:00,103.825,103.847,103.825,103.831,145.81
2021-01-07 20:35:00+00:00,103.83,103.841,103.812,103.824,137.7
2021-01-07 20:40:00+00:00,103.825,103.83,103.823,103.826,144.41
2021-01-07 20:45:00+00:00,103.825,103.839,103.807,103.831,165.64
2021-01-07 20:50:00+00:00,103.832,103.847,103.804,103.816,156.57
2021-01-07 20:55:00+00:00,103.816,103.847,103.814,103.842,256.12
2021-01-07 21:00:00+00:00,103.841,103.862,103.825,103.829,153.61
2021-01-07 21:05:00+00:00,103.831,103.838,103.81,103.812,101.31
2021-01-07 21:10:00+00:00,103.813,103.824,103.81,103.816,129.08
2021-01-07 21:15:00+00:00,103.818,103.825,103.801,103.803,178.17
2021-01-07 21:20:00+00:00,103.803,103.819,103.791,103.796,172.78
2021-01-07 21:25:00+00:00,103.797,103.812,103.794,103.808,235.53
2021-01-07 21:30:00+00:00,103.81,103.822,103.802,103.813,96.38
2021-01-07 21:35:00+00:00,103.813,103.822,103.806,103.814,88.84
2021-01-07 21:40:00+00:00,103.813,103.817,103.803,103.804,87.07
2021-01-07 21:45:00+00:00,103.805,103.81,103.803,103.809,115.01
2021-01-07 21:50:00+00:00,103.809,103.825,103.802,103.812,189.76
2021-01-07 21:55:00+00:00,103.811,103.834,103.794,103.794,241.13
2021-01-07 22:00:00+00:00,103.796,103.796,103.791,103.791,36.71
2021-01-07 22:05:00+00:00,103.791,103.791,103.791,103.791,1.26
2021-01-07 22:10:00+00:00,103.791,103.802,103.789,103.799,19.73
2021-01-07 22:15:00+00:00,103.799,103.808,103.79,103.79,21.96
2021-01-07 22:20:00+00:00,103.796,103.836,103.794,103.817,25.12
2021-01-07 22:25:00+00:00,103.822,103.833,103.822,103.829,3.75
2021-01-07 22:30:00+00:00,103.83,103.846,103.813,103.843,60.79
2021-01-07 22:35:00+00:00,103.844,103.858,103.831,103.852,41.85
2021-01-07 22:40:00+00:00,103.852,103.852,103.832,103.834,25.75
2021-01-07 22:45:00+00:00,103.835,103.842,103.833,103.835,11.25
2021-01-07 22:50:00+00:00,103.836,103.858,103.836,103.843,81.13
2021-01-07 22:55:00+00:00,103.843,103.849,103.841,103.849,39.95
2021-01-07 23:00:00+00:00,103.849,103.849,103.812,103.836,687.19
2021-01-07 23:05:00+00:00,103.836,103.841,103.827,103.828,97.16
2021-01-07 23:10:00+00:00,103.827,103.841,103.822,103.827,160.23
2021-01-07 23:15:00+00:00,103.828,103.835,103.824,103.828,170.28
2021-01-07 23:20:00+00:00,103.828,103.834,103.819,103.819,145.09
2021-01-07 23:25:00+00:00,103.817,103.821,103.809,103.812,85.21
2021-01-07 23:30:00+00:00,103.813,103.814,103.792,103.796,246.71
2021-01-07 23:35:00+00:00,103.795,103.809,103.791,103.805,150.18
2021-01-07 23:40:00+00:00,103.805,103.816,103.801,103.807,205.3
2021-01-07 23:45:00+00:00,103.809,103.823,103.8,103.813,444.71
2021-01-07 23:50:00+00:00,103.814,103.817,103.78,103.782,200.7
2021-01-07 23:55:00+00:00,103.781,103.805,103.777,103.801,192.19
2021-01-08 00:00:00+00:00,103.801,103.877,103.793,103.861,759.78
2021-01-08 00:05:00+00:00,103.861,103.862,103.844,103.855,384.25
2021-01-08 00:10:00+00:00,103.854,103.864,103.825,103.829,380.41
2021-01-08 00:15:00+00:00,103.828,103.846,103.818,103.828,273.7
2021-01-08 00:20:00+00:00,103.828,103.84,103.815,103.838,231.54
2021-01-08 00:25:00+00:00,103.839,103.84,103.799,103.8,401.52
2021-01-08 00:30:00+00:00,103.798,103.808,103.769,103.79,758.71
2021-01-08 00:35:00+00:00,103.791,103.819,103.781,103.815,546.39
2021-01-08 00:40:00+00:00,103.815,103.816,103.79,103.811,380.46
2021-01-08 00:45:00+00:00,103.811,103.817,103.796,103.817,302.92
2021-01-08 00:50:00+00:00,103.816,103.843,103.811,103.829,658.53
2021-01-08 00:55:00+00:00,103.827,103.859,103.807,103.844,604.36
2021-01-08 01:00:00+00:00,103.844,103.879,103.841,103.876,507.87
2021-01-08 01:05:00+00:00,103.875,103.889,103.868,103.875,445.49
2021-01-08 01:10:00+00:00,103.876,103.978,103.872,103.966,516.23
2021-01-08 01:15:00+00:00,103.965,103.99,103.953,103.986,793.73
2021-01-08 01:20:00+00:00,103.986,103.997,103.962,103.963,634.93
2021-01-08 01:25:00+00:00,103.963,103.999,103.958,103.996,511.16
2021-01-08 01:30:00+00:00,103.997,103.999,103.952,103.963,597.59
2021-01-08 01:35:00+00:00,103.965,103.972,103.933,103.933,649.2
2021-01-08 01:40:00+00:00,103.932,103.948,103.905,103.914,555.55
2021-01-08 01:45:00+00:00,103.914,103.936,103.904,103.921,567.14
2021-01-08 01:50:00+00:00,103.916,103.921,103.873,103.879,548.38
2021-01-08 01:55:00+00:00,103.881,103.903,103.872,103.89,435.21
2021-01-08 02:00:00+00:00,103.889,103.907,103.888,103.899,320.84
2021-01-08 02:05:00+00:00,103.899,103.899,103.88,103.89,426.66
2021-01-08 02:10:00+00:00,103.892,103.895,103.876,103.881,362.28
2021-01-08 02:15:00+00:00,103.882,103.889,103.879,103.886,213.82
2021-01-08 02:20:00+00:00,103.886,103.902,103.886,103.9,263.89
2021-01-08 02:25:00+00:00,103.901,103.905,103.832,103.851,398.43
2021-01-08 02:30:00+00:00,103.851,103.872,103.844,103.852,422.06
2021-01-08 02:35:00+00:00,103.851,103.855,103.837,103.854,276.79
2021-01-08 02:40:00+00:00,103.853,103.853,103.836,103.839,355.33
2021-01-08 02:45:00+00:00,103.84,103.848,103.824,103.827,294.89
2021-01-08 02:50:00+00:00,103.827,103.83,103.794,103.796,570.51
2021-01-08 02:55:00+00:00,103.798,103.83,103.794,103.816,382.03
2021-01-08 03:00:00+00:00,103.815,103.818,103.772,103.787,493.29
2021-01-08 03:05:00+00:00,103.786,103.809,103.785,103.793,333.88
2021-01-08 03:10:00+00:00,103.795,103.822,103.792,103.811,334.95
2021-01-08 03:15:00+00:00,103.811,103.834,103.803,103.832,363.58
2021-01-08 03:20:00+00:00,103.833,103.837,103.818,103.824,363.49
2021-01-08 03:25:00+00:00,103.824,103.835,103.821,103.825,253.86
2021-01-08 03:30:00+00:00,103.824,103.83,103.806,103.807,159.82
2021-01-08 03:35:00+00:00,103.808,103.826,103.806,103.826,111.35
2021-01-08 03:40:00+00:00,103.827,103.838,103.825,103.832,284.14
2021-01-08 03:45:00+00:00,103.832,103.843,103.829,103.835,493.48
2021-01-08 03:50:00+00:00,103.836,103.841,103.826,103.838,359.64
2021-01-08 03:55:00+00:00,103.84,103.857,103.832,103.84,322.79
2021-01-08 04:00:00+00:00,103.84,103.864,103.84,103.863,330.18
2021-01-08 04:05:00+00:00,103.863,103.874,103.853,103.855,248.48
2021-01-08 04:10:00+00:00,103.856,103.857,103.84,103.843,381.72
2021-01-08 04:15:00+00:00,103.841,103.858,103.836,103.837,333.79
2021-01-08 04:20:00+00:00,103.837,103.846,103.83,103.835,215.68
2021-01-08 04:25:00+00:00,103.836,103.842,103.801,103.802,406.71
2021-01-08 04:30:00+00:00,103.803,103.826,103.801,103.823,268.64
2021-01-08 04:35:00+00:00,103.823,103.853,103.822,103.85,144.22
2021-01-08 04:40:00+00:00,103.847,103.859,103.845,103.847,88.93
2021-01-08 04:45:00+00:00,103.849,103.86,103.842,103.856,105.53
2021-01-08 04:50:00+00:00,103.856,103.863,103.85,103.856,137.48
2021-01-08 04:55:00+00:00,103.855,103.862,103.854,103.861,54.93
2021-01-08 05:00:00+00:00,103.861,103.878,103.855,103.878,184.59
2021-01-08 05:05:00+00:00,103.878,103.883,103.861,103.871,220.91
2021-01-08 05:10:00+00:00,103.87,103.873,103.866,103.872,174.5
2021-01-08 05:15:00+00:00,103.873,103.901,103.871,103.89,212.01
2021-01-08 05:20:00+00:00,103.889,103.895,103.867,103.873,227.07
2021-01-08 05:25:00+00:00,103.873,103.876,103.857,103.874,190.84
2021-01-08 05:30:00+00:00,103.874,103.874,103.852,103.859,266.78
2021-01-08 05:35:00+00:00,103.86,103.866,103.842,103.852,289.63
2021-01-08 05:40:00+00:00,103.853,103.878,103.851,103.877,187.77
2021-01-08 05:45:00+00:00,103.877,103.901,103.877,103.896,206.08
2021-01-08 05:50:00+00:00,103.897,103.909,103.884,103.897,312.39
2021-01-08 05:55:00+00:00,103.897,103.911,103.864,103.903,374.93
2021-01-08 06:00:00+00:00,103.903,103.915,103.895,103.903,253.58
2021-01-08 06:05:00+00:00,103.904,103.925,103.9,103.908,300.32
2021-01-08 06:10:00+00:00,103.908,103.912,103.893,103.901,303.19
2021-01-08 06:15:00+00:00,103.901,103.903,103.87,103.876,237.74
2021-01-08 06:20:00+00:00,103.874,103.878,103.858,103.859,270.73
2021-01-08 06:25:00+00:00,103.859,103.903,103.858,103.884,404.8
2021-01-08 06:30:00+00:00,103.883,103.884,103.855,103.863,217.99
2021-01-08 06:35:00+00:00,103.863,103.875,103.855,103.858,201.29
2021-01-08 06:40:00+00:00,103.858,103.885,103.847,103.881,185.19
2021-01-08 06:45:00+00:00,103.88,103.89,103.87,103.876,203.12
2021-01-08 06:50:00+00:00,103.877,103.9,103.877,103.894,253.54
2021-01-08 06:55:00+00:00,103.895,103.915,103.891,103.914,178.5
2021-01-08 07:00:00+00:00,103.913,103.93,103.893,103.913,389.97
2021-01-08 07:05:00+00:00,103.913,103.943,103.906,103.942,392.41
2021-01-08 07:10:00+00:00,103.941,103.958,103.906,103.912,489.02
2021-01-08 07:15:00+00:00,103.912,103.912,103.88,103.88,540.23
2021-01-08 07:20:00+00:00,103.882,103.888,103.861,103.885,606.58
2021-01-08 07:25:00+00:00,103.884,103.901,103.87,103.882,353.76
2021-01-08 07:30:00+00:00,103.882,103.886,103.863,103.877,468.46
2021-01-08 07:35:00+00:00,103.876,103.897,103.852,103.893,390.85
2021-01-08 07:40:00+00:00,103.893,103.932,103.891,103.927,533.6
2021-01-08 07:45:00+00:00,103.926,103.94,103.903,103.936,902.72
2021-01-08 07:50:00+00:00,103.936,103.958,103.933,103.953,884.22
2021-01-08 07:55:00+00:00,103.952,103.977,103.952,103.97,569.77
2021-01-08 08:00:00+00:00,103.971,104.004,103.961,103.995,1382.03
2021-01-08 08:05:00+00:00,103.995,104.076,103.977,104.074,1133.58
2021-01-08 08:10:00+00:00,104.075,104.092,104.053,104.054,865.18
2021-01-08 08:15:00+00:00,104.055,104.06,103.959,103.982,1151.74
2021-01-08 08:20:00+00:00,103.979,104.003,103.973,103.98,611.7
2021-01-08 08:25:00+00:00,103.981,103.997,103.914,103.937,758.5
2021-01-08 08:30:00+00:00,103.937,103.962,103.931,103.958,679.81
2021-01-08 08:35:00+00:00,103.957,103.987,103.945,103.97,588.4
2021-01-08 08:40:00+00:00,103.971,103.974,103.914,103.923,488.72
2021-01-08 08:45:00+00:00,103.923,103.945,103.882,103.903,537.8
2021-01-08 08:50:00+00:00,103.906,103.931,103.894,103.913,710.15
2021-01-08 08:55:00+00:00,103.915,103.972,103.912,103.972,600.03
2021-01-08 09:00:00+00:00,103.971,103.999,103.96,103.991,502.07
2021-01-08 09:05:00+00:00,103.994,103.999,103.927,103.928,615.76
2021-01-08 09:10:00+00:00,103.929,103.946,103.902,103.919,560.07
2021-01-08 09:15:00+00:00,103.918,103.918,103.885,103.894,696.56
2021-01-08 09:20:00+00:00,103.893,103.922,103.862,103.884,628.72
2021-01-08 09:25:00+00:00,103.881,103.882,103.846,103.851,480.98
2021-01-08 09:30:00+00:00,103.851,103.865,103.815,103.848,686.05
2021-01-08 09:35:00+00:00,103.846,103.891,103.832,103.888,381.63
2021-01-08 09:40:00+00:00,103.886,103.886,103.857,103.873,567.99
2021-01-08 09:45:00+00:00,103.871,103.871,103.812,103.836,675.28
2021-01-08 09:50:00+00:00,103.835,103.852,103.821,103.831,478.1
2021-01-08 09:55:00+00:00,103.831,103.841,103.797,103.809,542.51
2021-01-08 10:00:00+00:00,103.809,103.836,103.809,103.82,434.96
2021-01-08 10:05:00+00:00,103.817,103.832,103.795,103.801,425.25
2021-01-08 10:10:00+00:00,103.802,103.834,103.801,103.832,543.29
2021-01-08 10:15:00+00:00,103.833,103.855,103.812,103.855,418.86
2021-01-08 10:20:00+00:00,103.854,103.856,103.838,103.851,299.99
2021-01-08 10:25:00+00:00,103.85,103.876,103.848,103.871,311.61
2021-01-08 10:30:00+00:00,103.871,103.873,103.843,103.86,294.12
2021-01-08 10:35:00+00:00,103.862,103.879,103.856,103.873,326.77
2021-01-08 10:40:00+00:00,103.872,103.881,103.848,103.858,290.5
2021-01-08 10:45:00+00:00,103.858,103.873,103.846,103.871,262.41
2021-01-08 10:50:00+00:00,103.871,103.876,103.862,103.867,144.68
2021-01-08 10:55:00+00:00,103.866,103.891,103.865,103.891,260.43
2021-01-08 11:00:00+00:00,103.888,103.892,103.846,103.848,370.41
2021-01-08 11:05:00+00:00,103.848,103.848,103.802,103.823,464.15
2021-01-08 11:10:00+00:00,103.821,103.84,103.815,103.831,347.88
2021-01-08 11:15:00+00:00,103.831,103.847,103.82,103.846,323.8
2021-01-08 11:20:00+00:00,103.846,103.873,103.835,103.868,530.66
2021-01-08 11:25:00+00:00,103.868,103.89,103.868,103.88,460.92
2021-01-08 11:30:00+00:00,103.878,103.888,103.855,103.858,808.6
2021-01-08 11:35:00+00:00,103.858,103.89,103.858,103.887,503.38
2021-01-08 11:40:00+00:00,103.886,103.886,103.843,103.853,350.48
2021-01-08 11:45:00+00:00,103.855,103.857,103.836,103.843,347.84
2021-01-08 11:50:00+00:00,103.843,103.859,103.836,103.859,273.95
2021-01-08 11:55:00+00:00,103.858,103.858,103.817,103.829,308.65
2021-01-08 12:00:00+00:00,103.829,103.847,103.829,103.837,246.92
2021-01-08 12:05:00+00:00,103.841,103.842,103.81,103.81,345.52
2021-01-08 12:10:00+00:00,103.81,103.846,103.797,103.846,362.26
2021-01-08 12:15:00+00:00,103.846,103.854,103.828,103.829,361.95
2021-01-08 12:20:00+00:00,103.828,103.849,103.826,103.84,210.55
2021-01-08 12:25:00+00:00,103.84,103.84,103.808,103.814,439.42
2021-01-08 12:30:00+00:00,103.816,103.828,103.786,103.821,539.18
2021-01-08 12:35:00+00:00,103.821,103.825,103.795,103.821,486.97
2021-01-08 12:40:00+00:00,103.82,103.847,103.813,103.832,428.24
2021-01-08 12:45:00+00:00,103.831,103.846,103.825,103.846,277.28
2021-01-08 12:50:00+00:00,103.845,103.861,103.838,103.854,296.88
2021-01-08 12:55:00+00:00,103.854,103.859,103.846,103.85,446.99
2021-01-08 13:00:00+00:00,103.852,103.853,103.814,103.837,467.09
2021-01-08 13:05:00+00:00,103.837,103.871,103.835,103.871,562.0
2021-01-08 13:10:00+00:00,103.871,103.89,103.867,103.89,698.04
2021-01-08 13:15:00+00:00,103.89,103.898,103.87,103.876,494.28
2021-01-08 13:20:00+00:00,103.879,103.898,103.858,103.898,478.08
2021-01-08 13:25:00+00:00,103.898,103.919,103.856,103.862,703.99
2021-01-08 13:30:00+00:00,103.864,104.006,103.749,103.909,2538.29
2021-01-08 13:35:00+00:00,103.91,103.91,103.794,103.814,1292.36
2021-01-08 13:40:00+00:00,103.815,103.818,103.683,103.685,1558.02
2021-01-08 13:45:00+00:00,103.684,103.687,103.603,103.622,1261.66
2021-01-08 13:50:00+00:00,103.622,103.722,103.61,103.721,1007.34
2021-01-08 13:55:00+00:00,103.716,103.718,103.628,103.633,1418.47
2021-01-08 14:00:00+00:00,103.636,103.709,103.629,103.708,1241.52
2021-01-08 14:05:00+00:00,103.705,103.758,103.688,103.73,1020.25
2021-01-08 14:10:00+00:00,103.734,103.753,103.703,103.709,755.93
2021-01-08 14:15:00+00:00,103.715,103.748,103.698,103.701,842.14
2021-01-08 14:20:00+00:00,103.702,103.72,103.674,103.69,558.56
2021-01-08 14:25:00+00:00,103.691,103.749,103.669,103.724,944.48
2021-01-08 14:30:00+00:00,103.722,103.729,103.653,103.688,1012.66
2021-01-08 14:35:00+00:00,103.688,103.79,103.688,103.786,872.33
2021-01-08 14:40:00+00:00,103.782,103.853,103.766,103.852,1140.52
2021-01-08 14:45:00+00:00,103.852,103.878,103.816,103.842,1349.21
2021-01-08 14:50:00+00:00,103.843,103.92,103.843,103.898,1397.8
2021-01-08 14:55:00+00:00,103.9,103.914,103.858,103.885,1274.07
2021-01-08 15:00:00+00:00,103.885,103.943,103.879,103.889,1242.05
2021-01-08 15:05:00+00:00,103.89,103.951,103.887,103.946,1100.9
2021-01-08 15:10:00+00:00,103.944,103.947,103.911,103.931,592.68
2021-01-08 15:15:00+00:00,103.927,104.004,103.927,103.984,862.29
2021-01-08 15:20:00+00:00,103.982,104.069,103.98,104.051,1038.29
2021-01-08 15:25:00+00:00,104.053,104.058,103.966,103.97,926.17
2021-01-08 15:30:00+00:00,103.97,103.977,103.918,103.918,775.52
2021-01-08 15:35:00+00:00,103.918,103.956,103.902,103.911,551.68
2021-01-08 15:40:00+00:00,103.911,103.981,103.907,103.953,403.49
2021-01-08 15:45:00+00:00,103.952,103.969,103.935,103.955,523.19
2021-01-08 15:50:00+00:00,103.956,103.975,103.91,103.91,657.9
2021-01-08 15:55:00+00:00,103.91,103.91,103.778,103.799,1059.24
2021-01-08 16:00:00+00:00,103.8,103.821,103.756,103.789,1145.84
2021-01-08 16:05:00+00:00,103.788,103.875,103.788,103.851,910.79
2021-01-08 16:10:00+00:00,103.853,103.929,103.851,103.929,679.59
2021-01-08 16:15:00+00:00,103.929,103.963,103.791,103.847,1396.73
2021-01-08 16:20:00+00:00,103.851,103.923,103.807,103.901,1010.22
2021-01-08 16:25:00+00:00,103.901,103.942,103.865,103.914,784.55
2021-01-08 16:30:00+00:00,103.918,103.918,103.824,103.851,959.14
2021-01-08 16:35:00+00:00,103.852,103.873,103.824,103.857,691.21
2021-01-08 16:40:00+00:00,103.856,103.867,103.819,103.845,602.63
2021-01-08 16:45:00+00:00,103.842,103.873,103.824,103.851,498.54
2021-01-08 16:50:00+00:00,103.852,103.892,103.841,103.87,566.8
2021-01-08 16:55:00+00:00,103.87,103.9,103.842,103.894,693.23
2021-01-08 17:00:00+00:00,103.892,103.947,103.882,103.937,604.54
2021-01-08 17:05:00+00:00,103.937,103.949,103.92,103.924,612.31
2021-01-08 17:10:00+00:00,103.927,103.932,103.895,103.898,383.39
2021-01-08 17:15:00+00:00,103.898,103.957,103.897,103.95,533.86
2021-01-08 17:20:00+00:00,103.951,103.966,103.947,103.958,349.39
2021-01-08 17:25:00+00:00,103.958,104.026,103.941,104.003,787.74
2021-01-08 17:30:00+00:00,104.001,104.015,103.981,104.004,691.35
2021-01-08 17:35:00+00:00,104.002,104.003,103.963,103.976,682.96
2021-01-08 17:40:00+00:00,103.975,103.975,103.944,103.958,617.88
2021-01-08 17:45:00+00:00,103.956,103.977,103.938,103.962,475.49
2021-01-08 17:50:00+00:00,103.96,103.998,103.949,103.973,474.37
2021-01-08 17:55:00+00:00,103.973,103.996,103.966,103.985,478.59
2021-01-08 18:00:00+00:00,103.984,104.008,103.979,103.997,695.67
2021-01-08 18:05:00+00:00,103.998,104.036,103.998,104.018,422.63
2021-01-08 18:10:00+00:00,104.018,104.025,103.973,103.976,469.68
2021-01-08 18:15:00+00:00,103.976,104.037,103.965,104.032,657.47
2021-01-08 18:20:00+00:00,104.032,104.043,104.005,104.04,624.31
2021-01-08 18:25:00+00:00,104.04,104.061,103.993,104.005,696.93
2021-01-08 18:30:00+00:00,104.006,104.032,103.996,103.999,510.8
2021-01-08 18:35:00+00:00,103.998,104.006,103.983,104.0,531.14
2021-01-08 18:40:00+00:00,103.999,104.023,103.981,104.003,608.05
2021-01-08 18:45:00+00:00,104.003,104.032,103.989,103.995,678.64
2021-01-08 18:50:00+00:00,103.995,104.007,103.948,103.979,492.87
2021-01-08 18:55:00+00:00,103.981,104.008,103.948,103.992,487.87
2021-01-08 19:00:00+00:00,103.991,103.997,103.97,103.974,545.55
2021-01-08 19:05:00+00:00,103.974,103.981,103.939,103.957,616.03
2021-01-08 19:10:00+00:00,103.958,103.975,103.954,103.961,516.41
2021-01-08 19:15:00+00:00,103.961,103.981,103.961,103.974,299.58
2021-01-08 19:20:00+00:00,103.973,103.986,103.954,103.959,258.46
2021-01-08 19:25:00+00:00,103.959,103.987,103.951,103.959,375.43
2021-01-08 19:30:00+00:00,103.96,103.969,103.924,103.934,489.4
2021-01-08 19:35:00+00:00,103.934,103.96,103.929,103.96,356.6
2021-01-08 19:40:00+00:00,103.959,103.969,103.939,103.958,378.23
2021-01-08 19:45:00+00:00,103.957,103.963,103.935,103.94,301.58
2021-01-08 19:50:00+00:00,103.943,103.945,103.922,103.932,418.95
2021-01-08 19:55:00+00:00,103.932,103.937,103.905,103.906,583.77
2021-01-08 20:00:00+00:00,103.905,103.957,103.905,103.942,641.77
2021-01-08 20:05:00+00:00,103.941,103.944,103.917,103.938,559.96
2021-01-08 20:10:00+00:00,103.938,103.96,103.938,103.952,275.32
2021-01-08 20:15:00+00:00,103.953,103.961,103.927,103.935,348.41
2021-01-08 20:20:00+00:00,103.937,103.948,103.935,103.941,196.64
2021-01-08 20:25:00+00:00,103.94,103.948,103.919,103.926,221.88
2021-01-08 20:30:00+00:00,103.925,103.952,103.917,103.935,335.89
2021-01-08 20:35:00+00:00,103.937,103.941,103.924,103.927,236.4
2021-01-08 20:40:00+00:00,103.926,103.94,103.923,103.934,160.3
2021-01-08 20:45:00+00:00,103.937,103.947,103.925,103.946,319.27
2021-01-08 20:50:00+00:00,103.944,103.961,103.931,103.939,278.11
2021-01-08 20:55:00+00:00,103.94,103.95,103.935,103.939,304.46
2021-01-08 21:00:00+00:00,103.94,103.963,103.94,103.948,151.53
2021-01-08 21:05:00+00:00,103.946,103.953,103.939,103.949,74.96
2021-01-08 21:10:00+00:00,103.949,103.968,103.949,103.963,81.14
2021-01-08 21:15:00+00:00,103.963,103.963,103.946,103.958,76.75
2021-01-08 21:20:00+00:00,103.961,103.964,103.955,103.957,40.44
2021-01-08 21:25:00+00:00,103.96,103.963,103.955,103.955,62.7
2021-01-08 21:30:00+00:00,103.955,103.961,103.95,103.953,74.37
2021-01-08 21:35:00+00:00,103.955,103.984,103.955,103.977,102.2
2021-01-08 21:40:00+00:00,103.977,103.995,103.975,103.988,71.75
2021-01-08 21:45:00+00:00,103.988,103.988,103.967,103.967,145.06
2021-01-08 21:50:00+00:00,103.972,103.977,103.949,103.964,207.83
2021-01-08 21:55:00+00:00,103.963,103.969,103.87,103.885,371.65
2021-01-10 22:00:00+00:00,103.882,103.894,103.882,103.89,6.8
2021-01-10 22:05:00+00:00,103.881,103.902,103.881,103.882,21.8
2021-01-10 22:10:00+00:00,103.882,103.89,103.881,103.882,36.09
2021-01-10 22:15:00+00:00,103.881,103.892,103.881,103.892,14.9
2021-01-10 22:20:00+00:00,103.907,103.907,103.901,103.904,19.51
2021-01-10 22:25:00+00:00,103.914,103.923,103.881,103.881,145.43
2021-01-10 22:30:00+00:00,103.884,103.941,103.884,103.92,349.98
2021-01-10 22:35:00+00:00,103.92,103.952,103.896,103.911,188.4
2021-01-10 22:40:00+00:00,103.921,103.983,103.904,103.954,251.76
2021-01-10 22:45:00+00:00,103.954,103.954,103.885,103.888,91.9
2021-01-10 22:50:00+00:00,103.888,103.895,103.886,103.888,213.05
2021-01-10 22:55:00+00:00,103.886,103.928,103.883,103.923,160.21
2021-01-10 23:00:00+00:00,103.915,103.949,103.909,103.949,839.22
2021-01-10 23:05:00+00:00,103.949,103.997,103.945,103.992,397.68
2021-01-10 23:10:00+00:00,103.991,104.017,103.964,103.974,295.18
2021-01-10 23:15:00+00:00,103.974,103.999,103.974,103.994,123.99
2021-01-10 23:20:00+00:00,103.993,103.996,103.986,103.991,103.91
2021-01-10 23:25:00+00:00,103.99,103.994,103.976,103.981,163.46
2021-01-10 23:30:00+00:00,103.98,103.981,103.948,103.964,230.41
2021-01-10 23:35:00+00:00,103.963,103.981,103.953,103.981,203.84
2021-01-10 23:40:00+00:00,103.98,104.086,103.977,104.063,475.68
2021-01-10 23:45:00+00:00,104.063,104.095,104.035,104.048,350.32
2021-01-10 23:50:00+00:00,104.047,104.094,104.045,104.089,276.67
2021-01-10 23:55:00+00:00,104.086,104.097,104.079,104.085,304.68
2021-01-11 00:00:00+00:00,104.086,104.086,104.033,104.055,666.9
2021-01-11 00:05:00+00:00,104.056,104.087,104.053,104.07,376.32
2021-01-11 00:10:00+00:00,104.071,104.096,104.07,104.082,259.53
2021-01-11 00:15:00+00:00,104.08,104.104,104.058,104.067,439.36
2021-01-11 00:20:00+00:00,104.066,104.068,104.05,104.05,265.0
2021-01-11 00:25:00+00:00,104.053,104.079,104.053,104.076,168.58
2021-01-11 00:30:00+00:00,104.076,104.099,104.063,104.097,250.18
2021-01-11 00:35:00+00:00,104.097,104.103,104.069,104.082,321.15
2021-01-11 00:40:00+00:00,104.081,104.094,104.047,104.048,187.02
2021-01-11 00:45:00+00:00,104.048,104.061,104.039,104.061,188.39
2021-01-11 00:50:00+00:00,104.063,104.095,104.063,104.082,256.7
2021-01-11 00:55:00+00:00,104.082,104.082,104.052,104.058,187.62
2021-01-11 01:00:00+00:00,104.058,104.073,104.034,104.062,274.38
2021-01-11 01:05:00+00:00,104.061,104.14,104.061,104.134,386.48
2021-01-11 01:10:00+00:00,104.132,104.156,104.123,104.151,457.45
2021-01-11 01:15:00+00:00,104.151,104.19,104.15,104.16,979.69
2021-01-11 01:20:00+00:00,104.159,104.16,104.137,104.153,287.25
2021-01-11 01:25:00+00:00,104.152,104.161,104.144,104.156,222.89
2021-01-11 01:30:00+00:00,104.157,104.173,104.156,104.166,122.7
2021-01-11 01:35:00+00:00,104.168,104.194,104.165,104.18,363.38
2021-01-11 01:40:00+00:00,104.18,104.189,104.171,104.181,271.2
2021-01-11 01:45:00+00:00,104.183,104.187,104.16,104.16,232.27
2021-01-11 01:50:00+00:00,104.162,104.184,104.159,104.181,214.03
2021-01-11 01:55:00+00:00,104.182,104.191,104.166,104.172,242.87
2021-01-11 02:00:00+00:00,104.172,104.196,104.166,104.18,262.14
2021-01-11 02:05:00+00:00,104.181,104.202,104.165,104.17,360.28
2021-01-11 02:10:00+00:00,104.169,104.198,104.167,104.197,171.62
2021-01-11 02:15:00+00:00,104.198,104.203,104.182,104.187,186.39
2021-01-11 02:20:00+00:00,104.188,104.19,104.156,104.16,223.4
2021-01-11 02:25:00+00:00,104.158,104.158,104.121,104.147,280.97
2021-01-11 02:30:00+00:00,104.148,104.155,104.139,104.145,249.2
2021-01-11 02:35:00+00:00,104.144,104.169,104.133,104.168,203.7
2021-01-11 02:40:00+00:00,104.168,104.175,104.164,104.167,114.47
2021-01-11 02:45:00+00:00,104.17,104.17,104.154,104.154,128.92
2021-01-11 02:50:00+00:00,104.154,104.154,104.118,104.118,314.78
2021-01-11 02:55:00+00:00,104.117,104.135,104.115,104.126,216.51
2021-01-11 03:00:00+00:00,104.126,104.137,104.124,104.134,181.4
2021-01-11 03:05:00+00:00,104.133,104.137,104.117,104.117,53.06
2021-01-11 03:10:00+00:00,104.117,104.14,104.113,104.134,174.54
2021-01-11 03:15:00+00:00,104.133,104.147,104.129,104.141,132.07
2021-01-11 03:20:00+00:00,104.142,104.162,104.14,104.162,141.49
2021-01-11 03:25:00+00:00,104.164,104.171,104.146,104.146,220.83
2021-01-11 03:30:00+00:00,104.146,104.158,104.14,104.152,180.17
2021-01-11 03:35:00+00:00,104.153,104.161,104.142,104.142,215.35
2021-01-11 03:40:00+00:00,104.143,104.173,104.143,104.173,91.63
2021-01-11 03:45:00+00:00,104.174,104.198,104.172,104.187,313.43
2021-01-11 03:50:00+00:00,104.186,104.186,104.159,104.16,169.2
2021-01-11 03:55:00+00:00,104.157,104.172,104.148,104.172,150.05
2021-01-11 04:00:00+00:00,104.17,104.182,104.154,104.161,161.83
2021-01-11 04:05:00+00:00,104.163,104.172,104.161,104.164,300.5
2021-01-11 04:10:00+00:00,104.164,104.188,104.163,104.178,214.85
2021-01-11 04:15:00+00:00,104.18,104.201,104.179,104.182,158.75
2021-01-11 04:20:00+00:00,104.181,104.197,104.181,104.193,104.9
2021-01-11 04:25:00+00:00,104.192,104.221,104.19,104.201,237.46
2021-01-11 04:30:00+00:00,104.2,104.21,104.187,104.194,404.38
2021-01-11 04:35:00+00:00,104.194,104.21,104.194,104.206,82.39
2021-01-11 04:40:00+00:00,104.207,104.208,104.202,104.204,200.1
2021-01-11 04:45:00+00:00,104.204,104.206,104.182,104.192,228.79
2021-01-11 04:50:00+00:00,104.189,104.21,104.181,104.206,219.51
2021-01-11 04:55:00+00:00,104.206,104.207,104.186,104.193,232.11
2021-01-11 05:00:00+00:00,104.192,104.206,104.189,104.191,216.87
2021-01-11 05:05:00+00:00,104.191,104.207,104.188,104.207,264.76
2021-01-11 05:10:00+00:00,104.206,104.216,104.201,104.208,358.86
2021-01-11 05:15:00+00:00,104.209,104.212,104.198,104.204,126.95
2021-01-11 05:20:00+00:00,104.205,104.218,104.2,104.2,185.32
2021-01-11 05:25:00+00:00,104.201,104.204,104.197,104.199,73.85
2021-01-11 05:30:00+00:00,104.198,104.21,104.185,104.193,258.38
2021-01-11 05:35:00+00:00,104.193,104.199,104.191,104.192,121.72
2021-01-11 05:40:00+00:00,104.191,104.213,104.177,104.201,169.15
2021-01-11 05:45:00+00:00,104.201,104.201,104.183,104.194,137.42
2021-01-11 05:50:00+00:00,104.194,104.206,104.182,104.198,134.83
2021-01-11 05:55:00+00:00,104.199,104.204,104.178,104.187,145.5
2021-01-11 06:00:00+00:00,104.187,104.195,104.173,104.173,204.69
2021-01-11 06:05:00+00:00,104.174,104.186,104.163,104.171,279.69
2021-01-11 06:10:00+00:00,104.169,104.179,104.153,104.156,256.08
2021-01-11 06:15:00+00:00,104.155,104.166,104.148,104.154,208.97
2021-01-11 06:20:00+00:00,104.154,104.156,104.14,104.142,209.6
2021-01-11 06:25:00+00:00,104.142,104.143,104.125,104.132,243.13
2021-01-11 06:30:00+00:00,104.133,104.136,104.104,104.111,293.27
2021-01-11 06:35:00+00:00,104.111,104.131,104.111,104.13,132.98
2021-01-11 06:40:00+00:00,104.131,104.16,104.13,104.153,207.69
2021-01-11 06:45:00+00:00,104.153,104.168,104.149,104.162,250.51
2021-01-11 06:50:00+00:00,104.161,104.161,104.124,104.127,156.89
2021-01-11 06:55:00+00:00,104.126,104.13,104.111,104.112,254.01
2021-01-11 07:00:00+00:00,104.113,104.152,104.106,104.125,704.47
2021-01-11 07:05:00+00:00,104.127,104.136,104.095,104.119,363.47
2021-01-11 07:10:00+00:00,104.12,104.143,104.112,104.139,226.15
2021-01-11 07:15:00+00:00,104.141,104.143,104.109,104.124,442.77
2021-01-11 07:20:00+00:00,104.127,104.146,104.105,104.134,454.55
2021-01-11 07:25:00+00:00,104.134,104.144,104.125,104.131,352.94
2021-01-11 07:30:00+00:00,104.135,104.176,104.133,104.164,589.35
2021-01-11 07:35:00+00:00,104.163,104.198,104.163,104.185,507.63
2021-01-11 07:40:00+00:00,104.184,104.184,104.147,104.147,454.29
2021-01-11 07:45:00+00:00,104.148,104.163,104.143,104.157,451.6
2021-01-11 07:50:00+00:00,104.157,104.179,104.146,104.171,470.61
2021-01-11 07:55:00+00:00,104.171,104.194,104.171,104.191,303.87
2021-01-11 08:00:00+00:00,104.191,104.191,104.135,104.157,917.34
2021-01-11 08:05:00+00:00,104.158,104.158,104.129,104.129,742.88
2021-01-11 08:10:00+00:00,104.131,104.134,104.102,104.102,493.97
2021-01-11 08:15:00+00:00,104.102,104.143,104.102,104.136,503.19
2021-01-11 08:20:00+00:00,104.133,104.138,104.116,104.133,512.14
2021-01-11 08:25:00+00:00,104.132,104.135,104.096,104.11,460.61
2021-01-11 08:30:00+00:00,104.11,104.143,104.104,104.129,546.59
2021-01-11 08:35:00+00:00,104.129,104.129,104.082,104.093,563.75
2021-01-11 08:40:00+00:00,104.092,104.092,104.054,104.07,549.13
2021-01-11 08:45:00+00:00,104.07,104.092,104.067,104.091,416.54
2021-01-11 08:50:00+00:00,104.091,104.116,104.085,104.1,473.77
2021-01-11 08:55:00+00:00,104.101,104.101,104.06,104.061,451.15
2021-01-11 09:00:00+00:00,104.065,104.089,104.058,104.089,422.55
2021-01-11 09:05:00+00:00,104.088,104.088,104.059,104.062,428.61
2021-01-11 09:10:00+00:00,104.063,104.1,104.045,104.1,537.97
2021-01-11 09:15:00+00:00,104.102,104.102,104.057,104.06,440.68
2021-01-11 09:20:00+00:00,104.061,104.091,104.053,104.064,398.41
2021-01-11 09:25:00+00:00,104.064,104.085,104.045,104.079,414.41
2021-01-11 09:30:00+00:00,104.08,104.08,104.046,104.053,417.81
2021-01-11 09:35:00+00:00,104.053,104.074,104.034,104.06,543.68
2021-01-11 09:40:00+00:00,104.059,104.089,104.053,104.088,454.78
2021-01-11 09:45:00+00:00,104.088,104.089,104.075,104.086,411.54
2021-01-11 09:50:00+00:00,104.087,104.097,104.074,104.094,400.53
2021-01-11 09:55:00+00:00,104.094,104.112,104.083,104.104,441.37
2021-01-11 10:00:00+00:00,104.103,104.112,104.079,104.095,430.49
2021-01-11 10:05:00+00:00,104.093,104.131,104.086,104.121,402.82
2021-01-11 10:10:00+00:00,104.121,104.13,104.103,104.103,281.79
2021-01-11 10:15:00+00:00,104.105,104.127,104.087,104.105,432.16
2021-01-11 10:20:00+00:00,104.106,104.128,104.095,104.126,303.32
2021-01-11 10:25:00+00:00,104.126,104.13,104.1,104.118,317.4
2021-01-11 10:30:00+00:00,104.118,104.155,104.118,104.132,466.28
2021-01-11 10:35:00+00:00,104.131,104.156,104.128,104.144,519.07
2021-01-11 10:40:00+00:00,104.144,104.155,104.135,104.135,452.04
2021-01-11 10:45:00+00:00,104.134,104.14,104.117,104.135,406.69
2021-01-11 10:50:00+00:00,104.135,104.141,104.108,104.111,248.82
2021-01-11 10:55:00+00:00,104.111,104.12,104.086,104.11,367.75
2021-01-11 11:00:00+00:00,104.11,104.131,104.11,104.13,231.65
2021-01-11 11:05:00+00:00,104.13,104.137,104.109,104.136,462.88
2021-01-11 11:10:00+00:00,104.136,104.153,104.132,104.153,310.18
2021-01-11 11:15:00+00:00,104.152,104.164,104.137,104.146,422.62
2021-01-11 11:20:00+00:00,104.147,104.15,104.126,104.13,313.98
2021-01-11 11:25:00+00:00,104.129,104.148,104.129,104.135,195.01
2021-01-11 11:30:00+00:00,104.137,104.144,104.136,104.136,264.04
2021-01-11 11:35:00+00:00,104.137,104.142,104.119,104.131,437.34
2021-01-11 11:40:00+00:00,104.13,104.141,104.117,104.117,363.15
2021-01-11 11:45:00+00:00,104.118,104.126,104.1,104.102,322.55
2021-01-11 11:50:00+00:00,104.102,104.104,104.084,104.092,265.71
2021-01-11 11:55:00+00:00,104.093,104.129,104.092,104.126,273.63
2021-01-11 12:00:00+00:00,104.127,104.152,104.122,104.14,872.96
2021-01-11 12:05:00+00:00,104.14,104.167,104.14,104.158,958.96
2021-01-11 12:10:00+00:00,104.16,104.217,104.16,104.217,1137.6
2021-01-11 12:15:00+00:00,104.217,104.217,104.195,104.208,902.47
2021-01-11 12:20:00+00:00,104.209,104.248,104.209,104.231,413.94
2021-01-11 12:25:00+00:00,104.231,104.237,104.191,104.191,489.31
2021-01-11 12:30:00+00:00,104.194,104.204,104.19,104.203,378.34
2021-01-11 12:35:00+00:00,104.201,104.203,104.164,104.164,479.88
2021-01-11 12:40:00+00:00,104.165,104.185,104.16,104.169,336.75
2021-01-11 12:45:00+00:00,104.169,104.174,104.145,104.174,444.14
2021-01-11 12:50:00+00:00,104.174,104.199,104.166,104.199,387.67
2021-01-11 12:55:00+00:00,104.198,104.198,104.172,104.18,454.58
2021-01-11 13:00:00+00:00,104.175,104.227,104.17,104.222,566.83
2021-01-11 13:05:00+00:00,104.222,104.235,104.218,104.226,608.27
2021-01-11 13:10:00+00:00,104.226,104.23,104.199,104.217,954.96
2021-01-11 13:15:00+00:00,104.216,104.234,104.209,104.231,1126.07
2021-01-11 13:20:00+00:00,104.235,104.253,104.211,104.246,773.38
2021-01-11 13:25:00+00:00,104.248,104.283,104.245,104.279,464.99
2021-01-11 13:30:00+00:00,104.279,104.3,104.276,104.294,483.6
2021-01-11 13:35:00+00:00,104.294,104.3,104.261,104.287,719.22
2021-01-11 13:40:00+00:00,104.288,104.299,104.268,104.277,561.34
2021-01-11 13:45:00+00:00,104.278,104.297,104.272,104.293,521.8
2021-01-11 13:50:00+00:00,104.292,104.299,104.283,104.284,457.87
2021-01-11 13:55:00+00:00,104.284,104.285,104.265,104.275,577.33
2021-01-11 14:00:00+00:00,104.273,104.281,104.241,104.248,1102.91
2021-01-11 14:05:00+00:00,104.248,104.248,104.211,104.221,961.88
2021-01-11 14:10:00+00:00,104.22,104.281,104.22,104.281,642.93
2021-01-11 14:15:00+00:00,104.281,104.297,104.266,104.283,493.31
2021-01-11 14:20:00+00:00,104.283,104.296,104.233,104.24,613.7
2021-01-11 14:25:00+00:00,104.24,104.249,104.21,104.231,941.59
2021-01-11 14:30:00+00:00,104.232,104.261,104.208,104.228,1124.37
2021-01-11 14:35:00+00:00,104.228,104.252,104.215,104.252,622.84
2021-01-11 14:40:00+00:00,104.251,104.296,104.251,104.287,897.35
2021-01-11 14:45:00+00:00,104.288,104.327,104.285,104.318,1032.6
2021-01-11 14:50:00+00:00,104.321,104.347,104.315,104.343,971.15
2021-01-11 14:55:00+00:00,104.344,104.397,104.343,104.367,1128.87
2021-01-11 15:00:00+00:00,104.367,104.384,104.319,104.319,1062.59
2021-01-11 15:05:00+00:00,104.319,104.353,104.309,104.353,525.65
2021-01-11 15:10:00+00:00,104.351,104.359,104.303,104.31,1002.45
2021-01-11 15:15:00+00:00,104.31,104.322,104.279,104.281,800.75
2021-01-11 15:20:00+00:00,104.28,104.295,104.266,104.271,746.6
2021-01-11 15:25:00+00:00,104.27,104.301,104.27,104.278,380.76
2021-01-11 15:30:00+00:00,104.278,104.323,104.27,104.304,418.69
2021-01-11 15:35:00+00:00,104.303,104.334,104.3,104.32,513.93
2021-01-11 15:40:00+00:00,104.318,104.32,104.25,104.262,537.17
2021-01-11 15:45:00+00:00,104.261,104.28,104.241,104.266,660.13
2021-01-11 15:50:00+00:00,104.267,104.286,104.232,104.283,599.83
2021-01-11 15:55:00+00:00,104.282,104.32,104.275,104.287,883.83
2021-01-11 16:00:00+00:00,104.289,104.29,104.247,104.252,708.82
2021-01-11 16:05:00+00:00,104.251,104.253,104.223,104.231,565.74
2021-01-11 16:10:00+00:00,104.23,104.247,104.213,104.216,469.8
2021-01-11 16:15:00+00:00,104.217,104.259,104.212,104.259,380.95
2021-01-11 16:20:00+00:00,104.259,104.276,104.245,104.266,323.88
2021-01-11 16:25:00+00:00,104.266,104.268,104.189,104.193,440.37
2021-01-11 16:30:00+00:00,104.193,104.22,104.193,104.21,567.49
2021-01-11 16:35:00+00:00,104.21,104.23,104.195,104.201,596.59
2021-01-11 16:40:00+00:00,104.202,104.211,104.164,104.175,461.91
2021-01-11 16:45:00+00:00,104.175,104.187,104.153,104.174,432.07
2021-01-11 16:50:00+00:00,104.174,104.187,104.156,104.166,462.43
2021-01-11 16:55:00+00:00,104.167,104.185,104.119,104.155,514.88
2021-01-11 17:00:00+00:00,104.157,104.177,104.135,104.139,719.03
2021-01-11 17:05:00+00:00,104.139,104.145,104.099,104.099,357.28
2021-01-11 17:10:00+00:00,104.101,104.134,104.072,104.116,373.59
2021-01-11 17:15:00+00:00,104.117,104.133,104.108,104.111,317.46
2021-01-11 17:20:00+00:00,104.112,104.156,104.112,104.146,219.87
2021-01-11 17:25:00+00:00,104.143,104.143,104.121,104.129,220.61
2021-01-11 17:30:00+00:00,104.13,104.145,104.112,104.128,385.52
2021-01-11 17:35:00+00:00,104.129,104.162,104.108,104.158,393.46
2021-01-11 17:40:00+00:00,104.159,104.168,104.141,104.143,373.13
2021-01-11 17:45:00+00:00,104.147,104.179,104.146,104.156,233.58
2021-01-11 17:50:00+00:00,104.156,104.157,104.134,104.138,269.01
2021-01-11 17:55:00+00:00,104.141,104.181,104.141,104.178,244.55
2021-01-11 18:00:00+00:00,104.179,104.183,104.149,104.156,320.33
2021-01-11 18:05:00+00:00,104.158,104.174,104.154,104.174,227.16
2021-01-11 18:10:00+00:00,104.174,104.179,104.144,104.146,197.3
2021-01-11 18:15:00+00:00,104.147,104.16,104.132,104.16,210.88
2021-01-11 18:20:00+00:00,104.158,104.158,104.138,104.146,189.4
2021-01-11 18:25:00+00:00,104.145,104.148,104.123,104.125,194.87
2021-01-11 18:30:00+00:00,104.125,104.153,104.12,104.153,188.15
2021-01-11 18:35:00+00:00,104.156,104.169,104.154,104.164,239.38
2021-01-11 18:40:00+00:00,104.165,104.175,104.154,104.171,204.17
2021-01-11 18:45:00+00:00,104.17,104.181,104.159,104.173,215.36
2021-01-11 18:50:00+00:00,104.172,104.173,104.16,104.165,92.73
2021-01-11 18:55:00+00:00,104.164,104.176,104.158,104.16,174.42
2021-01-11 19:00:00+00:00,104.161,104.163,104.135,104.139,188.12
2021-01-11 19:05:00+00:00,104.138,104.145,104.129,104.139,157.57
2021-01-11 19:10:00+00:00,104.138,104.15,104.126,104.147,132.22
2021-01-11 19:15:00+00:00,104.148,104.15,104.125,104.141,153.15
2021-01-11 19:20:00+00:00,104.139,104.139,104.115,104.115,130.96
2021-01-11 19:25:00+00:00,104.115,104.121,104.112,104.121,122.91
2021-01-11 19:30:00+00:00,104.124,104.13,104.105,104.13,210.36
2021-01-11 19:35:00+00:00,104.13,104.133,104.113,104.13,124.73
2021-01-11 19:40:00+00:00,104.131,104.133,104.119,104.12,112.25
2021-01-11 19:45:00+00:00,104.12,104.141,104.12,104.137,121.04
2021-01-11 19:50:00+00:00,104.134,104.146,104.124,104.143,201.52
2021-01-11 19:55:00+00:00,104.145,104.158,104.133,104.156,294.73
2021-01-11 20:00:00+00:00,104.155,104.171,104.141,104.162,593.93
2021-01-11 20:05:00+00:00,104.162,104.178,104.156,104.158,269.31
2021-01-11 20:10:00+00:00,104.158,104.158,104.132,104.142,201.48
2021-01-11 20:15:00+00:00,104.143,104.156,104.137,104.155,86.1
2021-01-11 20:20:00+00:00,104.152,104.175,104.151,104.17,183.45
2021-01-11 20:25:00+00:00,104.168,104.168,104.141,104.151,195.31
2021-01-11 20:30:00+00:00,104.15,104.156,104.139,104.142,89.92
2021-01-11 20:35:00+00:00,104.142,104.142,104.127,104.127,138.97
2021-01-11 20:40:00+00:00,104.125,104.129,104.11,104.125,216.01
2021-01-11 20:45:00+00:00,104.127,104.129,104.114,104.126,172.0
2021-01-11 20:50:00+00:00,104.126,104.152,104.126,104.151,125.97
2021-01-11 20:55:00+00:00,104.152,104.178,104.148,104.175,232.08
2021-01-11 21:00:00+00:00,104.177,104.177,104.164,104.169,124.57
2021-01-11 21:05:00+00:00,104.169,104.169,104.155,104.157,48.68
2021-01-11 21:10:00+00:00,104.155,104.172,104.155,104.167,100.01
2021-01-11 21:15:00+00:00,104.168,104.18,104.166,104.178,53.82
2021-01-11 21:20:00+00:00,104.177,104.177,104.17,104.172,71.44
2021-01-11 21:25:00+00:00,104.173,104.179,104.159,104.159,96.23
2021-01-11 21:30:00+00:00,104.163,104.179,104.161,104.179,39.3
2021-01-11 21:35:00+00:00,104.178,104.206,104.177,104.205,74.89
2021-01-11 21:40:00+00:00,104.206,104.216,104.194,104.206,74.44
2021-01-11 21:45:00+00:00,104.207,104.207,104.187,104.203,101.53
2021-01-11 21:50:00+00:00,104.203,104.233,104.202,104.231,183.85
2021-01-11 21:55:00+00:00,104.231,104.257,104.228,104.255,187.28
2021-01-11 22:00:00+00:00,104.261,104.261,104.21,104.213,12.37
2021-01-11 22:05:00+00:00,104.232,104.233,104.204,104.22,38.97
2021-01-11 22:10:00+00:00,104.22,104.228,104.22,104.227,17.35
2021-01-11 22:15:00+00:00,104.229,104.257,104.227,104.251,419.2
2021-01-11 22:20:00+00:00,104.254,104.257,104.155,104.208,617.22
2021-01-11 22:25:00+00:00,104.209,104.229,104.207,104.225,57.85
2021-01-11 22:30:00+00:00,104.229,104.231,104.206,104.208,79.75
2021-01-11 22:35:00+00:00,104.207,104.213,104.2,104.204,49.63
2021-01-11 22:40:00+00:00,104.205,104.207,104.202,104.205,56.67
2021-01-11 22:45:00+00:00,104.204,104.212,104.202,104.209,48.9
2021-01-11 22:50:00+00:00,104.209,104.212,104.209,104.209,52.05
2021-01-11 22:55:00+00:00,104.209,104.209,104.195,104.206,65.06
2021-01-11 23:00:00+00:00,104.206,104.221,104.184,104.195,354.99
2021-01-11 23:05:00+00:00,104.194,104.209,104.194,104.202,105.11
2021-01-11 23:10:00+00:00,104.2,104.2,104.188,104.189,68.94
2021-01-11 23:15:00+00:00,104.19,104.19,104.164,104.164,56.56
2021-01-11 23:20:00+00:00,104.163,104.199,104.159,104.199,104.71
2021-01-11 23:25:00+00:00,104.199,104.2,104.182,104.19,83.31
2021-01-11 23:30:00+00:00,104.191,104.191,104.154,104.154,144.66
2021-01-11 23:35:00+00:00,104.154,104.199,104.127,104.131,272.84
2021-01-11 23:40:00+00:00,104.132,104.167,104.128,104.143,168.04
2021-01-11 23:45:00+00:00,104.141,104.161,104.127,104.161,250.57
2021-01-11 23:50:00+00:00,104.16,104.161,104.136,104.137,124.07
2021-01-11 23:55:00+00:00,104.139,104.143,104.128,104.14,123.04
2021-01-12 00:00:00+00:00,104.14,104.145,104.099,104.145,337.04
2021-01-12 00:05:00+00:00,104.144,104.187,104.137,104.186,358.69
2021-01-12 00:10:00+00:00,104.185,104.185,104.165,104.176,322.7
2021-01-12 00:15:00+00:00,104.175,104.197,104.17,104.176,235.86
2021-01-12 00:20:00+00:00,104.177,104.195,104.143,104.147,270.5
2021-01-12 00:25:00+00:00,104.146,104.175,104.137,104.175,277.27
2021-01-12 00:30:00+00:00,104.176,104.223,104.176,104.207,460.9
2021-01-12 00:35:00+00:00,104.207,104.213,104.173,104.175,377.07
2021-01-12 00:40:00+00:00,104.175,104.181,104.169,104.175,157.09
2021-01-12 00:45:00+00:00,104.175,104.182,104.135,104.146,491.05
2021-01-12 00:50:00+00:00,104.146,104.214,104.121,104.197,1058.19
2021-01-12 00:55:00+00:00,104.199,104.228,104.193,104.215,678.83
2021-01-12 01:00:00+00:00,104.215,104.275,104.207,104.275,694.33
2021-01-12 01:05:00+00:00,104.275,104.275,104.24,104.24,354.39
2021-01-12 01:10:00+00:00,104.239,104.26,104.224,104.25,355.39
2021-01-12 01:15:00+00:00,104.249,104.279,104.243,104.271,322.34
2021-01-12 01:20:00+00:00,104.272,104.289,104.267,104.27,413.73
2021-01-12 01:25:00+00:00,104.27,104.292,104.27,104.291,445.22
2021-01-12 01:30:00+00:00,104.292,104.313,104.272,104.276,492.2
2021-01-12 01:35:00+00:00,104.277,104.299,104.273,104.273,226.71
2021-01-12 01:40:00+00:00,104.274,104.283,104.241,104.255,350.55
2021-01-12 01:45:00+00:00,104.254,104.267,104.252,104.26,240.36
2021-01-12 01:50:00+00:00,104.259,104.259,104.237,104.248,189.2
2021-01-12 01:55:00+00:00,104.245,104.248,104.22,104.235,300.36
2021-01-12 02:00:00+00:00,104.238,104.25,104.234,104.244,220.13
2021-01-12 02:05:00+00:00,104.244,104.267,104.244,104.266,496.79
2021-01-12 02:10:00+00:00,104.265,104.274,104.261,104.262,180.58
2021-01-12 02:15:00+00:00,104.259,104.271,104.24,104.253,229.05
2021-01-12 02:20:00+00:00,104.253,104.292,104.253,104.289,195.62
2021-01-12 02:25:00+00:00,104.29,104.311,104.278,104.28,285.75
2021-01-12 02:30:00+00:00,104.279,104.284,104.266,104.274,184.63
2021-01-12 02:35:00+00:00,104.274,104.275,104.26,104.269,184.8
2021-01-12 02:40:00+00:00,104.27,104.294,104.268,104.286,203.76
2021-01-12 02:45:00+00:00,104.285,104.305,104.281,104.301,153.59
2021-01-12 02:50:00+00:00,104.303,104.313,104.292,104.3,231.75
2021-01-12 02:55:00+00:00,104.3,104.306,104.288,104.305,269.69
2021-01-12 03:00:00+00:00,104.304,104.306,104.286,104.294,122.14
2021-01-12 03:05:00+00:00,104.295,104.297,104.278,104.284,104.44
2021-01-12 03:10:00+00:00,104.286,104.297,104.279,104.291,164.96
2021-01-12 03:15:00+00:00,104.291,104.295,104.286,104.289,94.45
2021-01-12 03:20:00+00:00,104.288,104.295,104.288,104.29,48.44
2021-01-12 03:25:00+00:00,104.292,104.294,104.288,104.293,185.4
2021-01-12 03:30:00+00:00,104.292,104.3,104.284,104.294,192.64
2021-01-12 03:35:00+00:00,104.293,104.294,104.274,104.277,156.83
2021-01-12 03:40:00+00:00,104.278,104.302,104.278,104.3,232.35
2021-01-12 03:45:00+00:00,104.299,104.3,104.284,104.284,369.05
2021-01-12 03:50:00+00:00,104.284,104.292,104.28,104.282,150.72
2021-01-12 03:55:00+00:00,104.282,104.291,104.28,104.283,143.48
2021-01-12 04:00:00+00:00,104.284,104.285,104.254,104.276,200.86
2021-01-12 04:05:00+00:00,104.273,104.278,104.266,104.273,76.49
2021-01-12 04:10:00+00:00,104.272,104.284,104.262,104.284,102.36
2021-01-12 04:15:00+00:00,104.284,104.29,104.275,104.277,122.0
2021-01-12 04:20:00+00:00,104.281,104.285,104.273,104.273,132.56
2021-01-12 04:25:00+00:00,104.272,104.292,104.272,104.289,166.1
2021-01-12 04:30:00+00:00,104.289,104.301,104.289,104.298,111.36
2021-01-12 04:35:00+00:00,104.299,104.311,104.296,104.306,98.95
2021-01-12 04:40:00+00:00,104.307,104.31,104.297,104.309,224.44
2021-01-12 04:45:00+00:00,104.308,104.321,104.297,104.298,128.07
2021-01-12 04:50:00+00:00,104.299,104.325,104.298,104.317,172.02
2021-01-12 04:55:00+00:00,104.317,104.319,104.302,104.305,263.43
2021-01-12 05:00:00+00:00,104.305,104.32,104.303,104.32,221.36
2021-01-12 05:05:00+00:00,104.32,104.32,104.307,104.316,88.36
2021-01-12 05:10:00+00:00,104.316,104.321,104.31,104.311,149.7
2021-01-12 05:15:00+00:00,104.31,104.31,104.296,104.297,160.15
2021-01-12 05:20:00+00:00,104.298,104.307,104.287,104.299,129.75
2021-01-12 05:25:00+00:00,104.299,104.307,104.291,104.307,75.51
2021-01-12 05:30:00+00:00,104.306,104.31,104.291,104.291,125.59
2021-01-12 05:35:00+00:00,104.292,104.296,104.274,104.277,279.88
2021-01-12 05:40:00+00:00,104.278,104.286,104.266,104.269,388.1
2021-01-12 05:45:00+00:00,104.27,104.278,104.251,104.256,338.12
2021-01-12 05:50:00+00:00,104.254,104.256,104.226,104.232,256.72
2021-01-12 05:55:00+00:00,104.236,104.242,104.217,104.236,441.36
2021-01-12 06:00:00+00:00,104.234,104.242,104.222,104.229,386.57
2021-01-12 06:05:00+00:00,104.229,104.237,104.197,104.2,563.69
2021-01-12 06:10:00+00:00,104.2,104.225,104.196,104.225,323.13
2021-01-12 06:15:00+00:00,104.223,104.234,104.221,104.227,158.89
2021-01-12 06:20:00+00:00,104.226,104.245,104.221,104.241,167.02
2021-01-12 06:25:00+00:00,104.241,104.252,104.223,104.23,274.11
2021-01-12 06:30:00+00:00,104.229,104.23,104.21,104.227,202.24
2021-01-12 06:35:00+00:00,104.227,104.227,104.203,104.203,160.55
2021-01-12 06:40:00+00:00,104.202,104.202,104.176,104.178,206.18
2021-01-12 06:45:00+00:00,104.177,104.197,104.155,104.173,365.07
2021-01-12 06:50:00+00:00,104.172,104.173,104.15,104.166,258.47
2021-01-12 06:55:00+00:00,104.168,104.172,104.145,104.161,324.09
2021-01-12 07:00:00+00:00,104.164,104.181,104.155,104.18,309.6
2021-01-12 07:05:00+00:00,104.179,104.182,104.15,104.15,363.68
2021-01-12 07:10:00+00:00,104.15,104.166,104.134,104.162,393.34
2021-01-12 07:15:00+00:00,104.163,104.171,104.143,104.149,410.14
2021-01-12 07:20:00+00:00,104.15,104.15,104.123,104.126,537.92
2021-01-12 07:25:00+00:00,104.127,104.138,104.113,104.131,429.42
2021-01-12 07:30:00+00:00,104.132,104.137,104.107,104.137,418.62
2021-01-12 07:35:00+00:00,104.136,104.142,104.129,104.142,309.98
2021-01-12 07:40:00+00:00,104.144,104.145,104.118,104.119,378.41
2021-01-12 07:45:00+00:00,104.119,104.154,104.114,104.147,345.03
2021-01-12 07:50:00+00:00,104.148,104.175,104.146,104.17,369.45
2021-01-12 07:55:00+00:00,104.169,104.18,104.159,104.162,266.28
2021-01-12 08:00:00+00:00,104.163,104.191,104.158,104.162,433.97
2021-01-12 08:05:00+00:00,104.164,104.195,104.163,104.186,334.54
2021-01-12 08:10:00+00:00,104.187,104.225,104.187,104.216,313.25
2021-01-12 08:15:00+00:00,104.215,104.242,104.213,104.242,605.8
2021-01-12 08:20:00+00:00,104.241,104.254,104.231,104.236,469.14
2021-01-12 08:25:00+00:00,104.235,104.236,104.188,104.208,451.25
2021-01-12 08:30:00+00:00,104.207,104.225,104.206,104.212,276.45
2021-01-12 08:35:00+00:00,104.213,104.213,104.182,104.191,448.36
2021-01-12 08:40:00+00:00,104.189,104.207,104.179,104.207,302.2
2021-01-12 08:45:00+00:00,104.207,104.242,104.204,104.228,333.67
2021-01-12 08:50:00+00:00,104.23,104.261,104.23,104.238,291.16
2021-01-12 08:55:00+00:00,104.237,104.237,104.194,104.217,399.15
2021-01-12 09:00:00+00:00,104.217,104.249,104.207,104.239,463.74
2021-01-12 09:05:00+00:00,104.239,104.259,104.237,104.246,565.66
2021-01-12 09:10:00+00:00,104.246,104.252,104.232,104.241,604.28
2021-01-12 09:15:00+00:00,104.242,104.253,104.194,104.199,590.86
2021-01-12 09:20:00+00:00,104.2,104.201,104.166,104.184,748.07
2021-01-12 09:25:00+00:00,104.183,104.184,104.147,104.166,457.32
2021-01-12 09:30:00+00:00,104.167,104.197,104.165,104.196,358.0
2021-01-12 09:35:00+00:00,104.196,104.202,104.181,104.195,425.86
2021-01-12 09:40:00+00:00,104.195,104.195,104.165,104.172,564.16
2021-01-12 09:45:00+00:00,104.172,104.179,104.157,104.157,481.36
2021-01-12 09:50:00+00:00,104.157,104.162,104.127,104.143,422.0
2021-01-12 09:55:00+00:00,104.144,104.169,104.141,104.158,522.65
2021-01-12 10:00:00+00:00,104.16,104.171,104.152,104.16,314.3
2021-01-12 10:05:00+00:00,104.161,104.198,104.158,104.181,415.39
2021-01-12 10:10:00+00:00,104.18,104.203,104.167,104.173,355.33
2021-01-12 10:15:00+00:00,104.173,104.198,104.169,104.191,244.59
2021-01-12 10:20:00+00:00,104.191,104.197,104.185,104.19,228.73
2021-01-12 10:25:00+00:00,104.191,104.211,104.19,104.21,385.53
2021-01-12 10:30:00+00:00,104.209,104.226,104.195,104.223,566.36
2021-01-12 10:35:00+00:00,104.221,104.238,104.213,104.227,448.24
2021-01-12 10:40:00+00:00,104.228,104.232,104.18,104.191,383.42
2021-01-12 10:45:00+00:00,104.192,104.229,104.187,104.229,348.93
2021-01-12 10:50:00+00:00,104.23,104.231,104.208,104.22,764.79
2021-01-12 10:55:00+00:00,104.22,104.26,104.22,104.258,583.11
2021-01-12 11:00:00+00:00,104.258,104.258,104.241,104.247,356.84
2021-01-12 11:05:00+00:00,104.246,104.246,104.214,104.222,174.97
2021-01-12 11:10:00+00:00,104.223,104.246,104.223,104.235,239.7
2021-01-12 11:15:00+00:00,104.235,104.242,104.215,104.235,224.26
2021-01-12 11:20:00+00:00,104.237,104.242,104.211,104.222,223.8
2021-01-12 11:25:00+00:00,104.221,104.221,104.201,104.213,118.04
2021-01-12 11:30:00+00:00,104.211,104.214,104.184,104.188,212.4
2021-01-12 11:35:00+00:00,104.189,104.203,104.18,104.184,229.12
2021-01-12 11:40:00+00:00,104.183,104.195,104.168,104.192,235.37
2021-01-12 11:45:00+00:00,104.192,104.204,104.176,104.191,224.93
2021-01-12 11:50:00+00:00,104.192,104.198,104.175,104.198,185.58
2021-01-12 11:55:00+00:00,104.197,104.223,104.197,104.212,140.63
2021-01-12 12:00:00+00:00,104.212,104.231,104.208,104.224,289.1
2021-01-12 12:05:00+00:00,104.225,104.247,104.213,104.246,319.96
2021-01-12 12:10:00+00:00,104.246,104.251,104.234,104.238,400.51
2021-01-12 12:15:00+00:00,104.237,104.252,104.235,104.241,203.24
2021-01-12 12:20:00+00:00,104.242,104.242,104.202,104.207,591.82
2021-01-12 12:25:00+00:00,104.206,104.207,104.181,104.206,354.99
2021-01-12 12:30:00+00:00,104.205,104.239,104.201,104.228,407.33
2021-01-12 12:35:00+00:00,104.228,104.234,104.207,104.234,559.53
2021-01-12 12:40:00+00:00,104.231,104.233,104.212,104.225,602.83
2021-01-12 12:45:00+00:00,104.224,104.276,104.22,104.253,516.39
2021-01-12 12:50:00+00:00,104.253,104.268,104.245,104.247,394.13
2021-01-12 12:55:00+00:00,104.247,104.255,104.222,104.228,423.84
2021-01-12 13:00:00+00:00,104.227,104.241,104.211,104.24,378.06
2021-01-12 13:05:00+00:00,104.24,104.244,104.2,104.2,489.39
2021-01-12 13:10:00+00:00,104.201,104.235,104.201,104.217,333.93
2021-01-12 13:15:00+00:00,104.217,104.241,104.208,104.225,361.74
2021-01-12 13:20:00+00:00,104.223,104.259,104.223,104.246,585.56
2021-01-12 13:25:00+00:00,104.246,104.274,104.246,104.246,396.41
2021-01-12 13:30:00+00:00,104.243,104.262,104.231,104.255,357.78
2021-01-12 13:35:00+00:00,104.255,104.277,104.25,104.26,475.67
2021-01-12 13:40:00+00:00,104.262,104.274,104.242,104.261,464.29
2021-01-12 13:45:00+00:00,104.26,104.267,104.232,104.249,372.5
2021-01-12 13:50:00+00:00,104.249,104.256,104.24,104.252,325.23
2021-01-12 13:55:00+00:00,104.252,104.277,104.238,104.247,524.35
2021-01-12 14:00:00+00:00,104.248,104.263,104.229,104.253,544.69
2021-01-12 14:05:00+00:00,104.251,104.298,104.235,104.285,709.25
2021-01-12 14:10:00+00:00,104.285,104.297,104.261,104.268,349.03
2021-01-12 14:15:00+00:00,104.269,104.269,104.245,104.254,405.09
2021-01-12 14:20:00+00:00,104.255,104.261,104.237,104.247,502.35
2021-01-12 14:25:00+00:00,104.247,104.264,104.241,104.263,413.77
2021-01-12 14:30:00+00:00,104.263,104.27,104.167,104.18,1007.05
2021-01-12 14:35:00+00:00,104.183,104.215,104.182,104.205,825.8
2021-01-12 14:40:00+00:00,104.205,104.278,104.201,104.263,1092.35
2021-01-12 14:45:00+00:00,104.262,104.281,104.249,104.281,723.03
2021-01-12 14:50:00+00:00,104.281,104.332,104.273,104.297,982.24
2021-01-12 14:55:00+00:00,104.298,104.309,104.264,104.277,715.3
2021-01-12 15:00:00+00:00,104.28,104.302,104.254,104.284,741.06
2021-01-12 15:05:00+00:00,104.287,104.301,104.257,104.265,502.06
2021-01-12 15:10:00+00:00,104.264,104.288,104.244,104.284,453.37
2021-01-12 15:15:00+00:00,104.283,104.287,104.259,104.266,477.56
2021-01-12 15:20:00+00:00,104.265,104.267,104.211,104.212,470.19
2021-01-12 15:25:00+00:00,104.211,104.231,104.179,104.223,691.93
2021-01-12 15:30:00+00:00,104.222,104.222,104.186,104.194,516.54
2021-01-12 15:35:00+00:00,104.194,104.213,104.178,104.208,480.34
2021-01-12 15:40:00+00:00,104.211,104.23,104.186,104.194,493.47
2021-01-12 15:45:00+00:00,104.193,104.239,104.189,104.21,495.89
2021-01-12 15:50:00+00:00,104.21,104.254,104.203,104.21,683.17
2021-01-12 15:55:00+00:00,104.211,104.218,104.163,104.208,606.37
2021-01-12 16:00:00+00:00,104.21,104.218,104.181,104.186,379.72
2021-01-12 16:05:00+00:00,104.186,104.201,104.173,104.197,371.11
2021-01-12 16:10:00+00:00,104.197,104.211,104.178,104.178,410.56
2021-01-12 16:15:00+00:00,104.178,104.18,104.145,104.177,413.82
2021-01-12 16:20:00+00:00,104.176,104.188,104.158,104.168,347.98
2021-01-12 16:25:00+00:00,104.17,104.183,104.161,104.181,316.61
2021-01-12 16:30:00+00:00,104.182,104.184,104.157,104.162,268.73
2021-01-12 16:35:00+00:00,104.162,104.193,104.157,104.174,423.8
2021-01-12 16:40:00+00:00,104.175,104.206,104.175,104.192,314.91
2021-01-12 16:45:00+00:00,104.192,104.194,104.177,104.178,334.2
2021-01-12 16:50:00+00:00,104.179,104.186,104.139,104.15,316.52
2021-01-12 16:55:00+00:00,104.149,104.149,104.086,104.091,517.33
2021-01-12 17:00:00+00:00,104.092,104.106,104.086,104.091,347.06
2021-01-12 17:05:00+00:00,104.092,104.116,104.091,104.103,282.57
2021-01-12 17:10:00+00:00,104.104,104.129,104.104,104.117,278.91
2021-01-12 17:15:00+00:00,104.118,104.137,104.117,104.132,309.71
2021-01-12 17:20:00+00:00,104.13,104.133,104.108,104.117,287.04
2021-01-12 17:25:00+00:00,104.117,104.126,104.091,104.091,229.23
2021-01-12 17:30:00+00:00,104.09,104.104,104.09,104.092,201.57
2021-01-12 17:35:00+00:00,104.093,104.105,104.075,104.099,265.23
2021-01-12 17:40:00+00:00,104.097,104.107,104.085,104.086,360.16
2021-01-12 17:45:00+00:00,104.086,104.102,104.08,104.095,168.19
2021-01-12 17:50:00+00:00,104.1,104.104,104.057,104.066,291.6
2021-01-12 17:55:00+00:00,104.065,104.079,104.053,104.074,271.06
2021-01-12 18:00:00+00:00,104.075,104.078,104.048,104.06,402.2
2021-01-12 18:05:00+00:00,104.059,104.065,104.008,104.009,396.52
2021-01-12 18:10:00+00:00,104.011,104.021,103.989,104.003,545.83
2021-01-12 18:15:00+00:00,104.006,104.024,103.991,103.996,259.12
2021-01-12 18:20:00+00:00,103.995,103.997,103.96,103.971,432.48
2021-01-12 18:25:00+00:00,103.972,103.974,103.936,103.938,392.46
2021-01-12 18:30:00+00:00,103.939,103.939,103.897,103.901,577.03
2021-01-12 18:35:00+00:00,103.901,103.923,103.884,103.907,606.04
2021-01-12 18:40:00+00:00,103.907,103.927,103.899,103.914,386.92
2021-01-12 18:45:00+00:00,103.916,103.937,103.916,103.937,193.82
2021-01-12 18:50:00+00:00,103.936,103.94,103.915,103.928,196.8
2021-01-12 18:55:00+00:00,103.928,103.941,103.906,103.936,225.69
2021-01-12 19:00:00+00:00,103.934,103.934,103.915,103.921,381.44
2021-01-12 19:05:00+00:00,103.917,103.92,103.884,103.901,274.47
2021-01-12 19:10:00+00:00,103.902,103.902,103.851,103.868,295.51
2021-01-12 19:15:00+00:00,103.867,103.886,103.86,103.861,238.17
2021-01-12 19:20:00+00:00,103.859,103.866,103.841,103.852,315.94
2021-01-12 19:25:00+00:00,103.851,103.859,103.842,103.856,190.5
2021-01-12 19:30:00+00:00,103.857,103.862,103.822,103.824,338.2
2021-01-12 19:35:00+00:00,103.823,103.848,103.808,103.808,444.68
2021-01-12 19:40:00+00:00,103.808,103.832,103.788,103.816,646.31
2021-01-12 19:45:00+00:00,103.819,103.831,103.784,103.796,291.73
2021-01-12 19:50:00+00:00,103.798,103.829,103.794,103.813,296.38
2021-01-12 19:55:00+00:00,103.811,103.829,103.801,103.829,377.26
2021-01-12 20:00:00+00:00,103.827,103.834,103.791,103.794,233.18
2021-01-12 20:05:00+00:00,103.795,103.816,103.786,103.791,338.41
2021-01-12 20:10:00+00:00,103.792,103.801,103.737,103.755,208.23
2021-01-12 20:15:00+00:00,103.754,103.786,103.754,103.759,279.47
2021-01-12 20:20:00+00:00,103.757,103.764,103.749,103.761,319.5
2021-01-12 20:25:00+00:00,103.761,103.794,103.75,103.771,308.2
2021-01-12 20:30:00+00:00,103.772,103.782,103.771,103.78,155.35
2021-01-12 20:35:00+00:00,103.78,103.785,103.76,103.771,174.7
2021-01-12 20:40:00+00:00,103.771,103.791,103.764,103.787,132.05
2021-01-12 20:45:00+00:00,103.788,103.796,103.771,103.776,198.77
2021-01-12 20:50:00+00:00,103.778,103.792,103.764,103.792,286.67
2021-01-12 20:55:00+00:00,103.791,103.791,103.72,103.74,403.64
2021-01-12 21:00:00+00:00,103.74,103.746,103.724,103.737,251.67
2021-01-12 21:05:00+00:00,103.737,103.742,103.73,103.741,307.77
2021-01-12 21:10:00+00:00,103.742,103.756,103.742,103.747,97.64
2021-01-12 21:15:00+00:00,103.747,103.76,103.747,103.76,59.75
2021-01-12 21:20:00+00:00,103.759,103.764,103.757,103.763,275.44
2021-01-12 21:25:00+00:00,103.763,103.763,103.737,103.739,264.44
2021-01-12 21:30:00+00:00,103.737,103.744,103.737,103.74,864.48
2021-01-12 21:35:00+00:00,103.74,103.753,103.738,103.751,742.08
2021-01-12 21:40:00+00:00,103.75,103.756,103.75,103.755,855.57
2021-01-12 21:45:00+00:00,103.755,103.755,103.74,103.744,1521.28
2021-01-12 21:50:00+00:00,103.743,103.752,103.739,103.745,783.36
2021-01-12 21:55:00+00:00,103.744,103.753,103.74,103.753,198.56
2021-01-12 22:00:00+00:00,103.752,103.842,103.751,103.799,21.25
2021-01-12 22:05:00+00:00,103.784,103.805,103.778,103.78,23.34
2021-01-12 22:10:00+00:00,103.78,103.789,103.769,103.769,15.82
2021-01-12 22:15:00+00:00,103.769,103.8,103.769,103.777,14.38
2021-01-12 22:20:00+00:00,103.777,103.784,103.777,103.783,60.5
2021-01-12 22:25:00+00:00,103.781,103.791,103.779,103.784,64.5
2021-01-12 22:30:00+00:00,103.78,103.794,103.775,103.786,216.7
2021-01-12 22:35:00+00:00,103.786,103.789,103.763,103.787,193.94
2021-01-12 22:40:00+00:00,103.787,103.793,103.773,103.787,313.28
2021-01-12 22:45:00+00:00,103.785,103.792,103.762,103.785,252.44
2021-01-12 22:50:00+00:00,103.785,103.789,103.768,103.778,248.69
2021-01-12 22:55:00+00:00,103.78,103.784,103.777,103.781,363.75
2021-01-12 23:00:00+00:00,103.777,103.783,103.753,103.779,572.32
2021-01-12 23:05:00+00:00,103.779,103.794,103.777,103.791,287.51
2021-01-12 23:10:00+00:00,103.791,103.798,103.774,103.774,653.61
2021-01-12 23:15:00+00:00,103.774,103.79,103.774,103.784,203.69
2021-01-12 23:20:00+00:00,103.784,103.785,103.778,103.781,258.6
2021-01-12 23:25:00+00:00,103.78,103.782,103.774,103.778,65.07
2021-01-12 23:30:00+00:00,103.777,103.788,103.774,103.78,154.83
2021-01-12 23:35:00+00:00,103.779,103.781,103.771,103.777,109.79
2021-01-12 23:40:00+00:00,103.776,103.776,103.764,103.767,222.9
2021-01-12 23:45:00+00:00,103.766,103.77,103.759,103.76,119.45
2021-01-12 23:50:00+00:00,103.759,103.764,103.756,103.76,72.17
2021-01-12 23:55:00+00:00,103.76,103.765,103.728,103.747,186.13
2021-01-13 00:00:00+00:00,103.749,103.75,103.694,103.715,473.35
2021-01-13 00:05:00+00:00,103.717,103.727,103.704,103.707,377.47
2021-01-13 00:10:00+00:00,103.708,103.722,103.666,103.677,663.14
2021-01-13 00:15:00+00:00,103.676,103.688,103.665,103.672,243.67
2021-01-13 00:20:00+00:00,103.673,103.69,103.67,103.679,238.57
2021-01-13 00:25:00+00:00,103.68,103.705,103.664,103.704,192.01
2021-01-13 00:30:00+00:00,103.706,103.72,103.696,103.696,205.06
2021-01-13 00:35:00+00:00,103.696,103.715,103.682,103.684,312.24
2021-01-13 00:40:00+00:00,103.684,103.685,103.65,103.653,330.59
2021-01-13 00:45:00+00:00,103.653,103.664,103.618,103.632,264.9
2021-01-13 00:50:00+00:00,103.631,103.672,103.618,103.657,632.49
2021-01-13 00:55:00+00:00,103.659,103.673,103.621,103.657,523.74
2021-01-13 01:00:00+00:00,103.656,103.663,103.628,103.628,311.28
2021-01-13 01:05:00+00:00,103.628,103.639,103.611,103.616,375.13
2021-01-13 01:10:00+00:00,103.617,103.636,103.611,103.632,225.95
2021-01-13 01:15:00+00:00,103.633,103.636,103.619,103.636,235.52
2021-01-13 01:20:00+00:00,103.637,103.64,103.603,103.606,201.05
2021-01-13 01:25:00+00:00,103.606,103.606,103.556,103.562,805.59
2021-01-13 01:30:00+00:00,103.564,103.575,103.552,103.565,342.27
2021-01-13 01:35:00+00:00,103.564,103.575,103.554,103.56,223.58
2021-01-13 01:40:00+00:00,103.559,103.562,103.539,103.543,214.43
2021-01-13 01:45:00+00:00,103.543,103.563,103.538,103.551,186.08
2021-01-13 01:50:00+00:00,103.551,103.58,103.545,103.564,295.64
2021-01-13 01:55:00+00:00,103.565,103.572,103.553,103.56,288.64
2021-01-13 02:00:00+00:00,103.562,103.589,103.551,103.572,367.47
2021-01-13 02:05:00+00:00,103.572,103.581,103.555,103.573,345.17
2021-01-13 02:10:00+00:00,103.576,103.578,103.548,103.553,456.41
2021-01-13 02:15:00+00:00,103.553,103.564,103.525,103.563,691.23
2021-01-13 02:20:00+00:00,103.563,103.587,103.563,103.576,396.71
2021-01-13 02:25:00+00:00,103.574,103.583,103.567,103.573,392.34
2021-01-13 02:30:00+00:00,103.572,103.578,103.561,103.564,192.77
2021-01-13 02:35:00+00:00,103.564,103.566,103.553,103.557,232.85
2021-01-13 02:40:00+00:00,103.556,103.579,103.548,103.57,314.26
2021-01-13 02:45:00+00:00,103.57,103.599,103.566,103.599,235.17
2021-01-13 02:50:00+00:00,103.598,103.607,103.591,103.596,225.41
2021-01-13 02:55:00+00:00,103.596,103.607,103.592,103.594,309.34
2021-01-13 03:00:00+00:00,103.597,103.597,103.574,103.591,300.61
2021-01-13 03:05:00+00:00,103.591,103.602,103.578,103.579,303.29
2021-01-13 03:10:00+00:00,103.579,103.59,103.576,103.585,200.39
2021-01-13 03:15:00+00:00,103.584,103.587,103.571,103.579,238.35
2021-01-13 03:20:00+00:00,103.578,103.591,103.577,103.591,80.52
2021-01-13 03:25:00+00:00,103.59,103.593,103.575,103.578,364.2
2021-01-13 03:30:00+00:00,103.578,103.578,103.554,103.566,256.97
2021-01-13 03:35:00+00:00,103.567,103.578,103.566,103.575,513.91
2021-01-13 03:40:00+00:00,103.575,103.582,103.565,103.57,258.04
2021-01-13 03:45:00+00:00,103.569,103.604,103.569,103.588,462.15
2021-01-13 03:50:00+00:00,103.588,103.601,103.573,103.574,233.18
2021-01-13 03:55:00+00:00,103.575,103.589,103.571,103.586,148.77
2021-01-13 04:00:00+00:00,103.586,103.605,103.578,103.598,186.54
2021-01-13 04:05:00+00:00,103.598,103.615,103.598,103.611,153.15
2021-01-13 04:10:00+00:00,103.614,103.614,103.596,103.597,179.99
2021-01-13 04:15:00+00:00,103.597,103.618,103.597,103.615,138.1
2021-01-13 04:20:00+00:00,103.615,103.619,103.603,103.618,149.17
2021-01-13 04:25:00+00:00,103.616,103.621,103.606,103.615,424.04
2021-01-13 04:30:00+00:00,103.616,103.629,103.612,103.623,320.32
2021-01-13 04:35:00+00:00,103.621,103.626,103.607,103.619,226.59
2021-01-13 04:40:00+00:00,103.618,103.623,103.609,103.62,282.0
2021-01-13 04:45:00+00:00,103.618,103.625,103.609,103.612,422.91
2021-01-13 04:50:00+00:00,103.614,103.625,103.613,103.622,432.61
2021-01-13 04:55:00+00:00,103.619,103.646,103.619,103.644,348.53
2021-01-13 05:00:00+00:00,103.646,103.648,103.63,103.639,491.61
2021-01-13 05:05:00+00:00,103.639,103.657,103.636,103.641,304.38
2021-01-13 05:10:00+00:00,103.643,103.655,103.632,103.638,374.66
2021-01-13 05:15:00+00:00,103.639,103.644,103.622,103.642,760.1
2021-01-13 05:20:00+00:00,103.643,103.661,103.627,103.66,561.19
2021-01-13 05:25:00+00:00,103.66,103.664,103.645,103.645,286.47
2021-01-13 05:30:00+00:00,103.645,103.654,103.64,103.649,129.08
2021-01-13 05:35:00+00:00,103.649,103.674,103.649,103.668,96.24
2021-01-13 05:40:00+00:00,103.667,103.682,103.667,103.671,109.69
2021-01-13 05:45:00+00:00,103.673,103.675,103.665,103.671,175.9
2021-01-13 05:50:00+00:00,103.672,103.672,103.656,103.663,190.04
2021-01-13 05:55:00+00:00,103.664,103.693,103.66,103.684,330.18
2021-01-13 06:00:00+00:00,103.684,103.695,103.666,103.669,464.11
2021-01-13 06:05:00+00:00,103.67,103.683,103.661,103.679,228.47
2021-01-13 06:10:00+00:00,103.677,103.691,103.676,103.69,226.62
2021-01-13 06:15:00+00:00,103.689,103.707,103.686,103.699,226.24
2021-01-13 06:20:00+00:00,103.698,103.701,103.677,103.691,241.65
2021-01-13 06:25:00+00:00,103.691,103.7,103.69,103.697,209.26
2021-01-13 06:30:00+00:00,103.697,103.707,103.693,103.704,196.87
2021-01-13 06:35:00+00:00,103.704,103.704,103.692,103.692,197.5
2021-01-13 06:40:00+00:00,103.692,103.696,103.687,103.693,74.36
2021-01-13 06:45:00+00:00,103.693,103.696,103.687,103.69,136.82
2021-01-13 06:50:00+00:00,103.691,103.698,103.686,103.695,67.95
2021-01-13 06:55:00+00:00,103.696,103.699,103.678,103.679,316.84
2021-01-13 07:00:00+00:00,103.681,103.695,103.677,103.681,464.13
2021-01-13 07:05:00+00:00,103.681,103.691,103.678,103.689,200.58
2021-01-13 07:10:00+00:00,103.689,103.696,103.678,103.68,249.97
2021-01-13 07:15:00+00:00,103.681,103.681,103.659,103.659,367.37
2021-01-13 07:20:00+00:00,103.659,103.673,103.656,103.672,601.26
2021-01-13 07:25:00+00:00,103.672,103.672,103.621,103.621,353.84
2021-01-13 07:30:00+00:00,103.621,103.639,103.61,103.625,443.61
2021-01-13 07:35:00+00:00,103.623,103.647,103.623,103.641,429.0
2021-01-13 07:40:00+00:00,103.64,103.667,103.639,103.667,447.69
2021-01-13 07:45:00+00:00,103.668,103.668,103.655,103.656,170.92
2021-01-13 07:50:00+00:00,103.657,103.662,103.631,103.642,223.45
2021-01-13 07:55:00+00:00,103.642,103.689,103.64,103.688,390.22
2021-01-13 08:00:00+00:00,103.688,103.75,103.684,103.722,644.92
2021-01-13 08:05:00+00:00,103.722,103.727,103.674,103.69,752.14
2021-01-13 08:10:00+00:00,103.689,103.691,103.656,103.669,421.48
2021-01-13 08:15:00+00:00,103.672,103.699,103.662,103.678,362.87
2021-01-13 08:20:00+00:00,103.679,103.702,103.667,103.693,400.02
2021-01-13 08:25:00+00:00,103.692,103.731,103.689,103.73,437.27
2021-01-13 08:30:00+00:00,103.729,103.756,103.725,103.75,497.45
2021-01-13 08:35:00+00:00,103.748,103.786,103.747,103.772,587.47
2021-01-13 08:40:00+00:00,103.771,103.772,103.75,103.754,350.19
2021-01-13 08:45:00+00:00,103.755,103.813,103.75,103.801,541.62
2021-01-13 08:50:00+00:00,103.799,103.816,103.788,103.791,375.63
2021-01-13 08:55:00+00:00,103.791,103.803,103.78,103.797,602.06
2021-01-13 09:00:00+00:00,103.798,103.819,103.776,103.818,361.85
2021-01-13 09:05:00+00:00,103.818,103.832,103.804,103.829,407.31
2021-01-13 09:10:00+00:00,103.828,103.851,103.824,103.839,855.78
2021-01-13 09:15:00+00:00,103.839,103.866,103.812,103.833,684.25
2021-01-13 09:20:00+00:00,103.835,103.864,103.825,103.838,915.47
2021-01-13 09:25:00+00:00,103.836,103.843,103.816,103.825,688.88
2021-01-13 09:30:00+00:00,103.824,103.84,103.82,103.838,421.22
2021-01-13 09:35:00+00:00,103.838,103.863,103.834,103.839,687.83
2021-01-13 09:40:00+00:00,103.84,103.849,103.822,103.832,668.91
2021-01-13 09:45:00+00:00,103.833,103.847,103.819,103.822,507.83
2021-01-13 09:50:00+00:00,103.822,103.835,103.812,103.83,462.03
2021-01-13 09:55:00+00:00,103.83,103.85,103.826,103.84,797.07
2021-01-13 10:00:00+00:00,103.84,103.879,103.833,103.872,647.09
2021-01-13 10:05:00+00:00,103.872,103.874,103.851,103.86,378.14
2021-01-13 10:10:00+00:00,103.859,103.871,103.851,103.871,161.06
2021-01-13 10:15:00+00:00,103.871,103.898,103.869,103.896,292.34
2021-01-13 10:20:00+00:00,103.898,103.9,103.884,103.897,460.97
2021-01-13 10:25:00+00:00,103.897,103.924,103.877,103.918,769.45
2021-01-13 10:30:00+00:00,103.919,103.936,103.908,103.931,498.72
2021-01-13 10:35:00+00:00,103.93,103.941,103.926,103.929,486.69
2021-01-13 10:40:00+00:00,103.93,103.939,103.918,103.931,481.55
2021-01-13 10:45:00+00:00,103.932,103.947,103.928,103.942,392.82
2021-01-13 10:50:00+00:00,103.944,103.944,103.919,103.925,446.06
2021-01-13 10:55:00+00:00,103.927,103.943,103.924,103.927,748.44
2021-01-13 11:00:00+00:00,103.926,103.949,103.922,103.945,525.94
2021-01-13 11:05:00+00:00,103.946,103.964,103.94,103.962,359.86
2021-01-13 11:10:00+00:00,103.962,103.966,103.948,103.958,681.28
2021-01-13 11:15:00+00:00,103.959,103.973,103.947,103.964,332.8
2021-01-13 11:20:00+00:00,103.962,103.98,103.956,103.961,315.26
2021-01-13 11:25:00+00:00,103.96,103.963,103.943,103.948,270.6
2021-01-13 11:30:00+00:00,103.951,103.987,103.946,103.981,445.17
2021-01-13 11:35:00+00:00,103.981,103.997,103.976,103.979,525.33
2021-01-13 11:40:00+00:00,103.978,103.988,103.963,103.97,252.72
2021-01-13 11:45:00+00:00,103.971,103.977,103.956,103.962,276.28
2021-01-13 11:50:00+00:00,103.963,103.973,103.96,103.964,340.23
2021-01-13 11:55:00+00:00,103.963,103.979,103.963,103.977,310.93
2021-01-13 12:00:00+00:00,103.976,103.978,103.94,103.95,482.23
2021-01-13 12:05:00+00:00,103.951,103.955,103.905,103.914,577.57
2021-01-13 12:10:00+00:00,103.912,103.945,103.911,103.939,408.23
2021-01-13 12:15:00+00:00,103.939,103.954,103.933,103.935,276.98
2021-01-13 12:20:00+00:00,103.934,103.934,103.903,103.905,402.06
2021-01-13 12:25:00+00:00,103.904,103.922,103.896,103.917,637.36
2021-01-13 12:30:00+00:00,103.919,103.921,103.863,103.873,783.32
2021-01-13 12:35:00+00:00,103.873,103.885,103.851,103.854,775.77
2021-01-13 12:40:00+00:00,103.853,103.859,103.837,103.858,700.07
2021-01-13 12:45:00+00:00,103.86,103.878,103.837,103.863,365.07
2021-01-13 12:50:00+00:00,103.862,103.874,103.844,103.85,435.78
2021-01-13 12:55:00+00:00,103.85,103.878,103.843,103.871,492.66
2021-01-13 13:00:00+00:00,103.872,103.886,103.856,103.885,505.27
2021-01-13 13:05:00+00:00,103.885,103.953,103.885,103.941,393.51
2021-01-13 13:10:00+00:00,103.941,103.945,103.909,103.925,378.33
2021-01-13 13:15:00+00:00,103.925,103.931,103.903,103.914,329.89
2021-01-13 13:20:00+00:00,103.914,103.918,103.891,103.892,461.15
2021-01-13 13:25:00+00:00,103.892,103.925,103.888,103.908,249.59
2021-01-13 13:30:00+00:00,103.908,103.926,103.845,103.853,589.47
2021-01-13 13:35:00+00:00,103.854,103.865,103.819,103.853,602.78
2021-01-13 13:40:00+00:00,103.855,103.881,103.834,103.869,515.68
2021-01-13 13:45:00+00:00,103.87,103.904,103.856,103.879,580.79
2021-01-13 13:50:00+00:00,103.878,103.882,103.857,103.867,407.83
2021-01-13 13:55:00+00:00,103.866,103.885,103.841,103.87,461.54
2021-01-13 14:00:00+00:00,103.871,103.904,103.87,103.885,489.97
2021-01-13 14:05:00+00:00,103.884,103.884,103.859,103.867,440.52
2021-01-13 14:10:00+00:00,103.866,103.892,103.856,103.856,429.96
2021-01-13 14:15:00+00:00,103.859,103.867,103.828,103.84,475.32
2021-01-13 14:20:00+00:00,103.841,103.866,103.834,103.858,404.37
2021-01-13 14:25:00+00:00,103.859,103.943,103.851,103.933,741.84
2021-01-13 14:30:00+00:00,103.936,103.958,103.912,103.94,1017.84
2021-01-13 14:35:00+00:00,103.942,103.942,103.882,103.889,869.49
2021-01-13 14:40:00+00:00,103.888,103.906,103.862,103.879,785.61
2021-01-13 14:45:00+00:00,103.877,103.886,103.847,103.881,654.04
2021-01-13 14:50:00+00:00,103.881,103.884,103.859,103.861,484.43
2021-01-13 14:55:00+00:00,103.858,103.876,103.842,103.87,495.53
2021-01-13 15:00:00+00:00,103.873,103.918,103.86,103.891,484.07
2021-01-13 15:05:00+00:00,103.892,103.892,103.86,103.868,572.49
2021-01-13 15:10:00+00:00,103.868,103.877,103.833,103.833,588.13
2021-01-13 15:15:00+00:00,103.836,103.843,103.803,103.81,464.29
2021-01-13 15:20:00+00:00,103.808,103.817,103.746,103.762,670.79
2021-01-13 15:25:00+00:00,103.759,103.8,103.755,103.789,509.39
2021-01-13 15:30:00+00:00,103.789,103.811,103.775,103.803,434.09
2021-01-13 15:35:00+00:00,103.803,103.821,103.786,103.79,473.47
2021-01-13 15:40:00+00:00,103.789,103.821,103.775,103.811,455.55
2021-01-13 15:45:00+00:00,103.811,103.822,103.783,103.806,619.66
2021-01-13 15:50:00+00:00,103.806,103.872,103.806,103.865,525.04
2021-01-13 15:55:00+00:00,103.866,103.947,103.862,103.922,1138.19
2021-01-13 16:00:00+00:00,103.921,103.952,103.913,103.931,536.19
2021-01-13 16:05:00+00:00,103.931,103.949,103.92,103.932,515.64
2021-01-13 16:10:00+00:00,103.932,103.975,103.932,103.954,354.13
2021-01-13 16:15:00+00:00,103.955,103.977,103.944,103.972,296.62
2021-01-13 16:20:00+00:00,103.971,103.971,103.932,103.945,516.47
2021-01-13 16:25:00+00:00,103.944,103.945,103.921,103.925,582.22
2021-01-13 16:30:00+00:00,103.926,103.939,103.92,103.928,579.36
2021-01-13 16:35:00+00:00,103.927,103.928,103.907,103.913,298.78
2021-01-13 16:40:00+00:00,103.912,103.922,103.902,103.905,387.09
2021-01-13 16:45:00+00:00,103.904,103.91,103.892,103.899,251.08
2021-01-13 16:50:00+00:00,103.9,103.927,103.896,103.915,240.53
2021-01-13 16:55:00+00:00,103.912,103.922,103.895,103.904,305.47
2021-01-13 17:00:00+00:00,103.905,103.931,103.905,103.924,308.0
2021-01-13 17:05:00+00:00,103.924,103.932,103.912,103.92,198.2
2021-01-13 17:10:00+00:00,103.922,103.928,103.92,103.928,110.89
2021-01-13 17:15:00+00:00,103.927,103.978,103.917,103.969,488.27
2021-01-13 17:20:00+00:00,103.967,103.968,103.915,103.915,515.94
2021-01-13 17:25:00+00:00,103.914,103.916,103.872,103.878,386.47
2021-01-13 17:30:00+00:00,103.878,103.901,103.872,103.898,313.66
2021-01-13 17:35:00+00:00,103.899,103.899,103.871,103.877,335.37
2021-01-13 17:40:00+00:00,103.876,103.887,103.869,103.88,341.37
2021-01-13 17:45:00+00:00,103.88,103.889,103.862,103.866,236.96
2021-01-13 17:50:00+00:00,103.866,103.88,103.84,103.856,240.11
2021-01-13 17:55:00+00:00,103.858,103.88,103.854,103.878,187.85
2021-01-13 18:00:00+00:00,103.877,103.88,103.787,103.789,651.24
2021-01-13 18:05:00+00:00,103.791,103.816,103.789,103.793,449.19
2021-01-13 18:10:00+00:00,103.796,103.798,103.77,103.791,261.54
2021-01-13 18:15:00+00:00,103.793,103.834,103.788,103.824,343.08
2021-01-13 18:20:00+00:00,103.825,103.844,103.824,103.826,207.08
2021-01-13 18:25:00+00:00,103.827,103.849,103.821,103.84,224.18
2021-01-13 18:30:00+00:00,103.838,103.838,103.823,103.828,163.55
2021-01-13 18:35:00+00:00,103.828,103.84,103.818,103.838,172.41
2021-01-13 18:40:00+00:00,103.839,103.866,103.836,103.86,221.06
2021-01-13 18:45:00+00:00,103.862,103.864,103.846,103.861,104.29
2021-01-13 18:50:00+00:00,103.86,103.872,103.857,103.868,167.74
2021-01-13 18:55:00+00:00,103.867,103.902,103.865,103.893,145.91
2021-01-13 19:00:00+00:00,103.895,103.896,103.874,103.888,241.4
2021-01-13 19:05:00+00:00,103.889,103.903,103.882,103.889,226.63
2021-01-13 19:10:00+00:00,103.89,103.895,103.876,103.879,277.09
2021-01-13 19:15:00+00:00,103.882,103.883,103.87,103.876,279.49
2021-01-13 19:20:00+00:00,103.876,103.896,103.875,103.885,271.96
2021-01-13 19:25:00+00:00,103.885,103.891,103.877,103.877,224.45
2021-01-13 19:30:00+00:00,103.876,103.879,103.863,103.863,143.43
2021-01-13 19:35:00+00:00,103.864,103.864,103.855,103.859,60.96
2021-01-13 19:40:00+00:00,103.858,103.874,103.853,103.868,162.88
2021-01-13 19:45:00+00:00,103.869,103.877,103.857,103.875,123.77
2021-01-13 19:50:00+00:00,103.875,103.882,103.869,103.882,120.26
2021-01-13 19:55:00+00:00,103.885,103.91,103.876,103.882,367.84
2021-01-13 20:00:00+00:00,103.881,103.905,103.88,103.887,619.75
2021-01-13 20:05:00+00:00,103.886,103.887,103.865,103.868,286.51
2021-01-13 20:10:00+00:00,103.867,103.868,103.856,103.858,167.57
2021-01-13 20:15:00+00:00,103.859,103.874,103.857,103.857,160.69
2021-01-13 20:20:00+00:00,103.858,103.871,103.855,103.855,116.23
2021-01-13 20:25:00+00:00,103.855,103.878,103.85,103.873,127.02
2021-01-13 20:30:00+00:00,103.872,103.887,103.869,103.879,105.5
2021-01-13 20:35:00+00:00,103.879,103.892,103.878,103.892,117.08
2021-01-13 20:40:00+00:00,103.892,103.901,103.871,103.871,188.47
2021-01-13 20:45:00+00:00,103.872,103.888,103.868,103.888,129.03
2021-01-13 20:50:00+00:00,103.889,103.909,103.886,103.892,248.67
2021-01-13 20:55:00+00:00,103.891,103.892,103.873,103.873,233.02
2021-01-13 21:00:00+00:00,103.873,103.889,103.866,103.869,105.21
2021-01-13 21:05:00+00:00,103.868,103.873,103.867,103.868,59.5
2021-01-13 21:10:00+00:00,103.868,103.881,103.868,103.88,81.8
2021-01-13 21:15:00+00:00,103.879,103.887,103.878,103.886,48.41
2021-01-13 21:20:00+00:00,103.888,103.891,103.875,103.876,90.77
2021-01-13 21:25:00+00:00,103.875,103.879,103.87,103.879,64.59
2021-01-13 21:30:00+00:00,103.879,103.88,103.874,103.878,39.01
2021-01-13 21:35:00+00:00,103.879,103.88,103.876,103.88,15.98
2021-01-13 21:40:00+00:00,103.88,103.895,103.878,103.885,45.26
2021-01-13 21:45:00+00:00,103.885,103.907,103.884,103.901,189.96
2021-01-13 21:50:00+00:00,103.9,103.903,103.884,103.887,574.29
2021-01-13 21:55:00+00:00,103.887,103.893,103.864,103.878,745.89
2021-01-13 22:00:00+00:00,103.88,103.891,103.877,103.885,12.75
2021-01-13 22:05:00+00:00,103.886,103.887,103.878,103.878,11.24
2021-01-13 22:10:00+00:00,103.882,103.889,103.881,103.889,9.0
2021-01-13 22:15:00+00:00,103.887,103.887,103.858,103.861,4.17
2021-01-13 22:20:00+00:00,103.861,103.861,103.85,103.85,1.88
2021-01-13 22:25:00+00:00,103.85,103.875,103.849,103.849,9.35
2021-01-13 22:30:00+00:00,103.853,103.884,103.849,103.882,164.84
2021-01-13 22:35:00+00:00,103.883,103.89,103.86,103.885,70.03
2021-01-13 22:40:00+00:00,103.888,103.888,103.85,103.862,146.05
2021-01-13 22:45:00+00:00,103.868,103.886,103.844,103.875,301.37
2021-01-13 22:50:00+00:00,103.872,103.883,103.853,103.862,436.87
2021-01-13 22:55:00+00:00,103.862,103.863,103.854,103.854,400.88
2021-01-13 23:00:00+00:00,103.86,103.877,103.86,103.873,340.89
2021-01-13 23:05:00+00:00,103.873,103.875,103.865,103.865,348.48
2021-01-13 23:10:00+00:00,103.865,103.87,103.863,103.863,78.58
2021-01-13 23:15:00+00:00,103.864,103.867,103.855,103.867,105.81
2021-01-13 23:20:00+00:00,103.867,103.87,103.866,103.87,37.03
2021-01-13 23:25:00+00:00,103.871,103.884,103.867,103.884,23.95
2021-01-13 23:30:00+00:00,103.882,103.882,103.866,103.869,100.9
2021-01-13 23:35:00+00:00,103.868,103.868,103.846,103.846,94.59
2021-01-13 23:40:00+00:00,103.847,103.847,103.819,103.827,109.14
2021-01-13 23:45:00+00:00,103.827,103.832,103.805,103.814,206.57
2021-01-13 23:50:00+00:00,103.814,103.817,103.789,103.817,124.87
2021-01-13 23:55:00+00:00,103.818,103.836,103.818,103.826,116.64
2021-01-14 00:00:00+00:00,103.827,103.844,103.804,103.812,635.08
2021-01-14 00:05:00+00:00,103.812,103.841,103.798,103.832,385.67
2021-01-14 00:10:00+00:00,103.835,103.843,103.814,103.817,528.47
2021-01-14 00:15:00+00:00,103.819,103.861,103.819,103.86,482.76
2021-01-14 00:20:00+00:00,103.858,103.858,103.837,103.838,344.98
2021-01-14 00:25:00+00:00,103.839,103.853,103.839,103.852,301.55
2021-01-14 00:30:00+00:00,103.852,103.882,103.85,103.877,339.29
2021-01-14 00:35:00+00:00,103.876,103.889,103.868,103.881,188.82
2021-01-14 00:40:00+00:00,103.883,103.902,103.882,103.894,240.62
2021-01-14 00:45:00+00:00,103.895,103.904,103.89,103.89,159.03
2021-01-14 00:50:00+00:00,103.89,103.934,103.887,103.921,647.42
2021-01-14 00:55:00+00:00,103.92,103.935,103.919,103.924,502.44
2021-01-14 01:00:00+00:00,103.924,103.929,103.872,103.882,662.84
2021-01-14 01:05:00+00:00,103.884,103.89,103.862,103.864,331.02
2021-01-14 01:10:00+00:00,103.864,103.869,103.855,103.865,312.48
2021-01-14 01:15:00+00:00,103.866,103.871,103.825,103.838,652.56
2021-01-14 01:20:00+00:00,103.84,103.86,103.832,103.846,681.99
2021-01-14 01:25:00+00:00,103.846,103.86,103.842,103.849,589.63
2021-01-14 01:30:00+00:00,103.85,103.875,103.848,103.873,435.02
2021-01-14 01:35:00+00:00,103.874,103.874,103.851,103.859,657.84
2021-01-14 01:40:00+00:00,103.859,103.866,103.834,103.848,796.76
2021-01-14 01:45:00+00:00,103.849,103.85,103.828,103.833,310.56
2021-01-14 01:50:00+00:00,103.832,103.845,103.825,103.827,165.99
2021-01-14 01:55:00+00:00,103.826,103.845,103.826,103.844,165.89
2021-01-14 02:00:00+00:00,103.843,103.862,103.843,103.859,473.88
2021-01-14 02:05:00+00:00,103.859,103.869,103.851,103.852,475.21
2021-01-14 02:10:00+00:00,103.853,103.861,103.837,103.841,517.24
2021-01-14 02:15:00+00:00,103.84,103.873,103.836,103.871,322.03
2021-01-14 02:20:00+00:00,103.873,103.988,103.867,103.98,1008.04
2021-01-14 02:25:00+00:00,103.979,104.073,103.958,104.063,1024.24
2021-01-14 02:30:00+00:00,104.062,104.195,104.057,104.188,1543.84
2021-01-14 02:35:00+00:00,104.189,104.196,104.124,104.125,1209.74
2021-01-14 02:40:00+00:00,104.125,104.147,104.054,104.065,1069.51
2021-01-14 02:45:00+00:00,104.064,104.074,104.026,104.027,921.62
2021-01-14 02:50:00+00:00,104.029,104.039,104.004,104.017,728.1
2021-01-14 02:55:00+00:00,104.017,104.051,103.994,104.035,617.85
2021-01-14 03:00:00+00:00,104.035,104.055,104.022,104.054,332.88
2021-01-14 03:05:00+00:00,104.054,104.073,104.039,104.064,361.48
2021-01-14 03:10:00+00:00,104.063,104.07,104.027,104.07,684.5
2021-01-14 03:15:00+00:00,104.068,104.078,104.055,104.059,358.36
2021-01-14 03:20:00+00:00,104.059,104.072,104.049,104.057,273.42
2021-01-14 03:25:00+00:00,104.057,104.072,104.055,104.063,275.55
2021-01-14 03:30:00+00:00,104.064,104.089,104.061,104.089,338.37
2021-01-14 03:35:00+00:00,104.089,104.089,104.065,104.066,142.14
2021-01-14 03:40:00+00:00,104.064,104.067,104.059,104.067,172.18
2021-01-14 03:45:00+00:00,104.067,104.082,104.061,104.066,231.9
2021-01-14 03:50:00+00:00,104.066,104.067,104.047,104.052,265.03
2021-01-14 03:55:00+00:00,104.052,104.064,104.042,104.05,335.12
2021-01-14 04:00:00+00:00,104.051,104.064,104.045,104.056,586.71
2021-01-14 04:05:00+00:00,104.055,104.066,104.038,104.046,553.5
2021-01-14 04:10:00+00:00,104.047,104.048,104.02,104.033,375.6
2021-01-14 04:15:00+00:00,104.034,104.049,104.032,104.041,185.65
2021-01-14 04:20:00+00:00,104.041,104.043,104.016,104.023,212.1
2021-01-14 04:25:00+00:00,104.023,104.027,104.004,104.014,176.5
2021-01-14 04:30:00+00:00,104.014,104.032,104.012,104.027,270.09
2021-01-14 04:35:00+00:00,104.028,104.038,104.026,104.029,175.25
2021-01-14 04:40:00+00:00,104.031,104.043,104.027,104.032,199.7
2021-01-14 04:45:00+00:00,104.033,104.046,104.027,104.037,258.66
2021-01-14 04:50:00+00:00,104.037,104.055,104.037,104.047,201.92
2021-01-14 04:55:00+00:00,104.046,104.053,104.023,104.029,347.57
2021-01-14 05:00:00+00:00,104.03,104.044,104.021,104.029,711.21
2021-01-14 05:05:00+00:00,104.029,104.041,104.013,104.015,431.12
2021-01-14 05:10:00+00:00,104.014,104.029,103.992,103.999,350.83
2021-01-14 05:15:00+00:00,103.997,104.013,103.97,103.975,713.27
2021-01-14 05:20:00+00:00,103.975,103.985,103.961,103.972,445.3
2021-01-14 05:25:00+00:00,103.972,103.976,103.955,103.968,308.56
2021-01-14 05:30:00+00:00,103.97,103.997,103.957,103.997,355.04
2021-01-14 05:35:00+00:00,103.997,104.001,103.981,103.984,233.9
2021-01-14 05:40:00+00:00,103.984,103.987,103.961,103.987,259.73
2021-01-14 05:45:00+00:00,103.988,103.997,103.976,103.997,267.15
2021-01-14 05:50:00+00:00,103.996,104.011,103.985,104.006,204.99
2021-01-14 05:55:00+00:00,104.006,104.014,103.98,103.984,264.65
2021-01-14 06:00:00+00:00,103.985,104.014,103.984,104.011,268.48
2021-01-14 06:05:00+00:00,104.009,104.041,104.009,104.027,208.48
2021-01-14 06:10:00+00:00,104.027,104.028,104.016,104.016,121.04
2021-01-14 06:15:00+00:00,104.015,104.048,104.014,104.04,262.9
2021-01-14 06:20:00+00:00,104.039,104.05,104.035,104.048,160.54
2021-01-14 06:25:00+00:00,104.05,104.064,104.048,104.055,238.16
2021-01-14 06:30:00+00:00,104.054,104.057,104.042,104.045,73.64
2021-01-14 06:35:00+00:00,104.046,104.056,104.031,104.052,246.29
2021-01-14 06:40:00+00:00,104.051,104.054,104.037,104.04,149.34
2021-01-14 06:45:00+00:00,104.039,104.04,104.026,104.03,245.58
2021-01-14 06:50:00+00:00,104.03,104.047,104.028,104.047,121.0
2021-01-14 06:55:00+00:00,104.047,104.059,104.041,104.049,179.84
2021-01-14 07:00:00+00:00,104.049,104.09,104.048,104.081,573.27
2021-01-14 07:05:00+00:00,104.08,104.094,104.07,104.091,332.02
2021-01-14 07:10:00+00:00,104.092,104.096,104.043,104.049,497.32
2021-01-14 07:15:00+00:00,104.049,104.066,104.038,104.049,535.13
2021-01-14 07:20:00+00:00,104.049,104.092,104.046,104.078,468.13
2021-01-14 07:25:00+00:00,104.077,104.081,104.051,104.064,578.6
2021-01-14 07:30:00+00:00,104.064,104.065,104.04,104.044,503.91
2021-01-14 07:35:00+00:00,104.045,104.049,104.022,104.034,238.95
2021-01-14 07:40:00+00:00,104.035,104.048,104.015,104.039,429.95
2021-01-14 07:45:00+00:00,104.039,104.052,104.026,104.044,287.18
2021-01-14 07:50:00+00:00,104.044,104.077,104.043,104.061,529.2
2021-01-14 07:55:00+00:00,104.059,104.063,104.016,104.029,418.71
2021-01-14 08:00:00+00:00,104.032,104.04,103.998,104.004,647.22
2021-01-14 08:05:00+00:00,104.003,104.014,103.961,103.965,731.02
2021-01-14 08:10:00+00:00,103.966,104.008,103.964,104.008,642.5
2021-01-14 08:15:00+00:00,104.008,104.035,103.991,104.008,782.87
2021-01-14 08:20:00+00:00,104.008,104.026,103.987,104.015,532.1
2021-01-14 08:25:00+00:00,104.013,104.047,104.012,104.037,414.22
2021-01-14 08:30:00+00:00,104.037,104.053,104.01,104.014,696.71
2021-01-14 08:35:00+00:00,104.014,104.029,104.0,104.003,479.62
2021-01-14 08:40:00+00:00,104.004,104.004,103.982,103.99,530.29
2021-01-14 08:45:00+00:00,103.99,104.009,103.988,103.991,546.47
2021-01-14 08:50:00+00:00,103.991,103.995,103.968,103.98,829.51
2021-01-14 08:55:00+00:00,103.981,104.0,103.959,103.968,647.44
2021-01-14 09:00:00+00:00,103.967,103.981,103.959,103.963,567.15
2021-01-14 09:05:00+00:00,103.965,103.995,103.963,103.983,523.87
2021-01-14 09:10:00+00:00,103.984,103.999,103.978,103.997,383.79
2021-01-14 09:15:00+00:00,103.997,104.018,103.997,104.013,421.63
2021-01-14 09:20:00+00:00,104.012,104.014,103.989,103.989,347.55
2021-01-14 09:25:00+00:00,103.992,104.027,103.989,104.022,568.69
2021-01-14 09:30:00+00:00,104.023,104.03,103.991,103.992,486.3
2021-01-14 09:35:00+00:00,103.995,104.008,103.983,103.983,359.35
2021-01-14 09:40:00+00:00,103.983,103.995,103.974,103.991,387.54
2021-01-14 09:45:00+00:00,103.991,103.993,103.98,103.98,314.31
2021-01-14 09:50:00+00:00,103.98,103.987,103.967,103.984,485.02
2021-01-14 09:55:00+00:00,103.984,103.992,103.971,103.975,378.92
2021-01-14 10:00:00+00:00,103.976,104.002,103.969,103.989,417.52
2021-01-14 10:05:00+00:00,103.989,104.009,103.988,103.994,597.6
2021-01-14 10:10:00+00:00,103.993,104.017,103.992,104.007,365.4
2021-01-14 10:15:00+00:00,104.007,104.011,103.997,103.998,229.2
2021-01-14 10:20:00+00:00,103.999,104.024,103.993,104.017,417.58
2021-01-14 10:25:00+00:00,104.017,104.017,103.994,103.996,345.03
2021-01-14 10:30:00+00:00,103.998,104.002,103.986,103.996,323.06
2021-01-14 10:35:00+00:00,103.997,103.997,103.974,103.98,299.23
2021-01-14 10:40:00+00:00,103.981,103.982,103.957,103.966,235.4
2021-01-14 10:45:00+00:00,103.964,103.986,103.951,103.982,338.05
2021-01-14 10:50:00+00:00,103.983,103.992,103.978,103.983,217.8
2021-01-14 10:55:00+00:00,103.983,103.998,103.98,103.986,239.86
2021-01-14 11:00:00+00:00,103.986,104.0,103.982,103.993,369.23
2021-01-14 11:05:00+00:00,103.993,104.005,103.986,104.004,263.51
2021-01-14 11:10:00+00:00,104.004,104.007,103.989,103.992,332.49
2021-01-14 11:15:00+00:00,103.992,104.008,103.989,103.99,340.41
2021-01-14 11:20:00+00:00,103.989,103.994,103.972,103.974,322.98
2021-01-14 11:25:00+00:00,103.973,103.995,103.973,103.991,397.86
2021-01-14 11:30:00+00:00,103.993,104.014,103.99,103.991,364.15
2021-01-14 11:35:00+00:00,103.991,104.0,103.986,103.997,314.78
2021-01-14 11:40:00+00:00,103.996,104.007,103.991,104.002,242.0
2021-01-14 11:45:00+00:00,104.002,104.005,103.987,104.004,244.96
2021-01-14 11:50:00+00:00,104.001,104.016,103.991,104.013,352.89
2021-01-14 11:55:00+00:00,104.013,104.014,103.99,103.995,427.39
2021-01-14 12:00:00+00:00,103.995,104.006,103.98,103.996,434.73
2021-01-14 12:05:00+00:00,103.995,103.998,103.981,103.996,341.44
2021-01-14 12:10:00+00:00,103.996,104.0,103.98,103.99,266.72
2021-01-14 12:15:00+00:00,103.99,104.002,103.981,103.995,340.52
2021-01-14 12:20:00+00:00,103.993,104.002,103.98,103.997,343.73
2021-01-14 12:25:00+00:00,103.999,104.005,103.99,104.0,412.69
2021-01-14 12:30:00+00:00,104.001,104.016,103.995,104.005,915.56
2021-01-14 12:35:00+00:00,104.003,104.051,104.002,104.038,348.86
2021-01-14 12:40:00+00:00,104.038,104.049,104.032,104.046,233.96
2021-01-14 12:45:00+00:00,104.046,104.049,104.022,104.03,277.18
2021-01-14 12:50:00+00:00,104.03,104.044,104.027,104.039,310.03
2021-01-14 12:55:00+00:00,104.04,104.087,104.037,104.079,661.41
2021-01-14 13:00:00+00:00,104.078,104.145,104.076,104.128,1277.43
2021-01-14 13:05:00+00:00,104.129,104.159,104.107,104.12,939.13
2021-01-14 13:10:00+00:00,104.12,104.13,104.077,104.094,717.71
2021-01-14 13:15:00+00:00,104.095,104.137,104.092,104.11,552.05
2021-01-14 13:20:00+00:00,104.111,104.126,104.074,104.081,742.64
2021-01-14 13:25:00+00:00,104.081,104.13,104.081,104.113,688.22
2021-01-14 13:30:00+00:00,104.108,104.112,104.075,104.077,514.69
2021-01-14 13:35:00+00:00,104.078,104.083,104.052,104.067,451.71
2021-01-14 13:40:00+00:00,104.069,104.085,104.042,104.044,498.0
2021-01-14 13:45:00+00:00,104.043,104.054,104.028,104.044,577.51
2021-01-14 13:50:00+00:00,104.043,104.075,104.042,104.055,480.19
2021-01-14 13:55:00+00:00,104.053,104.067,104.022,104.064,470.52
2021-01-14 14:00:00+00:00,104.064,104.076,104.046,104.053,482.2
2021-01-14 14:05:00+00:00,104.052,104.061,104.041,104.044,439.84
2021-01-14 14:10:00+00:00,104.047,104.073,104.046,104.058,369.37
2021-01-14 14:15:00+00:00,104.057,104.062,104.044,104.055,334.39
2021-01-14 14:20:00+00:00,104.055,104.069,104.049,104.05,374.28
2021-01-14 14:25:00+00:00,104.05,104.059,104.0,104.033,567.1
2021-01-14 14:30:00+00:00,104.033,104.038,104.015,104.019,741.77
2021-01-14 14:35:00+00:00,104.019,104.051,104.005,104.041,717.12
2021-01-14 14:40:00+00:00,104.04,104.069,104.034,104.066,782.42
2021-01-14 14:45:00+00:00,104.067,104.089,104.053,104.054,585.07
2021-01-14 14:50:00+00:00,104.054,104.067,104.049,104.053,466.13
2021-01-14 14:55:00+00:00,104.054,104.099,104.054,104.088,532.11
2021-01-14 15:00:00+00:00,104.09,104.128,104.09,104.108,689.86
2021-01-14 15:05:00+00:00,104.107,104.12,104.091,104.098,465.28
2021-01-14 15:10:00+00:00,104.098,104.116,104.089,104.093,393.74
2021-01-14 15:15:00+00:00,104.095,104.112,104.086,104.087,333.24
2021-01-14 15:20:00+00:00,104.086,104.086,104.038,104.038,353.6
2021-01-14 15:25:00+00:00,104.042,104.048,104.027,104.028,319.87
2021-01-14 15:30:00+00:00,104.029,104.044,103.923,103.932,679.85
2021-01-14 15:35:00+00:00,103.932,103.946,103.905,103.918,555.54
2021-01-14 15:40:00+00:00,103.916,103.928,103.863,103.867,631.66
2021-01-14 15:45:00+00:00,103.869,103.896,103.846,103.895,513.26
2021-01-14 15:50:00+00:00,103.894,103.894,103.817,103.838,451.39
2021-01-14 15:55:00+00:00,103.84,103.851,103.798,103.841,622.69
2021-01-14 16:00:00+00:00,103.842,103.857,103.825,103.837,643.55
2021-01-14 16:05:00+00:00,103.837,103.845,103.803,103.815,714.87
2021-01-14 16:10:00+00:00,103.813,103.84,103.74,103.741,707.36
2021-01-14 16:15:00+00:00,103.742,103.754,103.707,103.744,720.8
2021-01-14 16:20:00+00:00,103.741,103.743,103.716,103.726,444.05
2021-01-14 16:25:00+00:00,103.727,103.734,103.667,103.673,403.3
2021-01-14 16:30:00+00:00,103.673,103.739,103.673,103.727,371.57
2021-01-14 16:35:00+00:00,103.728,103.746,103.728,103.73,360.73
2021-01-14 16:40:00+00:00,103.73,103.731,103.693,103.698,328.38
2021-01-14 16:45:00+00:00,103.698,103.713,103.656,103.659,549.55
2021-01-14 16:50:00+00:00,103.66,103.675,103.651,103.664,404.02
2021-01-14 16:55:00+00:00,103.663,103.683,103.653,103.664,324.92
2021-01-14 17:00:00+00:00,103.664,103.671,103.637,103.67,428.86
2021-01-14 17:05:00+00:00,103.668,103.684,103.665,103.678,322.78
2021-01-14 17:10:00+00:00,103.677,103.677,103.646,103.668,272.18
2021-01-14 17:15:00+00:00,103.669,103.703,103.663,103.703,200.88
2021-01-14 17:20:00+00:00,103.703,103.717,103.698,103.714,199.15
2021-01-14 17:25:00+00:00,103.715,103.726,103.699,103.723,215.63
2021-01-14 17:30:00+00:00,103.722,103.729,103.692,103.698,198.69
2021-01-14 17:35:00+00:00,103.698,103.709,103.693,103.702,143.88
2021-01-14 17:40:00+00:00,103.701,103.703,103.648,103.662,228.77
2021-01-14 17:45:00+00:00,103.663,103.676,103.643,103.644,195.69
2021-01-14 17:50:00+00:00,103.642,103.647,103.579,103.584,635.86
2021-01-14 17:55:00+00:00,103.583,103.654,103.563,103.65,690.91
2021-01-14 18:00:00+00:00,103.649,103.688,103.635,103.68,533.44
2021-01-14 18:05:00+00:00,103.679,103.695,103.67,103.672,280.95
2021-01-14 18:10:00+00:00,103.673,103.747,103.673,103.729,518.92
2021-01-14 18:15:00+00:00,103.73,103.782,103.73,103.771,420.14
2021-01-14 18:20:00+00:00,103.773,103.808,103.63,103.725,1005.26
2021-01-14 18:25:00+00:00,103.725,103.783,103.722,103.775,731.82
2021-01-14 18:30:00+00:00,103.775,103.801,103.763,103.771,544.08
2021-01-14 18:35:00+00:00,103.771,103.784,103.75,103.753,477.9
2021-01-14 18:40:00+00:00,103.753,103.768,103.746,103.764,404.25
2021-01-14 18:45:00+00:00,103.765,103.768,103.741,103.751,512.6
2021-01-14 18:50:00+00:00,103.749,103.761,103.744,103.76,430.1
2021-01-14 18:55:00+00:00,103.758,103.802,103.753,103.796,552.22
2021-01-14 19:00:00+00:00,103.794,103.828,103.791,103.796,777.32
2021-01-14 19:05:00+00:00,103.797,103.822,103.797,103.816,406.96
2021-01-14 19:10:00+00:00,103.815,103.827,103.792,103.802,345.34
2021-01-14 19:15:00+00:00,103.802,103.811,103.79,103.792,356.77
2021-01-14 19:20:00+00:00,103.792,103.811,103.792,103.811,252.04
2021-01-14 19:25:00+00:00,103.81,103.824,103.789,103.79,436.7
2021-01-14 19:30:00+00:00,103.792,103.797,103.774,103.774,357.97
2021-01-14 19:35:00+00:00,103.773,103.791,103.765,103.788,218.63
2021-01-14 19:40:00+00:00,103.787,103.793,103.782,103.787,109.36
2021-01-14 19:45:00+00:00,103.787,103.797,103.782,103.791,196.96
2021-01-14 19:50:00+00:00,103.791,103.795,103.787,103.793,125.38
2021-01-14 19:55:00+00:00,103.79,103.794,103.779,103.786,376.7
2021-01-14 20:00:00+00:00,103.788,103.791,103.764,103.779,579.5
2021-01-14 20:05:00+00:00,103.779,103.784,103.752,103.752,279.72
2021-01-14 20:10:00+00:00,103.753,103.766,103.747,103.747,186.43
2021-01-14 20:15:00+00:00,103.748,103.761,103.748,103.758,122.06
2021-01-14 20:20:00+00:00,103.759,103.767,103.752,103.765,154.96
2021-01-14 20:25:00+00:00,103.765,103.78,103.761,103.766,185.93
2021-01-14 20:30:00+00:00,103.766,103.766,103.747,103.752,180.26
2021-01-14 20:35:00+00:00,103.754,103.754,103.737,103.741,173.21
2021-01-14 20:40:00+00:00,103.741,103.742,103.713,103.713,199.1
2021-01-14 20:45:00+00:00,103.714,103.725,103.701,103.721,313.49
2021-01-14 20:50:00+00:00,103.721,103.724,103.672,103.678,301.41
2021-01-14 20:55:00+00:00,103.679,103.713,103.667,103.711,354.29
2021-01-14 21:00:00+00:00,103.711,103.722,103.705,103.718,120.02
2021-01-14 21:05:00+00:00,103.718,103.72,103.71,103.71,58.74
2021-01-14 21:10:00+00:00,103.71,103.745,103.71,103.745,113.52
2021-01-14 21:15:00+00:00,103.744,103.767,103.742,103.762,156.84
2021-01-14 21:20:00+00:00,103.763,103.765,103.753,103.754,87.58
2021-01-14 21:25:00+00:00,103.755,103.773,103.753,103.769,143.17
2021-01-14 21:30:00+00:00,103.767,103.773,103.76,103.767,106.41
2021-01-14 21:35:00+00:00,103.767,103.789,103.766,103.782,138.15
2021-01-14 21:40:00+00:00,103.782,103.799,103.782,103.799,119.86
2021-01-14 21:45:00+00:00,103.799,103.802,103.791,103.795,162.47
2021-01-14 21:50:00+00:00,103.795,103.801,103.783,103.79,92.25
2021-01-14 21:55:00+00:00,103.788,103.802,103.788,103.799,222.13
2021-01-14 22:00:00+00:00,103.799,103.814,103.743,103.744,42.88
2021-01-14 22:05:00+00:00,103.744,103.81,103.744,103.797,47.34
2021-01-14 22:10:00+00:00,103.796,103.805,103.75,103.796,52.42
2021-01-14 22:15:00+00:00,103.804,103.813,103.749,103.758,197.46
2021-01-14 22:20:00+00:00,103.754,103.8,103.754,103.799,43.02
2021-01-14 22:25:00+00:00,103.804,103.808,103.786,103.808,12.0
2021-01-14 22:30:00+00:00,103.806,103.815,103.798,103.798,16.75
2021-01-14 22:35:00+00:00,103.796,103.809,103.796,103.804,25.86
2021-01-14 22:40:00+00:00,103.803,103.811,103.802,103.809,139.5
2021-01-14 22:45:00+00:00,103.811,103.819,103.809,103.814,51.5
2021-01-14 22:50:00+00:00,103.815,103.829,103.813,103.821,310.25
2021-01-14 22:55:00+00:00,103.819,103.823,103.804,103.816,375.98
2021-01-14 23:00:00+00:00,103.812,103.812,103.792,103.795,619.95
2021-01-14 23:05:00+00:00,103.793,103.798,103.793,103.797,105.66
2021-01-14 23:10:00+00:00,103.798,103.804,103.792,103.794,124.54
2021-01-14 23:15:00+00:00,103.793,103.801,103.791,103.798,39.39
2021-01-14 23:20:00+00:00,103.797,103.8,103.795,103.799,45.4
2021-01-14 23:25:00+00:00,103.798,103.806,103.795,103.805,41.78
2021-01-14 23:30:00+00:00,103.806,103.836,103.806,103.829,214.8
2021-01-14 23:35:00+00:00,103.828,103.843,103.826,103.841,180.57
2021-01-14 23:40:00+00:00,103.84,103.842,103.834,103.842,199.82
2021-01-14 23:45:00+00:00,103.842,103.847,103.826,103.833,246.56
2021-01-14 23:50:00+00:00,103.837,103.839,103.827,103.833,138.97
2021-01-14 23:55:00+00:00,103.833,103.84,103.821,103.84,226.81
2021-01-15 00:00:00+00:00,103.838,103.854,103.767,103.771,651.08
2021-01-15 00:05:00+00:00,103.771,103.782,103.746,103.755,461.5
2021-01-15 00:10:00+00:00,103.756,103.778,103.754,103.756,455.26
2021-01-15 00:15:00+00:00,103.758,103.767,103.701,103.704,594.52
2021-01-15 00:20:00+00:00,103.7,103.759,103.7,103.747,445.56
2021-01-15 00:25:00+00:00,103.747,103.758,103.735,103.747,218.03
2021-01-15 00:30:00+00:00,103.749,103.775,103.747,103.75,388.45
2021-01-15 00:35:00+00:00,103.75,103.766,103.745,103.759,311.28
2021-01-15 00:40:00+00:00,103.762,103.793,103.757,103.784,394.61
2021-01-15 00:45:00+00:00,103.786,103.812,103.786,103.802,367.47
2021-01-15 00:50:00+00:00,103.801,103.831,103.796,103.819,684.16
2021-01-15 00:55:00+00:00,103.82,103.82,103.778,103.786,595.39
2021-01-15 01:00:00+00:00,103.787,103.793,103.735,103.74,706.75
2021-01-15 01:05:00+00:00,103.741,103.752,103.728,103.748,394.26
2021-01-15 01:10:00+00:00,103.747,103.778,103.745,103.774,374.78
2021-01-15 01:15:00+00:00,103.773,103.778,103.738,103.738,391.19
2021-01-15 01:20:00+00:00,103.737,103.761,103.734,103.757,279.47
2021-01-15 01:25:00+00:00,103.758,103.763,103.734,103.737,175.34
2021-01-15 01:30:00+00:00,103.736,103.745,103.731,103.745,258.07
2021-01-15 01:35:00+00:00,103.745,103.748,103.73,103.736,174.67
2021-01-15 01:40:00+00:00,103.737,103.748,103.737,103.738,168.55
2021-01-15 01:45:00+00:00,103.738,103.738,103.723,103.732,287.17
2021-01-15 01:50:00+00:00,103.732,103.735,103.727,103.733,171.22
2021-01-15 01:55:00+00:00,103.733,103.745,103.724,103.74,282.8
2021-01-15 02:00:00+00:00,103.742,103.767,103.736,103.75,215.03
2021-01-15 02:05:00+00:00,103.749,103.758,103.749,103.755,181.07
2021-01-15 02:10:00+00:00,103.756,103.77,103.756,103.766,195.01
2021-01-15 02:15:00+00:00,103.767,103.781,103.752,103.77,334.64
2021-01-15 02:20:00+00:00,103.769,103.772,103.755,103.758,158.21
2021-01-15 02:25:00+00:00,103.756,103.767,103.753,103.767,117.88
2021-01-15 02:30:00+00:00,103.768,103.768,103.753,103.755,205.82
2021-01-15 02:35:00+00:00,103.755,103.756,103.735,103.749,199.21
2021-01-15 02:40:00+00:00,103.75,103.771,103.749,103.767,145.96
2021-01-15 02:45:00+00:00,103.767,103.776,103.764,103.77,186.5
2021-01-15 02:50:00+00:00,103.767,103.77,103.76,103.762,112.86
2021-01-15 02:55:00+00:00,103.762,103.768,103.755,103.763,148.56
2021-01-15 03:00:00+00:00,103.764,103.773,103.764,103.768,211.32
2021-01-15 03:05:00+00:00,103.768,103.79,103.767,103.788,144.06
2021-01-15 03:10:00+00:00,103.788,103.806,103.786,103.791,225.17
2021-01-15 03:15:00+00:00,103.79,103.8,103.788,103.792,162.05
2021-01-15 03:20:00+00:00,103.792,103.821,103.792,103.818,251.4
2021-01-15 03:25:00+00:00,103.818,103.818,103.804,103.81,282.93
2021-01-15 03:30:00+00:00,103.809,103.812,103.799,103.803,192.47
2021-01-15 03:35:00+00:00,103.802,103.804,103.785,103.79,221.73
2021-01-15 03:40:00+00:00,103.791,103.793,103.777,103.78,176.95
2021-01-15 03:45:00+00:00,103.78,103.79,103.774,103.785,180.46
2021-01-15 03:50:00+00:00,103.786,103.79,103.776,103.776,151.65
2021-01-15 03:55:00+00:00,103.776,103.776,103.758,103.764,185.54
2021-01-15 04:00:00+00:00,103.766,103.788,103.764,103.781,202.68
2021-01-15 04:05:00+00:00,103.781,103.801,103.781,103.794,193.81
2021-01-15 04:10:00+00:00,103.795,103.803,103.787,103.803,260.96
2021-01-15 04:15:00+00:00,103.804,103.807,103.788,103.792,181.13
2021-01-15 04:20:00+00:00,103.793,103.804,103.788,103.804,142.75
2021-01-15 04:25:00+00:00,103.804,103.806,103.785,103.788,85.96
2021-01-15 04:30:00+00:00,103.788,103.798,103.785,103.788,103.04
2021-01-15 04:35:00+00:00,103.788,103.788,103.774,103.777,167.49
2021-01-15 04:40:00+00:00,103.777,103.789,103.777,103.787,71.13
2021-01-15 04:45:00+00:00,103.788,103.792,103.783,103.791,91.41
2021-01-15 04:50:00+00:00,103.792,103.796,103.756,103.772,315.36
2021-01-15 04:55:00+00:00,103.771,103.775,103.757,103.76,181.49
2021-01-15 05:00:00+00:00,103.76,103.779,103.76,103.776,195.34
2021-01-15 05:05:00+00:00,103.775,103.781,103.775,103.777,96.69
2021-01-15 05:10:00+00:00,103.775,103.783,103.772,103.782,111.23
2021-01-15 05:15:00+00:00,103.783,103.784,103.76,103.762,187.99
2021-01-15 05:20:00+00:00,103.761,103.788,103.761,103.788,235.76
2021-01-15 05:25:00+00:00,103.787,103.79,103.771,103.786,206.16
2021-01-15 05:30:00+00:00,103.787,103.801,103.787,103.796,164.78
2021-01-15 05:35:00+00:00,103.796,103.821,103.793,103.816,304.12
2021-01-15 05:40:00+00:00,103.815,103.816,103.792,103.796,267.08
2021-01-15 05:45:00+00:00,103.795,103.817,103.795,103.802,375.99
2021-01-15 05:50:00+00:00,103.803,103.812,103.798,103.806,202.3
2021-01-15 05:55:00+00:00,103.805,103.815,103.799,103.804,287.72
2021-01-15 06:00:00+00:00,103.804,103.811,103.789,103.791,238.73
2021-01-15 06:05:00+00:00,103.791,103.792,103.759,103.776,320.35
2021-01-15 06:10:00+00:00,103.776,103.786,103.763,103.77,144.44
2021-01-15 06:15:00+00:00,103.77,103.786,103.767,103.776,146.6
2021-01-15 06:20:00+00:00,103.776,103.783,103.766,103.772,113.7
2021-01-15 06:25:00+00:00,103.771,103.771,103.762,103.763,73.13
2021-01-15 06:30:00+00:00,103.762,103.776,103.759,103.759,182.82
2021-01-15 06:35:00+00:00,103.76,103.783,103.76,103.779,140.79
2021-01-15 06:40:00+00:00,103.78,103.793,103.772,103.775,296.5
2021-01-15 06:45:00+00:00,103.775,103.785,103.768,103.774,267.11
2021-01-15 06:50:00+00:00,103.771,103.771,103.752,103.77,287.84
2021-01-15 06:55:00+00:00,103.77,103.776,103.764,103.771,136.08
2021-01-15 07:00:00+00:00,103.771,103.782,103.762,103.775,239.0
2021-01-15 07:05:00+00:00,103.774,103.784,103.748,103.75,475.18
2021-01-15 07:10:00+00:00,103.751,103.751,103.677,103.68,537.0
2021-01-15 07:15:00+00:00,103.681,103.685,103.655,103.681,433.58
2021-01-15 07:20:00+00:00,103.682,103.688,103.651,103.653,423.1
2021-01-15 07:25:00+00:00,103.654,103.673,103.645,103.673,469.35
2021-01-15 07:30:00+00:00,103.671,103.692,103.671,103.689,344.48
2021-01-15 07:35:00+00:00,103.688,103.688,103.648,103.674,415.93
2021-01-15 07:40:00+00:00,103.675,103.687,103.668,103.679,380.05
2021-01-15 07:45:00+00:00,103.677,103.69,103.672,103.684,355.97
2021-01-15 07:50:00+00:00,103.682,103.69,103.668,103.671,316.46
2021-01-15 07:55:00+00:00,103.671,103.703,103.669,103.697,380.34
2021-01-15 08:00:00+00:00,103.697,103.718,103.675,103.708,775.85
2021-01-15 08:05:00+00:00,103.707,103.713,103.673,103.673,627.3
2021-01-15 08:10:00+00:00,103.672,103.681,103.652,103.666,488.96
2021-01-15 08:15:00+00:00,103.666,103.687,103.658,103.687,465.62
2021-01-15 08:20:00+00:00,103.689,103.697,103.679,103.682,356.91
2021-01-15 08:25:00+00:00,103.683,103.715,103.682,103.696,536.99
2021-01-15 08:30:00+00:00,103.697,103.714,103.676,103.708,363.08
2021-01-15 08:35:00+00:00,103.708,103.722,103.694,103.7,335.43
2021-01-15 08:40:00+00:00,103.7,103.707,103.683,103.694,501.27
2021-01-15 08:45:00+00:00,103.696,103.714,103.687,103.712,390.58
2021-01-15 08:50:00+00:00,103.713,103.724,103.696,103.723,286.04
2021-01-15 08:55:00+00:00,103.723,103.757,103.721,103.745,450.05
2021-01-15 09:00:00+00:00,103.744,103.761,103.728,103.729,390.17
2021-01-15 09:05:00+00:00,103.73,103.731,103.706,103.717,515.07
2021-01-15 09:10:00+00:00,103.717,103.731,103.713,103.713,275.25
2021-01-15 09:15:00+00:00,103.715,103.725,103.693,103.7,246.14
2021-01-15 09:20:00+00:00,103.701,103.714,103.69,103.711,297.55
2021-01-15 09:25:00+00:00,103.71,103.711,103.692,103.695,189.67
2021-01-15 09:30:00+00:00,103.697,103.718,103.695,103.705,245.35
2021-01-15 09:35:00+00:00,103.706,103.707,103.693,103.697,348.78
2021-01-15 09:40:00+00:00,103.697,103.697,103.678,103.679,431.84
2021-01-15 09:45:00+00:00,103.68,103.689,103.667,103.672,268.79
2021-01-15 09:50:00+00:00,103.673,103.674,103.661,103.674,304.18
2021-01-15 09:55:00+00:00,103.673,103.675,103.655,103.658,380.34
2021-01-15 10:00:00+00:00,103.66,103.689,103.654,103.688,493.77
2021-01-15 10:05:00+00:00,103.688,103.689,103.668,103.668,378.33
2021-01-15 10:10:00+00:00,103.666,103.68,103.66,103.679,201.59
2021-01-15 10:15:00+00:00,103.678,103.682,103.66,103.66,262.73
2021-01-15 10:20:00+00:00,103.659,103.673,103.653,103.667,457.09
2021-01-15 10:25:00+00:00,103.666,103.669,103.66,103.663,293.15
2021-01-15 10:30:00+00:00,103.661,103.663,103.65,103.655,353.49
2021-01-15 10:35:00+00:00,103.655,103.656,103.624,103.631,533.57
2021-01-15 10:40:00+00:00,103.629,103.635,103.616,103.634,487.51
2021-01-15 10:45:00+00:00,103.634,103.661,103.634,103.653,256.46
2021-01-15 10:50:00+00:00,103.653,103.689,103.653,103.681,320.33
2021-01-15 10:55:00+00:00,103.681,103.682,103.658,103.659,319.1
2021-01-15 11:00:00+00:00,103.659,103.679,103.655,103.669,406.4
2021-01-15 11:05:00+00:00,103.67,103.681,103.667,103.673,345.74
2021-01-15 11:10:00+00:00,103.672,103.675,103.658,103.662,391.51
2021-01-15 11:15:00+00:00,103.662,103.673,103.641,103.649,853.88
2021-01-15 11:20:00+00:00,103.646,103.671,103.646,103.666,161.08
2021-01-15 11:25:00+00:00,103.665,103.668,103.65,103.654,241.93
2021-01-15 11:30:00+00:00,103.654,103.675,103.651,103.67,200.54
2021-01-15 11:35:00+00:00,103.671,103.677,103.655,103.662,430.97
2021-01-15 11:40:00+00:00,103.663,103.668,103.656,103.661,175.32
2021-01-15 11:45:00+00:00,103.66,103.674,103.648,103.648,283.89
2021-01-15 11:50:00+00:00,103.651,103.651,103.619,103.639,345.48
2021-01-15 11:55:00+00:00,103.639,103.675,103.627,103.661,400.43
2021-01-15 12:00:00+00:00,103.662,103.701,103.66,103.7,535.83
2021-01-15 12:05:00+00:00,103.7,103.7,103.67,103.672,433.84
2021-01-15 12:10:00+00:00,103.671,103.704,103.671,103.692,416.24
2021-01-15 12:15:00+00:00,103.692,103.702,103.683,103.695,358.47
2021-01-15 12:20:00+00:00,103.695,103.725,103.694,103.704,478.3
2021-01-15 12:25:00+00:00,103.705,103.732,103.705,103.718,396.98
2021-01-15 12:30:00+00:00,103.72,103.746,103.72,103.722,546.35
2021-01-15 12:35:00+00:00,103.721,103.728,103.694,103.705,866.31
2021-01-15 12:40:00+00:00,103.706,103.715,103.695,103.707,346.87
2021-01-15 12:45:00+00:00,103.704,103.716,103.684,103.692,347.29
2021-01-15 12:50:00+00:00,103.692,103.714,103.69,103.708,418.93
2021-01-15 12:55:00+00:00,103.708,103.713,103.696,103.711,256.83
2021-01-15 13:00:00+00:00,103.713,103.746,103.713,103.733,752.69
2021-01-15 13:05:00+00:00,103.732,103.755,103.728,103.731,412.45
2021-01-15 13:10:00+00:00,103.731,103.733,103.721,103.724,198.71
2021-01-15 13:15:00+00:00,103.723,103.732,103.722,103.725,192.15
2021-01-15 13:20:00+00:00,103.726,103.737,103.719,103.731,188.87
2021-01-15 13:25:00+00:00,103.732,103.732,103.692,103.698,298.77
2021-01-15 13:30:00+00:00,103.698,103.698,103.643,103.643,670.12
2021-01-15 13:35:00+00:00,103.643,103.66,103.64,103.654,446.07
2021-01-15 13:40:00+00:00,103.655,103.712,103.655,103.692,646.01
2021-01-15 13:45:00+00:00,103.694,103.721,103.691,103.716,514.68
2021-01-15 13:50:00+00:00,103.715,103.74,103.715,103.732,713.85
2021-01-15 13:55:00+00:00,103.732,103.757,103.704,103.757,632.15
2021-01-15 14:00:00+00:00,103.757,103.796,103.754,103.781,829.05
2021-01-15 14:05:00+00:00,103.782,103.803,103.767,103.767,1068.4
2021-01-15 14:10:00+00:00,103.767,103.771,103.755,103.766,457.39
2021-01-15 14:15:00+00:00,103.767,103.798,103.761,103.791,522.57
2021-01-15 14:20:00+00:00,103.791,103.794,103.752,103.759,684.42
2021-01-15 14:25:00+00:00,103.761,103.788,103.76,103.772,595.06
2021-01-15 14:30:00+00:00,103.772,103.783,103.759,103.773,688.07
2021-01-15 14:35:00+00:00,103.772,103.778,103.748,103.761,475.62
2021-01-15 14:40:00+00:00,103.761,103.785,103.756,103.761,531.27
2021-01-15 14:45:00+00:00,103.761,103.842,103.76,103.829,754.2
2021-01-15 14:50:00+00:00,103.829,103.889,103.819,103.877,1217.92
2021-01-15 14:55:00+00:00,103.878,103.887,103.857,103.872,990.73
2021-01-15 15:00:00+00:00,103.873,103.896,103.869,103.872,707.67
2021-01-15 15:05:00+00:00,103.872,103.897,103.841,103.85,908.84
2021-01-15 15:10:00+00:00,103.851,103.871,103.832,103.836,641.55
2021-01-15 15:15:00+00:00,103.841,103.848,103.775,103.785,944.71
2021-01-15 15:20:00+00:00,103.783,103.807,103.774,103.791,720.02
2021-01-15 15:25:00+00:00,103.791,103.795,103.758,103.781,531.65
2021-01-15 15:30:00+00:00,103.782,103.804,103.772,103.795,508.17
2021-01-15 15:35:00+00:00,103.794,103.821,103.786,103.82,412.3
2021-01-15 15:40:00+00:00,103.821,103.836,103.807,103.816,439.25
2021-01-15 15:45:00+00:00,103.819,103.826,103.8,103.81,492.46
2021-01-15 15:50:00+00:00,103.81,103.876,103.81,103.866,428.29
2021-01-15 15:55:00+00:00,103.869,103.89,103.858,103.862,955.99
2021-01-15 16:00:00+00:00,103.861,103.89,103.854,103.876,785.95
2021-01-15 16:05:00+00:00,103.876,103.882,103.818,103.819,604.17
2021-01-15 16:10:00+00:00,103.818,103.847,103.816,103.835,470.26
2021-01-15 16:15:00+00:00,103.841,103.847,103.826,103.846,436.71
2021-01-15 16:20:00+00:00,103.845,103.847,103.829,103.832,337.39
2021-01-15 16:25:00+00:00,103.831,103.838,103.78,103.796,603.87
2021-01-15 16:30:00+00:00,103.797,103.799,103.783,103.784,426.1
2021-01-15 16:35:00+00:00,103.785,103.793,103.778,103.788,322.44
2021-01-15 16:40:00+00:00,103.787,103.789,103.759,103.764,483.72
2021-01-15 16:45:00+00:00,103.763,103.779,103.757,103.779,346.52
2021-01-15 16:50:00+00:00,103.778,103.791,103.773,103.777,401.07
2021-01-15 16:55:00+00:00,103.778,103.809,103.773,103.801,280.6
2021-01-15 17:00:00+00:00,103.801,103.813,103.768,103.768,283.67
2021-01-15 17:05:00+00:00,103.768,103.782,103.759,103.773,273.67
2021-01-15 17:10:00+00:00,103.773,103.804,103.769,103.79,389.07
2021-01-15 17:15:00+00:00,103.789,103.804,103.785,103.791,268.12
2021-01-15 17:20:00+00:00,103.792,103.792,103.773,103.775,208.87
2021-01-15 17:25:00+00:00,103.776,103.791,103.769,103.79,253.82
2021-01-15 17:30:00+00:00,103.79,103.807,103.774,103.807,218.21
2021-01-15 17:35:00+00:00,103.807,103.848,103.807,103.839,388.35
2021-01-15 17:40:00+00:00,103.84,103.848,103.835,103.846,124.91
2021-01-15 17:45:00+00:00,103.846,103.85,103.82,103.822,244.19
2021-01-15 17:50:00+00:00,103.821,103.826,103.801,103.812,277.8
2021-01-15 17:55:00+00:00,103.813,103.813,103.804,103.809,192.09
2021-01-15 18:00:00+00:00,103.808,103.822,103.803,103.817,267.75
2021-01-15 18:05:00+00:00,103.818,103.839,103.81,103.818,234.25
2021-01-15 18:10:00+00:00,103.821,103.824,103.805,103.821,152.46
2021-01-15 18:15:00+00:00,103.822,103.837,103.821,103.829,127.26
2021-01-15 18:20:00+00:00,103.828,103.84,103.82,103.836,211.35
2021-01-15 18:25:00+00:00,103.836,103.86,103.836,103.852,460.98
2021-01-15 18:30:00+00:00,103.853,103.871,103.851,103.857,189.79
2021-01-15 18:35:00+00:00,103.856,103.874,103.85,103.851,413.43
2021-01-15 18:40:00+00:00,103.854,103.879,103.854,103.871,207.24
2021-01-15 18:45:00+00:00,103.869,103.881,103.861,103.873,228.12
2021-01-15 18:50:00+00:00,103.874,103.876,103.845,103.845,97.06
2021-01-15 18:55:00+00:00,103.846,103.854,103.834,103.852,151.82
2021-01-15 19:00:00+00:00,103.851,103.855,103.843,103.845,150.92
2021-01-15 19:05:00+00:00,103.845,103.855,103.842,103.851,103.79
2021-01-15 19:10:00+00:00,103.85,103.85,103.832,103.842,148.64
2021-01-15 19:15:00+00:00,103.842,103.843,103.828,103.836,161.99
2021-01-15 19:20:00+00:00,103.836,103.841,103.825,103.835,114.71
2021-01-15 19:25:00+00:00,103.835,103.84,103.829,103.838,81.36
2021-01-15 19:30:00+00:00,103.837,103.837,103.827,103.827,55.01
2021-01-15 19:35:00+00:00,103.826,103.84,103.824,103.825,61.89
2021-01-15 19:40:00+00:00,103.825,103.826,103.809,103.811,120.65
2021-01-15 19:45:00+00:00,103.811,103.831,103.811,103.824,134.01
2021-01-15 19:50:00+00:00,103.824,103.842,103.82,103.837,176.55
2021-01-15 19:55:00+00:00,103.835,103.867,103.835,103.864,237.25
2021-01-15 20:00:00+00:00,103.865,103.875,103.847,103.863,549.94
2021-01-15 20:05:00+00:00,103.864,103.869,103.843,103.848,245.54
2021-01-15 20:10:00+00:00,103.847,103.856,103.843,103.853,100.67
2021-01-15 20:15:00+00:00,103.853,103.863,103.847,103.858,63.18
2021-01-15 20:20:00+00:00,103.861,103.865,103.853,103.856,64.64
2021-01-15 20:25:00+00:00,103.857,103.866,103.856,103.862,34.13
2021-01-15 20:30:00+00:00,103.863,103.871,103.862,103.867,74.43
2021-01-15 20:35:00+00:00,103.866,103.869,103.846,103.848,177.89
2021-01-15 20:40:00+00:00,103.85,103.854,103.847,103.848,72.69
2021-01-15 20:45:00+00:00,103.848,103.853,103.836,103.853,113.11
2021-01-15 20:50:00+00:00,103.853,103.857,103.849,103.855,124.36
2021-01-15 20:55:00+00:00,103.856,103.871,103.854,103.868,223.57
2021-01-15 21:00:00+00:00,103.868,103.903,103.868,103.887,182.91
2021-01-15 21:05:00+00:00,103.887,103.897,103.883,103.896,97.22
2021-01-15 21:10:00+00:00,103.893,103.893,103.883,103.884,76.02
2021-01-15 21:15:00+00:00,103.883,103.893,103.88,103.892,58.81
2021-01-15 21:20:00+00:00,103.891,103.891,103.87,103.875,84.77
2021-01-15 21:25:00+00:00,103.878,103.88,103.873,103.874,51.81
2021-01-15 21:30:00+00:00,103.874,103.875,103.873,103.873,14.28
2021-01-15 21:35:00+00:00,103.876,103.879,103.872,103.877,41.7
2021-01-15 21:40:00+00:00,103.878,103.881,103.877,103.879,15.5
2021-01-15 21:45:00+00:00,103.879,103.912,103.879,103.909,76.94
2021-01-15 21:50:00+00:00,103.911,103.912,103.864,103.865,183.78
2021-01-15 21:55:00+00:00,103.866,103.887,103.75,103.75,369.65
2021-01-17 22:00:00+00:00,103.817,103.839,103.813,103.832,65.3
2021-01-17 22:05:00+00:00,103.832,103.854,103.828,103.845,17.41
2021-01-17 22:10:00+00:00,103.845,103.865,103.828,103.844,66.27
2021-01-17 22:15:00+00:00,103.847,103.847,103.819,103.829,41.17
2021-01-17 22:20:00+00:00,103.829,103.84,103.816,103.832,45.26
2021-01-17 22:25:00+00:00,103.832,103.832,103.83,103.832,10.48
2021-01-17 22:30:00+00:00,103.832,103.837,103.831,103.833,6.14
2021-01-17 22:35:00+00:00,103.834,103.847,103.834,103.847,25.72
2021-01-17 22:40:00+00:00,103.845,103.847,103.841,103.844,33.63
2021-01-17 22:45:00+00:00,103.843,103.849,103.827,103.837,41.8
2021-01-17 22:50:00+00:00,103.838,103.853,103.828,103.84,71.53
2021-01-17 22:55:00+00:00,103.846,103.847,103.827,103.827,77.64
2021-01-17 23:00:00+00:00,103.83,103.85,103.821,103.849,352.8
2021-01-17 23:05:00+00:00,103.848,103.86,103.84,103.841,93.66
2021-01-17 23:10:00+00:00,103.841,103.849,103.83,103.833,114.81
2021-01-17 23:15:00+00:00,103.834,103.836,103.823,103.83,119.77
2021-01-17 23:20:00+00:00,103.831,103.831,103.815,103.827,140.07
2021-01-17 23:25:00+00:00,103.826,103.846,103.824,103.845,55.08
2021-01-17 23:30:00+00:00,103.842,103.863,103.831,103.858,144.82
2021-01-17 23:35:00+00:00,103.858,103.892,103.838,103.864,460.68
2021-01-17 23:40:00+00:00,103.862,103.889,103.854,103.884,420.04
2021-01-17 23:45:00+00:00,103.884,103.894,103.871,103.889,725.67
2021-01-17 23:50:00+00:00,103.887,103.912,103.883,103.912,294.86
2021-01-17 23:55:00+00:00,103.911,103.926,103.905,103.916,415.75
2021-01-18 00:00:00+00:00,103.916,103.931,103.87,103.881,662.02
2021-01-18 00:05:00+00:00,103.882,103.888,103.845,103.867,455.93
2021-01-18 00:10:00+00:00,103.867,103.885,103.851,103.858,329.51
2021-01-18 00:15:00+00:00,103.858,103.865,103.842,103.855,370.97
2021-01-18 00:20:00+00:00,103.856,103.857,103.813,103.82,372.59
2021-01-18 00:25:00+00:00,103.819,103.834,103.796,103.832,305.42
2021-01-18 00:30:00+00:00,103.833,103.839,103.821,103.835,317.47
2021-01-18 00:35:00+00:00,103.836,103.851,103.813,103.819,330.24
2021-01-18 00:40:00+00:00,103.816,103.851,103.816,103.832,263.25
2021-01-18 00:45:00+00:00,103.831,103.854,103.83,103.846,192.63
2021-01-18 00:50:00+00:00,103.847,103.849,103.808,103.821,354.59
2021-01-18 00:55:00+00:00,103.823,103.827,103.796,103.814,299.38
2021-01-18 01:00:00+00:00,103.814,103.829,103.794,103.802,277.44
2021-01-18 01:05:00+00:00,103.802,103.813,103.761,103.779,330.62
2021-01-18 01:10:00+00:00,103.78,103.793,103.763,103.767,300.6
2021-01-18 01:15:00+00:00,103.766,103.774,103.754,103.767,330.19
2021-01-18 01:20:00+00:00,103.766,103.777,103.757,103.762,227.9
2021-01-18 01:25:00+00:00,103.762,103.762,103.728,103.738,550.44
2021-01-18 01:30:00+00:00,103.738,103.742,103.715,103.728,578.2
2021-01-18 01:35:00+00:00,103.729,103.738,103.717,103.732,459.0
2021-01-18 01:40:00+00:00,103.733,103.752,103.724,103.73,515.85
2021-01-18 01:45:00+00:00,103.73,103.742,103.717,103.725,400.41
2021-01-18 01:50:00+00:00,103.725,103.733,103.716,103.727,231.17
2021-01-18 01:55:00+00:00,103.725,103.732,103.705,103.726,325.69
2021-01-18 02:00:00+00:00,103.723,103.727,103.69,103.69,342.51
2021-01-18 02:05:00+00:00,103.69,103.706,103.688,103.706,280.54
2021-01-18 02:10:00+00:00,103.707,103.734,103.706,103.721,354.62
2021-01-18 02:15:00+00:00,103.722,103.736,103.714,103.719,702.45
2021-01-18 02:20:00+00:00,103.721,103.751,103.72,103.75,579.39
2021-01-18 02:25:00+00:00,103.749,103.749,103.727,103.743,747.06
2021-01-18 02:30:00+00:00,103.742,103.744,103.719,103.724,225.65
2021-01-18 02:35:00+00:00,103.724,103.724,103.689,103.695,380.14
2021-01-18 02:40:00+00:00,103.697,103.712,103.695,103.706,322.28
2021-01-18 02:45:00+00:00,103.707,103.712,103.7,103.707,194.14
2021-01-18 02:50:00+00:00,103.708,103.717,103.704,103.712,136.99
2021-01-18 02:55:00+00:00,103.712,103.716,103.704,103.713,228.0
2021-01-18 03:00:00+00:00,103.713,103.732,103.705,103.72,452.25
2021-01-18 03:05:00+00:00,103.722,103.75,103.721,103.746,459.48
2021-01-18 03:10:00+00:00,103.747,103.754,103.735,103.736,277.49
2021-01-18 03:15:00+00:00,103.735,103.752,103.735,103.741,607.66
2021-01-18 03:20:00+00:00,103.743,103.766,103.738,103.76,542.33
2021-01-18 03:25:00+00:00,103.758,103.764,103.745,103.761,276.5
2021-01-18 03:30:00+00:00,103.761,103.782,103.761,103.769,167.18
2021-01-18 03:35:00+00:00,103.768,103.768,103.752,103.759,161.06
2021-01-18 03:40:00+00:00,103.761,103.769,103.76,103.763,88.5
2021-01-18 03:45:00+00:00,103.763,103.767,103.759,103.764,165.51
2021-01-18 03:50:00+00:00,103.765,103.77,103.756,103.76,117.94
2021-01-18 03:55:00+00:00,103.762,103.768,103.743,103.743,256.37
2021-01-18 04:00:00+00:00,103.745,103.763,103.745,103.754,187.63
2021-01-18 04:05:00+00:00,103.755,103.768,103.751,103.752,140.35
2021-01-18 04:10:00+00:00,103.751,103.753,103.731,103.733,132.4
2021-01-18 04:15:00+00:00,103.736,103.751,103.735,103.75,120.32
2021-01-18 04:20:00+00:00,103.75,103.761,103.747,103.761,193.14
2021-01-18 04:25:00+00:00,103.761,103.761,103.743,103.751,233.13
2021-01-18 04:30:00+00:00,103.752,103.767,103.747,103.748,261.03
2021-01-18 04:35:00+00:00,103.75,103.761,103.748,103.755,198.8
2021-01-18 04:40:00+00:00,103.756,103.762,103.753,103.757,132.92
2021-01-18 04:45:00+00:00,103.756,103.758,103.741,103.752,250.31
2021-01-18 04:50:00+00:00,103.753,103.755,103.745,103.745,103.06
2021-01-18 04:55:00+00:00,103.745,103.747,103.736,103.745,206.85
2021-01-18 05:00:00+00:00,103.745,103.747,103.734,103.735,141.83
2021-01-18 05:05:00+00:00,103.736,103.75,103.735,103.746,175.69
2021-01-18 05:10:00+00:00,103.745,103.747,103.71,103.714,361.85
2021-01-18 05:15:00+00:00,103.713,103.723,103.704,103.712,217.03
2021-01-18 05:20:00+00:00,103.713,103.73,103.713,103.726,199.53
2021-01-18 05:25:00+00:00,103.727,103.729,103.715,103.717,248.46
2021-01-18 05:30:00+00:00,103.716,103.725,103.715,103.719,390.39
2021-01-18 05:35:00+00:00,103.719,103.721,103.695,103.701,576.96
2021-01-18 05:40:00+00:00,103.702,103.716,103.699,103.712,233.37
2021-01-18 05:45:00+00:00,103.712,103.725,103.71,103.725,201.52
2021-01-18 05:50:00+00:00,103.724,103.737,103.721,103.733,302.16
2021-01-18 05:55:00+00:00,103.733,103.739,103.725,103.727,396.72
2021-01-18 06:00:00+00:00,103.729,103.751,103.719,103.741,451.17
2021-01-18 06:05:00+00:00,103.74,103.751,103.738,103.75,207.39
2021-01-18 06:10:00+00:00,103.751,103.754,103.739,103.745,320.26
2021-01-18 06:15:00+00:00,103.746,103.748,103.732,103.734,333.19
2021-01-18 06:20:00+00:00,103.734,103.744,103.734,103.743,158.51
2021-01-18 06:25:00+00:00,103.743,103.748,103.734,103.743,175.86
2021-01-18 06:30:00+00:00,103.741,103.741,103.731,103.739,178.94
2021-01-18 06:35:00+00:00,103.739,103.747,103.739,103.745,139.06
2021-01-18 06:40:00+00:00,103.743,103.745,103.736,103.739,137.7
2021-01-18 06:45:00+00:00,103.737,103.738,103.728,103.734,81.71
2021-01-18 06:50:00+00:00,103.733,103.736,103.712,103.713,120.64
2021-01-18 06:55:00+00:00,103.712,103.721,103.704,103.719,216.48
2021-01-18 07:00:00+00:00,103.72,103.723,103.701,103.709,269.37
2021-01-18 07:05:00+00:00,103.71,103.732,103.709,103.723,204.87
2021-01-18 07:10:00+00:00,103.724,103.735,103.709,103.729,221.54
2021-01-18 07:15:00+00:00,103.728,103.732,103.717,103.719,283.67
2021-01-18 07:20:00+00:00,103.719,103.736,103.715,103.736,192.48
2021-01-18 07:25:00+00:00,103.737,103.741,103.728,103.741,200.61
2021-01-18 07:30:00+00:00,103.741,103.759,103.737,103.747,429.86
2021-01-18 07:35:00+00:00,103.748,103.749,103.732,103.738,333.48
2021-01-18 07:40:00+00:00,103.739,103.753,103.731,103.747,252.73
2021-01-18 07:45:00+00:00,103.747,103.749,103.715,103.717,343.21
2021-01-18 07:50:00+00:00,103.717,103.739,103.715,103.736,330.41
2021-01-18 07:55:00+00:00,103.738,103.762,103.737,103.755,258.01
2021-01-18 08:00:00+00:00,103.757,103.775,103.754,103.772,647.65
2021-01-18 08:05:00+00:00,103.771,103.777,103.762,103.766,771.69
2021-01-18 08:10:00+00:00,103.765,103.778,103.76,103.777,539.49
2021-01-18 08:15:00+00:00,103.777,103.797,103.769,103.789,495.21
2021-01-18 08:20:00+00:00,103.79,103.792,103.771,103.776,906.06
2021-01-18 08:25:00+00:00,103.78,103.782,103.746,103.762,508.29
2021-01-18 08:30:00+00:00,103.76,103.766,103.739,103.739,428.18
2021-01-18 08:35:00+00:00,103.739,103.753,103.726,103.733,381.99
2021-01-18 08:40:00+00:00,103.734,103.756,103.734,103.749,252.61
2021-01-18 08:45:00+00:00,103.748,103.761,103.73,103.759,266.78
2021-01-18 08:50:00+00:00,103.758,103.778,103.758,103.774,167.32
2021-01-18 08:55:00+00:00,103.776,103.788,103.768,103.777,322.11
2021-01-18 09:00:00+00:00,103.776,103.797,103.776,103.796,547.95
2021-01-18 09:05:00+00:00,103.796,103.802,103.783,103.797,523.93
2021-01-18 09:10:00+00:00,103.797,103.799,103.786,103.786,650.67
2021-01-18 09:15:00+00:00,103.787,103.791,103.773,103.775,513.3
2021-01-18 09:20:00+00:00,103.775,103.798,103.774,103.798,536.66
2021-01-18 09:25:00+00:00,103.798,103.8,103.791,103.797,347.95
2021-01-18 09:30:00+00:00,103.798,103.828,103.798,103.828,255.42
2021-01-18 09:35:00+00:00,103.83,103.832,103.817,103.826,326.19
2021-01-18 09:40:00+00:00,103.826,103.832,103.813,103.821,315.76
2021-01-18 09:45:00+00:00,103.823,103.841,103.819,103.823,511.62
2021-01-18 09:50:00+00:00,103.825,103.832,103.812,103.814,335.91
2021-01-18 09:55:00+00:00,103.811,103.819,103.806,103.81,337.47
2021-01-18 10:00:00+00:00,103.811,103.813,103.788,103.796,272.34
2021-01-18 10:05:00+00:00,103.794,103.803,103.79,103.79,247.0
2021-01-18 10:10:00+00:00,103.791,103.798,103.766,103.767,350.55
2021-01-18 10:15:00+00:00,103.767,103.78,103.758,103.763,274.94
2021-01-18 10:20:00+00:00,103.763,103.782,103.759,103.781,337.6
2021-01-18 10:25:00+00:00,103.783,103.798,103.775,103.794,185.46
2021-01-18 10:30:00+00:00,103.794,103.799,103.79,103.794,397.58
2021-01-18 10:35:00+00:00,103.794,103.797,103.788,103.793,244.84
2021-01-18 10:40:00+00:00,103.791,103.799,103.785,103.786,219.62
2021-01-18 10:45:00+00:00,103.784,103.789,103.775,103.789,180.0
2021-01-18 10:50:00+00:00,103.789,103.794,103.787,103.791,154.34
2021-01-18 10:55:00+00:00,103.791,103.794,103.775,103.784,264.29
2021-01-18 11:00:00+00:00,103.784,103.784,103.767,103.77,431.96
2021-01-18 11:05:00+00:00,103.771,103.79,103.769,103.775,244.17
2021-01-18 11:10:00+00:00,103.776,103.78,103.744,103.752,561.53
2021-01-18 11:15:00+00:00,103.752,103.757,103.734,103.75,359.09
2021-01-18 11:20:00+00:00,103.751,103.765,103.739,103.757,501.94
2021-01-18 11:25:00+00:00,103.757,103.757,103.744,103.746,280.7
2021-01-18 11:30:00+00:00,103.747,103.758,103.745,103.755,493.12
2021-01-18 11:35:00+00:00,103.755,103.755,103.721,103.729,604.05
2021-01-18 11:40:00+00:00,103.729,103.747,103.726,103.741,352.26
2021-01-18 11:45:00+00:00,103.742,103.747,103.739,103.747,333.36
2021-01-18 11:50:00+00:00,103.748,103.755,103.745,103.752,248.46
2021-01-18 11:55:00+00:00,103.752,103.776,103.748,103.755,533.95
2021-01-18 12:00:00+00:00,103.755,103.762,103.743,103.759,324.9
2021-01-18 12:05:00+00:00,103.76,103.767,103.75,103.764,169.09
2021-01-18 12:10:00+00:00,103.763,103.763,103.749,103.76,228.38
2021-01-18 12:15:00+00:00,103.757,103.774,103.755,103.774,224.3
2021-01-18 12:20:00+00:00,103.772,103.774,103.761,103.763,259.95
2021-01-18 12:25:00+00:00,103.762,103.776,103.756,103.771,264.78
2021-01-18 12:30:00+00:00,103.77,103.78,103.768,103.779,150.77
2021-01-18 12:35:00+00:00,103.778,103.782,103.764,103.782,221.16
2021-01-18 12:40:00+00:00,103.782,103.786,103.767,103.785,151.68
2021-01-18 12:45:00+00:00,103.784,103.784,103.764,103.767,369.31
2021-01-18 12:50:00+00:00,103.768,103.77,103.75,103.759,307.61
2021-01-18 12:55:00+00:00,103.759,103.785,103.757,103.77,332.57
2021-01-18 13:00:00+00:00,103.77,103.782,103.755,103.77,390.61
2021-01-18 13:05:00+00:00,103.773,103.775,103.76,103.774,240.99
2021-01-18 13:10:00+00:00,103.775,103.775,103.764,103.764,168.91
2021-01-18 13:15:00+00:00,103.766,103.767,103.756,103.762,282.8
2021-01-18 13:20:00+00:00,103.762,103.762,103.732,103.746,339.91
2021-01-18 13:25:00+00:00,103.746,103.753,103.743,103.75,275.02
2021-01-18 13:30:00+00:00,103.75,103.751,103.735,103.742,341.36
2021-01-18 13:35:00+00:00,103.742,103.743,103.732,103.741,427.91
2021-01-18 13:40:00+00:00,103.742,103.765,103.742,103.762,291.97
2021-01-18 13:45:00+00:00,103.763,103.766,103.75,103.75,494.2
2021-01-18 13:50:00+00:00,103.751,103.755,103.746,103.751,176.5
2021-01-18 13:55:00+00:00,103.75,103.753,103.718,103.724,676.73
2021-01-18 14:00:00+00:00,103.723,103.742,103.717,103.733,391.43
2021-01-18 14:05:00+00:00,103.736,103.74,103.725,103.729,417.54
2021-01-18 14:10:00+00:00,103.73,103.753,103.728,103.752,512.82
2021-01-18 14:15:00+00:00,103.751,103.756,103.744,103.747,249.6
2021-01-18 14:20:00+00:00,103.749,103.755,103.731,103.732,441.89
2021-01-18 14:25:00+00:00,103.732,103.739,103.732,103.734,206.0
2021-01-18 14:30:00+00:00,103.736,103.746,103.729,103.741,341.51
2021-01-18 14:35:00+00:00,103.74,103.741,103.731,103.735,348.58
2021-01-18 14:40:00+00:00,103.735,103.743,103.727,103.741,280.0
2021-01-18 14:45:00+00:00,103.74,103.742,103.723,103.727,577.48
2021-01-18 14:50:00+00:00,103.727,103.738,103.711,103.714,749.81
2021-01-18 14:55:00+00:00,103.717,103.733,103.713,103.732,723.34
2021-01-18 15:00:00+00:00,103.731,103.747,103.728,103.745,613.6
2021-01-18 15:05:00+00:00,103.746,103.748,103.731,103.735,202.36
2021-01-18 15:10:00+00:00,103.735,103.74,103.731,103.735,209.23
2021-01-18 15:15:00+00:00,103.735,103.746,103.727,103.744,132.94
2021-01-18 15:20:00+00:00,103.745,103.745,103.735,103.744,107.45
2021-01-18 15:25:00+00:00,103.744,103.748,103.733,103.736,302.52
2021-01-18 15:30:00+00:00,103.737,103.737,103.699,103.701,582.09
2021-01-18 15:35:00+00:00,103.7,103.708,103.66,103.669,1083.67
2021-01-18 15:40:00+00:00,103.669,103.685,103.662,103.668,213.68
2021-01-18 15:45:00+00:00,103.667,103.709,103.663,103.701,378.12
2021-01-18 15:50:00+00:00,103.7,103.7,103.681,103.685,249.56
2021-01-18 15:55:00+00:00,103.686,103.698,103.674,103.694,347.93
2021-01-18 16:00:00+00:00,103.696,103.723,103.693,103.713,257.98
2021-01-18 16:05:00+00:00,103.714,103.714,103.689,103.692,263.04
2021-01-18 16:10:00+00:00,103.691,103.699,103.688,103.691,181.82
2021-01-18 16:15:00+00:00,103.691,103.694,103.671,103.672,103.09
2021-01-18 16:20:00+00:00,103.675,103.685,103.674,103.683,132.08
2021-01-18 16:25:00+00:00,103.685,103.685,103.67,103.681,116.88
2021-01-18 16:30:00+00:00,103.681,103.688,103.678,103.682,164.57
2021-01-18 16:35:00+00:00,103.682,103.684,103.671,103.673,211.43
2021-01-18 16:40:00+00:00,103.674,103.674,103.65,103.652,318.96
2021-01-18 16:45:00+00:00,103.653,103.662,103.637,103.662,485.58
2021-01-18 16:50:00+00:00,103.663,103.675,103.663,103.666,140.25
2021-01-18 16:55:00+00:00,103.666,103.667,103.657,103.662,49.76
2021-01-18 17:00:00+00:00,103.661,103.667,103.658,103.662,65.61
2021-01-18 17:05:00+00:00,103.663,103.673,103.663,103.671,68.07
2021-01-18 17:10:00+00:00,103.67,103.679,103.67,103.678,22.2
2021-01-18 17:15:00+00:00,103.677,103.709,103.675,103.699,101.57
2021-01-18 17:20:00+00:00,103.7,103.705,103.693,103.705,70.9
2021-01-18 17:25:00+00:00,103.705,103.715,103.698,103.715,117.81
2021-01-18 17:30:00+00:00,103.714,103.717,103.713,103.713,106.22
2021-01-18 17:35:00+00:00,103.715,103.717,103.715,103.716,49.55
2021-01-18 17:40:00+00:00,103.716,103.716,103.707,103.71,107.37
2021-01-18 17:45:00+00:00,103.71,103.711,103.702,103.703,89.58
2021-01-18 17:50:00+00:00,103.703,103.704,103.689,103.702,119.58
2021-01-18 17:55:00+00:00,103.702,103.715,103.701,103.702,173.56
2021-01-18 18:00:00+00:00,103.702,103.702,103.695,103.695,72.9
2021-01-18 18:05:00+00:00,103.695,103.698,103.693,103.694,63.05
2021-01-18 18:10:00+00:00,103.692,103.694,103.686,103.686,39.43
2021-01-18 18:15:00+00:00,103.686,103.691,103.675,103.69,582.0
2021-01-18 18:20:00+00:00,103.691,103.692,103.686,103.686,713.27
2021-01-18 18:25:00+00:00,103.687,103.688,103.685,103.686,398.25
2021-01-18 18:30:00+00:00,103.686,103.688,103.684,103.687,393.2
2021-01-18 18:35:00+00:00,103.687,103.691,103.685,103.691,280.64
2021-01-18 18:40:00+00:00,103.691,103.692,103.687,103.689,466.15
2021-01-18 18:45:00+00:00,103.688,103.691,103.687,103.689,1303.75
2021-01-18 18:50:00+00:00,103.689,103.691,103.687,103.687,724.19
2021-01-18 18:55:00+00:00,103.688,103.691,103.686,103.69,309.64
2021-01-18 19:00:00+00:00,103.689,103.691,103.674,103.682,281.11
2021-01-18 19:05:00+00:00,103.681,103.685,103.68,103.683,142.87
2021-01-18 19:10:00+00:00,103.684,103.693,103.683,103.685,283.6
2021-01-18 19:15:00+00:00,103.685,103.688,103.682,103.683,1237.53
2021-01-18 19:20:00+00:00,103.684,103.684,103.679,103.68,383.31
2021-01-18 19:25:00+00:00,103.681,103.684,103.68,103.681,396.83
2021-01-18 19:30:00+00:00,103.683,103.684,103.681,103.681,51.88
2021-01-18 19:35:00+00:00,103.681,103.683,103.68,103.682,183.9
2021-01-18 19:40:00+00:00,103.682,103.683,103.68,103.683,189.23
2021-01-18 19:45:00+00:00,103.681,103.683,103.671,103.675,261.9
2021-01-18 19:50:00+00:00,103.674,103.68,103.672,103.679,171.94
2021-01-18 19:55:00+00:00,103.678,103.685,103.678,103.684,454.57
2021-01-18 20:00:00+00:00,103.685,103.685,103.679,103.683,389.2
2021-01-18 20:05:00+00:00,103.682,103.684,103.678,103.68,684.73
2021-01-18 20:10:00+00:00,103.68,103.69,103.678,103.684,200.76
2021-01-18 20:15:00+00:00,103.684,103.685,103.681,103.683,30.62
2021-01-18 20:20:00+00:00,103.684,103.687,103.684,103.687,15.02
2021-01-18 20:25:00+00:00,103.687,103.689,103.68,103.686,61.99
2021-01-18 20:30:00+00:00,103.685,103.69,103.683,103.688,87.52
2021-01-18 20:35:00+00:00,103.69,103.69,103.682,103.687,89.71
2021-01-18 20:40:00+00:00,103.685,103.692,103.683,103.686,197.03
2021-01-18 20:45:00+00:00,103.687,103.687,103.68,103.681,1083.8
2021-01-18 20:50:00+00:00,103.681,103.683,103.679,103.681,778.36
2021-01-18 20:55:00+00:00,103.682,103.684,103.654,103.666,1271.78
2021-01-18 21:00:00+00:00,103.666,103.675,103.659,103.668,379.19
2021-01-18 21:05:00+00:00,103.668,103.692,103.665,103.679,344.56
2021-01-18 21:10:00+00:00,103.681,103.686,103.669,103.684,1036.4
2021-01-18 21:15:00+00:00,103.684,103.686,103.679,103.684,1280.36
2021-01-18 21:20:00+00:00,103.684,103.688,103.681,103.687,471.83
2021-01-18 21:25:00+00:00,103.687,103.69,103.685,103.689,773.06
2021-01-18 21:30:00+00:00,103.69,103.698,103.662,103.682,2580.81
2021-01-18 21:35:00+00:00,103.683,103.686,103.658,103.668,825.14
2021-01-18 21:40:00+00:00,103.667,103.671,103.657,103.664,478.32
2021-01-18 21:45:00+00:00,103.664,103.687,103.664,103.684,74.41
2021-01-18 21:50:00+00:00,103.68,103.688,103.679,103.686,62.15
2021-01-18 21:55:00+00:00,103.683,103.691,103.681,103.684,455.91
2021-01-18 22:00:00+00:00,103.686,103.689,103.684,103.687,10.87
2021-01-18 22:05:00+00:00,103.686,103.689,103.686,103.688,6.0
2021-01-18 22:10:00+00:00,103.688,103.69,103.688,103.69,7.0
2021-01-18 22:15:00+00:00,103.69,103.712,103.684,103.698,13.93
2021-01-18 22:20:00+00:00,103.694,103.709,103.688,103.706,17.25
2021-01-18 22:25:00+00:00,103.708,103.709,103.707,103.708,6.5
2021-01-18 22:30:00+00:00,103.708,103.71,103.702,103.706,21.0
2021-01-18 22:35:00+00:00,103.705,103.71,103.686,103.703,17.35
2021-01-18 22:40:00+00:00,103.703,103.707,103.681,103.69,33.2
2021-01-18 22:45:00+00:00,103.69,103.711,103.69,103.709,32.5
2021-01-18 22:50:00+00:00,103.709,103.71,103.689,103.695,65.31
2021-01-18 22:55:00+00:00,103.692,103.703,103.688,103.693,67.06
2021-01-18 23:00:00+00:00,103.694,103.704,103.679,103.689,309.24
2021-01-18 23:05:00+00:00,103.691,103.692,103.683,103.684,78.86
2021-01-18 23:10:00+00:00,103.683,103.7,103.682,103.698,54.36
2021-01-18 23:15:00+00:00,103.697,103.699,103.686,103.689,119.93
2021-01-18 23:20:00+00:00,103.69,103.707,103.689,103.701,103.54
2021-01-18 23:25:00+00:00,103.699,103.699,103.683,103.689,39.57
2021-01-18 23:30:00+00:00,103.689,103.704,103.682,103.697,204.0
2021-01-18 23:35:00+00:00,103.699,103.705,103.683,103.689,91.35
2021-01-18 23:40:00+00:00,103.69,103.698,103.688,103.692,87.58
2021-01-18 23:45:00+00:00,103.691,103.693,103.682,103.693,101.74
2021-01-18 23:50:00+00:00,103.693,103.721,103.691,103.713,105.09
2021-01-18 23:55:00+00:00,103.711,103.717,103.704,103.705,89.69
2021-01-19 00:00:00+00:00,103.705,103.705,103.675,103.69,436.86
2021-01-19 00:05:00+00:00,103.69,103.697,103.678,103.686,214.24
2021-01-19 00:10:00+00:00,103.686,103.686,103.666,103.681,168.64
2021-01-19 00:15:00+00:00,103.682,103.697,103.678,103.697,290.37
2021-01-19 00:20:00+00:00,103.697,103.698,103.68,103.691,368.81
2021-01-19 00:25:00+00:00,103.694,103.695,103.682,103.682,67.81
2021-01-19 00:30:00+00:00,103.681,103.681,103.67,103.672,153.8
2021-01-19 00:35:00+00:00,103.673,103.673,103.652,103.655,236.21
2021-01-19 00:40:00+00:00,103.655,103.694,103.655,103.693,573.74
2021-01-19 00:45:00+00:00,103.69,103.703,103.675,103.693,396.38
2021-01-19 00:50:00+00:00,103.697,103.733,103.695,103.722,894.72
2021-01-19 00:55:00+00:00,103.724,103.734,103.713,103.72,504.42
2021-01-19 01:00:00+00:00,103.72,103.721,103.705,103.711,372.53
2021-01-19 01:05:00+00:00,103.712,103.758,103.709,103.75,557.29
2021-01-19 01:10:00+00:00,103.751,103.763,103.744,103.744,317.49
2021-01-19 01:15:00+00:00,103.744,103.786,103.74,103.74,774.41
2021-01-19 01:20:00+00:00,103.741,103.771,103.741,103.751,526.09
2021-01-19 01:25:00+00:00,103.751,103.778,103.74,103.769,1254.55
2021-01-19 01:30:00+00:00,103.769,103.776,103.762,103.773,1163.55
2021-01-19 01:35:00+00:00,103.773,103.778,103.752,103.759,760.2
2021-01-19 01:40:00+00:00,103.759,103.769,103.751,103.754,630.09
2021-01-19 01:45:00+00:00,103.755,103.771,103.755,103.763,692.35
2021-01-19 01:50:00+00:00,103.767,103.787,103.757,103.784,1101.17
2021-01-19 01:55:00+00:00,103.783,103.841,103.777,103.834,1196.35
2021-01-19 02:00:00+00:00,103.834,103.879,103.828,103.877,996.47
2021-01-19 02:05:00+00:00,103.877,103.889,103.858,103.885,1076.65
2021-01-19 02:10:00+00:00,103.885,103.893,103.866,103.879,589.96
2021-01-19 02:15:00+00:00,103.879,103.888,103.86,103.864,683.97
2021-01-19 02:20:00+00:00,103.865,103.891,103.86,103.888,538.56
2021-01-19 02:25:00+00:00,103.888,103.905,103.881,103.891,1035.39
2021-01-19 02:30:00+00:00,103.892,103.94,103.885,103.917,643.16
2021-01-19 02:35:00+00:00,103.918,103.943,103.916,103.936,517.61
2021-01-19 02:40:00+00:00,103.936,103.971,103.926,103.962,643.32
2021-01-19 02:45:00+00:00,103.965,103.979,103.946,103.967,830.66
2021-01-19 02:50:00+00:00,103.969,104.028,103.969,104.025,992.18
2021-01-19 02:55:00+00:00,104.024,104.063,104.01,104.051,1046.44
2021-01-19 03:00:00+00:00,104.052,104.082,103.99,103.994,1411.98
2021-01-19 03:05:00+00:00,103.995,104.022,103.979,104.021,819.88
2021-01-19 03:10:00+00:00,104.021,104.047,104.016,104.032,682.56
2021-01-19 03:15:00+00:00,104.032,104.033,104.001,104.003,497.64
2021-01-19 03:20:00+00:00,104.005,104.044,104.005,104.027,756.81
2021-01-19 03:25:00+00:00,104.026,104.061,104.025,104.049,650.45
2021-01-19 03:30:00+00:00,104.051,104.058,104.036,104.046,746.34
2021-01-19 03:35:00+00:00,104.046,104.059,104.021,104.023,711.61
2021-01-19 03:40:00+00:00,104.022,104.037,103.999,104.005,374.55
2021-01-19 03:45:00+00:00,104.006,104.014,103.996,104.0,161.7
2021-01-19 03:50:00+00:00,104.003,104.015,103.991,104.015,191.5
2021-01-19 03:55:00+00:00,104.015,104.019,104.003,104.003,215.45
2021-01-19 04:00:00+00:00,104.004,104.007,103.99,103.99,201.98
2021-01-19 04:05:00+00:00,103.989,103.996,103.984,103.984,197.03
2021-01-19 04:10:00+00:00,103.982,104.001,103.98,103.994,316.73
2021-01-19 04:15:00+00:00,103.994,103.994,103.972,103.973,200.3
2021-01-19 04:20:00+00:00,103.975,103.979,103.969,103.979,166.44
2021-01-19 04:25:00+00:00,103.979,104.011,103.979,104.004,209.75
2021-01-19 04:30:00+00:00,104.006,104.008,103.983,103.984,257.87
2021-01-19 04:35:00+00:00,103.983,103.991,103.975,103.982,157.26
2021-01-19 04:40:00+00:00,103.981,104.008,103.981,104.0,176.84
2021-01-19 04:45:00+00:00,104.0,104.003,103.988,103.992,271.21
2021-01-19 04:50:00+00:00,103.993,104.01,103.992,104.005,156.37
2021-01-19 04:55:00+00:00,104.005,104.007,103.988,104.003,164.88
2021-01-19 05:00:00+00:00,104.003,104.008,103.981,103.992,364.4
2021-01-19 05:05:00+00:00,103.992,104.001,103.991,103.993,221.18
2021-01-19 05:10:00+00:00,103.993,104.004,103.986,104.003,209.48
2021-01-19 05:15:00+00:00,104.004,104.005,103.994,103.996,107.49
2021-01-19 05:20:00+00:00,103.997,104.014,103.995,104.009,186.26
2021-01-19 05:25:00+00:00,104.011,104.021,104.006,104.017,288.01
2021-01-19 05:30:00+00:00,104.018,104.027,104.011,104.014,199.34
2021-01-19 05:35:00+00:00,104.015,104.017,104.007,104.016,174.13
2021-01-19 05:40:00+00:00,104.017,104.037,104.016,104.029,165.81
2021-01-19 05:45:00+00:00,104.029,104.03,103.981,103.991,314.0
2021-01-19 05:50:00+00:00,103.991,103.999,103.987,103.99,234.75
2021-01-19 05:55:00+00:00,103.992,103.996,103.983,103.991,228.95
2021-01-19 06:00:00+00:00,103.99,104.005,103.988,103.997,134.02
2021-01-19 06:05:00+00:00,103.997,104.014,103.994,104.014,110.66
2021-01-19 06:10:00+00:00,104.012,104.013,103.991,104.0,247.4
2021-01-19 06:15:00+00:00,104.0,104.011,103.996,104.004,141.27
2021-01-19 06:20:00+00:00,104.005,104.015,104.003,104.011,142.19
2021-01-19 06:25:00+00:00,104.012,104.022,104.011,104.02,82.68
2021-01-19 06:30:00+00:00,104.025,104.03,104.015,104.015,218.04
2021-01-19 06:35:00+00:00,104.016,104.025,104.015,104.025,126.45
2021-01-19 06:40:00+00:00,104.024,104.035,104.023,104.028,110.26
2021-01-19 06:45:00+00:00,104.029,104.029,104.015,104.018,144.88
2021-01-19 06:50:00+00:00,104.019,104.061,104.019,104.05,195.72
2021-01-19 06:55:00+00:00,104.052,104.062,104.042,104.053,179.17
2021-01-19 07:00:00+00:00,104.054,104.085,104.05,104.059,345.82
2021-01-19 07:05:00+00:00,104.06,104.085,104.06,104.067,242.74
2021-01-19 07:10:00+00:00,104.068,104.071,104.046,104.047,151.64
2021-01-19 07:15:00+00:00,104.048,104.069,104.048,104.068,286.58
2021-01-19 07:20:00+00:00,104.069,104.085,104.067,104.075,345.48
2021-01-19 07:25:00+00:00,104.073,104.081,104.045,104.057,421.23
2021-01-19 07:30:00+00:00,104.059,104.075,104.05,104.072,375.41
2021-01-19 07:35:00+00:00,104.071,104.071,104.055,104.061,242.33
2021-01-19 07:40:00+00:00,104.062,104.071,104.033,104.035,430.89
2021-01-19 07:45:00+00:00,104.035,104.035,104.004,104.022,491.29
2021-01-19 07:50:00+00:00,104.023,104.028,104.008,104.013,418.08
2021-01-19 07:55:00+00:00,104.011,104.02,103.991,104.003,922.88
2021-01-19 08:00:00+00:00,104.002,104.016,103.951,103.963,745.98
2021-01-19 08:05:00+00:00,103.964,103.989,103.951,103.984,631.29
2021-01-19 08:10:00+00:00,103.984,104.027,103.982,104.017,545.54
2021-01-19 08:15:00+00:00,104.016,104.017,104.001,104.003,537.52
2021-01-19 08:20:00+00:00,104.005,104.018,103.989,103.995,625.94
2021-01-19 08:25:00+00:00,103.996,104.004,103.979,103.986,537.73
2021-01-19 08:30:00+00:00,103.986,104.019,103.984,104.009,393.39
2021-01-19 08:35:00+00:00,104.009,104.021,103.993,104.006,527.84
2021-01-19 08:40:00+00:00,104.004,104.005,103.977,103.988,494.65
2021-01-19 08:45:00+00:00,103.988,103.999,103.98,103.988,409.58
2021-01-19 08:50:00+00:00,103.989,103.996,103.974,103.976,288.37
2021-01-19 08:55:00+00:00,103.977,104.022,103.975,104.017,472.4
2021-01-19 09:00:00+00:00,104.017,104.058,104.016,104.026,711.72
2021-01-19 09:05:00+00:00,104.026,104.042,104.01,104.026,419.53
2021-01-19 09:10:00+00:00,104.025,104.031,104.015,104.016,378.75
2021-01-19 09:15:00+00:00,104.017,104.027,104.0,104.002,403.52
2021-01-19 09:20:00+00:00,104.004,104.014,103.997,104.006,356.65
2021-01-19 09:25:00+00:00,104.006,104.021,104.0,104.009,449.5
2021-01-19 09:30:00+00:00,104.009,104.014,104.003,104.013,241.06
2021-01-19 09:35:00+00:00,104.015,104.028,103.988,103.989,487.86
2021-01-19 09:40:00+00:00,103.988,103.993,103.967,103.989,413.7
2021-01-19 09:45:00+00:00,103.988,104.0,103.987,103.995,337.67
2021-01-19 09:50:00+00:00,103.992,104.029,103.989,104.013,441.04
2021-01-19 09:55:00+00:00,104.012,104.031,104.004,104.014,369.89
2021-01-19 10:00:00+00:00,104.014,104.026,103.993,104.0,437.11
2021-01-19 10:05:00+00:00,104.001,104.023,103.989,103.992,730.42
2021-01-19 10:10:00+00:00,103.992,104.0,103.99,103.994,423.99
2021-01-19 10:15:00+00:00,103.993,104.013,103.991,103.998,252.88
2021-01-19 10:20:00+00:00,103.998,104.001,103.983,103.99,337.1
2021-01-19 10:25:00+00:00,103.989,103.999,103.988,103.99,255.05
2021-01-19 10:30:00+00:00,103.991,103.999,103.986,103.994,335.3
2021-01-19 10:35:00+00:00,103.994,103.999,103.98,103.983,405.17
2021-01-19 10:40:00+00:00,103.984,103.999,103.983,103.992,341.26
2021-01-19 10:45:00+00:00,103.992,104.0,103.987,103.988,352.05
2021-01-19 10:50:00+00:00,103.988,104.007,103.98,104.007,676.91
2021-01-19 10:55:00+00:00,104.006,104.021,104.001,104.001,279.58
2021-01-19 11:00:00+00:00,104.003,104.006,103.991,103.994,516.16
2021-01-19 11:05:00+00:00,103.994,104.001,103.989,103.997,176.03
2021-01-19 11:10:00+00:00,103.997,104.002,103.989,103.995,266.85
2021-01-19 11:15:00+00:00,103.995,104.002,103.98,103.986,429.64
2021-01-19 11:20:00+00:00,103.987,104.002,103.984,104.0,472.09
2021-01-19 11:25:00+00:00,104.0,104.0,103.992,103.997,219.16
2021-01-19 11:30:00+00:00,103.997,103.999,103.989,103.991,214.29
2021-01-19 11:35:00+00:00,103.991,103.997,103.982,103.996,216.7
2021-01-19 11:40:00+00:00,103.997,104.011,103.991,103.995,265.94
2021-01-19 11:45:00+00:00,103.995,103.996,103.986,103.987,283.31
2021-01-19 11:50:00+00:00,103.987,103.993,103.979,103.984,323.97
2021-01-19 11:55:00+00:00,103.984,103.999,103.976,103.991,246.84
2021-01-19 12:00:00+00:00,103.99,103.999,103.985,103.992,352.39
2021-01-19 12:05:00+00:00,103.994,103.996,103.979,103.983,155.82
2021-01-19 12:10:00+00:00,103.981,103.987,103.971,103.974,283.95
2021-01-19 12:15:00+00:00,103.976,103.986,103.959,103.959,386.9
2021-01-19 12:20:00+00:00,103.957,103.957,103.923,103.937,393.34
2021-01-19 12:25:00+00:00,103.937,103.95,103.927,103.936,291.95
2021-01-19 12:30:00+00:00,103.936,103.97,103.93,103.969,245.58
2021-01-19 12:35:00+00:00,103.969,103.974,103.952,103.954,781.02
2021-01-19 12:40:00+00:00,103.954,103.973,103.949,103.971,255.98
2021-01-19 12:45:00+00:00,103.97,103.997,103.964,103.992,310.82
2021-01-19 12:50:00+00:00,103.993,103.999,103.983,103.985,743.62
2021-01-19 12:55:00+00:00,103.984,103.992,103.974,103.989,248.79
2021-01-19 13:00:00+00:00,103.989,104.026,103.986,104.018,715.47
2021-01-19 13:05:00+00:00,104.017,104.022,104.009,104.009,353.11
2021-01-19 13:10:00+00:00,104.01,104.012,103.979,103.983,266.28
2021-01-19 13:15:00+00:00,103.984,103.992,103.967,103.968,370.62
2021-01-19 13:20:00+00:00,103.965,103.98,103.943,103.947,335.88
2021-01-19 13:25:00+00:00,103.947,103.962,103.944,103.959,357.3
2021-01-19 13:30:00+00:00,103.958,103.979,103.927,103.927,434.65
2021-01-19 13:35:00+00:00,103.927,103.927,103.862,103.906,796.54
2021-01-19 13:40:00+00:00,103.905,103.905,103.877,103.88,254.77
2021-01-19 13:45:00+00:00,103.877,103.887,103.865,103.88,351.32
2021-01-19 13:50:00+00:00,103.88,103.908,103.875,103.9,353.01
2021-01-19 13:55:00+00:00,103.901,103.925,103.896,103.917,205.07
2021-01-19 14:00:00+00:00,103.917,103.935,103.913,103.927,307.06
2021-01-19 14:05:00+00:00,103.928,103.93,103.907,103.92,251.86
2021-01-19 14:10:00+00:00,103.923,103.934,103.892,103.892,317.39
2021-01-19 14:15:00+00:00,103.892,103.904,103.873,103.899,522.16
2021-01-19 14:20:00+00:00,103.901,103.901,103.881,103.894,401.72
2021-01-19 14:25:00+00:00,103.894,103.908,103.875,103.903,403.68
2021-01-19 14:30:00+00:00,103.903,103.95,103.903,103.939,694.89
2021-01-19 14:35:00+00:00,103.939,103.973,103.935,103.97,863.78
2021-01-19 14:40:00+00:00,103.969,103.986,103.959,103.986,538.68
2021-01-19 14:45:00+00:00,103.985,103.995,103.973,103.99,573.24
2021-01-19 14:50:00+00:00,103.99,104.001,103.977,103.977,624.5
2021-01-19 14:55:00+00:00,103.978,104.02,103.965,103.997,806.92
2021-01-19 15:00:00+00:00,103.997,104.037,103.945,103.973,739.21
2021-01-19 15:05:00+00:00,103.972,104.007,103.96,104.003,486.19
2021-01-19 15:10:00+00:00,104.003,104.037,103.996,104.034,650.99
2021-01-19 15:15:00+00:00,104.033,104.048,104.016,104.022,872.5
2021-01-19 15:20:00+00:00,104.021,104.037,104.011,104.012,463.06
2021-01-19 15:25:00+00:00,104.012,104.021,104.001,104.005,797.37
2021-01-19 15:30:00+00:00,104.005,104.015,103.977,103.98,815.81
2021-01-19 15:35:00+00:00,103.979,103.99,103.967,103.99,367.78
2021-01-19 15:40:00+00:00,103.99,103.991,103.936,103.94,461.0
2021-01-19 15:45:00+00:00,103.939,103.957,103.93,103.947,415.62
2021-01-19 15:50:00+00:00,103.946,103.964,103.92,103.948,534.94
2021-01-19 15:55:00+00:00,103.947,103.965,103.895,103.908,696.4
2021-01-19 16:00:00+00:00,103.908,103.928,103.887,103.924,632.49
2021-01-19 16:05:00+00:00,103.923,103.923,103.871,103.871,448.06
2021-01-19 16:10:00+00:00,103.869,103.882,103.852,103.866,517.96
2021-01-19 16:15:00+00:00,103.865,103.879,103.848,103.876,467.83
2021-01-19 16:20:00+00:00,103.877,103.889,103.847,103.871,409.41
2021-01-19 16:25:00+00:00,103.872,103.897,103.871,103.888,243.98
2021-01-19 16:30:00+00:00,103.887,103.888,103.873,103.875,332.07
2021-01-19 16:35:00+00:00,103.875,103.887,103.856,103.862,271.49
2021-01-19 16:40:00+00:00,103.864,103.878,103.864,103.865,192.63
2021-01-19 16:45:00+00:00,103.864,103.87,103.84,103.864,309.11
2021-01-19 16:50:00+00:00,103.862,103.863,103.853,103.86,394.79
2021-01-19 16:55:00+00:00,103.859,103.861,103.836,103.861,286.41
2021-01-19 17:00:00+00:00,103.861,103.875,103.856,103.859,230.5
2021-01-19 17:05:00+00:00,103.859,103.912,103.855,103.9,417.39
2021-01-19 17:10:00+00:00,103.9,103.904,103.877,103.892,379.89
2021-01-19 17:15:00+00:00,103.893,103.896,103.87,103.87,182.09
2021-01-19 17:20:00+00:00,103.868,103.881,103.863,103.878,270.16
2021-01-19 17:25:00+00:00,103.88,103.902,103.88,103.888,255.77
2021-01-19 17:30:00+00:00,103.887,103.892,103.883,103.884,214.21
2021-01-19 17:35:00+00:00,103.885,103.885,103.867,103.874,242.68
2021-01-19 17:40:00+00:00,103.874,103.886,103.861,103.87,251.49
2021-01-19 17:45:00+00:00,103.87,103.877,103.865,103.876,157.39
2021-01-19 17:50:00+00:00,103.876,103.897,103.874,103.897,135.02
2021-01-19 17:55:00+00:00,103.898,103.908,103.877,103.878,156.12
2021-01-19 18:00:00+00:00,103.881,103.89,103.873,103.882,198.99
2021-01-19 18:05:00+00:00,103.881,103.883,103.868,103.879,156.01
2021-01-19 18:10:00+00:00,103.879,103.891,103.875,103.884,242.04
2021-01-19 18:15:00+00:00,103.884,103.886,103.87,103.876,148.66
2021-01-19 18:20:00+00:00,103.876,103.884,103.869,103.872,148.98
2021-01-19 18:25:00+00:00,103.872,103.899,103.872,103.895,125.69
2021-01-19 18:30:00+00:00,103.896,103.905,103.896,103.904,58.76
2021-01-19 18:35:00+00:00,103.904,103.904,103.886,103.898,121.32
2021-01-19 18:40:00+00:00,103.897,103.911,103.897,103.909,230.6
2021-01-19 18:45:00+00:00,103.91,103.925,103.908,103.925,137.81
2021-01-19 18:50:00+00:00,103.925,103.925,103.916,103.92,134.38
2021-01-19 18:55:00+00:00,103.92,103.925,103.917,103.923,93.2
2021-01-19 19:00:00+00:00,103.924,103.924,103.91,103.918,344.07
2021-01-19 19:05:00+00:00,103.917,103.917,103.901,103.906,154.56
2021-01-19 19:10:00+00:00,103.907,103.907,103.887,103.888,93.94
2021-01-19 19:15:00+00:00,103.888,103.892,103.881,103.882,101.62
2021-01-19 19:20:00+00:00,103.884,103.893,103.875,103.88,125.15
2021-01-19 19:25:00+00:00,103.88,103.9,103.874,103.897,212.64
2021-01-19 19:30:00+00:00,103.896,103.9,103.885,103.885,200.68
2021-01-19 19:35:00+00:00,103.887,103.89,103.869,103.871,121.48
2021-01-19 19:40:00+00:00,103.87,103.877,103.861,103.871,143.23
2021-01-19 19:45:00+00:00,103.869,103.871,103.86,103.862,65.91
2021-01-19 19:50:00+00:00,103.861,103.874,103.853,103.856,162.18
2021-01-19 19:55:00+00:00,103.856,103.868,103.842,103.868,360.16
2021-01-19 20:00:00+00:00,103.869,103.895,103.866,103.893,527.45
2021-01-19 20:05:00+00:00,103.893,103.9,103.886,103.894,361.75
2021-01-19 20:10:00+00:00,103.893,103.894,103.878,103.881,119.4
2021-01-19 20:15:00+00:00,103.881,103.886,103.88,103.881,106.07
2021-01-19 20:20:00+00:00,103.881,103.894,103.875,103.893,182.24
2021-01-19 20:25:00+00:00,103.892,103.892,103.881,103.891,101.88
2021-01-19 20:30:00+00:00,103.891,103.894,103.884,103.884,89.98
2021-01-19 20:35:00+00:00,103.884,103.895,103.884,103.888,128.2
2021-01-19 20:40:00+00:00,103.891,103.905,103.889,103.897,186.44
2021-01-19 20:45:00+00:00,103.898,103.899,103.886,103.894,164.51
2021-01-19 20:50:00+00:00,103.894,103.899,103.882,103.883,92.79
2021-01-19 20:55:00+00:00,103.882,103.902,103.865,103.877,220.42
2021-01-19 21:00:00+00:00,103.876,103.882,103.871,103.878,112.9
2021-01-19 21:05:00+00:00,103.879,103.891,103.872,103.885,52.79
2021-01-19 21:10:00+00:00,103.885,103.89,103.883,103.889,58.9
2021-01-19 21:15:00+00:00,103.891,103.892,103.884,103.885,86.33
2021-01-19 21:20:00+00:00,103.887,103.888,103.885,103.885,45.96
2021-01-19 21:25:00+00:00,103.885,103.888,103.882,103.887,31.65
2021-01-19 21:30:00+00:00,103.887,103.888,103.885,103.885,20.05
2021-01-19 21:35:00+00:00,103.885,103.896,103.885,103.891,62.91
2021-01-19 21:40:00+00:00,103.892,103.896,103.889,103.896,95.42
2021-01-19 21:45:00+00:00,103.894,103.897,103.89,103.897,135.79
2021-01-19 21:50:00+00:00,103.895,103.905,103.894,103.903,187.48
2021-01-19 21:55:00+00:00,103.903,103.906,103.896,103.899,179.43
2021-01-19 22:00:00+00:00,103.9,103.928,103.89,103.915,50.63
2021-01-19 22:05:00+00:00,103.917,103.926,103.9,103.923,12.04
2021-01-19 22:10:00+00:00,103.923,103.93,103.848,103.864,66.25
2021-01-19 22:15:00+00:00,103.864,103.892,103.863,103.892,92.63
2021-01-19 22:20:00+00:00,103.898,103.905,103.892,103.895,16.6
2021-01-19 22:25:00+00:00,103.894,103.912,103.889,103.892,45.52
2021-01-19 22:30:00+00:00,103.891,103.914,103.891,103.905,61.11
2021-01-19 22:35:00+00:00,103.904,103.907,103.903,103.907,13.0
2021-01-19 22:40:00+00:00,103.908,103.908,103.907,103.907,2.0
2021-01-19 22:45:00+00:00,103.907,103.91,103.907,103.908,30.4
2021-01-19 22:50:00+00:00,103.909,103.91,103.905,103.906,35.69
2021-01-19 22:55:00+00:00,103.905,103.922,103.878,103.922,583.37
2021-01-19 23:00:00+00:00,103.922,103.922,103.889,103.889,363.61
2021-01-19 23:05:00+00:00,103.889,103.892,103.886,103.891,54.74
2021-01-19 23:10:00+00:00,103.891,103.892,103.876,103.885,164.95
2021-01-19 23:15:00+00:00,103.885,103.887,103.883,103.886,52.39
2021-01-19 23:20:00+00:00,103.885,103.895,103.875,103.88,208.97
2021-01-19 23:25:00+00:00,103.879,103.89,103.866,103.888,185.41
2021-01-19 23:30:00+00:00,103.884,103.898,103.881,103.894,206.68
2021-01-19 23:35:00+00:00,103.893,103.903,103.875,103.875,180.12
2021-01-19 23:40:00+00:00,103.873,103.891,103.867,103.878,150.51
2021-01-19 23:45:00+00:00,103.876,103.89,103.871,103.889,122.47
2021-01-19 23:50:00+00:00,103.889,103.898,103.883,103.889,107.32
2021-01-19 23:55:00+00:00,103.889,103.912,103.887,103.899,79.56
2021-01-20 00:00:00+00:00,103.898,103.91,103.882,103.884,668.48
2021-01-20 00:05:00+00:00,103.885,103.891,103.848,103.863,660.24
2021-01-20 00:10:00+00:00,103.864,103.877,103.845,103.871,295.24
2021-01-20 00:15:00+00:00,103.87,103.892,103.868,103.879,312.34
2021-01-20 00:20:00+00:00,103.879,103.879,103.851,103.856,249.62
2021-01-20 00:25:00+00:00,103.855,103.862,103.841,103.843,379.48
2021-01-20 00:30:00+00:00,103.844,103.849,103.822,103.842,314.98
2021-01-20 00:35:00+00:00,103.842,103.864,103.839,103.859,144.49
2021-01-20 00:40:00+00:00,103.858,103.882,103.856,103.877,199.31
2021-01-20 00:45:00+00:00,103.879,103.894,103.878,103.88,289.21
2021-01-20 00:50:00+00:00,103.878,103.929,103.878,103.903,1124.27
2021-01-20 00:55:00+00:00,103.903,103.906,103.88,103.881,505.26
2021-01-20 01:00:00+00:00,103.881,103.881,103.844,103.857,563.82
2021-01-20 01:05:00+00:00,103.86,103.867,103.845,103.853,386.53
2021-01-20 01:10:00+00:00,103.853,103.871,103.85,103.862,237.8
2021-01-20 01:15:00+00:00,103.862,103.864,103.835,103.851,452.93
2021-01-20 01:20:00+00:00,103.85,103.855,103.836,103.844,362.55
2021-01-20 01:25:00+00:00,103.845,103.861,103.835,103.853,398.72
2021-01-20 01:30:00+00:00,103.852,103.861,103.823,103.83,427.03
2021-01-20 01:35:00+00:00,103.83,103.831,103.815,103.824,295.38
2021-01-20 01:40:00+00:00,103.824,103.828,103.805,103.808,243.91
2021-01-20 01:45:00+00:00,103.808,103.812,103.797,103.808,270.76
2021-01-20 01:50:00+00:00,103.808,103.812,103.797,103.808,252.52
2021-01-20 01:55:00+00:00,103.808,103.824,103.802,103.808,341.74
2021-01-20 02:00:00+00:00,103.809,103.809,103.747,103.76,511.7
2021-01-20 02:05:00+00:00,103.76,103.771,103.752,103.763,301.91
2021-01-20 02:10:00+00:00,103.764,103.788,103.756,103.779,304.07
2021-01-20 02:15:00+00:00,103.779,103.787,103.772,103.782,175.07
2021-01-20 02:20:00+00:00,103.782,103.797,103.78,103.788,178.17
2021-01-20 02:25:00+00:00,103.789,103.79,103.766,103.767,259.6
2021-01-20 02:30:00+00:00,103.768,103.782,103.759,103.774,334.03
2021-01-20 02:35:00+00:00,103.774,103.777,103.761,103.763,138.49
2021-01-20 02:40:00+00:00,103.762,103.769,103.758,103.761,158.74
2021-01-20 02:45:00+00:00,103.759,103.764,103.752,103.756,129.05
2021-01-20 02:50:00+00:00,103.76,103.768,103.747,103.75,202.87
2021-01-20 02:55:00+00:00,103.75,103.766,103.746,103.762,312.41
2021-01-20 03:00:00+00:00,103.76,103.761,103.745,103.745,245.15
2021-01-20 03:05:00+00:00,103.746,103.767,103.746,103.757,93.96
2021-01-20 03:10:00+00:00,103.757,103.763,103.753,103.76,175.15
2021-01-20 03:15:00+00:00,103.76,103.766,103.75,103.764,249.55
2021-01-20 03:20:00+00:00,103.765,103.779,103.764,103.777,224.66
2021-01-20 03:25:00+00:00,103.776,103.782,103.766,103.768,382.04
2021-01-20 03:30:00+00:00,103.768,103.778,103.762,103.775,163.72
2021-01-20 03:35:00+00:00,103.775,103.779,103.774,103.776,114.23
2021-01-20 03:40:00+00:00,103.776,103.777,103.764,103.774,147.68
2021-01-20 03:45:00+00:00,103.775,103.779,103.768,103.774,101.02
2021-01-20 03:50:00+00:00,103.774,103.784,103.773,103.782,119.21
2021-01-20 03:55:00+00:00,103.781,103.783,103.776,103.779,105.79
2021-01-20 04:00:00+00:00,103.779,103.785,103.779,103.784,57.69
2021-01-20 04:05:00+00:00,103.784,103.784,103.768,103.776,205.35
2021-01-20 04:10:00+00:00,103.776,103.776,103.747,103.749,237.83
2021-01-20 04:15:00+00:00,103.747,103.747,103.729,103.744,191.7
2021-01-20 04:20:00+00:00,103.745,103.75,103.743,103.747,82.57
2021-01-20 04:25:00+00:00,103.747,103.754,103.745,103.752,63.08
2021-01-20 04:30:00+00:00,103.751,103.753,103.745,103.745,89.99
2021-01-20 04:35:00+00:00,103.745,103.756,103.743,103.754,91.7
2021-01-20 04:40:00+00:00,103.755,103.765,103.755,103.758,58.81
2021-01-20 04:45:00+00:00,103.758,103.766,103.756,103.766,108.26
2021-01-20 04:50:00+00:00,103.765,103.77,103.759,103.764,124.77
2021-01-20 04:55:00+00:00,103.762,103.77,103.762,103.768,155.41
2021-01-20 05:00:00+00:00,103.766,103.768,103.751,103.755,276.61
2021-01-20 05:05:00+00:00,103.754,103.754,103.744,103.744,152.88
2021-01-20 05:10:00+00:00,103.745,103.751,103.741,103.748,177.22
2021-01-20 05:15:00+00:00,103.748,103.75,103.742,103.749,140.37
2021-01-20 05:20:00+00:00,103.748,103.76,103.748,103.759,62.13
2021-01-20 05:25:00+00:00,103.759,103.764,103.757,103.762,73.02
2021-01-20 05:30:00+00:00,103.762,103.762,103.756,103.759,59.76
2021-01-20 05:35:00+00:00,103.76,103.762,103.754,103.762,68.24
2021-01-20 05:40:00+00:00,103.761,103.764,103.758,103.761,65.89
2021-01-20 05:45:00+00:00,103.762,103.768,103.748,103.754,104.15
2021-01-20 05:50:00+00:00,103.755,103.759,103.753,103.754,87.25
2021-01-20 05:55:00+00:00,103.755,103.762,103.746,103.746,172.61
2021-01-20 06:00:00+00:00,103.748,103.754,103.738,103.739,195.78
2021-01-20 06:05:00+00:00,103.739,103.744,103.728,103.736,225.97
2021-01-20 06:10:00+00:00,103.735,103.735,103.723,103.733,185.18
2021-01-20 06:15:00+00:00,103.733,103.751,103.729,103.748,157.19
2021-01-20 06:20:00+00:00,103.749,103.765,103.749,103.756,82.5
2021-01-20 06:25:00+00:00,103.757,103.766,103.754,103.766,106.43
2021-01-20 06:30:00+00:00,103.765,103.765,103.735,103.74,180.38
2021-01-20 06:35:00+00:00,103.741,103.742,103.733,103.738,258.89
2021-01-20 06:40:00+00:00,103.735,103.739,103.724,103.726,276.75
2021-01-20 06:45:00+00:00,103.726,103.74,103.723,103.74,195.35
2021-01-20 06:50:00+00:00,103.739,103.745,103.732,103.745,155.16
2021-01-20 06:55:00+00:00,103.746,103.756,103.735,103.756,204.07
2021-01-20 07:00:00+00:00,103.754,103.772,103.747,103.768,305.34
2021-01-20 07:05:00+00:00,103.768,103.81,103.768,103.808,587.02
2021-01-20 07:10:00+00:00,103.808,103.809,103.786,103.796,355.07
2021-01-20 07:15:00+00:00,103.796,103.796,103.773,103.778,429.48
2021-01-20 07:20:00+00:00,103.779,103.783,103.752,103.752,541.36
2021-01-20 07:25:00+00:00,103.752,103.754,103.739,103.749,434.83
2021-01-20 07:30:00+00:00,103.748,103.753,103.728,103.749,420.33
2021-01-20 07:35:00+00:00,103.752,103.753,103.731,103.735,307.29
2021-01-20 07:40:00+00:00,103.735,103.744,103.714,103.721,204.7
2021-01-20 07:45:00+00:00,103.722,103.742,103.721,103.739,258.94
2021-01-20 07:50:00+00:00,103.74,103.762,103.74,103.753,294.55
2021-01-20 07:55:00+00:00,103.754,103.757,103.734,103.74,329.96
2021-01-20 08:00:00+00:00,103.741,103.753,103.72,103.726,655.28
2021-01-20 08:05:00+00:00,103.724,103.78,103.721,103.776,657.49
2021-01-20 08:10:00+00:00,103.775,103.792,103.773,103.779,657.54
2021-01-20 08:15:00+00:00,103.781,103.788,103.761,103.77,499.04
2021-01-20 08:20:00+00:00,103.77,103.775,103.761,103.77,380.51
2021-01-20 08:25:00+00:00,103.77,103.772,103.745,103.754,441.79
2021-01-20 08:30:00+00:00,103.753,103.804,103.753,103.794,607.95
2021-01-20 08:35:00+00:00,103.794,103.799,103.781,103.788,734.6
2021-01-20 08:40:00+00:00,103.788,103.823,103.78,103.816,458.96
2021-01-20 08:45:00+00:00,103.816,103.834,103.816,103.831,507.57
2021-01-20 08:50:00+00:00,103.829,103.838,103.78,103.787,608.63
2021-01-20 08:55:00+00:00,103.788,103.79,103.773,103.777,366.11
2021-01-20 09:00:00+00:00,103.778,103.789,103.767,103.778,556.06
2021-01-20 09:05:00+00:00,103.777,103.777,103.742,103.75,835.75
2021-01-20 09:10:00+00:00,103.749,103.759,103.743,103.759,688.96
2021-01-20 09:15:00+00:00,103.761,103.781,103.756,103.771,474.74
2021-01-20 09:20:00+00:00,103.77,103.788,103.761,103.784,766.23
2021-01-20 09:25:00+00:00,103.783,103.797,103.775,103.797,453.2
2021-01-20 09:30:00+00:00,103.795,103.801,103.782,103.793,256.67
2021-01-20 09:35:00+00:00,103.792,103.817,103.79,103.81,458.53
2021-01-20 09:40:00+00:00,103.809,103.809,103.775,103.777,608.71
2021-01-20 09:45:00+00:00,103.778,103.808,103.772,103.807,507.27
2021-01-20 09:50:00+00:00,103.807,103.824,103.791,103.805,810.53
2021-01-20 09:55:00+00:00,103.805,103.808,103.781,103.792,343.26
2021-01-20 10:00:00+00:00,103.793,103.803,103.783,103.798,397.91
2021-01-20 10:05:00+00:00,103.799,103.805,103.786,103.797,387.72
2021-01-20 10:10:00+00:00,103.797,103.812,103.785,103.795,388.79
2021-01-20 10:15:00+00:00,103.795,103.804,103.795,103.797,179.05
2021-01-20 10:20:00+00:00,103.797,103.818,103.791,103.8,681.61
2021-01-20 10:25:00+00:00,103.798,103.81,103.793,103.805,275.15
2021-01-20 10:30:00+00:00,103.804,103.808,103.784,103.784,265.65
2021-01-20 10:35:00+00:00,103.786,103.796,103.78,103.79,166.53
2021-01-20 10:40:00+00:00,103.791,103.792,103.768,103.768,326.15
2021-01-20 10:45:00+00:00,103.768,103.794,103.753,103.791,444.13
2021-01-20 10:50:00+00:00,103.789,103.798,103.777,103.786,269.08
2021-01-20 10:55:00+00:00,103.786,103.798,103.78,103.795,302.78
2021-01-20 11:00:00+00:00,103.796,103.806,103.791,103.803,356.0
2021-01-20 11:05:00+00:00,103.805,103.81,103.797,103.805,280.81
2021-01-20 11:10:00+00:00,103.804,103.806,103.798,103.804,177.4
2021-01-20 11:15:00+00:00,103.805,103.816,103.801,103.809,429.85
2021-01-20 11:20:00+00:00,103.809,103.82,103.808,103.815,764.18
2021-01-20 11:25:00+00:00,103.814,103.823,103.813,103.82,446.66
2021-01-20 11:30:00+00:00,103.82,103.833,103.82,103.829,663.08
2021-01-20 11:35:00+00:00,103.828,103.831,103.807,103.812,186.37
2021-01-20 11:40:00+00:00,103.811,103.821,103.802,103.805,166.71
2021-01-20 11:45:00+00:00,103.806,103.813,103.794,103.804,200.68
2021-01-20 11:50:00+00:00,103.806,103.808,103.803,103.807,142.65
2021-01-20 11:55:00+00:00,103.807,103.825,103.806,103.82,217.81
2021-01-20 12:00:00+00:00,103.82,103.825,103.811,103.823,198.32
2021-01-20 12:05:00+00:00,103.821,103.829,103.813,103.824,233.19
2021-01-20 12:10:00+00:00,103.824,103.828,103.816,103.82,134.04
2021-01-20 12:15:00+00:00,103.82,103.836,103.816,103.826,232.36
2021-01-20 12:20:00+00:00,103.827,103.827,103.807,103.812,211.36
2021-01-20 12:25:00+00:00,103.813,103.813,103.796,103.811,218.01
2021-01-20 12:30:00+00:00,103.812,103.817,103.791,103.791,220.37
2021-01-20 12:35:00+00:00,103.793,103.798,103.788,103.792,155.36
2021-01-20 12:40:00+00:00,103.793,103.8,103.791,103.799,123.18
2021-01-20 12:45:00+00:00,103.8,103.826,103.798,103.82,211.42
2021-01-20 12:50:00+00:00,103.819,103.832,103.812,103.83,444.52
2021-01-20 12:55:00+00:00,103.83,103.832,103.818,103.825,288.69
2021-01-20 13:00:00+00:00,103.826,103.843,103.822,103.837,542.65
2021-01-20 13:05:00+00:00,103.837,103.838,103.821,103.832,276.53
2021-01-20 13:10:00+00:00,103.833,103.833,103.814,103.815,363.08
2021-01-20 13:15:00+00:00,103.816,103.824,103.795,103.799,457.0
2021-01-20 13:20:00+00:00,103.8,103.815,103.793,103.8,322.28
2021-01-20 13:25:00+00:00,103.798,103.827,103.791,103.826,283.54
2021-01-20 13:30:00+00:00,103.824,103.825,103.803,103.816,249.13
2021-01-20 13:35:00+00:00,103.817,103.829,103.81,103.824,233.77
2021-01-20 13:40:00+00:00,103.823,103.823,103.802,103.802,251.26
2021-01-20 13:45:00+00:00,103.803,103.816,103.798,103.801,193.8
2021-01-20 13:50:00+00:00,103.801,103.802,103.778,103.781,244.28
2021-01-20 13:55:00+00:00,103.78,103.78,103.735,103.746,503.85
2021-01-20 14:00:00+00:00,103.745,103.757,103.727,103.734,696.03
2021-01-20 14:05:00+00:00,103.733,103.76,103.721,103.75,548.65
2021-01-20 14:10:00+00:00,103.753,103.763,103.739,103.754,473.76
2021-01-20 14:15:00+00:00,103.754,103.756,103.735,103.749,281.45
2021-01-20 14:20:00+00:00,103.748,103.751,103.725,103.748,504.74
2021-01-20 14:25:00+00:00,103.748,103.773,103.739,103.761,536.26
2021-01-20 14:30:00+00:00,103.761,103.772,103.751,103.753,621.71
2021-01-20 14:35:00+00:00,103.754,103.762,103.7,103.71,752.82
2021-01-20 14:40:00+00:00,103.71,103.725,103.696,103.717,427.66
2021-01-20 14:45:00+00:00,103.716,103.733,103.703,103.705,492.84
2021-01-20 14:50:00+00:00,103.706,103.778,103.696,103.778,986.24
2021-01-20 14:55:00+00:00,103.777,103.787,103.769,103.776,847.32
2021-01-20 15:00:00+00:00,103.778,103.778,103.722,103.728,593.94
2021-01-20 15:05:00+00:00,103.73,103.735,103.633,103.644,655.44
2021-01-20 15:10:00+00:00,103.646,103.648,103.557,103.58,933.25
2021-01-20 15:15:00+00:00,103.582,103.584,103.509,103.522,1168.15
2021-01-20 15:20:00+00:00,103.521,103.582,103.512,103.552,940.92
2021-01-20 15:25:00+00:00,103.551,103.593,103.525,103.565,710.83
2021-01-20 15:30:00+00:00,103.562,103.569,103.534,103.535,486.36
2021-01-20 15:35:00+00:00,103.534,103.557,103.521,103.543,454.53
2021-01-20 15:40:00+00:00,103.541,103.541,103.47,103.537,737.23
2021-01-20 15:45:00+00:00,103.535,103.535,103.445,103.485,760.85
2021-01-20 15:50:00+00:00,103.483,103.541,103.464,103.538,626.52
2021-01-20 15:55:00+00:00,103.541,103.582,103.522,103.551,853.89
2021-01-20 16:00:00+00:00,103.554,103.589,103.541,103.589,620.75
2021-01-20 16:05:00+00:00,103.587,103.605,103.568,103.574,589.76
2021-01-20 16:10:00+00:00,103.574,103.581,103.558,103.567,301.89
2021-01-20 16:15:00+00:00,103.567,103.62,103.559,103.619,499.68
2021-01-20 16:20:00+00:00,103.617,103.618,103.592,103.61,337.08
2021-01-20 16:25:00+00:00,103.61,103.621,103.602,103.606,314.97
2021-01-20 16:30:00+00:00,103.607,103.619,103.588,103.595,418.11
2021-01-20 16:35:00+00:00,103.598,103.606,103.588,103.595,260.11
2021-01-20 16:40:00+00:00,103.594,103.599,103.582,103.583,473.75
2021-01-20 16:45:00+00:00,103.583,103.589,103.576,103.577,218.69
2021-01-20 16:50:00+00:00,103.576,103.585,103.567,103.583,164.58
2021-01-20 16:55:00+00:00,103.581,103.585,103.549,103.56,290.7
2021-01-20 17:00:00+00:00,103.558,103.566,103.542,103.565,250.51
2021-01-20 17:05:00+00:00,103.564,103.577,103.563,103.577,230.48
2021-01-20 17:10:00+00:00,103.576,103.594,103.572,103.584,204.96
2021-01-20 17:15:00+00:00,103.584,103.612,103.579,103.609,129.08
2021-01-20 17:20:00+00:00,103.608,103.622,103.584,103.59,226.99
2021-01-20 17:25:00+00:00,103.588,103.608,103.575,103.606,126.89
2021-01-20 17:30:00+00:00,103.604,103.614,103.588,103.59,299.16
2021-01-20 17:35:00+00:00,103.589,103.609,103.588,103.607,146.86
2021-01-20 17:40:00+00:00,103.607,103.61,103.6,103.608,176.19
2021-01-20 17:45:00+00:00,103.608,103.608,103.589,103.6,164.49
2021-01-20 17:50:00+00:00,103.599,103.599,103.577,103.577,103.63
2021-01-20 17:55:00+00:00,103.579,103.605,103.574,103.602,237.74
2021-01-20 18:00:00+00:00,103.6,103.616,103.589,103.6,355.61
2021-01-20 18:05:00+00:00,103.604,103.638,103.604,103.637,316.24
2021-01-20 18:10:00+00:00,103.636,103.636,103.607,103.615,201.73
2021-01-20 18:15:00+00:00,103.614,103.619,103.602,103.608,156.85
2021-01-20 18:20:00+00:00,103.606,103.609,103.594,103.594,148.99
2021-01-20 18:25:00+00:00,103.595,103.602,103.588,103.59,252.98
2021-01-20 18:30:00+00:00,103.589,103.6,103.585,103.585,164.23
2021-01-20 18:35:00+00:00,103.586,103.596,103.585,103.594,227.09
2021-01-20 18:40:00+00:00,103.593,103.604,103.589,103.595,111.28
2021-01-20 18:45:00+00:00,103.595,103.6,103.583,103.583,142.94
2021-01-20 18:50:00+00:00,103.584,103.596,103.584,103.592,146.2
2021-01-20 18:55:00+00:00,103.593,103.595,103.58,103.587,227.43
2021-01-20 19:00:00+00:00,103.587,103.604,103.586,103.6,198.09
2021-01-20 19:05:00+00:00,103.601,103.609,103.586,103.587,161.28
2021-01-20 19:10:00+00:00,103.585,103.588,103.573,103.588,173.3
2021-01-20 19:15:00+00:00,103.587,103.589,103.582,103.587,90.9
2021-01-20 19:20:00+00:00,103.587,103.59,103.58,103.583,170.12
2021-01-20 19:25:00+00:00,103.581,103.586,103.578,103.585,78.61
2021-01-20 19:30:00+00:00,103.584,103.584,103.558,103.571,304.87
2021-01-20 19:35:00+00:00,103.571,103.573,103.558,103.57,119.61
2021-01-20 19:40:00+00:00,103.569,103.569,103.557,103.562,139.8
2021-01-20 19:45:00+00:00,103.563,103.573,103.559,103.559,134.57
2021-01-20 19:50:00+00:00,103.558,103.56,103.543,103.543,166.89
2021-01-20 19:55:00+00:00,103.543,103.544,103.532,103.535,433.96
2021-01-20 20:00:00+00:00,103.538,103.561,103.528,103.529,492.7
2021-01-20 20:05:00+00:00,103.528,103.534,103.519,103.53,353.53
2021-01-20 20:10:00+00:00,103.531,103.533,103.52,103.52,158.31
2021-01-20 20:15:00+00:00,103.521,103.528,103.517,103.525,108.49
2021-01-20 20:20:00+00:00,103.525,103.536,103.521,103.536,98.44
2021-01-20 20:25:00+00:00,103.536,103.542,103.523,103.533,234.69
2021-01-20 20:30:00+00:00,103.532,103.538,103.519,103.536,294.83
2021-01-20 20:35:00+00:00,103.537,103.544,103.528,103.534,216.19
2021-01-20 20:40:00+00:00,103.534,103.561,103.531,103.559,350.09
2021-01-20 20:45:00+00:00,103.559,103.56,103.542,103.549,114.44
2021-01-20 20:50:00+00:00,103.549,103.564,103.546,103.548,163.13
2021-01-20 20:55:00+00:00,103.548,103.551,103.512,103.519,295.75
2021-01-20 21:00:00+00:00,103.518,103.536,103.518,103.519,132.49
2021-01-20 21:05:00+00:00,103.52,103.536,103.519,103.534,286.72
2021-01-20 21:10:00+00:00,103.534,103.538,103.533,103.537,48.82
2021-01-20 21:15:00+00:00,103.537,103.537,103.527,103.531,46.57
2021-01-20 21:20:00+00:00,103.53,103.537,103.529,103.531,56.09
2021-01-20 21:25:00+00:00,103.529,103.538,103.526,103.527,94.39
2021-01-20 21:30:00+00:00,103.527,103.53,103.521,103.522,202.32
2021-01-20 21:35:00+00:00,103.523,103.528,103.518,103.528,257.5
2021-01-20 21:40:00+00:00,103.529,103.54,103.527,103.538,411.37
2021-01-20 21:45:00+00:00,103.539,103.54,103.535,103.537,327.5
2021-01-20 21:50:00+00:00,103.538,103.55,103.538,103.545,476.46
2021-01-20 21:55:00+00:00,103.544,103.545,103.527,103.538,420.51
2021-01-20 22:00:00+00:00,103.53,103.537,103.529,103.534,16.5
2021-01-20 22:05:00+00:00,103.539,103.559,103.539,103.545,109.72
2021-01-20 22:10:00+00:00,103.544,103.548,103.543,103.545,8.5
2021-01-20 22:15:00+00:00,103.537,103.538,103.533,103.537,6.0
2021-01-20 22:20:00+00:00,103.537,103.553,103.532,103.553,151.1
2021-01-20 22:25:00+00:00,103.553,103.554,103.553,103.554,2.0
2021-01-20 22:30:00+00:00,103.554,103.557,103.547,103.553,20.0
2021-01-20 22:35:00+00:00,103.552,103.563,103.547,103.559,54.25
2021-01-20 22:40:00+00:00,103.557,103.558,103.555,103.556,6.0
2021-01-20 22:45:00+00:00,103.557,103.572,103.544,103.558,455.83
2021-01-20 22:50:00+00:00,103.56,103.569,103.559,103.567,386.89
2021-01-20 22:55:00+00:00,103.567,103.57,103.527,103.569,240.63
2021-01-20 23:00:00+00:00,103.571,103.571,103.549,103.556,681.78
2021-01-20 23:05:00+00:00,103.556,103.564,103.536,103.539,256.22
2021-01-20 23:10:00+00:00,103.54,103.543,103.528,103.538,790.12
2021-01-20 23:15:00+00:00,103.539,103.546,103.529,103.538,240.94
2021-01-20 23:20:00+00:00,103.538,103.544,103.529,103.537,268.28
2021-01-20 23:25:00+00:00,103.536,103.544,103.535,103.542,22.25
2021-01-20 23:30:00+00:00,103.541,103.541,103.514,103.522,142.55
2021-01-20 23:35:00+00:00,103.524,103.534,103.52,103.532,214.82
2021-01-20 23:40:00+00:00,103.531,103.54,103.531,103.537,57.91
2021-01-20 23:45:00+00:00,103.535,103.549,103.526,103.547,256.95
2021-01-20 23:50:00+00:00,103.547,103.55,103.54,103.54,93.41
2021-01-20 23:55:00+00:00,103.541,103.558,103.541,103.558,102.15
2021-01-21 00:00:00+00:00,103.557,103.573,103.537,103.571,344.9
2021-01-21 00:05:00+00:00,103.572,103.588,103.571,103.58,255.67
2021-01-21 00:10:00+00:00,103.579,103.584,103.574,103.578,123.99
2021-01-21 00:15:00+00:00,103.578,103.594,103.573,103.591,190.39
2021-01-21 00:20:00+00:00,103.59,103.619,103.586,103.603,465.91
2021-01-21 00:25:00+00:00,103.603,103.622,103.603,103.62,226.72
2021-01-21 00:30:00+00:00,103.619,103.654,103.617,103.646,248.04
2021-01-21 00:35:00+00:00,103.646,103.648,103.628,103.629,167.69
2021-01-21 00:40:00+00:00,103.629,103.652,103.623,103.651,208.28
2021-01-21 00:45:00+00:00,103.652,103.668,103.651,103.652,258.94
2021-01-21 00:50:00+00:00,103.651,103.662,103.613,103.613,718.81
2021-01-21 00:55:00+00:00,103.612,103.619,103.596,103.605,385.56
2021-01-21 01:00:00+00:00,103.607,103.607,103.57,103.571,533.49
2021-01-21 01:05:00+00:00,103.567,103.568,103.53,103.539,949.57
2021-01-21 01:10:00+00:00,103.539,103.541,103.517,103.538,459.79
2021-01-21 01:15:00+00:00,103.538,103.538,103.5,103.516,581.51
2021-01-21 01:20:00+00:00,103.517,103.527,103.501,103.513,633.93
2021-01-21 01:25:00+00:00,103.513,103.54,103.507,103.54,534.02
2021-01-21 01:30:00+00:00,103.541,103.551,103.528,103.541,637.78
2021-01-21 01:35:00+00:00,103.542,103.552,103.534,103.546,468.1
2021-01-21 01:40:00+00:00,103.544,103.558,103.532,103.552,782.38
2021-01-21 01:45:00+00:00,103.552,103.558,103.545,103.547,356.34
2021-01-21 01:50:00+00:00,103.55,103.558,103.546,103.553,487.08
2021-01-21 01:55:00+00:00,103.553,103.556,103.548,103.553,219.94
2021-01-21 02:00:00+00:00,103.553,103.561,103.549,103.555,277.92
2021-01-21 02:05:00+00:00,103.555,103.56,103.549,103.554,175.58
2021-01-21 02:10:00+00:00,103.553,103.582,103.552,103.571,688.84
2021-01-21 02:15:00+00:00,103.571,103.578,103.563,103.57,446.77
2021-01-21 02:20:00+00:00,103.569,103.573,103.552,103.56,756.74
2021-01-21 02:25:00+00:00,103.558,103.564,103.555,103.56,105.18
2021-01-21 02:30:00+00:00,103.561,103.566,103.558,103.558,66.54
2021-01-21 02:35:00+00:00,103.559,103.576,103.558,103.575,76.65
2021-01-21 02:40:00+00:00,103.574,103.578,103.561,103.569,487.98
2021-01-21 02:45:00+00:00,103.568,103.576,103.544,103.544,454.86
2021-01-21 02:50:00+00:00,103.546,103.556,103.532,103.533,250.26
2021-01-21 02:55:00+00:00,103.534,103.542,103.523,103.529,346.95
2021-01-21 03:00:00+00:00,103.529,103.532,103.521,103.532,338.38
2021-01-21 03:05:00+00:00,103.53,103.545,103.53,103.545,156.3
2021-01-21 03:10:00+00:00,103.546,103.555,103.538,103.549,252.69
2021-01-21 03:15:00+00:00,103.547,103.547,103.523,103.527,159.78
2021-01-21 03:20:00+00:00,103.526,103.537,103.526,103.534,155.52
2021-01-21 03:25:00+00:00,103.534,103.534,103.525,103.533,122.02
2021-01-21 03:30:00+00:00,103.531,103.531,103.516,103.516,336.6
2021-01-21 03:35:00+00:00,103.516,103.525,103.512,103.522,305.17
2021-01-21 03:40:00+00:00,103.522,103.523,103.507,103.515,161.91
2021-01-21 03:45:00+00:00,103.516,103.522,103.515,103.517,93.23
2021-01-21 03:50:00+00:00,103.516,103.516,103.496,103.503,177.06
2021-01-21 03:55:00+00:00,103.503,103.516,103.486,103.488,415.8
2021-01-21 04:00:00+00:00,103.49,103.498,103.483,103.494,178.94
2021-01-21 04:05:00+00:00,103.494,103.507,103.49,103.505,155.69
2021-01-21 04:10:00+00:00,103.505,103.515,103.498,103.501,255.87
2021-01-21 04:15:00+00:00,103.5,103.5,103.464,103.478,356.07
2021-01-21 04:20:00+00:00,103.48,103.482,103.468,103.478,168.16
2021-01-21 04:25:00+00:00,103.48,103.482,103.468,103.471,274.21
2021-01-21 04:30:00+00:00,103.471,103.477,103.468,103.471,157.81
2021-01-21 04:35:00+00:00,103.471,103.472,103.436,103.456,280.11
2021-01-21 04:40:00+00:00,103.454,103.464,103.452,103.456,160.31
2021-01-21 04:45:00+00:00,103.457,103.46,103.427,103.429,466.52
2021-01-21 04:50:00+00:00,103.433,103.434,103.402,103.406,470.04
2021-01-21 04:55:00+00:00,103.406,103.422,103.389,103.398,279.44
2021-01-21 05:00:00+00:00,103.398,103.41,103.391,103.407,268.65
2021-01-21 05:05:00+00:00,103.407,103.422,103.407,103.417,130.66
2021-01-21 05:10:00+00:00,103.416,103.416,103.398,103.403,250.66
2021-01-21 05:15:00+00:00,103.403,103.407,103.38,103.382,344.8
2021-01-21 05:20:00+00:00,103.381,103.383,103.333,103.336,578.53
2021-01-21 05:25:00+00:00,103.336,103.365,103.332,103.364,322.0
2021-01-21 05:30:00+00:00,103.365,103.378,103.358,103.377,193.66
2021-01-21 05:35:00+00:00,103.377,103.383,103.355,103.36,214.42
2021-01-21 05:40:00+00:00,103.362,103.4,103.36,103.399,195.97
2021-01-21 05:45:00+00:00,103.399,103.399,103.377,103.382,165.36
2021-01-21 05:50:00+00:00,103.382,103.385,103.367,103.373,250.55
2021-01-21 05:55:00+00:00,103.372,103.372,103.362,103.368,213.76
2021-01-21 06:00:00+00:00,103.37,103.387,103.37,103.381,176.92
2021-01-21 06:05:00+00:00,103.38,103.381,103.371,103.373,115.32
2021-01-21 06:10:00+00:00,103.373,103.374,103.366,103.368,115.38
2021-01-21 06:15:00+00:00,103.368,103.393,103.365,103.392,96.86
2021-01-21 06:20:00+00:00,103.392,103.407,103.386,103.405,181.02
2021-01-21 06:25:00+00:00,103.404,103.404,103.389,103.395,115.31
2021-01-21 06:30:00+00:00,103.394,103.405,103.383,103.399,461.5
2021-01-21 06:35:00+00:00,103.4,103.402,103.382,103.4,139.84
2021-01-21 06:40:00+00:00,103.399,103.443,103.399,103.433,186.0
2021-01-21 06:45:00+00:00,103.434,103.444,103.43,103.435,159.87
2021-01-21 06:50:00+00:00,103.435,103.44,103.397,103.406,275.07
2021-01-21 06:55:00+00:00,103.407,103.41,103.387,103.388,284.41
2021-01-21 07:00:00+00:00,103.388,103.405,103.385,103.4,284.66
2021-01-21 07:05:00+00:00,103.4,103.42,103.4,103.414,207.43
2021-01-21 07:10:00+00:00,103.414,103.419,103.397,103.397,340.99
2021-01-21 07:15:00+00:00,103.397,103.415,103.397,103.404,297.28
2021-01-21 07:20:00+00:00,103.407,103.429,103.404,103.427,307.28
2021-01-21 07:25:00+00:00,103.427,103.458,103.425,103.458,313.04
2021-01-21 07:30:00+00:00,103.457,103.457,103.442,103.454,330.61
2021-01-21 07:35:00+00:00,103.456,103.482,103.442,103.482,553.96
2021-01-21 07:40:00+00:00,103.482,103.483,103.47,103.481,436.79
2021-01-21 07:45:00+00:00,103.482,103.491,103.47,103.472,557.07
2021-01-21 07:50:00+00:00,103.472,103.498,103.463,103.494,419.82
2021-01-21 07:55:00+00:00,103.494,103.542,103.493,103.52,765.9
2021-01-21 08:00:00+00:00,103.521,103.525,103.506,103.514,652.95
2021-01-21 08:05:00+00:00,103.515,103.521,103.49,103.514,393.59
2021-01-21 08:10:00+00:00,103.513,103.546,103.505,103.543,421.97
2021-01-21 08:15:00+00:00,103.543,103.544,103.524,103.542,628.57
2021-01-21 08:20:00+00:00,103.54,103.554,103.521,103.532,956.89
2021-01-21 08:25:00+00:00,103.532,103.544,103.525,103.534,430.65
2021-01-21 08:30:00+00:00,103.535,103.555,103.535,103.545,537.05
2021-01-21 08:35:00+00:00,103.546,103.555,103.518,103.529,977.33
2021-01-21 08:40:00+00:00,103.53,103.53,103.5,103.506,524.96
2021-01-21 08:45:00+00:00,103.508,103.51,103.475,103.494,738.76
2021-01-21 08:50:00+00:00,103.494,103.519,103.493,103.504,506.02
2021-01-21 08:55:00+00:00,103.502,103.515,103.479,103.483,520.73
2021-01-21 09:00:00+00:00,103.482,103.492,103.472,103.487,711.51
2021-01-21 09:05:00+00:00,103.488,103.506,103.487,103.499,307.91
2021-01-21 09:10:00+00:00,103.5,103.501,103.475,103.476,464.05
2021-01-21 09:15:00+00:00,103.476,103.482,103.457,103.465,442.54
2021-01-21 09:20:00+00:00,103.465,103.469,103.45,103.45,380.57
2021-01-21 09:25:00+00:00,103.453,103.463,103.439,103.461,617.12
2021-01-21 09:30:00+00:00,103.461,103.467,103.45,103.451,185.77
2021-01-21 09:35:00+00:00,103.452,103.455,103.429,103.431,473.3
2021-01-21 09:40:00+00:00,103.431,103.444,103.427,103.433,690.26
2021-01-21 09:45:00+00:00,103.433,103.44,103.416,103.417,797.86
2021-01-21 09:50:00+00:00,103.419,103.447,103.419,103.444,395.25
2021-01-21 09:55:00+00:00,103.442,103.442,103.421,103.422,310.76
2021-01-21 10:00:00+00:00,103.422,103.427,103.402,103.404,424.78
2021-01-21 10:05:00+00:00,103.404,103.409,103.377,103.385,544.42
2021-01-21 10:10:00+00:00,103.387,103.409,103.381,103.4,583.34
2021-01-21 10:15:00+00:00,103.4,103.404,103.398,103.403,176.12
2021-01-21 10:20:00+00:00,103.404,103.413,103.392,103.404,841.98
2021-01-21 10:25:00+00:00,103.404,103.407,103.392,103.407,482.99
2021-01-21 10:30:00+00:00,103.408,103.434,103.401,103.427,916.12
2021-01-21 10:35:00+00:00,103.427,103.429,103.403,103.405,349.54
2021-01-21 10:40:00+00:00,103.404,103.416,103.392,103.393,262.75
2021-01-21 10:45:00+00:00,103.393,103.4,103.374,103.398,392.31
2021-01-21 10:50:00+00:00,103.398,103.404,103.393,103.404,142.8
2021-01-21 10:55:00+00:00,103.406,103.422,103.404,103.404,400.91
2021-01-21 11:00:00+00:00,103.403,103.426,103.403,103.422,303.21
2021-01-21 11:05:00+00:00,103.422,103.434,103.411,103.431,260.78
2021-01-21 11:10:00+00:00,103.431,103.442,103.43,103.438,222.61
2021-01-21 11:15:00+00:00,103.439,103.44,103.428,103.432,378.25
2021-01-21 11:20:00+00:00,103.431,103.435,103.422,103.431,284.79
2021-01-21 11:25:00+00:00,103.429,103.431,103.413,103.417,235.62
2021-01-21 11:30:00+00:00,103.418,103.428,103.417,103.424,203.2
2021-01-21 11:35:00+00:00,103.425,103.434,103.416,103.416,270.23
2021-01-21 11:40:00+00:00,103.416,103.424,103.39,103.414,369.68
2021-01-21 11:45:00+00:00,103.415,103.421,103.402,103.407,207.93
2021-01-21 11:50:00+00:00,103.407,103.427,103.407,103.414,166.79
2021-01-21 11:55:00+00:00,103.414,103.414,103.396,103.412,321.9
2021-01-21 12:00:00+00:00,103.412,103.412,103.394,103.396,360.94
2021-01-21 12:05:00+00:00,103.395,103.411,103.39,103.402,362.66
2021-01-21 12:10:00+00:00,103.403,103.419,103.381,103.385,312.96
2021-01-21 12:15:00+00:00,103.385,103.385,103.369,103.379,527.58
2021-01-21 12:20:00+00:00,103.379,103.379,103.327,103.335,882.41
2021-01-21 12:25:00+00:00,103.334,103.364,103.327,103.36,475.7
2021-01-21 12:30:00+00:00,103.361,103.371,103.354,103.366,289.11
2021-01-21 12:35:00+00:00,103.367,103.392,103.361,103.391,248.43
2021-01-21 12:40:00+00:00,103.39,103.43,103.378,103.419,297.22
2021-01-21 12:45:00+00:00,103.419,103.42,103.376,103.389,603.25
2021-01-21 12:50:00+00:00,103.389,103.451,103.38,103.436,831.76
2021-01-21 12:55:00+00:00,103.437,103.465,103.434,103.45,365.33
2021-01-21 13:00:00+00:00,103.449,103.461,103.44,103.445,603.39
2021-01-21 13:05:00+00:00,103.444,103.444,103.402,103.41,663.71
2021-01-21 13:10:00+00:00,103.412,103.412,103.368,103.403,508.54
2021-01-21 13:15:00+00:00,103.402,103.425,103.387,103.413,324.89
2021-01-21 13:20:00+00:00,103.414,103.44,103.413,103.423,435.84
2021-01-21 13:25:00+00:00,103.422,103.462,103.406,103.462,311.73
2021-01-21 13:30:00+00:00,103.461,103.509,103.455,103.495,558.25
2021-01-21 13:35:00+00:00,103.493,103.542,103.471,103.503,853.9
2021-01-21 13:40:00+00:00,103.503,103.537,103.479,103.536,669.16
2021-01-21 13:45:00+00:00,103.536,103.537,103.492,103.492,919.11
2021-01-21 13:50:00+00:00,103.49,103.571,103.47,103.567,911.1
2021-01-21 13:55:00+00:00,103.565,103.6,103.558,103.577,951.29
2021-01-21 14:00:00+00:00,103.578,103.629,103.563,103.585,675.46
2021-01-21 14:05:00+00:00,103.585,103.621,103.575,103.621,550.91
2021-01-21 14:10:00+00:00,103.619,103.662,103.596,103.603,918.52
2021-01-21 14:15:00+00:00,103.602,103.605,103.57,103.587,727.45
2021-01-21 14:20:00+00:00,103.584,103.593,103.564,103.591,665.78
2021-01-21 14:25:00+00:00,103.591,103.608,103.569,103.581,787.64
2021-01-21 14:30:00+00:00,103.581,103.584,103.551,103.564,1101.73
2021-01-21 14:35:00+00:00,103.564,103.624,103.559,103.612,1050.62
2021-01-21 14:40:00+00:00,103.611,103.617,103.585,103.603,1360.8
2021-01-21 14:45:00+00:00,103.606,103.612,103.579,103.591,1030.56
2021-01-21 14:50:00+00:00,103.59,103.635,103.583,103.613,942.92
2021-01-21 14:55:00+00:00,103.612,103.619,103.568,103.573,639.83
2021-01-21 15:00:00+00:00,103.573,103.577,103.536,103.56,801.55
2021-01-21 15:05:00+00:00,103.562,103.571,103.532,103.543,766.24
2021-01-21 15:10:00+00:00,103.543,103.546,103.517,103.537,750.56
2021-01-21 15:15:00+00:00,103.538,103.538,103.516,103.521,747.75
2021-01-21 15:20:00+00:00,103.521,103.533,103.474,103.477,856.42
2021-01-21 15:25:00+00:00,103.478,103.486,103.468,103.485,621.07
2021-01-21 15:30:00+00:00,103.485,103.523,103.474,103.514,359.26
2021-01-21 15:35:00+00:00,103.517,103.541,103.507,103.532,393.67
2021-01-21 15:40:00+00:00,103.532,103.537,103.485,103.49,434.78
2021-01-21 15:45:00+00:00,103.489,103.491,103.454,103.458,401.5
2021-01-21 15:50:00+00:00,103.458,103.52,103.456,103.518,565.46
2021-01-21 15:55:00+00:00,103.517,103.575,103.494,103.561,1194.09
2021-01-21 16:00:00+00:00,103.561,103.587,103.54,103.546,977.29
2021-01-21 16:05:00+00:00,103.547,103.569,103.537,103.544,523.57
2021-01-21 16:10:00+00:00,103.546,103.566,103.538,103.552,417.24
2021-01-21 16:15:00+00:00,103.552,103.559,103.535,103.55,313.66
2021-01-21 16:20:00+00:00,103.551,103.551,103.525,103.544,355.87
2021-01-21 16:25:00+00:00,103.544,103.547,103.535,103.54,185.36
2021-01-21 16:30:00+00:00,103.539,103.542,103.526,103.541,544.3
2021-01-21 16:35:00+00:00,103.544,103.58,103.539,103.578,523.0
2021-01-21 16:40:00+00:00,103.577,103.6,103.575,103.592,448.17
2021-01-21 16:45:00+00:00,103.592,103.598,103.547,103.558,487.56
2021-01-21 16:50:00+00:00,103.557,103.584,103.554,103.583,309.35
2021-01-21 16:55:00+00:00,103.582,103.599,103.572,103.574,282.64
2021-01-21 17:00:00+00:00,103.574,103.581,103.561,103.572,411.52
2021-01-21 17:05:00+00:00,103.572,103.572,103.555,103.564,346.79
2021-01-21 17:10:00+00:00,103.565,103.61,103.564,103.599,297.99
2021-01-21 17:15:00+00:00,103.597,103.623,103.594,103.617,302.12
2021-01-21 17:20:00+00:00,103.617,103.617,103.58,103.585,302.51
2021-01-21 17:25:00+00:00,103.585,103.59,103.571,103.582,337.21
2021-01-21 17:30:00+00:00,103.581,103.588,103.565,103.566,247.2
2021-01-21 17:35:00+00:00,103.566,103.568,103.552,103.561,184.73
2021-01-21 17:40:00+00:00,103.561,103.574,103.56,103.572,182.93
2021-01-21 17:45:00+00:00,103.574,103.575,103.545,103.551,245.14
2021-01-21 17:50:00+00:00,103.551,103.56,103.548,103.554,181.11
2021-01-21 17:55:00+00:00,103.553,103.553,103.541,103.55,308.49
2021-01-21 18:00:00+00:00,103.55,103.55,103.535,103.536,137.21
2021-01-21 18:05:00+00:00,103.536,103.551,103.525,103.55,157.77
2021-01-21 18:10:00+00:00,103.551,103.561,103.542,103.554,141.84
2021-01-21 18:15:00+00:00,103.554,103.57,103.554,103.563,215.43
2021-01-21 18:20:00+00:00,103.563,103.563,103.546,103.556,184.4
2021-01-21 18:25:00+00:00,103.555,103.557,103.546,103.546,145.35
2021-01-21 18:30:00+00:00,103.546,103.556,103.545,103.556,122.07
2021-01-21 18:35:00+00:00,103.556,103.558,103.532,103.539,162.31
2021-01-21 18:40:00+00:00,103.54,103.544,103.535,103.535,132.98
2021-01-21 18:45:00+00:00,103.535,103.561,103.534,103.554,194.61
2021-01-21 18:50:00+00:00,103.554,103.555,103.54,103.545,127.18
2021-01-21 18:55:00+00:00,103.544,103.544,103.531,103.54,67.34
2021-01-21 19:00:00+00:00,103.541,103.546,103.539,103.54,75.11
2021-01-21 19:05:00+00:00,103.54,103.544,103.527,103.535,150.24
2021-01-21 19:10:00+00:00,103.535,103.535,103.51,103.52,241.59
2021-01-21 19:15:00+00:00,103.519,103.54,103.518,103.536,193.54
2021-01-21 19:20:00+00:00,103.537,103.539,103.516,103.522,174.76
2021-01-21 19:25:00+00:00,103.523,103.523,103.497,103.507,146.97
2021-01-21 19:30:00+00:00,103.51,103.529,103.51,103.515,108.7
2021-01-21 19:35:00+00:00,103.515,103.517,103.505,103.513,132.78
2021-01-21 19:40:00+00:00,103.513,103.515,103.508,103.509,41.52
2021-01-21 19:45:00+00:00,103.511,103.528,103.507,103.528,155.08
2021-01-21 19:50:00+00:00,103.527,103.539,103.521,103.526,170.08
2021-01-21 19:55:00+00:00,103.526,103.534,103.506,103.508,364.25
2021-01-21 20:00:00+00:00,103.508,103.548,103.508,103.524,681.97
2021-01-21 20:05:00+00:00,103.525,103.533,103.52,103.524,369.83
2021-01-21 20:10:00+00:00,103.525,103.545,103.525,103.541,145.4
2021-01-21 20:15:00+00:00,103.541,103.541,103.531,103.533,151.67
2021-01-21 20:20:00+00:00,103.533,103.537,103.53,103.533,145.06
2021-01-21 20:25:00+00:00,103.534,103.537,103.528,103.529,226.5
2021-01-21 20:30:00+00:00,103.529,103.531,103.515,103.517,156.11
2021-01-21 20:35:00+00:00,103.517,103.523,103.516,103.523,192.1
2021-01-21 20:40:00+00:00,103.524,103.524,103.517,103.518,126.91
2021-01-21 20:45:00+00:00,103.518,103.518,103.503,103.506,213.94
2021-01-21 20:50:00+00:00,103.505,103.505,103.485,103.487,259.79
2021-01-21 20:55:00+00:00,103.492,103.499,103.477,103.494,357.13
2021-01-21 21:00:00+00:00,103.494,103.511,103.493,103.502,222.76
2021-01-21 21:05:00+00:00,103.501,103.508,103.5,103.502,58.55
2021-01-21 21:10:00+00:00,103.502,103.506,103.499,103.499,163.34
2021-01-21 21:15:00+00:00,103.499,103.507,103.499,103.506,74.03
2021-01-21 21:20:00+00:00,103.506,103.514,103.505,103.506,55.78
2021-01-21 21:25:00+00:00,103.506,103.513,103.506,103.512,127.36
2021-01-21 21:30:00+00:00,103.516,103.521,103.51,103.512,92.8
2021-01-21 21:35:00+00:00,103.511,103.518,103.511,103.513,61.06
2021-01-21 21:40:00+00:00,103.514,103.524,103.514,103.516,89.11
2021-01-21 21:45:00+00:00,103.516,103.516,103.487,103.492,271.45
2021-01-21 21:50:00+00:00,103.493,103.495,103.488,103.489,207.85
2021-01-21 21:55:00+00:00,103.488,103.501,103.482,103.496,147.54
2021-01-21 22:00:00+00:00,103.506,103.508,103.493,103.501,13.5
2021-01-21 22:05:00+00:00,103.502,103.505,103.497,103.497,6.19
2021-01-21 22:10:00+00:00,103.499,103.503,103.496,103.501,18.75
2021-01-21 22:15:00+00:00,103.497,103.505,103.497,103.502,24.37
2021-01-21 22:20:00+00:00,103.497,103.516,103.488,103.5,109.93
2021-01-21 22:25:00+00:00,103.5,103.519,103.493,103.505,1809.06
2021-01-21 22:30:00+00:00,103.502,103.508,103.495,103.507,119.48
2021-01-21 22:35:00+00:00,103.51,103.518,103.501,103.506,133.46
2021-01-21 22:40:00+00:00,103.507,103.511,103.498,103.505,42.1
2021-01-21 22:45:00+00:00,103.505,103.512,103.502,103.503,7.55
2021-01-21 22:50:00+00:00,103.502,103.515,103.497,103.508,115.39
2021-01-21 22:55:00+00:00,103.507,103.509,103.499,103.5,104.42
2021-01-21 23:00:00+00:00,103.5,103.505,103.489,103.494,275.89
2021-01-21 23:05:00+00:00,103.493,103.493,103.483,103.488,422.98
2021-01-21 23:10:00+00:00,103.488,103.495,103.484,103.49,254.81
2021-01-21 23:15:00+00:00,103.489,103.494,103.486,103.49,64.58
2021-01-21 23:20:00+00:00,103.489,103.52,103.489,103.501,173.43
2021-01-21 23:25:00+00:00,103.5,103.5,103.484,103.495,249.25
2021-01-21 23:30:00+00:00,103.496,103.496,103.484,103.491,281.35
2021-01-21 23:35:00+00:00,103.49,103.509,103.484,103.504,176.86
2021-01-21 23:40:00+00:00,103.503,103.517,103.501,103.513,192.37
2021-01-21 23:45:00+00:00,103.512,103.519,103.503,103.503,215.54
2021-01-21 23:50:00+00:00,103.502,103.517,103.502,103.508,101.76
2021-01-21 23:55:00+00:00,103.508,103.517,103.505,103.51,129.05
2021-01-22 00:00:00+00:00,103.509,103.533,103.502,103.514,361.26
2021-01-22 00:05:00+00:00,103.515,103.526,103.504,103.526,262.5
2021-01-22 00:10:00+00:00,103.526,103.526,103.492,103.505,356.46
2021-01-22 00:15:00+00:00,103.505,103.542,103.5,103.54,433.53
2021-01-22 00:20:00+00:00,103.54,103.563,103.536,103.551,460.26
2021-01-22 00:25:00+00:00,103.55,103.572,103.546,103.56,608.33
2021-01-22 00:30:00+00:00,103.561,103.568,103.541,103.543,343.35
2021-01-22 00:35:00+00:00,103.543,103.554,103.543,103.549,203.42
2021-01-22 00:40:00+00:00,103.547,103.554,103.537,103.541,219.42
2021-01-22 00:45:00+00:00,103.54,103.54,103.527,103.536,195.48
2021-01-22 00:50:00+00:00,103.537,103.544,103.499,103.512,544.72
2021-01-22 00:55:00+00:00,103.511,103.539,103.51,103.536,439.12
2021-01-22 01:00:00+00:00,103.535,103.592,103.532,103.576,817.75
2021-01-22 01:05:00+00:00,103.577,103.594,103.577,103.586,369.91
2021-01-22 01:10:00+00:00,103.586,103.589,103.566,103.566,280.73
2021-01-22 01:15:00+00:00,103.567,103.606,103.564,103.591,558.59
2021-01-22 01:20:00+00:00,103.591,103.604,103.584,103.604,262.95
2021-01-22 01:25:00+00:00,103.605,103.611,103.577,103.577,359.69
2021-01-22 01:30:00+00:00,103.581,103.593,103.574,103.577,279.57
2021-01-22 01:35:00+00:00,103.577,103.577,103.554,103.556,138.03
2021-01-22 01:40:00+00:00,103.556,103.565,103.555,103.558,402.54
2021-01-22 01:45:00+00:00,103.558,103.569,103.547,103.557,399.64
2021-01-22 01:50:00+00:00,103.554,103.585,103.553,103.58,216.37
2021-01-22 01:55:00+00:00,103.579,103.599,103.571,103.582,306.14
2021-01-22 02:00:00+00:00,103.582,103.583,103.547,103.548,291.71
2021-01-22 02:05:00+00:00,103.55,103.553,103.541,103.549,299.78
2021-01-22 02:10:00+00:00,103.549,103.553,103.537,103.545,286.94
2021-01-22 02:15:00+00:00,103.548,103.581,103.548,103.571,224.73
2021-01-22 02:20:00+00:00,103.57,103.577,103.555,103.565,310.29
2021-01-22 02:25:00+00:00,103.568,103.568,103.536,103.544,230.69
2021-01-22 02:30:00+00:00,103.545,103.55,103.535,103.545,158.57
2021-01-22 02:35:00+00:00,103.545,103.55,103.535,103.54,186.42
2021-01-22 02:40:00+00:00,103.54,103.547,103.537,103.537,139.27
2021-01-22 02:45:00+00:00,103.537,103.543,103.535,103.539,155.3
2021-01-22 02:50:00+00:00,103.538,103.538,103.53,103.535,119.66
2021-01-22 02:55:00+00:00,103.535,103.54,103.528,103.535,238.79
2021-01-22 03:00:00+00:00,103.535,103.54,103.531,103.532,137.33
2021-01-22 03:05:00+00:00,103.533,103.535,103.527,103.527,199.96
2021-01-22 03:10:00+00:00,103.527,103.534,103.525,103.531,217.56
2021-01-22 03:15:00+00:00,103.533,103.537,103.517,103.52,239.98
2021-01-22 03:20:00+00:00,103.521,103.522,103.499,103.511,267.92
2021-01-22 03:25:00+00:00,103.512,103.517,103.499,103.514,183.28
2021-01-22 03:30:00+00:00,103.516,103.532,103.516,103.523,190.64
2021-01-22 03:35:00+00:00,103.523,103.526,103.516,103.526,128.94
2021-01-22 03:40:00+00:00,103.525,103.538,103.524,103.537,74.97
2021-01-22 03:45:00+00:00,103.537,103.547,103.532,103.54,116.48
2021-01-22 03:50:00+00:00,103.54,103.547,103.538,103.54,186.85
2021-01-22 03:55:00+00:00,103.54,103.552,103.535,103.535,273.02
2021-01-22 04:00:00+00:00,103.536,103.551,103.536,103.547,227.1
2021-01-22 04:05:00+00:00,103.546,103.558,103.543,103.557,146.01
2021-01-22 04:10:00+00:00,103.556,103.558,103.553,103.555,30.45
2021-01-22 04:15:00+00:00,103.556,103.558,103.55,103.553,53.31
2021-01-22 04:20:00+00:00,103.552,103.556,103.55,103.556,137.71
2021-01-22 04:25:00+00:00,103.556,103.559,103.546,103.548,170.0
2021-01-22 04:30:00+00:00,103.547,103.567,103.547,103.565,330.66
2021-01-22 04:35:00+00:00,103.565,103.573,103.565,103.569,450.53
2021-01-22 04:40:00+00:00,103.569,103.569,103.556,103.565,312.35
2021-01-22 04:45:00+00:00,103.565,103.575,103.554,103.559,445.77
2021-01-22 04:50:00+00:00,103.559,103.569,103.559,103.567,429.23
2021-01-22 04:55:00+00:00,103.567,103.572,103.564,103.572,237.82
2021-01-22 05:00:00+00:00,103.572,103.576,103.57,103.572,455.46
2021-01-22 05:05:00+00:00,103.572,103.577,103.57,103.571,519.41
2021-01-22 05:10:00+00:00,103.571,103.578,103.57,103.577,390.09
2021-01-22 05:15:00+00:00,103.579,103.582,103.57,103.571,532.1
2021-01-22 05:20:00+00:00,103.571,103.572,103.565,103.568,110.73
2021-01-22 05:25:00+00:00,103.567,103.573,103.563,103.567,118.41
2021-01-22 05:30:00+00:00,103.567,103.572,103.562,103.572,243.18
2021-01-22 05:35:00+00:00,103.573,103.576,103.568,103.569,284.13
2021-01-22 05:40:00+00:00,103.567,103.583,103.564,103.58,194.67
2021-01-22 05:45:00+00:00,103.581,103.586,103.572,103.579,141.73
2021-01-22 05:50:00+00:00,103.581,103.591,103.58,103.581,185.22
2021-01-22 05:55:00+00:00,103.581,103.586,103.574,103.585,297.74
2021-01-22 06:00:00+00:00,103.584,103.601,103.575,103.597,303.01
2021-01-22 06:05:00+00:00,103.594,103.604,103.592,103.597,210.22
2021-01-22 06:10:00+00:00,103.597,103.629,103.595,103.623,429.53
2021-01-22 06:15:00+00:00,103.623,103.646,103.618,103.645,426.92
2021-01-22 06:20:00+00:00,103.646,103.65,103.631,103.633,554.35
2021-01-22 06:25:00+00:00,103.632,103.646,103.622,103.627,305.63
2021-01-22 06:30:00+00:00,103.628,103.634,103.613,103.632,263.85
2021-01-22 06:35:00+00:00,103.63,103.637,103.617,103.625,148.02
2021-01-22 06:40:00+00:00,103.626,103.644,103.625,103.633,134.08
2021-01-22 06:45:00+00:00,103.632,103.633,103.625,103.627,108.14
2021-01-22 06:50:00+00:00,103.626,103.626,103.61,103.612,204.22
2021-01-22 06:55:00+00:00,103.612,103.627,103.607,103.622,268.26
2021-01-22 07:00:00+00:00,103.621,103.662,103.62,103.654,328.1
2021-01-22 07:05:00+00:00,103.653,103.684,103.649,103.677,303.98
2021-01-22 07:10:00+00:00,103.677,103.68,103.665,103.669,316.77
2021-01-22 07:15:00+00:00,103.669,103.671,103.656,103.659,344.96
2021-01-22 07:20:00+00:00,103.66,103.677,103.654,103.673,229.16
2021-01-22 07:25:00+00:00,103.672,103.675,103.668,103.671,156.19
2021-01-22 07:30:00+00:00,103.672,103.684,103.661,103.667,343.19
2021-01-22 07:35:00+00:00,103.667,103.696,103.664,103.688,507.5
2021-01-22 07:40:00+00:00,103.687,103.694,103.674,103.684,361.29
2021-01-22 07:45:00+00:00,103.684,103.687,103.664,103.679,250.15
2021-01-22 07:50:00+00:00,103.679,103.681,103.657,103.662,245.52
2021-01-22 07:55:00+00:00,103.663,103.676,103.65,103.672,269.4
2021-01-22 08:00:00+00:00,103.673,103.676,103.645,103.67,552.11
2021-01-22 08:05:00+00:00,103.67,103.686,103.654,103.657,484.76
2021-01-22 08:10:00+00:00,103.658,103.672,103.655,103.655,264.54
2021-01-22 08:15:00+00:00,103.657,103.673,103.646,103.649,592.47
2021-01-22 08:20:00+00:00,103.649,103.65,103.632,103.638,558.9
2021-01-22 08:25:00+00:00,103.638,103.644,103.615,103.622,519.67
2021-01-22 08:30:00+00:00,103.622,103.638,103.617,103.617,399.66
2021-01-22 08:35:00+00:00,103.619,103.628,103.608,103.623,726.88
2021-01-22 08:40:00+00:00,103.622,103.63,103.605,103.616,516.03
2021-01-22 08:45:00+00:00,103.617,103.631,103.613,103.623,627.86
2021-01-22 08:50:00+00:00,103.624,103.632,103.62,103.624,287.63
2021-01-22 08:55:00+00:00,103.625,103.638,103.624,103.636,450.81
2021-01-22 09:00:00+00:00,103.635,103.659,103.621,103.639,594.16
2021-01-22 09:05:00+00:00,103.64,103.652,103.631,103.646,576.8
2021-01-22 09:10:00+00:00,103.644,103.655,103.642,103.647,355.48
2021-01-22 09:15:00+00:00,103.646,103.654,103.64,103.649,542.08
2021-01-22 09:20:00+00:00,103.648,103.673,103.646,103.67,282.36
2021-01-22 09:25:00+00:00,103.669,103.673,103.655,103.66,265.71
2021-01-22 09:30:00+00:00,103.661,103.676,103.661,103.673,386.04
2021-01-22 09:35:00+00:00,103.674,103.684,103.655,103.663,503.93
2021-01-22 09:40:00+00:00,103.662,103.679,103.659,103.674,487.38
2021-01-22 09:45:00+00:00,103.673,103.69,103.667,103.668,504.64
2021-01-22 09:50:00+00:00,103.668,103.684,103.662,103.665,361.58
2021-01-22 09:55:00+00:00,103.666,103.669,103.656,103.658,315.57
2021-01-22 10:00:00+00:00,103.658,103.677,103.656,103.674,226.3
2021-01-22 10:05:00+00:00,103.675,103.679,103.667,103.676,160.06
2021-01-22 10:10:00+00:00,103.676,103.686,103.674,103.685,134.41
2021-01-22 10:15:00+00:00,103.685,103.696,103.678,103.691,373.1
2021-01-22 10:20:00+00:00,103.69,103.715,103.69,103.714,283.99
2021-01-22 10:25:00+00:00,103.714,103.717,103.702,103.705,191.61
2021-01-22 10:30:00+00:00,103.707,103.714,103.702,103.705,379.39
2021-01-22 10:35:00+00:00,103.705,103.708,103.678,103.684,451.62
2021-01-22 10:40:00+00:00,103.684,103.697,103.681,103.697,280.61
2021-01-22 10:45:00+00:00,103.696,103.696,103.679,103.682,200.15
2021-01-22 10:50:00+00:00,103.684,103.693,103.679,103.692,173.63
2021-01-22 10:55:00+00:00,103.692,103.712,103.69,103.703,354.84
2021-01-22 11:00:00+00:00,103.703,103.707,103.686,103.687,398.95
2021-01-22 11:05:00+00:00,103.687,103.692,103.677,103.681,98.27
2021-01-22 11:10:00+00:00,103.682,103.699,103.681,103.698,140.94
2021-01-22 11:15:00+00:00,103.699,103.706,103.689,103.691,369.45
2021-01-22 11:20:00+00:00,103.691,103.702,103.683,103.691,352.27
2021-01-22 11:25:00+00:00,103.691,103.692,103.663,103.663,431.14
2021-01-22 11:30:00+00:00,103.664,103.675,103.659,103.669,236.88
2021-01-22 11:35:00+00:00,103.67,103.677,103.658,103.673,289.89
2021-01-22 11:40:00+00:00,103.672,103.682,103.667,103.68,209.96
2021-01-22 11:45:00+00:00,103.68,103.681,103.657,103.67,371.95
2021-01-22 11:50:00+00:00,103.67,103.671,103.663,103.67,254.2
2021-01-22 11:55:00+00:00,103.67,103.691,103.667,103.687,261.38
2021-01-22 12:00:00+00:00,103.688,103.698,103.679,103.691,330.24
2021-01-22 12:05:00+00:00,103.692,103.708,103.683,103.701,251.18
2021-01-22 12:10:00+00:00,103.701,103.703,103.695,103.696,431.58
2021-01-22 12:15:00+00:00,103.696,103.696,103.68,103.687,388.26
2021-01-22 12:20:00+00:00,103.686,103.697,103.677,103.697,300.68
2021-01-22 12:25:00+00:00,103.697,103.705,103.693,103.693,348.8
2021-01-22 12:30:00+00:00,103.695,103.714,103.695,103.714,386.56
2021-01-22 12:35:00+00:00,103.714,103.74,103.714,103.736,316.68
2021-01-22 12:40:00+00:00,103.737,103.74,103.723,103.732,183.22
2021-01-22 12:45:00+00:00,103.731,103.743,103.727,103.732,322.12
2021-01-22 12:50:00+00:00,103.731,103.743,103.728,103.741,572.13
2021-01-22 12:55:00+00:00,103.741,103.772,103.737,103.757,461.01
2021-01-22 13:00:00+00:00,103.756,103.773,103.756,103.764,638.55
2021-01-22 13:05:00+00:00,103.764,103.778,103.764,103.776,520.1
2021-01-22 13:10:00+00:00,103.775,103.797,103.774,103.792,334.05
2021-01-22 13:15:00+00:00,103.791,103.809,103.788,103.793,853.8
2021-01-22 13:20:00+00:00,103.792,103.807,103.772,103.775,876.92
2021-01-22 13:25:00+00:00,103.777,103.812,103.775,103.803,382.93
2021-01-22 13:30:00+00:00,103.802,103.828,103.801,103.821,1047.21
2021-01-22 13:35:00+00:00,103.819,103.846,103.818,103.845,777.66
2021-01-22 13:40:00+00:00,103.844,103.857,103.826,103.828,918.08
2021-01-22 13:45:00+00:00,103.828,103.838,103.815,103.819,1216.43
2021-01-22 13:50:00+00:00,103.818,103.818,103.794,103.801,578.99
2021-01-22 13:55:00+00:00,103.801,103.834,103.791,103.832,360.84
2021-01-22 14:00:00+00:00,103.834,103.847,103.832,103.84,1106.73
2021-01-22 14:05:00+00:00,103.841,103.887,103.841,103.877,835.79
2021-01-22 14:10:00+00:00,103.88,103.884,103.87,103.874,423.5
2021-01-22 14:15:00+00:00,103.875,103.876,103.846,103.849,342.52
2021-01-22 14:20:00+00:00,103.848,103.864,103.847,103.855,263.84
2021-01-22 14:25:00+00:00,103.856,103.86,103.843,103.843,256.08
2021-01-22 14:30:00+00:00,103.843,103.861,103.842,103.85,700.72
2021-01-22 14:35:00+00:00,103.851,103.879,103.842,103.859,529.75
2021-01-22 14:40:00+00:00,103.861,103.868,103.82,103.825,543.78
2021-01-22 14:45:00+00:00,103.833,103.869,103.815,103.827,1044.87
2021-01-22 14:50:00+00:00,103.827,103.841,103.821,103.824,642.08
2021-01-22 14:55:00+00:00,103.823,103.823,103.773,103.781,635.48
2021-01-22 15:00:00+00:00,103.782,103.796,103.771,103.779,775.47
2021-01-22 15:05:00+00:00,103.777,103.777,103.731,103.741,627.86
2021-01-22 15:10:00+00:00,103.74,103.754,103.732,103.743,528.83
2021-01-22 15:15:00+00:00,103.742,103.758,103.73,103.753,356.49
2021-01-22 15:20:00+00:00,103.751,103.758,103.739,103.749,344.31
2021-01-22 15:25:00+00:00,103.749,103.782,103.743,103.772,212.54
2021-01-22 15:30:00+00:00,103.771,103.802,103.766,103.791,304.89
2021-01-22 15:35:00+00:00,103.789,103.81,103.777,103.781,321.22
2021-01-22 15:40:00+00:00,103.781,103.787,103.76,103.766,284.2
2021-01-22 15:45:00+00:00,103.766,103.82,103.765,103.818,516.46
2021-01-22 15:50:00+00:00,103.815,103.842,103.813,103.838,361.16
2021-01-22 15:55:00+00:00,103.837,103.841,103.775,103.793,602.03
2021-01-22 16:00:00+00:00,103.793,103.808,103.758,103.766,486.11
2021-01-22 16:05:00+00:00,103.765,103.766,103.749,103.754,462.04
2021-01-22 16:10:00+00:00,103.753,103.77,103.75,103.769,327.12
2021-01-22 16:15:00+00:00,103.768,103.796,103.76,103.794,272.91
2021-01-22 16:20:00+00:00,103.793,103.804,103.782,103.8,319.34
2021-01-22 16:25:00+00:00,103.799,103.799,103.775,103.79,331.56
2021-01-22 16:30:00+00:00,103.79,103.802,103.776,103.779,336.57
2021-01-22 16:35:00+00:00,103.78,103.78,103.766,103.773,215.67
2021-01-22 16:40:00+00:00,103.773,103.786,103.764,103.786,196.57
2021-01-22 16:45:00+00:00,103.786,103.791,103.761,103.764,204.27
2021-01-22 16:50:00+00:00,103.765,103.78,103.755,103.773,224.26
2021-01-22 16:55:00+00:00,103.771,103.773,103.756,103.769,245.86
2021-01-22 17:00:00+00:00,103.769,103.783,103.757,103.782,325.53
2021-01-22 17:05:00+00:00,103.784,103.792,103.773,103.775,168.67
2021-01-22 17:10:00+00:00,103.773,103.78,103.768,103.775,189.43
2021-01-22 17:15:00+00:00,103.773,103.788,103.768,103.781,155.09
2021-01-22 17:20:00+00:00,103.781,103.799,103.775,103.795,168.55
2021-01-22 17:25:00+00:00,103.793,103.808,103.793,103.803,94.28
2021-01-22 17:30:00+00:00,103.804,103.814,103.803,103.813,175.25
2021-01-22 17:35:00+00:00,103.813,103.815,103.8,103.807,146.28
2021-01-22 17:40:00+00:00,103.808,103.814,103.803,103.813,164.68
2021-01-22 17:45:00+00:00,103.813,103.824,103.81,103.819,94.91
2021-01-22 17:50:00+00:00,103.819,103.827,103.817,103.821,60.17
2021-01-22 17:55:00+00:00,103.819,103.823,103.812,103.812,118.3
2021-01-22 18:00:00+00:00,103.813,103.842,103.813,103.835,499.71
2021-01-22 18:05:00+00:00,103.832,103.832,103.808,103.821,310.89
2021-01-22 18:10:00+00:00,103.82,103.823,103.806,103.806,116.57
2021-01-22 18:15:00+00:00,103.807,103.813,103.806,103.808,58.53
2021-01-22 18:20:00+00:00,103.809,103.813,103.804,103.813,64.03
2021-01-22 18:25:00+00:00,103.813,103.813,103.804,103.808,71.13
2021-01-22 18:30:00+00:00,103.809,103.832,103.806,103.827,109.51
2021-01-22 18:35:00+00:00,103.828,103.829,103.822,103.825,72.7
2021-01-22 18:40:00+00:00,103.825,103.828,103.818,103.824,103.41
2021-01-22 18:45:00+00:00,103.822,103.834,103.82,103.831,118.19
2021-01-22 18:50:00+00:00,103.831,103.832,103.823,103.826,57.74
2021-01-22 18:55:00+00:00,103.823,103.823,103.809,103.818,98.2
2021-01-22 19:00:00+00:00,103.817,103.817,103.806,103.809,142.57
2021-01-22 19:05:00+00:00,103.811,103.811,103.794,103.795,93.16
2021-01-22 19:10:00+00:00,103.799,103.811,103.799,103.81,81.83
2021-01-22 19:15:00+00:00,103.809,103.813,103.797,103.806,89.26
2021-01-22 19:20:00+00:00,103.806,103.815,103.799,103.801,120.19
2021-01-22 19:25:00+00:00,103.799,103.805,103.798,103.804,39.89
2021-01-22 19:30:00+00:00,103.803,103.812,103.803,103.807,37.15
2021-01-22 19:35:00+00:00,103.807,103.808,103.802,103.805,63.67
2021-01-22 19:40:00+00:00,103.802,103.807,103.802,103.802,24.64
2021-01-22 19:45:00+00:00,103.805,103.813,103.801,103.812,49.61
2021-01-22 19:50:00+00:00,103.813,103.827,103.813,103.819,56.79
2021-01-22 19:55:00+00:00,103.82,103.834,103.815,103.833,176.7
2021-01-22 20:00:00+00:00,103.832,103.833,103.818,103.828,121.78
2021-01-22 20:05:00+00:00,103.829,103.838,103.829,103.835,55.55
2021-01-22 20:10:00+00:00,103.835,103.843,103.835,103.838,64.09
2021-01-22 20:15:00+00:00,103.837,103.838,103.82,103.821,102.49
2021-01-22 20:20:00+00:00,103.822,103.827,103.821,103.823,81.16
2021-01-22 20:25:00+00:00,103.822,103.828,103.82,103.824,80.73
2021-01-22 20:30:00+00:00,103.825,103.826,103.816,103.817,83.67
2021-01-22 20:35:00+00:00,103.818,103.818,103.81,103.81,44.37
2021-01-22 20:40:00+00:00,103.81,103.81,103.808,103.81,36.01
2021-01-22 20:45:00+00:00,103.81,103.812,103.803,103.803,51.93
2021-01-22 20:50:00+00:00,103.804,103.815,103.799,103.799,130.68
2021-01-22 20:55:00+00:00,103.799,103.829,103.793,103.829,178.61
2021-01-22 21:00:00+00:00,103.829,103.841,103.8,103.8,168.56
2021-01-22 21:05:00+00:00,103.8,103.803,103.783,103.788,145.03
2021-01-22 21:10:00+00:00,103.788,103.788,103.77,103.774,359.79
2021-01-22 21:15:00+00:00,103.772,103.791,103.772,103.789,98.5
2021-01-22 21:20:00+00:00,103.789,103.79,103.786,103.789,31.24
2021-01-22 21:25:00+00:00,103.788,103.799,103.779,103.799,73.43
2021-01-22 21:30:00+00:00,103.798,103.798,103.79,103.795,68.14
2021-01-22 21:35:00+00:00,103.796,103.797,103.791,103.797,55.01
2021-01-22 21:40:00+00:00,103.795,103.806,103.792,103.806,67.25
2021-01-22 21:45:00+00:00,103.805,103.807,103.8,103.805,110.7
2021-01-22 21:50:00+00:00,103.804,103.804,103.765,103.767,370.38
2021-01-22 21:55:00+00:00,103.767,103.771,103.727,103.727,566.85
2021-01-24 22:00:00+00:00,103.781,103.797,103.756,103.795,22.84
2021-01-24 22:05:00+00:00,103.789,103.825,103.789,103.812,42.82
2021-01-24 22:10:00+00:00,103.811,103.813,103.805,103.807,35.75
2021-01-24 22:15:00+00:00,103.809,103.82,103.803,103.82,26.75
2021-01-24 22:20:00+00:00,103.821,103.821,103.82,103.821,12.0
2021-01-24 22:25:00+00:00,103.821,103.824,103.813,103.813,11.25
2021-01-24 22:30:00+00:00,103.81,103.81,103.806,103.809,32.07
2021-01-24 22:35:00+00:00,103.81,103.81,103.802,103.803,173.0
2021-01-24 22:40:00+00:00,103.805,103.813,103.803,103.806,176.44
2021-01-24 22:45:00+00:00,103.805,103.816,103.804,103.81,65.2
2021-01-24 22:50:00+00:00,103.814,103.815,103.809,103.81,95.0
2021-01-24 22:55:00+00:00,103.809,103.81,103.801,103.808,85.72
2021-01-24 23:00:00+00:00,103.808,103.825,103.799,103.808,839.66
2021-01-24 23:05:00+00:00,103.809,103.817,103.807,103.812,196.91
2021-01-24 23:10:00+00:00,103.811,103.821,103.807,103.814,223.86
2021-01-24 23:15:00+00:00,103.813,103.82,103.8,103.806,194.18
2021-01-24 23:20:00+00:00,103.804,103.806,103.782,103.795,152.71
2021-01-24 23:25:00+00:00,103.794,103.806,103.787,103.805,159.97
2021-01-24 23:30:00+00:00,103.805,103.807,103.784,103.785,264.9
2021-01-24 23:35:00+00:00,103.784,103.796,103.781,103.784,167.8
2021-01-24 23:40:00+00:00,103.784,103.791,103.779,103.785,147.24
2021-01-24 23:45:00+00:00,103.785,103.789,103.774,103.78,183.96
2021-01-24 23:50:00+00:00,103.78,103.799,103.78,103.794,86.79
2021-01-24 23:55:00+00:00,103.793,103.796,103.779,103.789,127.45
2021-01-25 00:00:00+00:00,103.789,103.794,103.774,103.777,344.03
2021-01-25 00:05:00+00:00,103.779,103.78,103.761,103.771,210.14
2021-01-25 00:10:00+00:00,103.771,103.792,103.77,103.779,289.8
2021-01-25 00:15:00+00:00,103.779,103.78,103.751,103.751,249.78
2021-01-25 00:20:00+00:00,103.752,103.77,103.748,103.762,189.09
2021-01-25 00:25:00+00:00,103.761,103.777,103.756,103.774,288.05
2021-01-25 00:30:00+00:00,103.774,103.79,103.774,103.777,257.07
2021-01-25 00:35:00+00:00,103.778,103.795,103.77,103.795,262.37
2021-01-25 00:40:00+00:00,103.795,103.8,103.776,103.779,232.8
2021-01-25 00:45:00+00:00,103.779,103.792,103.772,103.79,231.02
2021-01-25 00:50:00+00:00,103.79,103.824,103.769,103.82,995.14
2021-01-25 00:55:00+00:00,103.819,103.83,103.81,103.811,409.05
2021-01-25 01:00:00+00:00,103.812,103.816,103.795,103.81,483.68
2021-01-25 01:05:00+00:00,103.809,103.817,103.798,103.807,149.92
2021-01-25 01:10:00+00:00,103.805,103.816,103.798,103.813,212.42
2021-01-25 01:15:00+00:00,103.813,103.835,103.809,103.825,319.22
2021-01-25 01:20:00+00:00,103.825,103.855,103.825,103.855,192.69
2021-01-25 01:25:00+00:00,103.854,103.861,103.849,103.854,181.84
2021-01-25 01:30:00+00:00,103.854,103.854,103.838,103.845,247.01
2021-01-25 01:35:00+00:00,103.846,103.862,103.841,103.862,226.43
2021-01-25 01:40:00+00:00,103.861,103.872,103.86,103.869,192.27
2021-01-25 01:45:00+00:00,103.867,103.871,103.857,103.87,266.64
2021-01-25 01:50:00+00:00,103.872,103.89,103.855,103.858,243.69
2021-01-25 01:55:00+00:00,103.857,103.858,103.833,103.839,344.8
2021-01-25 02:00:00+00:00,103.838,103.845,103.832,103.832,211.42
2021-01-25 02:05:00+00:00,103.83,103.834,103.813,103.813,303.7
2021-01-25 02:10:00+00:00,103.812,103.817,103.806,103.816,294.72
2021-01-25 02:15:00+00:00,103.817,103.82,103.791,103.8,138.12
2021-01-25 02:20:00+00:00,103.799,103.815,103.796,103.806,246.4
2021-01-25 02:25:00+00:00,103.806,103.807,103.782,103.784,178.34
2021-01-25 02:30:00+00:00,103.785,103.787,103.775,103.779,504.48
2021-01-25 02:35:00+00:00,103.777,103.783,103.761,103.772,728.18
2021-01-25 02:40:00+00:00,103.771,103.776,103.768,103.774,533.7
2021-01-25 02:45:00+00:00,103.774,103.776,103.76,103.77,186.59
2021-01-25 02:50:00+00:00,103.771,103.776,103.747,103.763,399.0
2021-01-25 02:55:00+00:00,103.762,103.779,103.762,103.777,409.04
2021-01-25 03:00:00+00:00,103.776,103.776,103.765,103.765,144.97
2021-01-25 03:05:00+00:00,103.764,103.775,103.763,103.775,80.28
2021-01-25 03:10:00+00:00,103.775,103.78,103.765,103.769,100.22
2021-01-25 03:15:00+00:00,103.77,103.772,103.765,103.766,43.38
2021-01-25 03:20:00+00:00,103.766,103.776,103.762,103.776,71.75
2021-01-25 03:25:00+00:00,103.777,103.777,103.768,103.768,53.33
2021-01-25 03:30:00+00:00,103.768,103.773,103.755,103.762,131.36
2021-01-25 03:35:00+00:00,103.761,103.763,103.756,103.759,137.78
2021-01-25 03:40:00+00:00,103.758,103.762,103.75,103.752,144.12
2021-01-25 03:45:00+00:00,103.753,103.768,103.751,103.768,57.5
2021-01-25 03:50:00+00:00,103.768,103.771,103.762,103.764,147.12
2021-01-25 03:55:00+00:00,103.764,103.77,103.758,103.76,105.15
2021-01-25 04:00:00+00:00,103.761,103.763,103.752,103.758,74.7
2021-01-25 04:05:00+00:00,103.757,103.757,103.736,103.746,88.58
2021-01-25 04:10:00+00:00,103.745,103.746,103.732,103.737,106.87
2021-01-25 04:15:00+00:00,103.737,103.737,103.718,103.727,177.14
2021-01-25 04:20:00+00:00,103.727,103.739,103.726,103.736,81.67
2021-01-25 04:25:00+00:00,103.736,103.741,103.729,103.736,110.77
2021-01-25 04:30:00+00:00,103.735,103.75,103.735,103.747,109.52
2021-01-25 04:35:00+00:00,103.747,103.747,103.736,103.741,124.64
2021-01-25 04:40:00+00:00,103.74,103.746,103.736,103.746,80.09
2021-01-25 04:45:00+00:00,103.746,103.751,103.745,103.746,150.85
2021-01-25 04:50:00+00:00,103.746,103.75,103.744,103.75,93.68
2021-01-25 04:55:00+00:00,103.751,103.769,103.751,103.766,121.91
2021-01-25 05:00:00+00:00,103.765,103.769,103.763,103.769,37.48
2021-01-25 05:05:00+00:00,103.77,103.773,103.76,103.761,120.35
2021-01-25 05:10:00+00:00,103.761,103.762,103.73,103.734,185.03
2021-01-25 05:15:00+00:00,103.731,103.747,103.731,103.744,82.66
2021-01-25 05:20:00+00:00,103.743,103.743,103.719,103.724,232.95
2021-01-25 05:25:00+00:00,103.723,103.727,103.706,103.715,223.89
2021-01-25 05:30:00+00:00,103.715,103.716,103.691,103.699,283.21
2021-01-25 05:35:00+00:00,103.697,103.721,103.687,103.716,205.01
2021-01-25 05:40:00+00:00,103.716,103.732,103.711,103.73,147.09
2021-01-25 05:45:00+00:00,103.731,103.738,103.723,103.728,234.34
2021-01-25 05:50:00+00:00,103.73,103.745,103.73,103.734,170.94
2021-01-25 05:55:00+00:00,103.731,103.732,103.71,103.716,326.29
2021-01-25 06:00:00+00:00,103.716,103.721,103.691,103.71,436.99
2021-01-25 06:05:00+00:00,103.709,103.709,103.696,103.702,125.47
2021-01-25 06:10:00+00:00,103.703,103.709,103.698,103.701,171.27
2021-01-25 06:15:00+00:00,103.701,103.721,103.701,103.709,175.11
2021-01-25 06:20:00+00:00,103.709,103.72,103.706,103.717,129.06
2021-01-25 06:25:00+00:00,103.717,103.721,103.709,103.711,162.39
2021-01-25 06:30:00+00:00,103.711,103.715,103.704,103.712,82.02
2021-01-25 06:35:00+00:00,103.711,103.717,103.698,103.698,86.05
2021-01-25 06:40:00+00:00,103.698,103.704,103.691,103.695,171.08
2021-01-25 06:45:00+00:00,103.694,103.694,103.684,103.687,170.98
2021-01-25 06:50:00+00:00,103.687,103.706,103.687,103.705,120.53
2021-01-25 06:55:00+00:00,103.703,103.705,103.695,103.696,151.41
2021-01-25 07:00:00+00:00,103.695,103.698,103.672,103.676,519.86
2021-01-25 07:05:00+00:00,103.676,103.705,103.676,103.7,367.63
2021-01-25 07:10:00+00:00,103.699,103.72,103.695,103.719,294.69
2021-01-25 07:15:00+00:00,103.717,103.717,103.692,103.706,402.49
2021-01-25 07:20:00+00:00,103.707,103.722,103.672,103.707,402.93
2021-01-25 07:25:00+00:00,103.707,103.72,103.703,103.715,244.71
2021-01-25 07:30:00+00:00,103.715,103.721,103.706,103.714,290.38
2021-01-25 07:35:00+00:00,103.716,103.716,103.701,103.701,265.9
2021-01-25 07:40:00+00:00,103.701,103.706,103.694,103.695,264.11
2021-01-25 07:45:00+00:00,103.695,103.71,103.683,103.708,357.42
2021-01-25 07:50:00+00:00,103.707,103.714,103.689,103.695,313.0
2021-01-25 07:55:00+00:00,103.694,103.709,103.685,103.709,493.2
2021-01-25 08:00:00+00:00,103.709,103.743,103.705,103.732,657.8
2021-01-25 08:05:00+00:00,103.73,103.738,103.72,103.72,376.07
2021-01-25 08:10:00+00:00,103.72,103.752,103.72,103.75,321.04
2021-01-25 08:15:00+00:00,103.749,103.767,103.739,103.759,352.27
2021-01-25 08:20:00+00:00,103.76,103.767,103.712,103.718,436.6
2021-01-25 08:25:00+00:00,103.719,103.738,103.719,103.729,448.15
2021-01-25 08:30:00+00:00,103.728,103.739,103.728,103.732,270.39
2021-01-25 08:35:00+00:00,103.731,103.734,103.717,103.717,537.17
2021-01-25 08:40:00+00:00,103.717,103.724,103.708,103.719,223.57
2021-01-25 08:45:00+00:00,103.717,103.722,103.704,103.708,220.08
2021-01-25 08:50:00+00:00,103.707,103.748,103.707,103.738,508.37
2021-01-25 08:55:00+00:00,103.737,103.744,103.729,103.74,312.27
2021-01-25 09:00:00+00:00,103.741,103.781,103.736,103.781,935.48
2021-01-25 09:05:00+00:00,103.783,103.783,103.769,103.78,461.59
2021-01-25 09:10:00+00:00,103.78,103.784,103.763,103.777,578.6
2021-01-25 09:15:00+00:00,103.776,103.797,103.771,103.794,512.07
2021-01-25 09:20:00+00:00,103.794,103.81,103.791,103.81,372.04
2021-01-25 09:25:00+00:00,103.81,103.815,103.793,103.793,462.91
2021-01-25 09:30:00+00:00,103.795,103.795,103.778,103.793,525.53
2021-01-25 09:35:00+00:00,103.793,103.796,103.774,103.793,299.85
2021-01-25 09:40:00+00:00,103.792,103.807,103.774,103.801,500.66
2021-01-25 09:45:00+00:00,103.801,103.806,103.787,103.798,690.27
2021-01-25 09:50:00+00:00,103.798,103.808,103.785,103.792,323.39
2021-01-25 09:55:00+00:00,103.792,103.8,103.79,103.8,225.62
2021-01-25 10:00:00+00:00,103.8,103.812,103.775,103.792,534.42
2021-01-25 10:05:00+00:00,103.792,103.81,103.787,103.803,340.68
2021-01-25 10:10:00+00:00,103.804,103.816,103.795,103.809,389.99
2021-01-25 10:15:00+00:00,103.809,103.815,103.799,103.809,322.85
2021-01-25 10:20:00+00:00,103.809,103.823,103.8,103.822,269.18
2021-01-25 10:25:00+00:00,103.821,103.852,103.821,103.846,428.97
2021-01-25 10:30:00+00:00,103.846,103.851,103.832,103.84,754.95
2021-01-25 10:35:00+00:00,103.839,103.854,103.836,103.846,398.67
2021-01-25 10:40:00+00:00,103.847,103.847,103.825,103.827,421.32
2021-01-25 10:45:00+00:00,103.828,103.834,103.821,103.828,321.39
2021-01-25 10:50:00+00:00,103.828,103.84,103.823,103.826,294.7
2021-01-25 10:55:00+00:00,103.825,103.826,103.799,103.805,471.93
2021-01-25 11:00:00+00:00,103.806,103.808,103.797,103.8,279.69
2021-01-25 11:05:00+00:00,103.8,103.817,103.794,103.813,231.05
2021-01-25 11:10:00+00:00,103.812,103.819,103.809,103.813,178.06
2021-01-25 11:15:00+00:00,103.815,103.83,103.815,103.821,199.71
2021-01-25 11:20:00+00:00,103.821,103.826,103.809,103.816,262.36
2021-01-25 11:25:00+00:00,103.815,103.835,103.802,103.831,239.2
2021-01-25 11:30:00+00:00,103.829,103.836,103.825,103.836,172.95
2021-01-25 11:35:00+00:00,103.835,103.84,103.832,103.834,211.85
2021-01-25 11:40:00+00:00,103.833,103.839,103.828,103.836,123.68
2021-01-25 11:45:00+00:00,103.837,103.837,103.81,103.819,274.34
2021-01-25 11:50:00+00:00,103.82,103.82,103.81,103.814,128.37
2021-01-25 11:55:00+00:00,103.815,103.818,103.797,103.817,307.14
2021-01-25 12:00:00+00:00,103.818,103.828,103.81,103.825,297.08
2021-01-25 12:05:00+00:00,103.824,103.824,103.811,103.819,270.3
2021-01-25 12:10:00+00:00,103.818,103.827,103.816,103.821,194.81
2021-01-25 12:15:00+00:00,103.82,103.828,103.814,103.821,123.6
2021-01-25 12:20:00+00:00,103.821,103.828,103.819,103.82,134.49
2021-01-25 12:25:00+00:00,103.82,103.825,103.817,103.822,201.19
2021-01-25 12:30:00+00:00,103.821,103.823,103.804,103.814,198.39
2021-01-25 12:35:00+00:00,103.814,103.818,103.809,103.814,315.59
2021-01-25 12:40:00+00:00,103.814,103.824,103.805,103.806,211.85
2021-01-25 12:45:00+00:00,103.806,103.807,103.772,103.773,279.22
2021-01-25 12:50:00+00:00,103.774,103.776,103.754,103.767,350.99
2021-01-25 12:55:00+00:00,103.768,103.785,103.764,103.769,278.49
2021-01-25 13:00:00+00:00,103.77,103.782,103.762,103.763,287.69
2021-01-25 13:05:00+00:00,103.764,103.778,103.74,103.745,294.84
2021-01-25 13:10:00+00:00,103.745,103.751,103.733,103.735,288.78
2021-01-25 13:15:00+00:00,103.732,103.744,103.721,103.737,371.97
2021-01-25 13:20:00+00:00,103.739,103.739,103.72,103.729,423.94
2021-01-25 13:25:00+00:00,103.727,103.736,103.714,103.714,281.61
2021-01-25 13:30:00+00:00,103.715,103.737,103.7,103.731,414.78
2021-01-25 13:35:00+00:00,103.731,103.766,103.731,103.765,278.95
2021-01-25 13:40:00+00:00,103.764,103.775,103.752,103.764,306.88
2021-01-25 13:45:00+00:00,103.762,103.794,103.755,103.791,261.28
2021-01-25 13:50:00+00:00,103.792,103.793,103.767,103.774,350.46
2021-01-25 13:55:00+00:00,103.774,103.78,103.757,103.772,278.84
2021-01-25 14:00:00+00:00,103.771,103.771,103.737,103.745,321.52
2021-01-25 14:05:00+00:00,103.744,103.768,103.744,103.767,237.96
2021-01-25 14:10:00+00:00,103.767,103.782,103.766,103.777,245.85
2021-01-25 14:15:00+00:00,103.777,103.781,103.765,103.771,353.6
2021-01-25 14:20:00+00:00,103.772,103.796,103.767,103.79,449.19
2021-01-25 14:25:00+00:00,103.789,103.8,103.786,103.796,341.98
2021-01-25 14:30:00+00:00,103.795,103.802,103.758,103.784,521.37
2021-01-25 14:35:00+00:00,103.782,103.797,103.776,103.789,570.69
2021-01-25 14:40:00+00:00,103.789,103.823,103.783,103.818,519.06
2021-01-25 14:45:00+00:00,103.817,103.919,103.816,103.911,892.25
2021-01-25 14:50:00+00:00,103.912,103.93,103.897,103.911,1044.3
2021-01-25 14:55:00+00:00,103.911,103.919,103.892,103.904,854.1
2021-01-25 15:00:00+00:00,103.906,103.922,103.87,103.879,806.67
2021-01-25 15:05:00+00:00,103.88,103.902,103.875,103.898,529.4
2021-01-25 15:10:00+00:00,103.897,103.936,103.896,103.907,611.5
2021-01-25 15:15:00+00:00,103.906,103.912,103.886,103.901,603.56
2021-01-25 15:20:00+00:00,103.903,103.909,103.834,103.835,713.67
2021-01-25 15:25:00+00:00,103.838,103.858,103.834,103.854,456.01
2021-01-25 15:30:00+00:00,103.853,103.856,103.829,103.831,598.37
2021-01-25 15:35:00+00:00,103.831,103.86,103.827,103.85,369.92
2021-01-25 15:40:00+00:00,103.85,103.857,103.825,103.843,498.71
2021-01-25 15:45:00+00:00,103.845,103.851,103.818,103.836,527.85
2021-01-25 15:50:00+00:00,103.838,103.84,103.788,103.806,552.63
2021-01-25 15:55:00+00:00,103.805,103.805,103.766,103.772,555.48
2021-01-25 16:00:00+00:00,103.772,103.8,103.772,103.791,473.13
2021-01-25 16:05:00+00:00,103.788,103.823,103.782,103.821,558.39
2021-01-25 16:10:00+00:00,103.82,103.836,103.809,103.821,539.69
2021-01-25 16:15:00+00:00,103.822,103.824,103.796,103.798,400.16
2021-01-25 16:20:00+00:00,103.798,103.808,103.791,103.796,385.48
2021-01-25 16:25:00+00:00,103.794,103.801,103.769,103.771,289.28
2021-01-25 16:30:00+00:00,103.773,103.789,103.772,103.783,332.47
2021-01-25 16:35:00+00:00,103.784,103.797,103.774,103.776,286.34
2021-01-25 16:40:00+00:00,103.775,103.786,103.77,103.77,179.33
2021-01-25 16:45:00+00:00,103.771,103.772,103.747,103.766,297.75
2021-01-25 16:50:00+00:00,103.767,103.774,103.754,103.762,205.95
2021-01-25 16:55:00+00:00,103.761,103.783,103.759,103.782,246.82
2021-01-25 17:00:00+00:00,103.782,103.801,103.78,103.799,192.01
2021-01-25 17:05:00+00:00,103.797,103.804,103.785,103.787,217.01
2021-01-25 17:10:00+00:00,103.785,103.789,103.773,103.782,209.52
2021-01-25 17:15:00+00:00,103.782,103.786,103.769,103.769,281.81
2021-01-25 17:20:00+00:00,103.77,103.781,103.755,103.781,151.08
2021-01-25 17:25:00+00:00,103.78,103.781,103.763,103.766,220.11
2021-01-25 17:30:00+00:00,103.767,103.77,103.758,103.764,248.54
2021-01-25 17:35:00+00:00,103.763,103.763,103.752,103.755,197.44
2021-01-25 17:40:00+00:00,103.755,103.77,103.751,103.764,183.51
2021-01-25 17:45:00+00:00,103.764,103.772,103.758,103.767,149.69
2021-01-25 17:50:00+00:00,103.766,103.773,103.759,103.767,146.9
2021-01-25 17:55:00+00:00,103.768,103.787,103.766,103.787,176.76
2021-01-25 18:00:00+00:00,103.785,103.789,103.774,103.777,160.39
2021-01-25 18:05:00+00:00,103.779,103.782,103.773,103.778,61.31
2021-01-25 18:10:00+00:00,103.778,103.781,103.768,103.772,110.65
2021-01-25 18:15:00+00:00,103.773,103.786,103.769,103.783,148.24
2021-01-25 18:20:00+00:00,103.786,103.788,103.78,103.783,202.85
2021-01-25 18:25:00+00:00,103.782,103.786,103.778,103.78,78.33
2021-01-25 18:30:00+00:00,103.781,103.788,103.779,103.786,81.25
2021-01-25 18:35:00+00:00,103.785,103.794,103.782,103.782,84.81
2021-01-25 18:40:00+00:00,103.781,103.79,103.776,103.784,128.22
2021-01-25 18:45:00+00:00,103.784,103.793,103.779,103.784,176.84
2021-01-25 18:50:00+00:00,103.783,103.784,103.768,103.773,144.58
2021-01-25 18:55:00+00:00,103.773,103.773,103.758,103.758,138.08
2021-01-25 19:00:00+00:00,103.76,103.773,103.747,103.76,258.22
2021-01-25 19:05:00+00:00,103.759,103.759,103.744,103.755,198.68
2021-01-25 19:10:00+00:00,103.756,103.759,103.752,103.756,80.39
2021-01-25 19:15:00+00:00,103.756,103.762,103.754,103.756,76.52
2021-01-25 19:20:00+00:00,103.756,103.772,103.756,103.77,109.49
2021-01-25 19:25:00+00:00,103.771,103.787,103.769,103.787,77.86
2021-01-25 19:30:00+00:00,103.788,103.793,103.775,103.775,57.81
2021-01-25 19:35:00+00:00,103.775,103.791,103.772,103.786,56.74
2021-01-25 19:40:00+00:00,103.785,103.786,103.773,103.779,168.19
2021-01-25 19:45:00+00:00,103.779,103.788,103.778,103.783,116.08
2021-01-25 19:50:00+00:00,103.784,103.79,103.782,103.786,126.81
2021-01-25 19:55:00+00:00,103.785,103.8,103.783,103.799,256.92
2021-01-25 20:00:00+00:00,103.799,103.801,103.787,103.796,161.96
2021-01-25 20:05:00+00:00,103.796,103.805,103.793,103.797,99.72
2021-01-25 20:10:00+00:00,103.796,103.805,103.796,103.8,60.75
2021-01-25 20:15:00+00:00,103.799,103.8,103.784,103.787,82.78
2021-01-25 20:20:00+00:00,103.786,103.788,103.781,103.787,104.8
2021-01-25 20:25:00+00:00,103.788,103.789,103.78,103.781,51.15
2021-01-25 20:30:00+00:00,103.781,103.783,103.779,103.781,39.59
2021-01-25 20:35:00+00:00,103.78,103.781,103.776,103.776,72.72
2021-01-25 20:40:00+00:00,103.776,103.778,103.771,103.775,77.31
2021-01-25 20:45:00+00:00,103.776,103.776,103.768,103.769,77.93
2021-01-25 20:50:00+00:00,103.77,103.77,103.766,103.769,47.44
2021-01-25 20:55:00+00:00,103.768,103.77,103.755,103.761,200.36
2021-01-25 21:00:00+00:00,103.761,103.771,103.761,103.769,105.19
2021-01-25 21:05:00+00:00,103.768,103.77,103.762,103.764,78.0
2021-01-25 21:10:00+00:00,103.764,103.765,103.759,103.763,115.29
2021-01-25 21:15:00+00:00,103.763,103.766,103.759,103.764,159.12
2021-01-25 21:20:00+00:00,103.764,103.767,103.762,103.766,61.21
2021-01-25 21:25:00+00:00,103.766,103.771,103.766,103.766,43.84
2021-01-25 21:30:00+00:00,103.765,103.769,103.763,103.765,117.81
2021-01-25 21:35:00+00:00,103.766,103.766,103.758,103.766,284.19
2021-01-25 21:40:00+00:00,103.766,103.768,103.76,103.764,268.22
2021-01-25 21:45:00+00:00,103.765,103.768,103.764,103.766,331.2
2021-01-25 21:50:00+00:00,103.765,103.768,103.764,103.766,369.65
2021-01-25 21:55:00+00:00,103.766,103.768,103.745,103.745,118.62
2021-01-25 22:00:00+00:00,103.733,103.755,103.721,103.752,33.95
2021-01-25 22:05:00+00:00,103.756,103.763,103.729,103.742,1011.39
2021-01-25 22:10:00+00:00,103.741,103.766,103.736,103.746,1116.94
2021-01-25 22:15:00+00:00,103.745,103.768,103.745,103.757,192.92
2021-01-25 22:20:00+00:00,103.758,103.77,103.755,103.766,715.79
2021-01-25 22:25:00+00:00,103.766,103.768,103.744,103.749,1090.49
2021-01-25 22:30:00+00:00,103.749,103.772,103.749,103.759,771.41
2021-01-25 22:35:00+00:00,103.759,103.772,103.749,103.756,780.32
2021-01-25 22:40:00+00:00,103.755,103.768,103.751,103.765,365.11
2021-01-25 22:45:00+00:00,103.761,103.773,103.761,103.763,232.97
2021-01-25 22:50:00+00:00,103.762,103.771,103.76,103.764,236.65
2021-01-25 22:55:00+00:00,103.763,103.767,103.762,103.765,169.69
2021-01-25 23:00:00+00:00,103.762,103.768,103.754,103.758,216.01
2021-01-25 23:05:00+00:00,103.757,103.76,103.754,103.756,78.11
2021-01-25 23:10:00+00:00,103.757,103.765,103.757,103.762,75.39
2021-01-25 23:15:00+00:00,103.762,103.762,103.754,103.758,86.28
2021-01-25 23:20:00+00:00,103.756,103.757,103.751,103.753,61.33
2021-01-25 23:25:00+00:00,103.754,103.754,103.752,103.754,33.0
2021-01-25 23:30:00+00:00,103.754,103.76,103.752,103.756,108.5
2021-01-25 23:35:00+00:00,103.756,103.768,103.753,103.764,128.84
2021-01-25 23:40:00+00:00,103.765,103.774,103.761,103.764,123.17
2021-01-25 23:45:00+00:00,103.763,103.772,103.761,103.764,71.24
2021-01-25 23:50:00+00:00,103.765,103.767,103.76,103.763,59.52
2021-01-25 23:55:00+00:00,103.762,103.766,103.761,103.761,13.49
2021-01-26 00:00:00+00:00,103.763,103.796,103.756,103.783,336.17
2021-01-26 00:05:00+00:00,103.782,103.799,103.781,103.791,168.12
2021-01-26 00:10:00+00:00,103.79,103.795,103.784,103.787,142.1
2021-01-26 00:15:00+00:00,103.788,103.791,103.77,103.775,169.23
2021-01-26 00:20:00+00:00,103.774,103.775,103.77,103.771,124.75
2021-01-26 00:25:00+00:00,103.771,103.771,103.763,103.763,73.61
2021-01-26 00:30:00+00:00,103.763,103.781,103.763,103.772,91.72
2021-01-26 00:35:00+00:00,103.772,103.784,103.772,103.778,60.75
2021-01-26 00:40:00+00:00,103.779,103.78,103.764,103.772,90.39
2021-01-26 00:45:00+00:00,103.772,103.775,103.762,103.764,124.89
2021-01-26 00:50:00+00:00,103.763,103.769,103.743,103.745,434.14
2021-01-26 00:55:00+00:00,103.747,103.755,103.734,103.745,277.65
2021-01-26 01:00:00+00:00,103.744,103.772,103.74,103.772,207.58
2021-01-26 01:05:00+00:00,103.772,103.783,103.765,103.782,209.17
2021-01-26 01:10:00+00:00,103.782,103.783,103.755,103.757,154.12
2021-01-26 01:15:00+00:00,103.756,103.767,103.755,103.764,149.63
2021-01-26 01:20:00+00:00,103.766,103.771,103.747,103.752,236.24
2021-01-26 01:25:00+00:00,103.753,103.754,103.736,103.737,144.37
2021-01-26 01:30:00+00:00,103.738,103.759,103.734,103.739,192.33
2021-01-26 01:35:00+00:00,103.738,103.738,103.714,103.717,361.79
2021-01-26 01:40:00+00:00,103.717,103.724,103.709,103.717,181.37
2021-01-26 01:45:00+00:00,103.717,103.728,103.701,103.711,286.1
2021-01-26 01:50:00+00:00,103.71,103.71,103.695,103.703,276.42
2021-01-26 01:55:00+00:00,103.702,103.714,103.7,103.702,443.49
2021-01-26 02:00:00+00:00,103.702,103.703,103.657,103.673,341.38
2021-01-26 02:05:00+00:00,103.674,103.7,103.674,103.7,193.57
2021-01-26 02:10:00+00:00,103.7,103.708,103.693,103.707,117.6
2021-01-26 02:15:00+00:00,103.707,103.715,103.707,103.713,91.44
2021-01-26 02:20:00+00:00,103.713,103.718,103.708,103.708,109.96
2021-01-26 02:25:00+00:00,103.708,103.715,103.705,103.711,146.22
2021-01-26 02:30:00+00:00,103.711,103.712,103.701,103.706,230.57
2021-01-26 02:35:00+00:00,103.705,103.71,103.7,103.709,88.05
2021-01-26 02:40:00+00:00,103.709,103.71,103.689,103.695,170.84
2021-01-26 02:45:00+00:00,103.694,103.696,103.69,103.693,80.46
2021-01-26 02:50:00+00:00,103.691,103.693,103.685,103.692,61.45
2021-01-26 02:55:00+00:00,103.691,103.704,103.691,103.694,229.59
2021-01-26 03:00:00+00:00,103.695,103.713,103.695,103.711,264.07
2021-01-26 03:05:00+00:00,103.711,103.713,103.705,103.711,104.19
2021-01-26 03:10:00+00:00,103.71,103.722,103.71,103.721,120.07
2021-01-26 03:15:00+00:00,103.72,103.72,103.706,103.709,98.86
2021-01-26 03:20:00+00:00,103.708,103.714,103.708,103.709,60.1
2021-01-26 03:25:00+00:00,103.711,103.717,103.705,103.709,132.47
2021-01-26 03:30:00+00:00,103.708,103.71,103.698,103.706,166.31
2021-01-26 03:35:00+00:00,103.706,103.72,103.706,103.72,77.87
2021-01-26 03:40:00+00:00,103.72,103.72,103.712,103.714,41.21
2021-01-26 03:45:00+00:00,103.715,103.726,103.715,103.726,97.04
2021-01-26 03:50:00+00:00,103.725,103.733,103.72,103.733,104.3
2021-01-26 03:55:00+00:00,103.732,103.732,103.714,103.715,118.53
2021-01-26 04:00:00+00:00,103.715,103.715,103.698,103.709,178.46
2021-01-26 04:05:00+00:00,103.709,103.712,103.708,103.712,36.25
2021-01-26 04:10:00+00:00,103.711,103.713,103.702,103.703,35.29
2021-01-26 04:15:00+00:00,103.704,103.709,103.7,103.706,101.2
2021-01-26 04:20:00+00:00,103.707,103.715,103.705,103.715,70.91
2021-01-26 04:25:00+00:00,103.716,103.727,103.716,103.724,95.57
2021-01-26 04:30:00+00:00,103.724,103.742,103.719,103.735,283.62
2021-01-26 04:35:00+00:00,103.733,103.75,103.73,103.748,213.78
2021-01-26 04:40:00+00:00,103.747,103.751,103.731,103.751,178.62
2021-01-26 04:45:00+00:00,103.755,103.755,103.744,103.745,101.08
2021-01-26 04:50:00+00:00,103.749,103.751,103.745,103.745,111.15
2021-01-26 04:55:00+00:00,103.748,103.756,103.74,103.75,144.09
2021-01-26 05:00:00+00:00,103.751,103.759,103.735,103.749,170.01
2021-01-26 05:05:00+00:00,103.747,103.748,103.738,103.741,73.22
2021-01-26 05:10:00+00:00,103.741,103.757,103.734,103.746,106.71
2021-01-26 05:15:00+00:00,103.748,103.75,103.741,103.747,113.5
2021-01-26 05:20:00+00:00,103.747,103.755,103.743,103.752,53.93
2021-01-26 05:25:00+00:00,103.751,103.751,103.737,103.74,116.05
2021-01-26 05:30:00+00:00,103.739,103.742,103.729,103.741,108.19
2021-01-26 05:35:00+00:00,103.74,103.74,103.724,103.736,90.11
2021-01-26 05:40:00+00:00,103.739,103.746,103.737,103.742,106.86
2021-01-26 05:45:00+00:00,103.742,103.747,103.736,103.746,64.94
2021-01-26 05:50:00+00:00,103.746,103.746,103.724,103.74,117.62
2021-01-26 05:55:00+00:00,103.741,103.742,103.72,103.731,109.83
2021-01-26 06:00:00+00:00,103.731,103.731,103.698,103.715,249.33
2021-01-26 06:05:00+00:00,103.716,103.736,103.713,103.728,310.61
2021-01-26 06:10:00+00:00,103.729,103.729,103.711,103.714,165.28
2021-01-26 06:15:00+00:00,103.713,103.722,103.692,103.692,168.59
2021-01-26 06:20:00+00:00,103.693,103.72,103.693,103.714,167.34
2021-01-26 06:25:00+00:00,103.718,103.721,103.706,103.708,160.57
2021-01-26 06:30:00+00:00,103.704,103.708,103.698,103.708,204.33
2021-01-26 06:35:00+00:00,103.708,103.729,103.707,103.719,300.65
2021-01-26 06:40:00+00:00,103.719,103.726,103.706,103.72,136.93
2021-01-26 06:45:00+00:00,103.721,103.728,103.704,103.711,163.31
2021-01-26 06:50:00+00:00,103.711,103.726,103.711,103.717,108.17
2021-01-26 06:55:00+00:00,103.716,103.724,103.714,103.72,104.16
2021-01-26 07:00:00+00:00,103.72,103.742,103.72,103.738,243.48
2021-01-26 07:05:00+00:00,103.738,103.747,103.735,103.741,253.09
2021-01-26 07:10:00+00:00,103.741,103.751,103.731,103.733,211.18
2021-01-26 07:15:00+00:00,103.733,103.751,103.729,103.746,222.41
2021-01-26 07:20:00+00:00,103.748,103.748,103.736,103.738,246.2
2021-01-26 07:25:00+00:00,103.736,103.751,103.732,103.75,251.04
2021-01-26 07:30:00+00:00,103.749,103.772,103.744,103.772,370.0
2021-01-26 07:35:00+00:00,103.773,103.779,103.767,103.773,575.28
2021-01-26 07:40:00+00:00,103.772,103.797,103.769,103.795,331.49
2021-01-26 07:45:00+00:00,103.794,103.796,103.781,103.796,307.89
2021-01-26 07:50:00+00:00,103.796,103.827,103.796,103.815,618.01
2021-01-26 07:55:00+00:00,103.814,103.828,103.812,103.812,364.91
2021-01-26 08:00:00+00:00,103.81,103.815,103.782,103.782,755.06
2021-01-26 08:05:00+00:00,103.786,103.799,103.779,103.79,450.95
2021-01-26 08:10:00+00:00,103.788,103.798,103.778,103.778,474.72
2021-01-26 08:15:00+00:00,103.779,103.794,103.763,103.763,512.14
2021-01-26 08:20:00+00:00,103.764,103.786,103.762,103.785,499.04
2021-01-26 08:25:00+00:00,103.785,103.785,103.763,103.778,360.95
2021-01-26 08:30:00+00:00,103.779,103.791,103.77,103.786,388.61
2021-01-26 08:35:00+00:00,103.786,103.801,103.777,103.795,444.55
2021-01-26 08:40:00+00:00,103.795,103.8,103.785,103.795,390.13
2021-01-26 08:45:00+00:00,103.794,103.801,103.776,103.788,420.47
2021-01-26 08:50:00+00:00,103.787,103.792,103.767,103.776,408.55
2021-01-26 08:55:00+00:00,103.772,103.785,103.753,103.779,439.17
2021-01-26 09:00:00+00:00,103.781,103.811,103.781,103.795,397.54
2021-01-26 09:05:00+00:00,103.797,103.798,103.77,103.786,368.08
2021-01-26 09:10:00+00:00,103.786,103.8,103.785,103.796,382.08
2021-01-26 09:15:00+00:00,103.797,103.799,103.784,103.786,250.65
2021-01-26 09:20:00+00:00,103.785,103.806,103.785,103.793,256.82
2021-01-26 09:25:00+00:00,103.792,103.794,103.773,103.786,459.64
2021-01-26 09:30:00+00:00,103.786,103.791,103.771,103.785,340.23
2021-01-26 09:35:00+00:00,103.784,103.802,103.776,103.795,333.95
2021-01-26 09:40:00+00:00,103.795,103.798,103.786,103.795,248.34
2021-01-26 09:45:00+00:00,103.795,103.801,103.789,103.795,157.75
2021-01-26 09:50:00+00:00,103.797,103.808,103.781,103.786,326.23
2021-01-26 09:55:00+00:00,103.785,103.801,103.776,103.788,379.37
2021-01-26 10:00:00+00:00,103.79,103.805,103.782,103.798,406.12
2021-01-26 10:05:00+00:00,103.798,103.8,103.79,103.792,406.9
2021-01-26 10:10:00+00:00,103.792,103.792,103.782,103.782,160.03
2021-01-26 10:15:00+00:00,103.783,103.785,103.777,103.78,132.56
2021-01-26 10:20:00+00:00,103.78,103.788,103.776,103.779,174.56
2021-01-26 10:25:00+00:00,103.777,103.783,103.765,103.772,413.19
2021-01-26 10:30:00+00:00,103.772,103.794,103.771,103.793,453.54
2021-01-26 10:35:00+00:00,103.793,103.807,103.786,103.805,265.85
2021-01-26 10:40:00+00:00,103.805,103.807,103.799,103.801,190.3
2021-01-26 10:45:00+00:00,103.802,103.81,103.8,103.809,198.14
2021-01-26 10:50:00+00:00,103.808,103.809,103.793,103.801,283.83
2021-01-26 10:55:00+00:00,103.801,103.809,103.8,103.801,182.27
2021-01-26 11:00:00+00:00,103.8,103.807,103.788,103.799,266.96
2021-01-26 11:05:00+00:00,103.799,103.805,103.794,103.803,123.98
2021-01-26 11:10:00+00:00,103.804,103.81,103.797,103.801,197.1
2021-01-26 11:15:00+00:00,103.801,103.803,103.784,103.785,214.16
2021-01-26 11:20:00+00:00,103.785,103.785,103.771,103.78,215.29
2021-01-26 11:25:00+00:00,103.778,103.784,103.765,103.774,378.39
2021-01-26 11:30:00+00:00,103.773,103.779,103.764,103.768,324.44
2021-01-26 11:35:00+00:00,103.767,103.773,103.76,103.768,144.15
2021-01-26 11:40:00+00:00,103.766,103.766,103.745,103.752,129.96
2021-01-26 11:45:00+00:00,103.751,103.766,103.748,103.764,141.34
2021-01-26 11:50:00+00:00,103.763,103.778,103.763,103.774,160.22
2021-01-26 11:55:00+00:00,103.775,103.787,103.774,103.774,128.98
2021-01-26 12:00:00+00:00,103.778,103.785,103.764,103.769,179.66
2021-01-26 12:05:00+00:00,103.768,103.768,103.732,103.738,252.28
2021-01-26 12:10:00+00:00,103.737,103.768,103.736,103.766,219.31
2021-01-26 12:15:00+00:00,103.767,103.771,103.746,103.75,212.41
2021-01-26 12:20:00+00:00,103.749,103.77,103.745,103.764,285.1
2021-01-26 12:25:00+00:00,103.762,103.774,103.757,103.769,191.2
2021-01-26 12:30:00+00:00,103.768,103.771,103.756,103.757,158.42
2021-01-26 12:35:00+00:00,103.758,103.764,103.749,103.761,162.24
2021-01-26 12:40:00+00:00,103.762,103.762,103.731,103.731,134.8
2021-01-26 12:45:00+00:00,103.73,103.736,103.722,103.734,217.04
2021-01-26 12:50:00+00:00,103.733,103.736,103.721,103.731,246.13
2021-01-26 12:55:00+00:00,103.73,103.738,103.723,103.738,279.11
2021-01-26 13:00:00+00:00,103.737,103.742,103.726,103.727,189.65
2021-01-26 13:05:00+00:00,103.726,103.731,103.705,103.71,244.27
2021-01-26 13:10:00+00:00,103.708,103.714,103.696,103.707,266.84
2021-01-26 13:15:00+00:00,103.705,103.717,103.703,103.712,295.7
2021-01-26 13:20:00+00:00,103.711,103.717,103.692,103.697,373.23
2021-01-26 13:25:00+00:00,103.699,103.699,103.67,103.68,486.58
2021-01-26 13:30:00+00:00,103.68,103.689,103.674,103.676,425.94
2021-01-26 13:35:00+00:00,103.677,103.681,103.639,103.641,727.98
2021-01-26 13:40:00+00:00,103.641,103.649,103.625,103.626,374.88
2021-01-26 13:45:00+00:00,103.626,103.663,103.625,103.631,418.49
2021-01-26 13:50:00+00:00,103.631,103.658,103.631,103.652,383.21
2021-01-26 13:55:00+00:00,103.651,103.668,103.644,103.657,352.66
2021-01-26 14:00:00+00:00,103.656,103.667,103.63,103.658,447.49
2021-01-26 14:05:00+00:00,103.658,103.658,103.642,103.647,262.22
2021-01-26 14:10:00+00:00,103.647,103.658,103.637,103.658,218.65
2021-01-26 14:15:00+00:00,103.656,103.67,103.651,103.656,421.54
2021-01-26 14:20:00+00:00,103.656,103.671,103.653,103.669,260.61
2021-01-26 14:25:00+00:00,103.667,103.667,103.646,103.646,313.5
2021-01-26 14:30:00+00:00,103.646,103.659,103.64,103.652,492.76
2021-01-26 14:35:00+00:00,103.652,103.655,103.634,103.637,350.45
2021-01-26 14:40:00+00:00,103.636,103.637,103.612,103.621,468.79
2021-01-26 14:45:00+00:00,103.621,103.645,103.615,103.616,444.95
2021-01-26 14:50:00+00:00,103.616,103.619,103.575,103.589,626.22
2021-01-26 14:55:00+00:00,103.589,103.599,103.571,103.588,556.55
2021-01-26 15:00:00+00:00,103.589,103.603,103.574,103.575,506.01
2021-01-26 15:05:00+00:00,103.576,103.583,103.555,103.555,447.46
2021-01-26 15:10:00+00:00,103.557,103.58,103.554,103.578,388.42
2021-01-26 15:15:00+00:00,103.577,103.59,103.565,103.575,339.54
2021-01-26 15:20:00+00:00,103.577,103.6,103.572,103.598,298.01
2021-01-26 15:25:00+00:00,103.599,103.603,103.581,103.603,435.1
2021-01-26 15:30:00+00:00,103.603,103.616,103.599,103.605,543.49
2021-01-26 15:35:00+00:00,103.606,103.615,103.595,103.613,385.68
2021-01-26 15:40:00+00:00,103.611,103.621,103.593,103.607,472.73
2021-01-26 15:45:00+00:00,103.606,103.635,103.602,103.624,368.6
2021-01-26 15:50:00+00:00,103.623,103.657,103.618,103.637,374.94
2021-01-26 15:55:00+00:00,103.639,103.651,103.63,103.646,427.94
2021-01-26 16:00:00+00:00,103.644,103.649,103.629,103.638,385.72
2021-01-26 16:05:00+00:00,103.64,103.664,103.64,103.658,279.33
2021-01-26 16:10:00+00:00,103.657,103.662,103.643,103.658,257.87
2021-01-26 16:15:00+00:00,103.657,103.67,103.649,103.663,186.27
2021-01-26 16:20:00+00:00,103.663,103.673,103.662,103.667,204.65
2021-01-26 16:25:00+00:00,103.668,103.674,103.664,103.665,318.35
2021-01-26 16:30:00+00:00,103.667,103.674,103.66,103.666,312.55
2021-01-26 16:35:00+00:00,103.666,103.668,103.657,103.664,457.04
2021-01-26 16:40:00+00:00,103.665,103.673,103.66,103.673,227.54
2021-01-26 16:45:00+00:00,103.672,103.673,103.663,103.673,156.94
2021-01-26 16:50:00+00:00,103.673,103.711,103.671,103.689,626.82
2021-01-26 16:55:00+00:00,103.692,103.697,103.686,103.689,265.04
2021-01-26 17:00:00+00:00,103.689,103.69,103.671,103.683,345.7
2021-01-26 17:05:00+00:00,103.684,103.688,103.676,103.676,132.32
2021-01-26 17:10:00+00:00,103.677,103.682,103.674,103.678,174.71
2021-01-26 17:15:00+00:00,103.677,103.686,103.673,103.685,172.17
2021-01-26 17:20:00+00:00,103.683,103.691,103.68,103.684,158.31
2021-01-26 17:25:00+00:00,103.683,103.683,103.671,103.672,163.83
2021-01-26 17:30:00+00:00,103.669,103.673,103.664,103.667,165.37
2021-01-26 17:35:00+00:00,103.667,103.679,103.667,103.672,148.7
2021-01-26 17:40:00+00:00,103.674,103.674,103.665,103.666,70.62
2021-01-26 17:45:00+00:00,103.665,103.674,103.663,103.666,95.07
2021-01-26 17:50:00+00:00,103.667,103.668,103.655,103.662,110.54
2021-01-26 17:55:00+00:00,103.663,103.68,103.662,103.677,155.37
2021-01-26 18:00:00+00:00,103.676,103.681,103.672,103.676,100.18
2021-01-26 18:05:00+00:00,103.676,103.676,103.657,103.657,138.23
2021-01-26 18:10:00+00:00,103.656,103.665,103.656,103.662,55.98
2021-01-26 18:15:00+00:00,103.661,103.667,103.655,103.667,90.92
2021-01-26 18:20:00+00:00,103.665,103.665,103.649,103.656,88.35
2021-01-26 18:25:00+00:00,103.655,103.662,103.649,103.661,158.24
2021-01-26 18:30:00+00:00,103.66,103.669,103.659,103.662,61.73
2021-01-26 18:35:00+00:00,103.662,103.667,103.657,103.663,79.47
2021-01-26 18:40:00+00:00,103.666,103.666,103.654,103.655,35.22
2021-01-26 18:45:00+00:00,103.654,103.656,103.649,103.656,38.0
2021-01-26 18:50:00+00:00,103.656,103.662,103.649,103.651,35.19
2021-01-26 18:55:00+00:00,103.652,103.655,103.652,103.655,21.31
2021-01-26 19:00:00+00:00,103.656,103.667,103.656,103.661,45.36
2021-01-26 19:05:00+00:00,103.66,103.66,103.656,103.657,27.6
2021-01-26 19:10:00+00:00,103.654,103.668,103.654,103.668,32.1
2021-01-26 19:15:00+00:00,103.667,103.668,103.663,103.667,16.01
2021-01-26 19:20:00+00:00,103.671,103.673,103.671,103.672,8.0
2021-01-26 19:25:00+00:00,103.672,103.672,103.666,103.667,38.31
2021-01-26 19:30:00+00:00,103.666,103.667,103.655,103.662,63.67
2021-01-26 19:35:00+00:00,103.661,103.667,103.655,103.655,47.4
2021-01-26 19:40:00+00:00,103.655,103.656,103.649,103.65,29.11
2021-01-26 19:45:00+00:00,103.651,103.658,103.649,103.655,153.9
2021-01-26 19:50:00+00:00,103.656,103.657,103.65,103.651,153.04
2021-01-26 19:55:00+00:00,103.654,103.656,103.648,103.649,274.44
2021-01-26 20:00:00+00:00,103.648,103.657,103.635,103.649,249.74
2021-01-26 20:05:00+00:00,103.647,103.647,103.628,103.635,154.56
2021-01-26 20:10:00+00:00,103.637,103.64,103.629,103.63,40.25
2021-01-26 20:15:00+00:00,103.631,103.631,103.625,103.627,40.36
2021-01-26 20:20:00+00:00,103.628,103.629,103.621,103.622,132.14
2021-01-26 20:25:00+00:00,103.624,103.629,103.624,103.627,104.5
2021-01-26 20:30:00+00:00,103.628,103.635,103.623,103.628,121.04
2021-01-26 20:35:00+00:00,103.628,103.628,103.622,103.628,49.28
2021-01-26 20:40:00+00:00,103.627,103.627,103.616,103.619,276.89
2021-01-26 20:45:00+00:00,103.618,103.624,103.617,103.624,61.76
2021-01-26 20:50:00+00:00,103.624,103.624,103.612,103.615,117.87
2021-01-26 20:55:00+00:00,103.615,103.617,103.595,103.597,279.3
2021-01-26 21:00:00+00:00,103.599,103.605,103.591,103.602,113.18
2021-01-26 21:05:00+00:00,103.6,103.602,103.597,103.598,68.19
2021-01-26 21:10:00+00:00,103.599,103.601,103.597,103.6,858.86
2021-01-26 21:15:00+00:00,103.6,103.607,103.597,103.607,383.32
2021-01-26 21:20:00+00:00,103.607,103.611,103.607,103.609,76.95
2021-01-26 21:25:00+00:00,103.61,103.616,103.609,103.616,139.95
2021-01-26 21:30:00+00:00,103.616,103.626,103.613,103.624,139.35
2021-01-26 21:35:00+00:00,103.625,103.627,103.623,103.625,435.75
2021-01-26 21:40:00+00:00,103.626,103.628,103.623,103.625,417.77
2021-01-26 21:45:00+00:00,103.624,103.627,103.608,103.614,792.94
2021-01-26 21:50:00+00:00,103.615,103.619,103.61,103.615,357.36
2021-01-26 21:55:00+00:00,103.613,103.626,103.611,103.612,273.13
2021-01-26 22:00:00+00:00,103.613,103.669,103.613,103.668,32.62
2021-01-26 22:05:00+00:00,103.67,103.672,103.604,103.61,88.25
2021-01-26 22:10:00+00:00,103.611,103.623,103.593,103.612,27.72
2021-01-26 22:15:00+00:00,103.613,103.628,103.605,103.621,24.75
2021-01-26 22:20:00+00:00,103.623,103.625,103.617,103.621,27.79
2021-01-26 22:25:00+00:00,103.62,103.623,103.613,103.613,14.25
2021-01-26 22:30:00+00:00,103.623,103.657,103.613,103.641,456.27
2021-01-26 22:35:00+00:00,103.64,103.642,103.612,103.621,430.3
2021-01-26 22:40:00+00:00,103.622,103.627,103.619,103.625,193.75
2021-01-26 22:45:00+00:00,103.616,103.64,103.616,103.64,109.69
2021-01-26 22:50:00+00:00,103.64,103.64,103.638,103.639,226.0
2021-01-26 22:55:00+00:00,103.638,103.64,103.635,103.64,418.0
2021-01-26 23:00:00+00:00,103.637,103.641,103.614,103.616,719.11
2021-01-26 23:05:00+00:00,103.617,103.626,103.617,103.625,142.5
2021-01-26 23:10:00+00:00,103.625,103.629,103.618,103.629,327.28
2021-01-26 23:15:00+00:00,103.627,103.631,103.621,103.623,118.45
2021-01-26 23:20:00+00:00,103.624,103.63,103.617,103.619,109.99
2021-01-26 23:25:00+00:00,103.618,103.618,103.611,103.614,37.69
2021-01-26 23:30:00+00:00,103.613,103.615,103.609,103.612,77.92
2021-01-26 23:35:00+00:00,103.613,103.622,103.61,103.62,55.53
2021-01-26 23:40:00+00:00,103.621,103.622,103.614,103.615,76.36
2021-01-26 23:45:00+00:00,103.614,103.617,103.603,103.607,131.95
2021-01-26 23:50:00+00:00,103.605,103.607,103.604,103.605,43.83
2021-01-26 23:55:00+00:00,103.605,103.613,103.6,103.601,81.6
2021-01-27 00:00:00+00:00,103.599,103.62,103.597,103.615,209.4
2021-01-27 00:05:00+00:00,103.617,103.621,103.612,103.621,106.58
2021-01-27 00:10:00+00:00,103.623,103.631,103.61,103.61,185.35
2021-01-27 00:15:00+00:00,103.611,103.619,103.608,103.614,223.47
2021-01-27 00:20:00+00:00,103.614,103.617,103.608,103.614,70.27
2021-01-27 00:25:00+00:00,103.616,103.616,103.602,103.606,137.83
2021-01-27 00:30:00+00:00,103.604,103.611,103.588,103.591,219.13
2021-01-27 00:35:00+00:00,103.593,103.621,103.586,103.618,228.99
2021-01-27 00:40:00+00:00,103.618,103.627,103.618,103.623,160.05
2021-01-27 00:45:00+00:00,103.625,103.644,103.621,103.643,132.41
2021-01-27 00:50:00+00:00,103.642,103.68,103.642,103.673,778.46
2021-01-27 00:55:00+00:00,103.675,103.676,103.66,103.661,333.58
2021-01-27 01:00:00+00:00,103.663,103.677,103.655,103.677,146.41
2021-01-27 01:05:00+00:00,103.677,103.718,103.677,103.703,372.38
2021-01-27 01:10:00+00:00,103.703,103.703,103.69,103.698,145.12
2021-01-27 01:15:00+00:00,103.698,103.721,103.691,103.706,232.83
2021-01-27 01:20:00+00:00,103.705,103.705,103.675,103.676,197.45
2021-01-27 01:25:00+00:00,103.675,103.686,103.673,103.676,217.81
2021-01-27 01:30:00+00:00,103.677,103.684,103.673,103.681,188.31
2021-01-27 01:35:00+00:00,103.68,103.683,103.67,103.681,143.37
2021-01-27 01:40:00+00:00,103.681,103.697,103.676,103.691,144.54
2021-01-27 01:45:00+00:00,103.691,103.709,103.688,103.699,195.94
2021-01-27 01:50:00+00:00,103.702,103.715,103.692,103.693,249.56
2021-01-27 01:55:00+00:00,103.693,103.696,103.682,103.694,190.93
2021-01-27 02:00:00+00:00,103.693,103.7,103.687,103.694,262.85
2021-01-27 02:05:00+00:00,103.692,103.701,103.687,103.692,265.97
2021-01-27 02:10:00+00:00,103.692,103.699,103.684,103.699,157.69
2021-01-27 02:15:00+00:00,103.698,103.699,103.686,103.694,274.18
2021-01-27 02:20:00+00:00,103.693,103.701,103.689,103.695,407.29
2021-01-27 02:25:00+00:00,103.696,103.714,103.693,103.714,298.38
2021-01-27 02:30:00+00:00,103.715,103.719,103.694,103.699,360.58
2021-01-27 02:35:00+00:00,103.7,103.708,103.694,103.699,229.17
2021-01-27 02:40:00+00:00,103.701,103.709,103.696,103.701,159.95
2021-01-27 02:45:00+00:00,103.699,103.702,103.694,103.702,107.11
2021-01-27 02:50:00+00:00,103.702,103.71,103.701,103.709,103.85
2021-01-27 02:55:00+00:00,103.708,103.709,103.703,103.706,46.58
2021-01-27 03:00:00+00:00,103.707,103.715,103.706,103.71,127.33
2021-01-27 03:05:00+00:00,103.711,103.727,103.711,103.725,145.87
2021-01-27 03:10:00+00:00,103.725,103.729,103.715,103.722,159.46
2021-01-27 03:15:00+00:00,103.722,103.729,103.711,103.717,307.75
2021-01-27 03:20:00+00:00,103.717,103.734,103.712,103.725,542.76
2021-01-27 03:25:00+00:00,103.725,103.741,103.725,103.736,249.55
2021-01-27 03:30:00+00:00,103.737,103.737,103.724,103.727,136.7
2021-01-27 03:35:00+00:00,103.726,103.742,103.724,103.739,123.86
2021-01-27 03:40:00+00:00,103.739,103.751,103.734,103.745,222.25
2021-01-27 03:45:00+00:00,103.745,103.748,103.739,103.746,150.23
2021-01-27 03:50:00+00:00,103.744,103.747,103.727,103.733,177.44
2021-01-27 03:55:00+00:00,103.733,103.739,103.728,103.737,225.35
2021-01-27 04:00:00+00:00,103.737,103.739,103.729,103.737,136.27
2021-01-27 04:05:00+00:00,103.737,103.744,103.731,103.743,131.16
2021-01-27 04:10:00+00:00,103.744,103.744,103.731,103.735,140.13
2021-01-27 04:15:00+00:00,103.736,103.736,103.723,103.724,118.57
2021-01-27 04:20:00+00:00,103.724,103.73,103.721,103.73,112.49
2021-01-27 04:25:00+00:00,103.73,103.73,103.707,103.709,196.41
2021-01-27 04:30:00+00:00,103.712,103.724,103.699,103.723,263.68
2021-01-27 04:35:00+00:00,103.723,103.724,103.719,103.724,59.08
2021-01-27 04:40:00+00:00,103.724,103.724,103.712,103.72,130.41
2021-01-27 04:45:00+00:00,103.721,103.724,103.715,103.722,90.03
2021-01-27 04:50:00+00:00,103.723,103.725,103.723,103.723,22.67
2021-01-27 04:55:00+00:00,103.724,103.724,103.712,103.712,52.25
2021-01-27 05:00:00+00:00,103.713,103.725,103.709,103.725,140.66
2021-01-27 05:05:00+00:00,103.723,103.723,103.714,103.716,105.91
2021-01-27 05:10:00+00:00,103.718,103.725,103.713,103.724,85.5
2021-01-27 05:15:00+00:00,103.726,103.737,103.72,103.72,103.67
2021-01-27 05:20:00+00:00,103.722,103.725,103.717,103.719,91.26
2021-01-27 05:25:00+00:00,103.72,103.723,103.715,103.716,104.26
2021-01-27 05:30:00+00:00,103.717,103.719,103.704,103.706,75.62
2021-01-27 05:35:00+00:00,103.707,103.711,103.683,103.686,179.98
2021-01-27 05:40:00+00:00,103.686,103.699,103.685,103.689,296.36
2021-01-27 05:45:00+00:00,103.69,103.7,103.69,103.696,80.47
2021-01-27 05:50:00+00:00,103.697,103.698,103.686,103.687,120.53
2021-01-27 05:55:00+00:00,103.685,103.687,103.672,103.682,163.17
2021-01-27 06:00:00+00:00,103.682,103.683,103.63,103.635,413.5
2021-01-27 06:05:00+00:00,103.634,103.657,103.632,103.651,235.15
2021-01-27 06:10:00+00:00,103.649,103.669,103.649,103.667,111.05
2021-01-27 06:15:00+00:00,103.667,103.674,103.661,103.67,158.8
2021-01-27 06:20:00+00:00,103.67,103.67,103.662,103.666,107.4
2021-01-27 06:25:00+00:00,103.667,103.678,103.665,103.673,88.02
2021-01-27 06:30:00+00:00,103.675,103.68,103.672,103.676,142.13
2021-01-27 06:35:00+00:00,103.677,103.681,103.665,103.665,113.75
2021-01-27 06:40:00+00:00,103.665,103.665,103.656,103.658,72.6
2021-01-27 06:45:00+00:00,103.658,103.675,103.658,103.67,64.19
2021-01-27 06:50:00+00:00,103.669,103.686,103.667,103.683,149.01
2021-01-27 06:55:00+00:00,103.682,103.684,103.67,103.672,182.01
2021-01-27 07:00:00+00:00,103.672,103.68,103.67,103.674,146.98
2021-01-27 07:05:00+00:00,103.675,103.691,103.675,103.682,141.59
2021-01-27 07:10:00+00:00,103.681,103.683,103.669,103.671,188.42
2021-01-27 07:15:00+00:00,103.672,103.679,103.669,103.67,177.18
2021-01-27 07:20:00+00:00,103.671,103.688,103.669,103.682,153.64
2021-01-27 07:25:00+00:00,103.681,103.683,103.677,103.683,50.81
2021-01-27 07:30:00+00:00,103.684,103.701,103.68,103.698,263.84
2021-01-27 07:35:00+00:00,103.697,103.704,103.694,103.697,153.38
2021-01-27 07:40:00+00:00,103.697,103.702,103.684,103.691,289.41
2021-01-27 07:45:00+00:00,103.691,103.697,103.668,103.671,326.06
2021-01-27 07:50:00+00:00,103.673,103.683,103.663,103.683,251.37
2021-01-27 07:55:00+00:00,103.682,103.682,103.671,103.679,182.51
2021-01-27 08:00:00+00:00,103.677,103.687,103.653,103.654,504.13
2021-01-27 08:05:00+00:00,103.655,103.673,103.651,103.663,365.73
2021-01-27 08:10:00+00:00,103.663,103.683,103.66,103.675,488.47
2021-01-27 08:15:00+00:00,103.677,103.708,103.677,103.703,372.7
2021-01-27 08:20:00+00:00,103.703,103.727,103.702,103.721,624.23
2021-01-27 08:25:00+00:00,103.721,103.725,103.705,103.706,660.25
2021-01-27 08:30:00+00:00,103.707,103.712,103.698,103.706,377.37
2021-01-27 08:35:00+00:00,103.706,103.716,103.704,103.712,158.21
2021-01-27 08:40:00+00:00,103.711,103.727,103.711,103.716,331.89
2021-01-27 08:45:00+00:00,103.715,103.727,103.709,103.722,277.5
2021-01-27 08:50:00+00:00,103.721,103.729,103.713,103.729,247.03
2021-01-27 08:55:00+00:00,103.728,103.754,103.723,103.748,308.06
2021-01-27 09:00:00+00:00,103.748,103.767,103.748,103.754,741.78
2021-01-27 09:05:00+00:00,103.753,103.758,103.743,103.757,501.33
2021-01-27 09:10:00+00:00,103.759,103.798,103.756,103.79,788.65
2021-01-27 09:15:00+00:00,103.789,103.797,103.756,103.758,933.0
2021-01-27 09:20:00+00:00,103.758,103.762,103.746,103.752,367.84
2021-01-27 09:25:00+00:00,103.753,103.772,103.753,103.769,325.21
2021-01-27 09:30:00+00:00,103.77,103.77,103.757,103.763,453.82
2021-01-27 09:35:00+00:00,103.761,103.766,103.745,103.766,340.74
2021-01-27 09:40:00+00:00,103.765,103.773,103.756,103.765,334.32
2021-01-27 09:45:00+00:00,103.765,103.776,103.759,103.774,242.94
2021-01-27 09:50:00+00:00,103.775,103.783,103.774,103.78,282.72
2021-01-27 09:55:00+00:00,103.78,103.787,103.775,103.786,423.82
2021-01-27 10:00:00+00:00,103.789,103.795,103.785,103.794,371.89
2021-01-27 10:05:00+00:00,103.795,103.8,103.763,103.766,723.7
2021-01-27 10:10:00+00:00,103.763,103.778,103.755,103.776,139.79
2021-01-27 10:15:00+00:00,103.773,103.774,103.766,103.769,172.17
2021-01-27 10:20:00+00:00,103.77,103.772,103.766,103.767,90.12
2021-01-27 10:25:00+00:00,103.767,103.767,103.746,103.755,86.23
2021-01-27 10:30:00+00:00,103.756,103.767,103.753,103.757,207.57
2021-01-27 10:35:00+00:00,103.755,103.774,103.755,103.771,194.95
2021-01-27 10:40:00+00:00,103.771,103.773,103.762,103.771,198.1
2021-01-27 10:45:00+00:00,103.772,103.78,103.765,103.766,172.43
2021-01-27 10:50:00+00:00,103.766,103.768,103.747,103.749,171.69
2021-01-27 10:55:00+00:00,103.749,103.752,103.736,103.739,224.35
2021-01-27 11:00:00+00:00,103.739,103.758,103.739,103.754,238.23
2021-01-27 11:05:00+00:00,103.754,103.771,103.751,103.77,156.25
2021-01-27 11:10:00+00:00,103.767,103.787,103.767,103.782,185.64
2021-01-27 11:15:00+00:00,103.783,103.796,103.782,103.784,229.88
2021-01-27 11:20:00+00:00,103.788,103.791,103.785,103.787,295.03
2021-01-27 11:25:00+00:00,103.785,103.811,103.785,103.804,423.92
2021-01-27 11:30:00+00:00,103.805,103.81,103.796,103.803,296.84
2021-01-27 11:35:00+00:00,103.802,103.832,103.8,103.824,299.42
2021-01-27 11:40:00+00:00,103.824,103.861,103.82,103.835,645.34
2021-01-27 11:45:00+00:00,103.834,103.867,103.833,103.846,385.61
2021-01-27 11:50:00+00:00,103.846,103.854,103.828,103.834,505.98
2021-01-27 11:55:00+00:00,103.835,103.852,103.833,103.836,360.31
2021-01-27 12:00:00+00:00,103.835,103.841,103.805,103.812,649.4
2021-01-27 12:05:00+00:00,103.812,103.84,103.812,103.834,266.15
2021-01-27 12:10:00+00:00,103.836,103.862,103.836,103.861,276.61
2021-01-27 12:15:00+00:00,103.86,103.888,103.858,103.877,414.13
2021-01-27 12:20:00+00:00,103.876,103.888,103.843,103.844,405.3
2021-01-27 12:25:00+00:00,103.843,103.854,103.838,103.849,328.43
2021-01-27 12:30:00+00:00,103.848,103.856,103.838,103.846,498.71
2021-01-27 12:35:00+00:00,103.845,103.855,103.84,103.854,299.39
2021-01-27 12:40:00+00:00,103.853,103.867,103.844,103.849,360.79
2021-01-27 12:45:00+00:00,103.85,103.86,103.845,103.849,397.26
2021-01-27 12:50:00+00:00,103.849,103.868,103.847,103.859,258.76
2021-01-27 12:55:00+00:00,103.859,103.866,103.844,103.846,326.61
2021-01-27 13:00:00+00:00,103.847,103.869,103.845,103.86,382.12
2021-01-27 13:05:00+00:00,103.863,103.873,103.86,103.872,387.39
2021-01-27 13:10:00+00:00,103.873,103.91,103.871,103.902,637.72
2021-01-27 13:15:00+00:00,103.901,103.944,103.894,103.937,701.08
2021-01-27 13:20:00+00:00,103.937,103.941,103.899,103.904,682.84
2021-01-27 13:25:00+00:00,103.902,103.909,103.896,103.901,474.85
2021-01-27 13:30:00+00:00,103.904,103.944,103.904,103.931,285.49
2021-01-27 13:35:00+00:00,103.931,103.977,103.931,103.971,977.25
2021-01-27 13:40:00+00:00,103.972,103.999,103.971,103.989,1004.94
2021-01-27 13:45:00+00:00,103.99,104.029,103.974,104.029,771.26
2021-01-27 13:50:00+00:00,104.028,104.028,103.973,103.977,994.42
2021-01-27 13:55:00+00:00,103.978,103.99,103.966,103.981,703.74
2021-01-27 14:00:00+00:00,103.982,103.986,103.971,103.979,523.12
2021-01-27 14:05:00+00:00,103.977,103.984,103.956,103.977,357.37
2021-01-27 14:10:00+00:00,103.977,103.99,103.972,103.973,243.54
2021-01-27 14:15:00+00:00,103.975,104.01,103.975,104.001,487.65
2021-01-27 14:20:00+00:00,104.0,104.016,103.989,104.016,484.84
2021-01-27 14:25:00+00:00,104.016,104.024,103.988,103.988,688.77
2021-01-27 14:30:00+00:00,103.994,104.069,103.99,104.06,952.8
2021-01-27 14:35:00+00:00,104.06,104.098,104.053,104.095,2028.44
2021-01-27 14:40:00+00:00,104.096,104.159,104.094,104.141,1401.03
2021-01-27 14:45:00+00:00,104.142,104.171,104.127,104.157,1888.71
2021-01-27 14:50:00+00:00,104.158,104.178,104.092,104.103,1045.02
2021-01-27 14:55:00+00:00,104.103,104.121,104.054,104.091,1062.8
2021-01-27 15:00:00+00:00,104.092,104.126,104.059,104.075,989.31
2021-01-27 15:05:00+00:00,104.072,104.08,104.042,104.06,949.95
2021-01-27 15:10:00+00:00,104.061,104.088,104.054,104.083,873.8
2021-01-27 15:15:00+00:00,104.082,104.099,104.072,104.081,566.05
2021-01-27 15:20:00+00:00,104.082,104.088,104.052,104.057,598.5
2021-01-27 15:25:00+00:00,104.059,104.077,104.053,104.068,366.74
2021-01-27 15:30:00+00:00,104.069,104.069,104.031,104.049,419.3
2021-01-27 15:35:00+00:00,104.05,104.068,104.036,104.068,326.38
2021-01-27 15:40:00+00:00,104.067,104.067,104.028,104.039,446.05
2021-01-27 15:45:00+00:00,104.036,104.055,104.029,104.045,361.26
2021-01-27 15:50:00+00:00,104.043,104.084,104.039,104.067,451.85
2021-01-27 15:55:00+00:00,104.068,104.131,104.067,104.098,931.27
2021-01-27 16:00:00+00:00,104.098,104.106,104.074,104.078,621.59
2021-01-27 16:05:00+00:00,104.076,104.11,104.073,104.1,401.72
2021-01-27 16:10:00+00:00,104.101,104.126,104.101,104.109,300.07
2021-01-27 16:15:00+00:00,104.11,104.119,104.097,104.106,209.05
2021-01-27 16:20:00+00:00,104.106,104.123,104.092,104.103,243.31
2021-01-27 16:25:00+00:00,104.102,104.102,104.063,104.069,298.88
2021-01-27 16:30:00+00:00,104.068,104.075,104.056,104.075,345.81
2021-01-27 16:35:00+00:00,104.074,104.083,104.063,104.063,220.99
2021-01-27 16:40:00+00:00,104.067,104.074,104.055,104.065,189.96
2021-01-27 16:45:00+00:00,104.065,104.069,104.049,104.056,220.97
2021-01-27 16:50:00+00:00,104.056,104.064,104.046,104.063,213.85
2021-01-27 16:55:00+00:00,104.063,104.105,104.061,104.1,188.32
2021-01-27 17:00:00+00:00,104.099,104.121,104.092,104.111,282.65
2021-01-27 17:05:00+00:00,104.112,104.112,104.092,104.092,178.72
2021-01-27 17:10:00+00:00,104.091,104.094,104.064,104.065,239.9
2021-01-27 17:15:00+00:00,104.063,104.067,104.049,104.055,202.14
2021-01-27 17:20:00+00:00,104.053,104.065,104.05,104.064,164.15
2021-01-27 17:25:00+00:00,104.063,104.077,104.062,104.077,130.22
2021-01-27 17:30:00+00:00,104.077,104.102,104.076,104.093,182.83
2021-01-27 17:35:00+00:00,104.093,104.116,104.086,104.097,313.55
2021-01-27 17:40:00+00:00,104.097,104.102,104.079,104.08,289.23
2021-01-27 17:45:00+00:00,104.081,104.086,104.065,104.073,235.0
2021-01-27 17:50:00+00:00,104.075,104.086,104.065,104.084,189.84
2021-01-27 17:55:00+00:00,104.086,104.087,104.062,104.067,225.62
2021-01-27 18:00:00+00:00,104.066,104.066,104.036,104.056,461.36
2021-01-27 18:05:00+00:00,104.054,104.054,104.037,104.047,196.65
2021-01-27 18:10:00+00:00,104.047,104.069,104.047,104.069,213.4
2021-01-27 18:15:00+00:00,104.069,104.076,104.066,104.073,498.3
2021-01-27 18:20:00+00:00,104.073,104.087,104.071,104.08,142.31
2021-01-27 18:25:00+00:00,104.081,104.081,104.06,104.069,128.94
2021-01-27 18:30:00+00:00,104.068,104.07,104.05,104.053,245.11
2021-01-27 18:35:00+00:00,104.053,104.079,104.052,104.077,182.81
2021-01-27 18:40:00+00:00,104.075,104.094,104.073,104.088,207.84
2021-01-27 18:45:00+00:00,104.088,104.098,104.086,104.098,96.39
2021-01-27 18:50:00+00:00,104.098,104.098,104.041,104.053,232.51
2021-01-27 18:55:00+00:00,104.055,104.08,104.055,104.078,489.13
2021-01-27 19:00:00+00:00,104.077,104.112,104.035,104.108,819.68
2021-01-27 19:05:00+00:00,104.111,104.117,104.074,104.074,277.25
2021-01-27 19:10:00+00:00,104.073,104.099,104.06,104.088,261.41
2021-01-27 19:15:00+00:00,104.087,104.115,104.084,104.103,348.2
2021-01-27 19:20:00+00:00,104.101,104.116,104.101,104.108,285.97
2021-01-27 19:25:00+00:00,104.107,104.117,104.091,104.117,257.37
2021-01-27 19:30:00+00:00,104.117,104.142,104.112,104.123,436.76
2021-01-27 19:35:00+00:00,104.122,104.144,104.114,104.123,437.61
2021-01-27 19:40:00+00:00,104.125,104.125,104.065,104.073,339.36
2021-01-27 19:45:00+00:00,104.074,104.078,104.061,104.065,313.65
2021-01-27 19:50:00+00:00,104.067,104.168,104.064,104.161,546.07
2021-01-27 19:55:00+00:00,104.163,104.168,104.138,104.152,601.4
2021-01-27 20:00:00+00:00,104.151,104.186,104.149,104.171,512.27
2021-01-27 20:05:00+00:00,104.172,104.188,104.166,104.182,420.98
2021-01-27 20:10:00+00:00,104.181,104.187,104.157,104.157,400.74
2021-01-27 20:15:00+00:00,104.156,104.188,104.154,104.187,217.8
2021-01-27 20:20:00+00:00,104.186,104.2,104.183,104.194,273.32
2021-01-27 20:25:00+00:00,104.194,104.197,104.171,104.189,313.41
2021-01-27 20:30:00+00:00,104.189,104.194,104.181,104.192,195.11
2021-01-27 20:35:00+00:00,104.19,104.192,104.176,104.183,281.96
2021-01-27 20:40:00+00:00,104.184,104.199,104.181,104.195,206.35
2021-01-27 20:45:00+00:00,104.196,104.198,104.178,104.182,373.47
2021-01-27 20:50:00+00:00,104.184,104.193,104.171,104.182,235.46
2021-01-27 20:55:00+00:00,104.18,104.19,104.173,104.179,241.2
2021-01-27 21:00:00+00:00,104.18,104.194,104.169,104.174,205.76
2021-01-27 21:05:00+00:00,104.174,104.18,104.151,104.154,231.65
2021-01-27 21:10:00+00:00,104.151,104.154,104.114,104.114,347.63
2021-01-27 21:15:00+00:00,104.114,104.119,104.095,104.095,185.68
2021-01-27 21:20:00+00:00,104.096,104.11,104.094,104.096,89.8
2021-01-27 21:25:00+00:00,104.096,104.096,104.079,104.086,289.71
2021-01-27 21:30:00+00:00,104.086,104.099,104.085,104.093,301.96
2021-01-27 21:35:00+00:00,104.093,104.113,104.092,104.109,217.87
2021-01-27 21:40:00+00:00,104.109,104.111,104.103,104.105,66.23
2021-01-27 21:45:00+00:00,104.105,104.107,104.077,104.079,162.84
2021-01-27 21:50:00+00:00,104.081,104.101,104.076,104.097,186.23
2021-01-27 21:55:00+00:00,104.096,104.113,104.072,104.078,155.02
2021-01-27 22:00:00+00:00,104.073,104.14,104.073,104.14,12.0
2021-01-27 22:05:00+00:00,104.143,104.15,104.12,104.124,26.06
2021-01-27 22:10:00+00:00,104.123,104.123,104.108,104.108,439.45
2021-01-27 22:15:00+00:00,104.111,104.127,104.085,104.113,879.2
2021-01-27 22:20:00+00:00,104.113,104.118,104.094,104.098,92.48
2021-01-27 22:25:00+00:00,104.099,104.099,104.09,104.091,25.17
2021-01-27 22:30:00+00:00,104.092,104.112,104.091,104.112,25.0
2021-01-27 22:35:00+00:00,104.111,104.112,104.101,104.104,24.75
2021-01-27 22:40:00+00:00,104.102,104.105,104.101,104.105,8.75
2021-01-27 22:45:00+00:00,104.105,104.106,104.051,104.078,157.19
2021-01-27 22:50:00+00:00,104.081,104.102,104.07,104.088,299.98
2021-01-27 22:55:00+00:00,104.087,104.091,104.063,104.074,127.87
2021-01-27 23:00:00+00:00,104.074,104.097,104.066,104.084,516.76
2021-01-27 23:05:00+00:00,104.086,104.096,104.085,104.09,147.47
2021-01-27 23:10:00+00:00,104.09,104.107,104.09,104.102,81.08
2021-01-27 23:15:00+00:00,104.101,104.121,104.098,104.119,168.09
2021-01-27 23:20:00+00:00,104.12,104.122,104.117,104.12,186.69
2021-01-27 23:25:00+00:00,104.119,104.124,104.114,104.124,68.26
2021-01-27 23:30:00+00:00,104.124,104.136,104.114,104.136,158.03
2021-01-27 23:35:00+00:00,104.138,104.179,104.138,104.177,194.27
2021-01-27 23:40:00+00:00,104.175,104.178,104.153,104.161,254.51
2021-01-27 23:45:00+00:00,104.161,104.166,104.15,104.163,242.86
2021-01-27 23:50:00+00:00,104.163,104.163,104.139,104.147,172.6
2021-01-27 23:55:00+00:00,104.148,104.154,104.14,104.142,183.96
2021-01-28 00:00:00+00:00,104.142,104.213,104.134,104.209,570.15
2021-01-28 00:05:00+00:00,104.211,104.254,104.202,104.242,901.39
2021-01-28 00:10:00+00:00,104.244,104.276,104.23,104.263,894.03
2021-01-28 00:15:00+00:00,104.262,104.301,104.247,104.297,627.54
2021-01-28 00:20:00+00:00,104.296,104.296,104.276,104.281,337.03
2021-01-28 00:25:00+00:00,104.282,104.301,104.271,104.297,343.07
2021-01-28 00:30:00+00:00,104.297,104.348,104.296,104.319,672.43
2021-01-28 00:35:00+00:00,104.32,104.321,104.277,104.281,410.21
2021-01-28 00:40:00+00:00,104.281,104.314,104.281,104.299,472.32
2021-01-28 00:45:00+00:00,104.298,104.332,104.297,104.322,516.07
2021-01-28 00:50:00+00:00,104.321,104.346,104.278,104.288,920.73
2021-01-28 00:55:00+00:00,104.289,104.303,104.254,104.277,853.48
2021-01-28 01:00:00+00:00,104.276,104.284,104.258,104.262,520.5
2021-01-28 01:05:00+00:00,104.261,104.306,104.25,104.297,412.61
2021-01-28 01:10:00+00:00,104.299,104.312,104.285,104.302,477.35
2021-01-28 01:15:00+00:00,104.302,104.302,104.266,104.277,373.3
2021-01-28 01:20:00+00:00,104.278,104.288,104.269,104.28,353.61
2021-01-28 01:25:00+00:00,104.281,104.302,104.278,104.288,325.78
2021-01-28 01:30:00+00:00,104.288,104.319,104.287,104.315,249.21
2021-01-28 01:35:00+00:00,104.314,104.318,104.301,104.305,342.77
2021-01-28 01:40:00+00:00,104.306,104.306,104.275,104.28,472.65
2021-01-28 01:45:00+00:00,104.28,104.291,104.274,104.276,327.23
2021-01-28 01:50:00+00:00,104.275,104.276,104.254,104.26,414.99
2021-01-28 01:55:00+00:00,104.26,104.288,104.252,104.288,296.97
2021-01-28 02:00:00+00:00,104.288,104.308,104.271,104.305,393.17
2021-01-28 02:05:00+00:00,104.306,104.308,104.289,104.303,347.83
2021-01-28 02:10:00+00:00,104.303,104.306,104.29,104.294,294.18
2021-01-28 02:15:00+00:00,104.295,104.304,104.288,104.301,160.74
2021-01-28 02:20:00+00:00,104.304,104.312,104.288,104.296,161.88
2021-01-28 02:25:00+00:00,104.297,104.311,104.296,104.299,104.21
2021-01-28 02:30:00+00:00,104.3,104.308,104.3,104.307,159.4
2021-01-28 02:35:00+00:00,104.308,104.321,104.298,104.316,129.82
2021-01-28 02:40:00+00:00,104.314,104.321,104.303,104.313,212.94
2021-01-28 02:45:00+00:00,104.314,104.338,104.313,104.323,222.69
2021-01-28 02:50:00+00:00,104.326,104.344,104.323,104.333,156.91
2021-01-28 02:55:00+00:00,104.333,104.335,104.318,104.321,105.5
2021-01-28 03:00:00+00:00,104.321,104.336,104.321,104.324,138.29
2021-01-28 03:05:00+00:00,104.324,104.327,104.31,104.325,189.7
2021-01-28 03:10:00+00:00,104.324,104.337,104.321,104.33,189.21
2021-01-28 03:15:00+00:00,104.329,104.339,104.322,104.325,188.32
2021-01-28 03:20:00+00:00,104.327,104.349,104.325,104.34,183.58
2021-01-28 03:25:00+00:00,104.341,104.356,104.34,104.354,144.21
2021-01-28 03:30:00+00:00,104.352,104.356,104.345,104.349,233.72
2021-01-28 03:35:00+00:00,104.349,104.368,104.344,104.361,217.06
2021-01-28 03:40:00+00:00,104.361,104.37,104.348,104.349,249.19
2021-01-28 03:45:00+00:00,104.35,104.367,104.344,104.355,197.3
2021-01-28 03:50:00+00:00,104.355,104.363,104.351,104.36,158.38
2021-01-28 03:55:00+00:00,104.36,104.367,104.356,104.363,147.2
2021-01-28 04:00:00+00:00,104.361,104.365,104.338,104.34,164.41
2021-01-28 04:05:00+00:00,104.341,104.352,104.335,104.348,150.09
2021-01-28 04:10:00+00:00,104.348,104.349,104.337,104.345,155.23
2021-01-28 04:15:00+00:00,104.345,104.347,104.323,104.325,158.31
2021-01-28 04:20:00+00:00,104.326,104.332,104.321,104.322,124.31
2021-01-28 04:25:00+00:00,104.322,104.328,104.306,104.313,188.62
2021-01-28 04:30:00+00:00,104.311,104.322,104.311,104.317,141.44
2021-01-28 04:35:00+00:00,104.317,104.321,104.305,104.307,83.39
2021-01-28 04:40:00+00:00,104.307,104.312,104.293,104.295,140.46
2021-01-28 04:45:00+00:00,104.296,104.301,104.274,104.29,383.91
2021-01-28 04:50:00+00:00,104.29,104.29,104.271,104.285,192.38
2021-01-28 04:55:00+00:00,104.287,104.296,104.282,104.294,111.9
2021-01-28 05:00:00+00:00,104.294,104.301,104.287,104.291,128.25
2021-01-28 05:05:00+00:00,104.289,104.293,104.274,104.281,220.21
2021-01-28 05:10:00+00:00,104.281,104.303,104.28,104.303,162.49
2021-01-28 05:15:00+00:00,104.303,104.306,104.28,104.283,126.35
2021-01-28 05:20:00+00:00,104.283,104.29,104.279,104.285,172.86
2021-01-28 05:25:00+00:00,104.286,104.287,104.267,104.277,191.15
2021-01-28 05:30:00+00:00,104.276,104.278,104.263,104.266,159.27
2021-01-28 05:35:00+00:00,104.265,104.268,104.256,104.258,134.8
2021-01-28 05:40:00+00:00,104.258,104.258,104.234,104.236,170.52
2021-01-28 05:45:00+00:00,104.238,104.253,104.238,104.248,171.11
2021-01-28 05:50:00+00:00,104.249,104.255,104.227,104.227,165.56
2021-01-28 05:55:00+00:00,104.227,104.245,104.215,104.238,455.58
2021-01-28 06:00:00+00:00,104.238,104.266,104.236,104.26,281.48
2021-01-28 06:05:00+00:00,104.259,104.279,104.258,104.277,188.42
2021-01-28 06:10:00+00:00,104.278,104.287,104.274,104.285,231.39
2021-01-28 06:15:00+00:00,104.285,104.299,104.284,104.288,180.05
2021-01-28 06:20:00+00:00,104.288,104.289,104.265,104.266,136.74
2021-01-28 06:25:00+00:00,104.266,104.281,104.256,104.258,126.62
2021-01-28 06:30:00+00:00,104.258,104.283,104.256,104.277,123.76
2021-01-28 06:35:00+00:00,104.276,104.291,104.276,104.287,90.43
2021-01-28 06:40:00+00:00,104.285,104.285,104.27,104.271,107.21
2021-01-28 06:45:00+00:00,104.272,104.279,104.27,104.272,69.36
2021-01-28 06:50:00+00:00,104.272,104.286,104.272,104.281,144.93
2021-01-28 06:55:00+00:00,104.279,104.279,104.266,104.275,72.11
2021-01-28 07:00:00+00:00,104.275,104.312,104.275,104.312,241.99
2021-01-28 07:05:00+00:00,104.313,104.329,104.308,104.32,347.03
2021-01-28 07:10:00+00:00,104.321,104.331,104.3,104.31,302.24
2021-01-28 07:15:00+00:00,104.311,104.324,104.305,104.308,359.29
2021-01-28 07:20:00+00:00,104.31,104.345,104.31,104.343,357.48
2021-01-28 07:25:00+00:00,104.343,104.362,104.339,104.351,389.62
2021-01-28 07:30:00+00:00,104.35,104.365,104.342,104.362,403.45
2021-01-28 07:35:00+00:00,104.362,104.377,104.344,104.351,392.64
2021-01-28 07:40:00+00:00,104.351,104.364,104.34,104.347,375.65
2021-01-28 07:45:00+00:00,104.347,104.347,104.317,104.326,460.57
2021-01-28 07:50:00+00:00,104.325,104.332,104.295,104.311,506.07
2021-01-28 07:55:00+00:00,104.31,104.325,104.292,104.309,447.11
2021-01-28 08:00:00+00:00,104.309,104.338,104.301,104.321,602.18
2021-01-28 08:05:00+00:00,104.32,104.321,104.27,104.274,946.07
2021-01-28 08:10:00+00:00,104.273,104.279,104.252,104.27,547.86
2021-01-28 08:15:00+00:00,104.27,104.277,104.25,104.271,281.18
2021-01-28 08:20:00+00:00,104.272,104.282,104.258,104.276,400.4
2021-01-28 08:25:00+00:00,104.276,104.313,104.272,104.31,303.9
2021-01-28 08:30:00+00:00,104.311,104.324,104.297,104.323,295.85
2021-01-28 08:35:00+00:00,104.326,104.336,104.31,104.321,354.53
2021-01-28 08:40:00+00:00,104.32,104.335,104.319,104.319,282.6
2021-01-28 08:45:00+00:00,104.317,104.321,104.307,104.318,254.34
2021-01-28 08:50:00+00:00,104.319,104.355,104.317,104.331,349.67
2021-01-28 08:55:00+00:00,104.331,104.349,104.318,104.338,357.79
2021-01-28 09:00:00+00:00,104.339,104.352,104.325,104.325,272.55
2021-01-28 09:05:00+00:00,104.324,104.334,104.289,104.313,414.16
2021-01-28 09:10:00+00:00,104.315,104.326,104.296,104.296,323.19
2021-01-28 09:15:00+00:00,104.298,104.303,104.283,104.298,380.68
2021-01-28 09:20:00+00:00,104.299,104.318,104.298,104.309,301.95
2021-01-28 09:25:00+00:00,104.308,104.311,104.285,104.293,387.2
2021-01-28 09:30:00+00:00,104.294,104.329,104.293,104.324,454.09
2021-01-28 09:35:00+00:00,104.325,104.328,104.312,104.324,370.83
2021-01-28 09:40:00+00:00,104.323,104.327,104.299,104.322,414.82
2021-01-28 09:45:00+00:00,104.323,104.323,104.299,104.307,528.4
2021-01-28 09:50:00+00:00,104.308,104.322,104.303,104.316,294.52
2021-01-28 09:55:00+00:00,104.316,104.316,104.291,104.294,351.83
2021-01-28 10:00:00+00:00,104.294,104.316,104.272,104.316,503.72
2021-01-28 10:05:00+00:00,104.318,104.332,104.307,104.312,459.26
2021-01-28 10:10:00+00:00,104.311,104.32,104.303,104.306,389.07
2021-01-28 10:15:00+00:00,104.305,104.305,104.286,104.286,363.51
2021-01-28 10:20:00+00:00,104.285,104.294,104.273,104.292,242.12
2021-01-28 10:25:00+00:00,104.292,104.311,104.291,104.304,234.06
2021-01-28 10:30:00+00:00,104.305,104.312,104.283,104.285,193.65
2021-01-28 10:35:00+00:00,104.284,104.291,104.27,104.276,221.56
2021-01-28 10:40:00+00:00,104.277,104.279,104.258,104.259,173.9
2021-01-28 10:45:00+00:00,104.259,104.259,104.227,104.228,295.28
2021-01-28 10:50:00+00:00,104.23,104.245,104.217,104.242,389.42
2021-01-28 10:55:00+00:00,104.241,104.244,104.227,104.241,306.2
2021-01-28 11:00:00+00:00,104.242,104.268,104.234,104.267,567.72
2021-01-28 11:05:00+00:00,104.266,104.278,104.255,104.267,281.8
2021-01-28 11:10:00+00:00,104.268,104.276,104.255,104.258,258.59
2021-01-28 11:15:00+00:00,104.261,104.297,104.257,104.293,674.45
2021-01-28 11:20:00+00:00,104.291,104.311,104.285,104.302,369.42
2021-01-28 11:25:00+00:00,104.303,104.312,104.294,104.298,261.88
2021-01-28 11:30:00+00:00,104.298,104.306,104.291,104.306,326.27
2021-01-28 11:35:00+00:00,104.305,104.313,104.287,104.296,245.04
2021-01-28 11:40:00+00:00,104.296,104.306,104.287,104.291,309.36
2021-01-28 11:45:00+00:00,104.292,104.3,104.281,104.298,135.65
2021-01-28 11:50:00+00:00,104.3,104.312,104.3,104.306,135.82
2021-01-28 11:55:00+00:00,104.305,104.312,104.303,104.307,219.17
2021-01-28 12:00:00+00:00,104.305,104.337,104.305,104.332,253.91
2021-01-28 12:05:00+00:00,104.332,104.334,104.32,104.326,141.87
2021-01-28 12:10:00+00:00,104.326,104.326,104.292,104.3,254.98
2021-01-28 12:15:00+00:00,104.3,104.303,104.283,104.285,123.58
2021-01-28 12:20:00+00:00,104.285,104.323,104.283,104.322,171.88
2021-01-28 12:25:00+00:00,104.321,104.322,104.298,104.302,213.99
2021-01-28 12:30:00+00:00,104.303,104.328,104.302,104.325,273.01
2021-01-28 12:35:00+00:00,104.325,104.352,104.322,104.348,158.47
2021-01-28 12:40:00+00:00,104.347,104.353,104.341,104.344,179.1
2021-01-28 12:45:00+00:00,104.345,104.357,104.34,104.347,141.1
2021-01-28 12:50:00+00:00,104.348,104.352,104.33,104.331,139.3
2021-01-28 12:55:00+00:00,104.332,104.371,104.331,104.364,177.42
2021-01-28 13:00:00+00:00,104.366,104.386,104.355,104.386,165.07
2021-01-28 13:05:00+00:00,104.386,104.394,104.362,104.364,340.84
2021-01-28 13:10:00+00:00,104.362,104.381,104.345,104.379,350.89
2021-01-28 13:15:00+00:00,104.38,104.39,104.375,104.375,328.0
2021-01-28 13:20:00+00:00,104.375,104.396,104.373,104.382,302.93
2021-01-28 13:25:00+00:00,104.383,104.386,104.362,104.366,334.08
2021-01-28 13:30:00+00:00,104.368,104.438,104.365,104.415,519.39
2021-01-28 13:35:00+00:00,104.414,104.432,104.398,104.422,879.38
2021-01-28 13:40:00+00:00,104.422,104.462,104.417,104.448,634.68
2021-01-28 13:45:00+00:00,104.448,104.45,104.35,104.355,1124.79
2021-01-28 13:50:00+00:00,104.355,104.365,104.31,104.324,1300.41
2021-01-28 13:55:00+00:00,104.325,104.326,104.281,104.287,920.43
2021-01-28 14:00:00+00:00,104.29,104.384,104.251,104.384,1157.82
2021-01-28 14:05:00+00:00,104.383,104.383,104.332,104.34,637.6
2021-01-28 14:10:00+00:00,104.34,104.362,104.332,104.35,558.88
2021-01-28 14:15:00+00:00,104.351,104.386,104.341,104.373,300.5
2021-01-28 14:20:00+00:00,104.374,104.397,104.366,104.38,391.38
2021-01-28 14:25:00+00:00,104.379,104.383,104.336,104.35,317.61
2021-01-28 14:30:00+00:00,104.351,104.374,104.291,104.312,546.93
2021-01-28 14:35:00+00:00,104.312,104.324,104.298,104.318,604.38
2021-01-28 14:40:00+00:00,104.323,104.356,104.311,104.351,516.27
2021-01-28 14:45:00+00:00,104.35,104.372,104.335,104.358,506.0
2021-01-28 14:50:00+00:00,104.359,104.372,104.319,104.322,492.44
2021-01-28 14:55:00+00:00,104.321,104.369,104.298,104.352,563.49
2021-01-28 15:00:00+00:00,104.356,104.359,104.324,104.347,665.12
2021-01-28 15:05:00+00:00,104.348,104.348,104.317,104.345,582.29
2021-01-28 15:10:00+00:00,104.346,104.346,104.311,104.317,590.65
2021-01-28 15:15:00+00:00,104.318,104.333,104.288,104.288,496.02
2021-01-28 15:20:00+00:00,104.289,104.31,104.284,104.293,389.13
2021-01-28 15:25:00+00:00,104.293,104.295,104.251,104.288,415.65
2021-01-28 15:30:00+00:00,104.287,104.321,104.278,104.318,416.27
2021-01-28 15:35:00+00:00,104.317,104.317,104.293,104.304,207.56
2021-01-28 15:40:00+00:00,104.304,104.316,104.293,104.295,307.11
2021-01-28 15:45:00+00:00,104.294,104.303,104.272,104.286,245.44
2021-01-28 15:50:00+00:00,104.286,104.337,104.286,104.32,418.57
2021-01-28 15:55:00+00:00,104.319,104.338,104.301,104.309,484.76
2021-01-28 16:00:00+00:00,104.309,104.324,104.282,104.311,533.54
2021-01-28 16:05:00+00:00,104.309,104.315,104.286,104.302,304.44
2021-01-28 16:10:00+00:00,104.301,104.315,104.296,104.307,202.94
2021-01-28 16:15:00+00:00,104.306,104.322,104.299,104.32,156.97
2021-01-28 16:20:00+00:00,104.32,104.331,104.308,104.323,212.01
2021-01-28 16:25:00+00:00,104.325,104.332,104.317,104.331,255.04
2021-01-28 16:30:00+00:00,104.33,104.332,104.302,104.32,285.02
2021-01-28 16:35:00+00:00,104.321,104.332,104.313,104.319,183.66
2021-01-28 16:40:00+00:00,104.321,104.353,104.318,104.346,281.8
2021-01-28 16:45:00+00:00,104.346,104.35,104.328,104.328,230.67
2021-01-28 16:50:00+00:00,104.328,104.344,104.323,104.327,201.24
2021-01-28 16:55:00+00:00,104.326,104.34,104.311,104.311,264.55
2021-01-28 17:00:00+00:00,104.311,104.325,104.301,104.317,183.5
2021-01-28 17:05:00+00:00,104.316,104.316,104.296,104.303,153.65
2021-01-28 17:10:00+00:00,104.304,104.305,104.288,104.29,182.7
2021-01-28 17:15:00+00:00,104.29,104.294,104.28,104.286,180.08
2021-01-28 17:20:00+00:00,104.286,104.293,104.279,104.279,159.58
2021-01-28 17:25:00+00:00,104.279,104.286,104.275,104.279,236.27
2021-01-28 17:30:00+00:00,104.284,104.288,104.269,104.287,177.91
2021-01-28 17:35:00+00:00,104.286,104.297,104.285,104.289,163.32
2021-01-28 17:40:00+00:00,104.29,104.293,104.266,104.267,261.59
2021-01-28 17:45:00+00:00,104.269,104.273,104.252,104.268,210.02
2021-01-28 17:50:00+00:00,104.267,104.28,104.263,104.274,174.4
2021-01-28 17:55:00+00:00,104.274,104.279,104.263,104.273,180.71
2021-01-28 18:00:00+00:00,104.274,104.274,104.229,104.236,186.31
2021-01-28 18:05:00+00:00,104.237,104.258,104.234,104.256,149.92
2021-01-28 18:10:00+00:00,104.257,104.261,104.247,104.252,113.8
2021-01-28 18:15:00+00:00,104.253,104.262,104.248,104.25,104.7
2021-01-28 18:20:00+00:00,104.252,104.257,104.239,104.239,126.51
2021-01-28 18:25:00+00:00,104.24,104.251,104.228,104.231,189.6
2021-01-28 18:30:00+00:00,104.23,104.248,104.229,104.243,252.93
2021-01-28 18:35:00+00:00,104.241,104.241,104.226,104.234,272.3
2021-01-28 18:40:00+00:00,104.234,104.242,104.229,104.241,133.98
2021-01-28 18:45:00+00:00,104.239,104.241,104.205,104.219,273.87
2021-01-28 18:50:00+00:00,104.219,104.219,104.204,104.206,167.82
2021-01-28 18:55:00+00:00,104.208,104.238,104.206,104.236,122.91
2021-01-28 19:00:00+00:00,104.237,104.248,104.214,104.215,111.86
2021-01-28 19:05:00+00:00,104.216,104.217,104.209,104.216,95.83
2021-01-28 19:10:00+00:00,104.214,104.229,104.213,104.214,101.01
2021-01-28 19:15:00+00:00,104.214,104.221,104.208,104.22,116.15
2021-01-28 19:20:00+00:00,104.222,104.229,104.221,104.226,70.82
2021-01-28 19:25:00+00:00,104.223,104.229,104.218,104.228,63.86
2021-01-28 19:30:00+00:00,104.227,104.241,104.223,104.224,111.75
2021-01-28 19:35:00+00:00,104.221,104.223,104.2,104.203,101.19
2021-01-28 19:40:00+00:00,104.204,104.209,104.181,104.182,167.45
2021-01-28 19:45:00+00:00,104.182,104.192,104.18,104.183,151.56
2021-01-28 19:50:00+00:00,104.182,104.204,104.174,104.204,218.59
2021-01-28 19:55:00+00:00,104.204,104.236,104.204,104.231,296.32
2021-01-28 20:00:00+00:00,104.232,104.235,104.213,104.222,236.54
2021-01-28 20:05:00+00:00,104.223,104.23,104.22,104.223,160.05
2021-01-28 20:10:00+00:00,104.223,104.231,104.218,104.23,103.22
2021-01-28 20:15:00+00:00,104.23,104.241,104.229,104.23,109.48
2021-01-28 20:20:00+00:00,104.23,104.241,104.229,104.237,115.0
2021-01-28 20:25:00+00:00,104.236,104.242,104.226,104.239,153.9
2021-01-28 20:30:00+00:00,104.24,104.252,104.239,104.251,82.98
2021-01-28 20:35:00+00:00,104.253,104.255,104.231,104.232,144.4
2021-01-28 20:40:00+00:00,104.231,104.239,104.23,104.234,104.53
2021-01-28 20:45:00+00:00,104.237,104.237,104.219,104.224,115.39
2021-01-28 20:50:00+00:00,104.223,104.233,104.223,104.229,120.65
2021-01-28 20:55:00+00:00,104.229,104.259,104.229,104.245,197.54
2021-01-28 21:00:00+00:00,104.246,104.252,104.236,104.24,117.19
2021-01-28 21:05:00+00:00,104.24,104.246,104.237,104.238,52.68
2021-01-28 21:10:00+00:00,104.238,104.239,104.23,104.231,154.44
2021-01-28 21:15:00+00:00,104.23,104.238,104.23,104.238,83.88
2021-01-28 21:20:00+00:00,104.239,104.245,104.237,104.24,129.41
2021-01-28 21:25:00+00:00,104.24,104.253,104.24,104.253,88.35
2021-01-28 21:30:00+00:00,104.251,104.253,104.25,104.252,29.95
2021-01-28 21:35:00+00:00,104.252,104.264,104.252,104.26,73.6
2021-01-28 21:40:00+00:00,104.257,104.268,104.257,104.263,59.71
2021-01-28 21:45:00+00:00,104.262,104.263,104.254,104.254,84.49
2021-01-28 21:50:00+00:00,104.254,104.258,104.25,104.252,85.82
2021-01-28 21:55:00+00:00,104.251,104.261,104.229,104.229,217.42
2021-01-28 22:00:00+00:00,104.229,104.229,104.229,104.229,0.15
2021-01-28 22:05:00+00:00,104.225,104.253,104.225,104.236,215.51
2021-01-28 22:10:00+00:00,104.235,104.268,104.225,104.259,1286.88
2021-01-28 22:15:00+00:00,104.261,104.264,104.23,104.252,173.03
2021-01-28 22:20:00+00:00,104.253,104.264,104.231,104.234,374.22
2021-01-28 22:25:00+00:00,104.233,104.257,104.22,104.23,244.84
2021-01-28 22:30:00+00:00,104.231,104.257,104.23,104.24,533.19
2021-01-28 22:35:00+00:00,104.241,104.253,104.233,104.244,161.81
2021-01-28 22:40:00+00:00,104.245,104.253,104.238,104.245,711.0
2021-01-28 22:45:00+00:00,104.242,104.254,104.238,104.242,882.0
2021-01-28 22:50:00+00:00,104.244,104.25,104.238,104.24,631.43
2021-01-28 22:55:00+00:00,104.24,104.243,104.216,104.224,542.25
2021-01-28 23:00:00+00:00,104.223,104.239,104.219,104.227,912.5
2021-01-28 23:05:00+00:00,104.228,104.246,104.225,104.243,270.87
2021-01-28 23:10:00+00:00,104.242,104.244,104.24,104.242,237.04
2021-01-28 23:15:00+00:00,104.243,104.252,104.243,104.248,38.07
2021-01-28 23:20:00+00:00,104.249,104.25,104.241,104.25,77.79
2021-01-28 23:25:00+00:00,104.249,104.251,104.245,104.25,136.17
2021-01-28 23:30:00+00:00,104.25,104.267,104.245,104.266,259.12
2021-01-28 23:35:00+00:00,104.265,104.268,104.259,104.266,134.8
2021-01-28 23:40:00+00:00,104.263,104.274,104.262,104.273,110.82
2021-01-28 23:45:00+00:00,104.272,104.283,104.27,104.278,159.77
2021-01-28 23:50:00+00:00,104.279,104.314,104.271,104.311,240.07
2021-01-28 23:55:00+00:00,104.311,104.311,104.292,104.303,156.0
2021-01-29 00:00:00+00:00,104.301,104.319,104.285,104.311,377.96
2021-01-29 00:05:00+00:00,104.311,104.341,104.311,104.336,289.5
2021-01-29 00:10:00+00:00,104.336,104.353,104.336,104.35,233.01
2021-01-29 00:15:00+00:00,104.352,104.392,104.351,104.391,386.21
2021-01-29 00:20:00+00:00,104.387,104.408,104.376,104.401,419.6
2021-01-29 00:25:00+00:00,104.402,104.408,104.39,104.405,356.7
2021-01-29 00:30:00+00:00,104.405,104.45,104.405,104.445,569.2
2021-01-29 00:35:00+00:00,104.449,104.494,104.447,104.491,497.83
2021-01-29 00:40:00+00:00,104.491,104.497,104.467,104.468,535.18
2021-01-29 00:45:00+00:00,104.468,104.501,104.464,104.47,794.6
2021-01-29 00:50:00+00:00,104.47,104.485,104.456,104.471,1249.22
2021-01-29 00:55:00+00:00,104.471,104.471,104.414,104.458,889.57
2021-01-29 01:00:00+00:00,104.459,104.548,104.451,104.538,670.94
2021-01-29 01:05:00+00:00,104.536,104.571,104.52,104.536,838.17
2021-01-29 01:10:00+00:00,104.537,104.537,104.472,104.475,625.89
2021-01-29 01:15:00+00:00,104.474,104.488,104.465,104.473,386.26
2021-01-29 01:20:00+00:00,104.472,104.494,104.468,104.48,438.64
2021-01-29 01:25:00+00:00,104.48,104.533,104.48,104.51,535.08
2021-01-29 01:30:00+00:00,104.511,104.517,104.497,104.505,396.38
2021-01-29 01:35:00+00:00,104.505,104.505,104.493,104.493,260.77
2021-01-29 01:40:00+00:00,104.495,104.517,104.489,104.513,246.17
2021-01-29 01:45:00+00:00,104.511,104.512,104.499,104.504,230.96
2021-01-29 01:50:00+00:00,104.503,104.511,104.481,104.483,331.87
2021-01-29 01:55:00+00:00,104.483,104.485,104.46,104.483,315.54
2021-01-29 02:00:00+00:00,104.485,104.489,104.461,104.466,331.53
2021-01-29 02:05:00+00:00,104.467,104.47,104.444,104.459,316.18
2021-01-29 02:10:00+00:00,104.461,104.467,104.436,104.444,459.81
2021-01-29 02:15:00+00:00,104.444,104.46,104.438,104.451,251.77
2021-01-29 02:20:00+00:00,104.452,104.462,104.44,104.46,135.67
2021-01-29 02:25:00+00:00,104.463,104.477,104.46,104.464,163.53
2021-01-29 02:30:00+00:00,104.464,104.497,104.464,104.495,245.69
2021-01-29 02:35:00+00:00,104.493,104.518,104.488,104.51,303.22
2021-01-29 02:40:00+00:00,104.51,104.52,104.494,104.515,287.53
2021-01-29 02:45:00+00:00,104.515,104.527,104.513,104.521,339.56
2021-01-29 02:50:00+00:00,104.523,104.525,104.508,104.51,124.94
2021-01-29 02:55:00+00:00,104.51,104.513,104.492,104.496,251.43
2021-01-29 03:00:00+00:00,104.496,104.504,104.489,104.501,154.07
2021-01-29 03:05:00+00:00,104.5,104.502,104.491,104.491,200.62
2021-01-29 03:10:00+00:00,104.493,104.497,104.488,104.495,115.77
2021-01-29 03:15:00+00:00,104.496,104.497,104.475,104.488,205.29
2021-01-29 03:20:00+00:00,104.487,104.492,104.481,104.487,156.98
2021-01-29 03:25:00+00:00,104.488,104.488,104.478,104.48,125.2
2021-01-29 03:30:00+00:00,104.48,104.492,104.479,104.482,143.63
2021-01-29 03:35:00+00:00,104.481,104.488,104.47,104.47,171.84
2021-01-29 03:40:00+00:00,104.47,104.477,104.458,104.475,183.8
2021-01-29 03:45:00+00:00,104.476,104.482,104.472,104.475,175.25
2021-01-29 03:50:00+00:00,104.475,104.484,104.468,104.483,110.58
2021-01-29 03:55:00+00:00,104.482,104.495,104.473,104.481,172.45
2021-01-29 04:00:00+00:00,104.482,104.484,104.472,104.478,184.48
2021-01-29 04:05:00+00:00,104.476,104.49,104.472,104.489,136.09
2021-01-29 04:10:00+00:00,104.491,104.503,104.49,104.493,166.59
2021-01-29 04:15:00+00:00,104.492,104.519,104.491,104.514,222.84
2021-01-29 04:20:00+00:00,104.512,104.522,104.505,104.507,270.84
2021-01-29 04:25:00+00:00,104.506,104.522,104.503,104.513,211.03
2021-01-29 04:30:00+00:00,104.512,104.515,104.495,104.497,168.92
2021-01-29 04:35:00+00:00,104.498,104.506,104.498,104.499,157.37
2021-01-29 04:40:00+00:00,104.497,104.503,104.495,104.501,255.59
2021-01-29 04:45:00+00:00,104.501,104.515,104.499,104.506,203.91
2021-01-29 04:50:00+00:00,104.507,104.508,104.497,104.5,181.96
2021-01-29 04:55:00+00:00,104.501,104.511,104.494,104.51,144.53
2021-01-29 05:00:00+00:00,104.511,104.536,104.509,104.532,328.93
2021-01-29 05:05:00+00:00,104.531,104.533,104.52,104.52,222.71
2021-01-29 05:10:00+00:00,104.521,104.524,104.514,104.521,179.56
2021-01-29 05:15:00+00:00,104.521,104.524,104.493,104.494,171.31
2021-01-29 05:20:00+00:00,104.493,104.501,104.486,104.49,162.44
2021-01-29 05:25:00+00:00,104.489,104.492,104.481,104.483,148.72
2021-01-29 05:30:00+00:00,104.485,104.511,104.485,104.502,130.81
2021-01-29 05:35:00+00:00,104.501,104.504,104.486,104.488,118.32
2021-01-29 05:40:00+00:00,104.487,104.505,104.481,104.505,119.17
2021-01-29 05:45:00+00:00,104.504,104.508,104.496,104.501,107.81
2021-01-29 05:50:00+00:00,104.499,104.502,104.488,104.498,146.78
2021-01-29 05:55:00+00:00,104.496,104.496,104.475,104.475,227.75
2021-01-29 06:00:00+00:00,104.477,104.49,104.472,104.484,265.56
2021-01-29 06:05:00+00:00,104.482,104.482,104.469,104.479,144.49
2021-01-29 06:10:00+00:00,104.479,104.48,104.464,104.476,152.4
2021-01-29 06:15:00+00:00,104.475,104.481,104.467,104.467,165.15
2021-01-29 06:20:00+00:00,104.467,104.481,104.465,104.479,93.84
2021-01-29 06:25:00+00:00,104.478,104.498,104.474,104.497,161.61
2021-01-29 06:30:00+00:00,104.497,104.501,104.475,104.476,137.15
2021-01-29 06:35:00+00:00,104.476,104.494,104.476,104.488,195.55
2021-01-29 06:40:00+00:00,104.488,104.494,104.467,104.471,155.7
2021-01-29 06:45:00+00:00,104.472,104.497,104.472,104.494,142.02
2021-01-29 06:50:00+00:00,104.495,104.503,104.488,104.498,213.21
2021-01-29 06:55:00+00:00,104.5,104.5,104.487,104.491,141.53
2021-01-29 07:00:00+00:00,104.49,104.511,104.49,104.508,189.46
2021-01-29 07:05:00+00:00,104.508,104.519,104.497,104.515,218.43
2021-01-29 07:10:00+00:00,104.514,104.523,104.508,104.511,184.26
2021-01-29 07:15:00+00:00,104.513,104.516,104.482,104.511,436.05
2021-01-29 07:20:00+00:00,104.512,104.518,104.49,104.517,377.73
2021-01-29 07:25:00+00:00,104.518,104.537,104.516,104.534,294.68
2021-01-29 07:30:00+00:00,104.533,104.543,104.518,104.541,496.45
2021-01-29 07:35:00+00:00,104.542,104.547,104.527,104.542,368.05
2021-01-29 07:40:00+00:00,104.541,104.554,104.533,104.549,504.51
2021-01-29 07:45:00+00:00,104.549,104.572,104.544,104.561,358.53
2021-01-29 07:50:00+00:00,104.562,104.564,104.547,104.556,363.93
2021-01-29 07:55:00+00:00,104.556,104.563,104.551,104.551,361.92
2021-01-29 08:00:00+00:00,104.55,104.59,104.537,104.579,465.48
2021-01-29 08:05:00+00:00,104.58,104.59,104.561,104.586,385.55
2021-01-29 08:10:00+00:00,104.585,104.595,104.556,104.567,413.8
2021-01-29 08:15:00+00:00,104.567,104.573,104.561,104.566,323.08
2021-01-29 08:20:00+00:00,104.567,104.577,104.56,104.575,311.42
2021-01-29 08:25:00+00:00,104.577,104.638,104.577,104.629,621.32
2021-01-29 08:30:00+00:00,104.628,104.672,104.626,104.66,484.68
2021-01-29 08:35:00+00:00,104.658,104.662,104.63,104.631,438.31
2021-01-29 08:40:00+00:00,104.632,104.654,104.63,104.636,518.67
2021-01-29 08:45:00+00:00,104.635,104.645,104.63,104.642,507.2
2021-01-29 08:50:00+00:00,104.641,104.67,104.641,104.663,300.1
2021-01-29 08:55:00+00:00,104.663,104.669,104.626,104.636,399.8
2021-01-29 09:00:00+00:00,104.636,104.653,104.628,104.651,239.71
2021-01-29 09:05:00+00:00,104.651,104.672,104.649,104.652,623.0
2021-01-29 09:10:00+00:00,104.651,104.677,104.651,104.663,425.16
2021-01-29 09:15:00+00:00,104.662,104.7,104.662,104.691,331.1
2021-01-29 09:20:00+00:00,104.69,104.728,104.689,104.727,389.21
2021-01-29 09:25:00+00:00,104.728,104.767,104.724,104.767,742.07
2021-01-29 09:30:00+00:00,104.767,104.833,104.767,104.816,645.04
2021-01-29 09:35:00+00:00,104.818,104.868,104.792,104.862,1112.94
2021-01-29 09:40:00+00:00,104.863,104.94,104.861,104.893,1079.42
2021-01-29 09:45:00+00:00,104.895,104.917,104.895,104.906,837.28
2021-01-29 09:50:00+00:00,104.905,104.909,104.85,104.851,923.88
2021-01-29 09:55:00+00:00,104.851,104.875,104.847,104.865,552.64
2021-01-29 10:00:00+00:00,104.867,104.899,104.864,104.898,362.65
2021-01-29 10:05:00+00:00,104.899,104.9,104.828,104.828,779.26
2021-01-29 10:10:00+00:00,104.829,104.842,104.799,104.811,563.65
2021-01-29 10:15:00+00:00,104.81,104.816,104.791,104.797,578.46
2021-01-29 10:20:00+00:00,104.796,104.807,104.787,104.797,570.28
2021-01-29 10:25:00+00:00,104.797,104.811,104.795,104.802,710.53
2021-01-29 10:30:00+00:00,104.801,104.804,104.796,104.799,250.07
2021-01-29 10:35:00+00:00,104.798,104.802,104.772,104.774,607.13
2021-01-29 10:40:00+00:00,104.774,104.784,104.763,104.78,453.3
2021-01-29 10:45:00+00:00,104.779,104.788,104.773,104.778,611.74
2021-01-29 10:50:00+00:00,104.779,104.788,104.764,104.767,311.21
2021-01-29 10:55:00+00:00,104.767,104.767,104.718,104.726,597.78
2021-01-29 11:00:00+00:00,104.728,104.748,104.725,104.748,330.48
2021-01-29 11:05:00+00:00,104.747,104.751,104.731,104.748,259.11
2021-01-29 11:10:00+00:00,104.749,104.754,104.74,104.745,252.31
2021-01-29 11:15:00+00:00,104.746,104.767,104.745,104.765,459.0
2021-01-29 11:20:00+00:00,104.764,104.779,104.757,104.759,246.72
2021-01-29 11:25:00+00:00,104.761,104.769,104.757,104.757,387.63
2021-01-29 11:30:00+00:00,104.758,104.776,104.73,104.731,252.24
2021-01-29 11:35:00+00:00,104.73,104.749,104.727,104.744,207.87
2021-01-29 11:40:00+00:00,104.745,104.745,104.727,104.737,199.93
2021-01-29 11:45:00+00:00,104.738,104.746,104.724,104.727,141.74
2021-01-29 11:50:00+00:00,104.727,104.746,104.724,104.745,153.27
2021-01-29 11:55:00+00:00,104.743,104.757,104.737,104.744,287.53
2021-01-29 12:00:00+00:00,104.743,104.743,104.708,104.711,309.24
2021-01-29 12:05:00+00:00,104.71,104.711,104.676,104.678,422.42
2021-01-29 12:10:00+00:00,104.677,104.703,104.677,104.682,267.68
2021-01-29 12:15:00+00:00,104.681,104.729,104.676,104.703,252.31
2021-01-29 12:20:00+00:00,104.703,104.705,104.686,104.689,301.38
2021-01-29 12:25:00+00:00,104.689,104.695,104.647,104.654,607.37
2021-01-29 12:30:00+00:00,104.653,104.68,104.648,104.67,389.41
2021-01-29 12:35:00+00:00,104.671,104.684,104.651,104.659,477.84
2021-01-29 12:40:00+00:00,104.66,104.664,104.614,104.643,606.32
2021-01-29 12:45:00+00:00,104.645,104.647,104.613,104.623,442.05
2021-01-29 12:50:00+00:00,104.625,104.653,104.625,104.653,297.97
2021-01-29 12:55:00+00:00,104.651,104.657,104.641,104.654,376.79
2021-01-29 13:00:00+00:00,104.653,104.685,104.619,104.683,1232.88
2021-01-29 13:05:00+00:00,104.682,104.701,104.681,104.69,661.96
2021-01-29 13:10:00+00:00,104.691,104.705,104.691,104.694,456.33
2021-01-29 13:15:00+00:00,104.692,104.723,104.683,104.706,501.46
2021-01-29 13:20:00+00:00,104.709,104.737,104.7,104.721,587.75
2021-01-29 13:25:00+00:00,104.721,104.739,104.712,104.727,556.11
2021-01-29 13:30:00+00:00,104.727,104.764,104.699,104.711,670.06
2021-01-29 13:35:00+00:00,104.71,104.713,104.686,104.7,753.63
2021-01-29 13:40:00+00:00,104.701,104.715,104.657,104.658,771.3
2021-01-29 13:45:00+00:00,104.658,104.658,104.614,104.626,474.28
2021-01-29 13:50:00+00:00,104.627,104.689,104.625,104.677,648.05
2021-01-29 13:55:00+00:00,104.677,104.68,104.652,104.675,572.31
2021-01-29 14:00:00+00:00,104.675,104.69,104.653,104.667,679.7
2021-01-29 14:05:00+00:00,104.668,104.717,104.668,104.708,619.15
2021-01-29 14:10:00+00:00,104.709,104.715,104.686,104.689,485.3
2021-01-29 14:15:00+00:00,104.69,104.727,104.688,104.726,321.34
2021-01-29 14:20:00+00:00,104.726,104.747,104.721,104.746,323.57
2021-01-29 14:25:00+00:00,104.748,104.765,104.722,104.76,714.73
2021-01-29 14:30:00+00:00,104.758,104.801,104.73,104.78,809.08
2021-01-29 14:35:00+00:00,104.782,104.799,104.747,104.768,698.74
2021-01-29 14:40:00+00:00,104.769,104.823,104.768,104.82,563.57
2021-01-29 14:45:00+00:00,104.82,104.841,104.799,104.823,789.5
2021-01-29 14:50:00+00:00,104.821,104.837,104.789,104.8,819.36
2021-01-29 14:55:00+00:00,104.8,104.8,104.763,104.766,755.95
2021-01-29 15:00:00+00:00,104.765,104.787,104.744,104.746,741.75
2021-01-29 15:05:00+00:00,104.747,104.762,104.716,104.721,425.66
2021-01-29 15:10:00+00:00,104.723,104.731,104.705,104.714,688.05
2021-01-29 15:15:00+00:00,104.714,104.736,104.701,104.734,388.76
2021-01-29 15:20:00+00:00,104.735,104.757,104.73,104.73,393.61
2021-01-29 15:25:00+00:00,104.73,104.73,104.689,104.692,428.6
2021-01-29 15:30:00+00:00,104.691,104.718,104.667,104.702,475.59
2021-01-29 15:35:00+00:00,104.703,104.747,104.688,104.746,394.22
2021-01-29 15:40:00+00:00,104.746,104.806,104.744,104.795,684.12
2021-01-29 15:45:00+00:00,104.797,104.85,104.777,104.803,577.48
2021-01-29 15:50:00+00:00,104.803,104.822,104.756,104.762,785.8
2021-01-29 15:55:00+00:00,104.764,104.783,104.685,104.691,1371.38
2021-01-29 16:00:00+00:00,104.691,104.708,104.664,104.672,1214.22
2021-01-29 16:05:00+00:00,104.673,104.698,104.67,104.692,518.16
2021-01-29 16:10:00+00:00,104.695,104.722,104.684,104.716,340.81
2021-01-29 16:15:00+00:00,104.716,104.732,104.703,104.704,333.07
2021-01-29 16:20:00+00:00,104.706,104.713,104.697,104.706,376.65
2021-01-29 16:25:00+00:00,104.708,104.713,104.698,104.7,296.2
2021-01-29 16:30:00+00:00,104.699,104.709,104.648,104.66,505.29
2021-01-29 16:35:00+00:00,104.661,104.673,104.658,104.665,287.77
2021-01-29 16:40:00+00:00,104.664,104.679,104.653,104.659,278.79
2021-01-29 16:45:00+00:00,104.661,104.683,104.634,104.646,298.72
2021-01-29 16:50:00+00:00,104.649,104.654,104.626,104.631,229.8
2021-01-29 16:55:00+00:00,104.631,104.648,104.629,104.647,187.67
2021-01-29 17:00:00+00:00,104.646,104.67,104.646,104.666,202.02
2021-01-29 17:05:00+00:00,104.665,104.668,104.627,104.635,164.43
2021-01-29 17:10:00+00:00,104.636,104.646,104.629,104.641,134.76
2021-01-29 17:15:00+00:00,104.64,104.651,104.634,104.634,187.89
2021-01-29 17:20:00+00:00,104.634,104.673,104.629,104.667,385.46
2021-01-29 17:25:00+00:00,104.67,104.671,104.649,104.656,252.23
2021-01-29 17:30:00+00:00,104.658,104.679,104.651,104.673,182.94
2021-01-29 17:35:00+00:00,104.673,104.695,104.666,104.683,186.32
2021-01-29 17:40:00+00:00,104.681,104.696,104.675,104.696,113.22
2021-01-29 17:45:00+00:00,104.696,104.7,104.678,104.697,151.82
2021-01-29 17:50:00+00:00,104.696,104.705,104.675,104.68,242.72
2021-01-29 17:55:00+00:00,104.683,104.713,104.683,104.703,258.48
2021-01-29 18:00:00+00:00,104.704,104.707,104.686,104.707,329.46
2021-01-29 18:05:00+00:00,104.707,104.725,104.707,104.722,212.46
2021-01-29 18:10:00+00:00,104.722,104.738,104.722,104.736,270.95
2021-01-29 18:15:00+00:00,104.736,104.747,104.733,104.747,179.75
2021-01-29 18:20:00+00:00,104.747,104.752,104.717,104.728,329.86
2021-01-29 18:25:00+00:00,104.729,104.758,104.728,104.756,210.58
2021-01-29 18:30:00+00:00,104.756,104.765,104.742,104.745,178.93
2021-01-29 18:35:00+00:00,104.744,104.75,104.72,104.729,279.52
2021-01-29 18:40:00+00:00,104.73,104.746,104.73,104.739,227.13
2021-01-29 18:45:00+00:00,104.739,104.744,104.73,104.74,148.13
2021-01-29 18:50:00+00:00,104.74,104.747,104.732,104.74,195.42
2021-01-29 18:55:00+00:00,104.738,104.742,104.722,104.722,170.38
2021-01-29 19:00:00+00:00,104.722,104.724,104.693,104.697,227.95
2021-01-29 19:05:00+00:00,104.698,104.717,104.697,104.711,125.81
2021-01-29 19:10:00+00:00,104.712,104.741,104.711,104.713,220.77
2021-01-29 19:15:00+00:00,104.714,104.716,104.7,104.703,214.31
2021-01-29 19:20:00+00:00,104.703,104.718,104.702,104.705,256.4
2021-01-29 19:25:00+00:00,104.705,104.712,104.699,104.707,264.89
2021-01-29 19:30:00+00:00,104.707,104.724,104.695,104.719,261.8
2021-01-29 19:35:00+00:00,104.721,104.729,104.712,104.728,158.48
2021-01-29 19:40:00+00:00,104.727,104.727,104.701,104.701,219.43
2021-01-29 19:45:00+00:00,104.701,104.716,104.695,104.704,173.98
2021-01-29 19:50:00+00:00,104.706,104.716,104.697,104.715,161.29
2021-01-29 19:55:00+00:00,104.714,104.751,104.708,104.75,336.25
2021-01-29 20:00:00+00:00,104.748,104.755,104.725,104.74,403.17
2021-01-29 20:05:00+00:00,104.738,104.745,104.718,104.719,250.29
2021-01-29 20:10:00+00:00,104.719,104.721,104.706,104.706,136.38
2021-01-29 20:15:00+00:00,104.707,104.719,104.703,104.714,107.44
2021-01-29 20:20:00+00:00,104.716,104.743,104.712,104.733,179.69
2021-01-29 20:25:00+00:00,104.733,104.738,104.714,104.728,349.36
2021-01-29 20:30:00+00:00,104.728,104.737,104.716,104.735,157.56
2021-01-29 20:35:00+00:00,104.737,104.75,104.737,104.747,140.84
2021-01-29 20:40:00+00:00,104.747,104.747,104.72,104.729,148.81
2021-01-29 20:45:00+00:00,104.73,104.74,104.728,104.731,87.42
2021-01-29 20:50:00+00:00,104.731,104.735,104.723,104.731,222.52
2021-01-29 20:55:00+00:00,104.732,104.751,104.721,104.746,274.32
2021-01-29 21:00:00+00:00,104.746,104.75,104.713,104.725,182.96
2021-01-29 21:05:00+00:00,104.725,104.729,104.716,104.728,91.05
2021-01-29 21:10:00+00:00,104.728,104.745,104.727,104.744,116.85
2021-01-29 21:15:00+00:00,104.745,104.751,104.72,104.721,136.96
2021-01-29 21:20:00+00:00,104.722,104.736,104.717,104.727,113.03
2021-01-29 21:25:00+00:00,104.727,104.731,104.721,104.731,105.54
2021-01-29 21:30:00+00:00,104.73,104.73,104.712,104.718,86.5
2021-01-29 21:35:00+00:00,104.718,104.722,104.712,104.718,56.41
2021-01-29 21:40:00+00:00,104.722,104.725,104.71,104.723,100.92
2021-01-29 21:45:00+00:00,104.723,104.725,104.716,104.725,77.18
2021-01-29 21:50:00+00:00,104.723,104.735,104.709,104.722,209.62
2021-01-29 21:55:00+00:00,104.723,104.725,104.638,104.638,276.53
