datetime_utc,open,high,low,close,volume
2024-07-31 15:00:00+00:00,150.435,150.522,150.386,150.428,4454.98
2024-07-31 15:05:00+00:00,150.427,150.492,150.285,150.309,4325.55
2024-07-31 15:10:00+00:00,150.311,150.372,150.297,150.333,2268.78
2024-07-31 15:15:00+00:00,150.337,150.442,150.277,150.417,2649.68
2024-07-31 15:20:00+00:00,150.416,150.523,150.385,150.515,2177.67
2024-07-31 15:25:00+00:00,150.516,150.574,150.45,150.46,2729.65
2024-07-31 15:30:00+00:00,150.458,150.466,150.314,150.409,2790.96
2024-07-31 15:35:00+00:00,150.411,150.431,150.305,150.313,3869.45
2024-07-31 15:40:00+00:00,150.312,150.401,150.277,150.321,2868.23
2024-07-31 15:45:00+00:00,150.322,150.447,150.304,150.427,3350.55
2024-07-31 15:50:00+00:00,150.426,150.455,150.386,150.392,3818.57
2024-07-31 15:55:00+00:00,150.391,150.395,150.315,150.38,3837.8
2024-07-31 16:00:00+00:00,150.38,150.483,150.368,150.422,3435.42
2024-07-31 16:05:00+00:00,150.424,150.509,150.401,150.495,1959.96
2024-07-31 16:10:00+00:00,150.496,150.577,150.476,150.577,1846.65
2024-07-31 16:15:00+00:00,150.575,150.592,150.499,150.562,2757.03
2024-07-31 16:20:00+00:00,150.564,150.641,150.547,150.621,1829.37
2024-07-31 16:25:00+00:00,150.623,150.661,150.597,150.637,1755.71
2024-07-31 16:30:00+00:00,150.637,150.638,150.553,150.585,2350.49
2024-07-31 16:35:00+00:00,150.589,150.635,150.524,150.528,2397.44
2024-07-31 16:40:00+00:00,150.529,150.606,150.522,150.582,911.04
2024-07-31 16:45:00+00:00,150.584,150.656,150.555,150.647,2635.93
2024-07-31 16:50:00+00:00,150.648,150.648,150.566,150.567,1087.71
2024-07-31 16:55:00+00:00,150.566,150.582,150.544,150.56,913.44
2024-07-31 17:00:00+00:00,150.559,150.601,150.544,150.577,1407.15
2024-07-31 17:05:00+00:00,150.578,150.626,150.564,150.586,2386.77
2024-07-31 17:10:00+00:00,150.586,150.615,150.559,150.614,2627.55
2024-07-31 17:15:00+00:00,150.613,150.66,150.608,150.63,2358.96
2024-07-31 17:20:00+00:00,150.63,150.66,150.603,150.636,2276.98
2024-07-31 17:25:00+00:00,150.637,150.696,150.611,150.687,970.58
2024-07-31 17:30:00+00:00,150.686,150.807,150.665,150.801,4046.68
2024-07-31 17:35:00+00:00,150.8,150.839,150.783,150.794,3453.5
2024-07-31 17:40:00+00:00,150.792,150.835,150.768,150.824,1680.35
2024-07-31 17:45:00+00:00,150.822,150.897,150.804,150.888,2257.11
2024-07-31 17:50:00+00:00,150.887,150.951,150.863,150.948,2555.58
2024-07-31 17:55:00+00:00,150.946,150.953,150.796,150.796,1838.21
2024-07-31 18:00:00+00:00,150.796,151.247,150.713,151.042,3315.68
2024-07-31 18:05:00+00:00,151.038,151.257,151.019,151.081,5752.98
2024-07-31 18:10:00+00:00,151.079,151.133,150.985,151.083,4938.83
2024-07-31 18:15:00+00:00,151.083,151.083,150.893,150.925,3266.32
2024-07-31 18:20:00+00:00,150.929,150.957,150.874,150.891,4349.57
2024-07-31 18:25:00+00:00,150.892,150.932,150.751,150.755,4078.66
2024-07-31 18:30:00+00:00,150.756,150.852,150.636,150.669,4044.61
2024-07-31 18:35:00+00:00,150.669,150.79,150.548,150.548,5338.94
2024-07-31 18:40:00+00:00,150.54,150.564,150.328,150.36,5257.31
2024-07-31 18:45:00+00:00,150.361,150.579,150.338,150.478,3259.74
2024-07-31 18:50:00+00:00,150.479,150.689,150.455,150.624,3878.51
2024-07-31 18:55:00+00:00,150.624,150.707,150.434,150.437,4247.08
2024-07-31 19:00:00+00:00,150.444,150.495,150.362,150.369,4793.58
2024-07-31 19:05:00+00:00,150.37,150.419,150.331,150.363,2318.91
2024-07-31 19:10:00+00:00,150.363,150.363,150.109,150.149,3850.85
2024-07-31 19:15:00+00:00,150.149,150.238,150.017,150.024,4155.68
2024-07-31 19:20:00+00:00,150.019,150.164,150.008,150.035,4411.56
2024-07-31 19:25:00+00:00,150.034,150.052,149.714,149.876,5940.3
2024-07-31 19:30:00+00:00,149.884,149.999,149.772,149.793,4095.2
2024-07-31 19:35:00+00:00,149.792,149.919,149.661,149.806,5664.82
2024-07-31 19:40:00+00:00,149.799,149.853,149.606,149.813,4327.46
2024-07-31 19:45:00+00:00,149.815,149.888,149.761,149.848,4046.76
2024-07-31 19:50:00+00:00,149.844,149.876,149.775,149.835,3495.82
2024-07-31 19:55:00+00:00,149.837,149.882,149.779,149.786,3539.48
2024-07-31 20:00:00+00:00,149.786,149.851,149.754,149.791,1091.19
2024-07-31 20:05:00+00:00,149.793,149.95,149.793,149.925,786.51
2024-07-31 20:10:00+00:00,149.922,149.936,149.879,149.915,384.81
2024-07-31 20:15:00+00:00,149.914,150.15,149.906,150.15,1550.28
2024-07-31 20:20:00+00:00,150.147,150.278,150.061,150.078,1460.2
2024-07-31 20:25:00+00:00,150.077,150.102,150.03,150.078,762.87
2024-07-31 20:30:00+00:00,150.076,150.078,149.978,149.979,691.04
2024-07-31 20:35:00+00:00,149.979,150.026,149.978,149.997,440.67
2024-07-31 20:40:00+00:00,150.0,150.076,149.981,150.069,638.43
2024-07-31 20:45:00+00:00,150.068,150.078,150.014,150.02,434.55
2024-07-31 20:50:00+00:00,150.02,150.057,150.009,150.032,621.81
2024-07-31 20:55:00+00:00,150.035,150.052,149.955,149.956,817.91
2024-07-31 21:00:00+00:00,149.941,149.941,149.923,149.933,59.76
2024-07-31 21:05:00+00:00,149.933,149.941,149.895,149.895,58.83
2024-07-31 21:10:00+00:00,149.892,149.932,149.829,149.932,115.71
2024-07-31 21:15:00+00:00,149.932,149.932,149.908,149.91,94.8
2024-07-31 21:20:00+00:00,149.91,149.91,149.866,149.866,45.9
2024-07-31 21:25:00+00:00,149.87,149.885,149.864,149.885,75.75
2024-07-31 21:30:00+00:00,149.903,149.927,149.875,149.927,57.45
2024-07-31 21:35:00+00:00,149.929,149.935,149.908,149.915,250.8
2024-07-31 21:40:00+00:00,149.913,149.914,149.891,149.896,176.58
2024-07-31 21:45:00+00:00,149.893,149.907,149.889,149.894,92.4
2024-07-31 21:50:00+00:00,149.903,149.914,149.879,149.902,85.2
2024-07-31 21:55:00+00:00,149.912,149.921,149.866,149.874,128.85
2024-07-31 22:00:00+00:00,149.874,150.001,149.794,149.944,661.55
2024-07-31 22:05:00+00:00,149.941,149.947,149.894,149.902,436.02
2024-07-31 22:10:00+00:00,149.901,149.908,149.836,149.865,533.4
2024-07-31 22:15:00+00:00,149.863,149.982,149.861,149.98,909.88
2024-07-31 22:20:00+00:00,149.98,149.991,149.927,149.973,788.55
2024-07-31 22:25:00+00:00,149.972,149.973,149.915,149.932,914.39
2024-07-31 22:30:00+00:00,149.932,149.985,149.927,149.968,1516.32
2024-07-31 22:35:00+00:00,149.969,150.08,149.967,150.03,1996.71
2024-07-31 22:40:00+00:00,150.031,150.044,149.986,150.006,1272.17
2024-07-31 22:45:00+00:00,150.006,150.056,149.983,150.032,696.17
2024-07-31 22:50:00+00:00,150.032,150.141,150.032,150.14,1850.19
2024-07-31 22:55:00+00:00,150.138,150.19,150.113,150.17,1705.13
2024-07-31 23:00:00+00:00,150.17,150.318,150.16,150.311,2677.89
2024-07-31 23:05:00+00:00,150.311,150.314,150.21,150.224,1746.81
2024-07-31 23:10:00+00:00,150.225,150.231,150.178,150.226,2671.95
2024-07-31 23:15:00+00:00,150.225,150.258,150.132,150.147,1908.6
2024-07-31 23:20:00+00:00,150.148,150.149,150.076,150.086,1584.88
2024-07-31 23:25:00+00:00,150.087,150.098,149.984,149.989,1579.14
2024-07-31 23:30:00+00:00,149.99,150.052,149.971,150.021,1182.03
2024-07-31 23:35:00+00:00,150.02,150.089,149.995,150.062,1032.66
2024-07-31 23:40:00+00:00,150.063,150.063,149.977,150.019,774.3
2024-07-31 23:45:00+00:00,150.018,150.019,149.845,149.854,3435.19
2024-07-31 23:50:00+00:00,149.856,149.878,149.672,149.68,3574.28
2024-07-31 23:55:00+00:00,149.68,149.788,149.667,149.786,3367.97
2024-08-01 00:00:00+00:00,149.786,149.801,149.541,149.608,2938.32
2024-08-01 00:05:00+00:00,149.607,149.775,149.565,149.731,2122.95
2024-08-01 00:10:00+00:00,149.732,149.895,149.698,149.854,1556.74
2024-08-01 00:15:00+00:00,149.856,149.865,149.524,149.541,1819.15
2024-08-01 00:20:00+00:00,149.537,149.738,149.514,149.718,2689.04
2024-08-01 00:25:00+00:00,149.714,149.796,149.629,149.794,2353.73
2024-08-01 00:30:00+00:00,149.795,149.837,149.716,149.778,2160.56
2024-08-01 00:35:00+00:00,149.772,149.828,149.651,149.683,2120.62
2024-08-01 00:40:00+00:00,149.682,149.797,149.668,149.75,1533.67
2024-08-01 00:45:00+00:00,149.75,149.75,149.547,149.626,3211.32
2024-08-01 00:50:00+00:00,149.625,149.795,149.517,149.549,4045.63
2024-08-01 00:55:00+00:00,149.544,149.612,149.345,149.436,3813.5
2024-08-01 01:00:00+00:00,149.435,149.465,149.298,149.386,2675.43
2024-08-01 01:05:00+00:00,149.383,149.383,149.147,149.255,3026.69
2024-08-01 01:10:00+00:00,149.252,149.252,149.092,149.129,3410.03
2024-08-01 01:15:00+00:00,149.129,149.15,149.008,149.015,4301.49
2024-08-01 01:20:00+00:00,149.015,149.09,148.881,149.077,4543.54
2024-08-01 01:25:00+00:00,149.075,149.103,148.811,148.84,3912.56
2024-08-01 01:30:00+00:00,148.848,148.869,148.734,148.747,4524.82
2024-08-01 01:35:00+00:00,148.747,148.773,148.557,148.558,5565.47
2024-08-01 01:40:00+00:00,148.558,148.779,148.508,148.779,3574.12
2024-08-01 01:45:00+00:00,148.777,148.946,148.754,148.89,3981.5
2024-08-01 01:50:00+00:00,148.889,149.069,148.798,148.959,4244.22
2024-08-01 01:55:00+00:00,148.957,149.17,148.875,149.17,4500.25
2024-08-01 02:00:00+00:00,149.17,149.19,149.034,149.18,3761.98
2024-08-01 02:05:00+00:00,149.184,149.331,149.155,149.232,2108.31
2024-08-01 02:10:00+00:00,149.228,149.446,149.2,149.357,2667.25
2024-08-01 02:15:00+00:00,149.355,149.369,149.261,149.298,2859.96
2024-08-01 02:20:00+00:00,149.301,149.331,149.115,149.188,4515.15
2024-08-01 02:25:00+00:00,149.187,149.218,149.061,149.209,2644.32
2024-08-01 02:30:00+00:00,149.209,149.279,149.178,149.246,1466.86
2024-08-01 02:35:00+00:00,149.247,149.247,149.084,149.114,3766.82
2024-08-01 02:40:00+00:00,149.113,149.326,149.09,149.315,2337.09
2024-08-01 02:45:00+00:00,149.311,149.497,149.302,149.483,3165.14
2024-08-01 02:50:00+00:00,149.482,149.606,149.439,149.59,3045.71
2024-08-01 02:55:00+00:00,149.59,149.788,149.55,149.764,3672.29
2024-08-01 03:00:00+00:00,149.766,149.791,149.629,149.666,4357.0
2024-08-01 03:05:00+00:00,149.668,149.755,149.593,149.732,2537.38
2024-08-01 03:10:00+00:00,149.734,149.773,149.559,149.626,2622.09
2024-08-01 03:15:00+00:00,149.626,149.681,149.606,149.639,1868.1
2024-08-01 03:20:00+00:00,149.639,149.691,149.538,149.559,2150.85
2024-08-01 03:25:00+00:00,149.561,149.678,149.55,149.598,1836.14
2024-08-01 03:30:00+00:00,149.605,149.619,149.395,149.431,2331.48
2024-08-01 03:35:00+00:00,149.427,149.467,149.388,149.391,2428.97
2024-08-01 03:40:00+00:00,149.388,149.608,149.388,149.544,1485.09
2024-08-01 03:45:00+00:00,149.546,149.626,149.527,149.528,1828.34
2024-08-01 03:50:00+00:00,149.529,149.548,149.46,149.529,3259.96
2024-08-01 03:55:00+00:00,149.53,149.621,149.484,149.56,2527.59
2024-08-01 04:00:00+00:00,149.562,149.638,149.436,149.438,2568.65
2024-08-01 04:05:00+00:00,149.44,149.481,149.392,149.452,1885.38
2024-08-01 04:10:00+00:00,149.453,149.477,149.403,149.43,2022.89
2024-08-01 04:15:00+00:00,149.43,149.459,149.339,149.369,2668.11
2024-08-01 04:20:00+00:00,149.367,149.506,149.343,149.459,1953.61
2024-08-01 04:25:00+00:00,149.46,149.5,149.382,149.384,2463.97
2024-08-01 04:30:00+00:00,149.384,149.441,149.362,149.369,1160.22
2024-08-01 04:35:00+00:00,149.369,149.586,149.367,149.496,1518.82
2024-08-01 04:40:00+00:00,149.497,149.55,149.463,149.53,1987.25
2024-08-01 04:45:00+00:00,149.531,149.555,149.459,149.538,1053.88
2024-08-01 04:50:00+00:00,149.537,149.701,149.537,149.601,2036.32
2024-08-01 04:55:00+00:00,149.601,149.714,149.596,149.68,1324.08
2024-08-01 05:00:00+00:00,149.679,149.756,149.648,149.683,1740.43
2024-08-01 05:05:00+00:00,149.684,149.795,149.682,149.709,1791.0
2024-08-01 05:10:00+00:00,149.716,149.914,149.698,149.803,3371.29
2024-08-01 05:15:00+00:00,149.802,149.808,149.683,149.684,2773.49
2024-08-01 05:20:00+00:00,149.68,149.701,149.613,149.669,3058.2
2024-08-01 05:25:00+00:00,149.67,149.83,149.667,149.765,2089.55
2024-08-01 05:30:00+00:00,149.767,149.874,149.71,149.831,2346.38
2024-08-01 05:35:00+00:00,149.832,149.949,149.748,149.862,3473.12
2024-08-01 05:40:00+00:00,149.869,149.979,149.845,149.945,1582.12
2024-08-01 05:45:00+00:00,149.946,150.045,149.877,149.994,1890.33
2024-08-01 05:50:00+00:00,149.993,150.003,149.814,149.842,2664.97
2024-08-01 05:55:00+00:00,149.841,149.877,149.726,149.759,2523.24
2024-08-01 06:00:00+00:00,149.76,149.76,149.569,149.662,5468.07
2024-08-01 06:05:00+00:00,149.664,149.842,149.649,149.824,4648.16
2024-08-01 06:10:00+00:00,149.825,149.897,149.785,149.795,3277.51
2024-08-01 06:15:00+00:00,149.795,149.964,149.705,149.964,3181.3
2024-08-01 06:20:00+00:00,149.961,149.965,149.878,149.929,4155.26
2024-08-01 06:25:00+00:00,149.928,150.044,149.868,150.025,4366.56
2024-08-01 06:30:00+00:00,150.026,150.145,150.017,150.139,4722.58
2024-08-01 06:35:00+00:00,150.138,150.309,150.127,150.215,4902.1
2024-08-01 06:40:00+00:00,150.219,150.335,150.154,150.154,5572.16
2024-08-01 06:45:00+00:00,150.156,150.221,150.068,150.084,5673.53
2024-08-01 06:50:00+00:00,150.084,150.217,150.045,150.118,4321.86
2024-08-01 06:55:00+00:00,150.118,150.25,150.014,150.027,4870.57
2024-08-01 07:00:00+00:00,150.026,150.051,149.888,150.048,6143.96
2024-08-01 07:05:00+00:00,150.051,150.082,149.915,149.918,4988.77
2024-08-01 07:10:00+00:00,149.916,149.948,149.844,149.85,3850.46
2024-08-01 07:15:00+00:00,149.851,149.904,149.782,149.825,2789.52
2024-08-01 07:20:00+00:00,149.825,149.976,149.804,149.962,3298.73
2024-08-01 07:25:00+00:00,149.961,150.034,149.896,149.906,2834.96
2024-08-01 07:30:00+00:00,149.905,150.003,149.859,150.003,3326.25
2024-08-01 07:35:00+00:00,150.004,150.147,149.989,150.141,4681.8
2024-08-01 07:40:00+00:00,150.14,150.195,149.984,150.011,3774.5
2024-08-01 07:45:00+00:00,150.028,150.063,149.97,150.023,3946.72
2024-08-01 07:50:00+00:00,150.019,150.071,149.926,149.946,3956.67
2024-08-01 07:55:00+00:00,149.946,149.994,149.846,149.861,4639.05
2024-08-01 08:00:00+00:00,149.859,149.905,149.704,149.726,4556.43
2024-08-01 08:05:00+00:00,149.725,149.748,149.449,149.462,6251.0
2024-08-01 08:10:00+00:00,149.463,149.604,149.426,149.602,5881.7
2024-08-01 08:15:00+00:00,149.604,149.683,149.507,149.683,4271.22
2024-08-01 08:20:00+00:00,149.681,149.714,149.614,149.619,2870.37
2024-08-01 08:25:00+00:00,149.619,149.852,149.588,149.845,2810.62
2024-08-01 08:30:00+00:00,149.845,149.888,149.771,149.819,4955.14
2024-08-01 08:35:00+00:00,149.82,149.988,149.82,149.901,5864.56
2024-08-01 08:40:00+00:00,149.904,149.944,149.794,149.855,4565.61
2024-08-01 08:45:00+00:00,149.855,149.858,149.616,149.62,4212.06
2024-08-01 08:50:00+00:00,149.621,149.69,149.557,149.568,5370.56
2024-08-01 08:55:00+00:00,149.57,149.701,149.554,149.69,3030.45
2024-08-01 09:00:00+00:00,149.698,149.776,149.605,149.724,2330.42
2024-08-01 09:05:00+00:00,149.723,149.778,149.617,149.62,3312.96
2024-08-01 09:10:00+00:00,149.62,149.762,149.62,149.76,3646.68
2024-08-01 09:15:00+00:00,149.761,149.8,149.701,149.737,3501.96
2024-08-01 09:20:00+00:00,149.737,149.772,149.681,149.699,2077.31
2024-08-01 09:25:00+00:00,149.698,149.764,149.636,149.666,3087.22
2024-08-01 09:30:00+00:00,149.665,149.75,149.615,149.682,3113.46
2024-08-01 09:35:00+00:00,149.685,149.817,149.685,149.799,3790.03
2024-08-01 09:40:00+00:00,149.799,149.805,149.747,149.757,4097.03
2024-08-01 09:45:00+00:00,149.756,149.785,149.715,149.768,3527.99
2024-08-01 09:50:00+00:00,149.77,149.938,149.757,149.893,3801.38
2024-08-01 09:55:00+00:00,149.894,149.967,149.869,149.949,1965.06
2024-08-01 10:00:00+00:00,149.95,150.092,149.948,150.091,2443.2
2024-08-01 10:05:00+00:00,150.091,150.103,149.968,150.003,2903.51
2024-08-01 10:10:00+00:00,150.003,150.013,149.918,149.946,4407.27
2024-08-01 10:15:00+00:00,149.951,150.051,149.939,150.021,2301.84
2024-08-01 10:20:00+00:00,150.021,150.118,150.021,150.1,2473.35
2024-08-01 10:25:00+00:00,150.1,150.153,150.039,150.145,2997.56
2024-08-01 10:30:00+00:00,150.147,150.195,150.11,150.11,1455.15
2024-08-01 10:35:00+00:00,150.112,150.192,150.099,150.108,1970.55
2024-08-01 10:40:00+00:00,150.109,150.115,150.043,150.064,2976.45
2024-08-01 10:45:00+00:00,150.066,150.088,150.012,150.039,2748.48
2024-08-01 10:50:00+00:00,150.039,150.091,150.017,150.057,2592.03
2024-08-01 10:55:00+00:00,150.059,150.084,149.925,150.027,3024.56
2024-08-01 11:00:00+00:00,150.029,150.147,149.97,150.096,2261.28
2024-08-01 11:05:00+00:00,150.096,150.196,150.096,150.19,2029.08
2024-08-01 11:10:00+00:00,150.188,150.425,150.17,150.407,2385.02
2024-08-01 11:15:00+00:00,150.407,150.448,150.32,150.424,1946.96
2024-08-01 11:20:00+00:00,150.424,150.447,150.312,150.337,3521.84
2024-08-01 11:25:00+00:00,150.338,150.393,150.321,150.351,1607.27
2024-08-01 11:30:00+00:00,150.35,150.495,150.348,150.476,2280.84
2024-08-01 11:35:00+00:00,150.474,150.497,150.377,150.475,2569.15
2024-08-01 11:40:00+00:00,150.475,150.591,150.464,150.542,2912.58
2024-08-01 11:45:00+00:00,150.539,150.621,150.508,150.6,1971.94
2024-08-01 11:50:00+00:00,150.6,150.6,150.489,150.504,2464.62
2024-08-01 11:55:00+00:00,150.502,150.527,150.423,150.523,2446.11
2024-08-01 12:00:00+00:00,150.523,150.725,150.518,150.714,4270.23
2024-08-01 12:05:00+00:00,150.715,150.76,150.655,150.76,2685.04
2024-08-01 12:10:00+00:00,150.756,150.758,150.643,150.685,4353.7
2024-08-01 12:15:00+00:00,150.686,150.758,150.656,150.715,3590.96
2024-08-01 12:20:00+00:00,150.713,150.713,150.562,150.623,4275.52
2024-08-01 12:25:00+00:00,150.626,150.656,150.569,150.603,3094.34
2024-08-01 12:30:00+00:00,150.601,150.601,150.188,150.333,6320.71
2024-08-01 12:35:00+00:00,150.334,150.607,150.264,150.565,5918.45
2024-08-01 12:40:00+00:00,150.564,150.618,150.407,150.56,5759.64
2024-08-01 12:45:00+00:00,150.563,150.695,150.541,150.68,5351.54
2024-08-01 12:50:00+00:00,150.682,150.775,150.654,150.741,4566.18
2024-08-01 12:55:00+00:00,150.734,150.861,150.717,150.858,4551.09
2024-08-01 13:00:00+00:00,150.86,150.89,150.664,150.72,4517.59
2024-08-01 13:05:00+00:00,150.72,150.72,150.551,150.674,4287.97
2024-08-01 13:10:00+00:00,150.676,150.711,150.595,150.664,3387.58
2024-08-01 13:15:00+00:00,150.663,150.762,150.512,150.519,4227.0
2024-08-01 13:20:00+00:00,150.526,150.594,150.471,150.58,3809.19
2024-08-01 13:25:00+00:00,150.581,150.602,150.464,150.477,2559.56
2024-08-01 13:30:00+00:00,150.477,150.612,150.416,150.52,3561.09
2024-08-01 13:35:00+00:00,150.522,150.571,150.391,150.534,4992.09
2024-08-01 13:40:00+00:00,150.531,150.618,150.484,150.605,3791.15
2024-08-01 13:45:00+00:00,150.61,150.63,150.488,150.602,3544.74
2024-08-01 13:50:00+00:00,150.603,150.619,150.504,150.536,4181.43
2024-08-01 13:55:00+00:00,150.535,150.562,150.469,150.521,3108.0
2024-08-01 14:00:00+00:00,150.522,150.522,150.158,150.182,3872.52
2024-08-01 14:05:00+00:00,150.18,150.27,150.073,150.157,5982.48
2024-08-01 14:10:00+00:00,150.157,150.269,150.119,150.195,5522.83
2024-08-01 14:15:00+00:00,150.197,150.332,150.188,150.244,4430.07
2024-08-01 14:20:00+00:00,150.244,150.316,150.189,150.24,4975.92
2024-08-01 14:25:00+00:00,150.239,150.325,150.171,150.211,5718.29
2024-08-01 14:30:00+00:00,150.212,150.23,150.02,150.112,4678.12
2024-08-01 14:35:00+00:00,150.112,150.126,149.952,150.0,4220.34
2024-08-01 14:40:00+00:00,150.006,150.044,149.875,149.91,5371.68
2024-08-01 14:45:00+00:00,149.91,150.005,149.831,149.971,5075.52
2024-08-01 14:50:00+00:00,149.969,150.191,149.965,150.157,5302.39
2024-08-01 14:55:00+00:00,150.155,150.211,150.042,150.046,3988.45
2024-08-01 15:00:00+00:00,150.046,150.123,150.017,150.102,4050.3
2024-08-01 15:05:00+00:00,150.101,150.108,149.92,149.98,4587.89
2024-08-01 15:10:00+00:00,149.979,150.032,149.869,149.921,4973.14
2024-08-01 15:15:00+00:00,149.921,150.081,149.919,150.049,3970.19
2024-08-01 15:20:00+00:00,150.048,150.104,150.013,150.016,3274.27
2024-08-01 15:25:00+00:00,150.014,150.131,149.993,150.125,2329.74
2024-08-01 15:30:00+00:00,150.126,150.168,150.074,150.137,2921.63
2024-08-01 15:35:00+00:00,150.133,150.206,150.09,150.2,2341.13
2024-08-01 15:40:00+00:00,150.204,150.216,150.059,150.059,1789.98
2024-08-01 15:45:00+00:00,150.06,150.098,150.035,150.091,1755.93
2024-08-01 15:50:00+00:00,150.091,150.125,150.049,150.086,1379.2
2024-08-01 15:55:00+00:00,150.087,150.13,150.041,150.06,1465.89
2024-08-01 16:00:00+00:00,150.063,150.135,150.021,150.09,3107.43
2024-08-01 16:05:00+00:00,150.09,150.107,150.051,150.072,1966.41
2024-08-01 16:10:00+00:00,150.067,150.093,150.02,150.057,1229.22
2024-08-01 16:15:00+00:00,150.053,150.069,149.915,149.916,2539.24
2024-08-01 16:20:00+00:00,149.918,149.935,149.839,149.842,3362.89
2024-08-01 16:25:00+00:00,149.843,149.86,149.749,149.843,3100.14
2024-08-01 16:30:00+00:00,149.845,149.854,149.763,149.77,1518.51
2024-08-01 16:35:00+00:00,149.77,149.78,149.681,149.734,2768.5
2024-08-01 16:40:00+00:00,149.74,149.856,149.74,149.845,2902.05
2024-08-01 16:45:00+00:00,149.845,149.934,149.845,149.895,1266.9
2024-08-01 16:50:00+00:00,149.896,149.956,149.867,149.95,3057.63
2024-08-01 16:55:00+00:00,149.95,149.961,149.891,149.894,1853.84
2024-08-01 17:00:00+00:00,149.895,149.942,149.854,149.901,3040.44
2024-08-01 17:05:00+00:00,149.903,149.912,149.819,149.844,3469.76
2024-08-01 17:10:00+00:00,149.844,149.846,149.745,149.754,1702.83
2024-08-01 17:15:00+00:00,149.755,149.807,149.698,149.751,2706.3
2024-08-01 17:20:00+00:00,149.75,149.775,149.684,149.765,1334.97
2024-08-01 17:25:00+00:00,149.763,149.815,149.743,149.805,2675.52
2024-08-01 17:30:00+00:00,149.806,149.819,149.726,149.727,2265.54
2024-08-01 17:35:00+00:00,149.727,149.727,149.645,149.684,809.4
2024-08-01 17:40:00+00:00,149.685,149.718,149.659,149.673,740.4
2024-08-01 17:45:00+00:00,149.673,149.723,149.649,149.682,944.34
2024-08-01 17:50:00+00:00,149.682,149.797,149.651,149.794,1310.91
2024-08-01 17:55:00+00:00,149.793,149.8,149.744,149.746,2213.65
2024-08-01 18:00:00+00:00,149.745,149.767,149.696,149.717,3072.33
2024-08-01 18:05:00+00:00,149.714,149.739,149.66,149.678,3786.76
2024-08-01 18:10:00+00:00,149.679,149.716,149.646,149.659,2056.11
2024-08-01 18:15:00+00:00,149.658,149.666,149.565,149.606,2845.71
2024-08-01 18:20:00+00:00,149.609,149.683,149.609,149.643,3620.85
2024-08-01 18:25:00+00:00,149.643,149.679,149.61,149.644,2808.15
2024-08-01 18:30:00+00:00,149.643,149.643,149.574,149.622,3715.94
2024-08-01 18:35:00+00:00,149.621,149.654,149.619,149.646,953.1
2024-08-01 18:40:00+00:00,149.647,149.705,149.625,149.647,2393.88
2024-08-01 18:45:00+00:00,149.644,149.679,149.625,149.672,998.31
2024-08-01 18:50:00+00:00,149.672,149.714,149.593,149.593,2919.59
2024-08-01 18:55:00+00:00,149.594,149.604,149.531,149.553,3176.73
2024-08-01 19:00:00+00:00,149.551,149.585,149.54,149.57,1566.33
2024-08-01 19:05:00+00:00,149.57,149.574,149.474,149.487,2006.91
2024-08-01 19:10:00+00:00,149.487,149.587,149.47,149.571,1715.37
2024-08-01 19:15:00+00:00,149.57,149.594,149.535,149.576,1838.61
2024-08-01 19:20:00+00:00,149.573,149.578,149.527,149.561,998.97
2024-08-01 19:25:00+00:00,149.56,149.597,149.554,149.581,1282.59
2024-08-01 19:30:00+00:00,149.58,149.651,149.574,149.613,2216.12
2024-08-01 19:35:00+00:00,149.614,149.685,149.614,149.672,1533.78
2024-08-01 19:40:00+00:00,149.673,149.709,149.67,149.672,1809.9
2024-08-01 19:45:00+00:00,149.671,149.712,149.659,149.709,2341.92
2024-08-01 19:50:00+00:00,149.71,149.841,149.705,149.768,2059.03
2024-08-01 19:55:00+00:00,149.77,149.79,149.749,149.771,3185.86
2024-08-01 20:00:00+00:00,149.771,149.783,149.653,149.653,892.68
2024-08-01 20:05:00+00:00,149.654,149.696,149.652,149.687,731.91
2024-08-01 20:10:00+00:00,149.684,149.691,149.651,149.683,593.4
2024-08-01 20:15:00+00:00,149.684,149.693,149.633,149.649,1285.03
2024-08-01 20:20:00+00:00,149.652,149.69,149.649,149.681,608.34
2024-08-01 20:25:00+00:00,149.678,149.691,149.643,149.645,178.06
2024-08-01 20:30:00+00:00,149.646,149.667,149.625,149.635,386.85
2024-08-01 20:35:00+00:00,149.635,149.639,149.565,149.593,694.74
2024-08-01 20:40:00+00:00,149.592,149.595,149.511,149.516,406.17
2024-08-01 20:45:00+00:00,149.517,149.543,149.484,149.497,449.76
2024-08-01 20:50:00+00:00,149.496,149.496,149.356,149.362,428.1
2024-08-01 20:55:00+00:00,149.362,149.362,149.282,149.356,678.05
2024-08-01 21:00:00+00:00,149.355,149.36,149.29,149.29,33.78
2024-08-01 21:05:00+00:00,149.29,149.312,149.264,149.299,54.93
2024-08-01 21:10:00+00:00,149.305,149.311,149.299,149.309,67.5
2024-08-01 21:15:00+00:00,149.311,149.311,149.292,149.303,82.05
2024-08-01 21:20:00+00:00,149.301,149.308,149.295,149.304,36.6
2024-08-01 21:25:00+00:00,149.304,149.333,149.296,149.328,74.1
2024-08-01 21:30:00+00:00,149.328,149.348,149.319,149.33,167.64
2024-08-01 21:35:00+00:00,149.332,149.338,149.293,149.301,357.45
2024-08-01 21:40:00+00:00,149.302,149.34,149.295,149.325,361.92
2024-08-01 21:45:00+00:00,149.325,149.334,149.298,149.306,653.1
2024-08-01 21:50:00+00:00,149.307,149.314,149.299,149.305,373.5
2024-08-01 21:55:00+00:00,149.309,149.317,149.291,149.295,915.9
2024-08-01 22:00:00+00:00,149.295,149.345,149.262,149.322,625.2
2024-08-01 22:05:00+00:00,149.321,149.322,149.098,149.099,870.45
2024-08-01 22:10:00+00:00,149.099,149.122,148.991,149.117,934.31
2024-08-01 22:15:00+00:00,149.121,149.235,149.117,149.235,983.1
2024-08-01 22:20:00+00:00,149.239,149.311,149.222,149.301,1888.35
2024-08-01 22:25:00+00:00,149.301,149.367,149.301,149.334,1080.6
2024-08-01 22:30:00+00:00,149.333,149.4,149.305,149.379,1495.99
2024-08-01 22:35:00+00:00,149.377,149.4,149.36,149.388,1229.56
2024-08-01 22:40:00+00:00,149.385,149.443,149.361,149.375,1206.5
2024-08-01 22:45:00+00:00,149.371,149.378,149.328,149.347,1535.25
2024-08-01 22:50:00+00:00,149.342,149.397,149.318,149.323,1140.6
2024-08-01 22:55:00+00:00,149.321,149.344,149.261,149.311,1283.85
2024-08-01 23:00:00+00:00,149.31,149.311,149.129,149.138,3552.43
2024-08-01 23:05:00+00:00,149.141,149.22,149.078,149.166,2535.54
2024-08-01 23:10:00+00:00,149.173,149.173,149.086,149.129,2330.57
2024-08-01 23:15:00+00:00,149.125,149.129,148.962,149.005,2313.58
2024-08-01 23:20:00+00:00,149.008,149.113,148.988,149.108,1236.57
2024-08-01 23:25:00+00:00,149.108,149.21,149.099,149.184,1317.98
2024-08-01 23:30:00+00:00,149.184,149.195,149.093,149.1,1163.03
2024-08-01 23:35:00+00:00,149.098,149.099,148.876,148.961,3042.87
2024-08-01 23:40:00+00:00,148.965,148.972,148.872,148.949,1446.6
2024-08-01 23:45:00+00:00,148.953,149.052,148.922,149.025,1406.19
2024-08-01 23:50:00+00:00,149.024,149.142,149.021,149.131,2042.54
2024-08-01 23:55:00+00:00,149.133,149.26,149.114,149.208,4908.63
2024-08-02 00:00:00+00:00,149.205,149.345,149.129,149.293,4058.01
2024-08-02 00:05:00+00:00,149.295,149.369,149.19,149.204,2926.24
2024-08-02 00:10:00+00:00,149.207,149.255,149.146,149.199,2449.65
2024-08-02 00:15:00+00:00,149.197,149.232,148.975,148.977,4370.05
2024-08-02 00:20:00+00:00,148.99,149.078,148.958,149.031,2925.86
2024-08-02 00:25:00+00:00,149.033,149.064,148.935,149.016,2857.99
2024-08-02 00:30:00+00:00,149.017,149.249,149.011,149.128,4463.36
2024-08-02 00:35:00+00:00,149.128,149.16,149.023,149.056,2679.36
2024-08-02 00:40:00+00:00,149.057,149.168,149.057,149.156,3120.69
2024-08-02 00:45:00+00:00,149.156,149.264,149.144,149.189,4720.94
2024-08-02 00:50:00+00:00,149.188,149.412,149.169,149.408,6317.43
2024-08-02 00:55:00+00:00,149.409,149.417,149.325,149.38,3809.6
2024-08-02 01:00:00+00:00,149.379,149.607,149.379,149.435,5387.78
2024-08-02 01:05:00+00:00,149.435,149.465,149.354,149.407,4186.27
2024-08-02 01:10:00+00:00,149.408,149.567,149.39,149.55,3413.9
2024-08-02 01:15:00+00:00,149.551,149.721,149.542,149.694,3662.18
2024-08-02 01:20:00+00:00,149.698,149.766,149.638,149.649,3237.62
2024-08-02 01:25:00+00:00,149.648,149.715,149.595,149.659,2306.54
2024-08-02 01:30:00+00:00,149.66,149.772,149.616,149.646,2943.15
2024-08-02 01:35:00+00:00,149.647,149.713,149.632,149.659,2481.09
2024-08-02 01:40:00+00:00,149.659,149.735,149.628,149.651,2797.58
2024-08-02 01:45:00+00:00,149.662,149.689,149.608,149.659,4549.13
2024-08-02 01:50:00+00:00,149.658,149.669,149.505,149.55,4153.0
2024-08-02 01:55:00+00:00,149.551,149.557,149.484,149.499,2366.82
2024-08-02 02:00:00+00:00,149.498,149.572,149.465,149.543,2106.53
2024-08-02 02:05:00+00:00,149.544,149.601,149.494,149.494,1589.25
2024-08-02 02:10:00+00:00,149.496,149.513,149.435,149.46,2026.58
2024-08-02 02:15:00+00:00,149.459,149.46,149.349,149.366,2230.27
2024-08-02 02:20:00+00:00,149.367,149.403,149.231,149.273,4092.59
2024-08-02 02:25:00+00:00,149.271,149.384,149.271,149.381,3149.95
2024-08-02 02:30:00+00:00,149.38,149.423,149.341,149.414,2460.15
2024-08-02 02:35:00+00:00,149.414,149.474,149.377,149.388,2560.98
2024-08-02 02:40:00+00:00,149.39,149.624,149.381,149.618,2365.08
2024-08-02 02:45:00+00:00,149.615,149.638,149.543,149.544,2294.14
2024-08-02 02:50:00+00:00,149.546,149.646,149.544,149.61,1968.75
2024-08-02 02:55:00+00:00,149.609,149.68,149.565,149.569,2981.46
2024-08-02 03:00:00+00:00,149.573,149.644,149.557,149.575,2663.46
2024-08-02 03:05:00+00:00,149.576,149.616,149.506,149.529,1722.3
2024-08-02 03:10:00+00:00,149.528,149.543,149.42,149.438,2112.27
2024-08-02 03:15:00+00:00,149.434,149.544,149.409,149.495,1642.11
2024-08-02 03:20:00+00:00,149.498,149.519,149.39,149.408,1949.1
2024-08-02 03:25:00+00:00,149.407,149.474,149.374,149.462,1914.66
2024-08-02 03:30:00+00:00,149.461,149.554,149.429,149.553,1809.21
2024-08-02 03:35:00+00:00,149.552,149.562,149.505,149.533,996.26
2024-08-02 03:40:00+00:00,149.53,149.542,149.427,149.448,783.69
2024-08-02 03:45:00+00:00,149.448,149.509,149.437,149.464,1634.44
2024-08-02 03:50:00+00:00,149.465,149.527,149.438,149.504,939.38
2024-08-02 03:55:00+00:00,149.502,149.506,149.427,149.491,1350.48
2024-08-02 04:00:00+00:00,149.49,149.579,149.487,149.523,1816.8
2024-08-02 04:05:00+00:00,149.525,149.542,149.483,149.494,1382.88
2024-08-02 04:10:00+00:00,149.494,149.572,149.494,149.54,1611.24
2024-08-02 04:15:00+00:00,149.54,149.578,149.485,149.51,1526.19
2024-08-02 04:20:00+00:00,149.509,149.544,149.437,149.479,2284.44
2024-08-02 04:25:00+00:00,149.48,149.51,149.35,149.378,1434.96
2024-08-02 04:30:00+00:00,149.378,149.412,149.313,149.399,2476.43
2024-08-02 04:35:00+00:00,149.398,149.458,149.388,149.424,1769.43
2024-08-02 04:40:00+00:00,149.423,149.444,149.391,149.393,1835.52
2024-08-02 04:45:00+00:00,149.394,149.42,149.338,149.406,1604.39
2024-08-02 04:50:00+00:00,149.406,149.409,149.31,149.327,2251.21
2024-08-02 04:55:00+00:00,149.327,149.375,149.25,149.259,1486.96
2024-08-02 05:00:00+00:00,149.257,149.27,149.155,149.2,2983.15
2024-08-02 05:05:00+00:00,149.201,149.241,149.124,149.22,1827.54
2024-08-02 05:10:00+00:00,149.219,149.265,149.127,149.264,1895.3
2024-08-02 05:15:00+00:00,149.264,149.306,149.25,149.285,1951.02
2024-08-02 05:20:00+00:00,149.284,149.364,149.235,149.357,1565.4
2024-08-02 05:25:00+00:00,149.359,149.359,149.309,149.334,1252.89
2024-08-02 05:30:00+00:00,149.334,149.37,149.308,149.311,1365.66
2024-08-02 05:35:00+00:00,149.312,149.356,149.207,149.233,2280.57
2024-08-02 05:40:00+00:00,149.235,149.269,149.185,149.198,2335.0
2024-08-02 05:45:00+00:00,149.196,149.216,149.131,149.14,2215.77
2024-08-02 05:50:00+00:00,149.143,149.147,148.922,148.989,5245.77
2024-08-02 05:55:00+00:00,148.989,149.03,148.887,148.944,3542.95
2024-08-02 06:00:00+00:00,148.939,149.11,148.804,149.103,5230.72
2024-08-02 06:05:00+00:00,149.102,149.188,149.062,149.122,5354.62
2024-08-02 06:10:00+00:00,149.132,149.222,149.082,149.099,4453.86
2024-08-02 06:15:00+00:00,149.1,149.186,149.076,149.172,3540.15
2024-08-02 06:20:00+00:00,149.182,149.29,149.113,149.121,4713.49
2024-08-02 06:25:00+00:00,149.12,149.148,149.04,149.052,3522.9
2024-08-02 06:30:00+00:00,149.054,149.167,148.908,148.914,4211.37
2024-08-02 06:35:00+00:00,148.914,149.02,148.901,148.985,3450.87
2024-08-02 06:40:00+00:00,148.987,149.067,148.944,149.034,2935.77
2024-08-02 06:45:00+00:00,149.033,149.092,148.961,149.05,2829.02
2024-08-02 06:50:00+00:00,149.051,149.051,148.914,148.951,3447.45
2024-08-02 06:55:00+00:00,148.951,148.962,148.811,148.853,4541.29
2024-08-02 07:00:00+00:00,148.85,148.897,148.73,148.894,4648.16
2024-08-02 07:05:00+00:00,148.895,148.916,148.634,148.651,3456.5
2024-08-02 07:10:00+00:00,148.653,148.769,148.623,148.756,3688.01
2024-08-02 07:15:00+00:00,148.759,148.832,148.748,148.828,3691.22
2024-08-02 07:20:00+00:00,148.834,149.073,148.83,149.072,3911.3
2024-08-02 07:25:00+00:00,149.071,149.115,149.033,149.096,2499.15
2024-08-02 07:30:00+00:00,149.095,149.114,148.949,149.024,3974.27
2024-08-02 07:35:00+00:00,149.025,149.086,148.909,149.085,2988.6
2024-08-02 07:40:00+00:00,149.087,149.202,149.011,149.031,3088.98
2024-08-02 07:45:00+00:00,149.032,149.039,148.906,149.036,1857.49
2024-08-02 07:50:00+00:00,149.035,149.217,149.032,149.124,2419.63
2024-08-02 07:55:00+00:00,149.124,149.221,149.069,149.208,1941.33
2024-08-02 08:00:00+00:00,149.21,149.321,149.106,149.135,3146.34
2024-08-02 08:05:00+00:00,149.136,149.154,149.017,149.082,1890.62
2024-08-02 08:10:00+00:00,149.085,149.201,149.071,149.128,1534.58
2024-08-02 08:15:00+00:00,149.128,149.129,148.879,148.92,2982.55
2024-08-02 08:20:00+00:00,148.921,148.985,148.884,148.924,2525.16
2024-08-02 08:25:00+00:00,148.923,149.003,148.879,148.956,2376.0
2024-08-02 08:30:00+00:00,148.953,148.972,148.832,148.877,3329.39
2024-08-02 08:35:00+00:00,148.876,148.997,148.851,148.995,2168.01
2024-08-02 08:40:00+00:00,148.996,149.076,148.987,149.057,2265.58
2024-08-02 08:45:00+00:00,149.056,149.095,148.968,148.988,1963.34
2024-08-02 08:50:00+00:00,148.988,149.068,148.969,149.044,1973.63
2024-08-02 08:55:00+00:00,149.045,149.112,149.024,149.071,2543.7
2024-08-02 09:00:00+00:00,149.07,149.092,148.97,148.974,2731.21
2024-08-02 09:05:00+00:00,148.976,149.037,148.944,148.999,2241.71
2024-08-02 09:10:00+00:00,148.997,149.049,148.964,149.023,1475.51
2024-08-02 09:15:00+00:00,149.025,149.036,148.876,148.904,1959.37
2024-08-02 09:20:00+00:00,148.902,148.944,148.847,148.944,1739.91
2024-08-02 09:25:00+00:00,148.947,148.977,148.894,148.938,1301.3
2024-08-02 09:30:00+00:00,148.937,148.99,148.911,148.926,1036.55
2024-08-02 09:35:00+00:00,148.924,148.925,148.852,148.878,858.33
2024-08-02 09:40:00+00:00,148.883,148.894,148.82,148.835,695.67
2024-08-02 09:45:00+00:00,148.838,148.944,148.835,148.866,813.19
2024-08-02 09:50:00+00:00,148.865,148.896,148.839,148.88,822.35
2024-08-02 09:55:00+00:00,148.883,148.898,148.847,148.882,445.44
2024-08-02 10:00:00+00:00,148.882,148.937,148.809,148.822,1498.85
2024-08-02 10:05:00+00:00,148.823,148.848,148.734,148.823,1821.3
2024-08-02 10:10:00+00:00,148.823,148.854,148.775,148.851,1780.61
2024-08-02 10:15:00+00:00,148.849,148.886,148.823,148.835,1022.11
2024-08-02 10:20:00+00:00,148.833,148.836,148.77,148.792,1546.2
2024-08-02 10:25:00+00:00,148.789,148.803,148.733,148.766,1869.09
2024-08-02 10:30:00+00:00,148.768,148.842,148.73,148.736,2882.69
2024-08-02 10:35:00+00:00,148.736,148.823,148.734,148.805,523.81
2024-08-02 10:40:00+00:00,148.805,148.844,148.777,148.784,1618.36
2024-08-02 10:45:00+00:00,148.788,148.954,148.78,148.845,2160.97
2024-08-02 10:50:00+00:00,148.846,148.955,148.846,148.875,1740.65
2024-08-02 10:55:00+00:00,148.875,148.885,148.784,148.796,1559.22
2024-08-02 11:00:00+00:00,148.796,148.872,148.789,148.857,2443.03
2024-08-02 11:05:00+00:00,148.858,148.944,148.842,148.888,2226.17
2024-08-02 11:10:00+00:00,148.887,148.949,148.869,148.869,2598.6
2024-08-02 11:15:00+00:00,148.87,148.962,148.849,148.958,2350.54
2024-08-02 11:20:00+00:00,148.956,148.994,148.93,148.988,1953.95
2024-08-02 11:25:00+00:00,148.988,149.022,148.922,148.923,1556.23
2024-08-02 11:30:00+00:00,148.924,149.053,148.909,149.041,1774.09
2024-08-02 11:35:00+00:00,149.037,149.053,149.0,149.027,1782.28
2024-08-02 11:40:00+00:00,149.028,149.079,148.988,149.041,2210.26
2024-08-02 11:45:00+00:00,149.044,149.121,149.033,149.056,2243.62
2024-08-02 11:50:00+00:00,149.059,149.122,149.027,149.028,1440.51
2024-08-02 11:55:00+00:00,149.029,149.03,148.975,149.008,2489.55
2024-08-02 12:00:00+00:00,149.009,149.113,149.007,149.08,2800.55
2024-08-02 12:05:00+00:00,149.08,149.084,148.896,148.941,2601.34
2024-08-02 12:10:00+00:00,148.942,148.949,148.854,148.925,2999.79
2024-08-02 12:15:00+00:00,148.924,149.027,148.869,149.003,3408.82
2024-08-02 12:20:00+00:00,149.0,149.073,148.962,149.061,4034.06
2024-08-02 12:25:00+00:00,149.061,149.074,148.912,148.912,2141.77
2024-08-02 12:30:00+00:00,148.916,148.947,147.109,147.16,6168.81
2024-08-02 12:35:00+00:00,147.14,147.685,147.13,147.506,4292.85
2024-08-02 12:40:00+00:00,147.507,147.507,147.015,147.276,5085.32
2024-08-02 12:45:00+00:00,147.28,147.34,147.05,147.261,7057.3
2024-08-02 12:50:00+00:00,147.261,147.535,147.154,147.274,6296.8
2024-08-02 12:55:00+00:00,147.273,147.483,147.169,147.44,4631.43
2024-08-02 13:00:00+00:00,147.443,147.765,147.443,147.65,7133.56
2024-08-02 13:05:00+00:00,147.65,147.962,147.583,147.776,7338.24
2024-08-02 13:10:00+00:00,147.779,147.969,147.717,147.912,7094.13
2024-08-02 13:15:00+00:00,147.915,148.16,147.907,147.94,7522.66
2024-08-02 13:20:00+00:00,147.94,147.962,147.698,147.748,7163.73
2024-08-02 13:25:00+00:00,147.747,147.759,147.582,147.66,5951.39
2024-08-02 13:30:00+00:00,147.661,147.661,147.23,147.326,7233.56
2024-08-02 13:35:00+00:00,147.324,147.54,147.231,147.481,7486.05
2024-08-02 13:40:00+00:00,147.481,147.638,147.333,147.4,7651.73
2024-08-02 13:45:00+00:00,147.406,147.474,147.174,147.338,4751.58
2024-08-02 13:50:00+00:00,147.338,147.431,147.2,147.265,5429.76
2024-08-02 13:55:00+00:00,147.267,147.289,147.058,147.076,4948.69
2024-08-02 14:00:00+00:00,147.077,147.414,146.868,146.875,6606.12
2024-08-02 14:05:00+00:00,146.871,147.037,146.803,147.005,6373.0
2024-08-02 14:10:00+00:00,147.003,147.135,146.832,146.848,6946.64
2024-08-02 14:15:00+00:00,146.844,147.084,146.802,146.908,7445.11
2024-08-02 14:20:00+00:00,146.908,146.963,146.755,146.834,6624.56
2024-08-02 14:25:00+00:00,146.835,147.041,146.835,146.92,6754.62
2024-08-02 14:30:00+00:00,146.919,147.057,146.85,146.957,5843.1
2024-08-02 14:35:00+00:00,146.959,146.959,146.84,146.851,5878.79
2024-08-02 14:40:00+00:00,146.851,146.912,146.639,146.662,4889.14
2024-08-02 14:45:00+00:00,146.659,146.847,146.585,146.803,6487.67
2024-08-02 14:50:00+00:00,146.805,146.841,146.542,146.569,5716.16
2024-08-02 14:55:00+00:00,146.565,146.712,146.552,146.671,6590.83
2024-08-02 15:00:00+00:00,146.668,146.866,146.606,146.852,6551.46
2024-08-02 15:05:00+00:00,146.852,146.866,146.637,146.687,6254.6
2024-08-02 15:10:00+00:00,146.688,146.764,146.587,146.608,7024.92
2024-08-02 15:15:00+00:00,146.605,146.709,146.54,146.615,5771.05
2024-08-02 15:20:00+00:00,146.613,146.695,146.569,146.631,4651.53
2024-08-02 15:25:00+00:00,146.631,146.646,146.417,146.516,5196.99
2024-08-02 15:30:00+00:00,146.515,146.567,146.419,146.542,5904.12
2024-08-02 15:35:00+00:00,146.547,146.716,146.488,146.706,5997.41
2024-08-02 15:40:00+00:00,146.706,146.801,146.627,146.789,3076.8
2024-08-02 15:45:00+00:00,146.785,146.938,146.759,146.93,3466.36
2024-08-02 15:50:00+00:00,146.933,147.021,146.898,146.925,2773.12
2024-08-02 15:55:00+00:00,146.926,147.104,146.905,146.979,1992.15
2024-08-02 16:00:00+00:00,146.981,147.398,146.981,147.384,4144.54
2024-08-02 16:05:00+00:00,147.381,147.458,147.292,147.356,4221.99
2024-08-02 16:10:00+00:00,147.354,147.359,147.024,147.092,4117.95
2024-08-02 16:15:00+00:00,147.088,147.115,146.969,147.087,4940.15
2024-08-02 16:20:00+00:00,147.09,147.213,147.038,147.055,2790.33
2024-08-02 16:25:00+00:00,147.055,147.147,146.991,147.141,4774.3
2024-08-02 16:30:00+00:00,147.141,147.148,146.948,147.032,3198.78
2024-08-02 16:35:00+00:00,147.031,147.065,146.98,147.037,4720.55
2024-08-02 16:40:00+00:00,147.037,147.19,147.023,147.062,3424.11
2024-08-02 16:45:00+00:00,147.061,147.097,146.934,146.963,4279.34
2024-08-02 16:50:00+00:00,146.962,146.962,146.761,146.8,2048.04
2024-08-02 16:55:00+00:00,146.799,146.869,146.752,146.844,3482.25
2024-08-02 17:00:00+00:00,146.844,146.886,146.771,146.833,3215.94
2024-08-02 17:05:00+00:00,146.834,146.898,146.812,146.877,2990.48
2024-08-02 17:10:00+00:00,146.876,146.956,146.822,146.942,3870.41
2024-08-02 17:15:00+00:00,146.942,146.954,146.849,146.882,3587.64
2024-08-02 17:20:00+00:00,146.883,146.883,146.763,146.833,5197.46
2024-08-02 17:25:00+00:00,146.836,146.929,146.787,146.79,4260.83
2024-08-02 17:30:00+00:00,146.789,146.822,146.752,146.798,3229.65
2024-08-02 17:35:00+00:00,146.804,146.88,146.786,146.786,3864.1
2024-08-02 17:40:00+00:00,146.787,146.801,146.749,146.796,3585.84
2024-08-02 17:45:00+00:00,146.793,146.834,146.748,146.787,3120.37
2024-08-02 17:50:00+00:00,146.787,146.847,146.767,146.831,2023.47
2024-08-02 17:55:00+00:00,146.83,146.878,146.819,146.836,1904.16
2024-08-02 18:00:00+00:00,146.837,146.851,146.771,146.844,1657.29
2024-08-02 18:05:00+00:00,146.847,146.864,146.806,146.833,1348.29
2024-08-02 18:10:00+00:00,146.832,146.85,146.79,146.817,758.19
2024-08-02 18:15:00+00:00,146.818,146.836,146.805,146.836,457.95
2024-08-02 18:20:00+00:00,146.83,146.896,146.821,146.849,712.29
2024-08-02 18:25:00+00:00,146.848,146.861,146.761,146.772,1282.83
2024-08-02 18:30:00+00:00,146.77,146.789,146.749,146.756,1045.47
2024-08-02 18:35:00+00:00,146.753,146.794,146.747,146.752,1032.96
2024-08-02 18:40:00+00:00,146.752,146.763,146.672,146.676,1731.83
2024-08-02 18:45:00+00:00,146.675,146.675,146.531,146.536,2835.24
2024-08-02 18:50:00+00:00,146.537,146.637,146.524,146.565,2147.95
2024-08-02 18:55:00+00:00,146.561,146.565,146.436,146.491,5413.29
2024-08-02 19:00:00+00:00,146.492,146.663,146.488,146.638,2656.3
2024-08-02 19:05:00+00:00,146.638,146.69,146.618,146.62,1571.67
2024-08-02 19:10:00+00:00,146.62,146.631,146.524,146.584,1441.06
2024-08-02 19:15:00+00:00,146.583,146.613,146.515,146.587,1627.74
2024-08-02 19:20:00+00:00,146.588,146.653,146.576,146.611,1510.34
2024-08-02 19:25:00+00:00,146.615,146.619,146.542,146.578,1069.74
2024-08-02 19:30:00+00:00,146.578,146.625,146.568,146.599,611.01
2024-08-02 19:35:00+00:00,146.597,146.598,146.522,146.523,858.3
2024-08-02 19:40:00+00:00,146.521,146.595,146.444,146.595,1604.9
2024-08-02 19:45:00+00:00,146.595,146.618,146.548,146.585,1108.02
2024-08-02 19:50:00+00:00,146.586,146.595,146.507,146.565,1555.65
2024-08-02 19:55:00+00:00,146.565,146.627,146.565,146.582,1642.14
2024-08-02 20:00:00+00:00,146.584,146.619,146.539,146.588,1011.12
2024-08-02 20:05:00+00:00,146.588,146.609,146.568,146.6,180.93
2024-08-02 20:10:00+00:00,146.597,146.601,146.567,146.597,529.59
2024-08-02 20:15:00+00:00,146.597,146.615,146.559,146.591,542.85
2024-08-02 20:20:00+00:00,146.59,146.602,146.57,146.574,272.88
2024-08-02 20:25:00+00:00,146.573,146.607,146.564,146.58,282.6
2024-08-02 20:30:00+00:00,146.583,146.583,146.544,146.544,162.07
2024-08-02 20:35:00+00:00,146.543,146.565,146.528,146.538,766.8
2024-08-02 20:40:00+00:00,146.537,146.541,146.51,146.528,767.76
2024-08-02 20:45:00+00:00,146.531,146.57,146.527,146.564,703.73
2024-08-02 20:50:00+00:00,146.565,146.606,146.562,146.572,363.6
2024-08-02 20:55:00+00:00,146.575,146.575,146.489,146.498,1700.07
2024-08-04 21:00:00+00:00,146.441,146.441,146.44,146.441,9.9
2024-08-04 21:05:00+00:00,146.45,146.504,146.427,146.431,91.3
2024-08-04 21:10:00+00:00,146.435,146.436,146.425,146.436,29.4
2024-08-04 21:15:00+00:00,146.435,146.474,146.435,146.442,36.33
2024-08-04 21:20:00+00:00,146.442,146.474,146.418,146.429,76.35
2024-08-04 21:25:00+00:00,146.424,146.442,146.415,146.419,68.55
2024-08-04 21:30:00+00:00,146.431,146.444,146.414,146.444,80.1
2024-08-04 21:35:00+00:00,146.445,146.458,146.444,146.454,76.93
2024-08-04 21:40:00+00:00,146.454,146.456,146.413,146.427,104.14
2024-08-04 21:45:00+00:00,146.427,146.468,146.427,146.44,157.8
2024-08-04 21:50:00+00:00,146.439,146.474,146.434,146.434,31.8
2024-08-04 21:55:00+00:00,146.441,146.444,146.424,146.44,66.3
2024-08-04 22:00:00+00:00,146.468,146.484,146.067,146.081,2036.65
2024-08-04 22:05:00+00:00,146.081,146.329,145.983,146.277,1150.43
2024-08-04 22:10:00+00:00,146.275,146.372,146.206,146.316,563.64
2024-08-04 22:15:00+00:00,146.315,146.434,146.29,146.349,1045.93
2024-08-04 22:20:00+00:00,146.345,146.383,146.222,146.254,2076.54
2024-08-04 22:25:00+00:00,146.257,146.413,146.249,146.4,1645.29
2024-08-04 22:30:00+00:00,146.4,146.563,146.396,146.457,2269.89
2024-08-04 22:35:00+00:00,146.457,146.468,146.262,146.314,2687.74
2024-08-04 22:40:00+00:00,146.313,146.443,146.262,146.395,1735.48
2024-08-04 22:45:00+00:00,146.395,146.521,146.388,146.516,932.07
2024-08-04 22:50:00+00:00,146.518,146.528,146.451,146.466,1935.44
2024-08-04 22:55:00+00:00,146.467,146.476,146.306,146.322,2041.19
2024-08-04 23:00:00+00:00,146.319,146.32,146.102,146.249,2783.81
2024-08-04 23:05:00+00:00,146.25,146.322,146.185,146.247,1523.19
2024-08-04 23:10:00+00:00,146.249,146.343,146.083,146.225,1471.52
2024-08-04 23:15:00+00:00,146.223,146.229,146.102,146.16,1715.25
2024-08-04 23:20:00+00:00,146.16,146.162,146.039,146.059,1692.31
2024-08-04 23:25:00+00:00,146.061,146.097,145.986,145.993,2592.08
2024-08-04 23:30:00+00:00,145.989,146.082,145.774,145.824,5296.1
2024-08-04 23:35:00+00:00,145.822,145.911,145.777,145.89,4490.82
2024-08-04 23:40:00+00:00,145.89,146.049,145.864,145.933,3723.69
2024-08-04 23:45:00+00:00,145.934,145.936,145.729,145.78,4355.37
2024-08-04 23:50:00+00:00,145.779,145.848,145.279,145.564,5671.12
2024-08-04 23:55:00+00:00,145.565,145.639,145.473,145.589,4470.69
2024-08-05 00:00:00+00:00,145.589,145.83,145.571,145.738,4503.63
2024-08-05 00:05:00+00:00,145.738,145.94,145.734,145.915,4970.26
2024-08-05 00:10:00+00:00,145.914,145.934,145.362,145.369,6629.59
2024-08-05 00:15:00+00:00,145.369,145.489,145.195,145.271,5858.25
2024-08-05 00:20:00+00:00,145.28,145.557,145.264,145.291,4411.26
2024-08-05 00:25:00+00:00,145.291,145.589,145.19,145.584,4711.1
2024-08-05 00:30:00+00:00,145.583,145.714,145.33,145.372,4784.52
2024-08-05 00:35:00+00:00,145.373,145.609,145.344,145.565,3169.78
2024-08-05 00:40:00+00:00,145.565,145.683,145.501,145.603,4200.76
2024-08-05 00:45:00+00:00,145.605,145.633,145.367,145.377,4037.3
2024-08-05 00:50:00+00:00,145.376,145.555,145.179,145.282,5115.54
2024-08-05 00:55:00+00:00,145.284,145.667,145.284,145.512,3743.49
2024-08-05 01:00:00+00:00,145.512,145.592,145.218,145.265,4177.33
2024-08-05 01:05:00+00:00,145.264,145.347,144.942,144.978,4363.96
2024-08-05 01:10:00+00:00,144.978,145.086,144.795,144.816,4647.96
2024-08-05 01:15:00+00:00,144.817,145.066,144.763,145.015,4133.13
2024-08-05 01:20:00+00:00,145.014,145.144,144.949,145.137,3301.42
2024-08-05 01:25:00+00:00,145.135,145.207,145.021,145.178,3468.52
2024-08-05 01:30:00+00:00,145.179,145.358,145.126,145.259,3547.62
2024-08-05 01:35:00+00:00,145.258,145.322,145.075,145.124,4137.95
2024-08-05 01:40:00+00:00,145.123,145.197,144.922,144.97,3269.85
2024-08-05 01:45:00+00:00,144.972,145.105,144.851,144.939,2533.65
2024-08-05 01:50:00+00:00,144.949,145.002,144.762,144.895,3283.17
2024-08-05 01:55:00+00:00,144.895,145.129,144.854,145.106,2892.17
2024-08-05 02:00:00+00:00,145.104,145.24,145.092,145.187,2920.21
2024-08-05 02:05:00+00:00,145.182,145.213,145.037,145.21,2645.44
2024-08-05 02:10:00+00:00,145.209,145.272,145.049,145.251,3314.73
2024-08-05 02:15:00+00:00,145.25,145.453,145.242,145.453,2997.1
2024-08-05 02:20:00+00:00,145.454,145.476,145.318,145.423,3735.12
2024-08-05 02:25:00+00:00,145.423,145.548,145.351,145.374,3806.77
2024-08-05 02:30:00+00:00,145.376,145.401,145.253,145.301,2895.76
2024-08-05 02:35:00+00:00,145.3,145.325,145.191,145.213,2291.89
2024-08-05 02:40:00+00:00,145.212,145.226,145.066,145.117,4015.61
2024-08-05 02:45:00+00:00,145.116,145.308,145.116,145.305,2264.84
2024-08-05 02:50:00+00:00,145.307,145.32,145.087,145.191,2504.41
2024-08-05 02:55:00+00:00,145.19,145.257,145.055,145.136,2219.58
2024-08-05 03:00:00+00:00,145.133,145.155,144.96,144.971,3259.61
2024-08-05 03:05:00+00:00,144.969,145.098,144.959,145.024,1849.5
2024-08-05 03:10:00+00:00,145.023,145.026,144.65,144.971,2946.99
2024-08-05 03:15:00+00:00,144.969,145.036,144.91,144.994,2659.27
2024-08-05 03:20:00+00:00,144.995,145.038,144.84,144.937,3872.01
2024-08-05 03:25:00+00:00,144.938,145.027,144.857,145.025,3611.34
2024-08-05 03:30:00+00:00,145.027,145.043,144.852,144.975,2792.53
2024-08-05 03:35:00+00:00,144.974,145.007,144.863,144.886,2951.28
2024-08-05 03:40:00+00:00,144.886,144.918,144.75,144.81,3159.87
2024-08-05 03:45:00+00:00,144.81,144.825,144.615,144.696,2458.69
2024-08-05 03:50:00+00:00,144.669,144.678,144.504,144.567,3528.13
2024-08-05 03:55:00+00:00,144.567,144.624,144.163,144.361,3542.63
2024-08-05 04:00:00+00:00,144.36,144.427,144.224,144.331,3644.51
2024-08-05 04:05:00+00:00,144.33,144.399,143.846,143.898,4868.96
2024-08-05 04:10:00+00:00,143.907,143.97,143.539,143.881,4741.0
2024-08-05 04:15:00+00:00,143.881,144.027,143.628,143.691,3922.38
2024-08-05 04:20:00+00:00,143.69,143.721,143.227,143.259,5592.15
2024-08-05 04:25:00+00:00,143.268,143.376,142.176,142.923,6808.82
2024-08-05 04:30:00+00:00,142.936,143.292,142.73,142.8,3914.83
2024-08-05 04:35:00+00:00,142.8,143.259,142.707,143.108,3578.31
2024-08-05 04:40:00+00:00,143.109,143.24,142.892,143.166,2927.84
2024-08-05 04:45:00+00:00,143.171,143.326,142.858,142.921,3641.67
2024-08-05 04:50:00+00:00,142.958,143.229,142.933,143.158,2793.16
2024-08-05 04:55:00+00:00,143.158,143.693,143.136,143.165,4253.91
2024-08-05 05:00:00+00:00,143.165,143.395,142.964,143.213,4167.71
2024-08-05 05:05:00+00:00,143.213,143.367,143.042,143.202,3346.1
2024-08-05 05:10:00+00:00,143.201,143.487,143.167,143.279,4301.44
2024-08-05 05:15:00+00:00,143.284,143.551,143.147,143.222,3421.3
2024-08-05 05:20:00+00:00,143.22,143.221,142.816,143.081,2943.11
2024-08-05 05:25:00+00:00,143.078,143.181,142.818,143.027,3255.51
2024-08-05 05:30:00+00:00,143.024,143.176,142.854,142.868,3271.62
2024-08-05 05:35:00+00:00,142.891,142.996,142.495,142.512,5823.88
2024-08-05 05:40:00+00:00,142.51,142.995,142.496,142.836,5423.6
2024-08-05 05:45:00+00:00,142.836,143.05,142.748,142.888,3909.28
2024-08-05 05:50:00+00:00,142.887,142.901,142.468,142.67,4797.11
2024-08-05 05:55:00+00:00,142.666,142.771,142.41,142.66,4487.08
2024-08-05 06:00:00+00:00,142.649,142.649,141.803,141.994,4937.5
2024-08-05 06:05:00+00:00,142.019,142.185,141.676,142.098,4713.56
2024-08-05 06:10:00+00:00,142.092,142.647,142.074,142.238,3438.54
2024-08-05 06:15:00+00:00,142.235,142.524,142.146,142.382,2413.28
2024-08-05 06:20:00+00:00,142.376,142.379,142.073,142.142,2581.73
2024-08-05 06:25:00+00:00,142.143,142.587,142.077,142.565,2126.73
2024-08-05 06:30:00+00:00,142.568,142.873,142.321,142.384,2103.08
2024-08-05 06:35:00+00:00,142.385,142.834,142.369,142.765,1787.14
2024-08-05 06:40:00+00:00,142.765,143.044,142.665,142.781,2036.21
2024-08-05 06:45:00+00:00,142.775,142.78,142.515,142.658,2076.75
2024-08-05 06:50:00+00:00,142.658,143.103,142.643,142.999,2149.89
2024-08-05 06:55:00+00:00,142.999,143.11,142.748,142.749,2388.18
2024-08-05 07:00:00+00:00,142.751,143.09,142.717,142.966,3090.76
2024-08-05 07:05:00+00:00,142.955,143.06,142.743,142.967,2395.67
2024-08-05 07:10:00+00:00,142.977,143.279,142.959,143.187,2723.47
2024-08-05 07:15:00+00:00,143.186,143.377,143.088,143.301,3049.03
2024-08-05 07:20:00+00:00,143.302,143.394,142.869,143.062,3276.63
2024-08-05 07:25:00+00:00,143.065,143.076,142.822,142.988,2375.54
2024-08-05 07:30:00+00:00,142.988,143.154,142.836,143.117,2867.89
2024-08-05 07:35:00+00:00,143.122,143.214,142.943,143.136,2281.14
2024-08-05 07:40:00+00:00,143.138,143.367,143.102,143.174,2001.33
2024-08-05 07:45:00+00:00,143.172,143.497,143.172,143.473,2212.94
2024-08-05 07:50:00+00:00,143.474,143.986,143.428,143.757,3304.95
2024-08-05 07:55:00+00:00,143.771,143.818,143.438,143.478,1761.94
2024-08-05 08:00:00+00:00,143.474,143.56,143.061,143.163,2229.13
2024-08-05 08:05:00+00:00,143.164,143.236,142.822,142.984,1654.07
2024-08-05 08:10:00+00:00,142.985,143.025,142.687,142.916,1699.05
2024-08-05 08:15:00+00:00,142.912,143.044,142.7,142.806,1274.41
2024-08-05 08:20:00+00:00,142.805,143.009,142.751,142.754,1420.26
2024-08-05 08:25:00+00:00,142.753,142.8,142.494,142.656,1886.93
2024-08-05 08:30:00+00:00,142.653,142.78,142.322,142.36,2016.28
2024-08-05 08:35:00+00:00,142.36,142.52,142.262,142.478,2232.87
2024-08-05 08:40:00+00:00,142.479,142.498,142.244,142.337,2142.59
2024-08-05 08:45:00+00:00,142.338,142.378,142.001,142.045,3523.26
2024-08-05 08:50:00+00:00,142.044,142.476,142.021,142.449,2554.05
2024-08-05 08:55:00+00:00,142.449,142.474,142.28,142.395,2753.67
2024-08-05 09:00:00+00:00,142.399,142.476,142.223,142.464,2709.12
2024-08-05 09:05:00+00:00,142.462,142.574,142.342,142.353,2696.79
2024-08-05 09:10:00+00:00,142.351,142.388,142.088,142.284,3246.14
2024-08-05 09:15:00+00:00,142.286,142.405,142.241,142.294,3171.68
2024-08-05 09:20:00+00:00,142.29,142.29,141.806,141.833,3479.77
2024-08-05 09:25:00+00:00,141.833,142.055,141.741,141.966,3912.27
2024-08-05 09:30:00+00:00,141.969,142.106,141.803,142.009,3289.38
2024-08-05 09:35:00+00:00,142.011,142.105,141.841,141.996,3230.42
2024-08-05 09:40:00+00:00,141.995,142.26,141.894,142.181,3235.19
2024-08-05 09:45:00+00:00,142.182,142.277,142.033,142.044,4573.59
2024-08-05 09:50:00+00:00,142.045,142.209,141.897,142.089,3460.77
2024-08-05 09:55:00+00:00,142.091,142.336,142.059,142.287,3286.12
2024-08-05 10:00:00+00:00,142.29,142.448,142.273,142.307,2101.63
2024-08-05 10:05:00+00:00,142.307,142.309,141.906,142.003,3621.51
2024-08-05 10:10:00+00:00,142.003,142.176,141.998,142.033,3780.59
2024-08-05 10:15:00+00:00,142.028,142.071,141.92,142.002,2832.5
2024-08-05 10:20:00+00:00,142.001,142.2,141.989,142.172,1359.15
2024-08-05 10:25:00+00:00,142.172,142.175,142.061,142.148,2244.17
2024-08-05 10:30:00+00:00,142.154,142.269,142.069,142.164,2430.61
2024-08-05 10:35:00+00:00,142.164,142.279,142.154,142.207,2275.41
2024-08-05 10:40:00+00:00,142.209,142.395,142.184,142.363,1823.79
2024-08-05 10:45:00+00:00,142.364,142.466,142.363,142.386,2296.5
2024-08-05 10:50:00+00:00,142.386,142.386,142.275,142.319,2337.15
2024-08-05 10:55:00+00:00,142.319,142.376,142.153,142.369,2671.92
2024-08-05 11:00:00+00:00,142.37,142.692,142.367,142.692,3115.75
2024-08-05 11:05:00+00:00,142.688,142.962,142.688,142.845,3197.62
2024-08-05 11:10:00+00:00,142.846,142.847,142.557,142.719,3335.22
2024-08-05 11:15:00+00:00,142.718,142.767,142.477,142.642,3606.6
2024-08-05 11:20:00+00:00,142.641,142.856,142.558,142.704,3088.23
2024-08-05 11:25:00+00:00,142.705,142.82,142.659,142.799,2134.88
2024-08-05 11:30:00+00:00,142.801,142.804,142.496,142.587,2691.39
2024-08-05 11:35:00+00:00,142.588,142.68,142.558,142.68,2203.17
2024-08-05 11:40:00+00:00,142.68,142.797,142.484,142.61,2747.1
2024-08-05 11:45:00+00:00,142.608,142.756,142.56,142.709,3230.91
2024-08-05 11:50:00+00:00,142.71,142.899,142.704,142.722,3908.86
2024-08-05 11:55:00+00:00,142.722,142.722,142.242,142.306,4203.75
2024-08-05 12:00:00+00:00,142.304,142.466,142.24,142.297,3572.9
2024-08-05 12:05:00+00:00,142.313,142.335,142.078,142.238,3544.31
2024-08-05 12:10:00+00:00,142.236,142.259,142.136,142.23,3789.12
2024-08-05 12:15:00+00:00,142.227,142.407,142.227,142.347,2269.07
2024-08-05 12:20:00+00:00,142.347,142.348,142.011,142.011,4835.75
2024-08-05 12:25:00+00:00,142.01,142.248,141.968,142.158,4044.18
2024-08-05 12:30:00+00:00,142.161,142.241,141.949,142.035,3331.69
2024-08-05 12:35:00+00:00,142.039,142.196,141.844,141.865,3983.73
2024-08-05 12:40:00+00:00,141.866,142.077,141.831,142.009,3138.22
2024-08-05 12:45:00+00:00,142.008,142.186,141.889,142.179,3787.89
2024-08-05 12:50:00+00:00,142.183,142.326,142.141,142.246,3374.87
2024-08-05 12:55:00+00:00,142.245,142.314,142.066,142.246,4060.62
2024-08-05 13:00:00+00:00,142.25,142.639,142.215,142.543,4031.1
2024-08-05 13:05:00+00:00,142.547,142.67,142.446,142.532,4224.13
2024-08-05 13:10:00+00:00,142.537,142.71,142.456,142.486,3868.17
2024-08-05 13:15:00+00:00,142.486,142.612,142.431,142.494,3221.2
2024-08-05 13:20:00+00:00,142.497,142.526,142.234,142.241,2869.57
2024-08-05 13:25:00+00:00,142.238,142.395,142.168,142.322,3162.02
2024-08-05 13:30:00+00:00,142.324,142.324,142.1,142.29,1927.88
2024-08-05 13:35:00+00:00,142.306,142.78,142.305,142.729,4368.7
2024-08-05 13:40:00+00:00,142.728,142.787,142.526,142.562,3896.92
2024-08-05 13:45:00+00:00,142.562,142.982,142.499,142.715,3237.74
2024-08-05 13:50:00+00:00,142.715,142.778,142.462,142.609,1677.96
2024-08-05 13:55:00+00:00,142.61,142.846,142.59,142.714,1666.8
2024-08-05 14:00:00+00:00,142.726,143.843,142.726,143.73,5053.44
2024-08-05 14:05:00+00:00,143.729,143.729,143.24,143.505,5706.4
2024-08-05 14:10:00+00:00,143.502,143.502,143.121,143.22,5680.49
2024-08-05 14:15:00+00:00,143.221,143.394,143.173,143.268,4494.39
2024-08-05 14:20:00+00:00,143.263,143.307,143.073,143.143,4614.2
2024-08-05 14:25:00+00:00,143.141,143.189,142.951,143.073,4062.43
2024-08-05 14:30:00+00:00,143.073,143.312,143.039,143.2,5122.11
2024-08-05 14:35:00+00:00,143.201,143.47,143.191,143.462,4376.48
2024-08-05 14:40:00+00:00,143.463,143.469,143.082,143.102,4614.81
2024-08-05 14:45:00+00:00,143.103,143.169,142.953,143.014,3618.99
2024-08-05 14:50:00+00:00,143.015,143.021,142.598,142.625,5077.47
2024-08-05 14:55:00+00:00,142.625,142.79,142.54,142.655,4558.03
2024-08-05 15:00:00+00:00,142.656,142.669,142.333,142.501,5891.08
2024-08-05 15:05:00+00:00,142.5,142.91,142.482,142.874,3415.39
2024-08-05 15:10:00+00:00,142.885,143.11,142.857,142.975,3926.76
2024-08-05 15:15:00+00:00,142.97,143.057,142.91,142.933,3107.64
2024-08-05 15:20:00+00:00,142.932,143.296,142.893,143.218,3656.0
2024-08-05 15:25:00+00:00,143.219,143.285,143.052,143.225,3960.46
2024-08-05 15:30:00+00:00,143.218,143.379,143.177,143.305,2490.83
2024-08-05 15:35:00+00:00,143.305,143.679,143.305,143.622,3722.63
2024-08-05 15:40:00+00:00,143.622,143.628,143.349,143.57,3444.25
2024-08-05 15:45:00+00:00,143.573,143.86,143.527,143.75,2940.9
2024-08-05 15:50:00+00:00,143.753,143.945,143.645,143.842,3505.03
2024-08-05 15:55:00+00:00,143.844,143.99,143.844,143.962,3236.13
2024-08-05 16:00:00+00:00,143.961,144.201,143.893,144.183,4103.29
2024-08-05 16:05:00+00:00,144.182,144.441,144.168,144.332,4241.49
2024-08-05 16:10:00+00:00,144.333,144.353,143.908,144.086,4754.11
2024-08-05 16:15:00+00:00,144.083,144.194,143.973,144.159,2643.87
2024-08-05 16:20:00+00:00,144.159,144.647,144.08,144.612,3802.0
2024-08-05 16:25:00+00:00,144.609,144.887,144.538,144.753,3524.23
2024-08-05 16:30:00+00:00,144.752,144.788,144.382,144.386,3311.38
2024-08-05 16:35:00+00:00,144.384,144.427,144.248,144.383,3186.83
2024-08-05 16:40:00+00:00,144.39,144.467,144.24,144.273,2379.57
2024-08-05 16:45:00+00:00,144.274,144.371,144.217,144.31,2771.97
2024-08-05 16:50:00+00:00,144.309,144.622,144.252,144.396,3306.28
2024-08-05 16:55:00+00:00,144.395,144.395,144.123,144.178,4328.72
2024-08-05 17:00:00+00:00,144.181,144.358,144.06,144.347,2861.02
2024-08-05 17:05:00+00:00,144.345,144.347,144.116,144.209,2383.79
2024-08-05 17:10:00+00:00,144.207,144.355,144.131,144.191,7337.66
2024-08-05 17:15:00+00:00,144.19,144.265,144.146,144.248,2170.8
2024-08-05 17:20:00+00:00,144.253,144.486,144.244,144.401,3940.26
2024-08-05 17:25:00+00:00,144.432,144.526,144.336,144.342,3172.14
2024-08-05 17:30:00+00:00,144.343,144.502,144.314,144.502,2893.2
2024-08-05 17:35:00+00:00,144.513,144.516,144.341,144.399,2610.54
2024-08-05 17:40:00+00:00,144.396,144.602,144.27,144.334,3617.81
2024-08-05 17:45:00+00:00,144.337,144.34,144.138,144.164,2607.51
2024-08-05 17:50:00+00:00,144.164,144.164,144.035,144.05,2096.91
2024-08-05 17:55:00+00:00,144.05,144.14,143.901,144.007,3023.46
2024-08-05 18:00:00+00:00,144.008,144.093,143.92,144.083,2174.52
2024-08-05 18:05:00+00:00,144.084,144.159,144.082,144.131,1910.98
2024-08-05 18:10:00+00:00,144.133,144.154,143.908,143.915,2273.15
2024-08-05 18:15:00+00:00,143.915,144.021,143.878,144.012,1397.67
2024-08-05 18:20:00+00:00,144.013,144.082,143.939,143.974,1605.0
2024-08-05 18:25:00+00:00,143.97,144.078,143.935,144.076,2184.3
2024-08-05 18:30:00+00:00,144.076,144.076,143.899,143.928,2163.15
2024-08-05 18:35:00+00:00,143.934,143.947,143.833,143.857,2631.24
2024-08-05 18:40:00+00:00,143.856,143.859,143.642,143.683,1995.72
2024-08-05 18:45:00+00:00,143.683,143.798,143.666,143.701,1783.17
2024-08-05 18:50:00+00:00,143.697,143.818,143.644,143.726,2120.02
2024-08-05 18:55:00+00:00,143.727,143.753,143.388,143.457,2802.89
2024-08-05 19:00:00+00:00,143.451,143.809,143.441,143.776,2292.63
2024-08-05 19:05:00+00:00,143.777,143.789,143.614,143.63,2570.79
2024-08-05 19:10:00+00:00,143.628,143.649,143.48,143.491,2123.52
2024-08-05 19:15:00+00:00,143.49,143.605,143.49,143.577,1708.38
2024-08-05 19:20:00+00:00,143.576,143.785,143.556,143.785,2688.75
2024-08-05 19:25:00+00:00,143.792,143.807,143.715,143.751,1227.12
2024-08-05 19:30:00+00:00,143.75,143.853,143.708,143.762,1317.84
2024-08-05 19:35:00+00:00,143.76,143.773,143.719,143.747,972.45
2024-08-05 19:40:00+00:00,143.749,143.776,143.696,143.759,1491.63
2024-08-05 19:45:00+00:00,143.76,143.762,143.696,143.705,853.92
2024-08-05 19:50:00+00:00,143.705,143.71,143.641,143.655,2126.93
2024-08-05 19:55:00+00:00,143.667,143.796,143.667,143.739,1639.86
2024-08-05 20:00:00+00:00,143.738,143.848,143.701,143.79,1388.41
2024-08-05 20:05:00+00:00,143.79,143.944,143.75,143.901,995.99
2024-08-05 20:10:00+00:00,143.904,143.947,143.889,143.917,575.82
2024-08-05 20:15:00+00:00,143.919,143.923,143.86,143.912,585.21
2024-08-05 20:20:00+00:00,143.914,143.981,143.912,143.938,698.16
2024-08-05 20:25:00+00:00,143.939,144.087,143.937,144.025,748.92
2024-08-05 20:30:00+00:00,144.025,144.081,144.013,144.039,691.35
2024-08-05 20:35:00+00:00,144.037,144.081,144.037,144.054,860.37
2024-08-05 20:40:00+00:00,144.053,144.071,144.047,144.065,224.37
2024-08-05 20:45:00+00:00,144.066,144.189,144.06,144.161,651.27
2024-08-05 20:50:00+00:00,144.161,144.188,144.137,144.176,642.36
2024-08-05 20:55:00+00:00,144.177,144.273,144.137,144.137,1168.23
2024-08-05 21:00:00+00:00,144.129,144.129,144.084,144.11,41.16
2024-08-05 21:05:00+00:00,144.11,144.122,144.057,144.07,31.74
2024-08-05 21:10:00+00:00,144.086,144.169,144.084,144.118,94.26
2024-08-05 21:15:00+00:00,144.119,144.174,144.1,144.109,39.84
2024-08-05 21:20:00+00:00,144.117,144.13,144.098,144.108,32.49
2024-08-05 21:25:00+00:00,144.103,144.17,144.103,144.118,41.46
2024-08-05 21:30:00+00:00,144.119,144.143,144.087,144.116,105.39
2024-08-05 21:35:00+00:00,144.123,144.143,144.094,144.107,125.34
2024-08-05 21:40:00+00:00,144.107,144.108,144.094,144.098,97.62
2024-08-05 21:45:00+00:00,144.106,144.107,144.094,144.099,94.47
2024-08-05 21:50:00+00:00,144.099,144.099,144.018,144.039,139.0
2024-08-05 21:55:00+00:00,144.039,144.042,144.038,144.039,6.3
2024-08-05 22:00:00+00:00,144.036,144.108,143.965,143.987,353.59
2024-08-05 22:05:00+00:00,143.986,143.999,143.794,143.816,723.13
2024-08-05 22:10:00+00:00,143.817,143.836,143.619,143.769,1779.93
2024-08-05 22:15:00+00:00,143.769,143.83,143.726,143.779,1447.44
2024-08-05 22:20:00+00:00,143.781,143.873,143.763,143.869,1296.99
2024-08-05 22:25:00+00:00,143.869,143.95,143.839,143.877,1081.72
2024-08-05 22:30:00+00:00,143.876,143.996,143.843,143.911,1324.08
2024-08-05 22:35:00+00:00,143.91,144.274,143.898,144.274,1602.03
2024-08-05 22:40:00+00:00,144.273,144.314,144.201,144.291,1171.43
2024-08-05 22:45:00+00:00,144.291,144.657,144.269,144.622,1784.66
2024-08-05 22:50:00+00:00,144.62,144.659,144.473,144.573,1421.68
2024-08-05 22:55:00+00:00,144.574,144.863,144.505,144.762,1499.65
2024-08-05 23:00:00+00:00,144.762,145.368,144.758,145.25,5127.19
2024-08-05 23:05:00+00:00,145.25,145.561,145.063,145.145,4284.52
2024-08-05 23:10:00+00:00,145.141,145.326,145.104,145.177,2323.96
2024-08-05 23:15:00+00:00,145.177,145.207,144.828,144.857,2317.62
2024-08-05 23:20:00+00:00,144.855,145.085,144.841,145.068,2348.46
2024-08-05 23:25:00+00:00,145.068,145.288,145.023,145.249,2200.47
2024-08-05 23:30:00+00:00,145.245,145.479,145.097,145.188,2502.42
2024-08-05 23:35:00+00:00,145.182,145.326,145.091,145.304,1677.39
2024-08-05 23:40:00+00:00,145.301,145.38,145.151,145.316,1127.97
2024-08-05 23:45:00+00:00,145.317,145.642,145.226,145.637,2416.47
2024-08-05 23:50:00+00:00,145.637,145.79,145.549,145.553,4206.42
2024-08-05 23:55:00+00:00,145.552,145.826,145.524,145.794,3510.08
2024-08-06 00:00:00+00:00,145.8,146.004,145.775,145.976,5050.8
2024-08-06 00:05:00+00:00,145.976,145.998,145.687,145.934,4471.68
2024-08-06 00:10:00+00:00,145.937,146.365,145.907,146.185,5138.07
2024-08-06 00:15:00+00:00,146.183,146.199,145.916,145.92,3286.45
2024-08-06 00:20:00+00:00,145.923,145.924,145.68,145.707,4102.84
2024-08-06 00:25:00+00:00,145.707,145.872,145.508,145.634,3317.93
2024-08-06 00:30:00+00:00,145.638,145.772,145.483,145.751,3051.2
2024-08-06 00:35:00+00:00,145.756,145.759,145.551,145.552,2784.63
2024-08-06 00:40:00+00:00,145.557,145.557,145.205,145.319,3909.48
2024-08-06 00:45:00+00:00,145.32,145.46,145.225,145.292,2817.36
2024-08-06 00:50:00+00:00,145.292,145.441,144.954,144.954,5009.25
2024-08-06 00:55:00+00:00,144.983,145.135,144.837,145.04,3965.19
2024-08-06 01:00:00+00:00,145.042,145.364,145.026,145.204,3497.0
2024-08-06 01:05:00+00:00,145.208,145.485,145.19,145.26,2249.77
2024-08-06 01:10:00+00:00,145.259,145.262,145.021,145.137,3028.95
2024-08-06 01:15:00+00:00,145.139,145.38,145.068,145.31,3163.57
2024-08-06 01:20:00+00:00,145.306,145.308,145.155,145.281,2107.77
2024-08-06 01:25:00+00:00,145.281,145.457,145.227,145.232,1847.04
2024-08-06 01:30:00+00:00,145.233,145.273,145.098,145.122,2472.57
2024-08-06 01:35:00+00:00,145.123,145.141,144.749,144.805,2888.41
2024-08-06 01:40:00+00:00,144.805,144.808,144.363,144.657,2676.95
2024-08-06 01:45:00+00:00,144.653,144.775,144.517,144.679,1904.04
2024-08-06 01:50:00+00:00,144.675,144.792,144.611,144.774,1042.74
2024-08-06 01:55:00+00:00,144.766,144.818,144.541,144.8,2078.67
2024-08-06 02:00:00+00:00,144.8,144.84,144.568,144.626,3145.35
2024-08-06 02:05:00+00:00,144.629,144.773,144.545,144.629,2423.37
2024-08-06 02:10:00+00:00,144.632,144.653,144.302,144.404,2861.24
2024-08-06 02:15:00+00:00,144.404,144.632,144.38,144.606,2782.66
2024-08-06 02:20:00+00:00,144.607,144.802,144.562,144.8,2057.61
2024-08-06 02:25:00+00:00,144.8,144.967,144.751,144.938,2198.5
2024-08-06 02:30:00+00:00,144.938,144.949,144.744,144.829,2260.33
2024-08-06 02:35:00+00:00,144.837,145.145,144.836,145.129,2055.57
2024-08-06 02:40:00+00:00,145.129,145.245,145.075,145.196,1496.49
2024-08-06 02:45:00+00:00,145.194,145.27,144.991,145.065,1456.84
2024-08-06 02:50:00+00:00,145.063,145.29,145.028,145.282,1831.41
2024-08-06 02:55:00+00:00,145.283,145.352,145.223,145.307,1828.11
2024-08-06 03:00:00+00:00,145.307,145.337,145.146,145.189,1824.87
2024-08-06 03:05:00+00:00,145.197,145.335,145.116,145.254,1994.39
2024-08-06 03:10:00+00:00,145.255,145.347,145.218,145.28,2216.78
2024-08-06 03:15:00+00:00,145.272,145.591,145.267,145.572,2091.36
2024-08-06 03:20:00+00:00,145.572,145.639,145.459,145.529,1772.2
2024-08-06 03:25:00+00:00,145.53,145.637,145.439,145.633,1512.69
2024-08-06 03:30:00+00:00,145.628,145.912,145.619,145.827,2542.65
2024-08-06 03:35:00+00:00,145.825,145.828,145.585,145.637,2473.96
2024-08-06 03:40:00+00:00,145.638,145.722,145.537,145.641,1418.37
2024-08-06 03:45:00+00:00,145.64,145.745,145.616,145.739,1112.02
2024-08-06 03:50:00+00:00,145.737,145.737,145.333,145.38,2273.21
2024-08-06 03:55:00+00:00,145.374,145.438,145.289,145.35,1292.82
2024-08-06 04:00:00+00:00,145.348,145.534,145.346,145.499,1670.01
2024-08-06 04:05:00+00:00,145.5,145.523,145.357,145.438,1603.29
2024-08-06 04:10:00+00:00,145.438,145.639,145.349,145.368,2467.62
2024-08-06 04:15:00+00:00,145.368,145.392,145.17,145.209,2338.26
2024-08-06 04:20:00+00:00,145.21,145.322,145.177,145.23,1624.2
2024-08-06 04:25:00+00:00,145.231,145.241,145.101,145.22,1108.32
2024-08-06 04:30:00+00:00,145.221,145.502,145.213,145.312,1779.16
2024-08-06 04:35:00+00:00,145.311,145.6,145.281,145.41,1208.29
2024-08-06 04:40:00+00:00,145.407,145.421,145.213,145.371,1032.66
2024-08-06 04:45:00+00:00,145.373,145.404,145.268,145.307,1250.4
2024-08-06 04:50:00+00:00,145.307,145.597,145.207,145.454,1328.15
2024-08-06 04:55:00+00:00,145.452,145.54,145.413,145.511,1174.35
2024-08-06 05:00:00+00:00,145.521,145.592,145.346,145.36,1468.8
2024-08-06 05:05:00+00:00,145.36,145.369,145.104,145.164,2550.33
2024-08-06 05:10:00+00:00,145.165,145.295,145.14,145.275,1901.69
2024-08-06 05:15:00+00:00,145.287,145.426,145.215,145.422,2391.69
2024-08-06 05:20:00+00:00,145.423,145.612,145.395,145.55,2219.17
2024-08-06 05:25:00+00:00,145.549,145.729,145.519,145.62,1870.65
2024-08-06 05:30:00+00:00,145.621,145.997,145.617,145.99,2058.03
2024-08-06 05:35:00+00:00,145.997,146.024,145.837,145.879,2058.09
2024-08-06 05:40:00+00:00,145.887,146.14,145.845,146.017,2064.8
2024-08-06 05:45:00+00:00,146.017,146.056,145.768,145.813,2002.88
2024-08-06 05:50:00+00:00,145.811,145.813,145.636,145.668,2283.27
2024-08-06 05:55:00+00:00,145.666,145.883,145.643,145.862,2068.6
2024-08-06 06:00:00+00:00,145.862,146.138,145.783,145.988,2793.21
2024-08-06 06:05:00+00:00,145.992,146.054,145.82,145.824,3328.2
2024-08-06 06:10:00+00:00,145.824,146.031,145.662,145.966,3019.69
2024-08-06 06:15:00+00:00,145.964,146.124,145.914,146.102,2849.76
2024-08-06 06:20:00+00:00,146.119,146.285,145.958,146.032,3970.4
2024-08-06 06:25:00+00:00,146.032,146.038,145.846,145.871,3169.27
2024-08-06 06:30:00+00:00,145.877,145.877,145.706,145.777,2034.28
2024-08-06 06:35:00+00:00,145.778,145.923,145.672,145.756,3216.27
2024-08-06 06:40:00+00:00,145.752,145.805,145.494,145.664,3419.51
2024-08-06 06:45:00+00:00,145.665,145.711,145.503,145.708,3478.67
2024-08-06 06:50:00+00:00,145.707,145.713,145.506,145.563,4963.83
2024-08-06 06:55:00+00:00,145.563,145.643,145.428,145.631,3922.05
2024-08-06 07:00:00+00:00,145.631,145.767,145.481,145.685,5428.71
2024-08-06 07:05:00+00:00,145.684,145.931,145.611,145.882,4414.28
2024-08-06 07:10:00+00:00,145.881,145.924,145.723,145.734,4654.02
2024-08-06 07:15:00+00:00,145.735,145.788,145.614,145.657,3188.7
2024-08-06 07:20:00+00:00,145.66,145.731,145.574,145.642,3490.77
2024-08-06 07:25:00+00:00,145.645,145.847,145.537,145.839,4148.39
2024-08-06 07:30:00+00:00,145.842,145.903,145.753,145.8,4086.54
2024-08-06 07:35:00+00:00,145.798,145.808,145.554,145.61,3892.26
2024-08-06 07:40:00+00:00,145.61,145.628,145.352,145.432,2937.25
2024-08-06 07:45:00+00:00,145.433,145.512,145.33,145.341,2119.61
2024-08-06 07:50:00+00:00,145.343,145.457,145.246,145.265,2040.53
2024-08-06 07:55:00+00:00,145.26,145.31,145.173,145.291,1964.55
2024-08-06 08:00:00+00:00,145.289,145.376,145.205,145.21,2821.42
2024-08-06 08:05:00+00:00,145.21,145.224,144.886,144.953,6033.6
2024-08-06 08:10:00+00:00,144.955,145.009,144.686,144.691,2983.29
2024-08-06 08:15:00+00:00,144.69,144.817,144.545,144.592,3025.0
2024-08-06 08:20:00+00:00,144.59,144.766,144.466,144.75,2468.27
2024-08-06 08:25:00+00:00,144.756,144.926,144.702,144.907,1911.79
2024-08-06 08:30:00+00:00,144.906,145.058,144.868,144.992,1829.06
2024-08-06 08:35:00+00:00,144.987,145.205,144.898,144.917,1974.01
2024-08-06 08:40:00+00:00,144.93,144.942,144.794,144.845,2360.68
2024-08-06 08:45:00+00:00,144.85,145.064,144.767,145.04,2084.42
2024-08-06 08:50:00+00:00,145.039,145.182,145.039,145.05,1676.23
2024-08-06 08:55:00+00:00,145.053,145.074,144.877,144.918,2375.83
2024-08-06 09:00:00+00:00,144.917,144.917,144.57,144.604,2287.64
2024-08-06 09:05:00+00:00,144.605,144.702,144.535,144.65,2004.02
2024-08-06 09:10:00+00:00,144.667,144.758,144.495,144.7,2183.0
2024-08-06 09:15:00+00:00,144.696,144.736,144.623,144.719,1869.79
2024-08-06 09:20:00+00:00,144.72,144.869,144.71,144.792,1513.16
2024-08-06 09:25:00+00:00,144.797,144.883,144.791,144.865,1383.99
2024-08-06 09:30:00+00:00,144.87,144.895,144.641,144.691,1575.19
2024-08-06 09:35:00+00:00,144.692,144.711,144.533,144.624,2119.38
2024-08-06 09:40:00+00:00,144.625,144.856,144.586,144.832,1528.93
2024-08-06 09:45:00+00:00,144.822,144.845,144.738,144.798,1220.8
2024-08-06 09:50:00+00:00,144.798,144.834,144.627,144.65,1767.68
2024-08-06 09:55:00+00:00,144.654,144.823,144.631,144.745,1861.31
2024-08-06 10:00:00+00:00,144.744,144.897,144.697,144.717,2700.06
2024-08-06 10:05:00+00:00,144.716,144.716,144.446,144.45,2463.27
2024-08-06 10:10:00+00:00,144.445,144.661,144.357,144.64,2050.53
2024-08-06 10:15:00+00:00,144.64,144.737,144.549,144.728,1651.51
2024-08-06 10:20:00+00:00,144.732,144.783,144.642,144.777,1983.5
2024-08-06 10:25:00+00:00,144.778,144.879,144.731,144.87,1334.88
2024-08-06 10:30:00+00:00,144.863,145.005,144.851,144.94,2371.59
2024-08-06 10:35:00+00:00,144.94,145.046,144.897,145.029,1783.88
2024-08-06 10:40:00+00:00,145.025,145.118,144.893,144.893,2431.97
2024-08-06 10:45:00+00:00,144.892,144.952,144.79,144.901,2047.86
2024-08-06 10:50:00+00:00,144.905,144.928,144.799,144.92,1711.38
2024-08-06 10:55:00+00:00,144.92,144.984,144.866,144.887,1941.29
2024-08-06 11:00:00+00:00,144.899,145.172,144.899,145.146,2080.08
2024-08-06 11:05:00+00:00,145.147,145.236,145.054,145.131,2142.88
2024-08-06 11:10:00+00:00,145.135,145.173,145.045,145.055,2500.55
2024-08-06 11:15:00+00:00,145.055,145.268,145.035,145.224,2049.86
2024-08-06 11:20:00+00:00,145.225,145.342,145.202,145.257,1761.27
2024-08-06 11:25:00+00:00,145.255,145.401,145.251,145.397,1596.25
2024-08-06 11:30:00+00:00,145.397,145.458,145.304,145.311,2011.33
2024-08-06 11:35:00+00:00,145.311,145.311,145.17,145.198,1943.64
2024-08-06 11:40:00+00:00,145.195,145.195,144.975,145.013,2305.61
2024-08-06 11:45:00+00:00,145.011,145.165,144.948,145.165,2426.7
2024-08-06 11:50:00+00:00,145.172,145.222,145.082,145.11,1639.27
2024-08-06 11:55:00+00:00,145.106,145.202,145.021,145.152,1635.3
2024-08-06 12:00:00+00:00,145.147,145.172,145.074,145.133,1937.67
2024-08-06 12:05:00+00:00,145.126,145.167,144.815,145.012,2305.05
2024-08-06 12:10:00+00:00,145.017,145.197,145.017,145.072,2302.67
2024-08-06 12:15:00+00:00,145.072,145.14,145.002,145.003,1967.51
2024-08-06 12:20:00+00:00,145.001,145.082,144.895,144.93,2496.79
2024-08-06 12:25:00+00:00,144.932,144.984,144.691,144.749,2267.44
2024-08-06 12:30:00+00:00,144.748,144.769,144.489,144.545,2509.84
2024-08-06 12:35:00+00:00,144.549,144.751,144.481,144.67,2819.73
2024-08-06 12:40:00+00:00,144.677,144.703,144.588,144.619,2823.98
2024-08-06 12:45:00+00:00,144.615,144.767,144.491,144.718,2512.5
2024-08-06 12:50:00+00:00,144.713,144.837,144.622,144.638,2500.53
2024-08-06 12:55:00+00:00,144.643,144.672,144.546,144.599,2285.76
2024-08-06 13:00:00+00:00,144.599,144.69,144.407,144.673,3591.1
2024-08-06 13:05:00+00:00,144.673,144.711,144.533,144.621,2913.52
2024-08-06 13:10:00+00:00,144.621,144.634,144.377,144.44,2969.3
2024-08-06 13:15:00+00:00,144.44,144.519,144.382,144.48,2328.63
2024-08-06 13:20:00+00:00,144.483,144.491,144.083,144.151,2729.2
2024-08-06 13:25:00+00:00,144.155,144.3,144.155,144.244,1936.53
2024-08-06 13:30:00+00:00,144.245,144.585,144.205,144.495,3191.37
2024-08-06 13:35:00+00:00,144.495,144.515,144.308,144.383,3183.28
2024-08-06 13:40:00+00:00,144.383,144.425,144.164,144.225,2749.36
2024-08-06 13:45:00+00:00,144.226,144.331,144.045,144.306,2987.17
2024-08-06 13:50:00+00:00,144.308,144.515,144.234,144.447,2958.98
2024-08-06 13:55:00+00:00,144.446,144.517,144.375,144.394,2161.49
2024-08-06 14:00:00+00:00,144.395,144.566,144.27,144.556,2645.18
2024-08-06 14:05:00+00:00,144.557,144.668,144.472,144.548,2179.99
2024-08-06 14:10:00+00:00,144.549,144.651,144.403,144.65,2640.01
2024-08-06 14:15:00+00:00,144.653,144.727,144.591,144.712,2180.34
2024-08-06 14:20:00+00:00,144.714,144.864,144.684,144.765,2312.73
2024-08-06 14:25:00+00:00,144.762,144.799,144.617,144.642,2282.1
2024-08-06 14:30:00+00:00,144.643,144.675,144.5,144.624,2194.09
2024-08-06 14:35:00+00:00,144.625,144.849,144.623,144.775,2775.53
2024-08-06 14:40:00+00:00,144.777,144.945,144.728,144.903,2141.65
2024-08-06 14:45:00+00:00,144.899,144.99,144.803,144.837,2580.3
2024-08-06 14:50:00+00:00,144.835,144.838,144.388,144.396,3075.74
2024-08-06 14:55:00+00:00,144.391,144.528,144.335,144.501,2586.04
2024-08-06 15:00:00+00:00,144.502,144.785,144.502,144.737,2647.14
2024-08-06 15:05:00+00:00,144.736,144.872,144.699,144.79,2010.13
2024-08-06 15:10:00+00:00,144.783,144.801,144.659,144.779,2320.79
2024-08-06 15:15:00+00:00,144.779,144.856,144.598,144.823,2007.92
2024-08-06 15:20:00+00:00,144.825,144.85,144.706,144.749,2166.42
2024-08-06 15:25:00+00:00,144.75,144.776,144.611,144.611,1601.23
2024-08-06 15:30:00+00:00,144.611,144.996,144.601,144.915,3489.47
2024-08-06 15:35:00+00:00,144.915,145.122,144.913,145.009,2716.28
2024-08-06 15:40:00+00:00,145.011,145.057,144.93,145.017,2756.77
2024-08-06 15:45:00+00:00,145.015,145.193,144.953,145.17,2014.42
2024-08-06 15:50:00+00:00,145.177,145.207,144.945,145.007,2171.32
2024-08-06 15:55:00+00:00,145.006,145.125,144.954,145.111,1824.81
2024-08-06 16:00:00+00:00,145.113,145.193,145.017,145.033,1839.88
2024-08-06 16:05:00+00:00,145.036,145.183,145.014,145.09,1915.41
2024-08-06 16:10:00+00:00,145.091,145.256,145.066,145.236,2723.3
2024-08-06 16:15:00+00:00,145.243,145.319,145.218,145.306,1954.18
2024-08-06 16:20:00+00:00,145.305,145.405,145.228,145.265,1692.89
2024-08-06 16:25:00+00:00,145.261,145.267,145.188,145.259,1441.72
2024-08-06 16:30:00+00:00,145.266,145.369,145.227,145.343,1752.48
2024-08-06 16:35:00+00:00,145.344,145.39,145.295,145.306,1809.12
2024-08-06 16:40:00+00:00,145.308,145.356,145.247,145.274,1876.11
2024-08-06 16:45:00+00:00,145.274,145.37,145.175,145.184,1609.07
2024-08-06 16:50:00+00:00,145.186,145.239,145.133,145.203,1296.99
2024-08-06 16:55:00+00:00,145.201,145.417,145.199,145.373,2029.84
2024-08-06 17:00:00+00:00,145.376,145.389,145.212,145.254,1763.79
2024-08-06 17:05:00+00:00,145.253,145.301,145.18,145.292,1623.55
2024-08-06 17:10:00+00:00,145.289,145.289,145.148,145.155,2057.31
2024-08-06 17:15:00+00:00,145.156,145.195,145.085,145.1,2258.64
2024-08-06 17:20:00+00:00,145.098,145.123,145.051,145.098,1670.64
2024-08-06 17:25:00+00:00,145.093,145.194,145.08,145.169,1026.75
2024-08-06 17:30:00+00:00,145.169,145.204,145.077,145.083,1295.98
2024-08-06 17:35:00+00:00,145.084,145.232,145.068,145.175,1542.99
2024-08-06 17:40:00+00:00,145.173,145.252,145.154,145.251,1215.99
2024-08-06 17:45:00+00:00,145.251,145.329,145.232,145.305,935.73
2024-08-06 17:50:00+00:00,145.304,145.352,145.272,145.336,692.67
2024-08-06 17:55:00+00:00,145.336,145.377,145.294,145.338,691.23
2024-08-06 18:00:00+00:00,145.339,145.363,145.273,145.287,1059.35
2024-08-06 18:05:00+00:00,145.288,145.29,145.132,145.203,1594.2
2024-08-06 18:10:00+00:00,145.203,145.208,145.146,145.173,1819.05
2024-08-06 18:15:00+00:00,145.173,145.205,145.145,145.175,1250.49
2024-08-06 18:20:00+00:00,145.174,145.249,145.163,145.211,870.47
2024-08-06 18:25:00+00:00,145.21,145.21,145.157,145.176,1329.81
2024-08-06 18:30:00+00:00,145.184,145.191,145.141,145.17,441.62
2024-08-06 18:35:00+00:00,145.172,145.179,145.113,145.124,590.14
2024-08-06 18:40:00+00:00,145.124,145.163,145.086,145.133,943.41
2024-08-06 18:45:00+00:00,145.134,145.175,145.124,145.151,691.81
2024-08-06 18:50:00+00:00,145.15,145.21,145.146,145.162,864.54
2024-08-06 18:55:00+00:00,145.163,145.167,145.001,145.002,1129.95
2024-08-06 19:00:00+00:00,145.001,145.047,144.948,145.028,796.4
2024-08-06 19:05:00+00:00,145.029,145.068,144.97,145.004,930.39
2024-08-06 19:10:00+00:00,145.006,145.034,144.956,145.011,1028.4
2024-08-06 19:15:00+00:00,145.01,145.017,144.919,144.977,707.37
2024-08-06 19:20:00+00:00,144.977,145.052,144.954,145.034,583.68
2024-08-06 19:25:00+00:00,145.034,145.069,145.019,145.057,924.27
2024-08-06 19:30:00+00:00,145.056,145.056,144.996,145.031,806.11
2024-08-06 19:35:00+00:00,145.031,145.032,144.934,144.94,595.05
2024-08-06 19:40:00+00:00,144.942,144.967,144.896,144.909,710.29
2024-08-06 19:45:00+00:00,144.911,144.93,144.829,144.852,899.65
2024-08-06 19:50:00+00:00,144.851,144.921,144.833,144.879,855.34
2024-08-06 19:55:00+00:00,144.877,144.898,144.729,144.729,1420.41
2024-08-06 20:00:00+00:00,144.734,144.734,144.472,144.631,1624.52
2024-08-06 20:05:00+00:00,144.633,144.816,144.632,144.75,499.17
2024-08-06 20:10:00+00:00,144.753,144.774,144.725,144.757,238.91
2024-08-06 20:15:00+00:00,144.749,144.817,144.707,144.776,376.2
2024-08-06 20:20:00+00:00,144.786,144.82,144.719,144.72,397.26
2024-08-06 20:25:00+00:00,144.722,144.744,144.692,144.701,195.45
2024-08-06 20:30:00+00:00,144.703,144.722,144.651,144.699,749.64
2024-08-06 20:35:00+00:00,144.698,144.777,144.678,144.682,247.68
2024-08-06 20:40:00+00:00,144.684,144.709,144.677,144.678,539.7
2024-08-06 20:45:00+00:00,144.678,144.678,144.354,144.452,1175.97
2024-08-06 20:50:00+00:00,144.454,144.481,144.362,144.404,960.99
2024-08-06 20:55:00+00:00,144.403,144.403,144.149,144.296,915.61
2024-08-06 21:00:00+00:00,144.296,144.296,144.154,144.155,7.2
2024-08-06 21:05:00+00:00,144.153,144.274,144.153,144.237,75.55
2024-08-06 21:10:00+00:00,144.256,144.298,144.237,144.281,36.4
2024-08-06 21:15:00+00:00,144.286,144.369,144.273,144.367,86.85
2024-08-06 21:20:00+00:00,144.383,144.434,144.376,144.379,120.24
2024-08-06 21:25:00+00:00,144.379,144.382,144.378,144.382,25.98
2024-08-06 21:30:00+00:00,144.383,144.392,144.383,144.384,11.83
2024-08-06 21:35:00+00:00,144.383,144.466,144.379,144.466,113.7
2024-08-06 21:40:00+00:00,144.478,144.552,144.459,144.511,341.06
2024-08-06 21:45:00+00:00,144.511,144.612,144.491,144.597,410.1
2024-08-06 21:50:00+00:00,144.598,144.608,144.378,144.398,95.32
2024-08-06 21:55:00+00:00,144.429,144.584,144.429,144.524,19.29
2024-08-06 22:00:00+00:00,144.462,144.658,144.418,144.527,504.12
2024-08-06 22:05:00+00:00,144.527,144.534,144.434,144.471,582.88
2024-08-06 22:10:00+00:00,144.468,144.481,144.332,144.422,682.54
2024-08-06 22:15:00+00:00,144.42,144.734,144.402,144.68,1299.43
2024-08-06 22:20:00+00:00,144.679,144.691,144.545,144.598,1755.94
2024-08-06 22:25:00+00:00,144.598,144.622,144.49,144.567,1193.59
2024-08-06 22:30:00+00:00,144.564,144.648,144.516,144.539,1992.0
2024-08-06 22:35:00+00:00,144.538,144.542,144.486,144.512,1748.2
2024-08-06 22:40:00+00:00,144.513,144.572,144.464,144.481,1103.61
2024-08-06 22:45:00+00:00,144.48,144.48,144.3,144.419,1913.52
2024-08-06 22:50:00+00:00,144.416,144.475,144.376,144.473,2425.52
2024-08-06 22:55:00+00:00,144.472,144.565,144.4,144.553,1405.73
2024-08-06 23:00:00+00:00,144.556,144.652,144.528,144.533,1918.81
2024-08-06 23:05:00+00:00,144.534,144.56,144.504,144.543,1490.2
2024-08-06 23:10:00+00:00,144.542,144.616,144.509,144.596,1543.51
2024-08-06 23:15:00+00:00,144.597,144.63,144.509,144.593,732.56
2024-08-06 23:20:00+00:00,144.592,144.592,144.444,144.537,723.77
2024-08-06 23:25:00+00:00,144.536,144.579,144.49,144.5,813.75
2024-08-06 23:30:00+00:00,144.498,144.554,144.378,144.536,1391.39
2024-08-06 23:35:00+00:00,144.536,144.601,144.494,144.551,1074.15
2024-08-06 23:40:00+00:00,144.559,144.618,144.55,144.552,1448.33
2024-08-06 23:45:00+00:00,144.547,144.578,144.489,144.568,1432.27
2024-08-06 23:50:00+00:00,144.583,144.651,144.545,144.636,1397.09
2024-08-06 23:55:00+00:00,144.633,144.756,144.63,144.738,1769.08
2024-08-07 00:00:00+00:00,144.743,144.771,144.543,144.625,3506.14
2024-08-07 00:05:00+00:00,144.624,145.059,144.624,145.007,3618.52
2024-08-07 00:10:00+00:00,145.005,145.094,144.934,144.965,2857.07
2024-08-07 00:15:00+00:00,144.959,144.986,144.859,144.895,3154.61
2024-08-07 00:20:00+00:00,144.897,144.978,144.875,144.968,3085.15
2024-08-07 00:25:00+00:00,144.967,145.217,144.967,145.189,3282.68
2024-08-07 00:30:00+00:00,145.19,145.229,145.083,145.225,1881.87
2024-08-07 00:35:00+00:00,145.22,145.253,145.104,145.143,1820.38
2024-08-07 00:40:00+00:00,145.143,145.22,145.077,145.118,1924.56
2024-08-07 00:45:00+00:00,145.117,145.127,144.986,145.063,2742.98
2024-08-07 00:50:00+00:00,145.058,145.096,144.731,144.847,3736.03
2024-08-07 00:55:00+00:00,144.846,144.861,144.719,144.729,3021.17
2024-08-07 01:00:00+00:00,144.728,144.767,144.632,144.687,3131.45
2024-08-07 01:05:00+00:00,144.688,144.741,144.561,144.74,2211.4
2024-08-07 01:10:00+00:00,144.739,144.739,144.619,144.72,1520.6
2024-08-07 01:15:00+00:00,144.719,144.9,144.719,144.891,1584.32
2024-08-07 01:20:00+00:00,144.89,144.899,144.809,144.841,1310.91
2024-08-07 01:25:00+00:00,144.847,144.865,144.748,144.765,1671.93
2024-08-07 01:30:00+00:00,144.765,145.467,144.739,145.357,4397.38
2024-08-07 01:35:00+00:00,145.354,145.848,145.318,145.83,4801.94
2024-08-07 01:40:00+00:00,145.831,146.63,145.824,146.485,6076.41
2024-08-07 01:45:00+00:00,146.484,147.488,146.371,146.941,6726.07
2024-08-07 01:50:00+00:00,146.94,147.225,146.748,146.897,4203.84
2024-08-07 01:55:00+00:00,146.892,146.908,146.475,146.729,3955.7
2024-08-07 02:00:00+00:00,146.729,146.821,146.335,146.636,3908.85
2024-08-07 02:05:00+00:00,146.633,146.917,146.627,146.841,2902.17
2024-08-07 02:10:00+00:00,146.842,146.843,146.558,146.714,1968.01
2024-08-07 02:15:00+00:00,146.711,146.762,146.35,146.536,3012.8
2024-08-07 02:20:00+00:00,146.544,146.79,146.43,146.718,2402.46
2024-08-07 02:25:00+00:00,146.716,146.831,146.618,146.715,1929.32
2024-08-07 02:30:00+00:00,146.715,146.717,146.447,146.619,2201.53
2024-08-07 02:35:00+00:00,146.623,146.672,146.455,146.631,2144.52
2024-08-07 02:40:00+00:00,146.631,146.695,146.46,146.503,1914.59
2024-08-07 02:45:00+00:00,146.505,146.649,146.448,146.647,1786.88
2024-08-07 02:50:00+00:00,146.645,146.737,146.547,146.693,1593.25
2024-08-07 02:55:00+00:00,146.694,146.947,146.664,146.843,1868.93
2024-08-07 03:00:00+00:00,146.838,146.92,146.627,146.773,2604.52
2024-08-07 03:05:00+00:00,146.775,146.944,146.757,146.925,1276.11
2024-08-07 03:10:00+00:00,146.922,147.204,146.854,147.056,2696.64
2024-08-07 03:15:00+00:00,147.056,147.132,146.885,146.976,2541.49
2024-08-07 03:20:00+00:00,146.978,147.15,146.949,147.087,2056.56
2024-08-07 03:25:00+00:00,147.087,147.223,147.06,147.068,1115.22
2024-08-07 03:30:00+00:00,147.067,147.072,146.898,147.019,1603.63
2024-08-07 03:35:00+00:00,147.018,147.138,146.968,147.114,1223.2
2024-08-07 03:40:00+00:00,147.116,147.37,147.051,147.289,2255.61
2024-08-07 03:45:00+00:00,147.288,147.318,147.18,147.193,1157.43
2024-08-07 03:50:00+00:00,147.191,147.27,147.086,147.197,1530.6
2024-08-07 03:55:00+00:00,147.196,147.297,147.124,147.131,1638.6
2024-08-07 04:00:00+00:00,147.129,147.379,147.103,147.371,2302.59
2024-08-07 04:05:00+00:00,147.369,147.452,147.311,147.329,1825.29
2024-08-07 04:10:00+00:00,147.328,147.412,147.241,147.408,1376.34
2024-08-07 04:15:00+00:00,147.41,147.429,147.233,147.328,1583.38
2024-08-07 04:20:00+00:00,147.329,147.76,147.329,147.7,1948.3
2024-08-07 04:25:00+00:00,147.701,147.884,147.582,147.774,1710.21
2024-08-07 04:30:00+00:00,147.779,147.897,147.634,147.826,2002.16
2024-08-07 04:35:00+00:00,147.821,147.821,147.614,147.701,1715.39
2024-08-07 04:40:00+00:00,147.72,147.82,147.639,147.718,1228.23
2024-08-07 04:45:00+00:00,147.719,147.723,147.478,147.635,1296.25
2024-08-07 04:50:00+00:00,147.627,147.776,147.543,147.769,1166.33
2024-08-07 04:55:00+00:00,147.768,147.811,147.562,147.613,1373.6
2024-08-07 05:00:00+00:00,147.612,147.684,147.433,147.438,1252.45
2024-08-07 05:05:00+00:00,147.435,147.695,147.434,147.522,1591.87
2024-08-07 05:10:00+00:00,147.524,147.608,147.427,147.46,1417.3
2024-08-07 05:15:00+00:00,147.46,147.58,147.445,147.484,1371.36
2024-08-07 05:20:00+00:00,147.484,147.614,147.377,147.473,1862.84
2024-08-07 05:25:00+00:00,147.477,147.731,147.448,147.639,1418.5
2024-08-07 05:30:00+00:00,147.639,147.814,147.48,147.744,2242.8
2024-08-07 05:35:00+00:00,147.744,147.781,147.492,147.535,2334.74
2024-08-07 05:40:00+00:00,147.535,147.547,147.128,147.193,3140.56
2024-08-07 05:45:00+00:00,147.197,147.255,146.95,147.158,3053.68
2024-08-07 05:50:00+00:00,147.169,147.24,147.045,147.166,2592.48
2024-08-07 05:55:00+00:00,147.166,147.212,146.834,146.975,3138.12
2024-08-07 06:00:00+00:00,146.973,147.053,146.822,146.997,3778.13
2024-08-07 06:05:00+00:00,146.998,147.136,146.705,146.868,4518.0
2024-08-07 06:10:00+00:00,146.871,146.872,146.581,146.748,4568.94
2024-08-07 06:15:00+00:00,146.74,146.891,146.631,146.816,3403.68
2024-08-07 06:20:00+00:00,146.817,146.963,146.755,146.776,2825.01
2024-08-07 06:25:00+00:00,146.776,147.081,146.735,146.941,2995.59
2024-08-07 06:30:00+00:00,146.941,146.95,146.653,146.685,2614.0
2024-08-07 06:35:00+00:00,146.686,146.701,146.434,146.58,3294.29
2024-08-07 06:40:00+00:00,146.581,146.743,146.469,146.601,2808.95
2024-08-07 06:45:00+00:00,146.601,146.816,146.601,146.775,2559.86
2024-08-07 06:50:00+00:00,146.776,146.877,146.625,146.678,2192.26
2024-08-07 06:55:00+00:00,146.677,146.73,146.552,146.575,2901.06
2024-08-07 07:00:00+00:00,146.576,146.764,146.471,146.744,3392.88
2024-08-07 07:05:00+00:00,146.745,146.865,146.724,146.86,2362.22
2024-08-07 07:10:00+00:00,146.861,146.942,146.7,146.811,1954.19
2024-08-07 07:15:00+00:00,146.811,146.875,146.52,146.528,1854.28
2024-08-07 07:20:00+00:00,146.527,146.595,146.2,146.344,2525.05
2024-08-07 07:25:00+00:00,146.344,146.394,146.081,146.217,2831.14
2024-08-07 07:30:00+00:00,146.222,146.4,146.198,146.298,2168.23
2024-08-07 07:35:00+00:00,146.301,146.514,146.297,146.45,2115.42
2024-08-07 07:40:00+00:00,146.454,146.6,146.406,146.431,1903.68
2024-08-07 07:45:00+00:00,146.431,146.657,146.337,146.603,2273.58
2024-08-07 07:50:00+00:00,146.602,146.74,146.575,146.632,2328.26
2024-08-07 07:55:00+00:00,146.633,146.745,146.604,146.687,1921.82
2024-08-07 08:00:00+00:00,146.689,146.823,146.625,146.754,2394.44
2024-08-07 08:05:00+00:00,146.753,146.983,146.745,146.94,2199.33
2024-08-07 08:10:00+00:00,146.941,146.948,146.806,146.942,4010.88
2024-08-07 08:15:00+00:00,146.939,146.94,146.711,146.725,4618.14
2024-08-07 08:20:00+00:00,146.726,146.758,146.642,146.667,3690.64
2024-08-07 08:25:00+00:00,146.667,146.76,146.62,146.749,3644.42
2024-08-07 08:30:00+00:00,146.748,146.899,146.643,146.693,4620.65
2024-08-07 08:35:00+00:00,146.694,146.769,146.629,146.739,3113.66
2024-08-07 08:40:00+00:00,146.738,146.855,146.694,146.853,4200.97
2024-08-07 08:45:00+00:00,146.854,147.086,146.853,147.04,4730.92
2024-08-07 08:50:00+00:00,147.041,147.163,147.026,147.126,4323.35
2024-08-07 08:55:00+00:00,147.127,147.227,147.066,147.199,4513.92
2024-08-07 09:00:00+00:00,147.201,147.215,147.09,147.102,3969.26
2024-08-07 09:05:00+00:00,147.1,147.253,147.092,147.148,4271.07
2024-08-07 09:10:00+00:00,147.145,147.204,147.086,147.197,3440.79
2024-08-07 09:15:00+00:00,147.197,147.331,147.197,147.295,3120.51
2024-08-07 09:20:00+00:00,147.291,147.397,147.286,147.31,3967.9
2024-08-07 09:25:00+00:00,147.311,147.53,147.284,147.475,2231.09
2024-08-07 09:30:00+00:00,147.474,147.505,147.355,147.385,1986.2
2024-08-07 09:35:00+00:00,147.386,147.534,147.342,147.4,3424.16
2024-08-07 09:40:00+00:00,147.4,147.461,147.316,147.349,2736.86
2024-08-07 09:45:00+00:00,147.346,147.383,147.274,147.316,2356.5
2024-08-07 09:50:00+00:00,147.316,147.559,147.312,147.513,2027.6
2024-08-07 09:55:00+00:00,147.514,147.636,147.477,147.574,2207.59
2024-08-07 10:00:00+00:00,147.572,147.608,147.431,147.44,1972.23
2024-08-07 10:05:00+00:00,147.44,147.449,147.307,147.385,2057.58
2024-08-07 10:10:00+00:00,147.386,147.427,147.348,147.41,1877.67
2024-08-07 10:15:00+00:00,147.412,147.423,147.209,147.25,2319.24
2024-08-07 10:20:00+00:00,147.25,147.251,147.139,147.209,2292.15
2024-08-07 10:25:00+00:00,147.209,147.327,147.209,147.325,1889.07
2024-08-07 10:30:00+00:00,147.325,147.344,147.201,147.233,1982.71
2024-08-07 10:35:00+00:00,147.233,147.234,147.079,147.157,2102.32
2024-08-07 10:40:00+00:00,147.156,147.188,147.04,147.066,1929.44
2024-08-07 10:45:00+00:00,147.065,147.135,147.044,147.126,1318.05
2024-08-07 10:50:00+00:00,147.126,147.264,147.126,147.248,1481.88
2024-08-07 10:55:00+00:00,147.249,147.31,147.191,147.193,1502.85
2024-08-07 11:00:00+00:00,147.194,147.326,147.179,147.321,824.7
2024-08-07 11:05:00+00:00,147.324,147.363,147.279,147.329,1149.99
2024-08-07 11:10:00+00:00,147.333,147.465,147.333,147.457,1324.56
2024-08-07 11:15:00+00:00,147.457,147.504,147.423,147.473,824.88
2024-08-07 11:20:00+00:00,147.479,147.484,147.329,147.335,928.52
2024-08-07 11:25:00+00:00,147.335,147.336,147.231,147.245,818.91
2024-08-07 11:30:00+00:00,147.248,147.27,147.093,147.194,1686.66
2024-08-07 11:35:00+00:00,147.192,147.243,147.111,147.113,1106.05
2024-08-07 11:40:00+00:00,147.112,147.186,147.05,147.13,1199.79
2024-08-07 11:45:00+00:00,147.131,147.17,146.983,147.157,1698.48
2024-08-07 11:50:00+00:00,147.157,147.31,147.154,147.219,1645.43
2024-08-07 11:55:00+00:00,147.22,147.253,147.128,147.198,1551.33
2024-08-07 12:00:00+00:00,147.203,147.229,146.94,147.02,1904.52
2024-08-07 12:05:00+00:00,147.019,147.146,146.981,147.043,1499.91
2024-08-07 12:10:00+00:00,147.048,147.096,146.939,147.038,1662.39
2024-08-07 12:15:00+00:00,147.038,147.155,146.977,147.062,2325.64
2024-08-07 12:20:00+00:00,147.063,147.077,146.906,147.009,2729.64
2024-08-07 12:25:00+00:00,147.009,147.082,146.95,147.023,2483.95
2024-08-07 12:30:00+00:00,147.018,147.162,146.996,147.034,1249.24
2024-08-07 12:35:00+00:00,147.033,147.064,146.939,147.017,1685.62
2024-08-07 12:40:00+00:00,147.017,147.033,146.9,147.009,1275.42
2024-08-07 12:45:00+00:00,147.012,147.075,146.941,146.957,1198.29
2024-08-07 12:50:00+00:00,146.955,147.013,146.867,146.9,1849.29
2024-08-07 12:55:00+00:00,146.901,147.042,146.87,146.995,1568.54
2024-08-07 13:00:00+00:00,146.992,147.084,146.936,146.966,2089.07
2024-08-07 13:05:00+00:00,146.966,147.034,146.919,146.991,1283.75
2024-08-07 13:10:00+00:00,146.991,147.116,146.964,147.0,1733.61
2024-08-07 13:15:00+00:00,146.998,147.047,146.941,146.982,1535.9
2024-08-07 13:20:00+00:00,146.983,147.026,146.926,146.966,1444.91
2024-08-07 13:25:00+00:00,146.968,147.153,146.964,147.138,1563.9
2024-08-07 13:30:00+00:00,147.139,147.187,146.975,147.065,1855.96
2024-08-07 13:35:00+00:00,147.068,147.132,147.04,147.092,1882.29
2024-08-07 13:40:00+00:00,147.094,147.176,147.055,147.15,2204.7
2024-08-07 13:45:00+00:00,147.15,147.339,147.117,147.307,2194.17
2024-08-07 13:50:00+00:00,147.304,147.333,147.227,147.272,1454.45
2024-08-07 13:55:00+00:00,147.271,147.303,147.177,147.219,1899.3
2024-08-07 14:00:00+00:00,147.22,147.228,146.972,146.972,2388.68
2024-08-07 14:05:00+00:00,146.969,147.023,146.93,147.012,2482.45
2024-08-07 14:10:00+00:00,147.021,147.05,146.964,146.996,2035.41
2024-08-07 14:15:00+00:00,146.995,146.998,146.762,146.8,2396.19
2024-08-07 14:20:00+00:00,146.8,146.886,146.799,146.832,1896.85
2024-08-07 14:25:00+00:00,146.833,146.833,146.655,146.679,1848.77
2024-08-07 14:30:00+00:00,146.678,146.792,146.648,146.704,1685.82
2024-08-07 14:35:00+00:00,146.707,146.753,146.651,146.696,1539.73
2024-08-07 14:40:00+00:00,146.696,146.963,146.691,146.913,2279.58
2024-08-07 14:45:00+00:00,146.915,146.934,146.874,146.923,1505.87
2024-08-07 14:50:00+00:00,146.92,147.219,146.92,147.197,2108.74
2024-08-07 14:55:00+00:00,147.197,147.395,147.172,147.271,3105.47
2024-08-07 15:00:00+00:00,147.27,147.594,147.254,147.507,2247.16
2024-08-07 15:05:00+00:00,147.506,147.669,147.506,147.55,1681.89
2024-08-07 15:10:00+00:00,147.552,147.562,147.438,147.544,1528.98
2024-08-07 15:15:00+00:00,147.538,147.579,147.385,147.406,1743.86
2024-08-07 15:20:00+00:00,147.405,147.445,147.348,147.365,1198.36
2024-08-07 15:25:00+00:00,147.366,147.52,147.331,147.454,1097.7
2024-08-07 15:30:00+00:00,147.456,147.517,147.404,147.507,1088.06
2024-08-07 15:35:00+00:00,147.508,147.686,147.508,147.627,1462.15
2024-08-07 15:40:00+00:00,147.629,147.659,147.49,147.493,1285.62
2024-08-07 15:45:00+00:00,147.487,147.487,147.316,147.335,1315.71
2024-08-07 15:50:00+00:00,147.336,147.421,147.305,147.33,1080.09
2024-08-07 15:55:00+00:00,147.33,147.438,147.301,147.416,836.58
2024-08-07 16:00:00+00:00,147.42,147.464,147.239,147.267,1645.73
2024-08-07 16:05:00+00:00,147.267,147.373,147.25,147.317,1558.97
2024-08-07 16:10:00+00:00,147.318,147.43,147.266,147.388,1558.22
2024-08-07 16:15:00+00:00,147.387,147.438,147.34,147.34,1749.57
2024-08-07 16:20:00+00:00,147.34,147.496,147.313,147.386,1195.03
2024-08-07 16:25:00+00:00,147.389,147.431,147.348,147.388,788.71
2024-08-07 16:30:00+00:00,147.389,147.481,147.287,147.353,1146.85
2024-08-07 16:35:00+00:00,147.352,147.401,147.333,147.358,946.5
2024-08-07 16:40:00+00:00,147.356,147.361,147.245,147.264,907.8
2024-08-07 16:45:00+00:00,147.265,147.302,147.17,147.189,996.04
2024-08-07 16:50:00+00:00,147.182,147.182,147.079,147.093,1282.02
2024-08-07 16:55:00+00:00,147.093,147.251,147.067,147.175,1210.68
2024-08-07 17:00:00+00:00,147.177,147.403,147.16,147.214,1666.31
2024-08-07 17:05:00+00:00,147.215,147.272,147.183,147.207,1488.51
2024-08-07 17:10:00+00:00,147.206,147.266,147.055,147.097,1681.75
2024-08-07 17:15:00+00:00,147.093,147.182,147.011,147.011,1497.9
2024-08-07 17:20:00+00:00,147.013,147.23,147.009,147.226,1550.28
2024-08-07 17:25:00+00:00,147.225,147.311,147.179,147.193,1214.52
2024-08-07 17:30:00+00:00,147.192,147.248,147.177,147.248,1110.62
2024-08-07 17:35:00+00:00,147.25,147.354,147.233,147.318,1287.27
2024-08-07 17:40:00+00:00,147.318,147.343,147.225,147.236,926.98
2024-08-07 17:45:00+00:00,147.236,147.259,147.079,147.083,1200.21
2024-08-07 17:50:00+00:00,147.087,147.089,146.967,147.066,1552.86
2024-08-07 17:55:00+00:00,147.065,147.068,146.961,147.034,1345.5
2024-08-07 18:00:00+00:00,147.032,147.032,146.882,146.903,1299.6
2024-08-07 18:05:00+00:00,146.903,146.948,146.847,146.853,1074.74
2024-08-07 18:10:00+00:00,146.853,146.866,146.76,146.775,1490.02
2024-08-07 18:15:00+00:00,146.776,146.874,146.701,146.755,1687.88
2024-08-07 18:20:00+00:00,146.755,146.86,146.68,146.816,1752.25
2024-08-07 18:25:00+00:00,146.817,146.96,146.817,146.957,1474.41
2024-08-07 18:30:00+00:00,146.956,146.992,146.927,146.965,2099.88
2024-08-07 18:35:00+00:00,146.966,147.023,146.931,146.952,1240.53
2024-08-07 18:40:00+00:00,146.954,147.044,146.926,146.975,953.65
2024-08-07 18:45:00+00:00,146.973,147.012,146.843,146.932,1406.3
2024-08-07 18:50:00+00:00,146.933,146.975,146.89,146.906,1417.68
2024-08-07 18:55:00+00:00,146.905,147.003,146.835,146.841,1484.58
2024-08-07 19:00:00+00:00,146.84,147.107,146.83,147.09,1671.0
2024-08-07 19:05:00+00:00,147.091,147.185,147.064,147.079,1964.09
2024-08-07 19:10:00+00:00,147.078,147.097,146.898,146.911,1823.37
2024-08-07 19:15:00+00:00,146.911,146.952,146.886,146.94,1504.35
2024-08-07 19:20:00+00:00,146.94,146.972,146.833,146.863,1567.29
2024-08-07 19:25:00+00:00,146.862,146.882,146.821,146.874,1480.74
2024-08-07 19:30:00+00:00,146.874,146.886,146.785,146.809,1314.01
2024-08-07 19:35:00+00:00,146.81,146.943,146.807,146.862,1611.58
2024-08-07 19:40:00+00:00,146.863,146.909,146.837,146.88,1100.55
2024-08-07 19:45:00+00:00,146.876,146.963,146.844,146.903,1502.13
2024-08-07 19:50:00+00:00,146.915,146.948,146.815,146.87,1378.4
2024-08-07 19:55:00+00:00,146.868,146.9,146.812,146.847,1135.26
2024-08-07 20:00:00+00:00,146.847,146.904,146.821,146.855,742.92
2024-08-07 20:05:00+00:00,146.852,146.9,146.846,146.898,508.1
2024-08-07 20:10:00+00:00,146.9,146.906,146.854,146.854,293.25
2024-08-07 20:15:00+00:00,146.852,146.855,146.792,146.849,448.26
2024-08-07 20:20:00+00:00,146.851,146.885,146.797,146.818,326.05
2024-08-07 20:25:00+00:00,146.817,146.824,146.789,146.798,545.88
2024-08-07 20:30:00+00:00,146.799,146.799,146.737,146.757,645.24
2024-08-07 20:35:00+00:00,146.757,146.817,146.757,146.794,709.47
2024-08-07 20:40:00+00:00,146.795,146.85,146.793,146.822,384.69
2024-08-07 20:45:00+00:00,146.82,146.822,146.785,146.803,552.6
2024-08-07 20:50:00+00:00,146.805,146.814,146.758,146.764,340.36
2024-08-07 20:55:00+00:00,146.763,146.763,146.656,146.656,529.17
2024-08-07 21:00:00+00:00,146.653,146.659,146.619,146.63,37.44
2024-08-07 21:05:00+00:00,146.631,146.728,146.629,146.728,41.88
2024-08-07 21:10:00+00:00,146.724,146.747,146.645,146.651,61.8
2024-08-07 21:15:00+00:00,146.651,146.665,146.647,146.654,62.7
2024-08-07 21:20:00+00:00,146.653,146.653,146.645,146.648,119.7
2024-08-07 21:25:00+00:00,146.648,146.678,146.645,146.664,89.85
2024-08-07 21:30:00+00:00,146.664,146.704,146.644,146.644,188.25
2024-08-07 21:35:00+00:00,146.654,146.677,146.654,146.663,153.0
2024-08-07 21:40:00+00:00,146.663,146.695,146.653,146.684,394.29
2024-08-07 21:45:00+00:00,146.697,146.723,146.679,146.721,198.0
2024-08-07 21:50:00+00:00,146.723,146.731,146.697,146.725,260.4
2024-08-07 21:55:00+00:00,146.724,146.731,146.692,146.693,121.65
2024-08-07 22:00:00+00:00,146.695,146.78,146.653,146.778,576.28
2024-08-07 22:05:00+00:00,146.776,146.778,146.458,146.493,705.51
2024-08-07 22:10:00+00:00,146.495,146.53,146.353,146.416,1439.19
2024-08-07 22:15:00+00:00,146.416,146.582,146.403,146.58,1529.79
2024-08-07 22:20:00+00:00,146.582,146.582,146.487,146.49,1957.41
2024-08-07 22:25:00+00:00,146.492,146.556,146.481,146.498,1126.8
2024-08-07 22:30:00+00:00,146.498,146.554,146.425,146.526,1075.83
2024-08-07 22:35:00+00:00,146.532,146.577,146.504,146.567,637.05
2024-08-07 22:40:00+00:00,146.567,146.575,146.481,146.535,710.52
2024-08-07 22:45:00+00:00,146.537,146.582,146.505,146.543,663.57
2024-08-07 22:50:00+00:00,146.543,146.545,146.508,146.536,415.29
2024-08-07 22:55:00+00:00,146.536,146.565,146.516,146.524,334.8
2024-08-07 23:00:00+00:00,146.523,146.535,146.502,146.512,1052.86
2024-08-07 23:05:00+00:00,146.512,146.514,146.359,146.406,2184.03
2024-08-07 23:10:00+00:00,146.401,146.405,146.281,146.293,1564.44
2024-08-07 23:15:00+00:00,146.295,146.33,146.246,146.297,1206.71
2024-08-07 23:20:00+00:00,146.298,146.299,146.153,146.173,2159.67
2024-08-07 23:25:00+00:00,146.172,146.179,145.999,146.042,3829.03
2024-08-07 23:30:00+00:00,146.042,146.087,145.716,145.855,5166.8
2024-08-07 23:35:00+00:00,145.86,145.963,145.718,145.726,3042.96
2024-08-07 23:40:00+00:00,145.73,145.853,145.564,145.81,3232.61
2024-08-07 23:45:00+00:00,145.81,145.961,145.803,145.835,4171.63
2024-08-07 23:50:00+00:00,145.836,146.068,145.702,145.92,3511.54
2024-08-07 23:55:00+00:00,145.917,146.329,145.913,146.283,4837.01
2024-08-08 00:00:00+00:00,146.297,146.539,146.134,146.362,4308.4
2024-08-08 00:05:00+00:00,146.363,146.377,146.12,146.202,2958.16
2024-08-08 00:10:00+00:00,146.2,146.253,145.954,146.013,3157.68
2024-08-08 00:15:00+00:00,146.013,146.211,146.005,146.208,3635.88
2024-08-08 00:20:00+00:00,146.209,146.233,145.91,145.981,3842.7
2024-08-08 00:25:00+00:00,145.983,146.015,145.797,145.821,2785.08
2024-08-08 00:30:00+00:00,145.821,145.991,145.747,145.855,3666.51
2024-08-08 00:35:00+00:00,145.853,145.93,145.617,145.646,3336.79
2024-08-08 00:40:00+00:00,145.645,145.864,145.619,145.757,3922.91
2024-08-08 00:45:00+00:00,145.757,145.757,145.426,145.627,5366.17
2024-08-08 00:50:00+00:00,145.639,146.083,145.639,146.063,4946.43
2024-08-08 00:55:00+00:00,146.074,146.159,145.928,146.0,6850.94
2024-08-08 01:00:00+00:00,146.003,146.306,145.953,146.27,3706.86
2024-08-08 01:05:00+00:00,146.269,146.313,146.135,146.135,4173.5
2024-08-08 01:10:00+00:00,146.135,146.225,146.075,146.176,2928.07
2024-08-08 01:15:00+00:00,146.186,146.619,146.186,146.382,3591.33
2024-08-08 01:20:00+00:00,146.382,146.452,146.15,146.24,3538.71
2024-08-08 01:25:00+00:00,146.241,146.46,146.193,146.362,2152.92
2024-08-08 01:30:00+00:00,146.363,146.586,146.317,146.45,3230.98
2024-08-08 01:35:00+00:00,146.451,146.504,146.343,146.425,3289.83
2024-08-08 01:40:00+00:00,146.424,146.512,146.255,146.37,3934.42
2024-08-08 01:45:00+00:00,146.371,146.372,146.244,146.3,3660.65
2024-08-08 01:50:00+00:00,146.299,146.364,146.187,146.322,3242.67
2024-08-08 01:55:00+00:00,146.316,146.388,146.249,146.373,3591.0
2024-08-08 02:00:00+00:00,146.372,146.512,146.349,146.388,3550.37
2024-08-08 02:05:00+00:00,146.389,146.545,146.381,146.476,3334.28
2024-08-08 02:10:00+00:00,146.474,146.654,146.399,146.627,2303.43
2024-08-08 02:15:00+00:00,146.63,146.752,146.594,146.694,2588.56
2024-08-08 02:20:00+00:00,146.695,146.779,146.677,146.747,2300.52
2024-08-08 02:25:00+00:00,146.747,146.871,146.641,146.641,2798.07
2024-08-08 02:30:00+00:00,146.64,146.704,146.473,146.487,3398.43
2024-08-08 02:35:00+00:00,146.487,146.544,146.431,146.457,2538.7
2024-08-08 02:40:00+00:00,146.454,146.567,146.418,146.456,3295.29
2024-08-08 02:45:00+00:00,146.455,146.587,146.451,146.584,2318.2
2024-08-08 02:50:00+00:00,146.586,146.623,146.539,146.545,1327.8
2024-08-08 02:55:00+00:00,146.545,146.669,146.541,146.591,1843.39
2024-08-08 03:00:00+00:00,146.592,146.614,146.484,146.497,3308.1
2024-08-08 03:05:00+00:00,146.497,146.52,146.343,146.403,3237.11
2024-08-08 03:10:00+00:00,146.404,146.434,146.358,146.433,3477.53
2024-08-08 03:15:00+00:00,146.433,146.527,146.37,146.473,2344.69
2024-08-08 03:20:00+00:00,146.474,146.631,146.46,146.53,2288.22
2024-08-08 03:25:00+00:00,146.529,146.593,146.501,146.52,1796.22
2024-08-08 03:30:00+00:00,146.52,146.608,146.496,146.506,2351.85
2024-08-08 03:35:00+00:00,146.508,146.559,146.455,146.481,2090.22
2024-08-08 03:40:00+00:00,146.481,146.569,146.461,146.569,1944.18
2024-08-08 03:45:00+00:00,146.576,146.684,146.567,146.647,3170.07
2024-08-08 03:50:00+00:00,146.646,146.718,146.597,146.616,2443.55
2024-08-08 03:55:00+00:00,146.619,146.621,146.304,146.376,3165.94
2024-08-08 04:00:00+00:00,146.384,146.388,146.048,146.087,3378.92
2024-08-08 04:05:00+00:00,146.088,146.258,146.037,146.219,2787.39
2024-08-08 04:10:00+00:00,146.219,146.287,146.133,146.136,2698.05
2024-08-08 04:15:00+00:00,146.142,146.376,146.085,146.308,2833.26
2024-08-08 04:20:00+00:00,146.308,146.336,146.275,146.3,2185.2
2024-08-08 04:25:00+00:00,146.3,146.361,146.198,146.245,3034.81
2024-08-08 04:30:00+00:00,146.246,146.265,146.144,146.191,2795.66
2024-08-08 04:35:00+00:00,146.192,146.196,145.952,145.979,4360.19
2024-08-08 04:40:00+00:00,145.988,146.088,145.961,146.04,2481.3
2024-08-08 04:45:00+00:00,146.041,146.082,145.906,145.947,3205.78
2024-08-08 04:50:00+00:00,145.948,146.036,145.948,146.034,1714.44
2024-08-08 04:55:00+00:00,146.033,146.138,146.029,146.131,2442.36
2024-08-08 05:00:00+00:00,146.131,146.217,146.037,146.196,2394.99
2024-08-08 05:05:00+00:00,146.195,146.242,146.127,146.186,3860.14
2024-08-08 05:10:00+00:00,146.185,146.288,146.181,146.219,3053.85
2024-08-08 05:15:00+00:00,146.223,146.237,146.115,146.223,4238.2
2024-08-08 05:20:00+00:00,146.222,146.236,146.149,146.22,2522.79
2024-08-08 05:25:00+00:00,146.221,146.322,146.129,146.184,2700.11
2024-08-08 05:30:00+00:00,146.184,146.4,146.183,146.299,5004.04
2024-08-08 05:35:00+00:00,146.3,146.326,146.058,146.064,3456.94
2024-08-08 05:40:00+00:00,146.064,146.142,145.99,146.025,4598.64
2024-08-08 05:45:00+00:00,146.028,146.133,146.028,146.074,3093.69
2024-08-08 05:50:00+00:00,146.08,146.111,145.958,145.973,3788.25
2024-08-08 05:55:00+00:00,145.968,146.089,145.938,145.971,3607.03
2024-08-08 06:00:00+00:00,145.967,146.079,145.877,146.075,5274.46
2024-08-08 06:05:00+00:00,146.074,146.211,146.059,146.182,5867.58
2024-08-08 06:10:00+00:00,146.18,146.24,146.056,146.077,4432.03
2024-08-08 06:15:00+00:00,146.078,146.238,146.075,146.234,3764.67
2024-08-08 06:20:00+00:00,146.239,146.322,146.227,146.261,3817.17
2024-08-08 06:25:00+00:00,146.261,146.34,146.202,146.312,3924.44
2024-08-08 06:30:00+00:00,146.316,146.342,146.24,146.257,4445.28
2024-08-08 06:35:00+00:00,146.261,146.292,146.13,146.167,5231.28
2024-08-08 06:40:00+00:00,146.166,146.166,146.056,146.101,2977.95
2024-08-08 06:45:00+00:00,146.096,146.23,146.068,146.18,4089.67
2024-08-08 06:50:00+00:00,146.181,146.213,146.111,146.141,5035.05
2024-08-08 06:55:00+00:00,146.143,146.271,146.132,146.197,2763.15
2024-08-08 07:00:00+00:00,146.198,146.223,145.891,145.895,5976.67
2024-08-08 07:05:00+00:00,145.895,146.048,145.811,146.042,3750.18
2024-08-08 07:10:00+00:00,146.039,146.095,145.975,145.997,2644.61
2024-08-08 07:15:00+00:00,145.997,146.071,145.956,146.038,3083.73
2024-08-08 07:20:00+00:00,146.039,146.085,145.942,145.967,2475.66
2024-08-08 07:25:00+00:00,145.967,145.992,145.88,145.883,4747.27
2024-08-08 07:30:00+00:00,145.881,145.912,145.718,145.753,4731.6
2024-08-08 07:35:00+00:00,145.756,145.863,145.628,145.766,4655.86
2024-08-08 07:40:00+00:00,145.766,145.87,145.627,145.653,3821.09
2024-08-08 07:45:00+00:00,145.654,145.777,145.628,145.715,4165.09
2024-08-08 07:50:00+00:00,145.714,145.827,145.703,145.77,3464.11
2024-08-08 07:55:00+00:00,145.775,145.892,145.775,145.868,3959.56
2024-08-08 08:00:00+00:00,145.873,145.928,145.837,145.856,4047.54
2024-08-08 08:05:00+00:00,145.855,145.855,145.766,145.772,2892.63
2024-08-08 08:10:00+00:00,145.768,145.929,145.754,145.927,1642.47
2024-08-08 08:15:00+00:00,145.927,145.969,145.877,145.917,3405.96
2024-08-08 08:20:00+00:00,145.916,145.953,145.85,145.85,2944.95
2024-08-08 08:25:00+00:00,145.852,145.974,145.81,145.816,3002.31
2024-08-08 08:30:00+00:00,145.815,145.953,145.772,145.939,3583.59
2024-08-08 08:35:00+00:00,145.939,146.092,145.931,146.081,4720.22
2024-08-08 08:40:00+00:00,146.082,146.164,146.056,146.094,4436.21
2024-08-08 08:45:00+00:00,146.102,146.154,146.071,146.128,3643.65
2024-08-08 08:50:00+00:00,146.129,146.275,146.1,146.152,3216.93
2024-08-08 08:55:00+00:00,146.153,146.201,146.107,146.192,3226.26
2024-08-08 09:00:00+00:00,146.192,146.237,146.143,146.204,2226.87
2024-08-08 09:05:00+00:00,146.211,146.212,146.148,146.151,2823.45
2024-08-08 09:10:00+00:00,146.15,146.213,146.088,146.213,2276.1
2024-08-08 09:15:00+00:00,146.215,146.239,146.165,146.211,2639.77
2024-08-08 09:20:00+00:00,146.209,146.259,146.149,146.178,3771.95
2024-08-08 09:25:00+00:00,146.181,146.297,146.151,146.297,3100.65
2024-08-08 09:30:00+00:00,146.302,146.486,146.298,146.393,4285.55
2024-08-08 09:35:00+00:00,146.394,146.399,146.255,146.293,3341.49
2024-08-08 09:40:00+00:00,146.292,146.294,146.133,146.138,3245.35
2024-08-08 09:45:00+00:00,146.139,146.205,146.028,146.029,3287.55
2024-08-08 09:50:00+00:00,146.029,146.15,146.016,146.14,2697.12
2024-08-08 09:55:00+00:00,146.145,146.167,146.113,146.124,2181.6
2024-08-08 10:00:00+00:00,146.122,146.186,146.039,146.04,3301.47
2024-08-08 10:05:00+00:00,146.039,146.1,146.016,146.094,2602.83
2024-08-08 10:10:00+00:00,146.093,146.228,146.093,146.223,4034.43
2024-08-08 10:15:00+00:00,146.223,146.231,146.126,146.149,3101.85
2024-08-08 10:20:00+00:00,146.148,146.219,146.126,146.193,3523.35
2024-08-08 10:25:00+00:00,146.19,146.259,146.178,146.208,2444.16
2024-08-08 10:30:00+00:00,146.208,146.26,146.181,146.229,2789.58
2024-08-08 10:35:00+00:00,146.228,146.265,146.176,146.237,2702.61
2024-08-08 10:40:00+00:00,146.238,146.278,146.205,146.222,1364.27
2024-08-08 10:45:00+00:00,146.224,146.299,146.186,146.224,3697.43
2024-08-08 10:50:00+00:00,146.222,146.237,146.053,146.06,2529.03
2024-08-08 10:55:00+00:00,146.06,146.119,146.026,146.105,3233.73
2024-08-08 11:00:00+00:00,146.104,146.104,145.941,146.004,3856.83
2024-08-08 11:05:00+00:00,146.006,146.083,145.995,146.054,3130.11
2024-08-08 11:10:00+00:00,146.055,146.132,146.031,146.12,3400.02
2024-08-08 11:15:00+00:00,146.124,146.155,146.018,146.036,3661.23
2024-08-08 11:20:00+00:00,146.038,146.07,145.992,146.036,2836.83
2024-08-08 11:25:00+00:00,146.035,146.12,146.007,146.055,2541.09
2024-08-08 11:30:00+00:00,146.053,146.112,145.976,146.11,2527.14
2024-08-08 11:35:00+00:00,146.111,146.251,146.067,146.191,3990.51
2024-08-08 11:40:00+00:00,146.186,146.21,146.099,146.187,2613.0
2024-08-08 11:45:00+00:00,146.187,146.266,146.128,146.234,4212.51
2024-08-08 11:50:00+00:00,146.234,146.301,146.193,146.219,3506.7
2024-08-08 11:55:00+00:00,146.218,146.237,146.145,146.161,2607.15
2024-08-08 12:00:00+00:00,146.159,146.28,146.156,146.206,3647.76
2024-08-08 12:05:00+00:00,146.204,146.256,146.123,146.144,3137.37
2024-08-08 12:10:00+00:00,146.147,146.15,146.01,146.021,3634.15
2024-08-08 12:15:00+00:00,146.022,146.119,146.005,146.075,3618.54
2024-08-08 12:20:00+00:00,146.075,146.087,145.952,145.968,3430.1
2024-08-08 12:25:00+00:00,145.969,146.103,145.947,146.063,3677.34
2024-08-08 12:30:00+00:00,146.064,147.024,146.063,146.91,8712.75
2024-08-08 12:35:00+00:00,146.909,146.972,146.732,146.972,6142.6
2024-08-08 12:40:00+00:00,146.972,147.226,146.943,147.007,6187.14
2024-08-08 12:45:00+00:00,147.006,147.139,146.913,147.104,5154.24
2024-08-08 12:50:00+00:00,147.103,147.292,147.007,147.179,5687.02
2024-08-08 12:55:00+00:00,147.179,147.208,147.063,147.064,4470.69
2024-08-08 13:00:00+00:00,147.06,147.084,146.945,146.974,4767.25
2024-08-08 13:05:00+00:00,146.977,147.12,146.918,147.107,3727.21
2024-08-08 13:10:00+00:00,147.106,147.214,147.106,147.201,2815.89
2024-08-08 13:15:00+00:00,147.2,147.37,147.161,147.324,5288.08
2024-08-08 13:20:00+00:00,147.325,147.347,147.209,147.338,4106.52
2024-08-08 13:25:00+00:00,147.338,147.355,147.224,147.31,3476.22
2024-08-08 13:30:00+00:00,147.313,147.433,147.209,147.357,6043.7
2024-08-08 13:35:00+00:00,147.356,147.441,147.259,147.378,5400.81
2024-08-08 13:40:00+00:00,147.378,147.542,147.358,147.358,5350.04
2024-08-08 13:45:00+00:00,147.358,147.421,147.211,147.213,5193.8
2024-08-08 13:50:00+00:00,147.213,147.295,147.155,147.185,5988.86
2024-08-08 13:55:00+00:00,147.185,147.216,147.092,147.125,5450.97
2024-08-08 14:00:00+00:00,147.126,147.24,146.988,146.995,4914.23
2024-08-08 14:05:00+00:00,146.994,147.082,146.95,147.025,4360.01
2024-08-08 14:10:00+00:00,147.024,147.055,146.933,147.01,4686.23
2024-08-08 14:15:00+00:00,147.01,147.103,146.979,147.096,3463.93
2024-08-08 14:20:00+00:00,147.1,147.177,147.045,147.133,3651.39
2024-08-08 14:25:00+00:00,147.136,147.251,147.113,147.246,3746.43
2024-08-08 14:30:00+00:00,147.243,147.314,147.228,147.293,3748.35
2024-08-08 14:35:00+00:00,147.293,147.428,147.293,147.404,3650.94
2024-08-08 14:40:00+00:00,147.404,147.422,147.238,147.238,3625.69
2024-08-08 14:45:00+00:00,147.239,147.336,147.209,147.231,3782.11
2024-08-08 14:50:00+00:00,147.231,147.334,147.202,147.237,3852.08
2024-08-08 14:55:00+00:00,147.24,147.294,147.152,147.29,3708.15
2024-08-08 15:00:00+00:00,147.29,147.3,147.112,147.14,4034.05
2024-08-08 15:05:00+00:00,147.138,147.204,147.134,147.195,3151.74
2024-08-08 15:10:00+00:00,147.195,147.195,147.061,147.063,2397.15
2024-08-08 15:15:00+00:00,147.063,147.152,147.063,147.124,3288.09
2024-08-08 15:20:00+00:00,147.124,147.214,147.107,147.192,2209.89
2024-08-08 15:25:00+00:00,147.193,147.276,147.153,147.244,1939.98
2024-08-08 15:30:00+00:00,147.245,147.257,147.148,147.186,2927.49
2024-08-08 15:35:00+00:00,147.185,147.186,147.092,147.156,2671.02
2024-08-08 15:40:00+00:00,147.155,147.156,147.055,147.11,2379.33
2024-08-08 15:45:00+00:00,147.109,147.118,147.015,147.031,2109.84
2024-08-08 15:50:00+00:00,147.028,147.124,147.028,147.118,1797.69
2024-08-08 15:55:00+00:00,147.12,147.136,147.061,147.091,1251.99
2024-08-08 16:00:00+00:00,147.091,147.139,147.073,147.136,1454.03
2024-08-08 16:05:00+00:00,147.135,147.194,147.092,147.103,1746.81
2024-08-08 16:10:00+00:00,147.102,147.155,147.075,147.142,1471.95
2024-08-08 16:15:00+00:00,147.143,147.219,147.129,147.217,1070.82
2024-08-08 16:20:00+00:00,147.218,147.238,147.205,147.212,1539.81
2024-08-08 16:25:00+00:00,147.217,147.243,147.194,147.237,2962.7
2024-08-08 16:30:00+00:00,147.237,147.24,147.135,147.152,752.64
2024-08-08 16:35:00+00:00,147.152,147.175,147.105,147.146,1336.71
2024-08-08 16:40:00+00:00,147.147,147.196,147.147,147.164,1318.86
2024-08-08 16:45:00+00:00,147.163,147.214,147.155,147.19,1486.23
2024-08-08 16:50:00+00:00,147.193,147.238,147.166,147.225,1605.69
2024-08-08 16:55:00+00:00,147.225,147.259,147.224,147.244,837.09
2024-08-08 17:00:00+00:00,147.243,147.282,147.176,147.209,2525.61
2024-08-08 17:05:00+00:00,147.208,147.252,147.15,147.191,2700.15
2024-08-08 17:10:00+00:00,147.19,147.238,147.148,147.187,2016.63
2024-08-08 17:15:00+00:00,147.188,147.259,147.182,147.253,1712.88
2024-08-08 17:20:00+00:00,147.257,147.271,147.19,147.212,1809.81
2024-08-08 17:25:00+00:00,147.212,147.231,147.189,147.207,1316.79
2024-08-08 17:30:00+00:00,147.207,147.276,147.198,147.258,1285.35
2024-08-08 17:35:00+00:00,147.259,147.381,147.244,147.381,1089.81
2024-08-08 17:40:00+00:00,147.381,147.419,147.295,147.319,1608.82
2024-08-08 17:45:00+00:00,147.317,147.339,147.294,147.326,1480.11
2024-08-08 17:50:00+00:00,147.325,147.351,147.284,147.339,1768.92
2024-08-08 17:55:00+00:00,147.339,147.365,147.315,147.36,1648.35
2024-08-08 18:00:00+00:00,147.361,147.387,147.317,147.364,1984.32
2024-08-08 18:05:00+00:00,147.364,147.433,147.352,147.391,2003.76
2024-08-08 18:10:00+00:00,147.39,147.39,147.319,147.345,1146.85
2024-08-08 18:15:00+00:00,147.346,147.376,147.328,147.375,1130.85
2024-08-08 18:20:00+00:00,147.374,147.403,147.353,147.386,1707.57
2024-08-08 18:25:00+00:00,147.386,147.397,147.292,147.297,1680.99
2024-08-08 18:30:00+00:00,147.298,147.329,147.291,147.291,791.1
2024-08-08 18:35:00+00:00,147.291,147.299,147.246,147.26,1752.79
2024-08-08 18:40:00+00:00,147.262,147.29,147.238,147.288,2035.24
2024-08-08 18:45:00+00:00,147.286,147.323,147.276,147.279,1279.65
2024-08-08 18:50:00+00:00,147.279,147.313,147.278,147.288,1173.39
2024-08-08 18:55:00+00:00,147.287,147.309,147.2,147.212,1659.84
2024-08-08 19:00:00+00:00,147.21,147.239,147.184,147.2,1653.36
2024-08-08 19:05:00+00:00,147.198,147.245,147.173,147.242,2121.72
2024-08-08 19:10:00+00:00,147.242,147.269,147.179,147.179,2133.75
2024-08-08 19:15:00+00:00,147.181,147.191,147.146,147.162,1549.71
2024-08-08 19:20:00+00:00,147.163,147.254,147.163,147.201,814.74
2024-08-08 19:25:00+00:00,147.199,147.205,147.144,147.154,1510.35
2024-08-08 19:30:00+00:00,147.15,147.185,147.122,147.15,2025.36
2024-08-08 19:35:00+00:00,147.145,147.15,147.093,147.13,1930.02
2024-08-08 19:40:00+00:00,147.131,147.156,147.126,147.154,1746.6
2024-08-08 19:45:00+00:00,147.155,147.155,147.091,147.12,2100.54
2024-08-08 19:50:00+00:00,147.12,147.152,147.102,147.133,2194.46
2024-08-08 19:55:00+00:00,147.134,147.149,147.094,147.145,1630.77
2024-08-08 20:00:00+00:00,147.147,147.179,147.127,147.141,596.79
2024-08-08 20:05:00+00:00,147.141,147.144,147.118,147.124,479.49
2024-08-08 20:10:00+00:00,147.119,147.13,147.097,147.107,602.73
2024-08-08 20:15:00+00:00,147.115,147.177,147.105,147.174,617.04
2024-08-08 20:20:00+00:00,147.174,147.193,147.16,147.175,843.27
2024-08-08 20:25:00+00:00,147.175,147.199,147.174,147.197,739.56
2024-08-08 20:30:00+00:00,147.194,147.207,147.189,147.189,710.61
2024-08-08 20:35:00+00:00,147.191,147.201,147.183,147.196,448.23
2024-08-08 20:40:00+00:00,147.2,147.231,147.2,147.23,805.47
2024-08-08 20:45:00+00:00,147.229,147.251,147.227,147.244,451.35
2024-08-08 20:50:00+00:00,147.245,147.283,147.241,147.269,668.28
2024-08-08 20:55:00+00:00,147.268,147.288,147.254,147.261,696.18
2024-08-08 21:00:00+00:00,147.174,147.174,147.128,147.128,5.58
2024-08-08 21:05:00+00:00,147.14,147.234,147.134,147.193,28.55
2024-08-08 21:10:00+00:00,147.195,147.198,147.167,147.198,21.15
2024-08-08 21:15:00+00:00,147.18,147.234,147.149,147.234,62.87
2024-08-08 21:20:00+00:00,147.233,147.234,147.149,147.191,53.07
2024-08-08 21:25:00+00:00,147.198,147.234,147.198,147.234,16.96
2024-08-08 21:30:00+00:00,147.234,147.234,147.211,147.218,53.3
2024-08-08 21:35:00+00:00,147.212,147.234,147.212,147.221,63.79
2024-08-08 21:40:00+00:00,147.219,147.234,147.209,147.234,26.52
2024-08-08 21:45:00+00:00,147.234,147.27,147.208,147.254,77.71
2024-08-08 21:50:00+00:00,147.25,147.25,147.173,147.173,142.52
2024-08-08 21:55:00+00:00,147.178,147.198,147.174,147.196,164.72
2024-08-08 22:00:00+00:00,147.202,147.291,147.153,147.279,358.6
2024-08-08 22:05:00+00:00,147.278,147.306,147.265,147.306,565.77
2024-08-08 22:10:00+00:00,147.296,147.301,147.241,147.243,450.9
2024-08-08 22:15:00+00:00,147.243,147.266,147.223,147.235,1434.68
2024-08-08 22:20:00+00:00,147.234,147.259,147.234,147.256,1333.65
2024-08-08 22:25:00+00:00,147.256,147.265,147.253,147.256,646.35
2024-08-08 22:30:00+00:00,147.255,147.263,147.232,147.245,1120.29
2024-08-08 22:35:00+00:00,147.246,147.273,147.231,147.267,1570.92
2024-08-08 22:40:00+00:00,147.269,147.3,147.264,147.281,1093.89
2024-08-08 22:45:00+00:00,147.281,147.296,147.261,147.268,1876.77
2024-08-08 22:50:00+00:00,147.268,147.272,147.211,147.241,1089.69
2024-08-08 22:55:00+00:00,147.242,147.292,147.235,147.272,766.38
2024-08-08 23:00:00+00:00,147.27,147.362,147.245,147.347,1528.65
2024-08-08 23:05:00+00:00,147.348,147.496,147.312,147.449,1697.73
2024-08-08 23:10:00+00:00,147.449,147.813,147.436,147.694,2317.05
2024-08-08 23:15:00+00:00,147.699,147.712,147.582,147.595,1753.58
2024-08-08 23:20:00+00:00,147.593,147.727,147.586,147.642,1038.65
2024-08-08 23:25:00+00:00,147.641,147.663,147.584,147.637,1668.69
2024-08-08 23:30:00+00:00,147.635,147.722,147.597,147.715,1566.78
2024-08-08 23:35:00+00:00,147.715,147.723,147.529,147.551,1652.4
2024-08-08 23:40:00+00:00,147.552,147.628,147.552,147.601,1712.28
2024-08-08 23:45:00+00:00,147.601,147.645,147.539,147.633,2837.18
2024-08-08 23:50:00+00:00,147.631,147.714,147.585,147.686,2295.9
2024-08-08 23:55:00+00:00,147.684,147.709,147.61,147.694,3443.74
2024-08-09 00:00:00+00:00,147.694,147.768,147.544,147.588,5874.54
2024-08-09 00:05:00+00:00,147.59,147.614,147.462,147.581,4900.27
2024-08-09 00:10:00+00:00,147.582,147.595,147.394,147.42,4160.42
2024-08-09 00:15:00+00:00,147.42,147.482,147.341,147.477,4689.68
2024-08-09 00:20:00+00:00,147.477,147.508,147.366,147.386,3028.15
2024-08-09 00:25:00+00:00,147.389,147.391,147.286,147.319,3612.37
2024-08-09 00:30:00+00:00,147.319,147.417,147.216,147.273,4464.87
2024-08-09 00:35:00+00:00,147.27,147.368,147.24,147.305,3943.97
2024-08-09 00:40:00+00:00,147.302,147.336,147.198,147.232,4188.39
2024-08-09 00:45:00+00:00,147.231,147.401,147.207,147.347,3662.33
2024-08-09 00:50:00+00:00,147.348,147.539,147.311,147.521,5631.45
2024-08-09 00:55:00+00:00,147.525,147.592,147.462,147.482,5092.47
2024-08-09 01:00:00+00:00,147.486,147.507,147.397,147.462,3213.72
2024-08-09 01:05:00+00:00,147.461,147.56,147.399,147.548,2894.63
2024-08-09 01:10:00+00:00,147.547,147.615,147.458,147.498,3780.71
2024-08-09 01:15:00+00:00,147.494,147.526,147.337,147.347,3718.78
2024-08-09 01:20:00+00:00,147.348,147.364,147.306,147.321,2989.41
2024-08-09 01:25:00+00:00,147.321,147.377,147.172,147.31,3019.27
2024-08-09 01:30:00+00:00,147.31,147.409,147.278,147.3,3133.12
2024-08-09 01:35:00+00:00,147.298,147.3,147.193,147.225,3720.12
2024-08-09 01:40:00+00:00,147.226,147.25,147.121,147.158,2108.16
2024-08-09 01:45:00+00:00,147.162,147.328,147.129,147.207,2209.04
2024-08-09 01:50:00+00:00,147.214,147.249,147.152,147.222,2007.9
2024-08-09 01:55:00+00:00,147.22,147.242,147.077,147.085,1351.23
2024-08-09 02:00:00+00:00,147.083,147.115,147.019,147.08,2797.53
2024-08-09 02:05:00+00:00,147.081,147.15,147.063,147.128,2021.07
2024-08-09 02:10:00+00:00,147.13,147.244,147.095,147.223,2077.17
2024-08-09 02:15:00+00:00,147.222,147.242,147.179,147.219,1856.47
2024-08-09 02:20:00+00:00,147.217,147.245,147.16,147.161,1698.63
2024-08-09 02:25:00+00:00,147.166,147.212,147.137,147.168,1194.31
2024-08-09 02:30:00+00:00,147.169,147.441,147.162,147.293,3557.31
2024-08-09 02:35:00+00:00,147.293,147.38,147.262,147.352,2933.86
2024-08-09 02:40:00+00:00,147.352,147.407,147.297,147.318,3211.64
2024-08-09 02:45:00+00:00,147.319,147.328,147.277,147.303,2465.16
2024-08-09 02:50:00+00:00,147.301,147.417,147.29,147.366,2419.05
2024-08-09 02:55:00+00:00,147.36,147.503,147.36,147.492,3525.71
2024-08-09 03:00:00+00:00,147.492,147.568,147.437,147.456,3276.11
2024-08-09 03:05:00+00:00,147.457,147.47,147.408,147.428,3215.39
2024-08-09 03:10:00+00:00,147.428,147.474,147.396,147.41,3052.36
2024-08-09 03:15:00+00:00,147.41,147.417,147.36,147.36,2601.87
2024-08-09 03:20:00+00:00,147.36,147.363,147.3,147.319,1589.34
2024-08-09 03:25:00+00:00,147.325,147.366,147.307,147.312,1267.05
2024-08-09 03:30:00+00:00,147.31,147.339,147.266,147.308,2969.13
2024-08-09 03:35:00+00:00,147.308,147.334,147.263,147.311,3841.69
2024-08-09 03:40:00+00:00,147.309,147.312,147.167,147.17,3094.17
2024-08-09 03:45:00+00:00,147.17,147.204,147.143,147.194,2567.09
2024-08-09 03:50:00+00:00,147.194,147.224,147.157,147.169,1868.9
2024-08-09 03:55:00+00:00,147.171,147.25,147.156,147.225,1967.1
2024-08-09 04:00:00+00:00,147.226,147.238,147.136,147.19,1314.9
2024-08-09 04:05:00+00:00,147.191,147.247,147.163,147.219,2411.07
2024-08-09 04:10:00+00:00,147.223,147.224,147.11,147.161,1873.89
2024-08-09 04:15:00+00:00,147.161,147.218,147.146,147.197,1229.28
2024-08-09 04:20:00+00:00,147.198,147.207,147.139,147.207,594.12
2024-08-09 04:25:00+00:00,147.212,147.255,147.18,147.183,1149.46
2024-08-09 04:30:00+00:00,147.18,147.187,147.054,147.136,2718.67
2024-08-09 04:35:00+00:00,147.137,147.148,147.05,147.117,2047.61
2024-08-09 04:40:00+00:00,147.116,147.118,146.933,147.039,2471.98
2024-08-09 04:45:00+00:00,147.04,147.121,147.01,147.085,2280.22
2024-08-09 04:50:00+00:00,147.088,147.107,146.967,146.986,2150.76
2024-08-09 04:55:00+00:00,146.986,147.013,146.814,146.886,3489.37
2024-08-09 05:00:00+00:00,146.882,146.905,146.71,146.742,3503.75
2024-08-09 05:05:00+00:00,146.745,146.828,146.745,146.793,3783.26
2024-08-09 05:10:00+00:00,146.794,146.9,146.794,146.829,3402.63
2024-08-09 05:15:00+00:00,146.826,146.922,146.814,146.886,2674.73
2024-08-09 05:20:00+00:00,146.885,146.931,146.831,146.906,1952.16
2024-08-09 05:25:00+00:00,146.904,146.976,146.903,146.958,2388.43
2024-08-09 05:30:00+00:00,146.958,147.031,146.935,146.975,2533.53
2024-08-09 05:35:00+00:00,146.981,147.058,146.939,146.94,2874.81
2024-08-09 05:40:00+00:00,146.939,146.96,146.857,146.928,3815.64
2024-08-09 05:45:00+00:00,146.926,147.106,146.921,147.086,3570.48
2024-08-09 05:50:00+00:00,147.084,147.084,146.97,147.061,3189.57
2024-08-09 05:55:00+00:00,147.059,147.064,146.997,147.009,1547.43
2024-08-09 06:00:00+00:00,147.014,147.02,146.885,146.891,2517.3
2024-08-09 06:05:00+00:00,146.891,147.069,146.891,147.001,2627.86
2024-08-09 06:10:00+00:00,147.001,147.127,146.991,147.103,2258.98
2024-08-09 06:15:00+00:00,147.103,147.118,147.032,147.068,2470.93
2024-08-09 06:20:00+00:00,147.07,147.089,147.003,147.067,1897.86
2024-08-09 06:25:00+00:00,147.068,147.132,146.994,147.096,2760.0
2024-08-09 06:30:00+00:00,147.1,147.187,147.041,147.043,3111.69
2024-08-09 06:35:00+00:00,147.043,147.182,147.043,147.178,2584.8
2024-08-09 06:40:00+00:00,147.178,147.183,147.095,147.115,2194.77
2024-08-09 06:45:00+00:00,147.116,147.198,147.08,147.189,2580.18
2024-08-09 06:50:00+00:00,147.19,147.204,147.147,147.166,2104.83
2024-08-09 06:55:00+00:00,147.165,147.217,147.134,147.197,1687.62
2024-08-09 07:00:00+00:00,147.198,147.198,147.009,147.03,3565.85
2024-08-09 07:05:00+00:00,147.03,147.086,146.952,147.005,4211.46
2024-08-09 07:10:00+00:00,147.005,147.125,146.978,146.999,2457.67
2024-08-09 07:15:00+00:00,147.001,147.045,146.957,146.99,4109.95
2024-08-09 07:20:00+00:00,146.989,147.006,146.918,146.976,2481.51
2024-08-09 07:25:00+00:00,146.974,147.055,146.934,147.018,3686.79
2024-08-09 07:30:00+00:00,147.019,147.179,147.012,147.173,3141.96
2024-08-09 07:35:00+00:00,147.175,147.21,147.133,147.168,2575.87
2024-08-09 07:40:00+00:00,147.169,147.176,147.112,147.159,1864.5
2024-08-09 07:45:00+00:00,147.156,147.172,147.087,147.131,2835.15
2024-08-09 07:50:00+00:00,147.132,147.198,147.108,147.162,2821.48
2024-08-09 07:55:00+00:00,147.165,147.21,147.146,147.204,1052.97
2024-08-09 08:00:00+00:00,147.203,147.32,147.203,147.248,3333.43
2024-08-09 08:05:00+00:00,147.245,147.255,147.184,147.185,3363.09
2024-08-09 08:10:00+00:00,147.185,147.189,147.027,147.028,3039.88
2024-08-09 08:15:00+00:00,147.026,147.03,146.917,146.989,4075.93
2024-08-09 08:20:00+00:00,146.994,147.106,146.956,147.105,4016.76
2024-08-09 08:25:00+00:00,147.105,147.159,147.068,147.121,3425.81
2024-08-09 08:30:00+00:00,147.119,147.193,147.094,147.15,2951.43
2024-08-09 08:35:00+00:00,147.15,147.221,147.142,147.193,2353.08
2024-08-09 08:40:00+00:00,147.193,147.198,147.134,147.168,3908.79
2024-08-09 08:45:00+00:00,147.173,147.198,147.127,147.135,3971.4
2024-08-09 08:50:00+00:00,147.133,147.238,147.089,147.223,2555.22
2024-08-09 08:55:00+00:00,147.225,147.255,147.195,147.208,3086.58
2024-08-09 09:00:00+00:00,147.207,147.267,147.165,147.216,2475.42
2024-08-09 09:05:00+00:00,147.215,147.227,147.158,147.207,2907.66
2024-08-09 09:10:00+00:00,147.208,147.232,147.177,147.191,4426.23
2024-08-09 09:15:00+00:00,147.191,147.286,147.176,147.26,2971.15
2024-08-09 09:20:00+00:00,147.254,147.274,147.2,147.23,1922.35
2024-08-09 09:25:00+00:00,147.226,147.238,147.158,147.166,2293.48
2024-08-09 09:30:00+00:00,147.164,147.245,147.139,147.169,2270.22
2024-08-09 09:35:00+00:00,147.17,147.215,147.157,147.186,2748.33
2024-08-09 09:40:00+00:00,147.184,147.224,147.155,147.179,2376.18
2024-08-09 09:45:00+00:00,147.178,147.21,147.147,147.197,1968.21
2024-08-09 09:50:00+00:00,147.197,147.265,147.195,147.231,3843.45
2024-08-09 09:55:00+00:00,147.232,147.268,147.225,147.233,4921.29
2024-08-09 10:00:00+00:00,147.234,147.26,147.217,147.236,2473.76
2024-08-09 10:05:00+00:00,147.234,147.264,147.217,147.227,2665.46
2024-08-09 10:10:00+00:00,147.228,147.238,147.113,147.173,2404.8
2024-08-09 10:15:00+00:00,147.174,147.205,147.14,147.168,1566.33
2024-08-09 10:20:00+00:00,147.168,147.226,147.149,147.223,1809.87
2024-08-09 10:25:00+00:00,147.221,147.237,147.195,147.206,893.04
2024-08-09 10:30:00+00:00,147.207,147.213,147.152,147.17,1551.48
2024-08-09 10:35:00+00:00,147.171,147.196,147.162,147.169,2006.1
2024-08-09 10:40:00+00:00,147.168,147.171,147.12,147.138,3246.68
2024-08-09 10:45:00+00:00,147.139,147.174,147.122,147.134,1818.42
2024-08-09 10:50:00+00:00,147.137,147.174,147.121,147.158,2795.43
2024-08-09 10:55:00+00:00,147.152,147.173,147.035,147.137,2787.17
2024-08-09 11:00:00+00:00,147.14,147.158,146.904,146.919,5100.57
2024-08-09 11:05:00+00:00,146.918,147.021,146.892,147.02,4002.21
2024-08-09 11:10:00+00:00,147.018,147.082,147.018,147.029,3343.2
2024-08-09 11:15:00+00:00,147.026,147.078,147.005,147.045,3096.78
2024-08-09 11:20:00+00:00,147.05,147.132,147.036,147.083,3387.81
2024-08-09 11:25:00+00:00,147.084,147.109,147.027,147.047,3668.16
2024-08-09 11:30:00+00:00,147.048,147.06,146.927,146.994,3028.56
2024-08-09 11:35:00+00:00,146.992,147.009,146.893,146.925,2972.13
2024-08-09 11:40:00+00:00,146.93,146.943,146.823,146.886,3165.86
2024-08-09 11:45:00+00:00,146.887,146.965,146.876,146.942,4243.07
2024-08-09 11:50:00+00:00,146.941,146.966,146.898,146.941,3155.9
2024-08-09 11:55:00+00:00,146.94,147.057,146.939,147.011,1780.9
2024-08-09 12:00:00+00:00,147.013,147.033,146.919,146.923,3575.6
2024-08-09 12:05:00+00:00,146.921,146.957,146.811,146.85,3802.46
2024-08-09 12:10:00+00:00,146.848,146.921,146.832,146.882,3127.94
2024-08-09 12:15:00+00:00,146.881,146.975,146.876,146.931,3834.32
2024-08-09 12:20:00+00:00,146.932,146.933,146.771,146.819,3509.55
2024-08-09 12:25:00+00:00,146.82,146.84,146.689,146.75,2800.17
2024-08-09 12:30:00+00:00,146.75,146.812,146.553,146.554,4260.86
2024-08-09 12:35:00+00:00,146.554,146.648,146.508,146.635,3397.33
2024-08-09 12:40:00+00:00,146.636,146.729,146.555,146.679,2727.1
2024-08-09 12:45:00+00:00,146.683,146.735,146.642,146.707,2945.69
2024-08-09 12:50:00+00:00,146.706,146.768,146.659,146.724,4460.28
2024-08-09 12:55:00+00:00,146.724,146.791,146.719,146.777,3233.11
2024-08-09 13:00:00+00:00,146.777,146.791,146.702,146.756,3401.82
2024-08-09 13:05:00+00:00,146.754,146.786,146.651,146.695,2752.95
2024-08-09 13:10:00+00:00,146.693,146.74,146.631,146.653,2140.29
2024-08-09 13:15:00+00:00,146.652,146.685,146.599,146.617,2103.18
2024-08-09 13:20:00+00:00,146.614,146.684,146.578,146.578,2391.23
2024-08-09 13:25:00+00:00,146.584,146.645,146.51,146.602,2046.6
2024-08-09 13:30:00+00:00,146.603,146.673,146.557,146.614,4274.97
2024-08-09 13:35:00+00:00,146.614,146.781,146.57,146.724,4290.23
2024-08-09 13:40:00+00:00,146.724,146.748,146.633,146.643,4613.45
2024-08-09 13:45:00+00:00,146.647,146.715,146.618,146.656,5045.04
2024-08-09 13:50:00+00:00,146.656,146.786,146.649,146.716,3810.93
2024-08-09 13:55:00+00:00,146.726,146.733,146.602,146.606,3860.33
2024-08-09 14:00:00+00:00,146.607,146.612,146.496,146.547,6185.08
2024-08-09 14:05:00+00:00,146.547,146.634,146.519,146.555,5211.57
2024-08-09 14:10:00+00:00,146.556,146.623,146.553,146.594,5089.47
2024-08-09 14:15:00+00:00,146.593,146.601,146.398,146.441,4673.95
2024-08-09 14:20:00+00:00,146.441,146.508,146.364,146.381,4582.31
2024-08-09 14:25:00+00:00,146.379,146.456,146.37,146.416,4233.96
2024-08-09 14:30:00+00:00,146.415,146.421,146.3,146.335,4333.4
2024-08-09 14:35:00+00:00,146.336,146.435,146.267,146.422,4099.5
2024-08-09 14:40:00+00:00,146.419,146.48,146.335,146.437,4215.51
2024-08-09 14:45:00+00:00,146.439,146.46,146.334,146.433,3458.94
2024-08-09 14:50:00+00:00,146.435,146.543,146.416,146.502,4777.53
2024-08-09 14:55:00+00:00,146.501,146.585,146.492,146.538,3190.53
2024-08-09 15:00:00+00:00,146.539,146.72,146.539,146.704,4998.83
2024-08-09 15:05:00+00:00,146.701,146.732,146.653,146.658,4287.3
2024-08-09 15:10:00+00:00,146.658,146.689,146.539,146.55,4132.44
2024-08-09 15:15:00+00:00,146.55,146.617,146.55,146.568,2781.42
2024-08-09 15:20:00+00:00,146.571,146.584,146.469,146.47,2359.06
2024-08-09 15:25:00+00:00,146.47,146.534,146.47,146.476,2928.36
2024-08-09 15:30:00+00:00,146.476,146.53,146.453,146.512,2969.73
2024-08-09 15:35:00+00:00,146.512,146.53,146.461,146.48,3285.9
2024-08-09 15:40:00+00:00,146.489,146.522,146.457,146.517,3109.08
2024-08-09 15:45:00+00:00,146.52,146.555,146.5,146.52,3267.9
2024-08-09 15:50:00+00:00,146.52,146.536,146.47,146.511,2323.05
2024-08-09 15:55:00+00:00,146.511,146.561,146.44,146.495,3272.15
2024-08-09 16:00:00+00:00,146.491,146.545,146.489,146.519,3840.39
2024-08-09 16:05:00+00:00,146.519,146.537,146.477,146.525,1612.24
2024-08-09 16:10:00+00:00,146.523,146.569,146.508,146.568,2518.77
2024-08-09 16:15:00+00:00,146.567,146.617,146.552,146.616,3242.46
2024-08-09 16:20:00+00:00,146.616,146.634,146.566,146.577,786.78
2024-08-09 16:25:00+00:00,146.58,146.619,146.576,146.613,2031.96
2024-08-09 16:30:00+00:00,146.613,146.624,146.575,146.597,2577.99
2024-08-09 16:35:00+00:00,146.599,146.641,146.589,146.618,3650.61
2024-08-09 16:40:00+00:00,146.611,146.623,146.585,146.607,2461.21
2024-08-09 16:45:00+00:00,146.607,146.64,146.582,146.631,1301.55
2024-08-09 16:50:00+00:00,146.634,146.665,146.576,146.589,1300.89
2024-08-09 16:55:00+00:00,146.589,146.621,146.563,146.609,2148.21
2024-08-09 17:00:00+00:00,146.609,146.622,146.6,146.609,2634.72
2024-08-09 17:05:00+00:00,146.608,146.639,146.598,146.63,2495.61
2024-08-09 17:10:00+00:00,146.632,146.693,146.62,146.684,3010.26
2024-08-09 17:15:00+00:00,146.687,146.761,146.685,146.723,2286.96
2024-08-09 17:20:00+00:00,146.722,146.733,146.654,146.682,1820.7
2024-08-09 17:25:00+00:00,146.68,146.711,146.666,146.703,2048.25
2024-08-09 17:30:00+00:00,146.705,146.709,146.642,146.659,1603.26
2024-08-09 17:35:00+00:00,146.658,146.688,146.641,146.681,668.61
2024-08-09 17:40:00+00:00,146.682,146.699,146.623,146.624,1237.32
2024-08-09 17:45:00+00:00,146.626,146.654,146.615,146.654,697.71
2024-08-09 17:50:00+00:00,146.656,146.684,146.639,146.659,2120.4
2024-08-09 17:55:00+00:00,146.659,146.707,146.659,146.695,1177.95
2024-08-09 18:00:00+00:00,146.696,146.722,146.661,146.669,2871.06
2024-08-09 18:05:00+00:00,146.669,146.709,146.663,146.708,837.66
2024-08-09 18:10:00+00:00,146.705,146.711,146.676,146.678,669.31
2024-08-09 18:15:00+00:00,146.676,146.71,146.652,146.705,1794.07
2024-08-09 18:20:00+00:00,146.703,146.703,146.684,146.688,612.66
2024-08-09 18:25:00+00:00,146.687,146.7,146.683,146.686,224.25
2024-08-09 18:30:00+00:00,146.686,146.696,146.665,146.687,1357.41
2024-08-09 18:35:00+00:00,146.686,146.687,146.672,146.683,1375.14
2024-08-09 18:40:00+00:00,146.683,146.698,146.674,146.696,988.14
2024-08-09 18:45:00+00:00,146.695,146.695,146.65,146.653,421.05
2024-08-09 18:50:00+00:00,146.654,146.662,146.609,146.639,2127.36
2024-08-09 18:55:00+00:00,146.639,146.641,146.593,146.614,2187.73
2024-08-09 19:00:00+00:00,146.614,146.631,146.596,146.6,1257.21
2024-08-09 19:05:00+00:00,146.602,146.637,146.599,146.629,1271.28
2024-08-09 19:10:00+00:00,146.631,146.635,146.599,146.611,393.6
2024-08-09 19:15:00+00:00,146.611,146.619,146.585,146.587,824.85
2024-08-09 19:20:00+00:00,146.577,146.598,146.556,146.594,808.41
2024-08-09 19:25:00+00:00,146.593,146.603,146.589,146.6,377.61
2024-08-09 19:30:00+00:00,146.599,146.61,146.573,146.606,911.49
2024-08-09 19:35:00+00:00,146.609,146.614,146.583,146.587,696.42
2024-08-09 19:40:00+00:00,146.586,146.603,146.575,146.587,1636.26
2024-08-09 19:45:00+00:00,146.587,146.655,146.578,146.642,1530.54
2024-08-09 19:50:00+00:00,146.643,146.673,146.637,146.643,1604.46
2024-08-09 19:55:00+00:00,146.643,146.666,146.628,146.641,1028.22
2024-08-09 20:00:00+00:00,146.641,146.654,146.631,146.642,839.07
2024-08-09 20:05:00+00:00,146.642,146.644,146.629,146.637,202.5
2024-08-09 20:10:00+00:00,146.637,146.642,146.627,146.637,319.5
2024-08-09 20:15:00+00:00,146.634,146.658,146.633,146.644,643.59
2024-08-09 20:20:00+00:00,146.644,146.644,146.628,146.628,304.2
2024-08-09 20:25:00+00:00,146.63,146.651,146.628,146.646,256.05
2024-08-09 20:30:00+00:00,146.648,146.65,146.638,146.645,293.19
2024-08-09 20:35:00+00:00,146.646,146.656,146.641,146.654,642.24
2024-08-09 20:40:00+00:00,146.653,146.661,146.648,146.661,304.41
2024-08-09 20:45:00+00:00,146.661,146.682,146.66,146.682,722.91
2024-08-09 20:50:00+00:00,146.683,146.699,146.65,146.655,1089.02
2024-08-09 20:55:00+00:00,146.656,146.656,146.591,146.634,1311.28
2024-08-11 21:05:00+00:00,146.484,146.499,146.468,146.496,21.3
2024-08-11 21:10:00+00:00,146.493,146.506,146.476,146.506,10.32
2024-08-11 21:15:00+00:00,146.508,146.561,146.497,146.545,9.06
2024-08-11 21:20:00+00:00,146.543,146.605,146.543,146.605,7.5
2024-08-11 21:25:00+00:00,146.673,146.867,146.673,146.861,54.15
2024-08-11 21:30:00+00:00,146.866,146.892,146.684,146.714,81.65
2024-08-11 21:35:00+00:00,146.714,146.842,146.714,146.842,72.6
2024-08-11 21:40:00+00:00,146.841,146.841,146.749,146.765,29.1
2024-08-11 21:45:00+00:00,146.754,146.754,146.628,146.663,48.0
2024-08-11 21:50:00+00:00,146.664,146.676,146.664,146.67,14.4
2024-08-11 21:55:00+00:00,146.665,146.757,146.665,146.696,85.35
2024-08-11 22:00:00+00:00,146.729,146.903,146.706,146.903,937.75
2024-08-11 22:05:00+00:00,146.905,146.93,146.884,146.903,262.43
2024-08-11 22:10:00+00:00,146.901,146.95,146.867,146.929,519.76
2024-08-11 22:15:00+00:00,146.93,146.932,146.859,146.906,819.75
2024-08-11 22:20:00+00:00,146.907,147.0,146.891,146.985,857.1
2024-08-11 22:25:00+00:00,146.983,146.999,146.968,146.981,686.4
2024-08-11 22:30:00+00:00,146.982,146.991,146.88,146.965,484.56
2024-08-11 22:35:00+00:00,146.966,146.988,146.95,146.961,932.7
2024-08-11 22:40:00+00:00,146.961,146.992,146.954,146.987,904.95
2024-08-11 22:45:00+00:00,146.987,146.999,146.977,146.994,649.72
2024-08-11 22:50:00+00:00,146.992,147.005,146.974,146.994,779.64
2024-08-11 22:55:00+00:00,146.992,147.0,146.983,146.992,423.6
2024-08-11 23:00:00+00:00,146.992,147.081,146.925,147.026,1921.6
2024-08-11 23:05:00+00:00,147.028,147.072,146.998,147.066,1762.59
2024-08-11 23:10:00+00:00,147.066,147.087,147.021,147.073,2142.55
2024-08-11 23:15:00+00:00,147.076,147.11,147.053,147.101,1855.23
2024-08-11 23:20:00+00:00,147.103,147.128,147.068,147.105,672.9
2024-08-11 23:25:00+00:00,147.105,147.112,147.079,147.087,784.5
2024-08-11 23:30:00+00:00,147.089,147.098,147.034,147.062,1011.58
2024-08-11 23:35:00+00:00,147.061,147.062,146.997,147.012,884.74
2024-08-11 23:40:00+00:00,147.012,147.038,146.97,146.99,1148.5
2024-08-11 23:45:00+00:00,146.991,147.017,146.92,146.972,1019.42
2024-08-11 23:50:00+00:00,146.972,146.999,146.948,146.992,959.8
2024-08-11 23:55:00+00:00,146.991,147.081,146.971,147.072,748.65
2024-08-12 00:00:00+00:00,147.071,147.074,146.897,146.92,1135.33
2024-08-12 00:05:00+00:00,146.919,146.937,146.856,146.894,1371.0
2024-08-12 00:10:00+00:00,146.894,146.92,146.85,146.856,1269.0
2024-08-12 00:15:00+00:00,146.856,146.897,146.829,146.831,1415.19
2024-08-12 00:20:00+00:00,146.83,146.903,146.818,146.889,1270.5
2024-08-12 00:25:00+00:00,146.887,146.975,146.873,146.961,1966.98
2024-08-12 00:30:00+00:00,146.962,146.99,146.927,146.93,2390.43
2024-08-12 00:35:00+00:00,146.933,146.953,146.905,146.922,1277.94
2024-08-12 00:40:00+00:00,146.924,146.926,146.848,146.883,2557.68
2024-08-12 00:45:00+00:00,146.883,146.92,146.848,146.904,1251.97
2024-08-12 00:50:00+00:00,146.903,146.951,146.798,146.832,1705.9
2024-08-12 00:55:00+00:00,146.83,146.883,146.809,146.854,1999.9
2024-08-12 01:00:00+00:00,146.855,146.86,146.733,146.759,3167.07
2024-08-12 01:05:00+00:00,146.76,146.771,146.703,146.734,2532.96
2024-08-12 01:10:00+00:00,146.736,146.777,146.698,146.773,2356.57
2024-08-12 01:15:00+00:00,146.776,146.823,146.756,146.802,2217.55
2024-08-12 01:20:00+00:00,146.801,146.837,146.782,146.8,2243.4
2024-08-12 01:25:00+00:00,146.801,146.802,146.76,146.789,1779.3
2024-08-12 01:30:00+00:00,146.791,146.843,146.787,146.824,3058.65
2024-08-12 01:35:00+00:00,146.825,146.868,146.819,146.845,2474.8
2024-08-12 01:40:00+00:00,146.845,146.875,146.842,146.846,1876.35
2024-08-12 01:45:00+00:00,146.848,146.892,146.801,146.881,1741.42
2024-08-12 01:50:00+00:00,146.882,146.973,146.882,146.973,1683.75
2024-08-12 01:55:00+00:00,146.973,146.994,146.96,146.962,2583.72
2024-08-12 02:00:00+00:00,146.96,146.98,146.937,146.949,2256.04
2024-08-12 02:05:00+00:00,146.948,146.97,146.927,146.97,825.03
2024-08-12 02:10:00+00:00,146.969,146.969,146.865,146.895,2446.86
2024-08-12 02:15:00+00:00,146.893,146.902,146.841,146.901,2161.08
2024-08-12 02:20:00+00:00,146.902,146.933,146.882,146.902,1596.93
2024-08-12 02:25:00+00:00,146.903,146.931,146.903,146.926,964.59
2024-08-12 02:30:00+00:00,146.927,146.932,146.873,146.902,804.12
2024-08-12 02:35:00+00:00,146.901,146.931,146.889,146.896,643.74
2024-08-12 02:40:00+00:00,146.897,146.919,146.892,146.908,1742.28
2024-08-12 02:45:00+00:00,146.908,146.911,146.869,146.892,938.22
2024-08-12 02:50:00+00:00,146.882,146.92,146.87,146.91,1211.01
2024-08-12 02:55:00+00:00,146.911,146.974,146.882,146.934,1998.54
2024-08-12 03:00:00+00:00,146.933,146.991,146.931,146.969,2112.64
2024-08-12 03:05:00+00:00,146.971,146.972,146.903,146.93,404.7
2024-08-12 03:10:00+00:00,146.935,146.942,146.879,146.917,2381.64
2024-08-12 03:15:00+00:00,146.916,146.945,146.891,146.938,2295.54
2024-08-12 03:20:00+00:00,146.937,146.997,146.931,146.975,963.99
2024-08-12 03:25:00+00:00,146.977,146.977,146.947,146.962,1394.73
2024-08-12 03:30:00+00:00,146.964,146.998,146.957,146.998,693.69
2024-08-12 03:35:00+00:00,146.999,147.164,146.999,147.111,2821.18
2024-08-12 03:40:00+00:00,147.111,147.114,147.018,147.051,2818.94
2024-08-12 03:45:00+00:00,147.053,147.123,147.049,147.114,1499.85
2024-08-12 03:50:00+00:00,147.113,147.17,147.106,147.145,1493.01
2024-08-12 03:55:00+00:00,147.144,147.22,147.133,147.196,2017.76
2024-08-12 04:00:00+00:00,147.202,147.209,147.13,147.142,2845.68
2024-08-12 04:05:00+00:00,147.14,147.153,147.102,147.104,1111.14
2024-08-12 04:10:00+00:00,147.105,147.116,147.079,147.102,1036.62
2024-08-12 04:15:00+00:00,147.101,147.141,147.094,147.127,468.9
2024-08-12 04:20:00+00:00,147.126,147.165,147.115,147.149,1261.62
2024-08-12 04:25:00+00:00,147.146,147.163,147.057,147.07,1814.31
2024-08-12 04:30:00+00:00,147.07,147.122,147.025,147.122,1562.55
2024-08-12 04:35:00+00:00,147.122,147.13,147.049,147.065,1996.98
2024-08-12 04:40:00+00:00,147.066,147.101,147.056,147.079,2545.29
2024-08-12 04:45:00+00:00,147.079,147.112,147.047,147.101,1515.18
2024-08-12 04:50:00+00:00,147.1,147.115,147.053,147.084,1177.91
2024-08-12 04:55:00+00:00,147.083,147.146,147.081,147.124,1565.22
2024-08-12 05:00:00+00:00,147.122,147.142,147.087,147.109,2165.77
2024-08-12 05:05:00+00:00,147.11,147.172,147.107,147.149,1956.81
2024-08-12 05:10:00+00:00,147.148,147.172,147.13,147.147,2029.83
2024-08-12 05:15:00+00:00,147.148,147.154,147.133,147.142,796.05
2024-08-12 05:20:00+00:00,147.144,147.155,147.099,147.152,2062.56
2024-08-12 05:25:00+00:00,147.151,147.168,147.133,147.153,1694.52
2024-08-12 05:30:00+00:00,147.153,147.216,147.151,147.208,2719.26
2024-08-12 05:35:00+00:00,147.207,147.207,147.165,147.184,2376.17
2024-08-12 05:40:00+00:00,147.184,147.21,147.139,147.145,1199.34
2024-08-12 05:45:00+00:00,147.147,147.217,147.131,147.206,2862.78
2024-08-12 05:50:00+00:00,147.207,147.222,147.198,147.204,2179.41
2024-08-12 05:55:00+00:00,147.202,147.214,147.167,147.201,692.92
2024-08-12 06:00:00+00:00,147.198,147.218,147.165,147.19,1331.85
2024-08-12 06:05:00+00:00,147.189,147.226,147.157,147.175,3361.62
2024-08-12 06:10:00+00:00,147.174,147.191,147.151,147.182,3055.41
2024-08-12 06:15:00+00:00,147.181,147.249,147.168,147.237,2486.35
2024-08-12 06:20:00+00:00,147.238,147.276,147.234,147.274,2515.92
2024-08-12 06:25:00+00:00,147.272,147.28,147.241,147.26,2206.02
2024-08-12 06:30:00+00:00,147.258,147.273,147.21,147.218,1596.49
2024-08-12 06:35:00+00:00,147.219,147.251,147.212,147.228,2059.12
2024-08-12 06:40:00+00:00,147.229,147.229,147.174,147.176,2028.75
2024-08-12 06:45:00+00:00,147.179,147.252,147.153,147.217,3062.85
2024-08-12 06:50:00+00:00,147.218,147.221,147.169,147.2,2442.84
2024-08-12 06:55:00+00:00,147.199,147.24,147.157,147.224,3341.19
2024-08-12 07:00:00+00:00,147.224,147.225,147.089,147.166,4414.58
2024-08-12 07:05:00+00:00,147.167,147.23,147.131,147.182,3234.09
2024-08-12 07:10:00+00:00,147.182,147.282,147.181,147.233,3810.15
2024-08-12 07:15:00+00:00,147.231,147.234,147.167,147.171,2798.96
2024-08-12 07:20:00+00:00,147.172,147.212,147.155,147.169,4005.78
2024-08-12 07:25:00+00:00,147.168,147.235,147.156,147.221,3289.44
2024-08-12 07:30:00+00:00,147.22,147.244,147.154,147.24,3546.0
2024-08-12 07:35:00+00:00,147.239,147.32,147.231,147.242,3101.13
2024-08-12 07:40:00+00:00,147.242,147.276,147.205,147.265,1772.82
2024-08-12 07:45:00+00:00,147.263,147.289,147.224,147.257,1626.83
2024-08-12 07:50:00+00:00,147.256,147.29,147.241,147.276,1979.7
2024-08-12 07:55:00+00:00,147.277,147.288,147.189,147.218,2767.4
2024-08-12 08:00:00+00:00,147.217,147.281,147.19,147.265,1264.55
2024-08-12 08:05:00+00:00,147.266,147.349,147.264,147.307,2015.97
2024-08-12 08:10:00+00:00,147.305,147.343,147.269,147.318,1831.62
2024-08-12 08:15:00+00:00,147.318,147.323,147.293,147.3,792.6
2024-08-12 08:20:00+00:00,147.3,147.325,147.298,147.309,673.77
2024-08-12 08:25:00+00:00,147.31,147.399,147.31,147.36,1698.7
2024-08-12 08:30:00+00:00,147.361,147.441,147.361,147.421,1883.91
2024-08-12 08:35:00+00:00,147.421,147.443,147.405,147.42,1857.99
2024-08-12 08:40:00+00:00,147.419,147.426,147.39,147.4,1654.38
2024-08-12 08:45:00+00:00,147.399,147.418,147.359,147.407,1324.56
2024-08-12 08:50:00+00:00,147.411,147.422,147.367,147.388,1083.78
2024-08-12 08:55:00+00:00,147.388,147.393,147.357,147.361,1395.69
2024-08-12 09:00:00+00:00,147.354,147.364,147.324,147.34,1286.28
2024-08-12 09:05:00+00:00,147.338,147.374,147.324,147.331,2049.24
2024-08-12 09:10:00+00:00,147.331,147.336,147.207,147.26,2937.99
2024-08-12 09:15:00+00:00,147.26,147.295,147.245,147.283,1800.42
2024-08-12 09:20:00+00:00,147.284,147.308,147.263,147.304,1323.9
2024-08-12 09:25:00+00:00,147.304,147.317,147.283,147.294,1187.13
2024-08-12 09:30:00+00:00,147.294,147.346,147.279,147.321,1511.4
2024-08-12 09:35:00+00:00,147.319,147.382,147.296,147.374,1120.86
2024-08-12 09:40:00+00:00,147.374,147.383,147.359,147.365,982.89
2024-08-12 09:45:00+00:00,147.364,147.378,147.344,147.359,1453.26
2024-08-12 09:50:00+00:00,147.36,147.363,147.286,147.301,1601.52
2024-08-12 09:55:00+00:00,147.302,147.353,147.302,147.318,1595.4
2024-08-12 10:00:00+00:00,147.318,147.344,147.285,147.31,1823.03
2024-08-12 10:05:00+00:00,147.309,147.341,147.309,147.33,2948.25
2024-08-12 10:10:00+00:00,147.33,147.374,147.329,147.351,1552.83
2024-08-12 10:15:00+00:00,147.352,147.368,147.322,147.362,1315.95
2024-08-12 10:20:00+00:00,147.363,147.406,147.357,147.379,1343.46
2024-08-12 10:25:00+00:00,147.38,147.403,147.377,147.385,728.55
2024-08-12 10:30:00+00:00,147.386,147.394,147.366,147.391,1893.69
2024-08-12 10:35:00+00:00,147.391,147.422,147.381,147.416,1944.96
2024-08-12 10:40:00+00:00,147.414,147.421,147.389,147.393,1079.46
2024-08-12 10:45:00+00:00,147.395,147.406,147.384,147.393,569.49
2024-08-12 10:50:00+00:00,147.393,147.426,147.383,147.423,2272.05
2024-08-12 10:55:00+00:00,147.423,147.438,147.403,147.417,1104.32
2024-08-12 11:00:00+00:00,147.417,147.444,147.384,147.392,2813.64
2024-08-12 11:05:00+00:00,147.391,147.468,147.391,147.465,1576.37
2024-08-12 11:10:00+00:00,147.466,147.5,147.444,147.483,2017.24
2024-08-12 11:15:00+00:00,147.483,147.563,147.477,147.563,1549.33
2024-08-12 11:20:00+00:00,147.564,147.616,147.53,147.591,2483.34
2024-08-12 11:25:00+00:00,147.59,147.666,147.56,147.636,3493.55
2024-08-12 11:30:00+00:00,147.635,147.635,147.578,147.594,1536.48
2024-08-12 11:35:00+00:00,147.593,147.632,147.562,147.62,1809.12
2024-08-12 11:40:00+00:00,147.621,147.622,147.56,147.576,1733.02
2024-08-12 11:45:00+00:00,147.573,147.626,147.57,147.585,1252.65
2024-08-12 11:50:00+00:00,147.586,147.603,147.557,147.577,2453.1
2024-08-12 11:55:00+00:00,147.576,147.585,147.541,147.571,1531.35
2024-08-12 12:00:00+00:00,147.575,147.59,147.53,147.531,3521.1
2024-08-12 12:05:00+00:00,147.532,147.591,147.521,147.589,2800.29
2024-08-12 12:10:00+00:00,147.589,147.603,147.542,147.594,3499.44
2024-08-12 12:15:00+00:00,147.595,147.652,147.58,147.585,1928.49
2024-08-12 12:20:00+00:00,147.584,147.611,147.567,147.582,1935.54
2024-08-12 12:25:00+00:00,147.584,147.616,147.578,147.596,1090.26
2024-08-12 12:30:00+00:00,147.599,147.614,147.55,147.594,1805.85
2024-08-12 12:35:00+00:00,147.597,147.604,147.571,147.596,1790.13
2024-08-12 12:40:00+00:00,147.597,147.617,147.583,147.617,1480.29
2024-08-12 12:45:00+00:00,147.615,147.722,147.615,147.686,2613.84
2024-08-12 12:50:00+00:00,147.687,147.737,147.661,147.706,1430.31
2024-08-12 12:55:00+00:00,147.707,147.72,147.693,147.715,1487.82
2024-08-12 13:00:00+00:00,147.716,147.764,147.671,147.761,2437.96
2024-08-12 13:05:00+00:00,147.762,147.852,147.729,147.785,3999.13
2024-08-12 13:10:00+00:00,147.794,148.071,147.787,148.022,4417.57
2024-08-12 13:15:00+00:00,148.021,148.149,148.02,148.082,4486.76
2024-08-12 13:20:00+00:00,148.08,148.152,148.039,148.103,3487.83
2024-08-12 13:25:00+00:00,148.102,148.138,148.088,148.097,2331.79
2024-08-12 13:30:00+00:00,148.107,148.222,148.055,148.185,4477.0
2024-08-12 13:35:00+00:00,148.186,148.204,148.063,148.068,3187.81
2024-08-12 13:40:00+00:00,148.068,148.115,147.913,147.92,4349.82
2024-08-12 13:45:00+00:00,147.921,147.93,147.751,147.794,5663.29
2024-08-12 13:50:00+00:00,147.79,147.913,147.779,147.891,5782.57
2024-08-12 13:55:00+00:00,147.89,147.933,147.704,147.774,5783.73
2024-08-12 14:00:00+00:00,147.776,147.818,147.725,147.774,4027.38
2024-08-12 14:05:00+00:00,147.775,147.849,147.659,147.846,5061.66
2024-08-12 14:10:00+00:00,147.845,147.888,147.805,147.834,1909.65
2024-08-12 14:15:00+00:00,147.835,147.884,147.772,147.788,4300.71
2024-08-12 14:20:00+00:00,147.789,147.872,147.762,147.823,3850.57
2024-08-12 14:25:00+00:00,147.824,147.903,147.792,147.871,3938.16
2024-08-12 14:30:00+00:00,147.869,147.883,147.804,147.823,3923.91
2024-08-12 14:35:00+00:00,147.827,147.875,147.792,147.836,4108.89
2024-08-12 14:40:00+00:00,147.835,147.932,147.819,147.878,4305.22
2024-08-12 14:45:00+00:00,147.88,147.944,147.864,147.878,4556.05
2024-08-12 14:50:00+00:00,147.877,147.912,147.825,147.847,4235.49
2024-08-12 14:55:00+00:00,147.846,147.905,147.807,147.873,4172.92
2024-08-12 15:00:00+00:00,147.874,147.892,147.804,147.837,3641.24
2024-08-12 15:05:00+00:00,147.833,147.854,147.778,147.788,3059.13
2024-08-12 15:10:00+00:00,147.787,147.793,147.664,147.718,4065.74
2024-08-12 15:15:00+00:00,147.717,147.738,147.562,147.626,3945.54
2024-08-12 15:20:00+00:00,147.626,147.676,147.365,147.365,5258.83
2024-08-12 15:25:00+00:00,147.365,147.415,147.245,147.375,5682.3
2024-08-12 15:30:00+00:00,147.373,147.429,147.301,147.412,3524.67
2024-08-12 15:35:00+00:00,147.417,147.466,147.415,147.429,2648.14
2024-08-12 15:40:00+00:00,147.43,147.47,147.344,147.416,2869.41
2024-08-12 15:45:00+00:00,147.414,147.436,147.342,147.421,3929.84
2024-08-12 15:50:00+00:00,147.42,147.502,147.411,147.502,3515.07
2024-08-12 15:55:00+00:00,147.503,147.557,147.502,147.542,2219.88
2024-08-12 16:00:00+00:00,147.544,147.572,147.481,147.487,2003.58
2024-08-12 16:05:00+00:00,147.489,147.498,147.396,147.414,3862.75
2024-08-12 16:10:00+00:00,147.413,147.429,147.341,147.371,2421.18
2024-08-12 16:15:00+00:00,147.37,147.387,147.276,147.345,2464.86
2024-08-12 16:20:00+00:00,147.347,147.426,147.33,147.422,1875.24
2024-08-12 16:25:00+00:00,147.421,147.434,147.327,147.366,1976.61
2024-08-12 16:30:00+00:00,147.364,147.424,147.332,147.411,2553.66
2024-08-12 16:35:00+00:00,147.41,147.429,147.34,147.423,1851.75
2024-08-12 16:40:00+00:00,147.423,147.467,147.404,147.446,3077.25
2024-08-12 16:45:00+00:00,147.447,147.471,147.431,147.441,2382.78
2024-08-12 16:50:00+00:00,147.439,147.483,147.393,147.471,1400.43
2024-08-12 16:55:00+00:00,147.471,147.475,147.329,147.355,2361.75
2024-08-12 17:00:00+00:00,147.353,147.353,147.189,147.244,2478.39
2024-08-12 17:05:00+00:00,147.243,147.301,147.201,147.299,2248.74
2024-08-12 17:10:00+00:00,147.296,147.296,147.144,147.212,1077.09
2024-08-12 17:15:00+00:00,147.213,147.223,147.164,147.197,1789.5
2024-08-12 17:20:00+00:00,147.196,147.338,147.18,147.279,2138.01
2024-08-12 17:25:00+00:00,147.282,147.287,147.198,147.229,3156.06
2024-08-12 17:30:00+00:00,147.229,147.269,147.223,147.248,2445.75
2024-08-12 17:35:00+00:00,147.248,147.267,147.176,147.205,3021.66
2024-08-12 17:40:00+00:00,147.204,147.226,147.115,147.155,2894.64
2024-08-12 17:45:00+00:00,147.156,147.176,147.091,147.094,2387.64
2024-08-12 17:50:00+00:00,147.094,147.169,147.089,147.152,4027.07
2024-08-12 17:55:00+00:00,147.152,147.188,147.142,147.179,3548.97
2024-08-12 18:00:00+00:00,147.18,147.204,147.137,147.162,3402.45
2024-08-12 18:05:00+00:00,147.165,147.166,147.073,147.106,2744.36
2024-08-12 18:10:00+00:00,147.105,147.168,147.092,147.15,2590.95
2024-08-12 18:15:00+00:00,147.149,147.184,147.122,147.166,1313.25
2024-08-12 18:20:00+00:00,147.166,147.189,147.129,147.13,2670.33
2024-08-12 18:25:00+00:00,147.131,147.154,147.113,147.141,1836.51
2024-08-12 18:30:00+00:00,147.14,147.182,147.125,147.17,1711.11
2024-08-12 18:35:00+00:00,147.171,147.187,147.153,147.184,1029.99
2024-08-12 18:40:00+00:00,147.185,147.209,147.179,147.205,1807.74
2024-08-12 18:45:00+00:00,147.206,147.265,147.206,147.265,1524.33
2024-08-12 18:50:00+00:00,147.265,147.313,147.264,147.281,2201.65
2024-08-12 18:55:00+00:00,147.282,147.307,147.254,147.299,2535.09
2024-08-12 19:00:00+00:00,147.299,147.323,147.229,147.23,1644.75
2024-08-12 19:05:00+00:00,147.229,147.23,147.142,147.151,2190.3
2024-08-12 19:10:00+00:00,147.15,147.182,147.141,147.159,2498.7
2024-08-12 19:15:00+00:00,147.155,147.183,147.146,147.175,2051.73
2024-08-12 19:20:00+00:00,147.175,147.2,147.147,147.199,2524.17
2024-08-12 19:25:00+00:00,147.201,147.24,147.176,147.18,2139.3
2024-08-12 19:30:00+00:00,147.181,147.195,147.136,147.145,1899.09
2024-08-12 19:35:00+00:00,147.146,147.168,147.113,147.121,2067.17
2024-08-12 19:40:00+00:00,147.121,147.13,147.04,147.07,1605.84
2024-08-12 19:45:00+00:00,147.07,147.076,147.048,147.071,1748.64
2024-08-12 19:50:00+00:00,147.077,147.139,147.077,147.138,1525.62
2024-08-12 19:55:00+00:00,147.137,147.186,147.126,147.181,1238.13
2024-08-12 20:00:00+00:00,147.181,147.181,147.151,147.152,1416.27
2024-08-12 20:05:00+00:00,147.152,147.184,147.149,147.152,902.16
2024-08-12 20:10:00+00:00,147.153,147.244,147.152,147.236,425.52
2024-08-12 20:15:00+00:00,147.239,147.267,147.223,147.265,498.78
2024-08-12 20:20:00+00:00,147.264,147.275,147.243,147.273,375.54
2024-08-12 20:25:00+00:00,147.274,147.28,147.248,147.254,86.19
2024-08-12 20:30:00+00:00,147.254,147.257,147.244,147.253,313.74
2024-08-12 20:35:00+00:00,147.253,147.254,147.241,147.246,502.17
2024-08-12 20:40:00+00:00,147.247,147.256,147.209,147.213,592.77
2024-08-12 20:45:00+00:00,147.217,147.239,147.206,147.208,1045.17
2024-08-12 20:50:00+00:00,147.208,147.234,147.201,147.215,683.25
2024-08-12 20:55:00+00:00,147.212,147.215,147.171,147.177,837.9
2024-08-12 21:00:00+00:00,147.176,147.176,147.13,147.13,17.25
2024-08-12 21:05:00+00:00,147.15,147.174,147.121,147.121,8.06
2024-08-12 21:10:00+00:00,147.093,147.174,147.093,147.133,22.24
2024-08-12 21:15:00+00:00,147.144,147.174,147.119,147.174,7.05
2024-08-12 21:20:00+00:00,147.134,147.174,147.134,147.164,13.84
2024-08-12 21:25:00+00:00,147.167,147.194,147.138,147.194,216.31
2024-08-12 21:30:00+00:00,147.193,147.201,147.143,147.158,232.2
2024-08-12 21:35:00+00:00,147.16,147.163,147.159,147.163,45.0
2024-08-12 21:40:00+00:00,147.16,147.175,147.132,147.175,94.8
2024-08-12 21:45:00+00:00,147.182,147.208,147.174,147.175,279.9
2024-08-12 21:50:00+00:00,147.175,147.192,147.157,147.168,391.8
2024-08-12 21:55:00+00:00,147.168,147.186,147.158,147.178,262.05
2024-08-12 22:00:00+00:00,147.178,147.221,147.137,147.216,391.35
2024-08-12 22:05:00+00:00,147.213,147.219,147.162,147.193,448.35
2024-08-12 22:10:00+00:00,147.193,147.215,147.147,147.148,728.96
2024-08-12 22:15:00+00:00,147.151,147.18,147.11,147.124,1826.94
2024-08-12 22:20:00+00:00,147.119,147.144,147.105,147.143,1407.6
2024-08-12 22:25:00+00:00,147.144,147.164,147.132,147.142,1233.63
2024-08-12 22:30:00+00:00,147.142,147.16,147.127,147.148,284.37
2024-08-12 22:35:00+00:00,147.15,147.172,147.145,147.157,271.5
2024-08-12 22:40:00+00:00,147.158,147.197,147.155,147.172,347.55
2024-08-12 22:45:00+00:00,147.172,147.179,147.162,147.17,341.7
2024-08-12 22:50:00+00:00,147.17,147.186,147.125,147.151,472.05
2024-08-12 22:55:00+00:00,147.146,147.155,147.129,147.131,551.38
2024-08-12 23:00:00+00:00,147.13,147.168,147.09,147.151,920.1
2024-08-12 23:05:00+00:00,147.151,147.199,147.145,147.187,580.13
2024-08-12 23:10:00+00:00,147.187,147.223,147.156,147.167,1001.05
2024-08-12 23:15:00+00:00,147.169,147.18,147.117,147.133,470.85
2024-08-12 23:20:00+00:00,147.131,147.155,147.122,147.149,664.8
2024-08-12 23:25:00+00:00,147.15,147.15,147.099,147.102,787.69
2024-08-12 23:30:00+00:00,147.101,147.136,147.07,147.074,713.51
2024-08-12 23:35:00+00:00,147.074,147.074,146.936,146.968,949.08
2024-08-12 23:40:00+00:00,146.965,147.015,146.945,146.981,1135.5
2024-08-12 23:45:00+00:00,146.979,147.029,146.914,146.998,1647.42
2024-08-12 23:50:00+00:00,147.0,147.022,146.941,146.985,929.88
2024-08-12 23:55:00+00:00,147.001,147.026,146.939,147.022,1320.33
2024-08-13 00:00:00+00:00,147.023,147.119,147.003,147.094,3696.33
2024-08-13 00:05:00+00:00,147.094,147.157,147.057,147.104,3573.18
2024-08-13 00:10:00+00:00,147.104,147.125,147.046,147.071,3222.66
2024-08-13 00:15:00+00:00,147.072,147.175,147.064,147.152,3729.48
2024-08-13 00:20:00+00:00,147.154,147.193,147.11,147.126,3185.1
2024-08-13 00:25:00+00:00,147.127,147.176,147.127,147.16,2265.79
2024-08-13 00:30:00+00:00,147.16,147.16,147.003,147.044,3306.91
2024-08-13 00:35:00+00:00,147.045,147.11,147.03,147.066,3328.19
2024-08-13 00:40:00+00:00,147.065,147.109,147.028,147.065,3249.85
2024-08-13 00:45:00+00:00,147.067,147.157,147.066,147.141,3022.05
2024-08-13 00:50:00+00:00,147.143,147.293,147.143,147.27,2883.01
2024-08-13 00:55:00+00:00,147.268,147.302,147.259,147.262,3017.65
2024-08-13 01:00:00+00:00,147.262,147.387,147.262,147.304,2465.86
2024-08-13 01:05:00+00:00,147.305,147.357,147.292,147.317,1762.46
2024-08-13 01:10:00+00:00,147.317,147.35,147.266,147.311,2001.52
2024-08-13 01:15:00+00:00,147.311,147.513,147.271,147.506,2377.8
2024-08-13 01:20:00+00:00,147.508,147.51,147.434,147.443,3253.35
2024-08-13 01:25:00+00:00,147.446,147.465,147.409,147.42,1580.91
2024-08-13 01:30:00+00:00,147.419,147.443,147.383,147.43,1199.25
2024-08-13 01:35:00+00:00,147.43,147.442,147.369,147.39,2091.17
2024-08-13 01:40:00+00:00,147.392,147.417,147.35,147.371,2440.62
2024-08-13 01:45:00+00:00,147.375,147.413,147.363,147.413,1407.51
2024-08-13 01:50:00+00:00,147.415,147.439,147.374,147.381,2285.22
2024-08-13 01:55:00+00:00,147.382,147.389,147.306,147.323,699.6
2024-08-13 02:00:00+00:00,147.322,147.323,147.235,147.255,1255.44
2024-08-13 02:05:00+00:00,147.253,147.304,147.239,147.288,1678.76
2024-08-13 02:10:00+00:00,147.289,147.318,147.252,147.256,1876.72
2024-08-13 02:15:00+00:00,147.254,147.299,147.252,147.274,1726.38
2024-08-13 02:20:00+00:00,147.278,147.301,147.251,147.268,1555.54
2024-08-13 02:25:00+00:00,147.268,147.273,147.228,147.272,1255.42
2024-08-13 02:30:00+00:00,147.272,147.326,147.242,147.322,809.7
2024-08-13 02:35:00+00:00,147.321,147.343,147.293,147.342,789.24
2024-08-13 02:40:00+00:00,147.341,147.344,147.309,147.312,1149.9
2024-08-13 02:45:00+00:00,147.313,147.374,147.3,147.365,1217.07
2024-08-13 02:50:00+00:00,147.368,147.389,147.344,147.359,1364.47
2024-08-13 02:55:00+00:00,147.359,147.394,147.353,147.375,694.8
2024-08-13 03:00:00+00:00,147.375,147.38,147.331,147.367,599.67
2024-08-13 03:05:00+00:00,147.366,147.413,147.363,147.4,903.15
2024-08-13 03:10:00+00:00,147.399,147.438,147.38,147.388,1177.73
2024-08-13 03:15:00+00:00,147.387,147.402,147.338,147.34,854.31
2024-08-13 03:20:00+00:00,147.339,147.364,147.332,147.333,839.46
2024-08-13 03:25:00+00:00,147.333,147.348,147.308,147.346,1015.95
2024-08-13 03:30:00+00:00,147.347,147.358,147.33,147.35,1246.59
2024-08-13 03:35:00+00:00,147.349,147.4,147.334,147.381,969.66
2024-08-13 03:40:00+00:00,147.382,147.451,147.382,147.448,1007.16
2024-08-13 03:45:00+00:00,147.45,147.507,147.446,147.474,1629.6
2024-08-13 03:50:00+00:00,147.475,147.476,147.406,147.457,2920.78
2024-08-13 03:55:00+00:00,147.457,147.502,147.437,147.48,1572.69
2024-08-13 04:00:00+00:00,147.481,147.5,147.456,147.471,2318.97
2024-08-13 04:05:00+00:00,147.473,147.488,147.43,147.464,2281.23
2024-08-13 04:10:00+00:00,147.462,147.502,147.441,147.478,990.81
2024-08-13 04:15:00+00:00,147.476,147.497,147.451,147.478,1482.43
2024-08-13 04:20:00+00:00,147.476,147.638,147.469,147.621,2130.79
2024-08-13 04:25:00+00:00,147.621,147.626,147.575,147.594,2017.69
2024-08-13 04:30:00+00:00,147.595,147.694,147.588,147.687,1662.33
2024-08-13 04:35:00+00:00,147.686,147.714,147.66,147.681,2185.08
2024-08-13 04:40:00+00:00,147.682,147.794,147.682,147.763,2280.15
2024-08-13 04:45:00+00:00,147.763,147.772,147.708,147.727,2618.09
2024-08-13 04:50:00+00:00,147.727,147.745,147.694,147.712,1629.03
2024-08-13 04:55:00+00:00,147.712,147.732,147.68,147.714,774.96
2024-08-13 05:00:00+00:00,147.714,147.741,147.686,147.728,1168.56
2024-08-13 05:05:00+00:00,147.726,147.736,147.709,147.714,1032.72
2024-08-13 05:10:00+00:00,147.715,147.715,147.634,147.634,1523.79
2024-08-13 05:15:00+00:00,147.636,147.682,147.612,147.656,1851.28
2024-08-13 05:20:00+00:00,147.657,147.668,147.638,147.66,762.09
2024-08-13 05:25:00+00:00,147.659,147.714,147.654,147.7,1906.95
2024-08-13 05:30:00+00:00,147.699,147.741,147.677,147.739,1348.77
2024-08-13 05:35:00+00:00,147.741,147.792,147.713,147.784,1822.5
2024-08-13 05:40:00+00:00,147.784,147.822,147.761,147.78,2192.88
2024-08-13 05:45:00+00:00,147.779,147.785,147.741,147.759,1348.48
2024-08-13 05:50:00+00:00,147.761,147.817,147.716,147.716,1448.22
2024-08-13 05:55:00+00:00,147.713,147.715,147.6,147.65,2031.11
2024-08-13 06:00:00+00:00,147.65,147.674,147.55,147.572,2986.62
2024-08-13 06:05:00+00:00,147.574,147.681,147.574,147.665,1414.05
2024-08-13 06:10:00+00:00,147.665,147.717,147.64,147.696,2230.55
2024-08-13 06:15:00+00:00,147.697,147.754,147.697,147.728,2551.44
2024-08-13 06:20:00+00:00,147.729,147.796,147.724,147.794,2275.5
2024-08-13 06:25:00+00:00,147.793,147.857,147.786,147.836,3172.23
2024-08-13 06:30:00+00:00,147.837,147.898,147.836,147.881,2485.25
2024-08-13 06:35:00+00:00,147.879,147.882,147.77,147.774,2437.44
2024-08-13 06:40:00+00:00,147.772,147.837,147.772,147.834,936.39
2024-08-13 06:45:00+00:00,147.838,147.891,147.794,147.883,1484.49
2024-08-13 06:50:00+00:00,147.885,147.945,147.885,147.905,1937.34
2024-08-13 06:55:00+00:00,147.899,147.906,147.856,147.883,1034.91
2024-08-13 07:00:00+00:00,147.882,147.921,147.839,147.879,2027.91
2024-08-13 07:05:00+00:00,147.878,147.893,147.83,147.855,2156.18
2024-08-13 07:10:00+00:00,147.856,147.903,147.843,147.857,2613.96
2024-08-13 07:15:00+00:00,147.856,147.915,147.83,147.834,3734.55
2024-08-13 07:20:00+00:00,147.834,147.883,147.778,147.877,2520.45
2024-08-13 07:25:00+00:00,147.88,147.893,147.787,147.809,2520.33
2024-08-13 07:30:00+00:00,147.809,147.899,147.794,147.889,2362.05
2024-08-13 07:35:00+00:00,147.89,147.9,147.801,147.836,2040.03
2024-08-13 07:40:00+00:00,147.839,147.862,147.765,147.852,1683.73
2024-08-13 07:45:00+00:00,147.852,147.945,147.835,147.907,3986.73
2024-08-13 07:50:00+00:00,147.907,147.917,147.861,147.864,3101.91
2024-08-13 07:55:00+00:00,147.865,147.914,147.842,147.854,3096.14
2024-08-13 08:00:00+00:00,147.854,147.891,147.815,147.836,2842.95
2024-08-13 08:05:00+00:00,147.839,147.863,147.803,147.857,2551.22
2024-08-13 08:10:00+00:00,147.859,147.867,147.764,147.802,2323.26
2024-08-13 08:15:00+00:00,147.804,147.814,147.704,147.762,2726.64
2024-08-13 08:20:00+00:00,147.763,147.775,147.666,147.681,3257.72
2024-08-13 08:25:00+00:00,147.686,147.775,147.67,147.757,2144.7
2024-08-13 08:30:00+00:00,147.755,147.76,147.684,147.73,4246.82
2024-08-13 08:35:00+00:00,147.731,147.762,147.726,147.751,2608.77
2024-08-13 08:40:00+00:00,147.75,147.794,147.738,147.758,2306.97
2024-08-13 08:45:00+00:00,147.758,147.837,147.746,147.821,1277.07
2024-08-13 08:50:00+00:00,147.822,147.843,147.792,147.817,1775.49
2024-08-13 08:55:00+00:00,147.822,147.867,147.822,147.842,561.33
2024-08-13 09:00:00+00:00,147.841,147.841,147.741,147.765,1479.15
2024-08-13 09:05:00+00:00,147.764,147.782,147.739,147.749,2322.93
2024-08-13 09:10:00+00:00,147.748,147.809,147.738,147.795,2056.95
2024-08-13 09:15:00+00:00,147.795,147.795,147.739,147.747,863.37
2024-08-13 09:20:00+00:00,147.746,147.773,147.701,147.73,1658.25
2024-08-13 09:25:00+00:00,147.731,147.765,147.713,147.723,2332.44
2024-08-13 09:30:00+00:00,147.724,147.78,147.724,147.764,819.75
2024-08-13 09:35:00+00:00,147.765,147.785,147.751,147.785,358.8
2024-08-13 09:40:00+00:00,147.786,147.837,147.776,147.827,1686.87
2024-08-13 09:45:00+00:00,147.83,147.848,147.803,147.84,1460.49
2024-08-13 09:50:00+00:00,147.839,147.85,147.808,147.809,2523.09
2024-08-13 09:55:00+00:00,147.809,147.919,147.809,147.89,2429.99
2024-08-13 10:00:00+00:00,147.89,147.898,147.83,147.888,3274.55
2024-08-13 10:05:00+00:00,147.887,147.916,147.871,147.874,2997.09
2024-08-13 10:10:00+00:00,147.872,147.873,147.774,147.8,2242.34
2024-08-13 10:15:00+00:00,147.799,147.808,147.774,147.79,550.05
2024-08-13 10:20:00+00:00,147.788,147.788,147.613,147.621,1710.32
2024-08-13 10:25:00+00:00,147.623,147.672,147.591,147.638,2764.68
2024-08-13 10:30:00+00:00,147.637,147.688,147.637,147.665,2569.23
2024-08-13 10:35:00+00:00,147.664,147.665,147.559,147.615,2250.99
2024-08-13 10:40:00+00:00,147.613,147.648,147.588,147.633,3019.51
2024-08-13 10:45:00+00:00,147.633,147.637,147.56,147.591,2342.97
2024-08-13 10:50:00+00:00,147.592,147.592,147.535,147.56,3128.7
2024-08-13 10:55:00+00:00,147.559,147.595,147.53,147.53,3657.36
2024-08-13 11:00:00+00:00,147.534,147.591,147.499,147.578,3555.9
2024-08-13 11:05:00+00:00,147.578,147.613,147.546,147.551,2888.34
2024-08-13 11:10:00+00:00,147.551,147.597,147.535,147.556,2511.81
2024-08-13 11:15:00+00:00,147.557,147.609,147.55,147.592,2705.58
2024-08-13 11:20:00+00:00,147.592,147.6,147.461,147.509,3303.69
2024-08-13 11:25:00+00:00,147.509,147.516,147.404,147.43,3218.2
2024-08-13 11:30:00+00:00,147.43,147.49,147.386,147.414,3415.41
2024-08-13 11:35:00+00:00,147.414,147.45,147.364,147.383,3063.87
2024-08-13 11:40:00+00:00,147.385,147.409,147.352,147.405,3196.26
2024-08-13 11:45:00+00:00,147.404,147.428,147.34,147.359,3935.22
2024-08-13 11:50:00+00:00,147.36,147.379,147.331,147.34,3807.75
2024-08-13 11:55:00+00:00,147.338,147.387,147.311,147.348,4165.53
2024-08-13 12:00:00+00:00,147.349,147.419,147.34,147.4,2575.5
2024-08-13 12:05:00+00:00,147.401,147.465,147.387,147.436,3128.82
2024-08-13 12:10:00+00:00,147.437,147.481,147.428,147.445,1310.13
2024-08-13 12:15:00+00:00,147.446,147.486,147.43,147.444,2148.0
2024-08-13 12:20:00+00:00,147.443,147.48,147.429,147.46,1848.26
2024-08-13 12:25:00+00:00,147.468,147.509,147.41,147.41,1325.82
2024-08-13 12:30:00+00:00,147.409,147.409,147.059,147.305,3156.62
2024-08-13 12:35:00+00:00,147.31,147.473,147.278,147.349,3245.56
2024-08-13 12:40:00+00:00,147.349,147.367,147.251,147.31,4380.24
2024-08-13 12:45:00+00:00,147.312,147.394,147.284,147.34,4247.97
2024-08-13 12:50:00+00:00,147.339,147.406,147.272,147.337,5068.68
2024-08-13 12:55:00+00:00,147.336,147.435,147.306,147.403,4146.85
2024-08-13 13:00:00+00:00,147.409,147.459,147.36,147.389,3839.6
2024-08-13 13:05:00+00:00,147.394,147.471,147.388,147.431,3901.68
2024-08-13 13:10:00+00:00,147.432,147.437,146.846,147.106,6643.36
2024-08-13 13:15:00+00:00,147.105,147.227,147.044,147.136,4656.58
2024-08-13 13:20:00+00:00,147.135,147.195,147.093,147.114,3845.73
2024-08-13 13:25:00+00:00,147.118,147.118,146.935,146.956,4669.66
2024-08-13 13:30:00+00:00,146.955,147.082,146.874,146.972,5141.21
2024-08-13 13:35:00+00:00,146.972,147.04,146.93,147.015,6003.27
2024-08-13 13:40:00+00:00,147.022,147.192,147.02,147.168,4907.22
2024-08-13 13:45:00+00:00,147.167,147.268,147.146,147.158,5022.5
2024-08-13 13:50:00+00:00,147.158,147.219,147.071,147.107,5428.96
2024-08-13 13:55:00+00:00,147.114,147.118,147.025,147.077,3419.39
2024-08-13 14:00:00+00:00,147.078,147.154,147.01,147.034,4865.82
2024-08-13 14:05:00+00:00,147.034,147.09,146.956,147.003,4405.4
2024-08-13 14:10:00+00:00,147.004,147.074,146.965,146.987,3477.13
2024-08-13 14:15:00+00:00,146.983,147.033,146.935,146.948,4162.31
2024-08-13 14:20:00+00:00,146.948,147.02,146.894,147.014,3712.38
2024-08-13 14:25:00+00:00,147.019,147.085,147.003,147.078,2877.44
2024-08-13 14:30:00+00:00,147.077,147.096,147.006,147.074,3596.56
2024-08-13 14:35:00+00:00,147.075,147.17,147.056,147.161,2275.5
2024-08-13 14:40:00+00:00,147.161,147.161,147.077,147.088,2272.92
2024-08-13 14:45:00+00:00,147.09,147.105,146.98,147.008,2276.02
2024-08-13 14:50:00+00:00,147.008,147.067,146.954,146.989,3245.04
2024-08-13 14:55:00+00:00,146.997,147.011,146.953,146.996,3491.38
2024-08-13 15:00:00+00:00,146.995,147.058,146.979,147.002,3045.62
2024-08-13 15:05:00+00:00,147.001,147.064,146.972,147.031,2438.99
2024-08-13 15:10:00+00:00,147.03,147.035,146.975,146.991,2725.86
2024-08-13 15:15:00+00:00,146.991,147.031,146.972,146.979,1563.99
2024-08-13 15:20:00+00:00,146.979,147.017,146.967,147.011,2270.02
2024-08-13 15:25:00+00:00,147.013,147.06,146.958,146.971,3017.7
2024-08-13 15:30:00+00:00,146.971,147.083,146.942,147.079,2279.41
2024-08-13 15:35:00+00:00,147.077,147.092,147.038,147.072,2423.94
2024-08-13 15:40:00+00:00,147.073,147.088,147.041,147.088,3137.95
2024-08-13 15:45:00+00:00,147.086,147.089,147.02,147.038,1660.05
2024-08-13 15:50:00+00:00,147.037,147.047,147.0,147.002,2001.87
2024-08-13 15:55:00+00:00,147.002,147.018,146.965,146.972,2645.01
2024-08-13 16:00:00+00:00,146.971,146.971,146.797,146.868,1630.49
2024-08-13 16:05:00+00:00,146.869,146.877,146.817,146.853,1924.8
2024-08-13 16:10:00+00:00,146.852,146.918,146.851,146.905,2143.11
2024-08-13 16:15:00+00:00,146.904,146.957,146.898,146.937,1250.97
2024-08-13 16:20:00+00:00,146.935,146.966,146.908,146.912,1078.29
2024-08-13 16:25:00+00:00,146.917,146.953,146.901,146.931,1598.61
2024-08-13 16:30:00+00:00,146.931,146.948,146.887,146.89,1787.7
2024-08-13 16:35:00+00:00,146.889,146.889,146.798,146.803,1102.22
2024-08-13 16:40:00+00:00,146.804,146.854,146.803,146.822,1547.67
2024-08-13 16:45:00+00:00,146.819,146.822,146.757,146.797,1847.67
2024-08-13 16:50:00+00:00,146.799,146.85,146.733,146.749,2876.85
2024-08-13 16:55:00+00:00,146.75,146.782,146.704,146.733,2328.24
2024-08-13 17:00:00+00:00,146.733,146.756,146.707,146.752,1793.79
2024-08-13 17:05:00+00:00,146.748,146.777,146.743,146.77,1100.88
2024-08-13 17:10:00+00:00,146.771,146.772,146.738,146.768,1971.21
2024-08-13 17:15:00+00:00,146.767,146.807,146.763,146.789,1886.57
2024-08-13 17:20:00+00:00,146.789,146.843,146.788,146.807,2151.45
2024-08-13 17:25:00+00:00,146.804,146.816,146.787,146.798,3580.08
2024-08-13 17:30:00+00:00,146.8,146.836,146.788,146.809,1156.56
2024-08-13 17:35:00+00:00,146.809,146.846,146.79,146.835,1552.98
2024-08-13 17:40:00+00:00,146.834,146.845,146.824,146.832,638.4
2024-08-13 17:45:00+00:00,146.831,146.858,146.81,146.831,1700.88
2024-08-13 17:50:00+00:00,146.831,146.889,146.826,146.867,1396.77
2024-08-13 17:55:00+00:00,146.866,146.91,146.855,146.901,1270.59
2024-08-13 18:00:00+00:00,146.9,146.902,146.825,146.834,1144.74
2024-08-13 18:05:00+00:00,146.834,146.845,146.815,146.835,630.45
2024-08-13 18:10:00+00:00,146.836,146.844,146.791,146.799,2975.04
2024-08-13 18:15:00+00:00,146.797,146.802,146.699,146.739,1559.19
2024-08-13 18:20:00+00:00,146.736,146.742,146.711,146.726,3435.28
2024-08-13 18:25:00+00:00,146.726,146.761,146.696,146.73,3100.17
2024-08-13 18:30:00+00:00,146.731,146.753,146.696,146.71,2728.93
2024-08-13 18:35:00+00:00,146.715,146.724,146.645,146.724,1982.27
2024-08-13 18:40:00+00:00,146.722,146.753,146.72,146.748,646.29
2024-08-13 18:45:00+00:00,146.752,146.762,146.723,146.759,1265.13
2024-08-13 18:50:00+00:00,146.758,146.769,146.72,146.722,2611.53
2024-08-13 18:55:00+00:00,146.722,146.724,146.661,146.676,2825.71
2024-08-13 19:00:00+00:00,146.677,146.697,146.658,146.66,3211.8
2024-08-13 19:05:00+00:00,146.659,146.66,146.614,146.621,2370.11
2024-08-13 19:10:00+00:00,146.622,146.632,146.596,146.627,1228.92
2024-08-13 19:15:00+00:00,146.626,146.642,146.616,146.641,1782.9
2024-08-13 19:20:00+00:00,146.639,146.654,146.613,146.642,2706.24
2024-08-13 19:25:00+00:00,146.642,146.654,146.625,146.65,3331.41
2024-08-13 19:30:00+00:00,146.65,146.749,146.647,146.747,3461.91
2024-08-13 19:35:00+00:00,146.746,146.758,146.723,146.732,2755.92
2024-08-13 19:40:00+00:00,146.731,146.77,146.729,146.767,2273.7
2024-08-13 19:45:00+00:00,146.767,146.814,146.765,146.772,3083.73
2024-08-13 19:50:00+00:00,146.773,146.805,146.758,146.804,4295.31
2024-08-13 19:55:00+00:00,146.804,146.856,146.804,146.83,3331.41
2024-08-13 20:00:00+00:00,146.828,146.859,146.826,146.843,1730.55
2024-08-13 20:05:00+00:00,146.844,146.872,146.84,146.867,622.89
2024-08-13 20:10:00+00:00,146.868,146.899,146.866,146.874,785.58
2024-08-13 20:15:00+00:00,146.871,146.883,146.846,146.883,302.55
2024-08-13 20:20:00+00:00,146.882,146.886,146.838,146.84,400.98
2024-08-13 20:25:00+00:00,146.84,146.848,146.818,146.819,536.34
2024-08-13 20:30:00+00:00,146.818,146.827,146.788,146.799,2890.32
2024-08-13 20:35:00+00:00,146.808,146.814,146.786,146.806,1644.96
2024-08-13 20:40:00+00:00,146.806,146.813,146.795,146.812,1276.05
2024-08-13 20:45:00+00:00,146.81,146.823,146.803,146.808,1768.08
2024-08-13 20:50:00+00:00,146.807,146.838,146.803,146.83,2041.02
2024-08-13 20:55:00+00:00,146.831,146.858,146.807,146.814,1708.53
2024-08-13 21:00:00+00:00,146.812,146.812,146.602,146.641,6.45
2024-08-13 21:05:00+00:00,146.64,146.808,146.64,146.808,88.47
2024-08-13 21:10:00+00:00,146.806,146.82,146.803,146.818,41.4
2024-08-13 21:15:00+00:00,146.818,146.819,146.81,146.816,23.4
2024-08-13 21:20:00+00:00,146.825,146.833,146.809,146.831,52.56
2024-08-13 21:25:00+00:00,146.832,146.839,146.821,146.827,47.85
2024-08-13 21:30:00+00:00,146.825,146.836,146.822,146.835,76.2
2024-08-13 21:35:00+00:00,146.835,146.848,146.831,146.832,192.75
2024-08-13 21:40:00+00:00,146.833,146.846,146.83,146.84,150.6
2024-08-13 21:45:00+00:00,146.842,146.854,146.838,146.85,184.95
2024-08-13 21:50:00+00:00,146.85,146.855,146.849,146.85,22.5
2024-08-13 21:55:00+00:00,146.855,146.855,146.83,146.83,285.3
2024-08-13 22:00:00+00:00,146.83,146.867,146.821,146.824,419.4
2024-08-13 22:05:00+00:00,146.824,146.844,146.823,146.837,378.15
2024-08-13 22:10:00+00:00,146.837,146.858,146.835,146.849,391.65
2024-08-13 22:15:00+00:00,146.847,146.869,146.833,146.833,1896.07
2024-08-13 22:20:00+00:00,146.838,146.861,146.802,146.818,1154.0
2024-08-13 22:25:00+00:00,146.818,146.847,146.809,146.845,427.35
2024-08-13 22:30:00+00:00,146.846,146.866,146.74,146.742,812.88
2024-08-13 22:35:00+00:00,146.741,146.795,146.735,146.759,637.09
2024-08-13 22:40:00+00:00,146.76,146.777,146.749,146.771,293.19
2024-08-13 22:45:00+00:00,146.772,146.775,146.749,146.756,360.96
2024-08-13 22:50:00+00:00,146.756,146.78,146.754,146.774,165.12
2024-08-13 22:55:00+00:00,146.773,146.823,146.765,146.823,332.1
2024-08-13 23:00:00+00:00,146.823,146.844,146.799,146.8,579.33
2024-08-13 23:05:00+00:00,146.802,146.828,146.779,146.802,773.49
2024-08-13 23:10:00+00:00,146.802,146.826,146.787,146.817,443.67
2024-08-13 23:15:00+00:00,146.815,146.831,146.809,146.827,667.2
2024-08-13 23:20:00+00:00,146.828,146.903,146.827,146.901,632.81
2024-08-13 23:25:00+00:00,146.9,146.902,146.816,146.883,545.7
2024-08-13 23:30:00+00:00,146.882,146.891,146.854,146.868,595.24
2024-08-13 23:35:00+00:00,146.872,146.9,146.87,146.878,446.34
2024-08-13 23:40:00+00:00,146.877,146.961,146.866,146.917,1044.01
2024-08-13 23:45:00+00:00,146.919,146.98,146.883,146.933,1975.59
2024-08-13 23:50:00+00:00,146.934,146.941,146.882,146.892,1582.68
2024-08-13 23:55:00+00:00,146.891,147.013,146.891,146.943,1554.53
2024-08-14 00:00:00+00:00,146.944,147.143,146.916,147.116,3336.8
2024-08-14 00:05:00+00:00,147.117,147.145,147.074,147.099,2082.32
2024-08-14 00:10:00+00:00,147.098,147.098,147.042,147.07,1265.63
2024-08-14 00:15:00+00:00,147.069,147.092,147.012,147.082,2075.64
2024-08-14 00:20:00+00:00,147.081,147.138,147.064,147.071,2247.09
2024-08-14 00:25:00+00:00,147.071,147.092,147.027,147.073,1041.86
2024-08-14 00:30:00+00:00,147.073,147.125,147.011,147.028,1411.74
2024-08-14 00:35:00+00:00,147.028,147.051,146.989,147.034,1115.64
2024-08-14 00:40:00+00:00,147.036,147.057,147.005,147.054,590.58
2024-08-14 00:45:00+00:00,147.055,147.094,147.025,147.039,1418.7
2024-08-14 00:50:00+00:00,147.037,147.06,146.97,147.056,1823.58
2024-08-14 00:55:00+00:00,147.054,147.105,147.028,147.09,1894.89
2024-08-14 01:00:00+00:00,147.089,147.146,147.088,147.126,2632.65
2024-08-14 01:05:00+00:00,147.127,147.185,147.125,147.153,1680.48
2024-08-14 01:10:00+00:00,147.152,147.156,147.062,147.066,741.08
2024-08-14 01:15:00+00:00,147.066,147.069,146.988,147.037,731.15
2024-08-14 01:20:00+00:00,147.038,147.039,146.923,146.977,1059.78
2024-08-14 01:25:00+00:00,146.976,147.017,146.807,146.856,1198.33
2024-08-14 01:30:00+00:00,146.855,146.858,146.748,146.855,1791.88
2024-08-14 01:35:00+00:00,146.854,146.919,146.845,146.895,2699.27
2024-08-14 01:40:00+00:00,146.894,146.921,146.85,146.889,3187.11
2024-08-14 01:45:00+00:00,146.888,146.93,146.818,146.818,2054.84
2024-08-14 01:50:00+00:00,146.818,146.869,146.75,146.789,2645.1
2024-08-14 01:55:00+00:00,146.787,146.874,146.783,146.866,1155.51
2024-08-14 02:00:00+00:00,146.867,146.895,146.768,146.777,1614.39
2024-08-14 02:05:00+00:00,146.779,146.807,146.632,146.691,3236.21
2024-08-14 02:10:00+00:00,146.694,146.723,146.476,146.516,3570.2
2024-08-14 02:15:00+00:00,146.517,146.537,146.369,146.482,2782.16
2024-08-14 02:20:00+00:00,146.482,146.53,146.45,146.504,1874.46
2024-08-14 02:25:00+00:00,146.507,146.567,146.471,146.54,1569.72
2024-08-14 02:30:00+00:00,146.539,146.555,146.44,146.455,2599.29
2024-08-14 02:35:00+00:00,146.456,146.459,146.068,146.26,4618.08
2024-08-14 02:40:00+00:00,146.264,146.345,146.251,146.295,2995.55
2024-08-14 02:45:00+00:00,146.294,146.382,146.278,146.367,2322.09
2024-08-14 02:50:00+00:00,146.37,146.453,146.351,146.389,2537.56
2024-08-14 02:55:00+00:00,146.389,146.529,146.389,146.461,2859.82
2024-08-14 03:00:00+00:00,146.462,146.518,146.412,146.43,1916.0
2024-08-14 03:05:00+00:00,146.429,146.446,146.327,146.443,1565.14
2024-08-14 03:10:00+00:00,146.442,146.485,146.378,146.413,1767.32
2024-08-14 03:15:00+00:00,146.412,146.485,146.378,146.435,2126.64
2024-08-14 03:20:00+00:00,146.439,146.473,146.403,146.424,1782.93
2024-08-14 03:25:00+00:00,146.424,146.564,146.416,146.537,997.08
2024-08-14 03:30:00+00:00,146.543,146.737,146.536,146.699,2574.38
2024-08-14 03:35:00+00:00,146.699,146.775,146.653,146.74,3542.04
2024-08-14 03:40:00+00:00,146.742,146.847,146.73,146.78,2321.13
2024-08-14 03:45:00+00:00,146.781,146.903,146.773,146.867,2327.43
2024-08-14 03:50:00+00:00,146.867,146.899,146.793,146.827,3528.42
2024-08-14 03:55:00+00:00,146.829,146.868,146.765,146.776,2905.01
2024-08-14 04:00:00+00:00,146.775,146.826,146.752,146.805,2220.27
2024-08-14 04:05:00+00:00,146.805,146.904,146.805,146.867,3108.57
2024-08-14 04:10:00+00:00,146.865,146.937,146.806,146.86,2089.02
2024-08-14 04:15:00+00:00,146.859,146.941,146.827,146.914,1581.03
2024-08-14 04:20:00+00:00,146.913,146.932,146.847,146.887,1268.86
2024-08-14 04:25:00+00:00,146.887,147.071,146.863,146.998,1690.01
2024-08-14 04:30:00+00:00,146.998,147.022,146.907,146.916,2119.03
2024-08-14 04:35:00+00:00,146.916,146.949,146.89,146.931,1181.4
2024-08-14 04:40:00+00:00,146.932,147.0,146.906,146.951,1204.56
2024-08-14 04:45:00+00:00,146.947,146.976,146.912,146.975,1445.55
2024-08-14 04:50:00+00:00,146.975,146.977,146.872,146.908,1091.31
2024-08-14 04:55:00+00:00,146.906,146.912,146.851,146.867,1362.09
2024-08-14 05:00:00+00:00,146.866,146.894,146.855,146.856,1217.04
2024-08-14 05:05:00+00:00,146.858,146.868,146.801,146.814,1482.51
2024-08-14 05:10:00+00:00,146.817,146.877,146.79,146.847,1920.99
2024-08-14 05:15:00+00:00,146.849,146.881,146.822,146.824,1827.48
2024-08-14 05:20:00+00:00,146.82,146.845,146.771,146.832,993.75
2024-08-14 05:25:00+00:00,146.831,146.874,146.805,146.865,737.64
2024-08-14 05:30:00+00:00,146.864,146.974,146.864,146.945,1752.22
2024-08-14 05:35:00+00:00,146.945,147.019,146.939,146.952,2027.29
2024-08-14 05:40:00+00:00,146.954,146.988,146.938,146.967,1440.24
2024-08-14 05:45:00+00:00,146.969,147.096,146.969,147.018,1350.39
2024-08-14 05:50:00+00:00,147.019,147.051,146.985,147.006,1741.68
2024-08-14 05:55:00+00:00,147.007,147.087,146.964,147.084,1094.19
2024-08-14 06:00:00+00:00,147.086,147.106,147.007,147.034,2519.69
2024-08-14 06:05:00+00:00,147.035,147.046,146.986,147.005,3133.18
2024-08-14 06:10:00+00:00,147.002,147.014,146.908,146.944,1663.2
2024-08-14 06:15:00+00:00,146.944,147.014,146.905,146.994,2834.02
2024-08-14 06:20:00+00:00,146.992,147.07,146.992,147.046,2560.17
2024-08-14 06:25:00+00:00,147.047,147.203,147.028,147.148,1892.85
2024-08-14 06:30:00+00:00,147.146,147.187,147.104,147.131,3053.5
2024-08-14 06:35:00+00:00,147.133,147.163,147.047,147.117,2370.38
2024-08-14 06:40:00+00:00,147.118,147.299,147.118,147.282,3163.58
2024-08-14 06:45:00+00:00,147.283,147.313,147.231,147.269,3300.15
2024-08-14 06:50:00+00:00,147.269,147.291,147.192,147.236,2629.14
2024-08-14 06:55:00+00:00,147.235,147.242,147.183,147.188,1861.41
2024-08-14 07:00:00+00:00,147.189,147.274,147.176,147.196,1883.49
2024-08-14 07:05:00+00:00,147.195,147.345,147.192,147.257,2557.9
2024-08-14 07:10:00+00:00,147.258,147.268,147.193,147.204,2421.05
2024-08-14 07:15:00+00:00,147.205,147.275,147.191,147.195,2424.89
2024-08-14 07:20:00+00:00,147.194,147.23,147.16,147.204,1878.6
2024-08-14 07:25:00+00:00,147.207,147.227,147.169,147.178,1697.88
2024-08-14 07:30:00+00:00,147.177,147.193,147.108,147.152,1557.77
2024-08-14 07:35:00+00:00,147.153,147.253,147.148,147.237,2408.25
2024-08-14 07:40:00+00:00,147.241,147.256,147.171,147.179,2499.82
2024-08-14 07:45:00+00:00,147.177,147.223,147.177,147.189,1395.45
2024-08-14 07:50:00+00:00,147.19,147.203,147.158,147.202,1536.6
2024-08-14 07:55:00+00:00,147.203,147.422,147.193,147.407,2243.43
2024-08-14 08:00:00+00:00,147.405,147.501,147.378,147.446,3134.75
2024-08-14 08:05:00+00:00,147.452,147.476,147.354,147.355,2036.25
2024-08-14 08:10:00+00:00,147.354,147.375,147.328,147.331,1433.4
2024-08-14 08:15:00+00:00,147.331,147.345,147.284,147.325,2231.61
2024-08-14 08:20:00+00:00,147.326,147.332,147.254,147.259,2029.92
2024-08-14 08:25:00+00:00,147.26,147.306,147.243,147.266,2364.27
2024-08-14 08:30:00+00:00,147.266,147.321,147.201,147.21,1629.2
2024-08-14 08:35:00+00:00,147.211,147.252,147.17,147.224,1531.94
2024-08-14 08:40:00+00:00,147.224,147.295,147.215,147.241,1487.55
2024-08-14 08:45:00+00:00,147.24,147.301,147.156,147.159,1731.3
2024-08-14 08:50:00+00:00,147.157,147.193,147.102,147.123,1066.91
2024-08-14 08:55:00+00:00,147.126,147.15,147.098,147.114,583.28
2024-08-14 09:00:00+00:00,147.113,147.127,147.059,147.07,1315.77
2024-08-14 09:05:00+00:00,147.069,147.108,147.061,147.105,2052.84
2024-08-14 09:10:00+00:00,147.106,147.148,147.095,147.114,1723.44
2024-08-14 09:15:00+00:00,147.114,147.161,147.095,147.138,1396.32
2024-08-14 09:20:00+00:00,147.138,147.143,147.058,147.095,1412.58
2024-08-14 09:25:00+00:00,147.094,147.131,147.078,147.128,855.81
2024-08-14 09:30:00+00:00,147.135,147.139,147.068,147.072,1067.76
2024-08-14 09:35:00+00:00,147.071,147.092,147.052,147.067,1391.88
2024-08-14 09:40:00+00:00,147.067,147.097,147.029,147.034,1083.79
2024-08-14 09:45:00+00:00,147.033,147.072,147.028,147.061,1339.05
2024-08-14 09:50:00+00:00,147.061,147.082,147.05,147.074,1050.76
2024-08-14 09:55:00+00:00,147.075,147.118,147.069,147.101,872.97
2024-08-14 10:00:00+00:00,147.102,147.12,147.082,147.108,471.57
2024-08-14 10:05:00+00:00,147.109,147.13,147.088,147.129,423.78
2024-08-14 10:10:00+00:00,147.13,147.148,147.04,147.04,454.5
2024-08-14 10:15:00+00:00,147.042,147.054,146.999,146.999,1101.9
2024-08-14 10:20:00+00:00,146.999,147.056,146.955,147.023,731.22
2024-08-14 10:25:00+00:00,147.025,147.037,146.972,146.972,357.12
2024-08-14 10:30:00+00:00,146.971,146.98,146.939,146.957,1132.59
2024-08-14 10:35:00+00:00,146.958,146.974,146.933,146.938,645.93
2024-08-14 10:40:00+00:00,146.943,146.997,146.942,146.957,736.89
2024-08-14 10:45:00+00:00,146.959,146.979,146.933,146.936,761.34
2024-08-14 10:50:00+00:00,146.933,146.934,146.848,146.85,1113.51
2024-08-14 10:55:00+00:00,146.851,146.891,146.839,146.87,820.54
2024-08-14 11:00:00+00:00,146.869,146.938,146.869,146.921,967.95
2024-08-14 11:05:00+00:00,146.919,146.928,146.886,146.907,812.13
2024-08-14 11:10:00+00:00,146.91,146.96,146.891,146.952,772.04
2024-08-14 11:15:00+00:00,146.953,146.963,146.932,146.945,437.33
2024-08-14 11:20:00+00:00,146.943,146.959,146.921,146.925,712.44
2024-08-14 11:25:00+00:00,146.924,146.971,146.924,146.944,819.18
2024-08-14 11:30:00+00:00,146.941,146.948,146.889,146.889,795.18
2024-08-14 11:35:00+00:00,146.889,146.896,146.868,146.89,765.77
2024-08-14 11:40:00+00:00,146.89,146.917,146.88,146.89,811.05
2024-08-14 11:45:00+00:00,146.889,146.901,146.828,146.894,1219.05
2024-08-14 11:50:00+00:00,146.895,146.938,146.871,146.923,1586.64
2024-08-14 11:55:00+00:00,146.922,146.931,146.877,146.89,1096.97
2024-08-14 12:00:00+00:00,146.889,146.937,146.882,146.931,659.55
2024-08-14 12:05:00+00:00,146.936,147.0,146.926,146.988,1280.1
2024-08-14 12:10:00+00:00,146.989,147.018,146.965,147.011,1017.51
2024-08-14 12:15:00+00:00,147.009,147.043,146.996,147.025,1346.28
2024-08-14 12:20:00+00:00,147.021,147.029,146.95,146.97,1595.4
2024-08-14 12:25:00+00:00,146.971,146.997,146.86,146.872,1351.41
2024-08-14 12:30:00+00:00,146.866,147.578,146.505,147.382,4072.59
2024-08-14 12:35:00+00:00,147.383,147.426,147.215,147.317,3062.8
2024-08-14 12:40:00+00:00,147.313,147.32,147.14,147.244,2488.87
2024-08-14 12:45:00+00:00,147.245,147.358,147.235,147.293,2733.62
2024-08-14 12:50:00+00:00,147.291,147.386,147.237,147.312,2484.17
2024-08-14 12:55:00+00:00,147.312,147.352,147.255,147.31,2124.13
2024-08-14 13:00:00+00:00,147.311,147.404,147.244,147.369,2548.86
2024-08-14 13:05:00+00:00,147.369,147.44,147.199,147.221,2637.35
2024-08-14 13:10:00+00:00,147.219,147.339,147.16,147.318,2420.17
2024-08-14 13:15:00+00:00,147.319,147.385,147.287,147.382,2278.71
2024-08-14 13:20:00+00:00,147.384,147.42,147.33,147.36,1928.31
2024-08-14 13:25:00+00:00,147.358,147.365,147.247,147.316,1595.13
2024-08-14 13:30:00+00:00,147.315,147.406,147.157,147.161,2566.7
2024-08-14 13:35:00+00:00,147.155,147.215,147.121,147.18,2906.7
2024-08-14 13:40:00+00:00,147.179,147.19,146.915,146.929,2405.64
2024-08-14 13:45:00+00:00,146.937,147.044,146.913,147.021,1863.48
2024-08-14 13:50:00+00:00,147.018,147.092,146.995,147.024,1610.84
2024-08-14 13:55:00+00:00,147.022,147.074,146.949,146.959,1816.74
2024-08-14 14:00:00+00:00,146.961,146.983,146.882,146.967,1471.29
2024-08-14 14:05:00+00:00,146.964,146.996,146.832,146.869,1614.55
2024-08-14 14:10:00+00:00,146.87,146.88,146.751,146.863,1881.68
2024-08-14 14:15:00+00:00,146.864,146.935,146.852,146.922,2108.9
2024-08-14 14:20:00+00:00,146.927,147.007,146.902,146.933,1922.79
2024-08-14 14:25:00+00:00,146.932,146.937,146.848,146.861,1706.02
2024-08-14 14:30:00+00:00,146.86,146.911,146.67,146.71,2165.13
2024-08-14 14:35:00+00:00,146.711,146.747,146.634,146.667,2455.65
2024-08-14 14:40:00+00:00,146.667,146.759,146.655,146.687,2360.99
2024-08-14 14:45:00+00:00,146.689,146.734,146.625,146.688,2258.38
2024-08-14 14:50:00+00:00,146.685,146.685,146.573,146.647,2170.16
2024-08-14 14:55:00+00:00,146.648,146.808,146.648,146.76,2281.0
2024-08-14 15:00:00+00:00,146.764,146.81,146.719,146.77,2160.66
2024-08-14 15:05:00+00:00,146.77,146.781,146.706,146.712,1496.13
2024-08-14 15:10:00+00:00,146.711,146.764,146.676,146.727,1170.55
2024-08-14 15:15:00+00:00,146.724,146.756,146.668,146.676,1679.25
2024-08-14 15:20:00+00:00,146.678,146.721,146.635,146.659,1151.33
2024-08-14 15:25:00+00:00,146.659,146.734,146.655,146.728,984.96
2024-08-14 15:30:00+00:00,146.728,146.821,146.727,146.816,1951.35
2024-08-14 15:35:00+00:00,146.816,146.85,146.793,146.83,1227.3
2024-08-14 15:40:00+00:00,146.831,146.874,146.816,146.828,954.35
2024-08-14 15:45:00+00:00,146.828,146.864,146.817,146.829,1445.11
2024-08-14 15:50:00+00:00,146.832,146.861,146.802,146.84,667.09
2024-08-14 15:55:00+00:00,146.839,146.887,146.832,146.866,438.21
2024-08-14 16:00:00+00:00,146.865,146.913,146.837,146.901,990.78
2024-08-14 16:05:00+00:00,146.9,146.944,146.897,146.913,1418.92
2024-08-14 16:10:00+00:00,146.913,146.966,146.904,146.948,1023.03
2024-08-14 16:15:00+00:00,146.948,146.96,146.91,146.93,1264.05
2024-08-14 16:20:00+00:00,146.93,146.945,146.858,146.88,1014.9
2024-08-14 16:25:00+00:00,146.881,146.909,146.821,146.883,1209.63
2024-08-14 16:30:00+00:00,146.883,146.899,146.837,146.869,1109.01
2024-08-14 16:35:00+00:00,146.868,146.9,146.853,146.897,1116.81
2024-08-14 16:40:00+00:00,146.898,146.918,146.817,146.848,1412.28
2024-08-14 16:45:00+00:00,146.847,146.929,146.84,146.916,1573.08
2024-08-14 16:50:00+00:00,146.915,146.964,146.912,146.938,1093.2
2024-08-14 16:55:00+00:00,146.938,146.958,146.921,146.946,542.1
2024-08-14 17:00:00+00:00,146.945,147.004,146.933,147.001,1187.58
2024-08-14 17:05:00+00:00,147.003,147.057,146.996,147.039,1511.07
2024-08-14 17:10:00+00:00,147.042,147.063,147.01,147.045,1102.34
2024-08-14 17:15:00+00:00,147.046,147.132,147.046,147.13,1263.01
2024-08-14 17:20:00+00:00,147.131,147.17,147.119,147.15,822.57
2024-08-14 17:25:00+00:00,147.15,147.19,147.141,147.169,1021.95
2024-08-14 17:30:00+00:00,147.17,147.218,147.165,147.211,590.46
2024-08-14 17:35:00+00:00,147.211,147.222,147.14,147.183,390.57
2024-08-14 17:40:00+00:00,147.184,147.234,147.184,147.229,359.48
2024-08-14 17:45:00+00:00,147.233,147.261,147.227,147.237,537.55
2024-08-14 17:50:00+00:00,147.237,147.26,147.204,147.249,894.54
2024-08-14 17:55:00+00:00,147.249,147.254,147.208,147.21,1156.53
2024-08-14 18:00:00+00:00,147.21,147.222,147.163,147.198,1494.61
2024-08-14 18:05:00+00:00,147.204,147.234,147.188,147.208,425.61
2024-08-14 18:10:00+00:00,147.207,147.218,147.193,147.212,626.76
2024-08-14 18:15:00+00:00,147.212,147.221,147.191,147.201,280.89
2024-08-14 18:20:00+00:00,147.2,147.211,147.187,147.204,393.19
2024-08-14 18:25:00+00:00,147.203,147.257,147.194,147.254,1516.57
2024-08-14 18:30:00+00:00,147.254,147.261,147.226,147.238,946.58
2024-08-14 18:35:00+00:00,147.238,147.258,147.208,147.238,440.19
2024-08-14 18:40:00+00:00,147.238,147.256,147.234,147.248,820.2
2024-08-14 18:45:00+00:00,147.247,147.252,147.237,147.252,143.82
2024-08-14 18:50:00+00:00,147.249,147.262,147.24,147.259,564.75
2024-08-14 18:55:00+00:00,147.26,147.265,147.242,147.242,328.74
2024-08-14 19:00:00+00:00,147.244,147.274,147.242,147.273,360.3
2024-08-14 19:05:00+00:00,147.274,147.275,147.248,147.252,159.75
2024-08-14 19:10:00+00:00,147.254,147.262,147.202,147.219,725.1
2024-08-14 19:15:00+00:00,147.217,147.274,147.216,147.272,984.87
2024-08-14 19:20:00+00:00,147.271,147.277,147.264,147.27,335.55
2024-08-14 19:25:00+00:00,147.273,147.282,147.264,147.272,141.75
2024-08-14 19:30:00+00:00,147.272,147.291,147.269,147.272,448.56
2024-08-14 19:35:00+00:00,147.272,147.287,147.267,147.28,630.15
2024-08-14 19:40:00+00:00,147.282,147.301,147.27,147.292,681.9
2024-08-14 19:45:00+00:00,147.291,147.326,147.29,147.325,493.33
2024-08-14 19:50:00+00:00,147.325,147.356,147.325,147.354,693.3
2024-08-14 19:55:00+00:00,147.356,147.378,147.333,147.342,563.73
2024-08-14 20:00:00+00:00,147.341,147.391,147.341,147.382,270.75
2024-08-14 20:05:00+00:00,147.386,147.402,147.386,147.396,133.8
2024-08-14 20:10:00+00:00,147.394,147.423,147.39,147.419,214.5
2024-08-14 20:15:00+00:00,147.421,147.429,147.411,147.422,462.99
2024-08-14 20:20:00+00:00,147.423,147.439,147.42,147.431,235.33
2024-08-14 20:25:00+00:00,147.431,147.439,147.427,147.428,279.57
2024-08-14 20:30:00+00:00,147.428,147.428,147.418,147.419,220.74
2024-08-14 20:35:00+00:00,147.418,147.419,147.383,147.385,630.75
2024-08-14 20:40:00+00:00,147.385,147.392,147.349,147.352,965.87
2024-08-14 20:45:00+00:00,147.351,147.361,147.298,147.298,290.25
2024-08-14 20:50:00+00:00,147.3,147.346,147.291,147.321,393.99
2024-08-14 20:55:00+00:00,147.32,147.346,147.291,147.31,1014.48
2024-08-14 21:00:00+00:00,147.308,147.308,147.233,147.239,15.96
2024-08-14 21:05:00+00:00,147.237,147.259,147.222,147.225,27.3
2024-08-14 21:10:00+00:00,147.224,147.237,147.221,147.236,26.7
2024-08-14 21:15:00+00:00,147.228,147.234,147.219,147.229,47.7
2024-08-14 21:20:00+00:00,147.229,147.23,147.217,147.219,36.3
2024-08-14 21:25:00+00:00,147.217,147.219,147.214,147.217,17.1
2024-08-14 21:30:00+00:00,147.219,147.223,147.213,147.219,55.2
2024-08-14 21:35:00+00:00,147.219,147.237,147.219,147.237,43.8
2024-08-14 21:40:00+00:00,147.237,147.237,147.236,147.237,9.0
2024-08-14 21:45:00+00:00,147.237,147.237,147.233,147.237,27.6
2024-08-14 21:50:00+00:00,147.235,147.237,147.216,147.219,42.0
2024-08-14 21:55:00+00:00,147.219,147.256,147.219,147.25,53.7
2024-08-14 22:00:00+00:00,147.249,147.259,147.197,147.2,517.12
2024-08-14 22:05:00+00:00,147.202,147.207,147.148,147.148,151.8
2024-08-14 22:10:00+00:00,147.148,147.21,147.147,147.19,273.0
2024-08-14 22:15:00+00:00,147.19,147.199,147.177,147.186,204.45
2024-08-14 22:20:00+00:00,147.182,147.189,147.163,147.172,482.55
2024-08-14 22:25:00+00:00,147.172,147.172,147.158,147.161,278.07
2024-08-14 22:30:00+00:00,147.165,147.191,147.162,147.189,255.15
2024-08-14 22:35:00+00:00,147.19,147.233,147.184,147.227,245.85
2024-08-14 22:40:00+00:00,147.224,147.26,147.222,147.244,334.95
2024-08-14 22:45:00+00:00,147.244,147.297,147.243,147.258,311.93
2024-08-14 22:50:00+00:00,147.261,147.309,147.253,147.256,250.95
2024-08-14 22:55:00+00:00,147.252,147.305,147.251,147.288,257.34
2024-08-14 23:00:00+00:00,147.284,147.359,147.277,147.321,799.02
2024-08-14 23:05:00+00:00,147.321,147.359,147.312,147.348,370.56
2024-08-14 23:10:00+00:00,147.349,147.395,147.346,147.376,502.65
2024-08-14 23:15:00+00:00,147.376,147.404,147.342,147.353,451.2
2024-08-14 23:20:00+00:00,147.352,147.363,147.309,147.353,504.0
2024-08-14 23:25:00+00:00,147.357,147.376,147.337,147.369,429.6
2024-08-14 23:30:00+00:00,147.368,147.368,147.326,147.349,246.27
2024-08-14 23:35:00+00:00,147.349,147.349,147.288,147.324,404.13
2024-08-14 23:40:00+00:00,147.325,147.344,147.303,147.334,397.89
2024-08-14 23:45:00+00:00,147.32,147.326,147.283,147.294,460.17
2024-08-14 23:50:00+00:00,147.294,147.297,147.216,147.26,463.11
2024-08-14 23:55:00+00:00,147.264,147.289,147.247,147.272,529.38
2024-08-15 00:00:00+00:00,147.273,147.354,147.269,147.306,1367.05
2024-08-15 00:05:00+00:00,147.305,147.305,147.211,147.228,1096.79
2024-08-15 00:10:00+00:00,147.229,147.243,147.182,147.206,838.13
2024-08-15 00:15:00+00:00,147.205,147.247,147.172,147.243,636.9
2024-08-15 00:20:00+00:00,147.244,147.322,147.244,147.307,1225.31
2024-08-15 00:25:00+00:00,147.306,147.31,147.267,147.282,809.49
2024-08-15 00:30:00+00:00,147.283,147.291,147.246,147.268,703.8
2024-08-15 00:35:00+00:00,147.269,147.291,147.246,147.257,431.41
2024-08-15 00:40:00+00:00,147.256,147.322,147.241,147.316,866.98
2024-08-15 00:45:00+00:00,147.316,147.321,147.279,147.289,744.41
2024-08-15 00:50:00+00:00,147.288,147.327,147.154,147.287,1621.33
2024-08-15 00:55:00+00:00,147.282,147.282,147.186,147.229,1292.67
2024-08-15 01:00:00+00:00,147.229,147.279,147.197,147.272,1116.6
2024-08-15 01:05:00+00:00,147.272,147.371,147.262,147.305,1292.97
2024-08-15 01:10:00+00:00,147.303,147.352,147.275,147.35,1334.67
2024-08-15 01:15:00+00:00,147.352,147.379,147.334,147.355,1445.17
2024-08-15 01:20:00+00:00,147.355,147.38,147.34,147.365,1189.45
2024-08-15 01:25:00+00:00,147.365,147.423,147.347,147.387,826.85
2024-08-15 01:30:00+00:00,147.386,147.497,147.363,147.481,1664.16
2024-08-15 01:35:00+00:00,147.482,147.529,147.432,147.515,1553.49
2024-08-15 01:40:00+00:00,147.514,147.54,147.483,147.501,1729.72
2024-08-15 01:45:00+00:00,147.5,147.512,147.43,147.471,1368.43
2024-08-15 01:50:00+00:00,147.47,147.609,147.455,147.549,1469.24
2024-08-15 01:55:00+00:00,147.548,147.588,147.509,147.518,1422.62
2024-08-15 02:00:00+00:00,147.517,147.517,147.414,147.476,1388.05
2024-08-15 02:05:00+00:00,147.476,147.554,147.456,147.501,1335.56
2024-08-15 02:10:00+00:00,147.501,147.506,147.45,147.463,895.29
2024-08-15 02:15:00+00:00,147.464,147.504,147.425,147.459,1282.75
2024-08-15 02:20:00+00:00,147.458,147.526,147.456,147.518,778.98
2024-08-15 02:25:00+00:00,147.521,147.584,147.494,147.578,853.23
2024-08-15 02:30:00+00:00,147.578,147.584,147.545,147.561,564.72
2024-08-15 02:35:00+00:00,147.554,147.576,147.514,147.536,510.51
2024-08-15 02:40:00+00:00,147.536,147.547,147.469,147.476,773.1
2024-08-15 02:45:00+00:00,147.475,147.504,147.454,147.497,498.6
2024-08-15 02:50:00+00:00,147.498,147.506,147.442,147.461,476.78
2024-08-15 02:55:00+00:00,147.462,147.471,147.422,147.463,397.65
2024-08-15 03:00:00+00:00,147.46,147.472,147.409,147.424,920.01
2024-08-15 03:05:00+00:00,147.425,147.425,147.369,147.406,834.79
2024-08-15 03:10:00+00:00,147.406,147.407,147.364,147.384,609.18
2024-08-15 03:15:00+00:00,147.384,147.393,147.37,147.385,377.97
2024-08-15 03:20:00+00:00,147.385,147.417,147.361,147.414,883.2
2024-08-15 03:25:00+00:00,147.413,147.44,147.407,147.42,774.66
2024-08-15 03:30:00+00:00,147.421,147.441,147.388,147.403,429.66
2024-08-15 03:35:00+00:00,147.405,147.409,147.385,147.396,364.98
2024-08-15 03:40:00+00:00,147.397,147.399,147.337,147.37,515.55
2024-08-15 03:45:00+00:00,147.371,147.405,147.339,147.381,654.93
2024-08-15 03:50:00+00:00,147.381,147.396,147.361,147.387,673.01
2024-08-15 03:55:00+00:00,147.386,147.419,147.385,147.402,572.49
2024-08-15 04:00:00+00:00,147.402,147.416,147.366,147.366,496.95
2024-08-15 04:05:00+00:00,147.368,147.374,147.263,147.268,740.11
2024-08-15 04:10:00+00:00,147.268,147.294,147.248,147.289,1017.25
2024-08-15 04:15:00+00:00,147.291,147.318,147.286,147.289,862.77
2024-08-15 04:20:00+00:00,147.291,147.312,147.279,147.307,349.05
2024-08-15 04:25:00+00:00,147.308,147.338,147.272,147.276,649.05
2024-08-15 04:30:00+00:00,147.276,147.291,147.232,147.257,859.42
2024-08-15 04:35:00+00:00,147.257,147.311,147.257,147.27,925.24
2024-08-15 04:40:00+00:00,147.27,147.301,147.255,147.257,682.2
2024-08-15 04:45:00+00:00,147.253,147.261,147.233,147.255,881.91
2024-08-15 04:50:00+00:00,147.253,147.283,147.238,147.279,525.72
2024-08-15 04:55:00+00:00,147.282,147.289,147.254,147.267,596.76
2024-08-15 05:00:00+00:00,147.267,147.295,147.242,147.292,885.84
2024-08-15 05:05:00+00:00,147.293,147.337,147.283,147.321,1033.53
2024-08-15 05:10:00+00:00,147.322,147.346,147.304,147.304,462.03
2024-08-15 05:15:00+00:00,147.305,147.319,147.299,147.3,146.13
2024-08-15 05:20:00+00:00,147.307,147.311,147.179,147.19,975.6
2024-08-15 05:25:00+00:00,147.191,147.192,147.156,147.171,918.33
2024-08-15 05:30:00+00:00,147.171,147.189,147.12,147.128,912.18
2024-08-15 05:35:00+00:00,147.128,147.174,147.099,147.172,590.07
2024-08-15 05:40:00+00:00,147.172,147.174,147.137,147.166,724.23
2024-08-15 05:45:00+00:00,147.167,147.17,147.121,147.167,956.64
2024-08-15 05:50:00+00:00,147.167,147.167,147.053,147.073,1250.1
2024-08-15 05:55:00+00:00,147.073,147.152,147.054,147.137,905.77
2024-08-15 06:00:00+00:00,147.14,147.184,147.118,147.135,890.28
2024-08-15 06:05:00+00:00,147.136,147.172,147.111,147.151,645.99
2024-08-15 06:10:00+00:00,147.15,147.215,147.144,147.178,567.36
2024-08-15 06:15:00+00:00,147.176,147.194,147.128,147.149,814.26
2024-08-15 06:20:00+00:00,147.149,147.183,147.105,147.173,1109.94
2024-08-15 06:25:00+00:00,147.175,147.228,147.162,147.224,596.81
2024-08-15 06:30:00+00:00,147.225,147.279,147.21,147.264,763.63
2024-08-15 06:35:00+00:00,147.264,147.333,147.263,147.321,1065.97
2024-08-15 06:40:00+00:00,147.318,147.328,147.252,147.287,776.59
2024-08-15 06:45:00+00:00,147.289,147.291,147.231,147.244,753.11
2024-08-15 06:50:00+00:00,147.245,147.264,147.181,147.181,864.3
2024-08-15 06:55:00+00:00,147.181,147.2,147.131,147.164,633.0
2024-08-15 07:00:00+00:00,147.163,147.206,147.103,147.104,1434.91
2024-08-15 07:05:00+00:00,147.104,147.17,147.094,147.15,1304.52
2024-08-15 07:10:00+00:00,147.149,147.227,147.149,147.221,1394.28
2024-08-15 07:15:00+00:00,147.222,147.252,147.195,147.238,1299.06
2024-08-15 07:20:00+00:00,147.24,147.263,147.231,147.239,824.82
2024-08-15 07:25:00+00:00,147.238,147.263,147.197,147.245,837.03
2024-08-15 07:30:00+00:00,147.245,147.246,147.183,147.224,1071.27
2024-08-15 07:35:00+00:00,147.225,147.262,147.223,147.233,811.27
2024-08-15 07:40:00+00:00,147.232,147.232,147.152,147.159,676.89
2024-08-15 07:45:00+00:00,147.159,147.194,147.149,147.181,695.04
2024-08-15 07:50:00+00:00,147.182,147.184,147.121,147.13,611.49
2024-08-15 07:55:00+00:00,147.132,147.214,147.132,147.21,567.06
2024-08-15 08:00:00+00:00,147.212,147.27,147.21,147.262,1194.74
2024-08-15 08:05:00+00:00,147.262,147.281,147.202,147.205,1193.96
2024-08-15 08:10:00+00:00,147.205,147.291,147.204,147.265,1102.89
2024-08-15 08:15:00+00:00,147.265,147.277,147.208,147.226,927.63
2024-08-15 08:20:00+00:00,147.232,147.286,147.225,147.276,391.26
2024-08-15 08:25:00+00:00,147.277,147.352,147.276,147.338,916.97
2024-08-15 08:30:00+00:00,147.338,147.392,147.31,147.314,1140.58
2024-08-15 08:35:00+00:00,147.311,147.329,147.267,147.287,1385.37
2024-08-15 08:40:00+00:00,147.286,147.316,147.28,147.308,917.88
2024-08-15 08:45:00+00:00,147.308,147.334,147.28,147.285,794.37
2024-08-15 08:50:00+00:00,147.284,147.326,147.265,147.308,522.3
2024-08-15 08:55:00+00:00,147.309,147.338,147.308,147.333,854.34
2024-08-15 09:00:00+00:00,147.332,147.358,147.317,147.345,1143.33
2024-08-15 09:05:00+00:00,147.344,147.371,147.322,147.334,382.35
2024-08-15 09:10:00+00:00,147.333,147.382,147.332,147.375,1041.6
2024-08-15 09:15:00+00:00,147.376,147.393,147.334,147.342,778.11
2024-08-15 09:20:00+00:00,147.341,147.37,147.339,147.367,482.49
2024-08-15 09:25:00+00:00,147.369,147.382,147.337,147.372,623.7
2024-08-15 09:30:00+00:00,147.374,147.427,147.374,147.414,729.99
2024-08-15 09:35:00+00:00,147.414,147.434,147.407,147.421,457.2
2024-08-15 09:40:00+00:00,147.422,147.448,147.419,147.429,505.05
2024-08-15 09:45:00+00:00,147.428,147.43,147.395,147.401,562.89
2024-08-15 09:50:00+00:00,147.4,147.4,147.341,147.361,1226.34
2024-08-15 09:55:00+00:00,147.364,147.392,147.364,147.374,681.16
2024-08-15 10:00:00+00:00,147.377,147.382,147.349,147.355,630.62
2024-08-15 10:05:00+00:00,147.355,147.375,147.307,147.328,525.9
2024-08-15 10:10:00+00:00,147.329,147.359,147.269,147.276,693.58
2024-08-15 10:15:00+00:00,147.28,147.285,147.246,147.265,403.05
2024-08-15 10:20:00+00:00,147.263,147.281,147.218,147.223,435.06
2024-08-15 10:25:00+00:00,147.224,147.28,147.218,147.275,411.2
2024-08-15 10:30:00+00:00,147.274,147.29,147.249,147.26,672.57
2024-08-15 10:35:00+00:00,147.259,147.276,147.253,147.261,334.5
2024-08-15 10:40:00+00:00,147.262,147.288,147.251,147.253,577.41
2024-08-15 10:45:00+00:00,147.254,147.27,147.219,147.262,545.7
2024-08-15 10:50:00+00:00,147.262,147.267,147.202,147.222,551.07
2024-08-15 10:55:00+00:00,147.223,147.253,147.208,147.229,600.15
2024-08-15 11:00:00+00:00,147.229,147.244,147.19,147.213,1063.51
2024-08-15 11:05:00+00:00,147.213,147.231,147.178,147.189,925.83
2024-08-15 11:10:00+00:00,147.188,147.287,147.179,147.287,893.91
2024-08-15 11:15:00+00:00,147.286,147.314,147.283,147.313,1131.59
2024-08-15 11:20:00+00:00,147.313,147.329,147.283,147.326,757.24
2024-08-15 11:25:00+00:00,147.326,147.326,147.298,147.304,799.14
2024-08-15 11:30:00+00:00,147.303,147.316,147.26,147.284,2122.58
2024-08-15 11:35:00+00:00,147.281,147.295,147.258,147.279,1584.48
2024-08-15 11:40:00+00:00,147.278,147.28,147.228,147.255,1215.93
2024-08-15 11:45:00+00:00,147.256,147.309,147.234,147.303,565.14
2024-08-15 11:50:00+00:00,147.305,147.312,147.229,147.253,1578.51
2024-08-15 11:55:00+00:00,147.254,147.275,147.205,147.219,1416.45
2024-08-15 12:00:00+00:00,147.218,147.269,147.191,147.256,1858.74
2024-08-15 12:05:00+00:00,147.256,147.256,147.222,147.242,2308.77
2024-08-15 12:10:00+00:00,147.242,147.256,147.23,147.231,1128.72
2024-08-15 12:15:00+00:00,147.231,147.266,147.184,147.258,1914.27
2024-08-15 12:20:00+00:00,147.257,147.307,147.255,147.291,1286.1
2024-08-15 12:25:00+00:00,147.292,147.316,147.223,147.224,753.42
2024-08-15 12:30:00+00:00,147.271,148.48,147.271,148.423,4005.31
2024-08-15 12:35:00+00:00,148.42,148.665,148.346,148.652,3899.86
2024-08-15 12:40:00+00:00,148.655,148.834,148.633,148.763,4794.44
2024-08-15 12:45:00+00:00,148.762,148.897,148.722,148.892,3830.27
2024-08-15 12:50:00+00:00,148.897,149.079,148.89,149.044,2981.85
2024-08-15 12:55:00+00:00,149.042,149.156,148.94,148.957,3119.62
2024-08-15 13:00:00+00:00,148.959,149.11,148.905,149.11,3325.86
2024-08-15 13:05:00+00:00,149.108,149.322,149.056,149.203,3005.31
2024-08-15 13:10:00+00:00,149.202,149.234,149.106,149.14,1970.52
2024-08-15 13:15:00+00:00,149.14,149.141,148.949,149.087,2104.43
2024-08-15 13:20:00+00:00,149.087,149.115,148.906,148.947,2198.68
2024-08-15 13:25:00+00:00,148.947,149.047,148.866,149.043,2387.73
2024-08-15 13:30:00+00:00,149.041,149.087,148.906,148.926,2385.96
2024-08-15 13:35:00+00:00,148.927,149.057,148.899,149.013,2297.56
2024-08-15 13:40:00+00:00,149.012,149.101,148.941,149.043,2611.73
2024-08-15 13:45:00+00:00,149.047,149.185,149.041,149.178,2278.56
2024-08-15 13:50:00+00:00,149.176,149.177,149.05,149.067,2930.81
2024-08-15 13:55:00+00:00,149.066,149.155,149.055,149.077,3046.05
2024-08-15 14:00:00+00:00,149.075,149.152,148.988,149.006,4238.49
2024-08-15 14:05:00+00:00,149.007,149.007,148.901,148.923,5096.59
2024-08-15 14:10:00+00:00,148.921,148.936,148.83,148.897,4588.08
2024-08-15 14:15:00+00:00,148.897,148.925,148.779,148.814,5126.23
2024-08-15 14:20:00+00:00,148.813,148.897,148.811,148.882,3407.1
2024-08-15 14:25:00+00:00,148.88,148.881,148.78,148.834,3749.19
2024-08-15 14:30:00+00:00,148.835,148.961,148.834,148.909,4709.93
2024-08-15 14:35:00+00:00,148.908,148.976,148.856,148.911,3636.84
2024-08-15 14:40:00+00:00,148.91,149.011,148.909,148.997,4088.0
2024-08-15 14:45:00+00:00,148.998,149.059,148.961,149.003,4619.37
2024-08-15 14:50:00+00:00,149.001,149.066,149.001,149.021,4152.3
2024-08-15 14:55:00+00:00,149.02,149.063,148.972,149.035,4289.01
2024-08-15 15:00:00+00:00,149.033,149.034,148.949,148.952,2246.77
2024-08-15 15:05:00+00:00,148.955,149.024,148.937,148.993,1857.45
2024-08-15 15:10:00+00:00,148.993,149.0,148.88,148.907,2384.28
2024-08-15 15:15:00+00:00,148.906,148.941,148.891,148.904,1578.81
2024-08-15 15:20:00+00:00,148.905,148.985,148.903,148.971,2668.29
2024-08-15 15:25:00+00:00,148.971,148.989,148.893,148.895,1501.71
2024-08-15 15:30:00+00:00,148.899,148.912,148.872,148.884,1906.62
2024-08-15 15:35:00+00:00,148.884,148.925,148.863,148.887,1757.91
2024-08-15 15:40:00+00:00,148.886,148.949,148.87,148.927,1641.12
2024-08-15 15:45:00+00:00,148.925,148.949,148.892,148.949,2198.85
2024-08-15 15:50:00+00:00,148.948,148.99,148.938,148.96,1284.15
2024-08-15 15:55:00+00:00,148.961,148.961,148.891,148.913,978.93
2024-08-15 16:00:00+00:00,148.913,148.913,148.87,148.883,1447.08
2024-08-15 16:05:00+00:00,148.879,148.885,148.861,148.863,537.84
2024-08-15 16:10:00+00:00,148.864,148.897,148.862,148.88,1371.75
2024-08-15 16:15:00+00:00,148.881,148.915,148.85,148.908,1233.87
2024-08-15 16:20:00+00:00,148.908,148.924,148.897,148.906,1639.26
2024-08-15 16:25:00+00:00,148.904,148.942,148.892,148.939,2114.07
2024-08-15 16:30:00+00:00,148.94,148.967,148.925,148.966,1214.55
2024-08-15 16:35:00+00:00,148.966,148.975,148.943,148.955,1370.4
2024-08-15 16:40:00+00:00,148.956,148.988,148.935,148.944,1398.96
2024-08-15 16:45:00+00:00,148.945,149.007,148.944,149.006,936.15
2024-08-15 16:50:00+00:00,149.007,149.048,148.997,149.022,1138.59
2024-08-15 16:55:00+00:00,149.023,149.05,149.022,149.042,507.9
2024-08-15 17:00:00+00:00,149.041,149.046,148.959,148.97,813.83
2024-08-15 17:05:00+00:00,148.971,148.997,148.957,148.988,470.94
2024-08-15 17:10:00+00:00,148.989,149.031,148.977,149.006,892.53
2024-08-15 17:15:00+00:00,149.006,149.032,149.004,149.008,852.9
2024-08-15 17:20:00+00:00,149.009,149.055,149.007,149.043,1523.1
2024-08-15 17:25:00+00:00,149.043,149.08,149.034,149.073,1383.84
2024-08-15 17:30:00+00:00,149.072,149.086,149.07,149.071,747.57
2024-08-15 17:35:00+00:00,149.07,149.106,149.065,149.1,766.08
2024-08-15 17:40:00+00:00,149.1,149.185,149.1,149.176,1384.2
2024-08-15 17:45:00+00:00,149.177,149.177,149.109,149.121,1861.71
2024-08-15 17:50:00+00:00,149.119,149.132,149.095,149.102,467.97
2024-08-15 17:55:00+00:00,149.102,149.127,149.089,149.093,1761.75
2024-08-15 18:00:00+00:00,149.091,149.111,149.048,149.049,1444.11
2024-08-15 18:05:00+00:00,149.048,149.05,148.983,149.017,2271.9
2024-08-15 18:10:00+00:00,149.018,149.057,149.017,149.041,686.91
2024-08-15 18:15:00+00:00,149.038,149.05,149.009,149.016,1479.93
2024-08-15 18:20:00+00:00,149.014,149.019,148.983,149.007,521.94
2024-08-15 18:25:00+00:00,149.008,149.008,148.983,148.989,744.72
2024-08-15 18:30:00+00:00,148.988,149.029,148.988,149.028,1265.71
2024-08-15 18:35:00+00:00,149.026,149.038,148.993,149.008,897.33
2024-08-15 18:40:00+00:00,149.005,149.029,148.984,148.996,441.45
2024-08-15 18:45:00+00:00,148.995,148.999,148.983,148.997,446.85
2024-08-15 18:50:00+00:00,149.0,149.016,148.994,149.004,808.29
2024-08-15 18:55:00+00:00,149.003,149.023,149.001,149.004,752.37
2024-08-15 19:00:00+00:00,149.004,149.014,148.986,149.0,842.82
2024-08-15 19:05:00+00:00,149.0,149.004,148.987,149.001,743.28
2024-08-15 19:10:00+00:00,149.002,149.004,148.984,148.989,882.96
2024-08-15 19:15:00+00:00,148.988,149.0,148.984,148.997,377.52
2024-08-15 19:20:00+00:00,148.997,148.997,148.969,148.977,416.69
2024-08-15 19:25:00+00:00,148.979,148.998,148.972,148.996,139.14
2024-08-15 19:30:00+00:00,148.995,149.042,148.983,149.039,967.56
2024-08-15 19:35:00+00:00,149.041,149.048,149.013,149.016,694.72
2024-08-15 19:40:00+00:00,149.013,149.027,149.009,149.011,1333.05
2024-08-15 19:45:00+00:00,149.012,149.014,148.983,148.996,642.99
2024-08-15 19:50:00+00:00,148.995,149.026,148.971,149.018,1193.82
2024-08-15 19:55:00+00:00,149.019,149.048,149.003,149.042,643.68
2024-08-15 20:00:00+00:00,149.042,149.057,149.018,149.046,1265.94
2024-08-15 20:05:00+00:00,149.048,149.05,149.024,149.026,1118.37
2024-08-15 20:10:00+00:00,149.028,149.071,149.024,149.07,921.12
2024-08-15 20:15:00+00:00,149.065,149.084,149.059,149.076,288.72
2024-08-15 20:20:00+00:00,149.075,149.127,149.07,149.125,419.7
2024-08-15 20:25:00+00:00,149.127,149.194,149.121,149.193,417.33
2024-08-15 20:30:00+00:00,149.191,149.242,149.188,149.24,2432.01
2024-08-15 20:35:00+00:00,149.239,149.256,149.226,149.256,1467.0
2024-08-15 20:40:00+00:00,149.256,149.282,149.251,149.278,421.62
2024-08-15 20:45:00+00:00,149.277,149.312,149.275,149.303,1276.14
2024-08-15 20:50:00+00:00,149.303,149.368,149.3,149.362,917.49
2024-08-15 20:55:00+00:00,149.362,149.396,149.255,149.263,1960.89
2024-08-15 21:00:00+00:00,149.267,149.287,149.242,149.286,23.31
2024-08-15 21:05:00+00:00,149.281,149.295,149.274,149.274,19.8
2024-08-15 21:10:00+00:00,149.279,149.312,149.279,149.312,32.4
2024-08-15 21:15:00+00:00,149.309,149.33,149.309,149.324,31.8
2024-08-15 21:20:00+00:00,149.324,149.329,149.312,149.32,31.26
2024-08-15 21:25:00+00:00,149.315,149.315,149.284,149.284,30.09
2024-08-15 21:30:00+00:00,149.291,149.296,149.285,149.287,13.2
2024-08-15 21:35:00+00:00,149.281,149.287,149.281,149.284,6.0
2024-08-15 21:40:00+00:00,149.282,149.284,149.28,149.281,7.2
2024-08-15 21:45:00+00:00,149.285,149.288,149.281,149.281,52.95
2024-08-15 21:50:00+00:00,149.281,149.302,149.281,149.298,18.6
2024-08-15 21:55:00+00:00,149.297,149.313,149.292,149.293,76.8
2024-08-15 22:00:00+00:00,149.292,149.305,149.132,149.146,477.64
2024-08-15 22:05:00+00:00,149.147,149.147,149.09,149.141,327.0
2024-08-15 22:10:00+00:00,149.14,149.153,149.125,149.13,85.05
2024-08-15 22:15:00+00:00,149.128,149.131,149.073,149.077,264.45
2024-08-15 22:20:00+00:00,149.082,149.099,149.051,149.091,493.2
2024-08-15 22:25:00+00:00,149.089,149.091,149.03,149.058,510.0
2024-08-15 22:30:00+00:00,149.055,149.167,149.05,149.152,735.6
2024-08-15 22:35:00+00:00,149.155,149.204,149.149,149.182,775.02
2024-08-15 22:40:00+00:00,149.182,149.182,149.15,149.162,776.7
2024-08-15 22:45:00+00:00,149.16,149.238,149.15,149.228,722.73
2024-08-15 22:50:00+00:00,149.228,149.239,149.183,149.234,803.22
2024-08-15 22:55:00+00:00,149.236,149.269,149.23,149.258,536.73
2024-08-15 23:00:00+00:00,149.258,149.259,149.197,149.245,1319.7
2024-08-15 23:05:00+00:00,149.246,149.249,149.197,149.201,1035.55
2024-08-15 23:10:00+00:00,149.202,149.207,149.157,149.189,753.93
2024-08-15 23:15:00+00:00,149.188,149.207,149.148,149.204,499.32
2024-08-15 23:20:00+00:00,149.203,149.249,149.202,149.232,312.21
2024-08-15 23:25:00+00:00,149.233,149.24,149.166,149.213,648.39
2024-08-15 23:30:00+00:00,149.214,149.237,149.211,149.233,497.43
2024-08-15 23:35:00+00:00,149.232,149.254,149.191,149.212,497.31
2024-08-15 23:40:00+00:00,149.213,149.235,149.212,149.225,391.92
2024-08-15 23:45:00+00:00,149.225,149.262,149.223,149.235,498.78
2024-08-15 23:50:00+00:00,149.234,149.237,149.182,149.192,610.74
2024-08-15 23:55:00+00:00,149.192,149.228,149.183,149.227,622.35
2024-08-16 00:00:00+00:00,149.227,149.268,149.121,149.178,1592.35
2024-08-16 00:05:00+00:00,149.18,149.186,149.097,149.153,1274.94
2024-08-16 00:10:00+00:00,149.152,149.176,149.073,149.113,1094.79
2024-08-16 00:15:00+00:00,149.113,149.113,149.047,149.058,1184.25
2024-08-16 00:20:00+00:00,149.057,149.064,149.006,149.05,897.36
2024-08-16 00:25:00+00:00,149.059,149.12,149.034,149.056,943.11
2024-08-16 00:30:00+00:00,149.055,149.109,148.972,148.973,2454.15
2024-08-16 00:35:00+00:00,148.968,149.046,148.921,149.029,1798.33
2024-08-16 00:40:00+00:00,149.027,149.027,148.953,148.992,1503.92
2024-08-16 00:45:00+00:00,148.991,149.005,148.944,148.958,2717.64
2024-08-16 00:50:00+00:00,148.963,149.029,148.906,149.022,2941.44
2024-08-16 00:55:00+00:00,149.025,149.158,148.998,149.152,2754.97
2024-08-16 01:00:00+00:00,149.151,149.225,149.114,149.175,3283.89
2024-08-16 01:05:00+00:00,149.173,149.202,149.155,149.19,1306.36
2024-08-16 01:10:00+00:00,149.188,149.202,149.143,149.152,782.95
2024-08-16 01:15:00+00:00,149.151,149.208,149.139,149.15,2690.64
2024-08-16 01:20:00+00:00,149.149,149.153,149.078,149.105,1701.3
2024-08-16 01:25:00+00:00,149.104,149.151,149.033,149.035,759.58
2024-08-16 01:30:00+00:00,149.034,149.041,148.889,148.913,2619.73
2024-08-16 01:35:00+00:00,148.914,148.97,148.89,148.932,1951.74
2024-08-16 01:40:00+00:00,148.931,148.946,148.841,148.869,1774.6
2024-08-16 01:45:00+00:00,148.867,148.911,148.867,148.888,1299.99
2024-08-16 01:50:00+00:00,148.888,148.94,148.888,148.902,814.02
2024-08-16 01:55:00+00:00,148.901,148.924,148.853,148.917,884.79
2024-08-16 02:00:00+00:00,148.919,148.968,148.908,148.949,1015.47
2024-08-16 02:05:00+00:00,148.949,148.949,148.868,148.924,1600.32
2024-08-16 02:10:00+00:00,148.924,148.993,148.916,148.959,1019.49
2024-08-16 02:15:00+00:00,148.963,148.995,148.963,148.983,665.48
2024-08-16 02:20:00+00:00,148.982,148.987,148.87,148.91,1744.47
2024-08-16 02:25:00+00:00,148.911,148.911,148.868,148.896,841.62
2024-08-16 02:30:00+00:00,148.896,148.917,148.782,148.799,1980.15
2024-08-16 02:35:00+00:00,148.798,148.873,148.789,148.849,1686.99
2024-08-16 02:40:00+00:00,148.848,148.851,148.738,148.793,1679.4
2024-08-16 02:45:00+00:00,148.793,148.815,148.756,148.797,1036.74
2024-08-16 02:50:00+00:00,148.796,148.824,148.792,148.799,828.26
2024-08-16 02:55:00+00:00,148.8,148.882,148.8,148.877,1511.43
2024-08-16 03:00:00+00:00,148.875,148.889,148.787,148.835,1780.39
2024-08-16 03:05:00+00:00,148.835,148.844,148.807,148.815,960.66
2024-08-16 03:10:00+00:00,148.815,148.848,148.797,148.821,1107.0
2024-08-16 03:15:00+00:00,148.82,148.833,148.802,148.822,1137.96
2024-08-16 03:20:00+00:00,148.821,148.886,148.803,148.881,878.76
2024-08-16 03:25:00+00:00,148.882,148.933,148.877,148.884,1573.0
2024-08-16 03:30:00+00:00,148.883,148.942,148.872,148.924,1121.89
2024-08-16 03:35:00+00:00,148.924,148.945,148.91,148.92,1164.81
2024-08-16 03:40:00+00:00,148.919,148.953,148.916,148.931,1146.12
2024-08-16 03:45:00+00:00,148.931,148.937,148.908,148.927,748.65
2024-08-16 03:50:00+00:00,148.925,148.933,148.895,148.913,761.64
2024-08-16 03:55:00+00:00,148.913,148.955,148.912,148.931,829.23
2024-08-16 04:00:00+00:00,148.931,148.983,148.928,148.951,531.15
2024-08-16 04:05:00+00:00,148.95,148.983,148.934,148.979,1076.7
2024-08-16 04:10:00+00:00,148.981,149.008,148.949,148.955,1014.85
2024-08-16 04:15:00+00:00,148.953,148.963,148.913,148.925,705.36
2024-08-16 04:20:00+00:00,148.926,148.931,148.889,148.918,480.45
2024-08-16 04:25:00+00:00,148.919,148.938,148.911,148.926,622.35
2024-08-16 04:30:00+00:00,148.927,148.944,148.896,148.908,1479.0
2024-08-16 04:35:00+00:00,148.907,148.908,148.851,148.863,1098.81
2024-08-16 04:40:00+00:00,148.863,148.889,148.831,148.874,653.53
2024-08-16 04:45:00+00:00,148.876,148.893,148.859,148.885,381.18
2024-08-16 04:50:00+00:00,148.89,148.906,148.873,148.89,1583.77
2024-08-16 04:55:00+00:00,148.89,148.899,148.859,148.86,431.98
2024-08-16 05:00:00+00:00,148.864,148.917,148.846,148.917,904.83
2024-08-16 05:05:00+00:00,148.916,148.936,148.907,148.923,212.46
2024-08-16 05:10:00+00:00,148.925,148.946,148.918,148.941,226.23
2024-08-16 05:15:00+00:00,148.939,148.961,148.917,148.948,325.77
2024-08-16 05:20:00+00:00,148.949,148.974,148.935,148.943,339.39
2024-08-16 05:25:00+00:00,148.942,148.981,148.939,148.979,276.58
2024-08-16 05:30:00+00:00,148.978,149.016,148.973,149.014,444.0
2024-08-16 05:35:00+00:00,149.013,149.056,149.008,149.008,709.25
2024-08-16 05:40:00+00:00,149.011,149.039,148.971,148.979,1688.59
2024-08-16 05:45:00+00:00,148.98,148.995,148.946,148.954,1500.3
2024-08-16 05:50:00+00:00,148.953,148.985,148.933,148.967,1305.24
2024-08-16 05:55:00+00:00,148.966,148.972,148.911,148.921,1341.78
2024-08-16 06:00:00+00:00,148.922,148.961,148.897,148.936,1086.0
2024-08-16 06:05:00+00:00,148.935,148.982,148.902,148.973,1954.86
2024-08-16 06:10:00+00:00,148.975,148.982,148.935,148.94,1276.93
2024-08-16 06:15:00+00:00,148.94,149.001,148.938,148.95,1337.62
2024-08-16 06:20:00+00:00,148.95,148.952,148.905,148.939,1894.17
2024-08-16 06:25:00+00:00,148.938,148.951,148.906,148.944,2022.96
2024-08-16 06:30:00+00:00,148.944,148.945,148.856,148.909,2313.06
2024-08-16 06:35:00+00:00,148.91,149.005,148.904,148.988,1799.49
2024-08-16 06:40:00+00:00,148.988,148.995,148.952,148.967,2326.2
2024-08-16 06:45:00+00:00,148.969,149.031,148.968,148.997,2722.91
2024-08-16 06:50:00+00:00,149.004,149.044,149.004,149.031,1480.75
2024-08-16 06:55:00+00:00,149.032,149.095,149.031,149.061,1551.27
2024-08-16 07:00:00+00:00,149.057,149.061,148.999,149.027,1750.1
2024-08-16 07:05:00+00:00,149.029,149.029,148.971,148.994,1702.8
2024-08-16 07:10:00+00:00,148.996,149.057,148.97,149.031,2410.62
2024-08-16 07:15:00+00:00,149.029,149.044,148.987,149.004,1185.73
2024-08-16 07:20:00+00:00,149.006,149.014,148.961,148.97,913.2
2024-08-16 07:25:00+00:00,148.971,148.985,148.949,148.982,1407.79
2024-08-16 07:30:00+00:00,148.982,149.03,148.951,148.992,2027.53
2024-08-16 07:35:00+00:00,148.992,148.992,148.937,148.961,2060.91
2024-08-16 07:40:00+00:00,148.965,148.996,148.91,148.922,1116.66
2024-08-16 07:45:00+00:00,148.92,148.963,148.897,148.925,1669.11
2024-08-16 07:50:00+00:00,148.925,148.999,148.918,148.963,1658.34
2024-08-16 07:55:00+00:00,148.966,149.032,148.956,149.015,1680.78
2024-08-16 08:00:00+00:00,149.016,149.054,148.984,148.994,2864.49
2024-08-16 08:05:00+00:00,148.994,148.994,148.917,148.921,3395.1
2024-08-16 08:10:00+00:00,148.921,148.924,148.849,148.88,3667.47
2024-08-16 08:15:00+00:00,148.879,148.896,148.847,148.853,1828.26
2024-08-16 08:20:00+00:00,148.852,148.855,148.746,148.82,3154.05
2024-08-16 08:25:00+00:00,148.822,148.823,148.738,148.754,3179.37
2024-08-16 08:30:00+00:00,148.758,148.768,148.667,148.668,3359.13
2024-08-16 08:35:00+00:00,148.669,148.729,148.656,148.725,3238.32
2024-08-16 08:40:00+00:00,148.726,148.751,148.703,148.715,1600.0
2024-08-16 08:45:00+00:00,148.716,148.716,148.66,148.698,2667.36
2024-08-16 08:50:00+00:00,148.698,148.73,148.654,148.717,2769.99
2024-08-16 08:55:00+00:00,148.718,148.739,148.685,148.711,2122.66
2024-08-16 09:00:00+00:00,148.711,148.765,148.71,148.747,1732.17
2024-08-16 09:05:00+00:00,148.748,148.754,148.694,148.701,899.28
2024-08-16 09:10:00+00:00,148.701,148.718,148.663,148.674,2384.16
2024-08-16 09:15:00+00:00,148.676,148.687,148.596,148.63,2246.73
2024-08-16 09:20:00+00:00,148.633,148.665,148.623,148.65,1666.71
2024-08-16 09:25:00+00:00,148.652,148.69,148.652,148.681,1644.27
2024-08-16 09:30:00+00:00,148.681,148.681,148.607,148.652,3257.31
2024-08-16 09:35:00+00:00,148.652,148.691,148.63,148.632,2551.8
2024-08-16 09:40:00+00:00,148.632,148.681,148.608,148.624,3178.71
2024-08-16 09:45:00+00:00,148.623,148.651,148.621,148.631,1803.63
2024-08-16 09:50:00+00:00,148.63,148.655,148.61,148.654,1680.18
2024-08-16 09:55:00+00:00,148.659,148.679,148.631,148.675,1834.57
2024-08-16 10:00:00+00:00,148.674,148.679,148.544,148.564,3218.17
2024-08-16 10:05:00+00:00,148.563,148.595,148.549,148.571,865.41
2024-08-16 10:10:00+00:00,148.573,148.591,148.526,148.538,2192.12
2024-08-16 10:15:00+00:00,148.538,148.571,148.52,148.547,2109.07
2024-08-16 10:20:00+00:00,148.544,148.58,148.536,148.569,1726.92
2024-08-16 10:25:00+00:00,148.568,148.568,148.444,148.482,2279.24
2024-08-16 10:30:00+00:00,148.481,148.51,148.453,148.508,1829.13
2024-08-16 10:35:00+00:00,148.508,148.519,148.466,148.511,1744.89
2024-08-16 10:40:00+00:00,148.51,148.529,148.464,148.477,1167.6
2024-08-16 10:45:00+00:00,148.475,148.481,148.405,148.438,3044.31
2024-08-16 10:50:00+00:00,148.44,148.45,148.323,148.365,4308.54
2024-08-16 10:55:00+00:00,148.364,148.4,148.344,148.351,2895.96
2024-08-16 11:00:00+00:00,148.353,148.354,148.26,148.27,3991.83
2024-08-16 11:05:00+00:00,148.27,148.296,148.14,148.146,3608.69
2024-08-16 11:10:00+00:00,148.145,148.231,148.142,148.153,2847.36
2024-08-16 11:15:00+00:00,148.153,148.212,148.149,148.205,3118.38
2024-08-16 11:20:00+00:00,148.204,148.213,148.09,148.144,2776.38
2024-08-16 11:25:00+00:00,148.143,148.157,148.092,148.157,2059.06
2024-08-16 11:30:00+00:00,148.158,148.168,148.011,148.039,3764.67
2024-08-16 11:35:00+00:00,148.038,148.084,148.008,148.011,4029.78
2024-08-16 11:40:00+00:00,148.009,148.072,147.972,148.04,3177.96
2024-08-16 11:45:00+00:00,148.039,148.13,148.038,148.091,3399.93
2024-08-16 11:50:00+00:00,148.09,148.093,147.957,148.024,4744.76
2024-08-16 11:55:00+00:00,148.02,148.08,148.01,148.045,2938.8
2024-08-16 12:00:00+00:00,148.045,148.048,147.903,147.922,3366.24
2024-08-16 12:05:00+00:00,147.923,148.017,147.888,148.011,2643.26
2024-08-16 12:10:00+00:00,148.011,148.081,147.984,148.073,1871.54
2024-08-16 12:15:00+00:00,148.075,148.086,148.015,148.023,3108.42
2024-08-16 12:20:00+00:00,148.025,148.103,148.014,148.06,2690.13
2024-08-16 12:25:00+00:00,148.06,148.063,147.97,148.022,1956.18
2024-08-16 12:30:00+00:00,148.022,148.022,147.613,147.756,4152.32
2024-08-16 12:35:00+00:00,147.757,147.846,147.731,147.814,3105.3
2024-08-16 12:40:00+00:00,147.817,147.885,147.746,147.881,2182.83
2024-08-16 12:45:00+00:00,147.882,147.931,147.822,147.824,2102.96
2024-08-16 12:50:00+00:00,147.823,147.866,147.785,147.788,2250.51
2024-08-16 12:55:00+00:00,147.787,147.812,147.657,147.683,2672.94
2024-08-16 13:00:00+00:00,147.683,147.757,147.622,147.716,4281.18
2024-08-16 13:05:00+00:00,147.717,147.763,147.677,147.749,3774.54
2024-08-16 13:10:00+00:00,147.75,147.823,147.722,147.765,2673.48
2024-08-16 13:15:00+00:00,147.764,147.865,147.758,147.83,3831.14
2024-08-16 13:20:00+00:00,147.827,147.886,147.808,147.865,3156.75
2024-08-16 13:25:00+00:00,147.865,147.887,147.755,147.794,3458.32
2024-08-16 13:30:00+00:00,147.803,147.877,147.721,147.824,3002.52
2024-08-16 13:35:00+00:00,147.825,147.924,147.808,147.857,1718.76
2024-08-16 13:40:00+00:00,147.857,147.931,147.855,147.886,1887.3
2024-08-16 13:45:00+00:00,147.887,147.914,147.837,147.878,2070.97
2024-08-16 13:50:00+00:00,147.879,147.916,147.823,147.843,1260.75
2024-08-16 13:55:00+00:00,147.845,147.856,147.735,147.763,842.73
2024-08-16 14:00:00+00:00,147.767,148.127,147.765,148.089,2374.78
2024-08-16 14:05:00+00:00,148.088,148.12,147.994,148.05,1924.19
2024-08-16 14:10:00+00:00,148.05,148.163,148.033,148.151,2192.64
2024-08-16 14:15:00+00:00,148.152,148.217,148.104,148.211,1779.75
2024-08-16 14:20:00+00:00,148.212,148.216,148.135,148.162,3011.39
2024-08-16 14:25:00+00:00,148.163,148.253,148.106,148.219,3998.34
2024-08-16 14:30:00+00:00,148.218,148.241,148.168,148.221,2590.02
2024-08-16 14:35:00+00:00,148.222,148.258,148.188,148.195,3495.18
2024-08-16 14:40:00+00:00,148.196,148.196,148.057,148.067,4856.52
2024-08-16 14:45:00+00:00,148.068,148.172,148.041,148.062,3669.78
2024-08-16 14:50:00+00:00,148.061,148.063,148.009,148.03,3744.93
2024-08-16 14:55:00+00:00,148.028,148.048,147.964,147.999,2510.34
2024-08-16 15:00:00+00:00,147.999,148.094,147.973,148.038,4084.32
2024-08-16 15:05:00+00:00,148.04,148.081,148.004,148.05,2908.41
2024-08-16 15:10:00+00:00,148.051,148.086,148.037,148.073,1083.57
2024-08-16 15:15:00+00:00,148.073,148.134,148.066,148.125,2246.61
2024-08-16 15:20:00+00:00,148.127,148.178,148.087,148.165,3155.0
2024-08-16 15:25:00+00:00,148.164,148.192,148.137,148.18,3539.19
2024-08-16 15:30:00+00:00,148.179,148.232,148.177,148.197,2019.63
2024-08-16 15:35:00+00:00,148.199,148.263,148.197,148.239,1345.44
2024-08-16 15:40:00+00:00,148.242,148.246,148.208,148.222,2252.53
2024-08-16 15:45:00+00:00,148.221,148.267,148.131,148.137,2702.49
2024-08-16 15:50:00+00:00,148.136,148.174,148.118,148.123,3633.99
2024-08-16 15:55:00+00:00,148.125,148.179,148.119,148.132,2687.76
2024-08-16 16:00:00+00:00,148.134,148.155,148.12,148.138,3052.23
2024-08-16 16:05:00+00:00,148.138,148.139,148.085,148.088,3344.98
2024-08-16 16:10:00+00:00,148.091,148.182,148.091,148.168,2124.05
2024-08-16 16:15:00+00:00,148.167,148.192,148.133,148.145,1755.15
2024-08-16 16:20:00+00:00,148.146,148.158,148.123,148.131,1730.76
2024-08-16 16:25:00+00:00,148.129,148.133,148.078,148.083,1902.24
2024-08-16 16:30:00+00:00,148.082,148.084,148.056,148.072,2445.65
2024-08-16 16:35:00+00:00,148.07,148.074,148.032,148.034,2770.56
2024-08-16 16:40:00+00:00,148.036,148.051,148.02,148.027,2344.65
2024-08-16 16:45:00+00:00,148.028,148.03,148.002,148.014,1854.75
2024-08-16 16:50:00+00:00,148.014,148.038,148.012,148.023,2340.24
2024-08-16 16:55:00+00:00,148.022,148.029,147.993,148.002,1608.09
2024-08-16 17:00:00+00:00,148.002,148.01,147.923,147.929,2094.96
2024-08-16 17:05:00+00:00,147.926,147.936,147.87,147.87,1335.09
2024-08-16 17:10:00+00:00,147.87,147.889,147.869,147.879,1170.69
2024-08-16 17:15:00+00:00,147.877,147.88,147.8,147.828,691.62
2024-08-16 17:20:00+00:00,147.833,147.838,147.793,147.827,640.82
2024-08-16 17:25:00+00:00,147.827,147.83,147.753,147.767,1625.43
2024-08-16 17:30:00+00:00,147.767,147.781,147.756,147.774,574.98
2024-08-16 17:35:00+00:00,147.775,147.777,147.741,147.766,222.42
2024-08-16 17:40:00+00:00,147.767,147.821,147.767,147.8,820.59
2024-08-16 17:45:00+00:00,147.798,147.801,147.759,147.77,599.34
2024-08-16 17:50:00+00:00,147.774,147.778,147.707,147.72,1538.55
2024-08-16 17:55:00+00:00,147.721,147.757,147.716,147.744,808.2
2024-08-16 18:00:00+00:00,147.746,147.774,147.716,147.764,982.53
2024-08-16 18:05:00+00:00,147.765,147.777,147.735,147.753,1339.47
2024-08-16 18:10:00+00:00,147.751,147.77,147.745,147.761,885.55
2024-08-16 18:15:00+00:00,147.759,147.8,147.759,147.799,455.64
2024-08-16 18:20:00+00:00,147.8,147.814,147.769,147.789,521.37
2024-08-16 18:25:00+00:00,147.786,147.786,147.756,147.76,1143.93
2024-08-16 18:30:00+00:00,147.759,147.762,147.695,147.705,1293.79
2024-08-16 18:35:00+00:00,147.704,147.715,147.654,147.714,1780.47
2024-08-16 18:40:00+00:00,147.715,147.722,147.66,147.683,2294.13
2024-08-16 18:45:00+00:00,147.683,147.698,147.644,147.662,2040.75
2024-08-16 18:50:00+00:00,147.661,147.68,147.649,147.679,1520.48
2024-08-16 18:55:00+00:00,147.678,147.705,147.657,147.671,920.13
2024-08-16 19:00:00+00:00,147.67,147.683,147.632,147.674,828.86
2024-08-16 19:05:00+00:00,147.674,147.705,147.674,147.703,428.76
2024-08-16 19:10:00+00:00,147.704,147.724,147.695,147.703,473.19
2024-08-16 19:15:00+00:00,147.697,147.698,147.681,147.689,227.55
2024-08-16 19:20:00+00:00,147.69,147.718,147.683,147.711,627.84
2024-08-16 19:25:00+00:00,147.71,147.717,147.675,147.69,390.87
2024-08-16 19:30:00+00:00,147.689,147.708,147.685,147.698,663.75
2024-08-16 19:35:00+00:00,147.697,147.709,147.662,147.676,905.46
2024-08-16 19:40:00+00:00,147.675,147.702,147.673,147.7,1078.89
2024-08-16 19:45:00+00:00,147.702,147.714,147.689,147.71,969.12
2024-08-16 19:50:00+00:00,147.71,147.711,147.674,147.684,927.3
2024-08-16 19:55:00+00:00,147.684,147.699,147.67,147.699,1161.4
2024-08-16 20:00:00+00:00,147.699,147.701,147.666,147.667,485.64
2024-08-16 20:05:00+00:00,147.668,147.671,147.625,147.628,513.86
2024-08-16 20:10:00+00:00,147.629,147.629,147.573,147.573,336.54
2024-08-16 20:15:00+00:00,147.572,147.608,147.569,147.607,272.4
2024-08-16 20:20:00+00:00,147.605,147.622,147.595,147.621,203.01
2024-08-16 20:25:00+00:00,147.62,147.622,147.6,147.611,501.96
2024-08-16 20:30:00+00:00,147.61,147.624,147.604,147.621,432.75
2024-08-16 20:35:00+00:00,147.62,147.621,147.603,147.606,640.2
2024-08-16 20:40:00+00:00,147.606,147.614,147.6,147.602,399.15
2024-08-16 20:45:00+00:00,147.601,147.605,147.587,147.6,268.8
2024-08-16 20:50:00+00:00,147.601,147.643,147.591,147.605,908.4
2024-08-16 20:55:00+00:00,147.604,147.614,147.572,147.587,1492.8
2024-08-18 21:00:00+00:00,147.555,147.567,147.555,147.565,7.05
2024-08-18 21:05:00+00:00,147.564,147.572,147.546,147.559,34.8
2024-08-18 21:10:00+00:00,147.484,147.614,147.484,147.614,46.5
2024-08-18 21:15:00+00:00,147.614,147.614,147.601,147.601,16.8
2024-08-18 21:20:00+00:00,147.629,147.629,147.601,147.629,14.21
2024-08-18 21:25:00+00:00,147.629,147.629,147.602,147.602,9.03
2024-08-18 21:30:00+00:00,147.601,147.67,147.599,147.616,75.9
2024-08-18 21:35:00+00:00,147.611,147.619,147.611,147.618,37.95
2024-08-18 21:40:00+00:00,147.619,147.619,147.61,147.619,12.6
2024-08-18 21:45:00+00:00,147.611,147.629,147.609,147.628,12.0
2024-08-18 21:50:00+00:00,147.625,147.625,147.615,147.615,13.2
2024-08-18 21:55:00+00:00,147.615,147.63,147.609,147.63,23.4
2024-08-18 22:00:00+00:00,147.629,147.725,147.597,147.707,613.24
2024-08-18 22:05:00+00:00,147.707,147.729,147.673,147.727,234.6
2024-08-18 22:10:00+00:00,147.728,147.815,147.719,147.777,418.65
2024-08-18 22:15:00+00:00,147.775,147.839,147.77,147.839,286.2
2024-08-18 22:20:00+00:00,147.839,147.866,147.795,147.835,940.02
2024-08-18 22:25:00+00:00,147.838,147.904,147.829,147.898,860.15
2024-08-18 22:30:00+00:00,147.903,147.908,147.86,147.875,1343.85
2024-08-18 22:35:00+00:00,147.874,147.892,147.837,147.854,1456.27
2024-08-18 22:40:00+00:00,147.855,147.867,147.805,147.862,1021.93
2024-08-18 22:45:00+00:00,147.857,147.861,147.826,147.854,738.97
2024-08-18 22:50:00+00:00,147.852,147.875,147.829,147.872,726.72
2024-08-18 22:55:00+00:00,147.872,147.883,147.849,147.863,985.98
2024-08-18 23:00:00+00:00,147.859,147.868,147.827,147.855,610.65
2024-08-18 23:05:00+00:00,147.857,147.865,147.843,147.847,195.45
2024-08-18 23:10:00+00:00,147.848,147.925,147.847,147.892,634.35
2024-08-18 23:15:00+00:00,147.891,147.941,147.879,147.94,497.4
2024-08-18 23:20:00+00:00,147.94,147.973,147.926,147.971,293.55
2024-08-18 23:25:00+00:00,147.971,147.98,147.956,147.975,447.45
2024-08-18 23:30:00+00:00,147.974,148.008,147.974,147.999,1641.21
2024-08-18 23:35:00+00:00,148.002,148.03,147.997,148.023,727.19
2024-08-18 23:40:00+00:00,148.023,148.051,147.988,147.996,958.87
2024-08-18 23:45:00+00:00,147.996,147.996,147.921,147.956,1626.53
2024-08-18 23:50:00+00:00,147.957,147.972,147.887,147.929,1084.63
2024-08-18 23:55:00+00:00,147.93,147.963,147.912,147.963,1218.21
2024-08-19 00:00:00+00:00,147.962,148.0,147.823,147.864,3258.31
2024-08-19 00:05:00+00:00,147.866,147.893,147.794,147.804,2346.68
2024-08-19 00:10:00+00:00,147.804,147.816,147.75,147.801,1542.15
2024-08-19 00:15:00+00:00,147.799,147.887,147.792,147.838,2834.87
2024-08-19 00:20:00+00:00,147.838,147.905,147.812,147.874,2036.13
2024-08-19 00:25:00+00:00,147.873,147.969,147.872,147.94,2098.74
2024-08-19 00:30:00+00:00,147.941,147.961,147.889,147.96,2014.35
2024-08-19 00:35:00+00:00,147.958,147.964,147.905,147.911,1550.58
2024-08-19 00:40:00+00:00,147.909,147.966,147.877,147.88,1811.55
2024-08-19 00:45:00+00:00,147.881,147.892,147.834,147.854,1339.8
2024-08-19 00:50:00+00:00,147.854,147.944,147.749,147.881,2895.73
2024-08-19 00:55:00+00:00,147.869,147.869,147.731,147.816,2159.55
2024-08-19 01:00:00+00:00,147.815,147.82,147.728,147.729,1483.71
2024-08-19 01:05:00+00:00,147.729,147.834,147.662,147.82,2584.38
2024-08-19 01:10:00+00:00,147.82,147.876,147.808,147.81,1841.16
2024-08-19 01:15:00+00:00,147.808,147.828,147.746,147.828,1081.71
2024-08-19 01:20:00+00:00,147.829,147.839,147.714,147.744,1871.6
2024-08-19 01:25:00+00:00,147.74,147.762,147.61,147.621,1785.48
2024-08-19 01:30:00+00:00,147.62,147.647,147.459,147.471,4410.84
2024-08-19 01:35:00+00:00,147.465,147.474,147.409,147.448,3374.92
2024-08-19 01:40:00+00:00,147.447,147.552,147.439,147.542,2856.67
2024-08-19 01:45:00+00:00,147.542,147.542,147.483,147.494,1739.07
2024-08-19 01:50:00+00:00,147.494,147.496,147.32,147.424,2376.57
2024-08-19 01:55:00+00:00,147.425,147.425,147.36,147.41,1884.3
2024-08-19 02:00:00+00:00,147.409,147.484,147.407,147.471,2537.43
2024-08-19 02:05:00+00:00,147.473,147.513,147.448,147.451,1979.85
2024-08-19 02:10:00+00:00,147.45,147.536,147.443,147.531,1468.36
2024-08-19 02:15:00+00:00,147.535,147.597,147.533,147.57,1699.61
2024-08-19 02:20:00+00:00,147.57,147.594,147.531,147.544,1551.54
2024-08-19 02:25:00+00:00,147.543,147.61,147.542,147.602,1006.14
2024-08-19 02:30:00+00:00,147.603,147.637,147.543,147.543,1235.47
2024-08-19 02:35:00+00:00,147.544,147.601,147.509,147.514,1509.48
2024-08-19 02:40:00+00:00,147.521,147.589,147.487,147.487,1001.76
2024-08-19 02:45:00+00:00,147.486,147.486,147.37,147.371,1216.81
2024-08-19 02:50:00+00:00,147.37,147.387,147.32,147.326,1275.72
2024-08-19 02:55:00+00:00,147.326,147.352,147.304,147.348,901.29
2024-08-19 03:00:00+00:00,147.346,147.371,147.319,147.361,1434.08
2024-08-19 03:05:00+00:00,147.362,147.366,147.084,147.111,2156.58
2024-08-19 03:10:00+00:00,147.112,147.132,146.885,146.902,2922.15
2024-08-19 03:15:00+00:00,146.898,146.953,146.748,146.752,2571.3
2024-08-19 03:20:00+00:00,146.757,146.882,146.733,146.87,2649.19
2024-08-19 03:25:00+00:00,146.871,146.932,146.87,146.923,1936.02
2024-08-19 03:30:00+00:00,146.921,146.924,146.784,146.83,2678.79
2024-08-19 03:35:00+00:00,146.83,146.848,146.563,146.634,2669.09
2024-08-19 03:40:00+00:00,146.634,146.659,146.37,146.443,3256.89
2024-08-19 03:45:00+00:00,146.443,146.575,146.439,146.512,1497.02
2024-08-19 03:50:00+00:00,146.51,146.533,146.348,146.36,3315.45
2024-08-19 03:55:00+00:00,146.36,146.475,146.311,146.458,2432.43
2024-08-19 04:00:00+00:00,146.459,146.563,146.43,146.563,1867.02
2024-08-19 04:05:00+00:00,146.564,146.592,146.507,146.532,1152.44
2024-08-19 04:10:00+00:00,146.538,146.591,146.511,146.543,1833.82
2024-08-19 04:15:00+00:00,146.545,146.623,146.528,146.529,1939.74
2024-08-19 04:20:00+00:00,146.53,146.531,146.378,146.473,2292.13
2024-08-19 04:25:00+00:00,146.473,146.473,146.335,146.336,1673.11
2024-08-19 04:30:00+00:00,146.337,146.343,146.101,146.115,3367.59
2024-08-19 04:35:00+00:00,146.116,146.209,145.864,145.98,3750.0
2024-08-19 04:40:00+00:00,145.98,146.068,145.861,145.971,3237.63
2024-08-19 04:45:00+00:00,145.97,146.114,145.957,146.105,2047.23
2024-08-19 04:50:00+00:00,146.104,146.221,146.069,146.2,1499.22
2024-08-19 04:55:00+00:00,146.201,146.201,146.138,146.187,3011.87
2024-08-19 05:00:00+00:00,146.188,146.294,146.176,146.18,2730.15
2024-08-19 05:05:00+00:00,146.178,146.213,146.081,146.199,2370.7
2024-08-19 05:10:00+00:00,146.201,146.204,146.048,146.085,2445.89
2024-08-19 05:15:00+00:00,146.089,146.153,145.986,146.006,2580.59
2024-08-19 05:20:00+00:00,146.009,146.016,145.793,145.903,3036.7
2024-08-19 05:25:00+00:00,145.912,145.985,145.826,145.894,2437.01
2024-08-19 05:30:00+00:00,145.895,145.896,145.581,145.597,2929.22
2024-08-19 05:35:00+00:00,145.597,145.725,145.505,145.651,2755.12
2024-08-19 05:40:00+00:00,145.65,145.896,145.573,145.843,2117.42
2024-08-19 05:45:00+00:00,145.843,145.854,145.719,145.723,1395.96
2024-08-19 05:50:00+00:00,145.723,145.74,145.608,145.628,1727.71
2024-08-19 05:55:00+00:00,145.628,145.635,145.41,145.424,2105.13
2024-08-19 06:00:00+00:00,145.423,145.541,145.37,145.386,2678.4
2024-08-19 06:05:00+00:00,145.375,145.375,145.182,145.257,2420.3
2024-08-19 06:10:00+00:00,145.265,145.397,145.265,145.397,1915.53
2024-08-19 06:15:00+00:00,145.398,145.518,145.367,145.429,1833.96
2024-08-19 06:20:00+00:00,145.427,145.46,145.268,145.382,1875.33
2024-08-19 06:25:00+00:00,145.384,145.542,145.381,145.472,1939.41
2024-08-19 06:30:00+00:00,145.471,145.545,145.393,145.401,1476.93
2024-08-19 06:35:00+00:00,145.4,145.475,145.268,145.364,1462.52
2024-08-19 06:40:00+00:00,145.364,145.519,145.311,145.491,2597.25
2024-08-19 06:45:00+00:00,145.491,145.669,145.471,145.614,1669.48
2024-08-19 06:50:00+00:00,145.614,145.715,145.59,145.63,1823.64
2024-08-19 06:55:00+00:00,145.628,145.874,145.606,145.871,1753.52
2024-08-19 07:00:00+00:00,145.87,145.87,145.71,145.71,2131.71
2024-08-19 07:05:00+00:00,145.711,145.922,145.701,145.899,2064.03
2024-08-19 07:10:00+00:00,145.899,145.944,145.731,145.789,2794.99
2024-08-19 07:15:00+00:00,145.79,145.804,145.684,145.724,2023.77
2024-08-19 07:20:00+00:00,145.722,145.805,145.671,145.805,2136.36
2024-08-19 07:25:00+00:00,145.803,145.869,145.728,145.804,3520.98
2024-08-19 07:30:00+00:00,145.803,146.102,145.759,146.083,4613.69
2024-08-19 07:35:00+00:00,146.085,146.184,146.043,146.086,3682.71
2024-08-19 07:40:00+00:00,146.087,146.254,146.06,146.246,3138.87
2024-08-19 07:45:00+00:00,146.249,146.256,146.127,146.128,1795.56
2024-08-19 07:50:00+00:00,146.131,146.172,146.067,146.087,2118.98
2024-08-19 07:55:00+00:00,146.087,146.194,146.048,146.103,2744.95
2024-08-19 08:00:00+00:00,146.102,146.194,145.96,145.975,4510.51
2024-08-19 08:05:00+00:00,145.976,145.985,145.902,145.985,4438.03
2024-08-19 08:10:00+00:00,145.982,146.071,145.981,146.044,3894.79
2024-08-19 08:15:00+00:00,146.045,146.092,145.965,146.025,4606.95
2024-08-19 08:20:00+00:00,146.027,146.145,146.027,146.14,3425.28
2024-08-19 08:25:00+00:00,146.144,146.157,146.091,146.118,2629.11
2024-08-19 08:30:00+00:00,146.118,146.192,146.115,146.128,2832.0
2024-08-19 08:35:00+00:00,146.13,146.228,146.111,146.125,3338.55
2024-08-19 08:40:00+00:00,146.132,146.155,146.038,146.085,4519.98
2024-08-19 08:45:00+00:00,146.086,146.092,145.971,145.974,3056.25
2024-08-19 08:50:00+00:00,145.973,146.085,145.944,146.075,3812.43
2024-08-19 08:55:00+00:00,146.071,146.106,146.04,146.076,2137.77
2024-08-19 09:00:00+00:00,146.076,146.137,146.053,146.054,2448.7
2024-08-19 09:05:00+00:00,146.053,146.15,146.038,146.13,2734.05
2024-08-19 09:10:00+00:00,146.129,146.168,146.116,146.157,2421.9
2024-08-19 09:15:00+00:00,146.158,146.165,146.012,146.013,2221.45
2024-08-19 09:20:00+00:00,146.015,146.09,146.015,146.049,2540.97
2024-08-19 09:25:00+00:00,146.052,146.084,146.018,146.062,4051.59
2024-08-19 09:30:00+00:00,146.062,146.063,145.96,145.997,2963.31
2024-08-19 09:35:00+00:00,145.998,146.089,145.998,146.065,1056.57
2024-08-19 09:40:00+00:00,146.063,146.116,146.062,146.108,1155.78
2024-08-19 09:45:00+00:00,146.105,146.135,146.07,146.101,1546.47
2024-08-19 09:50:00+00:00,146.101,146.154,146.094,146.135,1434.45
2024-08-19 09:55:00+00:00,146.138,146.278,146.138,146.268,3008.4
2024-08-19 10:00:00+00:00,146.268,146.437,146.265,146.362,3909.74
2024-08-19 10:05:00+00:00,146.364,146.379,146.335,146.336,2476.32
2024-08-19 10:10:00+00:00,146.339,146.415,146.314,146.4,2605.74
2024-08-19 10:15:00+00:00,146.402,146.45,146.389,146.443,2099.04
2024-08-19 10:20:00+00:00,146.445,146.455,146.382,146.413,3182.94
2024-08-19 10:25:00+00:00,146.414,146.48,146.4,146.452,3030.18
2024-08-19 10:30:00+00:00,146.452,146.482,146.442,146.464,2135.01
2024-08-19 10:35:00+00:00,146.465,146.52,146.41,146.41,3045.15
2024-08-19 10:40:00+00:00,146.411,146.414,146.314,146.335,3212.85
2024-08-19 10:45:00+00:00,146.335,146.352,146.304,146.347,2777.85
2024-08-19 10:50:00+00:00,146.347,146.35,146.239,146.281,3341.61
2024-08-19 10:55:00+00:00,146.281,146.369,146.278,146.347,3738.13
2024-08-19 11:00:00+00:00,146.347,146.387,146.275,146.299,1522.93
2024-08-19 11:05:00+00:00,146.3,146.34,146.272,146.339,1389.81
2024-08-19 11:10:00+00:00,146.339,146.351,146.292,146.331,1537.65
2024-08-19 11:15:00+00:00,146.331,146.357,146.253,146.261,2171.82
2024-08-19 11:20:00+00:00,146.264,146.283,146.143,146.143,3366.17
2024-08-19 11:25:00+00:00,146.142,146.21,146.128,146.172,3092.71
2024-08-19 11:30:00+00:00,146.167,146.226,146.167,146.222,2275.5
2024-08-19 11:35:00+00:00,146.225,146.232,146.154,146.195,2024.26
2024-08-19 11:40:00+00:00,146.196,146.232,146.15,146.218,1800.12
2024-08-19 11:45:00+00:00,146.217,146.224,146.099,146.113,2770.22
2024-08-19 11:50:00+00:00,146.113,146.145,146.058,146.094,3808.25
2024-08-19 11:55:00+00:00,146.095,146.099,146.026,146.036,3114.0
2024-08-19 12:00:00+00:00,146.038,146.049,145.954,146.02,3701.12
2024-08-19 12:05:00+00:00,146.02,146.023,145.93,146.017,3080.2
2024-08-19 12:10:00+00:00,146.019,146.099,146.016,146.085,2379.81
2024-08-19 12:15:00+00:00,146.085,146.087,146.028,146.064,3158.58
2024-08-19 12:20:00+00:00,146.065,146.08,146.026,146.049,1494.47
2024-08-19 12:25:00+00:00,146.047,146.162,146.006,146.162,2342.1
2024-08-19 12:30:00+00:00,146.161,146.189,146.122,146.185,3025.02
2024-08-19 12:35:00+00:00,146.186,146.22,146.128,146.181,2503.06
2024-08-19 12:40:00+00:00,146.18,146.225,146.162,146.191,1906.68
2024-08-19 12:45:00+00:00,146.191,146.213,146.155,146.166,2339.82
2024-08-19 12:50:00+00:00,146.166,146.27,146.165,146.241,2108.58
2024-08-19 12:55:00+00:00,146.239,146.24,146.175,146.216,2487.15
2024-08-19 13:00:00+00:00,146.217,146.453,146.216,146.416,4752.46
2024-08-19 13:05:00+00:00,146.416,146.526,146.412,146.457,3225.51
2024-08-19 13:10:00+00:00,146.457,146.523,146.44,146.469,3462.52
2024-08-19 13:15:00+00:00,146.477,146.575,146.443,146.45,3118.06
2024-08-19 13:20:00+00:00,146.449,146.46,146.362,146.371,3978.13
2024-08-19 13:25:00+00:00,146.37,146.44,146.341,146.376,3358.77
2024-08-19 13:30:00+00:00,146.375,146.405,146.302,146.35,4314.48
2024-08-19 13:35:00+00:00,146.349,146.468,146.322,146.432,5129.58
2024-08-19 13:40:00+00:00,146.432,146.499,146.422,146.475,4283.88
2024-08-19 13:45:00+00:00,146.475,146.511,146.38,146.425,4349.98
2024-08-19 13:50:00+00:00,146.426,146.464,146.37,146.413,3616.14
2024-08-19 13:55:00+00:00,146.411,146.487,146.389,146.397,3458.85
2024-08-19 14:00:00+00:00,146.399,146.442,146.19,146.199,3669.62
2024-08-19 14:05:00+00:00,146.198,146.412,146.198,146.411,3118.77
2024-08-19 14:10:00+00:00,146.41,146.674,146.407,146.556,3697.92
2024-08-19 14:15:00+00:00,146.557,146.601,146.463,146.475,4090.0
2024-08-19 14:20:00+00:00,146.473,146.559,146.442,146.445,3128.52
2024-08-19 14:25:00+00:00,146.443,146.483,146.419,146.423,3867.27
2024-08-19 14:30:00+00:00,146.428,146.451,146.311,146.318,4225.56
2024-08-19 14:35:00+00:00,146.318,146.37,146.293,146.349,3148.89
2024-08-19 14:40:00+00:00,146.345,146.351,146.252,146.263,2450.97
2024-08-19 14:45:00+00:00,146.271,146.297,146.215,146.224,2733.18
2024-08-19 14:50:00+00:00,146.223,146.399,146.222,146.376,3088.66
2024-08-19 14:55:00+00:00,146.377,146.396,146.336,146.364,2975.86
2024-08-19 15:00:00+00:00,146.364,146.438,146.353,146.373,3042.83
2024-08-19 15:05:00+00:00,146.37,146.486,146.366,146.446,1997.37
2024-08-19 15:10:00+00:00,146.446,146.49,146.41,146.457,2455.35
2024-08-19 15:15:00+00:00,146.459,146.493,146.429,146.448,1779.69
2024-08-19 15:20:00+00:00,146.449,146.544,146.448,146.544,1539.24
2024-08-19 15:25:00+00:00,146.543,146.555,146.514,146.538,2341.13
2024-08-19 15:30:00+00:00,146.535,146.564,146.505,146.524,2323.32
2024-08-19 15:35:00+00:00,146.523,146.594,146.5,146.571,1906.72
2024-08-19 15:40:00+00:00,146.572,146.711,146.561,146.659,3075.51
2024-08-19 15:45:00+00:00,146.659,146.662,146.511,146.524,2810.07
2024-08-19 15:50:00+00:00,146.526,146.526,146.441,146.454,2097.57
2024-08-19 15:55:00+00:00,146.455,146.476,146.378,146.424,3482.76
2024-08-19 16:00:00+00:00,146.423,146.441,146.392,146.393,2095.95
2024-08-19 16:05:00+00:00,146.398,146.443,146.389,146.439,1832.49
2024-08-19 16:10:00+00:00,146.439,146.442,146.403,146.413,1712.94
2024-08-19 16:15:00+00:00,146.417,146.472,146.391,146.457,1390.14
2024-08-19 16:20:00+00:00,146.457,146.481,146.428,146.465,1729.2
2024-08-19 16:25:00+00:00,146.467,146.502,146.457,146.493,1426.56
2024-08-19 16:30:00+00:00,146.495,146.498,146.465,146.481,1065.09
2024-08-19 16:35:00+00:00,146.482,146.536,146.481,146.532,1321.38
2024-08-19 16:40:00+00:00,146.533,146.581,146.527,146.577,1593.06
2024-08-19 16:45:00+00:00,146.582,146.594,146.559,146.564,936.36
2024-08-19 16:50:00+00:00,146.564,146.571,146.476,146.505,1668.27
2024-08-19 16:55:00+00:00,146.504,146.524,146.493,146.5,1024.45
2024-08-19 17:00:00+00:00,146.501,146.547,146.496,146.523,725.16
2024-08-19 17:05:00+00:00,146.517,146.542,146.512,146.524,817.42
2024-08-19 17:10:00+00:00,146.523,146.524,146.457,146.497,1127.18
2024-08-19 17:15:00+00:00,146.499,146.531,146.498,146.521,337.95
2024-08-19 17:20:00+00:00,146.52,146.561,146.513,146.555,1026.3
2024-08-19 17:25:00+00:00,146.558,146.606,146.553,146.587,1158.03
2024-08-19 17:30:00+00:00,146.587,146.618,146.576,146.61,671.07
2024-08-19 17:35:00+00:00,146.609,146.61,146.565,146.577,723.45
2024-08-19 17:40:00+00:00,146.577,146.579,146.529,146.551,408.6
2024-08-19 17:45:00+00:00,146.551,146.553,146.507,146.551,782.31
2024-08-19 17:50:00+00:00,146.551,146.578,146.549,146.555,1242.9
2024-08-19 17:55:00+00:00,146.554,146.554,146.517,146.538,527.19
2024-08-19 18:00:00+00:00,146.538,146.548,146.511,146.514,1709.7
2024-08-19 18:05:00+00:00,146.514,146.543,146.491,146.535,535.8
2024-08-19 18:10:00+00:00,146.534,146.548,146.531,146.536,739.18
2024-08-19 18:15:00+00:00,146.538,146.561,146.519,146.525,711.62
2024-08-19 18:20:00+00:00,146.526,146.528,146.491,146.504,543.6
2024-08-19 18:25:00+00:00,146.509,146.53,146.482,146.528,757.13
2024-08-19 18:30:00+00:00,146.526,146.548,146.519,146.532,713.1
2024-08-19 18:35:00+00:00,146.532,146.595,146.526,146.579,1236.29
2024-08-19 18:40:00+00:00,146.58,146.606,146.573,146.593,1223.19
2024-08-19 18:45:00+00:00,146.593,146.612,146.574,146.601,1146.09
2024-08-19 18:50:00+00:00,146.6,146.621,146.588,146.619,442.23
2024-08-19 18:55:00+00:00,146.617,146.688,146.607,146.656,1723.59
2024-08-19 19:00:00+00:00,146.659,146.678,146.626,146.633,1096.34
2024-08-19 19:05:00+00:00,146.632,146.645,146.614,146.622,1074.54
2024-08-19 19:10:00+00:00,146.621,146.635,146.603,146.61,985.38
2024-08-19 19:15:00+00:00,146.609,146.614,146.589,146.598,1010.19
2024-08-19 19:20:00+00:00,146.599,146.599,146.568,146.568,523.93
2024-08-19 19:25:00+00:00,146.572,146.62,146.572,146.601,381.6
2024-08-19 19:30:00+00:00,146.6,146.604,146.554,146.568,990.17
2024-08-19 19:35:00+00:00,146.568,146.59,146.562,146.585,385.92
2024-08-19 19:40:00+00:00,146.584,146.588,146.566,146.572,354.54
2024-08-19 19:45:00+00:00,146.572,146.576,146.56,146.572,458.43
2024-08-19 19:50:00+00:00,146.572,146.645,146.57,146.629,1426.8
2024-08-19 19:55:00+00:00,146.631,146.645,146.608,146.634,1114.44
2024-08-19 20:00:00+00:00,146.634,146.653,146.616,146.644,773.55
2024-08-19 20:05:00+00:00,146.645,146.656,146.642,146.654,290.4
2024-08-19 20:10:00+00:00,146.654,146.654,146.636,146.64,143.01
2024-08-19 20:15:00+00:00,146.642,146.653,146.633,146.65,339.0
2024-08-19 20:20:00+00:00,146.649,146.661,146.649,146.659,175.95
2024-08-19 20:25:00+00:00,146.659,146.666,146.657,146.659,221.55
2024-08-19 20:30:00+00:00,146.659,146.692,146.628,146.63,372.12
2024-08-19 20:35:00+00:00,146.631,146.633,146.614,146.614,401.1
2024-08-19 20:40:00+00:00,146.616,146.62,146.592,146.606,388.33
2024-08-19 20:45:00+00:00,146.605,146.606,146.58,146.595,232.15
2024-08-19 20:50:00+00:00,146.593,146.639,146.592,146.638,529.53
2024-08-19 20:55:00+00:00,146.635,146.638,146.579,146.582,449.22
2024-08-19 21:00:00+00:00,146.576,146.576,146.521,146.531,16.05
2024-08-19 21:05:00+00:00,146.531,146.581,146.53,146.577,51.54
2024-08-19 21:10:00+00:00,146.581,146.583,146.569,146.579,28.2
2024-08-19 21:15:00+00:00,146.569,146.582,146.568,146.574,37.8
2024-08-19 21:20:00+00:00,146.569,146.573,146.568,146.568,12.6
2024-08-19 21:25:00+00:00,146.567,146.633,146.566,146.624,122.4
2024-08-19 21:30:00+00:00,146.612,146.612,146.571,146.582,67.57
2024-08-19 21:35:00+00:00,146.582,146.582,146.558,146.558,22.8
2024-08-19 21:40:00+00:00,146.549,146.569,146.535,146.547,74.94
2024-08-19 21:45:00+00:00,146.546,146.547,146.541,146.541,11.4
2024-08-19 21:50:00+00:00,146.542,146.552,146.54,146.551,44.47
2024-08-19 21:55:00+00:00,146.552,146.569,146.552,146.567,23.7
2024-08-19 22:00:00+00:00,146.567,146.613,146.552,146.583,157.5
2024-08-19 22:05:00+00:00,146.581,146.596,146.557,146.58,125.82
2024-08-19 22:10:00+00:00,146.578,146.584,146.537,146.551,129.93
2024-08-19 22:15:00+00:00,146.549,146.566,146.549,146.557,95.37
2024-08-19 22:20:00+00:00,146.554,146.565,146.548,146.556,203.92
2024-08-19 22:25:00+00:00,146.554,146.574,146.55,146.562,140.83
2024-08-19 22:30:00+00:00,146.563,146.582,146.562,146.582,127.8
2024-08-19 22:35:00+00:00,146.582,146.584,146.578,146.58,98.1
2024-08-19 22:40:00+00:00,146.582,146.61,146.579,146.602,193.5
2024-08-19 22:45:00+00:00,146.603,146.635,146.599,146.632,171.0
2024-08-19 22:50:00+00:00,146.634,146.645,146.623,146.624,183.9
2024-08-19 22:55:00+00:00,146.627,146.637,146.617,146.627,517.71
2024-08-19 23:00:00+00:00,146.628,146.737,146.609,146.692,1251.87
2024-08-19 23:05:00+00:00,146.693,146.73,146.666,146.716,874.02
2024-08-19 23:10:00+00:00,146.715,146.801,146.705,146.782,1142.55
2024-08-19 23:15:00+00:00,146.785,146.854,146.785,146.844,738.07
2024-08-19 23:20:00+00:00,146.843,146.866,146.812,146.838,508.52
2024-08-19 23:25:00+00:00,146.838,146.844,146.787,146.835,450.58
2024-08-19 23:30:00+00:00,146.834,146.84,146.807,146.813,303.1
2024-08-19 23:35:00+00:00,146.817,146.835,146.765,146.765,292.05
2024-08-19 23:40:00+00:00,146.766,146.768,146.685,146.742,688.31
2024-08-19 23:45:00+00:00,146.74,146.773,146.732,146.736,538.17
2024-08-19 23:50:00+00:00,146.739,146.751,146.669,146.677,574.2
2024-08-19 23:55:00+00:00,146.681,146.728,146.672,146.709,591.78
2024-08-20 00:00:00+00:00,146.711,146.723,146.351,146.395,3382.26
2024-08-20 00:05:00+00:00,146.396,146.444,146.195,146.239,3285.14
2024-08-20 00:10:00+00:00,146.24,146.363,146.223,146.351,3029.98
2024-08-20 00:15:00+00:00,146.351,146.46,146.336,146.456,3810.56
2024-08-20 00:20:00+00:00,146.457,146.532,146.449,146.497,3782.19
2024-08-20 00:25:00+00:00,146.498,146.54,146.426,146.522,2458.56
2024-08-20 00:30:00+00:00,146.521,146.533,146.364,146.449,2642.45
2024-08-20 00:35:00+00:00,146.448,146.547,146.436,146.483,2711.32
2024-08-20 00:40:00+00:00,146.484,146.504,146.381,146.387,3769.3
2024-08-20 00:45:00+00:00,146.39,146.397,146.241,146.241,2942.22
2024-08-20 00:50:00+00:00,146.24,146.386,146.177,146.381,3825.82
2024-08-20 00:55:00+00:00,146.379,146.398,146.225,146.342,2677.74
2024-08-20 01:00:00+00:00,146.342,146.387,146.01,146.019,3743.69
2024-08-20 01:05:00+00:00,146.019,146.032,145.845,146.024,3241.54
2024-08-20 01:10:00+00:00,146.026,146.161,146.026,146.08,2721.23
2024-08-20 01:15:00+00:00,146.078,146.191,146.05,146.183,2008.8
2024-08-20 01:20:00+00:00,146.18,146.268,146.122,146.257,2172.47
2024-08-20 01:25:00+00:00,146.257,146.293,146.231,146.268,1617.99
2024-08-20 01:30:00+00:00,146.27,146.459,146.268,146.437,2536.68
2024-08-20 01:35:00+00:00,146.437,146.522,146.379,146.479,2085.23
2024-08-20 01:40:00+00:00,146.479,146.531,146.384,146.415,3425.6
2024-08-20 01:45:00+00:00,146.414,146.443,146.293,146.301,2490.12
2024-08-20 01:50:00+00:00,146.305,146.393,146.27,146.27,2275.68
2024-08-20 01:55:00+00:00,146.272,146.365,146.254,146.337,1427.86
2024-08-20 02:00:00+00:00,146.342,146.403,146.295,146.397,1606.62
2024-08-20 02:05:00+00:00,146.397,146.591,146.386,146.558,1930.59
2024-08-20 02:10:00+00:00,146.556,146.668,146.499,146.516,2785.47
2024-08-20 02:15:00+00:00,146.517,146.555,146.5,146.52,1259.24
2024-08-20 02:20:00+00:00,146.518,146.587,146.518,146.559,1323.96
2024-08-20 02:25:00+00:00,146.56,146.643,146.519,146.638,1959.66
2024-08-20 02:30:00+00:00,146.638,146.722,146.625,146.637,2067.33
2024-08-20 02:35:00+00:00,146.638,146.775,146.611,146.768,942.96
2024-08-20 02:40:00+00:00,146.767,146.854,146.719,146.72,2142.0
2024-08-20 02:45:00+00:00,146.72,146.884,146.719,146.84,1493.74
2024-08-20 02:50:00+00:00,146.839,146.944,146.773,146.887,1940.42
2024-08-20 02:55:00+00:00,146.885,147.097,146.885,147.002,2239.25
2024-08-20 03:00:00+00:00,147.001,147.044,146.947,146.95,2239.04
2024-08-20 03:05:00+00:00,146.95,146.978,146.9,146.902,2062.82
2024-08-20 03:10:00+00:00,146.905,146.974,146.901,146.941,2814.18
2024-08-20 03:15:00+00:00,146.941,146.955,146.851,146.859,2793.37
2024-08-20 03:20:00+00:00,146.86,146.965,146.848,146.963,2877.97
2024-08-20 03:25:00+00:00,146.961,146.975,146.893,146.925,1677.03
2024-08-20 03:30:00+00:00,146.923,146.943,146.837,146.881,2402.1
2024-08-20 03:35:00+00:00,146.882,146.898,146.846,146.874,1182.35
2024-08-20 03:40:00+00:00,146.875,146.947,146.864,146.934,1513.92
2024-08-20 03:45:00+00:00,146.939,147.021,146.935,147.012,1686.58
2024-08-20 03:50:00+00:00,147.012,147.149,147.0,147.118,1684.86
2024-08-20 03:55:00+00:00,147.118,147.161,147.048,147.066,1362.61
2024-08-20 04:00:00+00:00,147.062,147.102,146.992,146.995,1592.2
2024-08-20 04:05:00+00:00,146.995,146.996,146.92,146.942,1164.71
2024-08-20 04:10:00+00:00,146.94,146.985,146.925,146.984,448.29
2024-08-20 04:15:00+00:00,146.985,147.061,146.97,146.996,632.23
2024-08-20 04:20:00+00:00,146.994,147.086,146.972,147.044,651.8
2024-08-20 04:25:00+00:00,147.044,147.076,147.018,147.025,959.82
2024-08-20 04:30:00+00:00,147.021,147.021,146.961,146.979,642.52
2024-08-20 04:35:00+00:00,146.986,147.017,146.902,146.913,850.98
2024-08-20 04:40:00+00:00,146.912,146.915,146.793,146.819,3025.85
2024-08-20 04:45:00+00:00,146.819,146.883,146.784,146.852,1730.19
2024-08-20 04:50:00+00:00,146.851,146.935,146.84,146.928,1183.5
2024-08-20 04:55:00+00:00,146.928,146.934,146.878,146.929,1392.99
2024-08-20 05:00:00+00:00,146.927,147.015,146.923,147.01,1078.59
2024-08-20 05:05:00+00:00,147.009,147.041,146.965,146.999,1997.06
2024-08-20 05:10:00+00:00,146.997,147.037,146.987,147.022,1480.53
2024-08-20 05:15:00+00:00,147.023,147.137,146.948,147.128,1790.53
2024-08-20 05:20:00+00:00,147.127,147.269,147.091,147.249,2354.07
2024-08-20 05:25:00+00:00,147.25,147.325,147.206,147.262,2056.51
2024-08-20 05:30:00+00:00,147.261,147.282,147.208,147.212,1151.88
2024-08-20 05:35:00+00:00,147.213,147.219,147.146,147.152,1372.26
2024-08-20 05:40:00+00:00,147.154,147.216,147.107,147.192,1689.76
2024-08-20 05:45:00+00:00,147.192,147.281,147.162,147.23,1413.54
2024-08-20 05:50:00+00:00,147.229,147.26,147.191,147.196,837.75
2024-08-20 05:55:00+00:00,147.196,147.283,147.162,147.282,1659.9
2024-08-20 06:00:00+00:00,147.288,147.293,147.147,147.235,2148.54
2024-08-20 06:05:00+00:00,147.234,147.292,147.202,147.233,3241.56
2024-08-20 06:10:00+00:00,147.232,147.345,147.171,147.194,2213.16
2024-08-20 06:15:00+00:00,147.194,147.197,147.125,147.147,1401.39
2024-08-20 06:20:00+00:00,147.147,147.151,147.092,147.149,1723.43
2024-08-20 06:25:00+00:00,147.15,147.172,147.094,147.103,2305.27
2024-08-20 06:30:00+00:00,147.104,147.161,147.051,147.053,2015.52
2024-08-20 06:35:00+00:00,147.054,147.067,146.912,147.002,2634.45
2024-08-20 06:40:00+00:00,146.999,147.002,146.903,146.968,2599.56
2024-08-20 06:45:00+00:00,146.968,147.012,146.938,147.011,1408.41
2024-08-20 06:50:00+00:00,147.012,147.057,146.988,147.02,1075.08
2024-08-20 06:55:00+00:00,147.026,147.055,146.967,147.047,1143.93
2024-08-20 07:00:00+00:00,147.048,147.106,146.995,147.089,2199.06
2024-08-20 07:05:00+00:00,147.09,147.193,147.084,147.158,1604.88
2024-08-20 07:10:00+00:00,147.158,147.158,146.893,146.906,2717.31
2024-08-20 07:15:00+00:00,146.906,146.924,146.818,146.922,3958.73
2024-08-20 07:20:00+00:00,146.92,146.925,146.85,146.878,2252.46
2024-08-20 07:25:00+00:00,146.879,146.943,146.859,146.882,2557.86
2024-08-20 07:30:00+00:00,146.883,146.957,146.844,146.912,2828.43
2024-08-20 07:35:00+00:00,146.912,146.945,146.479,146.492,5392.61
2024-08-20 07:40:00+00:00,146.495,146.606,146.327,146.549,4273.46
2024-08-20 07:45:00+00:00,146.553,146.71,146.526,146.672,3093.34
2024-08-20 07:50:00+00:00,146.672,146.716,146.59,146.644,2967.4
2024-08-20 07:55:00+00:00,146.645,146.692,146.542,146.556,6264.65
2024-08-20 08:00:00+00:00,146.556,146.56,146.379,146.413,2172.59
2024-08-20 08:05:00+00:00,146.419,146.481,146.344,146.481,2758.21
2024-08-20 08:10:00+00:00,146.48,146.555,146.444,146.51,3578.43
2024-08-20 08:15:00+00:00,146.515,146.582,146.47,146.503,3336.54
2024-08-20 08:20:00+00:00,146.502,146.563,146.404,146.419,2144.05
2024-08-20 08:25:00+00:00,146.422,146.515,146.422,146.493,3916.5
2024-08-20 08:30:00+00:00,146.49,146.522,146.299,146.344,4390.37
2024-08-20 08:35:00+00:00,146.343,146.358,146.274,146.275,4617.87
2024-08-20 08:40:00+00:00,146.277,146.351,146.232,146.276,3813.7
2024-08-20 08:45:00+00:00,146.275,146.329,146.243,146.316,4291.78
2024-08-20 08:50:00+00:00,146.318,146.405,146.314,146.394,2712.96
2024-08-20 08:55:00+00:00,146.4,146.522,146.383,146.52,3013.35
2024-08-20 09:00:00+00:00,146.521,146.554,146.477,146.481,2369.36
2024-08-20 09:05:00+00:00,146.481,146.522,146.447,146.467,1852.34
2024-08-20 09:10:00+00:00,146.467,146.478,146.39,146.424,3546.17
2024-08-20 09:15:00+00:00,146.423,146.472,146.412,146.459,2241.57
2024-08-20 09:20:00+00:00,146.458,146.479,146.378,146.478,2269.38
2024-08-20 09:25:00+00:00,146.481,146.515,146.455,146.505,2510.85
2024-08-20 09:30:00+00:00,146.5,146.5,146.399,146.402,2028.14
2024-08-20 09:35:00+00:00,146.4,146.439,146.378,146.421,2573.67
2024-08-20 09:40:00+00:00,146.42,146.502,146.389,146.5,1824.25
2024-08-20 09:45:00+00:00,146.501,146.525,146.418,146.426,2960.21
2024-08-20 09:50:00+00:00,146.425,146.441,146.386,146.427,2709.99
2024-08-20 09:55:00+00:00,146.427,146.486,146.395,146.475,2463.66
2024-08-20 10:00:00+00:00,146.476,146.493,146.326,146.369,2752.57
2024-08-20 10:05:00+00:00,146.37,146.41,146.334,146.372,1879.05
2024-08-20 10:10:00+00:00,146.373,146.43,146.362,146.392,3276.16
2024-08-20 10:15:00+00:00,146.391,146.441,146.385,146.424,2597.22
2024-08-20 10:20:00+00:00,146.424,146.455,146.358,146.378,3056.62
2024-08-20 10:25:00+00:00,146.38,146.382,146.341,146.365,2113.41
2024-08-20 10:30:00+00:00,146.366,146.41,146.359,146.374,3636.77
2024-08-20 10:35:00+00:00,146.379,146.438,146.379,146.436,3139.02
2024-08-20 10:40:00+00:00,146.435,146.469,146.391,146.404,1749.06
2024-08-20 10:45:00+00:00,146.404,146.443,146.368,146.408,1876.44
2024-08-20 10:50:00+00:00,146.413,146.505,146.412,146.478,1150.62
2024-08-20 10:55:00+00:00,146.475,146.48,146.443,146.444,3692.39
2024-08-20 11:00:00+00:00,146.446,146.47,146.425,146.444,962.71
2024-08-20 11:05:00+00:00,146.442,146.555,146.44,146.486,3006.72
2024-08-20 11:10:00+00:00,146.484,146.508,146.457,146.479,2688.94
2024-08-20 11:15:00+00:00,146.478,146.483,146.428,146.439,3104.4
2024-08-20 11:20:00+00:00,146.438,146.46,146.41,146.414,1073.25
2024-08-20 11:25:00+00:00,146.413,146.482,146.404,146.48,1841.07
2024-08-20 11:30:00+00:00,146.479,146.48,146.42,146.467,1993.14
2024-08-20 11:35:00+00:00,146.468,146.551,146.455,146.544,2471.73
2024-08-20 11:40:00+00:00,146.544,146.545,146.479,146.503,1080.93
2024-08-20 11:45:00+00:00,146.503,146.513,146.44,146.466,1826.79
2024-08-20 11:50:00+00:00,146.466,146.477,146.456,146.463,620.7
2024-08-20 11:55:00+00:00,146.464,146.464,146.337,146.374,2516.85
2024-08-20 12:00:00+00:00,146.374,146.374,146.263,146.362,3865.64
2024-08-20 12:05:00+00:00,146.359,146.365,146.275,146.311,1851.09
2024-08-20 12:10:00+00:00,146.312,146.372,146.306,146.339,2529.48
2024-08-20 12:15:00+00:00,146.339,146.387,146.302,146.344,3898.02
2024-08-20 12:20:00+00:00,146.345,146.345,146.254,146.296,2917.74
2024-08-20 12:25:00+00:00,146.298,146.35,146.295,146.334,1638.9
2024-08-20 12:30:00+00:00,146.335,146.359,146.28,146.355,2922.95
2024-08-20 12:35:00+00:00,146.355,146.41,146.35,146.407,3416.61
2024-08-20 12:40:00+00:00,146.407,146.489,146.403,146.417,3043.65
2024-08-20 12:45:00+00:00,146.415,146.417,146.294,146.308,2258.55
2024-08-20 12:50:00+00:00,146.308,146.308,146.181,146.231,4000.77
2024-08-20 12:55:00+00:00,146.232,146.232,146.124,146.167,4002.0
2024-08-20 13:00:00+00:00,146.17,146.215,146.143,146.191,3367.5
2024-08-20 13:05:00+00:00,146.192,146.246,146.176,146.193,2615.2
2024-08-20 13:10:00+00:00,146.197,146.204,146.084,146.098,3793.34
2024-08-20 13:15:00+00:00,146.099,146.138,146.072,146.081,3750.12
2024-08-20 13:20:00+00:00,146.082,146.129,146.042,146.097,2478.42
2024-08-20 13:25:00+00:00,146.1,146.164,146.06,146.079,3755.02
2024-08-20 13:30:00+00:00,146.079,146.24,146.046,146.236,3157.13
2024-08-20 13:35:00+00:00,146.235,146.291,146.231,146.259,2698.02
2024-08-20 13:40:00+00:00,146.261,146.277,146.136,146.151,2287.81
2024-08-20 13:45:00+00:00,146.15,146.165,146.061,146.065,2747.83
2024-08-20 13:50:00+00:00,146.064,146.126,146.045,146.07,2814.69
2024-08-20 13:55:00+00:00,146.068,146.134,146.046,146.11,3003.51
2024-08-20 14:00:00+00:00,146.108,146.176,146.05,146.156,4469.59
2024-08-20 14:05:00+00:00,146.156,146.246,146.124,146.23,3282.03
2024-08-20 14:10:00+00:00,146.233,146.235,146.093,146.093,3911.78
2024-08-20 14:15:00+00:00,146.093,146.096,145.884,145.92,5751.41
2024-08-20 14:20:00+00:00,145.92,145.95,145.805,145.832,5137.7
2024-08-20 14:25:00+00:00,145.834,145.86,145.731,145.743,6108.88
2024-08-20 14:30:00+00:00,145.745,145.831,145.696,145.762,4343.04
2024-08-20 14:35:00+00:00,145.763,145.763,145.607,145.656,4420.6
2024-08-20 14:40:00+00:00,145.656,145.692,145.549,145.583,3696.31
2024-08-20 14:45:00+00:00,145.586,145.641,145.553,145.611,3370.67
2024-08-20 14:50:00+00:00,145.61,145.634,145.518,145.532,4393.32
2024-08-20 14:55:00+00:00,145.533,145.632,145.53,145.596,5196.23
2024-08-20 15:00:00+00:00,145.599,145.691,145.588,145.633,5326.59
2024-08-20 15:05:00+00:00,145.635,145.705,145.591,145.693,3417.78
2024-08-20 15:10:00+00:00,145.694,145.726,145.654,145.723,3654.11
2024-08-20 15:15:00+00:00,145.73,145.773,145.714,145.758,1711.59
2024-08-20 15:20:00+00:00,145.757,145.802,145.748,145.798,1362.0
2024-08-20 15:25:00+00:00,145.8,145.866,145.799,145.828,2435.97
2024-08-20 15:30:00+00:00,145.828,145.831,145.726,145.751,3474.72
2024-08-20 15:35:00+00:00,145.749,145.755,145.7,145.709,2756.6
2024-08-20 15:40:00+00:00,145.707,145.715,145.619,145.651,2124.56
2024-08-20 15:45:00+00:00,145.652,145.67,145.62,145.626,1160.49
2024-08-20 15:50:00+00:00,145.625,145.708,145.583,145.701,1750.22
2024-08-20 15:55:00+00:00,145.701,145.729,145.69,145.695,1053.85
2024-08-20 16:00:00+00:00,145.695,145.744,145.668,145.693,2530.3
2024-08-20 16:05:00+00:00,145.694,145.704,145.616,145.652,1210.53
2024-08-20 16:10:00+00:00,145.65,145.671,145.605,145.617,1634.01
2024-08-20 16:15:00+00:00,145.617,145.627,145.588,145.598,1227.57
2024-08-20 16:20:00+00:00,145.596,145.615,145.569,145.587,1571.52
2024-08-20 16:25:00+00:00,145.587,145.623,145.564,145.599,1684.5
2024-08-20 16:30:00+00:00,145.598,145.6,145.558,145.588,565.65
2024-08-20 16:35:00+00:00,145.588,145.594,145.5,145.505,1186.29
2024-08-20 16:40:00+00:00,145.506,145.509,145.408,145.466,2071.81
2024-08-20 16:45:00+00:00,145.468,145.47,145.425,145.457,1168.25
2024-08-20 16:50:00+00:00,145.455,145.463,145.423,145.428,1345.23
2024-08-20 16:55:00+00:00,145.429,145.439,145.373,145.396,946.65
2024-08-20 17:00:00+00:00,145.393,145.409,145.344,145.395,1509.71
2024-08-20 17:05:00+00:00,145.397,145.439,145.373,145.439,1162.29
2024-08-20 17:10:00+00:00,145.439,145.465,145.41,145.417,1281.69
2024-08-20 17:15:00+00:00,145.419,145.455,145.417,145.443,1028.7
2024-08-20 17:20:00+00:00,145.441,145.455,145.423,145.425,1313.79
2024-08-20 17:25:00+00:00,145.424,145.435,145.418,145.433,1681.14
2024-08-20 17:30:00+00:00,145.433,145.434,145.406,145.418,783.0
2024-08-20 17:35:00+00:00,145.419,145.423,145.352,145.376,1865.76
2024-08-20 17:40:00+00:00,145.375,145.414,145.363,145.394,597.09
2024-08-20 17:45:00+00:00,145.392,145.438,145.387,145.438,790.53
2024-08-20 17:50:00+00:00,145.437,145.441,145.42,145.43,1087.56
2024-08-20 17:55:00+00:00,145.43,145.488,145.429,145.484,1284.45
2024-08-20 18:00:00+00:00,145.484,145.533,145.481,145.528,1845.76
2024-08-20 18:05:00+00:00,145.527,145.535,145.488,145.502,879.81
2024-08-20 18:10:00+00:00,145.502,145.504,145.473,145.477,708.78
2024-08-20 18:15:00+00:00,145.477,145.484,145.455,145.456,375.27
2024-08-20 18:20:00+00:00,145.455,145.459,145.428,145.444,1199.97
2024-08-20 18:25:00+00:00,145.444,145.445,145.4,145.416,2012.37
2024-08-20 18:30:00+00:00,145.416,145.443,145.414,145.432,1795.92
2024-08-20 18:35:00+00:00,145.43,145.434,145.415,145.431,1169.16
2024-08-20 18:40:00+00:00,145.431,145.441,145.406,145.407,1376.25
2024-08-20 18:45:00+00:00,145.408,145.442,145.406,145.437,1174.74
2024-08-20 18:50:00+00:00,145.442,145.46,145.404,145.422,1154.19
2024-08-20 18:55:00+00:00,145.421,145.423,145.366,145.384,898.77
2024-08-20 19:00:00+00:00,145.383,145.396,145.365,145.389,690.96
2024-08-20 19:05:00+00:00,145.388,145.431,145.385,145.411,457.95
2024-08-20 19:10:00+00:00,145.411,145.419,145.393,145.414,704.25
2024-08-20 19:15:00+00:00,145.412,145.413,145.389,145.392,651.51
2024-08-20 19:20:00+00:00,145.392,145.394,145.362,145.383,698.25
2024-08-20 19:25:00+00:00,145.382,145.392,145.361,145.366,363.81
2024-08-20 19:30:00+00:00,145.365,145.387,145.365,145.375,192.27
2024-08-20 19:35:00+00:00,145.378,145.38,145.34,145.34,258.75
2024-08-20 19:40:00+00:00,145.338,145.356,145.323,145.356,839.1
2024-08-20 19:45:00+00:00,145.355,145.398,145.341,145.395,1549.35
2024-08-20 19:50:00+00:00,145.396,145.404,145.343,145.358,746.85
2024-08-20 19:55:00+00:00,145.359,145.366,145.324,145.336,1263.54
2024-08-20 20:00:00+00:00,145.336,145.36,145.324,145.345,447.57
2024-08-20 20:05:00+00:00,145.344,145.351,145.337,145.349,170.1
2024-08-20 20:10:00+00:00,145.351,145.356,145.341,145.343,314.64
2024-08-20 20:15:00+00:00,145.343,145.357,145.322,145.322,185.82
2024-08-20 20:20:00+00:00,145.322,145.322,145.216,145.216,250.38
2024-08-20 20:25:00+00:00,145.216,145.232,145.198,145.218,334.05
2024-08-20 20:30:00+00:00,145.219,145.256,145.215,145.239,404.94
2024-08-20 20:35:00+00:00,145.238,145.253,145.229,145.239,892.32
2024-08-20 20:40:00+00:00,145.245,145.255,145.238,145.239,644.94
2024-08-20 20:45:00+00:00,145.239,145.289,145.239,145.279,831.96
2024-08-20 20:50:00+00:00,145.279,145.294,145.259,145.282,989.04
2024-08-20 20:55:00+00:00,145.284,145.293,145.235,145.235,807.01
2024-08-20 21:00:00+00:00,145.235,145.235,145.186,145.198,30.33
2024-08-20 21:05:00+00:00,145.198,145.199,145.194,145.195,43.8
2024-08-20 21:10:00+00:00,145.198,145.209,145.196,145.201,30.6
2024-08-20 21:15:00+00:00,145.202,145.203,145.185,145.189,267.0
2024-08-20 21:20:00+00:00,145.189,145.21,145.187,145.199,249.0
2024-08-20 21:25:00+00:00,145.197,145.197,145.133,145.176,204.12
2024-08-20 21:30:00+00:00,145.185,145.206,145.168,145.181,87.45
2024-08-20 21:35:00+00:00,145.181,145.181,145.084,145.119,240.17
2024-08-20 21:40:00+00:00,145.119,145.17,145.083,145.169,181.05
2024-08-20 21:45:00+00:00,145.17,145.171,145.151,145.159,37.65
2024-08-20 21:50:00+00:00,145.152,145.155,145.128,145.128,72.6
2024-08-20 21:55:00+00:00,145.127,145.141,145.11,145.116,103.2
2024-08-20 22:00:00+00:00,145.114,145.166,145.104,145.14,503.25
2024-08-20 22:05:00+00:00,145.14,145.153,145.105,145.112,293.7
2024-08-20 22:10:00+00:00,145.111,145.112,145.006,145.027,533.52
2024-08-20 22:15:00+00:00,145.027,145.1,145.026,145.099,598.86
2024-08-20 22:20:00+00:00,145.098,145.178,145.092,145.176,1267.87
2024-08-20 22:25:00+00:00,145.177,145.177,145.074,145.11,1084.84
2024-08-20 22:30:00+00:00,145.111,145.129,145.053,145.129,1005.32
2024-08-20 22:35:00+00:00,145.129,145.15,145.073,145.108,801.13
2024-08-20 22:40:00+00:00,145.108,145.142,145.076,145.121,1673.25
2024-08-20 22:45:00+00:00,145.12,145.176,145.111,145.164,774.55
2024-08-20 22:50:00+00:00,145.162,145.162,144.988,145.134,1393.27
2024-08-20 22:55:00+00:00,145.132,145.159,145.112,145.121,1380.77
2024-08-20 23:00:00+00:00,145.12,145.237,145.063,145.217,2410.78
2024-08-20 23:05:00+00:00,145.216,145.268,145.213,145.245,1996.95
2024-08-20 23:10:00+00:00,145.246,145.25,145.196,145.228,1912.3
2024-08-20 23:15:00+00:00,145.227,145.235,145.159,145.16,1392.45
2024-08-20 23:20:00+00:00,145.162,145.178,145.051,145.07,1498.77
2024-08-20 23:25:00+00:00,145.07,145.093,144.999,145.002,1979.85
2024-08-20 23:30:00+00:00,145.005,145.102,144.943,144.952,2194.91
2024-08-20 23:35:00+00:00,144.956,145.134,144.949,145.133,2299.04
2024-08-20 23:40:00+00:00,145.133,145.188,145.133,145.15,2215.28
2024-08-20 23:45:00+00:00,145.151,145.234,145.149,145.232,1153.59
2024-08-20 23:50:00+00:00,145.233,145.308,145.226,145.244,1344.17
2024-08-20 23:55:00+00:00,145.244,145.351,145.233,145.322,1169.43
2024-08-21 00:00:00+00:00,145.322,145.418,145.268,145.388,3828.72
2024-08-21 00:05:00+00:00,145.385,145.455,145.346,145.346,2581.46
2024-08-21 00:10:00+00:00,145.346,145.474,145.329,145.459,3237.36
2024-08-21 00:15:00+00:00,145.459,145.48,145.407,145.421,2260.69
2024-08-21 00:20:00+00:00,145.422,145.426,145.242,145.271,2195.62
2024-08-21 00:25:00+00:00,145.27,145.274,145.116,145.131,2130.85
2024-08-21 00:30:00+00:00,145.135,145.156,144.93,145.071,3560.9
2024-08-21 00:35:00+00:00,145.071,145.126,144.96,145.122,2460.36
2024-08-21 00:40:00+00:00,145.122,145.168,145.08,145.151,1704.48
2024-08-21 00:45:00+00:00,145.151,145.377,145.15,145.365,1811.58
2024-08-21 00:50:00+00:00,145.366,145.552,145.366,145.539,4231.13
2024-08-21 00:55:00+00:00,145.538,145.542,145.447,145.448,2726.94
2024-08-21 01:00:00+00:00,145.449,145.581,145.418,145.476,1979.1
2024-08-21 01:05:00+00:00,145.474,145.474,145.311,145.42,2053.29
2024-08-21 01:10:00+00:00,145.422,145.445,145.322,145.433,1862.12
2024-08-21 01:15:00+00:00,145.435,145.48,145.327,145.34,1957.19
2024-08-21 01:20:00+00:00,145.336,145.372,145.251,145.367,2412.81
2024-08-21 01:25:00+00:00,145.367,145.418,145.34,145.401,2632.11
2024-08-21 01:30:00+00:00,145.4,145.565,145.341,145.544,3025.75
2024-08-21 01:35:00+00:00,145.545,145.566,145.462,145.515,2483.93
2024-08-21 01:40:00+00:00,145.515,145.584,145.42,145.447,2663.54
2024-08-21 01:45:00+00:00,145.447,145.494,145.38,145.411,3291.7
2024-08-21 01:50:00+00:00,145.412,145.471,145.383,145.392,1999.95
2024-08-21 01:55:00+00:00,145.392,145.427,145.35,145.408,1017.45
2024-08-21 02:00:00+00:00,145.408,145.492,145.381,145.407,1005.75
2024-08-21 02:05:00+00:00,145.406,145.466,145.391,145.448,1380.6
2024-08-21 02:10:00+00:00,145.447,145.479,145.314,145.319,1247.55
2024-08-21 02:15:00+00:00,145.319,145.355,145.276,145.342,1724.43
2024-08-21 02:20:00+00:00,145.341,145.374,145.32,145.334,1423.41
2024-08-21 02:25:00+00:00,145.335,145.35,145.275,145.312,910.35
2024-08-21 02:30:00+00:00,145.312,145.352,145.28,145.303,1097.55
2024-08-21 02:35:00+00:00,145.304,145.359,145.279,145.343,851.4
2024-08-21 02:40:00+00:00,145.346,145.346,145.296,145.325,741.99
2024-08-21 02:45:00+00:00,145.322,145.356,145.307,145.333,642.75
2024-08-21 02:50:00+00:00,145.331,145.35,145.294,145.33,728.31
2024-08-21 02:55:00+00:00,145.331,145.391,145.331,145.387,412.68
2024-08-21 03:00:00+00:00,145.39,145.406,145.363,145.405,841.68
2024-08-21 03:05:00+00:00,145.405,145.479,145.401,145.46,1581.3
2024-08-21 03:10:00+00:00,145.458,145.494,145.428,145.492,1475.31
2024-08-21 03:15:00+00:00,145.492,145.508,145.423,145.495,892.95
2024-08-21 03:20:00+00:00,145.498,145.502,145.449,145.462,778.62
2024-08-21 03:25:00+00:00,145.461,145.481,145.421,145.444,1435.38
2024-08-21 03:30:00+00:00,145.445,145.457,145.369,145.453,1925.22
2024-08-21 03:35:00+00:00,145.455,145.549,145.422,145.538,1802.36
2024-08-21 03:40:00+00:00,145.539,145.541,145.46,145.488,1650.92
2024-08-21 03:45:00+00:00,145.488,145.565,145.487,145.507,1601.13
2024-08-21 03:50:00+00:00,145.506,145.523,145.447,145.46,1197.18
2024-08-21 03:55:00+00:00,145.46,145.492,145.454,145.474,1644.09
2024-08-21 04:00:00+00:00,145.476,145.5,145.403,145.435,1847.22
2024-08-21 04:05:00+00:00,145.435,145.456,145.39,145.431,1298.04
2024-08-21 04:10:00+00:00,145.431,145.486,145.426,145.467,669.69
2024-08-21 04:15:00+00:00,145.467,145.487,145.444,145.455,1960.53
2024-08-21 04:20:00+00:00,145.454,145.483,145.452,145.462,902.94
2024-08-21 04:25:00+00:00,145.461,145.534,145.437,145.507,473.19
2024-08-21 04:30:00+00:00,145.51,145.547,145.502,145.542,647.49
2024-08-21 04:35:00+00:00,145.547,145.658,145.536,145.642,1096.71
2024-08-21 04:40:00+00:00,145.643,145.724,145.634,145.672,1379.08
2024-08-21 04:45:00+00:00,145.671,145.728,145.653,145.72,875.1
2024-08-21 04:50:00+00:00,145.719,145.733,145.708,145.729,700.08
2024-08-21 04:55:00+00:00,145.728,145.759,145.638,145.674,1880.77
2024-08-21 05:00:00+00:00,145.674,145.704,145.661,145.694,441.35
2024-08-21 05:05:00+00:00,145.695,145.704,145.659,145.702,612.63
2024-08-21 05:10:00+00:00,145.705,145.761,145.683,145.761,1261.83
2024-08-21 05:15:00+00:00,145.761,145.781,145.693,145.699,1753.77
2024-08-21 05:20:00+00:00,145.699,145.716,145.656,145.715,1034.09
2024-08-21 05:25:00+00:00,145.714,145.718,145.673,145.716,612.69
2024-08-21 05:30:00+00:00,145.717,145.757,145.701,145.725,885.15
2024-08-21 05:35:00+00:00,145.724,145.724,145.656,145.672,1353.48
2024-08-21 05:40:00+00:00,145.671,145.675,145.581,145.599,2131.27
2024-08-21 05:45:00+00:00,145.596,145.608,145.512,145.589,1367.75
2024-08-21 05:50:00+00:00,145.593,145.64,145.583,145.629,958.05
2024-08-21 05:55:00+00:00,145.627,145.667,145.581,145.666,889.12
2024-08-21 06:00:00+00:00,145.666,145.739,145.569,145.718,2509.29
2024-08-21 06:05:00+00:00,145.719,145.905,145.719,145.875,2528.58
2024-08-21 06:10:00+00:00,145.874,145.961,145.873,145.918,3598.06
2024-08-21 06:15:00+00:00,145.916,145.934,145.855,145.875,2646.2
2024-08-21 06:20:00+00:00,145.877,145.882,145.814,145.853,2722.47
2024-08-21 06:25:00+00:00,145.852,145.916,145.841,145.848,1197.64
2024-08-21 06:30:00+00:00,145.849,145.892,145.829,145.882,2235.45
2024-08-21 06:35:00+00:00,145.88,145.914,145.836,145.848,1632.15
2024-08-21 06:40:00+00:00,145.849,145.924,145.835,145.884,1799.44
2024-08-21 06:45:00+00:00,145.885,145.943,145.837,145.902,2261.38
2024-08-21 06:50:00+00:00,145.903,145.976,145.879,145.912,2446.29
2024-08-21 06:55:00+00:00,145.911,145.949,145.881,145.948,687.84
2024-08-21 07:00:00+00:00,145.953,146.042,145.904,146.003,4514.88
2024-08-21 07:05:00+00:00,146.005,146.02,145.754,145.79,4753.94
2024-08-21 07:10:00+00:00,145.793,145.841,145.745,145.83,2121.8
2024-08-21 07:15:00+00:00,145.829,145.829,145.729,145.777,2212.62
2024-08-21 07:20:00+00:00,145.776,145.796,145.719,145.741,2441.97
2024-08-21 07:25:00+00:00,145.743,145.745,145.687,145.733,2937.79
2024-08-21 07:30:00+00:00,145.73,145.773,145.718,145.764,2245.29
2024-08-21 07:35:00+00:00,145.764,145.886,145.757,145.877,2500.37
2024-08-21 07:40:00+00:00,145.877,146.137,145.874,146.099,4040.22
2024-08-21 07:45:00+00:00,146.098,146.173,146.062,146.17,5437.81
2024-08-21 07:50:00+00:00,146.169,146.226,146.134,146.178,4316.7
2024-08-21 07:55:00+00:00,146.178,146.195,146.132,146.142,4380.53
2024-08-21 08:00:00+00:00,146.144,146.171,146.076,146.081,1886.55
2024-08-21 08:05:00+00:00,146.082,146.083,146.027,146.07,1619.25
2024-08-21 08:10:00+00:00,146.072,146.128,146.031,146.059,1847.83
2024-08-21 08:15:00+00:00,146.058,146.117,146.035,146.081,1604.85
2024-08-21 08:20:00+00:00,146.079,146.112,145.981,145.994,2998.77
2024-08-21 08:25:00+00:00,145.994,146.018,145.958,146.01,1965.03
2024-08-21 08:30:00+00:00,146.009,146.042,145.999,146.022,2122.28
2024-08-21 08:35:00+00:00,146.023,146.033,145.966,145.992,2880.96
2024-08-21 08:40:00+00:00,145.993,145.999,145.929,145.934,3555.83
2024-08-21 08:45:00+00:00,145.933,145.943,145.878,145.921,2948.1
2024-08-21 08:50:00+00:00,145.921,145.952,145.898,145.947,2898.78
2024-08-21 08:55:00+00:00,145.947,146.033,145.947,146.03,1767.12
2024-08-21 09:00:00+00:00,146.031,146.038,145.991,146.035,1061.31
2024-08-21 09:05:00+00:00,146.039,146.075,146.004,146.036,2497.95
2024-08-21 09:10:00+00:00,146.035,146.072,146.024,146.032,2200.36
2024-08-21 09:15:00+00:00,146.032,146.036,145.962,145.965,2269.46
2024-08-21 09:20:00+00:00,145.966,146.009,145.952,145.987,2745.09
2024-08-21 09:25:00+00:00,145.989,146.02,145.951,146.019,3198.09
2024-08-21 09:30:00+00:00,146.019,146.052,145.951,146.041,3316.56
2024-08-21 09:35:00+00:00,146.042,146.143,146.037,146.107,2457.01
2024-08-21 09:40:00+00:00,146.107,146.156,146.082,146.146,2737.5
2024-08-21 09:45:00+00:00,146.149,146.175,146.131,146.165,1459.05
2024-08-21 09:50:00+00:00,146.164,146.183,146.107,146.136,1569.3
2024-08-21 09:55:00+00:00,146.138,146.14,146.096,146.114,1922.85
2024-08-21 10:00:00+00:00,146.117,146.181,146.096,146.164,1603.35
2024-08-21 10:05:00+00:00,146.164,146.175,146.122,146.145,1141.95
2024-08-21 10:10:00+00:00,146.147,146.16,146.105,146.106,660.75
2024-08-21 10:15:00+00:00,146.107,146.136,146.08,146.098,800.53
2024-08-21 10:20:00+00:00,146.098,146.101,146.059,146.073,1351.2
2024-08-21 10:25:00+00:00,146.073,146.082,146.042,146.047,713.91
2024-08-21 10:30:00+00:00,146.047,146.088,146.038,146.054,2986.97
2024-08-21 10:35:00+00:00,146.054,146.101,146.037,146.046,2585.69
2024-08-21 10:40:00+00:00,146.046,146.065,146.04,146.049,1722.75
2024-08-21 10:45:00+00:00,146.051,146.107,146.046,146.091,1886.46
2024-08-21 10:50:00+00:00,146.088,146.158,146.083,146.146,1226.55
2024-08-21 10:55:00+00:00,146.146,146.225,146.146,146.175,3092.55
2024-08-21 11:00:00+00:00,146.174,146.189,146.12,146.133,3203.01
2024-08-21 11:05:00+00:00,146.133,146.144,146.103,146.132,2446.39
2024-08-21 11:10:00+00:00,146.132,146.188,146.101,146.178,2633.4
2024-08-21 11:15:00+00:00,146.177,146.198,146.091,146.102,1265.25
2024-08-21 11:20:00+00:00,146.102,146.139,146.075,146.138,2218.35
2024-08-21 11:25:00+00:00,146.138,146.179,146.113,146.164,2857.35
2024-08-21 11:30:00+00:00,146.165,146.175,146.122,146.123,1966.31
2024-08-21 11:35:00+00:00,146.124,146.125,146.078,146.08,1525.95
2024-08-21 11:40:00+00:00,146.081,146.094,146.032,146.06,2173.72
2024-08-21 11:45:00+00:00,146.06,146.074,146.038,146.061,3106.5
2024-08-21 11:50:00+00:00,146.059,146.12,146.058,146.082,2289.24
2024-08-21 11:55:00+00:00,146.085,146.115,146.056,146.061,2025.83
2024-08-21 12:00:00+00:00,146.06,146.06,145.952,145.972,3196.74
2024-08-21 12:05:00+00:00,145.971,145.988,145.953,145.968,1477.2
2024-08-21 12:10:00+00:00,145.967,145.971,145.923,145.942,3221.19
2024-08-21 12:15:00+00:00,145.944,145.952,145.905,145.931,2552.23
2024-08-21 12:20:00+00:00,145.929,145.984,145.917,145.942,2322.72
2024-08-21 12:25:00+00:00,145.941,145.964,145.917,145.939,2856.45
2024-08-21 12:30:00+00:00,145.938,145.941,145.849,145.87,2312.35
2024-08-21 12:35:00+00:00,145.871,145.873,145.778,145.806,3515.54
2024-08-21 12:40:00+00:00,145.805,145.885,145.782,145.848,3034.71
2024-08-21 12:45:00+00:00,145.848,145.903,145.834,145.894,2957.59
2024-08-21 12:50:00+00:00,145.893,145.898,145.821,145.833,2518.26
2024-08-21 12:55:00+00:00,145.834,145.837,145.733,145.777,3434.77
2024-08-21 13:00:00+00:00,145.776,145.776,145.634,145.705,3656.79
2024-08-21 13:05:00+00:00,145.704,145.709,145.594,145.604,4641.19
2024-08-21 13:10:00+00:00,145.603,145.617,145.516,145.56,4699.2
2024-08-21 13:15:00+00:00,145.562,145.609,145.534,145.553,3225.62
2024-08-21 13:20:00+00:00,145.553,145.671,145.538,145.636,4158.08
2024-08-21 13:25:00+00:00,145.635,145.653,145.594,145.642,2899.38
2024-08-21 13:30:00+00:00,145.64,145.659,145.499,145.524,5409.48
2024-08-21 13:35:00+00:00,145.523,145.63,145.509,145.63,3649.32
2024-08-21 13:40:00+00:00,145.628,145.704,145.548,145.593,4523.31
2024-08-21 13:45:00+00:00,145.593,145.664,145.575,145.659,3478.47
2024-08-21 13:50:00+00:00,145.658,145.726,145.631,145.667,2410.92
2024-08-21 13:55:00+00:00,145.668,145.81,145.666,145.739,3802.03
2024-08-21 14:00:00+00:00,145.739,146.889,145.736,145.85,6401.88
2024-08-21 14:05:00+00:00,145.844,146.409,145.697,146.123,7616.58
2024-08-21 14:10:00+00:00,146.118,146.137,145.54,145.627,5486.48
2024-08-21 14:15:00+00:00,145.632,145.928,145.534,145.845,3273.41
2024-08-21 14:20:00+00:00,145.85,145.928,145.732,145.786,2949.07
2024-08-21 14:25:00+00:00,145.787,145.857,145.619,145.765,2448.31
2024-08-21 14:30:00+00:00,145.763,145.948,145.458,145.928,3442.77
2024-08-21 14:35:00+00:00,145.927,146.149,145.927,146.049,4291.3
2024-08-21 14:40:00+00:00,146.049,146.067,145.845,145.878,3997.85
2024-08-21 14:45:00+00:00,145.879,145.979,145.675,145.684,4398.96
2024-08-21 14:50:00+00:00,145.688,145.73,145.411,145.435,4684.23
2024-08-21 14:55:00+00:00,145.433,145.648,145.418,145.647,4213.69
2024-08-21 15:00:00+00:00,145.645,145.647,145.406,145.46,4343.04
2024-08-21 15:05:00+00:00,145.457,145.496,145.36,145.452,3734.24
2024-08-21 15:10:00+00:00,145.45,145.585,145.431,145.54,3774.11
2024-08-21 15:15:00+00:00,145.54,145.61,145.486,145.487,3889.02
2024-08-21 15:20:00+00:00,145.483,145.5,145.344,145.426,3322.58
2024-08-21 15:25:00+00:00,145.426,145.454,145.29,145.377,2683.12
2024-08-21 15:30:00+00:00,145.378,145.384,145.247,145.27,2800.9
2024-08-21 15:35:00+00:00,145.272,145.342,145.219,145.237,2632.02
2024-08-21 15:40:00+00:00,145.237,145.262,145.198,145.211,1838.78
2024-08-21 15:45:00+00:00,145.211,145.228,145.038,145.042,2812.39
2024-08-21 15:50:00+00:00,145.043,145.159,145.028,145.144,1819.86
2024-08-21 15:55:00+00:00,145.143,145.213,145.122,145.198,2684.71
2024-08-21 16:00:00+00:00,145.2,145.21,145.072,145.123,2810.97
2024-08-21 16:05:00+00:00,145.123,145.181,145.091,145.153,1783.31
2024-08-21 16:10:00+00:00,145.158,145.195,145.085,145.108,920.27
2024-08-21 16:15:00+00:00,145.105,145.116,145.037,145.077,2197.87
2024-08-21 16:20:00+00:00,145.078,145.136,145.052,145.126,1637.38
2024-08-21 16:25:00+00:00,145.127,145.158,145.096,145.113,1778.69
2024-08-21 16:30:00+00:00,145.112,145.166,145.072,145.085,972.49
2024-08-21 16:35:00+00:00,145.087,145.174,145.08,145.113,1186.31
2024-08-21 16:40:00+00:00,145.117,145.17,145.112,145.162,1308.0
2024-08-21 16:45:00+00:00,145.163,145.177,145.115,145.177,920.2
2024-08-21 16:50:00+00:00,145.176,145.236,145.154,145.204,1430.76
2024-08-21 16:55:00+00:00,145.205,145.241,145.19,145.191,935.18
2024-08-21 17:00:00+00:00,145.192,145.224,145.163,145.197,733.19
2024-08-21 17:05:00+00:00,145.195,145.198,145.077,145.126,1314.83
2024-08-21 17:10:00+00:00,145.125,145.157,145.109,145.155,1440.41
2024-08-21 17:15:00+00:00,145.155,145.177,145.144,145.16,612.32
2024-08-21 17:20:00+00:00,145.155,145.155,145.086,145.107,1239.36
2024-08-21 17:25:00+00:00,145.112,145.123,145.033,145.033,538.92
2024-08-21 17:30:00+00:00,145.031,145.092,145.028,145.037,1176.51
2024-08-21 17:35:00+00:00,145.038,145.081,145.009,145.05,1273.46
2024-08-21 17:40:00+00:00,145.05,145.055,144.998,145.044,1300.26
2024-08-21 17:45:00+00:00,145.047,145.048,144.939,144.975,1691.4
2024-08-21 17:50:00+00:00,144.973,145.065,144.959,145.021,1399.59
2024-08-21 17:55:00+00:00,145.02,145.067,145.003,145.06,1282.13
2024-08-21 18:00:00+00:00,145.063,145.063,144.656,144.746,1570.78
2024-08-21 18:05:00+00:00,144.746,144.752,144.659,144.692,2482.77
2024-08-21 18:10:00+00:00,144.692,144.756,144.591,144.591,2455.95
2024-08-21 18:15:00+00:00,144.592,144.61,144.497,144.53,1529.8
2024-08-21 18:20:00+00:00,144.527,144.569,144.459,144.464,1542.98
2024-08-21 18:25:00+00:00,144.465,144.56,144.45,144.491,1237.23
2024-08-21 18:30:00+00:00,144.494,144.738,144.494,144.717,2141.66
2024-08-21 18:35:00+00:00,144.716,144.759,144.653,144.745,2319.64
2024-08-21 18:40:00+00:00,144.747,144.823,144.723,144.789,1544.51
2024-08-21 18:45:00+00:00,144.79,144.823,144.756,144.809,1019.84
2024-08-21 18:50:00+00:00,144.811,144.836,144.783,144.836,726.69
2024-08-21 18:55:00+00:00,144.837,144.849,144.741,144.745,1552.28
2024-08-21 19:00:00+00:00,144.744,144.852,144.735,144.835,1222.09
2024-08-21 19:05:00+00:00,144.833,144.881,144.825,144.828,482.42
2024-08-21 19:10:00+00:00,144.825,144.85,144.785,144.799,1486.23
2024-08-21 19:15:00+00:00,144.799,144.843,144.79,144.84,817.7
2024-08-21 19:20:00+00:00,144.838,144.919,144.823,144.916,994.63
2024-08-21 19:25:00+00:00,144.916,144.936,144.887,144.917,594.05
2024-08-21 19:30:00+00:00,144.916,144.995,144.905,144.979,946.99
2024-08-21 19:35:00+00:00,144.976,144.992,144.956,144.99,1126.64
2024-08-21 19:40:00+00:00,144.991,145.003,144.945,144.958,1197.23
2024-08-21 19:45:00+00:00,144.964,144.99,144.955,144.984,1048.59
2024-08-21 19:50:00+00:00,144.988,145.033,144.984,145.022,1004.95
2024-08-21 19:55:00+00:00,145.025,145.041,144.961,145.006,1077.11
2024-08-21 20:00:00+00:00,145.006,145.088,145.006,145.082,1198.51
2024-08-21 20:05:00+00:00,145.085,145.18,145.082,145.161,979.63
2024-08-21 20:10:00+00:00,145.16,145.216,145.152,145.166,1120.08
2024-08-21 20:15:00+00:00,145.165,145.211,145.163,145.181,545.77
2024-08-21 20:20:00+00:00,145.18,145.193,145.163,145.174,526.58
2024-08-21 20:25:00+00:00,145.171,145.218,145.16,145.207,639.8
2024-08-21 20:30:00+00:00,145.212,145.237,145.186,145.197,310.25
2024-08-21 20:35:00+00:00,145.199,145.221,145.192,145.219,133.6
2024-08-21 20:40:00+00:00,145.226,145.282,145.226,145.236,496.13
2024-08-21 20:45:00+00:00,145.237,145.264,145.235,145.258,230.22
2024-08-21 20:50:00+00:00,145.257,145.29,145.247,145.266,396.4
2024-08-21 20:55:00+00:00,145.268,145.29,145.254,145.259,519.2
2024-08-21 21:00:00+00:00,145.224,145.224,145.187,145.187,1.14
2024-08-21 21:05:00+00:00,145.17,145.214,144.956,145.067,35.94
2024-08-21 21:10:00+00:00,145.107,145.158,145.062,145.158,27.84
2024-08-21 21:15:00+00:00,145.152,145.165,145.103,145.159,79.14
2024-08-21 21:20:00+00:00,145.158,145.197,145.149,145.149,122.82
2024-08-21 21:25:00+00:00,145.066,145.148,145.066,145.112,58.86
2024-08-21 21:30:00+00:00,145.115,145.173,145.112,145.165,52.53
2024-08-21 21:35:00+00:00,145.16,145.167,145.098,145.163,285.15
2024-08-21 21:40:00+00:00,145.158,145.178,145.109,145.119,142.35
2024-08-21 21:45:00+00:00,145.109,145.124,144.955,145.098,293.43
2024-08-21 21:50:00+00:00,145.099,145.114,145.073,145.113,133.4
2024-08-21 21:55:00+00:00,145.113,145.163,145.074,145.162,144.9
2024-08-21 22:00:00+00:00,145.163,145.169,145.001,145.004,667.71
2024-08-21 22:05:00+00:00,145.004,145.08,144.96,145.066,643.62
2024-08-21 22:10:00+00:00,145.065,145.117,145.065,145.09,163.8
2024-08-21 22:15:00+00:00,145.089,145.12,145.05,145.054,422.93
2024-08-21 22:20:00+00:00,145.047,145.081,145.035,145.058,380.67
2024-08-21 22:25:00+00:00,145.058,145.077,145.017,145.058,349.2
2024-08-21 22:30:00+00:00,145.056,145.124,145.048,145.124,201.32
2024-08-21 22:35:00+00:00,145.121,145.121,145.08,145.091,231.55
2024-08-21 22:40:00+00:00,145.089,145.114,145.086,145.09,390.35
2024-08-21 22:45:00+00:00,145.094,145.099,145.027,145.037,270.83
2024-08-21 22:50:00+00:00,145.038,145.039,145.006,145.006,251.19
2024-08-21 22:55:00+00:00,145.005,145.029,144.887,144.891,544.27
2024-08-21 23:00:00+00:00,144.887,144.939,144.845,144.857,1460.84
2024-08-21 23:05:00+00:00,144.854,144.922,144.843,144.87,1172.25
2024-08-21 23:10:00+00:00,144.872,144.946,144.861,144.944,681.95
2024-08-21 23:15:00+00:00,144.944,144.955,144.887,144.902,497.95
2024-08-21 23:20:00+00:00,144.902,144.945,144.866,144.928,600.16
2024-08-21 23:25:00+00:00,144.928,144.948,144.887,144.934,320.91
2024-08-21 23:30:00+00:00,144.933,144.961,144.861,144.938,574.58
2024-08-21 23:35:00+00:00,144.941,145.032,144.927,145.026,671.01
2024-08-21 23:40:00+00:00,145.026,145.098,145.025,145.09,832.54
2024-08-21 23:45:00+00:00,145.089,145.131,145.058,145.122,808.62
2024-08-21 23:50:00+00:00,145.121,145.124,145.058,145.06,429.14
2024-08-21 23:55:00+00:00,145.061,145.144,145.054,145.123,371.61
2024-08-22 00:00:00+00:00,145.122,145.138,144.939,144.964,2144.72
2024-08-22 00:05:00+00:00,144.96,145.188,144.954,145.187,1668.78
2024-08-22 00:10:00+00:00,145.186,145.265,145.176,145.206,1062.5
2024-08-22 00:15:00+00:00,145.201,145.252,145.183,145.212,1024.82
2024-08-22 00:20:00+00:00,145.212,145.299,145.167,145.26,1164.02
2024-08-22 00:25:00+00:00,145.259,145.334,145.245,145.3,971.24
2024-08-22 00:30:00+00:00,145.3,145.409,145.299,145.371,1004.8
2024-08-22 00:35:00+00:00,145.369,145.437,145.33,145.346,788.27
2024-08-22 00:40:00+00:00,145.347,145.425,145.338,145.378,1131.07
2024-08-22 00:45:00+00:00,145.376,145.386,145.316,145.331,814.68
2024-08-22 00:50:00+00:00,145.33,145.359,145.241,145.331,2078.52
2024-08-22 00:55:00+00:00,145.331,145.399,145.258,145.334,1969.26
2024-08-22 01:00:00+00:00,145.33,145.366,145.214,145.331,1779.59
2024-08-22 01:05:00+00:00,145.331,145.445,145.316,145.403,1341.2
2024-08-22 01:10:00+00:00,145.404,145.468,145.394,145.454,1012.96
2024-08-22 01:15:00+00:00,145.456,145.497,145.417,145.486,1269.83
2024-08-22 01:20:00+00:00,145.485,145.491,145.375,145.416,885.87
2024-08-22 01:25:00+00:00,145.415,145.456,145.392,145.393,1214.87
2024-08-22 01:30:00+00:00,145.394,145.555,145.393,145.503,1946.73
2024-08-22 01:35:00+00:00,145.506,145.575,145.506,145.564,1636.94
2024-08-22 01:40:00+00:00,145.566,145.568,145.453,145.527,1778.98
2024-08-22 01:45:00+00:00,145.527,145.574,145.464,145.562,1631.4
2024-08-22 01:50:00+00:00,145.56,145.632,145.559,145.6,1511.32
2024-08-22 01:55:00+00:00,145.6,145.641,145.562,145.614,1359.79
2024-08-22 02:00:00+00:00,145.616,145.632,145.56,145.587,1254.3
2024-08-22 02:05:00+00:00,145.594,145.608,145.549,145.555,1656.3
2024-08-22 02:10:00+00:00,145.554,145.599,145.537,145.545,1375.13
2024-08-22 02:15:00+00:00,145.544,145.594,145.539,145.592,814.21
2024-08-22 02:20:00+00:00,145.589,145.608,145.463,145.484,2154.02
2024-08-22 02:25:00+00:00,145.484,145.51,145.398,145.451,1753.38
2024-08-22 02:30:00+00:00,145.451,145.484,145.433,145.455,1755.11
2024-08-22 02:35:00+00:00,145.455,145.501,145.438,145.5,640.91
2024-08-22 02:40:00+00:00,145.502,145.528,145.446,145.447,1041.53
2024-08-22 02:45:00+00:00,145.448,145.452,145.371,145.402,1605.68
2024-08-22 02:50:00+00:00,145.399,145.429,145.386,145.414,1393.2
2024-08-22 02:55:00+00:00,145.414,145.461,145.378,145.445,800.99
2024-08-22 03:00:00+00:00,145.446,145.46,145.385,145.437,795.67
2024-08-22 03:05:00+00:00,145.436,145.482,145.381,145.385,833.59
2024-08-22 03:10:00+00:00,145.384,145.385,145.318,145.326,1350.05
2024-08-22 03:15:00+00:00,145.325,145.372,145.322,145.351,1010.69
2024-08-22 03:20:00+00:00,145.35,145.377,145.338,145.348,609.76
2024-08-22 03:25:00+00:00,145.347,145.351,145.311,145.313,726.44
2024-08-22 03:30:00+00:00,145.31,145.343,145.303,145.308,1015.76
2024-08-22 03:35:00+00:00,145.309,145.31,145.241,145.252,1187.9
2024-08-22 03:40:00+00:00,145.251,145.272,145.225,145.241,1092.19
2024-08-22 03:45:00+00:00,145.243,145.265,145.203,145.243,1019.69
2024-08-22 03:50:00+00:00,145.245,145.265,145.23,145.257,1360.37
2024-08-22 03:55:00+00:00,145.258,145.268,145.222,145.264,1051.32
2024-08-22 04:00:00+00:00,145.263,145.305,145.251,145.255,1163.88
2024-08-22 04:05:00+00:00,145.255,145.334,145.243,145.333,1185.45
2024-08-22 04:10:00+00:00,145.335,145.407,145.331,145.404,1250.32
2024-08-22 04:15:00+00:00,145.404,145.404,145.273,145.273,1377.02
2024-08-22 04:20:00+00:00,145.273,145.277,145.048,145.087,2370.37
2024-08-22 04:25:00+00:00,145.086,145.103,145.0,145.043,2207.64
2024-08-22 04:30:00+00:00,145.043,145.093,144.988,145.041,1215.45
2024-08-22 04:35:00+00:00,145.039,145.104,144.982,145.09,1719.33
2024-08-22 04:40:00+00:00,145.09,145.118,145.051,145.075,1156.66
2024-08-22 04:45:00+00:00,145.078,145.132,145.021,145.12,1091.2
2024-08-22 04:50:00+00:00,145.119,145.162,145.088,145.09,1100.61
2024-08-22 04:55:00+00:00,145.089,145.15,145.06,145.132,845.33
2024-08-22 05:00:00+00:00,145.132,145.164,145.102,145.139,1179.78
2024-08-22 05:05:00+00:00,145.141,145.144,145.067,145.086,1321.9
2024-08-22 05:10:00+00:00,145.087,145.18,145.064,145.149,1731.89
2024-08-22 05:15:00+00:00,145.15,145.198,145.136,145.194,750.18
2024-08-22 05:20:00+00:00,145.195,145.203,145.146,145.159,703.01
2024-08-22 05:25:00+00:00,145.161,145.166,145.072,145.082,994.27
2024-08-22 05:30:00+00:00,145.082,145.1,145.011,145.079,1097.0
2024-08-22 05:35:00+00:00,145.081,145.195,145.08,145.194,828.46
2024-08-22 05:40:00+00:00,145.193,145.225,145.169,145.213,1027.57
2024-08-22 05:45:00+00:00,145.214,145.214,145.126,145.179,850.74
2024-08-22 05:50:00+00:00,145.18,145.267,145.18,145.261,844.54
2024-08-22 05:55:00+00:00,145.26,145.301,145.255,145.268,1252.71
2024-08-22 06:00:00+00:00,145.267,145.369,145.232,145.33,2191.86
2024-08-22 06:05:00+00:00,145.332,145.428,145.332,145.408,1974.92
2024-08-22 06:10:00+00:00,145.406,145.452,145.37,145.376,1579.25
2024-08-22 06:15:00+00:00,145.373,145.412,145.336,145.337,1446.33
2024-08-22 06:20:00+00:00,145.339,145.37,145.309,145.309,1744.65
2024-08-22 06:25:00+00:00,145.31,145.33,145.211,145.235,1951.51
2024-08-22 06:30:00+00:00,145.234,145.286,145.2,145.281,1787.43
2024-08-22 06:35:00+00:00,145.282,145.361,145.248,145.32,1296.69
2024-08-22 06:40:00+00:00,145.319,145.343,145.3,145.327,931.86
2024-08-22 06:45:00+00:00,145.328,145.346,145.274,145.327,1175.26
2024-08-22 06:50:00+00:00,145.328,145.413,145.324,145.403,1291.4
2024-08-22 06:55:00+00:00,145.404,145.439,145.369,145.38,1323.55
2024-08-22 07:00:00+00:00,145.382,145.393,145.325,145.36,2191.55
2024-08-22 07:05:00+00:00,145.361,145.428,145.346,145.367,1662.39
2024-08-22 07:10:00+00:00,145.366,145.371,145.314,145.335,1495.72
2024-08-22 07:15:00+00:00,145.336,145.474,145.336,145.434,2482.78
2024-08-22 07:20:00+00:00,145.443,145.449,145.279,145.292,2064.97
2024-08-22 07:25:00+00:00,145.291,145.329,145.277,145.284,1331.83
2024-08-22 07:30:00+00:00,145.285,145.285,145.105,145.131,2709.86
2024-08-22 07:35:00+00:00,145.133,145.183,145.09,145.133,1389.84
2024-08-22 07:40:00+00:00,145.135,145.196,145.117,145.148,2065.58
2024-08-22 07:45:00+00:00,145.148,145.2,145.121,145.174,1422.41
2024-08-22 07:50:00+00:00,145.175,145.212,145.144,145.202,2067.9
2024-08-22 07:55:00+00:00,145.204,145.266,145.204,145.244,1390.43
2024-08-22 08:00:00+00:00,145.246,145.338,145.246,145.329,1781.46
2024-08-22 08:05:00+00:00,145.333,145.44,145.333,145.421,2070.65
2024-08-22 08:10:00+00:00,145.421,145.468,145.402,145.432,3326.78
2024-08-22 08:15:00+00:00,145.431,145.574,145.425,145.536,3352.94
2024-08-22 08:20:00+00:00,145.538,145.545,145.468,145.489,2411.58
2024-08-22 08:25:00+00:00,145.491,145.517,145.459,145.504,2335.99
2024-08-22 08:30:00+00:00,145.504,145.554,145.469,145.492,3052.24
2024-08-22 08:35:00+00:00,145.491,145.517,145.47,145.493,2435.72
2024-08-22 08:40:00+00:00,145.491,145.576,145.49,145.571,2534.76
2024-08-22 08:45:00+00:00,145.572,145.664,145.569,145.653,1378.87
2024-08-22 08:50:00+00:00,145.653,145.653,145.577,145.653,1441.94
2024-08-22 08:55:00+00:00,145.655,145.669,145.621,145.634,1706.63
2024-08-22 09:00:00+00:00,145.634,145.645,145.565,145.624,3542.17
2024-08-22 09:05:00+00:00,145.623,145.64,145.604,145.638,1507.58
2024-08-22 09:10:00+00:00,145.636,145.731,145.619,145.729,2057.97
2024-08-22 09:15:00+00:00,145.73,145.757,145.701,145.707,1339.7
2024-08-22 09:20:00+00:00,145.708,145.732,145.683,145.731,1359.14
2024-08-22 09:25:00+00:00,145.729,145.729,145.619,145.634,1462.51
2024-08-22 09:30:00+00:00,145.633,145.643,145.6,145.632,1807.06
2024-08-22 09:35:00+00:00,145.632,145.633,145.564,145.566,1526.1
2024-08-22 09:40:00+00:00,145.568,145.605,145.559,145.6,2214.39
2024-08-22 09:45:00+00:00,145.601,145.644,145.6,145.601,1134.0
2024-08-22 09:50:00+00:00,145.602,145.602,145.566,145.57,1221.61
2024-08-22 09:55:00+00:00,145.571,145.608,145.558,145.606,1098.8
2024-08-22 10:00:00+00:00,145.607,145.624,145.559,145.585,904.84
2024-08-22 10:05:00+00:00,145.59,145.711,145.587,145.709,1937.24
2024-08-22 10:10:00+00:00,145.711,145.749,145.701,145.747,2439.72
2024-08-22 10:15:00+00:00,145.747,145.799,145.746,145.762,1436.83
2024-08-22 10:20:00+00:00,145.76,145.796,145.751,145.792,965.19
2024-08-22 10:25:00+00:00,145.799,145.849,145.788,145.845,1813.34
2024-08-22 10:30:00+00:00,145.847,145.875,145.81,145.849,2142.38
2024-08-22 10:35:00+00:00,145.85,145.853,145.766,145.845,3471.13
2024-08-22 10:40:00+00:00,145.843,145.886,145.828,145.874,2310.6
2024-08-22 10:45:00+00:00,145.875,145.885,145.822,145.845,1567.37
2024-08-22 10:50:00+00:00,145.846,145.867,145.769,145.77,2187.76
2024-08-22 10:55:00+00:00,145.769,145.785,145.737,145.76,4023.25
2024-08-22 11:00:00+00:00,145.761,145.786,145.738,145.768,1930.45
2024-08-22 11:05:00+00:00,145.767,145.869,145.738,145.868,1534.02
2024-08-22 11:10:00+00:00,145.869,145.943,145.864,145.909,2465.13
2024-08-22 11:15:00+00:00,145.907,145.96,145.895,145.95,1212.57
2024-08-22 11:20:00+00:00,145.95,145.978,145.922,145.96,1294.48
2024-08-22 11:25:00+00:00,145.96,145.964,145.934,145.962,970.29
2024-08-22 11:30:00+00:00,145.961,146.062,145.954,146.035,2245.42
2024-08-22 11:35:00+00:00,146.034,146.113,146.032,146.111,3115.63
2024-08-22 11:40:00+00:00,146.112,146.126,146.054,146.079,1956.78
2024-08-22 11:45:00+00:00,146.078,146.146,146.065,146.084,1543.99
2024-08-22 11:50:00+00:00,146.088,146.123,146.048,146.055,2567.96
2024-08-22 11:55:00+00:00,146.056,146.058,145.964,145.99,1893.21
2024-08-22 12:00:00+00:00,145.99,146.063,145.974,146.06,2097.17
2024-08-22 12:05:00+00:00,146.06,146.068,145.964,146.057,2717.72
2024-08-22 12:10:00+00:00,146.062,146.111,146.042,146.105,2903.56
2024-08-22 12:15:00+00:00,146.104,146.137,146.054,146.106,1957.14
2024-08-22 12:20:00+00:00,146.106,146.21,146.098,146.168,2547.11
2024-08-22 12:25:00+00:00,146.169,146.172,146.112,146.115,1278.63
2024-08-22 12:30:00+00:00,146.103,146.342,145.873,146.151,2721.44
2024-08-22 12:35:00+00:00,146.152,146.162,146.049,146.111,2699.99
2024-08-22 12:40:00+00:00,146.109,146.155,146.081,146.087,3594.27
2024-08-22 12:45:00+00:00,146.086,146.186,146.043,146.179,2171.18
2024-08-22 12:50:00+00:00,146.178,146.186,145.973,145.988,3582.31
2024-08-22 12:55:00+00:00,145.989,146.087,145.988,146.049,3726.04
2024-08-22 13:00:00+00:00,146.047,146.049,145.915,145.994,4270.88
2024-08-22 13:05:00+00:00,145.992,145.997,145.849,145.85,3877.22
2024-08-22 13:10:00+00:00,145.849,145.915,145.821,145.894,3639.15
2024-08-22 13:15:00+00:00,145.891,145.924,145.862,145.887,3007.08
2024-08-22 13:20:00+00:00,145.886,146.0,145.863,145.929,2667.16
2024-08-22 13:25:00+00:00,145.928,145.965,145.887,145.963,1684.66
2024-08-22 13:30:00+00:00,145.961,146.088,145.911,146.064,3821.6
2024-08-22 13:35:00+00:00,146.065,146.187,146.021,146.184,2894.26
2024-08-22 13:40:00+00:00,146.185,146.246,146.142,146.166,1198.29
2024-08-22 13:45:00+00:00,146.373,146.494,146.18,146.231,2556.15
2024-08-22 13:50:00+00:00,146.232,146.232,146.064,146.175,2336.68
2024-08-22 13:55:00+00:00,146.174,146.324,146.165,146.273,1618.47
2024-08-22 14:00:00+00:00,146.274,146.467,146.272,146.434,1690.62
2024-08-22 14:05:00+00:00,146.436,146.453,146.366,146.416,2272.94
2024-08-22 14:10:00+00:00,146.418,146.444,146.356,146.404,1940.35
2024-08-22 14:15:00+00:00,146.405,146.46,146.355,146.435,2032.55
2024-08-22 14:20:00+00:00,146.434,146.525,146.414,146.472,1744.01
2024-08-22 14:25:00+00:00,146.471,146.474,146.406,146.458,1946.2
2024-08-22 14:30:00+00:00,146.457,146.468,146.367,146.379,3472.05
2024-08-22 14:35:00+00:00,146.379,146.379,146.277,146.319,1772.25
2024-08-22 14:40:00+00:00,146.32,146.331,146.241,146.279,2314.95
2024-08-22 14:45:00+00:00,146.278,146.33,146.232,146.249,1390.14
2024-08-22 14:50:00+00:00,146.249,146.29,146.223,146.274,927.5
2024-08-22 14:55:00+00:00,146.275,146.276,146.225,146.233,1109.44
2024-08-22 15:00:00+00:00,146.234,146.298,146.2,146.284,839.04
2024-08-22 15:05:00+00:00,146.286,146.346,146.283,146.315,1225.72
2024-08-22 15:10:00+00:00,146.314,146.324,146.237,146.323,847.43
2024-08-22 15:15:00+00:00,146.322,146.324,146.2,146.201,968.9
2024-08-22 15:20:00+00:00,146.203,146.208,146.115,146.159,1941.17
2024-08-22 15:25:00+00:00,146.158,146.162,146.086,146.115,2211.06
2024-08-22 15:30:00+00:00,146.116,146.116,146.051,146.102,1897.98
2024-08-22 15:35:00+00:00,146.101,146.124,146.002,146.003,2432.01
2024-08-22 15:40:00+00:00,146.004,146.031,145.879,145.897,2240.06
2024-08-22 15:45:00+00:00,145.896,145.929,145.874,145.903,2341.17
2024-08-22 15:50:00+00:00,145.904,145.948,145.889,145.932,1819.39
2024-08-22 15:55:00+00:00,145.933,146.001,145.874,145.976,2658.37
2024-08-22 16:00:00+00:00,145.975,146.029,145.963,146.027,2073.56
2024-08-22 16:05:00+00:00,146.028,146.041,146.006,146.034,1903.08
2024-08-22 16:10:00+00:00,146.034,146.087,146.028,146.048,1747.46
2024-08-22 16:15:00+00:00,146.046,146.107,146.043,146.104,766.44
2024-08-22 16:20:00+00:00,146.104,146.194,146.1,146.191,1617.43
2024-08-22 16:25:00+00:00,146.189,146.238,146.179,146.191,1667.46
2024-08-22 16:30:00+00:00,146.191,146.243,146.188,146.238,1871.66
2024-08-22 16:35:00+00:00,146.239,146.325,146.238,146.264,1770.29
2024-08-22 16:40:00+00:00,146.263,146.35,146.249,146.345,1571.56
2024-08-22 16:45:00+00:00,146.347,146.347,146.26,146.277,1812.29
2024-08-22 16:50:00+00:00,146.279,146.34,146.27,146.285,2236.15
2024-08-22 16:55:00+00:00,146.285,146.339,146.244,146.33,1030.79
2024-08-22 17:00:00+00:00,146.329,146.338,146.275,146.336,1447.27
2024-08-22 17:05:00+00:00,146.338,146.382,146.301,146.381,1524.99
2024-08-22 17:10:00+00:00,146.38,146.49,146.377,146.415,1928.25
2024-08-22 17:15:00+00:00,146.416,146.465,146.381,146.455,678.83
2024-08-22 17:20:00+00:00,146.455,146.488,146.438,146.442,807.59
2024-08-22 17:25:00+00:00,146.44,146.477,146.419,146.423,1161.57
2024-08-22 17:30:00+00:00,146.422,146.441,146.361,146.423,1698.28
2024-08-22 17:35:00+00:00,146.422,146.439,146.395,146.396,532.2
2024-08-22 17:40:00+00:00,146.396,146.404,146.344,146.394,1559.93
2024-08-22 17:45:00+00:00,146.394,146.4,146.354,146.374,1182.36
2024-08-22 17:50:00+00:00,146.373,146.395,146.316,146.324,1554.7
2024-08-22 17:55:00+00:00,146.327,146.37,146.294,146.314,3040.68
2024-08-22 18:00:00+00:00,146.314,146.325,146.24,146.257,3626.19
2024-08-22 18:05:00+00:00,146.258,146.283,146.239,146.256,1266.54
2024-08-22 18:10:00+00:00,146.255,146.26,146.196,146.246,1334.28
2024-08-22 18:15:00+00:00,146.249,146.311,146.246,146.306,518.98
2024-08-22 18:20:00+00:00,146.305,146.316,146.271,146.275,1133.64
2024-08-22 18:25:00+00:00,146.275,146.29,146.237,146.253,1322.94
2024-08-22 18:30:00+00:00,146.253,146.286,146.234,146.285,1318.61
2024-08-22 18:35:00+00:00,146.284,146.346,146.28,146.338,924.99
2024-08-22 18:40:00+00:00,146.339,146.339,146.269,146.281,507.45
2024-08-22 18:45:00+00:00,146.281,146.291,146.262,146.268,349.91
2024-08-22 18:50:00+00:00,146.269,146.283,146.254,146.263,277.86
2024-08-22 18:55:00+00:00,146.261,146.265,146.219,146.221,897.43
2024-08-22 19:00:00+00:00,146.224,146.264,146.203,146.257,864.48
2024-08-22 19:05:00+00:00,146.256,146.261,146.229,146.25,1150.43
2024-08-22 19:10:00+00:00,146.25,146.253,146.176,146.197,658.15
2024-08-22 19:15:00+00:00,146.196,146.225,146.196,146.225,601.59
2024-08-22 19:20:00+00:00,146.226,146.257,146.216,146.223,720.0
2024-08-22 19:25:00+00:00,146.227,146.245,146.219,146.221,512.34
2024-08-22 19:30:00+00:00,146.222,146.247,146.22,146.241,695.6
2024-08-22 19:35:00+00:00,146.239,146.29,146.234,146.273,651.89
2024-08-22 19:40:00+00:00,146.275,146.285,146.257,146.276,362.16
2024-08-22 19:45:00+00:00,146.278,146.297,146.251,146.296,334.68
2024-08-22 19:50:00+00:00,146.297,146.305,146.251,146.288,1426.73
2024-08-22 19:55:00+00:00,146.29,146.32,146.284,146.294,994.36
2024-08-22 20:00:00+00:00,146.294,146.327,146.291,146.312,769.23
2024-08-22 20:05:00+00:00,146.312,146.353,146.309,146.352,212.74
2024-08-22 20:10:00+00:00,146.355,146.363,146.347,146.357,487.88
2024-08-22 20:15:00+00:00,146.356,146.372,146.355,146.368,299.38
2024-08-22 20:20:00+00:00,146.366,146.369,146.346,146.346,57.87
2024-08-22 20:25:00+00:00,146.342,146.343,146.322,146.335,156.98
2024-08-22 20:30:00+00:00,146.334,146.349,146.293,146.305,645.75
2024-08-22 20:35:00+00:00,146.304,146.304,146.272,146.273,345.8
2024-08-22 20:40:00+00:00,146.274,146.281,146.258,146.266,237.64
2024-08-22 20:45:00+00:00,146.269,146.277,146.247,146.261,335.25
2024-08-22 20:50:00+00:00,146.262,146.305,146.26,146.29,229.64
2024-08-22 20:55:00+00:00,146.29,146.308,146.257,146.257,791.3
2024-08-22 21:00:00+00:00,146.257,146.257,146.204,146.213,14.88
2024-08-22 21:05:00+00:00,146.248,146.25,146.237,146.237,48.0
2024-08-22 21:10:00+00:00,146.226,146.251,146.226,146.239,47.34
2024-08-22 21:15:00+00:00,146.239,146.251,146.236,146.236,32.7
2024-08-22 21:20:00+00:00,146.236,146.243,146.236,146.243,23.1
2024-08-22 21:25:00+00:00,146.24,146.251,146.24,146.244,48.0
2024-08-22 21:30:00+00:00,146.244,146.26,146.241,146.243,62.85
2024-08-22 21:35:00+00:00,146.242,146.259,146.242,146.253,169.5
2024-08-22 21:40:00+00:00,146.257,146.259,146.235,146.238,191.1
2024-08-22 21:45:00+00:00,146.236,146.251,146.223,146.229,175.62
2024-08-22 21:50:00+00:00,146.233,146.243,146.225,146.23,236.79
2024-08-22 21:55:00+00:00,146.229,146.243,146.215,146.219,264.45
2024-08-22 22:00:00+00:00,146.215,146.276,146.201,146.27,289.44
2024-08-22 22:05:00+00:00,146.269,146.27,146.238,146.252,251.25
2024-08-22 22:10:00+00:00,146.249,146.261,146.191,146.191,190.32
2024-08-22 22:15:00+00:00,146.193,146.231,146.186,146.186,329.7
2024-08-22 22:20:00+00:00,146.186,146.217,146.184,146.201,351.9
2024-08-22 22:25:00+00:00,146.2,146.209,146.164,146.164,227.7
2024-08-22 22:30:00+00:00,146.165,146.22,146.162,146.199,325.12
2024-08-22 22:35:00+00:00,146.195,146.207,146.165,146.172,426.12
2024-08-22 22:40:00+00:00,146.172,146.207,146.148,146.207,196.02
2024-08-22 22:45:00+00:00,146.207,146.208,146.163,146.163,215.38
2024-08-22 22:50:00+00:00,146.164,146.178,146.153,146.159,235.35
2024-08-22 22:55:00+00:00,146.158,146.182,146.153,146.177,178.52
2024-08-22 23:00:00+00:00,146.176,146.182,146.151,146.156,752.26
2024-08-22 23:05:00+00:00,146.156,146.159,146.082,146.106,763.45
2024-08-22 23:10:00+00:00,146.107,146.113,146.018,146.027,693.11
2024-08-22 23:15:00+00:00,146.029,146.086,146.028,146.058,520.31
2024-08-22 23:20:00+00:00,146.06,146.088,146.058,146.058,393.93
2024-08-22 23:25:00+00:00,146.058,146.08,146.034,146.065,393.17
2024-08-22 23:30:00+00:00,146.069,146.118,146.042,146.114,452.64
2024-08-22 23:35:00+00:00,146.117,146.134,146.103,146.113,431.61
2024-08-22 23:40:00+00:00,146.114,146.172,146.105,146.167,458.38
2024-08-22 23:45:00+00:00,146.168,146.174,146.156,146.169,439.26
2024-08-22 23:50:00+00:00,146.173,146.185,146.121,146.133,667.58
2024-08-22 23:55:00+00:00,146.134,146.234,146.12,146.208,968.97
2024-08-23 00:00:00+00:00,146.208,146.291,146.197,146.212,2697.96
2024-08-23 00:05:00+00:00,146.214,146.334,146.185,146.325,2595.03
2024-08-23 00:10:00+00:00,146.323,146.327,146.249,146.25,961.63
2024-08-23 00:15:00+00:00,146.25,146.272,146.189,146.189,1227.42
2024-08-23 00:20:00+00:00,146.19,146.19,146.012,146.095,2300.37
2024-08-23 00:25:00+00:00,146.094,146.134,146.053,146.084,2047.73
2024-08-23 00:30:00+00:00,146.084,146.088,146.013,146.036,1243.89
2024-08-23 00:35:00+00:00,146.037,146.098,145.933,146.047,2619.27
2024-08-23 00:40:00+00:00,146.048,146.115,146.006,146.115,1706.45
2024-08-23 00:45:00+00:00,146.116,146.168,146.114,146.165,1636.28
2024-08-23 00:50:00+00:00,146.166,146.243,145.893,146.136,4079.31
2024-08-23 00:55:00+00:00,146.154,146.223,146.072,146.073,2539.87
2024-08-23 01:00:00+00:00,146.072,146.13,145.991,146.097,1522.17
2024-08-23 01:05:00+00:00,146.1,146.1,145.93,146.005,1869.73
2024-08-23 01:10:00+00:00,146.004,146.032,145.969,146.001,1169.0
2024-08-23 01:15:00+00:00,146.002,146.028,145.827,145.89,1773.5
2024-08-23 01:20:00+00:00,145.89,145.906,145.688,145.751,2097.57
2024-08-23 01:25:00+00:00,145.75,145.858,145.693,145.809,1673.13
2024-08-23 01:30:00+00:00,145.812,145.824,145.731,145.802,2217.79
2024-08-23 01:35:00+00:00,145.805,145.805,145.732,145.756,1644.31
2024-08-23 01:40:00+00:00,145.756,145.767,145.632,145.654,1926.45
2024-08-23 01:45:00+00:00,145.655,145.667,145.562,145.565,2034.23
2024-08-23 01:50:00+00:00,145.566,145.647,145.534,145.636,2097.01
2024-08-23 01:55:00+00:00,145.636,145.644,145.462,145.481,2679.52
2024-08-23 02:00:00+00:00,145.48,145.506,145.293,145.347,2499.45
2024-08-23 02:05:00+00:00,145.349,145.536,145.348,145.476,1921.03
2024-08-23 02:10:00+00:00,145.475,145.582,145.443,145.581,1571.26
2024-08-23 02:15:00+00:00,145.58,145.658,145.494,145.609,2254.18
2024-08-23 02:20:00+00:00,145.607,145.652,145.59,145.628,1270.68
2024-08-23 02:25:00+00:00,145.629,145.637,145.556,145.573,1099.62
2024-08-23 02:30:00+00:00,145.572,145.668,145.551,145.6,1280.79
2024-08-23 02:35:00+00:00,145.599,145.634,145.523,145.551,1005.09
2024-08-23 02:40:00+00:00,145.552,145.559,145.479,145.482,1014.69
2024-08-23 02:45:00+00:00,145.481,145.634,145.477,145.616,1221.3
2024-08-23 02:50:00+00:00,145.617,145.66,145.576,145.638,1180.08
2024-08-23 02:55:00+00:00,145.644,145.695,145.592,145.599,1306.8
2024-08-23 03:00:00+00:00,145.6,145.628,145.549,145.579,813.18
2024-08-23 03:05:00+00:00,145.583,145.605,145.524,145.55,1612.8
2024-08-23 03:10:00+00:00,145.55,145.581,145.516,145.528,1560.9
2024-08-23 03:15:00+00:00,145.527,145.538,145.477,145.496,882.15
2024-08-23 03:20:00+00:00,145.496,145.572,145.487,145.568,1084.68
2024-08-23 03:25:00+00:00,145.568,145.568,145.501,145.536,733.83
2024-08-23 03:30:00+00:00,145.534,145.606,145.534,145.6,1083.09
2024-08-23 03:35:00+00:00,145.6,145.652,145.591,145.608,1629.15
2024-08-23 03:40:00+00:00,145.61,145.717,145.609,145.712,3101.94
2024-08-23 03:45:00+00:00,145.712,145.713,145.667,145.696,819.0
2024-08-23 03:50:00+00:00,145.697,145.708,145.664,145.667,1132.62
2024-08-23 03:55:00+00:00,145.667,145.679,145.649,145.667,791.31
2024-08-23 04:00:00+00:00,145.667,145.678,145.61,145.647,650.61
2024-08-23 04:05:00+00:00,145.647,145.647,145.575,145.62,640.94
2024-08-23 04:10:00+00:00,145.619,145.678,145.618,145.676,1117.17
2024-08-23 04:15:00+00:00,145.676,145.677,145.633,145.642,1673.91
2024-08-23 04:20:00+00:00,145.642,145.897,145.64,145.858,1742.76
2024-08-23 04:25:00+00:00,145.858,145.876,145.803,145.823,2387.55
2024-08-23 04:30:00+00:00,145.822,145.843,145.766,145.794,1835.04
2024-08-23 04:35:00+00:00,145.793,145.841,145.762,145.763,1280.6
2024-08-23 04:40:00+00:00,145.763,145.839,145.748,145.824,874.93
2024-08-23 04:45:00+00:00,145.824,145.836,145.764,145.769,1027.29
2024-08-23 04:50:00+00:00,145.77,145.786,145.718,145.746,724.62
2024-08-23 04:55:00+00:00,145.743,145.791,145.737,145.768,880.53
2024-08-23 05:00:00+00:00,145.768,145.769,145.725,145.737,1376.07
2024-08-23 05:05:00+00:00,145.738,145.744,145.671,145.681,555.72
2024-08-23 05:10:00+00:00,145.68,145.718,145.664,145.712,430.2
2024-08-23 05:15:00+00:00,145.714,145.73,145.634,145.641,591.03
2024-08-23 05:20:00+00:00,145.643,145.651,145.577,145.61,552.17
2024-08-23 05:25:00+00:00,145.61,145.667,145.587,145.655,532.32
2024-08-23 05:30:00+00:00,145.656,145.701,145.634,145.634,681.03
2024-08-23 05:35:00+00:00,145.634,145.636,145.567,145.633,980.88
2024-08-23 05:40:00+00:00,145.634,145.651,145.582,145.599,764.49
2024-08-23 05:45:00+00:00,145.602,145.622,145.56,145.619,1061.81
2024-08-23 05:50:00+00:00,145.62,145.672,145.604,145.609,1271.7
2024-08-23 05:55:00+00:00,145.609,145.681,145.557,145.674,1370.25
2024-08-23 06:00:00+00:00,145.673,145.685,145.628,145.666,1706.67
2024-08-23 06:05:00+00:00,145.665,145.721,145.648,145.72,1435.06
2024-08-23 06:10:00+00:00,145.718,145.752,145.69,145.731,1256.82
2024-08-23 06:15:00+00:00,145.73,145.796,145.729,145.779,851.07
2024-08-23 06:20:00+00:00,145.781,145.792,145.605,145.605,944.83
2024-08-23 06:25:00+00:00,145.611,145.632,145.516,145.582,1065.71
2024-08-23 06:30:00+00:00,145.581,145.626,145.559,145.584,1056.76
2024-08-23 06:35:00+00:00,145.584,145.608,145.479,145.493,893.41
2024-08-23 06:40:00+00:00,145.494,145.519,145.445,145.496,1500.37
2024-08-23 06:45:00+00:00,145.496,145.52,145.363,145.372,1494.97
2024-08-23 06:50:00+00:00,145.373,145.392,145.29,145.371,1343.17
2024-08-23 06:55:00+00:00,145.373,145.459,145.366,145.452,1573.03
2024-08-23 07:00:00+00:00,145.454,145.477,145.414,145.454,1047.42
2024-08-23 07:05:00+00:00,145.456,145.562,145.456,145.544,783.69
2024-08-23 07:10:00+00:00,145.552,145.572,145.489,145.521,914.5
2024-08-23 07:15:00+00:00,145.521,145.608,145.513,145.541,1434.84
2024-08-23 07:20:00+00:00,145.542,145.582,145.475,145.577,1142.57
2024-08-23 07:25:00+00:00,145.576,145.64,145.547,145.631,903.29
2024-08-23 07:30:00+00:00,145.632,145.684,145.632,145.638,1149.07
2024-08-23 07:35:00+00:00,145.638,145.84,145.631,145.839,1347.05
2024-08-23 07:40:00+00:00,145.838,145.853,145.78,145.811,1364.37
2024-08-23 07:45:00+00:00,145.811,145.923,145.787,145.896,1670.64
2024-08-23 07:50:00+00:00,145.899,145.978,145.879,145.893,1639.26
2024-08-23 07:55:00+00:00,145.897,145.902,145.809,145.826,1960.2
2024-08-23 08:00:00+00:00,145.831,145.896,145.812,145.859,2394.84
2024-08-23 08:05:00+00:00,145.859,145.895,145.796,145.813,1617.87
2024-08-23 08:10:00+00:00,145.814,145.854,145.788,145.822,1241.07
2024-08-23 08:15:00+00:00,145.822,145.85,145.793,145.816,1354.51
2024-08-23 08:20:00+00:00,145.816,145.913,145.806,145.902,1026.71
2024-08-23 08:25:00+00:00,145.904,145.916,145.855,145.887,1259.62
2024-08-23 08:30:00+00:00,145.886,145.968,145.875,145.919,1133.84
2024-08-23 08:35:00+00:00,145.919,145.92,145.747,145.793,1285.04
2024-08-23 08:40:00+00:00,145.792,145.878,145.779,145.871,759.84
2024-08-23 08:45:00+00:00,145.869,145.898,145.841,145.889,1084.17
2024-08-23 08:50:00+00:00,145.889,145.916,145.854,145.907,519.23
2024-08-23 08:55:00+00:00,145.91,146.022,145.91,145.929,1087.2
2024-08-23 09:00:00+00:00,145.929,146.055,145.925,146.044,1413.41
2024-08-23 09:05:00+00:00,146.043,146.063,145.98,146.005,965.04
2024-08-23 09:10:00+00:00,146.006,146.037,145.968,146.031,989.23
2024-08-23 09:15:00+00:00,146.032,146.071,146.009,146.039,618.06
2024-08-23 09:20:00+00:00,146.04,146.047,145.947,145.955,1182.21
2024-08-23 09:25:00+00:00,145.954,146.01,145.939,146.003,1091.25
2024-08-23 09:30:00+00:00,146.003,146.015,145.957,145.976,1337.04
2024-08-23 09:35:00+00:00,145.976,146.039,145.971,146.014,829.9
2024-08-23 09:40:00+00:00,146.015,146.051,145.99,146.034,935.61
2024-08-23 09:45:00+00:00,146.034,146.044,146.005,146.043,528.63
2024-08-23 09:50:00+00:00,146.044,146.088,146.036,146.084,889.74
2024-08-23 09:55:00+00:00,146.086,146.152,146.085,146.137,1066.53
2024-08-23 10:00:00+00:00,146.138,146.142,146.105,146.111,421.02
2024-08-23 10:05:00+00:00,146.116,146.118,146.085,146.108,930.99
2024-08-23 10:10:00+00:00,146.108,146.127,146.089,146.122,1019.37
2024-08-23 10:15:00+00:00,146.123,146.175,146.117,146.165,771.71
2024-08-23 10:20:00+00:00,146.164,146.165,146.036,146.044,798.42
2024-08-23 10:25:00+00:00,146.043,146.11,146.031,146.11,730.89
2024-08-23 10:30:00+00:00,146.111,146.123,146.09,146.096,609.45
2024-08-23 10:35:00+00:00,146.098,146.098,146.063,146.065,728.58
2024-08-23 10:40:00+00:00,146.066,146.089,146.026,146.034,392.16
2024-08-23 10:45:00+00:00,146.033,146.041,145.995,146.006,965.64
2024-08-23 10:50:00+00:00,146.004,146.018,145.991,146.009,784.05
2024-08-23 10:55:00+00:00,146.013,146.026,146.007,146.018,228.12
2024-08-23 11:00:00+00:00,146.019,146.04,145.937,145.955,882.27
2024-08-23 11:05:00+00:00,145.954,146.072,145.953,146.04,1018.95
2024-08-23 11:10:00+00:00,146.041,146.062,146.01,146.06,790.83
2024-08-23 11:15:00+00:00,146.06,146.069,146.022,146.025,846.42
2024-08-23 11:20:00+00:00,146.026,146.07,146.011,146.063,679.83
2024-08-23 11:25:00+00:00,146.065,146.093,146.035,146.051,724.14
2024-08-23 11:30:00+00:00,146.05,146.09,146.048,146.077,366.78
2024-08-23 11:35:00+00:00,146.077,146.097,146.067,146.073,713.47
2024-08-23 11:40:00+00:00,146.073,146.1,146.016,146.02,679.02
2024-08-23 11:45:00+00:00,146.022,146.028,145.975,146.021,727.68
2024-08-23 11:50:00+00:00,146.019,146.019,145.962,145.967,385.17
2024-08-23 11:55:00+00:00,145.966,146.032,145.943,146.031,695.97
2024-08-23 12:00:00+00:00,146.031,146.086,146.018,146.029,1288.11
2024-08-23 12:05:00+00:00,146.028,146.057,145.993,145.997,700.24
2024-08-23 12:10:00+00:00,145.999,146.014,145.943,145.994,1090.2
2024-08-23 12:15:00+00:00,145.998,146.038,145.99,145.996,1023.66
2024-08-23 12:20:00+00:00,145.992,146.125,145.99,146.107,1434.24
2024-08-23 12:25:00+00:00,146.107,146.13,146.07,146.097,1260.87
2024-08-23 12:30:00+00:00,146.097,146.173,146.085,146.122,1125.01
2024-08-23 12:35:00+00:00,146.12,146.148,146.064,146.067,799.74
2024-08-23 12:40:00+00:00,146.066,146.068,145.958,146.028,2134.5
2024-08-23 12:45:00+00:00,146.027,146.063,145.991,146.014,2174.16
2024-08-23 12:50:00+00:00,146.013,146.063,145.994,146.06,1405.65
2024-08-23 12:55:00+00:00,146.058,146.065,145.971,145.986,1211.34
2024-08-23 13:00:00+00:00,145.991,146.062,145.977,146.048,941.55
2024-08-23 13:05:00+00:00,146.048,146.074,146.003,146.064,798.85
2024-08-23 13:10:00+00:00,146.063,146.139,146.062,146.103,653.41
2024-08-23 13:15:00+00:00,146.102,146.175,146.051,146.169,1377.97
2024-08-23 13:20:00+00:00,146.168,146.247,146.131,146.236,1376.67
2024-08-23 13:25:00+00:00,146.238,146.253,146.184,146.203,1362.3
2024-08-23 13:30:00+00:00,146.203,146.313,146.197,146.288,1672.57
2024-08-23 13:35:00+00:00,146.287,146.361,146.279,146.338,2400.19
2024-08-23 13:40:00+00:00,146.339,146.393,146.298,146.362,2657.61
2024-08-23 13:45:00+00:00,146.362,146.481,146.362,146.421,2300.84
2024-08-23 13:50:00+00:00,146.422,146.444,146.357,146.379,1125.9
2024-08-23 13:55:00+00:00,146.388,146.394,146.198,146.199,1185.68
2024-08-23 14:00:00+00:00,146.209,146.266,145.391,145.487,4643.41
2024-08-23 14:05:00+00:00,145.489,145.604,145.293,145.329,3449.9
2024-08-23 14:10:00+00:00,145.331,145.331,145.134,145.209,3283.13
2024-08-23 14:15:00+00:00,145.211,145.383,145.163,145.337,3077.97
2024-08-23 14:20:00+00:00,145.338,145.577,145.333,145.421,3164.16
2024-08-23 14:25:00+00:00,145.421,145.511,145.297,145.347,2419.63
2024-08-23 14:30:00+00:00,145.347,145.475,145.219,145.235,2997.2
2024-08-23 14:35:00+00:00,145.236,145.43,145.209,145.275,2672.22
2024-08-23 14:40:00+00:00,145.274,145.329,145.189,145.221,2745.33
2024-08-23 14:45:00+00:00,145.221,145.227,144.945,145.06,3635.23
2024-08-23 14:50:00+00:00,145.059,145.191,145.008,145.096,3586.6
2024-08-23 14:55:00+00:00,145.097,145.223,145.084,145.208,2869.35
2024-08-23 15:00:00+00:00,145.206,145.209,145.078,145.13,3047.1
2024-08-23 15:05:00+00:00,145.129,145.151,145.014,145.076,2507.83
2024-08-23 15:10:00+00:00,145.077,145.105,144.779,144.815,2839.87
2024-08-23 15:15:00+00:00,144.815,144.86,144.666,144.704,2114.6
2024-08-23 15:20:00+00:00,144.705,144.738,144.62,144.667,1901.64
2024-08-23 15:25:00+00:00,144.667,144.745,144.597,144.734,2360.31
2024-08-23 15:30:00+00:00,144.734,144.849,144.732,144.842,2013.32
2024-08-23 15:35:00+00:00,144.842,144.865,144.796,144.819,1468.56
2024-08-23 15:40:00+00:00,144.819,144.838,144.68,144.757,2147.32
2024-08-23 15:45:00+00:00,144.764,144.944,144.713,144.931,2110.82
2024-08-23 15:50:00+00:00,144.932,144.958,144.875,144.945,2200.24
2024-08-23 15:55:00+00:00,144.946,144.946,144.854,144.862,1985.88
2024-08-23 16:00:00+00:00,144.861,144.878,144.806,144.856,1741.69
2024-08-23 16:05:00+00:00,144.857,144.944,144.855,144.92,1943.17
2024-08-23 16:10:00+00:00,144.918,144.923,144.851,144.851,943.24
2024-08-23 16:15:00+00:00,144.852,144.884,144.754,144.861,1645.97
2024-08-23 16:20:00+00:00,144.859,144.901,144.835,144.869,926.22
2024-08-23 16:25:00+00:00,144.869,144.894,144.815,144.841,1327.81
2024-08-23 16:30:00+00:00,144.842,144.86,144.779,144.856,894.87
2024-08-23 16:35:00+00:00,144.856,144.881,144.83,144.873,751.74
2024-08-23 16:40:00+00:00,144.873,144.972,144.873,144.957,1025.62
2024-08-23 16:45:00+00:00,144.961,144.979,144.816,144.838,1053.75
2024-08-23 16:50:00+00:00,144.838,144.87,144.824,144.827,771.42
2024-08-23 16:55:00+00:00,144.829,144.874,144.829,144.846,740.82
2024-08-23 17:00:00+00:00,144.843,144.852,144.799,144.799,792.6
2024-08-23 17:05:00+00:00,144.801,144.844,144.737,144.742,815.62
2024-08-23 17:10:00+00:00,144.742,144.761,144.723,144.743,907.95
2024-08-23 17:15:00+00:00,144.744,144.815,144.729,144.787,890.73
2024-08-23 17:20:00+00:00,144.787,144.792,144.697,144.719,691.29
2024-08-23 17:25:00+00:00,144.718,144.719,144.582,144.593,862.2
2024-08-23 17:30:00+00:00,144.591,144.599,144.508,144.532,692.43
2024-08-23 17:35:00+00:00,144.53,144.571,144.501,144.51,654.27
2024-08-23 17:40:00+00:00,144.509,144.532,144.49,144.493,576.96
2024-08-23 17:45:00+00:00,144.494,144.558,144.492,144.543,661.14
2024-08-23 17:50:00+00:00,144.541,144.546,144.418,144.434,713.9
2024-08-23 17:55:00+00:00,144.434,144.441,144.342,144.401,1547.88
2024-08-23 18:00:00+00:00,144.401,144.445,144.364,144.367,979.41
2024-08-23 18:05:00+00:00,144.368,144.393,144.259,144.267,894.3
2024-08-23 18:10:00+00:00,144.268,144.268,144.176,144.21,1169.73
2024-08-23 18:15:00+00:00,144.211,144.23,144.13,144.17,942.23
2024-08-23 18:20:00+00:00,144.17,144.312,144.166,144.278,1762.14
2024-08-23 18:25:00+00:00,144.278,144.289,144.181,144.186,1357.22
2024-08-23 18:30:00+00:00,144.187,144.31,144.164,144.296,1416.18
2024-08-23 18:35:00+00:00,144.297,144.297,144.231,144.262,1167.99
2024-08-23 18:40:00+00:00,144.262,144.318,144.244,144.293,633.96
2024-08-23 18:45:00+00:00,144.293,144.356,144.289,144.305,597.69
2024-08-23 18:50:00+00:00,144.306,144.329,144.288,144.306,383.43
2024-08-23 18:55:00+00:00,144.308,144.337,144.282,144.293,934.08
2024-08-23 19:00:00+00:00,144.295,144.304,144.242,144.251,591.76
2024-08-23 19:05:00+00:00,144.253,144.276,144.21,144.214,582.3
2024-08-23 19:10:00+00:00,144.214,144.215,144.163,144.167,699.43
2024-08-23 19:15:00+00:00,144.168,144.199,144.149,144.194,552.99
2024-08-23 19:20:00+00:00,144.196,144.221,144.182,144.191,501.21
2024-08-23 19:25:00+00:00,144.19,144.205,144.171,144.181,437.67
2024-08-23 19:30:00+00:00,144.18,144.195,144.118,144.132,311.83
2024-08-23 19:35:00+00:00,144.133,144.135,144.047,144.099,586.12
2024-08-23 19:40:00+00:00,144.098,144.173,144.096,144.172,494.19
2024-08-23 19:45:00+00:00,144.174,144.219,144.158,144.182,678.12
2024-08-23 19:50:00+00:00,144.185,144.216,144.173,144.216,453.0
2024-08-23 19:55:00+00:00,144.216,144.268,144.207,144.232,648.65
2024-08-23 20:00:00+00:00,144.23,144.294,144.229,144.257,615.27
2024-08-23 20:05:00+00:00,144.263,144.276,144.247,144.266,252.75
2024-08-23 20:10:00+00:00,144.265,144.277,144.255,144.276,319.8
2024-08-23 20:15:00+00:00,144.275,144.276,144.242,144.265,327.3
2024-08-23 20:20:00+00:00,144.265,144.268,144.249,144.264,388.2
2024-08-23 20:25:00+00:00,144.263,144.352,144.263,144.326,527.43
2024-08-23 20:30:00+00:00,144.326,144.346,144.321,144.325,297.0
2024-08-23 20:35:00+00:00,144.327,144.331,144.309,144.311,283.5
2024-08-23 20:40:00+00:00,144.312,144.33,144.222,144.225,1032.0
2024-08-23 20:45:00+00:00,144.222,144.297,144.221,144.285,452.28
2024-08-23 20:50:00+00:00,144.284,144.389,144.283,144.374,762.03
2024-08-23 20:55:00+00:00,144.374,144.404,144.35,144.352,1868.73
2024-08-25 21:00:00+00:00,144.227,144.227,144.156,144.174,18.6
2024-08-25 21:05:00+00:00,144.183,144.192,144.159,144.163,31.2
2024-08-25 21:10:00+00:00,144.164,144.196,144.161,144.177,40.77
2024-08-25 21:15:00+00:00,144.179,144.179,144.159,144.164,33.6
2024-08-25 21:20:00+00:00,144.164,144.205,144.046,144.07,86.01
2024-08-25 21:25:00+00:00,144.078,144.097,144.059,144.064,62.4
2024-08-25 21:30:00+00:00,144.062,144.085,144.039,144.046,96.9
2024-08-25 21:35:00+00:00,144.035,144.047,143.997,144.008,70.18
2024-08-25 21:40:00+00:00,144.008,144.044,144.008,144.02,81.0
2024-08-25 21:45:00+00:00,144.019,144.021,144.002,144.02,74.7
2024-08-25 21:50:00+00:00,144.021,144.037,144.002,144.031,151.35
2024-08-25 21:55:00+00:00,144.028,144.053,144.008,144.026,123.57
2024-08-25 22:00:00+00:00,144.025,144.227,144.018,144.112,596.04
2024-08-25 22:05:00+00:00,144.11,144.162,144.043,144.1,561.51
2024-08-25 22:10:00+00:00,144.1,144.166,144.075,144.135,442.05
2024-08-25 22:15:00+00:00,144.137,144.299,144.137,144.276,1305.0
2024-08-25 22:20:00+00:00,144.276,144.32,144.238,144.308,1232.25
2024-08-25 22:25:00+00:00,144.309,144.34,144.246,144.262,994.5
2024-08-25 22:30:00+00:00,144.267,144.277,144.147,144.176,1108.43
2024-08-25 22:35:00+00:00,144.179,144.208,144.105,144.109,1170.96
2024-08-25 22:40:00+00:00,144.109,144.115,143.845,143.946,1056.79
2024-08-25 22:45:00+00:00,143.945,144.045,143.911,144.034,759.82
2024-08-25 22:50:00+00:00,144.042,144.074,144.027,144.065,402.14
2024-08-25 22:55:00+00:00,144.064,144.066,143.872,143.9,448.0
2024-08-25 23:00:00+00:00,143.89,143.949,143.72,143.769,1690.56
2024-08-25 23:05:00+00:00,143.765,143.771,143.62,143.623,1246.78
2024-08-25 23:10:00+00:00,143.62,143.755,143.599,143.718,1435.96
2024-08-25 23:15:00+00:00,143.714,143.734,143.558,143.616,1335.28
2024-08-25 23:20:00+00:00,143.615,143.813,143.615,143.717,1411.45
2024-08-25 23:25:00+00:00,143.716,143.857,143.709,143.798,976.83
2024-08-25 23:30:00+00:00,143.799,143.847,143.726,143.771,1405.84
2024-08-25 23:35:00+00:00,143.772,143.825,143.704,143.742,1174.78
2024-08-25 23:40:00+00:00,143.74,143.872,143.684,143.867,1067.42
2024-08-25 23:45:00+00:00,143.867,143.908,143.845,143.876,906.09
2024-08-25 23:50:00+00:00,143.876,143.985,143.859,143.971,991.65
2024-08-25 23:55:00+00:00,143.971,144.022,143.907,143.919,1201.56
2024-08-26 00:00:00+00:00,143.92,144.052,143.895,144.008,1836.33
2024-08-26 00:05:00+00:00,144.006,144.006,143.74,143.802,2062.83
2024-08-26 00:10:00+00:00,143.803,143.855,143.733,143.854,1590.7
2024-08-26 00:15:00+00:00,143.854,143.857,143.678,143.714,1675.26
2024-08-26 00:20:00+00:00,143.713,143.827,143.61,143.618,1590.09
2024-08-26 00:25:00+00:00,143.618,143.632,143.514,143.569,1993.2
2024-08-26 00:30:00+00:00,143.571,143.622,143.502,143.568,1544.82
2024-08-26 00:35:00+00:00,143.568,143.677,143.486,143.662,2115.46
2024-08-26 00:40:00+00:00,143.659,143.74,143.655,143.656,1306.92
2024-08-26 00:45:00+00:00,143.652,143.748,143.569,143.595,1803.98
2024-08-26 00:50:00+00:00,143.592,143.647,143.462,143.491,2508.43
2024-08-26 00:55:00+00:00,143.502,143.713,143.445,143.711,1605.75
2024-08-26 01:00:00+00:00,143.711,143.766,143.592,143.607,1506.38
2024-08-26 01:05:00+00:00,143.606,143.673,143.444,143.562,1860.54
2024-08-26 01:10:00+00:00,143.568,143.649,143.495,143.533,1748.64
2024-08-26 01:15:00+00:00,143.533,143.629,143.451,143.612,1642.42
2024-08-26 01:20:00+00:00,143.612,143.66,143.56,143.638,1243.57
2024-08-26 01:25:00+00:00,143.638,143.677,143.576,143.656,1852.41
2024-08-26 01:30:00+00:00,143.656,143.784,143.601,143.756,1251.37
2024-08-26 01:35:00+00:00,143.757,143.796,143.679,143.698,1485.02
2024-08-26 01:40:00+00:00,143.695,143.867,143.694,143.816,1234.72
2024-08-26 01:45:00+00:00,143.813,143.883,143.8,143.858,1254.59
2024-08-26 01:50:00+00:00,143.859,143.859,143.733,143.74,1087.67
2024-08-26 01:55:00+00:00,143.736,143.786,143.697,143.738,1140.3
2024-08-26 02:00:00+00:00,143.737,143.822,143.722,143.758,864.77
2024-08-26 02:05:00+00:00,143.76,143.792,143.653,143.732,844.53
2024-08-26 02:10:00+00:00,143.731,143.803,143.613,143.615,1148.65
2024-08-26 02:15:00+00:00,143.614,143.627,143.533,143.589,1215.79
2024-08-26 02:20:00+00:00,143.59,143.707,143.56,143.698,1061.22
2024-08-26 02:25:00+00:00,143.698,143.758,143.684,143.692,887.26
2024-08-26 02:30:00+00:00,143.692,143.787,143.676,143.786,976.62
2024-08-26 02:35:00+00:00,143.786,143.808,143.737,143.745,705.15
2024-08-26 02:40:00+00:00,143.746,143.746,143.662,143.695,994.74
2024-08-26 02:45:00+00:00,143.693,143.783,143.681,143.778,1002.81
2024-08-26 02:50:00+00:00,143.779,143.914,143.755,143.88,994.83
2024-08-26 02:55:00+00:00,143.877,143.988,143.874,143.928,1647.02
2024-08-26 03:00:00+00:00,143.927,143.956,143.861,143.877,1387.87
2024-08-26 03:05:00+00:00,143.876,143.899,143.826,143.859,903.95
2024-08-26 03:10:00+00:00,143.857,143.899,143.845,143.856,783.06
2024-08-26 03:15:00+00:00,143.853,143.857,143.793,143.815,1042.7
2024-08-26 03:20:00+00:00,143.816,143.878,143.811,143.855,804.42
2024-08-26 03:25:00+00:00,143.854,143.922,143.807,143.899,596.76
2024-08-26 03:30:00+00:00,143.896,144.022,143.882,143.969,1097.1
2024-08-26 03:35:00+00:00,143.97,143.97,143.887,143.929,1310.64
2024-08-26 03:40:00+00:00,143.928,144.09,143.925,143.972,1338.28
2024-08-26 03:45:00+00:00,143.971,143.985,143.897,143.96,851.98
2024-08-26 03:50:00+00:00,143.96,144.039,143.933,144.014,947.58
2024-08-26 03:55:00+00:00,144.013,144.033,143.942,143.968,768.47
2024-08-26 04:00:00+00:00,143.97,143.978,143.903,143.933,985.41
2024-08-26 04:05:00+00:00,143.931,143.939,143.829,143.832,837.84
2024-08-26 04:10:00+00:00,143.832,143.862,143.792,143.854,835.07
2024-08-26 04:15:00+00:00,143.855,143.907,143.847,143.867,868.42
2024-08-26 04:20:00+00:00,143.864,143.877,143.761,143.761,796.72
2024-08-26 04:25:00+00:00,143.762,143.869,143.739,143.868,668.52
2024-08-26 04:30:00+00:00,143.866,143.922,143.834,143.906,861.42
2024-08-26 04:35:00+00:00,143.907,143.938,143.882,143.91,667.96
2024-08-26 04:40:00+00:00,143.911,143.967,143.868,143.96,692.73
2024-08-26 04:45:00+00:00,143.963,144.033,143.959,144.008,713.95
2024-08-26 04:50:00+00:00,144.007,144.033,143.959,143.987,848.13
2024-08-26 04:55:00+00:00,143.987,144.039,143.985,144.039,542.01
2024-08-26 05:00:00+00:00,144.039,144.081,144.015,144.022,651.63
2024-08-26 05:05:00+00:00,144.02,144.045,143.962,143.966,947.35
2024-08-26 05:10:00+00:00,143.96,143.991,143.923,143.955,479.85
2024-08-26 05:15:00+00:00,143.961,143.989,143.944,143.969,493.5
2024-08-26 05:20:00+00:00,143.967,144.016,143.961,143.99,549.96
2024-08-26 05:25:00+00:00,143.988,144.1,143.971,144.078,561.7
2024-08-26 05:30:00+00:00,144.078,144.126,144.061,144.067,1049.61
2024-08-26 05:35:00+00:00,144.065,144.143,144.06,144.111,680.24
2024-08-26 05:40:00+00:00,144.112,144.155,144.112,144.15,614.67
2024-08-26 05:45:00+00:00,144.149,144.215,144.12,144.149,1238.22
2024-08-26 05:50:00+00:00,144.148,144.168,144.092,144.146,690.64
2024-08-26 05:55:00+00:00,144.143,144.174,144.047,144.049,751.69
2024-08-26 06:00:00+00:00,144.056,144.066,143.902,143.953,1305.62
2024-08-26 06:05:00+00:00,143.956,144.02,143.929,143.981,1015.55
2024-08-26 06:10:00+00:00,143.981,144.063,143.926,144.063,1285.45
2024-08-26 06:15:00+00:00,144.061,144.063,143.98,143.988,712.43
2024-08-26 06:20:00+00:00,143.986,143.986,143.889,143.892,924.84
2024-08-26 06:25:00+00:00,143.893,143.959,143.843,143.867,1063.82
2024-08-26 06:30:00+00:00,143.866,143.896,143.739,143.762,1560.04
2024-08-26 06:35:00+00:00,143.763,143.814,143.69,143.804,1082.56
2024-08-26 06:40:00+00:00,143.806,143.828,143.721,143.781,1037.41
2024-08-26 06:45:00+00:00,143.781,143.801,143.686,143.78,996.51
2024-08-26 06:50:00+00:00,143.783,143.844,143.758,143.837,889.76
2024-08-26 06:55:00+00:00,143.839,143.843,143.709,143.764,1154.92
2024-08-26 07:00:00+00:00,143.765,143.81,143.599,143.636,1688.7
2024-08-26 07:05:00+00:00,143.636,143.704,143.597,143.704,1200.73
2024-08-26 07:10:00+00:00,143.703,143.749,143.661,143.685,1152.28
2024-08-26 07:15:00+00:00,143.685,143.723,143.634,143.648,1067.26
2024-08-26 07:20:00+00:00,143.646,143.77,143.618,143.731,1105.74
2024-08-26 07:25:00+00:00,143.73,143.795,143.666,143.793,1452.85
2024-08-26 07:30:00+00:00,143.793,143.81,143.726,143.777,900.04
2024-08-26 07:35:00+00:00,143.776,143.794,143.688,143.779,1149.79
2024-08-26 07:40:00+00:00,143.782,143.851,143.752,143.84,1007.89
2024-08-26 07:45:00+00:00,143.839,143.9,143.826,143.838,928.8
2024-08-26 07:50:00+00:00,143.839,143.91,143.825,143.86,664.91
2024-08-26 07:55:00+00:00,143.859,143.909,143.822,143.885,621.9
2024-08-26 08:00:00+00:00,143.885,143.962,143.884,143.917,1096.73
2024-08-26 08:05:00+00:00,143.917,143.932,143.842,143.866,1602.45
2024-08-26 08:10:00+00:00,143.866,143.91,143.804,143.83,1790.75
2024-08-26 08:15:00+00:00,143.83,143.884,143.808,143.879,543.92
2024-08-26 08:20:00+00:00,143.879,143.881,143.786,143.807,594.97
2024-08-26 08:25:00+00:00,143.81,143.836,143.791,143.805,467.96
2024-08-26 08:30:00+00:00,143.808,143.815,143.78,143.786,351.63
2024-08-26 08:35:00+00:00,143.784,143.892,143.777,143.852,538.47
2024-08-26 08:40:00+00:00,143.858,143.933,143.858,143.882,748.06
2024-08-26 08:45:00+00:00,143.887,143.891,143.812,143.836,581.28
2024-08-26 08:50:00+00:00,143.835,143.889,143.806,143.827,988.65
2024-08-26 08:55:00+00:00,143.827,143.888,143.827,143.863,450.15
2024-08-26 09:00:00+00:00,143.862,143.888,143.845,143.871,1588.97
2024-08-26 09:05:00+00:00,143.87,143.942,143.87,143.896,2175.62
2024-08-26 09:10:00+00:00,143.896,143.897,143.822,143.89,1882.31
2024-08-26 09:15:00+00:00,143.893,143.915,143.868,143.889,923.14
2024-08-26 09:20:00+00:00,143.887,143.957,143.886,143.921,1443.75
2024-08-26 09:25:00+00:00,143.919,143.983,143.916,143.918,1908.43
2024-08-26 09:30:00+00:00,143.917,143.939,143.896,143.918,1471.04
2024-08-26 09:35:00+00:00,143.916,144.001,143.907,143.989,2019.04
2024-08-26 09:40:00+00:00,143.988,143.99,143.915,143.926,1339.12
2024-08-26 09:45:00+00:00,143.926,143.972,143.924,143.94,1082.17
2024-08-26 09:50:00+00:00,143.938,143.987,143.923,143.984,1024.37
2024-08-26 09:55:00+00:00,143.984,143.991,143.942,143.966,739.66
2024-08-26 10:00:00+00:00,143.966,144.028,143.966,144.017,1177.08
2024-08-26 10:05:00+00:00,144.019,144.03,143.985,144.008,1293.97
2024-08-26 10:10:00+00:00,144.006,144.032,143.986,143.992,1243.14
2024-08-26 10:15:00+00:00,143.994,144.008,143.975,144.001,1844.4
2024-08-26 10:20:00+00:00,144.001,144.029,143.985,143.989,1625.04
2024-08-26 10:25:00+00:00,143.99,144.063,143.974,144.047,1529.1
2024-08-26 10:30:00+00:00,144.047,144.092,144.045,144.067,1653.91
2024-08-26 10:35:00+00:00,144.066,144.1,144.05,144.094,1212.6
2024-08-26 10:40:00+00:00,144.094,144.113,144.05,144.055,958.35
2024-08-26 10:45:00+00:00,144.056,144.082,144.039,144.072,1083.45
2024-08-26 10:50:00+00:00,144.072,144.119,144.03,144.034,1566.82
2024-08-26 10:55:00+00:00,144.037,144.042,144.008,144.033,2314.8
2024-08-26 11:00:00+00:00,144.033,144.048,144.008,144.02,2566.14
2024-08-26 11:05:00+00:00,144.018,144.058,144.002,144.025,2458.8
2024-08-26 11:10:00+00:00,144.027,144.035,143.962,144.01,2008.47
2024-08-26 11:15:00+00:00,144.012,144.087,144.006,144.08,2306.1
2024-08-26 11:20:00+00:00,144.078,144.183,144.078,144.167,1508.1
2024-08-26 11:25:00+00:00,144.167,144.188,144.135,144.142,2532.95
2024-08-26 11:30:00+00:00,144.144,144.227,144.13,144.21,1817.61
2024-08-26 11:35:00+00:00,144.211,144.226,144.102,144.102,2186.89
2024-08-26 11:40:00+00:00,144.103,144.2,144.095,144.164,1934.34
2024-08-26 11:45:00+00:00,144.166,144.198,144.118,144.17,1633.8
2024-08-26 11:50:00+00:00,144.171,144.19,144.114,144.135,1317.79
2024-08-26 11:55:00+00:00,144.135,144.154,144.103,144.133,2356.29
2024-08-26 12:00:00+00:00,144.132,144.184,144.116,144.177,1615.65
2024-08-26 12:05:00+00:00,144.176,144.195,144.143,144.172,2837.82
2024-08-26 12:10:00+00:00,144.171,144.183,144.134,144.136,1097.7
2024-08-26 12:15:00+00:00,144.139,144.145,144.077,144.105,2199.69
2024-08-26 12:20:00+00:00,144.104,144.124,144.038,144.086,1937.28
2024-08-26 12:25:00+00:00,144.087,144.157,144.085,144.129,1978.6
2024-08-26 12:30:00+00:00,144.132,144.36,144.082,144.23,2377.14
2024-08-26 12:35:00+00:00,144.227,144.262,144.151,144.159,2932.46
2024-08-26 12:40:00+00:00,144.156,144.172,144.075,144.138,2571.72
2024-08-26 12:45:00+00:00,144.137,144.145,143.948,143.954,3503.15
2024-08-26 12:50:00+00:00,143.954,143.995,143.919,143.97,3058.18
2024-08-26 12:55:00+00:00,143.968,143.977,143.914,143.936,2331.74
2024-08-26 13:00:00+00:00,143.934,144.029,143.855,144.023,4339.27
2024-08-26 13:05:00+00:00,144.023,144.044,143.934,143.982,3003.93
2024-08-26 13:10:00+00:00,143.98,143.98,143.866,143.887,3503.53
2024-08-26 13:15:00+00:00,143.887,143.963,143.887,143.963,3054.79
2024-08-26 13:20:00+00:00,143.963,144.05,143.96,144.045,3182.38
2024-08-26 13:25:00+00:00,144.047,144.071,143.99,144.059,2736.18
2024-08-26 13:30:00+00:00,144.058,144.152,144.041,144.127,3937.29
2024-08-26 13:35:00+00:00,144.126,144.214,144.107,144.203,3538.51
2024-08-26 13:40:00+00:00,144.204,144.281,144.198,144.238,4002.88
2024-08-26 13:45:00+00:00,144.237,144.322,144.175,144.312,4783.42
2024-08-26 13:50:00+00:00,144.314,144.355,144.265,144.302,4604.92
2024-08-26 13:55:00+00:00,144.306,144.415,144.282,144.408,5414.14
2024-08-26 14:00:00+00:00,144.41,144.455,144.352,144.352,4606.82
2024-08-26 14:05:00+00:00,144.351,144.36,144.284,144.315,4141.46
2024-08-26 14:10:00+00:00,144.317,144.357,144.252,144.345,3751.04
2024-08-26 14:15:00+00:00,144.344,144.355,144.28,144.29,2705.84
2024-08-26 14:20:00+00:00,144.292,144.338,144.228,144.3,3359.55
2024-08-26 14:25:00+00:00,144.299,144.34,144.209,144.271,3096.37
2024-08-26 14:30:00+00:00,144.277,144.302,144.162,144.205,3387.88
2024-08-26 14:35:00+00:00,144.206,144.237,144.11,144.144,2290.35
2024-08-26 14:40:00+00:00,144.145,144.2,144.106,144.141,2169.09
2024-08-26 14:45:00+00:00,144.14,144.184,144.109,144.136,2407.44
2024-08-26 14:50:00+00:00,144.136,144.228,144.133,144.194,1707.87
2024-08-26 14:55:00+00:00,144.194,144.251,144.141,144.145,2241.09
2024-08-26 15:00:00+00:00,144.148,144.305,144.136,144.287,3199.62
2024-08-26 15:05:00+00:00,144.292,144.38,144.278,144.331,3785.37
2024-08-26 15:10:00+00:00,144.332,144.4,144.311,144.363,3245.58
2024-08-26 15:15:00+00:00,144.362,144.513,144.353,144.497,3112.62
2024-08-26 15:20:00+00:00,144.497,144.604,144.471,144.581,3375.37
2024-08-26 15:25:00+00:00,144.577,144.592,144.518,144.542,3946.55
2024-08-26 15:30:00+00:00,144.534,144.558,144.461,144.473,3996.54
2024-08-26 15:35:00+00:00,144.472,144.5,144.437,144.447,2268.48
2024-08-26 15:40:00+00:00,144.446,144.512,144.422,144.501,1806.69
2024-08-26 15:45:00+00:00,144.501,144.544,144.49,144.512,1566.87
2024-08-26 15:50:00+00:00,144.512,144.524,144.444,144.522,1808.86
2024-08-26 15:55:00+00:00,144.527,144.548,144.489,144.51,1418.25
2024-08-26 16:00:00+00:00,144.512,144.549,144.454,144.483,1929.69
2024-08-26 16:05:00+00:00,144.482,144.505,144.456,144.489,748.05
2024-08-26 16:10:00+00:00,144.488,144.575,144.487,144.549,1199.01
2024-08-26 16:15:00+00:00,144.549,144.56,144.497,144.502,1905.19
2024-08-26 16:20:00+00:00,144.503,144.549,144.485,144.548,2066.94
2024-08-26 16:25:00+00:00,144.547,144.547,144.479,144.54,1031.31
2024-08-26 16:30:00+00:00,144.544,144.561,144.512,144.541,661.17
2024-08-26 16:35:00+00:00,144.54,144.555,144.493,144.529,1433.54
2024-08-26 16:40:00+00:00,144.53,144.602,144.521,144.576,930.54
2024-08-26 16:45:00+00:00,144.577,144.584,144.537,144.543,467.49
2024-08-26 16:50:00+00:00,144.542,144.551,144.469,144.5,919.89
2024-08-26 16:55:00+00:00,144.499,144.509,144.448,144.459,871.5
2024-08-26 17:00:00+00:00,144.458,144.459,144.408,144.436,1351.32
2024-08-26 17:05:00+00:00,144.436,144.438,144.365,144.367,1255.65
2024-08-26 17:10:00+00:00,144.364,144.386,144.318,144.385,2153.34
2024-08-26 17:15:00+00:00,144.386,144.41,144.376,144.391,999.02
2024-08-26 17:20:00+00:00,144.392,144.435,144.384,144.414,1244.91
2024-08-26 17:25:00+00:00,144.415,144.456,144.413,144.43,1220.67
2024-08-26 17:30:00+00:00,144.43,144.494,144.42,144.46,1005.96
2024-08-26 17:35:00+00:00,144.46,144.509,144.45,144.466,1726.5
2024-08-26 17:40:00+00:00,144.466,144.526,144.458,144.521,865.47
2024-08-26 17:45:00+00:00,144.524,144.553,144.511,144.539,799.14
2024-08-26 17:50:00+00:00,144.537,144.554,144.526,144.53,598.38
2024-08-26 17:55:00+00:00,144.529,144.54,144.513,144.524,399.56
2024-08-26 18:00:00+00:00,144.525,144.54,144.513,144.539,402.0
2024-08-26 18:05:00+00:00,144.539,144.552,144.531,144.534,547.95
2024-08-26 18:10:00+00:00,144.535,144.536,144.51,144.535,623.98
2024-08-26 18:15:00+00:00,144.534,144.561,144.527,144.559,730.32
2024-08-26 18:20:00+00:00,144.56,144.584,144.557,144.575,450.27
2024-08-26 18:25:00+00:00,144.576,144.577,144.552,144.56,442.06
2024-08-26 18:30:00+00:00,144.561,144.587,144.553,144.576,1063.68
2024-08-26 18:35:00+00:00,144.574,144.635,144.567,144.626,1127.67
2024-08-26 18:40:00+00:00,144.627,144.652,144.619,144.625,1058.85
2024-08-26 18:45:00+00:00,144.625,144.627,144.575,144.575,1106.4
2024-08-26 18:50:00+00:00,144.576,144.6,144.554,144.558,1079.7
2024-08-26 18:55:00+00:00,144.558,144.578,144.498,144.502,1780.53
2024-08-26 19:00:00+00:00,144.502,144.526,144.495,144.525,1377.78
2024-08-26 19:05:00+00:00,144.525,144.542,144.51,144.535,921.06
2024-08-26 19:10:00+00:00,144.536,144.574,144.534,144.571,1007.1
2024-08-26 19:15:00+00:00,144.571,144.572,144.551,144.555,832.56
2024-08-26 19:20:00+00:00,144.557,144.563,144.541,144.562,778.65
2024-08-26 19:25:00+00:00,144.561,144.563,144.544,144.544,1202.4
2024-08-26 19:30:00+00:00,144.546,144.573,144.543,144.566,1144.32
2024-08-26 19:35:00+00:00,144.566,144.57,144.554,144.564,586.53
2024-08-26 19:40:00+00:00,144.564,144.569,144.562,144.568,192.57
2024-08-26 19:45:00+00:00,144.572,144.578,144.57,144.574,146.52
2024-08-26 19:50:00+00:00,144.574,144.583,144.563,144.565,592.86
2024-08-26 19:55:00+00:00,144.565,144.598,144.555,144.598,1292.79
2024-08-26 20:00:00+00:00,144.598,144.608,144.573,144.59,440.31
2024-08-26 20:05:00+00:00,144.591,144.607,144.586,144.594,244.5
2024-08-26 20:10:00+00:00,144.597,144.604,144.574,144.577,267.25
2024-08-26 20:15:00+00:00,144.577,144.577,144.554,144.556,86.7
2024-08-26 20:20:00+00:00,144.555,144.558,144.521,144.543,218.67
2024-08-26 20:25:00+00:00,144.543,144.545,144.507,144.508,304.38
2024-08-26 20:30:00+00:00,144.508,144.544,144.507,144.54,215.7
2024-08-26 20:35:00+00:00,144.542,144.543,144.458,144.463,247.38
2024-08-26 20:40:00+00:00,144.463,144.485,144.454,144.485,69.0
2024-08-26 20:45:00+00:00,144.482,144.509,144.482,144.501,263.19
2024-08-26 20:50:00+00:00,144.501,144.531,144.501,144.518,210.25
2024-08-26 20:55:00+00:00,144.517,144.526,144.503,144.512,320.94
2024-08-26 21:00:00+00:00,144.508,144.523,144.495,144.506,21.72
2024-08-26 21:05:00+00:00,144.5,144.531,144.5,144.514,40.2
2024-08-26 21:10:00+00:00,144.532,144.532,144.523,144.523,51.6
2024-08-26 21:15:00+00:00,144.523,144.526,144.519,144.521,24.0
2024-08-26 21:20:00+00:00,144.519,144.535,144.441,144.468,71.28
2024-08-26 21:25:00+00:00,144.471,144.505,144.443,144.504,157.65
2024-08-26 21:30:00+00:00,144.504,144.525,144.494,144.513,109.8
2024-08-26 21:35:00+00:00,144.512,144.531,144.51,144.511,63.9
2024-08-26 21:40:00+00:00,144.51,144.516,144.509,144.513,45.75
2024-08-26 21:45:00+00:00,144.513,144.516,144.51,144.513,57.0
2024-08-26 21:50:00+00:00,144.516,144.516,144.509,144.511,80.1
2024-08-26 21:55:00+00:00,144.51,144.512,144.473,144.473,84.0
2024-08-26 22:00:00+00:00,144.472,144.511,144.433,144.454,387.09
2024-08-26 22:05:00+00:00,144.461,144.469,144.441,144.442,302.1
2024-08-26 22:10:00+00:00,144.445,144.451,144.425,144.431,258.45
2024-08-26 22:15:00+00:00,144.433,144.439,144.394,144.401,525.15
2024-08-26 22:20:00+00:00,144.395,144.428,144.367,144.382,217.95
2024-08-26 22:25:00+00:00,144.379,144.393,144.366,144.376,137.4
2024-08-26 22:30:00+00:00,144.372,144.38,144.317,144.357,932.06
2024-08-26 22:35:00+00:00,144.357,144.362,144.329,144.351,392.32
2024-08-26 22:40:00+00:00,144.353,144.407,144.351,144.401,339.0
2024-08-26 22:45:00+00:00,144.399,144.413,144.364,144.397,437.73
2024-08-26 22:50:00+00:00,144.395,144.411,144.378,144.378,247.05
2024-08-26 22:55:00+00:00,144.38,144.403,144.362,144.363,608.49
2024-08-26 23:00:00+00:00,144.364,144.364,144.301,144.321,1909.71
2024-08-26 23:05:00+00:00,144.322,144.326,144.24,144.26,1994.5
2024-08-26 23:10:00+00:00,144.262,144.303,144.249,144.275,705.71
2024-08-26 23:15:00+00:00,144.274,144.28,144.229,144.254,629.2
2024-08-26 23:20:00+00:00,144.252,144.337,144.251,144.31,568.06
2024-08-26 23:25:00+00:00,144.31,144.388,144.302,144.379,731.73
2024-08-26 23:30:00+00:00,144.378,144.398,144.374,144.395,555.56
2024-08-26 23:35:00+00:00,144.395,144.474,144.394,144.47,545.89
2024-08-26 23:40:00+00:00,144.47,144.503,144.46,144.485,437.79
2024-08-26 23:45:00+00:00,144.485,144.488,144.427,144.431,1185.12
2024-08-26 23:50:00+00:00,144.435,144.504,144.435,144.5,808.59
2024-08-26 23:55:00+00:00,144.499,144.528,144.49,144.504,759.66
2024-08-27 00:00:00+00:00,144.504,144.569,144.45,144.483,1767.39
2024-08-27 00:05:00+00:00,144.482,144.544,144.466,144.527,1170.93
2024-08-27 00:10:00+00:00,144.525,144.696,144.523,144.678,1559.38
2024-08-27 00:15:00+00:00,144.679,144.689,144.581,144.583,1215.5
2024-08-27 00:20:00+00:00,144.581,144.636,144.575,144.615,1110.78
2024-08-27 00:25:00+00:00,144.613,144.652,144.572,144.64,1444.86
2024-08-27 00:30:00+00:00,144.638,144.765,144.625,144.734,1753.86
2024-08-27 00:35:00+00:00,144.733,144.743,144.68,144.699,1130.75
2024-08-27 00:40:00+00:00,144.695,144.792,144.683,144.79,1286.84
2024-08-27 00:45:00+00:00,144.788,144.8,144.718,144.733,1618.64
2024-08-27 00:50:00+00:00,144.732,144.819,144.702,144.812,2119.15
2024-08-27 00:55:00+00:00,144.806,144.859,144.797,144.844,2313.26
2024-08-27 01:00:00+00:00,144.845,144.901,144.748,144.748,1447.42
2024-08-27 01:05:00+00:00,144.748,144.867,144.748,144.865,974.97
2024-08-27 01:10:00+00:00,144.866,144.949,144.859,144.923,1343.91
2024-08-27 01:15:00+00:00,144.925,144.949,144.861,144.865,1330.71
2024-08-27 01:20:00+00:00,144.866,144.866,144.787,144.827,820.77
2024-08-27 01:25:00+00:00,144.828,144.842,144.718,144.727,1386.06
2024-08-27 01:30:00+00:00,144.729,144.781,144.712,144.732,1038.58
2024-08-27 01:35:00+00:00,144.732,144.732,144.655,144.656,1477.16
2024-08-27 01:40:00+00:00,144.654,144.693,144.651,144.657,760.65
2024-08-27 01:45:00+00:00,144.656,144.672,144.619,144.622,1979.37
2024-08-27 01:50:00+00:00,144.623,144.69,144.602,144.677,2145.29
2024-08-27 01:55:00+00:00,144.674,144.71,144.656,144.696,592.22
2024-08-27 02:00:00+00:00,144.698,144.709,144.65,144.705,1010.71
2024-08-27 02:05:00+00:00,144.706,144.748,144.691,144.714,1060.56
2024-08-27 02:10:00+00:00,144.715,144.717,144.661,144.677,1473.9
2024-08-27 02:15:00+00:00,144.676,144.734,144.655,144.724,1841.45
2024-08-27 02:20:00+00:00,144.723,144.782,144.707,144.781,1131.78
2024-08-27 02:25:00+00:00,144.782,144.848,144.77,144.836,1477.02
2024-08-27 02:30:00+00:00,144.835,144.894,144.816,144.888,911.82
2024-08-27 02:35:00+00:00,144.887,144.952,144.862,144.916,1357.58
2024-08-27 02:40:00+00:00,144.915,144.961,144.893,144.957,1556.82
2024-08-27 02:45:00+00:00,144.955,144.955,144.856,144.872,1914.08
2024-08-27 02:50:00+00:00,144.873,144.881,144.845,144.852,753.38
2024-08-27 02:55:00+00:00,144.852,144.884,144.842,144.87,939.26
2024-08-27 03:00:00+00:00,144.869,144.88,144.823,144.823,1066.9
2024-08-27 03:05:00+00:00,144.823,144.857,144.801,144.836,1005.0
2024-08-27 03:10:00+00:00,144.836,144.845,144.823,144.839,389.03
2024-08-27 03:15:00+00:00,144.837,144.93,144.825,144.93,743.05
2024-08-27 03:20:00+00:00,144.942,144.97,144.921,144.926,1298.78
2024-08-27 03:25:00+00:00,144.924,144.946,144.917,144.925,1900.92
2024-08-27 03:30:00+00:00,144.922,144.947,144.896,144.912,918.67
2024-08-27 03:35:00+00:00,144.915,144.924,144.873,144.885,640.51
2024-08-27 03:40:00+00:00,144.883,144.918,144.848,144.903,1077.05
2024-08-27 03:45:00+00:00,144.904,144.961,144.895,144.929,972.5
2024-08-27 03:50:00+00:00,144.928,144.935,144.872,144.873,1090.23
2024-08-27 03:55:00+00:00,144.871,144.882,144.817,144.831,1170.21
2024-08-27 04:00:00+00:00,144.832,144.834,144.752,144.766,1750.0
2024-08-27 04:05:00+00:00,144.765,144.789,144.75,144.767,1188.34
2024-08-27 04:10:00+00:00,144.77,144.81,144.754,144.756,1464.51
2024-08-27 04:15:00+00:00,144.756,144.788,144.751,144.779,1124.64
2024-08-27 04:20:00+00:00,144.779,144.815,144.761,144.772,1429.72
2024-08-27 04:25:00+00:00,144.772,144.805,144.77,144.771,959.59
2024-08-27 04:30:00+00:00,144.771,144.773,144.672,144.725,918.73
2024-08-27 04:35:00+00:00,144.724,144.76,144.717,144.73,539.38
2024-08-27 04:40:00+00:00,144.735,144.795,144.703,144.791,881.67
2024-08-27 04:45:00+00:00,144.79,144.794,144.703,144.718,880.06
2024-08-27 04:50:00+00:00,144.718,144.741,144.675,144.686,677.92
2024-08-27 04:55:00+00:00,144.685,144.691,144.622,144.638,1268.94
2024-08-27 05:00:00+00:00,144.635,144.653,144.596,144.616,1104.57
2024-08-27 05:05:00+00:00,144.616,144.669,144.573,144.652,1136.74
2024-08-27 05:10:00+00:00,144.652,144.694,144.64,144.688,1772.4
2024-08-27 05:15:00+00:00,144.688,144.715,144.663,144.686,1333.16
2024-08-27 05:20:00+00:00,144.685,144.686,144.639,144.647,1414.77
2024-08-27 05:25:00+00:00,144.647,144.691,144.647,144.684,1561.69
2024-08-27 05:30:00+00:00,144.686,144.742,144.685,144.713,1615.27
2024-08-27 05:35:00+00:00,144.712,144.788,144.682,144.775,1237.14
2024-08-27 05:40:00+00:00,144.777,144.836,144.77,144.836,828.25
2024-08-27 05:45:00+00:00,144.838,144.859,144.81,144.821,922.62
2024-08-27 05:50:00+00:00,144.82,144.892,144.818,144.856,2988.14
2024-08-27 05:55:00+00:00,144.854,144.856,144.771,144.791,3040.63
2024-08-27 06:00:00+00:00,144.786,144.821,144.766,144.797,1654.01
2024-08-27 06:05:00+00:00,144.796,144.86,144.759,144.803,2342.98
2024-08-27 06:10:00+00:00,144.805,144.813,144.77,144.774,2676.27
2024-08-27 06:15:00+00:00,144.773,144.81,144.676,144.687,2916.66
2024-08-27 06:20:00+00:00,144.688,144.76,144.67,144.747,2009.79
2024-08-27 06:25:00+00:00,144.747,144.771,144.707,144.713,1513.74
2024-08-27 06:30:00+00:00,144.714,144.774,144.657,144.674,2569.14
2024-08-27 06:35:00+00:00,144.675,144.718,144.646,144.661,2095.08
2024-08-27 06:40:00+00:00,144.661,144.701,144.642,144.681,1343.34
2024-08-27 06:45:00+00:00,144.68,144.751,144.65,144.734,2193.15
2024-08-27 06:50:00+00:00,144.734,144.813,144.731,144.771,1910.19
2024-08-27 06:55:00+00:00,144.771,144.858,144.77,144.824,2100.99
2024-08-27 07:00:00+00:00,144.825,144.895,144.78,144.808,2211.04
2024-08-27 07:05:00+00:00,144.807,144.882,144.806,144.83,3486.28
2024-08-27 07:10:00+00:00,144.829,144.893,144.829,144.893,1878.9
2024-08-27 07:15:00+00:00,144.894,144.927,144.827,144.907,1460.97
2024-08-27 07:20:00+00:00,144.908,145.005,144.903,144.971,3254.88
2024-08-27 07:25:00+00:00,144.969,145.099,144.968,145.064,3659.85
2024-08-27 07:30:00+00:00,145.067,145.169,145.04,145.146,3400.42
2024-08-27 07:35:00+00:00,145.147,145.175,145.104,145.122,3740.55
2024-08-27 07:40:00+00:00,145.121,145.123,145.02,145.031,3697.89
2024-08-27 07:45:00+00:00,145.03,145.066,145.008,145.047,2217.74
2024-08-27 07:50:00+00:00,145.047,145.047,144.869,144.892,3181.35
2024-08-27 07:55:00+00:00,144.893,144.997,144.893,144.996,4743.16
2024-08-27 08:00:00+00:00,144.997,145.061,144.977,145.029,3037.48
2024-08-27 08:05:00+00:00,145.03,145.053,144.956,144.967,2500.11
2024-08-27 08:10:00+00:00,144.965,145.054,144.94,145.044,1379.64
2024-08-27 08:15:00+00:00,145.043,145.054,144.967,144.982,2000.3
2024-08-27 08:20:00+00:00,144.982,145.021,144.959,144.989,1177.2
2024-08-27 08:25:00+00:00,144.99,145.042,144.974,145.033,1863.97
2024-08-27 08:30:00+00:00,145.039,145.085,145.01,145.084,2608.48
2024-08-27 08:35:00+00:00,145.086,145.123,145.064,145.091,1794.69
2024-08-27 08:40:00+00:00,145.092,145.139,145.092,145.104,869.31
2024-08-27 08:45:00+00:00,145.103,145.147,145.103,145.137,1398.21
2024-08-27 08:50:00+00:00,145.136,145.149,145.047,145.059,2009.3
2024-08-27 08:55:00+00:00,145.06,145.074,145.013,145.063,1833.18
2024-08-27 09:00:00+00:00,145.063,145.072,144.963,144.999,2661.05
2024-08-27 09:05:00+00:00,144.998,144.999,144.944,144.948,2230.95
2024-08-27 09:10:00+00:00,144.948,145.008,144.934,144.943,2637.97
2024-08-27 09:15:00+00:00,144.941,144.944,144.796,144.806,2074.59
2024-08-27 09:20:00+00:00,144.809,144.871,144.801,144.856,1898.59
2024-08-27 09:25:00+00:00,144.856,144.885,144.806,144.856,1860.54
2024-08-27 09:30:00+00:00,144.858,144.866,144.736,144.77,2652.0
2024-08-27 09:35:00+00:00,144.767,144.847,144.767,144.819,1972.01
2024-08-27 09:40:00+00:00,144.826,144.83,144.772,144.772,653.92
2024-08-27 09:45:00+00:00,144.774,144.838,144.774,144.817,2604.36
2024-08-27 09:50:00+00:00,144.817,144.826,144.744,144.801,2029.36
2024-08-27 09:55:00+00:00,144.8,144.838,144.786,144.832,1179.87
2024-08-27 10:00:00+00:00,144.833,144.86,144.75,144.847,1875.39
2024-08-27 10:05:00+00:00,144.845,144.845,144.725,144.742,1804.34
2024-08-27 10:10:00+00:00,144.741,144.784,144.725,144.779,2378.52
2024-08-27 10:15:00+00:00,144.778,144.784,144.68,144.719,2675.04
2024-08-27 10:20:00+00:00,144.718,144.754,144.683,144.75,2012.79
2024-08-27 10:25:00+00:00,144.749,144.768,144.72,144.767,3052.2
2024-08-27 10:30:00+00:00,144.773,144.851,144.772,144.804,1474.11
2024-08-27 10:35:00+00:00,144.804,144.847,144.803,144.847,1203.3
2024-08-27 10:40:00+00:00,144.846,144.846,144.783,144.798,1285.87
2024-08-27 10:45:00+00:00,144.798,144.829,144.773,144.806,1427.21
2024-08-27 10:50:00+00:00,144.804,144.825,144.775,144.776,978.07
2024-08-27 10:55:00+00:00,144.775,144.82,144.767,144.777,816.69
2024-08-27 11:00:00+00:00,144.778,144.881,144.755,144.858,1514.88
2024-08-27 11:05:00+00:00,144.859,144.876,144.791,144.794,2417.92
2024-08-27 11:10:00+00:00,144.794,144.833,144.764,144.771,2703.63
2024-08-27 11:15:00+00:00,144.772,144.79,144.725,144.727,2292.5
2024-08-27 11:20:00+00:00,144.728,144.73,144.665,144.678,2379.01
2024-08-27 11:25:00+00:00,144.678,144.693,144.614,144.637,2435.88
2024-08-27 11:30:00+00:00,144.637,144.674,144.586,144.637,2201.4
2024-08-27 11:35:00+00:00,144.636,144.659,144.591,144.625,2695.23
2024-08-27 11:40:00+00:00,144.625,144.668,144.619,144.656,1394.1
2024-08-27 11:45:00+00:00,144.657,144.677,144.614,144.619,2099.47
2024-08-27 11:50:00+00:00,144.619,144.619,144.506,144.512,2701.07
2024-08-27 11:55:00+00:00,144.512,144.572,144.508,144.53,2054.67
2024-08-27 12:00:00+00:00,144.53,144.53,144.424,144.467,3890.02
2024-08-27 12:05:00+00:00,144.466,144.466,144.402,144.447,2412.46
2024-08-27 12:10:00+00:00,144.446,144.501,144.415,144.47,3020.07
2024-08-27 12:15:00+00:00,144.469,144.54,144.46,144.519,1966.08
2024-08-27 12:20:00+00:00,144.518,144.554,144.487,144.543,3369.22
2024-08-27 12:25:00+00:00,144.546,144.59,144.508,144.575,1855.38
2024-08-27 12:30:00+00:00,144.575,144.601,144.528,144.545,2271.35
2024-08-27 12:35:00+00:00,144.546,144.563,144.356,144.371,2337.12
2024-08-27 12:40:00+00:00,144.376,144.417,144.356,144.376,2243.25
2024-08-27 12:45:00+00:00,144.377,144.43,144.338,144.406,2073.22
2024-08-27 12:50:00+00:00,144.405,144.405,144.333,144.367,2406.99
2024-08-27 12:55:00+00:00,144.366,144.406,144.342,144.386,2605.65
2024-08-27 13:00:00+00:00,144.382,144.389,144.267,144.297,3227.38
2024-08-27 13:05:00+00:00,144.298,144.385,144.295,144.358,3462.81
2024-08-27 13:10:00+00:00,144.359,144.44,144.345,144.411,2775.3
2024-08-27 13:15:00+00:00,144.409,144.449,144.367,144.449,3166.92
2024-08-27 13:20:00+00:00,144.446,144.485,144.433,144.453,2424.89
2024-08-27 13:25:00+00:00,144.454,144.482,144.406,144.408,3081.99
2024-08-27 13:30:00+00:00,144.407,144.412,144.318,144.374,2799.97
2024-08-27 13:35:00+00:00,144.374,144.375,144.311,144.324,3241.44
2024-08-27 13:40:00+00:00,144.32,144.32,144.238,144.299,3167.38
2024-08-27 13:45:00+00:00,144.299,144.335,144.256,144.3,3473.65
2024-08-27 13:50:00+00:00,144.302,144.317,144.24,144.291,3374.13
2024-08-27 13:55:00+00:00,144.29,144.358,144.286,144.33,1734.42
2024-08-27 14:00:00+00:00,144.335,144.495,144.316,144.319,2000.56
2024-08-27 14:05:00+00:00,144.318,144.394,144.279,144.347,2116.64
2024-08-27 14:10:00+00:00,144.344,144.386,144.298,144.366,2746.26
2024-08-27 14:15:00+00:00,144.365,144.377,144.253,144.332,3290.67
2024-08-27 14:20:00+00:00,144.331,144.346,144.201,144.262,2136.27
2024-08-27 14:25:00+00:00,144.264,144.33,144.248,144.303,2681.84
2024-08-27 14:30:00+00:00,144.303,144.464,144.299,144.463,2510.45
2024-08-27 14:35:00+00:00,144.463,144.505,144.373,144.39,2770.11
2024-08-27 14:40:00+00:00,144.393,144.409,144.294,144.299,3585.48
2024-08-27 14:45:00+00:00,144.301,144.384,144.279,144.328,3402.21
2024-08-27 14:50:00+00:00,144.33,144.358,144.175,144.224,3587.38
2024-08-27 14:55:00+00:00,144.225,144.264,144.15,144.251,3392.29
2024-08-27 15:00:00+00:00,144.251,144.333,144.247,144.259,4132.07
2024-08-27 15:05:00+00:00,144.261,144.307,144.235,144.269,1617.28
2024-08-27 15:10:00+00:00,144.268,144.291,144.246,144.267,1101.49
2024-08-27 15:15:00+00:00,144.269,144.368,144.268,144.345,2809.1
2024-08-27 15:20:00+00:00,144.346,144.357,144.22,144.262,3406.45
2024-08-27 15:25:00+00:00,144.261,144.292,144.226,144.278,2494.56
2024-08-27 15:30:00+00:00,144.275,144.3,144.223,144.239,3194.14
2024-08-27 15:35:00+00:00,144.238,144.247,144.185,144.241,1159.77
2024-08-27 15:40:00+00:00,144.241,144.244,144.208,144.217,2580.2
2024-08-27 15:45:00+00:00,144.218,144.26,144.21,144.256,1418.67
2024-08-27 15:50:00+00:00,144.258,144.294,144.241,144.26,2307.48
2024-08-27 15:55:00+00:00,144.26,144.294,144.253,144.266,1990.69
2024-08-27 16:00:00+00:00,144.266,144.276,144.247,144.271,1890.4
2024-08-27 16:05:00+00:00,144.271,144.289,144.255,144.269,1995.91
2024-08-27 16:10:00+00:00,144.267,144.291,144.205,144.213,1379.73
2024-08-27 16:15:00+00:00,144.213,144.217,144.184,144.211,784.87
2024-08-27 16:20:00+00:00,144.213,144.237,144.185,144.218,755.71
2024-08-27 16:25:00+00:00,144.217,144.22,144.135,144.137,800.05
2024-08-27 16:30:00+00:00,144.137,144.177,144.12,144.168,1577.63
2024-08-27 16:35:00+00:00,144.167,144.172,144.139,144.146,1597.77
2024-08-27 16:40:00+00:00,144.146,144.153,144.1,144.137,1961.55
2024-08-27 16:45:00+00:00,144.138,144.176,144.124,144.16,1118.22
2024-08-27 16:50:00+00:00,144.16,144.196,144.154,144.162,812.19
2024-08-27 16:55:00+00:00,144.166,144.17,144.129,144.135,1367.28
2024-08-27 17:00:00+00:00,144.135,144.151,144.102,144.137,2173.39
2024-08-27 17:05:00+00:00,144.139,144.155,144.088,144.094,1482.84
2024-08-27 17:10:00+00:00,144.095,144.102,144.022,144.034,1302.21
2024-08-27 17:15:00+00:00,144.033,144.066,143.948,143.976,1356.37
2024-08-27 17:20:00+00:00,143.977,144.029,143.943,144.027,1334.04
2024-08-27 17:25:00+00:00,144.028,144.037,144.014,144.023,1506.72
2024-08-27 17:30:00+00:00,144.024,144.089,144.015,144.089,1321.14
2024-08-27 17:35:00+00:00,144.088,144.097,144.059,144.063,1440.85
2024-08-27 17:40:00+00:00,144.063,144.072,144.021,144.056,1044.72
2024-08-27 17:45:00+00:00,144.057,144.085,144.048,144.085,901.29
2024-08-27 17:50:00+00:00,144.086,144.141,144.085,144.139,1541.4
2024-08-27 17:55:00+00:00,144.14,144.163,144.108,144.149,1706.88
2024-08-27 18:00:00+00:00,144.15,144.151,144.073,144.078,1434.57
2024-08-27 18:05:00+00:00,144.079,144.084,143.999,144.029,1746.98
2024-08-27 18:10:00+00:00,144.031,144.081,144.013,144.059,1810.8
2024-08-27 18:15:00+00:00,144.059,144.065,144.009,144.015,1068.72
2024-08-27 18:20:00+00:00,144.014,144.038,143.988,144.0,622.8
2024-08-27 18:25:00+00:00,144.001,144.007,143.95,143.954,721.29
2024-08-27 18:30:00+00:00,143.952,143.973,143.928,143.947,906.03
2024-08-27 18:35:00+00:00,143.949,143.999,143.939,143.989,813.72
2024-08-27 18:40:00+00:00,143.988,143.994,143.964,143.987,326.02
2024-08-27 18:45:00+00:00,143.989,143.993,143.916,143.935,1276.8
2024-08-27 18:50:00+00:00,143.936,143.954,143.921,143.954,315.15
2024-08-27 18:55:00+00:00,143.955,144.042,143.944,144.014,812.92
2024-08-27 19:00:00+00:00,144.015,144.066,144.015,144.055,720.75
2024-08-27 19:05:00+00:00,144.055,144.064,144.023,144.044,1203.15
2024-08-27 19:10:00+00:00,144.043,144.066,144.036,144.057,1110.69
2024-08-27 19:15:00+00:00,144.055,144.059,144.041,144.058,182.85
2024-08-27 19:20:00+00:00,144.056,144.056,144.01,144.025,298.08
2024-08-27 19:25:00+00:00,144.026,144.026,143.998,144.015,418.44
2024-08-27 19:30:00+00:00,144.013,144.034,143.988,143.989,648.15
2024-08-27 19:35:00+00:00,143.988,144.0,143.963,143.963,761.4
2024-08-27 19:40:00+00:00,143.963,143.976,143.952,143.954,669.0
2024-08-27 19:45:00+00:00,143.955,143.986,143.945,143.978,271.02
2024-08-27 19:50:00+00:00,143.976,143.978,143.952,143.952,310.95
2024-08-27 19:55:00+00:00,143.952,143.984,143.941,143.974,1121.81
2024-08-27 20:00:00+00:00,143.973,143.996,143.966,143.983,345.69
2024-08-27 20:05:00+00:00,143.982,144.009,143.966,144.003,127.2
2024-08-27 20:10:00+00:00,144.001,144.007,143.992,143.997,103.5
2024-08-27 20:15:00+00:00,144.0,144.0,143.981,143.981,130.8
2024-08-27 20:20:00+00:00,143.981,143.981,143.946,143.96,412.77
2024-08-27 20:25:00+00:00,143.96,143.969,143.955,143.963,609.54
2024-08-27 20:30:00+00:00,143.963,143.972,143.962,143.971,218.28
2024-08-27 20:35:00+00:00,143.971,143.975,143.957,143.961,646.17
2024-08-27 20:40:00+00:00,143.961,143.961,143.94,143.944,457.98
2024-08-27 20:45:00+00:00,143.944,143.956,143.939,143.955,276.66
2024-08-27 20:50:00+00:00,143.954,143.961,143.942,143.946,603.3
2024-08-27 20:55:00+00:00,143.945,143.958,143.919,143.926,762.18
2024-08-27 21:00:00+00:00,143.926,143.926,143.91,143.91,33.45
2024-08-27 21:05:00+00:00,143.909,143.913,143.899,143.913,15.99
2024-08-27 21:10:00+00:00,143.911,143.988,143.905,143.987,226.12
2024-08-27 21:15:00+00:00,143.987,143.999,143.983,143.997,329.7
2024-08-27 21:20:00+00:00,143.993,143.997,143.904,143.907,364.35
2024-08-27 21:25:00+00:00,143.911,143.95,143.901,143.943,168.97
2024-08-27 21:30:00+00:00,143.946,143.946,143.916,143.925,116.91
2024-08-27 21:35:00+00:00,143.926,143.929,143.919,143.922,58.11
2024-08-27 21:40:00+00:00,143.923,143.927,143.916,143.918,156.0
2024-08-27 21:45:00+00:00,143.92,143.945,143.917,143.943,65.46
2024-08-27 21:50:00+00:00,143.945,143.945,143.919,143.929,94.8
2024-08-27 21:55:00+00:00,143.924,143.932,143.924,143.924,17.1
2024-08-27 22:00:00+00:00,143.926,143.934,143.897,143.921,320.24
2024-08-27 22:05:00+00:00,143.921,143.922,143.897,143.9,219.18
2024-08-27 22:10:00+00:00,143.905,143.907,143.813,143.818,642.0
2024-08-27 22:15:00+00:00,143.823,143.826,143.747,143.771,804.6
2024-08-27 22:20:00+00:00,143.77,143.774,143.679,143.765,1150.65
2024-08-27 22:25:00+00:00,143.764,143.78,143.695,143.735,803.61
2024-08-27 22:30:00+00:00,143.733,143.765,143.687,143.736,673.02
2024-08-27 22:35:00+00:00,143.74,143.804,143.704,143.761,585.21
2024-08-27 22:40:00+00:00,143.763,143.791,143.759,143.772,452.55
2024-08-27 22:45:00+00:00,143.773,143.821,143.769,143.807,347.82
2024-08-27 22:50:00+00:00,143.805,143.807,143.762,143.793,484.59
2024-08-27 22:55:00+00:00,143.792,143.871,143.791,143.864,452.25
2024-08-27 23:00:00+00:00,143.861,143.878,143.752,143.753,1863.51
2024-08-27 23:05:00+00:00,143.753,143.818,143.753,143.783,1872.26
2024-08-27 23:10:00+00:00,143.785,143.839,143.778,143.826,413.06
2024-08-27 23:15:00+00:00,143.824,143.831,143.799,143.816,224.17
2024-08-27 23:20:00+00:00,143.816,143.828,143.768,143.77,790.42
2024-08-27 23:25:00+00:00,143.771,143.813,143.77,143.783,349.65
2024-08-27 23:30:00+00:00,143.782,143.83,143.722,143.809,599.53
2024-08-27 23:35:00+00:00,143.81,143.868,143.808,143.827,440.34
2024-08-27 23:40:00+00:00,143.826,143.847,143.791,143.827,533.86
2024-08-27 23:45:00+00:00,143.828,143.848,143.8,143.837,410.76
2024-08-27 23:50:00+00:00,143.837,143.963,143.836,143.962,996.03
2024-08-27 23:55:00+00:00,143.962,143.982,143.94,143.965,749.24
2024-08-28 00:00:00+00:00,143.964,144.035,143.908,143.964,2137.17
2024-08-28 00:05:00+00:00,143.966,144.074,143.949,144.038,2784.69
2024-08-28 00:10:00+00:00,144.035,144.14,144.025,144.121,2369.68
2024-08-28 00:15:00+00:00,144.121,144.122,144.074,144.112,1468.47
2024-08-28 00:20:00+00:00,144.111,144.169,144.08,144.092,1576.52
2024-08-28 00:25:00+00:00,144.087,144.115,144.055,144.092,1590.24
2024-08-28 00:30:00+00:00,144.095,144.134,144.075,144.081,1709.4
2024-08-28 00:35:00+00:00,144.082,144.198,144.079,144.188,1274.7
2024-08-28 00:40:00+00:00,144.188,144.206,144.117,144.195,827.61
2024-08-28 00:45:00+00:00,144.194,144.201,144.159,144.165,1646.53
2024-08-28 00:50:00+00:00,144.165,144.247,144.165,144.219,2839.41
2024-08-28 00:55:00+00:00,144.226,144.227,144.107,144.111,1799.3
2024-08-28 01:00:00+00:00,144.11,144.163,144.092,144.158,1305.87
2024-08-28 01:05:00+00:00,144.16,144.191,144.127,144.132,1580.85
2024-08-28 01:10:00+00:00,144.132,144.187,144.132,144.178,1026.72
2024-08-28 01:15:00+00:00,144.177,144.25,144.168,144.234,1437.74
2024-08-28 01:20:00+00:00,144.237,144.239,144.194,144.218,1930.95
2024-08-28 01:25:00+00:00,144.218,144.293,144.2,144.25,1054.57
2024-08-28 01:30:00+00:00,144.25,144.367,144.12,144.12,3473.03
2024-08-28 01:35:00+00:00,144.12,144.19,144.105,144.157,1387.59
2024-08-28 01:40:00+00:00,144.153,144.163,144.087,144.126,1771.3
2024-08-28 01:45:00+00:00,144.126,144.32,144.126,144.273,2170.52
2024-08-28 01:50:00+00:00,144.274,144.383,144.273,144.382,2956.88
2024-08-28 01:55:00+00:00,144.381,144.394,144.319,144.36,2199.51
2024-08-28 02:00:00+00:00,144.36,144.391,144.326,144.348,2005.17
2024-08-28 02:05:00+00:00,144.353,144.362,144.295,144.306,2792.61
2024-08-28 02:10:00+00:00,144.308,144.343,144.292,144.335,2552.06
2024-08-28 02:15:00+00:00,144.334,144.382,144.33,144.334,1023.75
2024-08-28 02:20:00+00:00,144.332,144.363,144.297,144.299,368.08
2024-08-28 02:25:00+00:00,144.3,144.343,144.299,144.34,766.74
2024-08-28 02:30:00+00:00,144.341,144.357,144.312,144.335,836.41
2024-08-28 02:35:00+00:00,144.334,144.374,144.3,144.329,724.68
2024-08-28 02:40:00+00:00,144.331,144.396,144.304,144.327,1513.3
2024-08-28 02:45:00+00:00,144.327,144.366,144.323,144.323,876.27
2024-08-28 02:50:00+00:00,144.324,144.378,144.324,144.368,451.11
2024-08-28 02:55:00+00:00,144.366,144.459,144.325,144.439,1186.02
2024-08-28 03:00:00+00:00,144.439,144.489,144.43,144.443,1422.57
2024-08-28 03:05:00+00:00,144.445,144.445,144.37,144.394,1163.25
2024-08-28 03:10:00+00:00,144.395,144.416,144.387,144.408,699.81
2024-08-28 03:15:00+00:00,144.409,144.441,144.367,144.387,1479.9
2024-08-28 03:20:00+00:00,144.384,144.395,144.358,144.362,988.77
2024-08-28 03:25:00+00:00,144.364,144.385,144.323,144.385,1044.24
2024-08-28 03:30:00+00:00,144.385,144.404,144.347,144.4,1364.13
2024-08-28 03:35:00+00:00,144.412,144.414,144.349,144.359,1518.3
2024-08-28 03:40:00+00:00,144.357,144.399,144.351,144.389,1578.57
2024-08-28 03:45:00+00:00,144.387,144.424,144.349,144.421,1938.17
2024-08-28 03:50:00+00:00,144.421,144.422,144.388,144.401,2470.71
2024-08-28 03:55:00+00:00,144.401,144.415,144.388,144.408,1711.59
2024-08-28 04:00:00+00:00,144.408,144.447,144.408,144.431,1773.78
2024-08-28 04:05:00+00:00,144.428,144.48,144.419,144.443,1617.96
2024-08-28 04:10:00+00:00,144.445,144.479,144.439,144.455,1560.72
2024-08-28 04:15:00+00:00,144.455,144.481,144.444,144.458,1293.81
2024-08-28 04:20:00+00:00,144.456,144.466,144.399,144.44,1917.66
2024-08-28 04:25:00+00:00,144.44,144.461,144.424,144.444,2445.42
2024-08-28 04:30:00+00:00,144.443,144.488,144.436,144.477,1892.37
2024-08-28 04:35:00+00:00,144.477,144.538,144.477,144.523,1404.99
2024-08-28 04:40:00+00:00,144.522,144.524,144.46,144.474,1213.12
2024-08-28 04:45:00+00:00,144.47,144.486,144.454,144.463,513.39
2024-08-28 04:50:00+00:00,144.462,144.48,144.366,144.373,1079.15
2024-08-28 04:55:00+00:00,144.373,144.394,144.344,144.354,1573.8
2024-08-28 05:00:00+00:00,144.353,144.364,144.313,144.341,1346.58
2024-08-28 05:05:00+00:00,144.34,144.364,144.318,144.334,1185.45
2024-08-28 05:10:00+00:00,144.334,144.355,144.289,144.344,1306.29
2024-08-28 05:15:00+00:00,144.344,144.373,144.333,144.363,1095.57
2024-08-28 05:20:00+00:00,144.363,144.417,144.363,144.401,1502.04
2024-08-28 05:25:00+00:00,144.401,144.535,144.4,144.484,2387.54
2024-08-28 05:30:00+00:00,144.485,144.52,144.445,144.466,2658.66
2024-08-28 05:35:00+00:00,144.468,144.508,144.42,144.426,1701.27
2024-08-28 05:40:00+00:00,144.426,144.456,144.407,144.417,872.25
2024-08-28 05:45:00+00:00,144.418,144.467,144.411,144.43,1676.49
2024-08-28 05:50:00+00:00,144.429,144.43,144.371,144.424,2751.06
2024-08-28 05:55:00+00:00,144.428,144.448,144.386,144.393,2030.3
2024-08-28 06:00:00+00:00,144.393,144.488,144.365,144.47,2722.44
2024-08-28 06:05:00+00:00,144.472,144.501,144.449,144.481,3102.75
2024-08-28 06:10:00+00:00,144.479,144.565,144.458,144.55,2449.68
2024-08-28 06:15:00+00:00,144.547,144.547,144.477,144.497,2012.97
2024-08-28 06:20:00+00:00,144.498,144.554,144.49,144.553,2844.42
2024-08-28 06:25:00+00:00,144.554,144.59,144.538,144.553,2294.71
2024-08-28 06:30:00+00:00,144.554,144.554,144.485,144.492,2149.98
2024-08-28 06:35:00+00:00,144.493,144.511,144.447,144.479,939.12
2024-08-28 06:40:00+00:00,144.479,144.496,144.451,144.468,2860.23
2024-08-28 06:45:00+00:00,144.469,144.598,144.459,144.577,2505.24
2024-08-28 06:50:00+00:00,144.577,144.603,144.519,144.519,2004.66
2024-08-28 06:55:00+00:00,144.526,144.575,144.509,144.534,1448.91
2024-08-28 07:00:00+00:00,144.533,144.571,144.487,144.488,1744.27
2024-08-28 07:05:00+00:00,144.487,144.526,144.466,144.481,1210.47
2024-08-28 07:10:00+00:00,144.483,144.528,144.437,144.444,1288.23
2024-08-28 07:15:00+00:00,144.446,144.451,144.369,144.373,1303.77
2024-08-28 07:20:00+00:00,144.371,144.46,144.369,144.457,878.4
2024-08-28 07:25:00+00:00,144.459,144.484,144.357,144.364,932.64
2024-08-28 07:30:00+00:00,144.363,144.387,144.342,144.364,2598.99
2024-08-28 07:35:00+00:00,144.364,144.388,144.334,144.375,1497.6
2024-08-28 07:40:00+00:00,144.376,144.446,144.376,144.425,1461.48
2024-08-28 07:45:00+00:00,144.427,144.478,144.408,144.463,1357.49
2024-08-28 07:50:00+00:00,144.466,144.495,144.46,144.483,1300.47
2024-08-28 07:55:00+00:00,144.483,144.561,144.471,144.561,2117.24
2024-08-28 08:00:00+00:00,144.564,144.576,144.535,144.544,1435.23
2024-08-28 08:05:00+00:00,144.546,144.571,144.517,144.53,3084.36
2024-08-28 08:10:00+00:00,144.526,144.53,144.444,144.45,1550.91
2024-08-28 08:15:00+00:00,144.451,144.452,144.418,144.442,2466.4
2024-08-28 08:20:00+00:00,144.443,144.487,144.421,144.465,2183.43
2024-08-28 08:25:00+00:00,144.466,144.494,144.434,144.447,2132.14
2024-08-28 08:30:00+00:00,144.447,144.46,144.383,144.388,1710.34
2024-08-28 08:35:00+00:00,144.388,144.396,144.32,144.39,2360.82
2024-08-28 08:40:00+00:00,144.389,144.399,144.357,144.398,479.22
2024-08-28 08:45:00+00:00,144.397,144.397,144.321,144.341,1401.27
2024-08-28 08:50:00+00:00,144.343,144.357,144.334,144.351,809.58
2024-08-28 08:55:00+00:00,144.35,144.377,144.342,144.348,1786.98
2024-08-28 09:00:00+00:00,144.348,144.348,144.26,144.264,4045.5
2024-08-28 09:05:00+00:00,144.263,144.285,144.151,144.157,4275.75
2024-08-28 09:10:00+00:00,144.157,144.237,144.154,144.227,1726.68
2024-08-28 09:15:00+00:00,144.227,144.229,144.101,144.118,2151.84
2024-08-28 09:20:00+00:00,144.119,144.155,144.1,144.104,1394.7
2024-08-28 09:25:00+00:00,144.105,144.161,144.059,144.127,2115.88
2024-08-28 09:30:00+00:00,144.129,144.191,144.129,144.189,1207.56
2024-08-28 09:35:00+00:00,144.187,144.207,144.132,144.132,1333.78
2024-08-28 09:40:00+00:00,144.132,144.205,144.125,144.186,1524.75
2024-08-28 09:45:00+00:00,144.187,144.232,144.185,144.199,2202.7
2024-08-28 09:50:00+00:00,144.198,144.236,144.183,144.231,1633.32
2024-08-28 09:55:00+00:00,144.231,144.279,144.224,144.277,2268.09
2024-08-28 10:00:00+00:00,144.277,144.293,144.247,144.262,1925.1
2024-08-28 10:05:00+00:00,144.261,144.353,144.243,144.344,1451.48
2024-08-28 10:10:00+00:00,144.345,144.416,144.339,144.414,1965.12
2024-08-28 10:15:00+00:00,144.414,144.488,144.408,144.447,2077.56
2024-08-28 10:20:00+00:00,144.446,144.486,144.412,144.416,2264.73
2024-08-28 10:25:00+00:00,144.417,144.478,144.411,144.462,1751.52
2024-08-28 10:30:00+00:00,144.461,144.464,144.39,144.404,2289.45
2024-08-28 10:35:00+00:00,144.405,144.437,144.398,144.412,1302.0
2024-08-28 10:40:00+00:00,144.412,144.419,144.363,144.419,1816.79
2024-08-28 10:45:00+00:00,144.419,144.427,144.388,144.393,1354.68
2024-08-28 10:50:00+00:00,144.393,144.422,144.387,144.393,2630.25
2024-08-28 10:55:00+00:00,144.394,144.411,144.359,144.41,1805.89
2024-08-28 11:00:00+00:00,144.409,144.477,144.409,144.468,1022.22
2024-08-28 11:05:00+00:00,144.468,144.486,144.439,144.462,1796.7
2024-08-28 11:10:00+00:00,144.462,144.462,144.373,144.388,3204.72
2024-08-28 11:15:00+00:00,144.389,144.393,144.359,144.377,2683.62
2024-08-28 11:20:00+00:00,144.381,144.426,144.379,144.396,2431.81
2024-08-28 11:25:00+00:00,144.397,144.44,144.391,144.408,1344.24
2024-08-28 11:30:00+00:00,144.406,144.414,144.327,144.327,2543.23
2024-08-28 11:35:00+00:00,144.328,144.331,144.277,144.298,2510.72
2024-08-28 11:40:00+00:00,144.295,144.324,144.273,144.285,1397.94
2024-08-28 11:45:00+00:00,144.286,144.373,144.285,144.307,1253.63
2024-08-28 11:50:00+00:00,144.31,144.343,144.269,144.312,1312.18
2024-08-28 11:55:00+00:00,144.312,144.341,144.291,144.324,734.98
2024-08-28 12:00:00+00:00,144.323,144.432,144.309,144.422,993.39
2024-08-28 12:05:00+00:00,144.421,144.451,144.395,144.426,1442.97
2024-08-28 12:10:00+00:00,144.429,144.549,144.423,144.488,2985.45
2024-08-28 12:15:00+00:00,144.489,144.573,144.454,144.557,2580.24
2024-08-28 12:20:00+00:00,144.557,144.665,144.549,144.619,2792.63
2024-08-28 12:25:00+00:00,144.619,144.681,144.586,144.662,4034.31
2024-08-28 12:30:00+00:00,144.664,144.751,144.662,144.711,3031.3
2024-08-28 12:35:00+00:00,144.713,144.764,144.699,144.739,2652.15
2024-08-28 12:40:00+00:00,144.741,144.777,144.702,144.744,3034.76
2024-08-28 12:45:00+00:00,144.743,144.746,144.67,144.679,3473.55
2024-08-28 12:50:00+00:00,144.679,144.754,144.659,144.743,2129.04
2024-08-28 12:55:00+00:00,144.743,144.753,144.701,144.705,2383.27
2024-08-28 13:00:00+00:00,144.708,144.843,144.701,144.83,1584.79
2024-08-28 13:05:00+00:00,144.829,144.94,144.819,144.94,1768.02
2024-08-28 13:10:00+00:00,144.941,144.944,144.848,144.848,1522.8
2024-08-28 13:15:00+00:00,144.849,144.934,144.829,144.922,1903.11
2024-08-28 13:20:00+00:00,144.921,144.944,144.894,144.928,3012.42
2024-08-28 13:25:00+00:00,144.929,144.935,144.863,144.889,3740.91
2024-08-28 13:30:00+00:00,144.89,145.025,144.88,145.015,3200.43
2024-08-28 13:35:00+00:00,145.016,145.018,144.893,144.932,4978.8
2024-08-28 13:40:00+00:00,144.93,145.036,144.924,144.966,4525.69
2024-08-28 13:45:00+00:00,144.967,144.974,144.901,144.91,4650.29
2024-08-28 13:50:00+00:00,144.916,144.927,144.833,144.877,4653.21
2024-08-28 13:55:00+00:00,144.878,144.902,144.819,144.843,4615.84
2024-08-28 14:00:00+00:00,144.842,144.842,144.748,144.761,4233.02
2024-08-28 14:05:00+00:00,144.762,144.762,144.669,144.71,3691.87
2024-08-28 14:10:00+00:00,144.712,144.717,144.668,144.699,3045.39
2024-08-28 14:15:00+00:00,144.701,144.739,144.568,144.584,4158.48
2024-08-28 14:20:00+00:00,144.583,144.64,144.546,144.631,2079.39
2024-08-28 14:25:00+00:00,144.63,144.706,144.624,144.684,2044.75
2024-08-28 14:30:00+00:00,144.684,144.684,144.525,144.545,4177.47
2024-08-28 14:35:00+00:00,144.547,144.596,144.529,144.596,2025.91
2024-08-28 14:40:00+00:00,144.597,144.625,144.548,144.585,2581.24
2024-08-28 14:45:00+00:00,144.589,144.596,144.447,144.463,3648.11
2024-08-28 14:50:00+00:00,144.463,144.562,144.44,144.56,3416.21
2024-08-28 14:55:00+00:00,144.56,144.604,144.466,144.491,2153.02
2024-08-28 15:00:00+00:00,144.489,144.575,144.476,144.575,3046.08
2024-08-28 15:05:00+00:00,144.573,144.626,144.552,144.568,1441.03
2024-08-28 15:10:00+00:00,144.566,144.566,144.441,144.48,1329.09
2024-08-28 15:15:00+00:00,144.479,144.491,144.376,144.398,2066.57
2024-08-28 15:20:00+00:00,144.395,144.422,144.355,144.362,1755.35
2024-08-28 15:25:00+00:00,144.363,144.443,144.363,144.389,1784.43
2024-08-28 15:30:00+00:00,144.388,144.427,144.36,144.406,1869.0
2024-08-28 15:35:00+00:00,144.405,144.427,144.346,144.415,1843.89
2024-08-28 15:40:00+00:00,144.414,144.44,144.382,144.438,1822.62
2024-08-28 15:45:00+00:00,144.437,144.447,144.391,144.435,2250.51
2024-08-28 15:50:00+00:00,144.435,144.451,144.402,144.436,1954.98
2024-08-28 15:55:00+00:00,144.436,144.475,144.413,144.473,2064.99
2024-08-28 16:00:00+00:00,144.472,144.537,144.465,144.527,1784.13
2024-08-28 16:05:00+00:00,144.528,144.579,144.519,144.577,1350.66
2024-08-28 16:10:00+00:00,144.579,144.583,144.52,144.526,1551.63
2024-08-28 16:15:00+00:00,144.525,144.566,144.493,144.548,1862.32
2024-08-28 16:20:00+00:00,144.547,144.631,144.547,144.623,1532.84
2024-08-28 16:25:00+00:00,144.623,144.631,144.599,144.607,2199.42
2024-08-28 16:30:00+00:00,144.608,144.651,144.595,144.651,898.38
2024-08-28 16:35:00+00:00,144.649,144.69,144.642,144.685,541.89
2024-08-28 16:40:00+00:00,144.684,144.701,144.673,144.694,807.03
2024-08-28 16:45:00+00:00,144.693,144.706,144.658,144.679,1383.12
2024-08-28 16:50:00+00:00,144.679,144.725,144.664,144.703,1133.73
2024-08-28 16:55:00+00:00,144.706,144.758,144.704,144.737,557.34
2024-08-28 17:00:00+00:00,144.74,144.75,144.711,144.725,1023.98
2024-08-28 17:05:00+00:00,144.725,144.768,144.701,144.766,1664.61
2024-08-28 17:10:00+00:00,144.769,144.809,144.752,144.794,1304.87
2024-08-28 17:15:00+00:00,144.795,144.806,144.715,144.724,1363.87
2024-08-28 17:20:00+00:00,144.723,144.74,144.682,144.694,1897.14
2024-08-28 17:25:00+00:00,144.692,144.7,144.672,144.7,1195.11
2024-08-28 17:30:00+00:00,144.702,144.738,144.701,144.735,1135.95
2024-08-28 17:35:00+00:00,144.738,144.785,144.736,144.767,1402.38
2024-08-28 17:40:00+00:00,144.766,144.79,144.747,144.757,1261.35
2024-08-28 17:45:00+00:00,144.757,144.761,144.704,144.725,2885.1
2024-08-28 17:50:00+00:00,144.726,144.746,144.636,144.642,2010.9
2024-08-28 17:55:00+00:00,144.644,144.662,144.57,144.63,1283.61
2024-08-28 18:00:00+00:00,144.63,144.647,144.555,144.557,1684.5
2024-08-28 18:05:00+00:00,144.556,144.585,144.509,144.583,2308.09
2024-08-28 18:10:00+00:00,144.584,144.6,144.554,144.595,2337.69
2024-08-28 18:15:00+00:00,144.598,144.626,144.583,144.62,1569.21
2024-08-28 18:20:00+00:00,144.621,144.65,144.62,144.62,964.62
2024-08-28 18:25:00+00:00,144.618,144.645,144.607,144.641,1815.06
2024-08-28 18:30:00+00:00,144.641,144.668,144.637,144.661,1574.34
2024-08-28 18:35:00+00:00,144.66,144.665,144.62,144.643,1180.59
2024-08-28 18:40:00+00:00,144.642,144.685,144.642,144.684,1988.37
2024-08-28 18:45:00+00:00,144.685,144.701,144.662,144.7,2280.09
2024-08-28 18:50:00+00:00,144.699,144.727,144.68,144.693,2053.44
2024-08-28 18:55:00+00:00,144.692,144.706,144.648,144.653,2381.58
2024-08-28 19:00:00+00:00,144.652,144.725,144.651,144.715,1380.93
2024-08-28 19:05:00+00:00,144.714,144.714,144.673,144.687,916.23
2024-08-28 19:10:00+00:00,144.689,144.726,144.689,144.715,738.24
2024-08-28 19:15:00+00:00,144.716,144.727,144.688,144.688,359.79
2024-08-28 19:20:00+00:00,144.69,144.696,144.654,144.689,536.64
2024-08-28 19:25:00+00:00,144.691,144.712,144.683,144.696,1504.95
2024-08-28 19:30:00+00:00,144.696,144.722,144.686,144.702,954.81
2024-08-28 19:35:00+00:00,144.704,144.716,144.694,144.704,984.3
2024-08-28 19:40:00+00:00,144.704,144.737,144.702,144.727,1348.2
2024-08-28 19:45:00+00:00,144.728,144.757,144.719,144.729,1430.52
2024-08-28 19:50:00+00:00,144.73,144.753,144.718,144.739,1026.42
2024-08-28 19:55:00+00:00,144.739,144.758,144.687,144.701,1935.39
2024-08-28 20:00:00+00:00,144.701,144.718,144.677,144.707,584.1
2024-08-28 20:05:00+00:00,144.705,144.724,144.702,144.705,537.24
2024-08-28 20:10:00+00:00,144.705,144.716,144.698,144.714,169.11
2024-08-28 20:15:00+00:00,144.714,144.769,144.706,144.76,838.26
2024-08-28 20:20:00+00:00,144.761,144.761,144.415,144.47,2466.51
2024-08-28 20:25:00+00:00,144.47,144.668,144.424,144.556,3510.69
2024-08-28 20:30:00+00:00,144.551,144.618,144.545,144.616,1295.94
2024-08-28 20:35:00+00:00,144.619,144.644,144.588,144.642,414.65
2024-08-28 20:40:00+00:00,144.645,144.681,144.626,144.639,2041.65
2024-08-28 20:45:00+00:00,144.639,144.64,144.574,144.625,2490.85
2024-08-28 20:50:00+00:00,144.624,144.632,144.574,144.601,1087.41
2024-08-28 20:55:00+00:00,144.603,144.604,144.56,144.572,2663.26
2024-08-28 21:00:00+00:00,144.573,144.573,144.44,144.5,31.98
2024-08-28 21:05:00+00:00,144.498,144.502,144.47,144.478,72.45
2024-08-28 21:10:00+00:00,144.478,144.511,144.474,144.511,35.1
2024-08-28 21:15:00+00:00,144.511,144.527,144.509,144.509,21.3
2024-08-28 21:20:00+00:00,144.509,144.518,144.503,144.511,56.28
2024-08-28 21:25:00+00:00,144.509,144.514,144.438,144.466,179.58
2024-08-28 21:30:00+00:00,144.479,144.562,144.468,144.495,107.85
2024-08-28 21:35:00+00:00,144.488,144.496,144.472,144.472,35.4
2024-08-28 21:40:00+00:00,144.472,144.481,144.465,144.466,27.0
2024-08-28 21:45:00+00:00,144.46,144.479,144.437,144.439,85.95
2024-08-28 21:50:00+00:00,144.439,144.444,144.423,144.44,66.18
2024-08-28 21:55:00+00:00,144.44,144.441,144.426,144.435,67.86
2024-08-28 22:00:00+00:00,144.435,144.483,144.376,144.418,417.97
2024-08-28 22:05:00+00:00,144.418,144.42,144.294,144.302,421.12
2024-08-28 22:10:00+00:00,144.304,144.429,144.298,144.424,869.5
2024-08-28 22:15:00+00:00,144.424,144.426,144.359,144.384,693.35
2024-08-28 22:20:00+00:00,144.384,144.392,144.297,144.319,773.09
2024-08-28 22:25:00+00:00,144.319,144.329,144.28,144.312,633.15
2024-08-28 22:30:00+00:00,144.313,144.42,144.312,144.37,649.69
2024-08-28 22:35:00+00:00,144.371,144.402,144.336,144.4,602.21
2024-08-28 22:40:00+00:00,144.4,144.4,144.308,144.354,1003.88
2024-08-28 22:45:00+00:00,144.353,144.387,144.298,144.315,882.27
2024-08-28 22:50:00+00:00,144.316,144.338,144.278,144.316,708.27
2024-08-28 22:55:00+00:00,144.319,144.331,144.286,144.293,1204.34
2024-08-28 23:00:00+00:00,144.294,144.302,144.218,144.264,1729.86
2024-08-28 23:05:00+00:00,144.265,144.297,144.229,144.248,1024.48
2024-08-28 23:10:00+00:00,144.253,144.289,144.243,144.252,743.07
2024-08-28 23:15:00+00:00,144.254,144.355,144.24,144.349,900.66
2024-08-28 23:20:00+00:00,144.349,144.353,144.298,144.308,525.78
2024-08-28 23:25:00+00:00,144.308,144.328,144.265,144.322,448.29
2024-08-28 23:30:00+00:00,144.321,144.395,144.321,144.343,573.33
2024-08-28 23:35:00+00:00,144.341,144.346,144.278,144.278,399.9
2024-08-28 23:40:00+00:00,144.281,144.318,144.251,144.285,625.74
2024-08-28 23:45:00+00:00,144.286,144.369,144.285,144.367,504.84
2024-08-28 23:50:00+00:00,144.369,144.406,144.368,144.403,705.15
2024-08-28 23:55:00+00:00,144.404,144.468,144.401,144.435,1213.32
2024-08-29 00:00:00+00:00,144.435,144.462,144.28,144.287,2544.38
2024-08-29 00:05:00+00:00,144.288,144.389,144.269,144.323,2988.69
2024-08-29 00:10:00+00:00,144.325,144.438,144.325,144.425,2548.02
2024-08-29 00:15:00+00:00,144.425,144.53,144.416,144.497,1693.17
2024-08-29 00:20:00+00:00,144.495,144.522,144.463,144.463,1217.49
2024-08-29 00:25:00+00:00,144.465,144.48,144.441,144.452,1940.61
2024-08-29 00:30:00+00:00,144.452,144.522,144.385,144.517,1016.87
2024-08-29 00:35:00+00:00,144.52,144.593,144.511,144.581,1396.62
2024-08-29 00:40:00+00:00,144.589,144.598,144.536,144.586,1686.45
2024-08-29 00:45:00+00:00,144.587,144.595,144.511,144.538,2091.93
2024-08-29 00:50:00+00:00,144.539,144.565,144.423,144.426,2017.13
2024-08-29 00:55:00+00:00,144.426,144.438,144.392,144.428,1774.85
2024-08-29 01:00:00+00:00,144.426,144.456,144.384,144.456,2277.51
2024-08-29 01:05:00+00:00,144.458,144.491,144.452,144.457,1914.85
2024-08-29 01:10:00+00:00,144.455,144.493,144.4,144.453,2558.06
2024-08-29 01:15:00+00:00,144.452,144.455,144.344,144.389,1801.62
2024-08-29 01:20:00+00:00,144.388,144.427,144.361,144.398,1793.68
2024-08-29 01:25:00+00:00,144.397,144.482,144.388,144.477,1524.07
2024-08-29 01:30:00+00:00,144.476,144.557,144.475,144.534,1785.92
2024-08-29 01:35:00+00:00,144.534,144.59,144.527,144.568,2588.52
2024-08-29 01:40:00+00:00,144.568,144.57,144.538,144.54,2195.79
2024-08-29 01:45:00+00:00,144.541,144.612,144.52,144.609,1219.23
2024-08-29 01:50:00+00:00,144.61,144.657,144.59,144.62,1092.66
2024-08-29 01:55:00+00:00,144.621,144.652,144.596,144.632,1748.14
2024-08-29 02:00:00+00:00,144.633,144.695,144.631,144.664,1350.3
2024-08-29 02:05:00+00:00,144.668,144.688,144.64,144.661,1542.72
2024-08-29 02:10:00+00:00,144.662,144.665,144.576,144.584,2798.52
2024-08-29 02:15:00+00:00,144.586,144.596,144.53,144.559,663.24
2024-08-29 02:20:00+00:00,144.56,144.566,144.495,144.535,969.88
2024-08-29 02:25:00+00:00,144.536,144.549,144.491,144.523,886.11
2024-08-29 02:30:00+00:00,144.523,144.539,144.496,144.501,465.87
2024-08-29 02:35:00+00:00,144.501,144.528,144.466,144.475,723.24
2024-08-29 02:40:00+00:00,144.475,144.496,144.468,144.474,683.52
2024-08-29 02:45:00+00:00,144.475,144.535,144.451,144.505,970.35
2024-08-29 02:50:00+00:00,144.505,144.557,144.505,144.556,1134.54
2024-08-29 02:55:00+00:00,144.555,144.587,144.54,144.586,491.13
2024-08-29 03:00:00+00:00,144.585,144.597,144.525,144.538,493.02
2024-08-29 03:05:00+00:00,144.54,144.561,144.53,144.551,455.46
2024-08-29 03:10:00+00:00,144.546,144.608,144.545,144.576,1101.21
2024-08-29 03:15:00+00:00,144.575,144.581,144.557,144.563,872.13
2024-08-29 03:20:00+00:00,144.564,144.565,144.516,144.52,532.53
2024-08-29 03:25:00+00:00,144.518,144.518,144.476,144.498,1356.18
2024-08-29 03:30:00+00:00,144.499,144.542,144.498,144.539,1122.69
2024-08-29 03:35:00+00:00,144.539,144.572,144.538,144.561,874.41
2024-08-29 03:40:00+00:00,144.56,144.615,144.558,144.587,1198.17
2024-08-29 03:45:00+00:00,144.587,144.61,144.576,144.578,3001.2
2024-08-29 03:50:00+00:00,144.579,144.584,144.558,144.575,1915.86
2024-08-29 03:55:00+00:00,144.573,144.575,144.51,144.525,1447.25
2024-08-29 04:00:00+00:00,144.525,144.572,144.457,144.484,1876.1
2024-08-29 04:05:00+00:00,144.484,144.538,144.462,144.536,1715.82
2024-08-29 04:10:00+00:00,144.537,144.561,144.492,144.551,1215.93
2024-08-29 04:15:00+00:00,144.551,144.571,144.53,144.536,1225.35
2024-08-29 04:20:00+00:00,144.534,144.545,144.49,144.517,1669.29
2024-08-29 04:25:00+00:00,144.517,144.568,144.517,144.562,884.7
2024-08-29 04:30:00+00:00,144.564,144.579,144.557,144.562,1333.01
2024-08-29 04:35:00+00:00,144.561,144.599,144.555,144.592,815.04
2024-08-29 04:40:00+00:00,144.591,144.63,144.564,144.627,868.72
2024-08-29 04:45:00+00:00,144.626,144.686,144.626,144.672,960.32
2024-08-29 04:50:00+00:00,144.673,144.714,144.658,144.691,1233.66
2024-08-29 04:55:00+00:00,144.692,144.71,144.648,144.671,1601.23
2024-08-29 05:00:00+00:00,144.671,144.789,144.668,144.762,1573.89
2024-08-29 05:05:00+00:00,144.763,144.792,144.751,144.771,2139.93
2024-08-29 05:10:00+00:00,144.773,144.86,144.771,144.778,2861.16
2024-08-29 05:15:00+00:00,144.777,144.782,144.711,144.721,2378.67
2024-08-29 05:20:00+00:00,144.722,144.74,144.679,144.724,936.48
2024-08-29 05:25:00+00:00,144.726,144.807,144.721,144.768,723.18
2024-08-29 05:30:00+00:00,144.766,144.771,144.702,144.742,846.0
2024-08-29 05:35:00+00:00,144.744,144.784,144.741,144.745,646.14
2024-08-29 05:40:00+00:00,144.746,144.75,144.71,144.746,538.29
2024-08-29 05:45:00+00:00,144.747,144.763,144.688,144.69,457.23
2024-08-29 05:50:00+00:00,144.688,144.688,144.586,144.611,2368.77
2024-08-29 05:55:00+00:00,144.609,144.628,144.559,144.616,846.48
2024-08-29 06:00:00+00:00,144.616,144.651,144.571,144.587,1930.14
2024-08-29 06:05:00+00:00,144.589,144.61,144.495,144.542,1835.46
2024-08-29 06:10:00+00:00,144.54,144.58,144.524,144.568,1782.78
2024-08-29 06:15:00+00:00,144.568,144.568,144.49,144.511,2612.6
2024-08-29 06:20:00+00:00,144.513,144.545,144.493,144.516,1836.54
2024-08-29 06:25:00+00:00,144.52,144.569,144.461,144.568,2736.44
2024-08-29 06:30:00+00:00,144.567,144.63,144.567,144.603,2453.7
2024-08-29 06:35:00+00:00,144.601,144.654,144.557,144.648,1372.65
2024-08-29 06:40:00+00:00,144.65,144.672,144.61,144.61,1668.81
2024-08-29 06:45:00+00:00,144.61,144.612,144.561,144.579,1033.81
2024-08-29 06:50:00+00:00,144.57,144.577,144.505,144.56,625.77
2024-08-29 06:55:00+00:00,144.561,144.602,144.56,144.582,774.15
2024-08-29 07:00:00+00:00,144.581,144.748,144.553,144.706,2311.3
2024-08-29 07:05:00+00:00,144.708,144.731,144.669,144.686,4480.19
2024-08-29 07:10:00+00:00,144.685,144.723,144.637,144.691,3365.55
2024-08-29 07:15:00+00:00,144.691,144.726,144.628,144.641,1593.69
2024-08-29 07:20:00+00:00,144.642,144.697,144.626,144.693,1394.19
2024-08-29 07:25:00+00:00,144.694,144.712,144.65,144.678,1172.49
2024-08-29 07:30:00+00:00,144.686,144.83,144.686,144.818,2191.65
2024-08-29 07:35:00+00:00,144.818,144.827,144.768,144.794,1187.49
2024-08-29 07:40:00+00:00,144.792,144.828,144.753,144.821,2268.67
2024-08-29 07:45:00+00:00,144.82,144.844,144.784,144.824,3256.89
2024-08-29 07:50:00+00:00,144.826,144.84,144.763,144.775,2797.86
2024-08-29 07:55:00+00:00,144.774,144.774,144.712,144.727,2689.5
2024-08-29 08:00:00+00:00,144.726,144.73,144.617,144.631,3562.37
2024-08-29 08:05:00+00:00,144.627,144.628,144.537,144.596,3854.17
2024-08-29 08:10:00+00:00,144.596,144.669,144.593,144.665,3554.49
2024-08-29 08:15:00+00:00,144.663,144.672,144.543,144.571,3354.48
2024-08-29 08:20:00+00:00,144.572,144.607,144.512,144.554,2420.56
2024-08-29 08:25:00+00:00,144.557,144.569,144.503,144.547,2950.71
2024-08-29 08:30:00+00:00,144.546,144.643,144.539,144.613,2632.85
2024-08-29 08:35:00+00:00,144.61,144.619,144.468,144.473,4235.15
2024-08-29 08:40:00+00:00,144.474,144.596,144.474,144.571,2766.18
2024-08-29 08:45:00+00:00,144.57,144.597,144.525,144.58,2292.36
2024-08-29 08:50:00+00:00,144.587,144.74,144.578,144.709,3528.06
2024-08-29 08:55:00+00:00,144.712,144.727,144.688,144.69,3284.32
2024-08-29 09:00:00+00:00,144.691,144.737,144.66,144.661,1551.96
2024-08-29 09:05:00+00:00,144.662,144.701,144.631,144.661,945.75
2024-08-29 09:10:00+00:00,144.661,144.68,144.529,144.529,3175.49
2024-08-29 09:15:00+00:00,144.527,144.567,144.503,144.566,2780.65
2024-08-29 09:20:00+00:00,144.568,144.591,144.548,144.581,3374.58
2024-08-29 09:25:00+00:00,144.582,144.646,144.572,144.643,3208.42
2024-08-29 09:30:00+00:00,144.644,144.645,144.551,144.572,3733.57
2024-08-29 09:35:00+00:00,144.573,144.595,144.538,144.553,3007.36
2024-08-29 09:40:00+00:00,144.552,144.625,144.552,144.608,2618.55
2024-08-29 09:45:00+00:00,144.606,144.622,144.574,144.581,1556.43
2024-08-29 09:50:00+00:00,144.58,144.583,144.443,144.489,2439.33
2024-08-29 09:55:00+00:00,144.49,144.526,144.487,144.519,2662.25
2024-08-29 10:00:00+00:00,144.52,144.531,144.469,144.525,2283.57
2024-08-29 10:05:00+00:00,144.533,144.548,144.494,144.545,2831.79
2024-08-29 10:10:00+00:00,144.544,144.56,144.486,144.49,1240.65
2024-08-29 10:15:00+00:00,144.489,144.512,144.46,144.489,2476.62
2024-08-29 10:20:00+00:00,144.49,144.525,144.482,144.504,2882.01
2024-08-29 10:25:00+00:00,144.503,144.521,144.464,144.506,1580.01
2024-08-29 10:30:00+00:00,144.506,144.516,144.471,144.504,2295.3
2024-08-29 10:35:00+00:00,144.503,144.586,144.503,144.56,2506.86
2024-08-29 10:40:00+00:00,144.56,144.576,144.532,144.534,1896.09
2024-08-29 10:45:00+00:00,144.535,144.559,144.491,144.493,1905.28
2024-08-29 10:50:00+00:00,144.494,144.544,144.476,144.54,2652.91
2024-08-29 10:55:00+00:00,144.54,144.547,144.476,144.487,2977.53
2024-08-29 11:00:00+00:00,144.486,144.528,144.463,144.506,3168.63
2024-08-29 11:05:00+00:00,144.504,144.539,144.464,144.53,1666.5
2024-08-29 11:10:00+00:00,144.528,144.599,144.524,144.577,1816.17
2024-08-29 11:15:00+00:00,144.58,144.585,144.559,144.583,1883.82
2024-08-29 11:20:00+00:00,144.583,144.587,144.56,144.568,1127.16
2024-08-29 11:25:00+00:00,144.567,144.583,144.493,144.535,2803.35
2024-08-29 11:30:00+00:00,144.536,144.621,144.5,144.609,1884.8
2024-08-29 11:35:00+00:00,144.609,144.654,144.568,144.643,2930.01
2024-08-29 11:40:00+00:00,144.643,144.662,144.618,144.621,2546.97
2024-08-29 11:45:00+00:00,144.621,144.7,144.615,144.631,1535.1
2024-08-29 11:50:00+00:00,144.628,144.64,144.595,144.63,1132.2
2024-08-29 11:55:00+00:00,144.631,144.645,144.564,144.59,1772.67
2024-08-29 12:00:00+00:00,144.591,144.623,144.539,144.612,1936.52
2024-08-29 12:05:00+00:00,144.612,144.631,144.61,144.618,1585.11
2024-08-29 12:10:00+00:00,144.616,144.633,144.563,144.61,1993.26
2024-08-29 12:15:00+00:00,144.609,144.643,144.586,144.64,2162.85
2024-08-29 12:20:00+00:00,144.639,144.681,144.612,144.681,1728.06
2024-08-29 12:25:00+00:00,144.684,144.751,144.668,144.682,1785.33
2024-08-29 12:30:00+00:00,144.607,145.322,144.516,145.171,5480.32
2024-08-29 12:35:00+00:00,145.173,145.214,145.085,145.172,5762.68
2024-08-29 12:40:00+00:00,145.178,145.348,145.131,145.328,6293.41
2024-08-29 12:45:00+00:00,145.327,145.377,145.254,145.343,5150.44
2024-08-29 12:50:00+00:00,145.343,145.399,145.279,145.33,4767.34
2024-08-29 12:55:00+00:00,145.33,145.423,145.33,145.396,4773.48
2024-08-29 13:00:00+00:00,145.393,145.486,145.375,145.453,3695.27
2024-08-29 13:05:00+00:00,145.453,145.471,145.388,145.443,3876.66
2024-08-29 13:10:00+00:00,145.438,145.495,145.363,145.381,4390.56
2024-08-29 13:15:00+00:00,145.381,145.381,145.292,145.322,4204.92
2024-08-29 13:20:00+00:00,145.329,145.425,145.303,145.384,3084.63
2024-08-29 13:25:00+00:00,145.384,145.416,145.324,145.395,3680.07
2024-08-29 13:30:00+00:00,145.395,145.447,145.264,145.438,6268.07
2024-08-29 13:35:00+00:00,145.442,145.489,145.36,145.369,4798.24
2024-08-29 13:40:00+00:00,145.37,145.415,145.299,145.33,3951.06
2024-08-29 13:45:00+00:00,145.331,145.405,145.3,145.362,5377.51
2024-08-29 13:50:00+00:00,145.362,145.362,145.28,145.3,5734.95
2024-08-29 13:55:00+00:00,145.3,145.372,145.26,145.372,4891.54
2024-08-29 14:00:00+00:00,145.371,145.377,145.212,145.238,5395.24
2024-08-29 14:05:00+00:00,145.242,145.299,145.182,145.206,3868.47
2024-08-29 14:10:00+00:00,145.204,145.261,145.196,145.22,4390.41
2024-08-29 14:15:00+00:00,145.22,145.331,145.219,145.323,4357.5
2024-08-29 14:20:00+00:00,145.325,145.342,145.299,145.321,3343.35
2024-08-29 14:25:00+00:00,145.32,145.33,145.274,145.321,3799.2
2024-08-29 14:30:00+00:00,145.321,145.436,145.31,145.432,3172.89
2024-08-29 14:35:00+00:00,145.431,145.44,145.383,145.409,3848.04
2024-08-29 14:40:00+00:00,145.41,145.553,145.407,145.473,4340.81
2024-08-29 14:45:00+00:00,145.474,145.493,145.415,145.415,3741.13
2024-08-29 14:50:00+00:00,145.417,145.426,145.323,145.351,4848.52
2024-08-29 14:55:00+00:00,145.352,145.426,145.343,145.347,2753.07
2024-08-29 15:00:00+00:00,145.347,145.391,145.309,145.332,3257.14
2024-08-29 15:05:00+00:00,145.33,145.349,145.297,145.324,1575.81
2024-08-29 15:10:00+00:00,145.324,145.34,145.26,145.269,3088.36
2024-08-29 15:15:00+00:00,145.273,145.292,145.201,145.221,3584.04
2024-08-29 15:20:00+00:00,145.222,145.248,145.188,145.246,3578.88
2024-08-29 15:25:00+00:00,145.247,145.283,145.232,145.274,2532.33
2024-08-29 15:30:00+00:00,145.275,145.285,145.192,145.193,2753.43
2024-08-29 15:35:00+00:00,145.193,145.258,145.187,145.224,2753.4
2024-08-29 15:40:00+00:00,145.224,145.228,145.144,145.163,3373.2
2024-08-29 15:45:00+00:00,145.165,145.168,145.13,145.131,2358.69
2024-08-29 15:50:00+00:00,145.132,145.135,145.068,145.079,2906.05
2024-08-29 15:55:00+00:00,145.078,145.08,144.976,144.983,3266.05
2024-08-29 16:00:00+00:00,144.983,145.041,144.943,145.038,2003.85
2024-08-29 16:05:00+00:00,145.04,145.043,144.987,145.02,1396.72
2024-08-29 16:10:00+00:00,145.022,145.042,144.991,145.021,1436.85
2024-08-29 16:15:00+00:00,145.02,145.029,144.988,145.015,2121.84
2024-08-29 16:20:00+00:00,145.016,145.016,144.947,144.965,604.77
2024-08-29 16:25:00+00:00,144.963,144.969,144.901,144.904,2268.45
2024-08-29 16:30:00+00:00,144.905,144.991,144.905,144.988,2675.25
2024-08-29 16:35:00+00:00,144.988,144.989,144.938,144.954,1123.57
2024-08-29 16:40:00+00:00,144.953,144.979,144.953,144.969,823.5
2024-08-29 16:45:00+00:00,144.969,144.976,144.924,144.924,1143.0
2024-08-29 16:50:00+00:00,144.924,144.978,144.923,144.944,967.65
2024-08-29 16:55:00+00:00,144.946,145.002,144.942,145.0,2900.64
2024-08-29 17:00:00+00:00,145.002,145.017,144.949,144.979,2906.7
2024-08-29 17:05:00+00:00,144.979,144.979,144.826,144.826,1399.3
2024-08-29 17:10:00+00:00,144.828,144.883,144.827,144.881,1971.66
2024-08-29 17:15:00+00:00,144.881,144.905,144.863,144.878,669.84
2024-08-29 17:20:00+00:00,144.877,144.905,144.874,144.894,859.17
2024-08-29 17:25:00+00:00,144.896,144.9,144.856,144.862,1298.3
2024-08-29 17:30:00+00:00,144.861,144.892,144.844,144.859,729.9
2024-08-29 17:35:00+00:00,144.858,144.891,144.854,144.874,940.8
2024-08-29 17:40:00+00:00,144.874,144.875,144.826,144.867,644.7
2024-08-29 17:45:00+00:00,144.866,144.867,144.815,144.843,1625.82
2024-08-29 17:50:00+00:00,144.843,144.918,144.836,144.914,1883.19
2024-08-29 17:55:00+00:00,144.914,144.916,144.846,144.854,1329.27
2024-08-29 18:00:00+00:00,144.854,144.854,144.792,144.831,1144.44
2024-08-29 18:05:00+00:00,144.83,144.851,144.795,144.831,845.94
2024-08-29 18:10:00+00:00,144.831,144.881,144.831,144.868,1342.65
2024-08-29 18:15:00+00:00,144.868,144.89,144.851,144.879,2263.8
2024-08-29 18:20:00+00:00,144.88,144.896,144.878,144.884,743.1
2024-08-29 18:25:00+00:00,144.886,144.887,144.806,144.81,2513.09
2024-08-29 18:30:00+00:00,144.809,144.813,144.781,144.799,2265.36
2024-08-29 18:35:00+00:00,144.798,144.82,144.784,144.798,1841.22
2024-08-29 18:40:00+00:00,144.798,144.833,144.791,144.795,2136.18
2024-08-29 18:45:00+00:00,144.796,144.81,144.726,144.798,3063.21
2024-08-29 18:50:00+00:00,144.797,144.818,144.754,144.809,1529.19
2024-08-29 18:55:00+00:00,144.809,144.823,144.776,144.778,2982.27
2024-08-29 19:00:00+00:00,144.777,144.838,144.756,144.83,1821.9
2024-08-29 19:05:00+00:00,144.831,144.874,144.831,144.849,2277.3
2024-08-29 19:10:00+00:00,144.847,144.853,144.798,144.81,1270.54
2024-08-29 19:15:00+00:00,144.81,144.856,144.802,144.839,2352.9
2024-08-29 19:20:00+00:00,144.835,144.843,144.81,144.832,1950.54
2024-08-29 19:25:00+00:00,144.831,144.852,144.824,144.842,1619.55
2024-08-29 19:30:00+00:00,144.843,144.877,144.84,144.863,2336.34
2024-08-29 19:35:00+00:00,144.862,144.932,144.858,144.928,2157.75
2024-08-29 19:40:00+00:00,144.933,144.933,144.882,144.884,1686.39
2024-08-29 19:45:00+00:00,144.886,144.905,144.85,144.855,2308.79
2024-08-29 19:50:00+00:00,144.855,144.892,144.851,144.883,3346.23
2024-08-29 19:55:00+00:00,144.883,144.924,144.882,144.913,4417.41
2024-08-29 20:00:00+00:00,144.915,144.939,144.91,144.924,1444.86
2024-08-29 20:05:00+00:00,144.924,144.937,144.9,144.912,983.19
2024-08-29 20:10:00+00:00,144.916,144.948,144.914,144.943,1727.73
2024-08-29 20:15:00+00:00,144.943,144.992,144.94,144.986,1538.94
2024-08-29 20:20:00+00:00,144.988,144.988,144.944,144.944,1535.7
2024-08-29 20:25:00+00:00,144.945,144.969,144.943,144.957,1558.53
2024-08-29 20:30:00+00:00,144.957,144.976,144.952,144.969,761.88
2024-08-29 20:35:00+00:00,144.968,144.969,144.942,144.947,781.79
2024-08-29 20:40:00+00:00,144.942,144.979,144.941,144.974,1789.47
2024-08-29 20:45:00+00:00,144.976,144.991,144.973,144.986,2083.5
2024-08-29 20:50:00+00:00,144.987,144.993,144.976,144.989,1179.75
2024-08-29 20:55:00+00:00,144.989,145.011,144.953,144.954,1708.9
2024-08-29 21:00:00+00:00,144.942,144.942,144.893,144.894,10.41
2024-08-29 21:05:00+00:00,144.888,144.921,144.887,144.917,37.56
2024-08-29 21:10:00+00:00,144.926,144.926,144.88,144.92,29.76
2024-08-29 21:15:00+00:00,144.917,144.946,144.917,144.931,56.37
2024-08-29 21:20:00+00:00,144.933,144.962,144.93,144.961,37.47
2024-08-29 21:25:00+00:00,144.961,144.997,144.961,144.991,49.05
2024-08-29 21:30:00+00:00,144.991,144.996,144.938,144.953,157.89
2024-08-29 21:35:00+00:00,144.954,144.954,144.944,144.953,18.36
2024-08-29 21:40:00+00:00,144.954,144.955,144.941,144.944,21.9
2024-08-29 21:45:00+00:00,144.942,144.958,144.942,144.948,16.92
2024-08-29 21:50:00+00:00,144.948,145.019,144.947,145.018,93.09
2024-08-29 21:55:00+00:00,145.018,145.024,144.927,144.952,199.83
2024-08-29 22:00:00+00:00,144.944,145.013,144.939,144.948,285.03
2024-08-29 22:05:00+00:00,144.947,144.947,144.87,144.892,391.23
2024-08-29 22:10:00+00:00,144.894,144.908,144.859,144.863,273.3
2024-08-29 22:15:00+00:00,144.864,144.882,144.837,144.874,424.26
2024-08-29 22:20:00+00:00,144.873,144.904,144.858,144.891,244.35
2024-08-29 22:25:00+00:00,144.891,144.954,144.891,144.951,133.64
2024-08-29 22:30:00+00:00,144.951,144.973,144.944,144.962,198.45
2024-08-29 22:35:00+00:00,144.961,144.967,144.94,144.948,184.44
2024-08-29 22:40:00+00:00,144.947,144.95,144.942,144.944,74.1
2024-08-29 22:45:00+00:00,144.942,144.961,144.925,144.936,317.85
2024-08-29 22:50:00+00:00,144.937,144.943,144.921,144.923,148.28
2024-08-29 22:55:00+00:00,144.92,144.92,144.893,144.902,893.1
2024-08-29 23:00:00+00:00,144.9,144.923,144.861,144.873,888.09
2024-08-29 23:05:00+00:00,144.875,144.894,144.847,144.859,535.77
2024-08-29 23:10:00+00:00,144.858,144.908,144.857,144.902,331.53
2024-08-29 23:15:00+00:00,144.903,144.932,144.893,144.93,217.65
2024-08-29 23:20:00+00:00,144.931,144.985,144.924,144.957,353.82
2024-08-29 23:25:00+00:00,144.956,145.018,144.951,145.016,301.92
2024-08-29 23:30:00+00:00,145.018,145.018,144.833,144.988,635.51
2024-08-29 23:35:00+00:00,144.987,145.052,144.983,145.045,618.81
2024-08-29 23:40:00+00:00,145.046,145.072,145.005,145.01,499.1
2024-08-29 23:45:00+00:00,145.015,145.021,144.982,144.985,419.18
2024-08-29 23:50:00+00:00,144.985,145.012,144.891,144.926,554.97
2024-08-29 23:55:00+00:00,144.926,144.946,144.887,144.891,855.99
2024-08-30 00:00:00+00:00,144.89,144.91,144.785,144.812,1802.35
2024-08-30 00:05:00+00:00,144.811,144.825,144.755,144.799,1469.16
2024-08-30 00:10:00+00:00,144.796,144.826,144.746,144.769,1022.83
2024-08-30 00:15:00+00:00,144.769,144.841,144.769,144.831,1089.66
2024-08-30 00:20:00+00:00,144.836,144.878,144.833,144.847,1049.52
2024-08-30 00:25:00+00:00,144.847,144.866,144.787,144.857,846.22
2024-08-30 00:30:00+00:00,144.859,144.894,144.81,144.814,957.61
2024-08-30 00:35:00+00:00,144.814,144.82,144.78,144.792,974.22
2024-08-30 00:40:00+00:00,144.793,144.926,144.793,144.883,937.92
2024-08-30 00:45:00+00:00,144.878,144.882,144.833,144.835,468.48
2024-08-30 00:50:00+00:00,144.835,144.941,144.653,144.71,2002.75
2024-08-30 00:55:00+00:00,144.71,144.774,144.692,144.722,1658.73
2024-08-30 01:00:00+00:00,144.722,144.773,144.685,144.715,1119.4
2024-08-30 01:05:00+00:00,144.716,144.817,144.715,144.763,1236.66
2024-08-30 01:10:00+00:00,144.767,144.876,144.762,144.862,1344.0
2024-08-30 01:15:00+00:00,144.864,144.872,144.766,144.781,1488.21
2024-08-30 01:20:00+00:00,144.782,144.866,144.781,144.862,1588.86
2024-08-30 01:25:00+00:00,144.861,144.862,144.78,144.809,1440.42
2024-08-30 01:30:00+00:00,144.809,144.869,144.75,144.818,1743.41
2024-08-30 01:35:00+00:00,144.817,144.843,144.787,144.788,1432.41
2024-08-30 01:40:00+00:00,144.788,144.831,144.754,144.769,1108.14
2024-08-30 01:45:00+00:00,144.769,144.821,144.769,144.806,1749.61
2024-08-30 01:50:00+00:00,144.805,144.838,144.797,144.808,1344.06
2024-08-30 01:55:00+00:00,144.81,144.864,144.734,144.762,1211.13
2024-08-30 02:00:00+00:00,144.761,144.789,144.726,144.735,1286.25
2024-08-30 02:05:00+00:00,144.734,144.756,144.702,144.728,1347.72
2024-08-30 02:10:00+00:00,144.728,144.768,144.707,144.763,875.46
2024-08-30 02:15:00+00:00,144.762,144.79,144.74,144.768,824.91
2024-08-30 02:20:00+00:00,144.769,144.823,144.749,144.788,743.76
2024-08-30 02:25:00+00:00,144.788,144.843,144.785,144.794,1322.37
2024-08-30 02:30:00+00:00,144.797,144.808,144.767,144.771,995.73
2024-08-30 02:35:00+00:00,144.772,144.792,144.763,144.78,1019.16
2024-08-30 02:40:00+00:00,144.781,144.805,144.759,144.766,958.62
2024-08-30 02:45:00+00:00,144.767,144.802,144.761,144.764,715.95
2024-08-30 02:50:00+00:00,144.762,144.785,144.753,144.754,964.5
2024-08-30 02:55:00+00:00,144.756,144.777,144.753,144.77,485.37
2024-08-30 03:00:00+00:00,144.77,144.802,144.754,144.764,376.8
2024-08-30 03:05:00+00:00,144.761,144.793,144.758,144.793,314.4
2024-08-30 03:10:00+00:00,144.793,144.793,144.752,144.76,307.2
2024-08-30 03:15:00+00:00,144.762,144.774,144.752,144.773,315.45
2024-08-30 03:20:00+00:00,144.775,144.795,144.757,144.759,326.61
2024-08-30 03:25:00+00:00,144.757,144.786,144.755,144.759,338.77
2024-08-30 03:30:00+00:00,144.759,144.767,144.754,144.764,440.34
2024-08-30 03:35:00+00:00,144.765,144.775,144.755,144.757,457.5
2024-08-30 03:40:00+00:00,144.756,144.77,144.753,144.762,301.38
2024-08-30 03:45:00+00:00,144.766,144.777,144.759,144.765,357.0
2024-08-30 03:50:00+00:00,144.764,144.779,144.762,144.767,668.55
2024-08-30 03:55:00+00:00,144.767,144.805,144.762,144.792,942.45
2024-08-30 04:00:00+00:00,144.793,144.805,144.774,144.774,778.86
2024-08-30 04:05:00+00:00,144.774,144.819,144.774,144.814,177.18
2024-08-30 04:10:00+00:00,144.813,144.835,144.808,144.835,303.99
2024-08-30 04:15:00+00:00,144.833,144.853,144.809,144.833,776.19
2024-08-30 04:20:00+00:00,144.832,144.872,144.804,144.857,1096.44
2024-08-30 04:25:00+00:00,144.857,144.86,144.779,144.79,1360.68
2024-08-30 04:30:00+00:00,144.79,144.832,144.78,144.789,1285.83
2024-08-30 04:35:00+00:00,144.787,144.825,144.779,144.807,1185.24
2024-08-30 04:40:00+00:00,144.807,144.827,144.798,144.822,802.41
2024-08-30 04:45:00+00:00,144.821,144.848,144.82,144.835,1188.63
2024-08-30 04:50:00+00:00,144.836,144.871,144.827,144.87,1709.64
2024-08-30 04:55:00+00:00,144.871,144.884,144.838,144.846,823.38
2024-08-30 05:00:00+00:00,144.845,144.859,144.824,144.844,1788.64
2024-08-30 05:05:00+00:00,144.843,144.855,144.802,144.802,1474.5
2024-08-30 05:10:00+00:00,144.801,144.832,144.795,144.821,1004.52
2024-08-30 05:15:00+00:00,144.827,144.833,144.788,144.802,1290.72
2024-08-30 05:20:00+00:00,144.803,144.833,144.791,144.81,835.83
2024-08-30 05:25:00+00:00,144.809,144.836,144.807,144.82,627.0
2024-08-30 05:30:00+00:00,144.819,144.831,144.803,144.813,707.52
2024-08-30 05:35:00+00:00,144.812,144.851,144.812,144.842,1338.0
2024-08-30 05:40:00+00:00,144.842,144.864,144.84,144.862,1232.19
2024-08-30 05:45:00+00:00,144.865,144.921,144.859,144.913,1452.87
2024-08-30 05:50:00+00:00,144.915,144.944,144.877,144.888,1756.83
2024-08-30 05:55:00+00:00,144.889,144.916,144.848,144.856,1365.96
2024-08-30 06:00:00+00:00,144.867,144.939,144.867,144.928,2402.76
2024-08-30 06:05:00+00:00,144.93,144.974,144.91,144.951,3235.99
2024-08-30 06:10:00+00:00,144.952,144.952,144.921,144.935,1489.95
2024-08-30 06:15:00+00:00,144.934,144.958,144.929,144.949,1190.43
2024-08-30 06:20:00+00:00,144.948,144.999,144.941,144.984,1476.21
2024-08-30 06:25:00+00:00,144.983,145.043,144.972,145.043,2380.71
2024-08-30 06:30:00+00:00,145.044,145.09,145.018,145.037,2677.45
2024-08-30 06:35:00+00:00,145.037,145.054,145.013,145.048,2334.36
2024-08-30 06:40:00+00:00,145.046,145.073,145.031,145.036,1547.4
2024-08-30 06:45:00+00:00,145.04,145.085,145.022,145.032,2694.27
2024-08-30 06:50:00+00:00,145.033,145.051,144.976,144.999,1299.75
2024-08-30 06:55:00+00:00,145.002,145.026,144.922,144.952,1845.31
2024-08-30 07:00:00+00:00,144.953,144.988,144.93,144.984,2173.86
2024-08-30 07:05:00+00:00,144.984,145.008,144.943,144.964,2029.77
2024-08-30 07:10:00+00:00,144.964,144.999,144.944,144.952,2222.13
2024-08-30 07:15:00+00:00,144.953,144.955,144.878,144.88,1980.87
2024-08-30 07:20:00+00:00,144.878,144.904,144.861,144.864,1783.5
2024-08-30 07:25:00+00:00,144.865,144.886,144.821,144.822,1344.3
2024-08-30 07:30:00+00:00,144.821,144.86,144.815,144.838,1760.49
2024-08-30 07:35:00+00:00,144.839,144.924,144.836,144.88,1906.95
2024-08-30 07:40:00+00:00,144.88,144.948,144.87,144.946,1831.35
2024-08-30 07:45:00+00:00,144.945,144.956,144.915,144.924,2317.26
2024-08-30 07:50:00+00:00,144.924,144.925,144.886,144.913,547.26
2024-08-30 07:55:00+00:00,144.914,144.956,144.912,144.932,1383.63
2024-08-30 08:00:00+00:00,144.93,144.944,144.861,144.863,2252.92
2024-08-30 08:05:00+00:00,144.862,144.885,144.848,144.873,2058.45
2024-08-30 08:10:00+00:00,144.874,144.913,144.859,144.91,1135.71
2024-08-30 08:15:00+00:00,144.91,144.952,144.898,144.925,1677.57
2024-08-30 08:20:00+00:00,144.925,144.944,144.911,144.911,941.4
2024-08-30 08:25:00+00:00,144.913,144.969,144.895,144.967,1283.48
2024-08-30 08:30:00+00:00,144.969,145.006,144.937,144.996,1340.46
2024-08-30 08:35:00+00:00,144.994,145.039,144.984,145.023,2272.05
2024-08-30 08:40:00+00:00,145.022,145.023,144.968,145.006,1955.85
2024-08-30 08:45:00+00:00,145.004,145.016,144.987,144.996,2242.11
2024-08-30 08:50:00+00:00,144.998,145.031,144.993,145.023,1075.53
2024-08-30 08:55:00+00:00,145.024,145.134,145.024,145.117,1924.47
2024-08-30 09:00:00+00:00,145.118,145.15,145.078,145.101,2345.58
2024-08-30 09:05:00+00:00,145.101,145.105,145.018,145.027,2725.2
2024-08-30 09:10:00+00:00,145.026,145.053,145.025,145.046,2163.12
2024-08-30 09:15:00+00:00,145.045,145.095,145.034,145.066,1497.96
2024-08-30 09:20:00+00:00,145.066,145.101,145.066,145.087,1352.25
2024-08-30 09:25:00+00:00,145.088,145.096,145.075,145.09,1779.24
2024-08-30 09:30:00+00:00,145.09,145.14,145.074,145.127,1324.29
2024-08-30 09:35:00+00:00,145.127,145.131,145.08,145.08,1889.89
2024-08-30 09:40:00+00:00,145.08,145.1,145.07,145.086,1061.08
2024-08-30 09:45:00+00:00,145.086,145.125,145.072,145.119,1603.89
2024-08-30 09:50:00+00:00,145.117,145.118,145.081,145.11,1171.87
2024-08-30 09:55:00+00:00,145.111,145.139,145.103,145.131,1759.42
2024-08-30 10:00:00+00:00,145.132,145.15,145.112,145.132,2172.63
2024-08-30 10:05:00+00:00,145.133,145.145,145.107,145.133,1448.73
2024-08-30 10:10:00+00:00,145.129,145.201,145.121,145.197,1700.46
2024-08-30 10:15:00+00:00,145.196,145.251,145.188,145.235,1703.78
2024-08-30 10:20:00+00:00,145.233,145.253,145.197,145.214,2370.93
2024-08-30 10:25:00+00:00,145.214,145.244,145.181,145.182,2488.95
2024-08-30 10:30:00+00:00,145.184,145.209,145.144,145.209,2025.27
2024-08-30 10:35:00+00:00,145.207,145.207,145.177,145.182,1333.8
2024-08-30 10:40:00+00:00,145.181,145.222,145.178,145.218,496.8
2024-08-30 10:45:00+00:00,145.218,145.244,145.209,145.24,1107.78
2024-08-30 10:50:00+00:00,145.241,145.248,145.195,145.237,1344.9
2024-08-30 10:55:00+00:00,145.237,145.293,145.237,145.292,1970.31
2024-08-30 11:00:00+00:00,145.291,145.322,145.262,145.297,1917.45
2024-08-30 11:05:00+00:00,145.298,145.309,145.26,145.261,1588.35
2024-08-30 11:10:00+00:00,145.26,145.261,145.227,145.241,1333.14
2024-08-30 11:15:00+00:00,145.241,145.3,145.236,145.298,1269.51
2024-08-30 11:20:00+00:00,145.299,145.299,145.256,145.261,1105.29
2024-08-30 11:25:00+00:00,145.263,145.291,145.254,145.278,1467.57
2024-08-30 11:30:00+00:00,145.279,145.296,145.27,145.275,400.14
2024-08-30 11:35:00+00:00,145.275,145.282,145.233,145.253,1012.02
2024-08-30 11:40:00+00:00,145.252,145.286,145.239,145.273,497.4
2024-08-30 11:45:00+00:00,145.274,145.394,145.273,145.387,1732.5
2024-08-30 11:50:00+00:00,145.384,145.412,145.351,145.375,3365.54
2024-08-30 11:55:00+00:00,145.376,145.456,145.376,145.426,3426.64
2024-08-30 12:00:00+00:00,145.422,145.425,145.381,145.413,2440.77
2024-08-30 12:05:00+00:00,145.412,145.441,145.375,145.392,1637.82
2024-08-30 12:10:00+00:00,145.393,145.412,145.343,145.372,2655.72
2024-08-30 12:15:00+00:00,145.373,145.379,145.325,145.371,2077.43
2024-08-30 12:20:00+00:00,145.372,145.413,145.357,145.377,2004.15
2024-08-30 12:25:00+00:00,145.378,145.38,145.322,145.33,1713.06
2024-08-30 12:30:00+00:00,145.331,145.494,145.247,145.46,2443.22
2024-08-30 12:35:00+00:00,145.469,145.594,145.432,145.474,5764.79
2024-08-30 12:40:00+00:00,145.473,145.686,145.426,145.679,4677.27
2024-08-30 12:45:00+00:00,145.678,145.746,145.638,145.688,5069.26
2024-08-30 12:50:00+00:00,145.688,145.721,145.598,145.636,4752.17
2024-08-30 12:55:00+00:00,145.635,145.687,145.613,145.634,4576.71
2024-08-30 13:00:00+00:00,145.633,145.659,145.501,145.519,5192.08
2024-08-30 13:05:00+00:00,145.52,145.595,145.499,145.593,4663.14
2024-08-30 13:10:00+00:00,145.593,145.594,145.511,145.512,3458.1
2024-08-30 13:15:00+00:00,145.513,145.535,145.434,145.447,3435.54
2024-08-30 13:20:00+00:00,145.445,145.495,145.424,145.467,2473.08
2024-08-30 13:25:00+00:00,145.469,145.58,145.469,145.531,2894.7
2024-08-30 13:30:00+00:00,145.531,145.584,145.459,145.528,4045.5
2024-08-30 13:35:00+00:00,145.529,145.656,145.512,145.602,2769.72
2024-08-30 13:40:00+00:00,145.603,145.672,145.589,145.672,2578.4
2024-08-30 13:45:00+00:00,145.67,145.686,145.629,145.629,2425.27
2024-08-30 13:50:00+00:00,145.629,145.69,145.598,145.616,3789.3
2024-08-30 13:55:00+00:00,145.616,145.636,145.586,145.592,1581.54
2024-08-30 14:00:00+00:00,145.588,145.613,145.431,145.462,2738.34
2024-08-30 14:05:00+00:00,145.463,145.48,145.313,145.385,3689.2
2024-08-30 14:10:00+00:00,145.384,145.405,145.314,145.336,3811.98
2024-08-30 14:15:00+00:00,145.336,145.49,145.322,145.462,3166.86
2024-08-30 14:20:00+00:00,145.463,145.54,145.426,145.527,2201.46
2024-08-30 14:25:00+00:00,145.534,145.607,145.509,145.595,4158.71
2024-08-30 14:30:00+00:00,145.597,145.64,145.547,145.549,2884.14
2024-08-30 14:35:00+00:00,145.55,145.599,145.499,145.556,4032.47
2024-08-30 14:40:00+00:00,145.557,145.56,145.43,145.463,3693.1
2024-08-30 14:45:00+00:00,145.463,145.718,145.419,145.693,4885.08
2024-08-30 14:50:00+00:00,145.688,145.691,145.456,145.501,7841.39
2024-08-30 14:55:00+00:00,145.501,145.622,145.488,145.591,7386.08
2024-08-30 15:00:00+00:00,145.591,145.707,145.556,145.691,5332.22
2024-08-30 15:05:00+00:00,145.693,145.781,145.668,145.757,4683.42
2024-08-30 15:10:00+00:00,145.758,145.788,145.731,145.739,3031.48
2024-08-30 15:15:00+00:00,145.735,145.757,145.706,145.733,4061.52
2024-08-30 15:20:00+00:00,145.732,145.737,145.681,145.721,3186.08
2024-08-30 15:25:00+00:00,145.721,145.783,145.716,145.768,2469.28
2024-08-30 15:30:00+00:00,145.767,145.893,145.764,145.865,3430.38
2024-08-30 15:35:00+00:00,145.865,145.89,145.805,145.825,2698.1
2024-08-30 15:40:00+00:00,145.824,145.851,145.801,145.85,1718.17
2024-08-30 15:45:00+00:00,145.847,145.948,145.837,145.924,2423.98
2024-08-30 15:50:00+00:00,145.924,145.969,145.915,145.965,1347.16
2024-08-30 15:55:00+00:00,145.964,145.967,145.92,145.954,3706.42
2024-08-30 16:00:00+00:00,145.955,145.963,145.908,145.934,2896.0
2024-08-30 16:05:00+00:00,145.935,145.967,145.925,145.964,2105.54
2024-08-30 16:10:00+00:00,145.963,145.97,145.938,145.97,960.89
2024-08-30 16:15:00+00:00,145.974,146.091,145.965,146.061,2558.45
2024-08-30 16:20:00+00:00,146.059,146.113,146.006,146.109,2490.65
2024-08-30 16:25:00+00:00,146.111,146.113,146.064,146.071,2305.9
2024-08-30 16:30:00+00:00,146.071,146.111,146.06,146.105,1825.62
2024-08-30 16:35:00+00:00,146.103,146.158,146.099,146.123,3387.92
2024-08-30 16:40:00+00:00,146.123,146.17,146.112,146.159,2125.17
2024-08-30 16:45:00+00:00,146.156,146.164,146.101,146.123,2290.26
2024-08-30 16:50:00+00:00,146.123,146.245,146.123,146.244,2470.86
2024-08-30 16:55:00+00:00,146.244,146.246,146.199,146.223,3076.74
2024-08-30 17:00:00+00:00,146.224,146.243,146.176,146.178,2378.37
2024-08-30 17:05:00+00:00,146.178,146.201,146.155,146.159,3205.11
2024-08-30 17:10:00+00:00,146.159,146.174,146.118,146.14,2528.85
2024-08-30 17:15:00+00:00,146.141,146.158,146.08,146.091,2153.7
2024-08-30 17:20:00+00:00,146.09,146.147,146.07,146.146,2073.69
2024-08-30 17:25:00+00:00,146.146,146.207,146.135,146.199,1648.41
2024-08-30 17:30:00+00:00,146.197,146.197,146.142,146.148,1940.88
2024-08-30 17:35:00+00:00,146.151,146.165,146.12,146.165,1637.83
2024-08-30 17:40:00+00:00,146.166,146.19,146.155,146.164,1089.93
2024-08-30 17:45:00+00:00,146.163,146.163,146.114,146.116,1907.58
2024-08-30 17:50:00+00:00,146.117,146.17,146.113,146.148,930.0
2024-08-30 17:55:00+00:00,146.147,146.168,146.126,146.152,1155.21
2024-08-30 18:00:00+00:00,146.151,146.159,146.135,146.145,1202.1
2024-08-30 18:05:00+00:00,146.145,146.174,146.135,146.141,1202.7
2024-08-30 18:10:00+00:00,146.14,146.168,146.133,146.136,1524.3
2024-08-30 18:15:00+00:00,146.137,146.138,146.065,146.069,1229.4
2024-08-30 18:20:00+00:00,146.069,146.108,146.049,146.095,1444.89
2024-08-30 18:25:00+00:00,146.098,146.133,146.092,146.106,844.14
2024-08-30 18:30:00+00:00,146.105,146.14,146.105,146.128,617.4
2024-08-30 18:35:00+00:00,146.128,146.136,146.08,146.095,714.9
2024-08-30 18:40:00+00:00,146.096,146.126,146.096,146.117,934.08
2024-08-30 18:45:00+00:00,146.117,146.129,146.101,146.113,1342.68
2024-08-30 18:50:00+00:00,146.112,146.15,146.112,146.149,1679.94
2024-08-30 18:55:00+00:00,146.147,146.15,146.088,146.093,2040.77
2024-08-30 19:00:00+00:00,146.095,146.159,146.095,146.155,1171.57
2024-08-30 19:05:00+00:00,146.155,146.155,146.13,146.13,236.4
2024-08-30 19:10:00+00:00,146.128,146.128,146.069,146.071,810.45
2024-08-30 19:15:00+00:00,146.071,146.108,146.068,146.105,809.22
2024-08-30 19:20:00+00:00,146.104,146.107,146.073,146.1,898.77
2024-08-30 19:25:00+00:00,146.1,146.107,146.085,146.092,676.32
2024-08-30 19:30:00+00:00,146.093,146.114,146.089,146.106,876.54
2024-08-30 19:35:00+00:00,146.106,146.111,146.081,146.083,848.64
2024-08-30 19:40:00+00:00,146.084,146.139,146.083,146.128,1019.4
2024-08-30 19:45:00+00:00,146.127,146.158,146.127,146.149,1073.7
2024-08-30 19:50:00+00:00,146.149,146.18,146.134,146.137,1878.21
2024-08-30 19:55:00+00:00,146.144,146.245,146.144,146.183,2121.15
2024-08-30 20:00:00+00:00,146.184,146.206,146.136,146.137,1068.51
2024-08-30 20:05:00+00:00,146.137,146.148,146.114,146.136,721.2
2024-08-30 20:10:00+00:00,146.135,146.138,146.11,146.113,365.49
2024-08-30 20:15:00+00:00,146.111,146.135,146.088,146.134,491.16
2024-08-30 20:20:00+00:00,146.132,146.135,146.112,146.126,240.87
2024-08-30 20:25:00+00:00,146.125,146.136,146.124,146.134,430.32
2024-08-30 20:30:00+00:00,146.131,146.155,146.131,146.145,318.6
2024-08-30 20:35:00+00:00,146.146,146.148,146.119,146.12,369.99
2024-08-30 20:40:00+00:00,146.12,146.203,146.12,146.194,630.59
2024-08-30 20:45:00+00:00,146.195,146.201,146.177,146.201,404.85
2024-08-30 20:50:00+00:00,146.201,146.21,146.185,146.201,835.05
2024-08-30 20:55:00+00:00,146.2,146.212,146.106,146.113,2863.92
