datetime_utc,open,high,low,close,volume
2023-04-30 21:00:00+00:00,136.105,136.109,136.105,136.109,4.8
2023-04-30 21:05:00+00:00,136.11,136.185,136.109,136.138,33.9
2023-04-30 21:10:00+00:00,136.12,136.185,136.12,136.15,13.8
2023-04-30 21:15:00+00:00,136.19,136.204,136.138,136.15,6.72
2023-04-30 21:20:00+00:00,136.155,136.216,136.155,136.187,4.17
2023-04-30 21:25:00+00:00,136.155,136.208,136.135,136.135,2.67
2023-04-30 21:30:00+00:00,136.221,136.25,136.145,136.145,11.37
2023-04-30 21:35:00+00:00,136.244,136.245,136.145,136.245,3.54
2023-04-30 21:40:00+00:00,136.244,136.28,136.164,136.28,52.68
2023-04-30 21:45:00+00:00,136.28,136.331,136.266,136.314,31.62
2023-04-30 21:50:00+00:00,136.31,136.32,136.269,136.295,11.97
2023-04-30 21:55:00+00:00,136.295,136.295,136.154,136.192,71.16
2023-04-30 22:00:00+00:00,136.195,136.33,136.155,136.282,1195.94
2023-04-30 22:05:00+00:00,136.283,136.293,136.249,136.251,408.35
2023-04-30 22:10:00+00:00,136.248,136.281,136.224,136.243,2491.32
2023-04-30 22:15:00+00:00,136.245,136.283,136.194,136.205,2364.74
2023-04-30 22:20:00+00:00,136.206,136.237,136.199,136.232,1702.67
2023-04-30 22:25:00+00:00,136.232,136.287,136.196,136.233,2442.25
2023-04-30 22:30:00+00:00,136.232,136.259,136.21,136.212,1509.74
2023-04-30 22:35:00+00:00,136.216,136.241,136.188,136.203,1571.14
2023-04-30 22:40:00+00:00,136.203,136.238,136.2,136.211,1629.07
2023-04-30 22:45:00+00:00,136.208,136.247,136.198,136.216,1082.48
2023-04-30 22:50:00+00:00,136.215,136.238,136.197,136.219,891.31
2023-04-30 22:55:00+00:00,136.219,136.245,136.207,136.214,1953.95
2023-04-30 23:00:00+00:00,136.211,136.28,136.207,136.274,2691.87
2023-04-30 23:05:00+00:00,136.276,136.344,136.276,136.296,2598.25
2023-04-30 23:10:00+00:00,136.296,136.369,136.279,136.356,1599.11
2023-04-30 23:15:00+00:00,136.356,136.357,136.32,136.347,462.88
2023-04-30 23:20:00+00:00,136.347,136.431,136.344,136.422,788.09
2023-04-30 23:25:00+00:00,136.427,136.429,136.372,136.377,579.45
2023-04-30 23:30:00+00:00,136.377,136.425,136.365,136.421,547.4
2023-04-30 23:35:00+00:00,136.42,136.434,136.396,136.43,511.8
2023-04-30 23:40:00+00:00,136.43,136.431,136.393,136.401,503.12
2023-04-30 23:45:00+00:00,136.401,136.431,136.352,136.412,596.2
2023-04-30 23:50:00+00:00,136.412,136.432,136.412,136.421,862.35
2023-04-30 23:55:00+00:00,136.422,136.423,136.376,136.405,1185.71
2023-05-01 00:00:00+00:00,136.404,136.44,136.254,136.264,3113.06
2023-05-01 00:05:00+00:00,136.265,136.342,136.265,136.332,1972.65
2023-05-01 00:10:00+00:00,136.33,136.442,136.324,136.442,1220.63
2023-05-01 00:15:00+00:00,136.447,136.606,136.436,136.59,2831.21
2023-05-01 00:20:00+00:00,136.59,136.716,136.578,136.643,2759.69
2023-05-01 00:25:00+00:00,136.642,136.775,136.641,136.72,2454.23
2023-05-01 00:30:00+00:00,136.722,136.78,136.683,136.691,2260.77
2023-05-01 00:35:00+00:00,136.689,136.717,136.645,136.674,1306.09
2023-05-01 00:40:00+00:00,136.675,136.684,136.627,136.682,1061.99
2023-05-01 00:45:00+00:00,136.681,136.7,136.617,136.664,1241.88
2023-05-01 00:50:00+00:00,136.664,136.72,136.581,136.669,2743.8
2023-05-01 00:55:00+00:00,136.67,136.684,136.626,136.659,3695.35
2023-05-01 01:00:00+00:00,136.661,136.674,136.563,136.599,2799.5
2023-05-01 01:05:00+00:00,136.597,136.664,136.597,136.632,2078.85
2023-05-01 01:10:00+00:00,136.633,136.645,136.57,136.599,2441.43
2023-05-01 01:15:00+00:00,136.6,136.627,136.574,136.627,1856.81
2023-05-01 01:20:00+00:00,136.627,136.678,136.616,136.644,2208.5
2023-05-01 01:25:00+00:00,136.644,136.668,136.633,136.654,2030.11
2023-05-01 01:30:00+00:00,136.655,136.691,136.65,136.666,1494.61
2023-05-01 01:35:00+00:00,136.667,136.667,136.618,136.622,1702.83
2023-05-01 01:40:00+00:00,136.623,136.644,136.582,136.644,2177.81
2023-05-01 01:45:00+00:00,136.645,136.664,136.625,136.663,1440.99
2023-05-01 01:50:00+00:00,136.663,136.719,136.661,136.681,2085.6
2023-05-01 01:55:00+00:00,136.682,136.682,136.647,136.669,1536.09
2023-05-01 02:00:00+00:00,136.669,136.702,136.647,136.694,781.65
2023-05-01 02:05:00+00:00,136.694,136.745,136.694,136.735,2085.3
2023-05-01 02:10:00+00:00,136.737,136.783,136.728,136.767,1727.15
2023-05-01 02:15:00+00:00,136.768,136.799,136.764,136.782,1218.18
2023-05-01 02:20:00+00:00,136.784,136.785,136.744,136.754,1375.14
2023-05-01 02:25:00+00:00,136.756,136.82,136.74,136.802,1179.37
2023-05-01 02:30:00+00:00,136.803,136.811,136.745,136.765,1493.11
2023-05-01 02:35:00+00:00,136.763,136.783,136.744,136.771,1065.77
2023-05-01 02:40:00+00:00,136.773,136.776,136.735,136.774,1339.23
2023-05-01 02:45:00+00:00,136.781,136.871,136.775,136.864,1922.84
2023-05-01 02:50:00+00:00,136.865,136.914,136.865,136.874,1959.66
2023-05-01 02:55:00+00:00,136.873,136.917,136.866,136.869,1665.44
2023-05-01 03:00:00+00:00,136.874,136.914,136.865,136.876,2115.94
2023-05-01 03:05:00+00:00,136.88,136.882,136.84,136.841,1816.25
2023-05-01 03:10:00+00:00,136.841,136.847,136.82,136.822,1706.55
2023-05-01 03:15:00+00:00,136.82,136.822,136.802,136.817,1366.7
2023-05-01 03:20:00+00:00,136.818,136.818,136.773,136.806,1586.06
2023-05-01 03:25:00+00:00,136.808,136.84,136.807,136.829,829.51
2023-05-01 03:30:00+00:00,136.829,136.904,136.828,136.876,1741.62
2023-05-01 03:35:00+00:00,136.874,136.893,136.868,136.869,1099.67
2023-05-01 03:40:00+00:00,136.868,136.884,136.847,136.865,1564.25
2023-05-01 03:45:00+00:00,136.864,136.945,136.855,136.914,1836.1
2023-05-01 03:50:00+00:00,136.914,136.938,136.914,136.934,862.87
2023-05-01 03:55:00+00:00,136.934,136.94,136.872,136.878,1762.39
2023-05-01 04:00:00+00:00,136.877,136.92,136.863,136.895,1567.45
2023-05-01 04:05:00+00:00,136.894,136.921,136.879,136.892,1878.66
2023-05-01 04:10:00+00:00,136.894,136.917,136.871,136.873,2184.55
2023-05-01 04:15:00+00:00,136.874,136.903,136.844,136.848,2219.24
2023-05-01 04:20:00+00:00,136.848,136.864,136.837,136.849,1936.12
2023-05-01 04:25:00+00:00,136.849,136.872,136.837,136.839,1812.84
2023-05-01 04:30:00+00:00,136.838,136.844,136.816,136.838,1145.68
2023-05-01 04:35:00+00:00,136.836,136.858,136.818,136.826,1660.61
2023-05-01 04:40:00+00:00,136.827,136.836,136.792,136.812,965.63
2023-05-01 04:45:00+00:00,136.81,136.892,136.801,136.877,991.91
2023-05-01 04:50:00+00:00,136.876,136.922,136.866,136.885,1574.81
2023-05-01 04:55:00+00:00,136.887,136.893,136.845,136.851,1008.65
2023-05-01 05:00:00+00:00,136.85,136.87,136.838,136.859,739.8
2023-05-01 05:05:00+00:00,136.861,136.867,136.83,136.856,1453.64
2023-05-01 05:10:00+00:00,136.857,136.875,136.832,136.855,1220.85
2023-05-01 05:15:00+00:00,136.856,136.881,136.852,136.864,926.85
2023-05-01 05:20:00+00:00,136.864,136.895,136.854,136.874,1811.13
2023-05-01 05:25:00+00:00,136.874,136.935,136.865,136.926,1402.37
2023-05-01 05:30:00+00:00,136.926,136.939,136.891,136.932,1485.29
2023-05-01 05:35:00+00:00,136.932,136.932,136.889,136.895,944.15
2023-05-01 05:40:00+00:00,136.897,136.899,136.88,136.896,1346.04
2023-05-01 05:45:00+00:00,136.897,136.901,136.866,136.878,798.91
2023-05-01 05:50:00+00:00,136.881,136.915,136.874,136.913,1100.8
2023-05-01 05:55:00+00:00,136.912,136.939,136.903,136.908,1306.62
2023-05-01 06:00:00+00:00,136.91,136.946,136.908,136.914,2102.86
2023-05-01 06:05:00+00:00,136.914,136.963,136.913,136.946,1835.94
2023-05-01 06:10:00+00:00,136.947,136.948,136.919,136.922,1586.25
2023-05-01 06:15:00+00:00,136.922,136.94,136.922,136.924,1252.02
2023-05-01 06:20:00+00:00,136.925,136.971,136.903,136.963,1002.34
2023-05-01 06:25:00+00:00,136.964,136.968,136.932,136.941,1361.64
2023-05-01 06:30:00+00:00,136.941,136.964,136.936,136.96,816.97
2023-05-01 06:35:00+00:00,136.96,136.966,136.939,136.959,1013.71
2023-05-01 06:40:00+00:00,136.959,136.982,136.939,136.942,1608.92
2023-05-01 06:45:00+00:00,136.942,136.956,136.924,136.938,708.7
2023-05-01 06:50:00+00:00,136.939,136.941,136.928,136.933,744.48
2023-05-01 06:55:00+00:00,136.937,136.94,136.888,136.907,1994.73
2023-05-01 07:00:00+00:00,136.907,136.907,136.83,136.882,3174.27
2023-05-01 07:05:00+00:00,136.882,136.885,136.829,136.847,1577.75
2023-05-01 07:10:00+00:00,136.848,136.866,136.782,136.798,2147.34
2023-05-01 07:15:00+00:00,136.797,136.822,136.688,136.695,2266.23
2023-05-01 07:20:00+00:00,136.695,136.735,136.681,136.714,2615.21
2023-05-01 07:25:00+00:00,136.714,136.9,136.714,136.821,3680.32
2023-05-01 07:30:00+00:00,136.823,136.858,136.776,136.781,2521.99
2023-05-01 07:35:00+00:00,136.781,136.849,136.762,136.844,1921.07
2023-05-01 07:40:00+00:00,136.845,136.871,136.786,136.795,2665.7
2023-05-01 07:45:00+00:00,136.796,136.801,136.731,136.765,2378.09
2023-05-01 07:50:00+00:00,136.766,136.835,136.74,136.752,2322.88
2023-05-01 07:55:00+00:00,136.751,136.754,136.706,136.715,2635.54
2023-05-01 08:00:00+00:00,136.716,136.775,136.706,136.75,2773.37
2023-05-01 08:05:00+00:00,136.748,136.821,136.734,136.804,2916.76
2023-05-01 08:10:00+00:00,136.805,136.805,136.762,136.778,2320.05
2023-05-01 08:15:00+00:00,136.779,136.789,136.749,136.76,2214.76
2023-05-01 08:20:00+00:00,136.76,136.784,136.744,136.769,1855.89
2023-05-01 08:25:00+00:00,136.768,136.8,136.768,136.79,1618.67
2023-05-01 08:30:00+00:00,136.795,136.818,136.765,136.782,2918.13
2023-05-01 08:35:00+00:00,136.78,136.795,136.764,136.78,2335.87
2023-05-01 08:40:00+00:00,136.781,136.797,136.752,136.774,2104.51
2023-05-01 08:45:00+00:00,136.779,136.785,136.743,136.778,1899.21
2023-05-01 08:50:00+00:00,136.779,136.824,136.777,136.782,1723.0
2023-05-01 08:55:00+00:00,136.781,136.789,136.736,136.782,1573.84
2023-05-01 09:00:00+00:00,136.783,136.843,136.782,136.809,2133.73
2023-05-01 09:05:00+00:00,136.809,136.826,136.782,136.784,1515.37
2023-05-01 09:10:00+00:00,136.783,136.785,136.748,136.761,2159.59
2023-05-01 09:15:00+00:00,136.761,136.791,136.733,136.742,2239.14
2023-05-01 09:20:00+00:00,136.743,136.757,136.693,136.706,2213.68
2023-05-01 09:25:00+00:00,136.706,136.715,136.684,136.707,1894.31
2023-05-01 09:30:00+00:00,136.707,136.725,136.691,136.702,2229.26
2023-05-01 09:35:00+00:00,136.705,136.742,136.705,136.731,1926.35
2023-05-01 09:40:00+00:00,136.732,136.744,136.706,136.719,1657.14
2023-05-01 09:45:00+00:00,136.718,136.752,136.694,136.741,2341.77
2023-05-01 09:50:00+00:00,136.738,136.753,136.717,136.748,2103.41
2023-05-01 09:55:00+00:00,136.747,136.748,136.718,136.719,1336.49
2023-05-01 10:00:00+00:00,136.72,136.737,136.679,136.682,1527.02
2023-05-01 10:05:00+00:00,136.685,136.685,136.573,136.586,2425.67
2023-05-01 10:10:00+00:00,136.586,136.622,136.577,136.621,1770.3
2023-05-01 10:15:00+00:00,136.62,136.642,136.6,136.633,2253.37
2023-05-01 10:20:00+00:00,136.633,136.642,136.598,136.622,1520.89
2023-05-01 10:25:00+00:00,136.622,136.651,136.606,136.614,2031.4
2023-05-01 10:30:00+00:00,136.613,136.654,136.613,136.642,1591.8
2023-05-01 10:35:00+00:00,136.642,136.65,136.616,136.632,1209.97
2023-05-01 10:40:00+00:00,136.632,136.66,136.615,136.623,811.56
2023-05-01 10:45:00+00:00,136.623,136.692,136.615,136.69,1223.1
2023-05-01 10:50:00+00:00,136.69,136.695,136.662,136.662,988.07
2023-05-01 10:55:00+00:00,136.664,136.68,136.646,136.661,1367.1
2023-05-01 11:00:00+00:00,136.66,136.68,136.653,136.66,1446.74
2023-05-01 11:05:00+00:00,136.658,136.682,136.613,136.682,1834.17
2023-05-01 11:10:00+00:00,136.683,136.764,136.681,136.752,2069.27
2023-05-01 11:15:00+00:00,136.753,136.753,136.716,136.74,1377.46
2023-05-01 11:20:00+00:00,136.741,136.756,136.726,136.733,1529.47
2023-05-01 11:25:00+00:00,136.735,136.76,136.726,136.756,1605.82
2023-05-01 11:30:00+00:00,136.756,136.773,136.753,136.77,1415.76
2023-05-01 11:35:00+00:00,136.769,136.77,136.75,136.755,1791.6
2023-05-01 11:40:00+00:00,136.756,136.768,136.726,136.762,1418.4
2023-05-01 11:45:00+00:00,136.763,136.856,136.763,136.855,2828.16
2023-05-01 11:50:00+00:00,136.855,136.889,136.834,136.852,2360.06
2023-05-01 11:55:00+00:00,136.852,136.852,136.81,136.815,1443.07
2023-05-01 12:00:00+00:00,136.816,136.863,136.815,136.839,2041.75
2023-05-01 12:05:00+00:00,136.838,136.852,136.814,136.821,1726.18
2023-05-01 12:10:00+00:00,136.821,136.844,136.787,136.788,2357.65
2023-05-01 12:15:00+00:00,136.788,136.86,136.777,136.845,2450.66
2023-05-01 12:20:00+00:00,136.846,136.864,136.799,136.828,3203.74
2023-05-01 12:25:00+00:00,136.827,136.862,136.8,136.842,2383.89
2023-05-01 12:30:00+00:00,136.841,136.845,136.789,136.824,2734.32
2023-05-01 12:35:00+00:00,136.823,136.839,136.751,136.789,3553.03
2023-05-01 12:40:00+00:00,136.789,136.807,136.741,136.745,3215.91
2023-05-01 12:45:00+00:00,136.745,136.82,136.74,136.804,3898.82
2023-05-01 12:50:00+00:00,136.803,136.805,136.75,136.753,3478.52
2023-05-01 12:55:00+00:00,136.752,136.771,136.722,136.751,3504.08
2023-05-01 13:00:00+00:00,136.751,136.778,136.704,136.743,4646.93
2023-05-01 13:05:00+00:00,136.743,136.805,136.74,136.797,2591.55
2023-05-01 13:10:00+00:00,136.799,136.799,136.743,136.778,1917.35
2023-05-01 13:15:00+00:00,136.777,136.782,136.754,136.76,1222.45
2023-05-01 13:20:00+00:00,136.761,136.81,136.759,136.802,2179.0
2023-05-01 13:25:00+00:00,136.801,136.822,136.781,136.808,2015.54
2023-05-01 13:30:00+00:00,136.809,136.842,136.782,136.817,2770.4
2023-05-01 13:35:00+00:00,136.818,136.843,136.776,136.778,2520.66
2023-05-01 13:40:00+00:00,136.779,136.817,136.778,136.813,3029.65
2023-05-01 13:45:00+00:00,136.813,136.828,136.785,136.809,2555.48
2023-05-01 13:50:00+00:00,136.809,136.818,136.788,136.815,2089.04
2023-05-01 13:55:00+00:00,136.815,136.847,136.784,136.822,3167.5
2023-05-01 14:00:00+00:00,136.828,137.121,136.828,137.102,6733.83
2023-05-01 14:05:00+00:00,137.109,137.185,137.063,137.109,5217.55
2023-05-01 14:10:00+00:00,137.112,137.255,137.099,137.217,4055.09
2023-05-01 14:15:00+00:00,137.217,137.22,137.141,137.154,4330.82
2023-05-01 14:20:00+00:00,137.153,137.173,137.087,137.1,4177.66
2023-05-01 14:25:00+00:00,137.1,137.148,137.074,137.106,3471.12
2023-05-01 14:30:00+00:00,137.108,137.161,137.085,137.145,2717.42
2023-05-01 14:35:00+00:00,137.144,137.148,137.067,137.138,3624.45
2023-05-01 14:40:00+00:00,137.137,137.219,137.132,137.182,3442.39
2023-05-01 14:45:00+00:00,137.191,137.266,137.175,137.216,4085.52
2023-05-01 14:50:00+00:00,137.217,137.243,137.171,137.196,3124.48
2023-05-01 14:55:00+00:00,137.195,137.304,137.19,137.275,3576.22
2023-05-01 15:00:00+00:00,137.277,137.362,137.277,137.317,4805.42
2023-05-01 15:05:00+00:00,137.318,137.394,137.312,137.376,3181.99
2023-05-01 15:10:00+00:00,137.376,137.409,137.368,137.372,2768.97
2023-05-01 15:15:00+00:00,137.371,137.406,137.315,137.352,2669.28
2023-05-01 15:20:00+00:00,137.352,137.355,137.281,137.302,2389.04
2023-05-01 15:25:00+00:00,137.302,137.308,137.275,137.292,2270.93
2023-05-01 15:30:00+00:00,137.292,137.347,137.289,137.347,1302.32
2023-05-01 15:35:00+00:00,137.346,137.354,137.306,137.309,2107.67
2023-05-01 15:40:00+00:00,137.31,137.346,137.308,137.335,1800.4
2023-05-01 15:45:00+00:00,137.335,137.357,137.307,137.355,1868.72
2023-05-01 15:50:00+00:00,137.355,137.36,137.32,137.358,1969.93
2023-05-01 15:55:00+00:00,137.359,137.366,137.34,137.354,1312.95
2023-05-01 16:00:00+00:00,137.354,137.357,137.31,137.346,1632.41
2023-05-01 16:05:00+00:00,137.346,137.419,137.344,137.402,1321.54
2023-05-01 16:10:00+00:00,137.4,137.419,137.389,137.402,1206.4
2023-05-01 16:15:00+00:00,137.402,137.449,137.399,137.437,1715.16
2023-05-01 16:20:00+00:00,137.439,137.456,137.431,137.44,1748.96
2023-05-01 16:25:00+00:00,137.446,137.46,137.429,137.439,1732.69
2023-05-01 16:30:00+00:00,137.438,137.484,137.437,137.438,1555.09
2023-05-01 16:35:00+00:00,137.439,137.454,137.428,137.432,1369.67
2023-05-01 16:40:00+00:00,137.432,137.446,137.428,137.437,1518.2
2023-05-01 16:45:00+00:00,137.439,137.47,137.43,137.442,1791.65
2023-05-01 16:50:00+00:00,137.444,137.466,137.437,137.459,1776.46
2023-05-01 16:55:00+00:00,137.459,137.477,137.445,137.473,1783.19
2023-05-01 17:00:00+00:00,137.474,137.474,137.379,137.43,1772.2
2023-05-01 17:05:00+00:00,137.428,137.471,137.421,137.457,1277.92
2023-05-01 17:10:00+00:00,137.457,137.462,137.425,137.433,1246.91
2023-05-01 17:15:00+00:00,137.432,137.441,137.396,137.396,1408.71
2023-05-01 17:20:00+00:00,137.395,137.419,137.391,137.41,1328.54
2023-05-01 17:25:00+00:00,137.411,137.424,137.401,137.402,813.76
2023-05-01 17:30:00+00:00,137.403,137.45,137.403,137.441,896.22
2023-05-01 17:35:00+00:00,137.442,137.442,137.427,137.427,609.16
2023-05-01 17:40:00+00:00,137.43,137.445,137.405,137.44,879.17
2023-05-01 17:45:00+00:00,137.44,137.44,137.387,137.396,371.59
2023-05-01 17:50:00+00:00,137.395,137.395,137.368,137.374,1095.57
2023-05-01 17:55:00+00:00,137.374,137.392,137.372,137.387,817.8
2023-05-01 18:00:00+00:00,137.388,137.408,137.377,137.401,838.1
2023-05-01 18:05:00+00:00,137.403,137.432,137.401,137.431,889.65
2023-05-01 18:10:00+00:00,137.432,137.437,137.386,137.389,1011.19
2023-05-01 18:15:00+00:00,137.391,137.413,137.387,137.409,1066.52
2023-05-01 18:20:00+00:00,137.409,137.456,137.407,137.453,1656.3
2023-05-01 18:25:00+00:00,137.453,137.474,137.446,137.469,1263.86
2023-05-01 18:30:00+00:00,137.47,137.484,137.44,137.44,1087.05
2023-05-01 18:35:00+00:00,137.439,137.461,137.439,137.441,1167.88
2023-05-01 18:40:00+00:00,137.439,137.481,137.439,137.478,1255.86
2023-05-01 18:45:00+00:00,137.478,137.481,137.458,137.458,825.95
2023-05-01 18:50:00+00:00,137.458,137.465,137.439,137.448,1489.03
2023-05-01 18:55:00+00:00,137.447,137.475,137.446,137.464,1373.19
2023-05-01 19:00:00+00:00,137.464,137.476,137.45,137.474,899.76
2023-05-01 19:05:00+00:00,137.473,137.488,137.445,137.481,1751.4
2023-05-01 19:10:00+00:00,137.481,137.486,137.476,137.482,992.63
2023-05-01 19:15:00+00:00,137.484,137.518,137.483,137.505,848.55
2023-05-01 19:20:00+00:00,137.505,137.509,137.483,137.487,560.76
2023-05-01 19:25:00+00:00,137.484,137.495,137.48,137.489,686.44
2023-05-01 19:30:00+00:00,137.489,137.515,137.489,137.504,770.97
2023-05-01 19:35:00+00:00,137.504,137.528,137.504,137.522,1226.05
2023-05-01 19:40:00+00:00,137.522,137.523,137.458,137.486,2003.99
2023-05-01 19:45:00+00:00,137.486,137.526,137.483,137.524,1161.6
2023-05-01 19:50:00+00:00,137.524,137.535,137.507,137.524,1372.26
2023-05-01 19:55:00+00:00,137.523,137.539,137.476,137.498,1434.22
2023-05-01 20:00:00+00:00,137.5,137.504,137.468,137.478,498.21
2023-05-01 20:05:00+00:00,137.477,137.505,137.47,137.489,1694.81
2023-05-01 20:10:00+00:00,137.486,137.504,137.479,137.496,2194.83
2023-05-01 20:15:00+00:00,137.496,137.508,137.487,137.503,1276.3
2023-05-01 20:20:00+00:00,137.502,137.517,137.497,137.501,693.87
2023-05-01 20:25:00+00:00,137.501,137.501,137.484,137.488,951.13
2023-05-01 20:30:00+00:00,137.488,137.49,137.466,137.468,394.95
2023-05-01 20:35:00+00:00,137.468,137.469,137.452,137.457,502.38
2023-05-01 20:40:00+00:00,137.457,137.479,137.456,137.475,316.17
2023-05-01 20:45:00+00:00,137.475,137.485,137.456,137.474,772.92
2023-05-01 20:50:00+00:00,137.472,137.478,137.44,137.458,1388.25
2023-05-01 20:55:00+00:00,137.457,137.473,137.456,137.47,357.72
2023-05-01 21:00:00+00:00,137.467,137.494,137.467,137.492,19.8
2023-05-01 21:05:00+00:00,137.492,137.492,137.467,137.469,172.2
2023-05-01 21:10:00+00:00,137.471,137.471,137.378,137.431,172.96
2023-05-01 21:15:00+00:00,137.412,137.483,137.404,137.454,451.66
2023-05-01 21:20:00+00:00,137.443,137.48,137.431,137.451,168.7
2023-05-01 21:25:00+00:00,137.452,137.472,137.449,137.472,37.5
2023-05-01 21:30:00+00:00,137.481,137.481,137.469,137.471,57.54
2023-05-01 21:35:00+00:00,137.472,137.476,137.472,137.474,63.09
2023-05-01 21:40:00+00:00,137.474,137.474,137.473,137.474,94.95
2023-05-01 21:45:00+00:00,137.473,137.475,137.471,137.472,210.13
2023-05-01 21:50:00+00:00,137.472,137.473,137.46,137.461,62.86
2023-05-01 21:55:00+00:00,137.461,137.475,137.457,137.472,69.51
2023-05-01 22:00:00+00:00,137.468,137.481,137.444,137.48,188.38
2023-05-01 22:05:00+00:00,137.48,137.485,137.434,137.447,360.37
2023-05-01 22:10:00+00:00,137.448,137.454,137.426,137.431,761.84
2023-05-01 22:15:00+00:00,137.431,137.435,137.407,137.409,1273.13
2023-05-01 22:20:00+00:00,137.411,137.436,137.408,137.411,841.3
2023-05-01 22:25:00+00:00,137.41,137.448,137.41,137.438,364.05
2023-05-01 22:30:00+00:00,137.438,137.448,137.418,137.439,489.3
2023-05-01 22:35:00+00:00,137.443,137.451,137.441,137.448,153.0
2023-05-01 22:40:00+00:00,137.449,137.47,137.446,137.461,265.8
2023-05-01 22:45:00+00:00,137.461,137.462,137.437,137.458,424.8
2023-05-01 22:50:00+00:00,137.458,137.46,137.446,137.454,299.74
2023-05-01 22:55:00+00:00,137.455,137.459,137.427,137.429,500.46
2023-05-01 23:00:00+00:00,137.431,137.449,137.422,137.439,1217.41
2023-05-01 23:05:00+00:00,137.439,137.491,137.437,137.468,1031.19
2023-05-01 23:10:00+00:00,137.467,137.533,137.46,137.496,1918.16
2023-05-01 23:15:00+00:00,137.497,137.51,137.475,137.487,685.35
2023-05-01 23:20:00+00:00,137.495,137.506,137.484,137.493,674.54
2023-05-01 23:25:00+00:00,137.492,137.515,137.486,137.494,1839.45
2023-05-01 23:30:00+00:00,137.496,137.532,137.495,137.526,730.82
2023-05-01 23:35:00+00:00,137.526,137.572,137.517,137.562,1420.53
2023-05-01 23:40:00+00:00,137.564,137.576,137.545,137.552,970.31
2023-05-01 23:45:00+00:00,137.551,137.56,137.521,137.532,1313.35
2023-05-01 23:50:00+00:00,137.533,137.549,137.509,137.515,1040.57
2023-05-01 23:55:00+00:00,137.516,137.543,137.513,137.522,774.23
2023-05-02 00:00:00+00:00,137.521,137.528,137.439,137.452,2707.1
2023-05-02 00:05:00+00:00,137.452,137.462,137.365,137.373,2026.18
2023-05-02 00:10:00+00:00,137.373,137.387,137.331,137.336,2401.35
2023-05-02 00:15:00+00:00,137.337,137.374,137.33,137.35,2130.87
2023-05-02 00:20:00+00:00,137.351,137.361,137.327,137.354,1638.44
2023-05-02 00:25:00+00:00,137.354,137.354,137.29,137.339,1477.47
2023-05-02 00:30:00+00:00,137.338,137.404,137.317,137.401,1337.16
2023-05-02 00:35:00+00:00,137.401,137.45,137.374,137.428,1531.62
2023-05-02 00:40:00+00:00,137.428,137.45,137.409,137.428,1427.46
2023-05-02 00:45:00+00:00,137.428,137.44,137.401,137.423,1627.73
2023-05-02 00:50:00+00:00,137.423,137.514,137.411,137.51,3691.9
2023-05-02 00:55:00+00:00,137.509,137.521,137.418,137.422,3437.08
2023-05-02 01:00:00+00:00,137.424,137.432,137.389,137.408,2089.07
2023-05-02 01:05:00+00:00,137.407,137.45,137.388,137.406,1861.05
2023-05-02 01:10:00+00:00,137.405,137.412,137.342,137.363,2248.51
2023-05-02 01:15:00+00:00,137.363,137.372,137.325,137.362,2884.59
2023-05-02 01:20:00+00:00,137.361,137.394,137.361,137.392,3222.02
2023-05-02 01:25:00+00:00,137.391,137.393,137.322,137.344,2307.12
2023-05-02 01:30:00+00:00,137.342,137.361,137.333,137.354,1670.65
2023-05-02 01:35:00+00:00,137.352,137.375,137.345,137.348,1194.71
2023-05-02 01:40:00+00:00,137.35,137.364,137.301,137.343,1362.45
2023-05-02 01:45:00+00:00,137.342,137.418,137.336,137.402,2022.61
2023-05-02 01:50:00+00:00,137.403,137.434,137.382,137.4,2295.58
2023-05-02 01:55:00+00:00,137.401,137.432,137.38,137.401,2442.52
2023-05-02 02:00:00+00:00,137.4,137.426,137.385,137.402,1561.69
2023-05-02 02:05:00+00:00,137.401,137.432,137.39,137.432,1652.75
2023-05-02 02:10:00+00:00,137.432,137.467,137.425,137.454,2698.49
2023-05-02 02:15:00+00:00,137.454,137.457,137.394,137.404,2343.96
2023-05-02 02:20:00+00:00,137.403,137.407,137.353,137.378,1730.36
2023-05-02 02:25:00+00:00,137.382,137.441,137.376,137.428,1508.65
2023-05-02 02:30:00+00:00,137.422,137.445,137.411,137.411,1665.81
2023-05-02 02:35:00+00:00,137.412,137.42,137.396,137.409,1549.17
2023-05-02 02:40:00+00:00,137.408,137.43,137.372,137.428,1411.45
2023-05-02 02:45:00+00:00,137.429,137.443,137.408,137.412,1653.78
2023-05-02 02:50:00+00:00,137.412,137.42,137.374,137.375,1359.48
2023-05-02 02:55:00+00:00,137.375,137.389,137.356,137.36,1611.57
2023-05-02 03:00:00+00:00,137.361,137.42,137.359,137.407,1884.75
2023-05-02 03:05:00+00:00,137.406,137.419,137.402,137.407,1396.14
2023-05-02 03:10:00+00:00,137.408,137.422,137.372,137.398,2252.25
2023-05-02 03:15:00+00:00,137.398,137.406,137.36,137.368,1441.5
2023-05-02 03:20:00+00:00,137.367,137.383,137.357,137.371,1513.9
2023-05-02 03:25:00+00:00,137.373,137.388,137.37,137.374,1366.87
2023-05-02 03:30:00+00:00,137.374,137.392,137.35,137.368,1250.55
2023-05-02 03:35:00+00:00,137.369,137.393,137.357,137.381,1489.96
2023-05-02 03:40:00+00:00,137.38,137.402,137.363,137.369,2036.65
2023-05-02 03:45:00+00:00,137.369,137.424,137.364,137.417,1467.73
2023-05-02 03:50:00+00:00,137.416,137.459,137.388,137.454,1456.1
2023-05-02 03:55:00+00:00,137.453,137.505,137.453,137.492,2096.47
2023-05-02 04:00:00+00:00,137.493,137.533,137.473,137.516,2457.12
2023-05-02 04:05:00+00:00,137.517,137.538,137.5,137.523,2120.4
2023-05-02 04:10:00+00:00,137.523,137.542,137.511,137.52,2474.22
2023-05-02 04:15:00+00:00,137.522,137.58,137.512,137.569,1966.92
2023-05-02 04:20:00+00:00,137.569,137.574,137.537,137.542,2422.35
2023-05-02 04:25:00+00:00,137.541,137.572,137.524,137.568,1510.41
2023-05-02 04:30:00+00:00,137.567,137.683,137.459,137.612,5603.59
2023-05-02 04:35:00+00:00,137.605,137.701,137.58,137.693,2860.88
2023-05-02 04:40:00+00:00,137.693,137.694,137.614,137.62,2250.98
2023-05-02 04:45:00+00:00,137.619,137.645,137.588,137.642,2738.08
2023-05-02 04:50:00+00:00,137.64,137.647,137.609,137.621,2326.71
2023-05-02 04:55:00+00:00,137.621,137.698,137.598,137.678,2209.62
2023-05-02 05:00:00+00:00,137.678,137.772,137.662,137.751,4179.0
2023-05-02 05:05:00+00:00,137.751,137.754,137.688,137.743,3675.63
2023-05-02 05:10:00+00:00,137.743,137.771,137.711,137.713,2971.71
2023-05-02 05:15:00+00:00,137.714,137.754,137.686,137.742,2785.84
2023-05-02 05:20:00+00:00,137.742,137.743,137.659,137.668,2434.74
2023-05-02 05:25:00+00:00,137.669,137.693,137.655,137.67,2711.55
2023-05-02 05:30:00+00:00,137.669,137.687,137.639,137.657,2749.49
2023-05-02 05:35:00+00:00,137.658,137.69,137.631,137.668,3244.91
2023-05-02 05:40:00+00:00,137.668,137.692,137.649,137.683,2088.06
2023-05-02 05:45:00+00:00,137.684,137.685,137.619,137.628,2475.23
2023-05-02 05:50:00+00:00,137.629,137.648,137.608,137.61,2522.15
2023-05-02 05:55:00+00:00,137.611,137.665,137.584,137.623,2336.37
2023-05-02 06:00:00+00:00,137.626,137.663,137.585,137.598,4023.89
2023-05-02 06:05:00+00:00,137.598,137.606,137.559,137.573,3041.47
2023-05-02 06:10:00+00:00,137.573,137.621,137.547,137.601,3905.5
2023-05-02 06:15:00+00:00,137.603,137.604,137.55,137.59,2986.25
2023-05-02 06:20:00+00:00,137.59,137.627,137.563,137.57,2772.67
2023-05-02 06:25:00+00:00,137.572,137.619,137.54,137.563,2798.32
2023-05-02 06:30:00+00:00,137.563,137.621,137.56,137.595,3654.69
2023-05-02 06:35:00+00:00,137.595,137.632,137.562,137.597,3024.16
2023-05-02 06:40:00+00:00,137.593,137.634,137.555,137.583,3259.11
2023-05-02 06:45:00+00:00,137.584,137.62,137.572,137.583,3361.09
2023-05-02 06:50:00+00:00,137.585,137.595,137.543,137.549,2917.24
2023-05-02 06:55:00+00:00,137.548,137.553,137.488,137.513,3000.61
2023-05-02 07:00:00+00:00,137.512,137.6,137.497,137.599,3192.56
2023-05-02 07:05:00+00:00,137.599,137.641,137.584,137.616,4324.82
2023-05-02 07:10:00+00:00,137.616,137.672,137.607,137.664,3768.21
2023-05-02 07:15:00+00:00,137.662,137.728,137.655,137.693,3981.68
2023-05-02 07:20:00+00:00,137.692,137.692,137.637,137.671,2837.61
2023-05-02 07:25:00+00:00,137.671,137.699,137.606,137.621,2557.4
2023-05-02 07:30:00+00:00,137.621,137.621,137.598,137.609,2449.19
2023-05-02 07:35:00+00:00,137.608,137.617,137.536,137.545,2664.63
2023-05-02 07:40:00+00:00,137.545,137.594,137.538,137.564,2526.88
2023-05-02 07:45:00+00:00,137.567,137.572,137.515,137.565,3251.7
2023-05-02 07:50:00+00:00,137.565,137.581,137.529,137.58,2965.2
2023-05-02 07:55:00+00:00,137.58,137.603,137.55,137.599,2514.63
2023-05-02 08:00:00+00:00,137.598,137.61,137.533,137.535,5118.84
2023-05-02 08:05:00+00:00,137.534,137.593,137.496,137.507,4105.27
2023-05-02 08:10:00+00:00,137.506,137.566,137.498,137.553,4541.98
2023-05-02 08:15:00+00:00,137.552,137.59,137.542,137.545,3098.33
2023-05-02 08:20:00+00:00,137.547,137.576,137.441,137.459,3230.07
2023-05-02 08:25:00+00:00,137.459,137.487,137.431,137.476,3215.0
2023-05-02 08:30:00+00:00,137.477,137.493,137.441,137.462,3029.8
2023-05-02 08:35:00+00:00,137.461,137.468,137.353,137.385,3926.9
2023-05-02 08:40:00+00:00,137.385,137.432,137.372,137.416,3676.88
2023-05-02 08:45:00+00:00,137.417,137.424,137.382,137.404,3177.63
2023-05-02 08:50:00+00:00,137.403,137.44,137.383,137.428,1779.02
2023-05-02 08:55:00+00:00,137.428,137.509,137.424,137.508,1566.57
2023-05-02 09:00:00+00:00,137.511,137.548,137.508,137.517,2890.87
2023-05-02 09:05:00+00:00,137.518,137.518,137.438,137.454,3380.38
2023-05-02 09:10:00+00:00,137.453,137.474,137.436,137.459,3303.67
2023-05-02 09:15:00+00:00,137.46,137.472,137.411,137.439,3142.12
2023-05-02 09:20:00+00:00,137.438,137.49,137.386,137.482,3426.36
2023-05-02 09:25:00+00:00,137.481,137.496,137.453,137.465,2945.49
2023-05-02 09:30:00+00:00,137.464,137.476,137.424,137.436,2125.74
2023-05-02 09:35:00+00:00,137.435,137.496,137.426,137.487,2494.67
2023-05-02 09:40:00+00:00,137.486,137.488,137.442,137.452,2312.08
2023-05-02 09:45:00+00:00,137.453,137.457,137.411,137.449,2325.45
2023-05-02 09:50:00+00:00,137.45,137.454,137.393,137.394,2430.27
2023-05-02 09:55:00+00:00,137.393,137.415,137.373,137.397,2766.81
2023-05-02 10:00:00+00:00,137.398,137.427,137.335,137.388,3348.04
2023-05-02 10:05:00+00:00,137.387,137.426,137.377,137.412,2545.48
2023-05-02 10:10:00+00:00,137.412,137.42,137.375,137.383,2361.56
2023-05-02 10:15:00+00:00,137.384,137.428,137.382,137.407,1844.77
2023-05-02 10:20:00+00:00,137.407,137.434,137.402,137.423,2806.0
2023-05-02 10:25:00+00:00,137.422,137.445,137.409,137.44,3051.77
2023-05-02 10:30:00+00:00,137.44,137.502,137.424,137.498,1890.99
2023-05-02 10:35:00+00:00,137.497,137.524,137.491,137.524,3077.01
2023-05-02 10:40:00+00:00,137.524,137.54,137.492,137.496,2489.01
2023-05-02 10:45:00+00:00,137.496,137.51,137.473,137.49,2566.91
2023-05-02 10:50:00+00:00,137.491,137.495,137.471,137.472,2082.45
2023-05-02 10:55:00+00:00,137.474,137.565,137.473,137.528,2622.35
2023-05-02 11:00:00+00:00,137.529,137.54,137.467,137.471,2296.18
2023-05-02 11:05:00+00:00,137.471,137.476,137.328,137.343,2736.29
2023-05-02 11:10:00+00:00,137.344,137.348,137.279,137.33,2619.66
2023-05-02 11:15:00+00:00,137.33,137.358,137.292,137.292,2120.7
2023-05-02 11:20:00+00:00,137.291,137.304,137.245,137.262,2648.3
2023-05-02 11:25:00+00:00,137.262,137.34,137.244,137.337,3302.51
2023-05-02 11:30:00+00:00,137.336,137.386,137.311,137.363,2569.89
2023-05-02 11:35:00+00:00,137.363,137.39,137.35,137.367,1772.35
2023-05-02 11:40:00+00:00,137.367,137.369,137.306,137.338,2018.93
2023-05-02 11:45:00+00:00,137.342,137.351,137.302,137.326,2333.82
2023-05-02 11:50:00+00:00,137.327,137.331,137.273,137.323,2105.12
2023-05-02 11:55:00+00:00,137.323,137.357,137.309,137.337,2001.14
2023-05-02 12:00:00+00:00,137.338,137.38,137.328,137.354,2059.42
2023-05-02 12:05:00+00:00,137.355,137.396,137.35,137.395,1865.91
2023-05-02 12:10:00+00:00,137.394,137.413,137.357,137.359,1722.58
2023-05-02 12:15:00+00:00,137.359,137.388,137.313,137.38,1736.9
2023-05-02 12:20:00+00:00,137.381,137.414,137.371,137.404,2267.4
2023-05-02 12:25:00+00:00,137.406,137.476,137.399,137.459,2709.73
2023-05-02 12:30:00+00:00,137.46,137.511,137.452,137.488,3043.78
2023-05-02 12:35:00+00:00,137.49,137.579,137.487,137.554,2616.33
2023-05-02 12:40:00+00:00,137.555,137.569,137.507,137.51,2081.16
2023-05-02 12:45:00+00:00,137.51,137.547,137.492,137.518,1735.45
2023-05-02 12:50:00+00:00,137.517,137.54,137.473,137.539,2152.6
2023-05-02 12:55:00+00:00,137.542,137.573,137.515,137.565,2023.53
2023-05-02 13:00:00+00:00,137.569,137.576,137.478,137.521,2834.76
2023-05-02 13:05:00+00:00,137.522,137.527,137.459,137.49,2628.68
2023-05-02 13:10:00+00:00,137.491,137.554,137.488,137.551,2655.36
2023-05-02 13:15:00+00:00,137.551,137.553,137.495,137.499,2209.52
2023-05-02 13:20:00+00:00,137.501,137.543,137.47,137.522,2191.11
2023-05-02 13:25:00+00:00,137.521,137.521,137.469,137.473,1709.44
2023-05-02 13:30:00+00:00,137.486,137.494,137.431,137.475,2779.35
2023-05-02 13:35:00+00:00,137.475,137.509,137.422,137.435,2343.57
2023-05-02 13:40:00+00:00,137.435,137.447,137.391,137.419,2332.78
2023-05-02 13:45:00+00:00,137.42,137.465,137.401,137.402,2616.69
2023-05-02 13:50:00+00:00,137.402,137.402,137.286,137.299,3075.0
2023-05-02 13:55:00+00:00,137.299,137.396,137.267,137.392,3003.0
2023-05-02 14:00:00+00:00,137.392,137.397,136.961,137.077,6501.83
2023-05-02 14:05:00+00:00,137.077,137.08,136.985,137.036,4393.91
2023-05-02 14:10:00+00:00,137.038,137.043,136.912,136.943,3216.69
2023-05-02 14:15:00+00:00,136.943,137.041,136.918,137.012,2742.45
2023-05-02 14:20:00+00:00,137.012,137.014,136.771,136.786,3619.17
2023-05-02 14:25:00+00:00,136.784,136.843,136.768,136.829,2852.01
2023-05-02 14:30:00+00:00,136.828,136.828,136.579,136.591,3472.89
2023-05-02 14:35:00+00:00,136.59,136.65,136.521,136.575,4078.07
2023-05-02 14:40:00+00:00,136.579,136.625,136.483,136.492,3840.8
2023-05-02 14:45:00+00:00,136.492,136.587,136.387,136.51,4785.05
2023-05-02 14:50:00+00:00,136.509,136.61,136.449,136.54,5418.35
2023-05-02 14:55:00+00:00,136.539,136.539,136.426,136.426,4531.3
2023-05-02 15:00:00+00:00,136.426,136.52,136.394,136.51,4307.6
2023-05-02 15:05:00+00:00,136.51,136.553,136.502,136.535,4295.3
2023-05-02 15:10:00+00:00,136.534,136.551,136.48,136.481,4088.29
2023-05-02 15:15:00+00:00,136.481,136.586,136.477,136.564,3410.01
2023-05-02 15:20:00+00:00,136.567,136.574,136.496,136.536,3504.16
2023-05-02 15:25:00+00:00,136.535,136.538,136.448,136.502,3789.69
2023-05-02 15:30:00+00:00,136.503,136.562,136.439,136.468,4278.3
2023-05-02 15:35:00+00:00,136.469,136.551,136.448,136.517,3418.82
2023-05-02 15:40:00+00:00,136.516,136.634,136.493,136.595,3332.0
2023-05-02 15:45:00+00:00,136.595,136.694,136.586,136.597,3227.65
2023-05-02 15:50:00+00:00,136.596,136.597,136.45,136.501,3527.15
2023-05-02 15:55:00+00:00,136.502,136.544,136.458,136.464,3043.69
2023-05-02 16:00:00+00:00,136.464,136.511,136.399,136.439,3740.5
2023-05-02 16:05:00+00:00,136.439,136.488,136.423,136.488,3280.05
2023-05-02 16:10:00+00:00,136.492,136.503,136.437,136.502,3449.54
2023-05-02 16:15:00+00:00,136.503,136.521,136.472,136.472,2613.41
2023-05-02 16:20:00+00:00,136.473,136.477,136.399,136.445,3163.69
2023-05-02 16:25:00+00:00,136.446,136.542,136.444,136.539,2616.44
2023-05-02 16:30:00+00:00,136.539,136.572,136.521,136.528,2313.51
2023-05-02 16:35:00+00:00,136.529,136.566,136.478,136.491,2109.88
2023-05-02 16:40:00+00:00,136.489,136.489,136.352,136.381,1951.33
2023-05-02 16:45:00+00:00,136.381,136.393,136.315,136.319,1962.33
2023-05-02 16:50:00+00:00,136.32,136.424,136.32,136.41,2130.14
2023-05-02 16:55:00+00:00,136.411,136.466,136.401,136.451,2187.96
2023-05-02 17:00:00+00:00,136.449,136.473,136.419,136.458,1992.73
2023-05-02 17:05:00+00:00,136.458,136.506,136.453,136.497,1766.2
2023-05-02 17:10:00+00:00,136.497,136.53,136.486,136.508,2054.31
2023-05-02 17:15:00+00:00,136.508,136.532,136.506,136.528,1596.08
2023-05-02 17:20:00+00:00,136.53,136.54,136.474,136.499,1917.13
2023-05-02 17:25:00+00:00,136.5,136.55,136.493,136.523,1299.22
2023-05-02 17:30:00+00:00,136.522,136.552,136.506,136.55,1652.93
2023-05-02 17:35:00+00:00,136.552,136.585,136.545,136.572,1423.76
2023-05-02 17:40:00+00:00,136.572,136.597,136.548,136.549,1724.09
2023-05-02 17:45:00+00:00,136.549,136.611,136.536,136.608,1474.03
2023-05-02 17:50:00+00:00,136.61,136.7,136.61,136.684,1640.02
2023-05-02 17:55:00+00:00,136.685,136.685,136.639,136.665,1772.81
2023-05-02 18:00:00+00:00,136.665,136.684,136.594,136.652,2138.53
2023-05-02 18:05:00+00:00,136.651,136.679,136.636,136.658,1346.55
2023-05-02 18:10:00+00:00,136.66,136.663,136.551,136.553,2096.52
2023-05-02 18:15:00+00:00,136.557,136.571,136.509,136.548,2067.47
2023-05-02 18:20:00+00:00,136.549,136.571,136.531,136.571,1367.68
2023-05-02 18:25:00+00:00,136.571,136.576,136.545,136.572,1010.13
2023-05-02 18:30:00+00:00,136.572,136.596,136.565,136.587,1009.74
2023-05-02 18:35:00+00:00,136.589,136.66,136.589,136.653,1251.47
2023-05-02 18:40:00+00:00,136.653,136.653,136.612,136.641,1855.64
2023-05-02 18:45:00+00:00,136.64,136.689,136.64,136.684,1643.77
2023-05-02 18:50:00+00:00,136.679,136.685,136.642,136.66,2096.51
2023-05-02 18:55:00+00:00,136.661,136.696,136.651,136.688,2062.68
2023-05-02 19:00:00+00:00,136.688,136.689,136.562,136.567,1775.18
2023-05-02 19:05:00+00:00,136.566,136.574,136.525,136.53,1637.83
2023-05-02 19:10:00+00:00,136.529,136.565,136.521,136.524,2220.93
2023-05-02 19:15:00+00:00,136.522,136.544,136.5,136.53,2001.88
2023-05-02 19:20:00+00:00,136.531,136.533,136.491,136.51,1641.36
2023-05-02 19:25:00+00:00,136.512,136.545,136.509,136.543,1313.39
2023-05-02 19:30:00+00:00,136.543,136.543,136.49,136.497,1514.8
2023-05-02 19:35:00+00:00,136.495,136.544,136.492,136.536,1282.58
2023-05-02 19:40:00+00:00,136.533,136.54,136.464,136.501,1524.77
2023-05-02 19:45:00+00:00,136.498,136.502,136.476,136.484,970.1
2023-05-02 19:50:00+00:00,136.483,136.521,136.482,136.514,1237.57
2023-05-02 19:55:00+00:00,136.514,136.533,136.453,136.501,1544.32
2023-05-02 20:00:00+00:00,136.503,136.513,136.47,136.494,864.66
2023-05-02 20:05:00+00:00,136.493,136.5,136.471,136.474,597.75
2023-05-02 20:10:00+00:00,136.473,136.505,136.466,136.497,773.76
2023-05-02 20:15:00+00:00,136.497,136.514,136.492,136.502,609.08
2023-05-02 20:20:00+00:00,136.503,136.554,136.501,136.546,899.65
2023-05-02 20:25:00+00:00,136.547,136.558,136.513,136.523,968.19
2023-05-02 20:30:00+00:00,136.524,136.547,136.522,136.524,586.0
2023-05-02 20:35:00+00:00,136.526,136.552,136.524,136.552,408.61
2023-05-02 20:40:00+00:00,136.55,136.568,136.545,136.56,481.59
2023-05-02 20:45:00+00:00,136.562,136.574,136.558,136.573,187.33
2023-05-02 20:50:00+00:00,136.574,136.581,136.567,136.578,238.0
2023-05-02 20:55:00+00:00,136.577,136.579,136.506,136.506,287.57
2023-05-02 21:00:00+00:00,136.499,136.5,136.447,136.5,6.48
2023-05-02 21:05:00+00:00,136.491,136.549,136.491,136.549,53.24
2023-05-02 21:10:00+00:00,136.548,136.551,136.541,136.542,27.26
2023-05-02 21:15:00+00:00,136.542,136.548,136.541,136.543,16.8
2023-05-02 21:20:00+00:00,136.542,136.547,136.477,136.5,66.99
2023-05-02 21:25:00+00:00,136.5,136.522,136.494,136.522,34.32
2023-05-02 21:30:00+00:00,136.523,136.542,136.517,136.537,27.27
2023-05-02 21:35:00+00:00,136.541,136.541,136.515,136.536,46.58
2023-05-02 21:40:00+00:00,136.536,136.577,136.536,136.577,40.3
2023-05-02 21:45:00+00:00,136.569,136.616,136.515,136.533,157.46
2023-05-02 21:50:00+00:00,136.519,136.57,136.519,136.522,429.06
2023-05-02 21:55:00+00:00,136.523,136.543,136.519,136.522,326.22
2023-05-02 22:00:00+00:00,136.522,136.561,136.514,136.545,348.12
2023-05-02 22:05:00+00:00,136.544,136.545,136.52,136.525,597.4
2023-05-02 22:10:00+00:00,136.525,136.525,136.504,136.506,1108.8
2023-05-02 22:15:00+00:00,136.507,136.51,136.469,136.47,1038.84
2023-05-02 22:20:00+00:00,136.47,136.511,136.466,136.506,1117.59
2023-05-02 22:25:00+00:00,136.505,136.526,136.471,136.486,1523.62
2023-05-02 22:30:00+00:00,136.486,136.538,136.485,136.522,2465.23
2023-05-02 22:35:00+00:00,136.517,136.535,136.487,136.534,1084.65
2023-05-02 22:40:00+00:00,136.534,136.539,136.493,136.518,1642.26
2023-05-02 22:45:00+00:00,136.518,136.518,136.478,136.503,1766.29
2023-05-02 22:50:00+00:00,136.503,136.526,136.499,136.515,1281.6
2023-05-02 22:55:00+00:00,136.515,136.54,136.51,136.526,1833.22
2023-05-02 23:00:00+00:00,136.526,136.526,136.436,136.446,1671.75
2023-05-02 23:05:00+00:00,136.446,136.45,136.398,136.428,1384.65
2023-05-02 23:10:00+00:00,136.427,136.427,136.406,136.407,406.5
2023-05-02 23:15:00+00:00,136.408,136.409,136.387,136.405,424.41
2023-05-02 23:20:00+00:00,136.405,136.445,136.404,136.432,821.85
2023-05-02 23:25:00+00:00,136.427,136.427,136.396,136.408,719.35
2023-05-02 23:30:00+00:00,136.407,136.454,136.406,136.435,999.29
2023-05-02 23:35:00+00:00,136.437,136.473,136.433,136.437,1165.09
2023-05-02 23:40:00+00:00,136.437,136.464,136.434,136.444,1256.59
2023-05-02 23:45:00+00:00,136.446,136.463,136.431,136.461,1796.14
2023-05-02 23:50:00+00:00,136.46,136.463,136.422,136.442,2340.52
2023-05-02 23:55:00+00:00,136.442,136.474,136.441,136.469,1275.19
2023-05-03 00:00:00+00:00,136.468,136.5,136.423,136.497,3901.72
2023-05-03 00:05:00+00:00,136.498,136.528,136.486,136.488,2808.11
2023-05-03 00:10:00+00:00,136.486,136.572,136.486,136.554,2633.31
2023-05-03 00:15:00+00:00,136.554,136.564,136.516,136.537,1884.8
2023-05-03 00:20:00+00:00,136.538,136.546,136.525,136.526,1138.34
2023-05-03 00:25:00+00:00,136.524,136.541,136.509,136.518,1105.78
2023-05-03 00:30:00+00:00,136.516,136.523,136.485,136.498,751.02
2023-05-03 00:35:00+00:00,136.493,136.502,136.451,136.452,852.12
2023-05-03 00:40:00+00:00,136.452,136.49,136.424,136.434,1230.54
2023-05-03 00:45:00+00:00,136.434,136.444,136.424,136.435,810.6
2023-05-03 00:50:00+00:00,136.433,136.454,136.389,136.425,1651.91
2023-05-03 00:55:00+00:00,136.424,136.43,136.405,136.406,1144.77
2023-05-03 01:00:00+00:00,136.405,136.454,136.397,136.406,1454.6
2023-05-03 01:05:00+00:00,136.406,136.419,136.38,136.384,756.57
2023-05-03 01:10:00+00:00,136.384,136.421,136.384,136.388,1094.17
2023-05-03 01:15:00+00:00,136.388,136.39,136.353,136.358,1356.27
2023-05-03 01:20:00+00:00,136.359,136.361,136.235,136.282,1960.66
2023-05-03 01:25:00+00:00,136.282,136.285,136.201,136.222,2022.2
2023-05-03 01:30:00+00:00,136.221,136.263,136.221,136.257,2245.08
2023-05-03 01:35:00+00:00,136.257,136.257,136.158,136.182,2242.06
2023-05-03 01:40:00+00:00,136.181,136.2,136.091,136.104,2412.49
2023-05-03 01:45:00+00:00,136.104,136.111,136.051,136.071,2070.75
2023-05-03 01:50:00+00:00,136.072,136.106,136.062,136.103,1781.48
2023-05-03 01:55:00+00:00,136.104,136.114,135.982,136.015,2873.02
2023-05-03 02:00:00+00:00,136.014,136.042,136.0,136.019,2148.87
2023-05-03 02:05:00+00:00,136.02,136.021,135.917,135.93,2768.55
2023-05-03 02:10:00+00:00,135.929,136.027,135.929,136.008,1169.72
2023-05-03 02:15:00+00:00,136.01,136.07,135.981,136.047,1189.11
2023-05-03 02:20:00+00:00,136.047,136.05,136.012,136.048,828.94
2023-05-03 02:25:00+00:00,136.048,136.071,136.025,136.069,919.0
2023-05-03 02:30:00+00:00,136.069,136.07,136.019,136.024,916.84
2023-05-03 02:35:00+00:00,136.027,136.034,135.984,135.987,730.82
2023-05-03 02:40:00+00:00,135.988,136.05,135.986,136.04,502.0
2023-05-03 02:45:00+00:00,136.042,136.054,136.013,136.014,981.13
2023-05-03 02:50:00+00:00,136.016,136.041,136.003,136.04,966.23
2023-05-03 02:55:00+00:00,136.04,136.054,136.029,136.033,642.16
2023-05-03 03:00:00+00:00,136.034,136.034,135.998,136.009,616.75
2023-05-03 03:05:00+00:00,136.009,136.035,135.993,136.033,1046.22
2023-05-03 03:10:00+00:00,136.032,136.046,136.002,136.043,845.88
2023-05-03 03:15:00+00:00,136.042,136.069,136.028,136.058,590.55
2023-05-03 03:20:00+00:00,136.059,136.082,136.042,136.046,964.11
2023-05-03 03:25:00+00:00,136.046,136.059,136.023,136.025,585.7
2023-05-03 03:30:00+00:00,136.024,136.078,136.02,136.07,1019.75
2023-05-03 03:35:00+00:00,136.07,136.084,136.068,136.07,1110.39
2023-05-03 03:40:00+00:00,136.069,136.108,136.063,136.082,492.0
2023-05-03 03:45:00+00:00,136.084,136.091,136.053,136.089,749.72
2023-05-03 03:50:00+00:00,136.088,136.098,136.054,136.059,469.5
2023-05-03 03:55:00+00:00,136.059,136.073,136.03,136.056,647.04
2023-05-03 04:00:00+00:00,136.056,136.083,136.05,136.051,951.01
2023-05-03 04:05:00+00:00,136.051,136.057,136.025,136.053,899.73
2023-05-03 04:10:00+00:00,136.053,136.088,136.05,136.083,1116.41
2023-05-03 04:15:00+00:00,136.083,136.089,136.072,136.089,459.37
2023-05-03 04:20:00+00:00,136.088,136.107,136.087,136.088,835.92
2023-05-03 04:25:00+00:00,136.088,136.115,136.085,136.105,846.33
2023-05-03 04:30:00+00:00,136.106,136.106,136.075,136.076,684.78
2023-05-03 04:35:00+00:00,136.077,136.086,136.066,136.073,638.7
2023-05-03 04:40:00+00:00,136.073,136.073,136.052,136.052,848.25
2023-05-03 04:45:00+00:00,136.051,136.069,136.025,136.045,1609.17
2023-05-03 04:50:00+00:00,136.045,136.056,136.026,136.051,1212.03
2023-05-03 04:55:00+00:00,136.05,136.06,136.041,136.058,1324.16
2023-05-03 05:00:00+00:00,136.058,136.072,136.028,136.033,1199.62
2023-05-03 05:05:00+00:00,136.033,136.049,136.005,136.014,791.5
2023-05-03 05:10:00+00:00,136.014,136.052,136.006,136.015,931.51
2023-05-03 05:15:00+00:00,136.015,136.018,135.991,136.013,786.0
2023-05-03 05:20:00+00:00,136.012,136.027,135.996,136.015,542.09
2023-05-03 05:25:00+00:00,136.016,136.018,135.951,135.962,594.69
2023-05-03 05:30:00+00:00,135.963,135.99,135.963,135.971,1098.13
2023-05-03 05:35:00+00:00,135.972,135.972,135.874,135.903,1577.03
2023-05-03 05:40:00+00:00,135.905,135.943,135.903,135.915,930.62
2023-05-03 05:45:00+00:00,135.922,135.962,135.922,135.96,938.68
2023-05-03 05:50:00+00:00,135.961,135.976,135.958,135.961,697.95
2023-05-03 05:55:00+00:00,135.962,135.971,135.941,135.951,681.35
2023-05-03 06:00:00+00:00,135.949,135.985,135.906,135.914,2666.57
2023-05-03 06:05:00+00:00,135.913,136.018,135.907,136.001,2556.68
2023-05-03 06:10:00+00:00,135.999,136.064,135.991,136.036,3571.9
2023-05-03 06:15:00+00:00,136.037,136.076,136.009,136.075,1812.52
2023-05-03 06:20:00+00:00,136.074,136.08,136.04,136.072,1141.46
2023-05-03 06:25:00+00:00,136.074,136.102,136.042,136.047,1641.74
2023-05-03 06:30:00+00:00,136.045,136.048,136.012,136.016,2145.57
2023-05-03 06:35:00+00:00,136.017,136.03,135.992,136.016,1786.79
2023-05-03 06:40:00+00:00,136.012,136.012,135.935,135.967,2133.32
2023-05-03 06:45:00+00:00,135.968,135.982,135.911,135.929,2701.73
2023-05-03 06:50:00+00:00,135.929,135.937,135.877,135.891,2764.8
2023-05-03 06:55:00+00:00,135.891,135.936,135.853,135.871,3015.93
2023-05-03 07:00:00+00:00,135.87,135.904,135.796,135.869,4819.97
2023-05-03 07:05:00+00:00,135.869,135.871,135.752,135.754,3845.21
2023-05-03 07:10:00+00:00,135.754,135.78,135.721,135.74,2684.18
2023-05-03 07:15:00+00:00,135.74,135.826,135.737,135.817,3455.58
2023-05-03 07:20:00+00:00,135.818,135.901,135.818,135.897,3478.23
2023-05-03 07:25:00+00:00,135.898,135.912,135.88,135.902,2337.15
2023-05-03 07:30:00+00:00,135.902,135.996,135.898,135.937,3631.09
2023-05-03 07:35:00+00:00,135.937,135.944,135.786,135.809,4185.57
2023-05-03 07:40:00+00:00,135.809,135.851,135.795,135.797,2859.06
2023-05-03 07:45:00+00:00,135.796,135.892,135.769,135.87,2518.25
2023-05-03 07:50:00+00:00,135.87,135.871,135.824,135.834,2135.03
2023-05-03 07:55:00+00:00,135.833,135.851,135.782,135.793,2970.56
2023-05-03 08:00:00+00:00,135.795,135.8,135.732,135.752,3008.98
2023-05-03 08:05:00+00:00,135.752,135.769,135.65,135.654,3770.78
2023-05-03 08:10:00+00:00,135.653,135.686,135.59,135.604,3244.01
2023-05-03 08:15:00+00:00,135.605,135.609,135.541,135.578,4708.58
2023-05-03 08:20:00+00:00,135.577,135.6,135.524,135.533,3198.75
2023-05-03 08:25:00+00:00,135.532,135.606,135.53,135.601,2314.55
2023-05-03 08:30:00+00:00,135.601,135.683,135.601,135.673,2259.97
2023-05-03 08:35:00+00:00,135.675,135.725,135.655,135.689,2382.67
2023-05-03 08:40:00+00:00,135.691,135.702,135.637,135.666,2674.96
2023-05-03 08:45:00+00:00,135.665,135.723,135.645,135.701,3327.83
2023-05-03 08:50:00+00:00,135.7,135.714,135.617,135.627,2827.1
2023-05-03 08:55:00+00:00,135.627,135.673,135.603,135.668,3039.86
2023-05-03 09:00:00+00:00,135.668,135.726,135.649,135.685,2913.47
2023-05-03 09:05:00+00:00,135.685,135.688,135.615,135.684,3226.76
2023-05-03 09:10:00+00:00,135.685,135.754,135.682,135.697,2501.82
2023-05-03 09:15:00+00:00,135.698,135.721,135.652,135.672,3022.59
2023-05-03 09:20:00+00:00,135.673,135.682,135.606,135.674,3717.8
2023-05-03 09:25:00+00:00,135.675,135.687,135.607,135.608,2834.19
2023-05-03 09:30:00+00:00,135.607,135.618,135.568,135.609,2406.42
2023-05-03 09:35:00+00:00,135.61,135.668,135.606,135.635,2476.8
2023-05-03 09:40:00+00:00,135.634,135.66,135.597,135.645,3322.03
2023-05-03 09:45:00+00:00,135.645,135.653,135.604,135.636,2278.13
2023-05-03 09:50:00+00:00,135.636,135.664,135.626,135.645,1548.3
2023-05-03 09:55:00+00:00,135.645,135.646,135.584,135.605,2399.57
2023-05-03 10:00:00+00:00,135.607,135.617,135.576,135.613,1558.32
2023-05-03 10:05:00+00:00,135.614,135.654,135.61,135.625,2440.64
2023-05-03 10:10:00+00:00,135.628,135.683,135.616,135.671,2055.84
2023-05-03 10:15:00+00:00,135.671,135.708,135.671,135.692,1711.86
2023-05-03 10:20:00+00:00,135.696,135.719,135.686,135.695,1509.2
2023-05-03 10:25:00+00:00,135.701,135.703,135.634,135.654,1744.37
2023-05-03 10:30:00+00:00,135.658,135.688,135.641,135.645,2282.44
2023-05-03 10:35:00+00:00,135.646,135.65,135.594,135.594,2553.48
2023-05-03 10:40:00+00:00,135.594,135.604,135.523,135.533,2638.98
2023-05-03 10:45:00+00:00,135.536,135.562,135.458,135.467,2327.13
2023-05-03 10:50:00+00:00,135.467,135.483,135.443,135.469,3009.71
2023-05-03 10:55:00+00:00,135.469,135.551,135.469,135.537,1659.49
2023-05-03 11:00:00+00:00,135.539,135.565,135.533,135.548,2626.85
2023-05-03 11:05:00+00:00,135.548,135.564,135.513,135.534,1876.5
2023-05-03 11:10:00+00:00,135.535,135.567,135.517,135.554,1472.06
2023-05-03 11:15:00+00:00,135.553,135.566,135.547,135.555,1401.97
2023-05-03 11:20:00+00:00,135.555,135.602,135.53,135.554,2124.78
2023-05-03 11:25:00+00:00,135.56,135.567,135.524,135.561,1701.97
2023-05-03 11:30:00+00:00,135.56,135.623,135.551,135.609,1697.86
2023-05-03 11:35:00+00:00,135.607,135.657,135.588,135.637,1457.6
2023-05-03 11:40:00+00:00,135.638,135.646,135.562,135.59,1850.9
2023-05-03 11:45:00+00:00,135.59,135.592,135.519,135.535,1970.46
2023-05-03 11:50:00+00:00,135.534,135.565,135.52,135.521,1855.03
2023-05-03 11:55:00+00:00,135.52,135.549,135.481,135.494,1974.24
2023-05-03 12:00:00+00:00,135.493,135.534,135.449,135.52,1475.07
2023-05-03 12:05:00+00:00,135.515,135.527,135.475,135.486,1591.75
2023-05-03 12:10:00+00:00,135.485,135.497,135.435,135.435,2668.66
2023-05-03 12:15:00+00:00,135.438,135.943,135.428,135.731,7840.99
2023-05-03 12:20:00+00:00,135.732,135.792,135.694,135.695,4525.02
2023-05-03 12:25:00+00:00,135.701,135.701,135.624,135.63,3188.62
2023-05-03 12:30:00+00:00,135.63,135.637,135.482,135.495,5535.53
2023-05-03 12:35:00+00:00,135.493,135.592,135.488,135.546,3569.59
2023-05-03 12:40:00+00:00,135.544,135.611,135.518,135.602,3082.19
2023-05-03 12:45:00+00:00,135.601,135.621,135.486,135.512,3158.41
2023-05-03 12:50:00+00:00,135.512,135.559,135.494,135.558,3045.13
2023-05-03 12:55:00+00:00,135.558,135.562,135.328,135.395,3132.38
2023-05-03 13:00:00+00:00,135.396,135.432,135.371,135.411,2737.08
2023-05-03 13:05:00+00:00,135.412,135.532,135.402,135.492,3033.31
2023-05-03 13:10:00+00:00,135.492,135.515,135.417,135.425,3055.08
2023-05-03 13:15:00+00:00,135.426,135.45,135.391,135.449,3454.61
2023-05-03 13:20:00+00:00,135.454,135.479,135.383,135.415,3627.39
2023-05-03 13:25:00+00:00,135.415,135.425,135.331,135.336,3371.06
2023-05-03 13:30:00+00:00,135.337,135.365,135.282,135.282,3760.51
2023-05-03 13:35:00+00:00,135.284,135.329,135.263,135.308,4647.36
2023-05-03 13:40:00+00:00,135.31,135.405,135.309,135.346,3324.3
2023-05-03 13:45:00+00:00,135.345,135.372,135.292,135.346,3537.37
2023-05-03 13:50:00+00:00,135.346,135.412,135.339,135.393,3191.17
2023-05-03 13:55:00+00:00,135.393,135.45,135.34,135.43,3094.82
2023-05-03 14:00:00+00:00,135.433,135.491,135.269,135.293,5799.11
2023-05-03 14:05:00+00:00,135.292,135.363,135.228,135.294,4568.94
2023-05-03 14:10:00+00:00,135.294,135.313,135.232,135.257,3046.71
2023-05-03 14:15:00+00:00,135.258,135.355,135.232,135.348,3044.38
2023-05-03 14:20:00+00:00,135.348,135.356,135.309,135.347,3383.13
2023-05-03 14:25:00+00:00,135.348,135.355,135.294,135.306,2518.13
2023-05-03 14:30:00+00:00,135.306,135.328,135.233,135.248,2980.0
2023-05-03 14:35:00+00:00,135.248,135.282,135.178,135.179,2582.32
2023-05-03 14:40:00+00:00,135.177,135.222,135.156,135.165,3253.85
2023-05-03 14:45:00+00:00,135.165,135.195,135.145,135.175,2765.31
2023-05-03 14:50:00+00:00,135.175,135.203,135.106,135.113,3056.47
2023-05-03 14:55:00+00:00,135.112,135.157,135.102,135.13,3328.9
2023-05-03 15:00:00+00:00,135.13,135.19,135.107,135.156,4079.94
2023-05-03 15:05:00+00:00,135.157,135.184,135.119,135.152,3085.26
2023-05-03 15:10:00+00:00,135.153,135.162,135.108,135.143,2105.42
2023-05-03 15:15:00+00:00,135.141,135.141,135.11,135.13,2148.49
2023-05-03 15:20:00+00:00,135.129,135.157,135.067,135.152,1869.16
2023-05-03 15:25:00+00:00,135.151,135.161,135.079,135.135,2129.28
2023-05-03 15:30:00+00:00,135.135,135.176,135.101,135.164,2368.06
2023-05-03 15:35:00+00:00,135.164,135.245,135.164,135.237,2475.14
2023-05-03 15:40:00+00:00,135.238,135.25,135.198,135.203,1821.16
2023-05-03 15:45:00+00:00,135.202,135.273,135.2,135.244,1933.74
2023-05-03 15:50:00+00:00,135.245,135.293,135.222,135.266,1689.47
2023-05-03 15:55:00+00:00,135.266,135.322,135.261,135.312,1974.09
2023-05-03 16:00:00+00:00,135.313,135.336,135.297,135.319,1955.94
2023-05-03 16:05:00+00:00,135.319,135.324,135.284,135.295,1842.67
2023-05-03 16:10:00+00:00,135.296,135.296,135.238,135.239,1604.5
2023-05-03 16:15:00+00:00,135.24,135.258,135.214,135.221,1035.45
2023-05-03 16:20:00+00:00,135.221,135.231,135.192,135.213,1683.25
2023-05-03 16:25:00+00:00,135.212,135.231,135.193,135.23,1538.7
2023-05-03 16:30:00+00:00,135.232,135.237,135.208,135.231,837.3
2023-05-03 16:35:00+00:00,135.23,135.248,135.22,135.237,1225.62
2023-05-03 16:40:00+00:00,135.239,135.265,135.237,135.244,1099.12
2023-05-03 16:45:00+00:00,135.246,135.314,135.241,135.313,1098.4
2023-05-03 16:50:00+00:00,135.314,135.369,135.313,135.356,1189.35
2023-05-03 16:55:00+00:00,135.356,135.392,135.353,135.384,1188.15
2023-05-03 17:00:00+00:00,135.385,135.394,135.359,135.386,1180.09
2023-05-03 17:05:00+00:00,135.387,135.395,135.366,135.374,1065.82
2023-05-03 17:10:00+00:00,135.373,135.396,135.368,135.379,1356.81
2023-05-03 17:15:00+00:00,135.379,135.403,135.368,135.392,1188.95
2023-05-03 17:20:00+00:00,135.392,135.402,135.362,135.4,1469.75
2023-05-03 17:25:00+00:00,135.399,135.421,135.373,135.374,1494.0
2023-05-03 17:30:00+00:00,135.374,135.375,135.342,135.359,2185.6
2023-05-03 17:35:00+00:00,135.361,135.361,135.308,135.322,1844.77
2023-05-03 17:40:00+00:00,135.32,135.362,135.309,135.348,2266.42
2023-05-03 17:45:00+00:00,135.349,135.352,135.303,135.34,1493.75
2023-05-03 17:50:00+00:00,135.34,135.391,135.339,135.367,1108.5
2023-05-03 17:55:00+00:00,135.367,135.458,135.309,135.309,3230.14
2023-05-03 18:00:00+00:00,135.311,135.446,134.831,135.115,8505.71
2023-05-03 18:05:00+00:00,135.126,135.391,135.068,135.382,6125.8
2023-05-03 18:10:00+00:00,135.379,135.498,135.257,135.287,5928.47
2023-05-03 18:15:00+00:00,135.287,135.433,135.28,135.4,5502.11
2023-05-03 18:20:00+00:00,135.399,135.485,135.392,135.481,5209.9
2023-05-03 18:25:00+00:00,135.484,135.504,135.354,135.383,4833.2
2023-05-03 18:30:00+00:00,135.384,135.671,135.379,135.649,6607.68
2023-05-03 18:35:00+00:00,135.653,135.704,135.488,135.579,7312.59
2023-05-03 18:40:00+00:00,135.58,135.626,135.428,135.515,7425.6
2023-05-03 18:45:00+00:00,135.515,135.596,135.458,135.508,6629.11
2023-05-03 18:50:00+00:00,135.506,135.608,135.478,135.576,7503.23
2023-05-03 18:55:00+00:00,135.574,135.596,135.43,135.455,6767.99
2023-05-03 19:00:00+00:00,135.455,135.55,135.451,135.526,5809.85
2023-05-03 19:05:00+00:00,135.525,135.669,135.49,135.594,7697.58
2023-05-03 19:10:00+00:00,135.594,135.61,135.515,135.524,5882.8
2023-05-03 19:15:00+00:00,135.523,135.533,135.264,135.314,6827.26
2023-05-03 19:20:00+00:00,135.314,135.327,135.131,135.258,6920.77
2023-05-03 19:25:00+00:00,135.262,135.289,135.115,135.142,5788.04
2023-05-03 19:30:00+00:00,135.14,135.239,135.121,135.23,5314.02
2023-05-03 19:35:00+00:00,135.229,135.332,135.211,135.215,4959.64
2023-05-03 19:40:00+00:00,135.215,135.215,135.115,135.127,5018.96
2023-05-03 19:45:00+00:00,135.127,135.148,135.019,135.037,5137.33
2023-05-03 19:50:00+00:00,135.038,135.064,134.948,134.987,4560.14
2023-05-03 19:55:00+00:00,134.987,135.022,134.928,135.012,3360.84
2023-05-03 20:00:00+00:00,135.011,135.093,135.011,135.061,2120.35
2023-05-03 20:05:00+00:00,135.061,135.186,135.046,135.186,1696.85
2023-05-03 20:10:00+00:00,135.187,135.222,135.179,135.193,1521.6
2023-05-03 20:15:00+00:00,135.194,135.218,135.151,135.178,1274.7
2023-05-03 20:20:00+00:00,135.179,135.186,135.154,135.166,1106.65
2023-05-03 20:25:00+00:00,135.166,135.214,135.166,135.194,1521.0
2023-05-03 20:30:00+00:00,135.196,135.255,135.196,135.232,846.75
2023-05-03 20:35:00+00:00,135.233,135.251,135.206,135.249,988.9
2023-05-03 20:40:00+00:00,135.251,135.253,135.207,135.209,801.6
2023-05-03 20:45:00+00:00,135.208,135.209,134.976,134.998,2507.58
2023-05-03 20:50:00+00:00,135.001,135.011,134.825,134.832,1801.47
2023-05-03 20:55:00+00:00,134.831,134.85,134.667,134.667,1835.5
2023-05-03 21:00:00+00:00,134.667,134.741,134.666,134.732,75.9
2023-05-03 21:05:00+00:00,134.733,134.748,134.689,134.689,156.17
2023-05-03 21:10:00+00:00,134.692,134.709,134.672,134.681,149.16
2023-05-03 21:15:00+00:00,134.68,134.682,134.637,134.655,568.63
2023-05-03 21:20:00+00:00,134.657,134.673,134.607,134.611,308.26
2023-05-03 21:25:00+00:00,134.61,134.611,134.592,134.597,49.79
2023-05-03 21:30:00+00:00,134.596,134.677,134.549,134.622,352.18
2023-05-03 21:35:00+00:00,134.627,134.627,134.62,134.623,256.1
2023-05-03 21:40:00+00:00,134.624,134.625,134.621,134.624,170.84
2023-05-03 21:45:00+00:00,134.624,134.632,134.622,134.627,241.89
2023-05-03 21:50:00+00:00,134.627,134.632,134.622,134.622,327.52
2023-05-03 21:55:00+00:00,134.622,134.637,134.616,134.616,419.35
2023-05-03 22:00:00+00:00,134.586,134.662,134.491,134.497,2235.94
2023-05-03 22:05:00+00:00,134.499,134.597,134.495,134.518,2415.45
2023-05-03 22:10:00+00:00,134.517,134.546,134.447,134.452,1836.93
2023-05-03 22:15:00+00:00,134.452,134.514,134.438,134.451,2556.45
2023-05-03 22:20:00+00:00,134.451,134.553,134.427,134.479,3628.67
2023-05-03 22:25:00+00:00,134.48,134.535,134.443,134.469,1177.53
2023-05-03 22:30:00+00:00,134.47,134.474,134.39,134.429,3486.55
2023-05-03 22:35:00+00:00,134.428,134.483,134.406,134.407,1492.09
2023-05-03 22:40:00+00:00,134.431,134.47,134.387,134.453,1561.4
2023-05-03 22:45:00+00:00,134.454,134.507,134.426,134.507,1175.67
2023-05-03 22:50:00+00:00,134.507,134.542,134.495,134.541,1853.94
2023-05-03 22:55:00+00:00,134.542,134.612,134.541,134.575,2089.14
2023-05-03 23:00:00+00:00,134.574,134.618,134.536,134.614,3478.12
2023-05-03 23:05:00+00:00,134.615,134.621,134.52,134.555,3165.14
2023-05-03 23:10:00+00:00,134.556,134.597,134.501,134.503,1905.7
2023-05-03 23:15:00+00:00,134.504,134.581,134.487,134.532,2144.44
2023-05-03 23:20:00+00:00,134.528,134.57,134.52,134.549,1816.26
2023-05-03 23:25:00+00:00,134.548,134.565,134.504,134.523,1972.71
2023-05-03 23:30:00+00:00,134.523,134.565,134.505,134.539,1747.81
2023-05-03 23:35:00+00:00,134.54,134.565,134.519,134.549,2195.5
2023-05-03 23:40:00+00:00,134.549,134.567,134.504,134.556,1974.77
2023-05-03 23:45:00+00:00,134.554,134.58,134.53,134.566,2004.44
2023-05-03 23:50:00+00:00,134.566,134.585,134.529,134.531,1658.11
2023-05-03 23:55:00+00:00,134.53,134.559,134.513,134.551,1568.69
2023-05-04 00:00:00+00:00,134.549,134.573,134.43,134.443,2851.84
2023-05-04 00:05:00+00:00,134.439,134.456,134.353,134.376,4015.93
2023-05-04 00:10:00+00:00,134.377,134.452,134.371,134.424,1905.57
2023-05-04 00:15:00+00:00,134.424,134.43,134.381,134.408,2557.92
2023-05-04 00:20:00+00:00,134.408,134.428,134.346,134.389,3854.19
2023-05-04 00:25:00+00:00,134.388,134.464,134.384,134.446,2380.16
2023-05-04 00:30:00+00:00,134.446,134.446,134.38,134.437,2045.98
2023-05-04 00:35:00+00:00,134.438,134.449,134.345,134.367,2466.57
2023-05-04 00:40:00+00:00,134.367,134.432,134.366,134.411,2324.6
2023-05-04 00:45:00+00:00,134.411,134.462,134.399,134.452,1773.24
2023-05-04 00:50:00+00:00,134.452,134.483,134.412,134.438,1781.14
2023-05-04 00:55:00+00:00,134.44,134.53,134.42,134.524,2747.45
2023-05-04 01:00:00+00:00,134.525,134.528,134.487,134.511,2983.73
2023-05-04 01:05:00+00:00,134.513,134.558,134.501,134.516,3579.32
2023-05-04 01:10:00+00:00,134.517,134.551,134.501,134.526,2383.17
2023-05-04 01:15:00+00:00,134.527,134.555,134.525,134.551,1386.51
2023-05-04 01:20:00+00:00,134.553,134.575,134.537,134.562,1414.04
2023-05-04 01:25:00+00:00,134.561,134.568,134.501,134.528,1425.63
2023-05-04 01:30:00+00:00,134.527,134.573,134.508,134.572,1139.55
2023-05-04 01:35:00+00:00,134.572,134.626,134.571,134.579,1853.72
2023-05-04 01:40:00+00:00,134.579,134.586,134.501,134.502,2183.25
2023-05-04 01:45:00+00:00,134.501,134.556,134.494,134.551,1490.3
2023-05-04 01:50:00+00:00,134.549,134.578,134.52,134.544,1759.63
2023-05-04 01:55:00+00:00,134.544,134.563,134.515,134.537,1449.39
2023-05-04 02:00:00+00:00,134.537,134.537,134.503,134.52,2362.2
2023-05-04 02:05:00+00:00,134.521,134.525,134.491,134.5,1319.82
2023-05-04 02:10:00+00:00,134.5,134.517,134.487,134.508,1848.05
2023-05-04 02:15:00+00:00,134.509,134.519,134.487,134.496,1507.59
2023-05-04 02:20:00+00:00,134.496,134.502,134.486,134.49,1368.45
2023-05-04 02:25:00+00:00,134.491,134.502,134.466,134.481,1418.82
2023-05-04 02:30:00+00:00,134.481,134.489,134.467,134.487,980.7
2023-05-04 02:35:00+00:00,134.488,134.499,134.487,134.496,1731.22
2023-05-04 02:40:00+00:00,134.497,134.497,134.466,134.472,1542.78
2023-05-04 02:45:00+00:00,134.472,134.499,134.467,134.478,2063.1
2023-05-04 02:50:00+00:00,134.479,134.506,134.467,134.496,1766.44
2023-05-04 02:55:00+00:00,134.495,134.497,134.447,134.475,2063.03
2023-05-04 03:00:00+00:00,134.475,134.479,134.449,134.473,1152.15
2023-05-04 03:05:00+00:00,134.473,134.501,134.47,134.489,1426.95
2023-05-04 03:10:00+00:00,134.487,134.493,134.473,134.489,1499.9
2023-05-04 03:15:00+00:00,134.488,134.554,134.485,134.55,1174.8
2023-05-04 03:20:00+00:00,134.549,134.555,134.526,134.534,630.23
2023-05-04 03:25:00+00:00,134.534,134.562,134.497,134.515,1429.41
2023-05-04 03:30:00+00:00,134.517,134.53,134.5,134.515,1811.81
2023-05-04 03:35:00+00:00,134.514,134.527,134.507,134.517,2391.75
2023-05-04 03:40:00+00:00,134.518,134.524,134.506,134.512,1794.05
2023-05-04 03:45:00+00:00,134.512,134.513,134.471,134.473,1445.85
2023-05-04 03:50:00+00:00,134.473,134.525,134.472,134.524,859.95
2023-05-04 03:55:00+00:00,134.532,134.537,134.497,134.51,1196.62
2023-05-04 04:00:00+00:00,134.512,134.519,134.481,134.482,1012.37
2023-05-04 04:05:00+00:00,134.483,134.506,134.468,134.472,883.49
2023-05-04 04:10:00+00:00,134.472,134.491,134.465,134.487,971.66
2023-05-04 04:15:00+00:00,134.487,134.516,134.48,134.515,965.63
2023-05-04 04:20:00+00:00,134.515,134.518,134.494,134.496,1340.68
2023-05-04 04:25:00+00:00,134.498,134.499,134.398,134.46,1902.85
2023-05-04 04:30:00+00:00,134.46,134.491,134.446,134.487,1957.05
2023-05-04 04:35:00+00:00,134.486,134.487,134.461,134.484,1565.57
2023-05-04 04:40:00+00:00,134.483,134.486,134.459,134.478,1165.42
2023-05-04 04:45:00+00:00,134.48,134.489,134.47,134.479,1059.65
2023-05-04 04:50:00+00:00,134.48,134.55,134.48,134.541,1823.25
2023-05-04 04:55:00+00:00,134.541,134.605,134.54,134.567,2148.86
2023-05-04 05:00:00+00:00,134.567,134.573,134.519,134.527,2042.65
2023-05-04 05:05:00+00:00,134.526,134.57,134.511,134.564,1328.85
2023-05-04 05:10:00+00:00,134.563,134.586,134.536,134.543,1138.33
2023-05-04 05:15:00+00:00,134.546,134.551,134.517,134.518,783.75
2023-05-04 05:20:00+00:00,134.517,134.518,134.492,134.498,842.64
2023-05-04 05:25:00+00:00,134.497,134.5,134.481,134.49,997.05
2023-05-04 05:30:00+00:00,134.489,134.5,134.46,134.464,1784.97
2023-05-04 05:35:00+00:00,134.465,134.506,134.463,134.499,2510.85
2023-05-04 05:40:00+00:00,134.5,134.513,134.47,134.477,2052.0
2023-05-04 05:45:00+00:00,134.478,134.478,134.447,134.457,918.76
2023-05-04 05:50:00+00:00,134.455,134.473,134.45,134.453,1593.45
2023-05-04 05:55:00+00:00,134.453,134.467,134.447,134.449,1778.79
2023-05-04 06:00:00+00:00,134.448,134.553,134.436,134.455,3758.12
2023-05-04 06:05:00+00:00,134.456,134.501,134.443,134.499,2454.45
2023-05-04 06:10:00+00:00,134.499,134.509,134.447,134.455,2663.69
2023-05-04 06:15:00+00:00,134.458,134.492,134.391,134.408,2987.03
2023-05-04 06:20:00+00:00,134.407,134.415,134.347,134.351,3024.31
2023-05-04 06:25:00+00:00,134.352,134.352,134.292,134.301,3231.6
2023-05-04 06:30:00+00:00,134.302,134.342,134.247,134.259,2451.95
2023-05-04 06:35:00+00:00,134.258,134.291,134.153,134.18,3204.74
2023-05-04 06:40:00+00:00,134.18,134.23,134.147,134.223,2976.64
2023-05-04 06:45:00+00:00,134.222,134.286,134.177,134.283,2659.05
2023-05-04 06:50:00+00:00,134.284,134.328,134.232,134.314,3068.55
2023-05-04 06:55:00+00:00,134.315,134.394,134.31,134.347,2969.15
2023-05-04 07:00:00+00:00,134.346,134.484,134.335,134.478,5445.15
2023-05-04 07:05:00+00:00,134.478,134.571,134.448,134.568,5800.79
2023-05-04 07:10:00+00:00,134.567,134.568,134.434,134.531,5248.21
2023-05-04 07:15:00+00:00,134.532,134.591,134.492,134.591,5337.97
2023-05-04 07:20:00+00:00,134.59,134.733,134.568,134.72,5714.0
2023-05-04 07:25:00+00:00,134.72,134.736,134.625,134.723,5829.36
2023-05-04 07:30:00+00:00,134.721,134.807,134.7,134.775,4916.06
2023-05-04 07:35:00+00:00,134.773,134.815,134.758,134.768,4259.46
2023-05-04 07:40:00+00:00,134.769,134.781,134.699,134.73,5214.79
2023-05-04 07:45:00+00:00,134.73,134.73,134.681,134.694,4130.06
2023-05-04 07:50:00+00:00,134.693,134.7,134.633,134.652,4683.63
2023-05-04 07:55:00+00:00,134.652,134.686,134.613,134.672,3994.69
2023-05-04 08:00:00+00:00,134.671,134.724,134.627,134.712,4672.21
2023-05-04 08:05:00+00:00,134.711,134.711,134.647,134.66,3476.62
2023-05-04 08:10:00+00:00,134.661,134.669,134.596,134.615,3355.79
2023-05-04 08:15:00+00:00,134.616,134.742,134.615,134.733,3842.13
2023-05-04 08:20:00+00:00,134.737,134.749,134.648,134.652,3228.13
2023-05-04 08:25:00+00:00,134.653,134.663,134.615,134.652,2515.77
2023-05-04 08:30:00+00:00,134.654,134.673,134.626,134.661,2637.64
2023-05-04 08:35:00+00:00,134.661,134.718,134.656,134.671,4262.35
2023-05-04 08:40:00+00:00,134.671,134.686,134.601,134.682,3350.8
2023-05-04 08:45:00+00:00,134.682,134.689,134.624,134.643,3127.97
2023-05-04 08:50:00+00:00,134.646,134.664,134.624,134.629,5255.03
2023-05-04 08:55:00+00:00,134.63,134.634,134.574,134.599,2835.96
2023-05-04 09:00:00+00:00,134.599,134.714,134.579,134.703,3848.21
2023-05-04 09:05:00+00:00,134.704,134.711,134.662,134.674,2429.71
2023-05-04 09:10:00+00:00,134.676,134.689,134.626,134.63,2322.86
2023-05-04 09:15:00+00:00,134.631,134.66,134.618,134.644,2542.24
2023-05-04 09:20:00+00:00,134.643,134.645,134.61,134.611,2351.72
2023-05-04 09:25:00+00:00,134.611,134.645,134.603,134.616,2363.21
2023-05-04 09:30:00+00:00,134.616,134.621,134.583,134.614,2027.37
2023-05-04 09:35:00+00:00,134.613,134.614,134.553,134.606,3196.86
2023-05-04 09:40:00+00:00,134.607,134.67,134.603,134.641,4156.47
2023-05-04 09:45:00+00:00,134.641,134.662,134.605,134.607,2999.22
2023-05-04 09:50:00+00:00,134.606,134.609,134.542,134.56,2644.87
2023-05-04 09:55:00+00:00,134.561,134.637,134.554,134.607,2432.17
2023-05-04 10:00:00+00:00,134.606,134.639,134.488,134.49,2685.51
2023-05-04 10:05:00+00:00,134.488,134.505,134.415,134.426,3993.87
2023-05-04 10:10:00+00:00,134.426,134.517,134.423,134.516,2764.6
2023-05-04 10:15:00+00:00,134.517,134.571,134.517,134.564,1551.15
2023-05-04 10:20:00+00:00,134.562,134.616,134.516,134.595,3033.36
2023-05-04 10:25:00+00:00,134.596,134.633,134.585,134.606,2519.27
2023-05-04 10:30:00+00:00,134.607,134.642,134.585,134.634,2972.83
2023-05-04 10:35:00+00:00,134.633,134.652,134.606,134.643,2428.78
2023-05-04 10:40:00+00:00,134.643,134.652,134.595,134.595,2375.52
2023-05-04 10:45:00+00:00,134.596,134.613,134.517,134.525,2970.41
2023-05-04 10:50:00+00:00,134.527,134.533,134.481,134.482,2881.94
2023-05-04 10:55:00+00:00,134.481,134.521,134.455,134.483,4545.84
2023-05-04 11:00:00+00:00,134.483,134.513,134.448,134.5,2504.45
2023-05-04 11:05:00+00:00,134.51,134.531,134.45,134.455,2260.39
2023-05-04 11:10:00+00:00,134.455,134.471,134.418,134.458,2965.73
2023-05-04 11:15:00+00:00,134.459,134.522,134.435,134.519,2731.66
2023-05-04 11:20:00+00:00,134.521,134.523,134.41,134.43,2405.19
2023-05-04 11:25:00+00:00,134.43,134.481,134.403,134.479,3043.99
2023-05-04 11:30:00+00:00,134.479,134.483,134.415,134.441,2586.75
2023-05-04 11:35:00+00:00,134.44,134.49,134.418,134.48,2710.91
2023-05-04 11:40:00+00:00,134.481,134.481,134.394,134.427,2493.69
2023-05-04 11:45:00+00:00,134.427,134.478,134.422,134.453,2764.83
2023-05-04 11:50:00+00:00,134.454,134.466,134.372,134.379,2750.86
2023-05-04 11:55:00+00:00,134.381,134.424,134.352,134.418,2932.45
2023-05-04 12:00:00+00:00,134.417,134.465,134.411,134.454,3603.45
2023-05-04 12:05:00+00:00,134.451,134.486,134.404,134.463,3276.54
2023-05-04 12:10:00+00:00,134.462,134.464,134.395,134.437,3511.09
2023-05-04 12:15:00+00:00,134.437,134.507,134.322,134.358,8018.25
2023-05-04 12:20:00+00:00,134.36,134.589,134.347,134.586,6673.12
2023-05-04 12:25:00+00:00,134.585,134.588,134.515,134.515,5037.62
2023-05-04 12:30:00+00:00,134.516,134.788,134.44,134.662,7813.7
2023-05-04 12:35:00+00:00,134.661,134.668,134.58,134.582,5079.63
2023-05-04 12:40:00+00:00,134.579,134.603,134.51,134.533,5454.61
2023-05-04 12:45:00+00:00,134.534,134.734,134.52,134.718,4883.59
2023-05-04 12:50:00+00:00,134.715,134.84,134.67,134.813,5243.87
2023-05-04 12:55:00+00:00,134.812,134.866,134.751,134.824,5805.53
2023-05-04 13:00:00+00:00,134.825,134.839,134.692,134.725,5409.18
2023-05-04 13:05:00+00:00,134.727,134.75,134.658,134.694,6701.49
2023-05-04 13:10:00+00:00,134.695,134.803,134.695,134.782,5929.03
2023-05-04 13:15:00+00:00,134.777,134.877,134.772,134.793,4693.41
2023-05-04 13:20:00+00:00,134.792,134.819,134.696,134.705,4349.17
2023-05-04 13:25:00+00:00,134.705,134.763,134.695,134.761,3716.51
2023-05-04 13:30:00+00:00,134.762,134.777,134.695,134.737,5983.45
2023-05-04 13:35:00+00:00,134.735,134.738,134.476,134.49,6299.17
2023-05-04 13:40:00+00:00,134.491,134.51,134.351,134.361,5447.78
2023-05-04 13:45:00+00:00,134.362,134.373,134.229,134.354,7518.67
2023-05-04 13:50:00+00:00,134.355,134.417,134.279,134.379,6553.26
2023-05-04 13:55:00+00:00,134.38,134.431,134.279,134.283,5739.82
2023-05-04 14:00:00+00:00,134.284,134.289,134.111,134.191,7427.23
2023-05-04 14:05:00+00:00,134.191,134.273,134.166,134.267,4868.21
2023-05-04 14:10:00+00:00,134.271,134.336,134.239,134.326,5339.08
2023-05-04 14:15:00+00:00,134.327,134.355,134.076,134.164,8273.78
2023-05-04 14:20:00+00:00,134.166,134.166,133.969,134.02,6759.45
2023-05-04 14:25:00+00:00,134.021,134.078,133.856,133.893,6867.5
2023-05-04 14:30:00+00:00,133.891,133.931,133.821,133.931,5897.77
2023-05-04 14:35:00+00:00,133.927,134.02,133.864,133.89,6585.38
2023-05-04 14:40:00+00:00,133.889,133.972,133.841,133.859,5150.87
2023-05-04 14:45:00+00:00,133.86,134.147,133.855,133.955,7747.52
2023-05-04 14:50:00+00:00,133.955,134.035,133.871,133.969,6185.49
2023-05-04 14:55:00+00:00,133.97,134.034,133.86,133.891,6769.54
2023-05-04 15:00:00+00:00,133.889,134.0,133.864,133.983,6408.69
2023-05-04 15:05:00+00:00,133.984,134.094,133.976,134.062,6014.29
2023-05-04 15:10:00+00:00,134.066,134.115,134.037,134.092,4112.7
2023-05-04 15:15:00+00:00,134.093,134.146,133.992,134.029,4196.76
2023-05-04 15:20:00+00:00,134.029,134.105,134.0,134.051,4194.98
2023-05-04 15:25:00+00:00,134.053,134.069,134.009,134.042,3837.21
2023-05-04 15:30:00+00:00,134.043,134.076,133.898,133.967,4919.07
2023-05-04 15:35:00+00:00,133.967,133.982,133.915,133.96,3858.79
2023-05-04 15:40:00+00:00,133.961,133.979,133.886,133.886,4478.32
2023-05-04 15:45:00+00:00,133.884,133.971,133.768,133.77,4588.59
2023-05-04 15:50:00+00:00,133.769,133.782,133.672,133.746,4986.69
2023-05-04 15:55:00+00:00,133.747,133.813,133.729,133.766,3636.56
2023-05-04 16:00:00+00:00,133.764,133.78,133.684,133.706,4477.6
2023-05-04 16:05:00+00:00,133.706,133.718,133.585,133.595,3995.42
2023-05-04 16:10:00+00:00,133.596,133.609,133.498,133.507,3530.21
2023-05-04 16:15:00+00:00,133.506,133.728,133.506,133.682,4313.14
2023-05-04 16:20:00+00:00,133.682,133.776,133.681,133.767,4032.87
2023-05-04 16:25:00+00:00,133.768,133.792,133.715,133.731,4289.05
2023-05-04 16:30:00+00:00,133.729,133.739,133.622,133.623,3614.63
2023-05-04 16:35:00+00:00,133.624,133.693,133.623,133.677,3282.91
2023-05-04 16:40:00+00:00,133.676,133.68,133.561,133.561,3240.95
2023-05-04 16:45:00+00:00,133.561,133.689,133.542,133.687,3002.37
2023-05-04 16:50:00+00:00,133.688,133.696,133.643,133.68,2376.44
2023-05-04 16:55:00+00:00,133.68,133.768,133.67,133.752,2832.12
2023-05-04 17:00:00+00:00,133.753,133.811,133.738,133.804,3346.44
2023-05-04 17:05:00+00:00,133.806,133.92,133.805,133.919,3661.39
2023-05-04 17:10:00+00:00,133.92,133.921,133.846,133.868,2943.04
2023-05-04 17:15:00+00:00,133.867,133.984,133.856,133.922,2566.76
2023-05-04 17:20:00+00:00,133.923,134.016,133.909,133.982,3229.49
2023-05-04 17:25:00+00:00,133.982,134.006,133.919,133.974,3860.07
2023-05-04 17:30:00+00:00,133.973,134.016,133.936,133.99,2445.61
2023-05-04 17:35:00+00:00,133.991,134.051,133.977,134.005,2817.53
2023-05-04 17:40:00+00:00,134.007,134.018,133.929,133.944,1586.89
2023-05-04 17:45:00+00:00,133.941,133.944,133.905,133.922,741.47
2023-05-04 17:50:00+00:00,133.921,133.99,133.905,133.979,678.86
2023-05-04 17:55:00+00:00,133.981,134.03,133.97,134.03,895.37
2023-05-04 18:00:00+00:00,134.031,134.095,134.019,134.039,942.88
2023-05-04 18:05:00+00:00,134.04,134.084,134.024,134.071,835.23
2023-05-04 18:10:00+00:00,134.075,134.105,134.063,134.104,648.33
2023-05-04 18:15:00+00:00,134.105,134.141,134.089,134.125,471.64
2023-05-04 18:20:00+00:00,134.127,134.198,134.106,134.17,644.22
2023-05-04 18:25:00+00:00,134.176,134.185,134.11,134.116,583.44
2023-05-04 18:30:00+00:00,134.112,134.17,134.09,134.158,643.53
2023-05-04 18:35:00+00:00,134.157,134.201,134.064,134.064,820.04
2023-05-04 18:40:00+00:00,134.063,134.065,134.015,134.027,820.29
2023-05-04 18:45:00+00:00,134.025,134.088,134.014,134.045,514.3
2023-05-04 18:50:00+00:00,134.045,134.077,134.014,134.073,613.8
2023-05-04 18:55:00+00:00,134.07,134.141,134.058,134.135,554.73
2023-05-04 19:00:00+00:00,134.135,134.193,134.129,134.178,923.77
2023-05-04 19:05:00+00:00,134.179,134.233,134.171,134.216,566.8
2023-05-04 19:10:00+00:00,134.217,134.225,134.152,134.155,601.27
2023-05-04 19:15:00+00:00,134.154,134.155,134.099,134.111,521.42
2023-05-04 19:20:00+00:00,134.11,134.153,134.102,134.144,564.36
2023-05-04 19:25:00+00:00,134.143,134.188,134.14,134.148,602.94
2023-05-04 19:30:00+00:00,134.146,134.19,134.146,134.177,342.45
2023-05-04 19:35:00+00:00,134.176,134.204,134.14,134.156,390.25
2023-05-04 19:40:00+00:00,134.153,134.161,134.113,134.124,479.37
2023-05-04 19:45:00+00:00,134.12,134.157,134.102,134.132,537.65
2023-05-04 19:50:00+00:00,134.13,134.16,134.103,134.132,461.92
2023-05-04 19:55:00+00:00,134.134,134.186,134.132,134.152,378.16
2023-05-04 20:00:00+00:00,134.15,134.153,134.115,134.127,632.35
2023-05-04 20:05:00+00:00,134.127,134.146,134.121,134.14,545.48
2023-05-04 20:10:00+00:00,134.136,134.183,134.128,134.176,469.0
2023-05-04 20:15:00+00:00,134.175,134.196,134.157,134.169,558.98
2023-05-04 20:20:00+00:00,134.169,134.184,134.148,134.155,541.9
2023-05-04 20:25:00+00:00,134.155,134.178,134.144,134.165,532.71
2023-05-04 20:30:00+00:00,134.163,134.341,134.16,134.332,446.54
2023-05-04 20:35:00+00:00,134.33,134.349,134.29,134.295,679.97
2023-05-04 20:40:00+00:00,134.295,134.295,134.203,134.233,760.04
2023-05-04 20:45:00+00:00,134.232,134.246,134.213,134.235,345.46
2023-05-04 20:50:00+00:00,134.236,134.264,134.232,134.262,555.0
2023-05-04 20:55:00+00:00,134.259,134.274,134.251,134.267,610.22
2023-05-04 21:05:00+00:00,134.209,134.219,134.193,134.193,13.95
2023-05-04 21:10:00+00:00,134.211,134.211,134.186,134.211,8.28
2023-05-04 21:15:00+00:00,134.198,134.198,134.176,134.193,5.55
2023-05-04 21:20:00+00:00,134.193,134.193,134.176,134.176,6.0
2023-05-04 21:25:00+00:00,134.176,134.217,134.176,134.209,45.49
2023-05-04 21:30:00+00:00,134.211,134.221,134.18,134.213,39.73
2023-05-04 21:35:00+00:00,134.213,134.269,134.203,134.236,72.98
2023-05-04 21:40:00+00:00,134.216,134.241,134.216,134.225,48.94
2023-05-04 21:45:00+00:00,134.227,134.243,134.226,134.243,25.93
2023-05-04 21:50:00+00:00,134.236,134.24,134.208,134.225,62.52
2023-05-04 21:55:00+00:00,134.228,134.241,134.206,134.234,24.92
2023-05-04 22:00:00+00:00,134.234,134.285,134.226,134.275,118.53
2023-05-04 22:05:00+00:00,134.275,134.304,134.261,134.284,155.56
2023-05-04 22:10:00+00:00,134.285,134.288,134.262,134.279,243.83
2023-05-04 22:15:00+00:00,134.28,134.309,134.271,134.286,325.41
2023-05-04 22:20:00+00:00,134.287,134.308,134.258,134.259,362.65
2023-05-04 22:25:00+00:00,134.261,134.294,134.257,134.272,392.86
2023-05-04 22:30:00+00:00,134.271,134.283,134.26,134.262,355.56
2023-05-04 22:35:00+00:00,134.263,134.263,134.241,134.262,421.2
2023-05-04 22:40:00+00:00,134.261,134.289,134.251,134.287,359.52
2023-05-04 22:45:00+00:00,134.283,134.283,134.244,134.279,330.06
2023-05-04 22:50:00+00:00,134.278,134.309,134.269,134.304,476.74
2023-05-04 22:55:00+00:00,134.304,134.304,134.271,134.289,514.25
2023-05-04 23:00:00+00:00,134.289,134.294,134.209,134.213,678.23
2023-05-04 23:05:00+00:00,134.213,134.252,134.213,134.229,618.2
2023-05-04 23:10:00+00:00,134.23,134.265,134.23,134.258,220.09
2023-05-04 23:15:00+00:00,134.258,134.258,134.219,134.235,229.19
2023-05-04 23:20:00+00:00,134.234,134.246,134.229,134.242,268.39
2023-05-04 23:25:00+00:00,134.241,134.257,134.224,134.247,197.75
2023-05-04 23:30:00+00:00,134.248,134.259,134.23,134.24,387.25
2023-05-04 23:35:00+00:00,134.239,134.243,134.213,134.219,268.88
2023-05-04 23:40:00+00:00,134.22,134.222,134.169,134.169,258.79
2023-05-04 23:45:00+00:00,134.17,134.201,134.17,134.196,184.44
2023-05-04 23:50:00+00:00,134.196,134.229,134.195,134.195,139.92
2023-05-04 23:55:00+00:00,134.187,134.203,134.159,134.161,311.73
2023-05-05 00:00:00+00:00,134.161,134.223,134.144,134.206,381.49
2023-05-05 00:05:00+00:00,134.207,134.258,134.207,134.248,301.64
2023-05-05 00:10:00+00:00,134.247,134.248,134.204,134.223,249.49
2023-05-05 00:15:00+00:00,134.223,134.226,134.182,134.188,311.5
2023-05-05 00:20:00+00:00,134.186,134.192,134.131,134.166,485.54
2023-05-05 00:25:00+00:00,134.167,134.187,134.131,134.153,299.68
2023-05-05 00:30:00+00:00,134.153,134.192,134.135,134.187,318.22
2023-05-05 00:35:00+00:00,134.188,134.189,134.13,134.134,368.1
2023-05-05 00:40:00+00:00,134.132,134.153,134.079,134.089,254.32
2023-05-05 00:45:00+00:00,134.095,134.143,134.095,134.118,390.64
2023-05-05 00:50:00+00:00,134.118,134.141,134.075,134.128,437.95
2023-05-05 00:55:00+00:00,134.127,134.187,134.112,134.131,571.64
2023-05-05 01:00:00+00:00,134.126,134.126,134.078,134.097,461.3
2023-05-05 01:05:00+00:00,134.1,134.1,134.064,134.077,391.57
2023-05-05 01:10:00+00:00,134.075,134.08,134.031,134.031,544.71
2023-05-05 01:15:00+00:00,134.029,134.041,134.008,134.032,385.11
2023-05-05 01:20:00+00:00,134.032,134.066,134.014,134.014,293.46
2023-05-05 01:25:00+00:00,134.013,134.03,133.993,134.005,393.96
2023-05-05 01:30:00+00:00,134.004,134.026,133.977,134.012,513.19
2023-05-05 01:35:00+00:00,134.015,134.04,134.011,134.024,346.25
2023-05-05 01:40:00+00:00,134.026,134.042,134.011,134.02,281.77
2023-05-05 01:45:00+00:00,134.02,134.054,134.015,134.052,333.0
2023-05-05 01:50:00+00:00,134.053,134.059,134.01,134.025,348.0
2023-05-05 01:55:00+00:00,134.026,134.052,134.023,134.033,239.45
2023-05-05 02:00:00+00:00,134.031,134.043,134.011,134.037,338.16
2023-05-05 02:05:00+00:00,134.042,134.055,134.03,134.052,244.3
2023-05-05 02:10:00+00:00,134.052,134.105,134.051,134.096,475.05
2023-05-05 02:15:00+00:00,134.097,134.113,134.087,134.089,341.73
2023-05-05 02:20:00+00:00,134.088,134.089,134.068,134.078,510.37
2023-05-05 02:25:00+00:00,134.078,134.144,134.078,134.126,310.3
2023-05-05 02:30:00+00:00,134.126,134.135,134.1,134.135,679.5
2023-05-05 02:35:00+00:00,134.133,134.142,134.111,134.134,456.97
2023-05-05 02:40:00+00:00,134.134,134.142,134.123,134.126,425.62
2023-05-05 02:45:00+00:00,134.127,134.145,134.11,134.118,622.75
2023-05-05 02:50:00+00:00,134.118,134.12,134.066,134.097,555.8
2023-05-05 02:55:00+00:00,134.097,134.102,134.081,134.097,241.95
2023-05-05 03:00:00+00:00,134.097,134.128,134.088,134.089,305.7
2023-05-05 03:05:00+00:00,134.09,134.102,134.079,134.088,192.0
2023-05-05 03:10:00+00:00,134.086,134.087,134.054,134.064,403.25
2023-05-05 03:15:00+00:00,134.062,134.069,134.051,134.061,263.7
2023-05-05 03:20:00+00:00,134.06,134.065,134.035,134.038,268.15
2023-05-05 03:25:00+00:00,134.036,134.036,133.979,134.007,337.81
2023-05-05 03:30:00+00:00,134.008,134.012,133.988,134.011,257.9
2023-05-05 03:35:00+00:00,134.011,134.038,134.007,134.024,454.57
2023-05-05 03:40:00+00:00,134.026,134.043,134.015,134.025,491.1
2023-05-05 03:45:00+00:00,134.019,134.024,133.999,134.019,235.13
2023-05-05 03:50:00+00:00,134.017,134.028,134.009,134.023,275.95
2023-05-05 03:55:00+00:00,134.024,134.037,134.017,134.037,111.9
2023-05-05 04:00:00+00:00,134.037,134.052,134.027,134.028,243.69
2023-05-05 04:05:00+00:00,134.029,134.053,134.024,134.043,159.22
2023-05-05 04:10:00+00:00,134.039,134.049,134.013,134.016,273.51
2023-05-05 04:15:00+00:00,134.015,134.019,133.996,133.998,194.97
2023-05-05 04:20:00+00:00,133.997,134.001,133.963,133.963,185.97
2023-05-05 04:25:00+00:00,133.964,133.964,133.913,133.918,201.91
2023-05-05 04:30:00+00:00,133.918,133.945,133.911,133.94,115.36
2023-05-05 04:35:00+00:00,133.939,133.983,133.938,133.947,166.93
2023-05-05 04:40:00+00:00,133.945,133.972,133.942,133.964,142.9
2023-05-05 04:45:00+00:00,133.965,133.984,133.965,133.983,154.49
2023-05-05 04:50:00+00:00,133.982,133.998,133.961,133.979,252.66
2023-05-05 04:55:00+00:00,133.98,133.98,133.949,133.966,257.61
2023-05-05 05:00:00+00:00,133.97,133.98,133.883,133.9,341.22
2023-05-05 05:05:00+00:00,133.899,133.909,133.882,133.905,157.45
2023-05-05 05:10:00+00:00,133.906,133.927,133.9,133.908,315.94
2023-05-05 05:15:00+00:00,133.909,133.938,133.909,133.927,183.52
2023-05-05 05:20:00+00:00,133.927,133.941,133.91,133.925,295.35
2023-05-05 05:25:00+00:00,133.925,133.931,133.894,133.906,300.94
2023-05-05 05:30:00+00:00,133.905,133.919,133.89,133.897,288.94
2023-05-05 05:35:00+00:00,133.898,133.935,133.896,133.91,290.14
2023-05-05 05:40:00+00:00,133.908,133.95,133.891,133.891,332.17
2023-05-05 05:45:00+00:00,133.889,133.971,133.889,133.97,383.64
2023-05-05 05:50:00+00:00,133.969,134.024,133.963,134.008,638.48
2023-05-05 05:55:00+00:00,134.009,134.011,133.963,133.997,342.2
2023-05-05 06:00:00+00:00,133.996,133.996,133.888,133.961,740.9
2023-05-05 06:05:00+00:00,133.966,134.08,133.964,134.046,845.23
2023-05-05 06:10:00+00:00,134.047,134.094,134.003,134.092,535.52
2023-05-05 06:15:00+00:00,134.092,134.106,134.036,134.09,667.14
2023-05-05 06:20:00+00:00,134.09,134.153,134.09,134.13,750.91
2023-05-05 06:25:00+00:00,134.128,134.173,134.087,134.166,637.62
2023-05-05 06:30:00+00:00,134.168,134.17,134.117,134.124,649.05
2023-05-05 06:35:00+00:00,134.123,134.169,134.087,134.149,899.68
2023-05-05 06:40:00+00:00,134.151,134.156,134.059,134.067,883.0
2023-05-05 06:45:00+00:00,134.068,134.102,134.026,134.054,803.18
2023-05-05 06:50:00+00:00,134.053,134.142,134.052,134.088,955.12
2023-05-05 06:55:00+00:00,134.085,134.097,134.044,134.068,644.1
2023-05-05 07:00:00+00:00,134.067,134.09,134.022,134.041,1530.76
2023-05-05 07:05:00+00:00,134.041,134.131,134.039,134.117,1201.62
2023-05-05 07:10:00+00:00,134.116,134.186,134.116,134.17,1315.66
2023-05-05 07:15:00+00:00,134.169,134.179,134.123,134.157,1008.9
2023-05-05 07:20:00+00:00,134.156,134.214,134.128,134.197,1157.46
2023-05-05 07:25:00+00:00,134.195,134.212,134.149,134.157,837.83
2023-05-05 07:30:00+00:00,134.157,134.167,134.123,134.136,1040.17
2023-05-05 07:35:00+00:00,134.14,134.179,134.069,134.087,907.81
2023-05-05 07:40:00+00:00,134.088,134.133,134.068,134.099,860.19
2023-05-05 07:45:00+00:00,134.099,134.142,134.053,134.055,763.81
2023-05-05 07:50:00+00:00,134.056,134.099,134.052,134.081,786.5
2023-05-05 07:55:00+00:00,134.08,134.085,134.011,134.054,669.02
2023-05-05 08:00:00+00:00,134.053,134.053,133.961,133.966,943.43
2023-05-05 08:05:00+00:00,133.971,134.028,133.971,133.992,955.08
2023-05-05 08:10:00+00:00,133.994,134.083,133.994,134.08,673.51
2023-05-05 08:15:00+00:00,134.08,134.091,133.997,134.041,777.17
2023-05-05 08:20:00+00:00,134.038,134.039,133.972,133.981,749.1
2023-05-05 08:25:00+00:00,133.979,134.043,133.97,134.026,663.43
2023-05-05 08:30:00+00:00,134.027,134.064,134.024,134.044,573.25
2023-05-05 08:35:00+00:00,134.042,134.059,133.982,133.998,776.6
2023-05-05 08:40:00+00:00,133.999,134.091,133.995,134.078,652.87
2023-05-05 08:45:00+00:00,134.077,134.129,134.073,134.104,736.22
2023-05-05 08:50:00+00:00,134.104,134.182,134.104,134.164,775.22
2023-05-05 08:55:00+00:00,134.166,134.192,134.141,134.149,557.51
2023-05-05 09:00:00+00:00,134.149,134.166,134.112,134.141,966.23
2023-05-05 09:05:00+00:00,134.141,134.167,134.114,134.134,691.56
2023-05-05 09:10:00+00:00,134.136,134.152,134.118,134.131,685.26
2023-05-05 09:15:00+00:00,134.128,134.133,134.093,134.113,629.66
2023-05-05 09:20:00+00:00,134.114,134.177,134.113,134.175,478.21
2023-05-05 09:25:00+00:00,134.176,134.203,134.173,134.191,536.54
2023-05-05 09:30:00+00:00,134.192,134.227,134.181,134.187,505.19
2023-05-05 09:35:00+00:00,134.19,134.202,134.165,134.174,500.29
2023-05-05 09:40:00+00:00,134.177,134.215,134.176,134.193,564.7
2023-05-05 09:45:00+00:00,134.194,134.245,134.191,134.233,633.69
2023-05-05 09:50:00+00:00,134.233,134.236,134.203,134.209,491.68
2023-05-05 09:55:00+00:00,134.21,134.21,134.18,134.183,492.69
2023-05-05 10:00:00+00:00,134.182,134.184,134.148,134.148,555.99
2023-05-05 10:05:00+00:00,134.148,134.178,134.137,134.156,743.91
2023-05-05 10:10:00+00:00,134.157,134.166,134.123,134.147,679.12
2023-05-05 10:15:00+00:00,134.147,134.165,134.132,134.158,650.17
2023-05-05 10:20:00+00:00,134.161,134.204,134.16,134.202,653.83
2023-05-05 10:25:00+00:00,134.2,134.204,134.176,134.202,621.29
2023-05-05 10:30:00+00:00,134.202,134.276,134.202,134.275,581.2
2023-05-05 10:35:00+00:00,134.275,134.277,134.231,134.274,529.45
2023-05-05 10:40:00+00:00,134.272,134.293,134.247,134.254,478.17
2023-05-05 10:45:00+00:00,134.253,134.266,134.211,134.213,476.13
2023-05-05 10:50:00+00:00,134.212,134.219,134.168,134.176,570.81
2023-05-05 10:55:00+00:00,134.177,134.223,134.177,134.211,494.62
2023-05-05 11:00:00+00:00,134.212,134.23,134.201,134.211,502.32
2023-05-05 11:05:00+00:00,134.208,134.244,134.193,134.233,463.22
2023-05-05 11:10:00+00:00,134.234,134.249,134.222,134.231,576.6
2023-05-05 11:15:00+00:00,134.232,134.244,134.202,134.23,659.45
2023-05-05 11:20:00+00:00,134.23,134.242,134.216,134.231,566.13
2023-05-05 11:25:00+00:00,134.231,134.272,134.22,134.249,561.72
2023-05-05 11:30:00+00:00,134.25,134.286,134.238,134.255,705.32
2023-05-05 11:35:00+00:00,134.253,134.253,134.193,134.204,566.36
2023-05-05 11:40:00+00:00,134.205,134.247,134.201,134.247,554.29
2023-05-05 11:45:00+00:00,134.25,134.259,134.212,134.249,446.81
2023-05-05 11:50:00+00:00,134.25,134.286,134.238,134.257,634.79
2023-05-05 11:55:00+00:00,134.257,134.278,134.245,134.248,598.52
2023-05-05 12:00:00+00:00,134.248,134.266,134.208,134.231,659.72
2023-05-05 12:05:00+00:00,134.231,134.238,134.194,134.197,567.13
2023-05-05 12:10:00+00:00,134.196,134.201,134.17,134.191,629.03
2023-05-05 12:15:00+00:00,134.187,134.229,134.169,134.181,624.25
2023-05-05 12:20:00+00:00,134.18,134.301,134.171,134.299,734.95
2023-05-05 12:25:00+00:00,134.298,134.338,134.219,134.248,1545.24
2023-05-05 12:30:00+00:00,134.282,135.105,134.282,134.768,4604.56
2023-05-05 12:35:00+00:00,134.77,134.944,134.692,134.938,3371.01
2023-05-05 12:40:00+00:00,134.94,135.063,134.913,135.062,2936.7
2023-05-05 12:45:00+00:00,135.067,135.121,134.897,134.91,2550.95
2023-05-05 12:50:00+00:00,134.909,135.05,134.9,135.05,2227.79
2023-05-05 12:55:00+00:00,135.052,135.065,134.955,134.97,1740.13
2023-05-05 13:00:00+00:00,134.97,134.983,134.845,134.849,1912.57
2023-05-05 13:05:00+00:00,134.851,134.916,134.792,134.795,1613.83
2023-05-05 13:10:00+00:00,134.8,134.875,134.738,134.74,1642.22
2023-05-05 13:15:00+00:00,134.741,134.807,134.714,134.781,1004.55
2023-05-05 13:20:00+00:00,134.779,134.886,134.776,134.884,1426.62
2023-05-05 13:25:00+00:00,134.883,134.913,134.815,134.869,1218.33
2023-05-05 13:30:00+00:00,134.869,134.94,134.757,134.935,1740.19
2023-05-05 13:35:00+00:00,134.931,134.97,134.883,134.922,1615.67
2023-05-05 13:40:00+00:00,134.922,135.066,134.921,135.041,1675.43
2023-05-05 13:45:00+00:00,135.04,135.067,134.963,135.024,1650.65
2023-05-05 13:50:00+00:00,135.03,135.044,134.826,134.826,1680.46
2023-05-05 13:55:00+00:00,134.826,134.883,134.804,134.842,1188.22
2023-05-05 14:00:00+00:00,134.838,134.851,134.75,134.77,1487.36
2023-05-05 14:05:00+00:00,134.772,134.861,134.772,134.802,1429.35
2023-05-05 14:10:00+00:00,134.799,134.871,134.767,134.767,1082.07
2023-05-05 14:15:00+00:00,134.768,134.79,134.741,134.769,1018.49
2023-05-05 14:20:00+00:00,134.77,134.826,134.689,134.714,1448.86
2023-05-05 14:25:00+00:00,134.715,134.791,134.701,134.723,1406.23
2023-05-05 14:30:00+00:00,134.725,134.803,134.721,134.742,1391.03
2023-05-05 14:35:00+00:00,134.744,134.804,134.729,134.79,1179.96
2023-05-05 14:40:00+00:00,134.788,134.805,134.754,134.776,1199.29
2023-05-05 14:45:00+00:00,134.775,134.802,134.722,134.798,1226.33
2023-05-05 14:50:00+00:00,134.798,134.859,134.794,134.853,1176.54
2023-05-05 14:55:00+00:00,134.854,134.902,134.842,134.856,1109.55
2023-05-05 15:00:00+00:00,134.856,134.922,134.851,134.864,1206.85
2023-05-05 15:05:00+00:00,134.864,134.894,134.823,134.856,1163.85
2023-05-05 15:10:00+00:00,134.856,134.878,134.797,134.802,1229.23
2023-05-05 15:15:00+00:00,134.803,134.829,134.777,134.814,1086.53
2023-05-05 15:20:00+00:00,134.813,134.908,134.811,134.886,1006.42
2023-05-05 15:25:00+00:00,134.887,134.903,134.872,134.883,851.67
2023-05-05 15:30:00+00:00,134.884,134.948,134.875,134.892,796.89
2023-05-05 15:35:00+00:00,134.892,134.892,134.835,134.85,677.63
2023-05-05 15:40:00+00:00,134.85,134.912,134.84,134.848,687.49
2023-05-05 15:45:00+00:00,134.846,134.868,134.812,134.818,657.47
2023-05-05 15:50:00+00:00,134.817,134.902,134.816,134.834,779.42
2023-05-05 15:55:00+00:00,134.834,134.874,134.834,134.859,402.06
2023-05-05 16:00:00+00:00,134.858,134.883,134.809,134.809,876.05
2023-05-05 16:05:00+00:00,134.807,134.811,134.765,134.786,852.39
2023-05-05 16:10:00+00:00,134.787,134.808,134.766,134.772,704.05
2023-05-05 16:15:00+00:00,134.77,134.795,134.759,134.784,489.75
2023-05-05 16:20:00+00:00,134.784,134.792,134.771,134.777,239.41
2023-05-05 16:25:00+00:00,134.778,134.8,134.776,134.793,337.02
2023-05-05 16:30:00+00:00,134.791,134.822,134.783,134.82,421.6
2023-05-05 16:35:00+00:00,134.82,134.839,134.792,134.795,240.6
2023-05-05 16:40:00+00:00,134.795,134.832,134.747,134.748,399.02
2023-05-05 16:45:00+00:00,134.749,134.755,134.681,134.69,350.95
2023-05-05 16:50:00+00:00,134.689,134.692,134.621,134.644,465.47
2023-05-05 16:55:00+00:00,134.644,134.691,134.631,134.663,395.67
2023-05-05 17:00:00+00:00,134.664,134.683,134.641,134.641,362.93
2023-05-05 17:05:00+00:00,134.642,134.684,134.641,134.683,279.99
2023-05-05 17:10:00+00:00,134.682,134.694,134.669,134.694,285.51
2023-05-05 17:15:00+00:00,134.694,134.716,134.694,134.706,279.52
2023-05-05 17:20:00+00:00,134.706,134.748,134.706,134.709,405.21
2023-05-05 17:25:00+00:00,134.708,134.769,134.704,134.764,286.59
2023-05-05 17:30:00+00:00,134.766,134.777,134.756,134.765,284.77
2023-05-05 17:35:00+00:00,134.767,134.812,134.767,134.791,437.47
2023-05-05 17:40:00+00:00,134.792,134.806,134.774,134.784,341.7
2023-05-05 17:45:00+00:00,134.785,134.795,134.76,134.784,230.51
2023-05-05 17:50:00+00:00,134.791,134.796,134.777,134.777,137.55
2023-05-05 17:55:00+00:00,134.777,134.784,134.758,134.783,267.57
2023-05-05 18:00:00+00:00,134.782,134.803,134.755,134.799,175.39
2023-05-05 18:05:00+00:00,134.801,134.802,134.76,134.776,191.91
2023-05-05 18:10:00+00:00,134.776,134.781,134.759,134.77,142.2
2023-05-05 18:15:00+00:00,134.774,134.789,134.763,134.778,138.0
2023-05-05 18:20:00+00:00,134.777,134.806,134.767,134.803,189.4
2023-05-05 18:25:00+00:00,134.802,134.823,134.776,134.778,257.24
2023-05-05 18:30:00+00:00,134.779,134.789,134.766,134.783,231.57
2023-05-05 18:35:00+00:00,134.782,134.805,134.765,134.783,212.95
2023-05-05 18:40:00+00:00,134.784,134.798,134.759,134.765,231.67
2023-05-05 18:45:00+00:00,134.766,134.783,134.755,134.77,207.1
2023-05-05 18:50:00+00:00,134.772,134.791,134.757,134.786,309.51
2023-05-05 18:55:00+00:00,134.784,134.815,134.776,134.796,391.04
2023-05-05 19:00:00+00:00,134.795,134.806,134.762,134.802,339.07
2023-05-05 19:05:00+00:00,134.804,134.812,134.793,134.802,189.35
2023-05-05 19:10:00+00:00,134.803,134.81,134.772,134.772,260.9
2023-05-05 19:15:00+00:00,134.773,134.787,134.765,134.77,169.97
2023-05-05 19:20:00+00:00,134.771,134.804,134.756,134.802,349.72
2023-05-05 19:25:00+00:00,134.801,134.81,134.793,134.802,286.62
2023-05-05 19:30:00+00:00,134.802,134.813,134.79,134.812,241.44
2023-05-05 19:35:00+00:00,134.811,134.827,134.797,134.805,269.55
2023-05-05 19:40:00+00:00,134.804,134.831,134.803,134.82,199.92
2023-05-05 19:45:00+00:00,134.82,134.841,134.814,134.831,180.9
2023-05-05 19:50:00+00:00,134.83,134.83,134.807,134.811,164.67
2023-05-05 19:55:00+00:00,134.81,134.857,134.804,134.857,196.5
2023-05-05 20:00:00+00:00,134.858,134.867,134.829,134.844,184.25
2023-05-05 20:05:00+00:00,134.839,134.878,134.836,134.866,169.82
2023-05-05 20:10:00+00:00,134.865,134.868,134.85,134.852,113.85
2023-05-05 20:15:00+00:00,134.85,134.855,134.838,134.85,79.65
2023-05-05 20:20:00+00:00,134.847,134.861,134.836,134.86,98.25
2023-05-05 20:25:00+00:00,134.862,134.862,134.814,134.814,133.54
2023-05-05 20:30:00+00:00,134.814,134.829,134.803,134.825,88.47
2023-05-05 20:35:00+00:00,134.824,134.828,134.811,134.814,219.66
2023-05-05 20:40:00+00:00,134.814,134.819,134.801,134.818,139.98
2023-05-05 20:45:00+00:00,134.817,134.826,134.807,134.814,340.56
2023-05-05 20:50:00+00:00,134.816,134.852,134.814,134.83,867.71
2023-05-05 20:55:00+00:00,134.83,134.845,134.777,134.782,432.24
2023-05-07 21:00:00+00:00,134.794,134.847,134.794,134.847,2.4
2023-05-07 21:05:00+00:00,134.847,134.847,134.846,134.847,19.2
2023-05-07 21:10:00+00:00,134.847,134.863,134.847,134.861,11.7
2023-05-07 21:15:00+00:00,134.861,134.861,134.819,134.819,36.0
2023-05-07 21:20:00+00:00,134.819,134.828,134.819,134.822,15.8
2023-05-07 21:25:00+00:00,134.822,134.831,134.822,134.829,13.77
2023-05-07 21:30:00+00:00,134.838,134.845,134.826,134.842,96.48
2023-05-07 21:35:00+00:00,134.842,134.886,134.826,134.826,15.93
2023-05-07 21:40:00+00:00,134.825,134.826,134.825,134.826,2.4
2023-05-07 21:45:00+00:00,134.826,134.844,134.826,134.829,11.04
2023-05-07 21:50:00+00:00,134.829,134.845,134.829,134.845,10.2
2023-05-07 21:55:00+00:00,134.845,134.877,134.817,134.839,22.18
2023-05-07 22:00:00+00:00,134.837,134.952,134.827,134.918,286.27
2023-05-07 22:05:00+00:00,134.917,134.993,134.909,134.977,266.74
2023-05-07 22:10:00+00:00,134.978,134.979,134.94,134.955,415.09
2023-05-07 22:15:00+00:00,134.956,134.956,134.917,134.937,399.4
2023-05-07 22:20:00+00:00,134.936,134.95,134.918,134.948,605.37
2023-05-07 22:25:00+00:00,134.951,134.986,134.944,134.986,339.8
2023-05-07 22:30:00+00:00,134.984,135.022,134.977,134.979,395.55
2023-05-07 22:35:00+00:00,134.982,135.008,134.981,135.002,219.5
2023-05-07 22:40:00+00:00,135.004,135.026,134.993,135.002,297.74
2023-05-07 22:45:00+00:00,134.999,135.003,134.98,134.995,268.56
2023-05-07 22:50:00+00:00,134.995,135.032,134.994,135.03,214.12
2023-05-07 22:55:00+00:00,135.029,135.073,135.028,135.063,933.21
2023-05-07 23:00:00+00:00,135.063,135.093,135.023,135.091,878.44
2023-05-07 23:05:00+00:00,135.091,135.143,135.088,135.142,798.37
2023-05-07 23:10:00+00:00,135.142,135.191,135.133,135.174,361.72
2023-05-07 23:15:00+00:00,135.173,135.201,135.166,135.2,357.3
2023-05-07 23:20:00+00:00,135.202,135.225,135.184,135.213,290.59
2023-05-07 23:25:00+00:00,135.212,135.212,135.174,135.174,235.42
2023-05-07 23:30:00+00:00,135.174,135.195,135.167,135.168,188.4
2023-05-07 23:35:00+00:00,135.169,135.218,135.165,135.191,281.95
2023-05-07 23:40:00+00:00,135.193,135.225,135.175,135.216,364.69
2023-05-07 23:45:00+00:00,135.217,135.225,135.202,135.224,615.08
2023-05-07 23:50:00+00:00,135.225,135.296,135.209,135.252,652.39
2023-05-07 23:55:00+00:00,135.248,135.248,135.184,135.193,376.17
2023-05-08 00:00:00+00:00,135.192,135.192,135.071,135.08,1059.77
2023-05-08 00:05:00+00:00,135.082,135.105,135.058,135.083,797.25
2023-05-08 00:10:00+00:00,135.083,135.141,135.083,135.125,396.36
2023-05-08 00:15:00+00:00,135.123,135.143,135.067,135.08,412.42
2023-05-08 00:20:00+00:00,135.08,135.083,135.006,135.01,564.06
2023-05-08 00:25:00+00:00,135.01,135.049,134.994,135.03,768.89
2023-05-08 00:30:00+00:00,135.03,135.069,135.01,135.044,448.09
2023-05-08 00:35:00+00:00,135.045,135.048,134.991,135.044,378.23
2023-05-08 00:40:00+00:00,135.045,135.064,135.029,135.064,350.87
2023-05-08 00:45:00+00:00,135.064,135.086,135.047,135.065,407.56
2023-05-08 00:50:00+00:00,135.067,135.087,135.013,135.078,751.88
2023-05-08 00:55:00+00:00,135.079,135.082,134.868,134.894,1056.03
2023-05-08 01:00:00+00:00,134.894,134.946,134.875,134.937,622.15
2023-05-08 01:05:00+00:00,134.935,134.948,134.889,134.926,621.99
2023-05-08 01:10:00+00:00,134.927,134.943,134.876,134.933,928.29
2023-05-08 01:15:00+00:00,134.933,134.975,134.924,134.946,902.88
2023-05-08 01:20:00+00:00,134.948,135.002,134.946,134.994,1226.85
2023-05-08 01:25:00+00:00,134.998,135.011,134.979,134.983,1056.81
2023-05-08 01:30:00+00:00,134.982,135.01,134.955,134.989,1510.93
2023-05-08 01:35:00+00:00,134.989,134.992,134.939,134.971,840.71
2023-05-08 01:40:00+00:00,134.972,134.982,134.946,134.964,650.07
2023-05-08 01:45:00+00:00,134.965,135.009,134.963,134.982,676.95
2023-05-08 01:50:00+00:00,134.981,134.991,134.869,134.872,928.13
2023-05-08 01:55:00+00:00,134.87,134.885,134.833,134.882,1017.41
2023-05-08 02:00:00+00:00,134.882,134.886,134.86,134.87,856.84
2023-05-08 02:05:00+00:00,134.871,134.878,134.789,134.795,979.17
2023-05-08 02:10:00+00:00,134.797,134.855,134.797,134.814,847.98
2023-05-08 02:15:00+00:00,134.816,134.816,134.759,134.815,1064.02
2023-05-08 02:20:00+00:00,134.815,134.817,134.777,134.78,720.56
2023-05-08 02:25:00+00:00,134.78,134.78,134.76,134.767,852.91
2023-05-08 02:30:00+00:00,134.768,134.8,134.764,134.78,1086.61
2023-05-08 02:35:00+00:00,134.781,134.791,134.761,134.788,767.07
2023-05-08 02:40:00+00:00,134.788,134.804,134.787,134.797,649.52
2023-05-08 02:45:00+00:00,134.798,134.83,134.77,134.799,884.08
2023-05-08 02:50:00+00:00,134.798,134.844,134.796,134.826,882.18
2023-05-08 02:55:00+00:00,134.828,134.846,134.825,134.834,859.55
2023-05-08 03:00:00+00:00,134.835,134.873,134.833,134.871,820.98
2023-05-08 03:05:00+00:00,134.871,134.884,134.851,134.858,844.05
2023-05-08 03:10:00+00:00,134.858,134.859,134.839,134.841,673.72
2023-05-08 03:15:00+00:00,134.842,134.845,134.797,134.816,566.0
2023-05-08 03:20:00+00:00,134.814,134.862,134.801,134.85,698.1
2023-05-08 03:25:00+00:00,134.849,134.863,134.834,134.845,711.6
2023-05-08 03:30:00+00:00,134.844,134.869,134.834,134.863,526.42
2023-05-08 03:35:00+00:00,134.863,134.865,134.834,134.853,478.26
2023-05-08 03:40:00+00:00,134.853,134.853,134.824,134.841,381.65
2023-05-08 03:45:00+00:00,134.841,134.861,134.841,134.852,499.25
2023-05-08 03:50:00+00:00,134.852,134.863,134.811,134.833,668.5
2023-05-08 03:55:00+00:00,134.832,134.864,134.819,134.861,488.37
2023-05-08 04:00:00+00:00,134.862,134.862,134.807,134.809,696.36
2023-05-08 04:05:00+00:00,134.808,134.827,134.8,134.823,719.25
2023-05-08 04:10:00+00:00,134.823,134.826,134.796,134.803,810.47
2023-05-08 04:15:00+00:00,134.802,134.827,134.802,134.806,768.57
2023-05-08 04:20:00+00:00,134.806,134.825,134.803,134.814,753.9
2023-05-08 04:25:00+00:00,134.814,134.833,134.801,134.824,724.65
2023-05-08 04:30:00+00:00,134.825,134.827,134.786,134.791,732.37
2023-05-08 04:35:00+00:00,134.792,134.801,134.736,134.74,688.2
2023-05-08 04:40:00+00:00,134.74,134.779,134.738,134.778,627.3
2023-05-08 04:45:00+00:00,134.777,134.787,134.755,134.769,628.95
2023-05-08 04:50:00+00:00,134.769,134.771,134.735,134.748,594.25
2023-05-08 04:55:00+00:00,134.748,134.752,134.715,134.742,772.35
2023-05-08 05:00:00+00:00,134.741,134.761,134.733,134.75,590.4
2023-05-08 05:05:00+00:00,134.752,134.772,134.726,134.751,752.12
2023-05-08 05:10:00+00:00,134.749,134.786,134.749,134.775,528.35
2023-05-08 05:15:00+00:00,134.777,134.785,134.76,134.761,468.49
2023-05-08 05:20:00+00:00,134.761,134.766,134.743,134.749,541.46
2023-05-08 05:25:00+00:00,134.751,134.784,134.751,134.768,452.17
2023-05-08 05:30:00+00:00,134.769,134.773,134.745,134.755,479.05
2023-05-08 05:35:00+00:00,134.755,134.768,134.704,134.706,903.54
2023-05-08 05:40:00+00:00,134.707,134.746,134.706,134.739,786.79
2023-05-08 05:45:00+00:00,134.74,134.741,134.686,134.716,1159.37
2023-05-08 05:50:00+00:00,134.715,134.758,134.713,134.739,928.95
2023-05-08 05:55:00+00:00,134.74,134.769,134.73,134.731,930.45
2023-05-08 06:00:00+00:00,134.731,134.742,134.672,134.709,971.42
2023-05-08 06:05:00+00:00,134.711,134.806,134.697,134.758,947.77
2023-05-08 06:10:00+00:00,134.753,134.753,134.684,134.698,965.8
2023-05-08 06:15:00+00:00,134.699,134.699,134.652,134.688,1038.56
2023-05-08 06:20:00+00:00,134.689,134.694,134.64,134.69,813.77
2023-05-08 06:25:00+00:00,134.689,134.72,134.688,134.706,996.4
2023-05-08 06:30:00+00:00,134.707,134.717,134.686,134.703,822.9
2023-05-08 06:35:00+00:00,134.703,134.782,134.7,134.753,1181.95
2023-05-08 06:40:00+00:00,134.753,134.81,134.747,134.8,1127.4
2023-05-08 06:45:00+00:00,134.8,134.819,134.775,134.815,1038.15
2023-05-08 06:50:00+00:00,134.815,134.821,134.765,134.775,964.02
2023-05-08 06:55:00+00:00,134.776,134.797,134.77,134.778,935.85
2023-05-08 07:00:00+00:00,134.777,134.861,134.77,134.81,1452.79
2023-05-08 07:05:00+00:00,134.81,134.872,134.803,134.871,1071.41
2023-05-08 07:10:00+00:00,134.873,134.913,134.855,134.893,1004.02
2023-05-08 07:15:00+00:00,134.895,134.908,134.852,134.893,1004.54
2023-05-08 07:20:00+00:00,134.894,134.944,134.893,134.929,943.24
2023-05-08 07:25:00+00:00,134.929,134.946,134.904,134.938,850.7
2023-05-08 07:30:00+00:00,134.937,134.998,134.925,134.998,1052.42
2023-05-08 07:35:00+00:00,134.999,135.035,134.98,134.998,1100.58
2023-05-08 07:40:00+00:00,134.999,135.014,134.96,134.982,1069.45
2023-05-08 07:45:00+00:00,134.981,134.999,134.931,134.939,781.0
2023-05-08 07:50:00+00:00,134.94,135.018,134.929,135.011,1092.56
2023-05-08 07:55:00+00:00,135.011,135.026,134.98,135.025,1076.4
2023-05-08 08:00:00+00:00,135.026,135.082,134.977,135.074,1159.19
2023-05-08 08:05:00+00:00,135.076,135.089,135.021,135.04,2048.38
2023-05-08 08:10:00+00:00,135.041,135.061,135.018,135.018,1846.25
2023-05-08 08:15:00+00:00,135.018,135.037,134.992,134.997,2378.55
2023-05-08 08:20:00+00:00,134.997,135.034,134.996,135.016,1663.72
2023-05-08 08:25:00+00:00,135.017,135.035,134.986,135.004,1838.83
2023-05-08 08:30:00+00:00,135.004,135.016,134.971,134.998,1715.36
2023-05-08 08:35:00+00:00,134.999,135.007,134.962,134.985,1630.64
2023-05-08 08:40:00+00:00,134.987,134.988,134.961,134.973,1956.34
2023-05-08 08:45:00+00:00,134.972,134.974,134.928,134.936,1757.6
2023-05-08 08:50:00+00:00,134.935,134.945,134.923,134.945,1497.1
2023-05-08 08:55:00+00:00,134.944,134.995,134.944,134.964,2507.16
2023-05-08 09:00:00+00:00,134.965,134.983,134.942,134.98,2161.79
2023-05-08 09:05:00+00:00,134.98,134.982,134.951,134.968,1282.77
2023-05-08 09:10:00+00:00,134.969,134.973,134.936,134.967,1608.19
2023-05-08 09:15:00+00:00,134.966,134.998,134.952,134.992,1936.89
2023-05-08 09:20:00+00:00,134.991,135.024,134.991,135.008,2041.45
2023-05-08 09:25:00+00:00,135.008,135.011,134.97,134.99,1587.76
2023-05-08 09:30:00+00:00,134.989,135.007,134.978,134.982,1185.44
2023-05-08 09:35:00+00:00,134.981,135.02,134.973,134.997,1564.63
2023-05-08 09:40:00+00:00,134.996,135.019,134.995,135.013,1066.7
2023-05-08 09:45:00+00:00,135.011,135.042,134.994,135.017,1143.82
2023-05-08 09:50:00+00:00,135.016,135.027,134.999,135.016,1227.55
2023-05-08 09:55:00+00:00,135.015,135.036,135.0,135.024,1184.91
2023-05-08 10:00:00+00:00,135.024,135.041,134.998,135.016,1376.63
2023-05-08 10:05:00+00:00,135.018,135.026,134.961,134.971,1834.22
2023-05-08 10:10:00+00:00,134.972,134.974,134.931,134.963,1592.7
2023-05-08 10:15:00+00:00,134.967,134.977,134.95,134.958,1549.23
2023-05-08 10:20:00+00:00,134.96,134.974,134.945,134.952,1921.44
2023-05-08 10:25:00+00:00,134.953,135.008,134.951,134.988,1767.39
2023-05-08 10:30:00+00:00,134.988,134.992,134.962,134.981,1656.72
2023-05-08 10:35:00+00:00,134.98,135.018,134.977,135.017,1843.73
2023-05-08 10:40:00+00:00,135.015,135.038,134.997,135.009,1735.42
2023-05-08 10:45:00+00:00,135.009,135.045,135.002,135.044,1566.29
2023-05-08 10:50:00+00:00,135.045,135.054,135.009,135.03,1140.65
2023-05-08 10:55:00+00:00,135.029,135.045,135.022,135.025,1461.94
2023-05-08 11:00:00+00:00,135.026,135.026,134.981,134.986,1186.6
2023-05-08 11:05:00+00:00,134.987,135.019,134.969,135.002,1442.2
2023-05-08 11:10:00+00:00,135.001,135.035,135.001,135.018,1588.22
2023-05-08 11:15:00+00:00,135.018,135.044,135.004,135.036,854.86
2023-05-08 11:20:00+00:00,135.036,135.049,135.028,135.035,1078.57
2023-05-08 11:25:00+00:00,135.036,135.051,135.025,135.043,1064.77
2023-05-08 11:30:00+00:00,135.043,135.065,135.012,135.02,1554.09
2023-05-08 11:35:00+00:00,135.022,135.037,135.007,135.017,1753.96
2023-05-08 11:40:00+00:00,135.017,135.073,135.016,135.071,1669.74
2023-05-08 11:45:00+00:00,135.071,135.194,135.07,135.167,3293.43
2023-05-08 11:50:00+00:00,135.168,135.195,135.147,135.178,2930.79
2023-05-08 11:55:00+00:00,135.18,135.208,135.18,135.186,2423.2
2023-05-08 12:00:00+00:00,135.183,135.203,135.176,135.177,3027.57
2023-05-08 12:05:00+00:00,135.178,135.179,135.128,135.13,1844.82
2023-05-08 12:10:00+00:00,135.133,135.225,135.131,135.196,2182.78
2023-05-08 12:15:00+00:00,135.197,135.21,135.132,135.138,3320.48
2023-05-08 12:20:00+00:00,135.141,135.141,135.069,135.121,3576.59
2023-05-08 12:25:00+00:00,135.114,135.146,135.097,135.106,2718.65
2023-05-08 12:30:00+00:00,135.106,135.142,135.096,135.13,1687.69
2023-05-08 12:35:00+00:00,135.127,135.157,135.07,135.097,2619.58
2023-05-08 12:40:00+00:00,135.101,135.101,135.007,135.007,2545.93
2023-05-08 12:45:00+00:00,135.008,135.024,134.977,135.007,2512.56
2023-05-08 12:50:00+00:00,135.006,135.047,135.003,135.023,1733.23
2023-05-08 12:55:00+00:00,135.026,135.065,135.012,135.057,1485.47
2023-05-08 13:00:00+00:00,135.053,135.058,135.005,135.005,2354.49
2023-05-08 13:05:00+00:00,135.006,135.011,134.963,134.986,2059.4
2023-05-08 13:10:00+00:00,134.988,135.006,134.959,134.992,2110.64
2023-05-08 13:15:00+00:00,134.992,135.048,134.988,135.043,1406.15
2023-05-08 13:20:00+00:00,135.043,135.061,134.996,134.998,1749.09
2023-05-08 13:25:00+00:00,134.999,135.053,134.988,135.045,1738.94
2023-05-08 13:30:00+00:00,135.048,135.05,134.951,134.961,1910.86
2023-05-08 13:35:00+00:00,134.961,135.054,134.956,135.015,2206.33
2023-05-08 13:40:00+00:00,135.016,135.031,134.981,134.999,2702.46
2023-05-08 13:45:00+00:00,135.0,135.01,134.909,134.918,3369.32
2023-05-08 13:50:00+00:00,134.918,134.951,134.888,134.92,3154.6
2023-05-08 13:55:00+00:00,134.919,134.956,134.902,134.933,1861.72
2023-05-08 14:00:00+00:00,134.935,134.993,134.918,134.99,2161.48
2023-05-08 14:05:00+00:00,134.992,135.0,134.929,134.944,1862.64
2023-05-08 14:10:00+00:00,134.943,134.951,134.871,134.918,2328.55
2023-05-08 14:15:00+00:00,134.92,134.957,134.908,134.953,2195.32
2023-05-08 14:20:00+00:00,134.954,134.975,134.926,134.936,2505.85
2023-05-08 14:25:00+00:00,134.935,134.944,134.907,134.908,2490.7
2023-05-08 14:30:00+00:00,134.909,134.954,134.883,134.891,3107.54
2023-05-08 14:35:00+00:00,134.893,134.894,134.832,134.873,2932.51
2023-05-08 14:40:00+00:00,134.874,134.89,134.843,134.889,1887.15
2023-05-08 14:45:00+00:00,134.889,134.903,134.816,134.844,2445.13
2023-05-08 14:50:00+00:00,134.844,134.865,134.782,134.837,2289.37
2023-05-08 14:55:00+00:00,134.838,134.917,134.837,134.863,2519.68
2023-05-08 15:00:00+00:00,134.863,134.91,134.858,134.904,2587.18
2023-05-08 15:05:00+00:00,134.905,134.925,134.869,134.907,1880.8
2023-05-08 15:10:00+00:00,134.907,134.931,134.881,134.89,1834.65
2023-05-08 15:15:00+00:00,134.892,134.901,134.863,134.871,2347.95
2023-05-08 15:20:00+00:00,134.87,134.879,134.806,134.816,1771.01
2023-05-08 15:25:00+00:00,134.815,134.84,134.808,134.824,1639.95
2023-05-08 15:30:00+00:00,134.824,134.85,134.794,134.838,2127.85
2023-05-08 15:35:00+00:00,134.838,134.849,134.797,134.8,1997.01
2023-05-08 15:40:00+00:00,134.799,134.799,134.756,134.783,1200.55
2023-05-08 15:45:00+00:00,134.787,134.812,134.777,134.784,831.76
2023-05-08 15:50:00+00:00,134.783,134.82,134.77,134.817,1074.86
2023-05-08 15:55:00+00:00,134.817,134.839,134.816,134.829,976.69
2023-05-08 16:00:00+00:00,134.828,134.829,134.789,134.792,777.48
2023-05-08 16:05:00+00:00,134.791,134.8,134.761,134.792,685.76
2023-05-08 16:10:00+00:00,134.791,134.8,134.771,134.78,629.01
2023-05-08 16:15:00+00:00,134.78,134.786,134.701,134.755,831.78
2023-05-08 16:20:00+00:00,134.754,134.765,134.729,134.735,404.51
2023-05-08 16:25:00+00:00,134.736,134.75,134.718,134.742,374.65
2023-05-08 16:30:00+00:00,134.741,134.746,134.72,134.721,491.56
2023-05-08 16:35:00+00:00,134.721,134.748,134.713,134.729,656.33
2023-05-08 16:40:00+00:00,134.73,134.734,134.68,134.683,725.34
2023-05-08 16:45:00+00:00,134.682,134.696,134.674,134.695,695.88
2023-05-08 16:50:00+00:00,134.696,134.696,134.653,134.676,704.84
2023-05-08 16:55:00+00:00,134.676,134.728,134.665,134.708,543.05
2023-05-08 17:00:00+00:00,134.709,134.728,134.681,134.684,745.18
2023-05-08 17:05:00+00:00,134.686,134.703,134.68,134.685,507.37
2023-05-08 17:10:00+00:00,134.685,134.739,134.684,134.731,536.3
2023-05-08 17:15:00+00:00,134.734,134.741,134.727,134.737,277.89
2023-05-08 17:20:00+00:00,134.738,134.751,134.736,134.749,420.33
2023-05-08 17:25:00+00:00,134.749,134.753,134.736,134.744,408.77
2023-05-08 17:30:00+00:00,134.745,134.813,134.744,134.797,634.09
2023-05-08 17:35:00+00:00,134.798,134.813,134.788,134.807,541.92
2023-05-08 17:40:00+00:00,134.808,134.836,134.805,134.836,569.21
2023-05-08 17:45:00+00:00,134.835,134.873,134.834,134.87,632.35
2023-05-08 17:50:00+00:00,134.869,134.882,134.861,134.879,556.39
2023-05-08 17:55:00+00:00,134.878,134.909,134.878,134.89,561.93
2023-05-08 18:00:00+00:00,134.893,135.023,134.893,135.012,1557.94
2023-05-08 18:05:00+00:00,135.012,135.049,134.918,134.961,1432.01
2023-05-08 18:10:00+00:00,134.963,135.018,134.936,135.018,1207.92
2023-05-08 18:15:00+00:00,135.016,135.046,135.001,135.044,1049.33
2023-05-08 18:20:00+00:00,135.045,135.061,135.028,135.045,801.45
2023-05-08 18:25:00+00:00,135.046,135.074,135.035,135.061,694.79
2023-05-08 18:30:00+00:00,135.062,135.073,135.046,135.05,734.86
2023-05-08 18:35:00+00:00,135.049,135.144,135.045,135.102,1143.2
2023-05-08 18:40:00+00:00,135.101,135.12,135.081,135.1,1631.92
2023-05-08 18:45:00+00:00,135.101,135.142,135.091,135.135,1571.35
2023-05-08 18:50:00+00:00,135.137,135.145,135.114,135.126,1517.0
2023-05-08 18:55:00+00:00,135.125,135.175,135.124,135.138,1835.65
2023-05-08 19:00:00+00:00,135.138,135.14,135.094,135.12,1374.78
2023-05-08 19:05:00+00:00,135.119,135.142,135.114,135.132,1384.52
2023-05-08 19:10:00+00:00,135.133,135.136,135.099,135.109,1562.25
2023-05-08 19:15:00+00:00,135.109,135.125,135.075,135.114,1707.77
2023-05-08 19:20:00+00:00,135.113,135.138,135.113,135.125,1146.23
2023-05-08 19:25:00+00:00,135.126,135.149,135.115,135.144,1189.84
2023-05-08 19:30:00+00:00,135.144,135.153,135.137,135.144,1012.12
2023-05-08 19:35:00+00:00,135.144,135.16,135.139,135.145,471.5
2023-05-08 19:40:00+00:00,135.152,135.168,135.149,135.15,769.75
2023-05-08 19:45:00+00:00,135.148,135.16,135.129,135.159,1012.39
2023-05-08 19:50:00+00:00,135.159,135.159,135.132,135.154,922.81
2023-05-08 19:55:00+00:00,135.154,135.155,135.122,135.124,1065.72
2023-05-08 20:00:00+00:00,135.124,135.152,135.113,135.116,744.26
2023-05-08 20:05:00+00:00,135.116,135.125,135.087,135.09,415.2
2023-05-08 20:10:00+00:00,135.09,135.099,135.074,135.079,559.47
2023-05-08 20:15:00+00:00,135.08,135.103,135.077,135.094,844.92
2023-05-08 20:20:00+00:00,135.095,135.1,135.08,135.09,979.65
2023-05-08 20:25:00+00:00,135.09,135.102,135.078,135.097,1271.37
2023-05-08 20:30:00+00:00,135.096,135.103,135.079,135.091,1337.75
2023-05-08 20:35:00+00:00,135.09,135.097,135.073,135.088,1074.0
2023-05-08 20:40:00+00:00,135.089,135.099,135.082,135.096,504.3
2023-05-08 20:45:00+00:00,135.096,135.117,135.086,135.113,529.5
2023-05-08 20:50:00+00:00,135.115,135.116,135.101,135.11,744.33
2023-05-08 20:55:00+00:00,135.107,135.133,135.094,135.094,533.91
2023-05-08 21:00:00+00:00,135.094,135.094,135.008,135.055,13.68
2023-05-08 21:05:00+00:00,135.062,135.097,135.04,135.04,993.94
2023-05-08 21:10:00+00:00,135.04,135.061,135.036,135.051,476.06
2023-05-08 21:15:00+00:00,135.069,135.069,135.05,135.052,47.25
2023-05-08 21:20:00+00:00,135.051,135.061,135.037,135.041,1186.02
2023-05-08 21:25:00+00:00,135.04,135.063,135.039,135.057,259.89
2023-05-08 21:30:00+00:00,135.052,135.074,135.052,135.069,69.66
2023-05-08 21:35:00+00:00,135.068,135.079,135.051,135.06,182.2
2023-05-08 21:40:00+00:00,135.06,135.075,135.05,135.067,98.07
2023-05-08 21:45:00+00:00,135.067,135.068,135.043,135.049,83.56
2023-05-08 21:50:00+00:00,135.048,135.048,135.035,135.036,120.26
2023-05-08 21:55:00+00:00,135.039,135.068,135.035,135.054,145.44
2023-05-08 22:00:00+00:00,135.054,135.1,135.035,135.09,2327.71
2023-05-08 22:05:00+00:00,135.091,135.094,135.054,135.068,6214.78
2023-05-08 22:10:00+00:00,135.068,135.093,135.05,135.078,6246.07
2023-05-08 22:15:00+00:00,135.078,135.084,135.044,135.082,2110.3
2023-05-08 22:20:00+00:00,135.083,135.087,135.031,135.045,2717.58
2023-05-08 22:25:00+00:00,135.046,135.068,135.04,135.053,1208.49
2023-05-08 22:30:00+00:00,135.053,135.055,135.048,135.052,535.21
2023-05-08 22:35:00+00:00,135.051,135.057,135.029,135.029,223.06
2023-05-08 22:40:00+00:00,135.03,135.031,135.007,135.023,689.14
2023-05-08 22:45:00+00:00,135.022,135.023,134.993,134.993,1958.07
2023-05-08 22:50:00+00:00,134.993,135.012,134.984,134.992,2200.42
2023-05-08 22:55:00+00:00,134.992,135.013,134.988,135.013,1171.69
2023-05-08 23:00:00+00:00,135.014,135.019,134.965,134.995,2422.8
2023-05-08 23:05:00+00:00,134.996,135.042,134.986,135.037,1886.91
2023-05-08 23:10:00+00:00,135.036,135.049,135.025,135.038,1795.81
2023-05-08 23:15:00+00:00,135.039,135.081,135.037,135.067,1178.51
2023-05-08 23:20:00+00:00,135.068,135.115,135.058,135.109,1459.95
2023-05-08 23:25:00+00:00,135.109,135.114,135.065,135.08,1249.23
2023-05-08 23:30:00+00:00,135.079,135.097,135.075,135.076,1118.58
2023-05-08 23:35:00+00:00,135.076,135.086,135.072,135.077,414.54
2023-05-08 23:40:00+00:00,135.075,135.097,135.06,135.096,467.04
2023-05-08 23:45:00+00:00,135.095,135.1,135.075,135.086,525.91
2023-05-08 23:50:00+00:00,135.085,135.126,135.078,135.112,1014.74
2023-05-08 23:55:00+00:00,135.111,135.112,135.051,135.086,1184.38
2023-05-09 00:00:00+00:00,135.084,135.202,135.08,135.192,2211.26
2023-05-09 00:05:00+00:00,135.193,135.261,135.184,135.247,2988.88
2023-05-09 00:10:00+00:00,135.247,135.324,135.227,135.308,1974.75
2023-05-09 00:15:00+00:00,135.308,135.31,135.232,135.232,2538.37
2023-05-09 00:20:00+00:00,135.231,135.298,135.231,135.29,1881.43
2023-05-09 00:25:00+00:00,135.289,135.322,135.27,135.3,2237.62
2023-05-09 00:30:00+00:00,135.301,135.302,135.258,135.259,1090.96
2023-05-09 00:35:00+00:00,135.259,135.262,135.212,135.229,844.59
2023-05-09 00:40:00+00:00,135.228,135.252,135.198,135.249,536.15
2023-05-09 00:45:00+00:00,135.25,135.25,135.209,135.219,785.3
2023-05-09 00:50:00+00:00,135.22,135.301,135.198,135.265,1487.15
2023-05-09 00:55:00+00:00,135.263,135.275,135.186,135.209,1613.65
2023-05-09 01:00:00+00:00,135.209,135.221,135.161,135.18,1224.77
2023-05-09 01:05:00+00:00,135.181,135.181,135.133,135.151,1134.05
2023-05-09 01:10:00+00:00,135.152,135.157,135.114,135.126,623.83
2023-05-09 01:15:00+00:00,135.125,135.185,135.113,135.155,801.11
2023-05-09 01:20:00+00:00,135.156,135.162,135.12,135.162,1201.68
2023-05-09 01:25:00+00:00,135.16,135.166,135.115,135.155,1112.64
2023-05-09 01:30:00+00:00,135.154,135.157,135.099,135.118,811.47
2023-05-09 01:35:00+00:00,135.119,135.122,135.048,135.099,860.07
2023-05-09 01:40:00+00:00,135.101,135.131,135.089,135.114,618.71
2023-05-09 01:45:00+00:00,135.114,135.13,135.089,135.118,769.77
2023-05-09 01:50:00+00:00,135.117,135.132,134.929,134.94,1039.15
2023-05-09 01:55:00+00:00,134.939,135.063,134.935,135.053,869.84
2023-05-09 02:00:00+00:00,135.053,135.065,135.033,135.053,560.29
2023-05-09 02:05:00+00:00,135.053,135.092,135.022,135.062,622.11
2023-05-09 02:10:00+00:00,135.06,135.121,135.055,135.073,356.04
2023-05-09 02:15:00+00:00,135.08,135.097,135.059,135.081,665.36
2023-05-09 02:20:00+00:00,135.08,135.111,135.069,135.097,584.45
2023-05-09 02:25:00+00:00,135.096,135.111,135.068,135.071,650.65
2023-05-09 02:30:00+00:00,135.071,135.085,135.044,135.054,750.4
2023-05-09 02:35:00+00:00,135.053,135.072,135.041,135.07,575.18
2023-05-09 02:40:00+00:00,135.071,135.08,135.06,135.07,482.12
2023-05-09 02:45:00+00:00,135.07,135.079,135.031,135.045,666.09
2023-05-09 02:50:00+00:00,135.045,135.057,135.031,135.053,520.02
2023-05-09 02:55:00+00:00,135.054,135.063,135.035,135.061,309.26
2023-05-09 03:00:00+00:00,135.061,135.083,135.053,135.061,453.89
2023-05-09 03:05:00+00:00,135.062,135.064,135.046,135.054,389.74
2023-05-09 03:10:00+00:00,135.053,135.074,135.051,135.055,505.28
2023-05-09 03:15:00+00:00,135.056,135.063,135.004,135.047,732.36
2023-05-09 03:20:00+00:00,135.047,135.048,135.036,135.038,429.34
2023-05-09 03:25:00+00:00,135.037,135.063,135.035,135.044,591.99
2023-05-09 03:30:00+00:00,135.045,135.058,135.035,135.053,602.69
2023-05-09 03:35:00+00:00,135.055,135.058,135.039,135.045,442.63
2023-05-09 03:40:00+00:00,135.046,135.048,135.016,135.023,552.58
2023-05-09 03:45:00+00:00,135.025,135.029,134.992,134.993,476.43
2023-05-09 03:50:00+00:00,134.993,134.993,134.924,134.966,890.28
2023-05-09 03:55:00+00:00,134.967,134.971,134.932,134.936,538.99
2023-05-09 04:00:00+00:00,134.937,134.938,134.872,134.903,612.24
2023-05-09 04:05:00+00:00,134.901,134.938,134.901,134.919,339.9
2023-05-09 04:10:00+00:00,134.919,134.958,134.919,134.958,433.2
2023-05-09 04:15:00+00:00,134.959,134.968,134.927,134.949,368.1
2023-05-09 04:20:00+00:00,134.948,134.976,134.939,134.956,617.7
2023-05-09 04:25:00+00:00,134.956,134.985,134.942,134.968,724.3
2023-05-09 04:30:00+00:00,134.968,134.987,134.959,134.984,549.66
2023-05-09 04:35:00+00:00,134.984,134.986,134.964,134.976,482.4
2023-05-09 04:40:00+00:00,134.975,135.002,134.964,134.999,797.5
2023-05-09 04:45:00+00:00,134.998,134.998,134.976,134.985,509.0
2023-05-09 04:50:00+00:00,134.985,135.001,134.957,134.965,611.02
2023-05-09 04:55:00+00:00,134.965,135.032,134.963,135.005,644.15
2023-05-09 05:00:00+00:00,135.005,135.044,135.004,135.013,953.8
2023-05-09 05:05:00+00:00,135.011,135.014,134.943,134.944,552.83
2023-05-09 05:10:00+00:00,134.944,135.03,134.94,134.992,705.9
2023-05-09 05:15:00+00:00,134.992,134.993,134.955,134.958,757.8
2023-05-09 05:20:00+00:00,134.957,134.959,134.912,134.918,679.1
2023-05-09 05:25:00+00:00,134.919,134.943,134.902,134.903,1279.22
2023-05-09 05:30:00+00:00,134.902,134.974,134.901,134.91,1092.41
2023-05-09 05:35:00+00:00,134.911,134.922,134.869,134.892,1002.72
2023-05-09 05:40:00+00:00,134.892,134.932,134.882,134.93,930.45
2023-05-09 05:45:00+00:00,134.93,134.94,134.9,134.904,875.25
2023-05-09 05:50:00+00:00,134.904,134.919,134.893,134.897,646.35
2023-05-09 05:55:00+00:00,134.897,134.903,134.833,134.883,692.9
2023-05-09 06:00:00+00:00,134.882,134.913,134.846,134.848,1066.04
2023-05-09 06:05:00+00:00,134.848,134.872,134.82,134.854,937.07
2023-05-09 06:10:00+00:00,134.855,134.869,134.798,134.801,1123.95
2023-05-09 06:15:00+00:00,134.803,134.815,134.756,134.795,810.36
2023-05-09 06:20:00+00:00,134.794,134.814,134.757,134.757,818.29
2023-05-09 06:25:00+00:00,134.757,134.804,134.754,134.79,830.52
2023-05-09 06:30:00+00:00,134.793,134.839,134.763,134.827,641.62
2023-05-09 06:35:00+00:00,134.825,134.826,134.773,134.796,603.65
2023-05-09 06:40:00+00:00,134.795,134.796,134.721,134.734,765.41
2023-05-09 06:45:00+00:00,134.734,134.786,134.732,134.781,891.17
2023-05-09 06:50:00+00:00,134.782,134.799,134.745,134.795,784.42
2023-05-09 06:55:00+00:00,134.796,134.856,134.793,134.833,806.33
2023-05-09 07:00:00+00:00,134.834,134.885,134.803,134.857,865.97
2023-05-09 07:05:00+00:00,134.859,134.927,134.842,134.921,1265.73
2023-05-09 07:10:00+00:00,134.921,134.962,134.912,134.947,970.27
2023-05-09 07:15:00+00:00,134.948,134.991,134.946,134.975,791.81
2023-05-09 07:20:00+00:00,134.972,134.976,134.912,134.93,883.92
2023-05-09 07:25:00+00:00,134.928,134.956,134.914,134.93,786.92
2023-05-09 07:30:00+00:00,134.929,134.995,134.893,134.956,1084.73
2023-05-09 07:35:00+00:00,134.952,134.979,134.875,134.876,993.1
2023-05-09 07:40:00+00:00,134.879,134.893,134.832,134.835,1066.28
2023-05-09 07:45:00+00:00,134.836,134.862,134.799,134.823,901.46
2023-05-09 07:50:00+00:00,134.824,134.845,134.807,134.828,815.2
2023-05-09 07:55:00+00:00,134.828,134.864,134.793,134.795,758.98
2023-05-09 08:00:00+00:00,134.797,134.859,134.797,134.81,784.96
2023-05-09 08:05:00+00:00,134.811,134.837,134.786,134.811,623.11
2023-05-09 08:10:00+00:00,134.81,134.861,134.804,134.86,760.52
2023-05-09 08:15:00+00:00,134.86,134.941,134.849,134.936,831.83
2023-05-09 08:20:00+00:00,134.936,134.956,134.919,134.941,848.39
2023-05-09 08:25:00+00:00,134.941,134.997,134.908,134.984,745.34
2023-05-09 08:30:00+00:00,134.983,134.991,134.922,134.946,959.39
2023-05-09 08:35:00+00:00,134.946,134.947,134.856,134.904,2416.45
2023-05-09 08:40:00+00:00,134.905,134.93,134.881,134.901,2531.27
2023-05-09 08:45:00+00:00,134.902,134.977,134.897,134.971,2437.59
2023-05-09 08:50:00+00:00,134.97,135.031,134.941,135.026,3196.58
2023-05-09 08:55:00+00:00,135.027,135.056,135.02,135.041,3516.13
2023-05-09 09:00:00+00:00,135.04,135.099,135.029,135.095,3025.21
2023-05-09 09:05:00+00:00,135.096,135.105,135.055,135.066,2791.52
2023-05-09 09:10:00+00:00,135.065,135.085,135.033,135.035,2587.8
2023-05-09 09:15:00+00:00,135.036,135.068,135.035,135.055,2821.07
2023-05-09 09:20:00+00:00,135.056,135.066,134.998,135.011,3013.36
2023-05-09 09:25:00+00:00,135.013,135.035,134.984,134.986,2952.62
2023-05-09 09:30:00+00:00,134.985,134.992,134.938,134.955,2374.13
2023-05-09 09:35:00+00:00,134.956,134.962,134.936,134.939,2467.78
2023-05-09 09:40:00+00:00,134.938,134.965,134.923,134.952,2250.32
2023-05-09 09:45:00+00:00,134.952,134.969,134.912,134.912,2059.51
2023-05-09 09:50:00+00:00,134.912,134.924,134.869,134.887,2330.18
2023-05-09 09:55:00+00:00,134.887,134.895,134.863,134.878,1996.55
2023-05-09 10:00:00+00:00,134.884,134.894,134.829,134.839,2452.79
2023-05-09 10:05:00+00:00,134.839,134.861,134.833,134.843,2065.22
2023-05-09 10:10:00+00:00,134.844,134.907,134.843,134.904,1272.5
2023-05-09 10:15:00+00:00,134.905,134.916,134.876,134.896,1681.22
2023-05-09 10:20:00+00:00,134.895,134.911,134.879,134.888,1726.57
2023-05-09 10:25:00+00:00,134.888,134.888,134.848,134.869,1909.98
2023-05-09 10:30:00+00:00,134.868,134.889,134.855,134.858,2199.64
2023-05-09 10:35:00+00:00,134.857,134.891,134.844,134.888,1988.57
2023-05-09 10:40:00+00:00,134.888,134.915,134.877,134.878,2020.14
2023-05-09 10:45:00+00:00,134.879,134.895,134.848,134.889,1757.42
2023-05-09 10:50:00+00:00,134.89,134.907,134.851,134.861,1294.08
2023-05-09 10:55:00+00:00,134.861,134.861,134.786,134.789,2013.79
2023-05-09 11:00:00+00:00,134.789,134.806,134.763,134.796,1713.31
2023-05-09 11:05:00+00:00,134.796,134.807,134.774,134.8,1027.64
2023-05-09 11:10:00+00:00,134.8,134.827,134.782,134.821,1531.7
2023-05-09 11:15:00+00:00,134.821,134.835,134.805,134.807,1244.77
2023-05-09 11:20:00+00:00,134.808,134.859,134.807,134.844,1436.24
2023-05-09 11:25:00+00:00,134.844,134.903,134.842,134.898,1314.05
2023-05-09 11:30:00+00:00,134.898,134.936,134.871,134.929,2026.24
2023-05-09 11:35:00+00:00,134.928,134.956,134.923,134.943,1456.42
2023-05-09 11:40:00+00:00,134.944,134.961,134.935,134.935,2285.04
2023-05-09 11:45:00+00:00,134.934,134.977,134.923,134.976,1766.84
2023-05-09 11:50:00+00:00,134.977,134.985,134.931,134.948,2199.43
2023-05-09 11:55:00+00:00,134.948,134.968,134.925,134.931,2254.5
2023-05-09 12:00:00+00:00,134.931,134.966,134.921,134.964,2676.89
2023-05-09 12:05:00+00:00,134.962,135.033,134.953,135.021,2670.92
2023-05-09 12:10:00+00:00,135.024,135.035,135.001,135.014,2682.3
2023-05-09 12:15:00+00:00,135.014,135.057,135.003,135.045,2967.45
2023-05-09 12:20:00+00:00,135.049,135.067,135.022,135.04,3593.15
2023-05-09 12:25:00+00:00,135.04,135.093,135.039,135.073,3058.94
2023-05-09 12:30:00+00:00,135.074,135.159,135.073,135.135,4101.49
2023-05-09 12:35:00+00:00,135.136,135.188,135.126,135.155,2965.27
2023-05-09 12:40:00+00:00,135.154,135.165,135.117,135.145,2663.04
2023-05-09 12:45:00+00:00,135.144,135.144,135.069,135.106,1625.13
2023-05-09 12:50:00+00:00,135.105,135.182,135.104,135.181,1127.85
2023-05-09 12:55:00+00:00,135.182,135.191,135.142,135.189,1390.34
2023-05-09 13:00:00+00:00,135.189,135.219,135.161,135.208,1476.11
2023-05-09 13:05:00+00:00,135.207,135.283,135.201,135.264,1792.65
2023-05-09 13:10:00+00:00,135.263,135.294,135.234,135.244,1482.06
2023-05-09 13:15:00+00:00,135.245,135.357,135.245,135.271,1755.21
2023-05-09 13:20:00+00:00,135.27,135.286,135.203,135.203,1548.09
2023-05-09 13:25:00+00:00,135.201,135.225,135.191,135.211,1049.04
2023-05-09 13:30:00+00:00,135.212,135.236,135.18,135.219,1888.0
2023-05-09 13:35:00+00:00,135.22,135.238,135.162,135.173,2426.9
2023-05-09 13:40:00+00:00,135.174,135.215,135.137,135.201,2767.83
2023-05-09 13:45:00+00:00,135.202,135.217,135.155,135.166,2421.76
2023-05-09 13:50:00+00:00,135.165,135.183,135.108,135.119,2806.82
2023-05-09 13:55:00+00:00,135.12,135.143,135.049,135.06,3035.24
2023-05-09 14:00:00+00:00,135.061,135.123,135.056,135.096,2839.11
2023-05-09 14:05:00+00:00,135.095,135.115,135.045,135.078,1606.64
2023-05-09 14:10:00+00:00,135.076,135.097,135.048,135.076,2090.73
2023-05-09 14:15:00+00:00,135.073,135.097,135.048,135.077,2312.35
2023-05-09 14:20:00+00:00,135.077,135.104,135.048,135.094,2396.62
2023-05-09 14:25:00+00:00,135.095,135.113,135.067,135.083,2632.24
2023-05-09 14:30:00+00:00,135.085,135.112,135.052,135.052,2553.69
2023-05-09 14:35:00+00:00,135.051,135.059,135.018,135.022,2499.25
2023-05-09 14:40:00+00:00,135.022,135.07,135.022,135.061,1568.48
2023-05-09 14:45:00+00:00,135.061,135.085,135.041,135.048,2197.2
2023-05-09 14:50:00+00:00,135.048,135.051,134.955,134.977,2792.29
2023-05-09 14:55:00+00:00,134.978,135.066,134.977,135.048,2970.32
2023-05-09 15:00:00+00:00,135.049,135.081,135.039,135.069,2628.3
2023-05-09 15:05:00+00:00,135.069,135.09,135.044,135.07,2110.62
2023-05-09 15:10:00+00:00,135.07,135.075,135.027,135.051,1993.28
2023-05-09 15:15:00+00:00,135.05,135.115,135.05,135.109,2233.81
2023-05-09 15:20:00+00:00,135.109,135.122,135.085,135.106,2022.22
2023-05-09 15:25:00+00:00,135.107,135.137,135.087,135.107,1884.91
2023-05-09 15:30:00+00:00,135.109,135.17,135.108,135.169,2056.23
2023-05-09 15:35:00+00:00,135.17,135.192,135.139,135.167,1848.52
2023-05-09 15:40:00+00:00,135.166,135.171,135.14,135.14,1215.12
2023-05-09 15:45:00+00:00,135.141,135.162,135.133,135.141,1114.06
2023-05-09 15:50:00+00:00,135.141,135.142,135.104,135.139,1599.26
2023-05-09 15:55:00+00:00,135.139,135.158,135.126,135.149,1633.75
2023-05-09 16:00:00+00:00,135.15,135.189,135.14,135.181,1076.8
2023-05-09 16:05:00+00:00,135.181,135.199,135.165,135.166,1303.64
2023-05-09 16:10:00+00:00,135.166,135.177,135.111,135.113,1963.93
2023-05-09 16:15:00+00:00,135.112,135.17,135.099,135.168,1561.9
2023-05-09 16:20:00+00:00,135.167,135.169,135.122,135.155,2135.44
2023-05-09 16:25:00+00:00,135.157,135.182,135.134,135.137,1138.22
2023-05-09 16:30:00+00:00,135.137,135.192,135.133,135.19,1424.2
2023-05-09 16:35:00+00:00,135.192,135.218,135.19,135.211,1940.55
2023-05-09 16:40:00+00:00,135.212,135.254,135.193,135.208,2580.03
2023-05-09 16:45:00+00:00,135.21,135.232,135.182,135.22,1716.36
2023-05-09 16:50:00+00:00,135.219,135.265,135.213,135.244,1922.94
2023-05-09 16:55:00+00:00,135.244,135.272,135.235,135.257,1889.49
2023-05-09 17:00:00+00:00,135.258,135.259,135.146,135.169,2538.88
2023-05-09 17:05:00+00:00,135.168,135.227,135.168,135.213,1915.04
2023-05-09 17:10:00+00:00,135.211,135.223,135.198,135.203,1516.05
2023-05-09 17:15:00+00:00,135.204,135.205,135.137,135.145,1796.57
2023-05-09 17:20:00+00:00,135.145,135.145,135.11,135.12,1664.9
2023-05-09 17:25:00+00:00,135.121,135.147,135.109,135.141,1462.27
2023-05-09 17:30:00+00:00,135.141,135.152,135.123,135.139,1572.8
2023-05-09 17:35:00+00:00,135.138,135.16,135.124,135.132,1762.5
2023-05-09 17:40:00+00:00,135.132,135.142,135.12,135.131,1310.92
2023-05-09 17:45:00+00:00,135.129,135.166,135.124,135.164,1050.15
2023-05-09 17:50:00+00:00,135.165,135.183,135.153,135.164,1328.7
2023-05-09 17:55:00+00:00,135.166,135.174,135.131,135.147,1057.35
2023-05-09 18:00:00+00:00,135.148,135.159,135.121,135.157,1303.35
2023-05-09 18:05:00+00:00,135.157,135.223,135.157,135.214,2092.3
2023-05-09 18:10:00+00:00,135.214,135.216,135.165,135.167,1566.67
2023-05-09 18:15:00+00:00,135.168,135.181,135.158,135.161,1106.92
2023-05-09 18:20:00+00:00,135.162,135.162,135.128,135.138,1300.49
2023-05-09 18:25:00+00:00,135.137,135.137,135.11,135.115,1646.82
2023-05-09 18:30:00+00:00,135.116,135.135,135.11,135.134,1222.95
2023-05-09 18:35:00+00:00,135.133,135.165,135.13,135.15,1158.6
2023-05-09 18:40:00+00:00,135.15,135.179,135.147,135.176,1295.4
2023-05-09 18:45:00+00:00,135.175,135.177,135.156,135.158,864.27
2023-05-09 18:50:00+00:00,135.157,135.185,135.152,135.159,1109.14
2023-05-09 18:55:00+00:00,135.158,135.179,135.155,135.156,1563.37
2023-05-09 19:00:00+00:00,135.156,135.196,135.153,135.186,1561.99
2023-05-09 19:05:00+00:00,135.187,135.215,135.172,135.211,1394.76
2023-05-09 19:10:00+00:00,135.213,135.23,135.202,135.206,955.87
2023-05-09 19:15:00+00:00,135.204,135.216,135.196,135.197,788.75
2023-05-09 19:20:00+00:00,135.195,135.198,135.183,135.19,959.55
2023-05-09 19:25:00+00:00,135.191,135.22,135.186,135.215,836.7
2023-05-09 19:30:00+00:00,135.217,135.227,135.209,135.221,617.85
2023-05-09 19:35:00+00:00,135.22,135.223,135.202,135.215,920.7
2023-05-09 19:40:00+00:00,135.215,135.215,135.194,135.196,936.55
2023-05-09 19:45:00+00:00,135.192,135.257,135.188,135.255,1111.35
2023-05-09 19:50:00+00:00,135.255,135.255,135.235,135.252,1376.28
2023-05-09 19:55:00+00:00,135.252,135.252,135.223,135.227,1555.34
2023-05-09 20:00:00+00:00,135.217,135.232,135.204,135.209,1418.74
2023-05-09 20:05:00+00:00,135.207,135.226,135.202,135.214,1227.94
2023-05-09 20:10:00+00:00,135.214,135.233,135.205,135.215,1523.2
2023-05-09 20:15:00+00:00,135.214,135.223,135.196,135.217,1551.45
2023-05-09 20:20:00+00:00,135.216,135.216,135.189,135.195,1753.22
2023-05-09 20:25:00+00:00,135.193,135.217,135.19,135.216,1588.85
2023-05-09 20:30:00+00:00,135.217,135.23,135.205,135.214,1822.33
2023-05-09 20:35:00+00:00,135.213,135.226,135.202,135.224,1625.47
2023-05-09 20:40:00+00:00,135.223,135.231,135.195,135.222,1336.69
2023-05-09 20:45:00+00:00,135.222,135.231,135.219,135.224,379.65
2023-05-09 20:50:00+00:00,135.223,135.234,135.222,135.231,737.2
2023-05-09 20:55:00+00:00,135.232,135.244,135.202,135.202,304.02
2023-05-09 21:00:00+00:00,135.203,135.203,135.137,135.156,9.36
2023-05-09 21:05:00+00:00,135.203,135.212,135.157,135.187,1513.29
2023-05-09 21:10:00+00:00,135.163,135.199,135.162,135.195,251.0
2023-05-09 21:15:00+00:00,135.195,135.216,135.158,135.189,165.99
2023-05-09 21:20:00+00:00,135.176,135.214,135.163,135.212,156.5
2023-05-09 21:25:00+00:00,135.196,135.215,135.177,135.196,394.09
2023-05-09 21:30:00+00:00,135.197,135.197,135.18,135.186,265.2
2023-05-09 21:35:00+00:00,135.186,135.195,135.18,135.191,643.2
2023-05-09 21:40:00+00:00,135.191,135.198,135.181,135.194,304.23
2023-05-09 21:45:00+00:00,135.196,135.196,135.164,135.179,452.1
2023-05-09 21:50:00+00:00,135.179,135.195,135.164,135.18,790.73
2023-05-09 21:55:00+00:00,135.179,135.21,135.166,135.205,688.66
2023-05-09 22:00:00+00:00,135.206,135.206,135.151,135.165,2157.21
2023-05-09 22:05:00+00:00,135.165,135.168,135.152,135.165,3779.45
2023-05-09 22:10:00+00:00,135.165,135.191,135.154,135.162,3602.5
2023-05-09 22:15:00+00:00,135.16,135.201,135.159,135.19,2477.8
2023-05-09 22:20:00+00:00,135.191,135.196,135.166,135.187,4924.67
2023-05-09 22:25:00+00:00,135.186,135.189,135.155,135.184,3515.93
2023-05-09 22:30:00+00:00,135.185,135.192,135.166,135.171,3031.68
2023-05-09 22:35:00+00:00,135.172,135.172,135.156,135.157,813.75
2023-05-09 22:40:00+00:00,135.156,135.169,135.156,135.163,983.85
2023-05-09 22:45:00+00:00,135.163,135.193,135.155,135.167,2374.62
2023-05-09 22:50:00+00:00,135.167,135.19,135.162,135.173,1985.48
2023-05-09 22:55:00+00:00,135.174,135.211,135.165,135.202,2522.81
2023-05-09 23:00:00+00:00,135.199,135.238,135.199,135.222,2545.38
2023-05-09 23:05:00+00:00,135.22,135.252,135.217,135.244,1379.31
2023-05-09 23:10:00+00:00,135.245,135.249,135.235,135.239,905.55
2023-05-09 23:15:00+00:00,135.238,135.25,135.204,135.208,974.82
2023-05-09 23:20:00+00:00,135.208,135.228,135.2,135.202,931.8
2023-05-09 23:25:00+00:00,135.202,135.202,135.18,135.191,706.76
2023-05-09 23:30:00+00:00,135.192,135.239,135.19,135.236,1029.0
2023-05-09 23:35:00+00:00,135.237,135.239,135.221,135.238,1423.98
2023-05-09 23:40:00+00:00,135.239,135.32,135.238,135.31,1250.26
2023-05-09 23:45:00+00:00,135.309,135.336,135.307,135.334,1941.18
2023-05-09 23:50:00+00:00,135.333,135.336,135.272,135.284,1490.58
2023-05-09 23:55:00+00:00,135.284,135.294,135.265,135.291,1284.9
2023-05-10 00:00:00+00:00,135.292,135.3,135.237,135.259,2844.42
2023-05-10 00:05:00+00:00,135.258,135.273,135.217,135.237,2143.47
2023-05-10 00:10:00+00:00,135.237,135.249,135.21,135.247,1502.1
2023-05-10 00:15:00+00:00,135.247,135.284,135.237,135.282,1259.64
2023-05-10 00:20:00+00:00,135.283,135.296,135.257,135.262,1153.7
2023-05-10 00:25:00+00:00,135.262,135.29,135.246,135.278,1246.99
2023-05-10 00:30:00+00:00,135.28,135.293,135.262,135.272,1082.51
2023-05-10 00:35:00+00:00,135.273,135.289,135.266,135.284,1151.05
2023-05-10 00:40:00+00:00,135.284,135.293,135.212,135.231,1617.16
2023-05-10 00:45:00+00:00,135.232,135.265,135.22,135.233,1461.44
2023-05-10 00:50:00+00:00,135.233,135.238,135.097,135.126,2223.67
2023-05-10 00:55:00+00:00,135.126,135.175,135.117,135.15,1288.97
2023-05-10 01:00:00+00:00,135.15,135.154,135.064,135.089,933.32
2023-05-10 01:05:00+00:00,135.09,135.126,135.089,135.092,549.42
2023-05-10 01:10:00+00:00,135.093,135.122,135.085,135.11,421.7
2023-05-10 01:15:00+00:00,135.11,135.139,135.097,135.137,496.06
2023-05-10 01:20:00+00:00,135.136,135.151,135.126,135.137,906.0
2023-05-10 01:25:00+00:00,135.139,135.148,135.132,135.132,795.16
2023-05-10 01:30:00+00:00,135.132,135.182,135.13,135.182,400.28
2023-05-10 01:35:00+00:00,135.183,135.192,135.166,135.177,602.56
2023-05-10 01:40:00+00:00,135.178,135.184,135.16,135.165,507.22
2023-05-10 01:45:00+00:00,135.167,135.179,135.15,135.153,442.92
2023-05-10 01:50:00+00:00,135.153,135.161,135.116,135.146,495.59
2023-05-10 01:55:00+00:00,135.145,135.176,135.145,135.165,272.97
2023-05-10 02:00:00+00:00,135.164,135.164,135.106,135.11,323.37
2023-05-10 02:05:00+00:00,135.111,135.138,135.108,135.112,451.79
2023-05-10 02:10:00+00:00,135.112,135.145,135.111,135.136,212.44
2023-05-10 02:15:00+00:00,135.137,135.174,135.137,135.174,186.2
2023-05-10 02:20:00+00:00,135.178,135.179,135.149,135.156,384.22
2023-05-10 02:25:00+00:00,135.162,135.171,135.139,135.169,248.85
2023-05-10 02:30:00+00:00,135.169,135.203,135.164,135.203,322.1
2023-05-10 02:35:00+00:00,135.203,135.203,135.174,135.182,445.69
2023-05-10 02:40:00+00:00,135.183,135.194,135.169,135.179,343.23
2023-05-10 02:45:00+00:00,135.179,135.203,135.163,135.174,430.13
2023-05-10 02:50:00+00:00,135.173,135.193,135.137,135.187,527.04
2023-05-10 02:55:00+00:00,135.188,135.203,135.176,135.176,529.42
2023-05-10 03:00:00+00:00,135.176,135.178,135.159,135.174,432.69
2023-05-10 03:05:00+00:00,135.174,135.175,135.147,135.174,461.29
2023-05-10 03:10:00+00:00,135.169,135.174,135.156,135.167,342.72
2023-05-10 03:15:00+00:00,135.167,135.185,135.146,135.177,509.47
2023-05-10 03:20:00+00:00,135.177,135.181,135.155,135.158,514.5
2023-05-10 03:25:00+00:00,135.156,135.178,135.152,135.175,412.85
2023-05-10 03:30:00+00:00,135.174,135.177,135.154,135.156,572.57
2023-05-10 03:35:00+00:00,135.154,135.178,135.153,135.174,675.87
2023-05-10 03:40:00+00:00,135.175,135.175,135.15,135.155,686.42
2023-05-10 03:45:00+00:00,135.155,135.158,135.135,135.148,543.15
2023-05-10 03:50:00+00:00,135.147,135.166,135.137,135.143,927.37
2023-05-10 03:55:00+00:00,135.143,135.16,135.142,135.147,764.44
2023-05-10 04:00:00+00:00,135.146,135.174,135.146,135.159,1082.61
2023-05-10 04:05:00+00:00,135.159,135.17,135.138,135.15,1008.26
2023-05-10 04:10:00+00:00,135.151,135.165,135.131,135.135,966.9
2023-05-10 04:15:00+00:00,135.135,135.165,135.132,135.16,717.67
2023-05-10 04:20:00+00:00,135.161,135.187,135.154,135.186,846.03
2023-05-10 04:25:00+00:00,135.186,135.242,135.167,135.222,1152.99
2023-05-10 04:30:00+00:00,135.221,135.237,135.204,135.213,855.86
2023-05-10 04:35:00+00:00,135.214,135.248,135.212,135.24,770.06
2023-05-10 04:40:00+00:00,135.239,135.286,135.237,135.266,742.53
2023-05-10 04:45:00+00:00,135.266,135.276,135.25,135.273,790.85
2023-05-10 04:50:00+00:00,135.274,135.284,135.219,135.221,1066.86
2023-05-10 04:55:00+00:00,135.223,135.239,135.218,135.231,858.6
2023-05-10 05:00:00+00:00,135.233,135.244,135.201,135.222,1139.16
2023-05-10 05:05:00+00:00,135.222,135.237,135.214,135.216,1663.7
2023-05-10 05:10:00+00:00,135.215,135.257,135.196,135.253,1319.85
2023-05-10 05:15:00+00:00,135.253,135.28,135.248,135.27,1052.1
2023-05-10 05:20:00+00:00,135.269,135.342,135.261,135.335,1357.85
2023-05-10 05:25:00+00:00,135.334,135.354,135.316,135.339,1409.57
2023-05-10 05:30:00+00:00,135.34,135.347,135.322,135.332,940.82
2023-05-10 05:35:00+00:00,135.332,135.344,135.324,135.343,1038.79
2023-05-10 05:40:00+00:00,135.343,135.374,135.343,135.352,1371.22
2023-05-10 05:45:00+00:00,135.354,135.356,135.31,135.319,1715.14
2023-05-10 05:50:00+00:00,135.32,135.329,135.31,135.318,1721.42
2023-05-10 05:55:00+00:00,135.318,135.338,135.3,135.335,1540.88
2023-05-10 06:00:00+00:00,135.336,135.419,135.331,135.395,1889.06
2023-05-10 06:05:00+00:00,135.4,135.4,135.353,135.38,1763.02
2023-05-10 06:10:00+00:00,135.379,135.38,135.336,135.345,1581.31
2023-05-10 06:15:00+00:00,135.347,135.428,135.346,135.419,1330.72
2023-05-10 06:20:00+00:00,135.417,135.469,135.417,135.422,1777.29
2023-05-10 06:25:00+00:00,135.422,135.449,135.402,135.444,1640.23
2023-05-10 06:30:00+00:00,135.446,135.461,135.393,135.397,1847.18
2023-05-10 06:35:00+00:00,135.396,135.399,135.375,135.384,1526.66
2023-05-10 06:40:00+00:00,135.385,135.395,135.326,135.346,1268.48
2023-05-10 06:45:00+00:00,135.347,135.358,135.326,135.346,1437.51
2023-05-10 06:50:00+00:00,135.345,135.376,135.343,135.375,1283.31
2023-05-10 06:55:00+00:00,135.374,135.42,135.37,135.384,1817.46
2023-05-10 07:00:00+00:00,135.385,135.429,135.316,135.319,2262.18
2023-05-10 07:05:00+00:00,135.319,135.42,135.307,135.406,2295.62
2023-05-10 07:10:00+00:00,135.408,135.452,135.367,135.393,2991.83
2023-05-10 07:15:00+00:00,135.393,135.394,135.291,135.332,2402.36
2023-05-10 07:20:00+00:00,135.331,135.392,135.322,135.375,1775.55
2023-05-10 07:25:00+00:00,135.376,135.397,135.364,135.365,1916.67
2023-05-10 07:30:00+00:00,135.366,135.366,135.308,135.338,1891.39
2023-05-10 07:35:00+00:00,135.337,135.34,135.296,135.304,2686.32
2023-05-10 07:40:00+00:00,135.303,135.341,135.284,135.312,2125.81
2023-05-10 07:45:00+00:00,135.311,135.33,135.278,135.329,1641.72
2023-05-10 07:50:00+00:00,135.328,135.33,135.28,135.303,1588.08
2023-05-10 07:55:00+00:00,135.303,135.33,135.219,135.24,2139.62
2023-05-10 08:00:00+00:00,135.239,135.252,135.189,135.202,2866.1
2023-05-10 08:05:00+00:00,135.202,135.22,135.138,135.141,2426.85
2023-05-10 08:10:00+00:00,135.142,135.202,135.13,135.196,1928.19
2023-05-10 08:15:00+00:00,135.197,135.199,135.162,135.177,2273.61
2023-05-10 08:20:00+00:00,135.177,135.177,135.119,135.141,1886.37
2023-05-10 08:25:00+00:00,135.142,135.171,135.117,135.153,723.68
2023-05-10 08:30:00+00:00,135.154,135.188,135.131,135.187,2159.57
2023-05-10 08:35:00+00:00,135.188,135.241,135.182,135.231,1773.74
2023-05-10 08:40:00+00:00,135.231,135.27,135.226,135.252,2129.15
2023-05-10 08:45:00+00:00,135.252,135.271,135.22,135.234,1695.79
2023-05-10 08:50:00+00:00,135.233,135.263,135.229,135.25,1869.91
2023-05-10 08:55:00+00:00,135.252,135.288,135.242,135.26,1710.82
2023-05-10 09:00:00+00:00,135.26,135.279,135.239,135.24,1986.27
2023-05-10 09:05:00+00:00,135.241,135.254,135.215,135.233,2025.1
2023-05-10 09:10:00+00:00,135.233,135.244,135.213,135.235,2118.29
2023-05-10 09:15:00+00:00,135.232,135.263,135.229,135.26,1566.34
2023-05-10 09:20:00+00:00,135.261,135.283,135.245,135.271,1266.58
2023-05-10 09:25:00+00:00,135.271,135.272,135.231,135.232,1482.72
2023-05-10 09:30:00+00:00,135.233,135.253,135.224,135.24,1952.55
2023-05-10 09:35:00+00:00,135.239,135.245,135.201,135.205,1944.61
2023-05-10 09:40:00+00:00,135.206,135.214,135.179,135.184,1689.45
2023-05-10 09:45:00+00:00,135.182,135.205,135.169,135.174,1966.41
2023-05-10 09:50:00+00:00,135.175,135.179,135.145,135.158,1801.35
2023-05-10 09:55:00+00:00,135.158,135.192,135.149,135.192,1510.1
2023-05-10 10:00:00+00:00,135.191,135.191,135.142,135.143,1467.84
2023-05-10 10:05:00+00:00,135.144,135.172,135.135,135.163,1311.3
2023-05-10 10:10:00+00:00,135.164,135.191,135.161,135.179,1084.12
2023-05-10 10:15:00+00:00,135.18,135.201,135.165,135.201,1039.87
2023-05-10 10:20:00+00:00,135.2,135.233,135.197,135.22,1101.69
2023-05-10 10:25:00+00:00,135.221,135.241,135.206,135.214,1439.97
2023-05-10 10:30:00+00:00,135.214,135.244,135.205,135.242,1663.59
2023-05-10 10:35:00+00:00,135.241,135.242,135.195,135.197,1339.91
2023-05-10 10:40:00+00:00,135.196,135.197,135.17,135.172,1307.79
2023-05-10 10:45:00+00:00,135.172,135.192,135.168,135.178,1366.59
2023-05-10 10:50:00+00:00,135.179,135.198,135.161,135.19,1348.99
2023-05-10 10:55:00+00:00,135.196,135.216,135.177,135.194,1490.07
2023-05-10 11:00:00+00:00,135.196,135.243,135.177,135.241,1272.63
2023-05-10 11:05:00+00:00,135.237,135.256,135.217,135.252,1349.72
2023-05-10 11:10:00+00:00,135.252,135.271,135.231,135.242,1392.6
2023-05-10 11:15:00+00:00,135.241,135.27,135.234,135.267,1292.89
2023-05-10 11:20:00+00:00,135.266,135.281,135.26,135.267,1355.28
2023-05-10 11:25:00+00:00,135.268,135.286,135.261,135.277,1140.16
2023-05-10 11:30:00+00:00,135.276,135.315,135.27,135.296,1505.11
2023-05-10 11:35:00+00:00,135.296,135.305,135.285,135.286,855.04
2023-05-10 11:40:00+00:00,135.285,135.304,135.267,135.295,1725.34
2023-05-10 11:45:00+00:00,135.295,135.314,135.276,135.31,1940.78
2023-05-10 11:50:00+00:00,135.311,135.341,135.295,135.331,1783.84
2023-05-10 11:55:00+00:00,135.332,135.34,135.304,135.313,1948.9
2023-05-10 12:00:00+00:00,135.312,135.331,135.273,135.331,2425.65
2023-05-10 12:05:00+00:00,135.332,135.344,135.292,135.329,2327.38
2023-05-10 12:10:00+00:00,135.329,135.355,135.282,135.32,2592.28
2023-05-10 12:15:00+00:00,135.319,135.335,135.294,135.315,2410.89
2023-05-10 12:20:00+00:00,135.314,135.367,135.297,135.366,2307.94
2023-05-10 12:25:00+00:00,135.365,135.414,135.27,135.27,3512.5
2023-05-10 12:30:00+00:00,135.27,135.27,134.562,134.769,8983.95
2023-05-10 12:35:00+00:00,134.767,134.774,134.635,134.679,8507.03
2023-05-10 12:40:00+00:00,134.679,134.682,134.526,134.575,7502.89
2023-05-10 12:45:00+00:00,134.574,134.63,134.513,134.53,6087.61
2023-05-10 12:50:00+00:00,134.53,134.531,134.339,134.359,6315.84
2023-05-10 12:55:00+00:00,134.359,134.424,134.336,134.402,5156.21
2023-05-10 13:00:00+00:00,134.403,134.404,134.287,134.347,5683.9
2023-05-10 13:05:00+00:00,134.347,134.549,134.347,134.546,5058.89
2023-05-10 13:10:00+00:00,134.547,134.57,134.464,134.492,4603.41
2023-05-10 13:15:00+00:00,134.491,134.632,134.491,134.576,4523.11
2023-05-10 13:20:00+00:00,134.575,134.594,134.515,134.576,3938.27
2023-05-10 13:25:00+00:00,134.576,134.681,134.57,134.681,4186.9
2023-05-10 13:30:00+00:00,134.68,134.71,134.635,134.689,4093.46
2023-05-10 13:35:00+00:00,134.689,134.719,134.573,134.601,5129.18
2023-05-10 13:40:00+00:00,134.602,134.662,134.514,134.541,5448.94
2023-05-10 13:45:00+00:00,134.541,134.551,134.365,134.396,4565.24
2023-05-10 13:50:00+00:00,134.394,134.442,134.276,134.315,4704.22
2023-05-10 13:55:00+00:00,134.318,134.428,134.304,134.421,3486.82
2023-05-10 14:00:00+00:00,134.421,134.481,134.421,134.467,4908.97
2023-05-10 14:05:00+00:00,134.47,134.494,134.419,134.483,4443.38
2023-05-10 14:10:00+00:00,134.482,134.549,134.481,134.52,4151.82
2023-05-10 14:15:00+00:00,134.519,134.604,134.433,134.454,6238.64
2023-05-10 14:20:00+00:00,134.454,134.511,134.424,134.44,5192.27
2023-05-10 14:25:00+00:00,134.44,134.45,134.364,134.365,4325.78
2023-05-10 14:30:00+00:00,134.365,134.442,134.358,134.37,4548.32
2023-05-10 14:35:00+00:00,134.369,134.411,134.325,134.389,4552.28
2023-05-10 14:40:00+00:00,134.39,134.482,134.38,134.474,4477.48
2023-05-10 14:45:00+00:00,134.468,134.494,134.437,134.452,4683.35
2023-05-10 14:50:00+00:00,134.453,134.494,134.402,134.483,4639.48
2023-05-10 14:55:00+00:00,134.481,134.481,134.394,134.423,4367.04
2023-05-10 15:00:00+00:00,134.422,134.481,134.418,134.454,3907.89
2023-05-10 15:05:00+00:00,134.454,134.501,134.436,134.492,3260.46
2023-05-10 15:10:00+00:00,134.493,134.516,134.467,134.47,3989.37
2023-05-10 15:15:00+00:00,134.472,134.492,134.446,134.492,2902.34
2023-05-10 15:20:00+00:00,134.492,134.544,134.469,134.524,2920.44
2023-05-10 15:25:00+00:00,134.524,134.583,134.524,134.579,2241.48
2023-05-10 15:30:00+00:00,134.579,134.604,134.544,134.572,2824.35
2023-05-10 15:35:00+00:00,134.578,134.583,134.521,134.541,3032.21
2023-05-10 15:40:00+00:00,134.541,134.556,134.516,134.528,1964.98
2023-05-10 15:45:00+00:00,134.527,134.53,134.502,134.512,2326.88
2023-05-10 15:50:00+00:00,134.513,134.577,134.513,134.575,1726.75
2023-05-10 15:55:00+00:00,134.576,134.58,134.503,134.526,2163.97
2023-05-10 16:00:00+00:00,134.526,134.536,134.465,134.481,2617.47
2023-05-10 16:05:00+00:00,134.481,134.485,134.452,134.454,1898.01
2023-05-10 16:10:00+00:00,134.453,134.455,134.418,134.42,1997.09
2023-05-10 16:15:00+00:00,134.418,134.439,134.406,134.43,1381.07
2023-05-10 16:20:00+00:00,134.43,134.432,134.393,134.402,1287.28
2023-05-10 16:25:00+00:00,134.403,134.406,134.393,134.397,1044.14
2023-05-10 16:30:00+00:00,134.395,134.444,134.393,134.41,1541.07
2023-05-10 16:35:00+00:00,134.409,134.416,134.38,134.401,1348.65
2023-05-10 16:40:00+00:00,134.404,134.422,134.375,134.407,1628.69
2023-05-10 16:45:00+00:00,134.406,134.413,134.347,134.355,1203.66
2023-05-10 16:50:00+00:00,134.351,134.369,134.329,134.334,1519.63
2023-05-10 16:55:00+00:00,134.333,134.341,134.313,134.337,1875.37
2023-05-10 17:00:00+00:00,134.338,134.37,134.32,134.34,1984.79
2023-05-10 17:05:00+00:00,134.34,134.364,134.287,134.292,1675.58
2023-05-10 17:10:00+00:00,134.292,134.311,134.231,134.249,2625.03
2023-05-10 17:15:00+00:00,134.249,134.253,134.23,134.231,1974.92
2023-05-10 17:20:00+00:00,134.231,134.258,134.217,134.223,2293.82
2023-05-10 17:25:00+00:00,134.223,134.24,134.207,134.227,2131.18
2023-05-10 17:30:00+00:00,134.227,134.235,134.207,134.223,2261.92
2023-05-10 17:35:00+00:00,134.223,134.229,134.191,134.2,2040.34
2023-05-10 17:40:00+00:00,134.2,134.204,134.11,134.124,2831.25
2023-05-10 17:45:00+00:00,134.124,134.212,134.123,134.21,2431.08
2023-05-10 17:50:00+00:00,134.208,134.244,134.205,134.236,2541.55
2023-05-10 17:55:00+00:00,134.235,134.251,134.219,134.245,1895.41
2023-05-10 18:00:00+00:00,134.246,134.259,134.227,134.242,1060.16
2023-05-10 18:05:00+00:00,134.242,134.267,134.232,134.26,1249.8
2023-05-10 18:10:00+00:00,134.261,134.304,134.257,134.262,1672.9
2023-05-10 18:15:00+00:00,134.266,134.285,134.232,134.232,1208.76
2023-05-10 18:20:00+00:00,134.233,134.262,134.218,134.262,2020.35
2023-05-10 18:25:00+00:00,134.262,134.294,134.249,134.277,1633.14
2023-05-10 18:30:00+00:00,134.279,134.287,134.244,134.266,1500.64
2023-05-10 18:35:00+00:00,134.267,134.269,134.237,134.241,1019.32
2023-05-10 18:40:00+00:00,134.242,134.261,134.227,134.25,1630.42
2023-05-10 18:45:00+00:00,134.253,134.281,134.197,134.198,1707.52
2023-05-10 18:50:00+00:00,134.197,134.241,134.193,134.232,1824.45
2023-05-10 18:55:00+00:00,134.231,134.254,134.225,134.248,1780.17
2023-05-10 19:00:00+00:00,134.255,134.273,134.251,134.252,2298.34
2023-05-10 19:05:00+00:00,134.253,134.34,134.25,134.325,1322.82
2023-05-10 19:10:00+00:00,134.324,134.343,134.304,134.315,1058.71
2023-05-10 19:15:00+00:00,134.314,134.332,134.311,134.315,1152.36
2023-05-10 19:20:00+00:00,134.316,134.333,134.289,134.314,1884.2
2023-05-10 19:25:00+00:00,134.316,134.355,134.3,134.313,1893.94
2023-05-10 19:30:00+00:00,134.313,134.357,134.307,134.328,2170.95
2023-05-10 19:35:00+00:00,134.329,134.336,134.312,134.335,1233.96
2023-05-10 19:40:00+00:00,134.335,134.383,134.334,134.38,1311.78
2023-05-10 19:45:00+00:00,134.381,134.383,134.348,134.361,1478.47
2023-05-10 19:50:00+00:00,134.359,134.367,134.335,134.367,1093.46
2023-05-10 19:55:00+00:00,134.367,134.376,134.336,134.349,1628.46
2023-05-10 20:00:00+00:00,134.349,134.352,134.291,134.305,975.42
2023-05-10 20:05:00+00:00,134.306,134.316,134.289,134.298,447.49
2023-05-10 20:10:00+00:00,134.303,134.326,134.292,134.326,597.69
2023-05-10 20:15:00+00:00,134.326,134.347,134.326,134.337,325.62
2023-05-10 20:20:00+00:00,134.337,134.344,134.328,134.343,285.45
2023-05-10 20:25:00+00:00,134.347,134.349,134.326,134.326,395.02
2023-05-10 20:30:00+00:00,134.325,134.346,134.325,134.346,355.95
2023-05-10 20:35:00+00:00,134.347,134.349,134.334,134.34,228.48
2023-05-10 20:40:00+00:00,134.339,134.349,134.323,134.333,287.64
2023-05-10 20:45:00+00:00,134.332,134.358,134.332,134.347,315.42
2023-05-10 20:50:00+00:00,134.348,134.391,134.344,134.381,1336.9
2023-05-10 20:55:00+00:00,134.38,134.402,134.343,134.343,1252.84
2023-05-10 21:00:00+00:00,134.332,134.332,134.271,134.312,14.76
2023-05-10 21:05:00+00:00,134.311,134.333,134.303,134.326,895.06
2023-05-10 21:10:00+00:00,134.325,134.333,134.325,134.328,1246.2
2023-05-10 21:15:00+00:00,134.328,134.328,134.325,134.326,1227.3
2023-05-10 21:20:00+00:00,134.326,134.327,134.324,134.325,1048.2
2023-05-10 21:25:00+00:00,134.325,134.325,134.259,134.26,674.74
2023-05-10 21:30:00+00:00,134.257,134.267,134.236,134.262,1229.39
2023-05-10 21:35:00+00:00,134.262,134.327,134.253,134.289,808.12
2023-05-10 21:40:00+00:00,134.286,134.315,134.282,134.285,136.0
2023-05-10 21:45:00+00:00,134.285,134.312,134.285,134.302,93.2
2023-05-10 21:50:00+00:00,134.304,134.309,134.281,134.283,356.97
2023-05-10 21:55:00+00:00,134.282,134.301,134.249,134.283,234.51
2023-05-10 22:00:00+00:00,134.283,134.366,134.281,134.303,1930.43
2023-05-10 22:05:00+00:00,134.302,134.308,134.3,134.305,90.9
2023-05-10 22:10:00+00:00,134.306,134.339,134.299,134.333,807.0
2023-05-10 22:15:00+00:00,134.334,134.339,134.286,134.289,1171.35
2023-05-10 22:20:00+00:00,134.289,134.323,134.26,134.321,814.5
2023-05-10 22:25:00+00:00,134.319,134.32,134.251,134.277,833.86
2023-05-10 22:30:00+00:00,134.276,134.284,134.233,134.243,1521.33
2023-05-10 22:35:00+00:00,134.242,134.264,134.235,134.237,1106.88
2023-05-10 22:40:00+00:00,134.237,134.253,134.213,134.218,1285.95
2023-05-10 22:45:00+00:00,134.217,134.246,134.217,134.244,447.6
2023-05-10 22:50:00+00:00,134.244,134.25,134.214,134.222,595.35
2023-05-10 22:55:00+00:00,134.222,134.229,134.182,134.186,786.25
2023-05-10 23:00:00+00:00,134.187,134.187,134.063,134.109,2765.93
2023-05-10 23:05:00+00:00,134.108,134.11,134.06,134.108,1868.03
2023-05-10 23:10:00+00:00,134.109,134.116,134.078,134.086,1327.8
2023-05-10 23:15:00+00:00,134.087,134.101,134.016,134.054,1750.39
2023-05-10 23:20:00+00:00,134.054,134.075,134.028,134.063,770.2
2023-05-10 23:25:00+00:00,134.064,134.113,134.044,134.107,944.08
2023-05-10 23:30:00+00:00,134.107,134.117,134.073,134.075,797.18
2023-05-10 23:35:00+00:00,134.074,134.124,134.073,134.105,789.48
2023-05-10 23:40:00+00:00,134.106,134.135,134.104,134.123,530.96
2023-05-10 23:45:00+00:00,134.122,134.127,134.093,134.106,970.94
2023-05-10 23:50:00+00:00,134.107,134.126,134.06,134.065,1137.93
2023-05-10 23:55:00+00:00,134.067,134.113,134.044,134.101,739.61
2023-05-11 00:00:00+00:00,134.101,134.115,134.029,134.029,3052.92
2023-05-11 00:05:00+00:00,134.028,134.055,134.0,134.048,2020.92
2023-05-11 00:10:00+00:00,134.046,134.081,134.031,134.059,1840.62
2023-05-11 00:15:00+00:00,134.056,134.076,133.935,133.947,2841.72
2023-05-11 00:20:00+00:00,133.946,133.95,133.893,133.91,3354.72
2023-05-11 00:25:00+00:00,133.911,133.96,133.892,133.949,3077.81
2023-05-11 00:30:00+00:00,133.948,134.025,133.946,134.02,2447.37
2023-05-11 00:35:00+00:00,134.021,134.07,133.974,134.054,2480.39
2023-05-11 00:40:00+00:00,134.054,134.112,134.052,134.097,2134.57
2023-05-11 00:45:00+00:00,134.098,134.108,134.07,134.107,1711.32
2023-05-11 00:50:00+00:00,134.108,134.154,134.078,134.083,3549.52
2023-05-11 00:55:00+00:00,134.086,134.092,134.038,134.065,3290.81
2023-05-11 01:00:00+00:00,134.063,134.097,134.035,134.065,4021.74
2023-05-11 01:05:00+00:00,134.065,134.096,134.061,134.063,2215.71
2023-05-11 01:10:00+00:00,134.063,134.082,134.043,134.045,1957.28
2023-05-11 01:15:00+00:00,134.045,134.161,134.045,134.109,1948.3
2023-05-11 01:20:00+00:00,134.109,134.116,134.064,134.073,1502.2
2023-05-11 01:25:00+00:00,134.075,134.105,134.045,134.098,1768.79
2023-05-11 01:30:00+00:00,134.098,134.114,134.081,134.099,2511.62
2023-05-11 01:35:00+00:00,134.099,134.118,134.068,134.076,1821.3
2023-05-11 01:40:00+00:00,134.074,134.074,134.015,134.034,1295.63
2023-05-11 01:45:00+00:00,134.038,134.044,134.027,134.035,810.9
2023-05-11 01:50:00+00:00,134.035,134.056,134.008,134.056,1499.3
2023-05-11 01:55:00+00:00,134.055,134.084,134.055,134.066,1391.55
2023-05-11 02:00:00+00:00,134.066,134.127,134.061,134.125,2091.51
2023-05-11 02:05:00+00:00,134.126,134.146,134.124,134.13,1289.92
2023-05-11 02:10:00+00:00,134.126,134.167,134.082,134.127,1860.05
2023-05-11 02:15:00+00:00,134.128,134.174,134.128,134.163,1114.35
2023-05-11 02:20:00+00:00,134.164,134.173,134.142,134.172,1209.56
2023-05-11 02:25:00+00:00,134.172,134.185,134.165,134.172,1670.46
2023-05-11 02:30:00+00:00,134.172,134.248,134.153,134.232,2306.51
2023-05-11 02:35:00+00:00,134.232,134.244,134.205,134.234,1231.69
2023-05-11 02:40:00+00:00,134.234,134.237,134.217,134.228,841.12
2023-05-11 02:45:00+00:00,134.228,134.235,134.205,134.211,2064.45
2023-05-11 02:50:00+00:00,134.209,134.226,134.189,134.211,2056.32
2023-05-11 02:55:00+00:00,134.209,134.222,134.187,134.213,1855.92
2023-05-11 03:00:00+00:00,134.213,134.213,134.16,134.169,1910.3
2023-05-11 03:05:00+00:00,134.169,134.185,134.134,134.151,1897.81
2023-05-11 03:10:00+00:00,134.152,134.163,134.142,134.151,921.45
2023-05-11 03:15:00+00:00,134.152,134.163,134.152,134.161,842.4
2023-05-11 03:20:00+00:00,134.16,134.163,134.159,134.162,511.5
2023-05-11 03:25:00+00:00,134.161,134.164,134.104,134.127,1373.4
2023-05-11 03:30:00+00:00,134.126,134.141,134.113,134.124,1914.95
2023-05-11 03:35:00+00:00,134.124,134.157,134.12,134.151,712.32
2023-05-11 03:40:00+00:00,134.151,134.158,134.14,134.154,513.9
2023-05-11 03:45:00+00:00,134.155,134.167,134.134,134.15,649.5
2023-05-11 03:50:00+00:00,134.152,134.176,134.15,134.17,734.82
2023-05-11 03:55:00+00:00,134.169,134.208,134.16,134.189,845.65
2023-05-11 04:00:00+00:00,134.189,134.232,134.169,134.222,1544.7
2023-05-11 04:05:00+00:00,134.223,134.224,134.199,134.205,1196.17
2023-05-11 04:10:00+00:00,134.204,134.223,134.181,134.187,1999.58
2023-05-11 04:15:00+00:00,134.188,134.228,134.188,134.208,2200.9
2023-05-11 04:20:00+00:00,134.207,134.219,134.153,134.165,1354.8
2023-05-11 04:25:00+00:00,134.165,134.232,134.15,134.232,1588.2
2023-05-11 04:30:00+00:00,134.24,134.301,134.239,134.279,1449.73
2023-05-11 04:35:00+00:00,134.28,134.305,134.259,134.295,2566.42
2023-05-11 04:40:00+00:00,134.294,134.302,134.258,134.261,1989.45
2023-05-11 04:45:00+00:00,134.26,134.287,134.251,134.267,1405.54
2023-05-11 04:50:00+00:00,134.266,134.272,134.233,134.253,1711.83
2023-05-11 04:55:00+00:00,134.253,134.269,134.239,134.242,1255.19
2023-05-11 05:00:00+00:00,134.246,134.267,134.236,134.251,2833.92
2023-05-11 05:05:00+00:00,134.251,134.253,134.186,134.214,1916.3
2023-05-11 05:10:00+00:00,134.214,134.216,134.175,134.188,1384.87
2023-05-11 05:15:00+00:00,134.187,134.205,134.17,134.182,1642.28
2023-05-11 05:20:00+00:00,134.181,134.201,134.168,134.19,1070.1
2023-05-11 05:25:00+00:00,134.191,134.223,134.19,134.216,647.04
2023-05-11 05:30:00+00:00,134.216,134.246,134.216,134.226,1190.79
2023-05-11 05:35:00+00:00,134.225,134.24,134.213,134.215,1531.66
2023-05-11 05:40:00+00:00,134.213,134.259,134.212,134.256,1255.55
2023-05-11 05:45:00+00:00,134.255,134.273,134.241,134.255,1171.7
2023-05-11 05:50:00+00:00,134.255,134.258,134.221,134.225,2591.18
2023-05-11 05:55:00+00:00,134.226,134.305,134.226,134.289,2275.27
2023-05-11 06:00:00+00:00,134.288,134.296,134.234,134.243,3380.5
2023-05-11 06:05:00+00:00,134.249,134.278,134.239,134.275,2162.6
2023-05-11 06:10:00+00:00,134.276,134.31,134.263,134.286,2566.89
2023-05-11 06:15:00+00:00,134.287,134.297,134.236,134.259,2034.01
2023-05-11 06:20:00+00:00,134.258,134.272,134.232,134.244,2259.0
2023-05-11 06:25:00+00:00,134.245,134.256,134.191,134.193,1923.03
2023-05-11 06:30:00+00:00,134.194,134.246,134.191,134.218,3650.33
2023-05-11 06:35:00+00:00,134.217,134.247,134.179,134.224,2946.09
2023-05-11 06:40:00+00:00,134.223,134.236,134.189,134.207,3014.71
2023-05-11 06:45:00+00:00,134.208,134.224,134.156,134.191,2611.14
2023-05-11 06:50:00+00:00,134.191,134.249,134.183,134.236,2703.41
2023-05-11 06:55:00+00:00,134.232,134.341,134.224,134.336,4278.07
2023-05-11 07:00:00+00:00,134.338,134.406,134.325,134.405,4753.69
2023-05-11 07:05:00+00:00,134.407,134.532,134.406,134.513,4461.82
2023-05-11 07:10:00+00:00,134.514,134.521,134.447,134.465,4478.02
2023-05-11 07:15:00+00:00,134.466,134.518,134.453,134.485,4005.14
2023-05-11 07:20:00+00:00,134.484,134.514,134.43,134.468,3951.33
2023-05-11 07:25:00+00:00,134.469,134.476,134.42,134.455,4377.01
2023-05-11 07:30:00+00:00,134.456,134.51,134.445,134.458,4759.59
2023-05-11 07:35:00+00:00,134.457,134.472,134.428,134.455,3631.03
2023-05-11 07:40:00+00:00,134.455,134.492,134.445,134.483,3198.79
2023-05-11 07:45:00+00:00,134.484,134.555,134.472,134.52,3774.93
2023-05-11 07:50:00+00:00,134.519,134.535,134.493,134.511,3066.65
2023-05-11 07:55:00+00:00,134.509,134.56,134.5,134.552,3355.82
2023-05-11 08:00:00+00:00,134.553,134.659,134.549,134.602,5887.37
2023-05-11 08:05:00+00:00,134.601,134.618,134.543,134.585,3894.63
2023-05-11 08:10:00+00:00,134.583,134.693,134.574,134.665,4031.02
2023-05-11 08:15:00+00:00,134.665,134.692,134.655,134.677,3833.36
2023-05-11 08:20:00+00:00,134.678,134.702,134.643,134.654,4136.05
2023-05-11 08:25:00+00:00,134.654,134.73,134.649,134.715,3148.2
2023-05-11 08:30:00+00:00,134.714,134.748,134.69,134.716,3460.91
2023-05-11 08:35:00+00:00,134.717,134.743,134.708,134.739,2889.38
2023-05-11 08:40:00+00:00,134.739,134.78,134.736,134.77,2675.51
2023-05-11 08:45:00+00:00,134.77,134.784,134.733,134.751,3049.74
2023-05-11 08:50:00+00:00,134.752,134.842,134.741,134.841,3386.05
2023-05-11 08:55:00+00:00,134.84,134.84,134.775,134.797,3086.67
2023-05-11 09:00:00+00:00,134.797,134.839,134.75,134.781,4415.51
2023-05-11 09:05:00+00:00,134.78,134.794,134.754,134.788,3432.79
2023-05-11 09:10:00+00:00,134.791,134.834,134.786,134.825,3924.2
2023-05-11 09:15:00+00:00,134.824,134.824,134.753,134.76,2958.22
2023-05-11 09:20:00+00:00,134.761,134.776,134.74,134.746,3070.15
2023-05-11 09:25:00+00:00,134.743,134.76,134.704,134.715,2814.24
2023-05-11 09:30:00+00:00,134.715,134.733,134.705,134.726,2855.42
2023-05-11 09:35:00+00:00,134.727,134.732,134.681,134.687,2054.96
2023-05-11 09:40:00+00:00,134.688,134.734,134.68,134.723,2179.23
2023-05-11 09:45:00+00:00,134.725,134.754,134.706,134.716,2437.26
2023-05-11 09:50:00+00:00,134.714,134.716,134.688,134.701,1767.12
2023-05-11 09:55:00+00:00,134.7,134.717,134.685,134.691,2009.2
2023-05-11 10:00:00+00:00,134.69,134.7,134.635,134.643,2542.64
2023-05-11 10:05:00+00:00,134.642,134.672,134.632,134.646,2868.87
2023-05-11 10:10:00+00:00,134.645,134.67,134.613,134.659,3022.07
2023-05-11 10:15:00+00:00,134.659,134.67,134.646,134.67,1488.06
2023-05-11 10:20:00+00:00,134.669,134.681,134.655,134.669,1682.52
2023-05-11 10:25:00+00:00,134.67,134.671,134.603,134.62,2107.72
2023-05-11 10:30:00+00:00,134.619,134.636,134.608,134.624,2594.64
2023-05-11 10:35:00+00:00,134.625,134.644,134.624,134.641,2441.99
2023-05-11 10:40:00+00:00,134.641,134.653,134.6,134.605,2508.74
2023-05-11 10:45:00+00:00,134.604,134.615,134.552,134.56,2645.37
2023-05-11 10:50:00+00:00,134.559,134.56,134.505,134.541,3493.18
2023-05-11 10:55:00+00:00,134.539,134.567,134.532,134.538,2662.14
2023-05-11 11:00:00+00:00,134.537,134.589,134.516,134.524,4144.98
2023-05-11 11:05:00+00:00,134.524,134.524,134.321,134.332,4075.82
2023-05-11 11:10:00+00:00,134.329,134.357,134.237,134.248,5008.58
2023-05-11 11:15:00+00:00,134.248,134.25,134.204,134.206,4458.47
2023-05-11 11:20:00+00:00,134.206,134.231,134.152,134.17,3598.51
2023-05-11 11:25:00+00:00,134.169,134.235,134.154,134.217,3556.14
2023-05-11 11:30:00+00:00,134.216,134.245,134.194,134.199,5308.36
2023-05-11 11:35:00+00:00,134.198,134.243,134.164,134.197,4613.88
2023-05-11 11:40:00+00:00,134.197,134.203,134.127,134.14,5394.13
2023-05-11 11:45:00+00:00,134.14,134.144,134.084,134.138,4595.26
2023-05-11 11:50:00+00:00,134.138,134.193,134.106,134.192,4060.4
2023-05-11 11:55:00+00:00,134.192,134.207,134.143,134.153,2583.47
2023-05-11 12:00:00+00:00,134.153,134.168,134.089,134.099,1989.58
2023-05-11 12:05:00+00:00,134.097,134.101,134.031,134.066,2927.2
2023-05-11 12:10:00+00:00,134.068,134.092,134.022,134.084,2584.3
2023-05-11 12:15:00+00:00,134.085,134.634,134.078,134.406,7240.97
2023-05-11 12:20:00+00:00,134.406,134.406,134.209,134.209,6474.38
2023-05-11 12:25:00+00:00,134.211,134.28,134.196,134.237,4964.44
2023-05-11 12:30:00+00:00,134.234,134.234,133.756,133.896,8152.81
2023-05-11 12:35:00+00:00,133.896,133.957,133.817,133.888,2596.09
2023-05-11 12:40:00+00:00,133.889,133.922,133.814,133.914,1996.12
2023-05-11 12:45:00+00:00,133.914,133.932,133.823,133.874,1712.6
2023-05-11 12:50:00+00:00,133.876,133.901,133.8,133.825,1838.09
2023-05-11 12:55:00+00:00,133.824,133.872,133.743,133.835,2578.63
2023-05-11 13:00:00+00:00,133.835,133.872,133.782,133.857,3112.2
2023-05-11 13:05:00+00:00,133.856,133.904,133.825,133.834,2724.77
2023-05-11 13:10:00+00:00,133.835,133.863,133.784,133.857,3070.18
2023-05-11 13:15:00+00:00,133.857,133.982,133.856,133.98,2884.51
2023-05-11 13:20:00+00:00,133.978,134.071,133.961,134.033,2702.78
2023-05-11 13:25:00+00:00,134.04,134.073,134.014,134.058,2223.07
2023-05-11 13:30:00+00:00,134.058,134.063,133.853,133.872,3608.81
2023-05-11 13:35:00+00:00,133.873,134.026,133.846,134.018,3153.1
2023-05-11 13:40:00+00:00,134.021,134.129,134.012,134.123,2400.91
2023-05-11 13:45:00+00:00,134.122,134.18,134.066,134.101,3243.48
2023-05-11 13:50:00+00:00,134.1,134.217,134.075,134.21,3213.2
2023-05-11 13:55:00+00:00,134.211,134.318,134.198,134.279,2930.07
2023-05-11 14:00:00+00:00,134.282,134.294,134.2,134.228,3576.67
2023-05-11 14:05:00+00:00,134.234,134.41,134.229,134.37,2654.16
2023-05-11 14:10:00+00:00,134.371,134.393,134.295,134.378,2644.86
2023-05-11 14:15:00+00:00,134.378,134.403,134.321,134.337,2908.97
2023-05-11 14:20:00+00:00,134.336,134.404,134.326,134.404,1874.88
2023-05-11 14:25:00+00:00,134.403,134.463,134.403,134.456,1305.83
2023-05-11 14:30:00+00:00,134.456,134.478,134.365,134.387,1956.87
2023-05-11 14:35:00+00:00,134.39,134.426,134.372,134.389,1635.91
2023-05-11 14:40:00+00:00,134.388,134.431,134.37,134.414,1452.88
2023-05-11 14:45:00+00:00,134.414,134.542,134.393,134.51,1710.19
2023-05-11 14:50:00+00:00,134.511,134.522,134.449,134.476,1644.15
2023-05-11 14:55:00+00:00,134.476,134.478,134.392,134.414,1823.48
2023-05-11 15:00:00+00:00,134.414,134.476,134.401,134.445,2219.97
2023-05-11 15:05:00+00:00,134.444,134.491,134.435,134.456,2402.53
2023-05-11 15:10:00+00:00,134.455,134.477,134.392,134.421,2575.71
2023-05-11 15:15:00+00:00,134.422,134.423,134.373,134.374,1830.42
2023-05-11 15:20:00+00:00,134.373,134.387,134.331,134.358,1981.65
2023-05-11 15:25:00+00:00,134.359,134.394,134.332,134.387,2055.3
2023-05-11 15:30:00+00:00,134.387,134.397,134.34,134.353,1855.22
2023-05-11 15:35:00+00:00,134.35,134.414,134.35,134.414,1184.02
2023-05-11 15:40:00+00:00,134.417,134.481,134.417,134.461,1243.79
2023-05-11 15:45:00+00:00,134.461,134.472,134.425,134.459,1589.17
2023-05-11 15:50:00+00:00,134.46,134.469,134.407,134.437,1372.55
2023-05-11 15:55:00+00:00,134.437,134.47,134.437,134.461,1571.84
2023-05-11 16:00:00+00:00,134.46,134.487,134.386,134.393,1824.18
2023-05-11 16:05:00+00:00,134.394,134.417,134.382,134.384,1714.42
2023-05-11 16:10:00+00:00,134.384,134.397,134.343,134.391,1699.39
2023-05-11 16:15:00+00:00,134.391,134.406,134.358,134.373,1400.08
2023-05-11 16:20:00+00:00,134.374,134.381,134.348,134.379,1315.16
2023-05-11 16:25:00+00:00,134.379,134.383,134.329,134.36,2096.27
2023-05-11 16:30:00+00:00,134.36,134.393,134.353,134.378,1512.85
2023-05-11 16:35:00+00:00,134.376,134.423,134.371,134.404,1218.38
2023-05-11 16:40:00+00:00,134.404,134.442,134.399,134.428,1293.43
2023-05-11 16:45:00+00:00,134.427,134.446,134.421,134.443,888.84
2023-05-11 16:50:00+00:00,134.442,134.446,134.401,134.41,1258.32
2023-05-11 16:55:00+00:00,134.411,134.43,134.394,134.412,988.78
2023-05-11 17:00:00+00:00,134.413,134.416,134.343,134.352,1710.84
2023-05-11 17:05:00+00:00,134.351,134.412,134.334,134.383,1496.87
2023-05-11 17:10:00+00:00,134.385,134.445,134.373,134.436,968.1
2023-05-11 17:15:00+00:00,134.436,134.461,134.434,134.441,980.21
2023-05-11 17:20:00+00:00,134.442,134.446,134.389,134.391,1394.25
2023-05-11 17:25:00+00:00,134.392,134.436,134.392,134.408,888.75
2023-05-11 17:30:00+00:00,134.407,134.407,134.38,134.387,1073.9
2023-05-11 17:35:00+00:00,134.386,134.427,134.386,134.424,981.75
2023-05-11 17:40:00+00:00,134.425,134.428,134.396,134.418,1080.58
2023-05-11 17:45:00+00:00,134.418,134.418,134.344,134.357,1329.67
2023-05-11 17:50:00+00:00,134.357,134.415,134.351,134.409,1398.45
2023-05-11 17:55:00+00:00,134.407,134.451,134.4,134.448,1209.16
2023-05-11 18:00:00+00:00,134.449,134.45,134.4,134.425,1564.18
2023-05-11 18:05:00+00:00,134.424,134.461,134.423,134.459,1325.3
2023-05-11 18:10:00+00:00,134.46,134.48,134.453,134.46,867.05
2023-05-11 18:15:00+00:00,134.46,134.462,134.424,134.434,1176.45
2023-05-11 18:20:00+00:00,134.433,134.48,134.43,134.474,1514.67
2023-05-11 18:25:00+00:00,134.475,134.497,134.475,134.494,1405.17
2023-05-11 18:30:00+00:00,134.493,134.502,134.47,134.501,1539.63
2023-05-11 18:35:00+00:00,134.502,134.528,134.499,134.528,1144.72
2023-05-11 18:40:00+00:00,134.529,134.587,134.529,134.56,1615.91
2023-05-11 18:45:00+00:00,134.559,134.559,134.509,134.522,1721.92
2023-05-11 18:50:00+00:00,134.523,134.532,134.502,134.515,1542.22
2023-05-11 18:55:00+00:00,134.516,134.531,134.511,134.512,2164.4
2023-05-11 19:00:00+00:00,134.512,134.537,134.505,134.532,1702.43
2023-05-11 19:05:00+00:00,134.532,134.532,134.503,134.526,1183.82
2023-05-11 19:10:00+00:00,134.526,134.537,134.506,134.536,1610.27
2023-05-11 19:15:00+00:00,134.535,134.538,134.518,134.531,1009.12
2023-05-11 19:20:00+00:00,134.528,134.544,134.512,134.542,1217.4
2023-05-11 19:25:00+00:00,134.542,134.55,134.531,134.541,1036.49
2023-05-11 19:30:00+00:00,134.541,134.541,134.516,134.52,1639.03
2023-05-11 19:35:00+00:00,134.521,134.528,134.502,134.511,1192.5
2023-05-11 19:40:00+00:00,134.51,134.537,134.505,134.536,1092.39
2023-05-11 19:45:00+00:00,134.536,134.555,134.53,134.538,1232.21
2023-05-11 19:50:00+00:00,134.538,134.546,134.523,134.539,1322.85
2023-05-11 19:55:00+00:00,134.539,134.57,134.539,134.554,855.42
2023-05-11 20:00:00+00:00,134.554,134.555,134.525,134.549,622.35
2023-05-11 20:05:00+00:00,134.55,134.561,134.535,134.543,1228.26
2023-05-11 20:10:00+00:00,134.541,134.568,134.54,134.566,1389.24
2023-05-11 20:15:00+00:00,134.565,134.575,134.543,134.57,1239.32
2023-05-11 20:20:00+00:00,134.574,134.574,134.548,134.557,1455.62
2023-05-11 20:25:00+00:00,134.554,134.564,134.536,134.553,1628.26
2023-05-11 20:30:00+00:00,134.553,134.561,134.538,134.551,1230.96
2023-05-11 20:35:00+00:00,134.553,134.57,134.548,134.568,381.07
2023-05-11 20:40:00+00:00,134.567,134.573,134.562,134.572,207.97
2023-05-11 20:45:00+00:00,134.574,134.586,134.567,134.572,537.3
2023-05-11 20:50:00+00:00,134.573,134.574,134.549,134.562,1339.35
2023-05-11 20:55:00+00:00,134.563,134.57,134.516,134.516,274.71
2023-05-11 21:00:00+00:00,134.516,134.516,134.515,134.515,2.16
2023-05-11 21:05:00+00:00,134.479,134.498,134.478,134.484,1257.21
2023-05-11 21:10:00+00:00,134.484,134.488,134.476,134.479,1099.05
2023-05-11 21:15:00+00:00,134.47,134.496,134.446,134.479,51.19
2023-05-11 21:20:00+00:00,134.478,134.507,134.472,134.497,71.1
2023-05-11 21:25:00+00:00,134.498,134.501,134.479,134.479,17.7
2023-05-11 21:30:00+00:00,134.479,134.499,134.459,134.495,54.9
2023-05-11 21:35:00+00:00,134.496,134.496,134.475,134.478,30.84
2023-05-11 21:40:00+00:00,134.478,134.516,134.474,134.516,52.83
2023-05-11 21:45:00+00:00,134.517,134.525,134.485,134.485,66.38
2023-05-11 21:50:00+00:00,134.492,134.523,134.48,134.503,33.69
2023-05-11 21:55:00+00:00,134.501,134.505,134.479,134.493,750.15
2023-05-11 22:00:00+00:00,134.479,134.553,134.479,134.537,1419.09
2023-05-11 22:05:00+00:00,134.538,134.544,134.518,134.532,419.82
2023-05-11 22:10:00+00:00,134.531,134.551,134.508,134.546,1342.24
2023-05-11 22:15:00+00:00,134.544,134.552,134.521,134.536,1663.46
2023-05-11 22:20:00+00:00,134.535,134.569,134.535,134.55,940.97
2023-05-11 22:25:00+00:00,134.551,134.575,134.532,134.554,1442.96
2023-05-11 22:30:00+00:00,134.553,134.56,134.549,134.551,700.46
2023-05-11 22:35:00+00:00,134.551,134.573,134.54,134.573,2607.96
2023-05-11 22:40:00+00:00,134.574,134.579,134.543,134.561,1219.78
2023-05-11 22:45:00+00:00,134.561,134.575,134.524,134.536,2310.81
2023-05-11 22:50:00+00:00,134.537,134.549,134.491,134.508,1676.34
2023-05-11 22:55:00+00:00,134.508,134.53,134.501,134.518,2572.34
2023-05-11 23:00:00+00:00,134.518,134.526,134.493,134.494,1998.05
2023-05-11 23:05:00+00:00,134.495,134.503,134.46,134.465,1813.06
2023-05-11 23:10:00+00:00,134.465,134.471,134.446,134.458,1415.62
2023-05-11 23:15:00+00:00,134.457,134.47,134.455,134.466,953.25
2023-05-11 23:20:00+00:00,134.468,134.503,134.466,134.502,682.5
2023-05-11 23:25:00+00:00,134.502,134.502,134.472,134.492,500.7
2023-05-11 23:30:00+00:00,134.497,134.521,134.497,134.52,424.5
2023-05-11 23:35:00+00:00,134.521,134.533,134.517,134.519,199.8
2023-05-11 23:40:00+00:00,134.517,134.526,134.507,134.507,413.55
2023-05-11 23:45:00+00:00,134.508,134.516,134.492,134.512,832.3
2023-05-11 23:50:00+00:00,134.51,134.515,134.482,134.501,707.69
2023-05-11 23:55:00+00:00,134.5,134.506,134.491,134.491,271.2
2023-05-12 00:00:00+00:00,134.491,134.55,134.456,134.473,2213.86
2023-05-12 00:05:00+00:00,134.473,134.494,134.447,134.473,1356.03
2023-05-12 00:10:00+00:00,134.467,134.494,134.46,134.493,689.51
2023-05-12 00:15:00+00:00,134.496,134.535,134.47,134.481,2491.19
2023-05-12 00:20:00+00:00,134.482,134.483,134.406,134.426,2629.46
2023-05-12 00:25:00+00:00,134.427,134.436,134.406,134.426,1781.73
2023-05-12 00:30:00+00:00,134.425,134.448,134.414,134.428,1269.04
2023-05-12 00:35:00+00:00,134.429,134.44,134.401,134.435,1754.24
2023-05-12 00:40:00+00:00,134.435,134.472,134.434,134.445,1948.62
2023-05-12 00:45:00+00:00,134.445,134.51,134.44,134.498,1527.7
2023-05-12 00:50:00+00:00,134.497,134.551,134.497,134.537,3677.07
2023-05-12 00:55:00+00:00,134.536,134.552,134.511,134.522,3509.53
2023-05-12 01:00:00+00:00,134.523,134.543,134.498,134.543,2429.82
2023-05-12 01:05:00+00:00,134.545,134.604,134.544,134.57,2733.72
2023-05-12 01:10:00+00:00,134.569,134.601,134.554,134.578,2261.42
2023-05-12 01:15:00+00:00,134.577,134.597,134.532,134.544,3641.25
2023-05-12 01:20:00+00:00,134.545,134.56,134.54,134.542,1779.31
2023-05-12 01:25:00+00:00,134.54,134.557,134.496,134.538,2692.04
2023-05-12 01:30:00+00:00,134.539,134.544,134.513,134.524,2254.82
2023-05-12 01:35:00+00:00,134.524,134.556,134.512,134.552,2514.73
2023-05-12 01:40:00+00:00,134.553,134.553,134.509,134.519,2882.3
2023-05-12 01:45:00+00:00,134.518,134.521,134.499,134.518,1681.09
2023-05-12 01:50:00+00:00,134.519,134.544,134.514,134.518,1861.74
2023-05-12 01:55:00+00:00,134.518,134.524,134.481,134.501,2114.8
2023-05-12 02:00:00+00:00,134.499,134.509,134.486,134.5,1695.6
2023-05-12 02:05:00+00:00,134.5,134.535,134.498,134.52,1636.48
2023-05-12 02:10:00+00:00,134.52,134.575,134.517,134.557,1813.87
2023-05-12 02:15:00+00:00,134.557,134.592,134.557,134.588,1135.78
2023-05-12 02:20:00+00:00,134.589,134.638,134.588,134.609,1554.34
2023-05-12 02:25:00+00:00,134.61,134.613,134.559,134.583,1294.09
2023-05-12 02:30:00+00:00,134.582,134.608,134.569,134.591,1281.07
2023-05-12 02:35:00+00:00,134.593,134.614,134.572,134.591,1800.83
2023-05-12 02:40:00+00:00,134.591,134.626,134.577,134.625,1923.75
2023-05-12 02:45:00+00:00,134.624,134.652,134.611,134.642,1330.02
2023-05-12 02:50:00+00:00,134.642,134.678,134.635,134.663,2298.38
2023-05-12 02:55:00+00:00,134.662,134.664,134.64,134.646,987.65
2023-05-12 03:00:00+00:00,134.646,134.683,134.646,134.678,1180.8
2023-05-12 03:05:00+00:00,134.679,134.69,134.661,134.662,1067.01
2023-05-12 03:10:00+00:00,134.662,134.669,134.631,134.634,781.55
2023-05-12 03:15:00+00:00,134.633,134.634,134.614,134.624,1389.5
2023-05-12 03:20:00+00:00,134.625,134.625,134.582,134.598,1704.85
2023-05-12 03:25:00+00:00,134.597,134.6,134.587,134.59,743.6
2023-05-12 03:30:00+00:00,134.591,134.617,134.589,134.617,847.35
2023-05-12 03:35:00+00:00,134.617,134.619,134.587,134.588,696.72
2023-05-12 03:40:00+00:00,134.588,134.591,134.572,134.581,1015.7
2023-05-12 03:45:00+00:00,134.581,134.584,134.55,134.557,1133.72
2023-05-12 03:50:00+00:00,134.558,134.582,134.557,134.563,1405.94
2023-05-12 03:55:00+00:00,134.563,134.565,134.525,134.546,1136.75
2023-05-12 04:00:00+00:00,134.545,134.565,134.519,134.548,1872.82
2023-05-12 04:05:00+00:00,134.549,134.554,134.536,134.546,1046.7
2023-05-12 04:10:00+00:00,134.546,134.56,134.535,134.55,1647.0
2023-05-12 04:15:00+00:00,134.552,134.56,134.536,134.554,1857.9
2023-05-12 04:20:00+00:00,134.555,134.56,134.545,134.557,1007.9
2023-05-12 04:25:00+00:00,134.557,134.559,134.536,134.545,1419.9
2023-05-12 04:30:00+00:00,134.546,134.56,134.532,134.555,1528.65
2023-05-12 04:35:00+00:00,134.555,134.56,134.532,134.54,910.31
2023-05-12 04:40:00+00:00,134.539,134.553,134.519,134.534,1468.34
2023-05-12 04:45:00+00:00,134.535,134.545,134.53,134.543,631.47
2023-05-12 04:50:00+00:00,134.543,134.563,134.537,134.563,1234.8
2023-05-12 04:55:00+00:00,134.563,134.582,134.558,134.57,1270.5
2023-05-12 05:00:00+00:00,134.571,134.61,134.57,134.609,1850.94
2023-05-12 05:05:00+00:00,134.61,134.634,134.599,134.613,1376.36
2023-05-12 05:10:00+00:00,134.611,134.631,134.592,134.627,1259.55
2023-05-12 05:15:00+00:00,134.627,134.634,134.601,134.617,1310.97
2023-05-12 05:20:00+00:00,134.615,134.619,134.587,134.593,1336.35
2023-05-12 05:25:00+00:00,134.593,134.599,134.576,134.582,1234.05
2023-05-12 05:30:00+00:00,134.583,134.655,134.576,134.627,2247.21
2023-05-12 05:35:00+00:00,134.628,134.652,134.614,134.646,2309.25
2023-05-12 05:40:00+00:00,134.646,134.671,134.637,134.662,1258.5
2023-05-12 05:45:00+00:00,134.661,134.673,134.65,134.652,2106.95
2023-05-12 05:50:00+00:00,134.652,134.673,134.638,134.673,1563.88
2023-05-12 05:55:00+00:00,134.672,134.721,134.667,134.697,1813.69
2023-05-12 06:00:00+00:00,134.697,134.761,134.677,134.705,3322.05
2023-05-12 06:05:00+00:00,134.704,134.755,134.677,134.752,2173.08
2023-05-12 06:10:00+00:00,134.753,134.795,134.751,134.78,2572.5
2023-05-12 06:15:00+00:00,134.78,134.804,134.775,134.786,2778.26
2023-05-12 06:20:00+00:00,134.787,134.793,134.726,134.737,2794.24
2023-05-12 06:25:00+00:00,134.738,134.746,134.705,134.743,2467.55
2023-05-12 06:30:00+00:00,134.742,134.762,134.718,134.742,2896.28
2023-05-12 06:35:00+00:00,134.74,134.745,134.716,134.734,2766.32
2023-05-12 06:40:00+00:00,134.737,134.748,134.701,134.715,2220.36
2023-05-12 06:45:00+00:00,134.714,134.742,134.69,134.696,3500.87
2023-05-12 06:50:00+00:00,134.693,134.804,134.69,134.792,2869.9
2023-05-12 06:55:00+00:00,134.792,134.851,134.766,134.795,3752.7
2023-05-12 07:00:00+00:00,134.794,134.874,134.768,134.829,4877.42
2023-05-12 07:05:00+00:00,134.825,134.877,134.825,134.841,3580.84
2023-05-12 07:10:00+00:00,134.839,134.846,134.796,134.819,2927.01
2023-05-12 07:15:00+00:00,134.821,134.877,134.819,134.841,2945.54
2023-05-12 07:20:00+00:00,134.841,134.841,134.786,134.811,3410.88
2023-05-12 07:25:00+00:00,134.811,134.85,134.794,134.83,3403.65
2023-05-12 07:30:00+00:00,134.831,134.894,134.83,134.879,3110.31
2023-05-12 07:35:00+00:00,134.878,134.892,134.869,134.879,2576.14
2023-05-12 07:40:00+00:00,134.878,134.901,134.849,134.867,3287.24
2023-05-12 07:45:00+00:00,134.866,134.874,134.822,134.868,3757.19
2023-05-12 07:50:00+00:00,134.869,134.878,134.848,134.868,2110.52
2023-05-12 07:55:00+00:00,134.869,134.902,134.85,134.859,2891.93
2023-05-12 08:00:00+00:00,134.86,134.86,134.76,134.763,3818.47
2023-05-12 08:05:00+00:00,134.762,134.795,134.748,134.762,2889.3
2023-05-12 08:10:00+00:00,134.765,134.767,134.695,134.718,2844.96
2023-05-12 08:15:00+00:00,134.72,134.739,134.705,134.707,2455.72
2023-05-12 08:20:00+00:00,134.708,134.771,134.708,134.749,2414.96
2023-05-12 08:25:00+00:00,134.746,134.772,134.709,134.722,2890.25
2023-05-12 08:30:00+00:00,134.723,134.741,134.709,134.725,1961.08
2023-05-12 08:35:00+00:00,134.725,134.78,134.725,134.767,1683.1
2023-05-12 08:40:00+00:00,134.768,134.773,134.743,134.762,1676.83
2023-05-12 08:45:00+00:00,134.762,134.775,134.744,134.755,2285.46
2023-05-12 08:50:00+00:00,134.754,134.76,134.739,134.742,1972.51
2023-05-12 08:55:00+00:00,134.743,134.776,134.743,134.767,1423.01
2023-05-12 09:00:00+00:00,134.767,134.769,134.723,134.727,1583.86
2023-05-12 09:05:00+00:00,134.727,134.745,134.721,134.729,1449.4
2023-05-12 09:10:00+00:00,134.731,134.743,134.711,134.735,1877.96
2023-05-12 09:15:00+00:00,134.735,134.736,134.69,134.696,2025.37
2023-05-12 09:20:00+00:00,134.696,134.72,134.687,134.717,1465.85
2023-05-12 09:25:00+00:00,134.716,134.72,134.706,134.708,1862.56
2023-05-12 09:30:00+00:00,134.708,134.776,134.706,134.767,2193.49
2023-05-12 09:35:00+00:00,134.768,134.784,134.748,134.768,1809.89
2023-05-12 09:40:00+00:00,134.769,134.791,134.758,134.784,1712.43
2023-05-12 09:45:00+00:00,134.784,134.788,134.763,134.777,2064.91
2023-05-12 09:50:00+00:00,134.777,134.78,134.742,134.744,1538.84
2023-05-12 09:55:00+00:00,134.743,134.744,134.695,134.699,1287.12
2023-05-12 10:00:00+00:00,134.699,134.705,134.651,134.701,1762.05
2023-05-12 10:05:00+00:00,134.703,134.729,134.689,134.698,1302.34
2023-05-12 10:10:00+00:00,134.699,134.746,134.699,134.729,2172.6
2023-05-12 10:15:00+00:00,134.731,134.751,134.705,134.735,1959.97
2023-05-12 10:20:00+00:00,134.736,134.736,134.689,134.708,1620.54
2023-05-12 10:25:00+00:00,134.708,134.728,134.696,134.725,1091.15
2023-05-12 10:30:00+00:00,134.726,134.74,134.686,134.698,1585.54
2023-05-12 10:35:00+00:00,134.697,134.698,134.652,134.666,2092.54
2023-05-12 10:40:00+00:00,134.665,134.666,134.63,134.647,1388.56
2023-05-12 10:45:00+00:00,134.646,134.676,134.643,134.673,1191.97
2023-05-12 10:50:00+00:00,134.675,134.686,134.672,134.68,977.88
2023-05-12 10:55:00+00:00,134.68,134.682,134.649,134.659,1225.51
2023-05-12 11:00:00+00:00,134.66,134.722,134.66,134.707,1774.32
2023-05-12 11:05:00+00:00,134.708,134.722,134.695,134.715,981.22
2023-05-12 11:10:00+00:00,134.717,134.76,134.715,134.76,1421.89
2023-05-12 11:15:00+00:00,134.76,134.831,134.76,134.828,2005.64
2023-05-12 11:20:00+00:00,134.83,134.843,134.808,134.828,1824.71
2023-05-12 11:25:00+00:00,134.827,134.854,134.816,134.851,2423.17
2023-05-12 11:30:00+00:00,134.85,134.881,134.849,134.858,2016.74
2023-05-12 11:35:00+00:00,134.859,134.868,134.817,134.819,1905.49
2023-05-12 11:40:00+00:00,134.819,134.855,134.817,134.821,1846.07
2023-05-12 11:45:00+00:00,134.822,134.845,134.82,134.84,987.71
2023-05-12 11:50:00+00:00,134.841,134.884,134.84,134.878,1311.88
2023-05-12 11:55:00+00:00,134.883,134.944,134.88,134.926,2140.48
2023-05-12 12:00:00+00:00,134.926,134.95,134.926,134.939,2329.26
2023-05-12 12:05:00+00:00,134.94,134.985,134.936,134.976,2566.98
2023-05-12 12:10:00+00:00,134.977,135.014,134.965,134.97,2601.93
2023-05-12 12:15:00+00:00,134.97,135.047,134.96,135.024,2323.87
2023-05-12 12:20:00+00:00,135.024,135.04,134.981,134.982,3846.68
2023-05-12 12:25:00+00:00,134.987,134.995,134.936,134.947,3602.8
2023-05-12 12:30:00+00:00,134.948,134.957,134.902,134.911,3649.08
2023-05-12 12:35:00+00:00,134.911,134.95,134.904,134.938,2701.96
2023-05-12 12:40:00+00:00,134.937,134.944,134.881,134.893,2687.04
2023-05-12 12:45:00+00:00,134.894,134.942,134.885,134.926,3051.98
2023-05-12 12:50:00+00:00,134.925,134.937,134.893,134.927,3324.34
2023-05-12 12:55:00+00:00,134.929,134.998,134.92,134.975,2846.4
2023-05-12 13:00:00+00:00,134.974,134.985,134.903,134.92,3949.44
2023-05-12 13:05:00+00:00,134.92,134.929,134.832,134.85,3632.62
2023-05-12 13:10:00+00:00,134.85,134.886,134.842,134.882,1933.45
2023-05-12 13:15:00+00:00,134.881,134.898,134.837,134.841,2471.67
2023-05-12 13:20:00+00:00,134.842,134.882,134.833,134.858,2262.48
2023-05-12 13:25:00+00:00,134.857,134.857,134.79,134.806,1826.21
2023-05-12 13:30:00+00:00,134.807,134.824,134.776,134.781,2112.21
2023-05-12 13:35:00+00:00,134.781,134.825,134.777,134.815,1890.27
2023-05-12 13:40:00+00:00,134.815,134.892,134.797,134.884,2032.72
2023-05-12 13:45:00+00:00,134.886,134.886,134.715,134.743,3107.24
2023-05-12 13:50:00+00:00,134.742,134.785,134.729,134.781,2888.91
2023-05-12 13:55:00+00:00,134.778,134.8,134.745,134.789,2763.04
2023-05-12 14:00:00+00:00,134.789,135.043,134.743,134.77,6515.73
2023-05-12 14:05:00+00:00,134.771,134.819,134.726,134.79,4894.67
2023-05-12 14:10:00+00:00,134.789,134.928,134.776,134.878,3970.39
2023-05-12 14:15:00+00:00,134.878,134.908,134.849,134.888,4039.27
2023-05-12 14:20:00+00:00,134.887,135.165,134.878,135.126,4848.82
2023-05-12 14:25:00+00:00,135.129,135.174,135.077,135.144,4893.35
2023-05-12 14:30:00+00:00,135.146,135.265,135.128,135.239,5638.04
2023-05-12 14:35:00+00:00,135.24,135.287,135.21,135.264,4944.7
2023-05-12 14:40:00+00:00,135.263,135.275,135.201,135.228,4412.65
2023-05-12 14:45:00+00:00,135.228,135.279,135.204,135.278,3914.23
2023-05-12 14:50:00+00:00,135.278,135.3,135.248,135.266,3441.93
2023-05-12 14:55:00+00:00,135.269,135.312,135.257,135.311,4246.57
2023-05-12 15:00:00+00:00,135.311,135.331,135.26,135.299,3722.51
2023-05-12 15:05:00+00:00,135.298,135.383,135.283,135.374,3349.8
2023-05-12 15:10:00+00:00,135.374,135.39,135.354,135.386,3787.88
2023-05-12 15:15:00+00:00,135.389,135.417,135.349,135.352,3421.51
2023-05-12 15:20:00+00:00,135.352,135.387,135.329,135.356,2059.96
2023-05-12 15:25:00+00:00,135.355,135.377,135.322,135.33,1541.14
2023-05-12 15:30:00+00:00,135.33,135.425,135.317,135.42,1255.69
2023-05-12 15:35:00+00:00,135.419,135.439,135.383,135.432,1197.91
2023-05-12 15:40:00+00:00,135.43,135.478,135.43,135.467,1235.66
2023-05-12 15:45:00+00:00,135.468,135.501,135.455,135.498,1263.72
2023-05-12 15:50:00+00:00,135.5,135.586,135.475,135.564,936.43
2023-05-12 15:55:00+00:00,135.564,135.648,135.555,135.628,1233.93
2023-05-12 16:00:00+00:00,135.628,135.661,135.605,135.605,1254.94
2023-05-12 16:05:00+00:00,135.605,135.654,135.591,135.641,910.43
2023-05-12 16:10:00+00:00,135.639,135.657,135.624,135.655,929.43
2023-05-12 16:15:00+00:00,135.653,135.702,135.613,135.7,702.64
2023-05-12 16:20:00+00:00,135.703,135.717,135.677,135.687,665.54
2023-05-12 16:25:00+00:00,135.688,135.718,135.676,135.695,790.12
2023-05-12 16:30:00+00:00,135.694,135.729,135.687,135.721,741.08
2023-05-12 16:35:00+00:00,135.722,135.723,135.673,135.717,859.52
2023-05-12 16:40:00+00:00,135.718,135.723,135.691,135.696,1082.99
2023-05-12 16:45:00+00:00,135.696,135.737,135.679,135.734,1861.85
2023-05-12 16:50:00+00:00,135.734,135.752,135.704,135.722,1438.19
2023-05-12 16:55:00+00:00,135.722,135.74,135.657,135.657,1838.55
2023-05-12 17:00:00+00:00,135.657,135.675,135.638,135.649,2168.78
2023-05-12 17:05:00+00:00,135.65,135.667,135.631,135.665,2655.62
2023-05-12 17:10:00+00:00,135.666,135.68,135.657,135.676,1670.4
2023-05-12 17:15:00+00:00,135.677,135.692,135.662,135.685,1258.7
2023-05-12 17:20:00+00:00,135.685,135.734,135.674,135.724,1661.63
2023-05-12 17:25:00+00:00,135.728,135.741,135.712,135.721,1947.9
2023-05-12 17:30:00+00:00,135.72,135.748,135.704,135.711,1718.55
2023-05-12 17:35:00+00:00,135.71,135.727,135.701,135.715,1860.6
2023-05-12 17:40:00+00:00,135.715,135.722,135.703,135.706,1740.9
2023-05-12 17:45:00+00:00,135.706,135.72,135.692,135.702,1410.89
2023-05-12 17:50:00+00:00,135.706,135.706,135.648,135.653,2062.74
2023-05-12 17:55:00+00:00,135.652,135.671,135.641,135.641,851.4
2023-05-12 18:00:00+00:00,135.641,135.667,135.625,135.647,1024.85
2023-05-12 18:05:00+00:00,135.647,135.654,135.621,135.636,749.92
2023-05-12 18:10:00+00:00,135.635,135.672,135.622,135.64,1426.79
2023-05-12 18:15:00+00:00,135.639,135.664,135.633,135.658,1335.97
2023-05-12 18:20:00+00:00,135.657,135.675,135.656,135.672,970.24
2023-05-12 18:25:00+00:00,135.672,135.703,135.671,135.687,1067.78
2023-05-12 18:30:00+00:00,135.687,135.695,135.666,135.693,1766.78
2023-05-12 18:35:00+00:00,135.693,135.705,135.677,135.686,1073.77
2023-05-12 18:40:00+00:00,135.686,135.712,135.686,135.704,867.0
2023-05-12 18:45:00+00:00,135.704,135.721,135.692,135.7,1207.2
2023-05-12 18:50:00+00:00,135.701,135.701,135.665,135.675,1053.0
2023-05-12 18:55:00+00:00,135.676,135.704,135.67,135.69,1419.46
2023-05-12 19:00:00+00:00,135.69,135.693,135.669,135.679,828.34
2023-05-12 19:05:00+00:00,135.678,135.679,135.667,135.668,552.67
2023-05-12 19:10:00+00:00,135.669,135.696,135.668,135.669,859.02
2023-05-12 19:15:00+00:00,135.668,135.676,135.661,135.672,558.64
2023-05-12 19:20:00+00:00,135.671,135.678,135.661,135.674,456.2
2023-05-12 19:25:00+00:00,135.675,135.705,135.673,135.696,590.61
2023-05-12 19:30:00+00:00,135.695,135.709,135.686,135.69,415.83
2023-05-12 19:35:00+00:00,135.692,135.696,135.683,135.687,445.02
2023-05-12 19:40:00+00:00,135.686,135.694,135.677,135.685,347.9
2023-05-12 19:45:00+00:00,135.685,135.704,135.683,135.695,566.85
2023-05-12 19:50:00+00:00,135.695,135.707,135.683,135.688,726.92
2023-05-12 19:55:00+00:00,135.689,135.7,135.669,135.7,654.81
2023-05-12 20:00:00+00:00,135.699,135.703,135.67,135.691,635.41
2023-05-12 20:05:00+00:00,135.69,135.703,135.69,135.697,321.9
2023-05-12 20:10:00+00:00,135.697,135.702,135.684,135.702,459.3
2023-05-12 20:15:00+00:00,135.704,135.706,135.694,135.704,379.74
2023-05-12 20:20:00+00:00,135.705,135.715,135.698,135.703,486.12
2023-05-12 20:25:00+00:00,135.702,135.71,135.687,135.695,462.76
2023-05-12 20:30:00+00:00,135.695,135.731,135.695,135.716,636.54
2023-05-12 20:35:00+00:00,135.716,135.725,135.698,135.706,507.57
2023-05-12 20:40:00+00:00,135.705,135.738,135.703,135.721,493.16
2023-05-12 20:45:00+00:00,135.716,135.719,135.695,135.706,437.76
2023-05-12 20:50:00+00:00,135.705,135.731,135.704,135.72,881.7
2023-05-12 20:55:00+00:00,135.721,135.752,135.626,135.626,430.2
2023-05-14 21:00:00+00:00,135.646,135.646,135.64,135.641,6.3
2023-05-14 21:05:00+00:00,135.641,135.645,135.641,135.644,9.3
2023-05-14 21:10:00+00:00,135.644,135.656,135.64,135.656,19.5
2023-05-14 21:15:00+00:00,135.671,135.671,135.656,135.656,1.47
2023-05-14 21:20:00+00:00,135.671,135.68,135.656,135.656,7.66
2023-05-14 21:25:00+00:00,135.68,135.68,135.652,135.652,6.57
2023-05-14 21:30:00+00:00,135.664,135.696,135.652,135.666,12.67
2023-05-14 21:35:00+00:00,135.666,135.686,135.665,135.681,10.5
2023-05-14 21:40:00+00:00,135.666,135.687,135.666,135.679,8.19
2023-05-14 21:45:00+00:00,135.666,135.687,135.655,135.687,28.46
2023-05-14 21:50:00+00:00,135.686,135.686,135.68,135.685,30.75
2023-05-14 21:55:00+00:00,135.682,135.725,135.678,135.712,41.8
2023-05-14 22:00:00+00:00,135.712,135.826,135.704,135.822,271.53
2023-05-14 22:05:00+00:00,135.821,135.824,135.768,135.778,264.01
2023-05-14 22:10:00+00:00,135.777,135.788,135.759,135.765,128.6
2023-05-14 22:15:00+00:00,135.764,135.82,135.761,135.797,358.87
2023-05-14 22:20:00+00:00,135.798,135.804,135.793,135.796,121.8
2023-05-14 22:25:00+00:00,135.797,135.807,135.783,135.791,217.05
2023-05-14 22:30:00+00:00,135.79,135.816,135.789,135.793,415.86
2023-05-14 22:35:00+00:00,135.794,135.817,135.783,135.788,1039.56
2023-05-14 22:40:00+00:00,135.789,135.797,135.775,135.788,1040.75
2023-05-14 22:45:00+00:00,135.788,135.793,135.768,135.782,787.31
2023-05-14 22:50:00+00:00,135.782,135.782,135.769,135.772,516.35
2023-05-14 22:55:00+00:00,135.772,135.78,135.768,135.777,4026.61
2023-05-14 23:00:00+00:00,135.778,135.797,135.762,135.777,4080.82
2023-05-14 23:05:00+00:00,135.779,135.788,135.762,135.772,5036.65
2023-05-14 23:10:00+00:00,135.772,135.78,135.765,135.775,1669.17
2023-05-14 23:15:00+00:00,135.774,135.785,135.762,135.766,3885.75
2023-05-14 23:20:00+00:00,135.765,135.783,135.755,135.771,1198.99
2023-05-14 23:25:00+00:00,135.772,135.782,135.758,135.772,2019.45
2023-05-14 23:30:00+00:00,135.773,135.868,135.773,135.848,2505.72
2023-05-14 23:35:00+00:00,135.848,135.871,135.833,135.868,1917.37
2023-05-14 23:40:00+00:00,135.869,135.89,135.848,135.888,796.27
2023-05-14 23:45:00+00:00,135.888,135.896,135.843,135.858,1375.72
2023-05-14 23:50:00+00:00,135.859,135.862,135.812,135.813,968.79
2023-05-14 23:55:00+00:00,135.813,135.828,135.812,135.824,785.29
2023-05-15 00:00:00+00:00,135.823,135.863,135.749,135.79,2436.06
2023-05-15 00:05:00+00:00,135.789,135.794,135.76,135.787,1516.63
2023-05-15 00:10:00+00:00,135.788,135.862,135.788,135.855,1078.74
2023-05-15 00:15:00+00:00,135.855,135.954,135.845,135.951,1635.95
2023-05-15 00:20:00+00:00,135.95,135.959,135.931,135.947,2085.38
2023-05-15 00:25:00+00:00,135.949,135.985,135.949,135.978,1313.14
2023-05-15 00:30:00+00:00,135.977,136.023,135.977,136.014,2874.67
2023-05-15 00:35:00+00:00,136.015,136.015,135.923,135.95,1617.94
2023-05-15 00:40:00+00:00,135.95,135.974,135.928,135.935,1222.8
2023-05-15 00:45:00+00:00,135.936,135.943,135.885,135.893,1354.28
2023-05-15 00:50:00+00:00,135.894,136.01,135.894,135.989,2498.59
2023-05-15 00:55:00+00:00,135.993,135.993,135.844,135.872,2041.25
2023-05-15 01:00:00+00:00,135.872,135.896,135.837,135.878,1288.31
2023-05-15 01:05:00+00:00,135.877,135.879,135.793,135.804,1074.07
2023-05-15 01:10:00+00:00,135.805,135.823,135.769,135.777,1734.5
2023-05-15 01:15:00+00:00,135.776,135.777,135.726,135.759,1921.31
2023-05-15 01:20:00+00:00,135.759,135.823,135.758,135.801,1749.96
2023-05-15 01:25:00+00:00,135.802,135.822,135.772,135.803,1427.68
2023-05-15 01:30:00+00:00,135.802,135.824,135.773,135.785,1092.24
2023-05-15 01:35:00+00:00,135.784,135.805,135.755,135.777,1459.95
2023-05-15 01:40:00+00:00,135.777,135.808,135.777,135.803,1168.92
2023-05-15 01:45:00+00:00,135.809,135.841,135.807,135.837,1264.26
2023-05-15 01:50:00+00:00,135.836,135.843,135.822,135.832,1002.67
2023-05-15 01:55:00+00:00,135.832,135.851,135.824,135.84,935.9
2023-05-15 02:00:00+00:00,135.841,135.865,135.836,135.859,597.15
2023-05-15 02:05:00+00:00,135.859,135.885,135.851,135.868,856.77
2023-05-15 02:10:00+00:00,135.867,135.915,135.865,135.885,993.99
2023-05-15 02:15:00+00:00,135.887,135.962,135.857,135.953,975.05
2023-05-15 02:20:00+00:00,135.953,135.982,135.949,135.963,705.12
2023-05-15 02:25:00+00:00,135.964,135.984,135.949,135.967,886.99
2023-05-15 02:30:00+00:00,135.968,135.979,135.929,135.933,763.83
2023-05-15 02:35:00+00:00,135.932,135.947,135.924,135.943,1231.0
2023-05-15 02:40:00+00:00,135.943,135.957,135.931,135.952,661.58
2023-05-15 02:45:00+00:00,135.951,135.96,135.947,135.958,522.09
2023-05-15 02:50:00+00:00,135.957,135.98,135.955,135.962,830.97
2023-05-15 02:55:00+00:00,135.961,135.975,135.949,135.971,999.3
2023-05-15 03:00:00+00:00,135.974,135.98,135.965,135.967,621.31
2023-05-15 03:05:00+00:00,135.967,135.975,135.963,135.967,589.27
2023-05-15 03:10:00+00:00,135.967,135.986,135.966,135.977,467.6
2023-05-15 03:15:00+00:00,135.977,135.996,135.97,135.992,658.27
2023-05-15 03:20:00+00:00,135.992,135.993,135.98,135.986,640.84
2023-05-15 03:25:00+00:00,135.986,135.986,135.976,135.978,587.55
2023-05-15 03:30:00+00:00,135.978,135.992,135.971,135.992,717.97
2023-05-15 03:35:00+00:00,135.991,136.047,135.991,136.003,1047.26
2023-05-15 03:40:00+00:00,136.003,136.014,135.973,135.984,1138.45
2023-05-15 03:45:00+00:00,135.985,136.037,135.983,136.029,632.47
2023-05-15 03:50:00+00:00,136.029,136.103,136.027,136.094,887.47
2023-05-15 03:55:00+00:00,136.095,136.148,136.09,136.13,1149.65
2023-05-15 04:00:00+00:00,136.127,136.149,136.108,136.142,1069.38
2023-05-15 04:05:00+00:00,136.141,136.18,136.14,136.169,851.99
2023-05-15 04:10:00+00:00,136.169,136.239,136.169,136.2,1412.31
2023-05-15 04:15:00+00:00,136.2,136.213,136.184,136.197,1090.79
2023-05-15 04:20:00+00:00,136.197,136.198,136.161,136.168,1087.44
2023-05-15 04:25:00+00:00,136.167,136.169,136.146,136.148,1252.65
2023-05-15 04:30:00+00:00,136.148,136.15,136.12,136.131,966.97
2023-05-15 04:35:00+00:00,136.132,136.133,136.107,136.111,646.25
2023-05-15 04:40:00+00:00,136.112,136.114,136.082,136.099,756.43
2023-05-15 04:45:00+00:00,136.1,136.117,136.093,136.117,693.87
2023-05-15 04:50:00+00:00,136.12,136.134,136.102,136.125,655.92
2023-05-15 04:55:00+00:00,136.124,136.124,136.069,136.082,911.01
2023-05-15 05:00:00+00:00,136.084,136.093,136.055,136.057,2037.6
2023-05-15 05:05:00+00:00,136.057,136.074,136.052,136.061,879.33
2023-05-15 05:10:00+00:00,136.062,136.087,136.055,136.068,942.11
2023-05-15 05:15:00+00:00,136.071,136.091,136.068,136.072,877.05
2023-05-15 05:20:00+00:00,136.072,136.124,136.065,136.114,926.02
2023-05-15 05:25:00+00:00,136.113,136.152,136.103,136.147,800.3
2023-05-15 05:30:00+00:00,136.145,136.189,136.14,136.16,1224.66
2023-05-15 05:35:00+00:00,136.159,136.177,136.141,136.152,937.44
2023-05-15 05:40:00+00:00,136.151,136.161,136.129,136.141,830.69
2023-05-15 05:45:00+00:00,136.142,136.165,136.129,136.165,851.55
2023-05-15 05:50:00+00:00,136.164,136.17,136.141,136.168,754.51
2023-05-15 05:55:00+00:00,136.167,136.188,136.156,136.185,1578.06
2023-05-15 06:00:00+00:00,136.187,136.263,136.176,136.214,2220.75
2023-05-15 06:05:00+00:00,136.214,136.218,136.149,136.175,1405.46
2023-05-15 06:10:00+00:00,136.174,136.184,136.1,136.112,1400.91
2023-05-15 06:15:00+00:00,136.112,136.136,136.099,136.13,1282.28
2023-05-15 06:20:00+00:00,136.129,136.153,136.06,136.064,845.37
2023-05-15 06:25:00+00:00,136.068,136.112,136.047,136.074,1234.89
2023-05-15 06:30:00+00:00,136.074,136.108,136.065,136.094,1076.88
2023-05-15 06:35:00+00:00,136.094,136.136,136.084,136.09,1259.18
2023-05-15 06:40:00+00:00,136.09,136.14,136.055,136.057,1343.11
2023-05-15 06:45:00+00:00,136.059,136.084,136.055,136.064,918.99
2023-05-15 06:50:00+00:00,136.065,136.105,136.049,136.094,946.2
2023-05-15 06:55:00+00:00,136.095,136.103,136.05,136.05,1330.54
2023-05-15 07:00:00+00:00,136.05,136.05,135.958,135.964,1912.41
2023-05-15 07:05:00+00:00,135.963,135.99,135.924,135.959,1519.19
2023-05-15 07:10:00+00:00,135.962,135.969,135.881,135.884,1521.23
2023-05-15 07:15:00+00:00,135.887,135.903,135.836,135.891,1746.39
2023-05-15 07:20:00+00:00,135.892,135.905,135.821,135.838,1217.48
2023-05-15 07:25:00+00:00,135.837,135.859,135.826,135.847,1175.87
2023-05-15 07:30:00+00:00,135.85,135.95,135.831,135.941,1784.08
2023-05-15 07:35:00+00:00,135.941,135.985,135.933,135.948,1590.05
2023-05-15 07:40:00+00:00,135.948,135.952,135.883,135.884,1370.09
2023-05-15 07:45:00+00:00,135.884,135.931,135.864,135.92,1444.45
2023-05-15 07:50:00+00:00,135.919,136.001,135.911,135.985,1501.3
2023-05-15 07:55:00+00:00,135.982,135.992,135.937,135.959,1066.05
2023-05-15 08:00:00+00:00,135.958,136.03,135.958,135.98,1303.17
2023-05-15 08:05:00+00:00,135.979,136.034,135.979,136.023,1057.9
2023-05-15 08:10:00+00:00,136.023,136.032,135.995,136.006,1025.43
2023-05-15 08:15:00+00:00,136.007,136.024,135.969,135.974,1128.43
2023-05-15 08:20:00+00:00,135.973,135.995,135.938,135.97,1326.48
2023-05-15 08:25:00+00:00,135.97,136.048,135.969,136.044,1110.65
2023-05-15 08:30:00+00:00,136.042,136.042,135.996,136.018,1262.42
2023-05-15 08:35:00+00:00,136.019,136.062,136.01,136.051,1323.09
2023-05-15 08:40:00+00:00,136.051,136.135,136.043,136.086,1777.69
2023-05-15 08:45:00+00:00,136.087,136.13,136.08,136.114,1206.33
2023-05-15 08:50:00+00:00,136.115,136.133,136.109,136.117,975.58
2023-05-15 08:55:00+00:00,136.117,136.133,136.102,136.107,1045.34
2023-05-15 09:00:00+00:00,136.107,136.137,136.097,136.131,974.08
2023-05-15 09:05:00+00:00,136.131,136.137,136.098,136.115,842.26
2023-05-15 09:10:00+00:00,136.116,136.137,136.114,136.118,798.35
2023-05-15 09:15:00+00:00,136.118,136.188,136.109,136.186,895.9
2023-05-15 09:20:00+00:00,136.187,136.24,136.168,136.24,1043.89
2023-05-15 09:25:00+00:00,136.239,136.245,136.201,136.225,1239.44
2023-05-15 09:30:00+00:00,136.225,136.258,136.224,136.237,1077.82
2023-05-15 09:35:00+00:00,136.237,136.286,136.237,136.261,925.37
2023-05-15 09:40:00+00:00,136.26,136.324,136.259,136.313,827.66
2023-05-15 09:45:00+00:00,136.312,136.314,136.249,136.256,1363.75
2023-05-15 09:50:00+00:00,136.257,136.27,136.19,136.192,1634.1
2023-05-15 09:55:00+00:00,136.191,136.197,136.157,136.178,892.73
2023-05-15 10:00:00+00:00,136.18,136.238,136.18,136.215,843.72
2023-05-15 10:05:00+00:00,136.217,136.268,136.217,136.26,968.24
2023-05-15 10:10:00+00:00,136.26,136.296,136.256,136.26,1118.84
2023-05-15 10:15:00+00:00,136.259,136.317,136.25,136.298,1003.45
2023-05-15 10:20:00+00:00,136.297,136.3,136.262,136.275,1457.05
2023-05-15 10:25:00+00:00,136.275,136.281,136.184,136.186,1318.03
2023-05-15 10:30:00+00:00,136.185,136.205,136.175,136.184,934.79
2023-05-15 10:35:00+00:00,136.188,136.223,136.172,136.196,997.44
2023-05-15 10:40:00+00:00,136.196,136.204,136.154,136.154,587.7
2023-05-15 10:45:00+00:00,136.155,136.176,136.141,136.164,860.94
2023-05-15 10:50:00+00:00,136.165,136.186,136.139,136.184,784.1
2023-05-15 10:55:00+00:00,136.185,136.187,136.117,136.118,978.87
2023-05-15 11:00:00+00:00,136.12,136.183,136.114,136.156,1120.74
2023-05-15 11:05:00+00:00,136.157,136.163,136.142,136.155,840.87
2023-05-15 11:10:00+00:00,136.155,136.184,136.154,136.158,758.06
2023-05-15 11:15:00+00:00,136.158,136.159,136.124,136.141,791.27
2023-05-15 11:20:00+00:00,136.14,136.148,136.082,136.121,832.79
2023-05-15 11:25:00+00:00,136.122,136.133,136.074,136.084,692.69
2023-05-15 11:30:00+00:00,136.085,136.155,136.044,136.088,1731.51
2023-05-15 11:35:00+00:00,136.092,136.163,136.092,136.137,1479.42
2023-05-15 11:40:00+00:00,136.138,136.145,136.101,136.103,1067.82
2023-05-15 11:45:00+00:00,136.106,136.111,136.044,136.057,1067.45
2023-05-15 11:50:00+00:00,136.059,136.115,136.046,136.112,1038.51
2023-05-15 11:55:00+00:00,136.112,136.161,136.105,136.14,1052.43
2023-05-15 12:00:00+00:00,136.139,136.215,136.122,136.197,1364.29
2023-05-15 12:05:00+00:00,136.195,136.228,136.18,136.212,1314.61
2023-05-15 12:10:00+00:00,136.213,136.219,136.17,136.213,835.38
2023-05-15 12:15:00+00:00,136.212,136.235,136.201,136.227,1022.73
2023-05-15 12:20:00+00:00,136.23,136.234,136.184,136.192,1015.84
2023-05-15 12:25:00+00:00,136.192,136.22,136.158,136.18,1365.52
2023-05-15 12:30:00+00:00,136.181,136.181,135.785,135.883,3915.34
2023-05-15 12:35:00+00:00,135.883,135.905,135.825,135.867,1662.46
2023-05-15 12:40:00+00:00,135.867,135.872,135.708,135.719,1805.03
2023-05-15 12:45:00+00:00,135.719,135.832,135.712,135.808,1410.79
2023-05-15 12:50:00+00:00,135.814,135.884,135.784,135.875,1433.01
2023-05-15 12:55:00+00:00,135.874,135.909,135.863,135.891,1484.14
2023-05-15 13:00:00+00:00,135.891,135.998,135.886,135.982,1596.68
2023-05-15 13:05:00+00:00,135.982,135.984,135.923,135.967,1116.98
2023-05-15 13:10:00+00:00,135.967,136.037,135.936,136.033,1328.32
2023-05-15 13:15:00+00:00,136.033,136.094,136.03,136.087,1025.06
2023-05-15 13:20:00+00:00,136.087,136.091,136.048,136.088,855.4
2023-05-15 13:25:00+00:00,136.092,136.143,136.086,136.131,715.28
2023-05-15 13:30:00+00:00,136.13,136.143,136.073,136.119,1530.07
2023-05-15 13:35:00+00:00,136.119,136.168,136.099,136.121,1151.71
2023-05-15 13:40:00+00:00,136.121,136.175,136.094,136.141,1486.75
2023-05-15 13:45:00+00:00,136.144,136.165,136.055,136.083,1374.21
2023-05-15 13:50:00+00:00,136.082,136.128,136.045,136.047,1152.66
2023-05-15 13:55:00+00:00,136.046,136.064,136.01,136.042,1077.56
2023-05-15 14:00:00+00:00,136.042,136.122,136.019,136.118,1186.62
2023-05-15 14:05:00+00:00,136.117,136.141,136.075,136.107,1175.59
2023-05-15 14:10:00+00:00,136.109,136.138,136.083,136.119,1221.74
2023-05-15 14:15:00+00:00,136.12,136.188,136.084,136.167,1189.22
2023-05-15 14:20:00+00:00,136.167,136.19,136.143,136.185,889.96
2023-05-15 14:25:00+00:00,136.184,136.193,136.111,136.13,1215.29
2023-05-15 14:30:00+00:00,136.132,136.191,136.131,136.167,1165.82
2023-05-15 14:35:00+00:00,136.167,136.175,136.136,136.159,1019.19
2023-05-15 14:40:00+00:00,136.159,136.185,136.117,136.129,772.38
2023-05-15 14:45:00+00:00,136.13,136.16,136.122,136.14,990.32
2023-05-15 14:50:00+00:00,136.143,136.177,136.112,136.156,1409.22
2023-05-15 14:55:00+00:00,136.155,136.175,136.128,136.138,1120.99
2023-05-15 15:00:00+00:00,136.137,136.156,136.115,136.127,991.32
2023-05-15 15:05:00+00:00,136.128,136.136,136.052,136.075,997.71
2023-05-15 15:10:00+00:00,136.075,136.083,136.047,136.049,1182.62
2023-05-15 15:15:00+00:00,136.049,136.075,136.035,136.039,1739.04
2023-05-15 15:20:00+00:00,136.04,136.086,136.037,136.083,1555.61
2023-05-15 15:25:00+00:00,136.083,136.098,136.057,136.098,1475.83
2023-05-15 15:30:00+00:00,136.099,136.116,136.064,136.079,1922.54
2023-05-15 15:35:00+00:00,136.082,136.088,136.047,136.069,1433.21
2023-05-15 15:40:00+00:00,136.069,136.069,136.013,136.025,1219.63
2023-05-15 15:45:00+00:00,136.024,136.053,136.016,136.048,1304.18
2023-05-15 15:50:00+00:00,136.049,136.066,136.04,136.051,1966.08
2023-05-15 15:55:00+00:00,136.051,136.076,136.045,136.076,1646.06
2023-05-15 16:00:00+00:00,136.075,136.106,136.056,136.093,1793.63
2023-05-15 16:05:00+00:00,136.094,136.098,136.049,136.066,1332.22
2023-05-15 16:10:00+00:00,136.065,136.07,136.03,136.034,1044.45
2023-05-15 16:15:00+00:00,136.032,136.038,136.01,136.037,897.9
2023-05-15 16:20:00+00:00,136.036,136.068,136.031,136.067,881.43
2023-05-15 16:25:00+00:00,136.067,136.112,136.065,136.095,769.17
2023-05-15 16:30:00+00:00,136.096,136.101,136.083,136.095,1007.39
2023-05-15 16:35:00+00:00,136.094,136.106,136.076,136.077,985.39
2023-05-15 16:40:00+00:00,136.078,136.1,136.074,136.081,1116.08
2023-05-15 16:45:00+00:00,136.082,136.095,136.067,136.089,813.63
2023-05-15 16:50:00+00:00,136.088,136.094,136.074,136.076,795.69
2023-05-15 16:55:00+00:00,136.076,136.117,136.075,136.08,1309.18
2023-05-15 17:00:00+00:00,136.081,136.106,136.069,136.103,1403.39
2023-05-15 17:05:00+00:00,136.101,136.116,136.093,136.105,1315.61
2023-05-15 17:10:00+00:00,136.106,136.136,136.103,136.122,1307.38
2023-05-15 17:15:00+00:00,136.123,136.126,136.099,136.106,804.46
2023-05-15 17:20:00+00:00,136.105,136.119,136.066,136.07,1233.04
2023-05-15 17:25:00+00:00,136.071,136.098,136.067,136.07,1430.71
2023-05-15 17:30:00+00:00,136.071,136.089,136.058,136.064,1454.69
2023-05-15 17:35:00+00:00,136.063,136.08,136.049,136.079,999.06
2023-05-15 17:40:00+00:00,136.08,136.081,136.034,136.043,983.21
2023-05-15 17:45:00+00:00,136.044,136.061,136.037,136.052,1057.21
2023-05-15 17:50:00+00:00,136.052,136.073,136.047,136.065,1378.22
2023-05-15 17:55:00+00:00,136.066,136.085,136.063,136.076,1006.14
2023-05-15 18:00:00+00:00,136.075,136.098,136.065,136.079,984.8
2023-05-15 18:05:00+00:00,136.079,136.084,136.061,136.081,863.01
2023-05-15 18:10:00+00:00,136.082,136.088,136.047,136.057,966.65
2023-05-15 18:15:00+00:00,136.057,136.075,136.04,136.075,725.47
2023-05-15 18:20:00+00:00,136.074,136.074,136.036,136.037,1008.71
2023-05-15 18:25:00+00:00,136.035,136.035,136.009,136.027,1791.58
2023-05-15 18:30:00+00:00,136.028,136.066,136.027,136.066,779.5
2023-05-15 18:35:00+00:00,136.066,136.069,136.036,136.048,1100.08
2023-05-15 18:40:00+00:00,136.047,136.087,136.045,136.084,1360.86
2023-05-15 18:45:00+00:00,136.083,136.083,136.049,136.056,1491.52
2023-05-15 18:50:00+00:00,136.055,136.057,136.033,136.055,1385.2
2023-05-15 18:55:00+00:00,136.056,136.083,136.049,136.08,1612.15
2023-05-15 19:00:00+00:00,136.081,136.083,136.066,136.073,633.71
2023-05-15 19:05:00+00:00,136.072,136.076,136.057,136.066,863.62
2023-05-15 19:10:00+00:00,136.065,136.069,136.038,136.038,575.77
2023-05-15 19:15:00+00:00,136.039,136.057,136.028,136.055,1893.18
2023-05-15 19:20:00+00:00,136.053,136.053,136.035,136.037,505.74
2023-05-15 19:25:00+00:00,136.037,136.043,136.028,136.03,636.75
2023-05-15 19:30:00+00:00,136.031,136.048,136.029,136.039,864.36
2023-05-15 19:35:00+00:00,136.038,136.046,136.034,136.037,509.19
2023-05-15 19:40:00+00:00,136.038,136.038,136.01,136.03,1035.03
2023-05-15 19:45:00+00:00,136.029,136.049,136.029,136.037,973.32
2023-05-15 19:50:00+00:00,136.036,136.037,136.01,136.023,1134.17
2023-05-15 19:55:00+00:00,136.024,136.057,136.016,136.057,1114.65
2023-05-15 20:00:00+00:00,136.055,136.066,136.028,136.034,433.14
2023-05-15 20:05:00+00:00,136.036,136.055,136.034,136.043,318.9
2023-05-15 20:10:00+00:00,136.046,136.057,136.037,136.047,360.75
2023-05-15 20:15:00+00:00,136.046,136.068,136.044,136.065,504.75
2023-05-15 20:20:00+00:00,136.065,136.065,136.05,136.059,471.1
2023-05-15 20:25:00+00:00,136.06,136.07,136.053,136.069,600.25
2023-05-15 20:30:00+00:00,136.067,136.077,136.065,136.073,924.18
2023-05-15 20:35:00+00:00,136.074,136.086,136.073,136.078,719.07
2023-05-15 20:40:00+00:00,136.076,136.086,136.074,136.083,920.7
2023-05-15 20:45:00+00:00,136.083,136.104,136.08,136.104,561.75
2023-05-15 20:50:00+00:00,136.102,136.109,136.097,136.107,1123.35
2023-05-15 20:55:00+00:00,136.107,136.113,136.1,136.1,185.82
2023-05-15 21:00:00+00:00,136.101,136.101,136.094,136.094,10.8
2023-05-15 21:05:00+00:00,136.094,136.094,136.089,136.094,1365.35
2023-05-15 21:10:00+00:00,136.094,136.099,136.09,136.098,1056.27
2023-05-15 21:15:00+00:00,136.098,136.1,136.065,136.081,1201.33
2023-05-15 21:20:00+00:00,136.081,136.081,136.065,136.068,1692.3
2023-05-15 21:25:00+00:00,136.069,136.073,136.067,136.07,2376.41
2023-05-15 21:30:00+00:00,136.071,136.075,136.066,136.068,2257.76
2023-05-15 21:35:00+00:00,136.069,136.076,136.066,136.07,2761.62
2023-05-15 21:40:00+00:00,136.069,136.082,136.067,136.068,3490.11
2023-05-15 21:45:00+00:00,136.068,136.087,136.063,136.063,2027.09
2023-05-15 21:50:00+00:00,136.064,136.072,136.064,136.07,58.12
2023-05-15 21:55:00+00:00,136.069,136.075,136.063,136.075,68.39
2023-05-15 22:00:00+00:00,136.068,136.076,136.027,136.027,411.23
2023-05-15 22:05:00+00:00,136.028,136.048,136.026,136.045,704.04
2023-05-15 22:10:00+00:00,136.045,136.065,136.029,136.048,2305.11
2023-05-15 22:15:00+00:00,136.047,136.052,136.034,136.047,950.97
2023-05-15 22:20:00+00:00,136.046,136.066,136.024,136.025,1125.93
2023-05-15 22:25:00+00:00,136.026,136.031,135.999,136.008,1181.92
2023-05-15 22:30:00+00:00,136.008,136.032,136.004,136.03,662.07
2023-05-15 22:35:00+00:00,136.029,136.048,136.024,136.036,464.04
2023-05-15 22:40:00+00:00,136.035,136.047,136.022,136.046,337.65
2023-05-15 22:45:00+00:00,136.045,136.049,136.043,136.045,175.71
2023-05-15 22:50:00+00:00,136.045,136.046,136.027,136.037,723.72
2023-05-15 22:55:00+00:00,136.037,136.037,136.015,136.023,1293.87
2023-05-15 23:00:00+00:00,136.024,136.026,135.984,135.988,1910.04
2023-05-15 23:05:00+00:00,135.988,136.013,135.979,136.01,1360.93
2023-05-15 23:10:00+00:00,136.012,136.013,135.986,135.991,351.42
2023-05-15 23:15:00+00:00,135.991,135.991,135.981,135.982,89.4
2023-05-15 23:20:00+00:00,135.981,135.991,135.981,135.983,195.96
2023-05-15 23:25:00+00:00,135.983,135.983,135.941,135.962,812.61
2023-05-15 23:30:00+00:00,135.961,135.999,135.961,135.997,318.21
2023-05-15 23:35:00+00:00,135.998,136.037,135.998,136.02,601.29
2023-05-15 23:40:00+00:00,136.02,136.036,136.016,136.033,141.72
2023-05-15 23:45:00+00:00,136.033,136.044,136.02,136.044,177.03
2023-05-15 23:50:00+00:00,136.044,136.056,136.044,136.045,146.52
2023-05-15 23:55:00+00:00,136.045,136.047,136.025,136.031,318.61
2023-05-16 00:00:00+00:00,136.031,136.045,135.986,135.995,1805.75
2023-05-16 00:05:00+00:00,135.993,136.015,135.962,135.979,1459.33
2023-05-16 00:10:00+00:00,135.978,136.066,135.962,136.062,1671.85
2023-05-16 00:15:00+00:00,136.063,136.102,136.047,136.053,1929.05
2023-05-16 00:20:00+00:00,136.054,136.059,136.013,136.057,1268.38
2023-05-16 00:25:00+00:00,136.06,136.06,135.999,136.008,1325.57
2023-05-16 00:30:00+00:00,136.009,136.025,135.969,135.976,1425.59
2023-05-16 00:35:00+00:00,135.974,135.997,135.967,135.973,1353.49
2023-05-16 00:40:00+00:00,135.972,135.973,135.922,135.943,1573.82
2023-05-16 00:45:00+00:00,135.948,135.955,135.933,135.944,1124.94
2023-05-16 00:50:00+00:00,135.943,135.995,135.907,135.986,1876.94
2023-05-16 00:55:00+00:00,135.986,135.989,135.923,135.925,2317.4
2023-05-16 01:00:00+00:00,135.924,135.964,135.921,135.953,2065.2
2023-05-16 01:05:00+00:00,135.954,135.996,135.953,135.973,1569.09
2023-05-16 01:10:00+00:00,135.973,135.973,135.91,135.917,1971.34
2023-05-16 01:15:00+00:00,135.917,135.929,135.907,135.909,1863.68
2023-05-16 01:20:00+00:00,135.909,135.963,135.909,135.962,3102.3
2023-05-16 01:25:00+00:00,135.961,135.965,135.941,135.951,1057.88
2023-05-16 01:30:00+00:00,135.953,135.974,135.938,135.972,1157.48
2023-05-16 01:35:00+00:00,135.973,135.981,135.951,135.971,2359.93
2023-05-16 01:40:00+00:00,135.971,136.022,135.971,136.002,1404.81
2023-05-16 01:45:00+00:00,136.001,136.015,135.995,136.01,1850.06
2023-05-16 01:50:00+00:00,136.011,136.07,136.009,136.061,1198.87
2023-05-16 01:55:00+00:00,136.06,136.098,136.049,136.057,1156.64
2023-05-16 02:00:00+00:00,136.056,136.085,136.044,136.057,1988.22
2023-05-16 02:05:00+00:00,136.058,136.062,135.998,136.0,2487.94
2023-05-16 02:10:00+00:00,136.0,136.002,135.923,135.948,2422.98
2023-05-16 02:15:00+00:00,135.949,135.975,135.94,135.972,1848.78
2023-05-16 02:20:00+00:00,135.972,135.977,135.962,135.963,1754.07
2023-05-16 02:25:00+00:00,135.964,135.989,135.944,135.982,1399.14
2023-05-16 02:30:00+00:00,135.982,135.985,135.944,135.946,1710.04
2023-05-16 02:35:00+00:00,135.946,135.954,135.931,135.938,1475.03
2023-05-16 02:40:00+00:00,135.937,135.944,135.931,135.937,1436.21
2023-05-16 02:45:00+00:00,135.936,135.952,135.936,135.952,645.57
2023-05-16 02:50:00+00:00,135.951,135.957,135.937,135.946,1100.96
2023-05-16 02:55:00+00:00,135.946,135.954,135.942,135.951,285.45
2023-05-16 03:00:00+00:00,135.949,135.953,135.937,135.942,799.13
2023-05-16 03:05:00+00:00,135.943,135.95,135.936,135.941,1006.93
2023-05-16 03:10:00+00:00,135.941,135.947,135.933,135.936,771.46
2023-05-16 03:15:00+00:00,135.936,135.992,135.935,135.989,682.2
2023-05-16 03:20:00+00:00,135.989,136.014,135.979,136.008,1079.4
2023-05-16 03:25:00+00:00,136.008,136.015,135.998,136.0,967.47
2023-05-16 03:30:00+00:00,136.0,136.015,135.987,136.014,628.5
2023-05-16 03:35:00+00:00,136.014,136.044,136.008,136.036,535.69
2023-05-16 03:40:00+00:00,136.035,136.037,136.006,136.02,711.96
2023-05-16 03:45:00+00:00,136.015,136.015,135.969,135.972,756.15
2023-05-16 03:50:00+00:00,135.971,135.982,135.959,135.963,1003.87
2023-05-16 03:55:00+00:00,135.962,135.973,135.956,135.964,769.56
2023-05-16 04:00:00+00:00,135.964,135.973,135.943,135.953,831.69
2023-05-16 04:05:00+00:00,135.953,135.966,135.943,135.963,709.87
2023-05-16 04:10:00+00:00,135.963,135.97,135.952,135.963,920.05
2023-05-16 04:15:00+00:00,135.964,135.984,135.961,135.982,1095.42
2023-05-16 04:20:00+00:00,135.982,135.993,135.974,135.991,728.94
2023-05-16 04:25:00+00:00,135.992,135.992,135.965,135.973,755.99
2023-05-16 04:30:00+00:00,135.971,135.985,135.967,135.971,732.27
2023-05-16 04:35:00+00:00,135.973,135.989,135.971,135.983,582.84
2023-05-16 04:40:00+00:00,135.982,135.983,135.971,135.982,828.11
2023-05-16 04:45:00+00:00,135.982,135.99,135.952,135.954,964.92
2023-05-16 04:50:00+00:00,135.955,135.973,135.953,135.972,893.91
2023-05-16 04:55:00+00:00,135.974,135.993,135.969,135.974,1437.81
2023-05-16 05:00:00+00:00,135.981,135.993,135.974,135.992,1233.94
2023-05-16 05:05:00+00:00,135.998,136.032,135.998,136.018,1493.01
2023-05-16 05:10:00+00:00,136.017,136.024,135.978,135.981,1900.47
2023-05-16 05:15:00+00:00,135.983,135.983,135.951,135.964,1211.78
2023-05-16 05:20:00+00:00,135.965,135.986,135.963,135.984,844.12
2023-05-16 05:25:00+00:00,135.984,136.001,135.962,135.963,941.88
2023-05-16 05:30:00+00:00,135.963,135.995,135.953,135.995,1108.59
2023-05-16 05:35:00+00:00,135.995,136.007,135.97,136.003,1697.67
2023-05-16 05:40:00+00:00,136.002,136.004,135.961,135.961,900.92
2023-05-16 05:45:00+00:00,135.958,135.982,135.935,135.957,1236.71
2023-05-16 05:50:00+00:00,135.956,135.969,135.882,135.886,1827.04
2023-05-16 05:55:00+00:00,135.887,135.923,135.879,135.902,1859.54
2023-05-16 06:00:00+00:00,135.898,135.9,135.832,135.863,3286.97
2023-05-16 06:05:00+00:00,135.864,135.883,135.854,135.864,2801.89
2023-05-16 06:10:00+00:00,135.863,135.948,135.836,135.948,2580.26
2023-05-16 06:15:00+00:00,135.947,136.014,135.946,136.011,2242.86
2023-05-16 06:20:00+00:00,136.013,136.032,135.986,135.986,2535.29
2023-05-16 06:25:00+00:00,135.986,135.986,135.945,135.977,1715.7
2023-05-16 06:30:00+00:00,135.976,135.977,135.931,135.946,1975.63
2023-05-16 06:35:00+00:00,135.946,135.965,135.919,135.92,2356.31
2023-05-16 06:40:00+00:00,135.921,135.921,135.877,135.88,2364.08
2023-05-16 06:45:00+00:00,135.881,135.903,135.84,135.861,1962.97
2023-05-16 06:50:00+00:00,135.859,135.91,135.853,135.88,1965.93
2023-05-16 06:55:00+00:00,135.881,135.885,135.802,135.837,2046.17
2023-05-16 07:00:00+00:00,135.837,135.837,135.786,135.806,2854.74
2023-05-16 07:05:00+00:00,135.804,135.807,135.745,135.792,2603.61
2023-05-16 07:10:00+00:00,135.793,135.816,135.774,135.803,2823.02
2023-05-16 07:15:00+00:00,135.803,135.819,135.748,135.808,3080.21
2023-05-16 07:20:00+00:00,135.808,135.844,135.793,135.828,2070.83
2023-05-16 07:25:00+00:00,135.828,135.844,135.806,135.827,2408.49
2023-05-16 07:30:00+00:00,135.83,135.894,135.83,135.855,2744.98
2023-05-16 07:35:00+00:00,135.857,135.885,135.851,135.868,2728.17
2023-05-16 07:40:00+00:00,135.869,135.89,135.845,135.872,2277.9
2023-05-16 07:45:00+00:00,135.873,135.873,135.826,135.855,1801.49
2023-05-16 07:50:00+00:00,135.854,135.868,135.833,135.835,1903.89
2023-05-16 07:55:00+00:00,135.834,135.835,135.784,135.791,1966.85
2023-05-16 08:00:00+00:00,135.791,135.792,135.745,135.775,2038.99
2023-05-16 08:05:00+00:00,135.773,135.79,135.718,135.763,1885.98
2023-05-16 08:10:00+00:00,135.764,135.798,135.762,135.791,2057.27
2023-05-16 08:15:00+00:00,135.79,135.815,135.788,135.791,1527.12
2023-05-16 08:20:00+00:00,135.792,135.8,135.752,135.777,2419.8
2023-05-16 08:25:00+00:00,135.777,135.796,135.762,135.79,1575.72
2023-05-16 08:30:00+00:00,135.792,135.807,135.78,135.804,1671.51
2023-05-16 08:35:00+00:00,135.804,135.858,135.801,135.838,1657.2
2023-05-16 08:40:00+00:00,135.837,135.841,135.778,135.78,1480.92
2023-05-16 08:45:00+00:00,135.78,135.83,135.779,135.828,1927.08
2023-05-16 08:50:00+00:00,135.828,135.853,135.814,135.849,1826.55
2023-05-16 08:55:00+00:00,135.849,135.865,135.836,135.845,1630.89
2023-05-16 09:00:00+00:00,135.845,135.869,135.835,135.863,1990.81
2023-05-16 09:05:00+00:00,135.862,135.863,135.796,135.824,2117.8
2023-05-16 09:10:00+00:00,135.823,135.842,135.794,135.804,1766.14
2023-05-16 09:15:00+00:00,135.803,135.812,135.765,135.78,1425.26
2023-05-16 09:20:00+00:00,135.78,135.785,135.712,135.749,2108.1
2023-05-16 09:25:00+00:00,135.75,135.778,135.737,135.746,1844.78
2023-05-16 09:30:00+00:00,135.747,135.755,135.698,135.7,1885.46
2023-05-16 09:35:00+00:00,135.7,135.734,135.697,135.727,1696.19
2023-05-16 09:40:00+00:00,135.722,135.727,135.685,135.724,1374.29
2023-05-16 09:45:00+00:00,135.724,135.745,135.713,135.743,1590.2
2023-05-16 09:50:00+00:00,135.741,135.753,135.728,135.746,2229.09
2023-05-16 09:55:00+00:00,135.747,135.783,135.745,135.763,1491.09
2023-05-16 10:00:00+00:00,135.764,135.791,135.749,135.772,1996.11
2023-05-16 10:05:00+00:00,135.772,135.785,135.76,135.767,965.4
2023-05-16 10:10:00+00:00,135.771,135.811,135.768,135.789,1269.52
2023-05-16 10:15:00+00:00,135.79,135.804,135.782,135.801,502.2
2023-05-16 10:20:00+00:00,135.795,135.824,135.793,135.809,1013.89
2023-05-16 10:25:00+00:00,135.808,135.852,135.807,135.836,685.35
2023-05-16 10:30:00+00:00,135.837,135.838,135.796,135.806,1148.77
2023-05-16 10:35:00+00:00,135.807,135.808,135.772,135.779,1168.66
2023-05-16 10:40:00+00:00,135.781,135.791,135.756,135.769,1734.73
2023-05-16 10:45:00+00:00,135.771,135.798,135.762,135.792,1070.57
2023-05-16 10:50:00+00:00,135.791,135.791,135.755,135.774,1302.32
2023-05-16 10:55:00+00:00,135.775,135.817,135.762,135.814,1381.07
2023-05-16 11:00:00+00:00,135.816,135.833,135.799,135.8,1300.36
2023-05-16 11:05:00+00:00,135.797,135.846,135.788,135.837,1432.96
2023-05-16 11:10:00+00:00,135.837,135.853,135.831,135.846,1084.21
2023-05-16 11:15:00+00:00,135.852,135.853,135.783,135.801,1635.39
2023-05-16 11:20:00+00:00,135.8,135.828,135.789,135.811,1203.59
2023-05-16 11:25:00+00:00,135.81,135.854,135.806,135.853,1108.42
2023-05-16 11:30:00+00:00,135.852,135.859,135.841,135.848,1174.08
2023-05-16 11:35:00+00:00,135.849,135.858,135.827,135.837,1446.72
2023-05-16 11:40:00+00:00,135.837,135.859,135.832,135.838,1312.23
2023-05-16 11:45:00+00:00,135.838,135.849,135.829,135.846,1299.38
2023-05-16 11:50:00+00:00,135.845,135.884,135.844,135.858,1988.88
2023-05-16 11:55:00+00:00,135.859,135.867,135.844,135.856,1907.58
2023-05-16 12:00:00+00:00,135.856,135.905,135.85,135.904,2484.72
2023-05-16 12:05:00+00:00,135.904,135.942,135.903,135.908,1836.67
2023-05-16 12:10:00+00:00,135.909,135.932,135.908,135.923,1317.93
2023-05-16 12:15:00+00:00,135.923,135.949,135.917,135.918,1497.02
2023-05-16 12:20:00+00:00,135.919,135.945,135.915,135.927,1747.52
2023-05-16 12:25:00+00:00,135.928,135.964,135.884,135.889,2865.6
2023-05-16 12:30:00+00:00,135.888,136.205,135.673,136.153,5932.5
2023-05-16 12:35:00+00:00,136.153,136.167,135.955,135.973,3937.51
2023-05-16 12:40:00+00:00,135.973,136.029,135.942,135.983,3439.12
2023-05-16 12:45:00+00:00,135.982,136.148,135.973,136.138,2906.3
2023-05-16 12:50:00+00:00,136.138,136.181,136.089,136.101,2910.48
2023-05-16 12:55:00+00:00,136.101,136.12,136.069,136.101,2460.68
2023-05-16 13:00:00+00:00,136.1,136.177,136.081,136.12,3336.77
2023-05-16 13:05:00+00:00,136.118,136.167,136.084,136.109,3392.56
2023-05-16 13:10:00+00:00,136.109,136.119,136.064,136.073,1599.9
2023-05-16 13:15:00+00:00,136.071,136.232,136.071,136.212,2741.91
2023-05-16 13:20:00+00:00,136.217,136.229,136.137,136.156,2461.78
2023-05-16 13:25:00+00:00,136.157,136.222,136.144,136.202,2467.55
2023-05-16 13:30:00+00:00,136.204,136.218,136.082,136.098,3428.29
2023-05-16 13:35:00+00:00,136.095,136.176,136.082,136.146,1634.05
2023-05-16 13:40:00+00:00,136.146,136.312,136.146,136.267,2178.42
2023-05-16 13:45:00+00:00,136.268,136.28,136.176,136.236,1581.2
2023-05-16 13:50:00+00:00,136.237,136.239,136.17,136.204,1339.67
2023-05-16 13:55:00+00:00,136.204,136.284,136.177,136.278,1137.19
2023-05-16 14:00:00+00:00,136.277,136.371,136.265,136.339,1590.16
2023-05-16 14:05:00+00:00,136.338,136.399,136.331,136.385,1636.8
2023-05-16 14:10:00+00:00,136.385,136.392,136.292,136.341,1570.61
2023-05-16 14:15:00+00:00,136.341,136.363,136.311,136.361,1435.61
2023-05-16 14:20:00+00:00,136.361,136.389,136.318,136.349,1162.14
2023-05-16 14:25:00+00:00,136.349,136.395,136.341,136.366,1659.64
2023-05-16 14:30:00+00:00,136.366,136.457,136.36,136.444,2033.65
2023-05-16 14:35:00+00:00,136.443,136.476,136.437,136.439,1311.53
2023-05-16 14:40:00+00:00,136.439,136.488,136.41,136.476,1559.58
2023-05-16 14:45:00+00:00,136.475,136.485,136.452,136.454,1537.69
2023-05-16 14:50:00+00:00,136.453,136.496,136.431,136.496,1445.96
2023-05-16 14:55:00+00:00,136.495,136.511,136.469,136.476,1527.96
2023-05-16 15:00:00+00:00,136.477,136.532,136.476,136.523,1275.94
2023-05-16 15:05:00+00:00,136.524,136.61,136.524,136.563,1638.67
2023-05-16 15:10:00+00:00,136.566,136.594,136.56,136.58,1274.17
2023-05-16 15:15:00+00:00,136.58,136.583,136.537,136.548,1501.59
2023-05-16 15:20:00+00:00,136.548,136.581,136.521,136.531,1255.06
2023-05-16 15:25:00+00:00,136.532,136.573,136.51,136.559,1205.61
2023-05-16 15:30:00+00:00,136.559,136.653,136.555,136.635,1003.08
2023-05-16 15:35:00+00:00,136.635,136.675,136.625,136.672,1324.13
2023-05-16 15:40:00+00:00,136.672,136.682,136.66,136.671,1184.43
2023-05-16 15:45:00+00:00,136.671,136.682,136.635,136.651,1108.46
2023-05-16 15:50:00+00:00,136.652,136.654,136.588,136.625,1134.81
2023-05-16 15:55:00+00:00,136.624,136.643,136.605,136.616,743.51
2023-05-16 16:00:00+00:00,136.616,136.647,136.581,136.635,1096.84
2023-05-16 16:05:00+00:00,136.635,136.644,136.574,136.644,809.39
2023-05-16 16:10:00+00:00,136.643,136.653,136.613,136.625,997.93
2023-05-16 16:15:00+00:00,136.625,136.63,136.593,136.606,1081.45
2023-05-16 16:20:00+00:00,136.605,136.621,136.593,136.617,611.42
2023-05-16 16:25:00+00:00,136.616,136.642,136.607,136.62,599.25
2023-05-16 16:30:00+00:00,136.621,136.657,136.616,136.645,786.11
2023-05-16 16:35:00+00:00,136.645,136.647,136.603,136.623,927.72
2023-05-16 16:40:00+00:00,136.624,136.631,136.574,136.579,824.5
2023-05-16 16:45:00+00:00,136.576,136.59,136.541,136.552,702.6
2023-05-16 16:50:00+00:00,136.552,136.61,136.55,136.597,966.42
2023-05-16 16:55:00+00:00,136.597,136.601,136.576,136.588,934.95
2023-05-16 17:00:00+00:00,136.589,136.606,136.548,136.554,876.1
2023-05-16 17:05:00+00:00,136.552,136.577,136.544,136.553,581.64
2023-05-16 17:10:00+00:00,136.552,136.564,136.51,136.523,815.64
2023-05-16 17:15:00+00:00,136.523,136.527,136.471,136.478,932.16
2023-05-16 17:20:00+00:00,136.477,136.478,136.419,136.429,578.83
2023-05-16 17:25:00+00:00,136.431,136.44,136.368,136.37,626.85
2023-05-16 17:30:00+00:00,136.368,136.378,136.323,136.344,753.13
2023-05-16 17:35:00+00:00,136.343,136.378,136.34,136.369,492.04
2023-05-16 17:40:00+00:00,136.373,136.385,136.369,136.378,493.55
2023-05-16 17:45:00+00:00,136.378,136.378,136.342,136.353,356.53
2023-05-16 17:50:00+00:00,136.352,136.375,136.326,136.375,427.84
2023-05-16 17:55:00+00:00,136.375,136.384,136.361,136.382,609.83
2023-05-16 18:00:00+00:00,136.381,136.394,136.351,136.362,775.68
2023-05-16 18:05:00+00:00,136.364,136.371,136.321,136.324,690.01
2023-05-16 18:10:00+00:00,136.323,136.328,136.288,136.298,546.02
2023-05-16 18:15:00+00:00,136.298,136.344,136.286,136.341,503.4
2023-05-16 18:20:00+00:00,136.343,136.345,136.325,136.342,521.01
2023-05-16 18:25:00+00:00,136.341,136.341,136.297,136.304,633.5
2023-05-16 18:30:00+00:00,136.308,136.317,136.278,136.304,640.47
2023-05-16 18:35:00+00:00,136.303,136.304,136.275,136.285,580.14
2023-05-16 18:40:00+00:00,136.284,136.318,136.281,136.311,477.47
2023-05-16 18:45:00+00:00,136.317,136.322,136.304,136.312,707.16
2023-05-16 18:50:00+00:00,136.31,136.325,136.3,136.311,635.82
2023-05-16 18:55:00+00:00,136.311,136.335,136.304,136.321,615.09
2023-05-16 19:00:00+00:00,136.321,136.321,136.289,136.293,669.5
2023-05-16 19:05:00+00:00,136.293,136.293,136.267,136.276,572.18
2023-05-16 19:10:00+00:00,136.273,136.296,136.267,136.295,656.35
2023-05-16 19:15:00+00:00,136.294,136.315,136.285,136.294,896.73
2023-05-16 19:20:00+00:00,136.294,136.306,136.287,136.289,290.96
2023-05-16 19:25:00+00:00,136.289,136.294,136.286,136.289,152.32
2023-05-16 19:30:00+00:00,136.288,136.324,136.282,136.315,358.72
2023-05-16 19:35:00+00:00,136.315,136.328,136.303,136.306,471.49
2023-05-16 19:40:00+00:00,136.306,136.334,136.287,136.325,865.87
2023-05-16 19:45:00+00:00,136.324,136.343,136.31,136.33,569.93
2023-05-16 19:50:00+00:00,136.329,136.329,136.305,136.322,844.02
2023-05-16 19:55:00+00:00,136.32,136.327,136.292,136.323,807.96
2023-05-16 20:00:00+00:00,136.323,136.325,136.272,136.295,690.51
2023-05-16 20:05:00+00:00,136.294,136.357,136.294,136.357,698.7
2023-05-16 20:10:00+00:00,136.356,136.392,136.352,136.386,293.79
2023-05-16 20:15:00+00:00,136.386,136.396,136.341,136.369,974.84
2023-05-16 20:20:00+00:00,136.369,136.38,136.36,136.37,537.01
2023-05-16 20:25:00+00:00,136.372,136.387,136.361,136.379,397.44
2023-05-16 20:30:00+00:00,136.378,136.394,136.375,136.389,565.77
2023-05-16 20:35:00+00:00,136.389,136.394,136.368,136.387,458.44
2023-05-16 20:40:00+00:00,136.387,136.389,136.368,136.374,603.27
2023-05-16 20:45:00+00:00,136.374,136.388,136.372,136.38,363.5
2023-05-16 20:50:00+00:00,136.38,136.398,136.38,136.398,608.25
2023-05-16 20:55:00+00:00,136.396,136.397,136.352,136.353,448.32
2023-05-16 21:00:00+00:00,136.352,136.36,136.328,136.329,7.45
2023-05-16 21:05:00+00:00,136.329,136.385,136.329,136.376,349.41
2023-05-16 21:10:00+00:00,136.376,136.392,136.372,136.392,390.61
2023-05-16 21:15:00+00:00,136.392,136.392,136.354,136.372,692.1
2023-05-16 21:20:00+00:00,136.373,136.373,136.348,136.372,431.33
2023-05-16 21:25:00+00:00,136.368,136.379,136.367,136.379,1335.6
2023-05-16 21:30:00+00:00,136.379,136.389,136.376,136.382,51.44
2023-05-16 21:35:00+00:00,136.381,136.392,136.351,136.371,659.48
2023-05-16 21:40:00+00:00,136.371,136.385,136.371,136.385,143.84
2023-05-16 21:45:00+00:00,136.385,136.385,136.351,136.356,717.56
2023-05-16 21:50:00+00:00,136.356,136.369,136.355,136.363,1932.16
2023-05-16 21:55:00+00:00,136.363,136.372,136.361,136.364,1470.95
2023-05-16 22:00:00+00:00,136.364,136.385,136.317,136.337,962.24
2023-05-16 22:05:00+00:00,136.337,136.372,136.32,136.349,528.91
2023-05-16 22:10:00+00:00,136.355,136.367,136.319,136.338,868.43
2023-05-16 22:15:00+00:00,136.338,136.357,136.321,136.332,793.63
2023-05-16 22:20:00+00:00,136.333,136.35,136.323,136.326,714.15
2023-05-16 22:25:00+00:00,136.326,136.35,136.312,136.328,804.55
2023-05-16 22:30:00+00:00,136.328,136.371,136.326,136.364,512.47
2023-05-16 22:35:00+00:00,136.363,136.374,136.363,136.37,389.4
2023-05-16 22:40:00+00:00,136.369,136.396,136.366,136.389,483.27
2023-05-16 22:45:00+00:00,136.389,136.403,136.386,136.386,215.69
2023-05-16 22:50:00+00:00,136.385,136.391,136.383,136.39,173.81
2023-05-16 22:55:00+00:00,136.39,136.398,136.369,136.378,289.62
2023-05-16 23:00:00+00:00,136.378,136.409,136.377,136.392,635.93
2023-05-16 23:05:00+00:00,136.393,136.45,136.389,136.424,718.96
2023-05-16 23:10:00+00:00,136.424,136.447,136.423,136.436,288.15
2023-05-16 23:15:00+00:00,136.436,136.462,136.436,136.45,231.58
2023-05-16 23:20:00+00:00,136.449,136.451,136.414,136.415,130.04
2023-05-16 23:25:00+00:00,136.414,136.414,136.395,136.399,100.74
2023-05-16 23:30:00+00:00,136.398,136.427,136.392,136.411,216.5
2023-05-16 23:35:00+00:00,136.411,136.416,136.397,136.404,161.02
2023-05-16 23:40:00+00:00,136.405,136.444,136.401,136.433,186.9
2023-05-16 23:45:00+00:00,136.434,136.462,136.423,136.46,164.91
2023-05-16 23:50:00+00:00,136.458,136.468,136.425,136.432,265.82
2023-05-16 23:55:00+00:00,136.432,136.435,136.41,136.425,293.3
2023-05-17 00:00:00+00:00,136.425,136.477,136.358,136.373,1184.8
2023-05-17 00:05:00+00:00,136.373,136.377,136.334,136.353,841.71
2023-05-17 00:10:00+00:00,136.352,136.37,136.34,136.349,559.55
2023-05-17 00:15:00+00:00,136.351,136.351,136.321,136.324,713.36
2023-05-17 00:20:00+00:00,136.324,136.368,136.322,136.36,748.33
2023-05-17 00:25:00+00:00,136.359,136.36,136.329,136.332,569.72
2023-05-17 00:30:00+00:00,136.331,136.341,136.303,136.33,607.19
2023-05-17 00:35:00+00:00,136.33,136.361,136.329,136.358,517.84
2023-05-17 00:40:00+00:00,136.358,136.396,136.341,136.386,651.01
2023-05-17 00:45:00+00:00,136.386,136.386,136.358,136.366,709.97
2023-05-17 00:50:00+00:00,136.366,136.446,136.366,136.439,871.46
2023-05-17 00:55:00+00:00,136.444,136.444,136.397,136.434,1143.39
2023-05-17 01:00:00+00:00,136.434,136.451,136.4,136.414,1032.92
2023-05-17 01:05:00+00:00,136.414,136.438,136.401,136.412,961.71
2023-05-17 01:10:00+00:00,136.411,136.412,136.358,136.379,768.21
2023-05-17 01:15:00+00:00,136.379,136.403,136.366,136.396,801.17
2023-05-17 01:20:00+00:00,136.396,136.431,136.389,136.413,1259.98
2023-05-17 01:25:00+00:00,136.411,136.421,136.398,136.406,871.53
2023-05-17 01:30:00+00:00,136.403,136.445,136.394,136.442,1579.17
2023-05-17 01:35:00+00:00,136.442,136.449,136.429,136.445,882.07
2023-05-17 01:40:00+00:00,136.445,136.471,136.445,136.468,825.03
2023-05-17 01:45:00+00:00,136.467,136.467,136.446,136.447,664.59
2023-05-17 01:50:00+00:00,136.447,136.447,136.429,136.433,741.64
2023-05-17 01:55:00+00:00,136.433,136.442,136.402,136.405,1195.89
2023-05-17 02:00:00+00:00,136.405,136.425,136.394,136.421,489.47
2023-05-17 02:05:00+00:00,136.421,136.425,136.409,136.421,356.05
2023-05-17 02:10:00+00:00,136.419,136.428,136.415,136.422,388.64
2023-05-17 02:15:00+00:00,136.423,136.449,136.421,136.431,589.83
2023-05-17 02:20:00+00:00,136.431,136.442,136.43,136.431,343.81
2023-05-17 02:25:00+00:00,136.431,136.446,136.412,136.444,486.92
2023-05-17 02:30:00+00:00,136.443,136.523,136.433,136.519,663.45
2023-05-17 02:35:00+00:00,136.519,136.523,136.475,136.497,561.53
2023-05-17 02:40:00+00:00,136.497,136.498,136.472,136.478,398.97
2023-05-17 02:45:00+00:00,136.479,136.49,136.477,136.488,341.32
2023-05-17 02:50:00+00:00,136.488,136.49,136.469,136.477,427.77
2023-05-17 02:55:00+00:00,136.477,136.524,136.476,136.518,529.55
2023-05-17 03:00:00+00:00,136.519,136.525,136.49,136.504,512.91
2023-05-17 03:05:00+00:00,136.504,136.507,136.481,136.504,559.6
2023-05-17 03:10:00+00:00,136.505,136.519,136.492,136.497,435.17
2023-05-17 03:15:00+00:00,136.497,136.505,136.483,136.49,416.73
2023-05-17 03:20:00+00:00,136.491,136.498,136.485,136.494,348.95
2023-05-17 03:25:00+00:00,136.494,136.504,136.464,136.465,458.0
2023-05-17 03:30:00+00:00,136.465,136.478,136.446,136.459,493.22
2023-05-17 03:35:00+00:00,136.459,136.46,136.444,136.444,268.2
2023-05-17 03:40:00+00:00,136.445,136.45,136.415,136.423,505.4
2023-05-17 03:45:00+00:00,136.425,136.442,136.418,136.44,405.2
2023-05-17 03:50:00+00:00,136.44,136.446,136.422,136.444,562.37
2023-05-17 03:55:00+00:00,136.444,136.464,136.438,136.46,498.11
2023-05-17 04:00:00+00:00,136.46,136.492,136.459,136.488,549.88
2023-05-17 04:05:00+00:00,136.487,136.521,136.487,136.5,498.49
2023-05-17 04:10:00+00:00,136.499,136.544,136.493,136.538,581.39
2023-05-17 04:15:00+00:00,136.538,136.538,136.502,136.523,375.03
2023-05-17 04:20:00+00:00,136.526,136.547,136.514,136.546,623.33
2023-05-17 04:25:00+00:00,136.545,136.552,136.52,136.542,669.74
2023-05-17 04:30:00+00:00,136.542,136.555,136.532,136.536,704.58
2023-05-17 04:35:00+00:00,136.537,136.554,136.536,136.544,284.08
2023-05-17 04:40:00+00:00,136.544,136.546,136.533,136.544,188.94
2023-05-17 04:45:00+00:00,136.548,136.571,136.548,136.562,254.58
2023-05-17 04:50:00+00:00,136.562,136.58,136.554,136.572,342.0
2023-05-17 04:55:00+00:00,136.572,136.58,136.571,136.575,347.23
2023-05-17 05:00:00+00:00,136.577,136.59,136.569,136.574,528.51
2023-05-17 05:05:00+00:00,136.575,136.639,136.572,136.636,529.5
2023-05-17 05:10:00+00:00,136.638,136.666,136.629,136.657,557.52
2023-05-17 05:15:00+00:00,136.657,136.697,136.653,136.681,701.43
2023-05-17 05:20:00+00:00,136.68,136.772,136.68,136.767,1121.47
2023-05-17 05:25:00+00:00,136.767,136.772,136.737,136.752,1231.09
2023-05-17 05:30:00+00:00,136.753,136.787,136.728,136.753,1275.26
2023-05-17 05:35:00+00:00,136.753,136.756,136.72,136.722,1414.4
2023-05-17 05:40:00+00:00,136.724,136.761,136.72,136.757,911.92
2023-05-17 05:45:00+00:00,136.757,136.768,136.739,136.746,1279.04
2023-05-17 05:50:00+00:00,136.746,136.8,136.741,136.785,674.7
2023-05-17 05:55:00+00:00,136.785,136.802,136.76,136.789,1329.75
2023-05-17 06:00:00+00:00,136.789,136.841,136.782,136.784,1172.85
2023-05-17 06:05:00+00:00,136.785,136.854,136.785,136.845,955.29
2023-05-17 06:10:00+00:00,136.845,136.867,136.835,136.836,1426.74
2023-05-17 06:15:00+00:00,136.835,136.837,136.751,136.756,1178.48
2023-05-17 06:20:00+00:00,136.757,136.768,136.681,136.694,1124.56
2023-05-17 06:25:00+00:00,136.695,136.766,136.692,136.756,878.8
2023-05-17 06:30:00+00:00,136.757,136.772,136.734,136.742,830.44
2023-05-17 06:35:00+00:00,136.739,136.778,136.71,136.762,1005.99
2023-05-17 06:40:00+00:00,136.763,136.816,136.755,136.799,1076.97
2023-05-17 06:45:00+00:00,136.795,136.824,136.771,136.811,1099.57
2023-05-17 06:50:00+00:00,136.811,136.843,136.8,136.805,1005.74
2023-05-17 06:55:00+00:00,136.806,136.824,136.784,136.81,1121.98
2023-05-17 07:00:00+00:00,136.81,136.86,136.766,136.827,1643.45
2023-05-17 07:05:00+00:00,136.826,136.826,136.763,136.798,1768.34
2023-05-17 07:10:00+00:00,136.801,136.834,136.777,136.801,1865.18
2023-05-17 07:15:00+00:00,136.8,136.883,136.798,136.848,1259.47
2023-05-17 07:20:00+00:00,136.847,136.866,136.783,136.79,1323.43
2023-05-17 07:25:00+00:00,136.79,136.821,136.758,136.773,1400.77
2023-05-17 07:30:00+00:00,136.773,136.85,136.764,136.85,1834.99
2023-05-17 07:35:00+00:00,136.85,136.894,136.85,136.877,1259.25
2023-05-17 07:40:00+00:00,136.878,136.947,136.875,136.945,1269.68
2023-05-17 07:45:00+00:00,136.945,136.967,136.937,136.953,1472.43
2023-05-17 07:50:00+00:00,136.952,136.968,136.948,136.957,937.21
2023-05-17 07:55:00+00:00,136.958,136.994,136.957,136.985,905.63
2023-05-17 08:00:00+00:00,136.984,136.985,136.923,136.943,1526.22
2023-05-17 08:05:00+00:00,136.943,136.997,136.94,136.986,1120.2
2023-05-17 08:10:00+00:00,136.986,137.0,136.973,136.997,1564.68
2023-05-17 08:15:00+00:00,136.996,137.091,136.996,137.057,1865.91
2023-05-17 08:20:00+00:00,137.058,137.074,136.95,136.96,1697.05
2023-05-17 08:25:00+00:00,136.959,136.97,136.923,136.937,1207.94
2023-05-17 08:30:00+00:00,136.943,137.008,136.938,136.991,1212.24
2023-05-17 08:35:00+00:00,136.992,136.993,136.953,136.966,1642.64
2023-05-17 08:40:00+00:00,136.967,136.971,136.927,136.942,1220.35
2023-05-17 08:45:00+00:00,136.942,137.003,136.939,136.995,1547.64
2023-05-17 08:50:00+00:00,136.995,137.044,136.978,136.984,952.39
2023-05-17 08:55:00+00:00,136.984,137.067,136.963,137.046,990.58
2023-05-17 09:00:00+00:00,137.046,137.114,137.044,137.091,1022.24
2023-05-17 09:05:00+00:00,137.091,137.091,137.032,137.064,1114.13
2023-05-17 09:10:00+00:00,137.064,137.171,137.064,137.115,1338.32
2023-05-17 09:15:00+00:00,137.117,137.122,137.047,137.053,1552.79
2023-05-17 09:20:00+00:00,137.054,137.06,136.985,136.995,1657.73
2023-05-17 09:25:00+00:00,136.995,136.995,136.948,136.96,1434.65
2023-05-17 09:30:00+00:00,136.959,136.971,136.914,136.942,1591.42
2023-05-17 09:35:00+00:00,136.942,136.984,136.932,136.967,922.98
2023-05-17 09:40:00+00:00,136.967,137.0,136.934,136.996,1232.75
2023-05-17 09:45:00+00:00,136.996,137.001,136.938,136.941,709.68
2023-05-17 09:50:00+00:00,136.941,136.942,136.92,136.93,850.85
2023-05-17 09:55:00+00:00,136.931,136.96,136.924,136.959,668.04
2023-05-17 10:00:00+00:00,136.959,136.963,136.855,136.871,1148.11
2023-05-17 10:05:00+00:00,136.87,136.894,136.834,136.872,976.79
2023-05-17 10:10:00+00:00,136.873,136.914,136.873,136.905,784.76
2023-05-17 10:15:00+00:00,136.905,136.911,136.855,136.865,848.28
2023-05-17 10:20:00+00:00,136.865,136.902,136.86,136.875,819.27
2023-05-17 10:25:00+00:00,136.875,136.948,136.864,136.936,755.42
2023-05-17 10:30:00+00:00,136.938,136.945,136.919,136.944,999.18
2023-05-17 10:35:00+00:00,136.944,136.957,136.941,136.947,613.15
2023-05-17 10:40:00+00:00,136.949,136.99,136.948,136.972,816.76
2023-05-17 10:45:00+00:00,136.971,136.977,136.958,136.958,689.32
2023-05-17 10:50:00+00:00,136.958,136.966,136.95,136.959,505.77
2023-05-17 10:55:00+00:00,136.959,136.998,136.95,136.992,510.95
2023-05-17 11:00:00+00:00,136.992,137.039,136.988,137.023,848.24
2023-05-17 11:05:00+00:00,137.023,137.033,136.965,136.965,847.08
2023-05-17 11:10:00+00:00,136.965,136.989,136.954,136.978,1071.76
2023-05-17 11:15:00+00:00,136.98,137.005,136.964,136.967,853.23
2023-05-17 11:20:00+00:00,136.967,136.988,136.947,136.95,847.15
2023-05-17 11:25:00+00:00,136.951,136.957,136.909,136.923,1293.52
2023-05-17 11:30:00+00:00,136.921,136.941,136.882,136.913,1525.51
2023-05-17 11:35:00+00:00,136.914,136.916,136.886,136.897,1132.17
2023-05-17 11:40:00+00:00,136.896,136.924,136.877,136.916,1321.18
2023-05-17 11:45:00+00:00,136.917,136.991,136.915,136.989,1005.33
2023-05-17 11:50:00+00:00,136.989,137.058,136.988,137.05,1357.59
2023-05-17 11:55:00+00:00,137.049,137.05,136.971,137.003,1816.44
2023-05-17 12:00:00+00:00,137.002,137.037,136.99,136.994,1330.62
2023-05-17 12:05:00+00:00,136.992,137.018,136.943,136.954,968.33
2023-05-17 12:10:00+00:00,136.951,136.985,136.93,136.963,935.21
2023-05-17 12:15:00+00:00,136.964,136.97,136.904,136.922,1223.43
2023-05-17 12:20:00+00:00,136.926,137.016,136.921,137.007,1375.76
2023-05-17 12:25:00+00:00,137.008,137.014,136.985,137.007,1416.46
2023-05-17 12:30:00+00:00,137.006,137.138,137.005,137.131,2193.2
2023-05-17 12:35:00+00:00,137.131,137.206,137.103,137.195,2210.74
2023-05-17 12:40:00+00:00,137.195,137.224,137.163,137.221,2048.47
2023-05-17 12:45:00+00:00,137.219,137.239,137.154,137.158,2948.53
2023-05-17 12:50:00+00:00,137.158,137.159,137.073,137.076,2896.66
2023-05-17 12:55:00+00:00,137.072,137.148,137.07,137.144,3128.01
2023-05-17 13:00:00+00:00,137.144,137.203,137.122,137.131,3044.95
2023-05-17 13:05:00+00:00,137.13,137.13,136.961,137.044,5043.69
2023-05-17 13:10:00+00:00,137.045,137.135,137.044,137.125,3069.02
2023-05-17 13:15:00+00:00,137.128,137.145,137.111,137.12,2815.41
2023-05-17 13:20:00+00:00,137.121,137.166,137.117,137.123,3228.73
2023-05-17 13:25:00+00:00,137.123,137.137,137.068,137.095,3003.62
2023-05-17 13:30:00+00:00,137.096,137.191,137.095,137.146,3908.65
2023-05-17 13:35:00+00:00,137.146,137.205,137.126,137.201,3077.69
2023-05-17 13:40:00+00:00,137.201,137.222,137.144,137.146,3405.81
2023-05-17 13:45:00+00:00,137.146,137.222,137.145,137.22,2912.73
2023-05-17 13:50:00+00:00,137.219,137.288,137.202,137.222,3502.89
2023-05-17 13:55:00+00:00,137.222,137.348,137.22,137.343,3428.38
2023-05-17 14:00:00+00:00,137.344,137.455,137.317,137.425,4781.89
2023-05-17 14:05:00+00:00,137.426,137.453,137.41,137.442,4310.2
2023-05-17 14:10:00+00:00,137.443,137.444,137.35,137.376,3270.88
2023-05-17 14:15:00+00:00,137.375,137.422,137.332,137.369,3294.91
2023-05-17 14:20:00+00:00,137.369,137.391,137.313,137.315,3267.21
2023-05-17 14:25:00+00:00,137.315,137.323,137.284,137.308,2816.16
2023-05-17 14:30:00+00:00,137.306,137.341,137.295,137.296,2052.69
2023-05-17 14:35:00+00:00,137.296,137.306,137.247,137.25,2604.85
2023-05-17 14:40:00+00:00,137.249,137.31,137.223,137.302,2184.71
2023-05-17 14:45:00+00:00,137.3,137.368,137.3,137.362,1866.58
2023-05-17 14:50:00+00:00,137.363,137.421,137.363,137.421,2914.92
2023-05-17 14:55:00+00:00,137.422,137.434,137.383,137.412,3154.03
2023-05-17 15:00:00+00:00,137.412,137.452,137.399,137.433,3161.27
2023-05-17 15:05:00+00:00,137.437,137.458,137.431,137.445,2616.0
2023-05-17 15:10:00+00:00,137.446,137.457,137.406,137.418,2905.86
2023-05-17 15:15:00+00:00,137.416,137.497,137.41,137.468,3406.4
2023-05-17 15:20:00+00:00,137.469,137.494,137.436,137.448,2279.37
2023-05-17 15:25:00+00:00,137.448,137.499,137.445,137.491,2367.87
2023-05-17 15:30:00+00:00,137.491,137.524,137.464,137.5,2653.5
2023-05-17 15:35:00+00:00,137.5,137.555,137.474,137.544,2291.92
2023-05-17 15:40:00+00:00,137.547,137.57,137.53,137.537,2817.36
2023-05-17 15:45:00+00:00,137.535,137.543,137.466,137.48,2958.83
2023-05-17 15:50:00+00:00,137.481,137.486,137.464,137.477,1498.95
2023-05-17 15:55:00+00:00,137.476,137.53,137.476,137.515,1496.03
2023-05-17 16:00:00+00:00,137.515,137.533,137.504,137.532,1677.3
2023-05-17 16:05:00+00:00,137.532,137.536,137.485,137.488,1168.77
2023-05-17 16:10:00+00:00,137.487,137.505,137.476,137.503,812.26
2023-05-17 16:15:00+00:00,137.504,137.512,137.461,137.467,952.7
2023-05-17 16:20:00+00:00,137.466,137.483,137.456,137.467,1036.65
2023-05-17 16:25:00+00:00,137.468,137.496,137.465,137.495,805.37
2023-05-17 16:30:00+00:00,137.495,137.495,137.455,137.459,1037.81
2023-05-17 16:35:00+00:00,137.459,137.505,137.455,137.505,1102.11
2023-05-17 16:40:00+00:00,137.505,137.522,137.466,137.469,1588.49
2023-05-17 16:45:00+00:00,137.468,137.486,137.453,137.458,1409.78
2023-05-17 16:50:00+00:00,137.457,137.47,137.43,137.467,1567.95
2023-05-17 16:55:00+00:00,137.466,137.479,137.455,137.465,1369.7
2023-05-17 17:00:00+00:00,137.466,137.466,137.391,137.413,2485.51
2023-05-17 17:05:00+00:00,137.416,137.483,137.416,137.466,1635.35
2023-05-17 17:10:00+00:00,137.467,137.524,137.452,137.524,1960.26
2023-05-17 17:15:00+00:00,137.524,137.537,137.514,137.524,1411.85
2023-05-17 17:20:00+00:00,137.524,137.542,137.481,137.482,1583.1
2023-05-17 17:25:00+00:00,137.482,137.539,137.475,137.529,2393.01
2023-05-17 17:30:00+00:00,137.53,137.532,137.482,137.519,1927.36
2023-05-17 17:35:00+00:00,137.517,137.518,137.478,137.486,1534.32
2023-05-17 17:40:00+00:00,137.487,137.531,137.479,137.516,1309.61
2023-05-17 17:45:00+00:00,137.516,137.541,137.506,137.531,1329.51
2023-05-17 17:50:00+00:00,137.532,137.573,137.532,137.552,1648.84
2023-05-17 17:55:00+00:00,137.553,137.553,137.514,137.527,1563.34
2023-05-17 18:00:00+00:00,137.528,137.534,137.515,137.518,950.82
2023-05-17 18:05:00+00:00,137.518,137.537,137.517,137.537,1407.12
2023-05-17 18:10:00+00:00,137.537,137.563,137.528,137.554,1329.16
2023-05-17 18:15:00+00:00,137.555,137.568,137.536,137.56,1100.63
2023-05-17 18:20:00+00:00,137.562,137.574,137.556,137.57,1024.35
2023-05-17 18:25:00+00:00,137.57,137.612,137.569,137.591,1368.0
2023-05-17 18:30:00+00:00,137.591,137.609,137.58,137.603,709.12
2023-05-17 18:35:00+00:00,137.602,137.631,137.593,137.619,1817.29
2023-05-17 18:40:00+00:00,137.62,137.622,137.588,137.591,1261.56
2023-05-17 18:45:00+00:00,137.591,137.612,137.588,137.6,1165.77
2023-05-17 18:50:00+00:00,137.6,137.609,137.58,137.598,922.3
2023-05-17 18:55:00+00:00,137.597,137.605,137.58,137.6,1000.24
2023-05-17 19:00:00+00:00,137.599,137.601,137.572,137.582,1481.24
2023-05-17 19:05:00+00:00,137.581,137.594,137.572,137.574,815.25
2023-05-17 19:10:00+00:00,137.574,137.577,137.566,137.572,1310.51
2023-05-17 19:15:00+00:00,137.572,137.604,137.571,137.591,1442.23
2023-05-17 19:20:00+00:00,137.591,137.609,137.584,137.602,512.12
2023-05-17 19:25:00+00:00,137.603,137.607,137.589,137.598,1224.59
2023-05-17 19:30:00+00:00,137.598,137.609,137.598,137.602,928.85
2023-05-17 19:35:00+00:00,137.604,137.627,137.597,137.626,1534.79
2023-05-17 19:40:00+00:00,137.626,137.63,137.605,137.62,1059.07
2023-05-17 19:45:00+00:00,137.621,137.64,137.618,137.636,865.25
2023-05-17 19:50:00+00:00,137.636,137.657,137.632,137.647,985.74
2023-05-17 19:55:00+00:00,137.646,137.648,137.614,137.616,1274.66
2023-05-17 20:00:00+00:00,137.615,137.617,137.6,137.603,736.08
2023-05-17 20:05:00+00:00,137.602,137.619,137.602,137.616,326.36
2023-05-17 20:10:00+00:00,137.616,137.648,137.616,137.648,580.5
2023-05-17 20:15:00+00:00,137.649,137.654,137.644,137.647,366.03
2023-05-17 20:20:00+00:00,137.647,137.647,137.628,137.638,287.52
2023-05-17 20:25:00+00:00,137.638,137.645,137.63,137.644,443.94
2023-05-17 20:30:00+00:00,137.645,137.655,137.642,137.65,1215.35
2023-05-17 20:35:00+00:00,137.65,137.658,137.646,137.655,1162.8
2023-05-17 20:40:00+00:00,137.656,137.708,137.656,137.692,526.89
2023-05-17 20:45:00+00:00,137.693,137.705,137.683,137.697,690.96
2023-05-17 20:50:00+00:00,137.698,137.699,137.611,137.612,2036.89
2023-05-17 20:55:00+00:00,137.609,137.712,137.609,137.672,1573.89
2023-05-17 21:00:00+00:00,137.662,137.662,137.623,137.624,29.28
2023-05-17 21:05:00+00:00,137.634,137.634,137.608,137.614,676.01
2023-05-17 21:10:00+00:00,137.614,137.629,137.613,137.62,381.6
2023-05-17 21:15:00+00:00,137.622,137.624,137.615,137.621,1506.02
2023-05-17 21:20:00+00:00,137.622,137.637,137.606,137.61,573.25
2023-05-17 21:25:00+00:00,137.61,137.61,137.53,137.533,768.66
2023-05-17 21:30:00+00:00,137.531,137.574,137.53,137.562,1488.63
2023-05-17 21:35:00+00:00,137.551,137.582,137.547,137.57,1514.17
2023-05-17 21:40:00+00:00,137.572,137.574,137.559,137.559,834.84
2023-05-17 21:45:00+00:00,137.558,137.578,137.555,137.556,166.06
2023-05-17 21:50:00+00:00,137.569,137.574,137.533,137.546,1592.07
2023-05-17 21:55:00+00:00,137.551,137.57,137.537,137.565,244.95
2023-05-17 22:00:00+00:00,137.567,137.695,137.567,137.612,1588.19
2023-05-17 22:05:00+00:00,137.614,137.614,137.588,137.603,243.19
2023-05-17 22:10:00+00:00,137.604,137.616,137.585,137.612,724.96
2023-05-17 22:15:00+00:00,137.614,137.631,137.583,137.599,1134.8
2023-05-17 22:20:00+00:00,137.599,137.627,137.594,137.595,1763.25
2023-05-17 22:25:00+00:00,137.594,137.623,137.575,137.603,805.5
2023-05-17 22:30:00+00:00,137.603,137.629,137.573,137.578,754.95
2023-05-17 22:35:00+00:00,137.579,137.615,137.579,137.591,649.44
2023-05-17 22:40:00+00:00,137.592,137.6,137.578,137.594,1279.81
2023-05-17 22:45:00+00:00,137.593,137.595,137.567,137.57,706.11
2023-05-17 22:50:00+00:00,137.576,137.59,137.565,137.575,630.6
2023-05-17 22:55:00+00:00,137.576,137.585,137.565,137.575,504.0
2023-05-17 23:00:00+00:00,137.575,137.605,137.574,137.601,1132.74
2023-05-17 23:05:00+00:00,137.603,137.604,137.583,137.586,897.15
2023-05-17 23:10:00+00:00,137.586,137.595,137.555,137.588,732.47
2023-05-17 23:15:00+00:00,137.588,137.588,137.561,137.57,581.85
2023-05-17 23:20:00+00:00,137.573,137.585,137.546,137.556,1257.0
2023-05-17 23:25:00+00:00,137.557,137.607,137.555,137.607,861.3
2023-05-17 23:30:00+00:00,137.608,137.626,137.605,137.623,777.74
2023-05-17 23:35:00+00:00,137.624,137.634,137.613,137.613,550.8
2023-05-17 23:40:00+00:00,137.614,137.664,137.613,137.648,526.79
2023-05-17 23:45:00+00:00,137.649,137.657,137.614,137.622,749.19
2023-05-17 23:50:00+00:00,137.621,137.622,137.582,137.592,1665.67
2023-05-17 23:55:00+00:00,137.592,137.617,137.591,137.603,1182.79
2023-05-18 00:00:00+00:00,137.602,137.671,137.566,137.581,2458.24
2023-05-18 00:05:00+00:00,137.58,137.689,137.579,137.68,2294.1
2023-05-18 00:10:00+00:00,137.681,137.686,137.63,137.641,1709.96
2023-05-18 00:15:00+00:00,137.642,137.716,137.641,137.696,1905.73
2023-05-18 00:20:00+00:00,137.696,137.699,137.643,137.643,1428.89
2023-05-18 00:25:00+00:00,137.643,137.658,137.631,137.64,1617.59
2023-05-18 00:30:00+00:00,137.641,137.66,137.614,137.654,1880.23
2023-05-18 00:35:00+00:00,137.654,137.686,137.652,137.677,988.02
2023-05-18 00:40:00+00:00,137.678,137.678,137.581,137.581,1829.5
2023-05-18 00:45:00+00:00,137.581,137.583,137.493,137.527,3172.1
2023-05-18 00:50:00+00:00,137.527,137.562,137.497,137.527,2986.47
2023-05-18 00:55:00+00:00,137.531,137.531,137.438,137.441,3260.32
2023-05-18 01:00:00+00:00,137.441,137.459,137.384,137.413,3424.99
2023-05-18 01:05:00+00:00,137.412,137.436,137.341,137.355,3319.46
2023-05-18 01:10:00+00:00,137.354,137.387,137.321,137.357,2463.03
2023-05-18 01:15:00+00:00,137.358,137.411,137.341,137.378,2490.78
2023-05-18 01:20:00+00:00,137.378,137.387,137.339,137.387,1878.9
2023-05-18 01:25:00+00:00,137.387,137.403,137.36,137.402,2476.12
2023-05-18 01:30:00+00:00,137.401,137.401,137.285,137.393,2580.35
2023-05-18 01:35:00+00:00,137.393,137.416,137.371,137.406,1780.44
2023-05-18 01:40:00+00:00,137.407,137.407,137.37,137.39,2239.63
2023-05-18 01:45:00+00:00,137.389,137.42,137.334,137.379,1405.2
2023-05-18 01:50:00+00:00,137.379,137.407,137.343,137.373,1938.05
2023-05-18 01:55:00+00:00,137.373,137.385,137.346,137.355,1422.53
2023-05-18 02:00:00+00:00,137.355,137.363,137.338,137.361,1903.56
2023-05-18 02:05:00+00:00,137.363,137.405,137.35,137.394,2242.53
2023-05-18 02:10:00+00:00,137.393,137.404,137.381,137.393,2532.04
2023-05-18 02:15:00+00:00,137.394,137.453,137.391,137.441,1742.12
2023-05-18 02:20:00+00:00,137.441,137.453,137.411,137.421,1296.36
2023-05-18 02:25:00+00:00,137.421,137.471,137.419,137.462,1276.38
2023-05-18 02:30:00+00:00,137.462,137.497,137.45,137.482,1449.14
2023-05-18 02:35:00+00:00,137.481,137.497,137.468,137.48,862.97
2023-05-18 02:40:00+00:00,137.48,137.48,137.429,137.449,1236.39
2023-05-18 02:45:00+00:00,137.45,137.465,137.437,137.446,846.41
2023-05-18 02:50:00+00:00,137.446,137.47,137.445,137.466,465.81
2023-05-18 02:55:00+00:00,137.467,137.489,137.466,137.484,601.11
2023-05-18 03:00:00+00:00,137.485,137.498,137.445,137.495,1540.81
2023-05-18 03:05:00+00:00,137.495,137.532,137.488,137.521,827.58
2023-05-18 03:10:00+00:00,137.522,137.541,137.516,137.533,857.02
2023-05-18 03:15:00+00:00,137.533,137.536,137.513,137.536,1381.34
2023-05-18 03:20:00+00:00,137.537,137.573,137.533,137.544,1006.43
2023-05-18 03:25:00+00:00,137.543,137.572,137.543,137.552,811.18
2023-05-18 03:30:00+00:00,137.552,137.565,137.551,137.555,448.05
2023-05-18 03:35:00+00:00,137.555,137.571,137.545,137.561,898.65
2023-05-18 03:40:00+00:00,137.562,137.572,137.533,137.561,879.14
2023-05-18 03:45:00+00:00,137.562,137.623,137.561,137.622,832.44
2023-05-18 03:50:00+00:00,137.623,137.628,137.592,137.594,705.16
2023-05-18 03:55:00+00:00,137.596,137.6,137.581,137.585,505.38
2023-05-18 04:00:00+00:00,137.584,137.605,137.573,137.601,1602.88
2023-05-18 04:05:00+00:00,137.6,137.613,137.595,137.611,1307.1
2023-05-18 04:10:00+00:00,137.612,137.622,137.599,137.602,1326.04
2023-05-18 04:15:00+00:00,137.602,137.602,137.578,137.589,2547.75
2023-05-18 04:20:00+00:00,137.588,137.588,137.548,137.554,2709.48
2023-05-18 04:25:00+00:00,137.553,137.555,137.498,137.522,2941.2
2023-05-18 04:30:00+00:00,137.523,137.524,137.504,137.523,1392.46
2023-05-18 04:35:00+00:00,137.523,137.564,137.522,137.555,802.52
2023-05-18 04:40:00+00:00,137.555,137.573,137.551,137.573,1185.68
2023-05-18 04:45:00+00:00,137.573,137.574,137.54,137.546,1006.59
2023-05-18 04:50:00+00:00,137.548,137.594,137.548,137.574,1164.3
2023-05-18 04:55:00+00:00,137.575,137.605,137.572,137.6,1344.29
2023-05-18 05:00:00+00:00,137.601,137.681,137.599,137.667,1724.89
2023-05-18 05:05:00+00:00,137.667,137.742,137.66,137.741,1670.54
2023-05-18 05:10:00+00:00,137.742,137.743,137.65,137.655,2325.24
2023-05-18 05:15:00+00:00,137.657,137.664,137.625,137.628,2186.34
2023-05-18 05:20:00+00:00,137.63,137.63,137.559,137.566,2452.5
2023-05-18 05:25:00+00:00,137.566,137.576,137.529,137.535,1765.45
2023-05-18 05:30:00+00:00,137.536,137.537,137.449,137.462,2362.43
2023-05-18 05:35:00+00:00,137.463,137.521,137.461,137.489,1231.2
2023-05-18 05:40:00+00:00,137.49,137.516,137.482,137.51,1154.55
2023-05-18 05:45:00+00:00,137.509,137.54,137.508,137.526,1041.57
2023-05-18 05:50:00+00:00,137.527,137.528,137.488,137.496,1653.19
2023-05-18 05:55:00+00:00,137.496,137.529,137.489,137.508,1288.77
2023-05-18 06:00:00+00:00,137.511,137.534,137.441,137.462,3058.77
2023-05-18 06:05:00+00:00,137.462,137.492,137.443,137.491,2215.29
2023-05-18 06:10:00+00:00,137.49,137.506,137.447,137.459,2061.49
2023-05-18 06:15:00+00:00,137.457,137.47,137.405,137.407,1515.48
2023-05-18 06:20:00+00:00,137.408,137.437,137.384,137.431,1985.2
2023-05-18 06:25:00+00:00,137.431,137.45,137.392,137.415,1609.8
2023-05-18 06:30:00+00:00,137.413,137.511,137.41,137.499,1929.96
2023-05-18 06:35:00+00:00,137.499,137.542,137.485,137.539,2760.55
2023-05-18 06:40:00+00:00,137.539,137.55,137.433,137.447,2336.91
2023-05-18 06:45:00+00:00,137.447,137.501,137.446,137.493,2015.41
2023-05-18 06:50:00+00:00,137.493,137.522,137.462,137.496,2357.73
2023-05-18 06:55:00+00:00,137.497,137.538,137.493,137.537,2236.02
2023-05-18 07:00:00+00:00,137.536,137.594,137.523,137.556,3302.88
2023-05-18 07:05:00+00:00,137.557,137.602,137.533,137.554,2642.85
2023-05-18 07:10:00+00:00,137.555,137.589,137.527,137.536,2739.56
2023-05-18 07:15:00+00:00,137.535,137.621,137.534,137.62,3353.41
2023-05-18 07:20:00+00:00,137.621,137.7,137.621,137.648,3180.99
2023-05-18 07:25:00+00:00,137.646,137.665,137.61,137.623,3412.11
2023-05-18 07:30:00+00:00,137.623,137.644,137.58,137.628,3181.24
2023-05-18 07:35:00+00:00,137.627,137.667,137.602,137.654,2991.43
2023-05-18 07:40:00+00:00,137.653,137.686,137.623,137.634,3284.11
2023-05-18 07:45:00+00:00,137.633,137.671,137.606,137.656,4062.27
2023-05-18 07:50:00+00:00,137.655,137.716,137.652,137.692,3482.79
2023-05-18 07:55:00+00:00,137.693,137.872,137.692,137.811,4289.76
2023-05-18 08:00:00+00:00,137.811,137.87,137.805,137.815,3468.34
2023-05-18 08:05:00+00:00,137.814,137.824,137.743,137.786,3229.53
2023-05-18 08:10:00+00:00,137.788,137.851,137.767,137.846,2792.39
2023-05-18 08:15:00+00:00,137.845,137.936,137.837,137.907,3912.01
2023-05-18 08:20:00+00:00,137.907,137.92,137.809,137.839,3164.88
2023-05-18 08:25:00+00:00,137.839,137.884,137.821,137.883,2492.11
2023-05-18 08:30:00+00:00,137.884,137.921,137.848,137.854,2289.19
2023-05-18 08:35:00+00:00,137.855,137.867,137.771,137.78,2981.51
2023-05-18 08:40:00+00:00,137.78,137.826,137.77,137.809,1947.7
2023-05-18 08:45:00+00:00,137.809,137.856,137.806,137.847,2176.75
2023-05-18 08:50:00+00:00,137.847,137.888,137.845,137.882,2323.6
2023-05-18 08:55:00+00:00,137.883,137.886,137.761,137.77,2907.37
2023-05-18 09:00:00+00:00,137.771,137.803,137.737,137.78,2568.54
2023-05-18 09:05:00+00:00,137.781,137.807,137.748,137.771,2529.44
2023-05-18 09:10:00+00:00,137.771,137.798,137.75,137.79,2215.79
2023-05-18 09:15:00+00:00,137.788,137.835,137.77,137.819,1665.59
2023-05-18 09:20:00+00:00,137.82,137.839,137.812,137.817,1751.01
2023-05-18 09:25:00+00:00,137.818,137.867,137.817,137.854,2462.48
2023-05-18 09:30:00+00:00,137.853,137.856,137.76,137.77,2253.73
2023-05-18 09:35:00+00:00,137.769,137.781,137.697,137.76,2816.02
2023-05-18 09:40:00+00:00,137.764,137.794,137.747,137.772,1973.4
2023-05-18 09:45:00+00:00,137.773,137.779,137.746,137.763,2219.08
2023-05-18 09:50:00+00:00,137.763,137.784,137.707,137.765,1644.81
2023-05-18 09:55:00+00:00,137.765,137.8,137.756,137.779,1463.32
2023-05-18 10:00:00+00:00,137.78,137.802,137.746,137.792,2948.06
2023-05-18 10:05:00+00:00,137.792,137.796,137.763,137.765,1633.72
2023-05-18 10:10:00+00:00,137.763,137.765,137.694,137.709,1967.36
2023-05-18 10:15:00+00:00,137.709,137.724,137.695,137.706,1764.91
2023-05-18 10:20:00+00:00,137.708,137.735,137.696,137.731,1968.72
2023-05-18 10:25:00+00:00,137.733,137.766,137.705,137.738,2375.93
2023-05-18 10:30:00+00:00,137.737,137.753,137.719,137.741,2373.0
2023-05-18 10:35:00+00:00,137.742,137.795,137.732,137.778,1878.6
2023-05-18 10:40:00+00:00,137.777,137.783,137.761,137.77,1735.04
2023-05-18 10:45:00+00:00,137.769,137.779,137.735,137.752,1724.82
2023-05-18 10:50:00+00:00,137.753,137.777,137.749,137.761,1547.52
2023-05-18 10:55:00+00:00,137.762,137.767,137.705,137.74,2155.88
2023-05-18 11:00:00+00:00,137.74,137.786,137.714,137.783,1627.43
2023-05-18 11:05:00+00:00,137.782,137.788,137.75,137.788,1558.48
2023-05-18 11:10:00+00:00,137.788,137.834,137.781,137.828,1460.54
2023-05-18 11:15:00+00:00,137.827,137.845,137.825,137.828,1296.74
2023-05-18 11:20:00+00:00,137.827,137.835,137.806,137.81,1245.94
2023-05-18 11:25:00+00:00,137.81,137.876,137.81,137.866,1573.61
2023-05-18 11:30:00+00:00,137.867,137.904,137.831,137.831,1796.86
2023-05-18 11:35:00+00:00,137.831,137.837,137.807,137.818,957.75
2023-05-18 11:40:00+00:00,137.819,137.822,137.75,137.758,1467.66
2023-05-18 11:45:00+00:00,137.759,137.817,137.759,137.81,1204.76
2023-05-18 11:50:00+00:00,137.811,137.845,137.805,137.843,1169.79
2023-05-18 11:55:00+00:00,137.842,137.881,137.813,137.817,2517.05
2023-05-18 12:00:00+00:00,137.818,137.855,137.797,137.835,2504.88
2023-05-18 12:05:00+00:00,137.836,137.863,137.824,137.863,1958.79
2023-05-18 12:10:00+00:00,137.864,137.865,137.833,137.836,2249.85
2023-05-18 12:15:00+00:00,137.835,137.862,137.789,137.82,2252.01
2023-05-18 12:20:00+00:00,137.821,137.849,137.805,137.826,2262.86
2023-05-18 12:25:00+00:00,137.823,137.837,137.747,137.747,2802.15
2023-05-18 12:30:00+00:00,137.748,138.15,137.744,138.139,7413.81
2023-05-18 12:35:00+00:00,138.142,138.304,138.083,138.284,5536.22
2023-05-18 12:40:00+00:00,138.284,138.29,138.197,138.232,5398.5
2023-05-18 12:45:00+00:00,138.233,138.335,138.153,138.334,5276.73
2023-05-18 12:50:00+00:00,138.337,138.393,138.295,138.339,5959.26
2023-05-18 12:55:00+00:00,138.341,138.38,138.274,138.299,4093.88
2023-05-18 13:00:00+00:00,138.299,138.306,138.197,138.298,4947.42
2023-05-18 13:05:00+00:00,138.3,138.358,138.235,138.238,4368.65
2023-05-18 13:10:00+00:00,138.238,138.267,138.204,138.247,4503.29
2023-05-18 13:15:00+00:00,138.246,138.284,138.204,138.247,4644.3
2023-05-18 13:20:00+00:00,138.247,138.251,138.13,138.169,3928.54
2023-05-18 13:25:00+00:00,138.17,138.246,138.148,138.233,4474.43
2023-05-18 13:30:00+00:00,138.235,138.253,138.155,138.18,4433.25
2023-05-18 13:35:00+00:00,138.179,138.305,138.17,138.287,3713.87
2023-05-18 13:40:00+00:00,138.287,138.317,138.235,138.26,3102.79
2023-05-18 13:45:00+00:00,138.263,138.376,138.261,138.357,3651.7
2023-05-18 13:50:00+00:00,138.358,138.423,138.319,138.376,3981.37
2023-05-18 13:55:00+00:00,138.378,138.396,138.341,138.388,3587.09
2023-05-18 14:00:00+00:00,138.389,138.391,138.271,138.334,4684.71
2023-05-18 14:05:00+00:00,138.332,138.334,138.274,138.291,3629.88
2023-05-18 14:10:00+00:00,138.291,138.363,138.271,138.354,2421.17
2023-05-18 14:15:00+00:00,138.353,138.408,138.345,138.385,2551.39
2023-05-18 14:20:00+00:00,138.386,138.43,138.369,138.4,3771.09
2023-05-18 14:25:00+00:00,138.401,138.426,138.374,138.399,2820.38
2023-05-18 14:30:00+00:00,138.399,138.42,138.359,138.406,3112.29
2023-05-18 14:35:00+00:00,138.404,138.466,138.372,138.45,3225.23
2023-05-18 14:40:00+00:00,138.453,138.494,138.44,138.493,2164.5
2023-05-18 14:45:00+00:00,138.494,138.565,138.471,138.565,3237.31
2023-05-18 14:50:00+00:00,138.569,138.623,138.564,138.602,2904.97
2023-05-18 14:55:00+00:00,138.601,138.621,138.56,138.618,2973.34
2023-05-18 15:00:00+00:00,138.616,138.639,138.601,138.618,2700.32
2023-05-18 15:05:00+00:00,138.617,138.62,138.571,138.603,3038.77
2023-05-18 15:10:00+00:00,138.602,138.675,138.602,138.635,3345.36
2023-05-18 15:15:00+00:00,138.637,138.653,138.634,138.649,2532.4
2023-05-18 15:20:00+00:00,138.65,138.651,138.56,138.579,2850.53
2023-05-18 15:25:00+00:00,138.576,138.577,138.535,138.561,3196.6
2023-05-18 15:30:00+00:00,138.561,138.57,138.52,138.551,2462.17
2023-05-18 15:35:00+00:00,138.552,138.57,138.512,138.531,2437.94
2023-05-18 15:40:00+00:00,138.531,138.544,138.51,138.532,2123.57
2023-05-18 15:45:00+00:00,138.533,138.559,138.499,138.505,2201.42
2023-05-18 15:50:00+00:00,138.506,138.552,138.505,138.517,1946.6
2023-05-18 15:55:00+00:00,138.518,138.524,138.464,138.497,2878.72
2023-05-18 16:00:00+00:00,138.498,138.501,138.438,138.442,2445.4
2023-05-18 16:05:00+00:00,138.444,138.447,138.368,138.395,2162.89
2023-05-18 16:10:00+00:00,138.395,138.465,138.388,138.448,2445.19
2023-05-18 16:15:00+00:00,138.448,138.474,138.381,138.449,1654.07
2023-05-18 16:20:00+00:00,138.448,138.475,138.442,138.474,1520.39
2023-05-18 16:25:00+00:00,138.474,138.504,138.466,138.495,762.79
2023-05-18 16:30:00+00:00,138.492,138.523,138.483,138.508,1062.97
2023-05-18 16:35:00+00:00,138.508,138.547,138.505,138.529,1236.97
2023-05-18 16:40:00+00:00,138.529,138.559,138.517,138.545,1186.16
2023-05-18 16:45:00+00:00,138.545,138.555,138.536,138.549,1077.45
2023-05-18 16:50:00+00:00,138.549,138.573,138.529,138.573,1239.3
2023-05-18 16:55:00+00:00,138.568,138.578,138.555,138.577,882.85
2023-05-18 17:00:00+00:00,138.578,138.599,138.573,138.583,1214.97
2023-05-18 17:05:00+00:00,138.583,138.622,138.57,138.621,1004.95
2023-05-18 17:10:00+00:00,138.62,138.623,138.587,138.596,813.27
2023-05-18 17:15:00+00:00,138.596,138.637,138.592,138.629,1020.9
2023-05-18 17:20:00+00:00,138.631,138.664,138.626,138.659,994.05
2023-05-18 17:25:00+00:00,138.661,138.687,138.499,138.5,2604.45
2023-05-18 17:30:00+00:00,138.503,138.566,138.483,138.545,2773.98
2023-05-18 17:35:00+00:00,138.544,138.58,138.542,138.562,1826.7
2023-05-18 17:40:00+00:00,138.562,138.58,138.53,138.562,1434.91
2023-05-18 17:45:00+00:00,138.562,138.585,138.542,138.575,1726.01
2023-05-18 17:50:00+00:00,138.574,138.592,138.554,138.564,1660.76
2023-05-18 17:55:00+00:00,138.563,138.575,138.552,138.563,1390.06
2023-05-18 18:00:00+00:00,138.563,138.604,138.553,138.6,1088.29
2023-05-18 18:05:00+00:00,138.599,138.638,138.597,138.63,1174.05
2023-05-18 18:10:00+00:00,138.631,138.648,138.621,138.641,699.75
2023-05-18 18:15:00+00:00,138.641,138.657,138.634,138.644,1578.8
2023-05-18 18:20:00+00:00,138.644,138.645,138.625,138.637,963.45
2023-05-18 18:25:00+00:00,138.638,138.638,138.61,138.611,2093.14
2023-05-18 18:30:00+00:00,138.61,138.614,138.593,138.607,1017.5
2023-05-18 18:35:00+00:00,138.608,138.649,138.606,138.639,1315.47
2023-05-18 18:40:00+00:00,138.64,138.703,138.64,138.695,1272.67
2023-05-18 18:45:00+00:00,138.695,138.702,138.674,138.676,1473.04
2023-05-18 18:50:00+00:00,138.676,138.676,138.639,138.671,1352.2
2023-05-18 18:55:00+00:00,138.672,138.678,138.637,138.656,2004.7
2023-05-18 19:00:00+00:00,138.656,138.657,138.611,138.635,1964.84
2023-05-18 19:05:00+00:00,138.634,138.664,138.622,138.655,1588.65
2023-05-18 19:10:00+00:00,138.656,138.691,138.64,138.689,930.43
2023-05-18 19:15:00+00:00,138.69,138.743,138.686,138.737,1260.58
2023-05-18 19:20:00+00:00,138.738,138.745,138.716,138.718,1541.68
2023-05-18 19:25:00+00:00,138.718,138.719,138.705,138.708,1171.5
2023-05-18 19:30:00+00:00,138.708,138.709,138.676,138.676,1250.55
2023-05-18 19:35:00+00:00,138.677,138.678,138.644,138.647,1091.12
2023-05-18 19:40:00+00:00,138.648,138.671,138.641,138.646,1049.15
2023-05-18 19:45:00+00:00,138.646,138.669,138.646,138.666,1244.64
2023-05-18 19:50:00+00:00,138.666,138.7,138.655,138.686,1226.97
2023-05-18 19:55:00+00:00,138.685,138.703,138.681,138.685,992.7
2023-05-18 20:00:00+00:00,138.685,138.723,138.672,138.713,826.84
2023-05-18 20:05:00+00:00,138.712,138.713,138.687,138.693,311.55
2023-05-18 20:10:00+00:00,138.694,138.695,138.674,138.689,415.5
2023-05-18 20:15:00+00:00,138.689,138.689,138.669,138.682,178.27
2023-05-18 20:20:00+00:00,138.683,138.685,138.669,138.683,549.38
2023-05-18 20:25:00+00:00,138.684,138.684,138.662,138.676,643.51
2023-05-18 20:30:00+00:00,138.675,138.69,138.666,138.677,372.6
2023-05-18 20:35:00+00:00,138.678,138.703,138.678,138.699,343.95
2023-05-18 20:40:00+00:00,138.7,138.706,138.692,138.698,418.65
2023-05-18 20:45:00+00:00,138.698,138.699,138.679,138.697,645.3
2023-05-18 20:50:00+00:00,138.696,138.71,138.695,138.706,243.9
2023-05-18 20:55:00+00:00,138.707,138.711,138.688,138.699,493.17
2023-05-18 21:00:00+00:00,138.704,138.704,138.702,138.704,4.5
2023-05-18 21:05:00+00:00,138.704,138.704,138.7,138.701,1404.0
2023-05-18 21:10:00+00:00,138.701,138.704,138.7,138.704,1938.26
2023-05-18 21:15:00+00:00,138.704,138.707,138.695,138.697,774.17
2023-05-18 21:20:00+00:00,138.698,138.704,138.691,138.698,310.5
2023-05-18 21:25:00+00:00,138.704,138.704,138.681,138.687,345.96
2023-05-18 21:30:00+00:00,138.691,138.709,138.688,138.698,254.32
2023-05-18 21:35:00+00:00,138.698,138.698,138.687,138.695,148.86
2023-05-18 21:40:00+00:00,138.696,138.703,138.682,138.685,203.27
2023-05-18 21:45:00+00:00,138.685,138.686,138.623,138.644,362.55
2023-05-18 21:50:00+00:00,138.644,138.668,138.624,138.655,1067.22
2023-05-18 21:55:00+00:00,138.667,138.678,138.649,138.671,328.46
2023-05-18 22:00:00+00:00,138.673,138.677,138.644,138.652,788.49
2023-05-18 22:05:00+00:00,138.655,138.665,138.617,138.634,2242.65
2023-05-18 22:10:00+00:00,138.633,138.656,138.612,138.636,1843.2
2023-05-18 22:15:00+00:00,138.636,138.676,138.634,138.65,1605.57
2023-05-18 22:20:00+00:00,138.65,138.662,138.616,138.638,914.17
2023-05-18 22:25:00+00:00,138.638,138.66,138.625,138.636,859.23
2023-05-18 22:30:00+00:00,138.637,138.663,138.626,138.643,1358.67
2023-05-18 22:35:00+00:00,138.644,138.655,138.63,138.646,432.0
2023-05-18 22:40:00+00:00,138.645,138.652,138.628,138.647,937.65
2023-05-18 22:45:00+00:00,138.647,138.648,138.629,138.633,458.8
2023-05-18 22:50:00+00:00,138.633,138.639,138.632,138.638,230.7
2023-05-18 22:55:00+00:00,138.637,138.664,138.637,138.65,423.9
2023-05-18 23:00:00+00:00,138.651,138.662,138.614,138.618,1657.3
2023-05-18 23:05:00+00:00,138.617,138.617,138.518,138.528,2183.15
2023-05-18 23:10:00+00:00,138.529,138.548,138.528,138.541,406.3
2023-05-18 23:15:00+00:00,138.54,138.571,138.54,138.568,275.8
2023-05-18 23:20:00+00:00,138.569,138.569,138.527,138.535,1111.8
2023-05-18 23:25:00+00:00,138.536,138.558,138.531,138.546,962.69
2023-05-18 23:30:00+00:00,138.545,138.644,138.545,138.638,1263.12
2023-05-18 23:35:00+00:00,138.638,138.684,138.636,138.674,1014.75
2023-05-18 23:40:00+00:00,138.674,138.674,138.661,138.665,370.75
2023-05-18 23:45:00+00:00,138.665,138.665,138.64,138.658,894.0
2023-05-18 23:50:00+00:00,138.659,138.67,138.641,138.642,935.94
2023-05-18 23:55:00+00:00,138.642,138.644,138.598,138.624,1294.11
2023-05-19 00:00:00+00:00,138.624,138.663,138.444,138.446,4122.33
2023-05-19 00:05:00+00:00,138.45,138.478,138.388,138.469,3721.63
2023-05-19 00:10:00+00:00,138.467,138.467,138.329,138.367,3453.2
2023-05-19 00:15:00+00:00,138.369,138.398,138.318,138.348,2778.05
2023-05-19 00:20:00+00:00,138.349,138.349,138.299,138.301,2306.33
2023-05-19 00:25:00+00:00,138.301,138.35,138.29,138.347,2261.47
2023-05-19 00:30:00+00:00,138.348,138.379,138.32,138.368,1926.73
2023-05-19 00:35:00+00:00,138.369,138.439,138.367,138.419,1376.47
2023-05-19 00:40:00+00:00,138.418,138.435,138.365,138.379,1837.07
2023-05-19 00:45:00+00:00,138.379,138.431,138.356,138.431,1120.11
2023-05-19 00:50:00+00:00,138.431,138.464,138.277,138.342,3211.0
2023-05-19 00:55:00+00:00,138.34,138.424,138.339,138.407,1854.56
2023-05-19 01:00:00+00:00,138.407,138.453,138.359,138.361,1298.97
2023-05-19 01:05:00+00:00,138.361,138.389,138.33,138.339,928.88
2023-05-19 01:10:00+00:00,138.34,138.402,138.335,138.396,1161.06
2023-05-19 01:15:00+00:00,138.399,138.58,138.398,138.554,1469.28
2023-05-19 01:20:00+00:00,138.554,138.564,138.52,138.561,1114.83
2023-05-19 01:25:00+00:00,138.561,138.567,138.464,138.503,1003.23
2023-05-19 01:30:00+00:00,138.501,138.55,138.491,138.54,1596.65
2023-05-19 01:35:00+00:00,138.54,138.596,138.53,138.55,1145.32
2023-05-19 01:40:00+00:00,138.55,138.552,138.506,138.507,1046.96
2023-05-19 01:45:00+00:00,138.506,138.515,138.46,138.474,1086.74
2023-05-19 01:50:00+00:00,138.474,138.54,138.466,138.51,1342.39
2023-05-19 01:55:00+00:00,138.516,138.523,138.487,138.522,1160.57
2023-05-19 02:00:00+00:00,138.522,138.538,138.493,138.51,1314.96
2023-05-19 02:05:00+00:00,138.51,138.534,138.507,138.52,1065.68
2023-05-19 02:10:00+00:00,138.524,138.541,138.517,138.526,921.81
2023-05-19 02:15:00+00:00,138.527,138.54,138.509,138.538,969.1
2023-05-19 02:20:00+00:00,138.535,138.561,138.53,138.539,740.64
2023-05-19 02:25:00+00:00,138.538,138.561,138.518,138.518,1006.82
2023-05-19 02:30:00+00:00,138.52,138.552,138.515,138.526,1190.01
2023-05-19 02:35:00+00:00,138.528,138.553,138.511,138.53,1446.41
2023-05-19 02:40:00+00:00,138.53,138.537,138.491,138.498,1362.52
2023-05-19 02:45:00+00:00,138.498,138.517,138.477,138.478,1577.04
2023-05-19 02:50:00+00:00,138.479,138.484,138.441,138.462,1356.89
2023-05-19 02:55:00+00:00,138.462,138.469,138.363,138.423,2169.01
2023-05-19 03:00:00+00:00,138.423,138.448,138.395,138.448,1585.66
2023-05-19 03:05:00+00:00,138.449,138.483,138.449,138.473,1131.69
2023-05-19 03:10:00+00:00,138.472,138.48,138.451,138.454,1102.6
2023-05-19 03:15:00+00:00,138.453,138.495,138.453,138.491,895.58
2023-05-19 03:20:00+00:00,138.491,138.5,138.474,138.474,936.7
2023-05-19 03:25:00+00:00,138.474,138.482,138.47,138.481,868.12
2023-05-19 03:30:00+00:00,138.482,138.495,138.452,138.452,1008.47
2023-05-19 03:35:00+00:00,138.453,138.472,138.442,138.445,1127.44
2023-05-19 03:40:00+00:00,138.444,138.45,138.409,138.415,896.77
2023-05-19 03:45:00+00:00,138.414,138.459,138.406,138.453,787.94
2023-05-19 03:50:00+00:00,138.453,138.454,138.414,138.416,875.47
2023-05-19 03:55:00+00:00,138.416,138.427,138.408,138.426,1143.68
2023-05-19 04:00:00+00:00,138.425,138.428,138.414,138.423,775.24
2023-05-19 04:05:00+00:00,138.424,138.427,138.381,138.404,1427.66
2023-05-19 04:10:00+00:00,138.404,138.41,138.381,138.387,1024.42
2023-05-19 04:15:00+00:00,138.388,138.409,138.387,138.399,519.9
2023-05-19 04:20:00+00:00,138.398,138.434,138.397,138.423,1083.92
2023-05-19 04:25:00+00:00,138.423,138.427,138.39,138.415,1049.89
2023-05-19 04:30:00+00:00,138.415,138.475,138.414,138.475,1213.87
2023-05-19 04:35:00+00:00,138.475,138.477,138.433,138.449,1025.61
2023-05-19 04:40:00+00:00,138.449,138.494,138.443,138.462,1235.17
2023-05-19 04:45:00+00:00,138.464,138.464,138.423,138.448,1501.16
2023-05-19 04:50:00+00:00,138.447,138.485,138.447,138.458,1676.16
2023-05-19 04:55:00+00:00,138.458,138.472,138.448,138.457,1293.08
2023-05-19 05:00:00+00:00,138.456,138.458,138.422,138.427,1354.57
2023-05-19 05:05:00+00:00,138.426,138.444,138.406,138.436,1134.31
2023-05-19 05:10:00+00:00,138.436,138.464,138.413,138.416,1392.18
2023-05-19 05:15:00+00:00,138.416,138.445,138.41,138.438,1197.99
2023-05-19 05:20:00+00:00,138.438,138.441,138.404,138.437,1427.6
2023-05-19 05:25:00+00:00,138.437,138.443,138.416,138.417,349.91
2023-05-19 05:30:00+00:00,138.418,138.432,138.405,138.409,792.45
2023-05-19 05:35:00+00:00,138.408,138.415,138.39,138.404,1162.29
2023-05-19 05:40:00+00:00,138.406,138.414,138.384,138.39,1153.9
2023-05-19 05:45:00+00:00,138.391,138.391,138.293,138.337,1318.31
2023-05-19 05:50:00+00:00,138.336,138.349,138.284,138.316,1152.24
2023-05-19 05:55:00+00:00,138.316,138.341,138.262,138.283,1700.83
2023-05-19 06:00:00+00:00,138.284,138.4,138.279,138.357,1877.51
2023-05-19 06:05:00+00:00,138.358,138.358,138.22,138.235,1953.81
2023-05-19 06:10:00+00:00,138.237,138.256,138.14,138.196,2205.54
2023-05-19 06:15:00+00:00,138.197,138.207,138.147,138.195,1342.71
2023-05-19 06:20:00+00:00,138.196,138.222,138.052,138.063,1818.65
2023-05-19 06:25:00+00:00,138.064,138.097,138.034,138.067,2066.28
2023-05-19 06:30:00+00:00,138.07,138.102,138.042,138.096,1702.11
2023-05-19 06:35:00+00:00,138.097,138.145,138.079,138.144,1323.11
2023-05-19 06:40:00+00:00,138.144,138.186,138.129,138.135,1353.79
2023-05-19 06:45:00+00:00,138.135,138.158,138.1,138.149,1135.59
2023-05-19 06:50:00+00:00,138.15,138.204,138.146,138.169,1467.51
2023-05-19 06:55:00+00:00,138.17,138.215,138.168,138.201,1374.89
2023-05-19 07:00:00+00:00,138.201,138.214,138.086,138.09,1904.37
2023-05-19 07:05:00+00:00,138.091,138.103,138.021,138.079,1981.72
2023-05-19 07:10:00+00:00,138.079,138.153,138.061,138.069,2116.22
2023-05-19 07:15:00+00:00,138.071,138.137,138.058,138.133,1768.09
2023-05-19 07:20:00+00:00,138.132,138.165,138.11,138.158,1729.96
2023-05-19 07:25:00+00:00,138.156,138.156,138.067,138.094,1801.21
2023-05-19 07:30:00+00:00,138.095,138.222,138.095,138.183,1942.92
2023-05-19 07:35:00+00:00,138.182,138.183,137.965,138.051,2552.84
2023-05-19 07:40:00+00:00,138.052,138.084,138.033,138.058,1514.31
2023-05-19 07:45:00+00:00,138.058,138.072,138.037,138.063,2724.27
2023-05-19 07:50:00+00:00,138.063,138.093,138.04,138.06,3127.91
2023-05-19 07:55:00+00:00,138.059,138.126,138.059,138.105,2268.51
2023-05-19 08:00:00+00:00,138.106,138.174,138.105,138.174,2608.59
2023-05-19 08:05:00+00:00,138.175,138.231,138.169,138.187,2073.93
2023-05-19 08:10:00+00:00,138.188,138.205,138.153,138.189,2413.69
2023-05-19 08:15:00+00:00,138.19,138.199,138.133,138.156,2297.76
2023-05-19 08:20:00+00:00,138.157,138.157,138.113,138.138,1843.01
2023-05-19 08:25:00+00:00,138.139,138.139,138.096,138.101,2016.65
2023-05-19 08:30:00+00:00,138.104,138.106,138.05,138.077,2505.7
2023-05-19 08:35:00+00:00,138.077,138.137,138.071,138.1,3002.12
2023-05-19 08:40:00+00:00,138.099,138.134,138.081,138.128,2685.9
2023-05-19 08:45:00+00:00,138.128,138.137,138.089,138.133,1835.55
2023-05-19 08:50:00+00:00,138.134,138.195,138.113,138.174,2558.65
2023-05-19 08:55:00+00:00,138.174,138.177,138.137,138.177,2145.15
2023-05-19 09:00:00+00:00,138.176,138.204,138.125,138.135,2176.28
2023-05-19 09:05:00+00:00,138.134,138.194,138.134,138.174,1106.7
2023-05-19 09:10:00+00:00,138.17,138.197,138.132,138.196,1724.65
2023-05-19 09:15:00+00:00,138.194,138.233,138.154,138.178,1737.32
2023-05-19 09:20:00+00:00,138.181,138.191,138.157,138.167,1504.95
2023-05-19 09:25:00+00:00,138.167,138.181,138.159,138.176,1694.25
2023-05-19 09:30:00+00:00,138.177,138.199,138.137,138.139,2003.31
2023-05-19 09:35:00+00:00,138.138,138.138,138.02,138.08,3398.92
2023-05-19 09:40:00+00:00,138.081,138.09,138.004,138.02,2435.16
2023-05-19 09:45:00+00:00,138.02,138.077,138.019,138.046,2041.42
2023-05-19 09:50:00+00:00,138.046,138.064,137.993,138.056,2388.09
2023-05-19 09:55:00+00:00,138.056,138.091,138.055,138.07,1996.53
2023-05-19 10:00:00+00:00,138.07,138.115,138.059,138.097,3424.52
2023-05-19 10:05:00+00:00,138.096,138.163,138.096,138.137,2235.8
2023-05-19 10:10:00+00:00,138.138,138.167,138.126,138.141,2108.17
2023-05-19 10:15:00+00:00,138.141,138.273,138.138,138.244,2347.11
2023-05-19 10:20:00+00:00,138.246,138.255,138.192,138.225,2425.48
2023-05-19 10:25:00+00:00,138.225,138.284,138.225,138.274,2233.65
2023-05-19 10:30:00+00:00,138.274,138.274,138.218,138.264,2171.3
2023-05-19 10:35:00+00:00,138.263,138.263,138.206,138.207,2278.9
2023-05-19 10:40:00+00:00,138.206,138.243,138.193,138.238,2310.43
2023-05-19 10:45:00+00:00,138.237,138.244,138.215,138.224,1582.94
2023-05-19 10:50:00+00:00,138.223,138.242,138.177,138.236,2028.66
2023-05-19 10:55:00+00:00,138.236,138.282,138.235,138.268,1902.95
2023-05-19 11:00:00+00:00,138.269,138.284,138.259,138.282,2038.78
2023-05-19 11:05:00+00:00,138.282,138.343,138.274,138.313,2309.19
2023-05-19 11:10:00+00:00,138.313,138.338,138.31,138.322,2453.04
2023-05-19 11:15:00+00:00,138.322,138.385,138.312,138.37,1839.97
2023-05-19 11:20:00+00:00,138.371,138.443,138.371,138.424,2007.8
2023-05-19 11:25:00+00:00,138.424,138.441,138.407,138.428,1984.25
2023-05-19 11:30:00+00:00,138.428,138.469,138.41,138.466,1886.11
2023-05-19 11:35:00+00:00,138.466,138.468,138.389,138.416,2184.76
2023-05-19 11:40:00+00:00,138.416,138.422,138.396,138.41,2002.88
2023-05-19 11:45:00+00:00,138.41,138.484,138.407,138.482,2260.27
2023-05-19 11:50:00+00:00,138.482,138.484,138.446,138.458,1524.63
2023-05-19 11:55:00+00:00,138.458,138.466,138.405,138.406,1957.15
2023-05-19 12:00:00+00:00,138.406,138.45,138.365,138.37,2729.84
2023-05-19 12:05:00+00:00,138.369,138.389,138.352,138.368,1685.05
2023-05-19 12:10:00+00:00,138.369,138.395,138.358,138.375,1987.84
2023-05-19 12:15:00+00:00,138.374,138.377,138.33,138.361,2042.11
2023-05-19 12:20:00+00:00,138.363,138.368,138.311,138.32,2205.43
2023-05-19 12:25:00+00:00,138.321,138.326,138.273,138.292,2361.32
2023-05-19 12:30:00+00:00,138.293,138.327,138.272,138.272,2726.17
2023-05-19 12:35:00+00:00,138.271,138.275,138.193,138.262,2754.89
2023-05-19 12:40:00+00:00,138.261,138.432,138.261,138.405,3160.54
2023-05-19 12:45:00+00:00,138.405,138.538,138.372,138.53,3404.68
2023-05-19 12:50:00+00:00,138.526,138.571,138.49,138.551,3387.04
2023-05-19 12:55:00+00:00,138.551,138.577,138.513,138.551,3514.04
2023-05-19 13:00:00+00:00,138.554,138.62,138.531,138.552,3644.8
2023-05-19 13:05:00+00:00,138.551,138.619,138.547,138.572,3782.19
2023-05-19 13:10:00+00:00,138.571,138.634,138.561,138.625,3345.74
2023-05-19 13:15:00+00:00,138.626,138.655,138.599,138.605,3828.61
2023-05-19 13:20:00+00:00,138.605,138.607,138.552,138.559,2961.77
2023-05-19 13:25:00+00:00,138.559,138.57,138.514,138.563,2921.17
2023-05-19 13:30:00+00:00,138.565,138.613,138.555,138.598,3599.25
2023-05-19 13:35:00+00:00,138.597,138.642,138.582,138.597,2600.9
2023-05-19 13:40:00+00:00,138.597,138.652,138.575,138.575,3462.77
2023-05-19 13:45:00+00:00,138.576,138.632,138.518,138.624,3188.04
2023-05-19 13:50:00+00:00,138.624,138.627,138.565,138.572,3580.16
2023-05-19 13:55:00+00:00,138.572,138.578,138.538,138.542,2072.65
2023-05-19 14:00:00+00:00,138.541,138.57,138.517,138.57,2259.3
2023-05-19 14:05:00+00:00,138.571,138.631,138.569,138.616,2023.67
2023-05-19 14:10:00+00:00,138.617,138.618,138.566,138.569,2547.84
2023-05-19 14:15:00+00:00,138.569,138.585,138.529,138.567,1672.34
2023-05-19 14:20:00+00:00,138.567,138.569,138.482,138.519,2073.93
2023-05-19 14:25:00+00:00,138.519,138.54,138.414,138.424,2048.55
2023-05-19 14:30:00+00:00,138.425,138.473,138.424,138.472,1492.49
2023-05-19 14:35:00+00:00,138.472,138.483,138.435,138.444,1793.53
2023-05-19 14:40:00+00:00,138.445,138.534,138.435,138.533,1588.24
2023-05-19 14:45:00+00:00,138.532,138.589,138.507,138.53,2414.81
2023-05-19 14:50:00+00:00,138.531,138.572,138.513,138.541,2380.84
2023-05-19 14:55:00+00:00,138.541,138.569,138.488,138.51,2957.77
2023-05-19 15:00:00+00:00,138.511,138.546,138.454,138.54,2978.83
2023-05-19 15:05:00+00:00,138.54,138.545,138.289,138.44,5299.63
2023-05-19 15:10:00+00:00,138.441,138.444,137.92,137.992,7122.42
2023-05-19 15:15:00+00:00,137.992,137.997,137.509,137.599,5912.21
2023-05-19 15:20:00+00:00,137.595,137.744,137.502,137.641,5798.22
2023-05-19 15:25:00+00:00,137.644,137.831,137.56,137.642,7518.76
2023-05-19 15:30:00+00:00,137.641,137.727,137.51,137.541,6403.99
2023-05-19 15:35:00+00:00,137.541,137.61,137.423,137.52,8682.43
2023-05-19 15:40:00+00:00,137.521,137.588,137.462,137.548,8113.51
2023-05-19 15:45:00+00:00,137.55,137.713,137.548,137.712,6055.05
2023-05-19 15:50:00+00:00,137.713,137.763,137.65,137.69,6252.72
2023-05-19 15:55:00+00:00,137.691,137.788,137.66,137.68,6112.8
2023-05-19 16:00:00+00:00,137.679,137.695,137.61,137.664,5429.39
2023-05-19 16:05:00+00:00,137.665,137.73,137.621,137.724,4933.79
2023-05-19 16:10:00+00:00,137.727,137.782,137.685,137.763,4384.39
2023-05-19 16:15:00+00:00,137.763,137.881,137.747,137.851,3862.55
2023-05-19 16:20:00+00:00,137.858,137.879,137.789,137.839,2826.84
2023-05-19 16:25:00+00:00,137.84,137.867,137.8,137.856,3364.15
2023-05-19 16:30:00+00:00,137.855,137.884,137.81,137.811,3655.63
2023-05-19 16:35:00+00:00,137.811,137.818,137.781,137.799,2630.43
2023-05-19 16:40:00+00:00,137.799,137.867,137.791,137.849,1963.92
2023-05-19 16:45:00+00:00,137.849,137.864,137.817,137.854,1693.87
2023-05-19 16:50:00+00:00,137.854,137.854,137.83,137.837,1959.2
2023-05-19 16:55:00+00:00,137.836,137.839,137.732,137.79,2932.5
2023-05-19 17:00:00+00:00,137.789,137.893,137.789,137.893,1704.07
2023-05-19 17:05:00+00:00,137.886,137.906,137.851,137.86,1333.62
2023-05-19 17:10:00+00:00,137.859,137.895,137.845,137.893,1391.47
2023-05-19 17:15:00+00:00,137.894,137.933,137.893,137.905,1199.82
2023-05-19 17:20:00+00:00,137.904,137.925,137.878,137.906,1502.16
2023-05-19 17:25:00+00:00,137.907,137.908,137.868,137.874,1502.62
2023-05-19 17:30:00+00:00,137.875,137.885,137.814,137.829,1769.12
2023-05-19 17:35:00+00:00,137.829,137.85,137.806,137.847,1383.7
2023-05-19 17:40:00+00:00,137.845,137.858,137.819,137.821,1829.62
2023-05-19 17:45:00+00:00,137.82,137.84,137.792,137.805,1822.6
2023-05-19 17:50:00+00:00,137.805,137.831,137.787,137.821,1310.71
2023-05-19 17:55:00+00:00,137.823,137.845,137.789,137.799,862.24
2023-05-19 18:00:00+00:00,137.8,137.827,137.764,137.819,1874.81
2023-05-19 18:05:00+00:00,137.819,137.877,137.808,137.865,1074.34
2023-05-19 18:10:00+00:00,137.861,137.898,137.837,137.868,1127.33
2023-05-19 18:15:00+00:00,137.868,137.87,137.802,137.864,1592.8
2023-05-19 18:20:00+00:00,137.865,137.903,137.863,137.886,1468.12
2023-05-19 18:25:00+00:00,137.887,137.904,137.866,137.892,1663.64
2023-05-19 18:30:00+00:00,137.892,137.91,137.864,137.895,1825.92
2023-05-19 18:35:00+00:00,137.896,137.928,137.891,137.924,1599.45
2023-05-19 18:40:00+00:00,137.924,137.989,137.923,137.96,1778.93
2023-05-19 18:45:00+00:00,137.961,137.976,137.952,137.971,1135.95
2023-05-19 18:50:00+00:00,137.97,138.02,137.97,138.017,924.22
2023-05-19 18:55:00+00:00,138.02,138.088,138.02,138.073,2666.43
2023-05-19 19:00:00+00:00,138.069,138.086,138.053,138.073,987.85
2023-05-19 19:05:00+00:00,138.072,138.075,138.038,138.055,609.71
2023-05-19 19:10:00+00:00,138.056,138.087,138.054,138.086,560.32
2023-05-19 19:15:00+00:00,138.085,138.122,138.069,138.106,1052.9
2023-05-19 19:20:00+00:00,138.106,138.126,138.098,138.115,770.55
2023-05-19 19:25:00+00:00,138.115,138.117,138.099,138.102,769.2
2023-05-19 19:30:00+00:00,138.103,138.117,138.095,138.102,1080.35
2023-05-19 19:35:00+00:00,138.103,138.119,138.095,138.1,704.24
2023-05-19 19:40:00+00:00,138.099,138.127,138.095,138.111,583.8
2023-05-19 19:45:00+00:00,138.111,138.136,138.1,138.109,837.07
2023-05-19 19:50:00+00:00,138.107,138.108,138.063,138.063,899.02
2023-05-19 19:55:00+00:00,138.064,138.066,137.954,137.964,1857.71
2023-05-19 20:00:00+00:00,137.962,137.999,137.957,137.978,1627.44
2023-05-19 20:05:00+00:00,137.978,137.978,137.929,137.948,777.3
2023-05-19 20:10:00+00:00,137.948,137.959,137.931,137.951,583.65
2023-05-19 20:15:00+00:00,137.952,137.964,137.935,137.938,512.5
2023-05-19 20:20:00+00:00,137.938,137.949,137.901,137.922,526.54
2023-05-19 20:25:00+00:00,137.921,137.924,137.891,137.92,453.6
2023-05-19 20:30:00+00:00,137.919,137.933,137.892,137.926,562.39
2023-05-19 20:35:00+00:00,137.929,137.948,137.927,137.941,309.6
2023-05-19 20:40:00+00:00,137.94,137.96,137.926,137.958,340.41
2023-05-19 20:45:00+00:00,137.955,137.985,137.954,137.977,379.5
2023-05-19 20:50:00+00:00,137.978,137.979,137.949,137.964,902.18
2023-05-19 20:55:00+00:00,137.964,137.977,137.835,137.847,744.36
2023-05-21 21:00:00+00:00,137.963,138.002,137.962,137.971,32.45
2023-05-21 21:05:00+00:00,137.971,137.976,137.967,137.969,19.29
2023-05-21 21:10:00+00:00,137.978,137.987,137.973,137.982,12.86
2023-05-21 21:15:00+00:00,137.992,138.002,137.975,137.993,30.76
2023-05-21 21:20:00+00:00,137.993,137.993,137.99,137.991,3.6
2023-05-21 21:25:00+00:00,137.991,137.991,137.988,137.989,4.8
2023-05-21 21:30:00+00:00,137.989,137.989,137.988,137.989,38.56
2023-05-21 21:35:00+00:00,137.979,137.984,137.979,137.979,7.52
2023-05-21 21:40:00+00:00,137.979,137.979,137.976,137.976,3.72
2023-05-21 21:45:00+00:00,137.987,137.99,137.973,137.977,70.83
2023-05-21 21:50:00+00:00,137.977,137.977,137.974,137.977,73.94
2023-05-21 21:55:00+00:00,137.975,137.982,137.975,137.977,35.97
2023-05-21 22:00:00+00:00,137.982,137.986,137.823,137.893,659.29
2023-05-21 22:05:00+00:00,137.894,137.894,137.856,137.86,595.95
2023-05-21 22:10:00+00:00,137.859,137.867,137.837,137.862,675.37
2023-05-21 22:15:00+00:00,137.861,137.864,137.817,137.828,841.58
2023-05-21 22:20:00+00:00,137.828,137.845,137.74,137.753,1366.69
2023-05-21 22:25:00+00:00,137.756,137.771,137.731,137.751,767.82
2023-05-21 22:30:00+00:00,137.751,137.755,137.671,137.691,1225.21
2023-05-21 22:35:00+00:00,137.69,137.738,137.69,137.701,931.17
2023-05-21 22:40:00+00:00,137.7,137.738,137.699,137.738,919.53
2023-05-21 22:45:00+00:00,137.739,137.739,137.69,137.703,735.92
2023-05-21 22:50:00+00:00,137.699,137.721,137.671,137.673,661.95
2023-05-21 22:55:00+00:00,137.673,137.694,137.662,137.683,691.81
2023-05-21 23:00:00+00:00,137.684,137.685,137.65,137.651,3032.15
2023-05-21 23:05:00+00:00,137.651,137.652,137.608,137.609,1543.48
2023-05-21 23:10:00+00:00,137.611,137.623,137.573,137.578,500.62
2023-05-21 23:15:00+00:00,137.588,137.648,137.588,137.629,404.7
2023-05-21 23:20:00+00:00,137.629,137.648,137.629,137.637,586.5
2023-05-21 23:25:00+00:00,137.637,137.668,137.634,137.656,501.65
2023-05-21 23:30:00+00:00,137.657,137.704,137.656,137.7,735.97
2023-05-21 23:35:00+00:00,137.7,137.7,137.679,137.681,678.26
2023-05-21 23:40:00+00:00,137.681,137.753,137.679,137.731,911.36
2023-05-21 23:45:00+00:00,137.73,137.73,137.701,137.713,782.51
2023-05-21 23:50:00+00:00,137.714,137.748,137.714,137.742,833.94
2023-05-21 23:55:00+00:00,137.744,137.746,137.688,137.693,649.71
2023-05-22 00:00:00+00:00,137.693,137.741,137.613,137.732,3031.72
2023-05-22 00:05:00+00:00,137.731,137.798,137.688,137.794,2573.43
2023-05-22 00:10:00+00:00,137.793,137.838,137.786,137.825,2980.55
2023-05-22 00:15:00+00:00,137.826,137.833,137.777,137.79,2937.28
2023-05-22 00:20:00+00:00,137.79,137.799,137.753,137.775,2399.84
2023-05-22 00:25:00+00:00,137.776,137.813,137.748,137.805,2436.08
2023-05-22 00:30:00+00:00,137.805,137.845,137.804,137.824,1429.22
2023-05-22 00:35:00+00:00,137.826,137.826,137.755,137.761,2093.34
2023-05-22 00:40:00+00:00,137.762,137.762,137.691,137.721,1899.83
2023-05-22 00:45:00+00:00,137.722,137.759,137.689,137.757,1166.12
2023-05-22 00:50:00+00:00,137.756,137.789,137.678,137.679,2342.91
2023-05-22 00:55:00+00:00,137.683,137.684,137.633,137.675,3990.36
2023-05-22 01:00:00+00:00,137.675,137.675,137.505,137.505,3787.36
2023-05-22 01:05:00+00:00,137.506,137.563,137.505,137.544,2313.98
2023-05-22 01:10:00+00:00,137.545,137.588,137.528,137.572,1675.29
2023-05-22 01:15:00+00:00,137.572,137.621,137.569,137.619,1509.45
2023-05-22 01:20:00+00:00,137.617,137.64,137.571,137.597,2420.54
2023-05-22 01:25:00+00:00,137.596,137.608,137.548,137.571,2653.26
2023-05-22 01:30:00+00:00,137.572,137.617,137.571,137.616,2242.91
2023-05-22 01:35:00+00:00,137.617,137.628,137.576,137.627,2436.19
2023-05-22 01:40:00+00:00,137.626,137.667,137.622,137.646,1776.68
2023-05-22 01:45:00+00:00,137.645,137.645,137.561,137.568,2127.61
2023-05-22 01:50:00+00:00,137.568,137.586,137.495,137.531,2115.36
2023-05-22 01:55:00+00:00,137.527,137.552,137.492,137.533,1722.47
2023-05-22 02:00:00+00:00,137.534,137.6,137.534,137.589,1848.57
2023-05-22 02:05:00+00:00,137.59,137.596,137.538,137.571,2021.48
2023-05-22 02:10:00+00:00,137.57,137.599,137.561,137.59,1327.75
2023-05-22 02:15:00+00:00,137.59,137.591,137.547,137.569,2192.43
2023-05-22 02:20:00+00:00,137.57,137.585,137.544,137.564,1243.56
2023-05-22 02:25:00+00:00,137.564,137.58,137.552,137.563,1614.46
2023-05-22 02:30:00+00:00,137.563,137.621,137.561,137.612,1279.75
2023-05-22 02:35:00+00:00,137.611,137.685,137.61,137.668,1058.4
2023-05-22 02:40:00+00:00,137.668,137.714,137.653,137.712,1704.84
2023-05-22 02:45:00+00:00,137.712,137.716,137.661,137.674,2271.1
2023-05-22 02:50:00+00:00,137.675,137.675,137.65,137.651,1524.63
2023-05-22 02:55:00+00:00,137.653,137.654,137.628,137.63,1725.34
2023-05-22 03:00:00+00:00,137.629,137.655,137.62,137.647,1119.04
2023-05-22 03:05:00+00:00,137.647,137.673,137.642,137.646,1861.62
2023-05-22 03:10:00+00:00,137.645,137.695,137.643,137.665,1576.86
2023-05-22 03:15:00+00:00,137.665,137.68,137.659,137.665,1013.3
2023-05-22 03:20:00+00:00,137.665,137.67,137.661,137.665,569.1
2023-05-22 03:25:00+00:00,137.665,137.695,137.652,137.693,1059.39
2023-05-22 03:30:00+00:00,137.693,137.693,137.657,137.659,1249.57
2023-05-22 03:35:00+00:00,137.657,137.669,137.61,137.633,1213.57
2023-05-22 03:40:00+00:00,137.634,137.639,137.61,137.636,1081.5
2023-05-22 03:45:00+00:00,137.637,137.664,137.635,137.647,2180.2
2023-05-22 03:50:00+00:00,137.648,137.685,137.642,137.674,1437.0
2023-05-22 03:55:00+00:00,137.675,137.705,137.673,137.695,999.45
2023-05-22 04:00:00+00:00,137.696,137.704,137.663,137.666,1140.68
2023-05-22 04:05:00+00:00,137.665,137.697,137.664,137.693,1392.82
2023-05-22 04:10:00+00:00,137.692,137.694,137.644,137.647,1056.13
2023-05-22 04:15:00+00:00,137.646,137.669,137.645,137.663,827.32
2023-05-22 04:20:00+00:00,137.664,137.666,137.646,137.664,636.58
2023-05-22 04:25:00+00:00,137.664,137.689,137.663,137.666,920.7
2023-05-22 04:30:00+00:00,137.666,137.683,137.665,137.669,932.62
2023-05-22 04:35:00+00:00,137.669,137.712,137.669,137.712,506.79
2023-05-22 04:40:00+00:00,137.713,137.713,137.691,137.708,1012.45
2023-05-22 04:45:00+00:00,137.709,137.749,137.708,137.727,2322.27
2023-05-22 04:50:00+00:00,137.729,137.788,137.727,137.776,2045.53
2023-05-22 04:55:00+00:00,137.777,137.806,137.769,137.789,1486.14
2023-05-22 05:00:00+00:00,137.788,137.82,137.78,137.811,1856.06
2023-05-22 05:05:00+00:00,137.811,137.825,137.8,137.806,1370.46
2023-05-22 05:10:00+00:00,137.806,137.813,137.768,137.788,1687.0
2023-05-22 05:15:00+00:00,137.789,137.823,137.762,137.767,2112.69
2023-05-22 05:20:00+00:00,137.767,137.839,137.763,137.839,1981.62
2023-05-22 05:25:00+00:00,137.838,137.864,137.807,137.86,2062.18
2023-05-22 05:30:00+00:00,137.862,137.905,137.861,137.889,2357.07
2023-05-22 05:35:00+00:00,137.888,137.922,137.872,137.902,2504.1
2023-05-22 05:40:00+00:00,137.902,137.926,137.893,137.899,3214.31
2023-05-22 05:45:00+00:00,137.898,137.951,137.895,137.948,2255.47
2023-05-22 05:50:00+00:00,137.948,137.954,137.908,137.914,2201.11
2023-05-22 05:55:00+00:00,137.913,137.984,137.906,137.982,3319.58
2023-05-22 06:00:00+00:00,137.983,137.987,137.948,137.98,3326.52
2023-05-22 06:05:00+00:00,137.979,138.033,137.977,138.024,2576.08
2023-05-22 06:10:00+00:00,138.024,138.042,137.974,137.989,2366.04
2023-05-22 06:15:00+00:00,137.99,138.005,137.957,137.964,2740.9
2023-05-22 06:20:00+00:00,137.964,137.966,137.834,137.873,3295.79
2023-05-22 06:25:00+00:00,137.874,137.9,137.849,137.875,3181.67
2023-05-22 06:30:00+00:00,137.876,137.892,137.849,137.871,2977.92
2023-05-22 06:35:00+00:00,137.873,137.909,137.86,137.884,2248.19
2023-05-22 06:40:00+00:00,137.883,137.898,137.871,137.874,2052.58
2023-05-22 06:45:00+00:00,137.876,137.878,137.806,137.827,2766.93
2023-05-22 06:50:00+00:00,137.828,137.861,137.823,137.846,2358.92
2023-05-22 06:55:00+00:00,137.847,137.862,137.827,137.839,2377.95
2023-05-22 07:00:00+00:00,137.838,137.914,137.82,137.885,3695.49
2023-05-22 07:05:00+00:00,137.886,137.888,137.77,137.799,3192.25
2023-05-22 07:10:00+00:00,137.8,137.929,137.778,137.927,2766.91
2023-05-22 07:15:00+00:00,137.929,137.935,137.877,137.878,3426.11
2023-05-22 07:20:00+00:00,137.878,137.882,137.844,137.857,2928.24
2023-05-22 07:25:00+00:00,137.856,137.925,137.845,137.924,2925.73
2023-05-22 07:30:00+00:00,137.924,137.927,137.863,137.876,5045.33
2023-05-22 07:35:00+00:00,137.877,137.964,137.872,137.951,3474.56
2023-05-22 07:40:00+00:00,137.951,137.951,137.843,137.865,3429.32
2023-05-22 07:45:00+00:00,137.866,137.875,137.819,137.85,3185.99
2023-05-22 07:50:00+00:00,137.852,137.856,137.812,137.843,2536.86
2023-05-22 07:55:00+00:00,137.843,137.845,137.8,137.829,2454.03
2023-05-22 08:00:00+00:00,137.829,137.887,137.82,137.857,2654.25
2023-05-22 08:05:00+00:00,137.859,137.878,137.839,137.853,2191.21
2023-05-22 08:10:00+00:00,137.852,137.934,137.838,137.887,2457.54
2023-05-22 08:15:00+00:00,137.886,137.899,137.864,137.864,2659.29
2023-05-22 08:20:00+00:00,137.864,137.912,137.863,137.907,2210.67
2023-05-22 08:25:00+00:00,137.909,137.983,137.908,137.968,2762.06
2023-05-22 08:30:00+00:00,137.969,137.995,137.937,137.941,1822.66
2023-05-22 08:35:00+00:00,137.94,137.963,137.894,137.905,2044.5
2023-05-22 08:40:00+00:00,137.905,137.932,137.834,137.84,2169.46
2023-05-22 08:45:00+00:00,137.841,137.874,137.839,137.867,1963.41
2023-05-22 08:50:00+00:00,137.867,137.886,137.847,137.85,1954.79
2023-05-22 08:55:00+00:00,137.851,137.86,137.801,137.831,2311.44
2023-05-22 09:00:00+00:00,137.835,137.848,137.802,137.816,1615.17
2023-05-22 09:05:00+00:00,137.817,137.829,137.805,137.819,1961.11
2023-05-22 09:10:00+00:00,137.817,137.832,137.802,137.824,1622.24
2023-05-22 09:15:00+00:00,137.825,137.839,137.799,137.823,2016.69
2023-05-22 09:20:00+00:00,137.822,137.847,137.808,137.846,2149.83
2023-05-22 09:25:00+00:00,137.845,137.847,137.805,137.808,2352.65
2023-05-22 09:30:00+00:00,137.808,137.856,137.808,137.821,2111.87
2023-05-22 09:35:00+00:00,137.823,137.866,137.823,137.858,1636.8
2023-05-22 09:40:00+00:00,137.855,137.922,137.855,137.895,2126.35
2023-05-22 09:45:00+00:00,137.894,137.912,137.87,137.897,1800.5
2023-05-22 09:50:00+00:00,137.897,137.921,137.893,137.909,1871.53
2023-05-22 09:55:00+00:00,137.911,137.921,137.894,137.897,2187.38
2023-05-22 10:00:00+00:00,137.896,137.91,137.877,137.891,1903.78
2023-05-22 10:05:00+00:00,137.893,137.91,137.87,137.903,2313.39
2023-05-22 10:10:00+00:00,137.904,137.923,137.865,137.916,2106.69
2023-05-22 10:15:00+00:00,137.917,137.931,137.881,137.931,2369.38
2023-05-22 10:20:00+00:00,137.927,137.953,137.919,137.931,2080.3
2023-05-22 10:25:00+00:00,137.931,137.931,137.886,137.886,1644.97
2023-05-22 10:30:00+00:00,137.888,137.942,137.886,137.942,2140.56
2023-05-22 10:35:00+00:00,137.942,137.951,137.905,137.914,1997.36
2023-05-22 10:40:00+00:00,137.912,137.96,137.909,137.956,2369.99
2023-05-22 10:45:00+00:00,137.956,137.972,137.947,137.96,1492.95
2023-05-22 10:50:00+00:00,137.964,137.976,137.931,137.953,1921.36
2023-05-22 10:55:00+00:00,137.954,137.996,137.952,137.97,1943.61
2023-05-22 11:00:00+00:00,137.969,137.994,137.963,137.97,2116.05
2023-05-22 11:05:00+00:00,137.97,137.996,137.951,137.993,1869.07
2023-05-22 11:10:00+00:00,137.994,138.105,137.992,138.048,2976.2
2023-05-22 11:15:00+00:00,138.047,138.055,137.997,138.031,1914.0
2023-05-22 11:20:00+00:00,138.032,138.067,138.021,138.056,1382.62
2023-05-22 11:25:00+00:00,138.055,138.061,138.024,138.057,1439.5
2023-05-22 11:30:00+00:00,138.057,138.226,138.054,138.197,3282.44
2023-05-22 11:35:00+00:00,138.197,138.281,138.197,138.226,2969.41
2023-05-22 11:40:00+00:00,138.225,138.346,138.215,138.298,3460.0
2023-05-22 11:45:00+00:00,138.298,138.31,138.261,138.278,2448.48
2023-05-22 11:50:00+00:00,138.278,138.282,138.248,138.268,2861.18
2023-05-22 11:55:00+00:00,138.269,138.277,138.218,138.235,2350.15
2023-05-22 12:00:00+00:00,138.236,138.267,138.221,138.26,1929.59
2023-05-22 12:05:00+00:00,138.261,138.296,138.256,138.277,2287.45
2023-05-22 12:10:00+00:00,138.277,138.341,138.274,138.325,2092.21
2023-05-22 12:15:00+00:00,138.327,138.328,138.26,138.27,2473.85
2023-05-22 12:20:00+00:00,138.272,138.329,138.261,138.268,2730.94
2023-05-22 12:25:00+00:00,138.268,138.27,138.224,138.24,2246.17
2023-05-22 12:30:00+00:00,138.24,138.255,138.194,138.241,2192.73
2023-05-22 12:35:00+00:00,138.241,138.303,138.214,138.283,2954.86
2023-05-22 12:40:00+00:00,138.286,138.429,138.275,138.418,3712.81
2023-05-22 12:45:00+00:00,138.418,138.486,138.404,138.481,4410.89
2023-05-22 12:50:00+00:00,138.481,138.493,138.391,138.399,4098.03
2023-05-22 12:55:00+00:00,138.401,138.436,138.396,138.419,2751.29
2023-05-22 13:00:00+00:00,138.418,138.464,138.393,138.405,2823.69
2023-05-22 13:05:00+00:00,138.404,138.457,138.403,138.411,2766.68
2023-05-22 13:10:00+00:00,138.411,138.426,138.384,138.405,2786.41
2023-05-22 13:15:00+00:00,138.405,138.463,138.374,138.462,2661.03
2023-05-22 13:20:00+00:00,138.463,138.511,138.448,138.483,2706.65
2023-05-22 13:25:00+00:00,138.481,138.49,138.426,138.466,3028.91
2023-05-22 13:30:00+00:00,138.466,138.491,138.417,138.439,4191.37
2023-05-22 13:35:00+00:00,138.44,138.513,138.398,138.47,3553.35
2023-05-22 13:40:00+00:00,138.469,138.495,138.447,138.481,3237.08
2023-05-22 13:45:00+00:00,138.481,138.548,138.448,138.536,3824.31
2023-05-22 13:50:00+00:00,138.537,138.663,138.526,138.64,3574.07
2023-05-22 13:55:00+00:00,138.64,138.663,138.582,138.592,4086.27
2023-05-22 14:00:00+00:00,138.587,138.624,138.534,138.545,3609.59
2023-05-22 14:05:00+00:00,138.546,138.555,137.986,138.17,6726.29
2023-05-22 14:10:00+00:00,138.169,138.421,138.169,138.39,7237.29
2023-05-22 14:15:00+00:00,138.389,138.483,138.328,138.464,5174.13
2023-05-22 14:20:00+00:00,138.464,138.528,138.416,138.51,4199.65
2023-05-22 14:25:00+00:00,138.507,138.594,138.404,138.539,4578.05
2023-05-22 14:30:00+00:00,138.543,138.545,138.442,138.457,4052.01
2023-05-22 14:35:00+00:00,138.459,138.501,138.44,138.485,3239.68
2023-05-22 14:40:00+00:00,138.485,138.51,138.442,138.457,3240.98
2023-05-22 14:45:00+00:00,138.457,138.489,138.433,138.488,4205.95
2023-05-22 14:50:00+00:00,138.49,138.541,138.486,138.514,3448.94
2023-05-22 14:55:00+00:00,138.516,138.598,138.511,138.597,3705.22
2023-05-22 15:00:00+00:00,138.598,138.604,138.526,138.553,3794.09
2023-05-22 15:05:00+00:00,138.551,138.598,138.531,138.564,2566.68
2023-05-22 15:10:00+00:00,138.564,138.628,138.551,138.614,2280.58
2023-05-22 15:15:00+00:00,138.614,138.626,138.585,138.586,1882.63
2023-05-22 15:20:00+00:00,138.584,138.584,138.49,138.529,2901.99
2023-05-22 15:25:00+00:00,138.53,138.545,138.513,138.52,2676.53
2023-05-22 15:30:00+00:00,138.521,138.568,138.499,138.561,2160.98
2023-05-22 15:35:00+00:00,138.56,138.572,138.538,138.569,1821.22
2023-05-22 15:40:00+00:00,138.569,138.665,138.561,138.646,2324.09
2023-05-22 15:45:00+00:00,138.647,138.652,138.6,138.626,2077.24
2023-05-22 15:50:00+00:00,138.621,138.633,138.584,138.617,1669.89
2023-05-22 15:55:00+00:00,138.618,138.662,138.607,138.658,1773.72
2023-05-22 16:00:00+00:00,138.657,138.685,138.636,138.654,2555.27
2023-05-22 16:05:00+00:00,138.654,138.656,138.598,138.606,1664.78
2023-05-22 16:10:00+00:00,138.606,138.645,138.605,138.638,1393.64
2023-05-22 16:15:00+00:00,138.636,138.646,138.557,138.566,1981.13
2023-05-22 16:20:00+00:00,138.561,138.565,138.501,138.518,2093.52
2023-05-22 16:25:00+00:00,138.519,138.52,138.459,138.46,1400.7
2023-05-22 16:30:00+00:00,138.459,138.48,138.431,138.466,1634.91
2023-05-22 16:35:00+00:00,138.467,138.528,138.466,138.515,1391.97
2023-05-22 16:40:00+00:00,138.515,138.52,138.5,138.507,1143.52
2023-05-22 16:45:00+00:00,138.508,138.528,138.504,138.517,1406.81
2023-05-22 16:50:00+00:00,138.516,138.527,138.478,138.526,1147.07
2023-05-22 16:55:00+00:00,138.527,138.566,138.527,138.547,1201.79
2023-05-22 17:00:00+00:00,138.549,138.564,138.497,138.507,1929.66
2023-05-22 17:05:00+00:00,138.507,138.548,138.501,138.516,1106.1
2023-05-22 17:10:00+00:00,138.521,138.541,138.319,138.326,1804.56
2023-05-22 17:15:00+00:00,138.323,138.452,138.263,138.452,3733.91
2023-05-22 17:20:00+00:00,138.451,138.523,138.401,138.513,2551.28
2023-05-22 17:25:00+00:00,138.511,138.523,138.473,138.5,2014.22
2023-05-22 17:30:00+00:00,138.5,138.519,138.479,138.509,2261.06
2023-05-22 17:35:00+00:00,138.509,138.54,138.499,138.524,2211.49
2023-05-22 17:40:00+00:00,138.527,138.544,138.508,138.527,2061.85
2023-05-22 17:45:00+00:00,138.526,138.536,138.502,138.516,2021.55
2023-05-22 17:50:00+00:00,138.515,138.515,138.449,138.458,2363.98
2023-05-22 17:55:00+00:00,138.458,138.459,138.403,138.457,2218.14
2023-05-22 18:00:00+00:00,138.457,138.462,138.424,138.432,1615.09
2023-05-22 18:05:00+00:00,138.434,138.467,138.411,138.467,1157.58
2023-05-22 18:10:00+00:00,138.465,138.473,138.397,138.397,1249.62
2023-05-22 18:15:00+00:00,138.394,138.476,138.393,138.473,959.58
2023-05-22 18:20:00+00:00,138.473,138.475,138.441,138.443,1007.57
2023-05-22 18:25:00+00:00,138.442,138.501,138.44,138.49,1438.8
2023-05-22 18:30:00+00:00,138.489,138.538,138.477,138.518,843.09
2023-05-22 18:35:00+00:00,138.517,138.518,138.495,138.508,779.74
2023-05-22 18:40:00+00:00,138.508,138.536,138.506,138.515,1098.5
2023-05-22 18:45:00+00:00,138.523,138.593,138.523,138.563,2557.16
2023-05-22 18:50:00+00:00,138.563,138.576,138.561,138.565,2107.45
2023-05-22 18:55:00+00:00,138.566,138.568,138.542,138.555,2960.95
2023-05-22 19:00:00+00:00,138.556,138.564,138.52,138.522,2190.63
2023-05-22 19:05:00+00:00,138.524,138.535,138.511,138.517,871.42
2023-05-22 19:10:00+00:00,138.518,138.537,138.484,138.487,1095.8
2023-05-22 19:15:00+00:00,138.494,138.536,138.465,138.535,1465.67
2023-05-22 19:20:00+00:00,138.535,138.536,138.491,138.507,1118.77
2023-05-22 19:25:00+00:00,138.507,138.516,138.48,138.514,1308.54
2023-05-22 19:30:00+00:00,138.514,138.514,138.473,138.478,1266.22
2023-05-22 19:35:00+00:00,138.479,138.512,138.477,138.511,869.02
2023-05-22 19:40:00+00:00,138.51,138.52,138.482,138.519,1070.25
2023-05-22 19:45:00+00:00,138.518,138.522,138.495,138.499,863.67
2023-05-22 19:50:00+00:00,138.501,138.526,138.493,138.521,1146.0
2023-05-22 19:55:00+00:00,138.521,138.602,138.521,138.581,2053.56
2023-05-22 20:00:00+00:00,138.582,138.63,138.582,138.612,1234.66
2023-05-22 20:05:00+00:00,138.613,138.613,138.565,138.578,1231.84
2023-05-22 20:10:00+00:00,138.578,138.591,138.551,138.566,1023.93
2023-05-22 20:15:00+00:00,138.567,138.568,138.541,138.55,692.2
2023-05-22 20:20:00+00:00,138.548,138.57,138.547,138.561,509.15
2023-05-22 20:25:00+00:00,138.561,138.595,138.56,138.58,657.15
2023-05-22 20:30:00+00:00,138.579,138.584,138.566,138.579,343.42
2023-05-22 20:35:00+00:00,138.578,138.59,138.577,138.585,398.4
2023-05-22 20:40:00+00:00,138.586,138.596,138.576,138.582,298.1
2023-05-22 20:45:00+00:00,138.583,138.585,138.573,138.574,276.9
2023-05-22 20:50:00+00:00,138.574,138.59,138.572,138.589,772.35
2023-05-22 20:55:00+00:00,138.591,138.597,138.582,138.586,130.5
2023-05-22 21:00:00+00:00,138.584,138.584,138.576,138.576,8.85
2023-05-22 21:05:00+00:00,138.576,138.588,138.575,138.584,1018.5
2023-05-22 21:10:00+00:00,138.585,138.587,138.566,138.57,1342.2
2023-05-22 21:15:00+00:00,138.57,138.57,138.563,138.567,806.68
2023-05-22 21:20:00+00:00,138.567,138.567,138.548,138.55,999.24
2023-05-22 21:25:00+00:00,138.551,138.553,138.55,138.551,607.2
2023-05-22 21:30:00+00:00,138.551,138.553,138.546,138.547,69.27
2023-05-22 21:35:00+00:00,138.547,138.548,138.545,138.547,21.0
2023-05-22 21:40:00+00:00,138.548,138.57,138.547,138.562,105.91
2023-05-22 21:45:00+00:00,138.564,138.569,138.551,138.56,284.03
2023-05-22 21:50:00+00:00,138.56,138.563,138.555,138.563,84.06
2023-05-22 21:55:00+00:00,138.561,138.573,138.55,138.562,121.55
2023-05-22 22:00:00+00:00,138.556,138.581,138.538,138.556,1705.81
2023-05-22 22:05:00+00:00,138.557,138.578,138.554,138.571,7253.54
2023-05-22 22:10:00+00:00,138.571,138.578,138.542,138.573,2514.54
2023-05-22 22:15:00+00:00,138.574,138.582,138.534,138.574,2562.28
2023-05-22 22:20:00+00:00,138.573,138.573,138.541,138.545,596.69
2023-05-22 22:25:00+00:00,138.543,138.566,138.526,138.563,573.26
2023-05-22 22:30:00+00:00,138.563,138.571,138.523,138.564,813.9
2023-05-22 22:35:00+00:00,138.567,138.567,138.531,138.564,684.45
2023-05-22 22:40:00+00:00,138.565,138.576,138.558,138.576,322.5
2023-05-22 22:45:00+00:00,138.577,138.577,138.544,138.546,163.4
2023-05-22 22:50:00+00:00,138.547,138.573,138.538,138.549,878.25
2023-05-22 22:55:00+00:00,138.55,138.567,138.542,138.544,742.2
2023-05-22 23:00:00+00:00,138.543,138.557,138.509,138.553,2706.3
2023-05-22 23:05:00+00:00,138.553,138.594,138.553,138.577,1685.37
2023-05-22 23:10:00+00:00,138.578,138.611,138.563,138.61,1061.66
2023-05-22 23:15:00+00:00,138.613,138.64,138.604,138.635,194.8
2023-05-22 23:20:00+00:00,138.636,138.665,138.624,138.651,643.97
2023-05-22 23:25:00+00:00,138.652,138.693,138.644,138.689,236.7
2023-05-22 23:30:00+00:00,138.69,138.797,138.688,138.74,1187.34
2023-05-22 23:35:00+00:00,138.739,138.774,138.716,138.741,964.79
2023-05-22 23:40:00+00:00,138.741,138.741,138.687,138.69,1225.3
2023-05-22 23:45:00+00:00,138.69,138.701,138.669,138.685,699.87
2023-05-22 23:50:00+00:00,138.685,138.69,138.639,138.661,1051.32
2023-05-22 23:55:00+00:00,138.662,138.683,138.66,138.663,820.79
2023-05-23 00:00:00+00:00,138.663,138.67,138.548,138.582,3229.51
2023-05-23 00:05:00+00:00,138.581,138.602,138.556,138.598,2014.12
2023-05-23 00:10:00+00:00,138.598,138.604,138.549,138.558,1613.38
2023-05-23 00:15:00+00:00,138.558,138.582,138.498,138.501,1677.5
2023-05-23 00:20:00+00:00,138.499,138.502,138.458,138.494,2631.38
2023-05-23 00:25:00+00:00,138.495,138.537,138.476,138.512,3332.54
2023-05-23 00:30:00+00:00,138.511,138.542,138.472,138.492,3201.37
2023-05-23 00:35:00+00:00,138.493,138.515,138.469,138.494,1065.52
2023-05-23 00:40:00+00:00,138.494,138.502,138.461,138.498,1752.94
2023-05-23 00:45:00+00:00,138.498,138.532,138.471,138.486,1317.96
2023-05-23 00:50:00+00:00,138.485,138.503,138.423,138.437,2311.5
2023-05-23 00:55:00+00:00,138.44,138.551,138.429,138.54,2651.83
2023-05-23 01:00:00+00:00,138.539,138.611,138.519,138.589,2508.17
2023-05-23 01:05:00+00:00,138.59,138.619,138.574,138.619,2837.27
2023-05-23 01:10:00+00:00,138.617,138.671,138.614,138.62,3098.05
2023-05-23 01:15:00+00:00,138.619,138.657,138.619,138.654,3257.58
2023-05-23 01:20:00+00:00,138.654,138.654,138.57,138.604,2565.36
2023-05-23 01:25:00+00:00,138.603,138.64,138.601,138.633,2043.34
2023-05-23 01:30:00+00:00,138.634,138.657,138.622,138.649,2379.28
2023-05-23 01:35:00+00:00,138.65,138.669,138.63,138.66,1620.27
2023-05-23 01:40:00+00:00,138.661,138.673,138.64,138.651,1295.42
2023-05-23 01:45:00+00:00,138.658,138.727,138.656,138.715,1847.04
2023-05-23 01:50:00+00:00,138.714,138.74,138.708,138.734,2100.83
2023-05-23 01:55:00+00:00,138.735,138.837,138.727,138.811,2803.54
2023-05-23 02:00:00+00:00,138.811,138.816,138.756,138.799,1908.2
2023-05-23 02:05:00+00:00,138.798,138.844,138.794,138.817,2052.61
2023-05-23 02:10:00+00:00,138.817,138.875,138.806,138.823,1642.65
2023-05-23 02:15:00+00:00,138.821,138.852,138.811,138.852,1529.93
2023-05-23 02:20:00+00:00,138.852,138.866,138.827,138.834,1433.89
2023-05-23 02:25:00+00:00,138.838,138.842,138.758,138.803,1358.12
2023-05-23 02:30:00+00:00,138.802,138.83,138.801,138.804,1766.62
2023-05-23 02:35:00+00:00,138.805,138.808,138.747,138.801,2558.41
2023-05-23 02:40:00+00:00,138.801,138.801,138.74,138.747,2092.99
2023-05-23 02:45:00+00:00,138.747,138.766,138.699,138.718,1374.11
2023-05-23 02:50:00+00:00,138.718,138.751,138.716,138.723,1087.34
2023-05-23 02:55:00+00:00,138.724,138.724,138.7,138.704,929.95
2023-05-23 03:00:00+00:00,138.705,138.75,138.704,138.746,973.49
2023-05-23 03:05:00+00:00,138.748,138.786,138.748,138.773,1149.75
2023-05-23 03:10:00+00:00,138.778,138.791,138.762,138.79,1714.84
2023-05-23 03:15:00+00:00,138.792,138.802,138.765,138.773,1687.26
2023-05-23 03:20:00+00:00,138.774,138.777,138.757,138.761,1360.92
2023-05-23 03:25:00+00:00,138.761,138.784,138.757,138.773,1057.71
2023-05-23 03:30:00+00:00,138.773,138.782,138.744,138.763,1374.32
2023-05-23 03:35:00+00:00,138.764,138.782,138.697,138.699,1052.12
2023-05-23 03:40:00+00:00,138.702,138.716,138.503,138.517,2345.1
2023-05-23 03:45:00+00:00,138.515,138.574,138.478,138.564,3039.1
2023-05-23 03:50:00+00:00,138.564,138.62,138.562,138.594,1683.94
2023-05-23 03:55:00+00:00,138.594,138.638,138.571,138.624,1645.02
2023-05-23 04:00:00+00:00,138.624,138.625,138.521,138.524,3070.99
2023-05-23 04:05:00+00:00,138.526,138.565,138.524,138.541,1874.14
2023-05-23 04:10:00+00:00,138.539,138.583,138.489,138.554,2580.05
2023-05-23 04:15:00+00:00,138.553,138.584,138.531,138.543,2560.87
2023-05-23 04:20:00+00:00,138.543,138.585,138.54,138.548,1755.82
2023-05-23 04:25:00+00:00,138.548,138.577,138.525,138.573,1813.41
2023-05-23 04:30:00+00:00,138.572,138.576,138.548,138.553,2158.8
2023-05-23 04:35:00+00:00,138.554,138.559,138.455,138.491,2501.8
2023-05-23 04:40:00+00:00,138.492,138.519,138.485,138.488,1098.72
2023-05-23 04:45:00+00:00,138.486,138.5,138.409,138.437,2478.06
2023-05-23 04:50:00+00:00,138.438,138.439,138.35,138.381,3143.0
2023-05-23 04:55:00+00:00,138.38,138.433,138.374,138.413,2729.7
2023-05-23 05:00:00+00:00,138.413,138.459,138.393,138.454,2796.17
2023-05-23 05:05:00+00:00,138.453,138.478,138.446,138.454,2119.12
2023-05-23 05:10:00+00:00,138.454,138.5,138.451,138.489,1668.15
2023-05-23 05:15:00+00:00,138.489,138.518,138.48,138.509,1299.93
2023-05-23 05:20:00+00:00,138.51,138.511,138.461,138.461,2043.23
2023-05-23 05:25:00+00:00,138.463,138.527,138.451,138.501,1888.55
2023-05-23 05:30:00+00:00,138.504,138.575,138.498,138.556,2128.89
2023-05-23 05:35:00+00:00,138.557,138.624,138.552,138.612,1711.92
2023-05-23 05:40:00+00:00,138.612,138.612,138.55,138.559,2040.31
2023-05-23 05:45:00+00:00,138.561,138.592,138.557,138.588,1157.14
2023-05-23 05:50:00+00:00,138.588,138.589,138.557,138.583,1301.45
2023-05-23 05:55:00+00:00,138.584,138.622,138.542,138.582,2206.53
2023-05-23 06:00:00+00:00,138.583,138.642,138.563,138.634,3128.46
2023-05-23 06:05:00+00:00,138.634,138.681,138.556,138.568,2134.15
2023-05-23 06:10:00+00:00,138.572,138.605,138.495,138.509,3697.96
2023-05-23 06:15:00+00:00,138.511,138.537,138.461,138.519,3266.56
2023-05-23 06:20:00+00:00,138.521,138.538,138.497,138.524,2118.87
2023-05-23 06:25:00+00:00,138.524,138.524,138.47,138.509,1516.46
2023-05-23 06:30:00+00:00,138.505,138.517,138.473,138.488,2108.51
2023-05-23 06:35:00+00:00,138.488,138.494,138.465,138.482,1002.03
2023-05-23 06:40:00+00:00,138.482,138.523,138.461,138.507,1833.99
2023-05-23 06:45:00+00:00,138.507,138.514,138.432,138.432,2145.83
2023-05-23 06:50:00+00:00,138.433,138.441,138.39,138.419,2080.52
2023-05-23 06:55:00+00:00,138.42,138.441,138.407,138.429,2431.04
2023-05-23 07:00:00+00:00,138.429,138.536,138.407,138.526,4432.85
2023-05-23 07:05:00+00:00,138.527,138.593,138.517,138.56,3595.78
2023-05-23 07:10:00+00:00,138.559,138.587,138.523,138.534,3035.53
2023-05-23 07:15:00+00:00,138.535,138.536,138.388,138.451,5471.23
2023-05-23 07:20:00+00:00,138.451,138.513,138.429,138.494,3560.32
2023-05-23 07:25:00+00:00,138.494,138.497,138.456,138.472,2856.22
2023-05-23 07:30:00+00:00,138.473,138.504,138.326,138.335,5271.04
2023-05-23 07:35:00+00:00,138.335,138.477,138.323,138.477,4642.54
2023-05-23 07:40:00+00:00,138.477,138.536,138.447,138.522,3366.68
2023-05-23 07:45:00+00:00,138.522,138.525,138.425,138.435,3276.34
2023-05-23 07:50:00+00:00,138.435,138.457,138.399,138.414,2451.82
2023-05-23 07:55:00+00:00,138.415,138.452,138.359,138.36,2809.73
2023-05-23 08:00:00+00:00,138.359,138.492,138.358,138.446,3417.89
2023-05-23 08:05:00+00:00,138.444,138.475,138.407,138.427,3114.95
2023-05-23 08:10:00+00:00,138.427,138.431,138.332,138.341,3113.9
2023-05-23 08:15:00+00:00,138.34,138.371,138.309,138.351,3166.91
2023-05-23 08:20:00+00:00,138.351,138.354,138.268,138.294,2588.51
2023-05-23 08:25:00+00:00,138.291,138.319,138.24,138.257,2982.18
2023-05-23 08:30:00+00:00,138.259,138.326,138.259,138.322,2896.47
2023-05-23 08:35:00+00:00,138.321,138.336,138.277,138.315,2442.29
2023-05-23 08:40:00+00:00,138.315,138.347,138.298,138.335,2412.51
2023-05-23 08:45:00+00:00,138.336,138.379,138.336,138.374,2018.33
2023-05-23 08:50:00+00:00,138.376,138.394,138.354,138.376,2057.35
2023-05-23 08:55:00+00:00,138.374,138.377,138.316,138.328,1786.66
2023-05-23 09:00:00+00:00,138.332,138.363,138.298,138.307,1814.09
2023-05-23 09:05:00+00:00,138.307,138.343,138.294,138.335,1908.27
2023-05-23 09:10:00+00:00,138.334,138.345,138.263,138.298,2147.83
2023-05-23 09:15:00+00:00,138.299,138.304,138.258,138.287,2462.41
2023-05-23 09:20:00+00:00,138.287,138.347,138.264,138.335,2444.76
2023-05-23 09:25:00+00:00,138.335,138.368,138.327,138.35,2535.36
2023-05-23 09:30:00+00:00,138.351,138.371,138.323,138.327,2500.11
2023-05-23 09:35:00+00:00,138.329,138.401,138.326,138.379,2179.42
2023-05-23 09:40:00+00:00,138.377,138.409,138.368,138.408,1821.21
2023-05-23 09:45:00+00:00,138.409,138.426,138.392,138.397,1602.67
2023-05-23 09:50:00+00:00,138.397,138.453,138.397,138.423,1759.35
2023-05-23 09:55:00+00:00,138.422,138.454,138.418,138.438,2043.11
2023-05-23 10:00:00+00:00,138.439,138.503,138.432,138.496,2544.78
2023-05-23 10:05:00+00:00,138.495,138.546,138.486,138.54,2857.26
2023-05-23 10:10:00+00:00,138.541,138.575,138.521,138.544,2293.55
2023-05-23 10:15:00+00:00,138.545,138.591,138.545,138.554,1835.8
2023-05-23 10:20:00+00:00,138.555,138.59,138.551,138.564,2201.74
2023-05-23 10:25:00+00:00,138.563,138.572,138.497,138.503,1971.54
2023-05-23 10:30:00+00:00,138.504,138.525,138.502,138.509,1466.06
2023-05-23 10:35:00+00:00,138.51,138.514,138.471,138.504,2243.57
2023-05-23 10:40:00+00:00,138.505,138.529,138.49,138.525,1709.98
2023-05-23 10:45:00+00:00,138.523,138.536,138.493,138.524,1499.11
2023-05-23 10:50:00+00:00,138.524,138.524,138.495,138.509,1215.97
2023-05-23 10:55:00+00:00,138.51,138.519,138.471,138.508,2039.45
2023-05-23 11:00:00+00:00,138.508,138.523,138.483,138.516,1807.68
2023-05-23 11:05:00+00:00,138.516,138.523,138.481,138.482,1593.89
2023-05-23 11:10:00+00:00,138.481,138.485,138.438,138.449,1727.76
2023-05-23 11:15:00+00:00,138.449,138.479,138.441,138.479,1033.51
2023-05-23 11:20:00+00:00,138.479,138.479,138.445,138.467,879.67
2023-05-23 11:25:00+00:00,138.468,138.546,138.467,138.524,1340.99
2023-05-23 11:30:00+00:00,138.52,138.539,138.506,138.525,1384.83
2023-05-23 11:35:00+00:00,138.524,138.526,138.495,138.509,1311.67
2023-05-23 11:40:00+00:00,138.507,138.508,138.482,138.485,1679.92
2023-05-23 11:45:00+00:00,138.485,138.5,138.457,138.468,1731.64
2023-05-23 11:50:00+00:00,138.469,138.478,138.402,138.423,2588.22
2023-05-23 11:55:00+00:00,138.424,138.431,138.39,138.412,2468.83
2023-05-23 12:00:00+00:00,138.413,138.45,138.392,138.418,2269.58
2023-05-23 12:05:00+00:00,138.42,138.444,138.402,138.41,1881.87
2023-05-23 12:10:00+00:00,138.411,138.446,138.398,138.446,2079.53
2023-05-23 12:15:00+00:00,138.445,138.458,138.422,138.448,2590.64
2023-05-23 12:20:00+00:00,138.448,138.582,138.448,138.58,3098.75
2023-05-23 12:25:00+00:00,138.582,138.592,138.561,138.57,2366.09
2023-05-23 12:30:00+00:00,138.569,138.734,138.561,138.705,2945.05
2023-05-23 12:35:00+00:00,138.705,138.784,138.699,138.743,3432.34
2023-05-23 12:40:00+00:00,138.743,138.793,138.703,138.792,3350.73
2023-05-23 12:45:00+00:00,138.791,138.839,138.772,138.81,3335.15
2023-05-23 12:50:00+00:00,138.81,138.821,138.789,138.809,3243.62
2023-05-23 12:55:00+00:00,138.809,138.909,138.79,138.858,3455.71
2023-05-23 13:00:00+00:00,138.859,138.859,138.696,138.78,3687.41
2023-05-23 13:05:00+00:00,138.78,138.79,138.694,138.698,2890.86
2023-05-23 13:10:00+00:00,138.697,138.715,138.629,138.636,3453.61
2023-05-23 13:15:00+00:00,138.635,138.638,138.402,138.45,4366.28
2023-05-23 13:20:00+00:00,138.449,138.53,138.449,138.5,3161.78
2023-05-23 13:25:00+00:00,138.5,138.57,138.467,138.507,4096.36
2023-05-23 13:30:00+00:00,138.509,138.525,138.354,138.467,5090.59
2023-05-23 13:35:00+00:00,138.468,138.497,138.398,138.411,4807.11
2023-05-23 13:40:00+00:00,138.411,138.506,138.411,138.471,5044.0
2023-05-23 13:45:00+00:00,138.483,138.645,138.373,138.553,8626.38
2023-05-23 13:50:00+00:00,138.554,138.642,138.525,138.616,5543.84
2023-05-23 13:55:00+00:00,138.615,138.64,138.393,138.498,5723.8
2023-05-23 14:00:00+00:00,138.498,138.622,138.43,138.46,7931.22
2023-05-23 14:05:00+00:00,138.46,138.519,138.387,138.487,6346.54
2023-05-23 14:10:00+00:00,138.486,138.514,138.413,138.43,5091.49
2023-05-23 14:15:00+00:00,138.43,138.469,138.286,138.327,5043.51
2023-05-23 14:20:00+00:00,138.33,138.422,138.31,138.359,2515.77
2023-05-23 14:25:00+00:00,138.357,138.486,138.357,138.477,3907.78
2023-05-23 14:30:00+00:00,138.477,138.553,138.447,138.544,3380.55
2023-05-23 14:35:00+00:00,138.544,138.612,138.528,138.601,3727.83
2023-05-23 14:40:00+00:00,138.599,138.602,138.56,138.573,2348.93
2023-05-23 14:45:00+00:00,138.574,138.625,138.528,138.592,2349.32
2023-05-23 14:50:00+00:00,138.591,138.612,138.51,138.553,3314.59
2023-05-23 14:55:00+00:00,138.554,138.563,138.524,138.534,2673.67
2023-05-23 15:00:00+00:00,138.535,138.606,138.526,138.59,3180.86
2023-05-23 15:05:00+00:00,138.59,138.63,138.576,138.601,1885.22
2023-05-23 15:10:00+00:00,138.6,138.664,138.57,138.616,2685.53
2023-05-23 15:15:00+00:00,138.615,138.64,138.6,138.604,2315.14
2023-05-23 15:20:00+00:00,138.604,138.674,138.591,138.658,2513.67
2023-05-23 15:25:00+00:00,138.658,138.68,138.604,138.632,2261.54
2023-05-23 15:30:00+00:00,138.633,138.725,138.621,138.709,2088.57
2023-05-23 15:35:00+00:00,138.71,138.71,138.677,138.684,2086.4
2023-05-23 15:40:00+00:00,138.683,138.724,138.677,138.685,1782.54
2023-05-23 15:45:00+00:00,138.685,138.702,138.668,138.673,1551.19
2023-05-23 15:50:00+00:00,138.672,138.727,138.67,138.72,1913.17
2023-05-23 15:55:00+00:00,138.72,138.757,138.708,138.739,1875.85
2023-05-23 16:00:00+00:00,138.741,138.777,138.741,138.777,1626.11
2023-05-23 16:05:00+00:00,138.781,138.785,138.753,138.76,1744.16
2023-05-23 16:10:00+00:00,138.759,138.796,138.746,138.781,1714.83
2023-05-23 16:15:00+00:00,138.781,138.819,138.763,138.805,2544.08
2023-05-23 16:20:00+00:00,138.803,138.814,138.775,138.796,1565.35
2023-05-23 16:25:00+00:00,138.796,138.807,138.763,138.769,1518.46
2023-05-23 16:30:00+00:00,138.769,138.779,138.727,138.738,2182.45
2023-05-23 16:35:00+00:00,138.738,138.742,138.65,138.696,2408.1
2023-05-23 16:40:00+00:00,138.694,138.706,138.615,138.622,2636.39
2023-05-23 16:45:00+00:00,138.621,138.659,138.618,138.63,1904.61
2023-05-23 16:50:00+00:00,138.628,138.648,138.61,138.628,2020.8
2023-05-23 16:55:00+00:00,138.628,138.659,138.628,138.642,1423.14
2023-05-23 17:00:00+00:00,138.642,138.671,138.592,138.649,1446.81
2023-05-23 17:05:00+00:00,138.651,138.709,138.651,138.687,2167.97
2023-05-23 17:10:00+00:00,138.686,138.705,138.657,138.665,1737.86
2023-05-23 17:15:00+00:00,138.666,138.681,138.643,138.677,1764.72
2023-05-23 17:20:00+00:00,138.678,138.678,138.628,138.638,1510.21
2023-05-23 17:25:00+00:00,138.639,138.639,138.543,138.544,2197.47
2023-05-23 17:30:00+00:00,138.544,138.544,138.478,138.479,2283.37
2023-05-23 17:35:00+00:00,138.48,138.521,138.466,138.467,1986.18
2023-05-23 17:40:00+00:00,138.466,138.56,138.465,138.552,2367.36
2023-05-23 17:45:00+00:00,138.552,138.571,138.523,138.537,1662.29
2023-05-23 17:50:00+00:00,138.538,138.557,138.496,138.539,2353.85
2023-05-23 17:55:00+00:00,138.538,138.562,138.534,138.536,1737.96
2023-05-23 18:00:00+00:00,138.537,138.573,138.531,138.565,1795.01
2023-05-23 18:05:00+00:00,138.572,138.61,138.561,138.573,1974.45
2023-05-23 18:10:00+00:00,138.572,138.592,138.512,138.53,2210.43
2023-05-23 18:15:00+00:00,138.529,138.553,138.505,138.515,2320.56
2023-05-23 18:20:00+00:00,138.516,138.543,138.466,138.466,2661.55
2023-05-23 18:25:00+00:00,138.465,138.517,138.436,138.497,2704.36
2023-05-23 18:30:00+00:00,138.496,138.498,138.417,138.417,2045.02
2023-05-23 18:35:00+00:00,138.418,138.438,138.393,138.432,2369.66
2023-05-23 18:40:00+00:00,138.432,138.466,138.406,138.429,2377.92
2023-05-23 18:45:00+00:00,138.429,138.45,138.42,138.447,1716.82
2023-05-23 18:50:00+00:00,138.447,138.499,138.447,138.473,1693.93
2023-05-23 18:55:00+00:00,138.473,138.498,138.472,138.484,1972.68
2023-05-23 19:00:00+00:00,138.484,138.523,138.482,138.51,1813.71
2023-05-23 19:05:00+00:00,138.509,138.577,138.503,138.561,2139.91
2023-05-23 19:10:00+00:00,138.559,138.572,138.548,138.562,1671.32
2023-05-23 19:15:00+00:00,138.562,138.58,138.489,138.492,1997.81
2023-05-23 19:20:00+00:00,138.491,138.541,138.486,138.534,1596.73
2023-05-23 19:25:00+00:00,138.535,138.546,138.522,138.545,964.81
2023-05-23 19:30:00+00:00,138.545,138.58,138.543,138.579,1308.66
2023-05-23 19:35:00+00:00,138.581,138.587,138.557,138.565,1305.12
2023-05-23 19:40:00+00:00,138.565,138.575,138.544,138.57,1357.9
2023-05-23 19:45:00+00:00,138.571,138.575,138.539,138.568,893.42
2023-05-23 19:50:00+00:00,138.569,138.581,138.549,138.561,1653.67
2023-05-23 19:55:00+00:00,138.558,138.587,138.536,138.582,1362.98
2023-05-23 20:00:00+00:00,138.584,138.631,138.582,138.596,939.41
2023-05-23 20:05:00+00:00,138.596,138.596,138.556,138.568,665.46
2023-05-23 20:10:00+00:00,138.567,138.606,138.565,138.587,673.35
2023-05-23 20:15:00+00:00,138.587,138.589,138.573,138.573,509.8
2023-05-23 20:20:00+00:00,138.574,138.587,138.57,138.581,487.72
2023-05-23 20:25:00+00:00,138.579,138.583,138.56,138.569,626.17
2023-05-23 20:30:00+00:00,138.569,138.587,138.569,138.579,350.49
2023-05-23 20:35:00+00:00,138.579,138.597,138.579,138.593,489.15
2023-05-23 20:40:00+00:00,138.592,138.603,138.571,138.573,641.5
2023-05-23 20:45:00+00:00,138.573,138.59,138.569,138.585,376.5
2023-05-23 20:50:00+00:00,138.586,138.592,138.581,138.583,682.35
2023-05-23 20:55:00+00:00,138.582,138.594,138.566,138.574,367.99
2023-05-23 21:00:00+00:00,138.574,138.574,138.567,138.568,13.68
2023-05-23 21:05:00+00:00,138.568,138.574,138.559,138.563,1456.95
2023-05-23 21:10:00+00:00,138.569,138.569,138.567,138.568,1301.4
2023-05-23 21:15:00+00:00,138.567,138.575,138.567,138.574,1181.07
2023-05-23 21:20:00+00:00,138.575,138.576,138.574,138.575,831.9
2023-05-23 21:25:00+00:00,138.575,138.575,138.55,138.556,291.31
2023-05-23 21:30:00+00:00,138.555,138.558,138.553,138.553,86.4
2023-05-23 21:35:00+00:00,138.553,138.554,138.522,138.547,431.78
2023-05-23 21:40:00+00:00,138.546,138.546,138.511,138.512,875.56
2023-05-23 21:45:00+00:00,138.513,138.533,138.511,138.514,2721.38
2023-05-23 21:50:00+00:00,138.514,138.537,138.507,138.512,1052.02
2023-05-23 21:55:00+00:00,138.512,138.54,138.508,138.521,1773.02
2023-05-23 22:00:00+00:00,138.523,138.588,138.511,138.559,868.63
2023-05-23 22:05:00+00:00,138.56,138.587,138.557,138.586,3149.96
2023-05-23 22:10:00+00:00,138.587,138.588,138.556,138.571,2430.34
2023-05-23 22:15:00+00:00,138.572,138.586,138.559,138.57,2150.27
2023-05-23 22:20:00+00:00,138.568,138.58,138.548,138.557,2295.09
2023-05-23 22:25:00+00:00,138.557,138.56,138.551,138.557,1332.6
2023-05-23 22:30:00+00:00,138.558,138.561,138.548,138.554,866.15
2023-05-23 22:35:00+00:00,138.555,138.565,138.539,138.553,398.26
2023-05-23 22:40:00+00:00,138.553,138.556,138.541,138.542,57.2
2023-05-23 22:45:00+00:00,138.543,138.543,138.519,138.522,143.9
2023-05-23 22:50:00+00:00,138.521,138.526,138.521,138.522,68.8
2023-05-23 22:55:00+00:00,138.522,138.533,138.519,138.53,467.89
2023-05-23 23:00:00+00:00,138.53,138.534,138.512,138.523,775.21
2023-05-23 23:05:00+00:00,138.522,138.536,138.503,138.534,1098.25
2023-05-23 23:10:00+00:00,138.533,138.542,138.491,138.525,358.84
2023-05-23 23:15:00+00:00,138.524,138.552,138.513,138.55,174.83
2023-05-23 23:20:00+00:00,138.55,138.562,138.533,138.547,276.42
2023-05-23 23:25:00+00:00,138.546,138.553,138.53,138.552,340.76
2023-05-23 23:30:00+00:00,138.559,138.591,138.551,138.588,722.71
2023-05-23 23:35:00+00:00,138.589,138.607,138.578,138.598,422.53
2023-05-23 23:40:00+00:00,138.599,138.627,138.587,138.617,396.48
2023-05-23 23:45:00+00:00,138.618,138.618,138.59,138.596,678.65
2023-05-23 23:50:00+00:00,138.597,138.6,138.571,138.588,610.77
2023-05-23 23:55:00+00:00,138.586,138.611,138.573,138.611,776.39
2023-05-24 00:00:00+00:00,138.611,138.611,138.547,138.587,1731.87
2023-05-24 00:05:00+00:00,138.586,138.636,138.558,138.598,2416.78
2023-05-24 00:10:00+00:00,138.599,138.626,138.589,138.602,1769.03
2023-05-24 00:15:00+00:00,138.601,138.603,138.561,138.578,1373.5
2023-05-24 00:20:00+00:00,138.578,138.599,138.566,138.581,1439.83
2023-05-24 00:25:00+00:00,138.581,138.582,138.532,138.541,1061.97
2023-05-24 00:30:00+00:00,138.541,138.55,138.509,138.543,1434.64
2023-05-24 00:35:00+00:00,138.542,138.564,138.523,138.564,921.0
2023-05-24 00:40:00+00:00,138.564,138.57,138.54,138.544,1416.5
2023-05-24 00:45:00+00:00,138.545,138.554,138.511,138.554,1254.8
2023-05-24 00:50:00+00:00,138.554,138.587,138.485,138.567,2059.75
2023-05-24 00:55:00+00:00,138.565,138.565,138.494,138.518,2892.26
2023-05-24 01:00:00+00:00,138.517,138.517,138.446,138.455,3406.59
2023-05-24 01:05:00+00:00,138.455,138.492,138.43,138.436,2129.02
2023-05-24 01:10:00+00:00,138.437,138.467,138.436,138.444,1811.82
2023-05-24 01:15:00+00:00,138.444,138.466,138.426,138.454,3387.12
2023-05-24 01:20:00+00:00,138.455,138.488,138.442,138.481,2708.62
2023-05-24 01:25:00+00:00,138.482,138.498,138.477,138.479,1991.19
2023-05-24 01:30:00+00:00,138.48,138.481,138.455,138.474,1689.05
2023-05-24 01:35:00+00:00,138.474,138.48,138.46,138.468,1244.05
2023-05-24 01:40:00+00:00,138.468,138.469,138.417,138.431,1672.1
2023-05-24 01:45:00+00:00,138.43,138.43,138.386,138.41,1251.23
2023-05-24 01:50:00+00:00,138.41,138.448,138.389,138.424,1210.75
2023-05-24 01:55:00+00:00,138.424,138.461,138.411,138.438,1078.27
2023-05-24 02:00:00+00:00,138.439,138.472,138.405,138.446,1824.72
2023-05-24 02:05:00+00:00,138.448,138.491,138.44,138.457,2010.75
2023-05-24 02:10:00+00:00,138.456,138.466,138.43,138.443,1966.35
2023-05-24 02:15:00+00:00,138.444,138.45,138.405,138.419,2174.28
2023-05-24 02:20:00+00:00,138.418,138.43,138.416,138.426,1213.36
2023-05-24 02:25:00+00:00,138.426,138.429,138.369,138.385,1496.27
2023-05-24 02:30:00+00:00,138.385,138.429,138.378,138.426,1769.46
2023-05-24 02:35:00+00:00,138.427,138.471,138.426,138.466,1216.75
2023-05-24 02:40:00+00:00,138.467,138.482,138.444,138.447,1337.67
2023-05-24 02:45:00+00:00,138.448,138.467,138.435,138.447,1546.44
2023-05-24 02:50:00+00:00,138.446,138.451,138.397,138.409,1021.74
2023-05-24 02:55:00+00:00,138.41,138.442,138.409,138.437,1151.56
2023-05-24 03:00:00+00:00,138.438,138.45,138.425,138.436,1453.89
2023-05-24 03:05:00+00:00,138.435,138.442,138.424,138.429,1229.35
2023-05-24 03:10:00+00:00,138.429,138.43,138.352,138.362,2221.26
2023-05-24 03:15:00+00:00,138.364,138.384,138.355,138.38,1736.2
2023-05-24 03:20:00+00:00,138.381,138.383,138.369,138.38,594.82
2023-05-24 03:25:00+00:00,138.381,138.401,138.379,138.393,691.81
2023-05-24 03:30:00+00:00,138.394,138.394,138.373,138.381,819.14
2023-05-24 03:35:00+00:00,138.38,138.387,138.371,138.382,1214.05
2023-05-24 03:40:00+00:00,138.381,138.422,138.374,138.419,1781.4
2023-05-24 03:45:00+00:00,138.42,138.433,138.397,138.432,1493.3
2023-05-24 03:50:00+00:00,138.431,138.431,138.41,138.417,738.73
2023-05-24 03:55:00+00:00,138.417,138.419,138.403,138.418,692.68
2023-05-24 04:00:00+00:00,138.417,138.453,138.411,138.449,1675.6
2023-05-24 04:05:00+00:00,138.45,138.466,138.442,138.466,988.81
2023-05-24 04:10:00+00:00,138.466,138.481,138.459,138.46,1011.41
2023-05-24 04:15:00+00:00,138.461,138.461,138.435,138.458,1066.84
2023-05-24 04:20:00+00:00,138.459,138.486,138.433,138.44,1520.0
2023-05-24 04:25:00+00:00,138.441,138.441,138.398,138.408,2526.49
2023-05-24 04:30:00+00:00,138.407,138.423,138.387,138.407,1538.85
2023-05-24 04:35:00+00:00,138.408,138.423,138.398,138.421,1307.96
2023-05-24 04:40:00+00:00,138.421,138.422,138.38,138.384,727.9
2023-05-24 04:45:00+00:00,138.383,138.411,138.38,138.4,1308.68
2023-05-24 04:50:00+00:00,138.4,138.406,138.393,138.403,1453.19
2023-05-24 04:55:00+00:00,138.402,138.421,138.393,138.419,1116.87
2023-05-24 05:00:00+00:00,138.418,138.44,138.415,138.431,1198.74
2023-05-24 05:05:00+00:00,138.431,138.436,138.421,138.421,468.24
2023-05-24 05:10:00+00:00,138.421,138.422,138.363,138.365,1055.96
2023-05-24 05:15:00+00:00,138.365,138.431,138.36,138.427,2066.96
2023-05-24 05:20:00+00:00,138.428,138.439,138.408,138.43,2432.45
2023-05-24 05:25:00+00:00,138.43,138.432,138.393,138.428,2808.59
2023-05-24 05:30:00+00:00,138.43,138.441,138.418,138.419,1545.69
2023-05-24 05:35:00+00:00,138.419,138.42,138.342,138.364,1736.16
2023-05-24 05:40:00+00:00,138.365,138.369,138.303,138.303,1565.1
2023-05-24 05:45:00+00:00,138.302,138.311,138.231,138.234,2581.17
2023-05-24 05:50:00+00:00,138.234,138.299,138.231,138.299,2520.97
2023-05-24 05:55:00+00:00,138.298,138.309,138.249,138.288,1882.04
2023-05-24 06:00:00+00:00,138.289,138.427,138.255,138.418,5118.82
2023-05-24 06:05:00+00:00,138.419,138.428,138.348,138.389,2559.34
2023-05-24 06:10:00+00:00,138.389,138.457,138.385,138.434,2495.19
2023-05-24 06:15:00+00:00,138.435,138.472,138.411,138.46,2236.27
2023-05-24 06:20:00+00:00,138.461,138.483,138.403,138.404,2207.01
2023-05-24 06:25:00+00:00,138.403,138.493,138.402,138.471,1948.61
2023-05-24 06:30:00+00:00,138.471,138.515,138.457,138.47,2538.41
2023-05-24 06:35:00+00:00,138.47,138.583,138.46,138.583,3011.76
2023-05-24 06:40:00+00:00,138.582,138.613,138.566,138.595,3111.67
2023-05-24 06:45:00+00:00,138.601,138.661,138.584,138.65,3206.93
2023-05-24 06:50:00+00:00,138.65,138.689,138.634,138.669,3911.67
2023-05-24 06:55:00+00:00,138.669,138.694,138.643,138.691,3288.13
2023-05-24 07:00:00+00:00,138.691,138.732,138.641,138.664,4549.83
2023-05-24 07:05:00+00:00,138.663,138.681,138.613,138.63,3852.96
2023-05-24 07:10:00+00:00,138.629,138.67,138.613,138.632,3992.8
2023-05-24 07:15:00+00:00,138.632,138.7,138.603,138.674,3855.84
2023-05-24 07:20:00+00:00,138.674,138.704,138.608,138.617,3257.39
2023-05-24 07:25:00+00:00,138.616,138.653,138.615,138.641,2909.14
2023-05-24 07:30:00+00:00,138.642,138.693,138.598,138.619,2731.87
2023-05-24 07:35:00+00:00,138.619,138.645,138.522,138.545,3651.37
2023-05-24 07:40:00+00:00,138.544,138.558,138.448,138.456,3865.26
2023-05-24 07:45:00+00:00,138.457,138.563,138.45,138.56,3599.56
2023-05-24 07:50:00+00:00,138.559,138.612,138.528,138.598,2891.53
2023-05-24 07:55:00+00:00,138.596,138.681,138.596,138.645,1989.49
2023-05-24 08:00:00+00:00,138.646,138.687,138.572,138.594,3907.96
2023-05-24 08:05:00+00:00,138.596,138.663,138.583,138.588,4202.72
2023-05-24 08:10:00+00:00,138.587,138.591,138.535,138.558,3314.26
2023-05-24 08:15:00+00:00,138.56,138.61,138.551,138.562,2691.9
2023-05-24 08:20:00+00:00,138.563,138.578,138.498,138.505,2926.5
2023-05-24 08:25:00+00:00,138.504,138.557,138.502,138.546,2844.69
2023-05-24 08:30:00+00:00,138.545,138.587,138.52,138.566,2969.19
2023-05-24 08:35:00+00:00,138.565,138.613,138.53,138.603,2624.01
2023-05-24 08:40:00+00:00,138.604,138.628,138.586,138.604,2237.53
2023-05-24 08:45:00+00:00,138.605,138.642,138.602,138.61,2177.42
2023-05-24 08:50:00+00:00,138.609,138.633,138.557,138.569,2317.44
2023-05-24 08:55:00+00:00,138.569,138.587,138.542,138.572,2243.34
2023-05-24 09:00:00+00:00,138.573,138.573,138.492,138.51,2287.75
2023-05-24 09:05:00+00:00,138.511,138.549,138.507,138.546,2797.14
2023-05-24 09:10:00+00:00,138.546,138.577,138.531,138.532,2183.33
2023-05-24 09:15:00+00:00,138.531,138.58,138.52,138.573,2340.24
2023-05-24 09:20:00+00:00,138.574,138.582,138.517,138.53,1191.82
2023-05-24 09:25:00+00:00,138.527,138.543,138.443,138.461,2421.54
2023-05-24 09:30:00+00:00,138.461,138.52,138.461,138.5,2668.05
2023-05-24 09:35:00+00:00,138.503,138.532,138.47,138.482,2182.29
2023-05-24 09:40:00+00:00,138.481,138.561,138.474,138.561,2472.42
2023-05-24 09:45:00+00:00,138.56,138.561,138.529,138.55,1887.3
2023-05-24 09:50:00+00:00,138.551,138.564,138.529,138.53,1620.97
2023-05-24 09:55:00+00:00,138.53,138.567,138.522,138.53,1298.8
2023-05-24 10:00:00+00:00,138.529,138.583,138.509,138.582,2638.21
2023-05-24 10:05:00+00:00,138.581,138.585,138.504,138.51,2228.2
2023-05-24 10:10:00+00:00,138.509,138.541,138.471,138.514,2770.34
2023-05-24 10:15:00+00:00,138.514,138.543,138.486,138.52,2703.98
2023-05-24 10:20:00+00:00,138.521,138.529,138.46,138.463,2671.48
2023-05-24 10:25:00+00:00,138.462,138.493,138.431,138.46,2369.76
2023-05-24 10:30:00+00:00,138.461,138.528,138.448,138.501,2423.51
2023-05-24 10:35:00+00:00,138.503,138.521,138.494,138.506,1678.14
2023-05-24 10:40:00+00:00,138.507,138.507,138.461,138.494,1729.61
2023-05-24 10:45:00+00:00,138.495,138.536,138.485,138.504,1782.84
2023-05-24 10:50:00+00:00,138.504,138.512,138.462,138.485,1855.83
2023-05-24 10:55:00+00:00,138.483,138.515,138.456,138.503,2680.75
2023-05-24 11:00:00+00:00,138.505,138.511,138.448,138.485,1897.65
2023-05-24 11:05:00+00:00,138.484,138.522,138.462,138.502,1885.45
2023-05-24 11:10:00+00:00,138.501,138.512,138.468,138.502,1505.1
2023-05-24 11:15:00+00:00,138.503,138.55,138.501,138.533,2025.82
2023-05-24 11:20:00+00:00,138.532,138.563,138.529,138.549,1667.77
2023-05-24 11:25:00+00:00,138.549,138.551,138.5,138.513,1281.5
2023-05-24 11:30:00+00:00,138.512,138.512,138.449,138.466,2243.11
2023-05-24 11:35:00+00:00,138.467,138.476,138.366,138.367,2384.02
2023-05-24 11:40:00+00:00,138.366,138.41,138.342,138.38,1909.82
2023-05-24 11:45:00+00:00,138.38,138.4,138.337,138.4,1565.49
2023-05-24 11:50:00+00:00,138.399,138.433,138.391,138.399,1738.35
2023-05-24 11:55:00+00:00,138.4,138.401,138.359,138.374,1869.14
2023-05-24 12:00:00+00:00,138.376,138.418,138.358,138.381,3173.03
2023-05-24 12:05:00+00:00,138.383,138.439,138.381,138.437,2338.8
2023-05-24 12:10:00+00:00,138.438,138.449,138.398,138.419,1734.03
2023-05-24 12:15:00+00:00,138.418,138.458,138.407,138.457,2024.52
2023-05-24 12:20:00+00:00,138.459,138.534,138.377,138.531,3549.25
2023-05-24 12:25:00+00:00,138.53,138.541,138.485,138.528,3803.27
2023-05-24 12:30:00+00:00,138.528,138.641,138.528,138.616,3501.04
2023-05-24 12:35:00+00:00,138.617,138.702,138.606,138.651,4018.12
2023-05-24 12:40:00+00:00,138.651,138.692,138.623,138.642,3567.79
2023-05-24 12:45:00+00:00,138.643,138.76,138.632,138.73,3667.59
2023-05-24 12:50:00+00:00,138.729,138.77,138.699,138.728,3637.51
2023-05-24 12:55:00+00:00,138.729,138.741,138.655,138.69,3545.49
2023-05-24 13:00:00+00:00,138.689,138.72,138.612,138.644,3403.09
2023-05-24 13:05:00+00:00,138.644,138.702,138.643,138.684,3044.26
2023-05-24 13:10:00+00:00,138.684,138.729,138.664,138.692,3703.81
2023-05-24 13:15:00+00:00,138.69,138.734,138.652,138.681,2660.82
2023-05-24 13:20:00+00:00,138.685,138.705,138.657,138.691,2557.29
2023-05-24 13:25:00+00:00,138.691,138.77,138.672,138.75,2535.75
2023-05-24 13:30:00+00:00,138.751,138.844,138.719,138.825,3925.2
2023-05-24 13:35:00+00:00,138.823,138.83,138.759,138.774,3418.03
2023-05-24 13:40:00+00:00,138.774,138.855,138.715,138.781,4001.76
2023-05-24 13:45:00+00:00,138.782,138.83,138.748,138.748,3715.8
2023-05-24 13:50:00+00:00,138.748,138.784,138.719,138.722,3683.45
2023-05-24 13:55:00+00:00,138.723,138.838,138.713,138.836,3963.7
2023-05-24 14:00:00+00:00,138.836,138.882,138.805,138.868,3325.72
2023-05-24 14:05:00+00:00,138.867,138.892,138.788,138.808,3928.11
2023-05-24 14:10:00+00:00,138.808,138.869,138.808,138.842,3680.49
2023-05-24 14:15:00+00:00,138.843,138.946,138.795,138.939,3441.71
2023-05-24 14:20:00+00:00,138.939,138.947,138.893,138.893,4119.26
2023-05-24 14:25:00+00:00,138.894,138.942,138.886,138.937,2968.92
2023-05-24 14:30:00+00:00,138.936,138.988,138.935,138.941,3133.27
2023-05-24 14:35:00+00:00,138.94,138.955,138.868,138.895,2792.77
2023-05-24 14:40:00+00:00,138.894,138.976,138.894,138.961,2700.71
2023-05-24 14:45:00+00:00,138.961,138.985,138.937,138.982,2475.83
2023-05-24 14:50:00+00:00,138.985,139.0,138.955,138.972,2711.06
2023-05-24 14:55:00+00:00,138.972,139.002,138.97,138.989,2439.94
2023-05-24 15:00:00+00:00,138.99,139.049,138.948,138.949,3612.89
2023-05-24 15:05:00+00:00,138.948,139.036,138.938,139.018,2206.66
2023-05-24 15:10:00+00:00,139.018,139.046,138.951,139.022,951.27
2023-05-24 15:15:00+00:00,139.02,139.099,139.009,139.097,991.98
2023-05-24 15:20:00+00:00,139.098,139.138,139.078,139.105,2494.88
2023-05-24 15:25:00+00:00,139.105,139.116,139.071,139.108,2661.71
2023-05-24 15:30:00+00:00,139.109,139.143,139.105,139.127,2487.91
2023-05-24 15:35:00+00:00,139.129,139.135,139.102,139.118,2296.21
2023-05-24 15:40:00+00:00,139.119,139.124,139.016,139.056,3277.73
2023-05-24 15:45:00+00:00,139.057,139.114,139.024,139.106,2721.71
2023-05-24 15:50:00+00:00,139.106,139.176,139.105,139.166,2193.66
2023-05-24 15:55:00+00:00,139.167,139.215,139.137,139.143,2447.35
2023-05-24 16:00:00+00:00,139.143,139.217,139.143,139.184,2396.55
2023-05-24 16:05:00+00:00,139.185,139.214,139.155,139.164,2289.71
2023-05-24 16:10:00+00:00,139.164,139.363,139.161,139.333,3456.05
2023-05-24 16:15:00+00:00,139.332,139.385,139.286,139.356,3386.69
2023-05-24 16:20:00+00:00,139.356,139.362,139.319,139.329,2535.94
2023-05-24 16:25:00+00:00,139.328,139.368,139.32,139.346,2134.56
2023-05-24 16:30:00+00:00,139.345,139.36,139.323,139.355,2172.69
2023-05-24 16:35:00+00:00,139.357,139.383,139.314,139.319,2719.53
2023-05-24 16:40:00+00:00,139.316,139.338,139.285,139.295,2756.53
2023-05-24 16:45:00+00:00,139.296,139.321,139.292,139.301,2790.4
2023-05-24 16:50:00+00:00,139.3,139.321,139.297,139.315,1948.38
2023-05-24 16:55:00+00:00,139.315,139.325,139.286,139.307,1891.45
2023-05-24 17:00:00+00:00,139.307,139.324,139.269,139.324,2919.88
2023-05-24 17:05:00+00:00,139.322,139.324,139.278,139.288,1551.27
2023-05-24 17:10:00+00:00,139.288,139.319,139.28,139.283,1707.27
2023-05-24 17:15:00+00:00,139.283,139.355,139.252,139.315,2044.78
2023-05-24 17:20:00+00:00,139.316,139.337,139.252,139.268,1814.88
2023-05-24 17:25:00+00:00,139.264,139.294,139.239,139.268,1532.62
2023-05-24 17:30:00+00:00,139.267,139.271,139.227,139.26,1856.5
2023-05-24 17:35:00+00:00,139.26,139.303,139.256,139.29,2463.12
2023-05-24 17:40:00+00:00,139.291,139.313,139.245,139.254,2033.68
2023-05-24 17:45:00+00:00,139.254,139.258,139.231,139.252,1325.14
2023-05-24 17:50:00+00:00,139.253,139.257,139.232,139.25,1383.53
2023-05-24 17:55:00+00:00,139.251,139.272,139.243,139.267,2430.27
2023-05-24 18:00:00+00:00,139.267,139.361,139.202,139.267,5436.78
2023-05-24 18:05:00+00:00,139.267,139.267,139.199,139.217,2030.8
2023-05-24 18:10:00+00:00,139.218,139.218,139.101,139.123,2215.57
2023-05-24 18:15:00+00:00,139.127,139.131,139.033,139.046,2022.34
2023-05-24 18:20:00+00:00,139.046,139.122,139.045,139.118,1769.11
2023-05-24 18:25:00+00:00,139.117,139.129,139.066,139.066,1479.92
2023-05-24 18:30:00+00:00,139.063,139.075,139.014,139.045,2363.75
2023-05-24 18:35:00+00:00,139.046,139.069,139.024,139.061,1731.25
2023-05-24 18:40:00+00:00,139.061,139.062,138.976,138.977,1296.97
2023-05-24 18:45:00+00:00,138.977,139.032,138.969,139.023,1703.4
2023-05-24 18:50:00+00:00,139.024,139.083,139.018,139.061,1303.37
2023-05-24 18:55:00+00:00,139.061,139.15,139.061,139.138,1248.78
2023-05-24 19:00:00+00:00,139.137,139.167,139.133,139.16,1556.59
2023-05-24 19:05:00+00:00,139.16,139.184,139.148,139.167,1048.13
2023-05-24 19:10:00+00:00,139.165,139.185,139.15,139.18,868.28
2023-05-24 19:15:00+00:00,139.179,139.215,139.166,139.206,1535.94
2023-05-24 19:20:00+00:00,139.205,139.276,139.204,139.253,1319.9
2023-05-24 19:25:00+00:00,139.258,139.266,139.211,139.234,755.8
2023-05-24 19:30:00+00:00,139.234,139.266,139.222,139.241,1394.53
2023-05-24 19:35:00+00:00,139.243,139.259,139.225,139.256,1319.08
2023-05-24 19:40:00+00:00,139.255,139.268,139.227,139.268,1195.05
2023-05-24 19:45:00+00:00,139.267,139.313,139.253,139.278,1346.95
2023-05-24 19:50:00+00:00,139.277,139.305,139.252,139.299,1190.78
2023-05-24 19:55:00+00:00,139.299,139.325,139.283,139.325,1668.0
2023-05-24 20:00:00+00:00,139.324,139.328,139.299,139.304,936.08
2023-05-24 20:05:00+00:00,139.302,139.323,139.302,139.312,679.65
2023-05-24 20:10:00+00:00,139.314,139.324,139.309,139.311,581.4
2023-05-24 20:15:00+00:00,139.311,139.362,139.311,139.361,835.95
2023-05-24 20:20:00+00:00,139.36,139.379,139.354,139.372,699.2
2023-05-24 20:25:00+00:00,139.372,139.407,139.37,139.404,740.7
2023-05-24 20:30:00+00:00,139.403,139.475,139.391,139.458,620.46
2023-05-24 20:35:00+00:00,139.456,139.458,139.41,139.445,716.85
2023-05-24 20:40:00+00:00,139.444,139.459,139.424,139.428,886.9
2023-05-24 20:45:00+00:00,139.426,139.447,139.412,139.426,1025.79
2023-05-24 20:50:00+00:00,139.426,139.463,139.424,139.453,2118.21
2023-05-24 20:55:00+00:00,139.454,139.477,139.441,139.446,954.35
2023-05-24 21:00:00+00:00,139.446,139.446,139.364,139.381,46.59
2023-05-24 21:05:00+00:00,139.381,139.392,139.333,139.372,448.81
2023-05-24 21:10:00+00:00,139.365,139.365,139.353,139.363,31.5
2023-05-24 21:15:00+00:00,139.362,139.364,139.325,139.325,26.94
2023-05-24 21:20:00+00:00,139.324,139.325,139.318,139.323,21.6
2023-05-24 21:25:00+00:00,139.323,139.339,139.318,139.324,22.26
2023-05-24 21:30:00+00:00,139.326,139.339,139.321,139.334,37.23
2023-05-24 21:35:00+00:00,139.334,139.334,139.318,139.334,7.58
2023-05-24 21:40:00+00:00,139.319,139.336,139.319,139.336,38.68
2023-05-24 21:45:00+00:00,139.336,139.369,139.322,139.34,1954.15
2023-05-24 21:50:00+00:00,139.345,139.382,139.336,139.367,482.89
2023-05-24 21:55:00+00:00,139.363,139.369,139.345,139.363,260.74
2023-05-24 22:00:00+00:00,139.364,139.465,139.352,139.395,1812.98
2023-05-24 22:05:00+00:00,139.394,139.419,139.387,139.394,609.46
2023-05-24 22:10:00+00:00,139.394,139.424,139.383,139.392,893.48
2023-05-24 22:15:00+00:00,139.391,139.423,139.391,139.411,800.7
2023-05-24 22:20:00+00:00,139.417,139.439,139.396,139.397,897.33
2023-05-24 22:25:00+00:00,139.398,139.405,139.384,139.394,978.65
2023-05-24 22:30:00+00:00,139.393,139.433,139.393,139.412,848.12
2023-05-24 22:35:00+00:00,139.413,139.414,138.812,139.182,2841.0
2023-05-24 22:40:00+00:00,139.188,139.273,139.179,139.272,898.61
2023-05-24 22:45:00+00:00,139.272,139.286,139.172,139.188,1386.18
2023-05-24 22:50:00+00:00,139.189,139.201,139.069,139.185,1724.45
2023-05-24 22:55:00+00:00,139.184,139.221,139.158,139.21,1281.52
2023-05-24 23:00:00+00:00,139.213,139.238,139.174,139.211,1433.26
2023-05-24 23:05:00+00:00,139.21,139.244,139.181,139.226,1320.92
2023-05-24 23:10:00+00:00,139.227,139.236,139.207,139.214,795.2
2023-05-24 23:15:00+00:00,139.215,139.262,139.215,139.238,449.46
2023-05-24 23:20:00+00:00,139.242,139.295,139.242,139.286,380.01
2023-05-24 23:25:00+00:00,139.285,139.332,139.282,139.322,609.06
2023-05-24 23:30:00+00:00,139.324,139.373,139.316,139.359,510.65
2023-05-24 23:35:00+00:00,139.361,139.392,139.33,139.331,807.25
2023-05-24 23:40:00+00:00,139.331,139.37,139.323,139.343,782.11
2023-05-24 23:45:00+00:00,139.342,139.363,139.326,139.34,991.84
2023-05-24 23:50:00+00:00,139.34,139.364,139.31,139.34,918.24
2023-05-24 23:55:00+00:00,139.34,139.341,139.274,139.292,713.14
2023-05-25 00:00:00+00:00,139.294,139.39,139.261,139.363,3125.47
2023-05-25 00:05:00+00:00,139.364,139.376,139.275,139.277,2054.35
2023-05-25 00:10:00+00:00,139.278,139.316,139.271,139.303,1890.58
2023-05-25 00:15:00+00:00,139.304,139.33,139.303,139.304,1792.52
2023-05-25 00:20:00+00:00,139.303,139.333,139.303,139.332,1092.94
2023-05-25 00:25:00+00:00,139.332,139.397,139.324,139.371,1552.99
2023-05-25 00:30:00+00:00,139.37,139.391,139.339,139.382,1243.13
2023-05-25 00:35:00+00:00,139.381,139.413,139.371,139.382,1811.18
2023-05-25 00:40:00+00:00,139.384,139.472,139.379,139.45,2429.24
2023-05-25 00:45:00+00:00,139.449,139.463,139.368,139.391,2404.21
2023-05-25 00:50:00+00:00,139.391,139.464,139.349,139.407,3142.15
2023-05-25 00:55:00+00:00,139.405,139.408,139.358,139.394,3418.97
2023-05-25 01:00:00+00:00,139.397,139.425,139.372,139.42,2246.15
2023-05-25 01:05:00+00:00,139.421,139.525,139.401,139.513,2306.08
2023-05-25 01:10:00+00:00,139.512,139.531,139.48,139.521,2269.22
2023-05-25 01:15:00+00:00,139.523,139.578,139.501,139.54,2435.91
2023-05-25 01:20:00+00:00,139.539,139.59,139.538,139.55,3143.36
2023-05-25 01:25:00+00:00,139.551,139.57,139.532,139.542,2477.17
2023-05-25 01:30:00+00:00,139.542,139.57,139.529,139.543,1633.84
2023-05-25 01:35:00+00:00,139.54,139.584,139.53,139.555,1943.61
2023-05-25 01:40:00+00:00,139.555,139.63,139.547,139.625,1850.08
2023-05-25 01:45:00+00:00,139.632,139.645,139.608,139.617,1426.28
2023-05-25 01:50:00+00:00,139.616,139.648,139.601,139.603,1438.79
2023-05-25 01:55:00+00:00,139.601,139.656,139.585,139.597,1800.36
2023-05-25 02:00:00+00:00,139.598,139.607,139.547,139.605,1862.7
2023-05-25 02:05:00+00:00,139.604,139.616,139.58,139.607,1072.61
2023-05-25 02:10:00+00:00,139.606,139.649,139.599,139.613,1552.52
2023-05-25 02:15:00+00:00,139.614,139.645,139.608,139.617,835.09
2023-05-25 02:20:00+00:00,139.618,139.625,139.604,139.604,982.74
2023-05-25 02:25:00+00:00,139.606,139.636,139.604,139.615,1577.94
2023-05-25 02:30:00+00:00,139.616,139.627,139.595,139.617,1597.53
2023-05-25 02:35:00+00:00,139.617,139.617,139.552,139.556,1696.98
2023-05-25 02:40:00+00:00,139.554,139.59,139.554,139.575,1354.91
2023-05-25 02:45:00+00:00,139.577,139.587,139.564,139.566,1250.53
2023-05-25 02:50:00+00:00,139.568,139.582,139.565,139.573,730.58
2023-05-25 02:55:00+00:00,139.573,139.593,139.569,139.588,841.85
2023-05-25 03:00:00+00:00,139.587,139.654,139.586,139.638,2039.35
2023-05-25 03:05:00+00:00,139.638,139.671,139.626,139.669,1210.35
2023-05-25 03:10:00+00:00,139.668,139.696,139.638,139.65,1861.46
2023-05-25 03:15:00+00:00,139.651,139.654,139.641,139.652,1275.14
2023-05-25 03:20:00+00:00,139.653,139.689,139.643,139.686,820.49
2023-05-25 03:25:00+00:00,139.687,139.7,139.654,139.683,942.87
2023-05-25 03:30:00+00:00,139.684,139.699,139.674,139.681,906.69
2023-05-25 03:35:00+00:00,139.68,139.702,139.68,139.693,549.03
2023-05-25 03:40:00+00:00,139.693,139.695,139.669,139.672,717.61
2023-05-25 03:45:00+00:00,139.673,139.679,139.661,139.675,800.43
2023-05-25 03:50:00+00:00,139.674,139.691,139.669,139.687,782.12
2023-05-25 03:55:00+00:00,139.687,139.69,139.636,139.657,1673.69
2023-05-25 04:00:00+00:00,139.656,139.68,139.648,139.655,1419.0
2023-05-25 04:05:00+00:00,139.656,139.656,139.631,139.646,1051.24
2023-05-25 04:10:00+00:00,139.646,139.666,139.637,139.652,933.18
2023-05-25 04:15:00+00:00,139.652,139.665,139.632,139.652,1209.64
2023-05-25 04:20:00+00:00,139.652,139.654,139.632,139.642,1245.23
2023-05-25 04:25:00+00:00,139.645,139.646,139.634,139.638,1231.18
2023-05-25 04:30:00+00:00,139.637,139.654,139.628,139.628,1279.63
2023-05-25 04:35:00+00:00,139.629,139.634,139.567,139.576,1525.01
2023-05-25 04:40:00+00:00,139.577,139.598,139.564,139.575,1723.5
2023-05-25 04:45:00+00:00,139.575,139.598,139.564,139.596,2507.72
2023-05-25 04:50:00+00:00,139.597,139.604,139.565,139.595,1448.67
2023-05-25 04:55:00+00:00,139.594,139.596,139.56,139.574,1112.46
2023-05-25 05:00:00+00:00,139.575,139.585,139.492,139.513,1828.66
2023-05-25 05:05:00+00:00,139.514,139.581,139.512,139.569,1201.2
2023-05-25 05:10:00+00:00,139.569,139.609,139.497,139.598,1703.77
2023-05-25 05:15:00+00:00,139.598,139.639,139.587,139.619,1841.27
2023-05-25 05:20:00+00:00,139.618,139.676,139.607,139.658,1266.17
2023-05-25 05:25:00+00:00,139.659,139.674,139.643,139.648,974.99
2023-05-25 05:30:00+00:00,139.648,139.684,139.644,139.675,1297.52
2023-05-25 05:35:00+00:00,139.676,139.692,139.668,139.679,990.5
2023-05-25 05:40:00+00:00,139.679,139.683,139.649,139.649,1513.91
2023-05-25 05:45:00+00:00,139.647,139.656,139.633,139.654,1612.36
2023-05-25 05:50:00+00:00,139.656,139.678,139.628,139.628,1189.51
2023-05-25 05:55:00+00:00,139.628,139.633,139.521,139.551,2627.78
2023-05-25 06:00:00+00:00,139.553,139.563,139.451,139.555,3085.39
2023-05-25 06:05:00+00:00,139.554,139.617,139.549,139.582,2116.13
2023-05-25 06:10:00+00:00,139.583,139.624,139.538,139.619,1690.39
2023-05-25 06:15:00+00:00,139.619,139.631,139.508,139.568,1792.12
2023-05-25 06:20:00+00:00,139.568,139.568,139.522,139.546,1560.03
2023-05-25 06:25:00+00:00,139.542,139.544,139.489,139.506,1743.59
2023-05-25 06:30:00+00:00,139.506,139.562,139.488,139.538,1717.21
2023-05-25 06:35:00+00:00,139.536,139.566,139.512,139.523,1764.21
2023-05-25 06:40:00+00:00,139.522,139.524,139.474,139.486,1344.19
2023-05-25 06:45:00+00:00,139.486,139.509,139.452,139.49,1239.96
2023-05-25 06:50:00+00:00,139.491,139.577,139.478,139.558,2147.33
2023-05-25 06:55:00+00:00,139.558,139.619,139.552,139.604,3034.82
2023-05-25 07:00:00+00:00,139.604,139.621,139.559,139.597,3779.97
2023-05-25 07:05:00+00:00,139.597,139.616,139.512,139.526,3839.39
2023-05-25 07:10:00+00:00,139.525,139.584,139.402,139.456,4055.29
2023-05-25 07:15:00+00:00,139.459,139.507,139.445,139.476,3905.22
2023-05-25 07:20:00+00:00,139.477,139.477,139.368,139.426,3133.17
2023-05-25 07:25:00+00:00,139.427,139.481,139.402,139.453,3352.16
2023-05-25 07:30:00+00:00,139.454,139.466,139.364,139.368,3222.42
2023-05-25 07:35:00+00:00,139.369,139.394,139.331,139.392,3734.28
2023-05-25 07:40:00+00:00,139.393,139.413,139.359,139.371,2607.78
2023-05-25 07:45:00+00:00,139.371,139.388,139.304,139.364,2307.25
2023-05-25 07:50:00+00:00,139.363,139.423,139.358,139.406,2662.13
2023-05-25 07:55:00+00:00,139.407,139.419,139.372,139.392,2191.2
2023-05-25 08:00:00+00:00,139.391,139.417,139.356,139.402,3618.77
2023-05-25 08:05:00+00:00,139.401,139.407,139.326,139.342,3863.78
2023-05-25 08:10:00+00:00,139.34,139.377,139.323,139.341,2407.02
2023-05-25 08:15:00+00:00,139.341,139.357,139.28,139.318,3151.41
2023-05-25 08:20:00+00:00,139.318,139.357,139.306,139.348,2228.6
2023-05-25 08:25:00+00:00,139.35,139.404,139.325,139.403,2621.44
2023-05-25 08:30:00+00:00,139.403,139.429,139.386,139.425,2304.08
2023-05-25 08:35:00+00:00,139.426,139.459,139.412,139.424,2264.62
2023-05-25 08:40:00+00:00,139.424,139.453,139.418,139.426,2815.41
2023-05-25 08:45:00+00:00,139.425,139.456,139.406,139.423,2423.74
2023-05-25 08:50:00+00:00,139.423,139.474,139.414,139.474,2075.59
2023-05-25 08:55:00+00:00,139.472,139.508,139.461,139.49,1555.93
2023-05-25 09:00:00+00:00,139.49,139.544,139.488,139.529,1816.36
2023-05-25 09:05:00+00:00,139.528,139.565,139.516,139.557,1543.48
2023-05-25 09:10:00+00:00,139.558,139.584,139.546,139.567,2464.88
2023-05-25 09:15:00+00:00,139.566,139.574,139.54,139.551,2048.53
2023-05-25 09:20:00+00:00,139.551,139.56,139.481,139.489,2494.15
2023-05-25 09:25:00+00:00,139.488,139.491,139.457,139.468,2014.13
2023-05-25 09:30:00+00:00,139.473,139.492,139.459,139.48,1518.25
2023-05-25 09:35:00+00:00,139.48,139.491,139.466,139.48,1180.13
2023-05-25 09:40:00+00:00,139.48,139.515,139.478,139.511,998.79
2023-05-25 09:45:00+00:00,139.509,139.532,139.49,139.491,1581.41
2023-05-25 09:50:00+00:00,139.491,139.53,139.491,139.512,1311.68
2023-05-25 09:55:00+00:00,139.512,139.557,139.508,139.544,1541.38
2023-05-25 10:00:00+00:00,139.543,139.55,139.43,139.443,1732.76
2023-05-25 10:05:00+00:00,139.441,139.488,139.436,139.483,1584.7
2023-05-25 10:10:00+00:00,139.484,139.494,139.465,139.486,1387.7
2023-05-25 10:15:00+00:00,139.486,139.498,139.447,139.473,1641.46
2023-05-25 10:20:00+00:00,139.472,139.479,139.452,139.468,1173.29
2023-05-25 10:25:00+00:00,139.471,139.5,139.463,139.499,1104.68
2023-05-25 10:30:00+00:00,139.501,139.547,139.5,139.522,1806.69
2023-05-25 10:35:00+00:00,139.522,139.541,139.51,139.533,1416.49
2023-05-25 10:40:00+00:00,139.533,139.551,139.519,139.532,1183.58
2023-05-25 10:45:00+00:00,139.534,139.566,139.513,139.541,1623.62
2023-05-25 10:50:00+00:00,139.542,139.549,139.519,139.543,1278.96
2023-05-25 10:55:00+00:00,139.543,139.593,139.543,139.591,1071.26
2023-05-25 11:00:00+00:00,139.591,139.599,139.57,139.591,1159.37
2023-05-25 11:05:00+00:00,139.593,139.623,139.572,139.609,855.86
2023-05-25 11:10:00+00:00,139.61,139.635,139.589,139.63,1046.68
2023-05-25 11:15:00+00:00,139.631,139.634,139.598,139.599,1164.76
2023-05-25 11:20:00+00:00,139.599,139.612,139.561,139.584,1747.01
2023-05-25 11:25:00+00:00,139.586,139.595,139.564,139.57,1159.81
2023-05-25 11:30:00+00:00,139.571,139.595,139.549,139.59,1227.62
2023-05-25 11:35:00+00:00,139.592,139.635,139.551,139.579,1785.52
2023-05-25 11:40:00+00:00,139.579,139.621,139.561,139.599,1669.19
2023-05-25 11:45:00+00:00,139.6,139.622,139.57,139.601,2022.43
2023-05-25 11:50:00+00:00,139.601,139.622,139.579,139.602,1904.08
2023-05-25 11:55:00+00:00,139.601,139.619,139.566,139.571,2180.97
2023-05-25 12:00:00+00:00,139.571,139.578,139.399,139.399,4652.44
2023-05-25 12:05:00+00:00,139.401,139.42,139.298,139.367,2257.37
2023-05-25 12:10:00+00:00,139.371,139.375,139.192,139.243,1320.02
2023-05-25 12:15:00+00:00,139.244,139.398,139.196,139.335,1351.05
2023-05-25 12:20:00+00:00,139.343,139.359,139.199,139.236,2604.05
2023-05-25 12:25:00+00:00,139.239,139.27,139.183,139.24,3537.85
2023-05-25 12:30:00+00:00,139.238,139.562,139.233,139.464,7858.4
2023-05-25 12:35:00+00:00,139.464,139.611,139.46,139.583,6941.53
2023-05-25 12:40:00+00:00,139.584,139.704,139.561,139.687,6345.27
2023-05-25 12:45:00+00:00,139.688,139.75,139.643,139.697,5835.18
2023-05-25 12:50:00+00:00,139.698,139.753,139.679,139.718,5481.34
2023-05-25 12:55:00+00:00,139.72,139.747,139.679,139.722,4541.57
2023-05-25 13:00:00+00:00,139.725,139.833,139.705,139.71,4394.41
2023-05-25 13:05:00+00:00,139.711,139.743,139.655,139.71,4015.39
2023-05-25 13:10:00+00:00,139.71,139.735,139.581,139.649,4418.25
2023-05-25 13:15:00+00:00,139.65,139.67,139.515,139.526,3237.9
2023-05-25 13:20:00+00:00,139.528,139.528,139.407,139.459,5001.29
2023-05-25 13:25:00+00:00,139.458,139.529,139.444,139.527,3630.94
2023-05-25 13:30:00+00:00,139.525,139.572,139.42,139.553,4745.04
2023-05-25 13:35:00+00:00,139.553,139.621,139.553,139.604,4453.03
2023-05-25 13:40:00+00:00,139.603,139.692,139.597,139.673,3695.6
2023-05-25 13:45:00+00:00,139.676,139.697,139.554,139.59,4393.07
2023-05-25 13:50:00+00:00,139.593,139.601,139.539,139.573,5233.26
2023-05-25 13:55:00+00:00,139.574,139.67,139.565,139.653,4660.78
2023-05-25 14:00:00+00:00,139.651,139.7,139.564,139.586,4851.05
2023-05-25 14:05:00+00:00,139.586,139.613,139.53,139.537,4721.43
2023-05-25 14:10:00+00:00,139.537,139.59,139.479,139.565,3340.47
2023-05-25 14:15:00+00:00,139.565,139.641,139.553,139.554,4012.48
2023-05-25 14:20:00+00:00,139.553,139.597,139.515,139.585,3359.58
2023-05-25 14:25:00+00:00,139.584,139.666,139.572,139.656,3701.53
2023-05-25 14:30:00+00:00,139.658,139.674,139.571,139.619,5271.18
2023-05-25 14:35:00+00:00,139.619,139.66,139.586,139.628,4385.91
2023-05-25 14:40:00+00:00,139.63,139.679,139.62,139.667,4426.11
2023-05-25 14:45:00+00:00,139.667,139.725,139.649,139.699,4479.74
2023-05-25 14:50:00+00:00,139.699,139.761,139.691,139.746,4561.91
2023-05-25 14:55:00+00:00,139.746,139.804,139.746,139.777,3231.03
2023-05-25 15:00:00+00:00,139.777,139.814,139.766,139.794,3912.05
2023-05-25 15:05:00+00:00,139.794,139.812,139.746,139.764,2649.73
2023-05-25 15:10:00+00:00,139.764,139.803,139.751,139.784,2658.06
2023-05-25 15:15:00+00:00,139.785,139.8,139.714,139.775,3391.7
2023-05-25 15:20:00+00:00,139.775,139.835,139.757,139.833,2845.3
2023-05-25 15:25:00+00:00,139.832,139.856,139.813,139.852,2089.99
2023-05-25 15:30:00+00:00,139.852,139.859,139.809,139.829,2853.34
2023-05-25 15:35:00+00:00,139.828,139.865,139.828,139.858,2322.82
2023-05-25 15:40:00+00:00,139.859,139.861,139.781,139.82,3066.91
2023-05-25 15:45:00+00:00,139.822,139.835,139.784,139.79,2683.67
2023-05-25 15:50:00+00:00,139.79,139.885,139.784,139.814,3690.54
2023-05-25 15:55:00+00:00,139.808,139.824,139.765,139.817,3855.0
2023-05-25 16:00:00+00:00,139.817,139.884,139.812,139.877,2826.84
2023-05-25 16:05:00+00:00,139.877,139.88,139.841,139.879,2193.29
2023-05-25 16:10:00+00:00,139.88,139.947,139.88,139.935,2142.66
2023-05-25 16:15:00+00:00,139.935,139.962,139.923,139.95,1730.68
2023-05-25 16:20:00+00:00,139.95,139.959,139.922,139.932,1801.7
2023-05-25 16:25:00+00:00,139.931,139.946,139.896,139.928,2256.54
2023-05-25 16:30:00+00:00,139.928,139.955,139.853,139.859,3356.34
2023-05-25 16:35:00+00:00,139.86,139.934,139.858,139.91,2177.45
2023-05-25 16:40:00+00:00,139.909,139.94,139.909,139.925,1580.1
2023-05-25 16:45:00+00:00,139.924,139.939,139.91,139.92,1595.17
2023-05-25 16:50:00+00:00,139.921,139.95,139.917,139.92,1679.52
2023-05-25 16:55:00+00:00,139.92,139.955,139.917,139.93,2158.24
2023-05-25 17:00:00+00:00,139.929,139.932,139.868,139.877,2658.3
2023-05-25 17:05:00+00:00,139.878,139.885,139.851,139.87,1552.75
2023-05-25 17:10:00+00:00,139.87,139.882,139.854,139.87,1309.5
2023-05-25 17:15:00+00:00,139.869,139.931,139.869,139.918,1649.02
2023-05-25 17:20:00+00:00,139.918,139.931,139.901,139.923,1294.27
2023-05-25 17:25:00+00:00,139.923,139.95,139.916,139.916,1895.44
2023-05-25 17:30:00+00:00,139.917,139.924,139.886,139.906,1758.31
2023-05-25 17:35:00+00:00,139.905,139.944,139.905,139.943,1755.26
2023-05-25 17:40:00+00:00,139.942,139.945,139.899,139.904,1242.56
2023-05-25 17:45:00+00:00,139.905,139.93,139.895,139.915,1093.4
2023-05-25 17:50:00+00:00,139.911,139.915,139.873,139.878,837.0
2023-05-25 17:55:00+00:00,139.882,139.904,139.878,139.904,1240.81
2023-05-25 18:00:00+00:00,139.904,139.956,139.898,139.929,2271.85
2023-05-25 18:05:00+00:00,139.928,139.929,139.902,139.918,1233.76
2023-05-25 18:10:00+00:00,139.917,139.978,139.917,139.975,1543.95
2023-05-25 18:15:00+00:00,139.975,139.982,139.965,139.973,1592.78
2023-05-25 18:20:00+00:00,139.975,139.977,139.954,139.976,1595.58
2023-05-25 18:25:00+00:00,139.976,139.978,139.946,139.946,1198.56
2023-05-25 18:30:00+00:00,139.945,139.965,139.919,139.955,1710.23
2023-05-25 18:35:00+00:00,139.955,139.981,139.947,139.977,1668.43
2023-05-25 18:40:00+00:00,139.976,139.976,139.954,139.968,1404.85
2023-05-25 18:45:00+00:00,139.968,139.979,139.948,139.959,1337.7
2023-05-25 18:50:00+00:00,139.959,139.981,139.953,139.975,1427.65
2023-05-25 18:55:00+00:00,139.972,139.984,139.959,139.984,1390.62
2023-05-25 19:00:00+00:00,139.986,140.007,139.969,139.997,1576.69
2023-05-25 19:05:00+00:00,139.998,140.01,139.994,140.003,835.68
2023-05-25 19:10:00+00:00,140.004,140.008,139.99,140.004,814.24
2023-05-25 19:15:00+00:00,140.003,140.123,139.992,140.117,1169.29
2023-05-25 19:20:00+00:00,140.116,140.135,140.108,140.113,1171.65
2023-05-25 19:25:00+00:00,140.112,140.133,140.071,140.132,1429.91
2023-05-25 19:30:00+00:00,140.133,140.182,140.112,140.169,1554.46
2023-05-25 19:35:00+00:00,140.171,140.2,140.168,140.188,1074.57
2023-05-25 19:40:00+00:00,140.189,140.228,140.186,140.2,1103.72
2023-05-25 19:45:00+00:00,140.2,140.206,140.142,140.183,1392.83
2023-05-25 19:50:00+00:00,140.182,140.199,140.177,140.19,798.44
2023-05-25 19:55:00+00:00,140.189,140.189,140.139,140.166,954.19
2023-05-25 20:00:00+00:00,140.166,140.182,140.138,140.151,723.76
2023-05-25 20:05:00+00:00,140.152,140.162,140.089,140.097,684.3
2023-05-25 20:10:00+00:00,140.096,140.118,140.089,140.102,774.96
2023-05-25 20:15:00+00:00,140.101,140.101,140.089,140.095,307.95
2023-05-25 20:20:00+00:00,140.098,140.098,140.081,140.094,372.3
2023-05-25 20:25:00+00:00,140.096,140.099,140.079,140.089,451.2
2023-05-25 20:30:00+00:00,140.087,140.104,140.073,140.089,401.7
2023-05-25 20:35:00+00:00,140.09,140.091,140.067,140.072,470.4
2023-05-25 20:40:00+00:00,140.07,140.084,140.05,140.055,696.28
2023-05-25 20:45:00+00:00,140.052,140.059,140.029,140.031,958.67
2023-05-25 20:50:00+00:00,140.029,140.055,140.028,140.045,1264.14
2023-05-25 20:55:00+00:00,140.044,140.067,140.026,140.047,305.05
2023-05-25 21:00:00+00:00,140.02,140.026,140.01,140.015,12.79
2023-05-25 21:05:00+00:00,140.015,140.038,140.014,140.023,1398.9
2023-05-25 21:10:00+00:00,140.023,140.035,140.022,140.023,2011.8
2023-05-25 21:15:00+00:00,140.023,140.038,140.014,140.017,1222.5
2023-05-25 21:20:00+00:00,140.015,140.037,140.014,140.032,1150.8
2023-05-25 21:25:00+00:00,140.025,140.033,140.006,140.009,2327.28
2023-05-25 21:30:00+00:00,140.01,140.012,140.007,140.008,1855.8
2023-05-25 21:35:00+00:00,140.008,140.01,140.002,140.005,2284.95
2023-05-25 21:40:00+00:00,140.005,140.026,140.004,140.026,1791.27
2023-05-25 21:45:00+00:00,140.029,140.069,140.024,140.055,53.22
2023-05-25 21:50:00+00:00,140.048,140.058,140.044,140.058,230.67
2023-05-25 21:55:00+00:00,140.056,140.067,140.044,140.064,61.33
2023-05-25 22:00:00+00:00,140.064,140.099,140.04,140.091,604.97
2023-05-25 22:05:00+00:00,140.09,140.101,140.038,140.063,1039.05
2023-05-25 22:10:00+00:00,140.064,140.084,140.032,140.061,2479.29
2023-05-25 22:15:00+00:00,140.063,140.079,140.011,140.016,2230.8
2023-05-25 22:20:00+00:00,140.015,140.021,139.949,139.984,2751.83
2023-05-25 22:25:00+00:00,139.984,140.014,139.984,140.014,1153.81
2023-05-25 22:30:00+00:00,140.012,140.016,139.958,139.96,2216.42
2023-05-25 22:35:00+00:00,139.961,139.963,139.933,139.937,2336.17
2023-05-25 22:40:00+00:00,139.936,139.957,139.935,139.954,523.89
2023-05-25 22:45:00+00:00,139.955,139.964,139.944,139.944,668.84
2023-05-25 22:50:00+00:00,139.945,139.955,139.912,139.923,677.83
2023-05-25 22:55:00+00:00,139.918,139.932,139.909,139.924,647.64
2023-05-25 23:00:00+00:00,139.925,139.937,139.918,139.934,810.89
2023-05-25 23:05:00+00:00,139.933,139.943,139.923,139.938,1135.35
2023-05-25 23:10:00+00:00,139.938,139.939,139.869,139.876,629.25
2023-05-25 23:15:00+00:00,139.877,139.899,139.874,139.886,210.88
2023-05-25 23:20:00+00:00,139.883,139.913,139.878,139.91,305.46
2023-05-25 23:25:00+00:00,139.91,139.917,139.898,139.913,491.4
2023-05-25 23:30:00+00:00,139.913,140.008,139.913,139.97,1117.18
2023-05-25 23:35:00+00:00,139.971,139.998,139.969,139.987,295.29
2023-05-25 23:40:00+00:00,139.988,139.994,139.974,139.987,259.65
2023-05-25 23:45:00+00:00,139.987,140.074,139.987,140.06,997.78
2023-05-25 23:50:00+00:00,140.061,140.066,140.034,140.063,766.52
2023-05-25 23:55:00+00:00,140.062,140.063,140.013,140.022,986.89
2023-05-26 00:00:00+00:00,140.023,140.029,139.955,139.986,2243.52
2023-05-26 00:05:00+00:00,139.986,140.035,139.968,140.032,1338.42
2023-05-26 00:10:00+00:00,140.032,140.066,140.026,140.042,881.95
2023-05-26 00:15:00+00:00,140.043,140.102,140.043,140.101,1130.7
2023-05-26 00:20:00+00:00,140.102,140.103,140.043,140.065,905.53
2023-05-26 00:25:00+00:00,140.065,140.083,140.051,140.063,883.21
2023-05-26 00:30:00+00:00,140.063,140.068,139.953,139.953,1346.72
2023-05-26 00:35:00+00:00,139.952,139.99,139.911,139.965,1459.24
2023-05-26 00:40:00+00:00,139.965,140.036,139.945,140.024,1606.0
2023-05-26 00:45:00+00:00,140.023,140.052,140.01,140.023,1253.91
2023-05-26 00:50:00+00:00,140.029,140.043,139.791,139.826,3119.29
2023-05-26 00:55:00+00:00,139.82,139.944,139.814,139.888,2072.14
2023-05-26 01:00:00+00:00,139.886,139.892,139.772,139.829,1547.04
2023-05-26 01:05:00+00:00,139.829,139.843,139.797,139.798,829.71
2023-05-26 01:10:00+00:00,139.797,139.839,139.784,139.829,755.89
2023-05-26 01:15:00+00:00,139.829,139.867,139.797,139.867,1777.61
2023-05-26 01:20:00+00:00,139.868,139.883,139.838,139.858,1311.88
2023-05-26 01:25:00+00:00,139.858,139.873,139.83,139.859,1089.64
2023-05-26 01:30:00+00:00,139.86,139.922,139.853,139.922,1194.48
2023-05-26 01:35:00+00:00,139.92,139.956,139.89,139.926,1061.71
2023-05-26 01:40:00+00:00,139.925,139.952,139.913,139.934,945.24
2023-05-26 01:45:00+00:00,139.936,139.939,139.878,139.881,682.74
2023-05-26 01:50:00+00:00,139.881,139.882,139.839,139.877,1158.3
2023-05-26 01:55:00+00:00,139.878,139.926,139.846,139.85,1053.53
2023-05-26 02:00:00+00:00,139.851,139.851,139.79,139.814,1027.88
2023-05-26 02:05:00+00:00,139.812,139.821,139.77,139.801,1122.45
2023-05-26 02:10:00+00:00,139.802,139.847,139.798,139.838,1022.41
2023-05-26 02:15:00+00:00,139.84,139.858,139.782,139.813,730.82
2023-05-26 02:20:00+00:00,139.813,139.828,139.791,139.819,667.51
2023-05-26 02:25:00+00:00,139.814,139.834,139.813,139.823,694.25
2023-05-26 02:30:00+00:00,139.822,139.852,139.819,139.85,723.57
2023-05-26 02:35:00+00:00,139.852,139.888,139.85,139.864,837.02
2023-05-26 02:40:00+00:00,139.869,139.876,139.857,139.86,584.08
2023-05-26 02:45:00+00:00,139.861,139.861,139.82,139.829,700.34
2023-05-26 02:50:00+00:00,139.828,139.836,139.782,139.814,718.04
2023-05-26 02:55:00+00:00,139.815,139.854,139.814,139.841,1041.77
2023-05-26 03:00:00+00:00,139.842,139.843,139.82,139.823,690.64
2023-05-26 03:05:00+00:00,139.824,139.856,139.822,139.842,478.41
2023-05-26 03:10:00+00:00,139.842,139.845,139.82,139.836,660.89
2023-05-26 03:15:00+00:00,139.837,139.838,139.811,139.813,336.34
2023-05-26 03:20:00+00:00,139.814,139.845,139.812,139.817,647.26
2023-05-26 03:25:00+00:00,139.816,139.833,139.813,139.821,601.5
2023-05-26 03:30:00+00:00,139.821,139.825,139.775,139.795,794.12
2023-05-26 03:35:00+00:00,139.795,139.833,139.788,139.833,763.98
2023-05-26 03:40:00+00:00,139.834,139.854,139.833,139.844,664.41
2023-05-26 03:45:00+00:00,139.843,139.849,139.831,139.835,765.28
2023-05-26 03:50:00+00:00,139.835,139.841,139.811,139.824,499.72
2023-05-26 03:55:00+00:00,139.824,139.853,139.824,139.834,581.0
2023-05-26 04:00:00+00:00,139.834,139.836,139.822,139.824,694.79
2023-05-26 04:05:00+00:00,139.825,139.825,139.728,139.743,715.1
2023-05-26 04:10:00+00:00,139.742,139.785,139.738,139.768,690.52
2023-05-26 04:15:00+00:00,139.768,139.78,139.715,139.755,739.8
2023-05-26 04:20:00+00:00,139.755,139.765,139.726,139.746,629.98
2023-05-26 04:25:00+00:00,139.746,139.748,139.715,139.735,776.4
2023-05-26 04:30:00+00:00,139.735,139.75,139.704,139.735,676.09
2023-05-26 04:35:00+00:00,139.735,139.759,139.713,139.747,477.3
2023-05-26 04:40:00+00:00,139.747,139.749,139.722,139.726,436.16
2023-05-26 04:45:00+00:00,139.724,139.749,139.721,139.746,405.9
2023-05-26 04:50:00+00:00,139.746,139.747,139.733,139.737,493.15
2023-05-26 04:55:00+00:00,139.737,139.75,139.715,139.718,712.83
2023-05-26 05:00:00+00:00,139.717,139.738,139.695,139.72,722.99
2023-05-26 05:05:00+00:00,139.721,139.746,139.717,139.745,488.42
2023-05-26 05:10:00+00:00,139.745,139.782,139.744,139.771,423.36
2023-05-26 05:15:00+00:00,139.771,139.785,139.739,139.764,921.4
2023-05-26 05:20:00+00:00,139.763,139.769,139.678,139.688,1041.04
2023-05-26 05:25:00+00:00,139.688,139.722,139.674,139.708,1084.17
2023-05-26 05:30:00+00:00,139.707,139.756,139.704,139.745,1057.05
2023-05-26 05:35:00+00:00,139.746,139.758,139.714,139.748,905.23
2023-05-26 05:40:00+00:00,139.748,139.758,139.741,139.746,718.95
2023-05-26 05:45:00+00:00,139.747,139.806,139.727,139.804,925.05
2023-05-26 05:50:00+00:00,139.805,139.806,139.743,139.768,729.04
2023-05-26 05:55:00+00:00,139.768,139.769,139.696,139.7,1177.83
2023-05-26 06:00:00+00:00,139.701,139.75,139.678,139.695,1036.92
2023-05-26 06:05:00+00:00,139.694,139.71,139.668,139.696,1185.33
2023-05-26 06:10:00+00:00,139.696,139.753,139.69,139.749,701.64
2023-05-26 06:15:00+00:00,139.752,139.787,139.719,139.735,925.49
2023-05-26 06:20:00+00:00,139.734,139.734,139.69,139.704,1051.1
2023-05-26 06:25:00+00:00,139.705,139.711,139.636,139.677,1115.61
2023-05-26 06:30:00+00:00,139.679,139.715,139.652,139.672,1180.84
2023-05-26 06:35:00+00:00,139.673,139.686,139.615,139.626,907.65
2023-05-26 06:40:00+00:00,139.627,139.651,139.604,139.621,1107.44
2023-05-26 06:45:00+00:00,139.621,139.721,139.621,139.719,1108.47
2023-05-26 06:50:00+00:00,139.719,139.726,139.636,139.678,1030.97
2023-05-26 06:55:00+00:00,139.68,139.695,139.656,139.659,1055.85
2023-05-26 07:00:00+00:00,139.66,139.755,139.66,139.714,991.26
2023-05-26 07:05:00+00:00,139.714,139.8,139.714,139.772,638.06
2023-05-26 07:10:00+00:00,139.775,139.822,139.733,139.816,1162.22
2023-05-26 07:15:00+00:00,139.819,139.843,139.746,139.756,995.6
2023-05-26 07:20:00+00:00,139.756,139.764,139.709,139.718,894.98
2023-05-26 07:25:00+00:00,139.718,139.733,139.67,139.708,777.43
2023-05-26 07:30:00+00:00,139.708,139.71,139.639,139.688,880.94
2023-05-26 07:35:00+00:00,139.69,139.721,139.634,139.64,813.15
2023-05-26 07:40:00+00:00,139.64,139.643,139.587,139.611,805.43
2023-05-26 07:45:00+00:00,139.612,139.63,139.525,139.558,1014.52
2023-05-26 07:50:00+00:00,139.559,139.571,139.492,139.566,876.65
2023-05-26 07:55:00+00:00,139.566,139.579,139.493,139.528,967.16
2023-05-26 08:00:00+00:00,139.528,139.571,139.518,139.554,2285.84
2023-05-26 08:05:00+00:00,139.553,139.578,139.533,139.573,2417.58
2023-05-26 08:10:00+00:00,139.574,139.632,139.566,139.631,1906.57
2023-05-26 08:15:00+00:00,139.631,139.663,139.617,139.661,1925.07
2023-05-26 08:20:00+00:00,139.66,139.692,139.654,139.665,2075.97
2023-05-26 08:25:00+00:00,139.664,139.718,139.655,139.705,2133.05
2023-05-26 08:30:00+00:00,139.706,139.727,139.691,139.715,1852.68
2023-05-26 08:35:00+00:00,139.717,139.744,139.707,139.735,1483.06
2023-05-26 08:40:00+00:00,139.734,139.754,139.692,139.694,1601.23
2023-05-26 08:45:00+00:00,139.694,139.73,139.685,139.718,1752.52
2023-05-26 08:50:00+00:00,139.718,139.744,139.693,139.707,1507.5
2023-05-26 08:55:00+00:00,139.708,139.735,139.678,139.694,1903.47
2023-05-26 09:00:00+00:00,139.694,139.758,139.694,139.758,1850.42
2023-05-26 09:05:00+00:00,139.761,139.784,139.73,139.776,1612.19
2023-05-26 09:10:00+00:00,139.775,139.798,139.739,139.739,1800.28
2023-05-26 09:15:00+00:00,139.739,139.749,139.716,139.729,1400.44
2023-05-26 09:20:00+00:00,139.729,139.736,139.692,139.717,992.09
2023-05-26 09:25:00+00:00,139.715,139.715,139.636,139.652,1694.14
2023-05-26 09:30:00+00:00,139.652,139.669,139.629,139.64,1464.23
2023-05-26 09:35:00+00:00,139.64,139.672,139.619,139.67,1524.91
2023-05-26 09:40:00+00:00,139.67,139.7,139.669,139.697,1023.0
2023-05-26 09:45:00+00:00,139.695,139.714,139.676,139.696,769.41
2023-05-26 09:50:00+00:00,139.697,139.719,139.655,139.669,1303.5
2023-05-26 09:55:00+00:00,139.668,139.675,139.653,139.658,1382.39
2023-05-26 10:00:00+00:00,139.658,139.682,139.62,139.649,1771.06
2023-05-26 10:05:00+00:00,139.653,139.706,139.638,139.703,1399.58
2023-05-26 10:10:00+00:00,139.702,139.745,139.693,139.719,1539.59
2023-05-26 10:15:00+00:00,139.72,139.731,139.698,139.703,1106.01
2023-05-26 10:20:00+00:00,139.704,139.709,139.676,139.689,1045.22
2023-05-26 10:25:00+00:00,139.689,139.69,139.662,139.675,903.5
2023-05-26 10:30:00+00:00,139.676,139.687,139.658,139.66,948.94
2023-05-26 10:35:00+00:00,139.659,139.722,139.659,139.705,1348.2
2023-05-26 10:40:00+00:00,139.706,139.728,139.703,139.715,1538.71
2023-05-26 10:45:00+00:00,139.712,139.725,139.689,139.71,1243.15
2023-05-26 10:50:00+00:00,139.711,139.725,139.669,139.685,1346.28
2023-05-26 10:55:00+00:00,139.686,139.723,139.684,139.717,1286.58
2023-05-26 11:00:00+00:00,139.716,139.787,139.712,139.767,1790.97
2023-05-26 11:05:00+00:00,139.768,139.77,139.744,139.755,1125.54
2023-05-26 11:10:00+00:00,139.757,139.793,139.756,139.765,1512.0
2023-05-26 11:15:00+00:00,139.766,139.797,139.763,139.784,1967.09
2023-05-26 11:20:00+00:00,139.784,139.784,139.754,139.764,1389.91
2023-05-26 11:25:00+00:00,139.764,139.78,139.729,139.774,1268.37
2023-05-26 11:30:00+00:00,139.773,139.794,139.754,139.755,1080.28
2023-05-26 11:35:00+00:00,139.754,139.816,139.754,139.799,1069.0
2023-05-26 11:40:00+00:00,139.802,139.815,139.735,139.765,1409.88
2023-05-26 11:45:00+00:00,139.766,139.775,139.735,139.756,1242.1
2023-05-26 11:50:00+00:00,139.755,139.796,139.747,139.776,1763.38
2023-05-26 11:55:00+00:00,139.776,139.776,139.745,139.76,1549.27
2023-05-26 12:00:00+00:00,139.759,139.776,139.745,139.766,1737.97
2023-05-26 12:05:00+00:00,139.766,139.769,139.713,139.737,2108.69
2023-05-26 12:10:00+00:00,139.737,139.749,139.691,139.714,2483.19
2023-05-26 12:15:00+00:00,139.715,139.735,139.697,139.699,2043.76
2023-05-26 12:20:00+00:00,139.699,139.75,139.693,139.702,2177.47
2023-05-26 12:25:00+00:00,139.706,139.729,139.665,139.701,2683.54
2023-05-26 12:30:00+00:00,139.701,140.097,139.645,140.054,7467.26
2023-05-26 12:35:00+00:00,140.055,140.318,140.038,140.278,7653.89
2023-05-26 12:40:00+00:00,140.276,140.287,140.199,140.264,5910.3
2023-05-26 12:45:00+00:00,140.265,140.292,140.122,140.144,5340.83
2023-05-26 12:50:00+00:00,140.145,140.229,140.125,140.172,4220.99
2023-05-26 12:55:00+00:00,140.172,140.229,140.072,140.075,3919.72
2023-05-26 13:00:00+00:00,140.074,140.113,140.02,140.081,3327.08
2023-05-26 13:05:00+00:00,140.078,140.158,140.051,140.143,3420.7
2023-05-26 13:10:00+00:00,140.14,140.172,140.116,140.141,3591.99
2023-05-26 13:15:00+00:00,140.141,140.224,140.135,140.223,2896.26
2023-05-26 13:20:00+00:00,140.223,140.267,140.197,140.23,3898.57
2023-05-26 13:25:00+00:00,140.229,140.23,140.146,140.154,3831.56
2023-05-26 13:30:00+00:00,140.155,140.262,140.123,140.248,4350.54
2023-05-26 13:35:00+00:00,140.251,140.31,140.244,140.288,3917.02
2023-05-26 13:40:00+00:00,140.289,140.289,140.222,140.268,3535.76
2023-05-26 13:45:00+00:00,140.27,140.347,140.27,140.309,4239.33
2023-05-26 13:50:00+00:00,140.313,140.356,140.279,140.345,4071.56
2023-05-26 13:55:00+00:00,140.346,140.389,140.344,140.351,3682.55
2023-05-26 14:00:00+00:00,140.352,140.354,140.104,140.187,6235.87
2023-05-26 14:05:00+00:00,140.187,140.192,140.074,140.106,4665.88
2023-05-26 14:10:00+00:00,140.107,140.142,140.067,140.101,3507.65
2023-05-26 14:15:00+00:00,140.101,140.172,140.078,140.114,3198.86
2023-05-26 14:20:00+00:00,140.114,140.123,140.046,140.077,3513.17
2023-05-26 14:25:00+00:00,140.078,140.143,140.068,140.143,3405.77
2023-05-26 14:30:00+00:00,140.143,140.264,140.113,140.233,3821.38
2023-05-26 14:35:00+00:00,140.233,140.296,140.232,140.269,3038.66
2023-05-26 14:40:00+00:00,140.27,140.331,140.246,140.299,2851.86
2023-05-26 14:45:00+00:00,140.299,140.398,140.298,140.357,3072.43
2023-05-26 14:50:00+00:00,140.356,140.469,140.345,140.458,3519.96
2023-05-26 14:55:00+00:00,140.459,140.499,140.455,140.494,4688.9
2023-05-26 15:00:00+00:00,140.493,140.558,140.475,140.498,4068.57
2023-05-26 15:05:00+00:00,140.497,140.596,140.476,140.595,2559.56
2023-05-26 15:10:00+00:00,140.595,140.71,140.595,140.66,4495.98
2023-05-26 15:15:00+00:00,140.66,140.675,140.58,140.601,3515.07
2023-05-26 15:20:00+00:00,140.6,140.648,140.597,140.621,3614.53
2023-05-26 15:25:00+00:00,140.62,140.663,140.604,140.623,2550.73
2023-05-26 15:30:00+00:00,140.622,140.632,140.597,140.623,3171.27
2023-05-26 15:35:00+00:00,140.623,140.632,140.599,140.603,2026.14
2023-05-26 15:40:00+00:00,140.604,140.617,140.573,140.594,2655.84
2023-05-26 15:45:00+00:00,140.594,140.599,140.522,140.527,3265.36
2023-05-26 15:50:00+00:00,140.528,140.576,140.519,140.576,2253.7
2023-05-26 15:55:00+00:00,140.576,140.589,140.522,140.534,2679.76
2023-05-26 16:00:00+00:00,140.535,140.613,140.497,140.592,2733.25
2023-05-26 16:05:00+00:00,140.594,140.611,140.561,140.566,1729.53
2023-05-26 16:10:00+00:00,140.566,140.573,140.525,140.525,1247.35
2023-05-26 16:15:00+00:00,140.526,140.557,140.515,140.517,1242.72
2023-05-26 16:20:00+00:00,140.516,140.543,140.508,140.533,1474.87
2023-05-26 16:25:00+00:00,140.533,140.556,140.526,140.549,1223.66
2023-05-26 16:30:00+00:00,140.549,140.57,140.546,140.557,1195.79
2023-05-26 16:35:00+00:00,140.558,140.558,140.504,140.516,1065.38
2023-05-26 16:40:00+00:00,140.516,140.577,140.515,140.575,1251.3
2023-05-26 16:45:00+00:00,140.57,140.577,140.522,140.55,1411.96
2023-05-26 16:50:00+00:00,140.55,140.574,140.515,140.535,1661.49
2023-05-26 16:55:00+00:00,140.538,140.608,140.538,140.594,1017.17
2023-05-26 17:00:00+00:00,140.591,140.598,140.555,140.57,1580.74
2023-05-26 17:05:00+00:00,140.569,140.584,140.555,140.579,1158.73
2023-05-26 17:10:00+00:00,140.578,140.596,140.558,140.565,1445.79
2023-05-26 17:15:00+00:00,140.565,140.565,140.519,140.535,1242.07
2023-05-26 17:20:00+00:00,140.536,140.586,140.536,140.563,1540.62
2023-05-26 17:25:00+00:00,140.563,140.613,140.559,140.609,1856.23
2023-05-26 17:30:00+00:00,140.61,140.623,140.593,140.619,1080.88
2023-05-26 17:35:00+00:00,140.618,140.624,140.593,140.622,658.75
2023-05-26 17:40:00+00:00,140.622,140.625,140.598,140.615,1154.89
2023-05-26 17:45:00+00:00,140.613,140.652,140.612,140.65,1055.96
2023-05-26 17:50:00+00:00,140.651,140.66,140.636,140.653,986.11
2023-05-26 17:55:00+00:00,140.654,140.724,140.648,140.685,1374.25
2023-05-26 18:00:00+00:00,140.683,140.689,140.641,140.66,2025.29
2023-05-26 18:05:00+00:00,140.66,140.692,140.653,140.659,2011.08
2023-05-26 18:10:00+00:00,140.659,140.669,140.646,140.659,1748.78
2023-05-26 18:15:00+00:00,140.658,140.668,140.631,140.66,1265.25
2023-05-26 18:20:00+00:00,140.66,140.66,140.647,140.658,626.64
2023-05-26 18:25:00+00:00,140.659,140.659,140.637,140.638,537.61
2023-05-26 18:30:00+00:00,140.639,140.639,140.6,140.603,1341.42
2023-05-26 18:35:00+00:00,140.605,140.612,140.592,140.608,1145.42
2023-05-26 18:40:00+00:00,140.609,140.634,140.602,140.629,836.89
2023-05-26 18:45:00+00:00,140.63,140.631,140.613,140.628,795.57
2023-05-26 18:50:00+00:00,140.628,140.633,140.603,140.619,1465.7
2023-05-26 18:55:00+00:00,140.618,140.643,140.608,140.641,1146.21
2023-05-26 19:00:00+00:00,140.641,140.641,140.59,140.602,966.18
2023-05-26 19:05:00+00:00,140.603,140.612,140.592,140.6,385.9
2023-05-26 19:10:00+00:00,140.6,140.63,140.6,140.63,377.06
2023-05-26 19:15:00+00:00,140.63,140.64,140.619,140.629,342.2
2023-05-26 19:20:00+00:00,140.63,140.641,140.629,140.64,127.8
2023-05-26 19:25:00+00:00,140.641,140.659,140.634,140.659,357.65
2023-05-26 19:30:00+00:00,140.661,140.668,140.647,140.661,330.56
2023-05-26 19:35:00+00:00,140.659,140.694,140.659,140.674,560.56
2023-05-26 19:40:00+00:00,140.674,140.674,140.632,140.647,911.25
2023-05-26 19:45:00+00:00,140.646,140.656,140.629,140.639,931.37
2023-05-26 19:50:00+00:00,140.639,140.64,140.608,140.608,711.0
2023-05-26 19:55:00+00:00,140.608,140.611,140.566,140.569,924.21
2023-05-26 20:00:00+00:00,140.568,140.583,140.563,140.575,762.94
2023-05-26 20:05:00+00:00,140.574,140.576,140.553,140.554,432.81
2023-05-26 20:10:00+00:00,140.555,140.596,140.545,140.588,549.39
2023-05-26 20:15:00+00:00,140.589,140.591,140.571,140.585,394.68
2023-05-26 20:20:00+00:00,140.587,140.592,140.571,140.586,287.91
2023-05-26 20:25:00+00:00,140.587,140.605,140.58,140.599,445.95
2023-05-26 20:30:00+00:00,140.598,140.62,140.598,140.617,380.16
2023-05-26 20:35:00+00:00,140.618,140.627,140.612,140.623,167.4
2023-05-26 20:40:00+00:00,140.623,140.626,140.6,140.621,359.14
2023-05-26 20:45:00+00:00,140.622,140.642,140.607,140.622,393.0
2023-05-26 20:50:00+00:00,140.623,140.624,140.591,140.595,972.08
2023-05-26 20:55:00+00:00,140.595,140.634,140.554,140.573,354.72
2023-05-28 21:00:00+00:00,140.568,140.568,140.568,140.568,9.9
2023-05-28 21:05:00+00:00,140.571,140.581,140.513,140.52,46.19
2023-05-28 21:10:00+00:00,140.526,140.539,140.521,140.522,6.06
2023-05-28 21:15:00+00:00,140.53,140.554,140.529,140.534,33.01
2023-05-28 21:20:00+00:00,140.553,140.553,140.532,140.533,11.7
2023-05-28 21:25:00+00:00,140.535,140.553,140.534,140.553,5.4
2023-05-28 21:30:00+00:00,140.556,140.559,140.524,140.528,34.96
2023-05-28 21:35:00+00:00,140.528,140.528,140.513,140.513,17.4
2023-05-28 21:40:00+00:00,140.513,140.557,140.509,140.548,330.76
2023-05-28 21:45:00+00:00,140.549,140.576,140.518,140.574,62.15
2023-05-28 21:50:00+00:00,140.568,140.614,140.568,140.596,34.29
2023-05-28 21:55:00+00:00,140.597,140.632,140.597,140.631,24.54
2023-05-28 22:00:00+00:00,140.633,140.863,140.625,140.824,971.45
2023-05-28 22:05:00+00:00,140.824,140.848,140.768,140.786,1562.81
2023-05-28 22:10:00+00:00,140.786,140.788,140.703,140.733,2814.42
2023-05-28 22:15:00+00:00,140.732,140.767,140.723,140.743,1960.96
2023-05-28 22:20:00+00:00,140.742,140.749,140.704,140.705,1504.17
2023-05-28 22:25:00+00:00,140.704,140.711,140.647,140.671,2062.16
2023-05-28 22:30:00+00:00,140.672,140.774,140.666,140.739,2243.34
2023-05-28 22:35:00+00:00,140.738,140.749,140.718,140.722,943.2
2023-05-28 22:40:00+00:00,140.723,140.734,140.702,140.73,1161.02
2023-05-28 22:45:00+00:00,140.729,140.762,140.725,140.752,714.62
2023-05-28 22:50:00+00:00,140.752,140.794,140.75,140.79,1011.85
2023-05-28 22:55:00+00:00,140.789,140.792,140.757,140.759,1788.54
2023-05-28 23:00:00+00:00,140.759,140.8,140.759,140.782,3292.16
2023-05-28 23:05:00+00:00,140.782,140.805,140.76,140.77,3291.11
2023-05-28 23:10:00+00:00,140.771,140.802,140.74,140.764,889.1
2023-05-28 23:15:00+00:00,140.767,140.78,140.756,140.76,1433.55
2023-05-28 23:20:00+00:00,140.759,140.768,140.738,140.75,647.1
2023-05-28 23:25:00+00:00,140.749,140.759,140.741,140.748,655.5
2023-05-28 23:30:00+00:00,140.749,140.81,140.736,140.808,1042.05
2023-05-28 23:35:00+00:00,140.809,140.843,140.809,140.825,764.7
2023-05-28 23:40:00+00:00,140.826,140.852,140.812,140.849,557.74
2023-05-28 23:45:00+00:00,140.85,140.85,140.811,140.813,934.57
2023-05-28 23:50:00+00:00,140.813,140.89,140.811,140.865,1227.93
2023-05-28 23:55:00+00:00,140.868,140.889,140.845,140.883,1044.83
2023-05-29 00:00:00+00:00,140.883,140.884,140.806,140.836,1565.95
2023-05-29 00:05:00+00:00,140.835,140.917,140.807,140.883,1944.74
2023-05-29 00:10:00+00:00,140.882,140.887,140.824,140.882,1583.04
2023-05-29 00:15:00+00:00,140.882,140.894,140.833,140.844,1422.01
2023-05-29 00:20:00+00:00,140.844,140.864,140.803,140.824,1562.4
2023-05-29 00:25:00+00:00,140.824,140.845,140.792,140.793,1205.94
2023-05-29 00:30:00+00:00,140.793,140.825,140.792,140.823,1830.36
2023-05-29 00:35:00+00:00,140.823,140.838,140.803,140.818,1613.67
2023-05-29 00:40:00+00:00,140.819,140.825,140.781,140.825,1771.84
2023-05-29 00:45:00+00:00,140.824,140.866,140.791,140.791,1384.66
2023-05-29 00:50:00+00:00,140.784,140.793,140.704,140.734,2815.21
2023-05-29 00:55:00+00:00,140.732,140.757,140.727,140.752,2560.48
2023-05-29 01:00:00+00:00,140.753,140.774,140.709,140.72,1759.76
2023-05-29 01:05:00+00:00,140.719,140.76,140.718,140.732,1115.37
2023-05-29 01:10:00+00:00,140.732,140.732,140.637,140.647,845.5
2023-05-29 01:15:00+00:00,140.646,140.656,140.623,140.654,609.24
2023-05-29 01:20:00+00:00,140.654,140.654,140.576,140.592,2297.02
2023-05-29 01:25:00+00:00,140.592,140.601,140.537,140.588,2786.01
2023-05-29 01:30:00+00:00,140.587,140.588,140.542,140.552,1982.46
2023-05-29 01:35:00+00:00,140.552,140.573,140.513,140.521,2078.68
2023-05-29 01:40:00+00:00,140.52,140.538,140.481,140.521,2147.37
2023-05-29 01:45:00+00:00,140.523,140.577,140.521,140.524,2052.89
2023-05-29 01:50:00+00:00,140.523,140.551,140.5,140.55,490.03
2023-05-29 01:55:00+00:00,140.553,140.555,140.54,140.541,253.58
2023-05-29 02:00:00+00:00,140.54,140.572,140.518,140.525,508.37
2023-05-29 02:05:00+00:00,140.524,140.524,140.44,140.452,487.82
2023-05-29 02:10:00+00:00,140.452,140.487,140.452,140.484,370.18
2023-05-29 02:15:00+00:00,140.483,140.508,140.478,140.491,199.05
2023-05-29 02:20:00+00:00,140.49,140.515,140.479,140.48,262.12
2023-05-29 02:25:00+00:00,140.482,140.482,140.44,140.459,254.73
2023-05-29 02:30:00+00:00,140.459,140.475,140.44,140.44,285.55
2023-05-29 02:35:00+00:00,140.434,140.434,140.382,140.384,538.99
2023-05-29 02:40:00+00:00,140.383,140.436,140.383,140.432,375.59
2023-05-29 02:45:00+00:00,140.433,140.457,140.419,140.443,372.92
2023-05-29 02:50:00+00:00,140.443,140.524,140.442,140.516,387.95
2023-05-29 02:55:00+00:00,140.515,140.54,140.503,140.514,380.45
2023-05-29 03:00:00+00:00,140.514,140.533,140.513,140.522,206.32
2023-05-29 03:05:00+00:00,140.521,140.562,140.505,140.559,355.6
2023-05-29 03:10:00+00:00,140.56,140.583,140.555,140.581,410.27
2023-05-29 03:15:00+00:00,140.582,140.604,140.57,140.584,334.2
2023-05-29 03:20:00+00:00,140.583,140.6,140.581,140.596,247.2
2023-05-29 03:25:00+00:00,140.595,140.618,140.595,140.604,338.4
2023-05-29 03:30:00+00:00,140.604,140.604,140.561,140.592,277.46
2023-05-29 03:35:00+00:00,140.591,140.61,140.577,140.606,304.27
2023-05-29 03:40:00+00:00,140.605,140.616,140.576,140.613,323.1
2023-05-29 03:45:00+00:00,140.616,140.64,140.564,140.57,408.52
2023-05-29 03:50:00+00:00,140.57,140.602,140.563,140.591,316.57
2023-05-29 03:55:00+00:00,140.59,140.613,140.588,140.593,299.11
2023-05-29 04:00:00+00:00,140.596,140.64,140.596,140.598,367.89
2023-05-29 04:05:00+00:00,140.597,140.602,140.544,140.547,319.01
2023-05-29 04:10:00+00:00,140.547,140.567,140.536,140.55,245.45
2023-05-29 04:15:00+00:00,140.549,140.55,140.478,140.483,385.37
2023-05-29 04:20:00+00:00,140.485,140.518,140.48,140.501,855.45
2023-05-29 04:25:00+00:00,140.5,140.511,140.468,140.475,1223.7
2023-05-29 04:30:00+00:00,140.475,140.491,140.447,140.462,1436.64
2023-05-29 04:35:00+00:00,140.463,140.464,140.421,140.431,841.65
2023-05-29 04:40:00+00:00,140.432,140.442,140.398,140.414,1099.26
2023-05-29 04:45:00+00:00,140.413,140.417,140.392,140.403,925.65
2023-05-29 04:50:00+00:00,140.401,140.451,140.401,140.432,2675.65
2023-05-29 04:55:00+00:00,140.432,140.467,140.398,140.408,3291.75
2023-05-29 05:00:00+00:00,140.408,140.42,140.393,140.396,2580.2
2023-05-29 05:05:00+00:00,140.396,140.405,140.365,140.404,2025.53
2023-05-29 05:10:00+00:00,140.404,140.405,140.367,140.394,1771.26
2023-05-29 05:15:00+00:00,140.394,140.427,140.373,140.379,1162.8
2023-05-29 05:20:00+00:00,140.379,140.405,140.364,140.388,1443.15
2023-05-29 05:25:00+00:00,140.387,140.387,140.356,140.358,939.75
2023-05-29 05:30:00+00:00,140.357,140.414,140.356,140.403,1136.4
2023-05-29 05:35:00+00:00,140.404,140.404,140.386,140.389,861.48
2023-05-29 05:40:00+00:00,140.387,140.388,140.363,140.384,1102.35
2023-05-29 05:45:00+00:00,140.383,140.392,140.377,140.387,976.41
2023-05-29 05:50:00+00:00,140.386,140.39,140.326,140.333,817.3
2023-05-29 05:55:00+00:00,140.333,140.352,140.332,140.334,1258.35
2023-05-29 06:00:00+00:00,140.334,140.354,140.284,140.298,1892.54
2023-05-29 06:05:00+00:00,140.296,140.343,140.286,140.333,1607.85
2023-05-29 06:10:00+00:00,140.334,140.346,140.318,140.324,1643.7
2023-05-29 06:15:00+00:00,140.325,140.335,140.312,140.312,850.57
2023-05-29 06:20:00+00:00,140.306,140.314,140.219,140.244,1139.84
2023-05-29 06:25:00+00:00,140.245,140.274,140.235,140.261,1532.37
2023-05-29 06:30:00+00:00,140.261,140.307,140.261,140.289,1595.37
2023-05-29 06:35:00+00:00,140.29,140.31,140.274,140.286,1051.12
2023-05-29 06:40:00+00:00,140.286,140.305,140.252,140.29,1402.7
2023-05-29 06:45:00+00:00,140.291,140.313,140.281,140.285,1374.75
2023-05-29 06:50:00+00:00,140.285,140.303,140.282,140.29,1080.33
2023-05-29 06:55:00+00:00,140.292,140.335,140.285,140.333,1382.5
2023-05-29 07:00:00+00:00,140.333,140.374,140.326,140.364,2648.07
2023-05-29 07:05:00+00:00,140.363,140.437,140.361,140.404,2359.44
2023-05-29 07:10:00+00:00,140.407,140.407,140.322,140.347,1776.74
2023-05-29 07:15:00+00:00,140.349,140.419,140.349,140.415,1174.62
2023-05-29 07:20:00+00:00,140.416,140.434,140.39,140.432,1362.54
2023-05-29 07:25:00+00:00,140.432,140.466,140.406,140.463,1380.11
2023-05-29 07:30:00+00:00,140.463,140.493,140.446,140.486,1778.53
2023-05-29 07:35:00+00:00,140.488,140.502,140.46,140.484,1470.29
2023-05-29 07:40:00+00:00,140.483,140.491,140.409,140.432,959.11
2023-05-29 07:45:00+00:00,140.432,140.457,140.422,140.455,688.12
2023-05-29 07:50:00+00:00,140.455,140.485,140.455,140.481,1310.18
2023-05-29 07:55:00+00:00,140.483,140.485,140.45,140.464,1184.21
2023-05-29 08:00:00+00:00,140.463,140.481,140.429,140.475,1883.36
2023-05-29 08:05:00+00:00,140.474,140.535,140.473,140.507,1705.49
2023-05-29 08:10:00+00:00,140.507,140.518,140.495,140.504,1323.72
2023-05-29 08:15:00+00:00,140.505,140.514,140.489,140.505,1135.07
2023-05-29 08:20:00+00:00,140.505,140.519,140.484,140.484,1143.28
2023-05-29 08:25:00+00:00,140.481,140.488,140.371,140.375,1306.4
2023-05-29 08:30:00+00:00,140.376,140.397,140.368,140.373,1537.69
2023-05-29 08:35:00+00:00,140.373,140.396,140.334,140.367,1709.6
2023-05-29 08:40:00+00:00,140.366,140.39,140.358,140.367,1609.39
2023-05-29 08:45:00+00:00,140.366,140.377,140.317,140.359,1165.56
2023-05-29 08:50:00+00:00,140.358,140.359,140.318,140.337,1394.74
2023-05-29 08:55:00+00:00,140.338,140.346,140.3,140.318,1519.27
2023-05-29 09:00:00+00:00,140.317,140.366,140.316,140.363,1770.75
2023-05-29 09:05:00+00:00,140.362,140.365,140.324,140.348,1050.13
2023-05-29 09:10:00+00:00,140.349,140.388,140.347,140.348,1365.73
2023-05-29 09:15:00+00:00,140.348,140.379,140.346,140.349,1515.6
2023-05-29 09:20:00+00:00,140.349,140.359,140.239,140.264,1953.73
2023-05-29 09:25:00+00:00,140.266,140.27,140.238,140.246,1892.58
2023-05-29 09:30:00+00:00,140.246,140.248,140.184,140.195,1939.06
2023-05-29 09:35:00+00:00,140.194,140.253,140.185,140.251,2344.11
2023-05-29 09:40:00+00:00,140.251,140.27,140.226,140.27,1836.1
2023-05-29 09:45:00+00:00,140.27,140.312,140.268,140.302,1520.9
2023-05-29 09:50:00+00:00,140.301,140.301,140.253,140.26,873.1
2023-05-29 09:55:00+00:00,140.26,140.26,140.231,140.251,954.31
2023-05-29 10:00:00+00:00,140.25,140.251,140.209,140.219,1074.62
2023-05-29 10:05:00+00:00,140.218,140.232,140.192,140.231,1364.85
2023-05-29 10:10:00+00:00,140.231,140.262,140.212,140.241,1287.0
2023-05-29 10:15:00+00:00,140.24,140.283,140.239,140.268,970.65
2023-05-29 10:20:00+00:00,140.268,140.277,140.266,140.274,665.85
2023-05-29 10:25:00+00:00,140.279,140.298,140.248,140.258,1248.75
2023-05-29 10:30:00+00:00,140.257,140.259,140.23,140.231,1016.03
2023-05-29 10:35:00+00:00,140.232,140.281,140.229,140.26,988.55
2023-05-29 10:40:00+00:00,140.26,140.275,140.246,140.249,998.07
2023-05-29 10:45:00+00:00,140.248,140.266,140.245,140.266,971.1
2023-05-29 10:50:00+00:00,140.265,140.307,140.258,140.296,1045.7
2023-05-29 10:55:00+00:00,140.295,140.296,140.275,140.28,940.75
2023-05-29 11:00:00+00:00,140.281,140.289,140.255,140.258,1314.21
2023-05-29 11:05:00+00:00,140.259,140.282,140.255,140.256,1109.74
2023-05-29 11:10:00+00:00,140.257,140.286,140.249,140.255,1046.37
2023-05-29 11:15:00+00:00,140.254,140.268,140.246,140.266,1597.79
2023-05-29 11:20:00+00:00,140.265,140.27,140.263,140.265,705.65
2023-05-29 11:25:00+00:00,140.265,140.267,140.202,140.218,1468.06
2023-05-29 11:30:00+00:00,140.218,140.251,140.216,140.22,1172.48
2023-05-29 11:35:00+00:00,140.22,140.237,140.2,140.231,1174.09
2023-05-29 11:40:00+00:00,140.229,140.231,140.196,140.21,1556.11
2023-05-29 11:45:00+00:00,140.211,140.22,140.192,140.201,1281.29
2023-05-29 11:50:00+00:00,140.201,140.211,140.173,140.206,1440.26
2023-05-29 11:55:00+00:00,140.206,140.295,140.203,140.287,1681.17
2023-05-29 12:00:00+00:00,140.286,140.296,140.266,140.277,1272.74
2023-05-29 12:05:00+00:00,140.276,140.279,140.25,140.262,1224.34
2023-05-29 12:10:00+00:00,140.262,140.273,140.261,140.265,957.22
2023-05-29 12:15:00+00:00,140.265,140.27,140.228,140.244,1009.72
2023-05-29 12:20:00+00:00,140.245,140.259,140.235,140.258,577.55
2023-05-29 12:25:00+00:00,140.259,140.264,140.236,140.238,1063.45
2023-05-29 12:30:00+00:00,140.239,140.261,140.228,140.23,852.0
2023-05-29 12:35:00+00:00,140.23,140.255,140.196,140.211,1178.9
2023-05-29 12:40:00+00:00,140.211,140.22,140.178,140.199,1586.17
2023-05-29 12:45:00+00:00,140.201,140.209,140.177,140.19,1423.72
2023-05-29 12:50:00+00:00,140.19,140.191,140.168,140.182,1111.57
2023-05-29 12:55:00+00:00,140.185,140.218,140.173,140.206,1085.0
2023-05-29 13:00:00+00:00,140.204,140.22,140.149,140.158,1500.14
2023-05-29 13:05:00+00:00,140.159,140.206,140.156,140.199,1308.53
2023-05-29 13:10:00+00:00,140.2,140.218,140.184,140.188,1381.44
2023-05-29 13:15:00+00:00,140.188,140.19,140.152,140.152,942.31
2023-05-29 13:20:00+00:00,140.152,140.16,140.131,140.15,685.8
2023-05-29 13:25:00+00:00,140.151,140.158,140.132,140.155,503.55
2023-05-29 13:30:00+00:00,140.153,140.154,140.143,140.153,528.52
2023-05-29 13:35:00+00:00,140.153,140.16,140.112,140.153,684.05
2023-05-29 13:40:00+00:00,140.151,140.214,140.151,140.214,1902.09
2023-05-29 13:45:00+00:00,140.213,140.221,140.189,140.189,1165.75
2023-05-29 13:50:00+00:00,140.189,140.224,140.186,140.215,1037.6
2023-05-29 13:55:00+00:00,140.215,140.236,140.198,140.23,770.17
2023-05-29 14:00:00+00:00,140.23,140.233,140.209,140.21,875.05
2023-05-29 14:05:00+00:00,140.215,140.229,140.215,140.221,586.2
2023-05-29 14:10:00+00:00,140.221,140.231,140.216,140.218,500.4
2023-05-29 14:15:00+00:00,140.219,140.236,140.217,140.218,601.35
2023-05-29 14:20:00+00:00,140.219,140.235,140.216,140.229,584.1
2023-05-29 14:25:00+00:00,140.229,140.27,140.229,140.257,651.3
2023-05-29 14:30:00+00:00,140.258,140.279,140.258,140.276,480.6
2023-05-29 14:35:00+00:00,140.277,140.28,140.275,140.276,490.2
2023-05-29 14:40:00+00:00,140.277,140.3,140.274,140.275,994.42
2023-05-29 14:45:00+00:00,140.277,140.284,140.248,140.256,1121.67
2023-05-29 14:50:00+00:00,140.257,140.28,140.256,140.27,789.6
2023-05-29 14:55:00+00:00,140.27,140.288,140.263,140.279,1195.74
2023-05-29 15:00:00+00:00,140.279,140.332,140.276,140.327,910.1
2023-05-29 15:05:00+00:00,140.326,140.365,140.32,140.359,916.36
2023-05-29 15:10:00+00:00,140.357,140.359,140.335,140.336,562.35
2023-05-29 15:15:00+00:00,140.337,140.37,140.332,140.365,770.7
2023-05-29 15:20:00+00:00,140.363,140.369,140.355,140.367,821.4
2023-05-29 15:25:00+00:00,140.365,140.366,140.336,140.337,813.13
2023-05-29 15:30:00+00:00,140.336,140.368,140.336,140.338,777.06
2023-05-29 15:35:00+00:00,140.339,140.355,140.337,140.338,728.25
2023-05-29 15:40:00+00:00,140.337,140.338,140.31,140.31,313.01
2023-05-29 15:45:00+00:00,140.311,140.319,140.304,140.314,646.63
2023-05-29 15:50:00+00:00,140.315,140.316,140.259,140.266,1282.64
2023-05-29 15:55:00+00:00,140.267,140.289,140.264,140.288,442.05
2023-05-29 16:00:00+00:00,140.288,140.312,140.284,140.286,998.55
2023-05-29 16:05:00+00:00,140.29,140.299,140.29,140.295,647.55
2023-05-29 16:10:00+00:00,140.295,140.337,140.292,140.337,636.42
2023-05-29 16:15:00+00:00,140.337,140.346,140.324,140.345,534.86
2023-05-29 16:20:00+00:00,140.344,140.345,140.328,140.336,818.68
2023-05-29 16:25:00+00:00,140.336,140.353,140.313,140.314,590.07
2023-05-29 16:30:00+00:00,140.315,140.326,140.312,140.326,530.75
2023-05-29 16:35:00+00:00,140.324,140.328,140.313,140.323,342.15
2023-05-29 16:40:00+00:00,140.323,140.325,140.312,140.323,225.44
2023-05-29 16:45:00+00:00,140.325,140.351,140.323,140.351,191.55
2023-05-29 16:50:00+00:00,140.354,140.357,140.348,140.348,205.2
2023-05-29 16:55:00+00:00,140.348,140.348,140.314,140.345,622.85
2023-05-29 17:00:00+00:00,140.345,140.356,140.337,140.337,590.07
2023-05-29 17:05:00+00:00,140.337,140.341,140.327,140.327,696.75
2023-05-29 17:10:00+00:00,140.327,140.329,140.304,140.319,721.4
2023-05-29 17:15:00+00:00,140.319,140.326,140.318,140.325,152.4
2023-05-29 17:20:00+00:00,140.325,140.338,140.317,140.335,357.9
2023-05-29 17:25:00+00:00,140.334,140.345,140.332,140.345,253.8
2023-05-29 17:30:00+00:00,140.344,140.345,140.338,140.342,211.5
2023-05-29 17:35:00+00:00,140.341,140.342,140.339,140.342,37.8
2023-05-29 17:40:00+00:00,140.341,140.345,140.34,140.342,123.6
2023-05-29 17:45:00+00:00,140.342,140.364,140.342,140.364,129.0
2023-05-29 17:50:00+00:00,140.364,140.365,140.362,140.365,232.8
2023-05-29 17:55:00+00:00,140.365,140.374,140.364,140.371,201.3
2023-05-29 18:00:00+00:00,140.372,140.378,140.368,140.372,417.15
2023-05-29 18:05:00+00:00,140.372,140.373,140.368,140.372,726.0
2023-05-29 18:10:00+00:00,140.373,140.384,140.372,140.383,365.7
2023-05-29 18:15:00+00:00,140.384,140.386,140.379,140.382,243.45
2023-05-29 18:20:00+00:00,140.383,140.384,140.382,140.382,208.5
2023-05-29 18:25:00+00:00,140.383,140.386,140.382,140.383,414.9
2023-05-29 18:30:00+00:00,140.384,140.389,140.383,140.384,147.3
2023-05-29 18:35:00+00:00,140.385,140.385,140.382,140.384,135.9
2023-05-29 18:40:00+00:00,140.385,140.386,140.378,140.383,140.7
2023-05-29 18:45:00+00:00,140.384,140.384,140.357,140.366,305.94
2023-05-29 18:50:00+00:00,140.365,140.385,140.364,140.38,156.9
2023-05-29 18:55:00+00:00,140.381,140.395,140.376,140.395,353.1
2023-05-29 19:00:00+00:00,140.394,140.395,140.375,140.376,172.47
2023-05-29 19:05:00+00:00,140.376,140.379,140.373,140.377,166.5
2023-05-29 19:10:00+00:00,140.378,140.378,140.374,140.375,259.05
2023-05-29 19:15:00+00:00,140.374,140.387,140.373,140.385,213.15
2023-05-29 19:20:00+00:00,140.386,140.393,140.382,140.39,265.35
2023-05-29 19:25:00+00:00,140.389,140.391,140.386,140.389,109.5
2023-05-29 19:30:00+00:00,140.391,140.392,140.386,140.389,265.2
2023-05-29 19:35:00+00:00,140.39,140.391,140.384,140.385,113.7
2023-05-29 19:40:00+00:00,140.386,140.398,140.383,140.396,153.0
2023-05-29 19:45:00+00:00,140.396,140.414,140.395,140.408,277.8
2023-05-29 19:50:00+00:00,140.408,140.415,140.407,140.412,79.8
2023-05-29 19:55:00+00:00,140.414,140.446,140.409,140.446,273.0
2023-05-29 20:00:00+00:00,140.444,140.458,140.416,140.419,346.27
2023-05-29 20:05:00+00:00,140.418,140.458,140.418,140.454,159.3
2023-05-29 20:10:00+00:00,140.454,140.46,140.416,140.417,161.15
2023-05-29 20:15:00+00:00,140.414,140.42,140.411,140.415,150.3
2023-05-29 20:20:00+00:00,140.415,140.423,140.415,140.416,53.1
2023-05-29 20:25:00+00:00,140.418,140.445,140.417,140.441,155.25
2023-05-29 20:30:00+00:00,140.439,140.44,140.419,140.419,116.75
2023-05-29 20:35:00+00:00,140.42,140.426,140.413,140.425,126.6
2023-05-29 20:40:00+00:00,140.426,140.463,140.425,140.45,191.3
2023-05-29 20:45:00+00:00,140.451,140.456,140.447,140.455,116.1
2023-05-29 20:50:00+00:00,140.456,140.458,140.438,140.442,188.55
2023-05-29 20:55:00+00:00,140.442,140.449,140.413,140.415,232.08
2023-05-29 21:00:00+00:00,140.415,140.416,140.381,140.381,13.2
2023-05-29 21:05:00+00:00,140.391,140.439,140.386,140.424,90.0
2023-05-29 21:10:00+00:00,140.414,140.44,140.414,140.43,19.5
2023-05-29 21:15:00+00:00,140.43,140.447,140.43,140.447,31.5
2023-05-29 21:20:00+00:00,140.445,140.452,140.416,140.417,64.2
2023-05-29 21:25:00+00:00,140.411,140.421,140.411,140.421,22.2
2023-05-29 21:30:00+00:00,140.42,140.428,140.42,140.428,8.4
2023-05-29 21:35:00+00:00,140.427,140.444,140.427,140.44,64.8
2023-05-29 21:40:00+00:00,140.44,140.445,140.438,140.44,98.4
2023-05-29 21:45:00+00:00,140.439,140.439,140.363,140.407,227.21
2023-05-29 21:50:00+00:00,140.408,140.421,140.367,140.379,210.55
2023-05-29 21:55:00+00:00,140.379,140.385,140.313,140.364,132.84
2023-05-29 22:00:00+00:00,140.366,140.411,140.363,140.399,575.01
2023-05-29 22:05:00+00:00,140.4,140.401,140.38,140.38,404.5
2023-05-29 22:10:00+00:00,140.379,140.4,140.368,140.399,708.64
2023-05-29 22:15:00+00:00,140.4,140.4,140.339,140.389,1079.59
2023-05-29 22:20:00+00:00,140.392,140.409,140.361,140.404,1277.43
2023-05-29 22:25:00+00:00,140.405,140.457,140.403,140.456,1599.61
2023-05-29 22:30:00+00:00,140.456,140.501,140.418,140.5,2476.24
2023-05-29 22:35:00+00:00,140.5,140.506,140.455,140.469,1199.6
2023-05-29 22:40:00+00:00,140.467,140.475,140.428,140.461,1525.64
2023-05-29 22:45:00+00:00,140.462,140.467,140.427,140.439,890.15
2023-05-29 22:50:00+00:00,140.438,140.462,140.436,140.459,832.3
2023-05-29 22:55:00+00:00,140.46,140.517,140.45,140.509,1021.91
2023-05-29 23:00:00+00:00,140.509,140.509,140.468,140.477,1516.69
2023-05-29 23:05:00+00:00,140.477,140.479,140.448,140.457,1063.57
2023-05-29 23:10:00+00:00,140.458,140.474,140.453,140.469,282.6
2023-05-29 23:15:00+00:00,140.469,140.469,140.43,140.44,832.74
2023-05-29 23:20:00+00:00,140.439,140.472,140.434,140.447,584.92
2023-05-29 23:25:00+00:00,140.448,140.488,140.439,140.439,645.32
2023-05-29 23:30:00+00:00,140.44,140.498,140.439,140.497,1235.85
2023-05-29 23:35:00+00:00,140.497,140.505,140.467,140.469,1084.82
2023-05-29 23:40:00+00:00,140.47,140.488,140.465,140.469,1414.08
2023-05-29 23:45:00+00:00,140.47,140.47,140.436,140.438,1460.59
2023-05-29 23:50:00+00:00,140.439,140.47,140.434,140.455,1148.64
2023-05-29 23:55:00+00:00,140.455,140.47,140.436,140.47,844.02
2023-05-30 00:00:00+00:00,140.471,140.532,140.363,140.381,2911.64
2023-05-30 00:05:00+00:00,140.381,140.432,140.354,140.361,3179.97
2023-05-30 00:10:00+00:00,140.361,140.41,140.355,140.398,2900.21
2023-05-30 00:15:00+00:00,140.397,140.5,140.397,140.481,2370.56
2023-05-30 00:20:00+00:00,140.48,140.491,140.399,140.399,1994.93
2023-05-30 00:25:00+00:00,140.399,140.411,140.357,140.391,1661.05
2023-05-30 00:30:00+00:00,140.391,140.397,140.326,140.331,1793.01
2023-05-30 00:35:00+00:00,140.328,140.328,140.251,140.281,2566.85
2023-05-30 00:40:00+00:00,140.282,140.285,140.251,140.263,2173.56
2023-05-30 00:45:00+00:00,140.262,140.263,140.214,140.243,2391.96
2023-05-30 00:50:00+00:00,140.242,140.263,140.208,140.213,3162.34
2023-05-30 00:55:00+00:00,140.214,140.263,140.19,140.217,2990.49
2023-05-30 01:00:00+00:00,140.217,140.218,140.041,140.056,3988.44
2023-05-30 01:05:00+00:00,140.056,140.127,140.052,140.09,3213.05
2023-05-30 01:10:00+00:00,140.09,140.157,140.081,140.141,2264.81
2023-05-30 01:15:00+00:00,140.142,140.165,140.13,140.152,1813.95
2023-05-30 01:20:00+00:00,140.153,140.161,140.121,140.122,1636.62
2023-05-30 01:25:00+00:00,140.123,140.126,140.081,140.094,2279.24
2023-05-30 01:30:00+00:00,140.095,140.12,140.075,140.075,1442.82
2023-05-30 01:35:00+00:00,140.075,140.075,139.96,140.065,2813.28
2023-05-30 01:40:00+00:00,140.062,140.063,140.005,140.014,1854.66
2023-05-30 01:45:00+00:00,140.014,140.094,140.014,140.053,1881.49
2023-05-30 01:50:00+00:00,140.054,140.09,140.053,140.081,1621.12
2023-05-30 01:55:00+00:00,140.081,140.093,140.039,140.053,1163.55
2023-05-30 02:00:00+00:00,140.065,140.065,139.973,140.028,2198.92
2023-05-30 02:05:00+00:00,140.028,140.073,140.026,140.04,1306.07
2023-05-30 02:10:00+00:00,140.04,140.065,140.029,140.034,1282.47
2023-05-30 02:15:00+00:00,140.036,140.066,140.036,140.064,1428.0
2023-05-30 02:20:00+00:00,140.063,140.079,140.043,140.076,1725.07
2023-05-30 02:25:00+00:00,140.077,140.104,140.053,140.095,1685.55
2023-05-30 02:30:00+00:00,140.094,140.1,140.048,140.063,1366.72
2023-05-30 02:35:00+00:00,140.061,140.087,140.043,140.074,1554.58
2023-05-30 02:40:00+00:00,140.074,140.093,140.07,140.074,1137.97
2023-05-30 02:45:00+00:00,140.075,140.075,140.026,140.044,945.45
2023-05-30 02:50:00+00:00,140.045,140.072,140.023,140.067,1518.35
2023-05-30 02:55:00+00:00,140.067,140.077,140.016,140.038,1375.59
2023-05-30 03:00:00+00:00,140.039,140.079,140.025,140.068,1179.59
2023-05-30 03:05:00+00:00,140.069,140.143,140.054,140.139,1508.79
2023-05-30 03:10:00+00:00,140.139,140.152,140.096,140.117,1638.99
2023-05-30 03:15:00+00:00,140.117,140.145,140.113,140.142,1386.94
2023-05-30 03:20:00+00:00,140.143,140.183,140.126,140.18,1624.66
2023-05-30 03:25:00+00:00,140.181,140.189,140.144,140.144,953.5
2023-05-30 03:30:00+00:00,140.146,140.19,140.146,140.18,843.15
2023-05-30 03:35:00+00:00,140.181,140.243,140.179,140.212,1376.2
2023-05-30 03:40:00+00:00,140.215,140.222,140.192,140.202,548.97
2023-05-30 03:45:00+00:00,140.211,140.218,140.194,140.212,844.05
2023-05-30 03:50:00+00:00,140.212,140.264,140.211,140.253,1104.52
2023-05-30 03:55:00+00:00,140.253,140.261,140.234,140.243,1513.09
2023-05-30 04:00:00+00:00,140.244,140.274,140.242,140.272,1571.16
2023-05-30 04:05:00+00:00,140.272,140.322,140.272,140.3,1813.5
2023-05-30 04:10:00+00:00,140.299,140.318,140.287,140.298,1780.94
2023-05-30 04:15:00+00:00,140.298,140.316,140.284,140.291,1856.47
2023-05-30 04:20:00+00:00,140.29,140.346,140.286,140.321,2074.58
2023-05-30 04:25:00+00:00,140.32,140.358,140.302,140.353,1754.04
2023-05-30 04:30:00+00:00,140.353,140.357,140.313,140.319,1632.05
2023-05-30 04:35:00+00:00,140.32,140.353,140.318,140.343,1911.27
2023-05-30 04:40:00+00:00,140.341,140.343,140.317,140.329,1651.08
2023-05-30 04:45:00+00:00,140.33,140.343,140.321,140.323,1365.91
2023-05-30 04:50:00+00:00,140.322,140.335,140.293,140.312,1486.61
2023-05-30 04:55:00+00:00,140.311,140.332,140.307,140.32,1046.36
2023-05-30 05:00:00+00:00,140.319,140.344,140.301,140.337,1648.37
2023-05-30 05:05:00+00:00,140.33,140.344,140.325,140.338,1088.02
2023-05-30 05:10:00+00:00,140.337,140.43,140.337,140.428,2140.35
2023-05-30 05:15:00+00:00,140.429,140.43,140.377,140.393,2163.01
2023-05-30 05:20:00+00:00,140.392,140.481,140.392,140.467,2527.17
2023-05-30 05:25:00+00:00,140.468,140.489,140.457,140.476,2589.05
2023-05-30 05:30:00+00:00,140.475,140.49,140.45,140.467,2480.43
2023-05-30 05:35:00+00:00,140.467,140.487,140.453,140.485,2055.17
2023-05-30 05:40:00+00:00,140.486,140.593,140.456,140.591,2498.39
2023-05-30 05:45:00+00:00,140.591,140.669,140.59,140.633,3380.7
2023-05-30 05:50:00+00:00,140.633,140.661,140.63,140.651,2540.41
2023-05-30 05:55:00+00:00,140.651,140.688,140.647,140.675,3180.11
2023-05-30 06:00:00+00:00,140.673,140.734,140.651,140.713,3709.14
2023-05-30 06:05:00+00:00,140.713,140.723,140.67,140.722,2771.23
2023-05-30 06:10:00+00:00,140.723,140.79,140.714,140.76,2602.76
2023-05-30 06:15:00+00:00,140.76,140.843,140.759,140.839,2398.93
2023-05-30 06:20:00+00:00,140.838,140.932,140.823,140.893,2811.19
2023-05-30 06:25:00+00:00,140.893,140.901,140.843,140.896,3166.18
2023-05-30 06:30:00+00:00,140.896,140.902,140.34,140.529,5929.48
2023-05-30 06:35:00+00:00,140.529,140.614,140.367,140.455,4128.77
2023-05-30 06:40:00+00:00,140.455,140.464,140.366,140.408,5286.54
2023-05-30 06:45:00+00:00,140.409,140.461,140.348,140.457,3910.46
2023-05-30 06:50:00+00:00,140.458,140.49,140.386,140.41,4034.45
2023-05-30 06:55:00+00:00,140.409,140.44,140.377,140.382,3497.38
2023-05-30 07:00:00+00:00,140.383,140.384,140.247,140.252,6149.55
2023-05-30 07:05:00+00:00,140.255,140.311,140.209,140.275,5668.05
2023-05-30 07:10:00+00:00,140.272,140.277,140.157,140.16,5139.86
2023-05-30 07:15:00+00:00,140.158,140.194,140.116,140.187,4742.61
2023-05-30 07:20:00+00:00,140.186,140.309,140.185,140.307,4377.27
2023-05-30 07:25:00+00:00,140.306,140.386,140.295,140.352,5811.13
2023-05-30 07:30:00+00:00,140.351,140.438,140.35,140.376,4475.53
2023-05-30 07:35:00+00:00,140.376,140.411,140.308,140.392,3739.03
2023-05-30 07:40:00+00:00,140.391,140.401,140.328,140.338,3741.7
2023-05-30 07:45:00+00:00,140.341,140.413,140.331,140.409,2773.31
2023-05-30 07:50:00+00:00,140.411,140.429,140.26,140.271,4390.08
2023-05-30 07:55:00+00:00,140.271,140.271,140.225,140.26,4099.25
2023-05-30 08:00:00+00:00,140.26,140.298,140.214,140.241,4427.14
2023-05-30 08:05:00+00:00,140.241,140.308,140.236,140.29,3099.92
2023-05-30 08:10:00+00:00,140.288,140.355,140.275,140.341,2908.42
2023-05-30 08:15:00+00:00,140.341,140.362,140.287,140.302,3387.2
2023-05-30 08:20:00+00:00,140.305,140.347,140.238,140.244,3318.98
2023-05-30 08:25:00+00:00,140.242,140.326,140.23,140.317,3129.77
2023-05-30 08:30:00+00:00,140.318,140.349,140.194,140.221,3003.74
2023-05-30 08:35:00+00:00,140.222,140.255,140.215,140.248,2433.35
2023-05-30 08:40:00+00:00,140.248,140.252,140.21,140.22,2716.65
2023-05-30 08:45:00+00:00,140.22,140.22,140.129,140.173,4111.91
2023-05-30 08:50:00+00:00,140.173,140.218,140.162,140.202,3529.92
2023-05-30 08:55:00+00:00,140.203,140.216,140.138,140.162,3329.03
2023-05-30 09:00:00+00:00,140.164,140.509,140.134,140.435,6024.24
2023-05-30 09:05:00+00:00,140.439,140.573,140.37,140.543,5550.61
2023-05-30 09:10:00+00:00,140.546,140.648,140.53,140.589,5317.61
2023-05-30 09:15:00+00:00,140.59,140.591,140.456,140.478,3789.98
2023-05-30 09:20:00+00:00,140.479,140.517,140.376,140.379,4092.9
2023-05-30 09:25:00+00:00,140.377,140.377,140.244,140.244,4364.32
2023-05-30 09:30:00+00:00,140.247,140.283,140.152,140.272,4816.71
2023-05-30 09:35:00+00:00,140.273,140.31,140.2,140.235,3006.5
2023-05-30 09:40:00+00:00,140.236,140.286,140.227,140.24,2701.0
2023-05-30 09:45:00+00:00,140.24,140.28,140.191,140.245,2929.26
2023-05-30 09:50:00+00:00,140.245,140.248,140.215,140.243,2219.99
2023-05-30 09:55:00+00:00,140.242,140.246,140.2,140.209,3306.28
2023-05-30 10:00:00+00:00,140.208,140.209,140.027,140.047,4463.2
2023-05-30 10:05:00+00:00,140.048,140.187,140.047,140.138,2539.12
2023-05-30 10:10:00+00:00,140.138,140.19,140.131,140.169,2495.0
2023-05-30 10:15:00+00:00,140.169,140.211,140.15,140.199,2602.55
2023-05-30 10:20:00+00:00,140.198,140.248,140.186,140.242,2557.09
2023-05-30 10:25:00+00:00,140.244,140.289,140.237,140.286,1900.34
2023-05-30 10:30:00+00:00,140.287,140.299,140.197,140.221,2028.97
2023-05-30 10:35:00+00:00,140.218,140.243,140.187,140.209,2128.32
2023-05-30 10:40:00+00:00,140.209,140.235,140.186,140.223,2095.96
2023-05-30 10:45:00+00:00,140.224,140.229,140.15,140.176,2164.14
2023-05-30 10:50:00+00:00,140.176,140.198,140.131,140.169,1774.13
2023-05-30 10:55:00+00:00,140.169,140.184,140.116,140.126,1850.4
2023-05-30 11:00:00+00:00,140.126,140.138,140.083,140.087,2404.83
2023-05-30 11:05:00+00:00,140.085,140.095,139.989,140.009,2087.99
2023-05-30 11:10:00+00:00,140.008,140.017,139.843,139.864,2701.15
2023-05-30 11:15:00+00:00,139.865,139.931,139.78,139.88,2801.77
2023-05-30 11:20:00+00:00,139.88,139.933,139.849,139.932,1122.34
2023-05-30 11:25:00+00:00,139.933,139.963,139.916,139.963,466.72
2023-05-30 11:30:00+00:00,139.964,139.964,139.81,139.855,937.05
2023-05-30 11:35:00+00:00,139.856,139.905,139.819,139.838,1121.39
2023-05-30 11:40:00+00:00,139.837,139.852,139.738,139.806,976.92
2023-05-30 11:45:00+00:00,139.804,139.842,139.754,139.754,826.49
2023-05-30 11:50:00+00:00,139.757,139.76,139.674,139.683,958.22
2023-05-30 11:55:00+00:00,139.683,139.736,139.651,139.656,1001.27
2023-05-30 12:00:00+00:00,139.653,139.691,139.609,139.657,1255.8
2023-05-30 12:05:00+00:00,139.655,139.677,139.578,139.611,1137.34
2023-05-30 12:10:00+00:00,139.612,139.663,139.611,139.66,1038.86
2023-05-30 12:15:00+00:00,139.661,139.689,139.611,139.689,1032.37
2023-05-30 12:20:00+00:00,139.69,139.778,139.639,139.767,1274.26
2023-05-30 12:25:00+00:00,139.767,139.818,139.749,139.763,962.86
2023-05-30 12:30:00+00:00,139.764,139.764,139.703,139.726,2428.56
2023-05-30 12:35:00+00:00,139.728,139.806,139.713,139.791,3058.57
2023-05-30 12:40:00+00:00,139.791,139.821,139.769,139.804,2209.45
2023-05-30 12:45:00+00:00,139.805,139.823,139.701,139.715,2672.35
2023-05-30 12:50:00+00:00,139.713,139.834,139.666,139.825,3176.55
2023-05-30 12:55:00+00:00,139.821,139.855,139.788,139.824,2992.62
2023-05-30 13:00:00+00:00,139.823,139.898,139.807,139.864,4015.81
2023-05-30 13:05:00+00:00,139.865,139.886,139.824,139.826,2684.55
2023-05-30 13:10:00+00:00,139.825,139.832,139.775,139.825,2904.21
2023-05-30 13:15:00+00:00,139.825,139.829,139.799,139.806,2390.86
2023-05-30 13:20:00+00:00,139.807,139.809,139.705,139.739,2972.65
2023-05-30 13:25:00+00:00,139.74,139.859,139.73,139.856,2128.48
2023-05-30 13:30:00+00:00,139.856,139.938,139.848,139.914,4411.12
2023-05-30 13:35:00+00:00,139.914,139.942,139.884,139.915,4754.87
2023-05-30 13:40:00+00:00,139.915,139.953,139.854,139.914,3197.74
2023-05-30 13:45:00+00:00,139.914,139.918,139.838,139.856,3265.27
2023-05-30 13:50:00+00:00,139.856,139.922,139.845,139.858,3528.27
2023-05-30 13:55:00+00:00,139.859,139.934,139.825,139.934,2769.76
2023-05-30 14:00:00+00:00,139.934,140.11,139.934,140.012,5292.16
2023-05-30 14:05:00+00:00,140.013,140.06,139.833,139.85,4772.8
2023-05-30 14:10:00+00:00,139.85,139.915,139.806,139.865,3581.11
2023-05-30 14:15:00+00:00,139.861,139.963,139.855,139.952,2810.78
2023-05-30 14:20:00+00:00,139.952,139.973,139.879,139.892,2671.53
2023-05-30 14:25:00+00:00,139.892,139.916,139.759,139.766,3717.48
2023-05-30 14:30:00+00:00,139.766,139.775,139.57,139.603,4955.74
2023-05-30 14:35:00+00:00,139.603,139.681,139.584,139.653,2646.7
2023-05-30 14:40:00+00:00,139.651,139.695,139.634,139.679,1458.4
2023-05-30 14:45:00+00:00,139.68,139.767,139.659,139.765,2298.42
2023-05-30 14:50:00+00:00,139.763,139.81,139.745,139.77,1731.16
2023-05-30 14:55:00+00:00,139.77,139.808,139.766,139.781,1317.25
2023-05-30 15:00:00+00:00,139.783,139.823,139.778,139.798,1866.92
2023-05-30 15:05:00+00:00,139.796,139.845,139.787,139.808,2030.14
2023-05-30 15:10:00+00:00,139.808,139.827,139.746,139.75,1239.26
2023-05-30 15:15:00+00:00,139.751,139.761,139.681,139.7,2225.05
2023-05-30 15:20:00+00:00,139.7,139.743,139.682,139.729,1928.37
2023-05-30 15:25:00+00:00,139.728,139.763,139.701,139.761,1854.87
2023-05-30 15:30:00+00:00,139.761,139.795,139.73,139.742,1985.59
2023-05-30 15:35:00+00:00,139.742,139.804,139.723,139.802,2206.22
2023-05-30 15:40:00+00:00,139.8,139.83,139.782,139.817,1760.74
2023-05-30 15:45:00+00:00,139.818,139.858,139.812,139.849,1382.63
2023-05-30 15:50:00+00:00,139.849,139.885,139.838,139.875,893.86
2023-05-30 15:55:00+00:00,139.875,139.884,139.829,139.835,1927.41
2023-05-30 16:00:00+00:00,139.836,139.851,139.773,139.79,2180.07
2023-05-30 16:05:00+00:00,139.793,139.798,139.731,139.772,1855.58
2023-05-30 16:10:00+00:00,139.772,139.788,139.761,139.768,940.44
2023-05-30 16:15:00+00:00,139.768,139.788,139.754,139.768,1188.83
2023-05-30 16:20:00+00:00,139.769,139.823,139.76,139.809,994.54
2023-05-30 16:25:00+00:00,139.809,139.857,139.807,139.835,994.6
2023-05-30 16:30:00+00:00,139.836,139.874,139.827,139.854,1082.16
2023-05-30 16:35:00+00:00,139.855,139.883,139.853,139.881,1450.94
2023-05-30 16:40:00+00:00,139.882,139.885,139.866,139.874,1217.75
2023-05-30 16:45:00+00:00,139.873,139.891,139.864,139.875,1321.68
2023-05-30 16:50:00+00:00,139.874,139.887,139.848,139.874,1186.55
2023-05-30 16:55:00+00:00,139.875,139.927,139.873,139.921,832.02
2023-05-30 17:00:00+00:00,139.919,139.92,139.865,139.902,861.16
2023-05-30 17:05:00+00:00,139.902,139.947,139.902,139.918,1150.56
2023-05-30 17:10:00+00:00,139.918,139.919,139.86,139.867,1140.67
2023-05-30 17:15:00+00:00,139.866,139.867,139.826,139.846,1112.13
2023-05-30 17:20:00+00:00,139.846,139.873,139.825,139.835,888.65
2023-05-30 17:25:00+00:00,139.835,139.839,139.771,139.777,1159.81
2023-05-30 17:30:00+00:00,139.777,139.804,139.754,139.756,1573.31
2023-05-30 17:35:00+00:00,139.755,139.766,139.713,139.736,1229.86
2023-05-30 17:40:00+00:00,139.736,139.761,139.735,139.74,1106.04
2023-05-30 17:45:00+00:00,139.741,139.778,139.729,139.778,1100.92
2023-05-30 17:50:00+00:00,139.775,139.79,139.738,139.748,1419.26
2023-05-30 17:55:00+00:00,139.749,139.776,139.739,139.751,1530.88
2023-05-30 18:00:00+00:00,139.751,139.778,139.748,139.755,1332.77
2023-05-30 18:05:00+00:00,139.757,139.773,139.731,139.761,1966.11
2023-05-30 18:10:00+00:00,139.76,139.791,139.756,139.789,1646.03
2023-05-30 18:15:00+00:00,139.79,139.815,139.785,139.809,886.48
2023-05-30 18:20:00+00:00,139.807,139.837,139.79,139.836,1146.93
2023-05-30 18:25:00+00:00,139.837,139.847,139.824,139.837,943.03
2023-05-30 18:30:00+00:00,139.84,139.853,139.835,139.848,896.2
2023-05-30 18:35:00+00:00,139.847,139.859,139.834,139.851,1406.51
2023-05-30 18:40:00+00:00,139.852,139.872,139.851,139.861,1376.45
2023-05-30 18:45:00+00:00,139.862,139.872,139.822,139.824,1348.81
2023-05-30 18:50:00+00:00,139.824,139.855,139.794,139.851,2076.96
2023-05-30 18:55:00+00:00,139.85,139.885,139.85,139.851,2074.53
2023-05-30 19:00:00+00:00,139.85,139.861,139.821,139.834,2076.07
2023-05-30 19:05:00+00:00,139.833,139.833,139.782,139.792,2192.34
2023-05-30 19:10:00+00:00,139.793,139.797,139.743,139.756,1591.09
2023-05-30 19:15:00+00:00,139.756,139.758,139.725,139.735,1654.46
2023-05-30 19:20:00+00:00,139.733,139.765,139.724,139.762,1114.95
2023-05-30 19:25:00+00:00,139.762,139.767,139.736,139.743,950.21
2023-05-30 19:30:00+00:00,139.744,139.765,139.738,139.752,670.78
2023-05-30 19:35:00+00:00,139.752,139.754,139.734,139.736,700.05
2023-05-30 19:40:00+00:00,139.737,139.794,139.733,139.787,908.41
2023-05-30 19:45:00+00:00,139.787,139.803,139.745,139.749,993.76
2023-05-30 19:50:00+00:00,139.751,139.759,139.729,139.747,1348.48
2023-05-30 19:55:00+00:00,139.747,139.758,139.729,139.755,1430.11
2023-05-30 20:00:00+00:00,139.756,139.806,139.756,139.806,1026.66
2023-05-30 20:05:00+00:00,139.802,139.822,139.794,139.815,803.26
2023-05-30 20:10:00+00:00,139.816,139.832,139.811,139.826,480.44
2023-05-30 20:15:00+00:00,139.825,139.826,139.79,139.796,435.22
2023-05-30 20:20:00+00:00,139.796,139.812,139.769,139.798,543.72
2023-05-30 20:25:00+00:00,139.796,139.804,139.784,139.787,243.45
2023-05-30 20:30:00+00:00,139.786,139.795,139.777,139.788,458.0
2023-05-30 20:35:00+00:00,139.788,139.795,139.781,139.791,341.7
2023-05-30 20:40:00+00:00,139.791,139.791,139.757,139.777,409.35
2023-05-30 20:45:00+00:00,139.774,139.795,139.774,139.789,316.6
2023-05-30 20:50:00+00:00,139.789,139.794,139.775,139.778,192.22
2023-05-30 20:55:00+00:00,139.777,139.796,139.777,139.782,602.5
2023-05-30 21:00:00+00:00,139.761,139.77,139.74,139.769,7.65
2023-05-30 21:05:00+00:00,139.752,139.822,139.739,139.774,60.06
2023-05-30 21:10:00+00:00,139.767,139.788,139.738,139.746,36.9
2023-05-30 21:15:00+00:00,139.745,139.745,139.745,139.745,7.2
2023-05-30 21:20:00+00:00,139.749,139.789,139.745,139.788,697.19
2023-05-30 21:25:00+00:00,139.789,139.789,139.785,139.785,1342.5
2023-05-30 21:30:00+00:00,139.784,139.787,139.738,139.786,63.42
2023-05-30 21:35:00+00:00,139.786,139.803,139.769,139.791,57.45
2023-05-30 21:40:00+00:00,139.795,139.796,139.741,139.747,335.25
2023-05-30 21:45:00+00:00,139.747,139.769,139.735,139.769,226.04
2023-05-30 21:50:00+00:00,139.761,139.769,139.751,139.769,30.09
2023-05-30 21:55:00+00:00,139.769,139.779,139.768,139.77,32.16
2023-05-30 22:00:00+00:00,139.771,139.839,139.77,139.834,347.21
2023-05-30 22:05:00+00:00,139.834,139.837,139.781,139.783,445.53
2023-05-30 22:10:00+00:00,139.783,139.798,139.715,139.735,826.5
2023-05-30 22:15:00+00:00,139.735,139.781,139.731,139.747,563.34
2023-05-30 22:20:00+00:00,139.749,139.779,139.738,139.755,721.15
2023-05-30 22:25:00+00:00,139.754,139.803,139.753,139.772,1128.26
2023-05-30 22:30:00+00:00,139.772,139.792,139.738,139.743,611.2
2023-05-30 22:35:00+00:00,139.742,139.795,139.742,139.757,339.57
2023-05-30 22:40:00+00:00,139.757,139.778,139.742,139.776,461.86
2023-05-30 22:45:00+00:00,139.776,139.776,139.749,139.765,426.78
2023-05-30 22:50:00+00:00,139.765,139.766,139.76,139.764,120.24
2023-05-30 22:55:00+00:00,139.764,139.768,139.759,139.764,103.78
2023-05-30 23:00:00+00:00,139.763,139.783,139.758,139.762,873.54
2023-05-30 23:05:00+00:00,139.76,139.765,139.757,139.763,341.06
2023-05-30 23:10:00+00:00,139.762,139.765,139.732,139.74,124.58
2023-05-30 23:15:00+00:00,139.739,139.739,139.717,139.719,200.94
2023-05-30 23:20:00+00:00,139.722,139.742,139.72,139.742,304.33
2023-05-30 23:25:00+00:00,139.744,139.786,139.743,139.785,743.39
2023-05-30 23:30:00+00:00,139.786,139.795,139.751,139.771,1075.66
2023-05-30 23:35:00+00:00,139.77,139.784,139.749,139.784,891.66
2023-05-30 23:40:00+00:00,139.784,139.818,139.776,139.791,936.67
2023-05-30 23:45:00+00:00,139.79,139.82,139.776,139.82,1138.6
2023-05-30 23:50:00+00:00,139.821,139.834,139.788,139.809,1092.41
2023-05-30 23:55:00+00:00,139.81,139.814,139.775,139.793,326.95
2023-05-31 00:00:00+00:00,139.793,139.816,139.674,139.694,1532.37
2023-05-31 00:05:00+00:00,139.693,139.844,139.691,139.844,1141.81
2023-05-31 00:10:00+00:00,139.845,139.888,139.844,139.883,2834.19
2023-05-31 00:15:00+00:00,139.881,139.92,139.836,139.892,1929.58
2023-05-31 00:20:00+00:00,139.891,139.892,139.837,139.858,1879.5
2023-05-31 00:25:00+00:00,139.856,139.858,139.797,139.809,1901.99
2023-05-31 00:30:00+00:00,139.81,139.831,139.751,139.782,1312.69
2023-05-31 00:35:00+00:00,139.78,139.812,139.773,139.803,1554.78
2023-05-31 00:40:00+00:00,139.802,139.812,139.749,139.762,1500.56
2023-05-31 00:45:00+00:00,139.762,139.8,139.759,139.778,1309.43
2023-05-31 00:50:00+00:00,139.78,139.814,139.711,139.711,1490.12
2023-05-31 00:55:00+00:00,139.711,139.726,139.614,139.669,1601.28
2023-05-31 01:00:00+00:00,139.669,139.728,139.613,139.716,1066.14
2023-05-31 01:05:00+00:00,139.724,139.735,139.666,139.714,1086.14
2023-05-31 01:10:00+00:00,139.715,139.735,139.673,139.722,987.91
2023-05-31 01:15:00+00:00,139.722,139.76,139.718,139.742,1157.17
2023-05-31 01:20:00+00:00,139.743,139.811,139.741,139.786,1190.53
2023-05-31 01:25:00+00:00,139.789,139.832,139.777,139.788,1209.92
2023-05-31 01:30:00+00:00,139.791,139.859,139.78,139.837,2114.3
2023-05-31 01:35:00+00:00,139.837,139.896,139.827,139.839,1486.49
2023-05-31 01:40:00+00:00,139.839,139.851,139.82,139.83,924.89
2023-05-31 01:45:00+00:00,139.831,139.852,139.822,139.846,781.44
2023-05-31 01:50:00+00:00,139.848,139.853,139.783,139.8,1021.25
2023-05-31 01:55:00+00:00,139.801,139.841,139.792,139.821,1009.45
2023-05-31 02:00:00+00:00,139.82,139.858,139.795,139.858,1063.87
2023-05-31 02:05:00+00:00,139.857,139.874,139.828,139.849,722.73
2023-05-31 02:10:00+00:00,139.848,139.867,139.836,139.858,634.0
2023-05-31 02:15:00+00:00,139.859,139.871,139.822,139.838,834.68
2023-05-31 02:20:00+00:00,139.839,139.853,139.803,139.811,699.26
2023-05-31 02:25:00+00:00,139.818,139.831,139.798,139.822,670.81
2023-05-31 02:30:00+00:00,139.822,139.84,139.808,139.822,773.41
2023-05-31 02:35:00+00:00,139.822,139.835,139.8,139.81,499.59
2023-05-31 02:40:00+00:00,139.811,139.82,139.789,139.789,659.14
2023-05-31 02:45:00+00:00,139.791,139.799,139.769,139.79,835.37
2023-05-31 02:50:00+00:00,139.789,139.79,139.767,139.768,397.44
2023-05-31 02:55:00+00:00,139.768,139.783,139.768,139.769,367.49
2023-05-31 03:00:00+00:00,139.77,139.772,139.746,139.75,417.28
2023-05-31 03:05:00+00:00,139.75,139.775,139.746,139.773,639.4
2023-05-31 03:10:00+00:00,139.773,139.84,139.763,139.815,648.29
2023-05-31 03:15:00+00:00,139.82,139.841,139.81,139.831,618.78
2023-05-31 03:20:00+00:00,139.832,139.848,139.819,139.83,495.43
2023-05-31 03:25:00+00:00,139.83,139.85,139.82,139.832,407.21
2023-05-31 03:30:00+00:00,139.833,139.855,139.83,139.854,709.43
2023-05-31 03:35:00+00:00,139.855,139.872,139.83,139.83,603.65
2023-05-31 03:40:00+00:00,139.832,139.837,139.787,139.789,590.88
2023-05-31 03:45:00+00:00,139.788,139.797,139.779,139.79,327.4
2023-05-31 03:50:00+00:00,139.789,139.807,139.785,139.792,402.89
2023-05-31 03:55:00+00:00,139.793,139.797,139.778,139.785,379.75
2023-05-31 04:00:00+00:00,139.784,139.799,139.782,139.783,430.14
2023-05-31 04:05:00+00:00,139.785,139.852,139.782,139.841,479.66
2023-05-31 04:10:00+00:00,139.84,139.858,139.833,139.852,378.21
2023-05-31 04:15:00+00:00,139.853,139.856,139.836,139.854,402.92
2023-05-31 04:20:00+00:00,139.853,139.856,139.818,139.832,452.95
2023-05-31 04:25:00+00:00,139.833,139.842,139.829,139.84,312.73
2023-05-31 04:30:00+00:00,139.84,139.85,139.814,139.831,524.02
2023-05-31 04:35:00+00:00,139.831,139.841,139.8,139.831,653.37
2023-05-31 04:40:00+00:00,139.831,139.832,139.816,139.831,795.1
2023-05-31 04:45:00+00:00,139.832,139.84,139.815,139.839,471.96
2023-05-31 04:50:00+00:00,139.839,139.84,139.808,139.808,663.48
2023-05-31 04:55:00+00:00,139.809,139.821,139.783,139.8,540.18
2023-05-31 05:00:00+00:00,139.799,139.809,139.732,139.742,979.2
2023-05-31 05:05:00+00:00,139.741,139.742,139.647,139.671,1244.44
2023-05-31 05:10:00+00:00,139.672,139.745,139.671,139.726,884.47
2023-05-31 05:15:00+00:00,139.725,139.736,139.643,139.685,782.07
2023-05-31 05:20:00+00:00,139.683,139.685,139.623,139.654,841.97
2023-05-31 05:25:00+00:00,139.655,139.655,139.539,139.542,1564.56
2023-05-31 05:30:00+00:00,139.54,139.598,139.449,139.449,2263.55
2023-05-31 05:35:00+00:00,139.449,139.471,139.389,139.433,1696.35
2023-05-31 05:40:00+00:00,139.433,139.439,139.339,139.351,1548.17
2023-05-31 05:45:00+00:00,139.352,139.425,139.337,139.415,1843.45
2023-05-31 05:50:00+00:00,139.415,139.467,139.413,139.454,2051.58
2023-05-31 05:55:00+00:00,139.452,139.471,139.402,139.404,2317.87
2023-05-31 06:00:00+00:00,139.404,139.427,139.336,139.354,3942.92
2023-05-31 06:05:00+00:00,139.352,139.416,139.348,139.399,2235.83
2023-05-31 06:10:00+00:00,139.398,139.446,139.312,139.426,1482.57
2023-05-31 06:15:00+00:00,139.42,139.463,139.378,139.447,2017.65
2023-05-31 06:20:00+00:00,139.446,139.465,139.415,139.439,2281.78
2023-05-31 06:25:00+00:00,139.439,139.563,139.432,139.54,1903.51
2023-05-31 06:30:00+00:00,139.547,139.561,139.481,139.483,2047.68
2023-05-31 06:35:00+00:00,139.483,139.491,139.386,139.415,1685.24
2023-05-31 06:40:00+00:00,139.417,139.464,139.409,139.452,1705.14
2023-05-31 06:45:00+00:00,139.453,139.453,139.33,139.422,3191.23
2023-05-31 06:50:00+00:00,139.423,139.5,139.423,139.464,2113.55
2023-05-31 06:55:00+00:00,139.464,139.517,139.449,139.483,1379.68
2023-05-31 07:00:00+00:00,139.484,139.568,139.464,139.485,2410.14
2023-05-31 07:05:00+00:00,139.483,139.642,139.477,139.592,2074.17
2023-05-31 07:10:00+00:00,139.59,139.628,139.569,139.626,2148.11
2023-05-31 07:15:00+00:00,139.627,139.666,139.579,139.587,1821.82
2023-05-31 07:20:00+00:00,139.588,139.608,139.562,139.574,2224.49
2023-05-31 07:25:00+00:00,139.576,139.64,139.549,139.607,1742.91
2023-05-31 07:30:00+00:00,139.607,139.643,139.569,139.643,2104.88
2023-05-31 07:35:00+00:00,139.644,139.685,139.625,139.666,1783.52
2023-05-31 07:40:00+00:00,139.666,139.709,139.662,139.695,1431.46
2023-05-31 07:45:00+00:00,139.695,139.752,139.694,139.745,1876.06
2023-05-31 07:50:00+00:00,139.743,139.759,139.702,139.735,1353.06
2023-05-31 07:55:00+00:00,139.735,139.766,139.725,139.744,1219.78
2023-05-31 08:00:00+00:00,139.744,139.778,139.715,139.715,1891.47
2023-05-31 08:05:00+00:00,139.716,139.752,139.698,139.713,1560.48
2023-05-31 08:10:00+00:00,139.713,139.718,139.666,139.685,1636.39
2023-05-31 08:15:00+00:00,139.686,139.71,139.671,139.703,1282.79
2023-05-31 08:20:00+00:00,139.705,139.724,139.652,139.687,1481.55
2023-05-31 08:25:00+00:00,139.69,139.79,139.69,139.789,1314.03
2023-05-31 08:30:00+00:00,139.788,139.872,139.784,139.84,2079.3
2023-05-31 08:35:00+00:00,139.84,139.853,139.801,139.808,2384.04
2023-05-31 08:40:00+00:00,139.81,139.822,139.771,139.799,1959.69
2023-05-31 08:45:00+00:00,139.799,139.833,139.795,139.819,1648.52
2023-05-31 08:50:00+00:00,139.825,139.887,139.825,139.862,2373.78
2023-05-31 08:55:00+00:00,139.861,139.965,139.845,139.951,2837.69
2023-05-31 09:00:00+00:00,139.959,139.993,139.906,139.957,2588.95
2023-05-31 09:05:00+00:00,139.957,139.97,139.94,139.949,1980.51
2023-05-31 09:10:00+00:00,139.952,139.966,139.924,139.954,1897.23
2023-05-31 09:15:00+00:00,139.954,139.96,139.925,139.94,1402.82
2023-05-31 09:20:00+00:00,139.939,139.939,139.896,139.929,1377.59
2023-05-31 09:25:00+00:00,139.929,139.932,139.872,139.889,1636.54
2023-05-31 09:30:00+00:00,139.889,139.937,139.86,139.86,2204.79
2023-05-31 09:35:00+00:00,139.861,139.867,139.814,139.829,1682.6
2023-05-31 09:40:00+00:00,139.83,139.887,139.827,139.849,1495.76
2023-05-31 09:45:00+00:00,139.85,139.881,139.836,139.856,1015.66
2023-05-31 09:50:00+00:00,139.854,139.886,139.843,139.886,1360.51
2023-05-31 09:55:00+00:00,139.885,139.924,139.881,139.888,1909.68
2023-05-31 10:00:00+00:00,139.887,139.923,139.88,139.904,2183.95
2023-05-31 10:05:00+00:00,139.903,139.908,139.865,139.869,1277.69
2023-05-31 10:10:00+00:00,139.868,139.878,139.816,139.835,1509.75
2023-05-31 10:15:00+00:00,139.835,139.866,139.818,139.848,1502.23
2023-05-31 10:20:00+00:00,139.848,139.859,139.799,139.808,1580.16
2023-05-31 10:25:00+00:00,139.809,139.843,139.799,139.84,999.77
2023-05-31 10:30:00+00:00,139.842,139.848,139.816,139.847,1506.25
2023-05-31 10:35:00+00:00,139.848,139.875,139.836,139.875,1106.77
2023-05-31 10:40:00+00:00,139.875,139.884,139.855,139.882,1242.0
2023-05-31 10:45:00+00:00,139.881,139.965,139.877,139.962,1394.86
2023-05-31 10:50:00+00:00,139.962,140.06,139.954,140.003,2028.33
2023-05-31 10:55:00+00:00,140.003,140.052,139.984,139.984,1893.32
2023-05-31 11:00:00+00:00,139.986,140.018,139.967,140.016,1376.92
2023-05-31 11:05:00+00:00,140.016,140.016,139.978,139.988,1279.39
2023-05-31 11:10:00+00:00,139.983,139.993,139.953,139.955,1408.53
2023-05-31 11:15:00+00:00,139.954,139.954,139.888,139.926,1088.62
2023-05-31 11:20:00+00:00,139.927,139.928,139.904,139.915,1032.37
2023-05-31 11:25:00+00:00,139.914,139.915,139.84,139.848,1173.03
2023-05-31 11:30:00+00:00,139.849,139.869,139.832,139.86,1564.46
2023-05-31 11:35:00+00:00,139.859,139.87,139.83,139.842,1554.51
2023-05-31 11:40:00+00:00,139.843,139.852,139.804,139.822,1355.98
2023-05-31 11:45:00+00:00,139.824,139.831,139.763,139.792,1303.65
2023-05-31 11:50:00+00:00,139.793,139.799,139.711,139.714,1763.67
2023-05-31 11:55:00+00:00,139.714,139.752,139.693,139.695,1827.91
2023-05-31 12:00:00+00:00,139.697,139.702,139.602,139.614,1848.58
2023-05-31 12:05:00+00:00,139.614,139.638,139.583,139.589,1667.54
2023-05-31 12:10:00+00:00,139.59,139.611,139.54,139.547,2050.56
2023-05-31 12:15:00+00:00,139.547,139.557,139.512,139.551,1791.59
2023-05-31 12:20:00+00:00,139.55,139.659,139.54,139.642,2262.59
2023-05-31 12:25:00+00:00,139.642,139.68,139.637,139.672,1669.72
2023-05-31 12:30:00+00:00,139.672,139.763,139.672,139.742,2418.21
2023-05-31 12:35:00+00:00,139.743,139.77,139.721,139.734,2318.1
2023-05-31 12:40:00+00:00,139.733,139.77,139.702,139.705,1746.24
2023-05-31 12:45:00+00:00,139.704,139.784,139.7,139.743,1925.35
2023-05-31 12:50:00+00:00,139.743,139.823,139.725,139.803,2324.85
2023-05-31 12:55:00+00:00,139.802,139.821,139.78,139.8,2284.49
2023-05-31 13:00:00+00:00,139.801,139.846,139.786,139.828,2369.55
2023-05-31 13:05:00+00:00,139.83,139.83,139.702,139.723,2003.99
2023-05-31 13:10:00+00:00,139.722,139.772,139.69,139.769,2121.98
2023-05-31 13:15:00+00:00,139.769,139.782,139.729,139.73,2247.25
2023-05-31 13:20:00+00:00,139.729,139.899,139.729,139.885,2338.58
2023-05-31 13:25:00+00:00,139.884,139.915,139.84,139.879,2416.47
2023-05-31 13:30:00+00:00,139.879,139.914,139.857,139.861,2708.33
2023-05-31 13:35:00+00:00,139.859,139.877,139.823,139.874,2627.79
2023-05-31 13:40:00+00:00,139.875,139.885,139.561,139.689,4820.72
2023-05-31 13:45:00+00:00,139.688,139.688,139.553,139.596,5456.38
2023-05-31 13:50:00+00:00,139.595,139.751,139.559,139.726,4400.96
2023-05-31 13:55:00+00:00,139.726,139.743,139.633,139.633,4382.17
2023-05-31 14:00:00+00:00,139.633,140.391,139.63,140.321,9685.86
2023-05-31 14:05:00+00:00,140.321,140.375,140.245,140.266,6387.12
2023-05-31 14:10:00+00:00,140.267,140.302,140.197,140.293,4876.4
2023-05-31 14:15:00+00:00,140.297,140.308,140.036,140.072,4455.41
2023-05-31 14:20:00+00:00,140.071,140.129,139.982,139.991,2961.23
2023-05-31 14:25:00+00:00,139.99,140.062,139.961,140.044,2279.53
2023-05-31 14:30:00+00:00,140.044,140.044,139.897,139.897,2366.1
2023-05-31 14:35:00+00:00,139.892,139.909,139.793,139.804,2555.16
2023-05-31 14:40:00+00:00,139.803,139.82,139.566,139.707,2990.77
2023-05-31 14:45:00+00:00,139.706,139.843,139.706,139.816,2982.24
2023-05-31 14:50:00+00:00,139.816,139.854,139.653,139.774,3638.42
2023-05-31 14:55:00+00:00,139.777,139.779,139.646,139.721,3815.02
2023-05-31 15:00:00+00:00,139.72,139.792,139.707,139.732,2841.35
