datetime_utc,open,high,low,close,volume
2026-04-30 15:00:00+00:00,156.674,156.825,156.674,156.808,2665.4
2026-04-30 15:05:00+00:00,156.809,156.83,156.675,156.677,1716.36
2026-04-30 15:10:00+00:00,156.677,156.696,156.639,156.661,1399.42
2026-04-30 15:15:00+00:00,156.661,156.744,156.658,156.676,1185.86
2026-04-30 15:20:00+00:00,156.675,156.755,156.672,156.738,1523.01
2026-04-30 15:25:00+00:00,156.737,156.759,156.703,156.738,1440.2
2026-04-30 15:30:00+00:00,156.738,156.776,156.692,156.722,1513.37
2026-04-30 15:35:00+00:00,156.721,156.723,156.63,156.638,939.38
2026-04-30 15:40:00+00:00,156.639,156.679,156.602,156.663,954.6
2026-04-30 15:45:00+00:00,156.664,156.724,156.663,156.688,1318.29
2026-04-30 15:50:00+00:00,156.687,156.742,156.673,156.698,1034.09
2026-04-30 15:55:00+00:00,156.696,156.698,156.633,156.662,1351.76
2026-04-30 16:00:00+00:00,156.662,156.672,156.55,156.552,897.15
2026-04-30 16:05:00+00:00,156.551,156.592,156.509,156.581,926.77
2026-04-30 16:10:00+00:00,156.584,156.594,156.517,156.534,758.78
2026-04-30 16:15:00+00:00,156.534,156.698,156.531,156.676,954.77
2026-04-30 16:20:00+00:00,156.673,156.7,156.65,156.656,1014.38
2026-04-30 16:25:00+00:00,156.657,156.739,156.655,156.709,1082.12
2026-04-30 16:30:00+00:00,156.708,156.726,156.692,156.698,843.8
2026-04-30 16:35:00+00:00,156.7,156.716,156.664,156.664,1150.38
2026-04-30 16:40:00+00:00,156.675,156.679,156.598,156.614,706.8
2026-04-30 16:45:00+00:00,156.619,156.649,156.601,156.609,621.56
2026-04-30 16:50:00+00:00,156.61,156.646,156.563,156.568,511.42
2026-04-30 16:55:00+00:00,156.569,156.601,156.554,156.579,609.51
2026-04-30 17:00:00+00:00,156.578,156.579,156.516,156.532,839.07
2026-04-30 17:05:00+00:00,156.535,156.693,156.53,156.69,839.45
2026-04-30 17:10:00+00:00,156.69,156.697,156.62,156.63,748.85
2026-04-30 17:15:00+00:00,156.631,156.65,156.575,156.579,498.48
2026-04-30 17:20:00+00:00,156.578,156.604,156.547,156.552,636.75
2026-04-30 17:25:00+00:00,156.553,156.586,156.524,156.524,934.46
2026-04-30 17:30:00+00:00,156.525,156.525,156.427,156.489,1181.32
2026-04-30 17:35:00+00:00,156.488,156.516,156.464,156.47,1267.69
2026-04-30 17:40:00+00:00,156.471,156.492,156.462,156.486,1291.43
2026-04-30 17:45:00+00:00,156.485,156.51,156.468,156.498,1413.21
2026-04-30 17:50:00+00:00,156.497,156.51,156.489,156.493,637.5
2026-04-30 17:55:00+00:00,156.491,156.498,156.459,156.482,525.48
2026-04-30 18:00:00+00:00,156.48,156.481,156.41,156.432,808.31
2026-04-30 18:05:00+00:00,156.432,156.46,156.426,156.445,603.16
2026-04-30 18:10:00+00:00,156.446,156.47,156.435,156.452,476.65
2026-04-30 18:15:00+00:00,156.451,156.451,156.374,156.374,517.93
2026-04-30 18:20:00+00:00,156.376,156.383,156.338,156.374,683.59
2026-04-30 18:25:00+00:00,156.38,156.399,156.357,156.392,646.83
2026-04-30 18:30:00+00:00,156.388,156.418,156.354,156.369,679.52
2026-04-30 18:35:00+00:00,156.368,156.378,156.329,156.335,543.32
2026-04-30 18:40:00+00:00,156.334,156.36,156.312,156.321,615.4
2026-04-30 18:45:00+00:00,156.322,156.369,156.317,156.359,278.6
2026-04-30 18:50:00+00:00,156.358,156.386,156.338,156.378,527.52
2026-04-30 18:55:00+00:00,156.379,156.423,156.362,156.412,838.22
2026-04-30 19:00:00+00:00,156.411,156.46,156.372,156.436,865.63
2026-04-30 19:05:00+00:00,156.437,156.451,156.36,156.364,918.52
2026-04-30 19:10:00+00:00,156.363,156.364,156.306,156.357,729.53
2026-04-30 19:15:00+00:00,156.357,156.476,156.329,156.475,603.15
2026-04-30 19:20:00+00:00,156.474,156.544,156.47,156.487,1035.66
2026-04-30 19:25:00+00:00,156.488,156.528,156.482,156.482,594.65
2026-04-30 19:30:00+00:00,156.483,156.518,156.472,156.478,498.14
2026-04-30 19:35:00+00:00,156.476,156.509,156.432,156.433,631.85
2026-04-30 19:40:00+00:00,156.433,156.456,156.408,156.453,591.96
2026-04-30 19:45:00+00:00,156.453,156.491,156.445,156.459,588.63
2026-04-30 19:50:00+00:00,156.455,156.477,156.45,156.464,481.38
2026-04-30 19:55:00+00:00,156.462,156.568,156.456,156.565,939.53
2026-04-30 20:00:00+00:00,156.566,156.569,156.523,156.541,780.8
2026-04-30 20:05:00+00:00,156.54,156.589,156.54,156.578,463.27
2026-04-30 20:10:00+00:00,156.576,156.599,156.566,156.569,279.65
2026-04-30 20:15:00+00:00,156.567,156.57,156.535,156.547,252.95
2026-04-30 20:20:00+00:00,156.548,156.548,156.523,156.54,123.18
2026-04-30 20:25:00+00:00,156.541,156.549,156.522,156.547,191.24
2026-04-30 20:30:00+00:00,156.55,156.551,156.508,156.517,181.46
2026-04-30 20:35:00+00:00,156.518,156.574,156.518,156.574,210.0
2026-04-30 20:40:00+00:00,156.573,156.607,156.564,156.606,252.07
2026-04-30 20:45:00+00:00,156.605,156.614,156.588,156.591,200.31
2026-04-30 20:50:00+00:00,156.59,156.607,156.587,156.591,217.5
2026-04-30 20:55:00+00:00,156.586,156.629,156.577,156.58,422.52
2026-04-30 21:00:00+00:00,156.58,156.585,156.385,156.49,7.35
2026-04-30 21:05:00+00:00,156.49,156.515,156.468,156.515,44.2
2026-04-30 21:10:00+00:00,156.509,156.514,156.508,156.514,11.47
2026-04-30 21:15:00+00:00,156.514,156.563,156.514,156.528,15.6
2026-04-30 21:20:00+00:00,156.53,156.569,156.53,156.565,24.9
2026-04-30 21:25:00+00:00,156.563,156.567,156.552,156.556,20.55
2026-04-30 21:30:00+00:00,156.565,156.584,156.565,156.582,43.35
2026-04-30 21:35:00+00:00,156.575,156.583,156.572,156.578,45.6
2026-04-30 21:40:00+00:00,156.575,156.65,156.575,156.642,67.73
2026-04-30 21:45:00+00:00,156.645,156.651,156.567,156.567,182.22
2026-04-30 21:50:00+00:00,156.567,156.569,156.565,156.569,31.5
2026-04-30 21:55:00+00:00,156.567,156.571,156.567,156.57,16.5
2026-04-30 22:00:00+00:00,156.569,156.645,156.563,156.642,170.37
2026-04-30 22:05:00+00:00,156.644,156.645,156.617,156.621,84.9
2026-04-30 22:10:00+00:00,156.62,156.654,156.616,156.648,170.2
2026-04-30 22:15:00+00:00,156.647,156.647,156.623,156.63,41.55
2026-04-30 22:20:00+00:00,156.631,156.631,156.614,156.621,55.8
2026-04-30 22:25:00+00:00,156.622,156.668,156.622,156.663,83.1
2026-04-30 22:30:00+00:00,156.661,156.715,156.659,156.71,231.0
2026-04-30 22:35:00+00:00,156.709,156.745,156.709,156.721,124.65
2026-04-30 22:40:00+00:00,156.72,156.731,156.717,156.721,88.32
2026-04-30 22:45:00+00:00,156.718,156.719,156.686,156.687,134.25
2026-04-30 22:50:00+00:00,156.687,156.732,156.682,156.725,148.95
2026-04-30 22:55:00+00:00,156.725,156.725,156.647,156.66,220.64
2026-04-30 23:00:00+00:00,156.663,156.699,156.639,156.673,280.65
2026-04-30 23:05:00+00:00,156.673,156.725,156.67,156.725,510.76
2026-04-30 23:10:00+00:00,156.727,156.778,156.72,156.773,231.6
2026-04-30 23:15:00+00:00,156.77,156.775,156.754,156.757,237.69
2026-04-30 23:20:00+00:00,156.757,156.76,156.699,156.701,133.5
2026-04-30 23:25:00+00:00,156.701,156.716,156.684,156.707,132.36
2026-04-30 23:30:00+00:00,156.708,156.744,156.708,156.741,331.21
2026-04-30 23:35:00+00:00,156.741,156.803,156.725,156.797,475.81
2026-04-30 23:40:00+00:00,156.799,156.899,156.799,156.897,803.85
2026-04-30 23:45:00+00:00,156.896,157.001,156.895,156.963,1263.69
2026-04-30 23:50:00+00:00,156.963,157.014,156.927,157.007,1089.73
2026-04-30 23:55:00+00:00,157.004,157.021,156.97,156.989,768.75
2026-05-01 00:00:00+00:00,156.988,157.11,156.964,157.077,1134.6
2026-05-01 00:05:00+00:00,157.078,157.166,157.077,157.116,911.53
2026-05-01 00:10:00+00:00,157.116,157.149,157.061,157.115,894.45
2026-05-01 00:15:00+00:00,157.115,157.168,157.099,157.151,1155.2
2026-05-01 00:20:00+00:00,157.151,157.153,157.101,157.14,738.6
2026-05-01 00:25:00+00:00,157.139,157.305,157.139,157.281,1367.79
2026-05-01 00:30:00+00:00,157.279,157.282,157.175,157.185,1145.25
2026-05-01 00:35:00+00:00,157.186,157.241,157.142,157.238,927.95
2026-05-01 00:40:00+00:00,157.238,157.266,157.222,157.236,967.54
2026-05-01 00:45:00+00:00,157.234,157.28,157.197,157.2,999.94
2026-05-01 00:50:00+00:00,157.2,157.237,157.043,157.054,1453.36
2026-05-01 00:55:00+00:00,157.054,157.115,156.988,157.079,1589.67
2026-05-01 01:00:00+00:00,157.078,157.165,157.048,157.163,817.71
2026-05-01 01:05:00+00:00,157.164,157.203,157.153,157.189,624.75
2026-05-01 01:10:00+00:00,157.19,157.254,157.183,157.187,653.07
2026-05-01 01:15:00+00:00,157.186,157.189,157.104,157.189,666.27
2026-05-01 01:20:00+00:00,157.194,157.201,157.126,157.169,566.73
2026-05-01 01:25:00+00:00,157.169,157.241,157.138,157.19,428.85
2026-05-01 01:30:00+00:00,157.188,157.191,157.065,157.164,705.0
2026-05-01 01:35:00+00:00,157.162,157.197,157.116,157.179,703.53
2026-05-01 01:40:00+00:00,157.177,157.207,157.148,157.2,507.92
2026-05-01 01:45:00+00:00,157.199,157.203,157.119,157.174,634.94
2026-05-01 01:50:00+00:00,157.176,157.189,157.14,157.168,500.26
2026-05-01 01:55:00+00:00,157.168,157.232,157.116,157.197,785.02
2026-05-01 02:00:00+00:00,157.194,157.205,157.14,157.177,577.03
2026-05-01 02:05:00+00:00,157.178,157.178,157.142,157.153,439.68
2026-05-01 02:10:00+00:00,157.155,157.185,157.147,157.165,454.24
2026-05-01 02:15:00+00:00,157.164,157.193,157.127,157.184,416.08
2026-05-01 02:20:00+00:00,157.183,157.21,157.161,157.173,493.74
2026-05-01 02:25:00+00:00,157.179,157.192,157.159,157.179,273.12
2026-05-01 02:30:00+00:00,157.179,157.179,157.153,157.161,312.06
2026-05-01 02:35:00+00:00,157.156,157.198,157.152,157.178,290.2
2026-05-01 02:40:00+00:00,157.18,157.277,157.179,157.276,500.69
2026-05-01 02:45:00+00:00,157.276,157.301,157.27,157.298,492.66
2026-05-01 02:50:00+00:00,157.298,157.326,157.284,157.299,472.74
2026-05-01 02:55:00+00:00,157.296,157.301,157.236,157.236,316.66
2026-05-01 03:00:00+00:00,157.233,157.28,157.195,157.276,485.84
2026-05-01 03:05:00+00:00,157.274,157.289,157.235,157.276,248.92
2026-05-01 03:10:00+00:00,157.275,157.29,157.273,157.275,231.96
2026-05-01 03:15:00+00:00,157.273,157.281,157.216,157.236,237.12
2026-05-01 03:20:00+00:00,157.234,157.234,157.139,157.154,405.87
2026-05-01 03:25:00+00:00,157.154,157.178,157.143,157.167,192.45
2026-05-01 03:30:00+00:00,157.164,157.18,157.148,157.177,297.71
2026-05-01 03:35:00+00:00,157.178,157.198,156.991,157.066,667.36
2026-05-01 03:40:00+00:00,157.066,157.188,157.065,157.172,973.63
2026-05-01 03:45:00+00:00,157.173,157.195,157.161,157.184,485.85
2026-05-01 03:50:00+00:00,157.184,157.195,157.16,157.173,207.75
2026-05-01 03:55:00+00:00,157.172,157.236,157.161,157.185,378.39
2026-05-01 04:00:00+00:00,157.184,157.194,157.124,157.167,423.66
2026-05-01 04:05:00+00:00,157.167,157.167,157.108,157.123,595.23
2026-05-01 04:10:00+00:00,157.123,157.154,157.111,157.146,231.6
2026-05-01 04:15:00+00:00,157.148,157.179,157.147,157.163,292.74
2026-05-01 04:20:00+00:00,157.164,157.185,157.15,157.172,279.33
2026-05-01 04:25:00+00:00,157.173,157.214,157.163,157.212,420.3
2026-05-01 04:30:00+00:00,157.213,157.226,157.181,157.217,263.68
2026-05-01 04:35:00+00:00,157.216,157.235,157.191,157.227,203.7
2026-05-01 04:40:00+00:00,157.226,157.239,157.202,157.223,313.44
2026-05-01 04:45:00+00:00,157.223,157.238,157.199,157.228,343.35
2026-05-01 04:50:00+00:00,157.227,157.264,157.225,157.26,353.7
2026-05-01 04:55:00+00:00,157.259,157.278,157.235,157.242,410.27
2026-05-01 05:00:00+00:00,157.243,157.282,157.202,157.252,702.01
2026-05-01 05:05:00+00:00,157.253,157.264,157.238,157.262,264.52
2026-05-01 05:10:00+00:00,157.262,157.288,157.252,157.282,337.12
2026-05-01 05:15:00+00:00,157.285,157.286,157.263,157.266,167.22
2026-05-01 05:20:00+00:00,157.265,157.283,157.24,157.283,289.95
2026-05-01 05:25:00+00:00,157.283,157.298,157.261,157.286,192.9
2026-05-01 05:30:00+00:00,157.284,157.288,157.252,157.263,333.03
2026-05-01 05:35:00+00:00,157.268,157.277,157.258,157.262,384.0
2026-05-01 05:40:00+00:00,157.263,157.27,157.202,157.21,392.46
2026-05-01 05:45:00+00:00,157.211,157.249,157.211,157.231,252.99
2026-05-01 05:50:00+00:00,157.229,157.272,157.206,157.263,288.9
2026-05-01 05:55:00+00:00,157.264,157.289,157.259,157.277,385.26
2026-05-01 06:00:00+00:00,157.277,157.284,157.192,157.252,690.96
2026-05-01 06:05:00+00:00,157.253,157.28,157.252,157.271,370.65
2026-05-01 06:10:00+00:00,157.271,157.294,157.25,157.277,389.34
2026-05-01 06:15:00+00:00,157.277,157.289,157.236,157.244,418.63
2026-05-01 06:20:00+00:00,157.246,157.271,157.225,157.251,527.36
2026-05-01 06:25:00+00:00,157.252,157.265,157.206,157.251,404.84
2026-05-01 06:30:00+00:00,157.252,157.269,157.194,157.221,461.96
2026-05-01 06:35:00+00:00,157.226,157.226,157.104,157.148,821.27
2026-05-01 06:40:00+00:00,157.148,157.148,157.049,157.051,651.96
2026-05-01 06:45:00+00:00,157.05,157.054,155.724,155.805,4447.89
2026-05-01 06:50:00+00:00,155.806,155.822,155.519,155.694,3310.35
2026-05-01 06:55:00+00:00,155.693,155.981,155.486,155.965,3570.27
2026-05-01 07:00:00+00:00,155.965,156.283,155.863,156.126,4152.95
2026-05-01 07:05:00+00:00,156.132,156.637,156.092,156.403,4589.38
2026-05-01 07:10:00+00:00,156.401,156.548,156.324,156.352,2249.19
2026-05-01 07:15:00+00:00,156.353,156.461,156.263,156.378,1255.51
2026-05-01 07:20:00+00:00,156.373,156.447,156.263,156.265,1238.94
2026-05-01 07:25:00+00:00,156.264,156.464,156.264,156.315,1031.24
2026-05-01 07:30:00+00:00,156.312,156.413,156.277,156.388,1119.64
2026-05-01 07:35:00+00:00,156.387,156.625,156.379,156.501,1386.69
2026-05-01 07:40:00+00:00,156.497,156.497,156.401,156.463,1034.72
2026-05-01 07:45:00+00:00,156.463,156.539,156.412,156.462,751.43
2026-05-01 07:50:00+00:00,156.462,156.504,156.358,156.49,1097.9
2026-05-01 07:55:00+00:00,156.488,156.721,156.486,156.621,1609.51
2026-05-01 08:00:00+00:00,156.62,156.655,156.517,156.518,1430.48
2026-05-01 08:05:00+00:00,156.518,156.562,156.438,156.45,900.57
2026-05-01 08:10:00+00:00,156.451,156.57,156.446,156.565,1178.29
2026-05-01 08:15:00+00:00,156.559,156.568,156.379,156.42,580.24
2026-05-01 08:20:00+00:00,156.42,156.436,156.329,156.379,866.32
2026-05-01 08:25:00+00:00,156.383,156.384,156.26,156.343,527.01
2026-05-01 08:30:00+00:00,156.345,156.422,156.329,156.362,586.08
2026-05-01 08:35:00+00:00,156.361,156.508,156.358,156.477,719.63
2026-05-01 08:40:00+00:00,156.475,156.498,156.387,156.442,453.11
2026-05-01 08:45:00+00:00,156.441,156.51,156.435,156.481,534.51
2026-05-01 08:50:00+00:00,156.482,156.546,156.482,156.515,479.22
2026-05-01 08:55:00+00:00,156.514,156.527,156.467,156.471,593.32
2026-05-01 09:00:00+00:00,156.471,156.542,156.42,156.429,732.94
2026-05-01 09:05:00+00:00,156.428,156.563,156.424,156.53,616.91
2026-05-01 09:10:00+00:00,156.528,156.567,156.469,156.567,510.25
2026-05-01 09:15:00+00:00,156.566,156.616,156.543,156.606,401.66
2026-05-01 09:20:00+00:00,156.601,156.677,156.586,156.676,486.23
2026-05-01 09:25:00+00:00,156.677,156.716,156.659,156.709,668.04
2026-05-01 09:30:00+00:00,156.709,156.759,156.656,156.657,586.62
2026-05-01 09:35:00+00:00,156.656,156.663,156.593,156.614,525.72
2026-05-01 09:40:00+00:00,156.613,156.615,156.543,156.561,457.79
2026-05-01 09:45:00+00:00,156.563,156.637,156.551,156.582,420.44
2026-05-01 09:50:00+00:00,156.584,156.585,156.536,156.572,413.05
2026-05-01 09:55:00+00:00,156.571,156.603,156.533,156.577,577.1
2026-05-01 10:00:00+00:00,156.576,156.625,156.573,156.589,423.74
2026-05-01 10:05:00+00:00,156.588,156.625,156.502,156.523,570.94
2026-05-01 10:10:00+00:00,156.524,156.551,156.487,156.503,388.39
2026-05-01 10:15:00+00:00,156.502,156.552,156.489,156.51,350.7
2026-05-01 10:20:00+00:00,156.51,156.534,156.498,156.509,230.2
2026-05-01 10:25:00+00:00,156.513,156.537,156.493,156.536,353.7
2026-05-01 10:30:00+00:00,156.536,156.575,156.497,156.534,368.31
2026-05-01 10:35:00+00:00,156.536,156.578,156.536,156.562,326.47
2026-05-01 10:40:00+00:00,156.561,156.569,156.544,156.545,168.39
2026-05-01 10:45:00+00:00,156.546,156.592,156.544,156.548,253.92
2026-05-01 10:50:00+00:00,156.546,156.576,156.518,156.536,422.71
2026-05-01 10:55:00+00:00,156.537,156.602,156.537,156.589,495.33
2026-05-01 11:00:00+00:00,156.59,156.616,156.551,156.589,394.12
2026-05-01 11:05:00+00:00,156.59,156.622,156.582,156.596,387.95
2026-05-01 11:10:00+00:00,156.598,156.61,156.527,156.571,566.04
2026-05-01 11:15:00+00:00,156.573,156.595,156.525,156.538,379.76
2026-05-01 11:20:00+00:00,156.535,156.562,156.527,156.549,352.8
2026-05-01 11:25:00+00:00,156.547,156.551,156.437,156.512,548.07
2026-05-01 11:30:00+00:00,156.511,156.559,156.497,156.547,523.44
2026-05-01 11:35:00+00:00,156.548,156.585,156.508,156.573,392.07
2026-05-01 11:40:00+00:00,156.575,156.609,156.554,156.603,344.84
2026-05-01 11:45:00+00:00,156.6,156.6,156.577,156.588,165.45
2026-05-01 11:50:00+00:00,156.587,156.619,156.576,156.607,468.18
2026-05-01 11:55:00+00:00,156.607,156.609,156.552,156.579,455.43
2026-05-01 12:00:00+00:00,156.583,156.632,156.544,156.599,728.01
2026-05-01 12:05:00+00:00,156.6,156.641,156.571,156.611,1044.9
2026-05-01 12:10:00+00:00,156.611,156.632,156.475,156.526,1690.07
2026-05-01 12:15:00+00:00,156.529,156.555,156.455,156.479,1495.36
2026-05-01 12:20:00+00:00,156.472,156.515,156.387,156.463,1607.72
2026-05-01 12:25:00+00:00,156.465,156.474,156.422,156.45,848.9
2026-05-01 12:30:00+00:00,156.451,156.498,156.448,156.488,528.38
2026-05-01 12:35:00+00:00,156.489,156.54,156.485,156.52,623.58
2026-05-01 12:40:00+00:00,156.522,156.564,156.508,156.56,699.27
2026-05-01 12:45:00+00:00,156.561,156.608,156.557,156.584,673.44
2026-05-01 12:50:00+00:00,156.587,156.597,156.534,156.584,529.35
2026-05-01 12:55:00+00:00,156.585,156.608,156.57,156.593,292.68
2026-05-01 13:00:00+00:00,156.598,156.616,156.572,156.608,614.93
2026-05-01 13:05:00+00:00,156.61,156.611,156.56,156.573,632.37
2026-05-01 13:10:00+00:00,156.578,156.618,156.554,156.603,1198.89
2026-05-01 13:15:00+00:00,156.604,156.657,156.595,156.644,816.63
2026-05-01 13:20:00+00:00,156.642,156.642,156.593,156.613,458.8
2026-05-01 13:25:00+00:00,156.614,156.645,156.604,156.608,495.26
2026-05-01 13:30:00+00:00,156.607,156.654,156.571,156.571,1128.36
2026-05-01 13:35:00+00:00,156.568,156.609,156.524,156.609,1026.94
2026-05-01 13:40:00+00:00,156.61,156.622,156.57,156.596,707.08
2026-05-01 13:45:00+00:00,156.598,156.754,156.581,156.739,1545.7
2026-05-01 13:50:00+00:00,156.74,156.74,156.335,156.632,3076.44
2026-05-01 13:55:00+00:00,156.629,156.629,156.437,156.491,2244.42
2026-05-01 14:00:00+00:00,156.487,156.503,156.373,156.394,2176.85
2026-05-01 14:05:00+00:00,156.394,156.484,156.394,156.441,1948.47
2026-05-01 14:10:00+00:00,156.442,156.45,156.367,156.437,1667.87
2026-05-01 14:15:00+00:00,156.434,156.499,156.411,156.468,1312.9
2026-05-01 14:20:00+00:00,156.467,156.468,156.386,156.428,1274.77
2026-05-01 14:25:00+00:00,156.428,156.499,156.418,156.496,1261.67
2026-05-01 14:30:00+00:00,156.496,156.509,156.448,156.457,1124.98
2026-05-01 14:35:00+00:00,156.458,156.56,156.419,156.559,1057.72
2026-05-01 14:40:00+00:00,156.556,156.622,156.554,156.594,935.84
2026-05-01 14:45:00+00:00,156.591,156.675,156.59,156.673,909.39
2026-05-01 14:50:00+00:00,156.672,156.725,156.63,156.694,1638.51
2026-05-01 14:55:00+00:00,156.692,156.695,156.61,156.636,1703.49
2026-05-01 15:00:00+00:00,156.636,156.695,156.634,156.675,1235.54
2026-05-01 15:05:00+00:00,156.675,156.707,156.638,156.66,1098.47
2026-05-01 15:10:00+00:00,156.661,156.691,156.642,156.645,628.53
2026-05-01 15:15:00+00:00,156.644,156.689,156.622,156.685,630.37
2026-05-01 15:20:00+00:00,156.684,156.718,156.671,156.704,550.95
2026-05-01 15:25:00+00:00,156.702,156.755,156.685,156.732,594.29
2026-05-01 15:30:00+00:00,156.731,156.76,156.7,156.745,616.21
2026-05-01 15:35:00+00:00,156.746,156.758,156.628,156.728,933.79
2026-05-01 15:40:00+00:00,156.73,156.742,156.695,156.708,525.06
2026-05-01 15:45:00+00:00,156.709,156.735,156.7,156.706,555.36
2026-05-01 15:50:00+00:00,156.707,156.896,156.687,156.704,2024.34
2026-05-01 15:55:00+00:00,156.704,156.781,156.703,156.759,1132.62
2026-05-01 16:00:00+00:00,156.763,156.767,156.67,156.7,1027.78
2026-05-01 16:05:00+00:00,156.698,156.757,156.683,156.756,1011.63
2026-05-01 16:10:00+00:00,156.761,156.787,156.739,156.77,645.27
2026-05-01 16:15:00+00:00,156.77,156.77,156.72,156.765,493.18
2026-05-01 16:20:00+00:00,156.766,156.851,156.751,156.793,937.08
2026-05-01 16:25:00+00:00,156.795,156.885,156.794,156.869,1091.73
2026-05-01 16:30:00+00:00,156.87,156.911,156.841,156.879,607.71
2026-05-01 16:35:00+00:00,156.88,156.894,156.859,156.875,668.71
2026-05-01 16:40:00+00:00,156.874,156.876,156.82,156.831,500.57
2026-05-01 16:45:00+00:00,156.834,156.887,156.827,156.871,717.9
2026-05-01 16:50:00+00:00,156.872,156.917,156.865,156.885,506.28
2026-05-01 16:55:00+00:00,156.883,156.942,156.879,156.94,487.97
2026-05-01 17:00:00+00:00,156.94,156.955,156.904,156.955,624.4
2026-05-01 17:05:00+00:00,156.955,156.957,156.914,156.92,448.5
2026-05-01 17:10:00+00:00,156.921,156.934,156.906,156.93,352.95
2026-05-01 17:15:00+00:00,156.93,156.953,156.916,156.931,652.05
2026-05-01 17:20:00+00:00,156.93,156.932,156.869,156.902,575.26
2026-05-01 17:25:00+00:00,156.902,156.943,156.901,156.939,543.45
2026-05-01 17:30:00+00:00,156.94,156.978,156.932,156.967,409.89
2026-05-01 17:35:00+00:00,156.966,156.983,156.963,156.974,391.86
2026-05-01 17:40:00+00:00,156.976,157.025,156.966,157.011,371.4
2026-05-01 17:45:00+00:00,157.012,157.014,156.979,156.992,265.32
2026-05-01 17:50:00+00:00,156.99,156.993,156.853,156.93,740.58
2026-05-01 17:55:00+00:00,156.928,156.944,156.913,156.93,422.7
2026-05-01 18:00:00+00:00,156.931,157.031,156.92,157.029,514.65
2026-05-01 18:05:00+00:00,157.031,157.055,157.018,157.052,383.97
2026-05-01 18:10:00+00:00,157.053,157.087,157.053,157.069,356.01
2026-05-01 18:15:00+00:00,157.069,157.094,157.052,157.082,471.36
2026-05-01 18:20:00+00:00,157.081,157.081,157.037,157.06,366.9
2026-05-01 18:25:00+00:00,157.061,157.118,157.023,157.045,536.32
2026-05-01 18:30:00+00:00,157.045,157.08,156.91,157.078,1479.16
2026-05-01 18:35:00+00:00,157.078,157.088,156.986,156.997,488.43
2026-05-01 18:40:00+00:00,156.999,157.044,156.999,157.025,412.41
2026-05-01 18:45:00+00:00,157.027,157.036,156.986,157.0,404.1
2026-05-01 18:50:00+00:00,156.998,157.054,156.989,157.054,526.2
2026-05-01 18:55:00+00:00,157.053,157.053,156.984,157.014,765.0
2026-05-01 19:00:00+00:00,157.014,157.059,156.999,157.049,443.7
2026-05-01 19:05:00+00:00,157.047,157.051,157.021,157.023,217.61
2026-05-01 19:10:00+00:00,157.024,157.049,157.024,157.039,283.95
2026-05-01 19:15:00+00:00,157.038,157.038,157.015,157.03,329.4
2026-05-01 19:20:00+00:00,157.028,157.028,157.01,157.027,262.53
2026-05-01 19:25:00+00:00,157.028,157.042,157.013,157.041,213.0
2026-05-01 19:30:00+00:00,157.041,157.059,157.038,157.048,295.8
2026-05-01 19:35:00+00:00,157.047,157.067,157.041,157.049,286.5
2026-05-01 19:40:00+00:00,157.049,157.065,157.033,157.064,218.1
2026-05-01 19:45:00+00:00,157.064,157.067,157.048,157.062,216.3
2026-05-01 19:50:00+00:00,157.06,157.09,157.054,157.069,325.35
2026-05-01 19:55:00+00:00,157.073,157.079,157.038,157.06,403.35
2026-05-01 20:00:00+00:00,157.061,157.067,157.025,157.049,381.96
2026-05-01 20:05:00+00:00,157.05,157.079,157.049,157.053,157.05
2026-05-01 20:10:00+00:00,157.054,157.064,157.049,157.061,230.4
2026-05-01 20:15:00+00:00,157.06,157.076,157.049,157.06,291.45
2026-05-01 20:20:00+00:00,157.058,157.059,157.021,157.024,301.35
2026-05-01 20:25:00+00:00,157.03,157.054,157.007,157.026,358.95
2026-05-01 20:30:00+00:00,157.03,157.038,156.963,157.001,704.17
2026-05-01 20:35:00+00:00,157.002,157.038,156.98,157.025,250.05
2026-05-01 20:40:00+00:00,157.024,157.059,157.019,157.025,366.42
2026-05-01 20:45:00+00:00,157.025,157.037,157.009,157.031,407.82
2026-05-01 20:50:00+00:00,157.03,157.075,157.014,157.066,937.05
2026-05-01 20:55:00+00:00,157.067,157.085,157.031,157.033,844.74
2026-05-03 21:00:00+00:00,156.708,156.715,156.708,156.715,4.8
2026-05-03 21:05:00+00:00,156.703,156.712,156.689,156.703,36.9
2026-05-03 21:10:00+00:00,156.704,156.751,156.7,156.751,40.35
2026-05-03 21:15:00+00:00,156.751,156.776,156.684,156.715,41.0
2026-05-03 21:20:00+00:00,156.715,156.739,156.672,156.676,74.85
2026-05-03 21:25:00+00:00,156.677,156.677,156.675,156.677,10.5
2026-05-03 21:30:00+00:00,156.677,156.69,156.676,156.682,26.4
2026-05-03 21:35:00+00:00,156.683,156.686,156.683,156.686,21.0
2026-05-03 21:40:00+00:00,156.686,156.687,156.686,156.687,4.5
2026-05-03 21:45:00+00:00,156.687,156.698,156.684,156.684,44.1
2026-05-03 21:50:00+00:00,156.683,156.687,156.678,156.686,175.95
2026-05-03 21:55:00+00:00,156.686,156.728,156.678,156.706,155.7
2026-05-03 22:00:00+00:00,156.705,156.764,156.682,156.729,512.25
2026-05-03 22:05:00+00:00,156.73,156.731,156.684,156.717,159.6
2026-05-03 22:10:00+00:00,156.716,156.811,156.716,156.804,155.87
2026-05-03 22:15:00+00:00,156.804,156.855,156.795,156.842,149.85
2026-05-03 22:20:00+00:00,156.844,156.926,156.844,156.891,178.05
2026-05-03 22:25:00+00:00,156.889,156.915,156.852,156.865,146.25
2026-05-03 22:30:00+00:00,156.862,156.879,156.812,156.827,156.3
2026-05-03 22:35:00+00:00,156.828,156.857,156.818,156.83,141.6
2026-05-03 22:40:00+00:00,156.827,156.827,156.801,156.807,113.85
2026-05-03 22:45:00+00:00,156.802,156.856,156.802,156.844,68.55
2026-05-03 22:50:00+00:00,156.844,156.847,156.816,156.818,71.88
2026-05-03 22:55:00+00:00,156.818,156.844,156.817,156.828,105.6
2026-05-03 23:00:00+00:00,156.829,156.868,156.814,156.842,179.4
2026-05-03 23:05:00+00:00,156.844,156.856,156.84,156.84,69.3
2026-05-03 23:10:00+00:00,156.841,156.844,156.802,156.806,140.19
2026-05-03 23:15:00+00:00,156.805,156.865,156.805,156.829,128.02
2026-05-03 23:20:00+00:00,156.829,156.839,156.817,156.826,106.73
2026-05-03 23:25:00+00:00,156.824,156.848,156.824,156.842,60.94
2026-05-03 23:30:00+00:00,156.842,156.853,156.834,156.84,57.49
2026-05-03 23:35:00+00:00,156.84,156.841,156.793,156.827,183.08
2026-05-03 23:40:00+00:00,156.831,156.853,156.814,156.853,180.28
2026-05-03 23:45:00+00:00,156.856,156.873,156.822,156.849,391.31
2026-05-03 23:50:00+00:00,156.85,156.863,156.836,156.853,230.76
2026-05-03 23:55:00+00:00,156.853,156.901,156.84,156.898,287.59
2026-05-04 00:00:00+00:00,156.9,156.934,156.889,156.896,985.26
2026-05-04 00:05:00+00:00,156.895,156.915,156.865,156.887,491.77
2026-05-04 00:10:00+00:00,156.886,156.919,156.879,156.906,451.89
2026-05-04 00:15:00+00:00,156.905,156.951,156.888,156.936,733.57
2026-05-04 00:20:00+00:00,156.937,156.991,156.931,156.975,536.38
2026-05-04 00:25:00+00:00,156.977,156.986,156.957,156.973,382.98
2026-05-04 00:30:00+00:00,156.971,156.973,156.92,156.937,664.4
2026-05-04 00:35:00+00:00,156.938,156.944,156.928,156.929,242.36
2026-05-04 00:40:00+00:00,156.929,156.959,156.92,156.954,287.47
2026-05-04 00:45:00+00:00,156.952,156.961,156.938,156.944,260.95
2026-05-04 00:50:00+00:00,156.942,156.953,156.92,156.922,377.76
2026-05-04 00:55:00+00:00,156.92,156.931,156.906,156.907,408.9
2026-05-04 01:00:00+00:00,156.907,157.014,156.895,156.983,855.39
2026-05-04 01:05:00+00:00,156.983,157.052,156.983,157.027,820.01
2026-05-04 01:10:00+00:00,157.028,157.048,157.006,157.007,593.09
2026-05-04 01:15:00+00:00,157.006,157.013,156.597,156.906,1313.48
2026-05-04 01:20:00+00:00,156.905,157.015,156.898,157.011,696.96
2026-05-04 01:25:00+00:00,157.012,157.045,156.959,156.999,533.21
2026-05-04 01:30:00+00:00,156.994,157.05,156.966,157.0,555.96
2026-05-04 01:35:00+00:00,157.001,157.027,156.987,156.997,702.98
2026-05-04 01:40:00+00:00,156.996,157.023,156.975,156.994,821.68
2026-05-04 01:45:00+00:00,156.994,157.029,156.975,157.025,754.2
2026-05-04 01:50:00+00:00,157.025,157.054,156.997,157.051,642.97
2026-05-04 01:55:00+00:00,157.051,157.079,157.027,157.039,540.27
2026-05-04 02:00:00+00:00,157.038,157.115,157.024,157.11,494.43
2026-05-04 02:05:00+00:00,157.112,157.162,157.108,157.135,517.78
2026-05-04 02:10:00+00:00,157.132,157.15,157.11,157.112,381.51
2026-05-04 02:15:00+00:00,157.113,157.151,157.098,157.102,363.18
2026-05-04 02:20:00+00:00,157.102,157.156,157.101,157.129,307.64
2026-05-04 02:25:00+00:00,157.128,157.164,157.127,157.164,324.6
2026-05-04 02:30:00+00:00,157.164,157.185,157.158,157.174,340.39
2026-05-04 02:35:00+00:00,157.176,157.187,157.172,157.174,233.4
2026-05-04 02:40:00+00:00,157.173,157.195,157.173,157.181,191.55
2026-05-04 02:45:00+00:00,157.182,157.197,157.174,157.183,190.2
2026-05-04 02:50:00+00:00,157.184,157.195,157.171,157.171,192.67
2026-05-04 02:55:00+00:00,157.17,157.176,157.062,157.124,820.43
2026-05-04 03:00:00+00:00,157.127,157.149,157.125,157.146,430.17
2026-05-04 03:05:00+00:00,157.142,157.186,157.14,157.177,270.64
2026-05-04 03:10:00+00:00,157.177,157.249,157.174,157.22,697.49
2026-05-04 03:15:00+00:00,157.219,157.23,157.19,157.198,382.23
2026-05-04 03:20:00+00:00,157.199,157.224,157.196,157.223,340.8
2026-05-04 03:25:00+00:00,157.222,157.235,157.219,157.234,258.9
2026-05-04 03:30:00+00:00,157.236,157.246,157.21,157.232,347.7
2026-05-04 03:35:00+00:00,157.231,157.237,157.227,157.231,139.8
2026-05-04 03:40:00+00:00,157.232,157.242,157.194,157.206,198.96
2026-05-04 03:45:00+00:00,157.21,157.21,155.974,156.323,5587.38
2026-05-04 03:50:00+00:00,156.326,156.453,155.698,155.816,5931.87
2026-05-04 03:55:00+00:00,155.811,156.285,155.781,156.197,2960.1
2026-05-04 04:00:00+00:00,156.195,156.387,156.131,156.349,1099.07
2026-05-04 04:05:00+00:00,156.343,156.512,156.338,156.475,1440.07
2026-05-04 04:10:00+00:00,156.483,156.538,156.444,156.523,1169.88
2026-05-04 04:15:00+00:00,156.524,156.595,156.498,156.554,739.51
2026-05-04 04:20:00+00:00,156.555,156.692,156.542,156.677,673.2
2026-05-04 04:25:00+00:00,156.683,156.701,156.629,156.683,601.08
2026-05-04 04:30:00+00:00,156.681,156.692,156.631,156.679,552.03
2026-05-04 04:35:00+00:00,156.68,156.729,156.643,156.704,500.87
2026-05-04 04:40:00+00:00,156.703,156.741,156.677,156.723,369.04
2026-05-04 04:45:00+00:00,156.736,156.774,156.723,156.769,281.26
2026-05-04 04:50:00+00:00,156.767,156.777,156.733,156.773,368.14
2026-05-04 04:55:00+00:00,156.773,156.787,156.728,156.729,380.83
2026-05-04 05:00:00+00:00,156.73,156.771,156.73,156.745,478.29
2026-05-04 05:05:00+00:00,156.745,156.772,156.739,156.751,439.99
2026-05-04 05:10:00+00:00,156.752,156.759,156.529,156.737,1088.67
2026-05-04 05:15:00+00:00,156.737,156.841,156.597,156.72,1343.26
2026-05-04 05:20:00+00:00,156.719,156.789,156.714,156.769,1077.59
2026-05-04 05:25:00+00:00,156.768,156.798,156.759,156.792,476.22
2026-05-04 05:30:00+00:00,156.79,156.849,156.783,156.837,594.85
2026-05-04 05:35:00+00:00,156.836,156.862,156.572,156.829,739.55
2026-05-04 05:40:00+00:00,156.828,156.832,156.767,156.803,703.2
2026-05-04 05:45:00+00:00,156.803,156.813,156.768,156.804,373.8
2026-05-04 05:50:00+00:00,156.805,156.809,156.686,156.756,569.35
2026-05-04 05:55:00+00:00,156.756,156.783,156.726,156.781,527.25
2026-05-04 06:00:00+00:00,156.782,156.807,156.732,156.778,850.05
2026-05-04 06:05:00+00:00,156.776,156.805,156.77,156.771,492.11
2026-05-04 06:10:00+00:00,156.772,156.837,156.765,156.833,976.6
2026-05-04 06:15:00+00:00,156.831,156.834,156.799,156.825,546.44
2026-05-04 06:20:00+00:00,156.823,156.835,156.735,156.811,767.18
2026-05-04 06:25:00+00:00,156.81,156.81,156.758,156.796,661.72
2026-05-04 06:30:00+00:00,156.798,156.838,156.761,156.829,1052.14
2026-05-04 06:35:00+00:00,156.83,156.858,156.821,156.839,672.37
2026-05-04 06:40:00+00:00,156.84,156.928,156.837,156.908,524.88
2026-05-04 06:45:00+00:00,156.906,156.936,156.898,156.902,944.7
2026-05-04 06:50:00+00:00,156.899,156.899,156.841,156.877,880.04
2026-05-04 06:55:00+00:00,156.89,156.928,156.864,156.925,604.29
2026-05-04 07:00:00+00:00,156.926,156.947,156.904,156.941,970.08
2026-05-04 07:05:00+00:00,156.942,156.978,156.911,156.977,696.75
2026-05-04 07:10:00+00:00,156.976,156.979,156.95,156.968,344.02
2026-05-04 07:15:00+00:00,156.967,156.967,156.877,156.89,698.11
2026-05-04 07:20:00+00:00,156.891,156.91,156.877,156.898,393.03
2026-05-04 07:25:00+00:00,156.897,156.925,156.87,156.913,627.39
2026-05-04 07:30:00+00:00,156.912,156.917,156.873,156.894,385.5
2026-05-04 07:35:00+00:00,156.893,156.914,156.876,156.876,460.35
2026-05-04 07:40:00+00:00,156.877,156.901,156.816,156.874,494.82
2026-05-04 07:45:00+00:00,156.874,156.89,156.869,156.886,305.1
2026-05-04 07:50:00+00:00,156.887,156.923,156.877,156.877,526.72
2026-05-04 07:55:00+00:00,156.876,156.895,156.842,156.893,492.63
2026-05-04 08:00:00+00:00,156.892,156.947,156.892,156.943,587.1
2026-05-04 08:05:00+00:00,156.95,156.955,156.909,156.93,442.83
2026-05-04 08:10:00+00:00,156.93,156.942,156.919,156.931,348.36
2026-05-04 08:15:00+00:00,156.93,156.976,156.926,156.967,589.8
2026-05-04 08:20:00+00:00,156.966,156.971,156.942,156.954,496.8
2026-05-04 08:25:00+00:00,156.953,156.953,156.905,156.912,548.7
2026-05-04 08:30:00+00:00,156.91,156.932,156.887,156.914,460.2
2026-05-04 08:35:00+00:00,156.915,156.934,156.891,156.928,366.85
2026-05-04 08:40:00+00:00,156.93,156.936,156.902,156.931,382.56
2026-05-04 08:45:00+00:00,156.931,156.954,156.923,156.951,442.27
2026-05-04 08:50:00+00:00,156.951,156.963,156.937,156.958,361.29
2026-05-04 08:55:00+00:00,156.958,156.977,156.949,156.95,339.1
2026-05-04 09:00:00+00:00,156.949,156.973,156.918,156.929,591.69
2026-05-04 09:05:00+00:00,156.927,156.966,156.926,156.963,442.5
2026-05-04 09:10:00+00:00,156.962,156.977,156.952,156.967,430.98
2026-05-04 09:15:00+00:00,156.965,156.98,156.959,156.979,382.95
2026-05-04 09:20:00+00:00,156.98,157.011,156.966,156.987,594.71
2026-05-04 09:25:00+00:00,156.987,156.998,156.97,156.97,506.66
2026-05-04 09:30:00+00:00,156.971,156.988,156.947,156.96,352.56
2026-05-04 09:35:00+00:00,156.963,156.98,156.961,156.967,299.25
2026-05-04 09:40:00+00:00,156.969,156.993,156.964,156.986,329.25
2026-05-04 09:45:00+00:00,156.985,156.999,156.982,156.986,245.7
2026-05-04 09:50:00+00:00,156.987,156.987,156.893,156.954,430.48
2026-05-04 09:55:00+00:00,156.954,156.986,156.954,156.966,385.33
2026-05-04 10:00:00+00:00,156.967,157.09,156.966,157.041,1551.44
2026-05-04 10:05:00+00:00,157.042,157.2,157.042,157.123,1974.09
2026-05-04 10:10:00+00:00,157.121,157.183,157.095,157.16,1186.44
2026-05-04 10:15:00+00:00,157.161,157.199,157.109,157.171,1262.91
2026-05-04 10:20:00+00:00,157.172,157.203,157.132,157.146,1070.24
2026-05-04 10:25:00+00:00,157.147,157.149,157.04,157.072,1131.5
2026-05-04 10:30:00+00:00,157.074,157.118,156.96,157.047,1777.64
2026-05-04 10:35:00+00:00,157.046,157.05,156.972,157.013,1304.57
2026-05-04 10:40:00+00:00,157.014,157.072,156.998,157.061,930.56
2026-05-04 10:45:00+00:00,157.062,157.077,157.033,157.033,500.13
2026-05-04 10:50:00+00:00,157.035,157.085,157.032,157.081,530.92
2026-05-04 10:55:00+00:00,157.081,157.14,157.081,157.113,537.32
2026-05-04 11:00:00+00:00,157.113,157.143,157.065,157.137,1084.77
2026-05-04 11:05:00+00:00,157.137,157.169,157.137,157.141,555.48
2026-05-04 11:10:00+00:00,157.137,157.156,157.12,157.154,698.62
2026-05-04 11:15:00+00:00,157.153,157.159,157.114,157.135,561.84
2026-05-04 11:20:00+00:00,157.135,157.146,157.119,157.121,404.82
2026-05-04 11:25:00+00:00,157.121,157.133,157.109,157.112,473.19
2026-05-04 11:30:00+00:00,157.113,157.155,157.109,157.15,413.4
2026-05-04 11:35:00+00:00,157.15,157.174,157.121,157.168,786.29
2026-05-04 11:40:00+00:00,157.169,157.175,157.141,157.159,595.68
2026-05-04 11:45:00+00:00,157.158,157.176,157.147,157.168,396.84
2026-05-04 11:50:00+00:00,157.167,157.173,157.144,157.151,544.95
2026-05-04 11:55:00+00:00,157.15,157.181,157.147,157.174,596.55
2026-05-04 12:00:00+00:00,157.173,157.181,157.139,157.148,716.16
2026-05-04 12:05:00+00:00,157.148,157.161,157.085,157.099,614.77
2026-05-04 12:10:00+00:00,157.099,157.126,157.084,157.102,635.05
2026-05-04 12:15:00+00:00,157.101,157.123,157.044,157.049,1130.17
2026-05-04 12:20:00+00:00,157.048,157.099,157.021,157.061,929.54
2026-05-04 12:25:00+00:00,157.063,157.09,157.052,157.082,922.6
2026-05-04 12:30:00+00:00,157.082,157.106,157.051,157.095,813.15
2026-05-04 12:35:00+00:00,157.097,157.103,157.029,157.052,808.89
2026-05-04 12:40:00+00:00,157.053,157.085,157.045,157.071,609.3
2026-05-04 12:45:00+00:00,157.068,157.087,157.062,157.071,571.39
2026-05-04 12:50:00+00:00,157.072,157.121,157.067,157.114,597.0
2026-05-04 12:55:00+00:00,157.113,157.149,157.099,157.139,727.57
2026-05-04 13:00:00+00:00,157.14,157.18,157.07,157.085,2206.18
2026-05-04 13:05:00+00:00,157.084,157.093,157.03,157.03,1148.4
2026-05-04 13:10:00+00:00,157.034,157.071,156.985,157.051,1100.75
2026-05-04 13:15:00+00:00,157.057,157.074,157.026,157.072,873.45
2026-05-04 13:20:00+00:00,157.072,157.079,157.05,157.059,832.08
2026-05-04 13:25:00+00:00,157.066,157.095,157.049,157.07,743.37
2026-05-04 13:30:00+00:00,157.067,157.103,157.02,157.02,1218.52
2026-05-04 13:35:00+00:00,157.026,157.04,156.966,156.999,864.6
2026-05-04 13:40:00+00:00,156.998,157.039,156.985,157.009,630.98
2026-05-04 13:45:00+00:00,157.007,157.028,156.989,157.02,891.75
2026-05-04 13:50:00+00:00,157.019,157.039,156.988,157.019,813.93
2026-05-04 13:55:00+00:00,157.018,157.035,157.002,157.013,642.0
2026-05-04 14:00:00+00:00,157.014,157.062,157.013,157.062,658.98
2026-05-04 14:05:00+00:00,157.064,157.15,157.061,157.129,1183.85
2026-05-04 14:10:00+00:00,157.131,157.156,157.085,157.115,872.07
2026-05-04 14:15:00+00:00,157.12,157.134,157.053,157.059,786.33
2026-05-04 14:20:00+00:00,157.06,157.076,157.035,157.065,635.49
2026-05-04 14:25:00+00:00,157.064,157.076,157.049,157.065,705.6
2026-05-04 14:30:00+00:00,157.066,157.074,156.996,157.009,892.84
2026-05-04 14:35:00+00:00,157.01,157.034,156.964,156.966,821.12
2026-05-04 14:40:00+00:00,156.967,157.036,156.925,157.032,697.38
2026-05-04 14:45:00+00:00,157.034,157.075,157.029,157.046,824.13
2026-05-04 14:50:00+00:00,157.046,157.053,157.021,157.042,624.3
2026-05-04 14:55:00+00:00,157.042,157.097,157.018,157.091,1542.83
2026-05-04 15:00:00+00:00,157.093,157.121,156.944,157.047,1610.3
2026-05-04 15:05:00+00:00,157.048,157.055,157.014,157.038,1041.45
2026-05-04 15:10:00+00:00,157.039,157.083,157.031,157.061,841.2
2026-05-04 15:15:00+00:00,157.062,157.168,157.019,157.146,1200.25
2026-05-04 15:20:00+00:00,157.15,157.219,157.132,157.174,1783.53
2026-05-04 15:25:00+00:00,157.175,157.186,157.119,157.124,1146.12
2026-05-04 15:30:00+00:00,157.122,157.176,157.117,157.162,894.3
2026-05-04 15:35:00+00:00,157.162,157.196,157.134,157.181,1236.46
2026-05-04 15:40:00+00:00,157.181,157.209,157.159,157.172,1209.09
2026-05-04 15:45:00+00:00,157.173,157.22,157.149,157.219,927.9
2026-05-04 15:50:00+00:00,157.219,157.3,157.131,157.203,1895.22
2026-05-04 15:55:00+00:00,157.203,157.225,157.186,157.197,1007.63
2026-05-04 16:00:00+00:00,157.199,157.248,157.136,157.233,949.77
2026-05-04 16:05:00+00:00,157.232,157.301,157.223,157.267,1501.51
2026-05-04 16:10:00+00:00,157.268,157.3,157.268,157.296,919.05
2026-05-04 16:15:00+00:00,157.297,157.299,157.151,157.222,1730.51
2026-05-04 16:20:00+00:00,157.22,157.23,157.182,157.194,961.79
2026-05-04 16:25:00+00:00,157.195,157.261,157.182,157.246,819.23
2026-05-04 16:30:00+00:00,157.249,157.254,157.22,157.225,787.1
2026-05-04 16:35:00+00:00,157.227,157.278,157.222,157.268,705.19
2026-05-04 16:40:00+00:00,157.267,157.278,157.248,157.273,639.17
2026-05-04 16:45:00+00:00,157.275,157.279,157.244,157.261,545.64
2026-05-04 16:50:00+00:00,157.262,157.278,157.247,157.271,768.75
2026-05-04 16:55:00+00:00,157.272,157.282,157.256,157.268,583.48
2026-05-04 17:00:00+00:00,157.268,157.284,157.244,157.257,1001.22
2026-05-04 17:05:00+00:00,157.257,157.26,157.226,157.241,608.1
2026-05-04 17:10:00+00:00,157.239,157.247,157.217,157.235,473.4
2026-05-04 17:15:00+00:00,157.237,157.243,157.188,157.196,974.85
2026-05-04 17:20:00+00:00,157.195,157.223,157.177,157.192,764.4
2026-05-04 17:25:00+00:00,157.193,157.207,157.165,157.175,539.3
2026-05-04 17:30:00+00:00,157.177,157.198,157.171,157.196,403.95
2026-05-04 17:35:00+00:00,157.197,157.252,157.192,157.24,522.15
2026-05-04 17:40:00+00:00,157.24,157.257,157.235,157.244,461.55
2026-05-04 17:45:00+00:00,157.245,157.254,157.235,157.236,395.55
2026-05-04 17:50:00+00:00,157.238,157.242,157.212,157.215,441.3
2026-05-04 17:55:00+00:00,157.216,157.226,157.21,157.224,237.3
2026-05-04 18:00:00+00:00,157.225,157.232,157.183,157.204,530.7
2026-05-04 18:05:00+00:00,157.203,157.232,157.203,157.225,442.05
2026-05-04 18:10:00+00:00,157.229,157.233,157.219,157.229,318.75
2026-05-04 18:15:00+00:00,157.228,157.275,157.227,157.268,371.7
2026-05-04 18:20:00+00:00,157.266,157.276,157.245,157.259,586.2
2026-05-04 18:25:00+00:00,157.257,157.258,157.231,157.239,518.88
2026-05-04 18:30:00+00:00,157.239,157.239,157.209,157.218,317.58
2026-05-04 18:35:00+00:00,157.216,157.243,157.211,157.217,783.75
2026-05-04 18:40:00+00:00,157.215,157.226,157.2,157.205,283.65
2026-05-04 18:45:00+00:00,157.204,157.208,157.152,157.182,569.88
2026-05-04 18:50:00+00:00,157.18,157.228,157.149,157.18,819.3
2026-05-04 18:55:00+00:00,157.181,157.188,156.547,156.732,1822.46
2026-05-04 19:00:00+00:00,156.749,157.13,156.749,157.118,1785.39
2026-05-04 19:05:00+00:00,157.117,157.117,156.939,157.02,1357.08
2026-05-04 19:10:00+00:00,157.019,157.095,157.018,157.044,517.22
2026-05-04 19:15:00+00:00,157.044,157.067,157.031,157.055,465.87
2026-05-04 19:20:00+00:00,157.056,157.07,157.019,157.019,534.0
2026-05-04 19:25:00+00:00,157.019,157.094,157.018,157.044,847.17
2026-05-04 19:30:00+00:00,157.044,157.078,157.043,157.057,432.0
2026-05-04 19:35:00+00:00,157.059,157.066,157.052,157.056,181.28
2026-05-04 19:40:00+00:00,157.057,157.105,157.056,157.074,353.04
2026-05-04 19:45:00+00:00,157.078,157.103,157.06,157.083,528.3
2026-05-04 19:50:00+00:00,157.083,157.097,157.055,157.072,401.7
2026-05-04 19:55:00+00:00,157.072,157.111,157.066,157.096,457.79
2026-05-04 20:00:00+00:00,157.097,157.133,157.096,157.12,224.94
2026-05-04 20:05:00+00:00,157.121,157.169,157.121,157.158,187.71
2026-05-04 20:10:00+00:00,157.16,157.204,157.144,157.186,275.1
2026-05-04 20:15:00+00:00,157.187,157.242,157.185,157.228,188.58
2026-05-04 20:20:00+00:00,157.229,157.282,157.229,157.266,284.63
2026-05-04 20:25:00+00:00,157.266,157.267,157.168,157.215,391.35
2026-05-04 20:30:00+00:00,157.214,157.223,157.203,157.215,163.75
2026-05-04 20:35:00+00:00,157.224,157.232,157.205,157.212,240.15
2026-05-04 20:40:00+00:00,157.212,157.218,157.192,157.213,177.84
2026-05-04 20:45:00+00:00,157.214,157.24,157.21,157.229,211.15
2026-05-04 20:50:00+00:00,157.225,157.242,157.203,157.241,201.99
2026-05-04 20:55:00+00:00,157.238,157.262,157.215,157.215,402.69
2026-05-04 21:00:00+00:00,157.214,157.214,157.157,157.167,5.31
2026-05-04 21:05:00+00:00,157.16,157.214,157.16,157.212,7.44
2026-05-04 21:10:00+00:00,157.214,157.214,157.208,157.214,1.08
2026-05-04 21:15:00+00:00,157.213,157.214,157.188,157.209,12.66
2026-05-04 21:20:00+00:00,157.207,157.207,157.151,157.189,10.32
2026-05-04 21:25:00+00:00,157.19,157.197,157.174,157.191,20.0
2026-05-04 21:30:00+00:00,157.162,157.194,157.159,157.169,43.56
2026-05-04 21:35:00+00:00,157.162,157.194,157.157,157.16,10.82
2026-05-04 21:40:00+00:00,157.16,157.189,157.153,157.189,24.48
2026-05-04 21:45:00+00:00,157.185,157.195,157.185,157.189,18.06
2026-05-04 21:50:00+00:00,157.19,157.198,157.19,157.197,20.7
2026-05-04 21:55:00+00:00,157.196,157.198,157.116,157.129,89.7
2026-05-04 22:00:00+00:00,157.129,157.269,157.122,157.23,194.25
2026-05-04 22:05:00+00:00,157.23,157.239,157.213,157.228,38.72
2026-05-04 22:10:00+00:00,157.228,157.242,157.228,157.24,35.85
2026-05-04 22:15:00+00:00,157.241,157.265,157.241,157.25,56.55
2026-05-04 22:20:00+00:00,157.248,157.258,157.234,157.236,65.7
2026-05-04 22:25:00+00:00,157.235,157.237,157.197,157.203,93.75
2026-05-04 22:30:00+00:00,157.208,157.225,157.206,157.223,99.6
2026-05-04 22:35:00+00:00,157.224,157.226,157.207,157.222,84.3
2026-05-04 22:40:00+00:00,157.222,157.222,157.205,157.208,53.4
2026-05-04 22:45:00+00:00,157.207,157.218,157.193,157.2,57.0
2026-05-04 22:50:00+00:00,157.206,157.224,157.206,157.224,33.3
2026-05-04 22:55:00+00:00,157.225,157.238,157.221,157.227,75.49
2026-05-04 23:00:00+00:00,157.226,157.236,157.182,157.234,156.25
2026-05-04 23:05:00+00:00,157.234,157.234,157.199,157.2,97.35
2026-05-04 23:10:00+00:00,157.2,157.212,157.195,157.207,66.7
2026-05-04 23:15:00+00:00,157.208,157.208,157.198,157.201,42.96
2026-05-04 23:20:00+00:00,157.199,157.205,157.199,157.204,29.12
2026-05-04 23:25:00+00:00,157.205,157.222,157.203,157.203,57.6
2026-05-04 23:30:00+00:00,157.203,157.205,157.175,157.177,70.14
2026-05-04 23:35:00+00:00,157.178,157.216,157.178,157.191,93.0
2026-05-04 23:40:00+00:00,157.19,157.213,157.189,157.202,60.9
2026-05-04 23:45:00+00:00,157.2,157.211,157.176,157.188,179.25
2026-05-04 23:50:00+00:00,157.19,157.205,157.19,157.2,94.35
2026-05-04 23:55:00+00:00,157.201,157.215,157.188,157.214,145.54
2026-05-05 00:00:00+00:00,157.214,157.229,157.187,157.21,548.37
2026-05-05 00:05:00+00:00,157.208,157.223,157.188,157.209,469.8
2026-05-05 00:10:00+00:00,157.208,157.221,157.199,157.209,254.63
2026-05-05 00:15:00+00:00,157.209,157.225,157.195,157.203,327.07
2026-05-05 00:20:00+00:00,157.204,157.238,157.198,157.236,252.15
2026-05-05 00:25:00+00:00,157.236,157.255,157.234,157.235,216.3
2026-05-05 00:30:00+00:00,157.234,157.251,157.233,157.236,147.87
2026-05-05 00:35:00+00:00,157.235,157.239,157.218,157.22,179.63
2026-05-05 00:40:00+00:00,157.219,157.244,157.216,157.233,140.91
2026-05-05 00:45:00+00:00,157.232,157.232,157.185,157.185,294.49
2026-05-05 00:50:00+00:00,157.183,157.201,157.167,157.182,325.9
2026-05-05 00:55:00+00:00,157.181,157.214,157.175,157.211,271.39
2026-05-05 01:00:00+00:00,157.21,157.237,157.208,157.234,246.78
2026-05-05 01:05:00+00:00,157.235,157.243,157.22,157.225,139.37
2026-05-05 01:10:00+00:00,157.224,157.248,157.22,157.246,258.42
2026-05-05 01:15:00+00:00,157.246,157.249,157.224,157.246,100.97
2026-05-05 01:20:00+00:00,157.247,157.263,157.226,157.257,359.01
2026-05-05 01:25:00+00:00,157.257,157.268,157.253,157.257,152.93
2026-05-05 01:30:00+00:00,157.256,157.269,157.239,157.248,318.02
2026-05-05 01:35:00+00:00,157.249,157.266,157.196,157.253,497.71
2026-05-05 01:40:00+00:00,157.252,157.252,157.211,157.236,336.1
2026-05-05 01:45:00+00:00,157.236,157.245,157.212,157.222,249.79
2026-05-05 01:50:00+00:00,157.224,157.224,157.188,157.212,292.05
2026-05-05 01:55:00+00:00,157.211,157.219,157.199,157.21,308.83
2026-05-05 02:00:00+00:00,157.209,157.215,157.192,157.212,293.37
2026-05-05 02:05:00+00:00,157.21,157.214,157.199,157.206,202.82
2026-05-05 02:10:00+00:00,157.205,157.214,157.205,157.212,154.2
2026-05-05 02:15:00+00:00,157.219,157.23,157.21,157.212,144.49
2026-05-05 02:20:00+00:00,157.214,157.218,157.199,157.201,115.52
2026-05-05 02:25:00+00:00,157.208,157.213,157.186,157.212,224.1
2026-05-05 02:30:00+00:00,157.214,157.227,157.202,157.205,196.65
2026-05-05 02:35:00+00:00,157.206,157.223,157.206,157.21,130.54
2026-05-05 02:40:00+00:00,157.211,157.213,157.2,157.2,134.05
2026-05-05 02:45:00+00:00,157.201,157.217,157.194,157.211,184.35
2026-05-05 02:50:00+00:00,157.211,157.223,157.209,157.216,231.64
2026-05-05 02:55:00+00:00,157.216,157.225,157.215,157.221,256.65
2026-05-05 03:00:00+00:00,157.221,157.236,157.219,157.23,236.62
2026-05-05 03:05:00+00:00,157.231,157.237,157.23,157.234,139.22
2026-05-05 03:10:00+00:00,157.234,157.237,157.231,157.232,115.8
2026-05-05 03:15:00+00:00,157.233,157.235,157.214,157.214,105.9
2026-05-05 03:20:00+00:00,157.215,157.231,157.212,157.222,178.65
2026-05-05 03:25:00+00:00,157.224,157.233,157.223,157.225,205.52
2026-05-05 03:30:00+00:00,157.225,157.236,157.22,157.236,121.65
2026-05-05 03:35:00+00:00,157.236,157.245,157.236,157.243,119.4
2026-05-05 03:40:00+00:00,157.242,157.246,157.239,157.245,59.14
2026-05-05 03:45:00+00:00,157.243,157.251,157.235,157.247,126.75
2026-05-05 03:50:00+00:00,157.248,157.257,157.245,157.256,61.8
2026-05-05 03:55:00+00:00,157.257,157.267,157.251,157.265,193.37
2026-05-05 04:00:00+00:00,157.265,157.268,157.256,157.259,161.42
2026-05-05 04:05:00+00:00,157.258,157.268,157.257,157.263,83.1
2026-05-05 04:10:00+00:00,157.263,157.264,157.249,157.254,74.94
2026-05-05 04:15:00+00:00,157.254,157.254,157.238,157.252,117.15
2026-05-05 04:20:00+00:00,157.256,157.262,157.25,157.262,106.82
2026-05-05 04:25:00+00:00,157.261,157.266,157.258,157.259,122.85
2026-05-05 04:30:00+00:00,157.26,157.272,157.252,157.261,352.3
2026-05-05 04:35:00+00:00,157.261,157.269,157.244,157.259,203.4
2026-05-05 04:40:00+00:00,157.259,157.27,157.257,157.265,196.5
2026-05-05 04:45:00+00:00,157.266,157.281,157.259,157.268,182.4
2026-05-05 04:50:00+00:00,157.266,157.272,157.26,157.272,105.6
2026-05-05 04:55:00+00:00,157.272,157.298,157.272,157.284,232.97
2026-05-05 05:00:00+00:00,157.284,157.3,157.247,157.268,374.14
2026-05-05 05:05:00+00:00,157.27,157.294,157.254,157.282,358.49
2026-05-05 05:10:00+00:00,157.281,157.288,157.262,157.27,166.49
2026-05-05 05:15:00+00:00,157.271,157.284,157.263,157.274,236.7
2026-05-05 05:20:00+00:00,157.274,157.283,157.238,157.242,202.35
2026-05-05 05:25:00+00:00,157.242,157.255,157.226,157.252,373.65
2026-05-05 05:30:00+00:00,157.251,157.262,157.213,157.219,389.4
2026-05-05 05:35:00+00:00,157.22,157.241,157.212,157.24,505.05
2026-05-05 05:40:00+00:00,157.238,157.259,157.226,157.226,364.5
2026-05-05 05:45:00+00:00,157.229,157.248,157.224,157.238,314.72
2026-05-05 05:50:00+00:00,157.237,157.264,157.231,157.261,179.25
2026-05-05 05:55:00+00:00,157.261,157.295,157.26,157.277,409.09
2026-05-05 06:00:00+00:00,157.276,157.283,157.231,157.249,775.6
2026-05-05 06:05:00+00:00,157.25,157.275,157.249,157.275,396.45
2026-05-05 06:10:00+00:00,157.276,157.291,157.264,157.281,462.3
2026-05-05 06:15:00+00:00,157.281,157.299,157.268,157.272,362.55
2026-05-05 06:20:00+00:00,157.273,157.295,157.267,157.275,424.97
2026-05-05 06:25:00+00:00,157.273,157.28,157.245,157.252,268.95
2026-05-05 06:30:00+00:00,157.258,157.261,157.235,157.245,145.95
2026-05-05 06:35:00+00:00,157.245,157.271,157.192,157.239,435.69
2026-05-05 06:40:00+00:00,157.24,157.26,157.224,157.237,251.7
2026-05-05 06:45:00+00:00,157.236,157.261,157.234,157.248,218.85
2026-05-05 06:50:00+00:00,157.248,157.25,157.212,157.219,400.95
2026-05-05 06:55:00+00:00,157.218,157.24,157.213,157.224,423.55
2026-05-05 07:00:00+00:00,157.224,157.234,157.186,157.201,779.38
2026-05-05 07:05:00+00:00,157.2,157.204,157.123,157.154,593.0
2026-05-05 07:10:00+00:00,157.152,157.174,157.14,157.16,355.95
2026-05-05 07:15:00+00:00,157.159,157.169,157.131,157.155,355.95
2026-05-05 07:20:00+00:00,157.154,157.183,157.145,157.183,454.45
2026-05-05 07:25:00+00:00,157.186,157.231,157.186,157.229,437.55
2026-05-05 07:30:00+00:00,157.231,157.235,157.197,157.226,874.17
2026-05-05 07:35:00+00:00,157.223,157.223,157.08,157.162,1218.3
2026-05-05 07:40:00+00:00,157.162,157.194,157.151,157.193,481.44
2026-05-05 07:45:00+00:00,157.191,157.211,157.179,157.207,455.85
2026-05-05 07:50:00+00:00,157.204,157.209,157.173,157.201,463.95
2026-05-05 07:55:00+00:00,157.201,157.235,157.198,157.235,555.63
2026-05-05 08:00:00+00:00,157.235,157.25,157.203,157.234,580.29
2026-05-05 08:05:00+00:00,157.235,157.259,157.219,157.25,307.62
2026-05-05 08:10:00+00:00,157.252,157.283,157.246,157.283,305.26
2026-05-05 08:15:00+00:00,157.281,157.283,157.264,157.269,243.86
2026-05-05 08:20:00+00:00,157.268,157.275,157.259,157.271,316.2
2026-05-05 08:25:00+00:00,157.271,157.271,157.244,157.267,299.46
2026-05-05 08:30:00+00:00,157.269,157.281,157.241,157.263,469.34
2026-05-05 08:35:00+00:00,157.262,157.282,157.26,157.275,383.55
2026-05-05 08:40:00+00:00,157.274,157.281,157.26,157.267,491.27
2026-05-05 08:45:00+00:00,157.267,157.282,157.252,157.269,536.67
2026-05-05 08:50:00+00:00,157.269,157.277,157.257,157.275,431.3
2026-05-05 08:55:00+00:00,157.276,157.281,157.266,157.278,654.17
2026-05-05 09:00:00+00:00,157.278,157.868,157.278,157.399,3320.55
2026-05-05 09:05:00+00:00,157.407,157.475,157.387,157.434,1010.35
2026-05-05 09:10:00+00:00,157.434,157.53,157.395,157.524,645.56
2026-05-05 09:15:00+00:00,157.521,157.658,157.507,157.604,1748.54
2026-05-05 09:20:00+00:00,157.605,157.69,157.579,157.636,1401.87
2026-05-05 09:25:00+00:00,157.638,157.648,157.557,157.566,994.75
2026-05-05 09:30:00+00:00,157.566,157.587,157.098,157.495,2110.92
2026-05-05 09:35:00+00:00,157.495,157.581,157.478,157.552,668.43
2026-05-05 09:40:00+00:00,157.554,157.586,157.516,157.566,470.85
2026-05-05 09:45:00+00:00,157.568,157.574,157.499,157.552,383.49
2026-05-05 09:50:00+00:00,157.552,157.617,157.538,157.568,366.26
2026-05-05 09:55:00+00:00,157.569,157.576,157.488,157.511,446.85
2026-05-05 10:00:00+00:00,157.509,157.593,157.488,157.556,428.3
2026-05-05 10:05:00+00:00,157.556,157.605,157.554,157.603,284.3
2026-05-05 10:10:00+00:00,157.605,157.63,157.578,157.613,261.47
2026-05-05 10:15:00+00:00,157.611,157.635,157.597,157.621,436.58
2026-05-05 10:20:00+00:00,157.621,157.621,157.561,157.585,438.04
2026-05-05 10:25:00+00:00,157.587,157.587,157.525,157.559,314.14
2026-05-05 10:30:00+00:00,157.559,157.601,157.493,157.52,523.95
2026-05-05 10:35:00+00:00,157.52,157.582,157.498,157.577,397.55
2026-05-05 10:40:00+00:00,157.579,157.605,157.54,157.595,450.33
2026-05-05 10:45:00+00:00,157.592,157.632,157.592,157.617,302.42
2026-05-05 10:50:00+00:00,157.615,157.668,157.603,157.64,336.29
2026-05-05 10:55:00+00:00,157.642,157.649,157.59,157.615,388.8
2026-05-05 11:00:00+00:00,157.617,157.741,157.609,157.709,1362.22
2026-05-05 11:05:00+00:00,157.71,157.737,157.673,157.685,574.98
2026-05-05 11:10:00+00:00,157.688,157.706,157.68,157.695,254.79
2026-05-05 11:15:00+00:00,157.697,157.792,157.677,157.762,673.81
2026-05-05 11:20:00+00:00,157.762,157.775,157.691,157.713,678.25
2026-05-05 11:25:00+00:00,157.712,157.72,157.641,157.677,564.9
2026-05-05 11:30:00+00:00,157.679,157.702,157.642,157.688,414.3
2026-05-05 11:35:00+00:00,157.688,157.702,157.675,157.692,324.66
2026-05-05 11:40:00+00:00,157.693,157.71,157.672,157.705,289.35
2026-05-05 11:45:00+00:00,157.704,157.736,157.704,157.712,999.62
2026-05-05 11:50:00+00:00,157.713,157.741,157.712,157.733,466.95
2026-05-05 11:55:00+00:00,157.734,157.767,157.731,157.744,365.85
2026-05-05 12:00:00+00:00,157.746,157.835,157.746,157.832,1183.42
2026-05-05 12:05:00+00:00,157.834,157.837,157.761,157.799,1156.4
2026-05-05 12:10:00+00:00,157.798,157.799,157.639,157.74,1424.38
2026-05-05 12:15:00+00:00,157.737,157.776,157.705,157.747,728.87
2026-05-05 12:20:00+00:00,157.746,157.767,157.684,157.688,827.65
2026-05-05 12:25:00+00:00,157.688,157.693,157.65,157.686,733.4
2026-05-05 12:30:00+00:00,157.685,157.779,157.679,157.762,599.4
2026-05-05 12:35:00+00:00,157.761,157.796,157.74,157.753,693.21
2026-05-05 12:40:00+00:00,157.757,157.786,157.756,157.777,518.67
2026-05-05 12:45:00+00:00,157.777,157.808,157.763,157.792,557.89
2026-05-05 12:50:00+00:00,157.792,157.801,157.775,157.791,381.44
2026-05-05 12:55:00+00:00,157.793,157.793,157.762,157.769,435.9
2026-05-05 13:00:00+00:00,157.77,157.788,157.749,157.767,572.33
2026-05-05 13:05:00+00:00,157.768,157.768,157.697,157.744,709.43
2026-05-05 13:10:00+00:00,157.742,157.744,157.702,157.709,688.65
2026-05-05 13:15:00+00:00,157.71,157.715,157.676,157.687,591.69
2026-05-05 13:20:00+00:00,157.685,157.74,157.673,157.73,478.95
2026-05-05 13:25:00+00:00,157.729,157.736,157.705,157.73,474.45
2026-05-05 13:30:00+00:00,157.729,157.741,157.689,157.715,659.25
2026-05-05 13:35:00+00:00,157.715,157.753,157.715,157.736,691.44
2026-05-05 13:40:00+00:00,157.736,157.744,157.711,157.742,501.9
2026-05-05 13:45:00+00:00,157.742,157.79,157.742,157.756,883.45
2026-05-05 13:50:00+00:00,157.756,157.783,157.735,157.765,790.47
2026-05-05 13:55:00+00:00,157.765,157.796,157.749,157.777,607.9
2026-05-05 14:00:00+00:00,157.773,157.78,157.73,157.761,998.5
2026-05-05 14:05:00+00:00,157.759,157.769,157.677,157.708,960.23
2026-05-05 14:10:00+00:00,157.706,157.794,157.689,157.77,1326.75
2026-05-05 14:15:00+00:00,157.767,157.826,157.742,157.789,1412.92
2026-05-05 14:20:00+00:00,157.789,157.81,157.736,157.746,865.56
2026-05-05 14:25:00+00:00,157.745,157.769,157.714,157.769,757.38
2026-05-05 14:30:00+00:00,157.77,157.792,157.747,157.78,727.8
2026-05-05 14:35:00+00:00,157.781,157.79,157.753,157.766,748.68
2026-05-05 14:40:00+00:00,157.766,157.775,157.729,157.745,692.73
2026-05-05 14:45:00+00:00,157.744,157.758,157.696,157.716,731.77
2026-05-05 14:50:00+00:00,157.716,157.742,157.702,157.703,514.07
2026-05-05 14:55:00+00:00,157.701,157.722,157.671,157.677,990.32
2026-05-05 15:00:00+00:00,157.676,157.7,157.616,157.619,1181.46
2026-05-05 15:05:00+00:00,157.618,157.666,157.607,157.664,700.83
2026-05-05 15:10:00+00:00,157.665,157.693,157.641,157.679,594.9
2026-05-05 15:15:00+00:00,157.678,157.711,157.676,157.708,482.1
2026-05-05 15:20:00+00:00,157.708,157.728,157.681,157.726,579.15
2026-05-05 15:25:00+00:00,157.724,157.727,157.689,157.705,641.79
2026-05-05 15:30:00+00:00,157.704,157.714,157.643,157.674,752.38
2026-05-05 15:35:00+00:00,157.674,157.678,157.636,157.66,648.15
2026-05-05 15:40:00+00:00,157.659,157.667,157.633,157.66,534.15
2026-05-05 15:45:00+00:00,157.66,157.668,157.64,157.653,480.9
2026-05-05 15:50:00+00:00,157.653,157.678,157.646,157.666,455.1
2026-05-05 15:55:00+00:00,157.666,157.682,157.664,157.679,508.65
2026-05-05 16:00:00+00:00,157.68,157.682,157.653,157.657,394.88
2026-05-05 16:05:00+00:00,157.663,157.686,157.658,157.686,242.55
2026-05-05 16:10:00+00:00,157.686,157.704,157.684,157.704,260.85
2026-05-05 16:15:00+00:00,157.705,157.726,157.696,157.703,445.05
2026-05-05 16:20:00+00:00,157.703,157.751,157.702,157.751,296.17
2026-05-05 16:25:00+00:00,157.748,157.754,157.727,157.731,332.75
2026-05-05 16:30:00+00:00,157.73,157.779,157.73,157.777,310.95
2026-05-05 16:35:00+00:00,157.777,157.778,157.751,157.771,255.9
2026-05-05 16:40:00+00:00,157.768,157.777,157.753,157.756,220.8
2026-05-05 16:45:00+00:00,157.756,157.781,157.752,157.771,151.65
2026-05-05 16:50:00+00:00,157.769,157.776,157.76,157.77,241.35
2026-05-05 16:55:00+00:00,157.771,157.802,157.765,157.786,344.42
2026-05-05 17:00:00+00:00,157.788,157.817,157.77,157.817,543.15
2026-05-05 17:05:00+00:00,157.818,157.851,157.817,157.848,258.9
2026-05-05 17:10:00+00:00,157.847,157.868,157.845,157.857,576.18
2026-05-05 17:15:00+00:00,157.858,157.863,157.852,157.859,199.74
2026-05-05 17:20:00+00:00,157.858,157.885,157.857,157.876,258.9
2026-05-05 17:25:00+00:00,157.879,157.885,157.837,157.844,549.45
2026-05-05 17:30:00+00:00,157.846,157.846,157.811,157.812,406.01
2026-05-05 17:35:00+00:00,157.814,157.837,157.798,157.828,420.5
2026-05-05 17:40:00+00:00,157.828,157.851,157.815,157.85,364.05
2026-05-05 17:45:00+00:00,157.849,157.861,157.837,157.844,248.85
2026-05-05 17:50:00+00:00,157.844,157.853,157.825,157.852,219.75
2026-05-05 17:55:00+00:00,157.851,157.859,157.846,157.851,172.65
2026-05-05 18:00:00+00:00,157.85,157.862,157.834,157.856,193.95
2026-05-05 18:05:00+00:00,157.857,157.863,157.834,157.863,129.77
2026-05-05 18:10:00+00:00,157.863,157.866,157.854,157.865,186.9
2026-05-05 18:15:00+00:00,157.865,157.873,157.859,157.87,123.0
2026-05-05 18:20:00+00:00,157.87,157.876,157.865,157.874,128.1
2026-05-05 18:25:00+00:00,157.876,157.884,157.874,157.878,148.2
2026-05-05 18:30:00+00:00,157.879,157.916,157.877,157.915,286.95
2026-05-05 18:35:00+00:00,157.914,157.914,157.887,157.889,146.4
2026-05-05 18:40:00+00:00,157.888,157.895,157.88,157.895,95.4
2026-05-05 18:45:00+00:00,157.893,157.912,157.891,157.908,162.3
2026-05-05 18:50:00+00:00,157.907,157.908,157.879,157.887,277.95
2026-05-05 18:55:00+00:00,157.886,157.898,157.872,157.873,265.05
2026-05-05 19:00:00+00:00,157.875,157.888,157.861,157.879,346.37
2026-05-05 19:05:00+00:00,157.883,157.893,157.883,157.887,355.8
2026-05-05 19:10:00+00:00,157.887,157.892,157.863,157.873,172.8
2026-05-05 19:15:00+00:00,157.874,157.888,157.873,157.887,165.9
2026-05-05 19:20:00+00:00,157.886,157.891,157.884,157.886,50.42
2026-05-05 19:25:00+00:00,157.888,157.915,157.888,157.912,130.35
2026-05-05 19:30:00+00:00,157.913,157.913,157.89,157.892,114.9
2026-05-05 19:35:00+00:00,157.894,157.896,157.876,157.876,214.5
2026-05-05 19:40:00+00:00,157.877,157.893,157.877,157.892,100.52
2026-05-05 19:45:00+00:00,157.892,157.897,157.885,157.895,94.2
2026-05-05 19:50:00+00:00,157.897,157.904,157.868,157.878,265.35
2026-05-05 19:55:00+00:00,157.877,157.884,157.86,157.88,335.1
2026-05-05 20:00:00+00:00,157.879,157.889,157.854,157.865,316.61
2026-05-05 20:05:00+00:00,157.863,157.863,157.841,157.841,285.15
2026-05-05 20:10:00+00:00,157.842,157.857,157.84,157.854,197.7
2026-05-05 20:15:00+00:00,157.853,157.872,157.853,157.868,230.4
2026-05-05 20:20:00+00:00,157.869,157.888,157.866,157.881,132.6
2026-05-05 20:25:00+00:00,157.881,157.888,157.868,157.878,100.57
2026-05-05 20:30:00+00:00,157.877,157.88,157.875,157.879,61.8
2026-05-05 20:35:00+00:00,157.879,157.892,157.874,157.889,106.8
2026-05-05 20:40:00+00:00,157.891,157.893,157.883,157.893,153.0
2026-05-05 20:45:00+00:00,157.893,157.895,157.885,157.885,58.2
2026-05-05 20:50:00+00:00,157.885,157.897,157.871,157.884,313.2
2026-05-05 20:55:00+00:00,157.882,157.899,157.868,157.868,283.65
2026-05-05 21:00:00+00:00,157.869,157.869,157.764,157.823,14.4
2026-05-05 21:05:00+00:00,157.82,157.851,157.82,157.829,27.64
2026-05-05 21:10:00+00:00,157.829,157.835,157.829,157.835,7.5
2026-05-05 21:15:00+00:00,157.835,157.838,157.834,157.838,12.3
2026-05-05 21:20:00+00:00,157.838,157.875,157.838,157.864,16.8
2026-05-05 21:25:00+00:00,157.865,157.879,157.836,157.838,38.4
2026-05-05 21:30:00+00:00,157.845,157.857,157.841,157.841,33.9
2026-05-05 21:35:00+00:00,157.841,157.841,157.838,157.838,6.6
2026-05-05 21:40:00+00:00,157.847,157.857,157.836,157.848,51.9
2026-05-05 21:45:00+00:00,157.856,157.887,157.838,157.881,46.09
2026-05-05 21:50:00+00:00,157.881,157.885,157.879,157.881,12.0
2026-05-05 21:55:00+00:00,157.881,157.893,157.88,157.891,21.3
2026-05-05 22:00:00+00:00,157.886,157.93,157.878,157.923,154.97
2026-05-05 22:05:00+00:00,157.922,157.924,157.896,157.897,91.46
2026-05-05 22:10:00+00:00,157.896,157.906,157.874,157.876,288.6
2026-05-05 22:15:00+00:00,157.876,157.898,157.876,157.882,180.39
2026-05-05 22:20:00+00:00,157.883,157.883,157.868,157.871,134.1
2026-05-05 22:25:00+00:00,157.871,157.873,157.86,157.861,86.25
2026-05-05 22:30:00+00:00,157.862,157.9,157.861,157.883,182.12
2026-05-05 22:35:00+00:00,157.885,157.886,157.877,157.877,59.02
2026-05-05 22:40:00+00:00,157.876,157.897,157.874,157.886,141.92
2026-05-05 22:45:00+00:00,157.885,157.898,157.885,157.897,75.45
2026-05-05 22:50:00+00:00,157.898,157.898,157.762,157.763,894.01
2026-05-05 22:55:00+00:00,157.763,157.775,157.584,157.722,1566.68
2026-05-05 23:00:00+00:00,157.722,157.73,157.653,157.673,769.55
2026-05-05 23:05:00+00:00,157.667,157.682,157.615,157.637,600.74
2026-05-05 23:10:00+00:00,157.638,157.645,157.539,157.562,631.25
2026-05-05 23:15:00+00:00,157.56,157.617,157.551,157.602,511.51
2026-05-05 23:20:00+00:00,157.601,157.617,157.569,157.616,380.0
2026-05-05 23:25:00+00:00,157.617,157.683,157.616,157.682,341.1
2026-05-05 23:30:00+00:00,157.682,157.685,157.627,157.653,345.42
2026-05-05 23:35:00+00:00,157.655,157.69,157.649,157.677,383.1
2026-05-05 23:40:00+00:00,157.676,157.719,157.675,157.718,267.9
2026-05-05 23:45:00+00:00,157.72,157.721,157.689,157.692,382.35
2026-05-05 23:50:00+00:00,157.692,157.705,157.674,157.688,596.4
2026-05-05 23:55:00+00:00,157.689,157.704,157.672,157.675,423.45
2026-05-06 00:00:00+00:00,157.673,157.706,157.621,157.663,1480.34
2026-05-06 00:05:00+00:00,157.662,157.679,157.61,157.641,1382.79
2026-05-06 00:10:00+00:00,157.641,157.684,157.614,157.657,876.53
2026-05-06 00:15:00+00:00,157.657,157.7,157.638,157.641,649.55
2026-05-06 00:20:00+00:00,157.643,157.656,157.6,157.617,667.25
2026-05-06 00:25:00+00:00,157.616,157.636,157.58,157.632,673.99
2026-05-06 00:30:00+00:00,157.63,157.644,157.596,157.6,659.85
2026-05-06 00:35:00+00:00,157.602,157.622,157.579,157.603,681.89
2026-05-06 00:40:00+00:00,157.602,157.603,157.566,157.59,703.69
2026-05-06 00:45:00+00:00,157.59,157.603,157.562,157.597,710.75
2026-05-06 00:50:00+00:00,157.597,157.604,157.551,157.582,671.92
2026-05-06 00:55:00+00:00,157.581,157.598,157.568,157.592,589.71
2026-05-06 01:00:00+00:00,157.595,157.648,157.577,157.627,1021.24
2026-05-06 01:05:00+00:00,157.629,157.665,157.618,157.644,586.65
2026-05-06 01:10:00+00:00,157.643,157.662,157.629,157.651,433.65
2026-05-06 01:15:00+00:00,157.653,157.668,157.605,157.605,669.87
2026-05-06 01:20:00+00:00,157.606,157.638,157.599,157.616,423.01
2026-05-06 01:25:00+00:00,157.613,157.642,157.613,157.638,519.27
2026-05-06 01:30:00+00:00,157.636,157.669,157.636,157.645,520.96
2026-05-06 01:35:00+00:00,157.647,157.668,157.637,157.642,428.39
2026-05-06 01:40:00+00:00,157.645,157.658,157.639,157.651,318.32
2026-05-06 01:45:00+00:00,157.651,157.656,157.631,157.638,482.18
2026-05-06 01:50:00+00:00,157.639,157.66,157.637,157.654,496.9
2026-05-06 01:55:00+00:00,157.656,157.696,157.649,157.695,454.02
2026-05-06 02:00:00+00:00,157.701,157.701,157.656,157.672,579.39
2026-05-06 02:05:00+00:00,157.672,157.683,157.652,157.672,464.95
2026-05-06 02:10:00+00:00,157.671,157.704,157.667,157.7,410.8
2026-05-06 02:15:00+00:00,157.701,157.722,157.688,157.712,452.99
2026-05-06 02:20:00+00:00,157.711,157.741,157.711,157.729,534.37
2026-05-06 02:25:00+00:00,157.733,157.789,157.727,157.783,661.55
2026-05-06 02:30:00+00:00,157.783,157.79,157.769,157.778,728.72
2026-05-06 02:35:00+00:00,157.777,157.802,157.775,157.8,490.95
2026-05-06 02:40:00+00:00,157.799,157.83,157.789,157.813,290.46
2026-05-06 02:45:00+00:00,157.815,157.828,157.787,157.789,296.85
2026-05-06 02:50:00+00:00,157.791,157.807,157.771,157.789,259.5
2026-05-06 02:55:00+00:00,157.788,157.815,157.776,157.812,388.65
2026-05-06 03:00:00+00:00,157.813,157.826,157.786,157.806,556.54
2026-05-06 03:05:00+00:00,157.809,157.865,157.803,157.859,502.5
2026-05-06 03:10:00+00:00,157.859,157.86,157.841,157.856,282.31
2026-05-06 03:15:00+00:00,157.857,157.878,157.84,157.853,293.25
2026-05-06 03:20:00+00:00,157.852,157.859,157.837,157.843,175.65
2026-05-06 03:25:00+00:00,157.843,157.875,157.84,157.869,282.3
2026-05-06 03:30:00+00:00,157.87,157.89,157.864,157.869,350.84
2026-05-06 03:35:00+00:00,157.869,157.87,157.751,157.775,527.91
2026-05-06 03:40:00+00:00,157.775,157.782,157.723,157.775,559.05
2026-05-06 03:45:00+00:00,157.774,157.81,157.75,157.808,342.04
2026-05-06 03:50:00+00:00,157.807,157.814,157.781,157.795,404.18
2026-05-06 03:55:00+00:00,157.794,157.794,157.749,157.773,434.22
2026-05-06 04:00:00+00:00,157.774,157.804,157.772,157.793,333.1
2026-05-06 04:05:00+00:00,157.793,157.807,157.785,157.798,267.45
2026-05-06 04:10:00+00:00,157.798,157.817,157.797,157.799,363.51
2026-05-06 04:15:00+00:00,157.797,157.823,157.795,157.816,254.42
2026-05-06 04:20:00+00:00,157.816,157.817,157.792,157.794,278.72
2026-05-06 04:25:00+00:00,157.794,157.804,156.818,156.871,3332.49
2026-05-06 04:30:00+00:00,156.871,157.022,156.197,156.29,4407.38
2026-05-06 04:35:00+00:00,156.286,156.333,155.904,155.952,4380.24
2026-05-06 04:40:00+00:00,155.953,156.189,155.853,155.891,4074.0
2026-05-06 04:45:00+00:00,155.893,156.014,155.48,155.48,6034.4
2026-05-06 04:50:00+00:00,155.481,155.515,155.029,155.085,5768.09
2026-05-06 04:55:00+00:00,155.092,155.935,155.036,155.932,4334.77
2026-05-06 05:00:00+00:00,155.925,156.059,155.752,155.971,2414.96
2026-05-06 05:05:00+00:00,155.976,156.173,155.907,156.108,2402.3
2026-05-06 05:10:00+00:00,156.107,156.211,156.087,156.181,1449.37
2026-05-06 05:15:00+00:00,156.183,156.28,156.174,156.233,1308.79
2026-05-06 05:20:00+00:00,156.236,156.388,156.231,156.317,961.81
2026-05-06 05:25:00+00:00,156.311,156.33,156.22,156.308,812.46
2026-05-06 05:30:00+00:00,156.308,156.374,156.296,156.354,673.04
2026-05-06 05:35:00+00:00,156.352,156.365,156.291,156.338,627.01
2026-05-06 05:40:00+00:00,156.338,156.376,156.306,156.349,716.02
2026-05-06 05:45:00+00:00,156.35,156.356,156.268,156.303,835.68
2026-05-06 05:50:00+00:00,156.304,156.328,156.28,156.326,759.1
2026-05-06 05:55:00+00:00,156.329,156.368,156.314,156.318,940.52
2026-05-06 06:00:00+00:00,156.316,156.454,156.302,156.451,1418.55
2026-05-06 06:05:00+00:00,156.451,156.453,156.383,156.402,1247.05
2026-05-06 06:10:00+00:00,156.402,156.426,156.35,156.396,1138.44
2026-05-06 06:15:00+00:00,156.397,156.43,156.374,156.411,628.65
2026-05-06 06:20:00+00:00,156.413,156.414,156.307,156.383,926.47
2026-05-06 06:25:00+00:00,156.384,156.395,156.31,156.35,971.49
2026-05-06 06:30:00+00:00,156.358,156.368,156.313,156.36,732.22
2026-05-06 06:35:00+00:00,156.362,156.377,156.338,156.352,605.62
2026-05-06 06:40:00+00:00,156.353,156.39,156.309,156.342,910.74
2026-05-06 06:45:00+00:00,156.339,156.39,156.314,156.376,572.57
2026-05-06 06:50:00+00:00,156.377,156.407,156.35,156.377,564.72
2026-05-06 06:55:00+00:00,156.378,156.394,156.351,156.387,557.85
2026-05-06 07:00:00+00:00,156.387,156.458,156.37,156.422,849.24
2026-05-06 07:05:00+00:00,156.423,156.438,156.374,156.425,644.41
2026-05-06 07:10:00+00:00,156.425,156.54,156.412,156.537,798.5
2026-05-06 07:15:00+00:00,156.538,156.565,156.437,156.51,838.85
2026-05-06 07:20:00+00:00,156.511,156.511,156.438,156.489,743.69
2026-05-06 07:25:00+00:00,156.489,156.522,156.48,156.498,940.4
2026-05-06 07:30:00+00:00,156.498,156.545,156.49,156.534,809.77
2026-05-06 07:35:00+00:00,156.534,156.543,156.492,156.512,649.11
2026-05-06 07:40:00+00:00,156.513,156.517,156.473,156.474,578.58
2026-05-06 07:45:00+00:00,156.474,156.474,156.323,156.392,1270.22
2026-05-06 07:50:00+00:00,156.392,156.404,156.228,156.244,1255.09
2026-05-06 07:55:00+00:00,156.242,156.243,155.726,155.821,2185.37
2026-05-06 08:00:00+00:00,155.816,156.278,155.756,156.23,2325.08
2026-05-06 08:05:00+00:00,156.232,156.268,156.16,156.2,1022.48
2026-05-06 08:10:00+00:00,156.199,156.24,156.149,156.217,812.6
2026-05-06 08:15:00+00:00,156.217,156.249,156.168,156.217,878.31
2026-05-06 08:20:00+00:00,156.217,156.289,156.206,156.276,734.47
2026-05-06 08:25:00+00:00,156.276,156.29,156.21,156.237,861.18
2026-05-06 08:30:00+00:00,156.237,156.245,156.065,156.096,1056.41
2026-05-06 08:35:00+00:00,156.102,156.192,156.085,156.182,916.39
2026-05-06 08:40:00+00:00,156.181,156.19,156.121,156.151,678.03
2026-05-06 08:45:00+00:00,156.153,156.172,156.085,156.172,654.84
2026-05-06 08:50:00+00:00,156.169,156.169,155.817,155.954,3871.9
2026-05-06 08:55:00+00:00,155.954,156.049,155.887,155.978,2456.64
2026-05-06 09:00:00+00:00,155.976,156.088,155.925,156.085,1563.63
2026-05-06 09:05:00+00:00,156.086,156.108,156.039,156.072,1175.55
2026-05-06 09:10:00+00:00,156.073,156.081,156.038,156.046,1079.43
2026-05-06 09:15:00+00:00,156.042,156.047,155.952,155.984,1289.06
2026-05-06 09:20:00+00:00,155.982,156.074,155.976,156.049,1164.77
2026-05-06 09:25:00+00:00,156.051,156.093,156.049,156.082,779.64
2026-05-06 09:30:00+00:00,156.081,156.088,155.932,156.032,1317.3
2026-05-06 09:35:00+00:00,156.031,156.075,155.975,155.987,1069.0
2026-05-06 09:40:00+00:00,155.987,156.014,155.978,156.001,654.2
2026-05-06 09:45:00+00:00,156.002,156.013,155.917,155.921,773.51
2026-05-06 09:50:00+00:00,155.924,156.013,155.917,155.927,725.93
2026-05-06 09:55:00+00:00,155.929,155.968,155.919,155.926,845.85
2026-05-06 10:00:00+00:00,155.926,155.945,155.868,155.905,1152.08
2026-05-06 10:05:00+00:00,155.907,155.972,155.893,155.951,683.88
2026-05-06 10:10:00+00:00,155.951,156.004,155.941,156.003,645.79
2026-05-06 10:15:00+00:00,156.004,156.068,156.003,156.067,741.95
2026-05-06 10:20:00+00:00,156.069,156.123,155.94,155.942,1034.77
2026-05-06 10:25:00+00:00,155.942,155.982,155.923,155.959,1111.94
2026-05-06 10:30:00+00:00,155.946,155.968,155.921,155.94,1018.14
2026-05-06 10:35:00+00:00,155.939,155.988,155.923,155.951,685.67
2026-05-06 10:40:00+00:00,155.95,155.95,155.816,155.831,1576.03
2026-05-06 10:45:00+00:00,155.832,155.868,155.742,155.785,1587.18
2026-05-06 10:50:00+00:00,155.786,155.786,155.648,155.673,1647.62
2026-05-06 10:55:00+00:00,155.674,155.76,155.613,155.755,1676.1
2026-05-06 11:00:00+00:00,155.755,155.805,155.7,155.799,1624.84
2026-05-06 11:05:00+00:00,155.799,155.856,155.75,155.778,1510.46
2026-05-06 11:10:00+00:00,155.778,155.932,155.778,155.932,1706.91
2026-05-06 11:15:00+00:00,155.931,155.948,155.868,155.876,1454.56
2026-05-06 11:20:00+00:00,155.876,155.939,155.876,155.932,1002.09
2026-05-06 11:25:00+00:00,155.929,155.929,155.85,155.924,1136.28
2026-05-06 11:30:00+00:00,155.923,155.931,155.887,155.903,1214.2
2026-05-06 11:35:00+00:00,155.902,155.921,155.879,155.918,804.03
2026-05-06 11:40:00+00:00,155.917,156.103,155.9,156.078,2324.92
2026-05-06 11:45:00+00:00,156.078,156.105,156.031,156.062,1727.46
2026-05-06 11:50:00+00:00,156.067,156.075,156.026,156.075,1256.88
2026-05-06 11:55:00+00:00,156.074,156.099,156.053,156.084,861.9
2026-05-06 12:00:00+00:00,156.085,156.182,156.085,156.156,1074.29
2026-05-06 12:05:00+00:00,156.156,156.209,156.132,156.208,1061.92
2026-05-06 12:10:00+00:00,156.212,156.306,156.212,156.267,1231.17
2026-05-06 12:15:00+00:00,156.268,156.297,156.202,156.22,1861.65
2026-05-06 12:20:00+00:00,156.221,156.234,156.134,156.148,1528.58
2026-05-06 12:25:00+00:00,156.147,156.203,156.111,156.182,1064.35
2026-05-06 12:30:00+00:00,156.182,156.184,156.12,156.154,845.4
2026-05-06 12:35:00+00:00,156.155,156.181,156.132,156.158,704.25
2026-05-06 12:40:00+00:00,156.159,156.184,156.121,156.132,936.45
2026-05-06 12:45:00+00:00,156.133,156.181,156.132,156.155,597.88
2026-05-06 12:50:00+00:00,156.153,156.19,156.126,156.18,778.95
2026-05-06 12:55:00+00:00,156.179,156.285,156.179,156.279,938.18
2026-05-06 13:00:00+00:00,156.284,156.314,156.159,156.234,1343.12
2026-05-06 13:05:00+00:00,156.235,156.311,156.21,156.29,2039.67
2026-05-06 13:10:00+00:00,156.29,156.293,156.241,156.257,1103.37
2026-05-06 13:15:00+00:00,156.258,156.267,156.193,156.233,866.82
2026-05-06 13:20:00+00:00,156.239,156.258,156.204,156.244,956.47
2026-05-06 13:25:00+00:00,156.246,156.271,156.216,156.238,718.22
2026-05-06 13:30:00+00:00,156.239,156.244,156.134,156.136,1238.7
2026-05-06 13:35:00+00:00,156.137,156.148,156.084,156.127,1178.12
2026-05-06 13:40:00+00:00,156.128,156.135,156.096,156.135,824.13
2026-05-06 13:45:00+00:00,156.134,156.14,156.054,156.063,710.31
2026-05-06 13:50:00+00:00,156.064,156.166,156.062,156.133,1161.74
2026-05-06 13:55:00+00:00,156.134,156.169,156.099,156.117,1164.15
2026-05-06 14:00:00+00:00,156.118,156.157,156.114,156.14,878.16
2026-05-06 14:05:00+00:00,156.14,156.236,156.133,156.163,1173.35
2026-05-06 14:10:00+00:00,156.164,156.208,156.147,156.205,922.1
2026-05-06 14:15:00+00:00,156.206,156.221,156.168,156.177,934.84
2026-05-06 14:20:00+00:00,156.177,156.184,156.133,156.147,754.44
2026-05-06 14:25:00+00:00,156.148,156.221,156.139,156.208,855.6
2026-05-06 14:30:00+00:00,156.208,156.212,156.172,156.191,843.0
2026-05-06 14:35:00+00:00,156.19,156.205,156.159,156.171,742.41
2026-05-06 14:40:00+00:00,156.172,156.211,156.085,156.088,1250.75
2026-05-06 14:45:00+00:00,156.088,156.147,156.047,156.119,1261.31
2026-05-06 14:50:00+00:00,156.12,156.228,156.119,156.22,1248.82
2026-05-06 14:55:00+00:00,156.22,156.294,156.191,156.279,1236.96
2026-05-06 15:00:00+00:00,156.281,156.327,156.278,156.293,1230.17
2026-05-06 15:05:00+00:00,156.292,156.432,156.29,156.404,1094.74
2026-05-06 15:10:00+00:00,156.405,156.457,156.388,156.4,1278.53
2026-05-06 15:15:00+00:00,156.401,156.413,156.347,156.39,601.57
2026-05-06 15:20:00+00:00,156.39,156.39,156.305,156.308,728.82
2026-05-06 15:25:00+00:00,156.308,156.338,156.289,156.308,541.42
2026-05-06 15:30:00+00:00,156.305,156.306,156.269,156.284,730.69
2026-05-06 15:35:00+00:00,156.283,156.334,156.282,156.316,799.2
2026-05-06 15:40:00+00:00,156.317,156.378,156.306,156.347,701.84
2026-05-06 15:45:00+00:00,156.346,156.363,156.324,156.331,631.79
2026-05-06 15:50:00+00:00,156.33,156.409,156.322,156.407,1631.16
2026-05-06 15:55:00+00:00,156.406,156.44,156.389,156.437,609.15
2026-05-06 16:00:00+00:00,156.438,156.486,156.437,156.483,693.4
2026-05-06 16:05:00+00:00,156.483,156.486,156.45,156.458,626.5
2026-05-06 16:10:00+00:00,156.458,156.461,156.412,156.438,479.34
2026-05-06 16:15:00+00:00,156.44,156.463,156.425,156.448,453.56
2026-05-06 16:20:00+00:00,156.448,156.449,156.398,156.439,462.3
2026-05-06 16:25:00+00:00,156.439,156.453,156.425,156.443,453.15
2026-05-06 16:30:00+00:00,156.446,156.47,156.416,156.447,576.0
2026-05-06 16:35:00+00:00,156.449,156.472,156.438,156.438,420.0
2026-05-06 16:40:00+00:00,156.438,156.451,156.428,156.448,376.83
2026-05-06 16:45:00+00:00,156.449,156.461,156.432,156.441,380.44
2026-05-06 16:50:00+00:00,156.44,156.469,156.439,156.448,408.93
2026-05-06 16:55:00+00:00,156.448,156.459,156.364,156.428,1224.29
2026-05-06 17:00:00+00:00,156.432,156.46,156.354,156.378,809.54
2026-05-06 17:05:00+00:00,156.379,156.392,156.356,156.39,769.35
2026-05-06 17:10:00+00:00,156.391,156.417,156.378,156.415,309.6
2026-05-06 17:15:00+00:00,156.413,156.44,156.413,156.426,308.4
2026-05-06 17:20:00+00:00,156.426,156.428,156.403,156.403,370.65
2026-05-06 17:25:00+00:00,156.403,156.414,156.381,156.414,504.0
2026-05-06 17:30:00+00:00,156.413,156.456,156.395,156.454,426.75
2026-05-06 17:35:00+00:00,156.455,156.499,156.455,156.493,506.97
2026-05-06 17:40:00+00:00,156.492,156.497,156.465,156.482,408.03
2026-05-06 17:45:00+00:00,156.481,156.497,156.471,156.494,403.35
2026-05-06 17:50:00+00:00,156.494,156.514,156.486,156.493,267.15
2026-05-06 17:55:00+00:00,156.495,156.507,156.486,156.487,328.47
2026-05-06 18:00:00+00:00,156.486,156.488,156.463,156.475,304.8
2026-05-06 18:05:00+00:00,156.475,156.475,156.419,156.447,415.83
2026-05-06 18:10:00+00:00,156.449,156.458,156.418,156.455,546.06
2026-05-06 18:15:00+00:00,156.454,156.456,156.387,156.392,328.17
2026-05-06 18:20:00+00:00,156.39,156.466,156.377,156.463,423.67
2026-05-06 18:25:00+00:00,156.463,156.472,156.44,156.464,447.75
2026-05-06 18:30:00+00:00,156.464,156.477,156.44,156.461,488.13
2026-05-06 18:35:00+00:00,156.463,156.47,156.447,156.449,251.4
2026-05-06 18:40:00+00:00,156.448,156.468,156.438,156.451,255.94
2026-05-06 18:45:00+00:00,156.452,156.452,156.428,156.429,154.5
2026-05-06 18:50:00+00:00,156.438,156.451,156.383,156.402,396.4
2026-05-06 18:55:00+00:00,156.401,156.409,156.356,156.401,640.7
2026-05-06 19:00:00+00:00,156.403,156.418,156.375,156.378,730.39
2026-05-06 19:05:00+00:00,156.38,156.437,156.376,156.382,492.24
2026-05-06 19:10:00+00:00,156.382,156.394,156.367,156.378,472.47
2026-05-06 19:15:00+00:00,156.38,156.383,156.36,156.377,331.44
2026-05-06 19:20:00+00:00,156.377,156.381,156.35,156.35,365.94
2026-05-06 19:25:00+00:00,156.351,156.389,156.351,156.389,277.2
2026-05-06 19:30:00+00:00,156.39,156.432,156.38,156.388,344.19
2026-05-06 19:35:00+00:00,156.389,156.401,156.375,156.377,261.93
2026-05-06 19:40:00+00:00,156.377,156.416,156.369,156.415,265.2
2026-05-06 19:45:00+00:00,156.415,156.42,156.403,156.414,347.94
2026-05-06 19:50:00+00:00,156.412,156.412,156.381,156.392,397.26
2026-05-06 19:55:00+00:00,156.39,156.418,156.369,156.418,512.73
2026-05-06 20:00:00+00:00,156.416,156.455,156.36,156.397,601.09
2026-05-06 20:05:00+00:00,156.4,156.41,156.381,156.391,598.2
2026-05-06 20:10:00+00:00,156.389,156.39,156.292,156.347,560.72
2026-05-06 20:15:00+00:00,156.348,156.38,156.333,156.372,499.2
2026-05-06 20:20:00+00:00,156.37,156.378,156.339,156.342,270.6
2026-05-06 20:25:00+00:00,156.337,156.372,156.31,156.356,327.99
2026-05-06 20:30:00+00:00,156.357,156.393,156.352,156.386,213.6
2026-05-06 20:35:00+00:00,156.385,156.399,156.365,156.371,187.65
2026-05-06 20:40:00+00:00,156.369,156.42,156.368,156.42,241.95
2026-05-06 20:45:00+00:00,156.421,156.427,156.411,156.411,168.9
2026-05-06 20:50:00+00:00,156.41,156.421,156.38,156.381,386.7
2026-05-06 20:55:00+00:00,156.38,156.399,156.354,156.354,363.15
2026-05-06 21:00:00+00:00,156.323,156.323,156.296,156.296,1.4
2026-05-06 21:05:00+00:00,156.305,156.307,156.237,156.27,82.35
2026-05-06 21:10:00+00:00,156.27,156.271,156.263,156.263,15.6
2026-05-06 21:15:00+00:00,156.262,156.307,156.255,156.307,42.27
2026-05-06 21:20:00+00:00,156.306,156.307,156.275,156.292,24.0
2026-05-06 21:25:00+00:00,156.271,156.308,156.271,156.292,24.6
2026-05-06 21:30:00+00:00,156.293,156.306,156.275,156.306,21.9
2026-05-06 21:35:00+00:00,156.282,156.306,156.275,156.285,30.0
2026-05-06 21:40:00+00:00,156.281,156.309,156.278,156.299,93.45
2026-05-06 21:45:00+00:00,156.301,156.307,156.298,156.299,64.8
2026-05-06 21:50:00+00:00,156.299,156.317,156.298,156.299,64.35
2026-05-06 21:55:00+00:00,156.305,156.307,156.225,156.238,71.1
2026-05-06 22:00:00+00:00,156.238,156.326,156.219,156.322,169.5
2026-05-06 22:05:00+00:00,156.321,156.359,156.321,156.359,110.58
2026-05-06 22:10:00+00:00,156.359,156.362,156.312,156.312,81.39
2026-05-06 22:15:00+00:00,156.313,156.34,156.313,156.324,40.8
2026-05-06 22:20:00+00:00,156.325,156.328,156.311,156.313,37.2
2026-05-06 22:25:00+00:00,156.314,156.369,156.314,156.365,57.45
2026-05-06 22:30:00+00:00,156.364,156.379,156.348,156.351,109.14
2026-05-06 22:35:00+00:00,156.345,156.358,156.335,156.35,453.45
2026-05-06 22:40:00+00:00,156.351,156.363,156.324,156.325,195.6
2026-05-06 22:45:00+00:00,156.325,156.338,156.311,156.325,113.69
2026-05-06 22:50:00+00:00,156.325,156.352,156.324,156.341,110.25
2026-05-06 22:55:00+00:00,156.341,156.351,156.326,156.336,75.45
2026-05-06 23:00:00+00:00,156.336,156.336,156.286,156.303,304.33
2026-05-06 23:05:00+00:00,156.304,156.338,156.278,156.338,129.45
2026-05-06 23:10:00+00:00,156.339,156.395,156.339,156.386,156.57
2026-05-06 23:15:00+00:00,156.388,156.416,156.37,156.414,104.29
2026-05-06 23:20:00+00:00,156.415,156.445,156.414,156.426,143.89
2026-05-06 23:25:00+00:00,156.426,156.44,156.425,156.425,66.64
2026-05-06 23:30:00+00:00,156.421,156.439,156.409,156.413,191.55
2026-05-06 23:35:00+00:00,156.412,156.427,156.409,156.422,68.7
2026-05-06 23:40:00+00:00,156.422,156.435,156.42,156.425,72.45
2026-05-06 23:45:00+00:00,156.42,156.439,156.406,156.419,287.39
2026-05-06 23:50:00+00:00,156.419,156.475,156.419,156.471,300.22
2026-05-06 23:55:00+00:00,156.47,156.524,156.458,156.52,504.03
2026-05-07 00:00:00+00:00,156.522,156.525,156.373,156.433,1347.42
2026-05-07 00:05:00+00:00,156.434,156.453,156.382,156.395,914.95
2026-05-07 00:10:00+00:00,156.395,156.419,156.229,156.229,1390.39
2026-05-07 00:15:00+00:00,156.23,156.382,156.217,156.352,1153.32
2026-05-07 00:20:00+00:00,156.352,156.422,156.341,156.418,532.48
2026-05-07 00:25:00+00:00,156.418,156.455,156.41,156.429,989.5
2026-05-07 00:30:00+00:00,156.428,156.454,156.393,156.435,738.57
2026-05-07 00:35:00+00:00,156.436,156.444,156.4,156.405,447.76
2026-05-07 00:40:00+00:00,156.406,156.491,156.383,156.449,691.76
2026-05-07 00:45:00+00:00,156.449,156.481,156.387,156.395,586.48
2026-05-07 00:50:00+00:00,156.395,156.409,156.291,156.312,1420.34
2026-05-07 00:55:00+00:00,156.316,156.372,156.309,156.321,1010.14
2026-05-07 01:00:00+00:00,156.319,156.352,156.281,156.311,1054.09
2026-05-07 01:05:00+00:00,156.312,156.349,156.277,156.287,522.4
2026-05-07 01:10:00+00:00,156.287,156.287,156.098,156.141,1110.54
2026-05-07 01:15:00+00:00,156.139,156.19,156.122,156.149,994.29
2026-05-07 01:20:00+00:00,156.15,156.186,156.131,156.151,521.02
2026-05-07 01:25:00+00:00,156.149,156.168,156.139,156.153,532.42
2026-05-07 01:30:00+00:00,156.152,156.182,156.067,156.069,853.14
2026-05-07 01:35:00+00:00,156.069,156.121,156.065,156.082,710.95
2026-05-07 01:40:00+00:00,156.082,156.082,156.019,156.042,625.71
2026-05-07 01:45:00+00:00,156.043,156.142,156.036,156.129,685.4
2026-05-07 01:50:00+00:00,156.129,156.129,156.08,156.117,454.03
2026-05-07 01:55:00+00:00,156.117,156.224,156.114,156.216,688.53
2026-05-07 02:00:00+00:00,156.219,156.223,156.15,156.215,628.05
2026-05-07 02:05:00+00:00,156.217,156.244,156.214,156.238,447.99
2026-05-07 02:10:00+00:00,156.239,156.263,156.226,156.246,513.06
2026-05-07 02:15:00+00:00,156.247,156.282,156.222,156.26,363.17
2026-05-07 02:20:00+00:00,156.26,156.283,156.237,156.247,350.79
2026-05-07 02:25:00+00:00,156.246,156.275,156.23,156.247,325.37
2026-05-07 02:30:00+00:00,156.246,156.265,156.21,156.214,327.73
2026-05-07 02:35:00+00:00,156.213,156.249,156.209,156.246,334.78
2026-05-07 02:40:00+00:00,156.245,156.266,156.237,156.251,261.63
2026-05-07 02:45:00+00:00,156.251,156.27,156.235,156.258,365.19
2026-05-07 02:50:00+00:00,156.259,156.278,156.246,156.27,474.28
2026-05-07 02:55:00+00:00,156.272,156.349,156.27,156.336,571.47
2026-05-07 03:00:00+00:00,156.336,156.367,156.319,156.341,346.8
2026-05-07 03:05:00+00:00,156.341,156.349,156.314,156.325,295.4
2026-05-07 03:10:00+00:00,156.326,156.347,156.326,156.332,237.45
2026-05-07 03:15:00+00:00,156.335,156.35,156.32,156.326,212.85
2026-05-07 03:20:00+00:00,156.326,156.354,156.326,156.343,248.85
2026-05-07 03:25:00+00:00,156.343,156.356,156.317,156.336,503.47
2026-05-07 03:30:00+00:00,156.334,156.345,156.306,156.32,378.18
2026-05-07 03:35:00+00:00,156.322,156.357,156.321,156.339,405.0
2026-05-07 03:40:00+00:00,156.338,156.35,156.321,156.344,312.03
2026-05-07 03:45:00+00:00,156.345,156.376,156.345,156.37,251.88
2026-05-07 03:50:00+00:00,156.37,156.391,156.359,156.359,168.99
2026-05-07 03:55:00+00:00,156.356,156.438,156.356,156.415,541.22
2026-05-07 04:00:00+00:00,156.417,156.42,156.377,156.399,472.64
2026-05-07 04:05:00+00:00,156.398,156.411,156.374,156.377,260.49
2026-05-07 04:10:00+00:00,156.378,156.4,156.377,156.377,262.2
2026-05-07 04:15:00+00:00,156.377,156.381,156.318,156.348,613.08
2026-05-07 04:20:00+00:00,156.355,156.372,156.331,156.335,140.1
2026-05-07 04:25:00+00:00,156.336,156.356,156.322,156.356,145.7
2026-05-07 04:30:00+00:00,156.355,156.36,156.337,156.351,157.62
2026-05-07 04:35:00+00:00,156.35,156.358,156.317,156.32,147.49
2026-05-07 04:40:00+00:00,156.32,156.369,156.32,156.361,215.85
2026-05-07 04:45:00+00:00,156.36,156.373,156.307,156.308,243.84
2026-05-07 04:50:00+00:00,156.309,156.346,156.308,156.337,285.45
2026-05-07 04:55:00+00:00,156.339,156.386,156.339,156.356,582.23
2026-05-07 05:00:00+00:00,156.355,156.355,156.302,156.307,389.15
2026-05-07 05:05:00+00:00,156.308,156.363,156.307,156.335,394.12
2026-05-07 05:10:00+00:00,156.335,156.338,156.322,156.333,245.19
2026-05-07 05:15:00+00:00,156.342,156.371,156.342,156.36,194.76
2026-05-07 05:20:00+00:00,156.366,156.377,156.345,156.357,291.61
2026-05-07 05:25:00+00:00,156.358,156.396,156.358,156.385,491.78
2026-05-07 05:30:00+00:00,156.386,156.395,156.336,156.371,485.82
2026-05-07 05:35:00+00:00,156.371,156.375,156.345,156.353,349.98
2026-05-07 05:40:00+00:00,156.354,156.369,156.334,156.345,430.35
2026-05-07 05:45:00+00:00,156.345,156.372,156.324,156.345,309.26
2026-05-07 05:50:00+00:00,156.348,156.364,156.336,156.361,280.05
2026-05-07 05:55:00+00:00,156.362,156.385,156.353,156.373,336.09
2026-05-07 06:00:00+00:00,156.37,156.393,156.348,156.372,457.94
2026-05-07 06:05:00+00:00,156.373,156.402,156.368,156.382,404.58
2026-05-07 06:10:00+00:00,156.381,156.397,156.36,156.385,415.71
2026-05-07 06:15:00+00:00,156.385,156.407,156.373,156.373,335.31
2026-05-07 06:20:00+00:00,156.373,156.411,156.36,156.36,444.12
2026-05-07 06:25:00+00:00,156.36,156.388,156.355,156.384,345.6
2026-05-07 06:30:00+00:00,156.386,156.401,156.352,156.364,706.95
2026-05-07 06:35:00+00:00,156.363,156.363,156.273,156.319,754.35
2026-05-07 06:40:00+00:00,156.32,156.324,156.105,156.144,1539.48
2026-05-07 06:45:00+00:00,156.145,156.287,156.144,156.287,851.52
2026-05-07 06:50:00+00:00,156.288,156.321,156.271,156.314,725.18
2026-05-07 06:55:00+00:00,156.315,156.316,156.256,156.287,509.24
2026-05-07 07:00:00+00:00,156.288,156.292,156.21,156.242,845.32
2026-05-07 07:05:00+00:00,156.239,156.254,156.047,156.1,1574.16
2026-05-07 07:10:00+00:00,156.101,156.124,156.052,156.054,1269.51
2026-05-07 07:15:00+00:00,156.053,156.17,156.021,156.163,1257.15
2026-05-07 07:20:00+00:00,156.163,156.178,156.107,156.15,944.01
2026-05-07 07:25:00+00:00,156.149,156.17,156.135,156.144,882.41
2026-05-07 07:30:00+00:00,156.145,156.229,156.134,156.215,868.9
2026-05-07 07:35:00+00:00,156.217,156.24,156.204,156.218,728.79
2026-05-07 07:40:00+00:00,156.219,156.264,156.192,156.249,504.6
2026-05-07 07:45:00+00:00,156.249,156.273,156.24,156.251,467.16
2026-05-07 07:50:00+00:00,156.252,156.257,156.21,156.234,431.88
2026-05-07 07:55:00+00:00,156.231,156.268,156.228,156.262,532.69
2026-05-07 08:00:00+00:00,156.262,156.29,156.251,156.277,691.62
2026-05-07 08:05:00+00:00,156.277,156.277,156.225,156.272,762.23
2026-05-07 08:10:00+00:00,156.273,156.299,156.26,156.264,631.41
2026-05-07 08:15:00+00:00,156.263,156.277,156.239,156.246,629.48
2026-05-07 08:20:00+00:00,156.247,156.272,156.225,156.228,588.97
2026-05-07 08:25:00+00:00,156.227,156.295,156.21,156.214,788.67
2026-05-07 08:30:00+00:00,156.211,156.241,156.184,156.239,618.75
2026-05-07 08:35:00+00:00,156.24,156.267,156.216,156.258,732.8
2026-05-07 08:40:00+00:00,156.257,156.29,156.246,156.288,467.78
2026-05-07 08:45:00+00:00,156.289,156.305,156.279,156.287,554.69
2026-05-07 08:50:00+00:00,156.287,156.298,156.265,156.296,540.44
2026-05-07 08:55:00+00:00,156.296,156.338,156.289,156.325,469.32
2026-05-07 09:00:00+00:00,156.326,156.404,156.324,156.38,836.07
2026-05-07 09:05:00+00:00,156.38,156.384,156.359,156.368,308.34
2026-05-07 09:10:00+00:00,156.369,156.395,156.353,156.361,495.85
2026-05-07 09:15:00+00:00,156.358,156.398,156.357,156.386,489.28
2026-05-07 09:20:00+00:00,156.39,156.417,156.384,156.401,342.27
2026-05-07 09:25:00+00:00,156.402,156.413,156.38,156.396,331.13
2026-05-07 09:30:00+00:00,156.394,156.41,156.36,156.363,500.21
2026-05-07 09:35:00+00:00,156.362,156.374,156.338,156.341,413.27
2026-05-07 09:40:00+00:00,156.342,156.345,156.313,156.315,189.42
2026-05-07 09:45:00+00:00,156.315,156.35,156.302,156.342,377.91
2026-05-07 09:50:00+00:00,156.341,156.395,156.324,156.387,301.97
2026-05-07 09:55:00+00:00,156.386,156.394,156.37,156.375,338.1
2026-05-07 10:00:00+00:00,156.375,156.389,156.355,156.374,293.68
2026-05-07 10:05:00+00:00,156.373,156.394,156.344,156.362,438.65
2026-05-07 10:10:00+00:00,156.364,156.39,156.363,156.386,372.8
2026-05-07 10:15:00+00:00,156.386,156.395,156.366,156.384,261.72
2026-05-07 10:20:00+00:00,156.384,156.386,156.346,156.353,183.8
2026-05-07 10:25:00+00:00,156.352,156.352,156.287,156.317,503.2
2026-05-07 10:30:00+00:00,156.316,156.362,156.305,156.348,550.75
2026-05-07 10:35:00+00:00,156.349,156.365,156.347,156.351,462.83
2026-05-07 10:40:00+00:00,156.35,156.366,156.344,156.348,785.4
2026-05-07 10:45:00+00:00,156.349,156.39,156.338,156.39,393.82
2026-05-07 10:50:00+00:00,156.392,156.397,156.37,156.384,417.75
2026-05-07 10:55:00+00:00,156.385,156.4,156.37,156.397,585.63
2026-05-07 11:00:00+00:00,156.394,156.399,156.374,156.388,441.79
2026-05-07 11:05:00+00:00,156.384,156.393,156.353,156.363,405.52
2026-05-07 11:10:00+00:00,156.363,156.391,156.36,156.386,357.75
2026-05-07 11:15:00+00:00,156.384,156.401,156.376,156.388,374.02
2026-05-07 11:20:00+00:00,156.392,156.395,156.346,156.354,536.35
2026-05-07 11:25:00+00:00,156.356,156.384,156.356,156.366,319.63
2026-05-07 11:30:00+00:00,156.367,156.385,156.353,156.372,435.05
2026-05-07 11:35:00+00:00,156.371,156.375,156.356,156.365,362.22
2026-05-07 11:40:00+00:00,156.364,156.38,156.36,156.378,286.58
2026-05-07 11:45:00+00:00,156.377,156.42,156.376,156.42,308.25
2026-05-07 11:50:00+00:00,156.421,156.472,156.419,156.436,511.23
2026-05-07 11:55:00+00:00,156.436,156.455,156.384,156.403,929.54
2026-05-07 12:00:00+00:00,156.402,156.42,156.374,156.379,785.03
2026-05-07 12:05:00+00:00,156.377,156.4,156.362,156.38,405.63
2026-05-07 12:10:00+00:00,156.376,156.379,156.352,156.377,390.67
2026-05-07 12:15:00+00:00,156.376,156.389,156.341,156.379,493.84
2026-05-07 12:20:00+00:00,156.376,156.38,156.335,156.345,607.38
2026-05-07 12:25:00+00:00,156.346,156.359,156.309,156.333,357.25
2026-05-07 12:30:00+00:00,156.334,156.362,156.328,156.342,405.26
2026-05-07 12:35:00+00:00,156.342,156.363,156.331,156.351,558.1
2026-05-07 12:40:00+00:00,156.352,156.358,156.304,156.307,532.77
2026-05-07 12:45:00+00:00,156.307,156.328,156.255,156.263,568.43
2026-05-07 12:50:00+00:00,156.263,156.28,156.239,156.261,776.02
2026-05-07 12:55:00+00:00,156.259,156.294,156.245,156.284,660.01
2026-05-07 13:00:00+00:00,156.284,156.339,156.284,156.314,833.24
2026-05-07 13:05:00+00:00,156.315,156.337,156.291,156.324,1245.42
2026-05-07 13:10:00+00:00,156.325,156.365,156.31,156.348,802.09
2026-05-07 13:15:00+00:00,156.348,156.352,156.302,156.303,593.5
2026-05-07 13:20:00+00:00,156.302,156.325,156.252,156.265,688.15
2026-05-07 13:25:00+00:00,156.266,156.315,156.26,156.31,692.33
2026-05-07 13:30:00+00:00,156.312,156.364,156.29,156.346,855.1
2026-05-07 13:35:00+00:00,156.348,156.368,156.335,156.354,774.51
2026-05-07 13:40:00+00:00,156.354,156.367,156.322,156.323,453.22
2026-05-07 13:45:00+00:00,156.323,156.407,156.303,156.37,1024.19
2026-05-07 13:50:00+00:00,156.371,156.39,156.359,156.366,799.85
2026-05-07 13:55:00+00:00,156.368,156.371,156.334,156.339,657.38
2026-05-07 14:00:00+00:00,156.343,156.401,156.336,156.376,1082.8
2026-05-07 14:05:00+00:00,156.376,156.396,156.362,156.367,676.47
2026-05-07 14:10:00+00:00,156.367,156.373,156.336,156.355,413.24
2026-05-07 14:15:00+00:00,156.353,156.402,156.342,156.372,777.08
2026-05-07 14:20:00+00:00,156.37,156.37,156.339,156.351,597.28
2026-05-07 14:25:00+00:00,156.349,156.359,156.339,156.351,404.16
2026-05-07 14:30:00+00:00,156.35,156.378,156.344,156.375,436.9
2026-05-07 14:35:00+00:00,156.375,156.402,156.374,156.385,525.09
2026-05-07 14:40:00+00:00,156.385,156.399,156.375,156.38,405.5
2026-05-07 14:45:00+00:00,156.384,156.39,156.353,156.353,444.85
2026-05-07 14:50:00+00:00,156.353,156.355,156.305,156.329,660.72
2026-05-07 14:55:00+00:00,156.328,156.328,156.168,156.253,1293.18
2026-05-07 15:00:00+00:00,156.253,156.321,156.247,156.309,905.24
2026-05-07 15:05:00+00:00,156.309,156.327,156.279,156.311,495.38
2026-05-07 15:10:00+00:00,156.311,156.348,156.289,156.342,493.67
2026-05-07 15:15:00+00:00,156.343,156.371,156.333,156.359,700.92
2026-05-07 15:20:00+00:00,156.36,156.406,156.348,156.383,757.69
2026-05-07 15:25:00+00:00,156.383,156.471,156.374,156.444,1295.52
2026-05-07 15:30:00+00:00,156.441,156.451,156.403,156.422,792.2
2026-05-07 15:35:00+00:00,156.423,156.457,156.419,156.452,458.79
2026-05-07 15:40:00+00:00,156.451,156.473,156.436,156.472,456.86
2026-05-07 15:45:00+00:00,156.472,156.495,156.461,156.486,305.95
2026-05-07 15:50:00+00:00,156.485,156.512,156.469,156.48,613.74
2026-05-07 15:55:00+00:00,156.482,156.509,156.481,156.484,519.51
2026-05-07 16:00:00+00:00,156.481,156.567,156.471,156.53,1072.4
2026-05-07 16:05:00+00:00,156.531,156.573,156.531,156.554,858.02
2026-05-07 16:10:00+00:00,156.554,156.566,156.53,156.555,638.18
2026-05-07 16:15:00+00:00,156.556,156.624,156.556,156.615,1437.16
2026-05-07 16:20:00+00:00,156.616,156.616,156.58,156.586,644.03
2026-05-07 16:25:00+00:00,156.587,156.591,156.532,156.574,458.73
2026-05-07 16:30:00+00:00,156.575,156.598,156.56,156.58,374.5
2026-05-07 16:35:00+00:00,156.576,156.609,156.559,156.604,347.67
2026-05-07 16:40:00+00:00,156.605,156.607,156.579,156.589,318.66
2026-05-07 16:45:00+00:00,156.588,156.622,156.588,156.614,468.37
2026-05-07 16:50:00+00:00,156.614,156.626,156.587,156.59,404.49
2026-05-07 16:55:00+00:00,156.59,156.644,156.589,156.633,386.4
2026-05-07 17:00:00+00:00,156.633,156.678,156.632,156.653,512.29
2026-05-07 17:05:00+00:00,156.656,156.668,156.644,156.662,321.78
2026-05-07 17:10:00+00:00,156.663,156.666,156.644,156.652,260.04
2026-05-07 17:15:00+00:00,156.655,156.711,156.653,156.694,429.12
2026-05-07 17:20:00+00:00,156.693,156.693,156.655,156.657,381.11
2026-05-07 17:25:00+00:00,156.659,156.755,156.627,156.752,1670.29
2026-05-07 17:30:00+00:00,156.752,156.798,156.716,156.791,1466.65
2026-05-07 17:35:00+00:00,156.792,156.863,156.777,156.784,1521.45
2026-05-07 17:40:00+00:00,156.785,156.798,156.739,156.757,666.88
2026-05-07 17:45:00+00:00,156.756,156.785,156.726,156.746,549.44
2026-05-07 17:50:00+00:00,156.747,156.771,156.727,156.755,467.25
2026-05-07 17:55:00+00:00,156.753,156.753,156.63,156.667,1553.54
2026-05-07 18:00:00+00:00,156.67,156.673,156.608,156.653,805.16
2026-05-07 18:05:00+00:00,156.653,156.669,156.619,156.655,547.35
2026-05-07 18:10:00+00:00,156.658,156.678,156.65,156.658,391.61
2026-05-07 18:15:00+00:00,156.657,156.671,156.655,156.668,419.25
2026-05-07 18:20:00+00:00,156.668,156.694,156.657,156.682,797.85
2026-05-07 18:25:00+00:00,156.682,156.696,156.672,156.688,304.65
2026-05-07 18:30:00+00:00,156.685,156.732,156.681,156.73,323.85
2026-05-07 18:35:00+00:00,156.73,156.813,156.719,156.777,536.66
2026-05-07 18:40:00+00:00,156.777,156.865,156.762,156.836,811.21
2026-05-07 18:45:00+00:00,156.837,156.862,156.816,156.836,672.24
2026-05-07 18:50:00+00:00,156.837,156.856,156.79,156.81,658.67
2026-05-07 18:55:00+00:00,156.811,156.821,156.729,156.743,802.27
2026-05-07 19:00:00+00:00,156.742,156.767,156.727,156.765,508.84
2026-05-07 19:05:00+00:00,156.764,156.775,156.696,156.712,669.33
2026-05-07 19:10:00+00:00,156.714,156.741,156.702,156.716,536.81
2026-05-07 19:15:00+00:00,156.716,156.833,156.689,156.827,1051.09
2026-05-07 19:20:00+00:00,156.831,156.851,156.778,156.823,879.28
2026-05-07 19:25:00+00:00,156.822,156.847,156.787,156.792,785.59
2026-05-07 19:30:00+00:00,156.792,156.801,156.76,156.764,397.89
2026-05-07 19:35:00+00:00,156.765,156.771,156.702,156.731,425.54
2026-05-07 19:40:00+00:00,156.73,156.766,156.717,156.761,404.77
2026-05-07 19:45:00+00:00,156.761,156.792,156.76,156.783,326.41
2026-05-07 19:50:00+00:00,156.783,156.852,156.755,156.82,948.59
2026-05-07 19:55:00+00:00,156.822,156.876,156.822,156.874,606.72
2026-05-07 20:00:00+00:00,156.87,156.879,156.747,156.802,1326.68
2026-05-07 20:05:00+00:00,156.804,156.842,156.781,156.824,271.45
2026-05-07 20:10:00+00:00,156.823,156.868,156.807,156.866,179.25
2026-05-07 20:15:00+00:00,156.865,156.868,156.849,156.865,118.35
2026-05-07 20:20:00+00:00,156.865,156.873,156.862,156.862,175.77
2026-05-07 20:25:00+00:00,156.863,156.874,156.858,156.874,162.9
2026-05-07 20:30:00+00:00,156.872,156.883,156.848,156.864,285.6
2026-05-07 20:35:00+00:00,156.862,156.901,156.851,156.889,709.65
2026-05-07 20:40:00+00:00,156.893,156.954,156.885,156.911,419.71
2026-05-07 20:45:00+00:00,156.91,156.919,156.9,156.911,206.7
2026-05-07 20:50:00+00:00,156.911,156.934,156.904,156.915,218.55
2026-05-07 20:55:00+00:00,156.911,156.949,156.87,156.87,864.93
2026-05-07 21:00:00+00:00,156.87,156.87,156.801,156.822,8.34
2026-05-07 21:05:00+00:00,156.742,156.849,156.741,156.83,52.65
2026-05-07 21:10:00+00:00,156.839,156.842,156.831,156.838,105.26
2026-05-07 21:15:00+00:00,156.838,156.864,156.703,156.748,167.77
2026-05-07 21:20:00+00:00,156.747,156.799,156.688,156.799,135.74
2026-05-07 21:25:00+00:00,156.799,156.82,156.767,156.82,41.7
2026-05-07 21:30:00+00:00,156.781,156.826,156.78,156.814,176.7
2026-05-07 21:35:00+00:00,156.814,156.814,156.728,156.737,401.4
2026-05-07 21:40:00+00:00,156.737,156.816,156.735,156.808,153.75
2026-05-07 21:45:00+00:00,156.805,156.881,156.805,156.879,149.16
2026-05-07 21:50:00+00:00,156.879,156.907,156.879,156.896,64.65
2026-05-07 21:55:00+00:00,156.889,156.894,156.79,156.821,728.22
2026-05-07 22:00:00+00:00,156.813,156.951,156.813,156.92,510.6
2026-05-07 22:05:00+00:00,156.916,156.928,156.897,156.91,119.1
2026-05-07 22:10:00+00:00,156.911,156.913,156.868,156.891,118.2
2026-05-07 22:15:00+00:00,156.891,156.901,156.853,156.864,253.5
2026-05-07 22:20:00+00:00,156.871,156.885,156.842,156.864,345.65
2026-05-07 22:25:00+00:00,156.872,156.884,156.858,156.873,183.08
2026-05-07 22:30:00+00:00,156.872,156.927,156.87,156.894,315.09
2026-05-07 22:35:00+00:00,156.894,156.924,156.885,156.894,432.42
2026-05-07 22:40:00+00:00,156.894,156.909,156.894,156.906,386.19
2026-05-07 22:45:00+00:00,156.906,156.907,156.883,156.9,381.67
2026-05-07 22:50:00+00:00,156.9,156.906,156.881,156.887,138.66
2026-05-07 22:55:00+00:00,156.888,156.893,156.856,156.886,171.23
2026-05-07 23:00:00+00:00,156.886,156.9,156.87,156.877,150.45
2026-05-07 23:05:00+00:00,156.876,156.897,156.875,156.886,101.85
2026-05-07 23:10:00+00:00,156.886,156.887,156.872,156.882,148.35
2026-05-07 23:15:00+00:00,156.882,156.899,156.858,156.898,198.75
2026-05-07 23:20:00+00:00,156.897,156.912,156.895,156.911,106.95
2026-05-07 23:25:00+00:00,156.91,156.915,156.908,156.91,85.11
2026-05-07 23:30:00+00:00,156.909,156.912,156.891,156.894,99.9
2026-05-07 23:35:00+00:00,156.899,156.906,156.882,156.885,59.1
2026-05-07 23:40:00+00:00,156.886,156.889,156.884,156.886,47.4
2026-05-07 23:45:00+00:00,156.881,156.881,156.838,156.839,107.25
2026-05-07 23:50:00+00:00,156.837,156.844,156.824,156.84,198.45
2026-05-07 23:55:00+00:00,156.84,156.848,156.833,156.848,197.67
2026-05-08 00:00:00+00:00,156.857,156.899,156.848,156.882,1197.1
2026-05-08 00:05:00+00:00,156.885,156.894,156.812,156.843,910.39
2026-05-08 00:10:00+00:00,156.844,156.887,156.832,156.876,305.07
2026-05-08 00:15:00+00:00,156.876,156.92,156.876,156.902,653.63
2026-05-08 00:20:00+00:00,156.901,156.914,156.866,156.867,453.94
2026-05-08 00:25:00+00:00,156.867,156.879,156.847,156.861,403.5
2026-05-08 00:30:00+00:00,156.863,156.919,156.86,156.886,461.4
2026-05-08 00:35:00+00:00,156.888,156.915,156.888,156.905,374.7
2026-05-08 00:40:00+00:00,156.904,156.916,156.887,156.902,342.45
2026-05-08 00:45:00+00:00,156.902,156.923,156.894,156.899,284.59
2026-05-08 00:50:00+00:00,156.899,156.985,156.88,156.977,1066.14
2026-05-08 00:55:00+00:00,156.978,156.99,156.946,156.969,623.01
2026-05-08 01:00:00+00:00,156.969,156.969,156.924,156.966,787.6
2026-05-08 01:05:00+00:00,156.966,156.974,156.926,156.938,372.6
2026-05-08 01:10:00+00:00,156.946,156.948,156.908,156.931,390.83
2026-05-08 01:15:00+00:00,156.93,156.941,156.874,156.886,468.03
2026-05-08 01:20:00+00:00,156.887,156.902,156.864,156.899,260.55
2026-05-08 01:25:00+00:00,156.895,156.9,156.864,156.9,332.48
2026-05-08 01:30:00+00:00,156.898,156.898,156.851,156.855,272.11
2026-05-08 01:35:00+00:00,156.859,156.908,156.858,156.888,270.79
2026-05-08 01:40:00+00:00,156.889,156.923,156.881,156.905,227.55
2026-05-08 01:45:00+00:00,156.904,156.906,156.887,156.889,178.5
2026-05-08 01:50:00+00:00,156.887,156.912,156.88,156.911,151.8
2026-05-08 01:55:00+00:00,156.913,156.914,156.895,156.902,255.24
2026-05-08 02:00:00+00:00,156.903,156.944,156.9,156.924,345.04
2026-05-08 02:05:00+00:00,156.926,156.954,156.926,156.933,262.75
2026-05-08 02:10:00+00:00,156.933,156.942,156.917,156.933,544.96
2026-05-08 02:15:00+00:00,156.936,156.947,156.899,156.908,648.83
2026-05-08 02:20:00+00:00,156.908,156.913,156.884,156.911,405.45
2026-05-08 02:25:00+00:00,156.912,156.934,156.909,156.932,197.25
2026-05-08 02:30:00+00:00,156.931,156.937,156.909,156.911,402.36
2026-05-08 02:35:00+00:00,156.912,156.957,156.91,156.94,499.95
2026-05-08 02:40:00+00:00,156.939,156.947,156.928,156.944,155.55
2026-05-08 02:45:00+00:00,156.945,156.945,156.881,156.889,282.51
2026-05-08 02:50:00+00:00,156.885,156.921,156.874,156.898,461.59
2026-05-08 02:55:00+00:00,156.899,156.899,156.872,156.89,251.25
2026-05-08 03:00:00+00:00,156.889,156.895,156.874,156.874,243.45
2026-05-08 03:05:00+00:00,156.874,156.886,156.862,156.865,301.95
2026-05-08 03:10:00+00:00,156.864,156.864,156.831,156.848,363.3
2026-05-08 03:15:00+00:00,156.849,156.857,156.846,156.85,275.14
2026-05-08 03:20:00+00:00,156.855,156.864,156.851,156.859,107.7
2026-05-08 03:25:00+00:00,156.859,156.864,156.815,156.848,231.15
2026-05-08 03:30:00+00:00,156.849,156.851,156.768,156.779,386.52
2026-05-08 03:35:00+00:00,156.777,156.803,156.777,156.798,298.65
2026-05-08 03:40:00+00:00,156.796,156.798,156.774,156.78,199.05
2026-05-08 03:45:00+00:00,156.779,156.824,156.779,156.816,187.5
2026-05-08 03:50:00+00:00,156.817,156.84,156.814,156.836,221.25
2026-05-08 03:55:00+00:00,156.837,156.838,156.823,156.837,188.25
2026-05-08 04:00:00+00:00,156.836,156.848,156.826,156.844,219.15
2026-05-08 04:05:00+00:00,156.843,156.879,156.841,156.855,277.2
2026-05-08 04:10:00+00:00,156.857,156.863,156.839,156.857,220.35
2026-05-08 04:15:00+00:00,156.856,156.882,156.851,156.854,298.2
2026-05-08 04:20:00+00:00,156.855,156.886,156.854,156.874,304.8
2026-05-08 04:25:00+00:00,156.875,156.875,156.861,156.866,263.25
2026-05-08 04:30:00+00:00,156.865,156.878,156.86,156.87,216.0
2026-05-08 04:35:00+00:00,156.876,156.897,156.871,156.887,371.25
2026-05-08 04:40:00+00:00,156.886,156.899,156.865,156.866,330.75
2026-05-08 04:45:00+00:00,156.866,156.885,156.866,156.874,136.5
2026-05-08 04:50:00+00:00,156.877,156.889,156.86,156.87,132.6
2026-05-08 04:55:00+00:00,156.871,156.886,156.843,156.844,213.45
2026-05-08 05:00:00+00:00,156.845,156.863,156.834,156.86,256.5
2026-05-08 05:05:00+00:00,156.86,156.877,156.843,156.854,176.52
2026-05-08 05:10:00+00:00,156.855,156.878,156.849,156.875,278.7
2026-05-08 05:15:00+00:00,156.877,156.883,156.869,156.874,184.51
2026-05-08 05:20:00+00:00,156.875,156.876,156.849,156.859,177.06
2026-05-08 05:25:00+00:00,156.862,156.865,156.846,156.847,166.99
2026-05-08 05:30:00+00:00,156.847,156.849,156.813,156.829,402.0
2026-05-08 05:35:00+00:00,156.832,156.851,156.828,156.847,352.8
2026-05-08 05:40:00+00:00,156.847,156.848,156.825,156.828,202.35
2026-05-08 05:45:00+00:00,156.826,156.84,156.825,156.837,222.15
2026-05-08 05:50:00+00:00,156.836,156.864,156.836,156.845,169.5
2026-05-08 05:55:00+00:00,156.848,156.857,156.819,156.832,469.35
2026-05-08 06:00:00+00:00,156.833,156.838,156.776,156.79,689.88
2026-05-08 06:05:00+00:00,156.79,156.804,156.754,156.797,848.55
2026-05-08 06:10:00+00:00,156.795,156.847,156.792,156.847,657.6
2026-05-08 06:15:00+00:00,156.844,156.844,156.808,156.818,346.2
2026-05-08 06:20:00+00:00,156.817,156.82,156.789,156.793,499.05
2026-05-08 06:25:00+00:00,156.793,156.801,156.752,156.752,394.5
2026-05-08 06:30:00+00:00,156.754,156.81,156.752,156.778,618.98
2026-05-08 06:35:00+00:00,156.779,156.797,156.775,156.784,259.8
2026-05-08 06:40:00+00:00,156.782,156.782,156.714,156.765,571.11
2026-05-08 06:45:00+00:00,156.766,156.802,156.765,156.787,388.3
2026-05-08 06:50:00+00:00,156.786,156.794,156.764,156.79,298.35
2026-05-08 06:55:00+00:00,156.789,156.832,156.785,156.832,297.9
2026-05-08 07:00:00+00:00,156.83,156.836,156.769,156.772,484.05
2026-05-08 07:05:00+00:00,156.766,156.788,156.738,156.777,622.19
2026-05-08 07:10:00+00:00,156.776,156.835,156.762,156.833,494.44
2026-05-08 07:15:00+00:00,156.833,156.837,156.797,156.806,554.79
2026-05-08 07:20:00+00:00,156.807,156.833,156.798,156.818,587.53
2026-05-08 07:25:00+00:00,156.818,156.852,156.818,156.836,440.81
2026-05-08 07:30:00+00:00,156.833,156.835,156.786,156.799,336.29
2026-05-08 07:35:00+00:00,156.799,156.816,156.79,156.803,392.68
2026-05-08 07:40:00+00:00,156.802,156.822,156.79,156.814,376.56
2026-05-08 07:45:00+00:00,156.812,156.845,156.804,156.823,443.66
2026-05-08 07:50:00+00:00,156.819,156.825,156.796,156.801,304.45
2026-05-08 07:55:00+00:00,156.801,156.841,156.801,156.832,208.79
2026-05-08 08:00:00+00:00,156.833,156.857,156.821,156.835,494.33
2026-05-08 08:05:00+00:00,156.832,156.842,156.817,156.827,241.85
2026-05-08 08:10:00+00:00,156.826,156.826,156.8,156.81,373.87
2026-05-08 08:15:00+00:00,156.81,156.811,156.774,156.779,336.18
2026-05-08 08:20:00+00:00,156.777,156.789,156.718,156.743,561.06
2026-05-08 08:25:00+00:00,156.742,156.744,156.724,156.729,554.81
2026-05-08 08:30:00+00:00,156.729,156.729,156.684,156.707,539.57
2026-05-08 08:35:00+00:00,156.707,156.713,156.678,156.683,454.83
2026-05-08 08:40:00+00:00,156.684,156.69,156.648,156.653,437.78
2026-05-08 08:45:00+00:00,156.655,156.688,156.635,156.675,697.44
2026-05-08 08:50:00+00:00,156.676,156.701,156.656,156.694,519.52
2026-05-08 08:55:00+00:00,156.695,156.721,156.691,156.704,391.68
2026-05-08 09:00:00+00:00,156.702,156.706,156.627,156.654,689.75
2026-05-08 09:05:00+00:00,156.654,156.669,156.633,156.663,405.04
2026-05-08 09:10:00+00:00,156.665,156.671,156.657,156.668,262.19
2026-05-08 09:15:00+00:00,156.67,156.67,156.632,156.657,330.62
2026-05-08 09:20:00+00:00,156.657,156.663,156.635,156.653,375.13
2026-05-08 09:25:00+00:00,156.653,156.689,156.648,156.682,322.76
2026-05-08 09:30:00+00:00,156.682,156.683,156.638,156.642,314.88
2026-05-08 09:35:00+00:00,156.641,156.656,156.641,156.648,175.16
2026-05-08 09:40:00+00:00,156.648,156.662,156.645,156.659,268.33
2026-05-08 09:45:00+00:00,156.659,156.671,156.653,156.664,256.19
2026-05-08 09:50:00+00:00,156.662,156.71,156.657,156.678,376.63
2026-05-08 09:55:00+00:00,156.679,156.703,156.675,156.679,494.31
2026-05-08 10:00:00+00:00,156.677,156.688,156.653,156.688,575.0
2026-05-08 10:05:00+00:00,156.687,156.704,156.676,156.7,281.36
2026-05-08 10:10:00+00:00,156.701,156.705,156.691,156.702,174.6
2026-05-08 10:15:00+00:00,156.702,156.708,156.692,156.697,211.61
2026-05-08 10:20:00+00:00,156.695,156.703,156.681,156.683,262.87
2026-05-08 10:25:00+00:00,156.686,156.714,156.68,156.712,256.27
2026-05-08 10:30:00+00:00,156.713,156.722,156.69,156.722,277.2
2026-05-08 10:35:00+00:00,156.723,156.734,156.717,156.72,243.56
2026-05-08 10:40:00+00:00,156.719,156.738,156.717,156.736,162.37
2026-05-08 10:45:00+00:00,156.738,156.751,156.729,156.75,176.96
2026-05-08 10:50:00+00:00,156.749,156.763,156.737,156.758,209.65
2026-05-08 10:55:00+00:00,156.757,156.785,156.754,156.77,434.24
2026-05-08 11:00:00+00:00,156.771,156.783,156.764,156.764,274.01
2026-05-08 11:05:00+00:00,156.763,156.776,156.753,156.756,271.91
2026-05-08 11:10:00+00:00,156.756,156.784,156.748,156.768,368.36
2026-05-08 11:15:00+00:00,156.77,156.77,156.753,156.767,180.0
2026-05-08 11:20:00+00:00,156.767,156.773,156.757,156.761,173.72
2026-05-08 11:25:00+00:00,156.762,156.77,156.758,156.766,157.35
2026-05-08 11:30:00+00:00,156.766,156.78,156.751,156.774,161.1
2026-05-08 11:35:00+00:00,156.77,156.785,156.758,156.774,264.41
2026-05-08 11:40:00+00:00,156.774,156.784,156.76,156.777,149.85
2026-05-08 11:45:00+00:00,156.777,156.781,156.76,156.763,351.14
2026-05-08 11:50:00+00:00,156.763,156.775,156.752,156.755,404.36
2026-05-08 11:55:00+00:00,156.754,156.76,156.725,156.749,647.01
2026-05-08 12:00:00+00:00,156.751,156.754,156.729,156.743,479.75
2026-05-08 12:05:00+00:00,156.742,156.757,156.74,156.752,429.18
2026-05-08 12:10:00+00:00,156.751,156.775,156.748,156.765,304.5
2026-05-08 12:15:00+00:00,156.764,156.765,156.727,156.73,397.68
2026-05-08 12:20:00+00:00,156.73,156.763,156.728,156.746,452.61
2026-05-08 12:25:00+00:00,156.745,156.769,156.733,156.734,509.06
2026-05-08 12:30:00+00:00,156.734,156.827,156.519,156.558,2277.62
2026-05-08 12:35:00+00:00,156.559,156.621,156.544,156.577,1508.58
2026-05-08 12:40:00+00:00,156.576,156.621,156.576,156.582,1014.63
2026-05-08 12:45:00+00:00,156.584,156.619,156.572,156.614,902.21
2026-05-08 12:50:00+00:00,156.612,156.666,156.54,156.54,874.27
2026-05-08 12:55:00+00:00,156.54,156.66,156.537,156.642,1337.14
2026-05-08 13:00:00+00:00,156.639,156.665,156.609,156.642,1061.26
2026-05-08 13:05:00+00:00,156.645,156.7,156.64,156.674,914.28
2026-05-08 13:10:00+00:00,156.675,156.695,156.64,156.656,732.43
2026-05-08 13:15:00+00:00,156.655,156.671,156.561,156.593,808.02
2026-05-08 13:20:00+00:00,156.592,156.593,156.539,156.571,510.12
2026-05-08 13:25:00+00:00,156.57,156.57,156.454,156.493,588.67
2026-05-08 13:30:00+00:00,156.493,156.542,156.449,156.457,1065.46
2026-05-08 13:35:00+00:00,156.457,156.51,156.432,156.507,1096.93
2026-05-08 13:40:00+00:00,156.508,156.543,156.484,156.5,1321.3
2026-05-08 13:45:00+00:00,156.497,156.53,156.462,156.519,1316.79
2026-05-08 13:50:00+00:00,156.52,156.545,156.515,156.518,764.16
2026-05-08 13:55:00+00:00,156.518,156.54,156.507,156.515,435.72
2026-05-08 14:00:00+00:00,156.516,156.569,156.498,156.566,567.9
2026-05-08 14:05:00+00:00,156.567,156.63,156.56,156.629,1064.46
2026-05-08 14:10:00+00:00,156.629,156.664,156.601,156.61,883.66
2026-05-08 14:15:00+00:00,156.611,156.619,156.59,156.603,891.52
2026-05-08 14:20:00+00:00,156.603,156.626,156.6,156.619,613.56
2026-05-08 14:25:00+00:00,156.62,156.662,156.614,156.658,929.37
2026-05-08 14:30:00+00:00,156.657,156.657,156.618,156.627,595.8
2026-05-08 14:35:00+00:00,156.627,156.636,156.591,156.607,482.7
2026-05-08 14:40:00+00:00,156.608,156.608,156.57,156.601,574.05
2026-05-08 14:45:00+00:00,156.605,156.605,156.556,156.579,378.9
2026-05-08 14:50:00+00:00,156.58,156.599,156.565,156.567,437.4
2026-05-08 14:55:00+00:00,156.567,156.644,156.567,156.626,1181.19
2026-05-08 15:00:00+00:00,156.627,156.662,156.593,156.65,1312.5
2026-05-08 15:05:00+00:00,156.65,156.65,156.554,156.609,996.33
2026-05-08 15:10:00+00:00,156.608,156.64,156.59,156.629,596.25
2026-05-08 15:15:00+00:00,156.629,156.655,156.618,156.631,622.65
2026-05-08 15:20:00+00:00,156.631,156.642,156.605,156.634,620.34
2026-05-08 15:25:00+00:00,156.636,156.647,156.615,156.615,797.94
2026-05-08 15:30:00+00:00,156.613,156.664,156.613,156.615,709.17
2026-05-08 15:35:00+00:00,156.613,156.635,156.602,156.621,419.7
2026-05-08 15:40:00+00:00,156.62,156.673,156.62,156.648,474.0
2026-05-08 15:45:00+00:00,156.651,156.666,156.626,156.64,478.65
2026-05-08 15:50:00+00:00,156.636,156.65,156.627,156.645,494.82
2026-05-08 15:55:00+00:00,156.644,156.651,156.618,156.645,592.65
2026-05-08 16:00:00+00:00,156.646,156.65,156.627,156.643,624.96
2026-05-08 16:05:00+00:00,156.64,156.649,156.6,156.641,536.34
2026-05-08 16:10:00+00:00,156.641,156.666,156.637,156.663,452.01
2026-05-08 16:15:00+00:00,156.663,156.663,156.646,156.653,211.8
2026-05-08 16:20:00+00:00,156.653,156.662,156.642,156.644,232.65
2026-05-08 16:25:00+00:00,156.645,156.654,156.629,156.632,228.6
2026-05-08 16:30:00+00:00,156.632,156.658,156.632,156.651,135.3
2026-05-08 16:35:00+00:00,156.649,156.673,156.648,156.673,104.7
2026-05-08 16:40:00+00:00,156.674,156.705,156.674,156.694,258.6
2026-05-08 16:45:00+00:00,156.694,156.698,156.664,156.665,204.81
2026-05-08 16:50:00+00:00,156.666,156.679,156.665,156.675,139.2
2026-05-08 16:55:00+00:00,156.675,156.696,156.673,156.696,197.4
2026-05-08 17:00:00+00:00,156.698,156.715,156.69,156.706,312.45
2026-05-08 17:05:00+00:00,156.706,156.713,156.686,156.711,247.95
2026-05-08 17:10:00+00:00,156.712,156.715,156.699,156.715,116.85
2026-05-08 17:15:00+00:00,156.713,156.713,156.684,156.687,139.05
2026-05-08 17:20:00+00:00,156.687,156.707,156.656,156.662,337.03
2026-05-08 17:25:00+00:00,156.663,156.667,156.615,156.627,279.69
2026-05-08 17:30:00+00:00,156.626,156.657,156.625,156.641,201.48
2026-05-08 17:35:00+00:00,156.641,156.653,156.636,156.646,163.41
2026-05-08 17:40:00+00:00,156.647,156.655,156.638,156.655,131.4
2026-05-08 17:45:00+00:00,156.654,156.674,156.652,156.663,154.71
2026-05-08 17:50:00+00:00,156.664,156.677,156.657,156.665,269.97
2026-05-08 17:55:00+00:00,156.663,156.689,156.663,156.688,216.99
2026-05-08 18:00:00+00:00,156.69,156.7,156.615,156.626,1090.58
2026-05-08 18:05:00+00:00,156.627,156.627,156.592,156.602,696.58
2026-05-08 18:10:00+00:00,156.603,156.625,156.59,156.606,633.79
2026-05-08 18:15:00+00:00,156.606,156.64,156.602,156.639,334.65
2026-05-08 18:20:00+00:00,156.638,156.651,156.631,156.638,530.1
2026-05-08 18:25:00+00:00,156.638,156.649,156.624,156.631,537.01
2026-05-08 18:30:00+00:00,156.63,156.651,156.63,156.641,492.75
2026-05-08 18:35:00+00:00,156.64,156.669,156.64,156.665,245.85
2026-05-08 18:40:00+00:00,156.665,156.705,156.665,156.684,311.25
2026-05-08 18:45:00+00:00,156.685,156.69,156.67,156.678,633.9
2026-05-08 18:50:00+00:00,156.679,156.711,156.667,156.706,374.97
2026-05-08 18:55:00+00:00,156.706,156.747,156.689,156.692,1030.83
2026-05-08 19:00:00+00:00,156.692,156.721,156.692,156.697,403.63
2026-05-08 19:05:00+00:00,156.697,156.716,156.695,156.705,258.51
2026-05-08 19:10:00+00:00,156.707,156.713,156.693,156.695,235.95
2026-05-08 19:15:00+00:00,156.694,156.702,156.679,156.697,276.24
2026-05-08 19:20:00+00:00,156.697,156.718,156.696,156.712,210.06
2026-05-08 19:25:00+00:00,156.713,156.716,156.709,156.712,129.42
2026-05-08 19:30:00+00:00,156.713,156.755,156.713,156.726,255.42
2026-05-08 19:35:00+00:00,156.728,156.743,156.727,156.739,254.85
2026-05-08 19:40:00+00:00,156.74,156.74,156.71,156.723,303.17
2026-05-08 19:45:00+00:00,156.724,156.73,156.715,156.724,124.35
2026-05-08 19:50:00+00:00,156.723,156.764,156.72,156.754,432.13
2026-05-08 19:55:00+00:00,156.755,156.773,156.672,156.728,554.7
2026-05-08 20:00:00+00:00,156.729,156.755,156.728,156.751,188.61
2026-05-08 20:05:00+00:00,156.75,156.758,156.735,156.737,132.96
2026-05-08 20:10:00+00:00,156.735,156.738,156.698,156.698,165.9
2026-05-08 20:15:00+00:00,156.697,156.713,156.673,156.7,130.86
2026-05-08 20:20:00+00:00,156.698,156.7,156.689,156.692,108.0
2026-05-08 20:25:00+00:00,156.691,156.696,156.677,156.689,237.0
2026-05-08 20:30:00+00:00,156.69,156.701,156.683,156.686,135.0
2026-05-08 20:35:00+00:00,156.687,156.687,156.661,156.664,272.94
2026-05-08 20:40:00+00:00,156.664,156.697,156.651,156.675,1060.81
2026-05-08 20:45:00+00:00,156.673,156.684,156.665,156.674,343.45
2026-05-08 20:50:00+00:00,156.677,156.728,156.673,156.698,485.49
2026-05-08 20:55:00+00:00,156.703,156.706,156.621,156.621,283.5
2026-05-10 21:00:00+00:00,156.501,156.501,156.495,156.495,1.8
2026-05-10 21:05:00+00:00,156.489,156.503,156.487,156.492,21.6
2026-05-10 21:10:00+00:00,156.494,156.543,156.485,156.529,60.3
2026-05-10 21:15:00+00:00,156.538,156.579,156.528,156.578,26.7
2026-05-10 21:20:00+00:00,156.579,156.603,156.579,156.583,20.1
2026-05-10 21:25:00+00:00,156.584,156.584,156.578,156.579,16.2
2026-05-10 21:30:00+00:00,156.615,156.625,156.615,156.625,2.7
2026-05-10 21:35:00+00:00,156.621,156.63,156.569,156.612,45.0
2026-05-10 21:40:00+00:00,156.622,156.644,156.537,156.597,243.3
2026-05-10 21:45:00+00:00,156.596,156.687,156.593,156.673,61.5
2026-05-10 21:50:00+00:00,156.675,156.727,156.656,156.718,76.65
2026-05-10 21:55:00+00:00,156.719,156.729,156.713,156.727,106.2
2026-05-10 22:00:00+00:00,156.726,156.958,156.726,156.845,673.26
2026-05-10 22:05:00+00:00,156.842,156.92,156.842,156.902,292.77
2026-05-10 22:10:00+00:00,156.904,156.935,156.889,156.892,331.11
2026-05-10 22:15:00+00:00,156.892,156.92,156.873,156.877,305.4
2026-05-10 22:20:00+00:00,156.878,156.892,156.856,156.872,202.65
2026-05-10 22:25:00+00:00,156.872,156.883,156.843,156.847,192.6
2026-05-10 22:30:00+00:00,156.848,156.892,156.847,156.868,192.15
2026-05-10 22:35:00+00:00,156.868,156.905,156.867,156.884,218.4
2026-05-10 22:40:00+00:00,156.888,156.905,156.884,156.893,254.4
2026-05-10 22:45:00+00:00,156.893,156.897,156.874,156.874,146.7
2026-05-10 22:50:00+00:00,156.879,156.904,156.867,156.878,295.5
2026-05-10 22:55:00+00:00,156.88,156.905,156.879,156.893,169.2
2026-05-10 23:00:00+00:00,156.893,156.897,156.865,156.87,236.11
2026-05-10 23:05:00+00:00,156.868,156.895,156.868,156.883,145.74
2026-05-10 23:10:00+00:00,156.883,156.893,156.878,156.881,139.5
2026-05-10 23:15:00+00:00,156.883,156.887,156.87,156.876,180.4
2026-05-10 23:20:00+00:00,156.878,156.886,156.874,156.881,77.25
2026-05-10 23:25:00+00:00,156.882,156.896,156.881,156.896,106.35
2026-05-10 23:30:00+00:00,156.896,156.896,156.878,156.878,111.57
2026-05-10 23:35:00+00:00,156.88,156.883,156.878,156.879,44.7
2026-05-10 23:40:00+00:00,156.878,156.879,156.855,156.858,124.2
2026-05-10 23:45:00+00:00,156.858,156.863,156.84,156.844,163.63
2026-05-10 23:50:00+00:00,156.844,156.859,156.834,156.834,97.2
2026-05-10 23:55:00+00:00,156.835,156.875,156.834,156.863,163.26
2026-05-11 00:00:00+00:00,156.864,156.91,156.85,156.881,703.56
2026-05-11 00:05:00+00:00,156.874,156.912,156.832,156.895,622.24
2026-05-11 00:10:00+00:00,156.896,156.914,156.884,156.894,579.53
2026-05-11 00:15:00+00:00,156.894,156.919,156.865,156.884,883.2
2026-05-11 00:20:00+00:00,156.884,156.898,156.873,156.88,259.35
2026-05-11 00:25:00+00:00,156.88,156.89,156.861,156.886,187.26
2026-05-11 00:30:00+00:00,156.884,156.939,156.884,156.936,325.08
2026-05-11 00:35:00+00:00,156.937,156.95,156.923,156.95,297.06
2026-05-11 00:40:00+00:00,156.949,156.962,156.943,156.96,262.26
2026-05-11 00:45:00+00:00,156.959,156.984,156.954,156.984,256.71
2026-05-11 00:50:00+00:00,156.987,157.059,156.956,156.975,1724.68
2026-05-11 00:55:00+00:00,156.976,157.024,156.935,156.937,940.54
2026-05-11 01:00:00+00:00,156.938,156.999,156.933,156.959,559.56
2026-05-11 01:05:00+00:00,156.96,156.994,156.955,156.991,410.46
2026-05-11 01:10:00+00:00,156.991,157.016,156.979,156.981,810.3
2026-05-11 01:15:00+00:00,156.981,156.992,156.953,156.97,574.8
2026-05-11 01:20:00+00:00,156.968,156.97,156.932,156.949,317.31
2026-05-11 01:25:00+00:00,156.948,156.956,156.923,156.934,302.7
2026-05-11 01:30:00+00:00,156.933,156.983,156.933,156.98,466.86
2026-05-11 01:35:00+00:00,156.979,157.031,156.978,157.03,383.91
2026-05-11 01:40:00+00:00,157.033,157.043,157.015,157.017,418.14
2026-05-11 01:45:00+00:00,157.017,157.094,157.017,157.088,443.22
2026-05-11 01:50:00+00:00,157.089,157.096,157.074,157.081,342.94
2026-05-11 01:55:00+00:00,157.079,157.092,157.074,157.092,318.9
2026-05-11 02:00:00+00:00,157.093,157.101,157.052,157.06,465.36
2026-05-11 02:05:00+00:00,157.062,157.082,157.053,157.056,324.33
2026-05-11 02:10:00+00:00,157.055,157.072,157.053,157.07,269.75
2026-05-11 02:15:00+00:00,157.067,157.097,157.063,157.084,179.85
2026-05-11 02:20:00+00:00,157.084,157.095,157.083,157.089,99.36
2026-05-11 02:25:00+00:00,157.088,157.088,157.068,157.069,163.32
2026-05-11 02:30:00+00:00,157.069,157.085,157.053,157.055,193.35
2026-05-11 02:35:00+00:00,157.055,157.096,157.052,157.092,226.71
2026-05-11 02:40:00+00:00,157.093,157.15,157.093,157.138,221.76
2026-05-11 02:45:00+00:00,157.138,157.148,157.115,157.115,256.8
2026-05-11 02:50:00+00:00,157.116,157.135,157.115,157.123,165.0
2026-05-11 02:55:00+00:00,157.125,157.143,157.114,157.141,240.0
2026-05-11 03:00:00+00:00,157.14,157.172,157.14,157.166,334.2
2026-05-11 03:05:00+00:00,157.164,157.164,157.13,157.14,171.84
2026-05-11 03:10:00+00:00,157.14,157.158,157.13,157.131,236.25
2026-05-11 03:15:00+00:00,157.132,157.156,157.132,157.147,137.76
2026-05-11 03:20:00+00:00,157.146,157.169,157.144,157.154,207.75
2026-05-11 03:25:00+00:00,157.153,157.153,157.14,157.14,125.55
2026-05-11 03:30:00+00:00,157.142,157.144,157.134,157.14,122.1
2026-05-11 03:35:00+00:00,157.142,157.142,157.125,157.128,118.65
2026-05-11 03:40:00+00:00,157.13,157.13,157.092,157.094,156.9
2026-05-11 03:45:00+00:00,157.094,157.132,157.094,157.132,182.1
2026-05-11 03:50:00+00:00,157.13,157.162,157.129,157.162,121.8
2026-05-11 03:55:00+00:00,157.163,157.164,157.149,157.157,134.4
2026-05-11 04:00:00+00:00,157.158,157.158,157.143,157.155,150.6
2026-05-11 04:05:00+00:00,157.157,157.16,157.14,157.146,84.6
2026-05-11 04:10:00+00:00,157.145,157.147,157.13,157.131,113.1
2026-05-11 04:15:00+00:00,157.131,157.144,157.13,157.137,112.5
2026-05-11 04:20:00+00:00,157.138,157.149,157.136,157.138,119.1
2026-05-11 04:25:00+00:00,157.136,157.153,157.122,157.15,170.1
2026-05-11 04:30:00+00:00,157.151,157.156,157.139,157.143,78.0
2026-05-11 04:35:00+00:00,157.144,157.153,157.137,157.148,125.22
2026-05-11 04:40:00+00:00,157.146,157.151,157.129,157.136,88.71
2026-05-11 04:45:00+00:00,157.135,157.135,157.115,157.117,150.75
2026-05-11 04:50:00+00:00,157.109,157.109,157.09,157.105,100.5
2026-05-11 04:55:00+00:00,157.104,157.142,157.091,157.125,252.96
2026-05-11 05:00:00+00:00,157.125,157.135,157.093,157.096,253.38
2026-05-11 05:05:00+00:00,157.097,157.108,157.083,157.088,304.35
2026-05-11 05:10:00+00:00,157.09,157.09,157.069,157.075,172.2
2026-05-11 05:15:00+00:00,157.073,157.085,157.066,157.084,214.8
2026-05-11 05:20:00+00:00,157.083,157.095,157.083,157.088,225.3
2026-05-11 05:25:00+00:00,157.088,157.094,157.083,157.093,164.49
2026-05-11 05:30:00+00:00,157.094,157.113,157.093,157.097,237.06
2026-05-11 05:35:00+00:00,157.098,157.134,157.096,157.129,408.45
2026-05-11 05:40:00+00:00,157.13,157.133,157.114,157.12,151.2
2026-05-11 05:45:00+00:00,157.121,157.144,157.121,157.139,276.9
2026-05-11 05:50:00+00:00,157.139,157.143,157.132,157.133,218.25
2026-05-11 05:55:00+00:00,157.132,157.144,157.118,157.133,497.64
2026-05-11 06:00:00+00:00,157.133,157.146,157.104,157.13,729.39
2026-05-11 06:05:00+00:00,157.131,157.141,157.11,157.11,433.86
2026-05-11 06:10:00+00:00,157.11,157.116,157.078,157.081,840.75
2026-05-11 06:15:00+00:00,157.081,157.108,157.081,157.1,338.55
2026-05-11 06:20:00+00:00,157.1,157.102,157.067,157.085,329.85
2026-05-11 06:25:00+00:00,157.086,157.09,157.036,157.044,373.65
2026-05-11 06:30:00+00:00,157.049,157.062,157.024,157.045,489.54
2026-05-11 06:35:00+00:00,157.044,157.046,156.994,157.004,358.47
2026-05-11 06:40:00+00:00,157.003,157.023,156.988,157.005,416.97
2026-05-11 06:45:00+00:00,157.006,157.041,157.004,157.04,313.47
2026-05-11 06:50:00+00:00,157.041,157.053,157.007,157.029,363.09
2026-05-11 06:55:00+00:00,157.03,157.035,156.991,156.996,508.74
2026-05-11 07:00:00+00:00,156.994,157.031,156.989,157.02,560.15
2026-05-11 07:05:00+00:00,157.021,157.059,157.015,157.054,418.68
2026-05-11 07:10:00+00:00,157.055,157.082,157.039,157.082,406.65
2026-05-11 07:15:00+00:00,157.081,157.084,157.065,157.07,249.0
2026-05-11 07:20:00+00:00,157.069,157.079,157.046,157.054,395.55
2026-05-11 07:25:00+00:00,157.055,157.058,157.038,157.054,278.22
2026-05-11 07:30:00+00:00,157.055,157.08,157.055,157.07,215.4
2026-05-11 07:35:00+00:00,157.071,157.081,157.053,157.068,227.4
2026-05-11 07:40:00+00:00,157.067,157.081,157.059,157.079,188.17
2026-05-11 07:45:00+00:00,157.081,157.118,157.074,157.113,179.49
2026-05-11 07:50:00+00:00,157.114,157.116,157.094,157.094,135.27
2026-05-11 07:55:00+00:00,157.095,157.133,157.086,157.119,299.7
2026-05-11 08:00:00+00:00,157.12,157.145,157.108,157.109,324.07
2026-05-11 08:05:00+00:00,157.105,157.106,157.077,157.096,283.11
2026-05-11 08:10:00+00:00,157.097,157.111,157.083,157.086,270.69
2026-05-11 08:15:00+00:00,157.085,157.085,157.028,157.034,490.41
2026-05-11 08:20:00+00:00,157.034,157.058,157.015,157.036,531.42
2026-05-11 08:25:00+00:00,157.038,157.044,157.016,157.042,418.5
2026-05-11 08:30:00+00:00,157.044,157.045,156.987,156.987,266.31
2026-05-11 08:35:00+00:00,156.984,156.984,156.946,156.979,325.19
2026-05-11 08:40:00+00:00,156.981,157.011,156.98,157.008,290.25
2026-05-11 08:45:00+00:00,157.007,157.032,156.995,157.031,173.4
2026-05-11 08:50:00+00:00,157.031,157.07,157.02,157.056,305.28
2026-05-11 08:55:00+00:00,157.058,157.095,157.058,157.085,282.27
2026-05-11 09:00:00+00:00,157.085,157.093,157.07,157.07,261.45
2026-05-11 09:05:00+00:00,157.069,157.085,157.069,157.08,129.51
2026-05-11 09:10:00+00:00,157.079,157.096,157.072,157.095,196.62
2026-05-11 09:15:00+00:00,157.094,157.115,157.094,157.106,403.95
2026-05-11 09:20:00+00:00,157.106,157.106,157.091,157.096,400.95
2026-05-11 09:25:00+00:00,157.096,157.104,157.091,157.102,233.1
2026-05-11 09:30:00+00:00,157.102,157.132,157.101,157.126,241.5
2026-05-11 09:35:00+00:00,157.126,157.127,157.102,157.103,256.32
2026-05-11 09:40:00+00:00,157.106,157.106,157.077,157.086,212.91
2026-05-11 09:45:00+00:00,157.085,157.103,157.08,157.093,182.19
2026-05-11 09:50:00+00:00,157.093,157.103,157.09,157.099,116.7
2026-05-11 09:55:00+00:00,157.097,157.144,157.096,157.141,312.25
2026-05-11 10:00:00+00:00,157.147,157.16,157.139,157.142,250.52
2026-05-11 10:05:00+00:00,157.14,157.145,157.117,157.138,228.3
2026-05-11 10:10:00+00:00,157.138,157.142,157.117,157.121,193.59
2026-05-11 10:15:00+00:00,157.122,157.132,157.105,157.11,189.15
2026-05-11 10:20:00+00:00,157.11,157.111,157.092,157.098,212.31
2026-05-11 10:25:00+00:00,157.098,157.114,157.095,157.11,233.94
2026-05-11 10:30:00+00:00,157.11,157.12,157.084,157.1,241.35
2026-05-11 10:35:00+00:00,157.099,157.128,157.083,157.107,333.6
2026-05-11 10:40:00+00:00,157.104,157.114,157.096,157.105,197.73
2026-05-11 10:45:00+00:00,157.103,157.143,157.103,157.104,297.6
2026-05-11 10:50:00+00:00,157.105,157.115,157.088,157.105,344.43
2026-05-11 10:55:00+00:00,157.105,157.141,157.104,157.141,408.45
2026-05-11 11:00:00+00:00,157.141,157.145,157.128,157.137,391.35
2026-05-11 11:05:00+00:00,157.137,157.139,157.102,157.105,303.99
2026-05-11 11:10:00+00:00,157.104,157.124,157.094,157.109,344.85
2026-05-11 11:15:00+00:00,157.115,157.129,157.093,157.098,179.19
2026-05-11 11:20:00+00:00,157.095,157.11,157.094,157.094,222.27
2026-05-11 11:25:00+00:00,157.094,157.105,157.083,157.091,192.84
2026-05-11 11:30:00+00:00,157.09,157.101,157.069,157.1,304.44
2026-05-11 11:35:00+00:00,157.1,157.109,157.089,157.096,233.37
2026-05-11 11:40:00+00:00,157.094,157.108,157.094,157.108,112.8
2026-05-11 11:45:00+00:00,157.107,157.111,157.09,157.097,179.79
2026-05-11 11:50:00+00:00,157.098,157.121,157.094,157.115,294.6
2026-05-11 11:55:00+00:00,157.116,157.141,157.114,157.119,451.8
2026-05-11 12:00:00+00:00,157.117,157.132,157.114,157.119,651.16
2026-05-11 12:05:00+00:00,157.122,157.139,157.122,157.133,310.5
2026-05-11 12:10:00+00:00,157.132,157.134,157.116,157.127,258.2
2026-05-11 12:15:00+00:00,157.125,157.137,157.117,157.12,297.54
2026-05-11 12:20:00+00:00,157.12,157.13,157.06,157.093,527.25
2026-05-11 12:25:00+00:00,157.092,157.115,157.086,157.09,558.9
2026-05-11 12:30:00+00:00,157.092,157.104,157.07,157.081,524.22
2026-05-11 12:35:00+00:00,157.083,157.095,157.07,157.083,378.36
2026-05-11 12:40:00+00:00,157.082,157.096,157.081,157.088,327.09
2026-05-11 12:45:00+00:00,157.089,157.123,157.081,157.095,673.8
2026-05-11 12:50:00+00:00,157.096,157.111,157.08,157.106,474.35
2026-05-11 12:55:00+00:00,157.109,157.133,157.109,157.114,495.19
2026-05-11 13:00:00+00:00,157.113,157.126,157.082,157.102,598.56
2026-05-11 13:05:00+00:00,157.101,157.105,157.08,157.084,395.22
2026-05-11 13:10:00+00:00,157.088,157.095,157.071,157.076,352.65
2026-05-11 13:15:00+00:00,157.075,157.086,157.058,157.08,386.7
2026-05-11 13:20:00+00:00,157.081,157.081,157.061,157.07,205.44
2026-05-11 13:25:00+00:00,157.067,157.072,157.045,157.048,226.92
2026-05-11 13:30:00+00:00,157.045,157.084,157.045,157.075,388.77
2026-05-11 13:35:00+00:00,157.072,157.085,157.045,157.053,307.83
2026-05-11 13:40:00+00:00,157.054,157.055,157.02,157.02,388.98
2026-05-11 13:45:00+00:00,157.023,157.044,157.008,157.01,401.21
2026-05-11 13:50:00+00:00,157.011,157.025,156.997,156.998,430.83
2026-05-11 13:55:00+00:00,156.999,157.036,156.999,157.031,464.19
2026-05-11 14:00:00+00:00,157.031,157.05,157.021,157.05,402.34
2026-05-11 14:05:00+00:00,157.049,157.066,157.043,157.049,329.52
2026-05-11 14:10:00+00:00,157.048,157.061,157.035,157.036,341.79
2026-05-11 14:15:00+00:00,157.037,157.037,157.002,157.01,266.55
2026-05-11 14:20:00+00:00,157.009,157.022,157.002,157.015,302.67
2026-05-11 14:25:00+00:00,157.013,157.036,157.011,157.035,313.44
2026-05-11 14:30:00+00:00,157.036,157.095,157.033,157.071,886.99
2026-05-11 14:35:00+00:00,157.07,157.078,157.031,157.032,512.31
2026-05-11 14:40:00+00:00,157.032,157.035,157.02,157.035,272.52
2026-05-11 14:45:00+00:00,157.036,157.067,157.031,157.058,368.64
2026-05-11 14:50:00+00:00,157.056,157.083,156.998,157.026,736.63
2026-05-11 14:55:00+00:00,157.024,157.04,156.978,156.998,822.42
2026-05-11 15:00:00+00:00,157.0,157.033,156.981,157.023,855.02
2026-05-11 15:05:00+00:00,157.023,157.03,157.009,157.027,316.53
2026-05-11 15:10:00+00:00,157.026,157.06,157.025,157.048,383.17
2026-05-11 15:15:00+00:00,157.047,157.07,157.043,157.045,364.4
2026-05-11 15:20:00+00:00,157.047,157.047,156.995,157.006,318.01
2026-05-11 15:25:00+00:00,157.008,157.027,157.0,157.021,339.35
2026-05-11 15:30:00+00:00,157.02,157.034,157.007,157.017,402.01
2026-05-11 15:35:00+00:00,157.019,157.028,157.009,157.014,279.18
2026-05-11 15:40:00+00:00,157.012,157.054,157.005,157.039,306.84
2026-05-11 15:45:00+00:00,157.04,157.071,157.034,157.042,653.25
2026-05-11 15:50:00+00:00,157.044,157.06,157.028,157.034,280.65
2026-05-11 15:55:00+00:00,157.036,157.048,157.026,157.045,324.22
2026-05-11 16:00:00+00:00,157.045,157.055,157.034,157.037,232.53
2026-05-11 16:05:00+00:00,157.038,157.055,157.035,157.052,165.9
2026-05-11 16:10:00+00:00,157.053,157.073,157.047,157.063,160.5
2026-05-11 16:15:00+00:00,157.061,157.089,157.061,157.074,196.65
2026-05-11 16:20:00+00:00,157.074,157.095,157.072,157.095,177.09
2026-05-11 16:25:00+00:00,157.095,157.111,157.093,157.109,249.15
2026-05-11 16:30:00+00:00,157.111,157.115,157.102,157.107,164.32
2026-05-11 16:35:00+00:00,157.108,157.125,157.106,157.106,268.27
2026-05-11 16:40:00+00:00,157.107,157.15,157.103,157.133,780.14
2026-05-11 16:45:00+00:00,157.134,157.144,157.119,157.135,366.46
2026-05-11 16:50:00+00:00,157.133,157.149,157.132,157.14,162.09
2026-05-11 16:55:00+00:00,157.142,157.16,157.139,157.156,307.33
2026-05-11 17:00:00+00:00,157.155,157.185,157.144,157.185,367.36
2026-05-11 17:05:00+00:00,157.187,157.195,157.179,157.189,241.49
2026-05-11 17:10:00+00:00,157.19,157.211,157.16,157.161,297.3
2026-05-11 17:15:00+00:00,157.16,157.179,157.148,157.166,288.0
2026-05-11 17:20:00+00:00,157.165,157.166,157.133,157.133,296.92
2026-05-11 17:25:00+00:00,157.132,157.143,157.116,157.134,314.86
2026-05-11 17:30:00+00:00,157.139,157.141,157.109,157.119,295.14
2026-05-11 17:35:00+00:00,157.119,157.133,157.116,157.132,332.47
2026-05-11 17:40:00+00:00,157.132,157.135,157.119,157.131,164.85
2026-05-11 17:45:00+00:00,157.13,157.132,157.117,157.118,167.19
2026-05-11 17:50:00+00:00,157.118,157.118,157.103,157.108,80.85
2026-05-11 17:55:00+00:00,157.107,157.12,157.104,157.111,205.09
2026-05-11 18:00:00+00:00,157.112,157.115,157.095,157.106,204.09
2026-05-11 18:05:00+00:00,157.107,157.107,157.091,157.094,335.25
2026-05-11 18:10:00+00:00,157.092,157.121,157.092,157.12,129.6
2026-05-11 18:15:00+00:00,157.115,157.123,157.112,157.119,117.52
2026-05-11 18:20:00+00:00,157.118,157.145,157.117,157.132,269.34
2026-05-11 18:25:00+00:00,157.13,157.149,157.13,157.133,235.36
2026-05-11 18:30:00+00:00,157.133,157.145,157.133,157.143,203.22
2026-05-11 18:35:00+00:00,157.145,157.164,157.129,157.162,236.0
2026-05-11 18:40:00+00:00,157.162,157.196,157.157,157.196,245.34
2026-05-11 18:45:00+00:00,157.195,157.203,157.184,157.203,338.55
2026-05-11 18:50:00+00:00,157.202,157.207,157.187,157.198,272.0
2026-05-11 18:55:00+00:00,157.198,157.208,157.191,157.205,390.84
2026-05-11 19:00:00+00:00,157.206,157.213,157.201,157.209,251.54
2026-05-11 19:05:00+00:00,157.21,157.216,157.206,157.213,127.34
2026-05-11 19:10:00+00:00,157.212,157.236,157.21,157.234,205.27
2026-05-11 19:15:00+00:00,157.235,157.242,157.222,157.225,154.65
2026-05-11 19:20:00+00:00,157.224,157.232,157.208,157.223,124.76
2026-05-11 19:25:00+00:00,157.227,157.245,157.227,157.245,112.35
2026-05-11 19:30:00+00:00,157.242,157.255,157.242,157.251,124.44
2026-05-11 19:35:00+00:00,157.254,157.265,157.247,157.258,213.9
2026-05-11 19:40:00+00:00,157.259,157.265,157.247,157.26,141.6
2026-05-11 19:45:00+00:00,157.259,157.262,157.247,157.26,120.12
2026-05-11 19:50:00+00:00,157.259,157.261,157.254,157.257,133.5
2026-05-11 19:55:00+00:00,157.255,157.262,157.24,157.243,263.85
2026-05-11 20:00:00+00:00,157.243,157.243,157.211,157.222,229.57
2026-05-11 20:05:00+00:00,157.226,157.242,157.223,157.237,77.7
2026-05-11 20:10:00+00:00,157.236,157.272,157.224,157.233,375.15
2026-05-11 20:15:00+00:00,157.232,157.242,157.224,157.237,102.3
2026-05-11 20:20:00+00:00,157.237,157.241,157.231,157.232,90.3
2026-05-11 20:25:00+00:00,157.232,157.233,157.216,157.22,128.08
2026-05-11 20:30:00+00:00,157.219,157.219,157.208,157.209,156.39
2026-05-11 20:35:00+00:00,157.209,157.221,157.209,157.217,185.02
2026-05-11 20:40:00+00:00,157.218,157.218,157.206,157.211,203.12
2026-05-11 20:45:00+00:00,157.211,157.221,157.205,157.211,406.24
2026-05-11 20:50:00+00:00,157.212,157.224,157.21,157.223,136.16
2026-05-11 20:55:00+00:00,157.224,157.228,157.148,157.155,437.92
2026-05-11 21:00:00+00:00,157.152,157.152,157.05,157.098,11.99
2026-05-11 21:05:00+00:00,157.098,157.107,157.098,157.107,50.36
2026-05-11 21:10:00+00:00,157.105,157.151,157.105,157.14,95.57
2026-05-11 21:15:00+00:00,157.142,157.146,157.136,157.139,90.72
2026-05-11 21:20:00+00:00,157.144,157.154,157.135,157.152,89.68
2026-05-11 21:25:00+00:00,157.154,157.154,157.144,157.153,59.25
2026-05-11 21:30:00+00:00,157.153,157.171,157.151,157.159,68.34
2026-05-11 21:35:00+00:00,157.16,157.169,157.151,157.154,107.7
2026-05-11 21:40:00+00:00,157.151,157.169,157.151,157.163,56.7
2026-05-11 21:45:00+00:00,157.163,157.164,157.159,157.162,46.5
2026-05-11 21:50:00+00:00,157.163,157.163,157.099,157.116,57.06
2026-05-11 21:55:00+00:00,157.12,157.132,157.107,157.119,211.5
2026-05-11 22:00:00+00:00,157.115,157.196,157.115,157.164,198.6
2026-05-11 22:05:00+00:00,157.163,157.183,157.163,157.18,61.25
2026-05-11 22:10:00+00:00,157.178,157.178,157.172,157.172,24.9
2026-05-11 22:15:00+00:00,157.174,157.189,157.163,157.187,63.52
2026-05-11 22:20:00+00:00,157.186,157.189,157.185,157.188,28.8
2026-05-11 22:25:00+00:00,157.189,157.201,157.172,157.192,86.3
2026-05-11 22:30:00+00:00,157.192,157.195,157.188,157.193,87.3
2026-05-11 22:35:00+00:00,157.192,157.192,157.187,157.19,21.07
2026-05-11 22:40:00+00:00,157.191,157.192,157.189,157.189,13.79
2026-05-11 22:45:00+00:00,157.188,157.19,157.185,157.19,54.22
2026-05-11 22:50:00+00:00,157.189,157.19,157.182,157.189,36.0
2026-05-11 22:55:00+00:00,157.189,157.194,157.189,157.19,31.56
2026-05-11 23:00:00+00:00,157.19,157.192,157.184,157.184,45.36
2026-05-11 23:05:00+00:00,157.185,157.203,157.182,157.195,45.66
2026-05-11 23:10:00+00:00,157.2,157.205,157.192,157.197,119.64
2026-05-11 23:15:00+00:00,157.195,157.22,157.192,157.219,39.37
2026-05-11 23:20:00+00:00,157.218,157.218,157.204,157.214,42.3
2026-05-11 23:25:00+00:00,157.216,157.23,157.214,157.229,47.16
2026-05-11 23:30:00+00:00,157.228,157.229,157.217,157.223,65.12
2026-05-11 23:35:00+00:00,157.225,157.241,157.219,157.225,121.44
2026-05-11 23:40:00+00:00,157.227,157.242,157.224,157.236,190.37
2026-05-11 23:45:00+00:00,157.238,157.242,157.231,157.238,159.36
2026-05-11 23:50:00+00:00,157.238,157.238,157.197,157.213,278.82
2026-05-11 23:55:00+00:00,157.217,157.245,157.217,157.238,206.52
2026-05-12 00:00:00+00:00,157.238,157.296,157.238,157.277,696.98
2026-05-12 00:05:00+00:00,157.278,157.29,157.261,157.29,333.53
2026-05-12 00:10:00+00:00,157.285,157.288,157.269,157.274,236.45
2026-05-12 00:15:00+00:00,157.274,157.281,157.251,157.264,272.18
2026-05-12 00:20:00+00:00,157.264,157.296,157.264,157.269,203.77
2026-05-12 00:25:00+00:00,157.269,157.279,157.261,157.276,230.57
2026-05-12 00:30:00+00:00,157.275,157.304,157.273,157.302,445.57
2026-05-12 00:35:00+00:00,157.301,157.304,157.289,157.299,254.16
2026-05-12 00:40:00+00:00,157.299,157.329,157.298,157.326,380.42
2026-05-12 00:45:00+00:00,157.326,157.342,157.297,157.329,388.08
2026-05-12 00:50:00+00:00,157.33,157.384,157.327,157.37,1144.02
2026-05-12 00:55:00+00:00,157.373,157.432,157.363,157.418,973.95
2026-05-12 01:00:00+00:00,157.424,157.463,157.374,157.458,1071.83
2026-05-12 01:05:00+00:00,157.461,157.484,157.435,157.475,588.44
2026-05-12 01:10:00+00:00,157.475,157.502,157.474,157.486,762.88
2026-05-12 01:15:00+00:00,157.489,157.496,157.465,157.489,749.93
2026-05-12 01:20:00+00:00,157.488,157.497,157.474,157.494,709.08
2026-05-12 01:25:00+00:00,157.495,157.548,157.494,157.545,480.28
2026-05-12 01:30:00+00:00,157.544,157.549,157.492,157.514,481.55
2026-05-12 01:35:00+00:00,157.513,157.548,157.513,157.543,374.2
2026-05-12 01:40:00+00:00,157.543,157.584,157.537,157.565,723.4
2026-05-12 01:45:00+00:00,157.565,157.576,157.535,157.536,552.5
2026-05-12 01:50:00+00:00,157.535,157.548,157.511,157.515,312.86
2026-05-12 01:55:00+00:00,157.519,157.542,157.519,157.537,487.99
2026-05-12 02:00:00+00:00,157.536,157.553,157.528,157.55,262.32
2026-05-12 02:05:00+00:00,157.549,157.564,157.539,157.554,325.56
2026-05-12 02:10:00+00:00,157.553,157.566,157.547,157.552,188.61
2026-05-12 02:15:00+00:00,157.551,157.571,157.548,157.561,212.28
2026-05-12 02:20:00+00:00,157.562,157.586,157.56,157.564,421.05
2026-05-12 02:25:00+00:00,157.564,157.577,157.56,157.574,282.66
2026-05-12 02:30:00+00:00,157.577,157.64,157.572,157.635,467.01
2026-05-12 02:35:00+00:00,157.636,157.651,157.607,157.635,452.13
2026-05-12 02:40:00+00:00,157.636,157.64,157.62,157.625,266.23
2026-05-12 02:45:00+00:00,157.624,157.628,157.614,157.615,193.2
2026-05-12 02:50:00+00:00,157.613,157.613,157.557,157.581,503.17
2026-05-12 02:55:00+00:00,157.583,157.603,157.583,157.588,191.55
2026-05-12 03:00:00+00:00,157.589,157.613,157.576,157.613,168.6
2026-05-12 03:05:00+00:00,157.613,157.624,157.6,157.609,233.1
2026-05-12 03:10:00+00:00,157.608,157.608,157.584,157.584,201.15
2026-05-12 03:15:00+00:00,157.583,157.584,157.563,157.565,149.4
2026-05-12 03:20:00+00:00,157.566,157.567,157.549,157.567,175.2
2026-05-12 03:25:00+00:00,157.572,157.575,157.569,157.571,99.36
2026-05-12 03:30:00+00:00,157.57,157.575,157.57,157.571,135.0
2026-05-12 03:35:00+00:00,157.573,157.607,157.572,157.587,195.32
2026-05-12 03:40:00+00:00,157.589,157.598,157.573,157.593,155.1
2026-05-12 03:45:00+00:00,157.592,157.61,157.591,157.61,95.1
2026-05-12 03:50:00+00:00,157.609,157.636,157.609,157.625,309.88
2026-05-12 03:55:00+00:00,157.626,157.639,157.61,157.612,279.54
2026-05-12 04:00:00+00:00,157.613,157.624,157.607,157.621,230.28
2026-05-12 04:05:00+00:00,157.62,157.622,157.61,157.622,656.16
2026-05-12 04:10:00+00:00,157.623,157.637,157.62,157.623,176.75
2026-05-12 04:15:00+00:00,157.623,157.629,157.612,157.62,245.37
2026-05-12 04:20:00+00:00,157.621,157.63,157.612,157.619,314.28
2026-05-12 04:25:00+00:00,157.62,157.638,157.619,157.637,159.42
2026-05-12 04:30:00+00:00,157.635,157.635,157.611,157.627,134.55
2026-05-12 04:35:00+00:00,157.627,157.634,157.55,157.552,484.91
2026-05-12 04:40:00+00:00,157.553,157.57,157.547,157.554,305.39
2026-05-12 04:45:00+00:00,157.552,157.572,157.549,157.57,209.73
2026-05-12 04:50:00+00:00,157.566,157.581,157.553,157.565,259.55
2026-05-12 04:55:00+00:00,157.564,157.586,157.561,157.585,227.68
2026-05-12 05:00:00+00:00,157.584,157.623,157.584,157.621,312.49
2026-05-12 05:05:00+00:00,157.622,157.632,157.608,157.616,211.56
2026-05-12 05:10:00+00:00,157.614,157.653,157.613,157.641,210.22
2026-05-12 05:15:00+00:00,157.639,157.65,157.636,157.642,172.95
2026-05-12 05:20:00+00:00,157.641,157.687,157.634,157.677,233.89
2026-05-12 05:25:00+00:00,157.674,157.688,157.658,157.666,314.54
2026-05-12 05:30:00+00:00,157.666,157.731,157.653,157.725,530.69
2026-05-12 05:35:00+00:00,157.724,157.747,157.714,157.744,301.36
2026-05-12 05:40:00+00:00,157.742,157.746,157.719,157.734,355.84
2026-05-12 05:45:00+00:00,157.731,157.742,157.722,157.722,228.81
2026-05-12 05:50:00+00:00,157.723,157.741,157.715,157.715,216.58
2026-05-12 05:55:00+00:00,157.714,157.714,156.726,157.306,3802.72
2026-05-12 06:00:00+00:00,157.315,157.327,157.064,157.319,2298.33
2026-05-12 06:05:00+00:00,157.32,157.388,157.264,157.304,1811.93
2026-05-12 06:10:00+00:00,157.302,157.351,157.276,157.293,1335.18
2026-05-12 06:15:00+00:00,157.293,157.348,157.279,157.347,1113.84
2026-05-12 06:20:00+00:00,157.348,157.497,157.348,157.428,1244.54
2026-05-12 06:25:00+00:00,157.427,157.473,157.389,157.462,854.97
2026-05-12 06:30:00+00:00,157.462,157.497,157.331,157.367,1123.2
2026-05-12 06:35:00+00:00,157.367,157.379,157.29,157.367,1119.48
2026-05-12 06:40:00+00:00,157.365,157.447,157.365,157.415,941.77
2026-05-12 06:45:00+00:00,157.409,157.439,157.376,157.409,656.66
2026-05-12 06:50:00+00:00,157.412,157.465,157.386,157.465,648.57
2026-05-12 06:55:00+00:00,157.465,157.525,157.455,157.51,784.22
2026-05-12 07:00:00+00:00,157.509,157.547,157.486,157.526,921.48
2026-05-12 07:05:00+00:00,157.527,157.548,157.507,157.524,525.66
2026-05-12 07:10:00+00:00,157.526,157.546,157.487,157.512,738.89
2026-05-12 07:15:00+00:00,157.512,157.533,157.463,157.47,794.15
2026-05-12 07:20:00+00:00,157.47,157.517,157.453,157.497,625.95
2026-05-12 07:25:00+00:00,157.498,157.499,157.392,157.464,995.55
2026-05-12 07:30:00+00:00,157.464,157.506,157.432,157.433,682.84
2026-05-12 07:35:00+00:00,157.43,157.454,157.413,157.422,550.34
2026-05-12 07:40:00+00:00,157.423,157.512,157.422,157.512,426.81
2026-05-12 07:45:00+00:00,157.513,157.54,157.503,157.529,579.69
2026-05-12 07:50:00+00:00,157.53,157.568,157.495,157.514,710.85
2026-05-12 07:55:00+00:00,157.513,157.528,157.487,157.505,970.57
2026-05-12 08:00:00+00:00,157.504,157.541,157.489,157.501,897.33
2026-05-12 08:05:00+00:00,157.501,157.542,157.491,157.514,528.52
2026-05-12 08:10:00+00:00,157.515,157.599,157.505,157.598,673.65
2026-05-12 08:15:00+00:00,157.597,157.606,157.55,157.599,1012.64
2026-05-12 08:20:00+00:00,157.601,157.602,157.561,157.6,788.75
2026-05-12 08:25:00+00:00,157.598,157.625,157.573,157.622,466.65
2026-05-12 08:30:00+00:00,157.621,157.639,157.614,157.635,321.45
2026-05-12 08:35:00+00:00,157.636,157.655,157.625,157.636,362.7
2026-05-12 08:40:00+00:00,157.635,157.652,157.602,157.65,480.15
2026-05-12 08:45:00+00:00,157.651,157.651,157.55,157.591,1016.68
2026-05-12 08:50:00+00:00,157.59,157.614,157.582,157.608,361.04
2026-05-12 08:55:00+00:00,157.606,157.631,157.594,157.616,279.0
2026-05-12 09:00:00+00:00,157.62,157.652,157.607,157.652,458.82
2026-05-12 09:05:00+00:00,157.649,157.652,157.632,157.649,326.2
2026-05-12 09:10:00+00:00,157.648,157.662,157.636,157.638,371.4
2026-05-12 09:15:00+00:00,157.639,157.665,157.63,157.635,490.91
2026-05-12 09:20:00+00:00,157.635,157.658,157.611,157.623,417.01
2026-05-12 09:25:00+00:00,157.623,157.632,157.596,157.598,356.88
2026-05-12 09:30:00+00:00,157.598,157.611,157.54,157.603,842.56
2026-05-12 09:35:00+00:00,157.598,157.623,157.574,157.587,396.92
2026-05-12 09:40:00+00:00,157.588,157.601,157.555,157.598,628.96
2026-05-12 09:45:00+00:00,157.596,157.612,157.572,157.585,328.94
2026-05-12 09:50:00+00:00,157.584,157.601,157.567,157.568,281.06
2026-05-12 09:55:00+00:00,157.569,157.58,157.54,157.562,353.39
2026-05-12 10:00:00+00:00,157.563,157.591,157.549,157.586,308.07
2026-05-12 10:05:00+00:00,157.588,157.589,157.569,157.576,228.09
2026-05-12 10:10:00+00:00,157.576,157.597,157.569,157.575,185.21
2026-05-12 10:15:00+00:00,157.575,157.607,157.574,157.589,181.05
2026-05-12 10:20:00+00:00,157.589,157.615,157.567,157.576,370.6
2026-05-12 10:25:00+00:00,157.577,157.586,157.553,157.553,292.35
2026-05-12 10:30:00+00:00,157.552,157.553,157.502,157.523,409.45
2026-05-12 10:35:00+00:00,157.525,157.543,157.492,157.539,384.41
2026-05-12 10:40:00+00:00,157.538,157.542,157.511,157.516,301.94
2026-05-12 10:45:00+00:00,157.517,157.543,157.513,157.538,196.98
2026-05-12 10:50:00+00:00,157.539,157.552,157.528,157.543,195.63
2026-05-12 10:55:00+00:00,157.548,157.569,157.544,157.56,300.78
2026-05-12 11:00:00+00:00,157.558,157.606,157.552,157.583,404.23
2026-05-12 11:05:00+00:00,157.585,157.603,157.548,157.548,379.64
2026-05-12 11:10:00+00:00,157.55,157.562,157.5,157.549,840.09
2026-05-12 11:15:00+00:00,157.547,157.564,157.544,157.545,245.62
2026-05-12 11:20:00+00:00,157.547,157.56,157.544,157.551,191.77
2026-05-12 11:25:00+00:00,157.55,157.565,157.529,157.561,344.72
2026-05-12 11:30:00+00:00,157.563,157.564,157.528,157.541,279.67
2026-05-12 11:35:00+00:00,157.54,157.544,157.501,157.517,300.42
2026-05-12 11:40:00+00:00,157.516,157.529,157.502,157.526,301.8
2026-05-12 11:45:00+00:00,157.527,157.538,157.511,157.536,349.6
2026-05-12 11:50:00+00:00,157.536,157.564,157.517,157.558,462.26
2026-05-12 11:55:00+00:00,157.557,157.578,157.557,157.572,555.8
2026-05-12 12:00:00+00:00,157.573,157.586,157.548,157.552,604.68
2026-05-12 12:05:00+00:00,157.553,157.588,157.524,157.581,720.16
2026-05-12 12:10:00+00:00,157.58,157.591,157.564,157.587,360.28
2026-05-12 12:15:00+00:00,157.586,157.599,157.558,157.587,418.21
2026-05-12 12:20:00+00:00,157.587,157.622,157.587,157.613,548.99
2026-05-12 12:25:00+00:00,157.613,157.624,157.571,157.579,497.67
2026-05-12 12:30:00+00:00,157.576,157.644,157.542,157.568,1254.86
2026-05-12 12:35:00+00:00,157.567,157.592,157.547,157.576,847.42
2026-05-12 12:40:00+00:00,157.576,157.586,157.538,157.551,625.14
2026-05-12 12:45:00+00:00,157.552,157.58,157.548,157.566,614.19
2026-05-12 12:50:00+00:00,157.566,157.575,157.516,157.537,597.87
2026-05-12 12:55:00+00:00,157.536,157.554,157.527,157.551,391.66
2026-05-12 13:00:00+00:00,157.551,157.569,157.481,157.549,918.8
2026-05-12 13:05:00+00:00,157.549,157.564,157.526,157.556,751.16
2026-05-12 13:10:00+00:00,157.555,157.576,157.521,157.575,704.0
2026-05-12 13:15:00+00:00,157.577,157.625,157.546,157.612,905.75
2026-05-12 13:20:00+00:00,157.613,157.622,157.543,157.557,666.39
2026-05-12 13:25:00+00:00,157.559,157.591,157.551,157.578,554.02
2026-05-12 13:30:00+00:00,157.58,157.612,157.556,157.611,959.81
2026-05-12 13:35:00+00:00,157.612,157.623,157.596,157.616,710.4
2026-05-12 13:40:00+00:00,157.618,157.625,157.595,157.611,579.44
2026-05-12 13:45:00+00:00,157.613,157.648,157.587,157.646,771.24
2026-05-12 13:50:00+00:00,157.647,157.66,157.638,157.659,574.55
2026-05-12 13:55:00+00:00,157.66,157.666,157.648,157.648,434.16
2026-05-12 14:00:00+00:00,157.646,157.653,157.617,157.631,621.23
2026-05-12 14:05:00+00:00,157.63,157.638,157.609,157.614,878.06
2026-05-12 14:10:00+00:00,157.615,157.626,157.572,157.575,573.06
2026-05-12 14:15:00+00:00,157.577,157.624,157.574,157.619,523.33
2026-05-12 14:20:00+00:00,157.619,157.625,157.585,157.588,522.36
2026-05-12 14:25:00+00:00,157.589,157.615,157.589,157.602,490.96
2026-05-12 14:30:00+00:00,157.6,157.626,157.576,157.579,525.5
2026-05-12 14:35:00+00:00,157.58,157.625,157.578,157.622,655.05
2026-05-12 14:40:00+00:00,157.623,157.623,157.598,157.608,498.38
2026-05-12 14:45:00+00:00,157.61,157.649,157.609,157.624,809.72
2026-05-12 14:50:00+00:00,157.625,157.646,157.597,157.628,866.91
2026-05-12 14:55:00+00:00,157.627,157.701,157.615,157.624,1038.85
2026-05-12 15:00:00+00:00,157.624,157.668,157.616,157.638,929.71
2026-05-12 15:05:00+00:00,157.639,157.655,157.612,157.633,696.43
2026-05-12 15:10:00+00:00,157.633,157.675,157.629,157.675,504.94
2026-05-12 15:15:00+00:00,157.676,157.701,157.667,157.697,462.53
2026-05-12 15:20:00+00:00,157.697,157.726,157.686,157.725,546.99
2026-05-12 15:25:00+00:00,157.728,157.749,157.711,157.747,524.39
2026-05-12 15:30:00+00:00,157.745,157.75,157.714,157.72,478.57
2026-05-12 15:35:00+00:00,157.72,157.736,157.697,157.722,394.33
2026-05-12 15:40:00+00:00,157.719,157.719,157.686,157.688,410.7
2026-05-12 15:45:00+00:00,157.688,157.723,157.683,157.716,316.5
2026-05-12 15:50:00+00:00,157.718,157.729,157.71,157.714,280.2
2026-05-12 15:55:00+00:00,157.716,157.721,157.697,157.709,226.2
2026-05-12 16:00:00+00:00,157.709,157.726,157.702,157.724,406.5
2026-05-12 16:05:00+00:00,157.723,157.726,157.712,157.715,245.55
2026-05-12 16:10:00+00:00,157.715,157.723,157.704,157.711,255.0
2026-05-12 16:15:00+00:00,157.712,157.724,157.674,157.693,342.97
2026-05-12 16:20:00+00:00,157.693,157.702,157.679,157.691,290.68
2026-05-12 16:25:00+00:00,157.691,157.705,157.688,157.699,236.85
2026-05-12 16:30:00+00:00,157.699,157.727,157.698,157.699,295.68
2026-05-12 16:35:00+00:00,157.699,157.708,157.691,157.7,177.6
2026-05-12 16:40:00+00:00,157.701,157.72,157.689,157.716,243.84
2026-05-12 16:45:00+00:00,157.717,157.751,157.711,157.742,249.52
2026-05-12 16:50:00+00:00,157.744,157.753,157.736,157.742,169.71
2026-05-12 16:55:00+00:00,157.744,157.763,157.737,157.749,331.7
2026-05-12 17:00:00+00:00,157.748,157.753,157.711,157.712,279.64
2026-05-12 17:05:00+00:00,157.711,157.712,157.689,157.702,209.7
2026-05-12 17:10:00+00:00,157.704,157.739,157.7,157.726,173.7
2026-05-12 17:15:00+00:00,157.725,157.726,157.708,157.715,254.47
2026-05-12 17:20:00+00:00,157.713,157.727,157.688,157.689,565.22
2026-05-12 17:25:00+00:00,157.69,157.7,157.687,157.7,264.07
2026-05-12 17:30:00+00:00,157.7,157.706,157.689,157.703,138.6
2026-05-12 17:35:00+00:00,157.705,157.705,157.69,157.693,58.8
2026-05-12 17:40:00+00:00,157.692,157.706,157.689,157.694,113.77
2026-05-12 17:45:00+00:00,157.694,157.705,157.69,157.698,123.22
2026-05-12 17:50:00+00:00,157.699,157.706,157.681,157.682,199.5
2026-05-12 17:55:00+00:00,157.683,157.696,157.682,157.693,175.12
2026-05-12 18:00:00+00:00,157.694,157.715,157.679,157.706,332.24
2026-05-12 18:05:00+00:00,157.712,157.722,157.693,157.696,259.2
2026-05-12 18:10:00+00:00,157.695,157.711,157.687,157.691,174.14
2026-05-12 18:15:00+00:00,157.689,157.694,157.644,157.653,163.95
2026-05-12 18:20:00+00:00,157.654,157.654,157.625,157.641,214.36
2026-05-12 18:25:00+00:00,157.641,157.641,157.602,157.608,456.53
2026-05-12 18:30:00+00:00,157.608,157.619,157.599,157.618,517.05
2026-05-12 18:35:00+00:00,157.619,157.638,157.615,157.631,249.3
2026-05-12 18:40:00+00:00,157.631,157.634,157.617,157.619,215.04
2026-05-12 18:45:00+00:00,157.618,157.637,157.617,157.633,164.1
2026-05-12 18:50:00+00:00,157.638,157.64,157.616,157.617,161.41
2026-05-12 18:55:00+00:00,157.617,157.619,157.588,157.592,242.34
2026-05-12 19:00:00+00:00,157.593,157.593,157.574,157.582,158.49
2026-05-12 19:05:00+00:00,157.585,157.595,157.583,157.583,132.78
2026-05-12 19:10:00+00:00,157.582,157.591,157.556,157.567,191.49
2026-05-12 19:15:00+00:00,157.567,157.576,157.556,157.568,127.11
2026-05-12 19:20:00+00:00,157.569,157.582,157.569,157.578,116.52
2026-05-12 19:25:00+00:00,157.579,157.582,157.566,157.566,82.06
2026-05-12 19:30:00+00:00,157.562,157.58,157.528,157.528,177.84
2026-05-12 19:35:00+00:00,157.529,157.533,157.52,157.533,157.11
2026-05-12 19:40:00+00:00,157.534,157.569,157.534,157.562,132.62
2026-05-12 19:45:00+00:00,157.56,157.582,157.558,157.564,110.92
2026-05-12 19:50:00+00:00,157.564,157.564,157.544,157.559,216.0
2026-05-12 19:55:00+00:00,157.561,157.637,157.56,157.637,612.41
2026-05-12 20:00:00+00:00,157.633,157.64,157.595,157.595,312.58
2026-05-12 20:05:00+00:00,157.599,157.62,157.599,157.617,69.36
2026-05-12 20:10:00+00:00,157.617,157.634,157.613,157.632,77.35
2026-05-12 20:15:00+00:00,157.63,157.632,157.617,157.617,66.36
2026-05-12 20:20:00+00:00,157.618,157.633,157.618,157.632,46.56
2026-05-12 20:25:00+00:00,157.632,157.642,157.63,157.632,114.72
2026-05-12 20:30:00+00:00,157.634,157.641,157.628,157.629,94.92
2026-05-12 20:35:00+00:00,157.63,157.631,157.626,157.63,62.7
2026-05-12 20:40:00+00:00,157.63,157.656,157.629,157.651,109.86
2026-05-12 20:45:00+00:00,157.651,157.657,157.644,157.655,163.2
2026-05-12 20:50:00+00:00,157.656,157.656,157.624,157.627,117.45
2026-05-12 20:55:00+00:00,157.625,157.626,157.597,157.607,427.39
2026-05-12 21:00:00+00:00,157.606,157.606,157.521,157.521,5.16
2026-05-12 21:05:00+00:00,157.513,157.589,157.513,157.589,16.72
2026-05-12 21:10:00+00:00,157.588,157.589,157.555,157.589,4.2
2026-05-12 21:15:00+00:00,157.589,157.589,157.517,157.555,8.8
2026-05-12 21:20:00+00:00,157.556,157.565,157.553,157.565,20.4
2026-05-12 21:25:00+00:00,157.565,157.589,157.563,157.571,9.54
2026-05-12 21:30:00+00:00,157.571,157.589,157.551,157.561,9.48
2026-05-12 21:35:00+00:00,157.569,157.627,157.569,157.597,56.28
2026-05-12 21:40:00+00:00,157.597,157.598,157.595,157.596,22.65
2026-05-12 21:45:00+00:00,157.596,157.599,157.574,157.595,54.48
2026-05-12 21:50:00+00:00,157.597,157.597,157.578,157.578,47.88
2026-05-12 21:55:00+00:00,157.589,157.589,157.546,157.555,81.6
2026-05-12 22:00:00+00:00,157.593,157.605,157.56,157.589,115.62
2026-05-12 22:05:00+00:00,157.588,157.606,157.576,157.6,63.15
2026-05-12 22:10:00+00:00,157.61,157.62,157.608,157.608,35.25
2026-05-12 22:15:00+00:00,157.607,157.609,157.595,157.601,52.72
2026-05-12 22:20:00+00:00,157.601,157.607,157.587,157.605,60.0
2026-05-12 22:25:00+00:00,157.605,157.605,157.601,157.603,19.2
2026-05-12 22:30:00+00:00,157.603,157.614,157.6,157.613,46.8
2026-05-12 22:35:00+00:00,157.614,157.614,157.609,157.61,61.04
2026-05-12 22:40:00+00:00,157.611,157.611,157.599,157.603,64.3
2026-05-12 22:45:00+00:00,157.602,157.609,157.586,157.587,56.32
2026-05-12 22:50:00+00:00,157.589,157.605,157.587,157.604,72.66
2026-05-12 22:55:00+00:00,157.604,157.605,157.596,157.597,35.55
2026-05-12 23:00:00+00:00,157.596,157.599,157.584,157.588,60.0
2026-05-12 23:05:00+00:00,157.588,157.6,157.58,157.592,129.28
2026-05-12 23:10:00+00:00,157.595,157.614,157.595,157.6,101.67
2026-05-12 23:15:00+00:00,157.595,157.603,157.593,157.603,94.35
2026-05-12 23:20:00+00:00,157.604,157.618,157.599,157.615,83.77
2026-05-12 23:25:00+00:00,157.615,157.617,157.604,157.605,38.4
2026-05-12 23:30:00+00:00,157.605,157.605,157.562,157.562,55.8
2026-05-12 23:35:00+00:00,157.566,157.59,157.562,157.59,59.7
2026-05-12 23:40:00+00:00,157.591,157.613,157.589,157.612,44.7
2026-05-12 23:45:00+00:00,157.61,157.636,157.61,157.635,161.4
2026-05-12 23:50:00+00:00,157.636,157.674,157.635,157.662,248.85
2026-05-12 23:55:00+00:00,157.663,157.675,157.661,157.67,194.15
2026-05-13 00:00:00+00:00,157.673,157.685,157.644,157.647,373.48
2026-05-13 00:05:00+00:00,157.649,157.663,157.632,157.663,343.42
2026-05-13 00:10:00+00:00,157.665,157.708,157.661,157.697,138.38
2026-05-13 00:15:00+00:00,157.697,157.697,157.65,157.651,252.89
2026-05-13 00:20:00+00:00,157.651,157.676,157.635,157.665,296.79
2026-05-13 00:25:00+00:00,157.663,157.672,157.648,157.663,388.22
2026-05-13 00:30:00+00:00,157.664,157.724,157.658,157.704,487.67
2026-05-13 00:35:00+00:00,157.709,157.715,157.653,157.659,352.61
2026-05-13 00:40:00+00:00,157.66,157.679,157.655,157.655,305.56
2026-05-13 00:45:00+00:00,157.66,157.724,157.66,157.722,277.3
2026-05-13 00:50:00+00:00,157.721,157.767,157.712,157.759,816.22
2026-05-13 00:55:00+00:00,157.758,157.767,157.702,157.711,624.97
2026-05-13 01:00:00+00:00,157.711,157.754,157.694,157.702,672.42
2026-05-13 01:05:00+00:00,157.702,157.726,157.689,157.725,224.61
2026-05-13 01:10:00+00:00,157.723,157.761,157.72,157.755,436.69
2026-05-13 01:15:00+00:00,157.755,157.781,157.738,157.772,315.52
2026-05-13 01:20:00+00:00,157.773,157.773,157.587,157.661,582.05
2026-05-13 01:25:00+00:00,157.657,157.692,157.61,157.662,788.08
2026-05-13 01:30:00+00:00,157.665,157.686,157.632,157.639,460.39
2026-05-13 01:35:00+00:00,157.64,157.672,157.617,157.624,467.66
2026-05-13 01:40:00+00:00,157.624,157.641,157.613,157.638,335.58
2026-05-13 01:45:00+00:00,157.637,157.648,157.562,157.581,459.49
2026-05-13 01:50:00+00:00,157.586,157.649,157.564,157.639,911.72
2026-05-13 01:55:00+00:00,157.642,157.681,157.64,157.65,808.75
2026-05-13 02:00:00+00:00,157.652,157.654,157.599,157.615,621.95
2026-05-13 02:05:00+00:00,157.614,157.672,157.614,157.666,424.13
2026-05-13 02:10:00+00:00,157.664,157.708,157.661,157.701,349.65
2026-05-13 02:15:00+00:00,157.705,157.713,157.694,157.709,238.14
2026-05-13 02:20:00+00:00,157.711,157.725,157.7,157.7,314.82
2026-05-13 02:25:00+00:00,157.703,157.711,157.674,157.677,115.8
2026-05-13 02:30:00+00:00,157.676,157.702,157.675,157.677,92.92
2026-05-13 02:35:00+00:00,157.679,157.692,157.674,157.688,60.9
2026-05-13 02:40:00+00:00,157.687,157.697,157.665,157.665,78.66
2026-05-13 02:45:00+00:00,157.665,157.687,157.652,157.653,129.58
2026-05-13 02:50:00+00:00,157.652,157.677,157.643,157.661,147.22
2026-05-13 02:55:00+00:00,157.662,157.663,157.634,157.655,215.24
2026-05-13 03:00:00+00:00,157.653,157.679,157.648,157.661,255.45
2026-05-13 03:05:00+00:00,157.66,157.678,157.648,157.662,212.58
2026-05-13 03:10:00+00:00,157.663,157.674,157.638,157.662,188.16
2026-05-13 03:15:00+00:00,157.661,157.673,157.659,157.666,185.7
2026-05-13 03:20:00+00:00,157.666,157.675,157.655,157.662,108.81
2026-05-13 03:25:00+00:00,157.661,157.662,157.648,157.649,167.01
2026-05-13 03:30:00+00:00,157.65,157.664,157.638,157.639,251.82
2026-05-13 03:35:00+00:00,157.639,157.66,157.627,157.652,243.41
2026-05-13 03:40:00+00:00,157.651,157.66,157.645,157.649,150.22
2026-05-13 03:45:00+00:00,157.648,157.671,157.642,157.67,125.52
2026-05-13 03:50:00+00:00,157.67,157.671,157.654,157.66,101.4
2026-05-13 03:55:00+00:00,157.66,157.685,157.658,157.679,174.75
2026-05-13 04:00:00+00:00,157.678,157.689,157.672,157.674,187.09
2026-05-13 04:05:00+00:00,157.675,157.687,157.671,157.687,76.05
2026-05-13 04:10:00+00:00,157.686,157.687,157.673,157.685,68.4
2026-05-13 04:15:00+00:00,157.684,157.694,157.676,157.694,137.53
2026-05-13 04:20:00+00:00,157.697,157.699,157.683,157.698,133.86
2026-05-13 04:25:00+00:00,157.694,157.711,157.69,157.707,159.17
2026-05-13 04:30:00+00:00,157.71,157.742,157.71,157.734,227.87
2026-05-13 04:35:00+00:00,157.735,157.749,157.733,157.734,208.91
2026-05-13 04:40:00+00:00,157.736,157.743,157.72,157.731,96.59
2026-05-13 04:45:00+00:00,157.731,157.733,157.72,157.722,68.7
2026-05-13 04:50:00+00:00,157.721,157.725,157.714,157.72,138.3
2026-05-13 04:55:00+00:00,157.72,157.734,157.715,157.719,254.41
2026-05-13 05:00:00+00:00,157.719,157.734,157.708,157.709,209.77
2026-05-13 05:05:00+00:00,157.709,157.722,157.704,157.714,114.3
2026-05-13 05:10:00+00:00,157.717,157.723,157.703,157.722,204.37
2026-05-13 05:15:00+00:00,157.723,157.732,157.717,157.721,357.85
2026-05-13 05:20:00+00:00,157.721,157.735,157.714,157.714,173.05
2026-05-13 05:25:00+00:00,157.715,157.725,157.698,157.711,176.43
2026-05-13 05:30:00+00:00,157.71,157.714,157.7,157.7,94.87
2026-05-13 05:35:00+00:00,157.702,157.71,157.699,157.71,80.47
2026-05-13 05:40:00+00:00,157.709,157.72,157.696,157.702,130.8
2026-05-13 05:45:00+00:00,157.701,157.709,157.695,157.705,122.4
2026-05-13 05:50:00+00:00,157.704,157.729,157.697,157.727,241.04
2026-05-13 05:55:00+00:00,157.726,157.73,157.683,157.683,413.05
2026-05-13 06:00:00+00:00,157.684,157.711,157.683,157.699,418.5
2026-05-13 06:05:00+00:00,157.699,157.727,157.699,157.722,161.25
2026-05-13 06:10:00+00:00,157.722,157.738,157.701,157.731,265.53
2026-05-13 06:15:00+00:00,157.731,157.737,157.717,157.737,222.9
2026-05-13 06:20:00+00:00,157.737,157.737,157.723,157.728,218.16
2026-05-13 06:25:00+00:00,157.727,157.737,157.725,157.737,199.23
2026-05-13 06:30:00+00:00,157.738,157.74,157.721,157.723,222.68
2026-05-13 06:35:00+00:00,157.723,157.729,157.71,157.723,243.34
2026-05-13 06:40:00+00:00,157.724,157.734,157.714,157.715,190.35
2026-05-13 06:45:00+00:00,157.716,157.749,157.716,157.745,263.77
2026-05-13 06:50:00+00:00,157.745,157.772,157.744,157.745,265.17
2026-05-13 06:55:00+00:00,157.747,157.786,157.739,157.771,297.93
2026-05-13 07:00:00+00:00,157.774,157.776,157.701,157.72,455.55
2026-05-13 07:05:00+00:00,157.721,157.728,157.7,157.716,292.99
2026-05-13 07:10:00+00:00,157.715,157.739,157.701,157.706,252.15
2026-05-13 07:15:00+00:00,157.705,157.72,157.697,157.715,228.91
2026-05-13 07:20:00+00:00,157.716,157.725,157.674,157.689,303.68
2026-05-13 07:25:00+00:00,157.688,157.704,157.68,157.683,151.06
2026-05-13 07:30:00+00:00,157.685,157.705,157.682,157.704,207.45
2026-05-13 07:35:00+00:00,157.705,157.748,157.701,157.743,284.77
2026-05-13 07:40:00+00:00,157.743,157.775,157.742,157.771,316.95
2026-05-13 07:45:00+00:00,157.768,157.784,157.762,157.762,201.35
2026-05-13 07:50:00+00:00,157.764,157.825,157.762,157.82,451.17
2026-05-13 07:55:00+00:00,157.822,157.844,157.795,157.831,626.6
2026-05-13 08:00:00+00:00,157.833,157.843,157.776,157.782,978.04
2026-05-13 08:05:00+00:00,157.782,157.789,157.749,157.775,400.44
2026-05-13 08:10:00+00:00,157.774,157.8,157.771,157.777,212.34
2026-05-13 08:15:00+00:00,157.775,157.787,157.763,157.774,188.96
2026-05-13 08:20:00+00:00,157.773,157.786,157.76,157.777,270.51
2026-05-13 08:25:00+00:00,157.776,157.796,157.766,157.769,170.01
2026-05-13 08:30:00+00:00,157.766,157.794,157.761,157.773,231.08
2026-05-13 08:35:00+00:00,157.773,157.798,157.772,157.796,183.0
2026-05-13 08:40:00+00:00,157.796,157.798,157.774,157.798,210.55
2026-05-13 08:45:00+00:00,157.798,157.827,157.785,157.791,274.96
2026-05-13 08:50:00+00:00,157.795,157.822,157.783,157.808,310.19
2026-05-13 08:55:00+00:00,157.81,157.815,157.786,157.807,460.56
2026-05-13 09:00:00+00:00,157.805,157.845,157.805,157.822,345.03
2026-05-13 09:05:00+00:00,157.822,157.839,157.81,157.836,234.82
2026-05-13 09:10:00+00:00,157.837,157.854,157.831,157.845,267.64
2026-05-13 09:15:00+00:00,157.847,157.874,157.835,157.872,265.94
2026-05-13 09:20:00+00:00,157.871,157.882,157.861,157.865,238.48
2026-05-13 09:25:00+00:00,157.862,157.883,157.856,157.883,177.23
2026-05-13 09:30:00+00:00,157.882,157.883,157.852,157.882,273.16
2026-05-13 09:35:00+00:00,157.881,157.895,157.876,157.885,227.77
2026-05-13 09:40:00+00:00,157.884,157.895,157.884,157.885,124.12
2026-05-13 09:45:00+00:00,157.886,157.891,157.869,157.883,168.72
2026-05-13 09:50:00+00:00,157.882,157.882,157.855,157.857,195.39
2026-05-13 09:55:00+00:00,157.857,157.868,157.781,157.837,461.28
2026-05-13 10:00:00+00:00,157.837,157.843,157.802,157.821,307.17
2026-05-13 10:05:00+00:00,157.82,157.821,157.78,157.784,213.53
2026-05-13 10:10:00+00:00,157.785,157.824,157.785,157.804,519.63
2026-05-13 10:15:00+00:00,157.805,157.83,157.805,157.824,197.49
2026-05-13 10:20:00+00:00,157.824,157.826,157.792,157.821,338.34
2026-05-13 10:25:00+00:00,157.821,157.849,157.82,157.849,291.6
2026-05-13 10:30:00+00:00,157.848,157.855,157.841,157.849,173.66
2026-05-13 10:35:00+00:00,157.848,157.852,157.839,157.846,180.0
2026-05-13 10:40:00+00:00,157.845,157.847,157.825,157.836,182.48
2026-05-13 10:45:00+00:00,157.836,157.843,157.813,157.814,192.84
2026-05-13 10:50:00+00:00,157.814,157.837,157.812,157.837,120.3
2026-05-13 10:55:00+00:00,157.84,157.841,157.811,157.814,365.09
2026-05-13 11:00:00+00:00,157.815,157.832,157.81,157.824,357.46
2026-05-13 11:05:00+00:00,157.825,157.834,157.823,157.831,175.79
2026-05-13 11:10:00+00:00,157.83,157.836,157.809,157.815,263.07
2026-05-13 11:15:00+00:00,157.817,157.821,157.804,157.808,188.4
2026-05-13 11:20:00+00:00,157.807,157.813,157.798,157.8,133.44
2026-05-13 11:25:00+00:00,157.8,157.805,157.791,157.794,110.29
2026-05-13 11:30:00+00:00,157.795,157.798,157.751,157.763,160.67
2026-05-13 11:35:00+00:00,157.763,157.773,157.743,157.749,241.67
2026-05-13 11:40:00+00:00,157.75,157.76,157.747,157.755,171.79
2026-05-13 11:45:00+00:00,157.757,157.803,157.756,157.775,169.14
2026-05-13 11:50:00+00:00,157.776,157.788,157.761,157.761,188.4
2026-05-13 11:55:00+00:00,157.762,157.777,157.755,157.765,285.45
2026-05-13 12:00:00+00:00,157.764,157.776,157.754,157.76,392.89
2026-05-13 12:05:00+00:00,157.761,157.776,157.752,157.764,209.34
2026-05-13 12:10:00+00:00,157.764,157.801,157.764,157.789,303.35
2026-05-13 12:15:00+00:00,157.789,157.801,157.783,157.798,228.67
2026-05-13 12:20:00+00:00,157.798,157.823,157.798,157.818,347.75
2026-05-13 12:25:00+00:00,157.818,157.838,157.811,157.825,336.18
2026-05-13 12:30:00+00:00,157.816,157.891,157.806,157.841,1342.14
2026-05-13 12:35:00+00:00,157.841,157.862,157.824,157.852,552.5
2026-05-13 12:40:00+00:00,157.85,157.864,157.815,157.826,630.6
2026-05-13 12:45:00+00:00,157.824,157.847,157.82,157.839,570.91
2026-05-13 12:50:00+00:00,157.839,157.854,157.817,157.852,552.61
2026-05-13 12:55:00+00:00,157.853,157.866,157.843,157.845,483.2
2026-05-13 13:00:00+00:00,157.843,157.851,157.813,157.848,671.63
2026-05-13 13:05:00+00:00,157.85,157.86,157.841,157.85,322.75
2026-05-13 13:10:00+00:00,157.851,157.861,157.825,157.833,349.22
2026-05-13 13:15:00+00:00,157.835,157.845,157.821,157.829,361.76
2026-05-13 13:20:00+00:00,157.829,157.847,157.823,157.834,230.62
2026-05-13 13:25:00+00:00,157.829,157.841,157.823,157.827,249.9
2026-05-13 13:30:00+00:00,157.826,157.84,157.79,157.801,629.37
2026-05-13 13:35:00+00:00,157.803,157.817,157.798,157.81,605.64
2026-05-13 13:40:00+00:00,157.81,157.822,157.765,157.775,676.76
2026-05-13 13:45:00+00:00,157.775,157.807,157.757,157.789,563.64
2026-05-13 13:50:00+00:00,157.789,157.789,157.759,157.773,372.72
2026-05-13 13:55:00+00:00,157.771,157.785,157.761,157.774,453.75
2026-05-13 14:00:00+00:00,157.773,157.804,157.757,157.782,769.83
2026-05-13 14:05:00+00:00,157.783,157.796,157.773,157.79,518.06
2026-05-13 14:10:00+00:00,157.789,157.79,157.774,157.785,381.16
2026-05-13 14:15:00+00:00,157.782,157.851,157.782,157.845,521.88
2026-05-13 14:20:00+00:00,157.844,157.855,157.832,157.844,440.4
2026-05-13 14:25:00+00:00,157.846,157.846,157.819,157.82,299.98
2026-05-13 14:30:00+00:00,157.821,157.841,157.81,157.835,359.85
2026-05-13 14:35:00+00:00,157.833,157.859,157.829,157.84,343.65
2026-05-13 14:40:00+00:00,157.84,157.856,157.84,157.85,219.37
2026-05-13 14:45:00+00:00,157.849,157.865,157.841,157.847,446.45
2026-05-13 14:50:00+00:00,157.846,157.856,157.822,157.838,419.52
2026-05-13 14:55:00+00:00,157.839,157.895,157.827,157.862,1283.51
2026-05-13 15:00:00+00:00,157.862,157.868,157.84,157.85,757.06
2026-05-13 15:05:00+00:00,157.849,157.861,157.825,157.836,383.33
2026-05-13 15:10:00+00:00,157.837,157.862,157.835,157.862,292.08
2026-05-13 15:15:00+00:00,157.863,157.864,157.844,157.863,248.31
2026-05-13 15:20:00+00:00,157.862,157.876,157.853,157.86,166.5
2026-05-13 15:25:00+00:00,157.86,157.864,157.841,157.86,173.3
2026-05-13 15:30:00+00:00,157.858,157.869,157.808,157.818,485.12
2026-05-13 15:35:00+00:00,157.819,157.821,157.79,157.79,379.82
2026-05-13 15:40:00+00:00,157.79,157.795,157.774,157.792,343.52
2026-05-13 15:45:00+00:00,157.794,157.832,157.794,157.822,385.85
2026-05-13 15:50:00+00:00,157.82,157.837,157.809,157.821,187.34
2026-05-13 15:55:00+00:00,157.823,157.849,157.823,157.835,242.49
2026-05-13 16:00:00+00:00,157.836,157.842,157.81,157.826,241.18
2026-05-13 16:05:00+00:00,157.826,157.838,157.811,157.819,265.64
2026-05-13 16:10:00+00:00,157.817,157.853,157.814,157.832,272.68
2026-05-13 16:15:00+00:00,157.831,157.855,157.824,157.834,462.74
2026-05-13 16:20:00+00:00,157.835,157.847,157.773,157.811,700.81
2026-05-13 16:25:00+00:00,157.808,157.808,157.75,157.761,459.51
2026-05-13 16:30:00+00:00,157.762,157.795,157.745,157.782,563.8
2026-05-13 16:35:00+00:00,157.782,157.814,157.772,157.811,406.84
2026-05-13 16:40:00+00:00,157.81,157.827,157.807,157.826,187.05
2026-05-13 16:45:00+00:00,157.825,157.839,157.81,157.839,290.92
2026-05-13 16:50:00+00:00,157.837,157.854,157.836,157.845,205.38
2026-05-13 16:55:00+00:00,157.842,157.86,157.838,157.856,279.63
2026-05-13 17:00:00+00:00,157.854,157.87,157.845,157.849,552.25
2026-05-13 17:05:00+00:00,157.849,157.849,157.832,157.847,255.52
2026-05-13 17:10:00+00:00,157.846,157.85,157.836,157.847,136.5
2026-05-13 17:15:00+00:00,157.849,157.85,157.836,157.837,178.75
2026-05-13 17:20:00+00:00,157.837,157.851,157.837,157.847,95.75
2026-05-13 17:25:00+00:00,157.849,157.852,157.846,157.848,63.24
2026-05-13 17:30:00+00:00,157.847,157.862,157.846,157.859,191.78
2026-05-13 17:35:00+00:00,157.86,157.867,157.858,157.861,209.58
2026-05-13 17:40:00+00:00,157.861,157.886,157.861,157.884,195.8
2026-05-13 17:45:00+00:00,157.885,157.908,157.883,157.897,345.15
2026-05-13 17:50:00+00:00,157.898,157.91,157.885,157.91,231.7
2026-05-13 17:55:00+00:00,157.911,157.922,157.908,157.922,220.65
2026-05-13 18:00:00+00:00,157.922,157.923,157.891,157.896,356.5
2026-05-13 18:05:00+00:00,157.895,157.911,157.894,157.903,244.91
2026-05-13 18:10:00+00:00,157.905,157.91,157.897,157.901,189.48
2026-05-13 18:15:00+00:00,157.902,157.904,157.881,157.897,246.45
2026-05-13 18:20:00+00:00,157.897,157.903,157.883,157.902,184.8
2026-05-13 18:25:00+00:00,157.9,157.902,157.882,157.893,129.6
2026-05-13 18:30:00+00:00,157.893,157.896,157.878,157.883,145.8
2026-05-13 18:35:00+00:00,157.882,157.884,157.866,157.868,142.5
2026-05-13 18:40:00+00:00,157.867,157.869,157.855,157.869,180.45
2026-05-13 18:45:00+00:00,157.87,157.909,157.869,157.909,240.02
2026-05-13 18:50:00+00:00,157.908,157.909,157.857,157.868,313.58
2026-05-13 18:55:00+00:00,157.868,157.897,157.868,157.892,358.56
2026-05-13 19:00:00+00:00,157.894,157.901,157.882,157.888,210.99
2026-05-13 19:05:00+00:00,157.887,157.896,157.873,157.873,162.45
2026-05-13 19:10:00+00:00,157.875,157.884,157.869,157.872,100.87
2026-05-13 19:15:00+00:00,157.877,157.878,157.861,157.865,173.16
2026-05-13 19:20:00+00:00,157.865,157.874,157.863,157.874,125.28
2026-05-13 19:25:00+00:00,157.874,157.874,157.84,157.842,265.84
2026-05-13 19:30:00+00:00,157.842,157.866,157.837,157.863,332.7
2026-05-13 19:35:00+00:00,157.863,157.873,157.861,157.873,279.42
2026-05-13 19:40:00+00:00,157.873,157.883,157.867,157.879,203.85
2026-05-13 19:45:00+00:00,157.878,157.889,157.863,157.887,249.4
2026-05-13 19:50:00+00:00,157.889,157.889,157.875,157.887,148.65
2026-05-13 19:55:00+00:00,157.885,157.887,157.862,157.87,524.83
2026-05-13 20:00:00+00:00,157.869,157.901,157.865,157.898,485.54
2026-05-13 20:05:00+00:00,157.899,157.899,157.879,157.879,289.19
2026-05-13 20:10:00+00:00,157.886,157.889,157.865,157.872,364.63
2026-05-13 20:15:00+00:00,157.872,157.873,157.862,157.864,107.25
2026-05-13 20:20:00+00:00,157.864,157.883,157.862,157.877,101.83
2026-05-13 20:25:00+00:00,157.878,157.879,157.868,157.874,94.42
2026-05-13 20:30:00+00:00,157.871,157.885,157.869,157.874,105.3
2026-05-13 20:35:00+00:00,157.876,157.876,157.863,157.874,183.74
2026-05-13 20:40:00+00:00,157.874,157.888,157.869,157.875,73.35
2026-05-13 20:45:00+00:00,157.875,157.885,157.869,157.885,60.0
2026-05-13 20:50:00+00:00,157.888,157.888,157.876,157.887,112.95
2026-05-13 20:55:00+00:00,157.884,157.889,157.846,157.846,185.11
2026-05-13 21:00:00+00:00,157.841,157.841,157.791,157.82,18.0
2026-05-13 21:05:00+00:00,157.817,157.823,157.809,157.823,17.7
2026-05-13 21:10:00+00:00,157.825,157.83,157.815,157.83,18.41
2026-05-13 21:15:00+00:00,157.83,157.846,157.828,157.837,323.71
2026-05-13 21:20:00+00:00,157.839,157.841,157.778,157.81,119.11
2026-05-13 21:25:00+00:00,157.81,157.812,157.65,157.683,181.08
2026-05-13 21:30:00+00:00,157.683,157.829,157.662,157.772,202.75
2026-05-13 21:35:00+00:00,157.786,157.812,157.766,157.79,64.2
2026-05-13 21:40:00+00:00,157.791,157.802,157.788,157.802,22.5
2026-05-13 21:45:00+00:00,157.787,157.861,157.787,157.857,155.96
2026-05-13 21:50:00+00:00,157.856,157.868,157.854,157.863,422.7
2026-05-13 21:55:00+00:00,157.859,157.863,157.711,157.813,181.44
2026-05-13 22:00:00+00:00,157.814,157.833,157.802,157.812,214.47
2026-05-13 22:05:00+00:00,157.814,157.826,157.809,157.823,106.2
2026-05-13 22:10:00+00:00,157.824,157.83,157.818,157.822,103.5
2026-05-13 22:15:00+00:00,157.821,157.824,157.797,157.823,110.62
2026-05-13 22:20:00+00:00,157.822,157.822,157.81,157.82,57.6
2026-05-13 22:25:00+00:00,157.818,157.82,157.798,157.8,67.72
2026-05-13 22:30:00+00:00,157.798,157.802,157.79,157.797,77.55
2026-05-13 22:35:00+00:00,157.796,157.807,157.796,157.803,38.1
2026-05-13 22:40:00+00:00,157.804,157.804,157.792,157.794,47.25
2026-05-13 22:45:00+00:00,157.796,157.823,157.794,157.823,112.05
2026-05-13 22:50:00+00:00,157.822,157.824,157.795,157.808,83.17
2026-05-13 22:55:00+00:00,157.808,157.81,157.806,157.807,51.66
2026-05-13 23:00:00+00:00,157.806,157.811,157.782,157.795,93.97
2026-05-13 23:05:00+00:00,157.793,157.805,157.793,157.799,87.44
2026-05-13 23:10:00+00:00,157.799,157.8,157.784,157.797,70.35
2026-05-13 23:15:00+00:00,157.798,157.798,157.778,157.784,67.24
2026-05-13 23:20:00+00:00,157.786,157.796,157.782,157.784,61.35
2026-05-13 23:25:00+00:00,157.786,157.803,157.785,157.8,67.2
2026-05-13 23:30:00+00:00,157.804,157.839,157.804,157.823,172.03
2026-05-13 23:35:00+00:00,157.823,157.832,157.819,157.832,47.53
2026-05-13 23:40:00+00:00,157.834,157.835,157.829,157.834,40.79
2026-05-13 23:45:00+00:00,157.833,157.845,157.832,157.841,172.06
2026-05-13 23:50:00+00:00,157.841,157.841,157.83,157.835,70.52
2026-05-13 23:55:00+00:00,157.835,157.861,157.835,157.856,73.56
2026-05-14 00:00:00+00:00,157.858,157.872,157.844,157.867,486.47
2026-05-14 00:05:00+00:00,157.867,157.873,157.843,157.854,420.87
2026-05-14 00:10:00+00:00,157.854,157.862,157.83,157.837,218.84
2026-05-14 00:15:00+00:00,157.837,157.837,157.811,157.833,199.11
2026-05-14 00:20:00+00:00,157.833,157.834,157.817,157.818,247.05
2026-05-14 00:25:00+00:00,157.82,157.824,157.817,157.818,139.8
2026-05-14 00:30:00+00:00,157.815,157.834,157.809,157.832,178.12
2026-05-14 00:35:00+00:00,157.833,157.835,157.825,157.828,181.73
2026-05-14 00:40:00+00:00,157.828,157.836,157.823,157.836,137.7
2026-05-14 00:45:00+00:00,157.835,157.836,157.825,157.826,182.4
2026-05-14 00:50:00+00:00,157.826,157.873,157.811,157.84,430.36
2026-05-14 00:55:00+00:00,157.84,157.854,157.831,157.851,689.76
2026-05-14 01:00:00+00:00,157.852,157.895,157.847,157.87,502.28
2026-05-14 01:05:00+00:00,157.869,157.892,157.869,157.872,293.28
2026-05-14 01:10:00+00:00,157.87,157.872,157.857,157.87,379.57
2026-05-14 01:15:00+00:00,157.87,157.888,157.866,157.869,743.53
2026-05-14 01:20:00+00:00,157.87,157.88,157.866,157.868,248.7
2026-05-14 01:25:00+00:00,157.868,157.884,157.866,157.879,389.25
2026-05-14 01:30:00+00:00,157.88,157.89,157.878,157.878,339.0
2026-05-14 01:35:00+00:00,157.879,157.882,157.876,157.878,89.7
2026-05-14 01:40:00+00:00,157.877,157.89,157.877,157.889,161.49
2026-05-14 01:45:00+00:00,157.889,157.904,157.883,157.891,121.8
2026-05-14 01:50:00+00:00,157.891,157.902,157.884,157.893,233.7
2026-05-14 01:55:00+00:00,157.894,157.92,157.894,157.913,231.3
2026-05-14 02:00:00+00:00,157.913,157.927,157.884,157.903,581.69
2026-05-14 02:05:00+00:00,157.903,157.921,157.901,157.919,273.0
2026-05-14 02:10:00+00:00,157.919,157.949,157.918,157.933,388.19
2026-05-14 02:15:00+00:00,157.932,157.95,157.932,157.947,183.54
2026-05-14 02:20:00+00:00,157.948,157.948,157.937,157.944,197.31
2026-05-14 02:25:00+00:00,157.943,157.95,157.912,157.92,250.12
2026-05-14 02:30:00+00:00,157.921,157.931,157.915,157.928,175.57
2026-05-14 02:35:00+00:00,157.928,157.929,157.916,157.925,160.8
2026-05-14 02:40:00+00:00,157.925,157.931,157.916,157.918,131.22
2026-05-14 02:45:00+00:00,157.917,157.92,157.91,157.917,151.65
2026-05-14 02:50:00+00:00,157.916,157.938,157.916,157.923,134.25
2026-05-14 02:55:00+00:00,157.922,157.932,157.916,157.921,227.32
2026-05-14 03:00:00+00:00,157.919,157.974,157.919,157.96,536.1
2026-05-14 03:05:00+00:00,157.96,157.992,157.955,157.986,427.17
2026-05-14 03:10:00+00:00,157.986,157.986,157.954,157.963,312.68
2026-05-14 03:15:00+00:00,157.961,157.961,157.942,157.946,329.1
2026-05-14 03:20:00+00:00,157.945,157.947,157.931,157.94,267.22
2026-05-14 03:25:00+00:00,157.941,157.941,157.924,157.931,95.4
2026-05-14 03:30:00+00:00,157.931,157.942,157.92,157.936,157.65
2026-05-14 03:35:00+00:00,157.937,157.951,157.937,157.951,109.95
2026-05-14 03:40:00+00:00,157.952,157.963,157.946,157.951,94.8
2026-05-14 03:45:00+00:00,157.953,157.961,157.945,157.952,160.53
2026-05-14 03:50:00+00:00,157.951,157.963,157.948,157.96,72.3
2026-05-14 03:55:00+00:00,157.959,157.973,157.957,157.969,86.4
2026-05-14 04:00:00+00:00,157.973,157.974,157.911,157.931,529.02
2026-05-14 04:05:00+00:00,157.933,157.933,157.514,157.855,1360.88
2026-05-14 04:10:00+00:00,157.853,157.859,157.809,157.818,721.34
2026-05-14 04:15:00+00:00,157.818,157.834,157.73,157.763,804.72
2026-05-14 04:20:00+00:00,157.765,157.807,157.758,157.798,345.8
2026-05-14 04:25:00+00:00,157.796,157.83,157.795,157.82,169.05
2026-05-14 04:30:00+00:00,157.82,157.849,157.818,157.846,246.3
2026-05-14 04:35:00+00:00,157.844,157.872,157.843,157.854,227.1
2026-05-14 04:40:00+00:00,157.854,157.876,157.853,157.858,183.06
2026-05-14 04:45:00+00:00,157.858,157.87,157.825,157.846,223.96
2026-05-14 04:50:00+00:00,157.846,157.862,157.845,157.859,136.94
2026-05-14 04:55:00+00:00,157.859,157.869,157.848,157.867,132.46
2026-05-14 05:00:00+00:00,157.867,157.9,157.864,157.886,507.11
2026-05-14 05:05:00+00:00,157.886,157.897,157.871,157.893,784.01
2026-05-14 05:10:00+00:00,157.891,157.899,157.878,157.898,321.46
2026-05-14 05:15:00+00:00,157.897,157.922,157.897,157.92,218.2
2026-05-14 05:20:00+00:00,157.921,157.937,157.92,157.935,154.13
2026-05-14 05:25:00+00:00,157.937,157.947,157.923,157.931,170.7
2026-05-14 05:30:00+00:00,157.93,157.938,157.917,157.921,210.64
2026-05-14 05:35:00+00:00,157.922,157.928,157.916,157.92,135.69
2026-05-14 05:40:00+00:00,157.919,157.922,157.893,157.9,205.17
2026-05-14 05:45:00+00:00,157.9,157.906,157.884,157.89,509.88
2026-05-14 05:50:00+00:00,157.889,157.892,157.867,157.891,489.82
2026-05-14 05:55:00+00:00,157.893,157.915,157.879,157.907,382.15
2026-05-14 06:00:00+00:00,157.908,157.908,157.855,157.862,644.4
2026-05-14 06:05:00+00:00,157.863,157.888,157.858,157.863,434.75
2026-05-14 06:10:00+00:00,157.863,157.917,157.862,157.906,254.24
2026-05-14 06:15:00+00:00,157.906,157.906,157.869,157.871,665.43
2026-05-14 06:20:00+00:00,157.871,157.878,157.857,157.871,421.35
2026-05-14 06:25:00+00:00,157.871,157.888,157.857,157.869,386.65
2026-05-14 06:30:00+00:00,157.868,157.883,157.862,157.87,176.87
2026-05-14 06:35:00+00:00,157.87,157.911,157.86,157.893,271.79
2026-05-14 06:40:00+00:00,157.895,157.901,157.858,157.871,446.69
2026-05-14 06:45:00+00:00,157.871,157.871,157.806,157.849,895.41
2026-05-14 06:50:00+00:00,157.849,157.857,157.827,157.834,545.5
2026-05-14 06:55:00+00:00,157.836,157.865,157.828,157.845,465.27
2026-05-14 07:00:00+00:00,157.844,157.864,157.834,157.86,525.94
2026-05-14 07:05:00+00:00,157.86,157.89,157.859,157.881,393.68
2026-05-14 07:10:00+00:00,157.883,157.912,157.871,157.905,338.49
2026-05-14 07:15:00+00:00,157.907,157.934,157.907,157.918,483.2
2026-05-14 07:20:00+00:00,157.919,157.925,157.901,157.912,442.1
2026-05-14 07:25:00+00:00,157.913,157.92,157.884,157.888,661.37
2026-05-14 07:30:00+00:00,157.888,157.889,157.864,157.874,559.51
2026-05-14 07:35:00+00:00,157.875,157.881,157.86,157.881,263.36
2026-05-14 07:40:00+00:00,157.881,157.885,157.859,157.874,267.72
2026-05-14 07:45:00+00:00,157.873,157.883,157.865,157.871,205.44
2026-05-14 07:50:00+00:00,157.872,157.877,157.818,157.839,430.2
2026-05-14 07:55:00+00:00,157.84,157.923,157.84,157.914,437.58
2026-05-14 08:00:00+00:00,157.916,157.934,157.893,157.933,616.35
2026-05-14 08:05:00+00:00,157.932,157.947,157.919,157.938,323.67
2026-05-14 08:10:00+00:00,157.937,157.946,157.908,157.908,264.86
2026-05-14 08:15:00+00:00,157.906,157.911,157.884,157.893,291.9
2026-05-14 08:20:00+00:00,157.893,157.908,157.876,157.885,407.22
2026-05-14 08:25:00+00:00,157.886,157.89,157.852,157.862,425.95
2026-05-14 08:30:00+00:00,157.861,157.883,157.853,157.867,573.12
2026-05-14 08:35:00+00:00,157.868,157.92,157.858,157.919,455.0
2026-05-14 08:40:00+00:00,157.918,157.93,157.892,157.918,455.31
2026-05-14 08:45:00+00:00,157.917,157.917,157.881,157.908,598.89
2026-05-14 08:50:00+00:00,157.907,157.907,157.882,157.892,242.31
2026-05-14 08:55:00+00:00,157.893,157.9,157.882,157.9,332.65
2026-05-14 09:00:00+00:00,157.897,157.908,157.892,157.901,280.86
2026-05-14 09:05:00+00:00,157.901,157.919,157.899,157.908,314.38
2026-05-14 09:10:00+00:00,157.908,157.931,157.897,157.908,418.73
2026-05-14 09:15:00+00:00,157.909,157.923,157.908,157.91,204.0
2026-05-14 09:20:00+00:00,157.909,157.92,157.9,157.914,166.62
2026-05-14 09:25:00+00:00,157.911,157.916,157.896,157.898,190.35
2026-05-14 09:30:00+00:00,157.898,157.906,157.894,157.897,163.36
2026-05-14 09:35:00+00:00,157.896,157.918,157.896,157.904,336.25
2026-05-14 09:40:00+00:00,157.906,157.911,157.902,157.908,104.67
2026-05-14 09:45:00+00:00,157.907,157.91,157.886,157.886,130.55
2026-05-14 09:50:00+00:00,157.888,157.897,157.885,157.891,161.82
2026-05-14 09:55:00+00:00,157.893,157.916,157.886,157.91,330.91
2026-05-14 10:00:00+00:00,157.911,157.928,157.908,157.915,422.59
2026-05-14 10:05:00+00:00,157.913,157.923,157.909,157.917,124.37
2026-05-14 10:10:00+00:00,157.917,157.92,157.875,157.903,493.49
2026-05-14 10:15:00+00:00,157.9,157.915,157.896,157.902,280.35
2026-05-14 10:20:00+00:00,157.903,157.915,157.885,157.897,232.56
2026-05-14 10:25:00+00:00,157.898,157.904,157.878,157.89,213.44
2026-05-14 10:30:00+00:00,157.89,157.902,157.883,157.891,292.39
2026-05-14 10:35:00+00:00,157.89,157.907,157.89,157.901,291.14
2026-05-14 10:40:00+00:00,157.901,157.931,157.901,157.928,454.79
2026-05-14 10:45:00+00:00,157.925,157.931,157.915,157.924,254.05
2026-05-14 10:50:00+00:00,157.924,157.94,157.897,157.919,519.15
2026-05-14 10:55:00+00:00,157.918,157.933,157.91,157.933,571.41
2026-05-14 11:00:00+00:00,157.932,157.952,157.93,157.944,529.43
2026-05-14 11:05:00+00:00,157.944,157.953,157.918,157.924,254.8
2026-05-14 11:10:00+00:00,157.925,157.932,157.919,157.92,290.94
2026-05-14 11:15:00+00:00,157.919,157.93,157.911,157.922,310.02
2026-05-14 11:20:00+00:00,157.921,157.928,157.911,157.919,226.62
2026-05-14 11:25:00+00:00,157.919,157.932,157.919,157.929,259.49
2026-05-14 11:30:00+00:00,157.93,157.935,157.924,157.932,120.75
2026-05-14 11:35:00+00:00,157.93,157.954,157.93,157.942,253.39
2026-05-14 11:40:00+00:00,157.941,157.953,157.935,157.947,249.37
2026-05-14 11:45:00+00:00,157.947,157.951,157.941,157.944,211.76
2026-05-14 11:50:00+00:00,157.944,157.955,157.923,157.948,378.05
2026-05-14 11:55:00+00:00,157.949,157.975,157.946,157.971,520.94
2026-05-14 12:00:00+00:00,157.976,157.993,157.945,157.945,1151.19
2026-05-14 12:05:00+00:00,157.948,157.954,157.932,157.941,679.69
2026-05-14 12:10:00+00:00,157.941,157.944,157.931,157.932,398.34
2026-05-14 12:15:00+00:00,157.934,157.934,157.915,157.925,530.49
2026-05-14 12:20:00+00:00,157.924,157.929,157.904,157.908,604.08
2026-05-14 12:25:00+00:00,157.907,157.936,157.906,157.917,324.9
2026-05-14 12:30:00+00:00,157.917,157.954,157.913,157.943,398.39
2026-05-14 12:35:00+00:00,157.941,157.961,157.94,157.955,498.75
2026-05-14 12:40:00+00:00,157.954,157.975,157.951,157.974,379.2
2026-05-14 12:45:00+00:00,157.973,157.973,157.956,157.958,289.57
2026-05-14 12:50:00+00:00,157.958,157.975,157.953,157.968,485.0
2026-05-14 12:55:00+00:00,157.968,157.975,157.956,157.971,284.62
2026-05-14 13:00:00+00:00,157.975,157.985,157.964,157.979,436.58
2026-05-14 13:05:00+00:00,157.981,157.991,157.971,157.976,534.7
2026-05-14 13:10:00+00:00,157.974,157.979,157.956,157.979,419.28
2026-05-14 13:15:00+00:00,157.98,158.002,157.932,157.979,707.59
2026-05-14 13:20:00+00:00,157.98,157.992,157.967,157.979,672.44
2026-05-14 13:25:00+00:00,157.98,157.981,157.954,157.959,783.42
2026-05-14 13:30:00+00:00,157.961,157.992,157.954,157.968,900.95
2026-05-14 13:35:00+00:00,157.969,158.142,157.967,158.114,1915.7
2026-05-14 13:40:00+00:00,158.12,158.167,157.568,157.663,2440.28
2026-05-14 13:45:00+00:00,157.67,157.858,157.307,157.691,4602.43
2026-05-14 13:50:00+00:00,157.69,157.886,157.669,157.847,2081.15
2026-05-14 13:55:00+00:00,157.845,157.908,157.78,157.908,1501.49
2026-05-14 14:00:00+00:00,157.91,157.943,157.847,157.877,1892.36
2026-05-14 14:05:00+00:00,157.878,157.919,157.841,157.907,1483.21
2026-05-14 14:10:00+00:00,157.908,157.917,157.859,157.863,1209.66
2026-05-14 14:15:00+00:00,157.867,157.895,157.856,157.883,825.84
2026-05-14 14:20:00+00:00,157.883,157.913,157.855,157.905,863.38
2026-05-14 14:25:00+00:00,157.904,157.942,157.902,157.909,1068.59
2026-05-14 14:30:00+00:00,157.91,157.943,157.907,157.917,513.83
2026-05-14 14:35:00+00:00,157.916,157.936,157.906,157.921,518.4
2026-05-14 14:40:00+00:00,157.923,157.932,157.908,157.927,683.65
2026-05-14 14:45:00+00:00,157.927,157.939,157.906,157.918,578.78
2026-05-14 14:50:00+00:00,157.924,158.044,157.924,158.031,1787.87
2026-05-14 14:55:00+00:00,158.031,158.156,158.002,158.156,3140.64
2026-05-14 15:00:00+00:00,158.155,158.192,158.102,158.156,2161.37
2026-05-14 15:05:00+00:00,158.159,158.172,158.129,158.165,1085.75
2026-05-14 15:10:00+00:00,158.164,158.191,158.119,158.145,1218.56
2026-05-14 15:15:00+00:00,158.148,158.165,158.136,158.15,511.6
2026-05-14 15:20:00+00:00,158.158,158.177,158.15,158.17,471.45
2026-05-14 15:25:00+00:00,158.17,158.175,158.126,158.141,590.52
2026-05-14 15:30:00+00:00,158.144,158.151,158.115,158.141,774.61
2026-05-14 15:35:00+00:00,158.14,158.14,158.104,158.123,694.91
2026-05-14 15:40:00+00:00,158.124,158.131,158.109,158.125,766.05
2026-05-14 15:45:00+00:00,158.126,158.128,158.099,158.1,445.35
2026-05-14 15:50:00+00:00,158.101,158.111,158.078,158.086,269.49
2026-05-14 15:55:00+00:00,158.085,158.095,158.079,158.087,278.1
2026-05-14 16:00:00+00:00,158.086,158.115,158.079,158.106,699.9
2026-05-14 16:05:00+00:00,158.106,158.131,158.103,158.126,314.01
2026-05-14 16:10:00+00:00,158.127,158.158,158.125,158.142,547.05
2026-05-14 16:15:00+00:00,158.142,158.142,158.107,158.13,579.73
2026-05-14 16:20:00+00:00,158.13,158.173,158.128,158.166,554.99
2026-05-14 16:25:00+00:00,158.166,158.197,158.156,158.19,530.01
2026-05-14 16:30:00+00:00,158.191,158.201,158.176,158.192,879.05
2026-05-14 16:35:00+00:00,158.193,158.2,158.176,158.184,525.97
2026-05-14 16:40:00+00:00,158.184,158.201,158.163,158.201,534.3
2026-05-14 16:45:00+00:00,158.201,158.201,158.178,158.189,257.55
2026-05-14 16:50:00+00:00,158.19,158.191,158.162,158.177,378.45
2026-05-14 16:55:00+00:00,158.178,158.185,158.164,158.165,641.62
2026-05-14 17:00:00+00:00,158.166,158.169,158.142,158.145,471.79
2026-05-14 17:05:00+00:00,158.143,158.179,158.133,158.166,328.47
2026-05-14 17:10:00+00:00,158.167,158.18,158.165,158.178,171.45
2026-05-14 17:15:00+00:00,158.178,158.193,158.172,158.193,199.65
2026-05-14 17:20:00+00:00,158.195,158.199,158.171,158.179,320.85
2026-05-14 17:25:00+00:00,158.178,158.18,158.153,158.164,327.13
2026-05-14 17:30:00+00:00,158.164,158.179,158.157,158.166,301.12
2026-05-14 17:35:00+00:00,158.166,158.171,158.159,158.166,172.5
2026-05-14 17:40:00+00:00,158.165,158.176,158.16,158.171,551.02
2026-05-14 17:45:00+00:00,158.175,158.186,158.168,158.168,348.15
2026-05-14 17:50:00+00:00,158.169,158.196,158.167,158.194,181.27
2026-05-14 17:55:00+00:00,158.194,158.198,158.191,158.193,198.3
2026-05-14 18:00:00+00:00,158.191,158.201,158.18,158.184,561.3
2026-05-14 18:05:00+00:00,158.185,158.191,158.182,158.19,397.5
2026-05-14 18:10:00+00:00,158.189,158.199,158.184,158.191,382.95
2026-05-14 18:15:00+00:00,158.19,158.194,158.177,158.179,291.45
2026-05-14 18:20:00+00:00,158.178,158.182,158.168,158.176,368.99
2026-05-14 18:25:00+00:00,158.176,158.19,158.17,158.179,330.45
2026-05-14 18:30:00+00:00,158.18,158.193,158.177,158.191,236.1
2026-05-14 18:35:00+00:00,158.19,158.2,158.189,158.194,240.9
2026-05-14 18:40:00+00:00,158.192,158.203,158.184,158.19,270.37
2026-05-14 18:45:00+00:00,158.193,158.193,158.187,158.189,68.1
2026-05-14 18:50:00+00:00,158.189,158.199,158.187,158.198,137.08
2026-05-14 18:55:00+00:00,158.199,158.199,158.18,158.184,446.27
2026-05-14 19:00:00+00:00,158.184,158.186,158.17,158.176,467.62
2026-05-14 19:05:00+00:00,158.176,158.191,158.173,158.19,384.0
2026-05-14 19:10:00+00:00,158.191,158.2,158.188,158.195,361.5
2026-05-14 19:15:00+00:00,158.195,158.301,158.191,158.276,1012.93
2026-05-14 19:20:00+00:00,158.275,158.276,158.252,158.263,955.41
2026-05-14 19:25:00+00:00,158.264,158.289,158.263,158.289,528.81
2026-05-14 19:30:00+00:00,158.29,158.3,158.276,158.29,421.87
2026-05-14 19:35:00+00:00,158.291,158.301,158.286,158.298,423.89
2026-05-14 19:40:00+00:00,158.299,158.382,158.298,158.324,1159.77
2026-05-14 19:45:00+00:00,158.332,158.356,158.321,158.342,701.42
2026-05-14 19:50:00+00:00,158.343,158.362,158.336,158.35,536.25
2026-05-14 19:55:00+00:00,158.348,158.38,158.348,158.357,876.88
2026-05-14 20:00:00+00:00,158.357,158.38,158.343,158.378,396.96
2026-05-14 20:05:00+00:00,158.378,158.382,158.365,158.368,113.84
2026-05-14 20:10:00+00:00,158.371,158.382,158.365,158.379,73.72
2026-05-14 20:15:00+00:00,158.379,158.382,158.371,158.381,131.55
2026-05-14 20:20:00+00:00,158.38,158.391,158.379,158.391,90.64
2026-05-14 20:25:00+00:00,158.389,158.39,158.379,158.384,133.78
2026-05-14 20:30:00+00:00,158.384,158.391,158.381,158.39,91.2
2026-05-14 20:35:00+00:00,158.389,158.4,158.387,158.392,163.55
2026-05-14 20:40:00+00:00,158.391,158.419,158.385,158.419,237.75
2026-05-14 20:45:00+00:00,158.418,158.418,158.403,158.412,89.69
2026-05-14 20:50:00+00:00,158.411,158.414,158.396,158.401,126.22
2026-05-14 20:55:00+00:00,158.398,158.402,158.342,158.342,450.16
2026-05-14 21:00:00+00:00,158.315,158.315,158.287,158.3,10.91
2026-05-14 21:05:00+00:00,158.303,158.326,158.299,158.318,20.4
2026-05-14 21:10:00+00:00,158.318,158.318,158.309,158.309,12.0
2026-05-14 21:15:00+00:00,158.308,158.328,158.286,158.309,58.8
2026-05-14 21:20:00+00:00,158.309,158.331,158.293,158.304,91.2
2026-05-14 21:25:00+00:00,158.305,158.321,158.261,158.303,72.3
2026-05-14 21:30:00+00:00,158.303,158.319,158.264,158.288,148.35
2026-05-14 21:35:00+00:00,158.287,158.289,158.265,158.278,136.35
2026-05-14 21:40:00+00:00,158.285,158.354,158.285,158.348,127.5
2026-05-14 21:45:00+00:00,158.349,158.356,158.347,158.356,25.2
2026-05-14 21:50:00+00:00,158.356,158.363,158.354,158.357,34.2
2026-05-14 21:55:00+00:00,158.354,158.355,158.315,158.323,135.3
2026-05-14 22:00:00+00:00,158.332,158.377,158.31,158.361,83.89
2026-05-14 22:05:00+00:00,158.362,158.364,158.341,158.352,83.16
2026-05-14 22:10:00+00:00,158.351,158.39,158.35,158.386,89.35
2026-05-14 22:15:00+00:00,158.385,158.385,158.362,158.379,103.2
2026-05-14 22:20:00+00:00,158.379,158.387,158.367,158.374,32.4
2026-05-14 22:25:00+00:00,158.376,158.376,158.365,158.366,34.2
2026-05-14 22:30:00+00:00,158.366,158.39,158.366,158.389,63.75
2026-05-14 22:35:00+00:00,158.388,158.388,158.373,158.376,56.76
2026-05-14 22:40:00+00:00,158.378,158.378,158.365,158.375,26.17
2026-05-14 22:45:00+00:00,158.376,158.382,158.371,158.375,52.08
2026-05-14 22:50:00+00:00,158.374,158.382,158.363,158.365,99.82
2026-05-14 22:55:00+00:00,158.366,158.377,158.362,158.372,91.8
2026-05-14 23:00:00+00:00,158.373,158.378,158.364,158.378,38.7
2026-05-14 23:05:00+00:00,158.379,158.388,158.374,158.388,93.74
2026-05-14 23:10:00+00:00,158.393,158.432,158.393,158.423,225.89
2026-05-14 23:15:00+00:00,158.424,158.438,158.411,158.427,211.68
2026-05-14 23:20:00+00:00,158.426,158.438,158.426,158.428,75.52
2026-05-14 23:25:00+00:00,158.427,158.427,158.406,158.407,91.42
2026-05-14 23:30:00+00:00,158.411,158.413,158.403,158.405,151.95
2026-05-14 23:35:00+00:00,158.402,158.411,158.401,158.405,60.6
2026-05-14 23:40:00+00:00,158.405,158.414,158.39,158.392,89.02
2026-05-14 23:45:00+00:00,158.393,158.402,158.332,158.333,448.2
2026-05-14 23:50:00+00:00,158.333,158.353,158.323,158.326,353.26
2026-05-14 23:55:00+00:00,158.33,158.38,158.33,158.38,250.21
2026-05-15 00:00:00+00:00,158.381,158.415,158.366,158.395,503.75
2026-05-15 00:05:00+00:00,158.394,158.394,158.363,158.38,367.32
2026-05-15 00:10:00+00:00,158.379,158.387,158.352,158.378,421.74
2026-05-15 00:15:00+00:00,158.379,158.379,158.325,158.365,656.43
2026-05-15 00:20:00+00:00,158.363,158.388,158.355,158.378,1037.58
2026-05-15 00:25:00+00:00,158.379,158.407,158.377,158.391,457.22
2026-05-15 00:30:00+00:00,158.391,158.427,158.387,158.416,238.05
2026-05-15 00:35:00+00:00,158.417,158.45,158.413,158.423,258.0
2026-05-15 00:40:00+00:00,158.424,158.448,158.424,158.44,220.34
2026-05-15 00:45:00+00:00,158.44,158.456,158.434,158.455,134.67
2026-05-15 00:50:00+00:00,158.456,158.497,158.455,158.484,781.95
2026-05-15 00:55:00+00:00,158.482,158.512,158.439,158.469,1142.66
2026-05-15 01:00:00+00:00,158.47,158.483,158.443,158.469,520.63
2026-05-15 01:05:00+00:00,158.469,158.481,158.449,158.45,324.03
2026-05-15 01:10:00+00:00,158.453,158.468,158.445,158.461,354.59
2026-05-15 01:15:00+00:00,158.463,158.485,158.462,158.466,499.44
2026-05-15 01:20:00+00:00,158.467,158.529,158.437,158.482,823.85
2026-05-15 01:25:00+00:00,158.486,158.562,158.48,158.549,763.66
2026-05-15 01:30:00+00:00,158.548,158.554,158.423,158.449,1311.92
2026-05-15 01:35:00+00:00,158.448,158.481,158.433,158.453,632.07
2026-05-15 01:40:00+00:00,158.452,158.466,158.426,158.454,605.61
2026-05-15 01:45:00+00:00,158.454,158.501,158.445,158.493,461.22
2026-05-15 01:50:00+00:00,158.491,158.506,158.486,158.489,343.65
2026-05-15 01:55:00+00:00,158.489,158.532,158.487,158.529,540.18
2026-05-15 02:00:00+00:00,158.529,158.587,158.522,158.541,902.83
2026-05-15 02:05:00+00:00,158.542,158.55,158.528,158.528,328.48
2026-05-15 02:10:00+00:00,158.529,158.533,158.513,158.519,195.15
2026-05-15 02:15:00+00:00,158.52,158.53,158.511,158.513,268.26
2026-05-15 02:20:00+00:00,158.514,158.526,158.51,158.516,172.64
2026-05-15 02:25:00+00:00,158.517,158.525,158.478,158.508,292.01
2026-05-15 02:30:00+00:00,158.509,158.521,158.478,158.478,217.41
2026-05-15 02:35:00+00:00,158.478,158.493,158.459,158.489,181.33
2026-05-15 02:40:00+00:00,158.488,158.491,158.465,158.468,175.2
2026-05-15 02:45:00+00:00,158.466,158.481,158.466,158.476,140.52
2026-05-15 02:50:00+00:00,158.477,158.482,158.442,158.479,691.69
2026-05-15 02:55:00+00:00,158.478,158.525,158.47,158.524,190.05
2026-05-15 03:00:00+00:00,158.525,158.527,158.486,158.501,195.09
2026-05-15 03:05:00+00:00,158.501,158.528,158.494,158.513,265.47
2026-05-15 03:10:00+00:00,158.515,158.532,158.5,158.526,107.85
2026-05-15 03:15:00+00:00,158.526,158.531,158.511,158.52,186.31
2026-05-15 03:20:00+00:00,158.521,158.528,158.513,158.518,112.86
2026-05-15 03:25:00+00:00,158.517,158.519,158.503,158.505,114.0
2026-05-15 03:30:00+00:00,158.503,158.504,158.49,158.493,176.43
2026-05-15 03:35:00+00:00,158.493,158.501,158.477,158.489,172.68
2026-05-15 03:40:00+00:00,158.488,158.504,158.484,158.501,162.09
2026-05-15 03:45:00+00:00,158.5,158.502,158.48,158.481,262.11
2026-05-15 03:50:00+00:00,158.479,158.503,158.477,158.491,179.83
2026-05-15 03:55:00+00:00,158.491,158.499,158.485,158.485,152.07
2026-05-15 04:00:00+00:00,158.489,158.502,158.479,158.489,186.41
2026-05-15 04:05:00+00:00,158.489,158.49,158.478,158.489,113.97
2026-05-15 04:10:00+00:00,158.488,158.492,158.477,158.479,56.25
2026-05-15 04:15:00+00:00,158.479,158.491,158.476,158.49,68.88
2026-05-15 04:20:00+00:00,158.489,158.492,158.489,158.489,33.0
2026-05-15 04:25:00+00:00,158.49,158.499,158.49,158.498,92.06
2026-05-15 04:30:00+00:00,158.498,158.512,158.496,158.505,173.45
2026-05-15 04:35:00+00:00,158.503,158.51,158.495,158.502,115.96
2026-05-15 04:40:00+00:00,158.504,158.514,158.499,158.513,248.51
2026-05-15 04:45:00+00:00,158.513,158.523,158.5,158.504,381.52
2026-05-15 04:50:00+00:00,158.505,158.519,158.489,158.498,564.08
2026-05-15 04:55:00+00:00,158.498,158.517,158.497,158.516,277.58
2026-05-15 05:00:00+00:00,158.517,158.533,158.514,158.524,212.81
2026-05-15 05:05:00+00:00,158.524,158.564,158.519,158.556,388.89
2026-05-15 05:10:00+00:00,158.559,158.575,158.556,158.564,328.1
2026-05-15 05:15:00+00:00,158.565,158.587,158.551,158.576,299.59
2026-05-15 05:20:00+00:00,158.574,158.578,158.561,158.567,183.24
2026-05-15 05:25:00+00:00,158.569,158.57,158.525,158.527,281.92
2026-05-15 05:30:00+00:00,158.527,158.557,158.526,158.543,462.3
2026-05-15 05:35:00+00:00,158.544,158.56,158.535,158.55,586.44
2026-05-15 05:40:00+00:00,158.552,158.579,158.549,158.576,313.45
2026-05-15 05:45:00+00:00,158.576,158.645,158.576,158.616,1311.37
2026-05-15 05:50:00+00:00,158.616,158.631,158.59,158.603,654.74
2026-05-15 05:55:00+00:00,158.603,158.608,158.578,158.608,699.93
2026-05-15 06:00:00+00:00,158.613,158.67,158.598,158.658,598.12
2026-05-15 06:05:00+00:00,158.666,158.673,158.614,158.619,689.08
2026-05-15 06:10:00+00:00,158.621,158.624,158.56,158.562,1166.74
2026-05-15 06:15:00+00:00,158.562,158.59,158.543,158.571,704.64
2026-05-15 06:20:00+00:00,158.571,158.609,158.555,158.593,467.28
2026-05-15 06:25:00+00:00,158.592,158.605,158.564,158.587,544.78
2026-05-15 06:30:00+00:00,158.589,158.601,158.489,158.502,750.48
2026-05-15 06:35:00+00:00,158.503,158.503,158.457,158.48,574.06
2026-05-15 06:40:00+00:00,158.481,158.514,158.432,158.453,479.48
2026-05-15 06:45:00+00:00,158.455,158.463,158.43,158.433,499.66
2026-05-15 06:50:00+00:00,158.434,158.49,158.431,158.468,777.43
2026-05-15 06:55:00+00:00,158.468,158.468,158.431,158.431,481.71
2026-05-15 07:00:00+00:00,158.432,158.482,158.427,158.433,801.84
2026-05-15 07:05:00+00:00,158.433,158.433,158.382,158.394,555.12
2026-05-15 07:10:00+00:00,158.395,158.418,158.375,158.417,266.42
2026-05-15 07:15:00+00:00,158.418,158.455,158.41,158.424,315.03
2026-05-15 07:20:00+00:00,158.423,158.424,158.35,158.365,523.08
2026-05-15 07:25:00+00:00,158.366,158.418,158.364,158.377,452.02
2026-05-15 07:30:00+00:00,158.377,158.39,158.363,158.366,482.59
2026-05-15 07:35:00+00:00,158.366,158.389,158.359,158.375,780.15
2026-05-15 07:40:00+00:00,158.376,158.406,158.375,158.403,879.77
2026-05-15 07:45:00+00:00,158.402,158.456,158.402,158.456,463.8
2026-05-15 07:50:00+00:00,158.454,158.459,158.421,158.423,428.92
2026-05-15 07:55:00+00:00,158.423,158.446,158.39,158.446,643.29
2026-05-15 08:00:00+00:00,158.444,158.458,158.426,158.442,664.14
2026-05-15 08:05:00+00:00,158.444,158.452,158.431,158.441,567.6
2026-05-15 08:10:00+00:00,158.441,158.485,158.438,158.465,546.1
2026-05-15 08:15:00+00:00,158.465,158.497,158.456,158.471,611.59
2026-05-15 08:20:00+00:00,158.471,158.48,158.464,158.465,387.78
2026-05-15 08:25:00+00:00,158.466,158.48,158.439,158.475,515.14
2026-05-15 08:30:00+00:00,158.476,158.49,158.402,158.416,618.33
2026-05-15 08:35:00+00:00,158.416,158.446,158.401,158.446,563.77
2026-05-15 08:40:00+00:00,158.446,158.482,158.434,158.448,831.18
2026-05-15 08:45:00+00:00,158.447,158.475,158.442,158.467,616.78
2026-05-15 08:50:00+00:00,158.467,158.543,158.467,158.542,593.07
2026-05-15 08:55:00+00:00,158.543,158.575,158.542,158.563,508.21
2026-05-15 09:00:00+00:00,158.56,158.574,158.546,158.57,618.38
2026-05-15 09:05:00+00:00,158.567,158.603,158.558,158.595,1106.88
2026-05-15 09:10:00+00:00,158.597,158.6,158.53,158.552,1270.76
2026-05-15 09:15:00+00:00,158.552,158.561,158.516,158.52,1188.31
2026-05-15 09:20:00+00:00,158.52,158.556,158.515,158.524,873.37
2026-05-15 09:25:00+00:00,158.524,158.527,158.496,158.509,975.99
2026-05-15 09:30:00+00:00,158.51,158.513,158.465,158.504,968.19
2026-05-15 09:35:00+00:00,158.504,158.542,158.488,158.52,1007.2
2026-05-15 09:40:00+00:00,158.519,158.525,158.501,158.508,641.67
2026-05-15 09:45:00+00:00,158.51,158.525,158.488,158.493,606.99
2026-05-15 09:50:00+00:00,158.495,158.502,158.463,158.481,792.85
2026-05-15 09:55:00+00:00,158.48,158.511,158.469,158.511,821.99
2026-05-15 10:00:00+00:00,158.509,158.531,158.494,158.501,742.14
2026-05-15 10:05:00+00:00,158.5,158.512,158.472,158.479,543.5
2026-05-15 10:10:00+00:00,158.48,158.48,158.46,158.47,372.7
2026-05-15 10:15:00+00:00,158.47,158.494,158.467,158.482,347.7
2026-05-15 10:20:00+00:00,158.484,158.488,158.452,158.477,394.34
2026-05-15 10:25:00+00:00,158.477,158.491,158.465,158.48,317.64
2026-05-15 10:30:00+00:00,158.48,158.495,158.46,158.469,441.15
2026-05-15 10:35:00+00:00,158.468,158.492,158.466,158.474,532.95
2026-05-15 10:40:00+00:00,158.475,158.476,158.444,158.446,541.42
2026-05-15 10:45:00+00:00,158.447,158.451,158.372,158.418,1696.18
2026-05-15 10:50:00+00:00,158.417,158.438,158.291,158.344,1577.36
2026-05-15 10:55:00+00:00,158.343,158.392,158.336,158.366,1077.27
2026-05-15 11:00:00+00:00,158.37,158.457,158.358,158.449,930.18
2026-05-15 11:05:00+00:00,158.45,158.454,158.406,158.421,667.44
2026-05-15 11:10:00+00:00,158.421,158.454,158.42,158.444,457.24
2026-05-15 11:15:00+00:00,158.444,158.458,158.434,158.455,280.57
2026-05-15 11:20:00+00:00,158.457,158.501,158.456,158.48,260.31
2026-05-15 11:25:00+00:00,158.474,158.516,158.466,158.515,268.95
2026-05-15 11:30:00+00:00,158.514,158.543,158.505,158.534,384.63
2026-05-15 11:35:00+00:00,158.533,158.541,158.515,158.532,292.05
2026-05-15 11:40:00+00:00,158.531,158.549,158.527,158.548,370.44
2026-05-15 11:45:00+00:00,158.548,158.552,158.529,158.53,326.13
2026-05-15 11:50:00+00:00,158.529,158.565,158.528,158.565,400.8
2026-05-15 11:55:00+00:00,158.566,158.584,158.566,158.571,455.52
2026-05-15 12:00:00+00:00,158.573,158.579,158.543,158.554,766.05
2026-05-15 12:05:00+00:00,158.553,158.562,158.535,158.549,479.55
2026-05-15 12:10:00+00:00,158.546,158.577,158.525,158.562,661.39
2026-05-15 12:15:00+00:00,158.564,158.564,158.538,158.544,517.99
2026-05-15 12:20:00+00:00,158.545,158.554,158.51,158.53,531.24
2026-05-15 12:25:00+00:00,158.53,158.54,158.524,158.527,528.9
2026-05-15 12:30:00+00:00,158.523,158.557,158.523,158.542,436.18
2026-05-15 12:35:00+00:00,158.543,158.566,158.527,158.566,632.1
2026-05-15 12:40:00+00:00,158.566,158.581,158.555,158.571,498.9
2026-05-15 12:45:00+00:00,158.573,158.581,158.554,158.565,383.54
2026-05-15 12:50:00+00:00,158.564,158.567,158.54,158.556,623.55
2026-05-15 12:55:00+00:00,158.555,158.575,158.552,158.575,324.72
2026-05-15 13:00:00+00:00,158.574,158.582,158.549,158.554,460.32
2026-05-15 13:05:00+00:00,158.553,158.56,158.54,158.555,520.36
2026-05-15 13:10:00+00:00,158.555,158.558,158.53,158.541,339.42
2026-05-15 13:15:00+00:00,158.542,158.575,158.541,158.567,487.5
2026-05-15 13:20:00+00:00,158.566,158.578,158.562,158.567,258.87
2026-05-15 13:25:00+00:00,158.564,158.601,158.56,158.575,607.97
2026-05-15 13:30:00+00:00,158.573,158.626,158.568,158.618,844.97
2026-05-15 13:35:00+00:00,158.622,158.647,158.593,158.64,886.08
2026-05-15 13:40:00+00:00,158.639,158.696,158.634,158.692,834.81
2026-05-15 13:45:00+00:00,158.692,158.706,158.667,158.705,1233.8
2026-05-15 13:50:00+00:00,158.705,158.741,158.677,158.696,1345.42
2026-05-15 13:55:00+00:00,158.697,158.698,158.672,158.685,760.85
2026-05-15 14:00:00+00:00,158.688,158.739,158.681,158.714,1145.02
2026-05-15 14:05:00+00:00,158.713,158.713,158.681,158.698,1084.44
2026-05-15 14:10:00+00:00,158.697,158.708,158.611,158.663,1140.99
2026-05-15 14:15:00+00:00,158.664,158.665,158.615,158.62,1114.97
2026-05-15 14:20:00+00:00,158.619,158.671,158.614,158.648,923.81
2026-05-15 14:25:00+00:00,158.648,158.688,158.642,158.666,1011.82
2026-05-15 14:30:00+00:00,158.668,158.688,158.655,158.67,853.07
2026-05-15 14:35:00+00:00,158.673,158.685,158.665,158.685,590.08
2026-05-15 14:40:00+00:00,158.685,158.704,158.682,158.701,542.84
2026-05-15 14:45:00+00:00,158.701,158.728,158.7,158.726,531.51
2026-05-15 14:50:00+00:00,158.727,158.739,158.676,158.676,669.11
2026-05-15 14:55:00+00:00,158.676,158.69,158.59,158.59,1192.23
2026-05-15 15:00:00+00:00,158.59,158.64,158.55,158.636,1372.01
2026-05-15 15:05:00+00:00,158.634,158.658,158.6,158.643,1223.64
2026-05-15 15:10:00+00:00,158.644,158.654,158.614,158.64,978.74
2026-05-15 15:15:00+00:00,158.639,158.659,158.615,158.656,764.77
2026-05-15 15:20:00+00:00,158.656,158.675,158.627,158.675,492.45
2026-05-15 15:25:00+00:00,158.673,158.692,158.665,158.68,713.91
2026-05-15 15:30:00+00:00,158.679,158.695,158.667,158.692,575.33
2026-05-15 15:35:00+00:00,158.693,158.698,158.679,158.692,505.23
2026-05-15 15:40:00+00:00,158.692,158.71,158.677,158.701,412.95
2026-05-15 15:45:00+00:00,158.702,158.735,158.697,158.733,630.0
2026-05-15 15:50:00+00:00,158.734,158.741,158.712,158.738,431.64
2026-05-15 15:55:00+00:00,158.738,158.743,158.695,158.695,488.99
2026-05-15 16:00:00+00:00,158.695,158.714,158.688,158.707,518.01
2026-05-15 16:05:00+00:00,158.706,158.732,158.701,158.72,331.89
2026-05-15 16:10:00+00:00,158.718,158.731,158.704,158.704,641.64
2026-05-15 16:15:00+00:00,158.705,158.707,158.682,158.69,463.68
2026-05-15 16:20:00+00:00,158.689,158.694,158.671,158.687,416.55
2026-05-15 16:25:00+00:00,158.686,158.704,158.683,158.695,357.3
2026-05-15 16:30:00+00:00,158.693,158.706,158.681,158.681,253.2
2026-05-15 16:35:00+00:00,158.685,158.692,158.668,158.671,222.6
2026-05-15 16:40:00+00:00,158.67,158.707,158.663,158.7,339.54
2026-05-15 16:45:00+00:00,158.697,158.699,158.683,158.69,240.67
2026-05-15 16:50:00+00:00,158.69,158.706,158.69,158.704,267.9
2026-05-15 16:55:00+00:00,158.705,158.709,158.691,158.709,460.05
2026-05-15 17:00:00+00:00,158.705,158.712,158.682,158.706,899.1
2026-05-15 17:05:00+00:00,158.705,158.706,158.681,158.687,373.95
2026-05-15 17:10:00+00:00,158.686,158.69,158.658,158.658,270.55
2026-05-15 17:15:00+00:00,158.658,158.683,158.658,158.671,198.9
2026-05-15 17:20:00+00:00,158.672,158.68,158.658,158.658,257.1
2026-05-15 17:25:00+00:00,158.659,158.67,158.641,158.67,309.3
2026-05-15 17:30:00+00:00,158.671,158.681,158.666,158.666,233.97
2026-05-15 17:35:00+00:00,158.668,158.696,158.665,158.675,324.93
2026-05-15 17:40:00+00:00,158.675,158.695,158.665,158.695,406.31
2026-05-15 17:45:00+00:00,158.694,158.71,158.689,158.705,740.1
2026-05-15 17:50:00+00:00,158.706,158.719,158.701,158.717,608.4
2026-05-15 17:55:00+00:00,158.719,158.726,158.709,158.726,131.55
2026-05-15 18:00:00+00:00,158.726,158.74,158.719,158.737,212.85
2026-05-15 18:05:00+00:00,158.737,158.75,158.733,158.744,299.29
2026-05-15 18:10:00+00:00,158.743,158.744,158.727,158.731,138.75
2026-05-15 18:15:00+00:00,158.733,158.74,158.727,158.738,305.7
2026-05-15 18:20:00+00:00,158.738,158.739,158.704,158.712,251.4
2026-05-15 18:25:00+00:00,158.713,158.716,158.704,158.706,282.75
2026-05-15 18:30:00+00:00,158.706,158.749,158.706,158.741,452.82
2026-05-15 18:35:00+00:00,158.74,158.745,158.738,158.739,392.7
2026-05-15 18:40:00+00:00,158.738,158.746,158.728,158.73,172.95
2026-05-15 18:45:00+00:00,158.731,158.736,158.726,158.726,167.4
2026-05-15 18:50:00+00:00,158.724,158.728,158.715,158.718,210.9
2026-05-15 18:55:00+00:00,158.718,158.725,158.702,158.704,922.65
2026-05-15 19:00:00+00:00,158.704,158.713,158.693,158.709,376.56
2026-05-15 19:05:00+00:00,158.706,158.706,158.695,158.701,171.64
2026-05-15 19:10:00+00:00,158.702,158.721,158.702,158.719,476.02
2026-05-15 19:15:00+00:00,158.72,158.733,158.717,158.725,474.0
2026-05-15 19:20:00+00:00,158.727,158.729,158.715,158.716,142.8
2026-05-15 19:25:00+00:00,158.717,158.73,158.715,158.72,155.43
2026-05-15 19:30:00+00:00,158.72,158.72,158.708,158.715,193.35
2026-05-15 19:35:00+00:00,158.718,158.721,158.703,158.712,172.05
2026-05-15 19:40:00+00:00,158.713,158.74,158.713,158.74,297.15
2026-05-15 19:45:00+00:00,158.74,158.744,158.737,158.741,119.94
2026-05-15 19:50:00+00:00,158.741,158.751,158.73,158.743,244.8
2026-05-15 19:55:00+00:00,158.744,158.783,158.74,158.771,462.56
2026-05-15 20:00:00+00:00,158.77,158.781,158.769,158.78,313.69
2026-05-15 20:05:00+00:00,158.781,158.79,158.761,158.765,260.1
2026-05-15 20:10:00+00:00,158.766,158.772,158.763,158.767,129.9
2026-05-15 20:15:00+00:00,158.765,158.794,158.764,158.791,120.15
2026-05-15 20:20:00+00:00,158.794,158.842,158.791,158.793,334.95
2026-05-15 20:25:00+00:00,158.793,158.8,158.785,158.799,544.2
2026-05-15 20:30:00+00:00,158.798,158.798,158.743,158.743,522.6
2026-05-15 20:35:00+00:00,158.748,158.765,158.748,158.764,351.0
2026-05-15 20:40:00+00:00,158.764,158.767,158.741,158.744,168.75
2026-05-15 20:45:00+00:00,158.743,158.784,158.731,158.782,294.3
2026-05-15 20:50:00+00:00,158.782,158.798,158.777,158.79,635.7
2026-05-15 20:55:00+00:00,158.788,158.795,158.731,158.731,439.8
2026-05-17 21:00:00+00:00,158.564,158.564,158.564,158.564,1.0
2026-05-17 21:05:00+00:00,158.582,158.582,158.528,158.534,27.74
2026-05-17 21:10:00+00:00,158.535,158.539,158.508,158.525,64.67
2026-05-17 21:15:00+00:00,158.519,158.526,158.514,158.514,15.5
2026-05-17 21:20:00+00:00,158.525,158.611,158.514,158.607,26.88
2026-05-17 21:25:00+00:00,158.609,158.658,158.609,158.648,27.86
2026-05-17 21:30:00+00:00,158.65,158.659,158.638,158.639,55.0
2026-05-17 21:35:00+00:00,158.642,158.661,158.636,158.654,47.0
2026-05-17 21:40:00+00:00,158.653,158.697,158.649,158.697,98.24
2026-05-17 21:45:00+00:00,158.701,158.709,158.701,158.705,36.6
2026-05-17 21:50:00+00:00,158.704,158.719,158.659,158.692,132.9
2026-05-17 21:55:00+00:00,158.677,158.682,158.564,158.591,365.82
2026-05-17 22:00:00+00:00,158.643,158.814,158.629,158.768,391.5
2026-05-17 22:05:00+00:00,158.772,158.805,158.767,158.772,332.4
2026-05-17 22:10:00+00:00,158.772,158.785,158.761,158.785,231.15
2026-05-17 22:15:00+00:00,158.785,158.807,158.785,158.807,168.3
2026-05-17 22:20:00+00:00,158.807,158.807,158.78,158.796,106.95
2026-05-17 22:25:00+00:00,158.798,158.798,158.792,158.795,76.05
2026-05-17 22:30:00+00:00,158.798,158.805,158.77,158.791,159.6
2026-05-17 22:35:00+00:00,158.79,158.797,158.782,158.788,79.2
2026-05-17 22:40:00+00:00,158.789,158.793,158.78,158.79,58.05
2026-05-17 22:45:00+00:00,158.79,158.795,158.784,158.792,75.6
2026-05-17 22:50:00+00:00,158.789,158.793,158.769,158.79,171.3
2026-05-17 22:55:00+00:00,158.791,158.794,158.786,158.787,177.45
2026-05-17 23:00:00+00:00,158.783,158.807,158.762,158.794,105.75
2026-05-17 23:05:00+00:00,158.793,158.808,158.793,158.804,37.35
2026-05-17 23:10:00+00:00,158.817,158.831,158.803,158.821,72.15
2026-05-17 23:15:00+00:00,158.821,158.821,158.793,158.799,104.25
2026-05-17 23:20:00+00:00,158.799,158.805,158.79,158.805,69.6
2026-05-17 23:25:00+00:00,158.806,158.835,158.804,158.831,105.27
2026-05-17 23:30:00+00:00,158.835,158.866,158.835,158.844,253.56
2026-05-17 23:35:00+00:00,158.843,158.868,158.843,158.866,62.4
2026-05-17 23:40:00+00:00,158.865,158.881,158.86,158.865,187.05
2026-05-17 23:45:00+00:00,158.866,158.872,158.84,158.854,169.27
2026-05-17 23:50:00+00:00,158.854,158.88,158.851,158.876,155.1
2026-05-17 23:55:00+00:00,158.878,158.879,158.844,158.851,256.03
2026-05-18 00:00:00+00:00,158.849,158.878,158.803,158.805,481.38
2026-05-18 00:05:00+00:00,158.806,158.85,158.806,158.831,616.87
2026-05-18 00:10:00+00:00,158.831,158.857,158.82,158.844,306.22
2026-05-18 00:15:00+00:00,158.843,158.848,158.834,158.844,214.34
2026-05-18 00:20:00+00:00,158.843,158.858,158.829,158.855,214.8
2026-05-18 00:25:00+00:00,158.854,158.855,158.818,158.831,334.8
2026-05-18 00:30:00+00:00,158.83,158.849,158.828,158.844,226.5
2026-05-18 00:35:00+00:00,158.844,158.858,158.842,158.858,174.3
2026-05-18 00:40:00+00:00,158.858,158.883,158.857,158.882,235.81
2026-05-18 00:45:00+00:00,158.884,158.9,158.864,158.882,317.89
2026-05-18 00:50:00+00:00,158.881,158.946,158.878,158.942,646.71
2026-05-18 00:55:00+00:00,158.943,158.952,158.926,158.932,522.84
2026-05-18 01:00:00+00:00,158.933,158.952,158.925,158.939,385.06
2026-05-18 01:05:00+00:00,158.94,158.942,158.904,158.909,308.45
2026-05-18 01:10:00+00:00,158.91,158.942,158.905,158.93,249.2
2026-05-18 01:15:00+00:00,158.927,158.942,158.914,158.921,450.21
2026-05-18 01:20:00+00:00,158.92,158.937,158.866,158.886,521.99
2026-05-18 01:25:00+00:00,158.889,158.948,158.882,158.941,510.3
2026-05-18 01:30:00+00:00,158.939,158.949,158.904,158.913,435.3
2026-05-18 01:35:00+00:00,158.912,158.927,158.89,158.909,529.5
2026-05-18 01:40:00+00:00,158.907,158.934,158.906,158.931,205.12
2026-05-18 01:45:00+00:00,158.93,158.939,158.89,158.903,304.95
2026-05-18 01:50:00+00:00,158.904,158.908,158.88,158.905,285.45
2026-05-18 01:55:00+00:00,158.905,158.932,158.905,158.931,321.0
2026-05-18 02:00:00+00:00,158.932,158.944,158.925,158.936,292.6
2026-05-18 02:05:00+00:00,158.937,158.947,158.911,158.913,201.75
2026-05-18 02:10:00+00:00,158.909,158.919,158.894,158.916,238.2
2026-05-18 02:15:00+00:00,158.918,158.921,158.91,158.915,123.15
2026-05-18 02:20:00+00:00,158.915,158.921,158.907,158.92,197.85
2026-05-18 02:25:00+00:00,158.921,158.921,158.905,158.91,173.92
2026-05-18 02:30:00+00:00,158.91,158.911,158.889,158.905,133.27
2026-05-18 02:35:00+00:00,158.898,158.906,158.894,158.904,156.6
2026-05-18 02:40:00+00:00,158.902,158.907,158.894,158.906,141.9
2026-05-18 02:45:00+00:00,158.907,158.926,158.9,158.926,157.94
2026-05-18 02:50:00+00:00,158.926,158.932,158.917,158.923,314.65
2026-05-18 02:55:00+00:00,158.923,158.93,158.911,158.912,236.4
2026-05-18 03:00:00+00:00,158.913,158.93,158.904,158.926,216.0
2026-05-18 03:05:00+00:00,158.925,158.933,158.92,158.93,183.3
2026-05-18 03:10:00+00:00,158.931,158.934,158.924,158.931,217.2
2026-05-18 03:15:00+00:00,158.93,158.941,158.926,158.927,369.45
2026-05-18 03:20:00+00:00,158.928,158.943,158.926,158.934,542.4
2026-05-18 03:25:00+00:00,158.933,158.937,158.923,158.931,553.5
2026-05-18 03:30:00+00:00,158.932,158.947,158.931,158.943,305.99
2026-05-18 03:35:00+00:00,158.942,158.946,158.94,158.945,171.28
2026-05-18 03:40:00+00:00,158.945,158.946,158.933,158.944,204.43
2026-05-18 03:45:00+00:00,158.942,158.97,158.939,158.962,308.25
2026-05-18 03:50:00+00:00,158.962,158.991,158.959,158.989,449.99
2026-05-18 03:55:00+00:00,158.988,159.055,158.98,159.035,1367.14
2026-05-18 04:00:00+00:00,159.036,159.072,159.033,159.056,803.55
2026-05-18 04:05:00+00:00,159.055,159.057,158.814,159.033,1497.48
2026-05-18 04:10:00+00:00,159.035,159.045,159.003,159.019,358.65
2026-05-18 04:15:00+00:00,159.019,159.035,159.01,159.033,200.92
2026-05-18 04:20:00+00:00,159.032,159.036,158.989,159.015,289.5
2026-05-18 04:25:00+00:00,159.017,159.019,159.001,159.002,242.47
2026-05-18 04:30:00+00:00,159.003,159.005,158.952,158.954,551.09
2026-05-18 04:35:00+00:00,158.955,158.984,158.955,158.977,314.55
2026-05-18 04:40:00+00:00,158.976,158.977,158.939,158.954,214.95
2026-05-18 04:45:00+00:00,158.953,158.968,158.951,158.967,206.25
2026-05-18 04:50:00+00:00,158.969,158.983,158.942,158.954,316.87
2026-05-18 04:55:00+00:00,158.952,158.986,158.939,158.981,408.33
2026-05-18 05:00:00+00:00,158.984,158.998,158.965,158.966,465.04
2026-05-18 05:05:00+00:00,158.968,158.987,158.964,158.985,612.45
2026-05-18 05:10:00+00:00,158.985,158.991,158.978,158.982,366.6
2026-05-18 05:15:00+00:00,158.983,158.997,158.963,158.968,238.56
2026-05-18 05:20:00+00:00,158.968,158.977,158.943,158.944,224.49
2026-05-18 05:25:00+00:00,158.948,158.965,158.942,158.955,212.55
2026-05-18 05:30:00+00:00,158.954,158.967,158.943,158.954,186.9
2026-05-18 05:35:00+00:00,158.953,158.954,158.902,158.907,334.02
2026-05-18 05:40:00+00:00,158.909,158.946,158.905,158.945,294.45
2026-05-18 05:45:00+00:00,158.947,158.953,158.928,158.941,280.5
2026-05-18 05:50:00+00:00,158.942,158.954,158.94,158.944,195.0
2026-05-18 05:55:00+00:00,158.945,158.961,158.943,158.946,261.68
2026-05-18 06:00:00+00:00,158.946,158.953,158.903,158.934,594.94
2026-05-18 06:05:00+00:00,158.933,158.936,158.884,158.907,570.97
2026-05-18 06:10:00+00:00,158.907,158.919,158.898,158.909,359.55
2026-05-18 06:15:00+00:00,158.909,158.909,158.855,158.867,464.39
2026-05-18 06:20:00+00:00,158.867,158.87,158.835,158.845,493.35
2026-05-18 06:25:00+00:00,158.846,158.882,158.844,158.881,314.17
2026-05-18 06:30:00+00:00,158.881,158.881,158.84,158.874,537.63
2026-05-18 06:35:00+00:00,158.872,158.885,158.869,158.88,302.96
2026-05-18 06:40:00+00:00,158.881,158.903,158.859,158.886,454.58
2026-05-18 06:45:00+00:00,158.888,158.904,158.868,158.893,495.31
2026-05-18 06:50:00+00:00,158.893,158.898,158.867,158.875,348.34
2026-05-18 06:55:00+00:00,158.877,158.894,158.863,158.893,388.03
2026-05-18 07:00:00+00:00,158.892,158.925,158.884,158.917,524.09
2026-05-18 07:05:00+00:00,158.919,158.924,158.904,158.916,252.83
2026-05-18 07:10:00+00:00,158.917,158.981,158.917,158.96,342.72
2026-05-18 07:15:00+00:00,158.961,158.971,158.946,158.961,190.65
2026-05-18 07:20:00+00:00,158.961,158.973,158.93,158.936,336.64
2026-05-18 07:25:00+00:00,158.935,158.935,158.819,158.836,1329.56
2026-05-18 07:30:00+00:00,158.837,158.844,158.806,158.842,770.18
2026-05-18 07:35:00+00:00,158.841,158.881,158.836,158.871,592.67
2026-05-18 07:40:00+00:00,158.871,158.883,158.851,158.855,350.6
2026-05-18 07:45:00+00:00,158.856,158.895,158.852,158.893,244.2
2026-05-18 07:50:00+00:00,158.894,158.916,158.883,158.895,354.94
2026-05-18 07:55:00+00:00,158.901,158.921,158.879,158.919,1287.07
2026-05-18 08:00:00+00:00,158.919,158.921,158.887,158.903,844.68
2026-05-18 08:05:00+00:00,158.904,158.915,158.889,158.915,601.42
2026-05-18 08:10:00+00:00,158.916,158.932,158.892,158.895,406.74
2026-05-18 08:15:00+00:00,158.894,158.905,158.863,158.869,468.47
2026-05-18 08:20:00+00:00,158.868,158.872,158.842,158.866,414.12
2026-05-18 08:25:00+00:00,158.864,158.866,158.829,158.831,355.52
2026-05-18 08:30:00+00:00,158.83,158.837,158.788,158.796,412.4
2026-05-18 08:35:00+00:00,158.799,158.855,158.799,158.833,360.6
2026-05-18 08:40:00+00:00,158.832,158.869,158.831,158.865,279.35
2026-05-18 08:45:00+00:00,158.867,158.872,158.819,158.819,474.97
2026-05-18 08:50:00+00:00,158.823,158.826,158.789,158.804,442.68
2026-05-18 08:55:00+00:00,158.804,158.827,158.8,158.825,434.72
2026-05-18 09:00:00+00:00,158.824,158.869,158.824,158.866,327.68
2026-05-18 09:05:00+00:00,158.868,158.869,158.85,158.86,337.34
2026-05-18 09:10:00+00:00,158.862,158.883,158.849,158.863,250.38
2026-05-18 09:15:00+00:00,158.865,158.871,158.849,158.87,169.13
2026-05-18 09:20:00+00:00,158.872,158.872,158.842,158.853,160.14
2026-05-18 09:25:00+00:00,158.854,158.872,158.854,158.861,308.88
2026-05-18 09:30:00+00:00,158.862,158.876,158.849,158.85,436.69
2026-05-18 09:35:00+00:00,158.85,158.863,158.829,158.854,234.69
2026-05-18 09:40:00+00:00,158.853,158.864,158.841,158.859,156.21
2026-05-18 09:45:00+00:00,158.861,158.878,158.852,158.874,165.15
2026-05-18 09:50:00+00:00,158.873,158.909,158.867,158.904,322.92
2026-05-18 09:55:00+00:00,158.905,158.932,158.901,158.932,296.72
2026-05-18 10:00:00+00:00,158.932,158.951,158.914,158.931,297.41
2026-05-18 10:05:00+00:00,158.93,158.944,158.914,158.92,222.42
2026-05-18 10:10:00+00:00,158.919,158.922,158.903,158.908,140.45
2026-05-18 10:15:00+00:00,158.91,158.92,158.907,158.91,123.55
2026-05-18 10:20:00+00:00,158.911,158.924,158.91,158.915,160.2
2026-05-18 10:25:00+00:00,158.915,158.919,158.901,158.902,227.85
2026-05-18 10:30:00+00:00,158.904,158.917,158.897,158.915,339.31
2026-05-18 10:35:00+00:00,158.914,158.923,158.913,158.916,154.04
2026-05-18 10:40:00+00:00,158.915,158.921,158.902,158.902,112.16
2026-05-18 10:45:00+00:00,158.902,158.922,158.901,158.917,99.9
2026-05-18 10:50:00+00:00,158.918,158.922,158.9,158.918,139.75
2026-05-18 10:55:00+00:00,158.916,158.931,158.911,158.929,248.3
2026-05-18 11:00:00+00:00,158.927,158.937,158.916,158.934,255.0
2026-05-18 11:05:00+00:00,158.935,158.946,158.916,158.944,205.99
2026-05-18 11:10:00+00:00,158.945,158.958,158.937,158.945,379.47
2026-05-18 11:15:00+00:00,158.946,158.952,158.937,158.941,132.3
2026-05-18 11:20:00+00:00,158.94,158.942,158.916,158.917,131.85
2026-05-18 11:25:00+00:00,158.917,158.944,158.916,158.938,187.89
2026-05-18 11:30:00+00:00,158.938,158.943,158.877,158.9,619.96
2026-05-18 11:35:00+00:00,158.899,158.927,158.756,158.797,763.49
2026-05-18 11:40:00+00:00,158.794,158.829,158.681,158.728,1908.4
2026-05-18 11:45:00+00:00,158.727,158.822,158.726,158.822,870.93
2026-05-18 11:50:00+00:00,158.825,158.856,158.807,158.854,390.3
2026-05-18 11:55:00+00:00,158.851,158.854,158.817,158.833,433.56
2026-05-18 12:00:00+00:00,158.833,158.841,158.788,158.793,804.79
2026-05-18 12:05:00+00:00,158.79,158.791,158.755,158.762,483.0
2026-05-18 12:10:00+00:00,158.763,158.792,158.751,158.789,429.54
2026-05-18 12:15:00+00:00,158.789,158.837,158.779,158.814,649.79
2026-05-18 12:20:00+00:00,158.817,158.839,158.805,158.816,411.15
2026-05-18 12:25:00+00:00,158.818,158.831,158.805,158.82,373.19
2026-05-18 12:30:00+00:00,158.82,158.832,158.769,158.771,574.08
2026-05-18 12:35:00+00:00,158.768,158.793,158.723,158.741,1058.7
2026-05-18 12:40:00+00:00,158.743,158.78,158.681,158.687,1411.84
2026-05-18 12:45:00+00:00,158.687,158.692,158.611,158.68,1631.16
2026-05-18 12:50:00+00:00,158.679,158.742,158.668,158.73,1159.86
2026-05-18 12:55:00+00:00,158.728,158.738,158.687,158.689,583.02
2026-05-18 13:00:00+00:00,158.69,158.739,158.678,158.729,1560.01
2026-05-18 13:05:00+00:00,158.73,158.74,158.707,158.714,1245.76
2026-05-18 13:10:00+00:00,158.715,158.738,158.704,158.718,765.66
2026-05-18 13:15:00+00:00,158.719,158.76,158.719,158.751,611.84
2026-05-18 13:20:00+00:00,158.752,158.78,158.74,158.763,658.59
2026-05-18 13:25:00+00:00,158.763,158.767,158.727,158.74,769.7
2026-05-18 13:30:00+00:00,158.739,158.759,158.706,158.727,1233.81
2026-05-18 13:35:00+00:00,158.729,158.746,158.701,158.741,816.58
2026-05-18 13:40:00+00:00,158.74,158.763,158.696,158.738,1098.03
2026-05-18 13:45:00+00:00,158.738,158.744,158.655,158.684,1365.15
2026-05-18 13:50:00+00:00,158.685,158.703,158.658,158.658,792.35
2026-05-18 13:55:00+00:00,158.656,158.757,158.648,158.746,1415.3
2026-05-18 14:00:00+00:00,158.746,158.835,158.733,158.819,1474.57
2026-05-18 14:05:00+00:00,158.819,158.852,158.808,158.819,1585.28
2026-05-18 14:10:00+00:00,158.82,158.88,158.805,158.864,1823.32
2026-05-18 14:15:00+00:00,158.867,158.88,158.829,158.83,755.09
2026-05-18 14:20:00+00:00,158.831,158.89,158.826,158.855,1126.36
2026-05-18 14:25:00+00:00,158.854,158.865,158.839,158.853,791.43
2026-05-18 14:30:00+00:00,158.853,158.911,158.85,158.892,926.8
2026-05-18 14:35:00+00:00,158.891,158.914,158.876,158.88,1354.55
2026-05-18 14:40:00+00:00,158.879,158.913,158.877,158.895,753.66
2026-05-18 14:45:00+00:00,158.892,158.903,158.858,158.866,459.72
2026-05-18 14:50:00+00:00,158.865,158.874,158.801,158.817,584.75
2026-05-18 14:55:00+00:00,158.818,158.854,158.811,158.839,1325.71
2026-05-18 15:00:00+00:00,158.837,158.931,158.828,158.917,2478.97
2026-05-18 15:05:00+00:00,158.918,158.937,158.884,158.936,1335.76
2026-05-18 15:10:00+00:00,158.935,158.935,158.891,158.894,923.5
2026-05-18 15:15:00+00:00,158.894,158.91,158.879,158.897,665.78
2026-05-18 15:20:00+00:00,158.895,158.916,158.892,158.9,741.32
2026-05-18 15:25:00+00:00,158.9,158.904,158.866,158.869,494.02
2026-05-18 15:30:00+00:00,158.868,158.869,158.832,158.841,717.56
2026-05-18 15:35:00+00:00,158.838,158.849,158.807,158.829,741.12
2026-05-18 15:40:00+00:00,158.829,158.844,158.802,158.84,536.45
2026-05-18 15:45:00+00:00,158.838,158.865,158.831,158.86,543.38
2026-05-18 15:50:00+00:00,158.865,158.865,158.801,158.808,439.94
2026-05-18 15:55:00+00:00,158.809,158.837,158.799,158.832,564.04
2026-05-18 16:00:00+00:00,158.833,158.854,158.828,158.839,629.97
2026-05-18 16:05:00+00:00,158.838,158.842,158.811,158.816,431.38
2026-05-18 16:10:00+00:00,158.817,158.821,158.788,158.79,413.62
2026-05-18 16:15:00+00:00,158.79,158.804,158.773,158.789,386.94
2026-05-18 16:20:00+00:00,158.787,158.869,158.777,158.86,701.1
2026-05-18 16:25:00+00:00,158.859,158.929,158.851,158.926,1054.41
2026-05-18 16:30:00+00:00,158.927,158.94,158.899,158.918,779.28
2026-05-18 16:35:00+00:00,158.919,158.921,158.883,158.905,481.75
2026-05-18 16:40:00+00:00,158.906,158.906,158.888,158.904,319.95
2026-05-18 16:45:00+00:00,158.903,158.905,158.879,158.893,385.8
2026-05-18 16:50:00+00:00,158.892,158.944,158.88,158.938,489.45
2026-05-18 16:55:00+00:00,158.938,158.943,158.916,158.934,553.01
2026-05-18 17:00:00+00:00,158.935,158.949,158.914,158.915,770.13
2026-05-18 17:05:00+00:00,158.92,158.937,158.904,158.931,788.37
2026-05-18 17:10:00+00:00,158.929,158.931,158.902,158.922,549.32
2026-05-18 17:15:00+00:00,158.923,158.928,158.886,158.893,327.09
2026-05-18 17:20:00+00:00,158.891,158.928,158.891,158.915,697.72
2026-05-18 17:25:00+00:00,158.915,158.929,158.911,158.928,342.9
2026-05-18 17:30:00+00:00,158.929,158.929,158.917,158.926,506.04
2026-05-18 17:35:00+00:00,158.926,158.937,158.908,158.912,409.89
2026-05-18 17:40:00+00:00,158.912,158.916,158.89,158.91,527.55
2026-05-18 17:45:00+00:00,158.91,158.914,158.899,158.914,338.1
2026-05-18 17:50:00+00:00,158.914,158.917,158.893,158.915,460.2
2026-05-18 17:55:00+00:00,158.912,158.917,158.909,158.915,266.25
2026-05-18 18:00:00+00:00,158.912,158.955,158.912,158.943,477.22
2026-05-18 18:05:00+00:00,158.943,158.951,158.937,158.951,414.75
2026-05-18 18:10:00+00:00,158.95,158.962,158.942,158.95,280.5
2026-05-18 18:15:00+00:00,158.951,158.973,158.949,158.965,418.56
2026-05-18 18:20:00+00:00,158.967,158.99,158.966,158.989,308.32
2026-05-18 18:25:00+00:00,158.988,159.035,158.988,159.003,831.73
2026-05-18 18:30:00+00:00,159.001,159.011,158.992,158.999,386.68
2026-05-18 18:35:00+00:00,158.999,159.018,158.978,159.014,330.0
2026-05-18 18:40:00+00:00,159.014,159.023,159.007,159.01,297.9
2026-05-18 18:45:00+00:00,159.01,159.027,159.01,159.025,370.65
2026-05-18 18:50:00+00:00,159.025,159.036,159.023,159.036,603.96
2026-05-18 18:55:00+00:00,159.039,159.076,159.027,159.074,1263.24
2026-05-18 19:00:00+00:00,159.073,159.081,158.808,158.881,2817.29
2026-05-18 19:05:00+00:00,158.881,158.93,158.857,158.894,1535.42
2026-05-18 19:10:00+00:00,158.893,158.936,158.882,158.9,1200.32
2026-05-18 19:15:00+00:00,158.899,158.926,158.886,158.894,733.91
2026-05-18 19:20:00+00:00,158.892,158.924,158.867,158.922,525.75
2026-05-18 19:25:00+00:00,158.923,158.939,158.902,158.903,580.83
2026-05-18 19:30:00+00:00,158.904,158.927,158.871,158.902,849.06
2026-05-18 19:35:00+00:00,158.901,158.901,158.867,158.869,671.19
2026-05-18 19:40:00+00:00,158.868,158.889,158.854,158.878,693.38
2026-05-18 19:45:00+00:00,158.879,158.88,158.832,158.836,639.89
2026-05-18 19:50:00+00:00,158.835,158.86,158.831,158.84,437.91
2026-05-18 19:55:00+00:00,158.845,158.889,158.836,158.885,458.11
2026-05-18 20:00:00+00:00,158.884,158.884,158.838,158.85,350.12
2026-05-18 20:05:00+00:00,158.852,158.854,158.828,158.851,629.64
2026-05-18 20:10:00+00:00,158.851,158.857,158.836,158.842,176.7
2026-05-18 20:15:00+00:00,158.842,158.842,158.818,158.825,239.36
2026-05-18 20:20:00+00:00,158.826,158.827,158.815,158.825,208.52
2026-05-18 20:25:00+00:00,158.827,158.835,158.799,158.805,202.61
2026-05-18 20:30:00+00:00,158.805,158.843,158.803,158.842,289.59
2026-05-18 20:35:00+00:00,158.842,158.855,158.839,158.854,131.3
2026-05-18 20:40:00+00:00,158.854,158.867,158.741,158.789,305.14
2026-05-18 20:45:00+00:00,158.791,158.829,158.789,158.827,286.14
2026-05-18 20:50:00+00:00,158.83,158.844,158.827,158.843,247.65
2026-05-18 20:55:00+00:00,158.841,158.854,158.784,158.784,291.51
2026-05-18 21:00:00+00:00,158.784,158.784,158.745,158.745,8.25
2026-05-18 21:05:00+00:00,158.746,158.773,158.742,158.742,21.9
2026-05-18 21:10:00+00:00,158.746,158.759,158.742,158.742,12.3
2026-05-18 21:15:00+00:00,158.743,158.767,158.743,158.765,10.2
2026-05-18 21:20:00+00:00,158.743,158.777,158.743,158.777,10.2
2026-05-18 21:25:00+00:00,158.776,158.799,158.771,158.786,37.5
2026-05-18 21:30:00+00:00,158.792,158.792,158.746,158.746,89.25
2026-05-18 21:35:00+00:00,158.753,158.763,158.747,158.76,34.2
2026-05-18 21:40:00+00:00,158.761,158.767,158.755,158.767,86.22
2026-05-18 21:45:00+00:00,158.776,158.786,158.761,158.765,88.14
2026-05-18 21:50:00+00:00,158.764,158.764,158.726,158.75,55.77
2026-05-18 21:55:00+00:00,158.746,158.746,158.733,158.737,45.9
2026-05-18 22:00:00+00:00,158.739,158.772,158.739,158.761,315.71
2026-05-18 22:05:00+00:00,158.76,158.802,158.757,158.8,149.85
2026-05-18 22:10:00+00:00,158.8,158.805,158.787,158.801,68.1
2026-05-18 22:15:00+00:00,158.802,158.804,158.799,158.8,33.3
2026-05-18 22:20:00+00:00,158.802,158.804,158.788,158.789,40.12
2026-05-18 22:25:00+00:00,158.789,158.814,158.789,158.813,25.57
2026-05-18 22:30:00+00:00,158.814,158.816,158.8,158.801,55.35
2026-05-18 22:35:00+00:00,158.803,158.803,158.791,158.799,82.35
2026-05-18 22:40:00+00:00,158.8,158.814,158.796,158.814,68.4
2026-05-18 22:45:00+00:00,158.815,158.817,158.807,158.807,24.07
2026-05-18 22:50:00+00:00,158.803,158.832,158.802,158.828,61.65
2026-05-18 22:55:00+00:00,158.826,158.829,158.823,158.827,61.95
2026-05-18 23:00:00+00:00,158.827,158.84,158.824,158.826,165.33
2026-05-18 23:05:00+00:00,158.827,158.831,158.825,158.828,51.0
2026-05-18 23:10:00+00:00,158.829,158.831,158.828,158.829,56.4
2026-05-18 23:15:00+00:00,158.828,158.831,158.816,158.817,62.47
2026-05-18 23:20:00+00:00,158.816,158.818,158.804,158.818,65.4
2026-05-18 23:25:00+00:00,158.817,158.817,158.803,158.809,116.17
2026-05-18 23:30:00+00:00,158.81,158.83,158.805,158.816,58.65
2026-05-18 23:35:00+00:00,158.815,158.822,158.813,158.822,49.5
2026-05-18 23:40:00+00:00,158.823,158.828,158.814,158.823,129.0
2026-05-18 23:45:00+00:00,158.823,158.841,158.823,158.839,156.3
2026-05-18 23:50:00+00:00,158.839,158.845,158.825,158.839,92.47
2026-05-18 23:55:00+00:00,158.842,158.868,158.842,158.868,145.26
2026-05-19 00:00:00+00:00,158.869,158.892,158.857,158.88,526.68
2026-05-19 00:05:00+00:00,158.878,158.904,158.876,158.901,411.6
2026-05-19 00:10:00+00:00,158.901,158.909,158.894,158.903,248.99
2026-05-19 00:15:00+00:00,158.904,158.935,158.904,158.92,323.02
2026-05-19 00:20:00+00:00,158.921,158.931,158.907,158.914,275.92
2026-05-19 00:25:00+00:00,158.913,158.939,158.911,158.93,123.15
2026-05-19 00:30:00+00:00,158.929,158.965,158.924,158.964,130.8
2026-05-19 00:35:00+00:00,158.962,158.979,158.951,158.975,334.72
2026-05-19 00:40:00+00:00,158.977,158.986,158.968,158.97,122.0
2026-05-19 00:45:00+00:00,158.968,158.972,158.943,158.956,170.7
2026-05-19 00:50:00+00:00,158.955,159.005,158.945,159.002,578.26
2026-05-19 00:55:00+00:00,158.999,159.019,158.977,159.01,568.14
2026-05-19 01:00:00+00:00,159.011,159.028,158.977,158.994,395.17
2026-05-19 01:05:00+00:00,158.994,159.008,158.977,158.978,391.24
2026-05-19 01:10:00+00:00,158.977,158.98,158.964,158.979,167.26
2026-05-19 01:15:00+00:00,158.978,158.99,158.957,158.982,336.81
2026-05-19 01:20:00+00:00,158.981,158.993,158.978,158.991,260.27
2026-05-19 01:25:00+00:00,158.99,158.992,158.968,158.968,70.34
2026-05-19 01:30:00+00:00,158.969,158.971,158.955,158.967,183.22
2026-05-19 01:35:00+00:00,158.967,158.967,158.939,158.939,370.62
2026-05-19 01:40:00+00:00,158.939,158.942,158.889,158.891,363.75
2026-05-19 01:45:00+00:00,158.89,158.929,158.89,158.929,360.68
2026-05-19 01:50:00+00:00,158.928,158.933,158.916,158.93,289.89
2026-05-19 01:55:00+00:00,158.93,158.983,158.93,158.982,289.62
2026-05-19 02:00:00+00:00,158.986,158.997,158.973,158.985,482.7
2026-05-19 02:05:00+00:00,158.986,159.004,158.986,158.993,790.42
2026-05-19 02:10:00+00:00,158.992,158.993,158.969,158.992,362.64
2026-05-19 02:15:00+00:00,158.992,159.005,158.971,158.972,287.06
2026-05-19 02:20:00+00:00,158.971,158.972,158.951,158.963,252.89
2026-05-19 02:25:00+00:00,158.963,158.978,158.954,158.977,172.02
2026-05-19 02:30:00+00:00,158.98,158.987,158.951,158.953,205.95
2026-05-19 02:35:00+00:00,158.951,158.974,158.948,158.962,117.0
2026-05-19 02:40:00+00:00,158.964,158.974,158.953,158.964,68.94
2026-05-19 02:45:00+00:00,158.964,158.989,158.953,158.976,179.58
2026-05-19 02:50:00+00:00,158.976,158.976,158.964,158.967,134.61
2026-05-19 02:55:00+00:00,158.967,158.975,158.956,158.963,161.55
2026-05-19 03:00:00+00:00,158.963,158.988,158.963,158.977,310.5
2026-05-19 03:05:00+00:00,158.974,158.99,158.973,158.98,271.35
2026-05-19 03:10:00+00:00,158.981,158.981,158.953,158.96,275.46
2026-05-19 03:15:00+00:00,158.962,158.966,158.937,158.942,165.6
2026-05-19 03:20:00+00:00,158.942,158.951,158.938,158.944,209.09
2026-05-19 03:25:00+00:00,158.942,158.952,158.935,158.947,188.7
2026-05-19 03:30:00+00:00,158.947,158.958,158.94,158.951,478.05
2026-05-19 03:35:00+00:00,158.95,158.95,158.928,158.94,221.76
2026-05-19 03:40:00+00:00,158.94,158.952,158.938,158.952,157.5
2026-05-19 03:45:00+00:00,158.953,158.974,158.952,158.965,291.3
2026-05-19 03:50:00+00:00,158.965,158.972,158.955,158.956,191.25
2026-05-19 03:55:00+00:00,158.957,158.964,158.953,158.957,158.7
2026-05-19 04:00:00+00:00,158.955,158.957,158.926,158.93,121.72
2026-05-19 04:05:00+00:00,158.928,158.931,158.92,158.925,140.1
2026-05-19 04:10:00+00:00,158.926,158.942,158.924,158.93,98.85
2026-05-19 04:15:00+00:00,158.931,158.937,158.925,158.927,147.6
2026-05-19 04:20:00+00:00,158.927,158.952,158.924,158.941,199.06
2026-05-19 04:25:00+00:00,158.942,158.949,158.939,158.946,120.9
2026-05-19 04:30:00+00:00,158.946,158.951,158.94,158.951,130.95
2026-05-19 04:35:00+00:00,158.95,158.953,158.932,158.938,194.4
2026-05-19 04:40:00+00:00,158.94,158.983,158.939,158.977,127.05
2026-05-19 04:45:00+00:00,158.976,158.988,158.975,158.984,138.0
2026-05-19 04:50:00+00:00,158.983,158.984,158.961,158.976,109.8
2026-05-19 04:55:00+00:00,158.977,159.005,158.977,158.993,191.7
2026-05-19 05:00:00+00:00,158.993,159.005,158.985,158.987,274.53
2026-05-19 05:05:00+00:00,158.988,158.995,158.96,158.962,126.84
2026-05-19 05:10:00+00:00,158.961,158.976,158.95,158.973,170.92
2026-05-19 05:15:00+00:00,158.974,158.991,158.969,158.977,176.18
2026-05-19 05:20:00+00:00,158.976,159.004,158.975,158.987,215.55
2026-05-19 05:25:00+00:00,158.987,158.994,158.982,158.993,310.53
2026-05-19 05:30:00+00:00,158.993,159.02,158.986,159.017,316.71
2026-05-19 05:35:00+00:00,159.018,159.018,158.986,159.001,214.35
2026-05-19 05:40:00+00:00,159.0,159.012,158.995,158.996,155.25
2026-05-19 05:45:00+00:00,158.999,159.019,158.991,159.008,277.65
2026-05-19 05:50:00+00:00,159.007,159.017,158.998,159.012,402.3
2026-05-19 05:55:00+00:00,159.013,159.032,159.002,159.007,278.49
2026-05-19 06:00:00+00:00,159.007,159.047,159.004,159.034,728.16
2026-05-19 06:05:00+00:00,159.034,159.045,159.025,159.031,673.23
2026-05-19 06:10:00+00:00,159.03,159.033,159.004,159.031,661.99
2026-05-19 06:15:00+00:00,159.03,159.042,159.01,159.021,315.85
2026-05-19 06:20:00+00:00,159.021,159.024,159.012,159.019,262.65
2026-05-19 06:25:00+00:00,159.019,159.034,159.015,159.033,341.85
2026-05-19 06:30:00+00:00,159.033,159.054,159.03,159.041,438.97
2026-05-19 06:35:00+00:00,159.042,159.052,159.029,159.035,199.87
2026-05-19 06:40:00+00:00,159.036,159.055,159.033,159.052,204.75
2026-05-19 06:45:00+00:00,159.053,159.111,159.013,159.066,565.62
2026-05-19 06:50:00+00:00,159.063,159.063,159.021,159.038,283.35
2026-05-19 06:55:00+00:00,159.039,159.077,159.028,159.071,326.43
2026-05-19 07:00:00+00:00,159.074,159.129,159.074,159.103,605.16
2026-05-19 07:05:00+00:00,159.101,159.109,159.076,159.108,331.68
2026-05-19 07:10:00+00:00,159.115,159.141,159.115,159.129,466.98
2026-05-19 07:15:00+00:00,159.13,159.14,159.118,159.121,228.09
2026-05-19 07:20:00+00:00,159.123,159.137,159.114,159.119,279.48
2026-05-19 07:25:00+00:00,159.119,159.121,159.099,159.104,144.78
2026-05-19 07:30:00+00:00,159.105,159.106,159.067,159.079,270.03
2026-05-19 07:35:00+00:00,159.08,159.09,159.03,159.054,373.92
2026-05-19 07:40:00+00:00,159.063,159.081,159.063,159.078,315.45
2026-05-19 07:45:00+00:00,159.079,159.079,159.004,159.018,583.56
2026-05-19 07:50:00+00:00,159.018,159.044,159.017,159.028,417.26
2026-05-19 07:55:00+00:00,159.026,159.055,159.002,159.043,361.66
2026-05-19 08:00:00+00:00,159.041,159.053,159.003,159.017,415.68
2026-05-19 08:05:00+00:00,159.015,159.055,159.015,159.054,383.43
2026-05-19 08:10:00+00:00,159.054,159.093,159.045,159.059,509.56
2026-05-19 08:15:00+00:00,159.057,159.08,159.054,159.064,298.6
2026-05-19 08:20:00+00:00,159.067,159.08,159.065,159.065,242.4
2026-05-19 08:25:00+00:00,159.067,159.077,159.053,159.074,399.42
2026-05-19 08:30:00+00:00,159.076,159.079,159.046,159.05,235.6
2026-05-19 08:35:00+00:00,159.05,159.079,159.048,159.076,427.24
2026-05-19 08:40:00+00:00,159.077,159.085,159.065,159.071,349.24
2026-05-19 08:45:00+00:00,159.075,159.082,159.069,159.076,243.34
2026-05-19 08:50:00+00:00,159.076,159.112,159.074,159.104,222.51
2026-05-19 08:55:00+00:00,159.105,159.144,159.093,159.139,303.33
2026-05-19 09:00:00+00:00,159.137,159.157,159.127,159.138,457.91
2026-05-19 09:05:00+00:00,159.137,159.143,159.11,159.115,247.41
2026-05-19 09:10:00+00:00,159.116,159.167,159.115,159.154,251.16
2026-05-19 09:15:00+00:00,159.157,159.172,159.155,159.163,307.91
2026-05-19 09:20:00+00:00,159.161,159.161,159.103,159.109,518.97
2026-05-19 09:25:00+00:00,159.111,159.13,159.104,159.126,441.3
2026-05-19 09:30:00+00:00,159.125,159.153,159.124,159.149,221.07
2026-05-19 09:35:00+00:00,159.148,159.148,159.12,159.12,185.32
2026-05-19 09:40:00+00:00,159.121,159.132,159.107,159.12,174.62
2026-05-19 09:45:00+00:00,159.121,159.132,159.117,159.12,223.92
2026-05-19 09:50:00+00:00,159.12,159.129,159.104,159.108,218.74
2026-05-19 09:55:00+00:00,159.109,159.119,159.067,159.099,306.19
2026-05-19 10:00:00+00:00,159.1,159.104,159.082,159.094,323.77
2026-05-19 10:05:00+00:00,159.094,159.094,159.076,159.077,192.82
2026-05-19 10:10:00+00:00,159.076,159.081,159.064,159.07,200.1
2026-05-19 10:15:00+00:00,159.069,159.092,159.069,159.085,220.09
2026-05-19 10:20:00+00:00,159.084,159.086,159.061,159.069,233.55
2026-05-19 10:25:00+00:00,159.07,159.08,159.054,159.078,179.18
2026-05-19 10:30:00+00:00,159.077,159.096,159.076,159.091,251.48
2026-05-19 10:35:00+00:00,159.093,159.137,159.093,159.117,420.47
2026-05-19 10:40:00+00:00,159.116,159.177,159.116,159.166,452.97
2026-05-19 10:45:00+00:00,159.164,159.177,159.129,159.129,555.94
2026-05-19 10:50:00+00:00,159.13,159.144,159.118,159.142,322.3
2026-05-19 10:55:00+00:00,159.138,159.138,159.088,159.092,894.66
2026-05-19 11:00:00+00:00,159.091,159.118,159.075,159.115,657.98
2026-05-19 11:05:00+00:00,159.116,159.131,159.116,159.12,588.6
2026-05-19 11:10:00+00:00,159.122,159.14,159.105,159.119,361.15
2026-05-19 11:15:00+00:00,159.12,159.129,159.099,159.11,242.02
2026-05-19 11:20:00+00:00,159.112,159.124,159.103,159.12,352.46
2026-05-19 11:25:00+00:00,159.12,159.13,159.114,159.118,429.15
2026-05-19 11:30:00+00:00,159.116,159.118,159.101,159.108,321.85
2026-05-19 11:35:00+00:00,159.108,159.114,159.099,159.114,398.73
2026-05-19 11:40:00+00:00,159.113,159.113,159.101,159.108,279.45
2026-05-19 11:45:00+00:00,159.109,159.123,159.099,159.105,261.97
2026-05-19 11:50:00+00:00,159.105,159.121,159.102,159.106,286.84
2026-05-19 11:55:00+00:00,159.104,159.141,159.102,159.133,315.45
2026-05-19 12:00:00+00:00,159.135,159.14,159.104,159.114,416.13
2026-05-19 12:05:00+00:00,159.113,159.128,159.094,159.106,341.75
2026-05-19 12:10:00+00:00,159.104,159.116,159.091,159.1,348.97
2026-05-19 12:15:00+00:00,159.103,159.123,159.098,159.107,329.39
2026-05-19 12:20:00+00:00,159.108,159.13,159.105,159.108,446.43
2026-05-19 12:25:00+00:00,159.106,159.116,159.094,159.115,251.73
2026-05-19 12:30:00+00:00,159.117,159.122,159.091,159.115,394.42
2026-05-19 12:35:00+00:00,159.114,159.119,159.1,159.105,366.45
2026-05-19 12:40:00+00:00,159.104,159.127,158.65,158.95,3095.23
2026-05-19 12:45:00+00:00,158.953,159.038,158.924,159.017,1329.4
2026-05-19 12:50:00+00:00,159.017,159.058,159.002,159.046,586.98
2026-05-19 12:55:00+00:00,159.042,159.065,158.998,159.065,811.97
2026-05-19 13:00:00+00:00,159.064,159.086,159.042,159.081,899.69
2026-05-19 13:05:00+00:00,159.081,159.16,159.057,159.134,970.59
2026-05-19 13:10:00+00:00,159.134,159.161,159.107,159.141,587.72
2026-05-19 13:15:00+00:00,159.135,159.191,159.132,159.188,883.33
2026-05-19 13:20:00+00:00,159.187,159.191,159.164,159.175,1130.2
2026-05-19 13:25:00+00:00,159.176,159.189,159.145,159.183,996.14
2026-05-19 13:30:00+00:00,159.182,159.182,159.102,159.152,1369.54
2026-05-19 13:35:00+00:00,159.148,159.158,159.101,159.107,1031.26
2026-05-19 13:40:00+00:00,159.107,159.132,159.082,159.082,909.47
2026-05-19 13:45:00+00:00,159.081,159.108,159.059,159.093,650.56
2026-05-19 13:50:00+00:00,159.093,159.093,158.921,159.055,1599.11
2026-05-19 13:55:00+00:00,159.054,159.076,159.014,159.048,1037.68
2026-05-19 14:00:00+00:00,159.047,159.106,159.033,159.05,1157.84
2026-05-19 14:05:00+00:00,159.047,159.129,159.047,159.117,1127.35
2026-05-19 14:10:00+00:00,159.118,159.154,159.099,159.151,903.39
2026-05-19 14:15:00+00:00,159.153,159.166,159.124,159.141,838.14
2026-05-19 14:20:00+00:00,159.14,159.209,159.14,159.2,857.17
2026-05-19 14:25:00+00:00,159.198,159.251,159.181,159.191,1352.65
2026-05-19 14:30:00+00:00,159.191,159.204,159.159,159.165,628.4
2026-05-19 14:35:00+00:00,159.164,159.181,159.138,159.154,891.58
2026-05-19 14:40:00+00:00,159.153,159.19,159.141,159.168,965.56
2026-05-19 14:45:00+00:00,159.17,159.181,159.142,159.168,670.38
2026-05-19 14:50:00+00:00,159.166,159.179,159.134,159.139,927.53
2026-05-19 14:55:00+00:00,159.141,159.153,158.991,159.067,2025.62
2026-05-19 15:00:00+00:00,159.066,159.101,159.045,159.058,1491.86
2026-05-19 15:05:00+00:00,159.062,159.096,158.96,159.072,1182.94
2026-05-19 15:10:00+00:00,159.07,159.114,159.065,159.104,475.43
2026-05-19 15:15:00+00:00,159.103,159.105,159.06,159.09,743.28
2026-05-19 15:20:00+00:00,159.09,159.12,159.079,159.109,645.21
2026-05-19 15:25:00+00:00,159.109,159.149,159.109,159.145,565.46
2026-05-19 15:30:00+00:00,159.149,159.159,159.121,159.154,728.17
2026-05-19 15:35:00+00:00,159.155,159.172,159.132,159.141,592.31
2026-05-19 15:40:00+00:00,159.14,159.157,159.126,159.14,579.7
2026-05-19 15:45:00+00:00,159.141,159.145,159.108,159.12,349.66
2026-05-19 15:50:00+00:00,159.119,159.126,159.109,159.121,642.35
2026-05-19 15:55:00+00:00,159.121,159.128,159.092,159.116,968.58
2026-05-19 16:00:00+00:00,159.115,159.145,159.104,159.143,1049.81
2026-05-19 16:05:00+00:00,159.144,159.175,159.007,159.092,1695.7
2026-05-19 16:10:00+00:00,159.092,159.132,158.79,158.865,2466.7
2026-05-19 16:15:00+00:00,158.868,159.011,158.866,158.978,1407.26
2026-05-19 16:20:00+00:00,158.974,159.003,158.896,158.917,724.3
2026-05-19 16:25:00+00:00,158.917,158.93,158.869,158.891,954.93
2026-05-19 16:30:00+00:00,158.893,158.904,158.846,158.868,998.21
2026-05-19 16:35:00+00:00,158.868,158.901,158.796,158.817,1051.76
2026-05-19 16:40:00+00:00,158.815,158.831,158.777,158.814,1409.4
2026-05-19 16:45:00+00:00,158.814,158.834,158.78,158.833,887.36
2026-05-19 16:50:00+00:00,158.835,158.846,158.815,158.817,494.41
2026-05-19 16:55:00+00:00,158.816,158.831,158.791,158.823,784.11
2026-05-19 17:00:00+00:00,158.823,158.835,158.791,158.818,506.76
2026-05-19 17:05:00+00:00,158.82,158.848,158.819,158.84,543.96
2026-05-19 17:10:00+00:00,158.839,158.844,158.815,158.819,831.91
2026-05-19 17:15:00+00:00,158.817,158.83,158.809,158.815,234.67
2026-05-19 17:20:00+00:00,158.814,158.841,158.809,158.835,381.06
2026-05-19 17:25:00+00:00,158.833,158.854,158.827,158.832,572.34
2026-05-19 17:30:00+00:00,158.832,158.886,158.818,158.884,440.79
2026-05-19 17:35:00+00:00,158.882,158.883,158.853,158.857,319.56
2026-05-19 17:40:00+00:00,158.856,158.882,158.793,158.794,536.42
2026-05-19 17:45:00+00:00,158.793,158.829,158.78,158.797,712.64
2026-05-19 17:50:00+00:00,158.799,158.816,158.792,158.81,637.64
2026-05-19 17:55:00+00:00,158.813,158.869,158.809,158.862,563.58
2026-05-19 18:00:00+00:00,158.859,158.88,158.857,158.868,549.83
2026-05-19 18:05:00+00:00,158.867,158.884,158.855,158.882,873.82
2026-05-19 18:10:00+00:00,158.883,158.9,158.866,158.896,511.89
2026-05-19 18:15:00+00:00,158.897,158.935,158.895,158.931,269.49
2026-05-19 18:20:00+00:00,158.931,158.978,158.927,158.953,438.4
2026-05-19 18:25:00+00:00,158.95,159.006,158.918,159.006,713.88
2026-05-19 18:30:00+00:00,159.007,159.036,158.991,159.003,1116.14
2026-05-19 18:35:00+00:00,159.002,159.029,158.988,159.006,647.1
2026-05-19 18:40:00+00:00,159.007,159.012,158.97,158.976,551.35
2026-05-19 18:45:00+00:00,158.978,159.044,158.977,159.044,671.61
2026-05-19 18:50:00+00:00,159.044,159.062,159.04,159.054,844.08
2026-05-19 18:55:00+00:00,159.056,159.088,159.031,159.043,1008.36
2026-05-19 19:00:00+00:00,159.042,159.059,159.027,159.049,528.0
2026-05-19 19:05:00+00:00,159.048,159.078,159.048,159.061,263.69
2026-05-19 19:10:00+00:00,159.06,159.061,159.021,159.024,374.59
2026-05-19 19:15:00+00:00,159.026,159.042,159.016,159.039,255.92
2026-05-19 19:20:00+00:00,159.037,159.065,159.033,159.065,158.4
2026-05-19 19:25:00+00:00,159.065,159.073,159.048,159.052,203.45
2026-05-19 19:30:00+00:00,159.051,159.06,159.041,159.051,243.14
2026-05-19 19:35:00+00:00,159.053,159.054,159.007,159.014,295.67
2026-05-19 19:40:00+00:00,159.015,159.015,158.993,159.004,225.48
2026-05-19 19:45:00+00:00,159.005,159.014,159.001,159.005,155.62
2026-05-19 19:50:00+00:00,159.01,159.039,159.004,159.035,328.49
2026-05-19 19:55:00+00:00,159.034,159.058,159.029,159.054,555.38
2026-05-19 20:00:00+00:00,159.053,159.081,159.043,159.08,518.11
2026-05-19 20:05:00+00:00,159.078,159.082,159.053,159.081,117.67
2026-05-19 20:10:00+00:00,159.082,159.092,159.074,159.082,71.82
2026-05-19 20:15:00+00:00,159.081,159.087,159.07,159.087,56.79
2026-05-19 20:20:00+00:00,159.09,159.095,159.083,159.084,169.03
2026-05-19 20:25:00+00:00,159.083,159.09,159.066,159.083,286.16
2026-05-19 20:30:00+00:00,159.081,159.081,159.07,159.078,112.8
2026-05-19 20:35:00+00:00,159.079,159.08,159.067,159.069,60.75
2026-05-19 20:40:00+00:00,159.071,159.087,159.068,159.085,93.0
2026-05-19 20:45:00+00:00,159.086,159.102,159.08,159.082,195.44
2026-05-19 20:50:00+00:00,159.083,159.099,159.081,159.088,334.42
2026-05-19 20:55:00+00:00,159.085,159.089,159.045,159.045,300.15
2026-05-19 21:00:00+00:00,159.04,159.04,158.99,159.016,5.4
2026-05-19 21:05:00+00:00,159.009,159.015,158.993,158.993,15.6
2026-05-19 21:10:00+00:00,158.996,158.996,158.987,158.987,18.0
2026-05-19 21:15:00+00:00,158.983,159.021,158.983,158.986,14.55
2026-05-19 21:20:00+00:00,158.987,159.063,158.987,159.051,67.5
2026-05-19 21:25:00+00:00,159.052,159.053,159.05,159.052,20.1
2026-05-19 21:30:00+00:00,159.052,159.063,159.051,159.063,20.7
2026-05-19 21:35:00+00:00,159.062,159.064,159.06,159.062,22.8
2026-05-19 21:40:00+00:00,159.062,159.062,159.062,159.062,2.4
2026-05-19 21:45:00+00:00,159.048,159.048,159.039,159.044,13.2
2026-05-19 21:50:00+00:00,159.044,159.062,159.043,159.062,13.2
2026-05-19 21:55:00+00:00,159.065,159.065,159.056,159.059,12.0
2026-05-19 22:00:00+00:00,159.06,159.074,159.054,159.062,79.35
2026-05-19 22:05:00+00:00,159.061,159.067,159.052,159.06,111.6
2026-05-19 22:10:00+00:00,159.06,159.064,159.058,159.061,25.2
2026-05-19 22:15:00+00:00,159.061,159.085,159.061,159.082,69.75
2026-05-19 22:20:00+00:00,159.083,159.102,159.082,159.09,156.34
2026-05-19 22:25:00+00:00,159.09,159.094,159.076,159.085,49.79
2026-05-19 22:30:00+00:00,159.084,159.089,159.069,159.074,130.71
2026-05-19 22:35:00+00:00,159.074,159.079,159.073,159.078,38.24
2026-05-19 22:40:00+00:00,159.076,159.083,159.075,159.081,170.71
2026-05-19 22:45:00+00:00,159.081,159.095,159.079,159.094,42.3
2026-05-19 22:50:00+00:00,159.093,159.102,159.069,159.077,62.53
2026-05-19 22:55:00+00:00,159.074,159.078,159.053,159.066,134.86
2026-05-19 23:00:00+00:00,159.066,159.07,159.029,159.045,159.0
2026-05-19 23:05:00+00:00,159.045,159.057,159.033,159.045,136.95
2026-05-19 23:10:00+00:00,159.048,159.048,159.04,159.042,57.3
2026-05-19 23:15:00+00:00,159.042,159.044,159.03,159.044,91.48
2026-05-19 23:20:00+00:00,159.044,159.048,159.033,159.034,116.4
2026-05-19 23:25:00+00:00,159.034,159.035,159.019,159.032,89.47
2026-05-19 23:30:00+00:00,159.032,159.033,158.992,159.005,183.9
2026-05-19 23:35:00+00:00,159.006,159.017,158.991,159.004,266.55
2026-05-19 23:40:00+00:00,159.005,159.016,159.001,159.001,90.75
2026-05-19 23:45:00+00:00,159.003,159.018,159.003,159.012,182.7
2026-05-19 23:50:00+00:00,159.014,159.021,159.002,159.017,218.7
2026-05-19 23:55:00+00:00,159.017,159.056,159.015,159.043,311.29
2026-05-20 00:00:00+00:00,159.043,159.07,159.04,159.058,1068.93
2026-05-20 00:05:00+00:00,159.06,159.101,159.06,159.077,727.5
2026-05-20 00:10:00+00:00,159.077,159.094,159.065,159.086,717.83
2026-05-20 00:15:00+00:00,159.085,159.097,159.071,159.082,1425.45
2026-05-20 00:20:00+00:00,159.083,159.087,159.051,159.054,553.2
2026-05-20 00:25:00+00:00,159.054,159.054,159.018,159.045,678.22
2026-05-20 00:30:00+00:00,159.044,159.059,159.021,159.057,393.07
2026-05-20 00:35:00+00:00,159.057,159.058,159.022,159.044,376.57
2026-05-20 00:40:00+00:00,159.044,159.058,159.039,159.045,289.35
2026-05-20 00:45:00+00:00,159.046,159.055,159.018,159.022,302.7
2026-05-20 00:50:00+00:00,159.023,159.047,158.954,158.989,1098.87
2026-05-20 00:55:00+00:00,158.987,159.026,158.979,158.995,1096.05
2026-05-20 01:00:00+00:00,158.996,159.042,158.996,159.017,840.93
2026-05-20 01:05:00+00:00,159.018,159.044,159.008,159.01,498.0
2026-05-20 01:10:00+00:00,159.015,159.044,159.014,159.042,549.0
2026-05-20 01:15:00+00:00,159.043,159.046,159.03,159.042,303.3
2026-05-20 01:20:00+00:00,159.043,159.055,159.03,159.03,148.39
2026-05-20 01:25:00+00:00,159.031,159.084,159.03,159.075,259.2
2026-05-20 01:30:00+00:00,159.074,159.081,159.042,159.067,324.37
2026-05-20 01:35:00+00:00,159.069,159.09,159.054,159.056,553.05
2026-05-20 01:40:00+00:00,159.056,159.059,159.029,159.031,302.59
2026-05-20 01:45:00+00:00,159.031,159.037,159.02,159.03,236.54
2026-05-20 01:50:00+00:00,159.029,159.047,158.973,159.045,914.9
2026-05-20 01:55:00+00:00,159.045,159.047,159.032,159.036,239.1
2026-05-20 02:00:00+00:00,159.035,159.043,159.031,159.033,335.62
2026-05-20 02:05:00+00:00,159.031,159.036,159.01,159.015,467.25
2026-05-20 02:10:00+00:00,159.017,159.029,158.992,159.003,235.94
2026-05-20 02:15:00+00:00,159.001,159.013,158.987,158.987,224.24
2026-05-20 02:20:00+00:00,158.989,158.989,158.838,158.945,822.36
2026-05-20 02:25:00+00:00,158.944,158.962,158.926,158.96,381.9
2026-05-20 02:30:00+00:00,158.959,158.997,158.952,158.966,848.32
2026-05-20 02:35:00+00:00,158.966,158.998,158.935,158.935,420.89
2026-05-20 02:40:00+00:00,158.937,158.937,158.915,158.926,504.35
2026-05-20 02:45:00+00:00,158.927,158.932,158.895,158.917,351.07
2026-05-20 02:50:00+00:00,158.916,158.93,158.906,158.92,484.95
2026-05-20 02:55:00+00:00,158.918,158.936,158.907,158.922,525.05
2026-05-20 03:00:00+00:00,158.923,158.931,158.919,158.924,428.92
2026-05-20 03:05:00+00:00,158.923,158.945,158.918,158.939,320.25
2026-05-20 03:10:00+00:00,158.94,158.95,158.919,158.933,227.85
2026-05-20 03:15:00+00:00,158.931,158.942,158.898,158.906,239.7
2026-05-20 03:20:00+00:00,158.908,158.916,158.902,158.905,186.45
2026-05-20 03:25:00+00:00,158.905,158.906,158.869,158.892,240.9
2026-05-20 03:30:00+00:00,158.892,158.898,158.865,158.879,442.27
2026-05-20 03:35:00+00:00,158.879,158.884,158.865,158.866,598.2
2026-05-20 03:40:00+00:00,158.868,158.877,158.855,158.857,507.05
2026-05-20 03:45:00+00:00,158.857,158.893,158.857,158.884,276.57
2026-05-20 03:50:00+00:00,158.884,158.906,158.875,158.875,260.25
2026-05-20 03:55:00+00:00,158.874,158.88,158.857,158.871,298.65
2026-05-20 04:00:00+00:00,158.871,158.871,158.817,158.839,521.97
2026-05-20 04:05:00+00:00,158.84,158.856,158.831,158.852,106.05
2026-05-20 04:10:00+00:00,158.854,158.872,158.846,158.853,181.95
2026-05-20 04:15:00+00:00,158.853,158.885,158.852,158.882,324.3
2026-05-20 04:20:00+00:00,158.882,158.893,158.879,158.881,213.15
2026-05-20 04:25:00+00:00,158.884,158.907,158.884,158.895,125.7
2026-05-20 04:30:00+00:00,158.895,158.929,158.895,158.928,202.5
2026-05-20 04:35:00+00:00,158.934,158.96,158.928,158.958,313.04
2026-05-20 04:40:00+00:00,158.959,159.0,158.957,158.991,563.1
2026-05-20 04:45:00+00:00,158.993,158.996,158.977,158.989,789.51
2026-05-20 04:50:00+00:00,158.989,158.99,158.963,158.965,282.55
2026-05-20 04:55:00+00:00,158.965,158.99,158.962,158.979,349.41
2026-05-20 05:00:00+00:00,158.981,158.985,158.943,158.981,553.92
2026-05-20 05:05:00+00:00,158.982,158.983,158.958,158.968,159.56
2026-05-20 05:10:00+00:00,158.969,158.97,158.939,158.957,401.14
2026-05-20 05:15:00+00:00,158.956,158.964,158.936,158.936,375.35
2026-05-20 05:20:00+00:00,158.936,158.945,158.924,158.939,459.54
2026-05-20 05:25:00+00:00,158.938,158.953,158.925,158.952,362.54
2026-05-20 05:30:00+00:00,158.951,158.952,158.915,158.921,356.14
2026-05-20 05:35:00+00:00,158.92,158.945,158.917,158.935,328.89
2026-05-20 05:40:00+00:00,158.935,158.944,158.93,158.936,193.53
2026-05-20 05:45:00+00:00,158.938,158.965,158.938,158.957,205.71
2026-05-20 05:50:00+00:00,158.957,158.967,158.942,158.966,205.88
2026-05-20 05:55:00+00:00,158.969,158.991,158.969,158.971,193.23
2026-05-20 06:00:00+00:00,158.972,158.998,158.962,158.995,683.19
2026-05-20 06:05:00+00:00,158.994,159.0,158.965,158.978,472.23
2026-05-20 06:10:00+00:00,158.978,158.978,158.938,158.953,444.9
2026-05-20 06:15:00+00:00,158.952,158.952,158.916,158.921,693.18
2026-05-20 06:20:00+00:00,158.92,158.928,158.892,158.909,645.97
2026-05-20 06:25:00+00:00,158.907,158.911,158.871,158.889,962.49
2026-05-20 06:30:00+00:00,158.886,158.936,158.881,158.923,646.31
2026-05-20 06:35:00+00:00,158.923,158.96,158.917,158.956,418.37
2026-05-20 06:40:00+00:00,158.955,158.973,158.94,158.955,424.87
2026-05-20 06:45:00+00:00,158.953,158.985,158.949,158.971,349.89
2026-05-20 06:50:00+00:00,158.971,159.001,158.968,158.992,442.91
2026-05-20 06:55:00+00:00,158.993,158.993,158.964,158.977,388.02
2026-05-20 07:00:00+00:00,158.979,158.991,158.943,158.956,519.19
2026-05-20 07:05:00+00:00,158.956,158.957,158.927,158.934,546.76
2026-05-20 07:10:00+00:00,158.939,158.966,158.938,158.958,456.75
2026-05-20 07:15:00+00:00,158.959,158.98,158.958,158.973,513.45
2026-05-20 07:20:00+00:00,158.971,158.983,158.965,158.978,545.34
2026-05-20 07:25:00+00:00,158.975,158.994,158.961,158.963,415.66
2026-05-20 07:30:00+00:00,158.964,158.99,158.954,158.987,525.85
2026-05-20 07:35:00+00:00,158.986,159.032,158.984,159.011,394.86
2026-05-20 07:40:00+00:00,159.01,159.033,159.003,159.033,478.69
2026-05-20 07:45:00+00:00,159.032,159.056,159.029,159.038,450.75
2026-05-20 07:50:00+00:00,159.038,159.054,159.019,159.025,478.45
2026-05-20 07:55:00+00:00,159.026,159.061,159.025,159.06,484.26
2026-05-20 08:00:00+00:00,159.064,159.07,159.029,159.039,511.19
2026-05-20 08:05:00+00:00,159.04,159.067,159.034,159.061,689.95
2026-05-20 08:10:00+00:00,159.062,159.093,159.062,159.077,542.74
2026-05-20 08:15:00+00:00,159.078,159.101,159.075,159.079,411.85
2026-05-20 08:20:00+00:00,159.079,159.1,159.066,159.072,250.26
2026-05-20 08:25:00+00:00,159.072,159.078,159.054,159.065,353.01
2026-05-20 08:30:00+00:00,159.065,159.066,159.04,159.066,503.65
2026-05-20 08:35:00+00:00,159.065,159.07,159.033,159.039,263.27
2026-05-20 08:40:00+00:00,159.039,159.051,159.018,159.028,282.61
2026-05-20 08:45:00+00:00,159.028,159.068,159.017,159.066,390.14
2026-05-20 08:50:00+00:00,159.063,159.064,159.017,159.046,376.84
2026-05-20 08:55:00+00:00,159.046,159.058,159.041,159.042,275.26
2026-05-20 09:00:00+00:00,159.043,159.044,159.015,159.016,153.65
2026-05-20 09:05:00+00:00,159.018,159.021,158.992,159.014,362.51
2026-05-20 09:10:00+00:00,159.012,159.02,158.992,159.017,367.01
2026-05-20 09:15:00+00:00,159.015,159.048,159.005,159.029,314.65
2026-05-20 09:20:00+00:00,159.026,159.045,159.015,159.044,238.5
2026-05-20 09:25:00+00:00,159.045,159.072,159.045,159.062,180.45
2026-05-20 09:30:00+00:00,159.063,159.068,159.042,159.045,144.67
2026-05-20 09:35:00+00:00,159.045,159.067,159.045,159.054,92.25
2026-05-20 09:40:00+00:00,159.048,159.067,159.045,159.057,112.05
2026-05-20 09:45:00+00:00,159.056,159.077,159.056,159.069,233.4
2026-05-20 09:50:00+00:00,159.067,159.077,159.052,159.055,148.42
2026-05-20 09:55:00+00:00,159.054,159.07,159.042,159.069,174.34
2026-05-20 10:00:00+00:00,159.07,159.071,159.051,159.066,126.45
2026-05-20 10:05:00+00:00,159.066,159.067,159.041,159.05,167.1
2026-05-20 10:10:00+00:00,159.051,159.068,159.039,159.044,259.66
2026-05-20 10:15:00+00:00,159.044,159.065,159.041,159.057,285.52
2026-05-20 10:20:00+00:00,159.059,159.059,159.044,159.05,117.15
2026-05-20 10:25:00+00:00,159.049,159.054,159.034,159.045,141.3
2026-05-20 10:30:00+00:00,159.044,159.049,159.031,159.034,134.25
2026-05-20 10:35:00+00:00,159.032,159.032,158.975,158.979,496.25
2026-05-20 10:40:00+00:00,158.981,159.005,158.971,158.997,213.9
2026-05-20 10:45:00+00:00,158.997,159.003,158.958,158.981,312.33
2026-05-20 10:50:00+00:00,158.982,158.996,158.982,158.987,153.45
2026-05-20 10:55:00+00:00,158.989,159.003,158.986,158.996,320.32
2026-05-20 11:00:00+00:00,158.997,159.033,158.997,159.032,220.05
2026-05-20 11:05:00+00:00,159.032,159.051,159.029,159.051,189.9
2026-05-20 11:10:00+00:00,159.051,159.051,159.019,159.034,218.55
2026-05-20 11:15:00+00:00,159.034,159.052,159.024,159.027,245.4
2026-05-20 11:20:00+00:00,159.024,159.027,158.996,159.015,239.55
2026-05-20 11:25:00+00:00,159.015,159.019,158.994,159.011,143.55
2026-05-20 11:30:00+00:00,159.01,159.022,159.003,159.003,207.6
2026-05-20 11:35:00+00:00,159.003,159.003,158.976,158.977,1177.31
2026-05-20 11:40:00+00:00,158.979,159.013,158.969,159.002,435.66
2026-05-20 11:45:00+00:00,159.003,159.01,158.977,159.0,250.32
2026-05-20 11:50:00+00:00,159.0,159.037,159.0,159.034,429.56
2026-05-20 11:55:00+00:00,159.034,159.043,159.029,159.035,286.22
2026-05-20 12:00:00+00:00,159.034,159.041,159.003,159.041,396.82
2026-05-20 12:05:00+00:00,159.041,159.041,159.018,159.028,311.85
2026-05-20 12:10:00+00:00,159.026,159.03,159.0,159.015,267.15
2026-05-20 12:15:00+00:00,159.017,159.018,159.005,159.014,165.75
2026-05-20 12:20:00+00:00,159.015,159.04,159.014,159.02,360.05
2026-05-20 12:25:00+00:00,159.021,159.027,158.995,159.018,371.27
2026-05-20 12:30:00+00:00,159.017,159.017,158.985,158.992,314.37
2026-05-20 12:35:00+00:00,158.992,159.004,158.986,159.0,312.87
2026-05-20 12:40:00+00:00,159.001,159.022,158.998,159.007,467.4
2026-05-20 12:45:00+00:00,159.007,159.012,158.999,159.006,269.29
2026-05-20 12:50:00+00:00,159.008,159.018,159.003,159.018,155.55
2026-05-20 12:55:00+00:00,159.02,159.025,159.0,159.016,256.05
2026-05-20 13:00:00+00:00,159.016,159.036,159.01,159.028,454.36
2026-05-20 13:05:00+00:00,159.027,159.03,159.006,159.029,475.99
2026-05-20 13:10:00+00:00,159.03,159.041,159.026,159.03,224.1
2026-05-20 13:15:00+00:00,159.028,159.047,159.026,159.041,232.2
2026-05-20 13:20:00+00:00,159.041,159.051,159.036,159.049,367.83
2026-05-20 13:25:00+00:00,159.048,159.074,159.041,159.069,487.26
2026-05-20 13:30:00+00:00,159.07,159.08,159.035,159.037,865.67
2026-05-20 13:35:00+00:00,159.038,159.066,159.026,159.064,515.03
2026-05-20 13:40:00+00:00,159.064,159.075,159.045,159.055,821.99
2026-05-20 13:45:00+00:00,159.054,159.066,159.032,159.06,1492.18
2026-05-20 13:50:00+00:00,159.06,159.074,159.059,159.064,534.48
2026-05-20 13:55:00+00:00,159.068,159.111,159.062,159.103,819.86
2026-05-20 14:00:00+00:00,159.102,159.145,159.099,159.13,1461.12
2026-05-20 14:05:00+00:00,159.13,159.163,159.126,159.163,1071.06
2026-05-20 14:10:00+00:00,159.166,159.166,159.078,159.117,1995.32
2026-05-20 14:15:00+00:00,159.117,159.118,158.867,158.939,3651.72
2026-05-20 14:20:00+00:00,158.94,159.031,158.914,159.016,2620.62
2026-05-20 14:25:00+00:00,159.016,159.019,158.927,158.939,1844.09
2026-05-20 14:30:00+00:00,158.939,158.942,158.871,158.93,1825.45
2026-05-20 14:35:00+00:00,158.929,158.951,158.858,158.866,1633.21
2026-05-20 14:40:00+00:00,158.866,158.943,158.866,158.914,1791.79
2026-05-20 14:45:00+00:00,158.913,158.921,158.871,158.882,1182.06
2026-05-20 14:50:00+00:00,158.882,158.893,158.787,158.841,1770.62
2026-05-20 14:55:00+00:00,158.843,158.87,158.804,158.87,1789.48
2026-05-20 15:00:00+00:00,158.867,158.877,158.768,158.851,1679.66
2026-05-20 15:05:00+00:00,158.849,158.913,158.832,158.908,2163.05
2026-05-20 15:10:00+00:00,158.907,158.921,158.88,158.896,622.61
2026-05-20 15:15:00+00:00,158.898,158.9,158.586,158.719,3288.21
2026-05-20 15:20:00+00:00,158.716,158.735,158.682,158.714,1767.37
2026-05-20 15:25:00+00:00,158.719,158.82,158.719,158.805,1148.03
2026-05-20 15:30:00+00:00,158.803,158.812,158.702,158.718,1599.94
2026-05-20 15:35:00+00:00,158.715,158.72,158.652,158.688,1151.89
2026-05-20 15:40:00+00:00,158.689,158.766,158.66,158.757,1221.51
2026-05-20 15:45:00+00:00,158.754,158.769,158.735,158.74,669.83
2026-05-20 15:50:00+00:00,158.739,158.816,158.73,158.816,903.23
2026-05-20 15:55:00+00:00,158.815,158.85,158.776,158.842,1257.52
2026-05-20 16:00:00+00:00,158.843,158.851,158.802,158.805,873.81
2026-05-20 16:05:00+00:00,158.806,158.816,158.753,158.794,832.71
2026-05-20 16:10:00+00:00,158.793,158.794,158.751,158.776,627.08
2026-05-20 16:15:00+00:00,158.774,158.795,158.768,158.788,794.75
2026-05-20 16:20:00+00:00,158.789,158.878,158.787,158.872,1223.51
2026-05-20 16:25:00+00:00,158.875,158.905,158.862,158.88,786.35
2026-05-20 16:30:00+00:00,158.879,158.914,158.876,158.889,435.51
2026-05-20 16:35:00+00:00,158.888,158.889,158.859,158.877,597.94
2026-05-20 16:40:00+00:00,158.878,158.88,158.823,158.823,958.66
2026-05-20 16:45:00+00:00,158.823,158.841,158.793,158.816,1080.48
2026-05-20 16:50:00+00:00,158.815,158.828,158.786,158.828,644.54
2026-05-20 16:55:00+00:00,158.829,158.857,158.801,158.835,991.69
2026-05-20 17:00:00+00:00,158.835,158.856,158.827,158.851,888.86
2026-05-20 17:05:00+00:00,158.85,158.881,158.827,158.879,761.7
2026-05-20 17:10:00+00:00,158.879,158.906,158.816,158.843,794.42
2026-05-20 17:15:00+00:00,158.846,158.856,158.827,158.849,632.44
2026-05-20 17:20:00+00:00,158.849,158.878,158.832,158.868,386.89
2026-05-20 17:25:00+00:00,158.868,158.887,158.842,158.853,589.48
2026-05-20 17:30:00+00:00,158.851,158.916,158.839,158.916,381.89
2026-05-20 17:35:00+00:00,158.917,158.923,158.848,158.892,1054.52
2026-05-20 17:40:00+00:00,158.892,158.925,158.892,158.918,402.45
2026-05-20 17:45:00+00:00,158.918,158.928,158.888,158.913,693.45
2026-05-20 17:50:00+00:00,158.913,158.926,158.899,158.914,338.61
2026-05-20 17:55:00+00:00,158.912,158.935,158.899,158.919,288.45
2026-05-20 18:00:00+00:00,158.919,158.961,158.91,158.915,649.67
2026-05-20 18:05:00+00:00,158.914,158.927,158.887,158.902,417.86
2026-05-20 18:10:00+00:00,158.901,158.905,158.893,158.897,257.55
2026-05-20 18:15:00+00:00,158.899,158.9,158.848,158.853,544.4
2026-05-20 18:20:00+00:00,158.858,158.87,158.826,158.862,350.02
2026-05-20 18:25:00+00:00,158.861,158.888,158.84,158.848,953.96
2026-05-20 18:30:00+00:00,158.849,158.851,158.822,158.825,727.76
2026-05-20 18:35:00+00:00,158.825,158.829,158.806,158.812,496.3
2026-05-20 18:40:00+00:00,158.811,158.867,158.808,158.865,449.7
2026-05-20 18:45:00+00:00,158.863,158.868,158.813,158.827,659.88
2026-05-20 18:50:00+00:00,158.828,158.845,158.809,158.82,578.53
2026-05-20 18:55:00+00:00,158.819,158.85,158.794,158.842,557.18
2026-05-20 19:00:00+00:00,158.844,158.851,158.804,158.84,485.69
2026-05-20 19:05:00+00:00,158.839,158.852,158.823,158.836,229.43
2026-05-20 19:10:00+00:00,158.836,158.841,158.821,158.825,199.62
2026-05-20 19:15:00+00:00,158.824,158.842,158.823,158.834,249.6
2026-05-20 19:20:00+00:00,158.833,158.84,158.825,158.834,296.54
2026-05-20 19:25:00+00:00,158.834,158.835,158.815,158.818,242.05
2026-05-20 19:30:00+00:00,158.818,158.836,158.815,158.829,239.2
2026-05-20 19:35:00+00:00,158.83,158.836,158.778,158.814,298.73
2026-05-20 19:40:00+00:00,158.815,158.836,158.81,158.832,316.39
2026-05-20 19:45:00+00:00,158.833,158.852,158.821,158.849,166.34
2026-05-20 19:50:00+00:00,158.851,158.889,158.843,158.885,380.48
2026-05-20 19:55:00+00:00,158.884,158.895,158.848,158.855,768.27
2026-05-20 20:00:00+00:00,158.855,158.879,158.846,158.879,436.12
2026-05-20 20:05:00+00:00,158.879,158.888,158.855,158.875,164.22
2026-05-20 20:10:00+00:00,158.874,158.875,158.854,158.866,286.8
2026-05-20 20:15:00+00:00,158.871,158.888,158.867,158.87,192.0
2026-05-20 20:20:00+00:00,158.873,158.883,158.866,158.877,190.8
2026-05-20 20:25:00+00:00,158.876,158.883,158.867,158.88,170.32
2026-05-20 20:30:00+00:00,158.878,158.905,158.878,158.902,150.9
2026-05-20 20:35:00+00:00,158.903,158.905,158.891,158.891,148.8
2026-05-20 20:40:00+00:00,158.897,158.909,158.891,158.905,88.35
2026-05-20 20:45:00+00:00,158.903,158.929,158.903,158.922,136.2
2026-05-20 20:50:00+00:00,158.921,158.932,158.911,158.911,249.58
2026-05-20 20:55:00+00:00,158.91,158.93,158.899,158.899,318.91
2026-05-20 21:00:00+00:00,158.897,158.897,158.852,158.865,9.45
2026-05-20 21:05:00+00:00,158.861,158.874,158.813,158.828,79.95
2026-05-20 21:10:00+00:00,158.826,158.854,158.815,158.826,86.25
2026-05-20 21:15:00+00:00,158.826,158.845,158.826,158.837,39.08
2026-05-20 21:20:00+00:00,158.838,158.853,158.82,158.82,17.1
2026-05-20 21:25:00+00:00,158.819,158.85,158.819,158.845,22.65
2026-05-20 21:30:00+00:00,158.857,158.857,158.821,158.849,24.75
2026-05-20 21:35:00+00:00,158.843,158.852,158.843,158.851,13.5
2026-05-20 21:40:00+00:00,158.839,158.848,158.834,158.836,29.7
2026-05-20 21:45:00+00:00,158.835,158.836,158.835,158.835,6.0
2026-05-20 21:50:00+00:00,158.836,158.847,158.824,158.836,58.2
2026-05-20 21:55:00+00:00,158.837,158.844,158.831,158.84,59.4
2026-05-20 22:00:00+00:00,158.846,158.878,158.841,158.858,118.5
2026-05-20 22:05:00+00:00,158.856,158.879,158.847,158.857,170.84
2026-05-20 22:10:00+00:00,158.859,158.871,158.834,158.836,116.83
2026-05-20 22:15:00+00:00,158.837,158.846,158.837,158.84,44.92
2026-05-20 22:20:00+00:00,158.846,158.852,158.839,158.852,46.5
2026-05-20 22:25:00+00:00,158.855,158.864,158.85,158.864,42.9
2026-05-20 22:30:00+00:00,158.864,158.864,158.849,158.851,34.2
2026-05-20 22:35:00+00:00,158.85,158.851,158.843,158.849,28.8
2026-05-20 22:40:00+00:00,158.849,158.849,158.834,158.836,54.0
2026-05-20 22:45:00+00:00,158.838,158.84,158.837,158.839,16.95
2026-05-20 22:50:00+00:00,158.84,158.851,158.84,158.849,43.2
2026-05-20 22:55:00+00:00,158.848,158.851,158.839,158.851,85.35
2026-05-20 23:00:00+00:00,158.853,158.854,158.845,158.847,57.9
2026-05-20 23:05:00+00:00,158.849,158.849,158.823,158.845,169.96
2026-05-20 23:10:00+00:00,158.845,158.85,158.839,158.848,54.6
2026-05-20 23:15:00+00:00,158.848,158.864,158.847,158.862,92.1
2026-05-20 23:20:00+00:00,158.874,158.89,158.862,158.885,83.3
2026-05-20 23:25:00+00:00,158.886,158.897,158.886,158.888,78.89
2026-05-20 23:30:00+00:00,158.891,158.91,158.891,158.902,156.97
2026-05-20 23:35:00+00:00,158.902,158.905,158.897,158.901,112.8
2026-05-20 23:40:00+00:00,158.909,158.922,158.909,158.917,115.95
2026-05-20 23:45:00+00:00,158.916,158.916,158.857,158.859,165.74
2026-05-20 23:50:00+00:00,158.859,158.884,158.856,158.874,109.1
2026-05-20 23:55:00+00:00,158.874,158.895,158.874,158.886,204.37
2026-05-21 00:00:00+00:00,158.887,158.922,158.887,158.896,946.2
2026-05-21 00:05:00+00:00,158.897,158.911,158.884,158.894,420.63
2026-05-21 00:10:00+00:00,158.896,158.912,158.884,158.906,290.61
2026-05-21 00:15:00+00:00,158.907,158.925,158.885,158.899,411.59
2026-05-21 00:20:00+00:00,158.898,158.91,158.884,158.884,236.9
2026-05-21 00:25:00+00:00,158.886,158.898,158.878,158.883,295.2
2026-05-21 00:30:00+00:00,158.884,158.908,158.861,158.872,654.97
2026-05-21 00:35:00+00:00,158.871,158.892,158.871,158.875,288.37
2026-05-21 00:40:00+00:00,158.876,158.889,158.865,158.873,135.24
2026-05-21 00:45:00+00:00,158.874,158.877,158.86,158.86,198.3
2026-05-21 00:50:00+00:00,158.861,158.885,158.848,158.878,652.9
2026-05-21 00:55:00+00:00,158.881,158.886,158.85,158.864,479.73
2026-05-21 01:00:00+00:00,158.863,158.876,158.85,158.86,419.61
2026-05-21 01:05:00+00:00,158.861,158.861,158.832,158.837,201.85
2026-05-21 01:10:00+00:00,158.836,158.86,158.835,158.839,230.17
2026-05-21 01:15:00+00:00,158.837,158.851,158.834,158.84,247.35
2026-05-21 01:20:00+00:00,158.84,158.854,158.838,158.841,115.02
2026-05-21 01:25:00+00:00,158.842,158.85,158.837,158.844,112.48
2026-05-21 01:30:00+00:00,158.845,158.863,158.808,158.834,847.57
2026-05-21 01:35:00+00:00,158.835,158.853,158.825,158.838,492.6
2026-05-21 01:40:00+00:00,158.836,158.865,158.829,158.864,333.3
2026-05-21 01:45:00+00:00,158.862,158.889,158.86,158.889,186.0
2026-05-21 01:50:00+00:00,158.889,158.899,158.868,158.888,535.5
2026-05-21 01:55:00+00:00,158.888,158.894,158.866,158.884,535.8
2026-05-21 02:00:00+00:00,158.884,158.885,158.85,158.856,263.09
2026-05-21 02:05:00+00:00,158.857,158.889,158.849,158.885,313.86
2026-05-21 02:10:00+00:00,158.886,158.89,158.866,158.888,192.31
2026-05-21 02:15:00+00:00,158.888,158.909,158.879,158.908,172.65
2026-05-21 02:20:00+00:00,158.91,158.914,158.896,158.909,177.52
2026-05-21 02:25:00+00:00,158.91,158.92,158.903,158.912,102.16
2026-05-21 02:30:00+00:00,158.912,158.925,158.896,158.901,216.49
2026-05-21 02:35:00+00:00,158.901,158.921,158.895,158.911,107.55
2026-05-21 02:40:00+00:00,158.911,158.929,158.911,158.917,170.37
2026-05-21 02:45:00+00:00,158.917,158.946,158.917,158.933,256.35
2026-05-21 02:50:00+00:00,158.933,158.963,158.932,158.954,322.55
2026-05-21 02:55:00+00:00,158.954,158.977,158.946,158.972,430.89
2026-05-21 03:00:00+00:00,158.973,158.982,158.957,158.961,269.02
2026-05-21 03:05:00+00:00,158.96,158.984,158.959,158.959,74.24
2026-05-21 03:10:00+00:00,158.959,158.974,158.953,158.966,176.35
2026-05-21 03:15:00+00:00,158.967,158.973,158.947,158.949,144.73
2026-05-21 03:20:00+00:00,158.948,158.948,158.919,158.938,163.22
2026-05-21 03:25:00+00:00,158.937,158.942,158.928,158.932,43.47
2026-05-21 03:30:00+00:00,158.934,158.947,158.933,158.941,98.4
2026-05-21 03:35:00+00:00,158.94,158.94,158.932,158.94,140.32
2026-05-21 03:40:00+00:00,158.939,158.947,158.929,158.933,168.6
2026-05-21 03:45:00+00:00,158.934,158.948,158.922,158.948,244.11
2026-05-21 03:50:00+00:00,158.948,158.979,158.948,158.977,110.1
2026-05-21 03:55:00+00:00,158.979,158.982,158.965,158.965,135.71
2026-05-21 04:00:00+00:00,158.966,158.979,158.949,158.949,119.21
2026-05-21 04:05:00+00:00,158.949,158.977,158.946,158.969,147.14
2026-05-21 04:10:00+00:00,158.969,158.971,158.957,158.958,106.8
2026-05-21 04:15:00+00:00,158.961,158.974,158.959,158.961,304.9
2026-05-21 04:20:00+00:00,158.961,158.974,158.961,158.967,324.44
2026-05-21 04:25:00+00:00,158.966,158.966,158.953,158.953,54.01
2026-05-21 04:30:00+00:00,158.954,158.975,158.954,158.971,68.7
2026-05-21 04:35:00+00:00,158.973,158.977,158.962,158.977,84.3
2026-05-21 04:40:00+00:00,158.982,158.983,158.971,158.973,90.75
2026-05-21 04:45:00+00:00,158.974,158.986,158.971,158.986,93.45
2026-05-21 04:50:00+00:00,158.985,158.995,158.974,158.992,207.29
2026-05-21 04:55:00+00:00,158.991,159.002,158.982,158.996,341.14
2026-05-21 05:00:00+00:00,158.997,159.001,158.975,158.985,182.91
2026-05-21 05:05:00+00:00,158.984,158.998,158.983,158.99,141.15
2026-05-21 05:10:00+00:00,158.99,159.002,158.989,159.0,128.77
2026-05-21 05:15:00+00:00,159.002,159.026,159.001,159.026,108.42
2026-05-21 05:20:00+00:00,159.027,159.039,159.022,159.025,103.05
2026-05-21 05:25:00+00:00,159.025,159.05,159.023,159.03,300.44
2026-05-21 05:30:00+00:00,159.028,159.036,159.021,159.026,151.5
2026-05-21 05:35:00+00:00,159.027,159.036,158.988,159.021,379.8
2026-05-21 05:40:00+00:00,159.02,159.023,159.0,159.005,527.84
2026-05-21 05:45:00+00:00,159.005,159.035,159.002,159.025,541.94
2026-05-21 05:50:00+00:00,159.025,159.025,158.991,158.991,274.5
2026-05-21 05:55:00+00:00,158.992,159.012,158.992,159.007,135.3
2026-05-21 06:00:00+00:00,159.01,159.028,159.003,159.025,345.4
2026-05-21 06:05:00+00:00,159.024,159.025,158.988,159.009,390.9
2026-05-21 06:10:00+00:00,159.011,159.025,159.007,159.01,181.05
2026-05-21 06:15:00+00:00,159.012,159.05,159.005,159.045,237.75
2026-05-21 06:20:00+00:00,159.048,159.057,158.992,159.025,478.65
2026-05-21 06:25:00+00:00,159.024,159.052,159.024,159.036,216.75
2026-05-21 06:30:00+00:00,159.038,159.043,159.025,159.035,185.55
2026-05-21 06:35:00+00:00,159.035,159.065,159.028,159.065,300.27
2026-05-21 06:40:00+00:00,159.062,159.071,159.057,159.058,264.96
2026-05-21 06:45:00+00:00,159.058,159.062,159.051,159.058,326.32
2026-05-21 06:50:00+00:00,159.059,159.073,159.058,159.063,280.5
2026-05-21 06:55:00+00:00,159.064,159.071,159.053,159.061,315.14
2026-05-21 07:00:00+00:00,159.062,159.085,159.05,159.074,636.09
2026-05-21 07:05:00+00:00,159.074,159.085,159.058,159.063,664.19
2026-05-21 07:10:00+00:00,159.063,159.068,159.046,159.051,301.11
2026-05-21 07:15:00+00:00,159.052,159.071,159.037,159.069,1079.21
2026-05-21 07:20:00+00:00,159.07,159.073,159.047,159.049,671.47
2026-05-21 07:25:00+00:00,159.05,159.061,159.036,159.055,1017.18
2026-05-21 07:30:00+00:00,159.056,159.068,158.998,159.021,842.65
2026-05-21 07:35:00+00:00,159.02,159.039,159.01,159.01,500.93
2026-05-21 07:40:00+00:00,159.01,159.023,159.01,159.023,441.7
2026-05-21 07:45:00+00:00,159.024,159.029,159.006,159.01,230.56
2026-05-21 07:50:00+00:00,159.009,159.04,159.009,159.038,498.18
2026-05-21 07:55:00+00:00,159.04,159.052,159.019,159.024,510.0
2026-05-21 08:00:00+00:00,159.025,159.031,158.963,158.974,738.91
2026-05-21 08:05:00+00:00,158.973,158.989,158.959,158.984,934.75
2026-05-21 08:10:00+00:00,158.984,158.985,158.923,158.926,684.7
2026-05-21 08:15:00+00:00,158.926,158.977,158.902,158.975,733.09
2026-05-21 08:20:00+00:00,158.975,158.987,158.97,158.976,436.65
2026-05-21 08:25:00+00:00,158.978,159.002,158.943,158.95,717.88
2026-05-21 08:30:00+00:00,158.953,158.99,158.948,158.98,583.59
2026-05-21 08:35:00+00:00,158.978,158.995,158.972,158.992,250.65
2026-05-21 08:40:00+00:00,158.991,159.011,158.985,159.006,258.12
2026-05-21 08:45:00+00:00,159.005,159.011,158.961,158.98,519.15
2026-05-21 08:50:00+00:00,158.98,158.994,158.921,158.951,429.23
2026-05-21 08:55:00+00:00,158.955,158.987,158.953,158.979,342.9
2026-05-21 09:00:00+00:00,158.981,158.99,158.964,158.974,257.15
2026-05-21 09:05:00+00:00,158.976,158.986,158.957,158.972,492.1
2026-05-21 09:10:00+00:00,158.971,158.971,158.957,158.967,216.02
2026-05-21 09:15:00+00:00,158.968,158.972,158.948,158.952,226.95
2026-05-21 09:20:00+00:00,158.954,158.956,158.93,158.939,222.17
2026-05-21 09:25:00+00:00,158.939,158.95,158.919,158.928,301.69
2026-05-21 09:30:00+00:00,158.929,158.943,158.91,158.936,219.51
2026-05-21 09:35:00+00:00,158.936,158.954,158.921,158.946,219.83
2026-05-21 09:40:00+00:00,158.945,158.958,158.933,158.947,218.99
2026-05-21 09:45:00+00:00,158.946,158.951,158.929,158.935,264.84
2026-05-21 09:50:00+00:00,158.934,158.97,158.934,158.969,173.37
2026-05-21 09:55:00+00:00,158.971,158.977,158.968,158.974,246.14
2026-05-21 10:00:00+00:00,158.973,158.997,158.972,158.981,281.25
2026-05-21 10:05:00+00:00,158.982,158.987,158.973,158.984,200.92
2026-05-21 10:10:00+00:00,158.983,158.992,158.97,158.975,91.95
2026-05-21 10:15:00+00:00,158.971,158.986,158.96,158.985,219.97
2026-05-21 10:20:00+00:00,158.99,158.996,158.985,158.99,150.15
2026-05-21 10:25:00+00:00,158.99,159.068,158.99,159.051,2240.05
2026-05-21 10:30:00+00:00,159.05,159.085,159.05,159.053,1209.29
2026-05-21 10:35:00+00:00,159.055,159.103,159.051,159.086,973.55
2026-05-21 10:40:00+00:00,159.085,159.122,159.071,159.098,992.31
2026-05-21 10:45:00+00:00,159.099,159.135,159.093,159.12,1053.82
2026-05-21 10:50:00+00:00,159.122,159.136,159.106,159.121,933.95
2026-05-21 10:55:00+00:00,159.121,159.133,159.101,159.125,507.82
2026-05-21 11:00:00+00:00,159.126,159.127,159.073,159.083,755.4
2026-05-21 11:05:00+00:00,159.083,159.09,159.07,159.072,553.04
2026-05-21 11:10:00+00:00,159.071,159.09,159.066,159.073,579.4
2026-05-21 11:15:00+00:00,159.073,159.085,159.061,159.075,407.47
2026-05-21 11:20:00+00:00,159.075,159.086,159.042,159.065,739.35
2026-05-21 11:25:00+00:00,159.067,159.076,159.051,159.061,391.8
2026-05-21 11:30:00+00:00,159.062,159.088,159.053,159.076,435.36
2026-05-21 11:35:00+00:00,159.077,159.121,159.073,159.11,406.8
2026-05-21 11:40:00+00:00,159.112,159.114,159.096,159.109,220.95
2026-05-21 11:45:00+00:00,159.111,159.126,159.107,159.125,225.37
2026-05-21 11:50:00+00:00,159.127,159.135,159.116,159.133,324.45
2026-05-21 11:55:00+00:00,159.133,159.167,159.133,159.154,553.05
2026-05-21 12:00:00+00:00,159.155,159.16,159.12,159.148,626.19
2026-05-21 12:05:00+00:00,159.148,159.163,159.135,159.143,246.3
2026-05-21 12:10:00+00:00,159.142,159.16,159.141,159.143,280.71
2026-05-21 12:15:00+00:00,159.142,159.175,159.141,159.156,306.4
2026-05-21 12:20:00+00:00,159.154,159.183,159.152,159.175,402.25
2026-05-21 12:25:00+00:00,159.174,159.18,159.157,159.174,448.68
2026-05-21 12:30:00+00:00,159.177,159.185,159.108,159.124,1069.43
2026-05-21 12:35:00+00:00,159.124,159.139,159.103,159.106,1109.31
2026-05-21 12:40:00+00:00,159.106,159.144,159.104,159.126,729.13
2026-05-21 12:45:00+00:00,159.125,159.133,159.089,159.124,650.92
2026-05-21 12:50:00+00:00,159.125,159.142,159.11,159.121,489.74
2026-05-21 12:55:00+00:00,159.119,159.16,159.114,159.16,593.05
2026-05-21 13:00:00+00:00,159.161,159.179,159.135,159.138,767.25
2026-05-21 13:05:00+00:00,159.137,159.197,159.137,159.194,999.61
2026-05-21 13:10:00+00:00,159.195,159.197,159.182,159.187,534.12
2026-05-21 13:15:00+00:00,159.187,159.249,159.183,159.244,520.32
2026-05-21 13:20:00+00:00,159.245,159.275,159.205,159.226,924.8
2026-05-21 13:25:00+00:00,159.221,159.243,159.207,159.207,429.11
2026-05-21 13:30:00+00:00,159.206,159.253,159.199,159.241,716.32
2026-05-21 13:35:00+00:00,159.243,159.262,159.222,159.261,627.34
2026-05-21 13:40:00+00:00,159.262,159.35,159.25,159.329,993.17
2026-05-21 13:45:00+00:00,159.324,159.333,159.289,159.3,827.48
2026-05-21 13:50:00+00:00,159.301,159.301,159.119,159.175,2806.44
2026-05-21 13:55:00+00:00,159.174,159.226,159.161,159.199,1601.84
2026-05-21 14:00:00+00:00,159.199,159.226,159.179,159.214,979.92
2026-05-21 14:05:00+00:00,159.216,159.262,159.206,159.251,883.06
2026-05-21 14:10:00+00:00,159.252,159.256,159.208,159.219,833.58
2026-05-21 14:15:00+00:00,159.219,159.279,159.212,159.232,1039.04
2026-05-21 14:20:00+00:00,159.236,159.249,159.215,159.229,1094.95
2026-05-21 14:25:00+00:00,159.227,159.231,159.205,159.207,846.94
2026-05-21 14:30:00+00:00,159.208,159.209,159.176,159.207,936.79
2026-05-21 14:35:00+00:00,159.207,159.207,159.164,159.173,449.26
2026-05-21 14:40:00+00:00,159.175,159.211,159.173,159.185,661.62
2026-05-21 14:45:00+00:00,159.183,159.194,159.161,159.165,1009.89
2026-05-21 14:50:00+00:00,159.163,159.167,159.121,159.142,736.68
2026-05-21 14:55:00+00:00,159.141,159.173,159.133,159.164,654.21
2026-05-21 15:00:00+00:00,159.162,159.207,159.153,159.18,708.69
2026-05-21 15:05:00+00:00,159.179,159.255,159.179,159.24,1161.16
2026-05-21 15:10:00+00:00,159.24,159.248,159.149,159.176,1250.37
2026-05-21 15:15:00+00:00,159.175,159.19,159.145,159.147,612.03
2026-05-21 15:20:00+00:00,159.147,159.204,159.147,159.189,466.14
2026-05-21 15:25:00+00:00,159.19,159.204,159.174,159.188,529.78
2026-05-21 15:30:00+00:00,159.188,159.193,159.163,159.175,617.05
2026-05-21 15:35:00+00:00,159.178,159.186,159.161,159.165,505.52
2026-05-21 15:40:00+00:00,159.164,159.204,159.164,159.2,525.49
2026-05-21 15:45:00+00:00,159.199,159.214,159.178,159.21,545.23
2026-05-21 15:50:00+00:00,159.211,159.227,159.204,159.215,276.75
2026-05-21 15:55:00+00:00,159.214,159.218,159.168,159.169,330.97
2026-05-21 16:00:00+00:00,159.166,159.17,159.118,159.141,803.61
2026-05-21 16:05:00+00:00,159.14,159.148,159.124,159.139,631.81
2026-05-21 16:10:00+00:00,159.141,159.186,159.137,159.153,659.88
2026-05-21 16:15:00+00:00,159.154,159.179,159.151,159.151,368.35
2026-05-21 16:20:00+00:00,159.152,159.196,159.147,159.17,452.02
2026-05-21 16:25:00+00:00,159.168,159.181,159.145,159.148,372.49
2026-05-21 16:30:00+00:00,159.151,159.173,159.139,159.164,300.28
2026-05-21 16:35:00+00:00,159.165,159.175,159.152,159.154,328.87
2026-05-21 16:40:00+00:00,159.154,159.159,159.132,159.141,286.15
2026-05-21 16:45:00+00:00,159.14,159.154,159.131,159.154,323.04
2026-05-21 16:50:00+00:00,159.153,159.165,159.138,159.143,323.02
2026-05-21 16:55:00+00:00,159.145,159.165,159.14,159.141,455.92
2026-05-21 17:00:00+00:00,159.143,159.156,159.129,159.152,518.07
2026-05-21 17:05:00+00:00,159.152,159.173,159.142,159.163,307.12
2026-05-21 17:10:00+00:00,159.162,159.166,159.046,159.075,2237.8
2026-05-21 17:15:00+00:00,159.073,159.073,158.923,159.006,2462.45
2026-05-21 17:20:00+00:00,159.004,159.005,158.913,158.968,1834.6
2026-05-21 17:25:00+00:00,158.966,158.997,158.936,158.954,906.64
2026-05-21 17:30:00+00:00,158.955,159.006,158.919,158.979,1319.35
2026-05-21 17:35:00+00:00,158.974,158.98,158.935,158.95,720.19
2026-05-21 17:40:00+00:00,158.948,158.953,158.889,158.889,959.47
2026-05-21 17:45:00+00:00,158.89,158.905,158.85,158.852,804.05
2026-05-21 17:50:00+00:00,158.851,158.858,158.818,158.836,1722.52
2026-05-21 17:55:00+00:00,158.833,158.891,158.829,158.886,836.71
2026-05-21 18:00:00+00:00,158.886,158.958,158.837,158.954,1154.55
2026-05-21 18:05:00+00:00,158.955,158.994,158.935,158.958,937.6
2026-05-21 18:10:00+00:00,158.963,159.004,158.949,158.953,736.59
2026-05-21 18:15:00+00:00,158.951,158.971,158.919,158.921,596.14
2026-05-21 18:20:00+00:00,158.922,158.937,158.898,158.898,574.9
2026-05-21 18:25:00+00:00,158.897,158.918,158.885,158.913,588.03
2026-05-21 18:30:00+00:00,158.912,158.951,158.912,158.923,473.72
2026-05-21 18:35:00+00:00,158.925,158.933,158.902,158.918,294.41
2026-05-21 18:40:00+00:00,158.917,158.919,158.879,158.908,381.36
2026-05-21 18:45:00+00:00,158.907,158.991,158.894,158.989,702.37
2026-05-21 18:50:00+00:00,158.988,159.089,158.955,159.086,1918.96
2026-05-21 18:55:00+00:00,159.084,159.102,159.062,159.077,1609.17
2026-05-21 19:00:00+00:00,159.077,159.093,159.029,159.038,1004.05
2026-05-21 19:05:00+00:00,159.038,159.089,159.034,159.038,987.94
2026-05-21 19:10:00+00:00,159.037,159.062,159.026,159.031,669.67
2026-05-21 19:15:00+00:00,159.031,159.031,158.998,159.003,258.58
2026-05-21 19:20:00+00:00,159.002,159.005,158.964,158.977,429.11
2026-05-21 19:25:00+00:00,158.977,158.983,158.962,158.976,450.56
2026-05-21 19:30:00+00:00,158.976,158.976,158.913,158.927,657.28
2026-05-21 19:35:00+00:00,158.928,158.928,158.886,158.888,530.05
2026-05-21 19:40:00+00:00,158.888,158.953,158.888,158.953,511.2
2026-05-21 19:45:00+00:00,158.953,158.959,158.93,158.935,323.14
2026-05-21 19:50:00+00:00,158.933,159.003,158.916,158.97,1016.16
2026-05-21 19:55:00+00:00,158.973,158.984,158.877,158.92,1620.37
2026-05-21 20:00:00+00:00,158.921,158.951,158.887,158.949,688.12
2026-05-21 20:05:00+00:00,158.948,158.973,158.941,158.964,224.77
2026-05-21 20:10:00+00:00,158.963,158.978,158.963,158.965,144.97
2026-05-21 20:15:00+00:00,158.963,158.977,158.961,158.967,103.5
2026-05-21 20:20:00+00:00,158.966,158.978,158.964,158.978,65.1
2026-05-21 20:25:00+00:00,158.978,158.981,158.96,158.973,116.36
2026-05-21 20:30:00+00:00,158.972,158.984,158.97,158.983,103.8
2026-05-21 20:35:00+00:00,158.989,158.992,158.981,158.989,176.85
2026-05-21 20:40:00+00:00,158.99,158.993,158.979,158.989,150.75
2026-05-21 20:45:00+00:00,158.988,159.004,158.988,158.998,162.75
2026-05-21 20:50:00+00:00,158.999,159.004,158.977,158.987,300.59
2026-05-21 20:55:00+00:00,158.982,159.009,158.947,158.947,219.71
2026-05-21 21:00:00+00:00,158.947,158.947,158.853,158.853,10.77
2026-05-21 21:05:00+00:00,158.852,158.894,158.851,158.892,81.34
2026-05-21 21:10:00+00:00,158.908,158.908,158.886,158.887,89.7
2026-05-21 21:15:00+00:00,158.866,158.917,158.866,158.908,33.57
2026-05-21 21:20:00+00:00,158.908,158.919,158.884,158.909,27.3
2026-05-21 21:25:00+00:00,158.892,158.951,158.888,158.945,70.2
2026-05-21 21:30:00+00:00,158.944,158.958,158.921,158.941,50.1
2026-05-21 21:35:00+00:00,158.941,158.976,158.94,158.949,55.95
2026-05-21 21:40:00+00:00,158.949,158.95,158.943,158.946,34.5
2026-05-21 21:45:00+00:00,158.951,158.955,158.946,158.951,20.1
2026-05-21 21:50:00+00:00,158.945,158.951,158.943,158.943,14.7
2026-05-21 21:55:00+00:00,158.944,158.945,158.942,158.945,21.0
2026-05-21 22:00:00+00:00,158.946,158.989,158.945,158.978,92.58
2026-05-21 22:05:00+00:00,158.977,158.993,158.971,158.991,112.35
2026-05-21 22:10:00+00:00,158.992,159.016,158.991,159.002,52.2
2026-05-21 22:15:00+00:00,159.002,159.016,159.002,159.015,41.4
2026-05-21 22:20:00+00:00,159.014,159.015,159.011,159.015,40.8
2026-05-21 22:25:00+00:00,159.016,159.019,159.015,159.019,30.75
2026-05-21 22:30:00+00:00,159.019,159.019,159.004,159.013,95.17
2026-05-21 22:35:00+00:00,159.014,159.014,159.001,159.001,75.89
2026-05-21 22:40:00+00:00,159.0,159.0,158.98,158.989,106.5
2026-05-21 22:45:00+00:00,158.988,158.99,158.977,158.988,123.15
2026-05-21 22:50:00+00:00,158.987,158.998,158.981,158.997,72.15
2026-05-21 22:55:00+00:00,158.997,159.003,158.992,159.001,131.7
2026-05-21 23:00:00+00:00,159.0,159.003,158.989,159.0,96.0
2026-05-21 23:05:00+00:00,159.0,159.028,159.0,159.024,54.0
2026-05-21 23:10:00+00:00,159.023,159.023,159.003,159.01,96.45
2026-05-21 23:15:00+00:00,159.007,159.007,158.986,159.0,153.74
2026-05-21 23:20:00+00:00,159.0,159.003,158.996,159.0,98.55
2026-05-21 23:25:00+00:00,158.999,159.003,158.989,158.992,71.7
2026-05-21 23:30:00+00:00,158.992,159.036,158.989,159.001,190.18
2026-05-21 23:35:00+00:00,159.002,159.015,159.002,159.01,70.54
2026-05-21 23:40:00+00:00,159.01,159.015,159.01,159.012,49.42
2026-05-21 23:45:00+00:00,159.015,159.029,159.012,159.013,141.45
2026-05-21 23:50:00+00:00,159.013,159.032,159.001,159.03,69.75
2026-05-21 23:55:00+00:00,159.027,159.039,159.025,159.025,89.55
2026-05-22 00:00:00+00:00,159.026,159.056,159.026,159.049,551.39
2026-05-22 00:05:00+00:00,159.048,159.059,159.025,159.04,497.17
2026-05-22 00:10:00+00:00,159.04,159.07,159.04,159.058,450.37
2026-05-22 00:15:00+00:00,159.058,159.072,159.049,159.07,313.95
2026-05-22 00:20:00+00:00,159.069,159.077,159.055,159.062,243.15
2026-05-22 00:25:00+00:00,159.063,159.085,159.061,159.076,280.49
2026-05-22 00:30:00+00:00,159.078,159.088,159.072,159.088,201.3
2026-05-22 00:35:00+00:00,159.09,159.09,159.071,159.074,124.2
2026-05-22 00:40:00+00:00,159.071,159.071,159.046,159.046,291.37
2026-05-22 00:45:00+00:00,159.044,159.057,159.036,159.049,159.15
2026-05-22 00:50:00+00:00,159.05,159.107,159.024,159.107,674.1
2026-05-22 00:55:00+00:00,159.106,159.123,159.069,159.091,664.02
2026-05-22 01:00:00+00:00,159.097,159.113,159.083,159.106,365.92
2026-05-22 01:05:00+00:00,159.107,159.119,159.092,159.113,231.75
2026-05-22 01:10:00+00:00,159.114,159.117,159.096,159.111,175.2
2026-05-22 01:15:00+00:00,159.111,159.122,159.094,159.099,228.3
2026-05-22 01:20:00+00:00,159.098,159.099,159.087,159.099,202.42
2026-05-22 01:25:00+00:00,159.098,159.1,159.082,159.088,109.05
2026-05-22 01:30:00+00:00,159.089,159.09,159.069,159.073,66.45
2026-05-22 01:35:00+00:00,159.074,159.076,159.062,159.065,76.64
2026-05-22 01:40:00+00:00,159.065,159.076,159.065,159.074,108.0
2026-05-22 01:45:00+00:00,159.074,159.076,159.072,159.076,29.1
2026-05-22 01:50:00+00:00,159.074,159.074,159.055,159.068,110.7
2026-05-22 01:55:00+00:00,159.069,159.1,159.069,159.099,159.15
2026-05-22 02:00:00+00:00,159.099,159.103,159.086,159.089,103.95
2026-05-22 02:05:00+00:00,159.089,159.09,159.085,159.088,44.1
2026-05-22 02:10:00+00:00,159.089,159.093,159.085,159.088,60.07
2026-05-22 02:15:00+00:00,159.086,159.086,159.065,159.076,95.02
2026-05-22 02:20:00+00:00,159.077,159.086,159.071,159.076,190.2
2026-05-22 02:25:00+00:00,159.075,159.076,159.063,159.074,84.15
2026-05-22 02:30:00+00:00,159.075,159.075,159.063,159.065,134.7
2026-05-22 02:35:00+00:00,159.066,159.066,159.036,159.049,133.72
2026-05-22 02:40:00+00:00,159.047,159.049,159.032,159.039,77.1
2026-05-22 02:45:00+00:00,159.04,159.041,159.013,159.013,84.6
2026-05-22 02:50:00+00:00,159.013,159.025,159.0,159.025,135.82
2026-05-22 02:55:00+00:00,159.026,159.056,159.025,159.033,218.85
2026-05-22 03:00:00+00:00,159.031,159.032,159.006,159.031,238.27
2026-05-22 03:05:00+00:00,159.029,159.044,159.029,159.037,96.37
2026-05-22 03:10:00+00:00,159.038,159.05,159.037,159.039,138.67
2026-05-22 03:15:00+00:00,159.041,159.051,159.037,159.046,190.58
2026-05-22 03:20:00+00:00,159.045,159.051,159.04,159.043,106.2
2026-05-22 03:25:00+00:00,159.043,159.05,159.04,159.044,127.05
2026-05-22 03:30:00+00:00,159.043,159.052,159.039,159.042,105.45
2026-05-22 03:35:00+00:00,159.041,159.043,159.039,159.041,39.6
2026-05-22 03:40:00+00:00,159.04,159.04,159.037,159.038,60.28
2026-05-22 03:45:00+00:00,159.034,159.041,159.029,159.033,57.24
2026-05-22 03:50:00+00:00,159.033,159.042,159.033,159.037,59.4
2026-05-22 03:55:00+00:00,159.038,159.04,159.031,159.038,59.55
2026-05-22 04:00:00+00:00,159.035,159.038,159.025,159.026,134.4
2026-05-22 04:05:00+00:00,159.024,159.027,159.013,159.019,147.15
2026-05-22 04:10:00+00:00,159.017,159.025,159.016,159.018,54.9
2026-05-22 04:15:00+00:00,159.019,159.023,159.011,159.017,47.4
2026-05-22 04:20:00+00:00,159.018,159.029,159.014,159.029,71.1
2026-05-22 04:25:00+00:00,159.029,159.041,159.029,159.041,38.7
2026-05-22 04:30:00+00:00,159.042,159.051,159.041,159.047,96.3
2026-05-22 04:35:00+00:00,159.046,159.051,159.041,159.046,187.65
2026-05-22 04:40:00+00:00,159.048,159.05,159.039,159.045,112.2
2026-05-22 04:45:00+00:00,159.044,159.05,159.04,159.044,360.97
2026-05-22 04:50:00+00:00,159.045,159.059,159.043,159.057,130.2
2026-05-22 04:55:00+00:00,159.057,159.072,159.051,159.066,256.5
2026-05-22 05:00:00+00:00,159.068,159.082,159.056,159.066,233.4
2026-05-22 05:05:00+00:00,159.065,159.071,159.056,159.071,100.05
2026-05-22 05:10:00+00:00,159.072,159.08,159.068,159.074,131.55
2026-05-22 05:15:00+00:00,159.076,159.08,159.074,159.079,59.55
2026-05-22 05:20:00+00:00,159.079,159.09,159.078,159.088,72.73
2026-05-22 05:25:00+00:00,159.088,159.089,159.081,159.086,151.35
2026-05-22 05:30:00+00:00,159.088,159.088,159.075,159.086,106.35
2026-05-22 05:35:00+00:00,159.088,159.09,159.081,159.089,49.5
2026-05-22 05:40:00+00:00,159.087,159.098,159.087,159.095,185.25
2026-05-22 05:45:00+00:00,159.095,159.097,159.086,159.088,130.05
2026-05-22 05:50:00+00:00,159.089,159.095,159.079,159.086,112.42
2026-05-22 05:55:00+00:00,159.087,159.138,159.087,159.129,812.03
2026-05-22 06:00:00+00:00,159.13,159.141,159.094,159.113,785.4
2026-05-22 06:05:00+00:00,159.112,159.115,159.09,159.099,460.35
2026-05-22 06:10:00+00:00,159.1,159.104,159.081,159.091,213.66
2026-05-22 06:15:00+00:00,159.091,159.1,159.073,159.076,310.79
2026-05-22 06:20:00+00:00,159.074,159.089,159.064,159.087,216.15
2026-05-22 06:25:00+00:00,159.088,159.1,159.072,159.074,257.55
2026-05-22 06:30:00+00:00,159.071,159.095,159.068,159.094,198.44
2026-05-22 06:35:00+00:00,159.094,159.108,159.09,159.102,156.15
2026-05-22 06:40:00+00:00,159.103,159.114,159.09,159.091,357.36
2026-05-22 06:45:00+00:00,159.09,159.124,159.09,159.12,289.05
2026-05-22 06:50:00+00:00,159.121,159.128,159.112,159.119,191.85
2026-05-22 06:55:00+00:00,159.118,159.122,159.1,159.106,231.9
2026-05-22 07:00:00+00:00,159.104,159.128,159.103,159.114,355.86
2026-05-22 07:05:00+00:00,159.113,159.138,159.113,159.12,176.55
2026-05-22 07:10:00+00:00,159.12,159.141,159.118,159.136,181.35
2026-05-22 07:15:00+00:00,159.138,159.14,159.115,159.127,223.12
2026-05-22 07:20:00+00:00,159.127,159.137,159.115,159.124,223.35
2026-05-22 07:25:00+00:00,159.126,159.129,159.112,159.118,131.69
2026-05-22 07:30:00+00:00,159.119,159.137,159.114,159.128,190.08
2026-05-22 07:35:00+00:00,159.129,159.136,159.116,159.131,182.74
2026-05-22 07:40:00+00:00,159.132,159.136,159.125,159.129,80.7
2026-05-22 07:45:00+00:00,159.13,159.131,159.114,159.12,83.77
2026-05-22 07:50:00+00:00,159.121,159.133,159.12,159.128,154.17
2026-05-22 07:55:00+00:00,159.129,159.142,159.12,159.129,283.09
2026-05-22 08:00:00+00:00,159.13,159.135,159.114,159.126,428.8
2026-05-22 08:05:00+00:00,159.127,159.13,159.11,159.116,352.2
2026-05-22 08:10:00+00:00,159.117,159.129,159.101,159.127,222.19
2026-05-22 08:15:00+00:00,159.127,159.127,159.081,159.081,379.38
2026-05-22 08:20:00+00:00,159.08,159.101,159.054,159.09,547.79
2026-05-22 08:25:00+00:00,159.091,159.105,159.076,159.087,183.41
2026-05-22 08:30:00+00:00,159.086,159.129,159.086,159.11,389.96
2026-05-22 08:35:00+00:00,159.113,159.128,159.087,159.094,564.85
2026-05-22 08:40:00+00:00,159.095,159.105,159.082,159.104,272.33
2026-05-22 08:45:00+00:00,159.104,159.104,159.087,159.099,148.8
2026-05-22 08:50:00+00:00,159.099,159.099,159.059,159.074,458.89
2026-05-22 08:55:00+00:00,159.073,159.1,159.067,159.09,427.22
2026-05-22 09:00:00+00:00,159.09,159.111,159.083,159.089,366.63
2026-05-22 09:05:00+00:00,159.094,159.101,159.087,159.092,484.5
2026-05-22 09:10:00+00:00,159.091,159.111,159.09,159.111,239.69
2026-05-22 09:15:00+00:00,159.111,159.145,159.111,159.137,367.65
2026-05-22 09:20:00+00:00,159.135,159.144,159.127,159.132,355.35
2026-05-22 09:25:00+00:00,159.131,159.139,159.124,159.137,206.55
2026-05-22 09:30:00+00:00,159.137,159.137,159.114,159.124,136.84
2026-05-22 09:35:00+00:00,159.122,159.125,159.114,159.115,110.77
2026-05-22 09:40:00+00:00,159.115,159.125,159.115,159.123,119.7
2026-05-22 09:45:00+00:00,159.126,159.126,159.116,159.12,300.75
2026-05-22 09:50:00+00:00,159.12,159.123,159.103,159.104,468.45
2026-05-22 09:55:00+00:00,159.103,159.119,159.082,159.101,292.57
2026-05-22 10:00:00+00:00,159.1,159.102,159.087,159.09,300.65
2026-05-22 10:05:00+00:00,159.088,159.09,159.079,159.085,215.7
2026-05-22 10:10:00+00:00,159.085,159.098,159.078,159.097,299.99
2026-05-22 10:15:00+00:00,159.101,159.112,159.091,159.096,132.83
2026-05-22 10:20:00+00:00,159.096,159.111,159.09,159.096,163.93
2026-05-22 10:25:00+00:00,159.097,159.111,159.097,159.111,179.11
2026-05-22 10:30:00+00:00,159.109,159.132,159.103,159.128,379.45
2026-05-22 10:35:00+00:00,159.125,159.132,159.112,159.114,251.04
2026-05-22 10:40:00+00:00,159.115,159.124,159.113,159.121,137.1
2026-05-22 10:45:00+00:00,159.12,159.124,159.115,159.124,243.72
2026-05-22 10:50:00+00:00,159.124,159.127,159.122,159.123,63.6
2026-05-22 10:55:00+00:00,159.124,159.133,159.121,159.123,120.64
2026-05-22 11:00:00+00:00,159.123,159.133,159.122,159.127,203.1
2026-05-22 11:05:00+00:00,159.128,159.135,159.121,159.134,273.24
2026-05-22 11:10:00+00:00,159.138,159.143,159.135,159.138,193.2
2026-05-22 11:15:00+00:00,159.139,159.143,159.127,159.135,127.05
2026-05-22 11:20:00+00:00,159.135,159.135,159.127,159.129,209.25
2026-05-22 11:25:00+00:00,159.129,159.138,159.12,159.134,158.17
2026-05-22 11:30:00+00:00,159.134,159.141,159.128,159.135,208.35
2026-05-22 11:35:00+00:00,159.136,159.14,159.117,159.138,279.94
2026-05-22 11:40:00+00:00,159.138,159.142,159.124,159.131,159.9
2026-05-22 11:45:00+00:00,159.131,159.14,159.113,159.132,379.87
2026-05-22 11:50:00+00:00,159.132,159.138,159.129,159.129,173.1
2026-05-22 11:55:00+00:00,159.127,159.141,159.117,159.138,502.84
2026-05-22 12:00:00+00:00,159.136,159.148,159.125,159.145,519.2
2026-05-22 12:05:00+00:00,159.145,159.147,159.131,159.141,274.45
2026-05-22 12:10:00+00:00,159.139,159.14,159.06,159.089,1063.46
2026-05-22 12:15:00+00:00,159.088,159.111,159.078,159.087,979.27
2026-05-22 12:20:00+00:00,159.089,159.115,159.088,159.089,598.23
2026-05-22 12:25:00+00:00,159.09,159.124,159.089,159.115,468.67
2026-05-22 12:30:00+00:00,159.115,159.124,159.103,159.111,312.45
2026-05-22 12:35:00+00:00,159.112,159.12,159.101,159.104,196.2
2026-05-22 12:40:00+00:00,159.104,159.12,159.101,159.113,206.25
2026-05-22 12:45:00+00:00,159.112,159.112,159.09,159.1,529.98
2026-05-22 12:50:00+00:00,159.1,159.105,159.091,159.098,269.7
2026-05-22 12:55:00+00:00,159.098,159.114,159.072,159.077,641.95
2026-05-22 13:00:00+00:00,159.076,159.099,159.064,159.088,952.07
2026-05-22 13:05:00+00:00,159.088,159.089,159.014,159.015,683.48
2026-05-22 13:10:00+00:00,159.014,159.043,158.989,159.031,1786.03
2026-05-22 13:15:00+00:00,159.032,159.061,159.024,159.039,1113.89
2026-05-22 13:20:00+00:00,159.039,159.087,159.031,159.076,569.35
2026-05-22 13:25:00+00:00,159.076,159.078,159.047,159.059,413.34
2026-05-22 13:30:00+00:00,159.059,159.078,159.029,159.056,757.66
2026-05-22 13:35:00+00:00,159.055,159.088,159.031,159.08,648.3
2026-05-22 13:40:00+00:00,159.08,159.124,159.068,159.092,802.34
2026-05-22 13:45:00+00:00,159.092,159.137,159.088,159.124,697.3
2026-05-22 13:50:00+00:00,159.125,159.137,159.103,159.103,868.76
2026-05-22 13:55:00+00:00,159.104,159.13,159.087,159.088,491.74
2026-05-22 14:00:00+00:00,159.084,159.165,159.066,159.156,1674.39
2026-05-22 14:05:00+00:00,159.157,159.173,159.133,159.136,810.49
2026-05-22 14:10:00+00:00,159.136,159.174,159.128,159.167,571.68
2026-05-22 14:15:00+00:00,159.168,159.176,159.153,159.163,510.82
2026-05-22 14:20:00+00:00,159.16,159.174,159.155,159.164,448.08
2026-05-22 14:25:00+00:00,159.164,159.166,159.138,159.154,370.68
2026-05-22 14:30:00+00:00,159.155,159.157,159.128,159.141,767.02
2026-05-22 14:35:00+00:00,159.141,159.153,159.131,159.149,358.72
2026-05-22 14:40:00+00:00,159.149,159.151,159.134,159.138,318.99
2026-05-22 14:45:00+00:00,159.138,159.152,159.116,159.145,587.96
2026-05-22 14:50:00+00:00,159.145,159.16,159.115,159.118,632.54
2026-05-22 14:55:00+00:00,159.119,159.135,159.089,159.101,1120.51
2026-05-22 15:00:00+00:00,159.1,159.137,159.095,159.099,1125.05
2026-05-22 15:05:00+00:00,159.099,159.123,159.085,159.112,987.24
2026-05-22 15:10:00+00:00,159.113,159.123,159.098,159.115,466.6
2026-05-22 15:15:00+00:00,159.113,159.122,159.096,159.114,304.95
2026-05-22 15:20:00+00:00,159.116,159.135,159.114,159.132,260.1
2026-05-22 15:25:00+00:00,159.134,159.137,159.113,159.127,278.97
2026-05-22 15:30:00+00:00,159.125,159.162,159.114,159.161,583.5
2026-05-22 15:35:00+00:00,159.162,159.181,159.154,159.177,397.66
2026-05-22 15:40:00+00:00,159.178,159.196,159.167,159.192,417.38
2026-05-22 15:45:00+00:00,159.194,159.218,159.171,159.19,643.53
2026-05-22 15:50:00+00:00,159.191,159.219,159.188,159.21,408.39
2026-05-22 15:55:00+00:00,159.208,159.232,159.196,159.199,394.13
2026-05-22 16:00:00+00:00,159.199,159.23,159.195,159.22,522.56
2026-05-22 16:05:00+00:00,159.222,159.229,159.213,159.214,362.7
2026-05-22 16:10:00+00:00,159.215,159.215,159.175,159.189,324.54
2026-05-22 16:15:00+00:00,159.19,159.206,159.185,159.196,407.83
2026-05-22 16:20:00+00:00,159.197,159.197,159.18,159.185,230.01
2026-05-22 16:25:00+00:00,159.186,159.186,159.162,159.168,254.14
2026-05-22 16:30:00+00:00,159.169,159.188,159.153,159.175,259.38
2026-05-22 16:35:00+00:00,159.173,159.196,159.173,159.191,378.3
2026-05-22 16:40:00+00:00,159.192,159.21,159.187,159.198,207.34
2026-05-22 16:45:00+00:00,159.198,159.198,159.175,159.189,163.93
2026-05-22 16:50:00+00:00,159.188,159.198,159.182,159.189,170.7
2026-05-22 16:55:00+00:00,159.187,159.193,159.171,159.174,236.27
2026-05-22 17:00:00+00:00,159.171,159.172,159.146,159.154,249.71
2026-05-22 17:05:00+00:00,159.154,159.17,159.146,159.149,338.38
2026-05-22 17:10:00+00:00,159.151,159.156,159.136,159.145,207.41
2026-05-22 17:15:00+00:00,159.146,159.169,159.135,159.165,232.97
2026-05-22 17:20:00+00:00,159.168,159.18,159.154,159.156,482.03
2026-05-22 17:25:00+00:00,159.154,159.163,159.089,159.097,1145.84
2026-05-22 17:30:00+00:00,159.095,159.126,159.062,159.125,1032.07
2026-05-22 17:35:00+00:00,159.125,159.127,159.09,159.1,559.41
2026-05-22 17:40:00+00:00,159.102,159.117,159.086,159.106,487.14
2026-05-22 17:45:00+00:00,159.105,159.131,159.099,159.13,295.15
2026-05-22 17:50:00+00:00,159.129,159.142,159.117,159.136,264.03
2026-05-22 17:55:00+00:00,159.135,159.14,159.115,159.129,209.71
2026-05-22 18:00:00+00:00,159.129,159.166,159.115,159.121,385.51
2026-05-22 18:05:00+00:00,159.122,159.144,159.111,159.135,371.12
2026-05-22 18:10:00+00:00,159.137,159.156,159.137,159.147,194.17
2026-05-22 18:15:00+00:00,159.148,159.152,159.138,159.151,197.62
2026-05-22 18:20:00+00:00,159.152,159.154,159.13,159.137,265.54
2026-05-22 18:25:00+00:00,159.138,159.154,159.13,159.153,551.46
2026-05-22 18:30:00+00:00,159.15,159.162,159.149,159.151,143.4
2026-05-22 18:35:00+00:00,159.153,159.156,159.099,159.137,284.55
2026-05-22 18:40:00+00:00,159.138,159.141,159.125,159.136,276.26
2026-05-22 18:45:00+00:00,159.133,159.148,159.126,159.136,160.87
2026-05-22 18:50:00+00:00,159.135,159.137,159.123,159.129,123.52
2026-05-22 18:55:00+00:00,159.127,159.136,159.125,159.132,282.11
2026-05-22 19:00:00+00:00,159.133,159.149,159.099,159.139,786.06
2026-05-22 19:05:00+00:00,159.139,159.144,159.129,159.136,206.32
2026-05-22 19:10:00+00:00,159.136,159.147,159.132,159.14,88.64
2026-05-22 19:15:00+00:00,159.142,159.142,159.126,159.128,105.6
2026-05-22 19:20:00+00:00,159.128,159.139,159.127,159.128,119.1
2026-05-22 19:25:00+00:00,159.129,159.145,159.127,159.141,111.07
2026-05-22 19:30:00+00:00,159.139,159.152,159.139,159.144,164.48
2026-05-22 19:35:00+00:00,159.144,159.151,159.139,159.15,97.19
2026-05-22 19:40:00+00:00,159.15,159.155,159.142,159.15,73.65
2026-05-22 19:45:00+00:00,159.152,159.161,159.149,159.152,192.63
2026-05-22 19:50:00+00:00,159.152,159.159,159.149,159.149,103.42
2026-05-22 19:55:00+00:00,159.15,159.169,159.14,159.165,408.37
2026-05-22 20:00:00+00:00,159.168,159.172,159.154,159.16,215.46
2026-05-22 20:05:00+00:00,159.163,159.166,159.163,159.164,79.8
2026-05-22 20:10:00+00:00,159.166,159.167,159.149,159.163,37.2
2026-05-22 20:15:00+00:00,159.165,159.168,159.161,159.164,27.6
2026-05-22 20:20:00+00:00,159.164,159.164,159.164,159.164,1.2
2026-05-22 20:25:00+00:00,159.167,159.179,159.141,159.163,163.8
2026-05-22 20:30:00+00:00,159.167,159.179,159.159,159.159,211.5
2026-05-22 20:35:00+00:00,159.164,159.164,159.151,159.152,258.6
2026-05-22 20:40:00+00:00,159.157,159.179,159.156,159.178,217.8
2026-05-22 20:45:00+00:00,159.179,159.194,159.171,159.182,400.05
2026-05-22 20:50:00+00:00,159.182,159.192,159.176,159.181,287.7
2026-05-22 20:55:00+00:00,159.184,159.204,159.155,159.155,488.4
2026-05-24 21:00:00+00:00,158.786,158.789,158.769,158.789,10.8
2026-05-24 21:05:00+00:00,158.787,158.789,158.78,158.781,32.1
2026-05-24 21:10:00+00:00,158.785,158.858,158.772,158.779,82.69
2026-05-24 21:15:00+00:00,158.778,158.853,158.774,158.791,81.87
2026-05-24 21:20:00+00:00,158.789,158.794,158.779,158.779,33.19
2026-05-24 21:25:00+00:00,158.781,158.79,158.781,158.785,53.22
2026-05-24 21:30:00+00:00,158.781,158.884,158.781,158.821,95.67
2026-05-24 21:35:00+00:00,158.817,158.896,158.773,158.896,69.64
2026-05-24 21:40:00+00:00,158.897,158.897,158.813,158.826,74.81
2026-05-24 21:45:00+00:00,158.819,158.819,158.813,158.814,17.4
2026-05-24 21:50:00+00:00,158.813,158.816,158.813,158.816,33.6
2026-05-24 21:55:00+00:00,158.816,158.869,158.816,158.869,29.4
2026-05-24 22:00:00+00:00,158.869,158.961,158.85,158.87,662.56
2026-05-24 22:05:00+00:00,158.865,158.867,158.823,158.839,479.55
2026-05-24 22:10:00+00:00,158.849,158.889,158.847,158.877,280.5
2026-05-24 22:15:00+00:00,158.875,158.917,158.859,158.913,387.0
2026-05-24 22:20:00+00:00,158.911,158.915,158.872,158.899,230.4
2026-05-24 22:25:00+00:00,158.9,158.9,158.84,158.862,241.72
2026-05-24 22:30:00+00:00,158.86,158.861,158.822,158.844,335.99
2026-05-24 22:35:00+00:00,158.844,158.854,158.826,158.841,260.32
2026-05-24 22:40:00+00:00,158.846,158.865,158.84,158.853,531.3
2026-05-24 22:45:00+00:00,158.853,158.865,158.841,158.853,233.1
2026-05-24 22:50:00+00:00,158.854,158.874,158.847,158.864,165.45
2026-05-24 22:55:00+00:00,158.864,158.879,158.864,158.878,130.8
2026-05-24 23:00:00+00:00,158.877,158.878,158.851,158.852,419.55
2026-05-24 23:05:00+00:00,158.853,158.868,158.839,158.85,305.7
2026-05-24 23:10:00+00:00,158.851,158.874,158.84,158.868,177.3
2026-05-24 23:15:00+00:00,158.866,158.886,158.861,158.874,244.05
2026-05-24 23:20:00+00:00,158.875,158.878,158.863,158.865,82.87
2026-05-24 23:25:00+00:00,158.876,158.877,158.864,158.877,61.2
2026-05-24 23:30:00+00:00,158.879,158.887,158.875,158.882,74.85
2026-05-24 23:35:00+00:00,158.883,158.894,158.879,158.879,55.5
2026-05-24 23:40:00+00:00,158.88,158.911,158.877,158.906,97.6
2026-05-24 23:45:00+00:00,158.909,158.926,158.907,158.916,87.9
2026-05-24 23:50:00+00:00,158.916,158.94,158.915,158.938,109.05
2026-05-24 23:55:00+00:00,158.938,158.961,158.935,158.954,126.9
2026-05-25 00:00:00+00:00,158.954,158.961,158.923,158.952,261.15
2026-05-25 00:05:00+00:00,158.953,158.953,158.913,158.92,190.27
2026-05-25 00:10:00+00:00,158.92,158.925,158.902,158.913,156.75
2026-05-25 00:15:00+00:00,158.913,158.915,158.888,158.89,325.85
2026-05-25 00:20:00+00:00,158.89,158.903,158.886,158.893,192.9
2026-05-25 00:25:00+00:00,158.894,158.912,158.889,158.894,159.3
2026-05-25 00:30:00+00:00,158.893,158.913,158.89,158.903,117.84
2026-05-25 00:35:00+00:00,158.902,158.934,158.9,158.915,155.62
2026-05-25 00:40:00+00:00,158.917,158.923,158.901,158.903,131.1
2026-05-25 00:45:00+00:00,158.902,158.904,158.845,158.859,253.79
2026-05-25 00:50:00+00:00,158.857,158.875,158.831,158.87,563.13
2026-05-25 00:55:00+00:00,158.87,158.923,158.845,158.897,788.66
2026-05-25 01:00:00+00:00,158.896,158.899,158.87,158.877,379.19
2026-05-25 01:05:00+00:00,158.878,158.884,158.857,158.874,178.42
2026-05-25 01:10:00+00:00,158.875,158.889,158.81,158.812,269.38
2026-05-25 01:15:00+00:00,158.811,158.836,158.795,158.796,269.69
2026-05-25 01:20:00+00:00,158.796,158.815,158.786,158.8,180.15
2026-05-25 01:25:00+00:00,158.799,158.8,158.756,158.766,251.55
2026-05-25 01:30:00+00:00,158.768,158.81,158.758,158.807,310.49
2026-05-25 01:35:00+00:00,158.809,158.814,158.789,158.798,167.7
2026-05-25 01:40:00+00:00,158.797,158.831,158.788,158.83,126.0
2026-05-25 01:45:00+00:00,158.828,158.85,158.82,158.846,234.26
2026-05-25 01:50:00+00:00,158.846,158.861,158.846,158.861,270.6
2026-05-25 01:55:00+00:00,158.859,158.88,158.851,158.875,289.05
2026-05-25 02:00:00+00:00,158.874,158.877,158.861,158.875,105.6
2026-05-25 02:05:00+00:00,158.875,158.875,158.834,158.837,153.84
2026-05-25 02:10:00+00:00,158.836,158.86,158.835,158.856,87.3
2026-05-25 02:15:00+00:00,158.858,158.875,158.846,158.856,157.72
2026-05-25 02:20:00+00:00,158.857,158.868,158.848,158.849,172.8
2026-05-25 02:25:00+00:00,158.85,158.862,158.845,158.847,131.17
2026-05-25 02:30:00+00:00,158.845,158.859,158.844,158.852,78.44
2026-05-25 02:35:00+00:00,158.853,158.853,158.836,158.852,68.99
2026-05-25 02:40:00+00:00,158.85,158.856,158.844,158.846,43.05
2026-05-25 02:45:00+00:00,158.845,158.849,158.835,158.845,90.07
2026-05-25 02:50:00+00:00,158.846,158.847,158.844,158.845,15.6
2026-05-25 02:55:00+00:00,158.849,158.859,158.847,158.848,143.4
2026-05-25 03:00:00+00:00,158.849,158.859,158.832,158.857,285.29
2026-05-25 03:05:00+00:00,158.855,158.871,158.852,158.862,350.6
2026-05-25 03:10:00+00:00,158.864,158.87,158.861,158.866,149.38
2026-05-25 03:15:00+00:00,158.867,158.876,158.861,158.871,124.2
2026-05-25 03:20:00+00:00,158.87,158.881,158.862,158.87,132.9
2026-05-25 03:25:00+00:00,158.869,158.872,158.853,158.869,102.6
2026-05-25 03:30:00+00:00,158.868,158.87,158.858,158.869,58.65
2026-05-25 03:35:00+00:00,158.868,158.87,158.847,158.866,276.9
2026-05-25 03:40:00+00:00,158.869,158.875,158.863,158.871,107.55
2026-05-25 03:45:00+00:00,158.871,158.89,158.871,158.883,134.7
2026-05-25 03:50:00+00:00,158.884,158.887,158.873,158.885,81.6
2026-05-25 03:55:00+00:00,158.885,158.889,158.878,158.884,120.0
2026-05-25 04:00:00+00:00,158.886,158.886,158.871,158.873,105.0
2026-05-25 04:05:00+00:00,158.872,158.899,158.871,158.897,70.5
2026-05-25 04:10:00+00:00,158.896,158.898,158.886,158.898,57.3
2026-05-25 04:15:00+00:00,158.896,158.909,158.893,158.909,62.1
2026-05-25 04:20:00+00:00,158.91,158.912,158.904,158.91,36.3
2026-05-25 04:25:00+00:00,158.91,158.912,158.909,158.91,19.8
2026-05-25 04:30:00+00:00,158.909,158.909,158.886,158.899,88.8
2026-05-25 04:35:00+00:00,158.898,158.898,158.874,158.885,70.94
2026-05-25 04:40:00+00:00,158.886,158.89,158.882,158.885,52.8
2026-05-25 04:45:00+00:00,158.884,158.884,158.86,158.865,48.22
2026-05-25 04:50:00+00:00,158.865,158.865,158.845,158.86,87.3
2026-05-25 04:55:00+00:00,158.86,158.862,158.848,158.859,95.92
2026-05-25 05:00:00+00:00,158.861,158.865,158.857,158.861,125.7
2026-05-25 05:05:00+00:00,158.862,158.863,158.845,158.848,100.2
2026-05-25 05:10:00+00:00,158.849,158.856,158.843,158.852,107.1
2026-05-25 05:15:00+00:00,158.855,158.867,158.854,158.86,117.75
2026-05-25 05:20:00+00:00,158.861,158.874,158.859,158.866,153.0
2026-05-25 05:25:00+00:00,158.865,158.872,158.862,158.866,115.95
2026-05-25 05:30:00+00:00,158.867,158.871,158.86,158.863,133.5
2026-05-25 05:35:00+00:00,158.862,158.863,158.859,158.861,37.72
2026-05-25 05:40:00+00:00,158.862,158.888,158.862,158.875,176.4
2026-05-25 05:45:00+00:00,158.875,158.887,158.871,158.885,112.5
2026-05-25 05:50:00+00:00,158.886,158.888,158.884,158.886,108.0
2026-05-25 05:55:00+00:00,158.887,158.936,158.887,158.924,737.19
2026-05-25 06:00:00+00:00,158.924,158.936,158.909,158.913,817.84
2026-05-25 06:05:00+00:00,158.915,158.921,158.898,158.914,285.52
2026-05-25 06:10:00+00:00,158.911,158.922,158.9,158.912,253.05
2026-05-25 06:15:00+00:00,158.912,158.914,158.897,158.905,132.36
2026-05-25 06:20:00+00:00,158.906,158.92,158.906,158.912,179.7
2026-05-25 06:25:00+00:00,158.911,158.923,158.901,158.914,171.15
2026-05-25 06:30:00+00:00,158.917,158.922,158.897,158.897,282.6
2026-05-25 06:35:00+00:00,158.896,158.919,158.89,158.914,222.82
2026-05-25 06:40:00+00:00,158.916,158.925,158.914,158.924,161.4
2026-05-25 06:45:00+00:00,158.924,158.924,158.898,158.911,133.65
2026-05-25 06:50:00+00:00,158.911,158.922,158.909,158.912,213.15
2026-05-25 06:55:00+00:00,158.911,158.921,158.899,158.904,358.25
2026-05-25 07:00:00+00:00,158.902,158.929,158.9,158.929,367.7
2026-05-25 07:05:00+00:00,158.934,158.962,158.934,158.96,237.67
2026-05-25 07:10:00+00:00,158.961,158.989,158.96,158.987,251.64
2026-05-25 07:15:00+00:00,158.991,159.036,158.971,159.019,905.97
2026-05-25 07:20:00+00:00,159.022,159.039,159.021,159.023,476.1
2026-05-25 07:25:00+00:00,159.024,159.034,159.013,159.024,460.68
2026-05-25 07:30:00+00:00,159.024,159.025,158.966,159.004,522.39
2026-05-25 07:35:00+00:00,159.0,159.009,158.993,158.994,302.13
2026-05-25 07:40:00+00:00,158.995,158.996,158.964,158.971,248.51
2026-05-25 07:45:00+00:00,158.97,158.988,158.97,158.979,268.34
2026-05-25 07:50:00+00:00,158.978,158.982,158.96,158.975,275.57
2026-05-25 07:55:00+00:00,158.974,158.991,158.97,158.971,346.51
2026-05-25 08:00:00+00:00,158.971,158.99,158.964,158.981,353.58
2026-05-25 08:05:00+00:00,158.98,158.985,158.948,158.948,274.08
2026-05-25 08:10:00+00:00,158.948,158.948,158.92,158.938,380.16
2026-05-25 08:15:00+00:00,158.938,158.953,158.935,158.951,221.02
2026-05-25 08:20:00+00:00,158.95,158.95,158.936,158.94,183.69
2026-05-25 08:25:00+00:00,158.94,158.94,158.932,158.935,252.06
2026-05-25 08:30:00+00:00,158.934,158.938,158.922,158.924,126.97
2026-05-25 08:35:00+00:00,158.923,158.946,158.91,158.941,501.39
2026-05-25 08:40:00+00:00,158.939,158.951,158.935,158.936,197.09
2026-05-25 08:45:00+00:00,158.935,158.935,158.916,158.916,344.66
2026-05-25 08:50:00+00:00,158.917,158.951,158.913,158.935,273.57
2026-05-25 08:55:00+00:00,158.934,158.938,158.898,158.918,493.63
2026-05-25 09:00:00+00:00,158.914,158.915,158.896,158.908,279.29
2026-05-25 09:05:00+00:00,158.908,158.914,158.898,158.909,292.45
2026-05-25 09:10:00+00:00,158.911,158.937,158.905,158.937,194.5
2026-05-25 09:15:00+00:00,158.937,158.938,158.924,158.927,118.27
2026-05-25 09:20:00+00:00,158.928,158.941,158.927,158.939,150.26
2026-05-25 09:25:00+00:00,158.939,158.939,158.92,158.931,153.19
2026-05-25 09:30:00+00:00,158.93,158.93,158.914,158.921,161.63
2026-05-25 09:35:00+00:00,158.921,158.933,158.921,158.923,167.13
2026-05-25 09:40:00+00:00,158.922,158.926,158.913,158.919,94.11
2026-05-25 09:45:00+00:00,158.92,158.926,158.915,158.924,137.69
2026-05-25 09:50:00+00:00,158.923,158.928,158.923,158.926,150.15
2026-05-25 09:55:00+00:00,158.925,158.936,158.923,158.925,155.01
2026-05-25 10:00:00+00:00,158.924,158.926,158.919,158.921,137.54
2026-05-25 10:05:00+00:00,158.923,158.935,158.92,158.922,208.68
2026-05-25 10:10:00+00:00,158.921,158.939,158.918,158.931,144.71
2026-05-25 10:15:00+00:00,158.931,158.939,158.924,158.928,98.47
2026-05-25 10:20:00+00:00,158.928,158.935,158.926,158.93,125.77
2026-05-25 10:25:00+00:00,158.93,158.936,158.928,158.934,183.34
2026-05-25 10:30:00+00:00,158.934,158.949,158.928,158.946,172.65
2026-05-25 10:35:00+00:00,158.945,158.95,158.939,158.939,95.7
2026-05-25 10:40:00+00:00,158.94,158.94,158.929,158.929,182.98
2026-05-25 10:45:00+00:00,158.931,158.94,158.927,158.935,186.97
2026-05-25 10:50:00+00:00,158.935,158.948,158.935,158.939,199.98
2026-05-25 10:55:00+00:00,158.94,158.947,158.938,158.944,231.42
2026-05-25 11:00:00+00:00,158.944,158.952,158.939,158.95,214.03
2026-05-25 11:05:00+00:00,158.95,158.958,158.942,158.945,154.27
2026-05-25 11:10:00+00:00,158.944,158.945,158.935,158.936,100.39
2026-05-25 11:15:00+00:00,158.937,158.942,158.93,158.931,152.13
2026-05-25 11:20:00+00:00,158.931,158.938,158.93,158.936,169.7
2026-05-25 11:25:00+00:00,158.935,158.94,158.935,158.936,142.64
2026-05-25 11:30:00+00:00,158.936,158.937,158.912,158.927,177.9
2026-05-25 11:35:00+00:00,158.927,158.928,158.9,158.904,344.47
2026-05-25 11:40:00+00:00,158.903,158.908,158.897,158.899,442.4
2026-05-25 11:45:00+00:00,158.899,158.913,158.89,158.908,238.94
2026-05-25 11:50:00+00:00,158.906,158.917,158.9,158.905,144.82
2026-05-25 11:55:00+00:00,158.905,158.939,158.905,158.933,276.97
2026-05-25 12:00:00+00:00,158.933,158.94,158.909,158.914,303.21
2026-05-25 12:05:00+00:00,158.915,158.928,158.913,158.918,324.0
2026-05-25 12:10:00+00:00,158.918,158.923,158.897,158.901,263.14
2026-05-25 12:15:00+00:00,158.9,158.912,158.895,158.908,233.58
2026-05-25 12:20:00+00:00,158.911,158.923,158.894,158.901,443.28
2026-05-25 12:25:00+00:00,158.901,158.913,158.899,158.912,146.55
2026-05-25 12:30:00+00:00,158.911,158.921,158.896,158.9,338.62
2026-05-25 12:35:00+00:00,158.9,158.905,158.895,158.901,191.1
2026-05-25 12:40:00+00:00,158.901,158.902,158.889,158.893,298.12
2026-05-25 12:45:00+00:00,158.893,158.905,158.878,158.887,251.75
2026-05-25 12:50:00+00:00,158.887,158.899,158.884,158.898,262.2
2026-05-25 12:55:00+00:00,158.897,158.908,158.895,158.9,161.4
2026-05-25 13:00:00+00:00,158.9,158.906,158.893,158.9,453.95
2026-05-25 13:05:00+00:00,158.899,158.901,158.89,158.893,311.44
2026-05-25 13:10:00+00:00,158.892,158.899,158.885,158.891,460.05
2026-05-25 13:15:00+00:00,158.89,158.909,158.888,158.904,358.76
2026-05-25 13:20:00+00:00,158.904,158.912,158.898,158.909,300.88
2026-05-25 13:25:00+00:00,158.908,158.915,158.899,158.911,300.26
2026-05-25 13:30:00+00:00,158.911,158.912,158.897,158.903,439.03
2026-05-25 13:35:00+00:00,158.904,158.911,158.898,158.907,320.67
2026-05-25 13:40:00+00:00,158.908,158.91,158.899,158.908,223.93
2026-05-25 13:45:00+00:00,158.909,158.921,158.902,158.916,199.3
2026-05-25 13:50:00+00:00,158.915,158.922,158.911,158.914,208.09
2026-05-25 13:55:00+00:00,158.913,158.922,158.908,158.917,259.8
2026-05-25 14:00:00+00:00,158.92,158.922,158.903,158.911,523.74
2026-05-25 14:05:00+00:00,158.91,158.916,158.907,158.908,135.49
2026-05-25 14:10:00+00:00,158.909,158.916,158.908,158.913,90.29
2026-05-25 14:15:00+00:00,158.913,158.913,158.908,158.91,74.84
2026-05-25 14:20:00+00:00,158.91,158.91,158.899,158.902,237.17
2026-05-25 14:25:00+00:00,158.903,158.91,158.902,158.908,311.02
2026-05-25 14:30:00+00:00,158.906,158.913,158.904,158.912,291.63
2026-05-25 14:35:00+00:00,158.911,158.916,158.909,158.909,217.2
2026-05-25 14:40:00+00:00,158.909,158.909,158.888,158.897,264.78
2026-05-25 14:45:00+00:00,158.898,158.91,158.894,158.905,448.04
2026-05-25 14:50:00+00:00,158.904,158.916,158.899,158.915,480.0
2026-05-25 14:55:00+00:00,158.914,158.925,158.9,158.917,759.42
2026-05-25 15:00:00+00:00,158.92,158.936,158.92,158.924,365.7
2026-05-25 15:05:00+00:00,158.926,158.948,158.923,158.945,515.73
2026-05-25 15:10:00+00:00,158.946,158.946,158.885,158.922,973.27
2026-05-25 15:15:00+00:00,158.923,158.925,158.899,158.909,339.11
2026-05-25 15:20:00+00:00,158.91,158.914,158.899,158.912,262.76
2026-05-25 15:25:00+00:00,158.912,158.912,158.891,158.905,323.43
2026-05-25 15:30:00+00:00,158.906,158.909,158.891,158.899,135.78
2026-05-25 15:35:00+00:00,158.898,158.901,158.891,158.901,93.64
2026-05-25 15:40:00+00:00,158.902,158.912,158.898,158.899,104.55
2026-05-25 15:45:00+00:00,158.9,158.904,158.889,158.904,181.25
2026-05-25 15:50:00+00:00,158.903,158.909,158.88,158.888,136.16
2026-05-25 15:55:00+00:00,158.888,158.897,158.886,158.897,92.23
2026-05-25 16:00:00+00:00,158.895,158.911,158.892,158.906,116.84
2026-05-25 16:05:00+00:00,158.905,158.914,158.898,158.903,65.32
2026-05-25 16:10:00+00:00,158.904,158.911,158.898,158.901,245.95
2026-05-25 16:15:00+00:00,158.9,158.913,158.9,158.912,131.36
2026-05-25 16:20:00+00:00,158.913,158.915,158.903,158.908,205.49
2026-05-25 16:25:00+00:00,158.909,158.919,158.904,158.913,51.41
2026-05-25 16:30:00+00:00,158.913,158.919,158.911,158.913,74.1
2026-05-25 16:35:00+00:00,158.914,158.915,158.902,158.915,92.4
2026-05-25 16:40:00+00:00,158.914,158.922,158.909,158.914,126.0
2026-05-25 16:45:00+00:00,158.914,158.914,158.9,158.905,126.1
2026-05-25 16:50:00+00:00,158.905,158.913,158.896,158.908,128.68
2026-05-25 16:55:00+00:00,158.908,158.908,158.89,158.895,141.49
2026-05-25 17:00:00+00:00,158.894,158.896,158.891,158.895,65.17
2026-05-25 17:05:00+00:00,158.894,158.9,158.894,158.894,94.54
2026-05-25 17:10:00+00:00,158.894,158.907,158.888,158.901,326.7
2026-05-25 17:15:00+00:00,158.899,158.899,158.886,158.889,47.39
2026-05-25 17:20:00+00:00,158.891,158.902,158.89,158.901,78.6
2026-05-25 17:25:00+00:00,158.901,158.901,158.895,158.897,48.9
2026-05-25 17:30:00+00:00,158.895,158.895,158.888,158.892,59.61
2026-05-25 17:35:00+00:00,158.892,158.902,158.886,158.889,42.6
2026-05-25 17:40:00+00:00,158.889,158.889,158.887,158.889,17.62
2026-05-25 17:45:00+00:00,158.891,158.901,158.89,158.899,48.0
2026-05-25 17:50:00+00:00,158.899,158.901,158.889,158.889,22.65
2026-05-25 17:55:00+00:00,158.89,158.896,158.889,158.895,20.7
2026-05-25 18:00:00+00:00,158.895,158.896,158.892,158.894,40.2
2026-05-25 18:05:00+00:00,158.895,158.896,158.889,158.889,18.49
2026-05-25 18:10:00+00:00,158.89,158.89,158.89,158.89,6.6
2026-05-25 18:15:00+00:00,158.889,158.891,158.887,158.89,45.6
2026-05-25 18:20:00+00:00,158.89,158.9,158.888,158.898,44.4
2026-05-25 18:25:00+00:00,158.898,158.9,158.895,158.9,35.4
2026-05-25 18:30:00+00:00,158.899,158.902,158.899,158.902,22.8
2026-05-25 18:35:00+00:00,158.902,158.902,158.9,158.901,19.2
2026-05-25 18:40:00+00:00,158.902,158.904,158.902,158.904,14.4
2026-05-25 18:45:00+00:00,158.903,158.905,158.901,158.901,30.0
2026-05-25 18:50:00+00:00,158.902,158.902,158.897,158.901,12.07
2026-05-25 18:55:00+00:00,158.9,158.903,158.9,158.903,7.2
2026-05-25 19:00:00+00:00,158.903,158.903,158.899,158.901,18.0
2026-05-25 19:05:00+00:00,158.9,158.901,158.892,158.9,30.6
2026-05-25 19:10:00+00:00,158.902,158.903,158.901,158.901,16.2
2026-05-25 19:15:00+00:00,158.902,158.904,158.901,158.901,33.6
2026-05-25 19:20:00+00:00,158.902,158.904,158.891,158.893,52.84
2026-05-25 19:25:00+00:00,158.893,158.902,158.89,158.9,51.67
2026-05-25 19:30:00+00:00,158.9,158.906,158.9,158.905,49.94
2026-05-25 19:35:00+00:00,158.903,158.904,158.896,158.899,30.55
2026-05-25 19:40:00+00:00,158.898,158.903,158.897,158.902,34.1
2026-05-25 19:45:00+00:00,158.903,158.907,158.902,158.903,18.75
2026-05-25 19:50:00+00:00,158.906,158.918,158.906,158.915,33.9
2026-05-25 19:55:00+00:00,158.917,158.918,158.91,158.912,45.0
2026-05-25 20:00:00+00:00,158.912,158.913,158.908,158.911,31.8
2026-05-25 20:05:00+00:00,158.912,158.924,158.912,158.92,32.46
2026-05-25 20:10:00+00:00,158.919,158.919,158.906,158.909,70.18
2026-05-25 20:15:00+00:00,158.911,158.913,158.909,158.912,13.2
2026-05-25 20:20:00+00:00,158.914,158.919,158.913,158.915,37.57
2026-05-25 20:25:00+00:00,158.916,158.923,158.915,158.919,69.9
2026-05-25 20:30:00+00:00,158.921,158.922,158.916,158.922,83.17
2026-05-25 20:35:00+00:00,158.923,158.928,158.92,158.92,171.75
2026-05-25 20:40:00+00:00,158.92,158.939,158.917,158.929,110.36
2026-05-25 20:45:00+00:00,158.93,158.93,158.923,158.924,67.12
2026-05-25 20:50:00+00:00,158.924,158.925,158.917,158.921,73.2
2026-05-25 20:55:00+00:00,158.918,158.925,158.887,158.887,61.98
2026-05-25 21:00:00+00:00,158.887,158.887,158.784,158.841,11.54
2026-05-25 21:05:00+00:00,158.838,158.849,158.813,158.849,21.3
2026-05-25 21:10:00+00:00,158.849,158.85,158.842,158.846,25.8
2026-05-25 21:15:00+00:00,158.841,158.874,158.838,158.868,29.7
2026-05-25 21:20:00+00:00,158.868,158.893,158.827,158.827,23.4
2026-05-25 21:25:00+00:00,158.893,158.893,158.841,158.841,16.64
2026-05-25 21:30:00+00:00,158.849,158.889,158.824,158.889,35.1
2026-05-25 21:35:00+00:00,158.889,158.893,158.868,158.868,60.6
2026-05-25 21:40:00+00:00,158.889,158.889,158.849,158.87,495.0
2026-05-25 21:45:00+00:00,158.868,158.881,158.866,158.873,124.8
2026-05-25 21:50:00+00:00,158.874,158.878,158.864,158.875,90.6
2026-05-25 21:55:00+00:00,158.876,158.885,158.869,158.874,251.7
2026-05-25 22:00:00+00:00,158.89,158.959,158.873,158.959,152.23
2026-05-25 22:05:00+00:00,158.954,158.954,158.921,158.922,97.65
2026-05-25 22:10:00+00:00,158.922,158.923,158.898,158.917,71.25
2026-05-25 22:15:00+00:00,158.917,158.917,158.897,158.91,48.29
2026-05-25 22:20:00+00:00,158.91,158.913,158.906,158.909,43.8
2026-05-25 22:25:00+00:00,158.91,158.922,158.908,158.922,36.15
2026-05-25 22:30:00+00:00,158.921,158.942,158.921,158.934,82.85
2026-05-25 22:35:00+00:00,158.936,158.936,158.921,158.924,51.22
2026-05-25 22:40:00+00:00,158.925,158.928,158.919,158.922,45.37
2026-05-25 22:45:00+00:00,158.923,158.923,158.917,158.923,39.82
2026-05-25 22:50:00+00:00,158.923,158.923,158.92,158.921,23.1
2026-05-25 22:55:00+00:00,158.921,158.924,158.92,158.924,21.0
2026-05-25 23:00:00+00:00,158.923,158.926,158.911,158.925,45.0
2026-05-25 23:05:00+00:00,158.924,158.924,158.919,158.92,176.86
2026-05-25 23:10:00+00:00,158.92,158.924,158.919,158.921,37.2
2026-05-25 23:15:00+00:00,158.918,158.918,158.909,158.913,35.25
2026-05-25 23:20:00+00:00,158.914,158.949,158.911,158.936,72.45
2026-05-25 23:25:00+00:00,158.937,158.948,158.923,158.937,133.2
2026-05-25 23:30:00+00:00,158.941,158.963,158.94,158.952,111.9
2026-05-25 23:35:00+00:00,158.953,158.964,158.951,158.961,184.86
2026-05-25 23:40:00+00:00,158.961,158.961,158.949,158.95,231.74
2026-05-25 23:45:00+00:00,158.949,158.951,158.932,158.936,204.6
2026-05-25 23:50:00+00:00,158.938,158.949,158.934,158.935,112.8
2026-05-25 23:55:00+00:00,158.936,158.955,158.936,158.955,69.6
2026-05-26 00:00:00+00:00,158.952,158.964,158.934,158.936,337.19
2026-05-26 00:05:00+00:00,158.937,158.962,158.936,158.951,214.64
2026-05-26 00:10:00+00:00,158.95,158.966,158.948,158.964,140.69
2026-05-26 00:15:00+00:00,158.963,158.978,158.949,158.976,339.3
2026-05-26 00:20:00+00:00,158.977,158.991,158.972,158.98,473.61
2026-05-26 00:25:00+00:00,158.98,158.986,158.966,158.978,174.82
2026-05-26 00:30:00+00:00,158.978,158.978,158.946,158.956,255.14
2026-05-26 00:35:00+00:00,158.957,158.959,158.949,158.951,95.7
2026-05-26 00:40:00+00:00,158.952,158.963,158.947,158.952,86.7
2026-05-26 00:45:00+00:00,158.951,158.964,158.945,158.953,111.67
2026-05-26 00:50:00+00:00,158.955,158.989,158.955,158.987,373.19
2026-05-26 00:55:00+00:00,158.984,158.99,158.96,158.968,277.22
2026-05-26 01:00:00+00:00,158.971,159.003,158.971,159.0,321.84
2026-05-26 01:05:00+00:00,158.999,159.0,158.981,158.989,146.48
2026-05-26 01:10:00+00:00,158.989,158.989,158.957,158.963,210.9
2026-05-26 01:15:00+00:00,158.961,158.974,158.944,158.957,184.42
2026-05-26 01:20:00+00:00,158.958,158.972,158.948,158.959,444.74
2026-05-26 01:25:00+00:00,158.96,158.971,158.949,158.951,195.89
2026-05-26 01:30:00+00:00,158.951,158.959,158.949,158.954,364.35
2026-05-26 01:35:00+00:00,158.954,158.971,158.951,158.964,165.75
2026-05-26 01:40:00+00:00,158.963,158.979,158.961,158.964,251.1
2026-05-26 01:45:00+00:00,158.963,158.971,158.954,158.96,264.15
2026-05-26 01:50:00+00:00,158.958,158.964,158.958,158.959,47.28
2026-05-26 01:55:00+00:00,158.96,158.97,158.951,158.967,164.97
2026-05-26 02:00:00+00:00,158.971,158.971,158.956,158.956,122.84
2026-05-26 02:05:00+00:00,158.959,158.964,158.951,158.952,86.85
2026-05-26 02:10:00+00:00,158.955,158.966,158.953,158.954,91.5
2026-05-26 02:15:00+00:00,158.957,158.959,158.95,158.952,157.64
2026-05-26 02:20:00+00:00,158.952,158.954,158.94,158.942,134.17
2026-05-26 02:25:00+00:00,158.943,158.951,158.936,158.947,111.9
2026-05-26 02:30:00+00:00,158.946,158.947,158.937,158.937,54.6
2026-05-26 02:35:00+00:00,158.938,158.959,158.938,158.954,166.2
2026-05-26 02:40:00+00:00,158.952,158.971,158.95,158.971,92.4
2026-05-26 02:45:00+00:00,158.972,158.984,158.96,158.961,246.65
2026-05-26 02:50:00+00:00,158.961,158.962,158.95,158.953,49.8
2026-05-26 02:55:00+00:00,158.951,158.956,158.938,158.945,98.7
2026-05-26 03:00:00+00:00,158.942,158.942,158.935,158.938,63.15
2026-05-26 03:05:00+00:00,158.938,158.938,158.922,158.929,128.37
2026-05-26 03:10:00+00:00,158.93,158.93,158.926,158.926,44.55
2026-05-26 03:15:00+00:00,158.927,158.928,158.911,158.922,145.05
2026-05-26 03:20:00+00:00,158.92,158.921,158.911,158.912,81.03
2026-05-26 03:25:00+00:00,158.913,158.928,158.91,158.928,75.0
2026-05-26 03:30:00+00:00,158.927,158.928,158.915,158.918,196.31
2026-05-26 03:35:00+00:00,158.918,158.938,158.917,158.929,215.17
2026-05-26 03:40:00+00:00,158.929,158.937,158.926,158.933,248.7
2026-05-26 03:45:00+00:00,158.934,158.934,158.916,158.926,140.7
2026-05-26 03:50:00+00:00,158.926,158.938,158.925,158.935,166.2
2026-05-26 03:55:00+00:00,158.935,158.941,158.93,158.938,116.26
2026-05-26 04:00:00+00:00,158.938,158.941,158.934,158.94,105.3
2026-05-26 04:05:00+00:00,158.941,158.941,158.937,158.94,30.0
2026-05-26 04:10:00+00:00,158.94,158.94,158.937,158.94,33.0
2026-05-26 04:15:00+00:00,158.94,158.951,158.94,158.942,86.09
2026-05-26 04:20:00+00:00,158.942,158.949,158.942,158.942,78.15
2026-05-26 04:25:00+00:00,158.948,158.949,158.932,158.936,64.2
2026-05-26 04:30:00+00:00,158.938,158.942,158.934,158.934,151.05
2026-05-26 04:35:00+00:00,158.934,158.937,158.933,158.936,300.45
2026-05-26 04:40:00+00:00,158.936,158.949,158.935,158.945,128.92
2026-05-26 04:45:00+00:00,158.946,158.962,158.946,158.959,71.09
2026-05-26 04:50:00+00:00,158.96,158.963,158.952,158.957,221.08
2026-05-26 04:55:00+00:00,158.955,159.013,158.954,159.0,397.7
2026-05-26 05:00:00+00:00,159.004,159.007,158.973,158.986,346.24
2026-05-26 05:05:00+00:00,158.985,159.005,158.98,158.995,182.34
2026-05-26 05:10:00+00:00,158.999,159.011,158.996,159.008,70.5
2026-05-26 05:15:00+00:00,159.008,159.011,158.993,159.005,169.72
2026-05-26 05:20:00+00:00,159.003,159.008,158.996,159.008,98.41
2026-05-26 05:25:00+00:00,159.007,159.008,158.997,159.002,59.25
2026-05-26 05:30:00+00:00,159.007,159.009,158.992,159.0,246.9
2026-05-26 05:35:00+00:00,159.0,159.0,158.991,158.997,270.6
2026-05-26 05:40:00+00:00,158.998,159.002,158.997,159.0,96.3
2026-05-26 05:45:00+00:00,159.0,159.009,158.997,159.002,134.55
2026-05-26 05:50:00+00:00,159.003,159.022,159.002,159.022,164.7
2026-05-26 05:55:00+00:00,159.021,159.032,159.018,159.026,148.48
2026-05-26 06:00:00+00:00,159.026,159.047,159.023,159.035,350.75
2026-05-26 06:05:00+00:00,159.036,159.044,159.027,159.035,247.05
2026-05-26 06:10:00+00:00,159.035,159.038,159.019,159.026,237.96
2026-05-26 06:15:00+00:00,159.027,159.062,159.027,159.056,270.52
2026-05-26 06:20:00+00:00,159.06,159.061,159.035,159.037,303.18
2026-05-26 06:25:00+00:00,159.037,159.064,159.026,159.064,513.22
2026-05-26 06:30:00+00:00,159.064,159.078,159.05,159.064,624.64
2026-05-26 06:35:00+00:00,159.064,159.081,159.057,159.079,218.45
2026-05-26 06:40:00+00:00,159.078,159.11,159.078,159.097,402.44
2026-05-26 06:45:00+00:00,159.099,159.118,159.074,159.078,417.74
2026-05-26 06:50:00+00:00,159.079,159.083,159.072,159.077,223.71
2026-05-26 06:55:00+00:00,159.08,159.11,159.075,159.095,309.22
2026-05-26 07:00:00+00:00,159.095,159.163,159.094,159.149,673.63
2026-05-26 07:05:00+00:00,159.15,159.181,159.144,159.176,581.04
2026-05-26 07:10:00+00:00,159.175,159.175,159.143,159.15,482.69
2026-05-26 07:15:00+00:00,159.15,159.172,159.149,159.158,417.34
2026-05-26 07:20:00+00:00,159.157,159.185,159.157,159.184,407.98
2026-05-26 07:25:00+00:00,159.183,159.189,159.168,159.169,365.3
2026-05-26 07:30:00+00:00,159.166,159.192,159.146,159.165,595.76
2026-05-26 07:35:00+00:00,159.166,159.173,159.16,159.172,276.9
2026-05-26 07:40:00+00:00,159.172,159.183,159.165,159.177,177.75
2026-05-26 07:45:00+00:00,159.175,159.19,159.164,159.167,217.03
2026-05-26 07:50:00+00:00,159.167,159.199,159.166,159.192,332.95
2026-05-26 07:55:00+00:00,159.19,159.2,159.182,159.196,267.0
2026-05-26 08:00:00+00:00,159.195,159.217,159.194,159.212,388.36
2026-05-26 08:05:00+00:00,159.212,159.224,159.202,159.224,270.4
2026-05-26 08:10:00+00:00,159.224,159.238,159.21,159.217,661.87
2026-05-26 08:15:00+00:00,159.218,159.22,159.203,159.215,197.25
2026-05-26 08:20:00+00:00,159.215,159.224,159.213,159.22,250.02
2026-05-26 08:25:00+00:00,159.22,159.234,159.22,159.222,223.47
2026-05-26 08:30:00+00:00,159.224,159.233,159.222,159.227,247.11
2026-05-26 08:35:00+00:00,159.228,159.232,159.22,159.225,223.0
2026-05-26 08:40:00+00:00,159.225,159.232,159.223,159.224,278.34
2026-05-26 08:45:00+00:00,159.224,159.229,159.196,159.206,190.05
2026-05-26 08:50:00+00:00,159.208,159.209,159.195,159.204,178.86
2026-05-26 08:55:00+00:00,159.203,159.213,159.201,159.211,189.9
2026-05-26 09:00:00+00:00,159.209,159.224,159.196,159.198,310.2
2026-05-26 09:05:00+00:00,159.198,159.207,159.19,159.197,205.5
2026-05-26 09:10:00+00:00,159.198,159.199,159.183,159.191,272.15
2026-05-26 09:15:00+00:00,159.191,159.193,159.163,159.173,405.78
2026-05-26 09:20:00+00:00,159.173,159.189,159.167,159.187,333.45
2026-05-26 09:25:00+00:00,159.188,159.196,159.18,159.18,175.12
2026-05-26 09:30:00+00:00,159.179,159.19,159.179,159.181,182.4
2026-05-26 09:35:00+00:00,159.182,159.187,159.175,159.185,168.3
2026-05-26 09:40:00+00:00,159.184,159.196,159.178,159.194,91.72
2026-05-26 09:45:00+00:00,159.194,159.196,159.181,159.183,153.7
2026-05-26 09:50:00+00:00,159.183,159.188,159.176,159.176,223.05
2026-05-26 09:55:00+00:00,159.173,159.173,159.156,159.157,254.1
2026-05-26 10:00:00+00:00,159.158,159.176,159.156,159.175,252.52
2026-05-26 10:05:00+00:00,159.176,159.177,159.157,159.162,192.22
2026-05-26 10:10:00+00:00,159.163,159.163,159.141,159.146,342.45
2026-05-26 10:15:00+00:00,159.145,159.151,159.137,159.143,264.75
2026-05-26 10:20:00+00:00,159.142,159.154,159.138,159.153,127.95
2026-05-26 10:25:00+00:00,159.151,159.152,159.134,159.135,96.66
2026-05-26 10:30:00+00:00,159.135,159.137,159.107,159.113,518.78
2026-05-26 10:35:00+00:00,159.113,159.136,159.106,159.135,353.02
2026-05-26 10:40:00+00:00,159.135,159.147,159.128,159.135,336.52
2026-05-26 10:45:00+00:00,159.136,159.15,159.135,159.146,136.99
2026-05-26 10:50:00+00:00,159.144,159.148,159.134,159.14,235.24
2026-05-26 10:55:00+00:00,159.138,159.145,159.134,159.145,209.92
2026-05-26 11:00:00+00:00,159.145,159.146,159.135,159.138,197.85
2026-05-26 11:05:00+00:00,159.137,159.147,159.137,159.146,168.15
2026-05-26 11:10:00+00:00,159.146,159.148,159.137,159.146,106.39
2026-05-26 11:15:00+00:00,159.146,159.157,159.136,159.141,197.55
2026-05-26 11:20:00+00:00,159.143,159.148,159.136,159.138,220.65
2026-05-26 11:25:00+00:00,159.138,159.149,159.137,159.147,168.41
2026-05-26 11:30:00+00:00,159.147,159.169,159.147,159.161,254.79
2026-05-26 11:35:00+00:00,159.159,159.191,159.157,159.19,705.37
2026-05-26 11:40:00+00:00,159.188,159.199,159.187,159.191,429.08
2026-05-26 11:45:00+00:00,159.192,159.212,159.19,159.199,331.21
2026-05-26 11:50:00+00:00,159.2,159.201,159.191,159.195,156.15
2026-05-26 11:55:00+00:00,159.194,159.196,159.186,159.192,256.11
2026-05-26 12:00:00+00:00,159.192,159.2,159.185,159.196,335.02
2026-05-26 12:05:00+00:00,159.196,159.224,159.192,159.202,507.32
2026-05-26 12:10:00+00:00,159.203,159.22,159.199,159.21,262.57
2026-05-26 12:15:00+00:00,159.21,159.219,159.204,159.216,239.7
2026-05-26 12:20:00+00:00,159.214,159.22,159.208,159.219,252.15
2026-05-26 12:25:00+00:00,159.219,159.219,159.209,159.209,206.01
2026-05-26 12:30:00+00:00,159.21,159.216,159.189,159.193,144.75
2026-05-26 12:35:00+00:00,159.194,159.213,159.193,159.21,256.46
2026-05-26 12:40:00+00:00,159.211,159.211,159.195,159.206,219.0
2026-05-26 12:45:00+00:00,159.207,159.208,159.196,159.206,195.9
2026-05-26 12:50:00+00:00,159.206,159.209,159.196,159.206,253.35
2026-05-26 12:55:00+00:00,159.207,159.228,159.204,159.224,246.15
2026-05-26 13:00:00+00:00,159.229,159.257,159.226,159.251,622.93
2026-05-26 13:05:00+00:00,159.25,159.258,159.236,159.236,239.63
2026-05-26 13:10:00+00:00,159.237,159.26,159.234,159.248,295.25
2026-05-26 13:15:00+00:00,159.249,159.249,159.239,159.246,308.64
2026-05-26 13:20:00+00:00,159.248,159.248,159.228,159.233,194.55
2026-05-26 13:25:00+00:00,159.233,159.258,159.232,159.258,111.74
2026-05-26 13:30:00+00:00,159.258,159.284,159.253,159.274,357.3
2026-05-26 13:35:00+00:00,159.275,159.281,159.258,159.262,301.91
2026-05-26 13:40:00+00:00,159.262,159.279,159.259,159.26,471.42
2026-05-26 13:45:00+00:00,159.26,159.27,159.244,159.265,603.97
2026-05-26 13:50:00+00:00,159.264,159.299,159.264,159.284,1739.38
2026-05-26 13:55:00+00:00,159.284,159.284,159.264,159.276,362.7
2026-05-26 14:00:00+00:00,159.275,159.289,159.261,159.272,431.29
2026-05-26 14:05:00+00:00,159.271,159.278,159.25,159.266,526.65
2026-05-26 14:10:00+00:00,159.266,159.276,159.257,159.27,525.15
2026-05-26 14:15:00+00:00,159.27,159.277,159.261,159.275,374.1
2026-05-26 14:20:00+00:00,159.275,159.276,159.259,159.265,352.95
2026-05-26 14:25:00+00:00,159.264,159.275,159.257,159.261,528.15
2026-05-26 14:30:00+00:00,159.261,159.263,159.239,159.247,418.46
2026-05-26 14:35:00+00:00,159.247,159.261,159.226,159.261,523.71
2026-05-26 14:40:00+00:00,159.261,159.261,159.236,159.248,271.52
2026-05-26 14:45:00+00:00,159.249,159.264,159.241,159.264,290.32
2026-05-26 14:50:00+00:00,159.263,159.285,159.261,159.283,252.6
2026-05-26 14:55:00+00:00,159.284,159.324,159.272,159.32,592.24
2026-05-26 15:00:00+00:00,159.32,159.346,159.32,159.328,667.41
2026-05-26 15:05:00+00:00,159.327,159.332,159.307,159.331,482.77
2026-05-26 15:10:00+00:00,159.332,159.332,159.3,159.309,464.1
2026-05-26 15:15:00+00:00,159.31,159.346,159.31,159.342,288.0
2026-05-26 15:20:00+00:00,159.341,159.351,159.341,159.346,250.35
2026-05-26 15:25:00+00:00,159.346,159.35,159.332,159.341,457.18
2026-05-26 15:30:00+00:00,159.341,159.343,159.326,159.331,492.07
2026-05-26 15:35:00+00:00,159.331,159.378,159.329,159.361,660.52
2026-05-26 15:40:00+00:00,159.364,159.378,159.354,159.363,588.29
2026-05-26 15:45:00+00:00,159.364,159.37,159.351,159.356,336.45
2026-05-26 15:50:00+00:00,159.359,159.369,159.352,159.353,246.96
2026-05-26 15:55:00+00:00,159.354,159.366,159.351,159.362,157.72
2026-05-26 16:00:00+00:00,159.362,159.362,159.335,159.336,196.87
2026-05-26 16:05:00+00:00,159.336,159.336,159.314,159.314,163.46
2026-05-26 16:10:00+00:00,159.317,159.324,159.299,159.312,175.42
2026-05-26 16:15:00+00:00,159.312,159.312,159.286,159.287,212.3
2026-05-26 16:20:00+00:00,159.287,159.295,159.283,159.285,192.9
2026-05-26 16:25:00+00:00,159.286,159.314,159.284,159.312,289.05
2026-05-26 16:30:00+00:00,159.312,159.313,159.282,159.292,241.99
2026-05-26 16:35:00+00:00,159.292,159.313,159.286,159.311,294.97
2026-05-26 16:40:00+00:00,159.31,159.324,159.302,159.314,124.42
2026-05-26 16:45:00+00:00,159.313,159.337,159.3,159.336,189.75
2026-05-26 16:50:00+00:00,159.336,159.336,159.314,159.321,185.55
2026-05-26 16:55:00+00:00,159.319,159.319,159.301,159.307,169.84
2026-05-26 17:00:00+00:00,159.308,159.31,159.286,159.295,226.99
2026-05-26 17:05:00+00:00,159.297,159.301,159.289,159.289,156.07
2026-05-26 17:10:00+00:00,159.288,159.3,159.285,159.295,131.09
2026-05-26 17:15:00+00:00,159.296,159.305,159.292,159.3,96.9
2026-05-26 17:20:00+00:00,159.3,159.307,159.297,159.303,147.15
2026-05-26 17:25:00+00:00,159.304,159.317,159.301,159.316,186.0
2026-05-26 17:30:00+00:00,159.317,159.322,159.31,159.317,77.4
2026-05-26 17:35:00+00:00,159.317,159.34,159.317,159.331,172.2
2026-05-26 17:40:00+00:00,159.332,159.342,159.329,159.34,82.05
2026-05-26 17:45:00+00:00,159.34,159.355,159.34,159.35,151.05
2026-05-26 17:50:00+00:00,159.349,159.375,159.349,159.365,194.7
2026-05-26 17:55:00+00:00,159.365,159.379,159.36,159.361,464.17
2026-05-26 18:00:00+00:00,159.361,159.373,159.353,159.363,417.67
2026-05-26 18:05:00+00:00,159.362,159.368,159.347,159.349,301.5
2026-05-26 18:10:00+00:00,159.349,159.349,159.338,159.347,114.12
2026-05-26 18:15:00+00:00,159.345,159.35,159.339,159.341,166.35
2026-05-26 18:20:00+00:00,159.339,159.348,159.316,159.336,249.54
2026-05-26 18:25:00+00:00,159.337,159.339,159.322,159.329,151.2
2026-05-26 18:30:00+00:00,159.332,159.338,159.316,159.337,190.5
2026-05-26 18:35:00+00:00,159.338,159.339,159.319,159.32,139.42
2026-05-26 18:40:00+00:00,159.321,159.342,159.318,159.337,210.6
2026-05-26 18:45:00+00:00,159.336,159.336,159.315,159.329,118.15
2026-05-26 18:50:00+00:00,159.328,159.329,159.3,159.314,185.29
2026-05-26 18:55:00+00:00,159.315,159.333,159.314,159.332,210.97
2026-05-26 19:00:00+00:00,159.334,159.344,159.314,159.32,183.99
2026-05-26 19:05:00+00:00,159.319,159.342,159.318,159.33,107.25
2026-05-26 19:10:00+00:00,159.33,159.336,159.325,159.333,183.45
2026-05-26 19:15:00+00:00,159.331,159.331,159.319,159.326,84.67
2026-05-26 19:20:00+00:00,159.327,159.328,159.314,159.327,209.9
2026-05-26 19:25:00+00:00,159.325,159.332,159.321,159.33,77.1
2026-05-26 19:30:00+00:00,159.329,159.33,159.312,159.316,91.57
2026-05-26 19:35:00+00:00,159.317,159.318,159.304,159.316,93.22
2026-05-26 19:40:00+00:00,159.314,159.319,159.313,159.318,146.92
2026-05-26 19:45:00+00:00,159.32,159.32,159.314,159.316,37.05
2026-05-26 19:50:00+00:00,159.315,159.316,159.304,159.306,42.6
2026-05-26 19:55:00+00:00,159.309,159.318,159.299,159.316,242.85
2026-05-26 20:00:00+00:00,159.316,159.319,159.3,159.303,136.27
2026-05-26 20:05:00+00:00,159.302,159.313,159.302,159.305,36.3
2026-05-26 20:10:00+00:00,159.304,159.31,159.301,159.304,31.65
2026-05-26 20:15:00+00:00,159.305,159.308,159.304,159.304,33.0
2026-05-26 20:20:00+00:00,159.305,159.318,159.305,159.317,26.7
2026-05-26 20:25:00+00:00,159.317,159.319,159.3,159.305,136.97
2026-05-26 20:30:00+00:00,159.306,159.32,159.304,159.319,126.75
2026-05-26 20:35:00+00:00,159.319,159.331,159.315,159.329,74.4
2026-05-26 20:40:00+00:00,159.329,159.331,159.318,159.319,213.3
2026-05-26 20:45:00+00:00,159.321,159.321,159.307,159.313,76.8
2026-05-26 20:50:00+00:00,159.314,159.315,159.306,159.314,315.9
2026-05-26 20:55:00+00:00,159.312,159.314,159.286,159.286,421.28
2026-05-26 21:00:00+00:00,159.287,159.294,159.279,159.293,7.2
2026-05-26 21:05:00+00:00,159.29,159.291,159.288,159.291,18.9
2026-05-26 21:10:00+00:00,159.291,159.291,159.288,159.289,13.5
2026-05-26 21:15:00+00:00,159.288,159.29,159.288,159.288,29.4
2026-05-26 21:20:00+00:00,159.288,159.296,159.288,159.295,14.4
2026-05-26 21:25:00+00:00,159.289,159.291,159.288,159.291,9.3
2026-05-26 21:30:00+00:00,159.291,159.291,159.287,159.287,24.6
2026-05-26 21:35:00+00:00,159.287,159.29,159.286,159.289,41.1
2026-05-26 21:40:00+00:00,159.288,159.289,159.287,159.287,45.6
2026-05-26 21:45:00+00:00,159.287,159.289,159.285,159.286,26.7
2026-05-26 21:50:00+00:00,159.286,159.286,159.282,159.285,15.3
2026-05-26 21:55:00+00:00,159.285,159.295,159.254,159.255,31.95
2026-05-26 22:00:00+00:00,159.255,159.283,159.253,159.28,244.5
2026-05-26 22:05:00+00:00,159.279,159.298,159.275,159.29,158.4
2026-05-26 22:10:00+00:00,159.291,159.302,159.277,159.289,115.05
2026-05-26 22:15:00+00:00,159.287,159.292,159.287,159.29,110.4
2026-05-26 22:20:00+00:00,159.29,159.299,159.289,159.297,78.45
2026-05-26 22:25:00+00:00,159.3,159.301,159.285,159.288,93.0
2026-05-26 22:30:00+00:00,159.287,159.299,159.285,159.289,61.2
2026-05-26 22:35:00+00:00,159.29,159.298,159.285,159.286,70.72
2026-05-26 22:40:00+00:00,159.287,159.287,159.283,159.286,25.5
2026-05-26 22:45:00+00:00,159.286,159.287,159.283,159.284,21.6
2026-05-26 22:50:00+00:00,159.283,159.285,159.27,159.27,65.4
2026-05-26 22:55:00+00:00,159.272,159.273,159.256,159.257,133.87
2026-05-26 23:00:00+00:00,159.256,159.262,159.247,159.251,82.95
2026-05-26 23:05:00+00:00,159.25,159.275,159.248,159.274,100.35
2026-05-26 23:10:00+00:00,159.275,159.276,159.26,159.26,54.6
2026-05-26 23:15:00+00:00,159.259,159.262,159.259,159.259,26.7
2026-05-26 23:20:00+00:00,159.261,159.261,159.247,159.247,43.7
2026-05-26 23:25:00+00:00,159.247,159.253,159.233,159.246,160.05
2026-05-26 23:30:00+00:00,159.247,159.249,159.235,159.236,78.45
2026-05-26 23:35:00+00:00,159.238,159.238,159.236,159.236,8.1
2026-05-26 23:40:00+00:00,159.235,159.235,159.22,159.22,36.52
2026-05-26 23:45:00+00:00,159.22,159.22,159.201,159.213,161.7
2026-05-26 23:50:00+00:00,159.217,159.231,159.217,159.228,46.05
2026-05-26 23:55:00+00:00,159.229,159.251,159.229,159.25,172.05
2026-05-27 00:00:00+00:00,159.251,159.252,159.212,159.225,374.01
2026-05-27 00:05:00+00:00,159.225,159.245,159.215,159.223,280.98
2026-05-27 00:10:00+00:00,159.22,159.222,159.203,159.221,320.88
2026-05-27 00:15:00+00:00,159.226,159.228,159.197,159.207,453.78
2026-05-27 00:20:00+00:00,159.206,159.206,159.176,159.18,255.04
2026-05-27 00:25:00+00:00,159.18,159.203,159.175,159.199,198.6
2026-05-27 00:30:00+00:00,159.197,159.229,159.196,159.227,271.78
2026-05-27 00:35:00+00:00,159.226,159.238,159.209,159.23,254.32
2026-05-27 00:40:00+00:00,159.228,159.23,159.212,159.223,140.55
2026-05-27 00:45:00+00:00,159.221,159.232,159.204,159.23,182.26
2026-05-27 00:50:00+00:00,159.231,159.31,159.228,159.29,1064.35
2026-05-27 00:55:00+00:00,159.289,159.291,159.255,159.279,456.75
2026-05-27 01:00:00+00:00,159.278,159.294,159.239,159.239,462.14
2026-05-27 01:05:00+00:00,159.237,159.252,159.227,159.235,146.55
2026-05-27 01:10:00+00:00,159.233,159.241,159.225,159.236,138.06
2026-05-27 01:15:00+00:00,159.235,159.247,159.225,159.235,200.22
2026-05-27 01:20:00+00:00,159.237,159.239,159.219,159.224,223.55
2026-05-27 01:25:00+00:00,159.224,159.255,159.216,159.242,205.63
2026-05-27 01:30:00+00:00,159.241,159.27,159.239,159.261,393.62
2026-05-27 01:35:00+00:00,159.262,159.28,159.256,159.271,279.45
2026-05-27 01:40:00+00:00,159.271,159.279,159.264,159.268,232.65
2026-05-27 01:45:00+00:00,159.269,159.28,159.262,159.276,197.1
2026-05-27 01:50:00+00:00,159.277,159.292,159.275,159.29,201.6
2026-05-27 01:55:00+00:00,159.291,159.302,159.286,159.298,122.1
2026-05-27 02:00:00+00:00,159.297,159.301,159.268,159.274,516.06
2026-05-27 02:05:00+00:00,159.272,159.289,159.264,159.281,403.05
2026-05-27 02:10:00+00:00,159.281,159.288,159.26,159.261,261.74
2026-05-27 02:15:00+00:00,159.261,159.276,159.247,159.26,368.17
2026-05-27 02:20:00+00:00,159.262,159.288,159.258,159.274,294.6
2026-05-27 02:25:00+00:00,159.273,159.292,159.271,159.291,85.8
2026-05-27 02:30:00+00:00,159.289,159.29,159.264,159.266,185.7
2026-05-27 02:35:00+00:00,159.27,159.271,159.255,159.271,133.35
2026-05-27 02:40:00+00:00,159.27,159.27,159.257,159.266,67.5
2026-05-27 02:45:00+00:00,159.266,159.266,159.248,159.248,74.7
2026-05-27 02:50:00+00:00,159.248,159.248,159.227,159.238,199.5
2026-05-27 02:55:00+00:00,159.238,159.239,159.221,159.221,319.8
2026-05-27 03:00:00+00:00,159.224,159.225,159.19,159.199,345.67
2026-05-27 03:05:00+00:00,159.199,159.213,159.189,159.201,317.4
2026-05-27 03:10:00+00:00,159.203,159.213,159.199,159.202,159.0
2026-05-27 03:15:00+00:00,159.202,159.213,159.198,159.204,120.82
2026-05-27 03:20:00+00:00,159.205,159.208,159.19,159.19,140.1
2026-05-27 03:25:00+00:00,159.191,159.203,159.186,159.198,194.55
2026-05-27 03:30:00+00:00,159.198,159.206,159.19,159.206,152.7
2026-05-27 03:35:00+00:00,159.207,159.23,159.204,159.22,140.32
2026-05-27 03:40:00+00:00,159.221,159.226,159.204,159.212,134.46
2026-05-27 03:45:00+00:00,159.213,159.228,159.212,159.221,127.2
2026-05-27 03:50:00+00:00,159.221,159.224,159.203,159.21,75.6
2026-05-27 03:55:00+00:00,159.21,159.217,159.203,159.203,128.4
2026-05-27 04:00:00+00:00,159.204,159.212,159.201,159.211,44.4
2026-05-27 04:05:00+00:00,159.209,159.217,159.207,159.213,66.75
2026-05-27 04:10:00+00:00,159.213,159.215,159.209,159.214,40.5
2026-05-27 04:15:00+00:00,159.214,159.216,159.201,159.214,31.95
2026-05-27 04:20:00+00:00,159.213,159.213,159.197,159.208,147.0
2026-05-27 04:25:00+00:00,159.208,159.221,159.207,159.221,147.3
2026-05-27 04:30:00+00:00,159.22,159.221,159.213,159.22,133.87
2026-05-27 04:35:00+00:00,159.22,159.244,159.218,159.239,173.82
2026-05-27 04:40:00+00:00,159.24,159.243,159.227,159.227,42.9
2026-05-27 04:45:00+00:00,159.225,159.243,159.225,159.23,67.95
2026-05-27 04:50:00+00:00,159.231,159.242,159.225,159.229,131.7
2026-05-27 04:55:00+00:00,159.228,159.246,159.227,159.242,155.46
2026-05-27 05:00:00+00:00,159.242,159.246,159.23,159.239,130.14
2026-05-27 05:05:00+00:00,159.24,159.255,159.239,159.254,160.27
2026-05-27 05:10:00+00:00,159.255,159.268,159.253,159.255,39.45
2026-05-27 05:15:00+00:00,159.257,159.265,159.253,159.254,81.91
2026-05-27 05:20:00+00:00,159.256,159.275,159.256,159.266,71.85
2026-05-27 05:25:00+00:00,159.267,159.268,159.257,159.264,44.4
2026-05-27 05:30:00+00:00,159.265,159.288,159.264,159.283,172.34
2026-05-27 05:35:00+00:00,159.283,159.305,159.28,159.291,325.92
2026-05-27 05:40:00+00:00,159.29,159.305,159.287,159.303,204.27
2026-05-27 05:45:00+00:00,159.304,159.325,159.3,159.316,439.32
2026-05-27 05:50:00+00:00,159.317,159.327,159.313,159.325,547.74
2026-05-27 05:55:00+00:00,159.325,159.349,159.323,159.347,522.03
2026-05-27 06:00:00+00:00,159.348,159.377,159.335,159.364,660.26
2026-05-27 06:05:00+00:00,159.364,159.373,159.336,159.349,420.9
2026-05-27 06:10:00+00:00,159.347,159.363,159.337,159.361,260.07
2026-05-27 06:15:00+00:00,159.36,159.371,159.358,159.363,145.8
2026-05-27 06:20:00+00:00,159.362,159.372,159.346,159.348,223.48
2026-05-27 06:25:00+00:00,159.35,159.362,159.334,159.347,184.05
2026-05-27 06:30:00+00:00,159.347,159.362,159.344,159.346,261.87
2026-05-27 06:35:00+00:00,159.345,159.349,159.325,159.337,188.4
2026-05-27 06:40:00+00:00,159.337,159.348,159.317,159.321,182.68
2026-05-27 06:45:00+00:00,159.32,159.32,159.295,159.297,309.88
2026-05-27 06:50:00+00:00,159.301,159.339,159.296,159.339,181.05
2026-05-27 06:55:00+00:00,159.338,159.359,159.331,159.353,195.45
2026-05-27 07:00:00+00:00,159.351,159.365,159.34,159.341,377.25
2026-05-27 07:05:00+00:00,159.343,159.354,159.339,159.349,207.6
2026-05-27 07:10:00+00:00,159.349,159.353,159.335,159.344,182.84
2026-05-27 07:15:00+00:00,159.344,159.345,159.326,159.336,121.5
2026-05-27 07:20:00+00:00,159.337,159.354,159.337,159.342,140.89
2026-05-27 07:25:00+00:00,159.343,159.356,159.339,159.348,222.45
2026-05-27 07:30:00+00:00,159.348,159.351,159.306,159.311,353.38
2026-05-27 07:35:00+00:00,159.311,159.335,159.31,159.325,338.92
2026-05-27 07:40:00+00:00,159.326,159.332,159.324,159.329,357.31
2026-05-27 07:45:00+00:00,159.33,159.36,159.33,159.355,260.1
2026-05-27 07:50:00+00:00,159.356,159.358,159.339,159.339,379.42
2026-05-27 07:55:00+00:00,159.339,159.364,159.327,159.358,410.05
2026-05-27 08:00:00+00:00,159.358,159.361,159.317,159.329,759.67
2026-05-27 08:05:00+00:00,159.33,159.344,159.322,159.329,167.32
2026-05-27 08:10:00+00:00,159.333,159.373,159.328,159.371,276.45
2026-05-27 08:15:00+00:00,159.368,159.4,159.362,159.4,330.34
2026-05-27 08:20:00+00:00,159.401,159.442,159.397,159.433,692.65
2026-05-27 08:25:00+00:00,159.433,159.444,159.414,159.434,470.35
2026-05-27 08:30:00+00:00,159.435,159.438,159.421,159.422,212.77
2026-05-27 08:35:00+00:00,159.42,159.423,159.385,159.385,306.7
2026-05-27 08:40:00+00:00,159.387,159.387,159.369,159.387,211.95
2026-05-27 08:45:00+00:00,159.388,159.399,159.386,159.389,363.97
2026-05-27 08:50:00+00:00,159.388,159.4,159.382,159.399,254.28
2026-05-27 08:55:00+00:00,159.4,159.4,159.383,159.392,274.65
2026-05-27 09:00:00+00:00,159.392,159.398,159.383,159.388,198.96
2026-05-27 09:05:00+00:00,159.388,159.392,159.38,159.382,107.85
2026-05-27 09:10:00+00:00,159.379,159.379,159.337,159.341,294.41
2026-05-27 09:15:00+00:00,159.34,159.351,159.317,159.326,217.0
2026-05-27 09:20:00+00:00,159.326,159.335,159.318,159.329,152.29
2026-05-27 09:25:00+00:00,159.327,159.344,159.325,159.334,193.69
2026-05-27 09:30:00+00:00,159.333,159.353,159.333,159.339,129.9
2026-05-27 09:35:00+00:00,159.342,159.351,159.339,159.35,125.85
2026-05-27 09:40:00+00:00,159.354,159.355,159.337,159.346,119.26
2026-05-27 09:45:00+00:00,159.347,159.347,159.339,159.343,97.69
2026-05-27 09:50:00+00:00,159.343,159.353,159.331,159.331,96.0
2026-05-27 09:55:00+00:00,159.332,159.358,159.319,159.355,223.22
2026-05-27 10:00:00+00:00,159.353,159.366,159.353,159.364,356.91
2026-05-27 10:05:00+00:00,159.364,159.365,159.35,159.354,224.64
2026-05-27 10:10:00+00:00,159.353,159.356,159.345,159.349,112.8
2026-05-27 10:15:00+00:00,159.35,159.367,159.348,159.362,168.45
2026-05-27 10:20:00+00:00,159.363,159.378,159.356,159.378,266.77
2026-05-27 10:25:00+00:00,159.38,159.39,159.375,159.376,86.29
2026-05-27 10:30:00+00:00,159.378,159.388,159.375,159.378,165.1
2026-05-27 10:35:00+00:00,159.376,159.39,159.362,159.385,129.3
2026-05-27 10:40:00+00:00,159.386,159.387,159.378,159.382,98.7
2026-05-27 10:45:00+00:00,159.379,159.388,159.377,159.378,110.85
2026-05-27 10:50:00+00:00,159.379,159.39,159.373,159.381,132.9
2026-05-27 10:55:00+00:00,159.38,159.39,159.38,159.383,123.75
2026-05-27 11:00:00+00:00,159.385,159.39,159.373,159.378,118.12
2026-05-27 11:05:00+00:00,159.38,159.403,159.38,159.397,233.85
2026-05-27 11:10:00+00:00,159.397,159.41,159.387,159.388,120.94
2026-05-27 11:15:00+00:00,159.387,159.403,159.382,159.401,114.6
2026-05-27 11:20:00+00:00,159.401,159.411,159.397,159.405,115.5
2026-05-27 11:25:00+00:00,159.406,159.42,159.406,159.418,119.62
2026-05-27 11:30:00+00:00,159.419,159.446,159.419,159.427,245.7
2026-05-27 11:35:00+00:00,159.429,159.429,159.408,159.418,234.44
2026-05-27 11:40:00+00:00,159.417,159.429,159.416,159.419,231.52
2026-05-27 11:45:00+00:00,159.42,159.434,159.42,159.431,287.08
2026-05-27 11:50:00+00:00,159.431,159.447,159.429,159.444,375.67
2026-05-27 11:55:00+00:00,159.444,159.448,159.431,159.431,687.98
2026-05-27 12:00:00+00:00,159.43,159.445,159.419,159.423,664.87
2026-05-27 12:05:00+00:00,159.422,159.426,159.414,159.418,224.17
2026-05-27 12:10:00+00:00,159.419,159.442,159.413,159.439,305.27
2026-05-27 12:15:00+00:00,159.44,159.447,159.329,159.405,1584.84
2026-05-27 12:20:00+00:00,159.411,159.415,159.245,159.339,2502.32
2026-05-27 12:25:00+00:00,159.34,159.343,159.272,159.328,1326.03
2026-05-27 12:30:00+00:00,159.33,159.353,159.294,159.341,891.84
2026-05-27 12:35:00+00:00,159.34,159.355,159.29,159.341,952.07
2026-05-27 12:40:00+00:00,159.341,159.37,159.335,159.368,601.08
2026-05-27 12:45:00+00:00,159.37,159.394,159.37,159.374,568.5
2026-05-27 12:50:00+00:00,159.375,159.392,159.368,159.38,283.95
2026-05-27 12:55:00+00:00,159.381,159.422,159.377,159.416,366.87
2026-05-27 13:00:00+00:00,159.416,159.425,159.392,159.399,605.7
2026-05-27 13:05:00+00:00,159.4,159.426,159.389,159.418,527.39
2026-05-27 13:10:00+00:00,159.418,159.419,159.404,159.407,538.57
2026-05-27 13:15:00+00:00,159.405,159.417,159.402,159.407,272.4
2026-05-27 13:20:00+00:00,159.409,159.428,159.405,159.414,288.75
2026-05-27 13:25:00+00:00,159.413,159.426,159.401,159.418,585.06
2026-05-27 13:30:00+00:00,159.418,159.423,159.407,159.411,357.0
2026-05-27 13:35:00+00:00,159.41,159.434,159.407,159.42,422.79
2026-05-27 13:40:00+00:00,159.419,159.423,159.405,159.41,368.25
2026-05-27 13:45:00+00:00,159.41,159.411,159.383,159.405,692.35
2026-05-27 13:50:00+00:00,159.405,159.417,159.391,159.399,751.14
2026-05-27 13:55:00+00:00,159.399,159.401,159.383,159.383,348.09
2026-05-27 14:00:00+00:00,159.382,159.407,159.374,159.395,403.47
2026-05-27 14:05:00+00:00,159.394,159.412,159.393,159.402,528.58
2026-05-27 14:10:00+00:00,159.403,159.404,159.38,159.381,464.63
2026-05-27 14:15:00+00:00,159.382,159.392,159.369,159.381,513.52
2026-05-27 14:20:00+00:00,159.38,159.409,159.371,159.403,720.66
2026-05-27 14:25:00+00:00,159.402,159.407,159.392,159.394,386.49
2026-05-27 14:30:00+00:00,159.392,159.449,159.379,159.43,1237.02
2026-05-27 14:35:00+00:00,159.431,159.44,159.414,159.426,699.33
2026-05-27 14:40:00+00:00,159.424,159.443,159.416,159.416,486.45
2026-05-27 14:45:00+00:00,159.415,159.468,159.401,159.464,973.79
2026-05-27 14:50:00+00:00,159.464,159.501,159.453,159.487,1745.76
2026-05-27 14:55:00+00:00,159.488,159.509,159.474,159.507,2163.43
2026-05-27 15:00:00+00:00,159.508,159.535,159.467,159.486,1765.62
2026-05-27 15:05:00+00:00,159.487,159.488,159.456,159.466,717.93
2026-05-27 15:10:00+00:00,159.468,159.48,159.451,159.456,381.9
2026-05-27 15:15:00+00:00,159.457,159.492,159.457,159.482,459.0
2026-05-27 15:20:00+00:00,159.483,159.49,159.468,159.482,555.9
2026-05-27 15:25:00+00:00,159.482,159.484,159.458,159.469,235.57
2026-05-27 15:30:00+00:00,159.467,159.473,159.434,159.44,813.74
2026-05-27 15:35:00+00:00,159.441,159.461,159.438,159.459,280.05
2026-05-27 15:40:00+00:00,159.458,159.491,159.454,159.482,328.5
2026-05-27 15:45:00+00:00,159.481,159.503,159.456,159.496,355.64
2026-05-27 15:50:00+00:00,159.496,159.502,159.483,159.489,233.25
2026-05-27 15:55:00+00:00,159.488,159.494,159.471,159.472,166.05
2026-05-27 16:00:00+00:00,159.469,159.525,159.468,159.517,772.12
2026-05-27 16:05:00+00:00,159.516,159.52,159.499,159.517,258.24
2026-05-27 16:10:00+00:00,159.518,159.518,159.508,159.509,131.25
2026-05-27 16:15:00+00:00,159.509,159.515,159.496,159.497,218.55
2026-05-27 16:20:00+00:00,159.496,159.498,159.49,159.496,206.7
2026-05-27 16:25:00+00:00,159.495,159.504,159.483,159.501,138.06
2026-05-27 16:30:00+00:00,159.502,159.517,159.5,159.516,179.1
2026-05-27 16:35:00+00:00,159.515,159.518,159.499,159.5,115.2
2026-05-27 16:40:00+00:00,159.498,159.499,159.483,159.494,85.2
2026-05-27 16:45:00+00:00,159.495,159.497,159.491,159.493,48.6
2026-05-27 16:50:00+00:00,159.492,159.495,159.49,159.495,93.3
2026-05-27 16:55:00+00:00,159.495,159.504,159.494,159.496,195.16
2026-05-27 17:00:00+00:00,159.495,159.512,159.494,159.505,261.9
2026-05-27 17:05:00+00:00,159.504,159.544,159.503,159.539,388.35
2026-05-27 17:10:00+00:00,159.54,159.548,159.536,159.544,371.62
2026-05-27 17:15:00+00:00,159.543,159.556,159.54,159.554,359.25
2026-05-27 17:20:00+00:00,159.55,159.575,159.548,159.573,140.4
2026-05-27 17:25:00+00:00,159.572,159.578,159.563,159.569,127.2
2026-05-27 17:30:00+00:00,159.57,159.575,159.556,159.56,157.2
2026-05-27 17:35:00+00:00,159.56,159.56,159.541,159.55,182.7
2026-05-27 17:40:00+00:00,159.549,159.556,159.527,159.527,195.6
2026-05-27 17:45:00+00:00,159.528,159.531,159.516,159.527,285.6
2026-05-27 17:50:00+00:00,159.529,159.53,159.515,159.519,163.8
2026-05-27 17:55:00+00:00,159.518,159.529,159.516,159.523,188.4
2026-05-27 18:00:00+00:00,159.526,159.544,159.518,159.544,139.35
2026-05-27 18:05:00+00:00,159.543,159.543,159.537,159.54,139.2
2026-05-27 18:10:00+00:00,159.54,159.546,159.533,159.545,75.9
2026-05-27 18:15:00+00:00,159.544,159.557,159.543,159.545,178.5
2026-05-27 18:20:00+00:00,159.544,159.546,159.532,159.543,120.9
2026-05-27 18:25:00+00:00,159.542,159.542,159.522,159.531,180.19
2026-05-27 18:30:00+00:00,159.531,159.542,159.52,159.542,175.09
2026-05-27 18:35:00+00:00,159.54,159.545,159.533,159.535,144.9
2026-05-27 18:40:00+00:00,159.537,159.537,159.521,159.521,74.4
2026-05-27 18:45:00+00:00,159.526,159.531,159.517,159.518,101.17
2026-05-27 18:50:00+00:00,159.519,159.527,159.51,159.518,147.52
2026-05-27 18:55:00+00:00,159.519,159.519,159.493,159.502,204.0
2026-05-27 19:00:00+00:00,159.505,159.517,159.5,159.504,147.22
2026-05-27 19:05:00+00:00,159.504,159.508,159.501,159.508,62.4
2026-05-27 19:10:00+00:00,159.511,159.531,159.51,159.523,84.0
2026-05-27 19:15:00+00:00,159.522,159.529,159.516,159.527,65.7
2026-05-27 19:20:00+00:00,159.526,159.528,159.519,159.52,91.65
2026-05-27 19:25:00+00:00,159.521,159.528,159.519,159.521,87.6
2026-05-27 19:30:00+00:00,159.522,159.53,159.512,159.514,103.87
2026-05-27 19:35:00+00:00,159.515,159.521,159.507,159.517,157.05
2026-05-27 19:40:00+00:00,159.517,159.533,159.517,159.529,96.6
2026-05-27 19:45:00+00:00,159.53,159.534,159.528,159.533,84.3
2026-05-27 19:50:00+00:00,159.534,159.55,159.532,159.545,101.4
2026-05-27 19:55:00+00:00,159.543,159.545,159.533,159.539,142.05
2026-05-27 20:00:00+00:00,159.54,159.54,159.519,159.52,283.87
2026-05-27 20:05:00+00:00,159.523,159.53,159.511,159.516,149.17
2026-05-27 20:10:00+00:00,159.514,159.523,159.501,159.514,129.88
2026-05-27 20:15:00+00:00,159.514,159.534,159.513,159.533,106.5
2026-05-27 20:20:00+00:00,159.532,159.535,159.532,159.534,66.3
2026-05-27 20:25:00+00:00,159.533,159.534,159.521,159.523,111.94
2026-05-27 20:30:00+00:00,159.523,159.533,159.521,159.529,124.59
2026-05-27 20:35:00+00:00,159.528,159.53,159.519,159.524,198.8
2026-05-27 20:40:00+00:00,159.524,159.533,159.518,159.523,94.05
2026-05-27 20:45:00+00:00,159.524,159.535,159.522,159.535,110.25
2026-05-27 20:50:00+00:00,159.533,159.537,159.525,159.531,240.75
2026-05-27 20:55:00+00:00,159.528,159.529,159.507,159.513,257.77
2026-05-27 21:00:00+00:00,159.503,159.503,159.417,159.424,6.3
2026-05-27 21:05:00+00:00,159.419,159.433,159.419,159.423,27.9
2026-05-27 21:10:00+00:00,159.428,159.457,159.42,159.436,25.8
2026-05-27 21:15:00+00:00,159.459,159.459,159.421,159.421,4.95
2026-05-27 21:20:00+00:00,159.441,159.453,159.426,159.445,17.4
2026-05-27 21:25:00+00:00,159.452,159.459,159.444,159.444,30.45
2026-05-27 21:30:00+00:00,159.458,159.458,159.444,159.448,54.0
2026-05-27 21:35:00+00:00,159.447,159.456,159.438,159.441,54.32
2026-05-27 21:40:00+00:00,159.441,159.441,159.438,159.441,18.9
2026-05-27 21:45:00+00:00,159.441,159.448,159.424,159.447,13.8
2026-05-27 21:50:00+00:00,159.447,159.452,159.435,159.451,49.8
2026-05-27 21:55:00+00:00,159.445,159.47,159.441,159.467,57.0
2026-05-27 22:00:00+00:00,159.464,159.503,159.462,159.488,150.24
2026-05-27 22:05:00+00:00,159.489,159.5,159.474,159.488,67.95
2026-05-27 22:10:00+00:00,159.491,159.508,159.487,159.488,76.4
2026-05-27 22:15:00+00:00,159.489,159.492,159.477,159.492,33.3
2026-05-27 22:20:00+00:00,159.492,159.492,159.47,159.477,70.57
2026-05-27 22:25:00+00:00,159.477,159.491,159.475,159.49,38.7
2026-05-27 22:30:00+00:00,159.491,159.504,159.49,159.504,44.4
2026-05-27 22:35:00+00:00,159.503,159.508,159.489,159.49,64.8
2026-05-27 22:40:00+00:00,159.491,159.501,159.48,159.501,55.35
2026-05-27 22:45:00+00:00,159.502,159.506,159.5,159.504,36.3
2026-05-27 22:50:00+00:00,159.504,159.515,159.503,159.509,48.0
2026-05-27 22:55:00+00:00,159.508,159.512,159.499,159.5,39.52
2026-05-27 23:00:00+00:00,159.503,159.505,159.502,159.503,19.2
2026-05-27 23:05:00+00:00,159.504,159.51,159.504,159.505,10.8
2026-05-27 23:10:00+00:00,159.504,159.505,159.493,159.505,30.9
2026-05-27 23:15:00+00:00,159.507,159.512,159.493,159.502,49.95
2026-05-27 23:20:00+00:00,159.505,159.545,159.505,159.538,297.59
2026-05-27 23:25:00+00:00,159.539,159.545,159.534,159.541,63.15
2026-05-27 23:30:00+00:00,159.546,159.553,159.521,159.523,263.81
2026-05-27 23:35:00+00:00,159.523,159.544,159.523,159.54,99.75
2026-05-27 23:40:00+00:00,159.544,159.557,159.543,159.544,78.82
2026-05-27 23:45:00+00:00,159.546,159.552,159.541,159.552,70.42
2026-05-27 23:50:00+00:00,159.55,159.576,159.55,159.564,142.86
2026-05-27 23:55:00+00:00,159.566,159.569,159.557,159.569,60.0
2026-05-28 00:00:00+00:00,159.572,159.581,159.565,159.572,301.53
2026-05-28 00:05:00+00:00,159.57,159.574,159.551,159.551,122.22
2026-05-28 00:10:00+00:00,159.553,159.571,159.55,159.564,203.99
2026-05-28 00:15:00+00:00,159.564,159.573,159.556,159.567,178.21
2026-05-28 00:20:00+00:00,159.566,159.568,159.543,159.555,150.48
2026-05-28 00:25:00+00:00,159.555,159.564,159.547,159.547,151.29
2026-05-28 00:30:00+00:00,159.547,159.57,159.547,159.566,229.77
2026-05-28 00:35:00+00:00,159.566,159.588,159.558,159.588,161.25
2026-05-28 00:40:00+00:00,159.586,159.592,159.563,159.575,185.34
2026-05-28 00:45:00+00:00,159.574,159.592,159.571,159.588,218.16
2026-05-28 00:50:00+00:00,159.591,159.599,159.565,159.588,583.42
2026-05-28 00:55:00+00:00,159.589,159.589,159.552,159.555,448.46
2026-05-28 01:00:00+00:00,159.558,159.576,159.553,159.575,252.52
2026-05-28 01:05:00+00:00,159.575,159.576,159.554,159.562,300.57
2026-05-28 01:10:00+00:00,159.562,159.562,159.538,159.548,257.17
2026-05-28 01:15:00+00:00,159.547,159.554,159.537,159.54,244.5
2026-05-28 01:20:00+00:00,159.54,159.549,159.539,159.541,126.0
2026-05-28 01:25:00+00:00,159.547,159.556,159.545,159.551,102.0
2026-05-28 01:30:00+00:00,159.55,159.563,159.537,159.562,164.23
2026-05-28 01:35:00+00:00,159.563,159.566,159.559,159.559,46.2
2026-05-28 01:40:00+00:00,159.56,159.577,159.56,159.574,136.85
2026-05-28 01:45:00+00:00,159.575,159.588,159.572,159.575,160.05
2026-05-28 01:50:00+00:00,159.577,159.586,159.572,159.578,126.15
2026-05-28 01:55:00+00:00,159.579,159.59,159.576,159.587,197.25
2026-05-28 02:00:00+00:00,159.585,159.6,159.576,159.599,233.1
2026-05-28 02:05:00+00:00,159.601,159.601,159.589,159.59,67.05
2026-05-28 02:10:00+00:00,159.59,159.59,159.569,159.572,87.36
2026-05-28 02:15:00+00:00,159.573,159.573,159.553,159.553,60.97
2026-05-28 02:20:00+00:00,159.552,159.552,159.528,159.535,136.65
2026-05-28 02:25:00+00:00,159.534,159.537,159.533,159.537,32.85
2026-05-28 02:30:00+00:00,159.536,159.537,159.524,159.528,102.15
2026-05-28 02:35:00+00:00,159.527,159.553,159.524,159.537,94.05
2026-05-28 02:40:00+00:00,159.538,159.56,159.538,159.553,100.35
2026-05-28 02:45:00+00:00,159.554,159.565,159.553,159.563,227.85
2026-05-28 02:50:00+00:00,159.562,159.58,159.561,159.574,276.75
2026-05-28 02:55:00+00:00,159.572,159.572,159.556,159.558,107.99
2026-05-28 03:00:00+00:00,159.557,159.559,159.54,159.542,128.02
2026-05-28 03:05:00+00:00,159.54,159.552,159.537,159.545,320.24
2026-05-28 03:10:00+00:00,159.544,159.57,159.544,159.566,350.85
2026-05-28 03:15:00+00:00,159.566,159.585,159.565,159.577,179.25
2026-05-28 03:20:00+00:00,159.576,159.587,159.575,159.578,293.77
2026-05-28 03:25:00+00:00,159.579,159.586,159.572,159.584,106.8
2026-05-28 03:30:00+00:00,159.584,159.603,159.583,159.6,169.2
2026-05-28 03:35:00+00:00,159.601,159.63,159.596,159.616,383.21
2026-05-28 03:40:00+00:00,159.614,159.624,159.605,159.623,293.53
2026-05-28 03:45:00+00:00,159.623,159.646,159.621,159.64,317.4
2026-05-28 03:50:00+00:00,159.638,159.651,159.636,159.637,205.3
2026-05-28 03:55:00+00:00,159.637,159.641,159.614,159.616,252.25
2026-05-28 04:00:00+00:00,159.618,159.618,159.592,159.594,320.1
2026-05-28 04:05:00+00:00,159.594,159.612,159.56,159.56,328.95
2026-05-28 04:10:00+00:00,159.561,159.562,159.532,159.533,485.4
2026-05-28 04:15:00+00:00,159.531,159.574,159.524,159.567,466.89
2026-05-28 04:20:00+00:00,159.565,159.566,159.556,159.564,388.95
2026-05-28 04:25:00+00:00,159.564,159.567,159.55,159.563,226.5
2026-05-28 04:30:00+00:00,159.562,159.564,159.538,159.555,126.0
2026-05-28 04:35:00+00:00,159.557,159.581,159.553,159.577,132.6
2026-05-28 04:40:00+00:00,159.575,159.588,159.575,159.578,94.87
2026-05-28 04:45:00+00:00,159.578,159.592,159.576,159.587,81.3
2026-05-28 04:50:00+00:00,159.588,159.592,159.586,159.587,142.65
2026-05-28 04:55:00+00:00,159.587,159.591,159.569,159.575,146.7
2026-05-28 05:00:00+00:00,159.575,159.579,159.562,159.563,235.74
2026-05-28 05:05:00+00:00,159.565,159.573,159.557,159.562,153.75
2026-05-28 05:10:00+00:00,159.563,159.566,159.548,159.553,254.55
2026-05-28 05:15:00+00:00,159.557,159.557,159.547,159.552,79.5
2026-05-28 05:20:00+00:00,159.553,159.575,159.551,159.565,124.25
2026-05-28 05:25:00+00:00,159.564,159.571,159.558,159.564,92.85
2026-05-28 05:30:00+00:00,159.564,159.566,159.55,159.552,181.58
2026-05-28 05:35:00+00:00,159.554,159.561,159.538,159.539,134.25
2026-05-28 05:40:00+00:00,159.538,159.549,159.536,159.541,208.5
2026-05-28 05:45:00+00:00,159.54,159.542,159.531,159.542,65.59
2026-05-28 05:50:00+00:00,159.542,159.556,159.541,159.553,64.8
2026-05-28 05:55:00+00:00,159.554,159.564,159.553,159.556,143.63
2026-05-28 06:00:00+00:00,159.554,159.571,159.539,159.544,326.55
2026-05-28 06:05:00+00:00,159.542,159.545,159.529,159.541,339.75
2026-05-28 06:10:00+00:00,159.54,159.543,159.518,159.518,278.6
2026-05-28 06:15:00+00:00,159.519,159.532,159.512,159.52,175.5
2026-05-28 06:20:00+00:00,159.52,159.521,159.508,159.515,234.9
2026-05-28 06:25:00+00:00,159.515,159.52,159.505,159.519,243.15
2026-05-28 06:30:00+00:00,159.523,159.532,159.502,159.518,240.91
2026-05-28 06:35:00+00:00,159.518,159.518,159.471,159.478,404.88
2026-05-28 06:40:00+00:00,159.478,159.495,159.473,159.475,259.23
2026-05-28 06:45:00+00:00,159.475,159.483,159.469,159.477,300.3
2026-05-28 06:50:00+00:00,159.477,159.492,159.474,159.486,268.65
2026-05-28 06:55:00+00:00,159.486,159.489,159.471,159.489,276.22
2026-05-28 07:00:00+00:00,159.486,159.487,159.44,159.481,536.25
2026-05-28 07:05:00+00:00,159.481,159.495,159.477,159.479,202.32
2026-05-28 07:10:00+00:00,159.479,159.494,159.461,159.465,294.76
2026-05-28 07:15:00+00:00,159.467,159.49,159.467,159.478,361.25
2026-05-28 07:20:00+00:00,159.478,159.48,159.468,159.474,353.62
2026-05-28 07:25:00+00:00,159.473,159.513,159.465,159.506,351.82
2026-05-28 07:30:00+00:00,159.505,159.52,159.488,159.52,348.33
2026-05-28 07:35:00+00:00,159.52,159.522,159.505,159.512,248.65
2026-05-28 07:40:00+00:00,159.515,159.517,159.492,159.493,178.56
2026-05-28 07:45:00+00:00,159.492,159.5,159.481,159.499,146.34
2026-05-28 07:50:00+00:00,159.499,159.511,159.476,159.477,217.52
2026-05-28 07:55:00+00:00,159.478,159.488,159.47,159.477,375.21
2026-05-28 08:00:00+00:00,159.475,159.475,159.45,159.465,450.75
2026-05-28 08:05:00+00:00,159.465,159.47,159.45,159.454,212.21
2026-05-28 08:10:00+00:00,159.455,159.496,159.453,159.492,287.66
2026-05-28 08:15:00+00:00,159.492,159.515,159.492,159.503,339.41
2026-05-28 08:20:00+00:00,159.501,159.509,159.483,159.492,187.85
2026-05-28 08:25:00+00:00,159.49,159.524,159.488,159.501,331.78
2026-05-28 08:30:00+00:00,159.501,159.512,159.487,159.506,361.52
2026-05-28 08:35:00+00:00,159.504,159.504,159.48,159.48,318.05
2026-05-28 08:40:00+00:00,159.481,159.486,159.469,159.478,127.39
2026-05-28 08:45:00+00:00,159.479,159.49,159.457,159.461,195.94
2026-05-28 08:50:00+00:00,159.462,159.469,159.453,159.465,173.1
2026-05-28 08:55:00+00:00,159.466,159.468,159.451,159.456,114.15
2026-05-28 09:00:00+00:00,159.456,159.459,159.452,159.456,168.79
2026-05-28 09:05:00+00:00,159.456,159.456,159.443,159.453,287.81
2026-05-28 09:10:00+00:00,159.453,159.468,159.418,159.421,302.44
2026-05-28 09:15:00+00:00,159.421,159.429,159.395,159.401,306.16
2026-05-28 09:20:00+00:00,159.4,159.403,159.386,159.39,184.31
2026-05-28 09:25:00+00:00,159.391,159.395,159.38,159.393,160.42
2026-05-28 09:30:00+00:00,159.396,159.425,159.394,159.421,224.59
2026-05-28 09:35:00+00:00,159.418,159.42,159.401,159.41,199.65
2026-05-28 09:40:00+00:00,159.412,159.412,159.389,159.39,272.78
2026-05-28 09:45:00+00:00,159.392,159.413,159.392,159.403,140.9
2026-05-28 09:50:00+00:00,159.404,159.404,159.389,159.401,187.41
2026-05-28 09:55:00+00:00,159.406,159.418,159.406,159.415,94.05
2026-05-28 10:00:00+00:00,159.415,159.421,159.401,159.412,108.41
2026-05-28 10:05:00+00:00,159.411,159.411,159.387,159.394,145.54
2026-05-28 10:10:00+00:00,159.392,159.396,159.38,159.381,99.05
2026-05-28 10:15:00+00:00,159.379,159.406,159.378,159.394,235.8
2026-05-28 10:20:00+00:00,159.393,159.404,159.392,159.395,219.45
2026-05-28 10:25:00+00:00,159.396,159.396,159.389,159.39,168.79
2026-05-28 10:30:00+00:00,159.39,159.399,159.39,159.394,61.85
2026-05-28 10:35:00+00:00,159.392,159.403,159.392,159.401,125.93
2026-05-28 10:40:00+00:00,159.402,159.455,159.402,159.451,252.07
2026-05-28 10:45:00+00:00,159.452,159.455,159.412,159.419,253.77
2026-05-28 10:50:00+00:00,159.418,159.461,159.415,159.43,627.49
2026-05-28 10:55:00+00:00,159.43,159.465,159.425,159.465,327.18
2026-05-28 11:00:00+00:00,159.466,159.467,159.421,159.422,662.83
2026-05-28 11:05:00+00:00,159.423,159.447,159.421,159.437,336.44
2026-05-28 11:10:00+00:00,159.438,159.456,159.43,159.441,397.89
2026-05-28 11:15:00+00:00,159.439,159.44,159.426,159.428,393.28
2026-05-28 11:20:00+00:00,159.428,159.45,159.416,159.441,219.99
2026-05-28 11:25:00+00:00,159.439,159.458,159.439,159.454,95.57
2026-05-28 11:30:00+00:00,159.455,159.461,159.444,159.449,70.25
2026-05-28 11:35:00+00:00,159.447,159.458,159.445,159.453,87.82
2026-05-28 11:40:00+00:00,159.453,159.456,159.443,159.449,306.38
2026-05-28 11:45:00+00:00,159.449,159.45,159.44,159.449,240.34
2026-05-28 11:50:00+00:00,159.45,159.467,159.447,159.459,188.18
2026-05-28 11:55:00+00:00,159.461,159.466,159.445,159.463,670.11
2026-05-28 12:00:00+00:00,159.459,159.46,159.445,159.451,456.67
2026-05-28 12:05:00+00:00,159.451,159.451,159.434,159.448,489.0
2026-05-28 12:10:00+00:00,159.447,159.455,159.419,159.419,418.76
2026-05-28 12:15:00+00:00,159.421,159.442,159.415,159.436,279.21
2026-05-28 12:20:00+00:00,159.433,159.44,159.418,159.428,192.34
2026-05-28 12:25:00+00:00,159.427,159.433,159.406,159.415,326.18
2026-05-28 12:30:00+00:00,159.415,159.415,159.322,159.375,1161.53
2026-05-28 12:35:00+00:00,159.373,159.373,159.343,159.355,684.26
2026-05-28 12:40:00+00:00,159.355,159.365,159.348,159.35,629.55
2026-05-28 12:45:00+00:00,159.351,159.354,159.333,159.344,509.74
2026-05-28 12:50:00+00:00,159.344,159.345,159.314,159.329,399.03
2026-05-28 12:55:00+00:00,159.329,159.373,159.324,159.367,560.69
2026-05-28 13:00:00+00:00,159.366,159.366,159.321,159.337,661.89
2026-05-28 13:05:00+00:00,159.337,159.362,159.324,159.35,587.99
2026-05-28 13:10:00+00:00,159.348,159.387,159.348,159.382,430.2
2026-05-28 13:15:00+00:00,159.381,159.399,159.38,159.386,580.5
2026-05-28 13:20:00+00:00,159.382,159.394,159.376,159.387,374.62
2026-05-28 13:25:00+00:00,159.388,159.388,159.372,159.388,439.35
2026-05-28 13:30:00+00:00,159.386,159.411,159.381,159.402,655.35
2026-05-28 13:35:00+00:00,159.405,159.416,159.398,159.414,329.45
2026-05-28 13:40:00+00:00,159.416,159.434,159.401,159.415,476.52
2026-05-28 13:45:00+00:00,159.417,159.434,159.4,159.424,367.24
2026-05-28 13:50:00+00:00,159.426,159.44,159.401,159.439,379.57
2026-05-28 13:55:00+00:00,159.439,159.458,159.434,159.449,290.25
2026-05-28 14:00:00+00:00,159.452,159.491,159.448,159.475,472.76
2026-05-28 14:05:00+00:00,159.474,159.476,159.456,159.459,407.94
2026-05-28 14:10:00+00:00,159.457,159.476,159.18,159.287,2074.54
2026-05-28 14:15:00+00:00,159.286,159.353,159.213,159.262,1789.72
2026-05-28 14:20:00+00:00,159.262,159.335,159.248,159.289,1099.99
2026-05-28 14:25:00+00:00,159.289,159.29,159.232,159.24,1079.39
2026-05-28 14:30:00+00:00,159.241,159.293,159.213,159.287,1981.84
2026-05-28 14:35:00+00:00,159.286,159.338,159.284,159.297,2023.97
2026-05-28 14:40:00+00:00,159.295,159.296,159.203,159.234,1287.29
2026-05-28 14:45:00+00:00,159.233,159.3,159.201,159.273,1865.23
2026-05-28 14:50:00+00:00,159.269,159.292,159.239,159.265,1472.68
2026-05-28 14:55:00+00:00,159.262,159.263,159.223,159.224,1367.92
2026-05-28 15:00:00+00:00,159.223,159.229,159.198,159.213,1040.26
2026-05-28 15:05:00+00:00,159.211,159.237,159.186,159.201,721.92
2026-05-28 15:10:00+00:00,159.2,159.215,159.183,159.206,476.65
2026-05-28 15:15:00+00:00,159.204,159.222,159.182,159.221,440.77
2026-05-28 15:20:00+00:00,159.22,159.24,159.204,159.216,395.71
2026-05-28 15:25:00+00:00,159.215,159.223,159.2,159.209,399.04
2026-05-28 15:30:00+00:00,159.207,159.24,159.197,159.225,421.33
2026-05-28 15:35:00+00:00,159.226,159.266,159.223,159.265,429.63
2026-05-28 15:40:00+00:00,159.267,159.295,159.265,159.275,295.38
2026-05-28 15:45:00+00:00,159.275,159.288,159.264,159.286,220.72
2026-05-28 15:50:00+00:00,159.285,159.292,159.267,159.281,250.35
2026-05-28 15:55:00+00:00,159.281,159.293,159.271,159.291,274.12
2026-05-28 16:00:00+00:00,159.291,159.337,159.286,159.316,342.37
2026-05-28 16:05:00+00:00,159.316,159.316,159.283,159.285,395.93
2026-05-28 16:10:00+00:00,159.284,159.291,159.272,159.276,585.43
2026-05-28 16:15:00+00:00,159.275,159.304,159.236,159.236,908.07
2026-05-28 16:20:00+00:00,159.237,159.241,159.113,159.15,632.11
2026-05-28 16:25:00+00:00,159.149,159.172,159.135,159.172,794.96
2026-05-28 16:30:00+00:00,159.173,159.212,159.173,159.198,1195.05
2026-05-28 16:35:00+00:00,159.198,159.215,159.188,159.214,505.8
2026-05-28 16:40:00+00:00,159.214,159.214,159.175,159.184,386.85
2026-05-28 16:45:00+00:00,159.183,159.185,159.161,159.184,295.79
2026-05-28 16:50:00+00:00,159.184,159.186,159.162,159.177,505.18
2026-05-28 16:55:00+00:00,159.174,159.175,159.149,159.164,458.37
2026-05-28 17:00:00+00:00,159.162,159.165,159.146,159.161,414.36
2026-05-28 17:05:00+00:00,159.161,159.196,159.161,159.166,253.86
2026-05-28 17:10:00+00:00,159.165,159.199,159.16,159.198,175.35
2026-05-28 17:15:00+00:00,159.196,159.205,159.189,159.2,158.85
2026-05-28 17:20:00+00:00,159.199,159.208,159.185,159.199,155.17
2026-05-28 17:25:00+00:00,159.201,159.239,159.2,159.237,129.3
2026-05-28 17:30:00+00:00,159.237,159.237,159.199,159.201,136.35
2026-05-28 17:35:00+00:00,159.202,159.212,159.198,159.199,126.0
2026-05-28 17:40:00+00:00,159.198,159.21,159.195,159.21,78.3
2026-05-28 17:45:00+00:00,159.209,159.211,159.19,159.209,186.82
2026-05-28 17:50:00+00:00,159.211,159.235,159.208,159.22,294.3
2026-05-28 17:55:00+00:00,159.222,159.223,159.197,159.199,197.18
2026-05-28 18:00:00+00:00,159.197,159.215,159.183,159.2,391.56
2026-05-28 18:05:00+00:00,159.197,159.201,159.186,159.195,198.42
2026-05-28 18:10:00+00:00,159.197,159.231,159.197,159.203,209.45
2026-05-28 18:15:00+00:00,159.203,159.227,159.173,159.199,657.69
2026-05-28 18:20:00+00:00,159.196,159.243,159.194,159.228,422.55
2026-05-28 18:25:00+00:00,159.228,159.255,159.227,159.248,433.9
2026-05-28 18:30:00+00:00,159.249,159.275,159.249,159.274,449.66
2026-05-28 18:35:00+00:00,159.274,159.282,159.27,159.28,152.76
2026-05-28 18:40:00+00:00,159.279,159.283,159.262,159.273,206.44
2026-05-28 18:45:00+00:00,159.275,159.275,159.261,159.265,276.09
2026-05-28 18:50:00+00:00,159.267,159.27,159.245,159.251,344.67
2026-05-28 18:55:00+00:00,159.255,159.263,159.247,159.257,583.92
2026-05-28 19:00:00+00:00,159.258,159.276,159.255,159.273,356.02
2026-05-28 19:05:00+00:00,159.273,159.283,159.271,159.282,148.84
2026-05-28 19:10:00+00:00,159.28,159.286,159.27,159.277,183.15
2026-05-28 19:15:00+00:00,159.275,159.278,159.262,159.263,156.3
2026-05-28 19:20:00+00:00,159.262,159.264,159.258,159.261,36.6
2026-05-28 19:25:00+00:00,159.261,159.262,159.252,159.252,90.78
2026-05-28 19:30:00+00:00,159.252,159.253,159.229,159.234,314.42
2026-05-28 19:35:00+00:00,159.235,159.235,159.211,159.211,157.5
2026-05-28 19:40:00+00:00,159.212,159.225,159.207,159.207,89.24
2026-05-28 19:45:00+00:00,159.211,159.221,159.209,159.212,280.47
2026-05-28 19:50:00+00:00,159.214,159.234,159.214,159.22,220.05
2026-05-28 19:55:00+00:00,159.222,159.251,159.222,159.247,282.15
2026-05-28 20:00:00+00:00,159.245,159.254,159.238,159.249,332.07
2026-05-28 20:05:00+00:00,159.25,159.261,159.237,159.246,81.6
2026-05-28 20:10:00+00:00,159.247,159.26,159.247,159.247,303.82
2026-05-28 20:15:00+00:00,159.246,159.255,159.235,159.255,80.25
2026-05-28 20:20:00+00:00,159.253,159.262,159.248,159.259,91.8
2026-05-28 20:25:00+00:00,159.26,159.269,159.256,159.259,64.57
2026-05-28 20:30:00+00:00,159.26,159.262,159.247,159.258,41.4
2026-05-28 20:35:00+00:00,159.26,159.272,159.258,159.261,83.25
2026-05-28 20:40:00+00:00,159.259,159.264,159.256,159.258,128.97
2026-05-28 20:45:00+00:00,159.258,159.261,159.247,159.259,193.01
2026-05-28 20:50:00+00:00,159.258,159.259,159.246,159.249,94.26
2026-05-28 20:55:00+00:00,159.249,159.257,159.222,159.227,218.03
2026-05-28 21:00:00+00:00,159.227,159.227,159.19,159.19,5.85
2026-05-28 21:05:00+00:00,159.187,159.187,159.179,159.184,12.9
2026-05-28 21:10:00+00:00,159.187,159.188,159.184,159.184,14.4
2026-05-28 21:15:00+00:00,159.19,159.191,159.184,159.186,15.6
2026-05-28 21:20:00+00:00,159.186,159.188,159.181,159.188,19.2
2026-05-28 21:25:00+00:00,159.191,159.194,159.18,159.188,15.6
2026-05-28 21:30:00+00:00,159.197,159.206,159.189,159.206,112.05
2026-05-28 21:35:00+00:00,159.203,159.233,159.201,159.23,224.55
2026-05-28 21:40:00+00:00,159.23,159.232,159.211,159.22,226.8
2026-05-28 21:45:00+00:00,159.22,159.225,159.208,159.225,22.2
2026-05-28 21:50:00+00:00,159.225,159.225,159.21,159.221,54.0
2026-05-28 21:55:00+00:00,159.22,159.232,159.211,159.226,49.2
2026-05-28 22:00:00+00:00,159.225,159.258,159.211,159.252,184.12
2026-05-28 22:05:00+00:00,159.244,159.248,159.223,159.238,155.61
2026-05-28 22:10:00+00:00,159.237,159.239,159.22,159.223,86.81
2026-05-28 22:15:00+00:00,159.223,159.242,159.223,159.242,54.97
2026-05-28 22:20:00+00:00,159.24,159.243,159.236,159.239,72.28
2026-05-28 22:25:00+00:00,159.241,159.253,159.238,159.25,55.72
2026-05-28 22:30:00+00:00,159.25,159.277,159.25,159.264,88.57
2026-05-28 22:35:00+00:00,159.264,159.274,159.263,159.264,36.6
2026-05-28 22:40:00+00:00,159.264,159.264,159.249,159.25,56.54
2026-05-28 22:45:00+00:00,159.25,159.275,159.241,159.246,102.12
2026-05-28 22:50:00+00:00,159.247,159.249,159.235,159.246,124.2
2026-05-28 22:55:00+00:00,159.246,159.263,159.237,159.262,58.05
2026-05-28 23:00:00+00:00,159.262,159.265,159.235,159.25,171.86
2026-05-28 23:05:00+00:00,159.249,159.262,159.248,159.251,73.25
2026-05-28 23:10:00+00:00,159.25,159.253,159.248,159.252,27.6
2026-05-28 23:15:00+00:00,159.251,159.254,159.24,159.251,84.6
2026-05-28 23:20:00+00:00,159.25,159.251,159.234,159.237,80.4
2026-05-28 23:25:00+00:00,159.235,159.239,159.232,159.235,39.74
2026-05-28 23:30:00+00:00,159.235,159.275,159.223,159.223,168.47
2026-05-28 23:35:00+00:00,159.224,159.271,159.224,159.264,238.81
2026-05-28 23:40:00+00:00,159.264,159.266,159.251,159.265,79.95
2026-05-28 23:45:00+00:00,159.264,159.275,159.25,159.26,130.12
2026-05-28 23:50:00+00:00,159.26,159.261,159.22,159.252,174.58
2026-05-28 23:55:00+00:00,159.253,159.274,159.251,159.272,158.6
2026-05-29 00:00:00+00:00,159.27,159.301,159.26,159.287,472.29
2026-05-29 00:05:00+00:00,159.289,159.307,159.275,159.305,348.36
2026-05-29 00:10:00+00:00,159.31,159.311,159.29,159.29,175.61
2026-05-29 00:15:00+00:00,159.29,159.294,159.262,159.265,231.84
2026-05-29 00:20:00+00:00,159.265,159.273,159.246,159.273,184.5
2026-05-29 00:25:00+00:00,159.271,159.286,159.253,159.275,375.61
2026-05-29 00:30:00+00:00,159.275,159.302,159.275,159.301,235.95
2026-05-29 00:35:00+00:00,159.301,159.301,159.286,159.29,165.53
2026-05-29 00:40:00+00:00,159.29,159.291,159.265,159.273,169.85
2026-05-29 00:45:00+00:00,159.274,159.291,159.273,159.283,166.09
2026-05-29 00:50:00+00:00,159.283,159.312,159.272,159.306,575.62
2026-05-29 00:55:00+00:00,159.302,159.325,159.29,159.291,477.2
2026-05-29 01:00:00+00:00,159.291,159.317,159.276,159.298,282.9
2026-05-29 01:05:00+00:00,159.299,159.307,159.259,159.275,298.79
2026-05-29 01:10:00+00:00,159.275,159.285,159.251,159.26,351.57
2026-05-29 01:15:00+00:00,159.259,159.271,159.252,159.258,266.9
2026-05-29 01:20:00+00:00,159.258,159.278,159.254,159.274,235.08
2026-05-29 01:25:00+00:00,159.273,159.275,159.26,159.272,291.91
2026-05-29 01:30:00+00:00,159.274,159.282,159.27,159.28,199.31
2026-05-29 01:35:00+00:00,159.278,159.284,159.27,159.276,143.91
2026-05-29 01:40:00+00:00,159.275,159.291,159.273,159.286,144.0
2026-05-29 01:45:00+00:00,159.287,159.327,159.287,159.321,243.2
2026-05-29 01:50:00+00:00,159.323,159.324,159.311,159.314,231.9
2026-05-29 01:55:00+00:00,159.313,159.327,159.31,159.315,188.17
2026-05-29 02:00:00+00:00,159.317,159.32,159.298,159.301,156.85
2026-05-29 02:05:00+00:00,159.302,159.311,159.296,159.307,272.62
2026-05-29 02:10:00+00:00,159.307,159.307,159.293,159.296,169.35
2026-05-29 02:15:00+00:00,159.295,159.309,159.294,159.309,93.05
2026-05-29 02:20:00+00:00,159.306,159.309,159.297,159.309,131.1
2026-05-29 02:25:00+00:00,159.311,159.312,159.295,159.297,141.3
2026-05-29 02:30:00+00:00,159.301,159.309,159.297,159.297,140.55
2026-05-29 02:35:00+00:00,159.296,159.303,159.293,159.294,78.6
2026-05-29 02:40:00+00:00,159.293,159.295,159.275,159.285,65.7
2026-05-29 02:45:00+00:00,159.281,159.283,159.273,159.279,49.35
2026-05-29 02:50:00+00:00,159.282,159.292,159.276,159.287,85.5
2026-05-29 02:55:00+00:00,159.289,159.313,159.283,159.312,124.7
2026-05-29 03:00:00+00:00,159.313,159.338,159.311,159.326,181.62
2026-05-29 03:05:00+00:00,159.326,159.332,159.31,159.325,152.44
2026-05-29 03:10:00+00:00,159.327,159.337,159.321,159.329,199.34
2026-05-29 03:15:00+00:00,159.327,159.338,159.323,159.333,163.4
2026-05-29 03:20:00+00:00,159.336,159.349,159.332,159.345,185.99
2026-05-29 03:25:00+00:00,159.345,159.354,159.331,159.334,304.42
2026-05-29 03:30:00+00:00,159.333,159.339,159.321,159.328,209.76
2026-05-29 03:35:00+00:00,159.332,159.347,159.324,159.338,187.7
2026-05-29 03:40:00+00:00,159.34,159.35,159.338,159.341,76.25
2026-05-29 03:45:00+00:00,159.34,159.354,159.34,159.352,64.8
2026-05-29 03:50:00+00:00,159.351,159.362,159.345,159.361,128.07
2026-05-29 03:55:00+00:00,159.36,159.367,159.348,159.359,170.1
2026-05-29 04:00:00+00:00,159.359,159.377,159.342,159.37,166.62
2026-05-29 04:05:00+00:00,159.371,159.376,159.353,159.354,105.22
2026-05-29 04:10:00+00:00,159.353,159.353,159.345,159.349,74.7
2026-05-29 04:15:00+00:00,159.348,159.354,159.335,159.345,122.1
2026-05-29 04:20:00+00:00,159.345,159.351,159.341,159.342,125.4
2026-05-29 04:25:00+00:00,159.344,159.352,159.336,159.337,193.35
2026-05-29 04:30:00+00:00,159.338,159.356,159.336,159.356,105.9
2026-05-29 04:35:00+00:00,159.355,159.355,159.337,159.337,136.35
2026-05-29 04:40:00+00:00,159.337,159.337,159.316,159.319,129.9
2026-05-29 04:45:00+00:00,159.32,159.324,159.314,159.32,136.5
2026-05-29 04:50:00+00:00,159.322,159.322,159.306,159.309,97.27
2026-05-29 04:55:00+00:00,159.308,159.31,159.3,159.3,129.45
2026-05-29 05:00:00+00:00,159.3,159.313,159.295,159.313,85.2
2026-05-29 05:05:00+00:00,159.314,159.326,159.303,159.305,139.05
2026-05-29 05:10:00+00:00,159.306,159.306,159.284,159.284,126.6
2026-05-29 05:15:00+00:00,159.285,159.302,159.285,159.297,256.2
2026-05-29 05:20:00+00:00,159.298,159.304,159.294,159.301,49.5
2026-05-29 05:25:00+00:00,159.299,159.304,159.287,159.3,81.6
2026-05-29 05:30:00+00:00,159.299,159.304,159.295,159.303,121.71
2026-05-29 05:35:00+00:00,159.301,159.312,159.301,159.304,66.99
2026-05-29 05:40:00+00:00,159.305,159.305,159.288,159.288,150.2
2026-05-29 05:45:00+00:00,159.289,159.297,159.288,159.296,91.8
2026-05-29 05:50:00+00:00,159.298,159.306,159.297,159.305,107.22
2026-05-29 05:55:00+00:00,159.31,159.331,159.305,159.311,253.2
2026-05-29 06:00:00+00:00,159.308,159.319,159.304,159.304,343.05
2026-05-29 06:05:00+00:00,159.304,159.33,159.304,159.326,217.05
2026-05-29 06:10:00+00:00,159.325,159.326,159.299,159.301,105.15
2026-05-29 06:15:00+00:00,159.301,159.321,159.301,159.315,165.44
2026-05-29 06:20:00+00:00,159.313,159.319,159.293,159.299,115.42
2026-05-29 06:25:00+00:00,159.298,159.307,159.295,159.305,139.5
2026-05-29 06:30:00+00:00,159.305,159.306,159.285,159.295,214.2
2026-05-29 06:35:00+00:00,159.291,159.299,159.275,159.276,232.05
2026-05-29 06:40:00+00:00,159.277,159.284,159.245,159.247,272.36
2026-05-29 06:45:00+00:00,159.246,159.266,159.246,159.263,214.35
2026-05-29 06:50:00+00:00,159.263,159.273,159.222,159.223,155.92
2026-05-29 06:55:00+00:00,159.224,159.226,159.199,159.212,476.81
2026-05-29 07:00:00+00:00,159.214,159.257,159.208,159.221,691.69
2026-05-29 07:05:00+00:00,159.222,159.24,159.202,159.239,485.64
2026-05-29 07:10:00+00:00,159.238,159.239,159.208,159.221,415.57
2026-05-29 07:15:00+00:00,159.223,159.241,159.208,159.215,261.48
2026-05-29 07:20:00+00:00,159.215,159.261,159.212,159.261,336.96
2026-05-29 07:25:00+00:00,159.262,159.279,159.262,159.274,242.7
2026-05-29 07:30:00+00:00,159.276,159.307,159.276,159.287,270.37
2026-05-29 07:35:00+00:00,159.287,159.301,159.283,159.3,310.25
2026-05-29 07:40:00+00:00,159.299,159.316,159.287,159.289,327.06
2026-05-29 07:45:00+00:00,159.288,159.298,159.262,159.292,289.24
2026-05-29 07:50:00+00:00,159.292,159.294,159.28,159.285,143.1
2026-05-29 07:55:00+00:00,159.284,159.3,159.259,159.262,249.31
2026-05-29 08:00:00+00:00,159.263,159.275,159.244,159.253,579.0
2026-05-29 08:05:00+00:00,159.253,159.253,159.209,159.221,259.2
2026-05-29 08:10:00+00:00,159.224,159.23,159.218,159.229,392.59
2026-05-29 08:15:00+00:00,159.228,159.251,159.228,159.245,163.2
2026-05-29 08:20:00+00:00,159.245,159.27,159.244,159.27,186.79
2026-05-29 08:25:00+00:00,159.269,159.279,159.26,159.274,164.02
2026-05-29 08:30:00+00:00,159.275,159.288,159.261,159.281,267.37
2026-05-29 08:35:00+00:00,159.281,159.3,159.276,159.285,244.35
2026-05-29 08:40:00+00:00,159.285,159.288,159.261,159.267,212.75
2026-05-29 08:45:00+00:00,159.269,159.285,159.269,159.285,112.72
2026-05-29 08:50:00+00:00,159.285,159.316,159.284,159.295,264.9
2026-05-29 08:55:00+00:00,159.298,159.312,159.286,159.294,405.42
2026-05-29 09:00:00+00:00,159.293,159.298,159.265,159.286,413.28
2026-05-29 09:05:00+00:00,159.285,159.291,159.275,159.29,174.67
2026-05-29 09:10:00+00:00,159.288,159.299,159.275,159.275,222.04
2026-05-29 09:15:00+00:00,159.275,159.284,159.247,159.25,336.24
2026-05-29 09:20:00+00:00,159.252,159.286,159.252,159.286,235.26
2026-05-29 09:25:00+00:00,159.285,159.288,159.235,159.248,413.41
2026-05-29 09:30:00+00:00,159.246,159.269,159.236,159.265,412.53
2026-05-29 09:35:00+00:00,159.265,159.275,159.264,159.274,163.2
2026-05-29 09:40:00+00:00,159.273,159.285,159.264,159.268,230.1
2026-05-29 09:45:00+00:00,159.269,159.279,159.258,159.279,255.75
2026-05-29 09:50:00+00:00,159.28,159.286,159.272,159.281,168.07
2026-05-29 09:55:00+00:00,159.279,159.298,159.276,159.297,346.69
2026-05-29 10:00:00+00:00,159.296,159.32,159.291,159.31,436.19
2026-05-29 10:05:00+00:00,159.311,159.312,159.288,159.296,287.7
2026-05-29 10:10:00+00:00,159.297,159.297,159.27,159.275,102.29
2026-05-29 10:15:00+00:00,159.274,159.298,159.268,159.288,107.85
2026-05-29 10:20:00+00:00,159.288,159.289,159.273,159.282,152.14
2026-05-29 10:25:00+00:00,159.282,159.298,159.274,159.275,141.75
2026-05-29 10:30:00+00:00,159.275,159.284,159.27,159.274,138.9
2026-05-29 10:35:00+00:00,159.275,159.277,159.265,159.27,157.65
2026-05-29 10:40:00+00:00,159.271,159.287,159.27,159.273,108.6
2026-05-29 10:45:00+00:00,159.271,159.275,159.262,159.275,162.87
2026-05-29 10:50:00+00:00,159.274,159.286,159.27,159.285,541.5
2026-05-29 10:55:00+00:00,159.285,159.291,159.284,159.285,72.0
2026-05-29 11:00:00+00:00,159.287,159.29,159.274,159.284,122.77
2026-05-29 11:05:00+00:00,159.284,159.29,159.28,159.288,159.45
2026-05-29 11:10:00+00:00,159.289,159.3,159.285,159.285,156.45
2026-05-29 11:15:00+00:00,159.283,159.288,159.273,159.276,124.72
2026-05-29 11:20:00+00:00,159.274,159.274,159.268,159.272,105.15
2026-05-29 11:25:00+00:00,159.271,159.285,159.268,159.281,216.94
2026-05-29 11:30:00+00:00,159.282,159.297,159.282,159.294,135.45
2026-05-29 11:35:00+00:00,159.297,159.297,159.272,159.274,356.77
2026-05-29 11:40:00+00:00,159.274,159.277,159.262,159.271,388.76
2026-05-29 11:45:00+00:00,159.271,159.271,159.257,159.265,139.5
2026-05-29 11:50:00+00:00,159.265,159.293,159.259,159.274,553.12
2026-05-29 11:55:00+00:00,159.275,159.275,159.248,159.25,301.01
2026-05-29 12:00:00+00:00,159.251,159.283,159.248,159.265,303.9
2026-05-29 12:05:00+00:00,159.268,159.275,159.252,159.262,356.55
2026-05-29 12:10:00+00:00,159.262,159.274,159.251,159.265,411.6
2026-05-29 12:15:00+00:00,159.265,159.27,159.253,159.259,252.9
2026-05-29 12:20:00+00:00,159.259,159.272,159.255,159.264,291.82
2026-05-29 12:25:00+00:00,159.268,159.275,159.261,159.271,193.42
2026-05-29 12:30:00+00:00,159.27,159.305,159.265,159.285,665.36
2026-05-29 12:35:00+00:00,159.285,159.305,159.281,159.295,394.69
2026-05-29 12:40:00+00:00,159.295,159.298,159.279,159.284,206.25
2026-05-29 12:45:00+00:00,159.285,159.287,159.27,159.278,273.82
2026-05-29 12:50:00+00:00,159.278,159.281,159.26,159.267,298.05
2026-05-29 12:55:00+00:00,159.269,159.274,159.255,159.259,210.66
2026-05-29 13:00:00+00:00,159.256,159.263,159.241,159.251,546.88
2026-05-29 13:05:00+00:00,159.251,159.273,159.247,159.272,251.65
2026-05-29 13:10:00+00:00,159.271,159.282,159.259,159.282,301.65
2026-05-29 13:15:00+00:00,159.282,159.284,159.261,159.271,310.15
2026-05-29 13:20:00+00:00,159.27,159.28,159.257,159.276,243.97
2026-05-29 13:25:00+00:00,159.278,159.283,159.26,159.269,226.65
2026-05-29 13:30:00+00:00,159.27,159.289,159.27,159.282,288.65
2026-05-29 13:35:00+00:00,159.283,159.301,159.282,159.295,336.3
2026-05-29 13:40:00+00:00,159.294,159.304,159.262,159.268,352.38
2026-05-29 13:45:00+00:00,159.268,159.285,159.259,159.277,382.41
2026-05-29 13:50:00+00:00,159.276,159.299,159.275,159.287,351.6
2026-05-29 13:55:00+00:00,159.289,159.309,159.284,159.301,215.25
2026-05-29 14:00:00+00:00,159.3,159.311,159.269,159.284,600.07
2026-05-29 14:05:00+00:00,159.284,159.286,159.275,159.276,289.85
2026-05-29 14:10:00+00:00,159.275,159.328,159.275,159.328,571.11
2026-05-29 14:15:00+00:00,159.326,159.349,159.326,159.344,410.17
2026-05-29 14:20:00+00:00,159.343,159.352,159.324,159.35,304.27
2026-05-29 14:25:00+00:00,159.351,159.355,159.337,159.353,364.35
2026-05-29 14:30:00+00:00,159.353,159.353,159.32,159.322,390.3
2026-05-29 14:35:00+00:00,159.322,159.354,159.315,159.342,387.9
2026-05-29 14:40:00+00:00,159.341,159.341,159.315,159.316,323.84
2026-05-29 14:45:00+00:00,159.317,159.329,159.295,159.301,613.45
2026-05-29 14:50:00+00:00,159.301,159.305,159.181,159.204,1977.27
2026-05-29 14:55:00+00:00,159.204,159.227,159.161,159.188,1901.99
2026-05-29 15:00:00+00:00,159.188,159.205,159.122,159.177,1630.41
2026-05-29 15:05:00+00:00,159.177,159.192,159.099,159.116,1000.43
2026-05-29 15:10:00+00:00,159.118,159.151,159.095,159.151,860.3
2026-05-29 15:15:00+00:00,159.151,159.188,159.149,159.188,590.36
2026-05-29 15:20:00+00:00,159.186,159.195,159.134,159.157,839.94
2026-05-29 15:25:00+00:00,159.157,159.189,159.157,159.179,521.89
2026-05-29 15:30:00+00:00,159.177,159.18,159.141,159.175,642.27
2026-05-29 15:35:00+00:00,159.176,159.205,159.149,159.187,748.17
2026-05-29 15:40:00+00:00,159.187,159.24,159.175,159.217,960.55
2026-05-29 15:45:00+00:00,159.219,159.245,159.199,159.22,582.85
2026-05-29 15:50:00+00:00,159.223,159.238,159.216,159.228,412.71
2026-05-29 15:55:00+00:00,159.229,159.242,159.226,159.23,334.69
2026-05-29 16:00:00+00:00,159.23,159.233,159.198,159.221,370.25
2026-05-29 16:05:00+00:00,159.222,159.243,159.22,159.234,254.1
2026-05-29 16:10:00+00:00,159.233,159.249,159.223,159.238,205.12
2026-05-29 16:15:00+00:00,159.24,159.248,159.221,159.248,187.05
2026-05-29 16:20:00+00:00,159.249,159.25,159.219,159.236,208.35
2026-05-29 16:25:00+00:00,159.237,159.243,159.231,159.232,109.65
2026-05-29 16:30:00+00:00,159.233,159.244,159.198,159.211,474.46
2026-05-29 16:35:00+00:00,159.211,159.215,159.186,159.194,193.8
2026-05-29 16:40:00+00:00,159.192,159.2,159.181,159.182,176.89
2026-05-29 16:45:00+00:00,159.184,159.21,159.182,159.209,173.17
2026-05-29 16:50:00+00:00,159.21,159.225,159.209,159.21,91.95
2026-05-29 16:55:00+00:00,159.206,159.211,159.186,159.197,179.17
2026-05-29 17:00:00+00:00,159.196,159.208,159.192,159.207,290.2
2026-05-29 17:05:00+00:00,159.205,159.207,159.183,159.204,98.74
2026-05-29 17:10:00+00:00,159.203,159.23,159.199,159.23,173.14
2026-05-29 17:15:00+00:00,159.229,159.229,159.22,159.226,94.2
2026-05-29 17:20:00+00:00,159.225,159.255,159.22,159.236,263.74
2026-05-29 17:25:00+00:00,159.236,159.242,159.232,159.235,85.8
2026-05-29 17:30:00+00:00,159.233,159.242,159.228,159.231,93.15
2026-05-29 17:35:00+00:00,159.232,159.245,159.225,159.245,128.89
2026-05-29 17:40:00+00:00,159.243,159.255,159.237,159.244,99.15
2026-05-29 17:45:00+00:00,159.243,159.248,159.235,159.238,167.85
2026-05-29 17:50:00+00:00,159.238,159.268,159.231,159.26,149.32
2026-05-29 17:55:00+00:00,159.262,159.285,159.259,159.283,181.34
2026-05-29 18:00:00+00:00,159.284,159.295,159.272,159.28,228.33
2026-05-29 18:05:00+00:00,159.279,159.288,159.275,159.282,120.89
2026-05-29 18:10:00+00:00,159.283,159.284,159.26,159.264,173.02
2026-05-29 18:15:00+00:00,159.267,159.304,159.26,159.274,173.47
2026-05-29 18:20:00+00:00,159.273,159.299,159.263,159.29,210.6
2026-05-29 18:25:00+00:00,159.291,159.291,159.264,159.268,186.41
2026-05-29 18:30:00+00:00,159.267,159.267,159.244,159.246,147.49
2026-05-29 18:35:00+00:00,159.246,159.249,159.231,159.235,243.18
2026-05-29 18:40:00+00:00,159.233,159.255,159.23,159.247,117.82
2026-05-29 18:45:00+00:00,159.249,159.3,159.245,159.255,764.94
2026-05-29 18:50:00+00:00,159.255,159.256,159.234,159.234,207.82
2026-05-29 18:55:00+00:00,159.233,159.264,159.221,159.261,255.67
2026-05-29 19:00:00+00:00,159.261,159.261,159.23,159.241,247.91
2026-05-29 19:05:00+00:00,159.239,159.24,159.218,159.218,101.55
2026-05-29 19:10:00+00:00,159.218,159.242,159.216,159.234,129.55
2026-05-29 19:15:00+00:00,159.236,159.249,159.222,159.248,136.13
2026-05-29 19:20:00+00:00,159.247,159.259,159.235,159.259,227.68
2026-05-29 19:25:00+00:00,159.263,159.272,159.256,159.261,318.0
2026-05-29 19:30:00+00:00,159.259,159.264,159.246,159.253,154.67
2026-05-29 19:35:00+00:00,159.252,159.266,159.248,159.259,93.16
2026-05-29 19:40:00+00:00,159.26,159.266,159.253,159.259,286.14
2026-05-29 19:45:00+00:00,159.258,159.272,159.252,159.256,261.67
2026-05-29 19:50:00+00:00,159.259,159.259,159.246,159.253,184.85
2026-05-29 19:55:00+00:00,159.25,159.262,159.24,159.26,233.01
2026-05-29 20:00:00+00:00,159.259,159.269,159.257,159.258,462.3
2026-05-29 20:05:00+00:00,159.257,159.264,159.248,159.261,464.1
2026-05-29 20:10:00+00:00,159.261,159.27,159.261,159.263,165.15
2026-05-29 20:15:00+00:00,159.264,159.275,159.264,159.273,57.35
2026-05-29 20:20:00+00:00,159.273,159.275,159.265,159.273,110.64
2026-05-29 20:25:00+00:00,159.273,159.288,159.272,159.274,140.4
2026-05-29 20:30:00+00:00,159.276,159.277,159.262,159.262,68.25
2026-05-29 20:35:00+00:00,159.269,159.274,159.261,159.274,218.05
2026-05-29 20:40:00+00:00,159.273,159.277,159.254,159.256,188.35
2026-05-29 20:45:00+00:00,159.263,159.265,159.248,159.256,546.07
2026-05-29 20:50:00+00:00,159.256,159.265,159.252,159.256,271.05
2026-05-29 20:55:00+00:00,159.255,159.268,159.241,159.249,285.45
