datetime_utc,open,high,low,close,volume
2024-06-30 21:00:00+00:00,160.811,160.811,160.683,160.687,5.94
2024-06-30 21:05:00+00:00,160.688,160.732,160.688,160.728,26.22
2024-06-30 21:10:00+00:00,160.725,160.762,160.725,160.762,24.12
2024-06-30 21:15:00+00:00,160.762,160.765,160.761,160.765,6.6
2024-06-30 21:20:00+00:00,160.765,160.769,160.764,160.768,12.3
2024-06-30 21:25:00+00:00,160.771,160.893,160.771,160.888,29.4
2024-06-30 21:30:00+00:00,160.88,160.88,160.737,160.75,100.5
2024-06-30 21:35:00+00:00,160.749,160.806,160.722,160.789,85.8
2024-06-30 21:40:00+00:00,160.789,160.801,160.783,160.793,85.8
2024-06-30 21:45:00+00:00,160.793,160.798,160.786,160.795,59.4
2024-06-30 21:50:00+00:00,160.793,160.828,160.785,160.828,71.4
2024-06-30 21:55:00+00:00,160.829,160.829,160.817,160.817,18.3
2024-06-30 22:00:00+00:00,160.817,160.941,160.813,160.915,750.64
2024-06-30 22:05:00+00:00,160.914,160.914,160.803,160.818,660.75
2024-06-30 22:10:00+00:00,160.819,160.827,160.811,160.826,281.85
2024-06-30 22:15:00+00:00,160.827,160.868,160.817,160.837,793.2
2024-06-30 22:20:00+00:00,160.836,160.869,160.835,160.848,200.55
2024-06-30 22:25:00+00:00,160.852,160.878,160.831,160.862,359.25
2024-06-30 22:30:00+00:00,160.867,160.896,160.853,160.858,357.6
2024-06-30 22:35:00+00:00,160.858,160.865,160.838,160.855,242.29
2024-06-30 22:40:00+00:00,160.855,160.855,160.798,160.824,331.05
2024-06-30 22:45:00+00:00,160.824,160.863,160.822,160.849,305.7
2024-06-30 22:50:00+00:00,160.848,160.858,160.829,160.831,322.8
2024-06-30 22:55:00+00:00,160.829,160.844,160.814,160.817,316.5
2024-06-30 23:00:00+00:00,160.814,160.833,160.803,160.826,454.35
2024-06-30 23:05:00+00:00,160.83,160.841,160.819,160.82,624.45
2024-06-30 23:10:00+00:00,160.819,160.82,160.776,160.78,560.1
2024-06-30 23:15:00+00:00,160.778,160.797,160.778,160.784,432.3
2024-06-30 23:20:00+00:00,160.783,160.817,160.783,160.806,215.4
2024-06-30 23:25:00+00:00,160.807,160.817,160.805,160.806,234.9
2024-06-30 23:30:00+00:00,160.806,160.812,160.792,160.794,234.3
2024-06-30 23:35:00+00:00,160.793,160.822,160.793,160.822,327.18
2024-06-30 23:40:00+00:00,160.821,160.863,160.82,160.86,633.52
2024-06-30 23:45:00+00:00,160.859,160.89,160.848,160.888,417.45
2024-06-30 23:50:00+00:00,160.887,160.897,160.858,160.872,675.14
2024-06-30 23:55:00+00:00,160.873,160.934,160.868,160.922,1173.24
2024-07-01 00:00:00+00:00,160.922,160.937,160.835,160.869,650.17
2024-07-01 00:05:00+00:00,160.866,160.884,160.832,160.877,438.52
2024-07-01 00:10:00+00:00,160.879,160.893,160.863,160.888,154.74
2024-07-01 00:15:00+00:00,160.89,161.027,160.89,160.962,1153.44
2024-07-01 00:20:00+00:00,160.954,160.981,160.737,160.829,2077.09
2024-07-01 00:25:00+00:00,160.829,160.935,160.819,160.927,1217.22
2024-07-01 00:30:00+00:00,160.928,160.994,160.919,160.986,979.11
2024-07-01 00:35:00+00:00,160.986,161.0,160.936,160.945,1070.28
2024-07-01 00:40:00+00:00,160.944,161.014,160.942,160.984,1130.04
2024-07-01 00:45:00+00:00,160.985,161.146,160.985,161.133,2086.8
2024-07-01 00:50:00+00:00,161.135,161.186,161.108,161.162,1757.28
2024-07-01 00:55:00+00:00,161.165,161.176,160.982,160.991,2096.17
2024-07-01 01:00:00+00:00,160.992,161.035,160.919,160.953,2557.12
2024-07-01 01:05:00+00:00,160.954,160.993,160.903,160.918,2326.41
2024-07-01 01:10:00+00:00,160.918,160.949,160.869,160.945,1714.95
2024-07-01 01:15:00+00:00,160.944,160.973,160.905,160.922,2078.46
2024-07-01 01:20:00+00:00,160.922,160.939,160.898,160.92,1608.18
2024-07-01 01:25:00+00:00,160.921,160.953,160.895,160.936,1843.56
2024-07-01 01:30:00+00:00,160.936,160.948,160.87,160.917,1718.35
2024-07-01 01:35:00+00:00,160.919,160.934,160.885,160.89,1032.85
2024-07-01 01:40:00+00:00,160.889,160.921,160.838,160.918,1648.94
2024-07-01 01:45:00+00:00,160.918,160.923,160.86,160.871,1031.65
2024-07-01 01:50:00+00:00,160.871,160.913,160.869,160.911,830.7
2024-07-01 01:55:00+00:00,160.912,160.922,160.883,160.921,1053.08
2024-07-01 02:00:00+00:00,160.924,160.934,160.859,160.867,1232.3
2024-07-01 02:05:00+00:00,160.867,160.884,160.863,160.871,934.5
2024-07-01 02:10:00+00:00,160.872,160.926,160.87,160.908,843.12
2024-07-01 02:15:00+00:00,160.909,160.909,160.859,160.878,1176.29
2024-07-01 02:20:00+00:00,160.879,160.89,160.844,160.846,968.84
2024-07-01 02:25:00+00:00,160.847,160.873,160.838,160.872,906.65
2024-07-01 02:30:00+00:00,160.873,160.919,160.857,160.919,847.89
2024-07-01 02:35:00+00:00,160.92,160.924,160.894,160.912,567.72
2024-07-01 02:40:00+00:00,160.912,160.938,160.91,160.921,347.42
2024-07-01 02:45:00+00:00,160.921,160.921,160.876,160.878,126.3
2024-07-01 02:50:00+00:00,160.877,160.897,160.871,160.891,837.24
2024-07-01 02:55:00+00:00,160.891,160.897,160.89,160.896,783.75
2024-07-01 03:00:00+00:00,160.896,160.922,160.896,160.917,636.24
2024-07-01 03:05:00+00:00,160.916,160.951,160.913,160.95,704.22
2024-07-01 03:10:00+00:00,160.951,160.961,160.945,160.945,399.0
2024-07-01 03:15:00+00:00,160.947,160.954,160.923,160.949,652.77
2024-07-01 03:20:00+00:00,160.95,160.989,160.947,160.987,334.14
2024-07-01 03:25:00+00:00,160.988,161.005,160.975,160.991,924.42
2024-07-01 03:30:00+00:00,160.991,161.063,160.99,161.02,1005.9
2024-07-01 03:35:00+00:00,161.02,161.042,160.997,161.04,983.4
2024-07-01 03:40:00+00:00,161.041,161.053,161.007,161.05,982.53
2024-07-01 03:45:00+00:00,161.05,161.072,161.04,161.041,801.72
2024-07-01 03:50:00+00:00,161.04,161.041,161.019,161.027,1080.54
2024-07-01 03:55:00+00:00,161.027,161.06,161.021,161.05,873.18
2024-07-01 04:00:00+00:00,161.049,161.053,161.025,161.029,648.12
2024-07-01 04:05:00+00:00,161.028,161.029,160.978,160.98,1003.04
2024-07-01 04:10:00+00:00,160.98,161.037,160.974,161.027,917.25
2024-07-01 04:15:00+00:00,161.029,161.042,161.011,161.012,1105.44
2024-07-01 04:20:00+00:00,161.013,161.03,161.01,161.022,698.34
2024-07-01 04:25:00+00:00,161.023,161.059,161.023,161.037,625.74
2024-07-01 04:30:00+00:00,161.038,161.049,161.018,161.043,546.75
2024-07-01 04:35:00+00:00,161.045,161.076,161.044,161.071,596.4
2024-07-01 04:40:00+00:00,161.071,161.083,161.046,161.06,308.85
2024-07-01 04:45:00+00:00,161.062,161.065,161.059,161.062,73.5
2024-07-01 04:50:00+00:00,161.064,161.073,161.04,161.044,380.79
2024-07-01 04:55:00+00:00,161.044,161.072,161.039,161.072,615.12
2024-07-01 05:00:00+00:00,161.076,161.118,161.065,161.11,198.24
2024-07-01 05:05:00+00:00,161.109,161.121,161.086,161.088,594.87
2024-07-01 05:10:00+00:00,161.088,161.088,161.051,161.067,244.5
2024-07-01 05:15:00+00:00,161.068,161.068,161.023,161.05,465.66
2024-07-01 05:20:00+00:00,161.051,161.052,160.996,161.012,964.52
2024-07-01 05:25:00+00:00,161.011,161.022,161.001,161.02,283.38
2024-07-01 05:30:00+00:00,161.023,161.055,161.018,161.055,701.16
2024-07-01 05:35:00+00:00,161.058,161.073,161.04,161.049,705.48
2024-07-01 05:40:00+00:00,161.05,161.053,161.019,161.024,275.86
2024-07-01 05:45:00+00:00,161.022,161.033,161.004,161.026,660.54
2024-07-01 05:50:00+00:00,161.026,161.043,161.007,161.007,457.29
2024-07-01 05:55:00+00:00,161.008,161.039,160.994,161.037,386.4
2024-07-01 06:00:00+00:00,161.035,161.051,160.994,161.036,1051.23
2024-07-01 06:05:00+00:00,161.035,161.037,160.941,160.975,1229.76
2024-07-01 06:10:00+00:00,160.975,160.989,160.945,160.949,1260.84
2024-07-01 06:15:00+00:00,160.948,160.985,160.936,160.949,1208.46
2024-07-01 06:20:00+00:00,160.95,160.95,160.913,160.92,995.07
2024-07-01 06:25:00+00:00,160.92,160.951,160.905,160.935,1564.21
2024-07-01 06:30:00+00:00,160.935,161.004,160.933,161.001,1250.04
2024-07-01 06:35:00+00:00,161.001,161.022,160.987,161.008,1016.43
2024-07-01 06:40:00+00:00,161.007,161.038,160.972,160.973,1731.42
2024-07-01 06:45:00+00:00,160.974,161.001,160.954,160.999,1187.46
2024-07-01 06:50:00+00:00,160.997,160.998,160.953,160.969,735.87
2024-07-01 06:55:00+00:00,160.967,160.968,160.903,160.903,1426.81
2024-07-01 07:00:00+00:00,160.902,160.938,160.867,160.925,3400.86
2024-07-01 07:05:00+00:00,160.925,160.964,160.91,160.945,2622.16
2024-07-01 07:10:00+00:00,160.945,160.981,160.933,160.939,2264.52
2024-07-01 07:15:00+00:00,160.939,161.018,160.933,161.0,1842.54
2024-07-01 07:20:00+00:00,160.999,161.042,160.998,161.032,1070.18
2024-07-01 07:25:00+00:00,161.03,161.053,161.028,161.052,831.93
2024-07-01 07:30:00+00:00,161.053,161.063,161.018,161.035,1012.39
2024-07-01 07:35:00+00:00,161.035,161.073,161.027,161.031,1234.07
2024-07-01 07:40:00+00:00,161.03,161.031,160.975,160.998,1093.44
2024-07-01 07:45:00+00:00,160.998,161.036,160.996,161.01,1514.79
2024-07-01 07:50:00+00:00,161.01,161.025,160.989,160.996,1819.14
2024-07-01 07:55:00+00:00,160.995,161.058,160.967,161.012,2583.9
2024-07-01 08:00:00+00:00,161.013,161.091,161.012,161.064,1856.7
2024-07-01 08:05:00+00:00,161.064,161.079,161.022,161.038,923.79
2024-07-01 08:10:00+00:00,161.039,161.046,161.01,161.018,2434.1
2024-07-01 08:15:00+00:00,161.02,161.044,161.02,161.038,1022.37
2024-07-01 08:20:00+00:00,161.037,161.044,161.018,161.023,576.39
2024-07-01 08:25:00+00:00,161.023,161.045,161.008,161.008,508.01
2024-07-01 08:30:00+00:00,161.009,161.025,160.976,160.982,528.15
2024-07-01 08:35:00+00:00,160.981,160.984,160.95,160.969,879.48
2024-07-01 08:40:00+00:00,160.969,160.994,160.964,160.97,792.06
2024-07-01 08:45:00+00:00,160.969,160.988,160.965,160.966,519.63
2024-07-01 08:50:00+00:00,160.967,160.994,160.966,160.985,293.1
2024-07-01 08:55:00+00:00,160.982,161.013,160.981,161.009,275.19
2024-07-01 09:00:00+00:00,161.009,161.016,160.969,160.974,280.21
2024-07-01 09:05:00+00:00,160.976,161.0,160.973,160.983,362.31
2024-07-01 09:10:00+00:00,160.985,161.008,160.984,160.998,341.49
2024-07-01 09:15:00+00:00,160.998,161.036,160.996,161.023,350.63
2024-07-01 09:20:00+00:00,161.021,161.027,161.014,161.014,157.35
2024-07-01 09:25:00+00:00,161.016,161.051,161.016,161.051,205.35
2024-07-01 09:30:00+00:00,161.05,161.071,161.041,161.047,369.26
2024-07-01 09:35:00+00:00,161.047,161.064,161.038,161.06,1388.4
2024-07-01 09:40:00+00:00,161.06,161.061,161.047,161.06,706.94
2024-07-01 09:45:00+00:00,161.059,161.064,161.037,161.048,675.54
2024-07-01 09:50:00+00:00,161.047,161.055,161.02,161.024,440.46
2024-07-01 09:55:00+00:00,161.025,161.073,161.01,161.066,403.8
2024-07-01 10:00:00+00:00,161.065,161.072,161.039,161.046,250.8
2024-07-01 10:05:00+00:00,161.045,161.078,161.032,161.07,154.14
2024-07-01 10:10:00+00:00,161.071,161.084,161.052,161.083,480.3
2024-07-01 10:15:00+00:00,161.085,161.103,161.085,161.098,310.77
2024-07-01 10:20:00+00:00,161.097,161.105,161.09,161.095,1542.9
2024-07-01 10:25:00+00:00,161.096,161.114,161.089,161.114,251.55
2024-07-01 10:30:00+00:00,161.115,161.126,161.102,161.111,495.57
2024-07-01 10:35:00+00:00,161.112,161.112,161.084,161.086,512.31
2024-07-01 10:40:00+00:00,161.085,161.108,161.07,161.103,568.35
2024-07-01 10:45:00+00:00,161.105,161.136,161.102,161.133,1043.64
2024-07-01 10:50:00+00:00,161.134,161.148,161.132,161.134,494.79
2024-07-01 10:55:00+00:00,161.13,161.13,161.11,161.123,850.41
2024-07-01 11:00:00+00:00,161.125,161.134,161.087,161.088,281.55
2024-07-01 11:05:00+00:00,161.089,161.124,161.088,161.09,340.2
2024-07-01 11:10:00+00:00,161.089,161.099,161.074,161.09,277.8
2024-07-01 11:15:00+00:00,161.092,161.122,161.091,161.098,246.39
2024-07-01 11:20:00+00:00,161.097,161.111,161.096,161.108,191.7
2024-07-01 11:25:00+00:00,161.109,161.114,161.098,161.1,100.65
2024-07-01 11:30:00+00:00,161.101,161.111,161.086,161.091,296.1
2024-07-01 11:35:00+00:00,161.093,161.124,161.089,161.12,653.19
2024-07-01 11:40:00+00:00,161.12,161.122,161.097,161.112,676.98
2024-07-01 11:45:00+00:00,161.112,161.118,161.098,161.1,102.24
2024-07-01 11:50:00+00:00,161.099,161.118,161.095,161.117,189.69
2024-07-01 11:55:00+00:00,161.115,161.116,161.083,161.099,298.92
2024-07-01 12:00:00+00:00,161.1,161.127,161.099,161.119,372.18
2024-07-01 12:05:00+00:00,161.118,161.14,161.113,161.139,389.07
2024-07-01 12:10:00+00:00,161.14,161.145,161.135,161.143,734.5
2024-07-01 12:15:00+00:00,161.145,161.185,161.145,161.183,1348.5
2024-07-01 12:20:00+00:00,161.183,161.268,161.183,161.262,1679.01
2024-07-01 12:25:00+00:00,161.263,161.276,161.242,161.258,1025.3
2024-07-01 12:30:00+00:00,161.259,161.261,161.218,161.237,1072.29
2024-07-01 12:35:00+00:00,161.238,161.335,161.223,161.329,1741.37
2024-07-01 12:40:00+00:00,161.33,161.389,161.313,161.368,2561.73
2024-07-01 12:45:00+00:00,161.366,161.379,161.333,161.371,1544.33
2024-07-01 12:50:00+00:00,161.37,161.379,161.339,161.342,1328.13
2024-07-01 12:55:00+00:00,161.341,161.373,161.322,161.352,622.06
2024-07-01 13:00:00+00:00,161.353,161.374,161.329,161.364,3072.09
2024-07-01 13:05:00+00:00,161.362,161.39,161.36,161.389,2182.57
2024-07-01 13:10:00+00:00,161.39,161.396,161.356,161.368,1549.05
2024-07-01 13:15:00+00:00,161.367,161.456,161.351,161.448,976.29
2024-07-01 13:20:00+00:00,161.448,161.456,161.378,161.388,1381.09
2024-07-01 13:25:00+00:00,161.384,161.429,161.361,161.415,1824.64
2024-07-01 13:30:00+00:00,161.414,161.419,161.36,161.368,1989.28
2024-07-01 13:35:00+00:00,161.366,161.371,161.338,161.35,1894.2
2024-07-01 13:40:00+00:00,161.349,161.351,161.275,161.295,1922.31
2024-07-01 13:45:00+00:00,161.297,161.327,161.276,161.299,1997.28
2024-07-01 13:50:00+00:00,161.299,161.322,161.275,161.317,2474.04
2024-07-01 13:55:00+00:00,161.318,161.366,161.311,161.344,1200.24
2024-07-01 14:00:00+00:00,161.344,161.344,160.959,161.312,4244.85
2024-07-01 14:05:00+00:00,161.311,161.352,161.257,161.298,2861.48
2024-07-01 14:10:00+00:00,161.299,161.394,161.279,161.327,2787.34
2024-07-01 14:15:00+00:00,161.331,161.404,161.331,161.401,2906.73
2024-07-01 14:20:00+00:00,161.403,161.465,161.403,161.454,4026.93
2024-07-01 14:25:00+00:00,161.453,161.488,161.448,161.465,2496.33
2024-07-01 14:30:00+00:00,161.466,161.578,161.437,161.574,4016.02
2024-07-01 14:35:00+00:00,161.574,161.578,161.522,161.541,2218.79
2024-07-01 14:40:00+00:00,161.538,161.56,161.515,161.552,2518.41
2024-07-01 14:45:00+00:00,161.553,161.576,161.517,161.569,1439.64
2024-07-01 14:50:00+00:00,161.569,161.633,161.569,161.608,2284.58
2024-07-01 14:55:00+00:00,161.609,161.667,161.596,161.655,1550.18
2024-07-01 15:00:00+00:00,161.654,161.719,161.653,161.691,1151.78
2024-07-01 15:05:00+00:00,161.69,161.728,161.642,161.671,2445.7
2024-07-01 15:10:00+00:00,161.669,161.685,161.612,161.623,1818.72
2024-07-01 15:15:00+00:00,161.626,161.655,161.605,161.608,992.4
2024-07-01 15:20:00+00:00,161.607,161.639,161.596,161.63,1896.51
2024-07-01 15:25:00+00:00,161.629,161.661,161.619,161.632,1638.75
2024-07-01 15:30:00+00:00,161.632,161.652,161.61,161.619,1969.11
2024-07-01 15:35:00+00:00,161.62,161.62,161.595,161.6,1983.87
2024-07-01 15:40:00+00:00,161.599,161.634,161.599,161.618,1790.28
2024-07-01 15:45:00+00:00,161.617,161.619,161.533,161.546,1007.13
2024-07-01 15:50:00+00:00,161.549,161.603,161.544,161.595,751.89
2024-07-01 15:55:00+00:00,161.597,161.597,161.533,161.557,454.62
2024-07-01 16:00:00+00:00,161.556,161.598,161.546,161.551,1009.71
2024-07-01 16:05:00+00:00,161.55,161.553,161.522,161.525,651.63
2024-07-01 16:10:00+00:00,161.524,161.537,161.493,161.493,771.03
2024-07-01 16:15:00+00:00,161.494,161.524,161.491,161.493,483.6
2024-07-01 16:20:00+00:00,161.494,161.503,161.475,161.478,664.5
2024-07-01 16:25:00+00:00,161.479,161.486,161.476,161.478,485.85
2024-07-01 16:30:00+00:00,161.482,161.518,161.477,161.507,757.95
2024-07-01 16:35:00+00:00,161.507,161.534,161.506,161.521,450.39
2024-07-01 16:40:00+00:00,161.521,161.535,161.491,161.499,319.5
2024-07-01 16:45:00+00:00,161.5,161.515,161.494,161.513,223.98
2024-07-01 16:50:00+00:00,161.512,161.532,161.496,161.515,614.97
2024-07-01 16:55:00+00:00,161.516,161.549,161.516,161.521,1196.94
2024-07-01 17:00:00+00:00,161.519,161.519,161.48,161.483,447.54
2024-07-01 17:05:00+00:00,161.484,161.484,161.426,161.429,468.36
2024-07-01 17:10:00+00:00,161.429,161.458,161.404,161.416,785.49
2024-07-01 17:15:00+00:00,161.417,161.447,161.417,161.43,638.96
2024-07-01 17:20:00+00:00,161.43,161.448,161.425,161.426,876.3
2024-07-01 17:25:00+00:00,161.427,161.445,161.427,161.431,288.87
2024-07-01 17:30:00+00:00,161.434,161.446,161.428,161.429,485.07
2024-07-01 17:35:00+00:00,161.428,161.445,161.426,161.443,338.25
2024-07-01 17:40:00+00:00,161.451,161.468,161.445,161.458,521.73
2024-07-01 17:45:00+00:00,161.456,161.481,161.454,161.47,380.88
2024-07-01 17:50:00+00:00,161.471,161.492,161.47,161.483,350.88
2024-07-01 17:55:00+00:00,161.483,161.5,161.483,161.498,318.72
2024-07-01 18:00:00+00:00,161.496,161.525,161.49,161.522,603.63
2024-07-01 18:05:00+00:00,161.523,161.525,161.509,161.512,813.33
2024-07-01 18:10:00+00:00,161.511,161.525,161.497,161.512,841.44
2024-07-01 18:15:00+00:00,161.511,161.54,161.509,161.533,574.17
2024-07-01 18:20:00+00:00,161.533,161.565,161.533,161.551,676.14
2024-07-01 18:25:00+00:00,161.55,161.555,161.529,161.537,522.66
2024-07-01 18:30:00+00:00,161.537,161.539,161.511,161.511,678.33
2024-07-01 18:35:00+00:00,161.511,161.514,161.486,161.488,117.18
2024-07-01 18:40:00+00:00,161.486,161.497,161.482,161.496,127.2
2024-07-01 18:45:00+00:00,161.494,161.509,161.484,161.509,117.75
2024-07-01 18:50:00+00:00,161.505,161.505,161.478,161.483,547.17
2024-07-01 18:55:00+00:00,161.482,161.519,161.468,161.518,732.15
2024-07-01 19:00:00+00:00,161.519,161.519,161.469,161.481,1235.97
2024-07-01 19:05:00+00:00,161.482,161.519,161.482,161.508,752.79
2024-07-01 19:10:00+00:00,161.507,161.521,161.495,161.502,799.74
2024-07-01 19:15:00+00:00,161.5,161.508,161.478,161.492,2060.43
2024-07-01 19:20:00+00:00,161.492,161.494,161.464,161.48,1280.58
2024-07-01 19:25:00+00:00,161.479,161.483,161.477,161.482,938.55
2024-07-01 19:30:00+00:00,161.48,161.496,161.472,161.478,878.46
2024-07-01 19:35:00+00:00,161.478,161.509,161.467,161.497,824.64
2024-07-01 19:40:00+00:00,161.497,161.507,161.481,161.486,901.29
2024-07-01 19:45:00+00:00,161.486,161.489,161.477,161.485,545.7
2024-07-01 19:50:00+00:00,161.484,161.496,161.467,161.47,358.62
2024-07-01 19:55:00+00:00,161.47,161.473,161.458,161.473,249.15
2024-07-01 20:00:00+00:00,161.475,161.485,161.434,161.435,189.78
2024-07-01 20:05:00+00:00,161.438,161.463,161.438,161.462,164.09
2024-07-01 20:10:00+00:00,161.462,161.473,161.459,161.47,246.43
2024-07-01 20:15:00+00:00,161.47,161.471,161.459,161.462,130.35
2024-07-01 20:20:00+00:00,161.462,161.465,161.46,161.462,180.75
2024-07-01 20:25:00+00:00,161.46,161.473,161.448,161.462,339.96
2024-07-01 20:30:00+00:00,161.46,161.474,161.45,161.45,209.79
2024-07-01 20:35:00+00:00,161.449,161.474,161.449,161.47,180.93
2024-07-01 20:40:00+00:00,161.47,161.473,161.457,161.467,660.06
2024-07-01 20:45:00+00:00,161.47,161.483,161.465,161.476,358.89
2024-07-01 20:50:00+00:00,161.477,161.486,161.47,161.474,162.09
2024-07-01 20:55:00+00:00,161.472,161.475,161.404,161.421,212.22
2024-07-01 21:00:00+00:00,161.421,161.421,161.363,161.363,7.38
2024-07-01 21:05:00+00:00,161.429,161.482,161.397,161.432,49.95
2024-07-01 21:10:00+00:00,161.474,161.539,161.438,161.539,166.2
2024-07-01 21:15:00+00:00,161.537,161.538,161.459,161.473,63.72
2024-07-01 21:20:00+00:00,161.471,161.475,161.461,161.473,20.4
2024-07-01 21:25:00+00:00,161.471,161.475,161.456,161.469,33.3
2024-07-01 21:30:00+00:00,161.469,161.478,161.46,161.461,81.75
2024-07-01 21:35:00+00:00,161.462,161.463,161.423,161.439,161.4
2024-07-01 21:40:00+00:00,161.437,161.446,161.428,161.437,144.45
2024-07-01 21:45:00+00:00,161.438,161.476,161.429,161.467,201.9
2024-07-01 21:50:00+00:00,161.466,161.473,161.466,161.468,182.4
2024-07-01 21:55:00+00:00,161.468,161.471,161.442,161.445,162.3
2024-07-01 22:00:00+00:00,161.443,161.482,161.415,161.474,572.28
2024-07-01 22:05:00+00:00,161.473,161.49,161.467,161.469,258.45
2024-07-01 22:10:00+00:00,161.469,161.472,161.455,161.456,319.05
2024-07-01 22:15:00+00:00,161.456,161.457,161.432,161.435,242.58
2024-07-01 22:20:00+00:00,161.434,161.437,161.404,161.435,296.85
2024-07-01 22:25:00+00:00,161.434,161.437,161.408,161.411,372.21
2024-07-01 22:30:00+00:00,161.411,161.433,161.408,161.411,312.6
2024-07-01 22:35:00+00:00,161.41,161.421,161.41,161.419,101.22
2024-07-01 22:40:00+00:00,161.42,161.425,161.409,161.41,28.5
2024-07-01 22:45:00+00:00,161.41,161.413,161.407,161.411,118.8
2024-07-01 22:50:00+00:00,161.41,161.433,161.409,161.427,133.2
2024-07-01 22:55:00+00:00,161.426,161.435,161.423,161.433,220.8
2024-07-01 23:00:00+00:00,161.433,161.436,161.421,161.422,534.87
2024-07-01 23:05:00+00:00,161.423,161.434,161.42,161.422,217.5
2024-07-01 23:10:00+00:00,161.422,161.439,161.422,161.434,245.03
2024-07-01 23:15:00+00:00,161.434,161.437,161.419,161.433,301.95
2024-07-01 23:20:00+00:00,161.434,161.436,161.421,161.423,111.15
2024-07-01 23:25:00+00:00,161.423,161.432,161.417,161.432,236.1
2024-07-01 23:30:00+00:00,161.433,161.433,161.421,161.433,180.9
2024-07-01 23:35:00+00:00,161.433,161.473,161.432,161.473,290.07
2024-07-01 23:40:00+00:00,161.472,161.476,161.453,161.475,257.49
2024-07-01 23:45:00+00:00,161.474,161.477,161.443,161.46,272.25
2024-07-01 23:50:00+00:00,161.461,161.503,161.458,161.502,266.7
2024-07-01 23:55:00+00:00,161.502,161.517,161.499,161.513,189.79
2024-07-02 00:00:00+00:00,161.513,161.557,161.506,161.556,595.21
2024-07-02 00:05:00+00:00,161.557,161.582,161.555,161.569,489.52
2024-07-02 00:10:00+00:00,161.57,161.57,161.528,161.533,467.55
2024-07-02 00:15:00+00:00,161.533,161.572,161.533,161.554,403.74
2024-07-02 00:20:00+00:00,161.554,161.566,161.539,161.543,816.89
2024-07-02 00:25:00+00:00,161.543,161.554,161.502,161.502,895.8
2024-07-02 00:30:00+00:00,161.505,161.543,161.504,161.527,292.8
2024-07-02 00:35:00+00:00,161.528,161.631,161.528,161.623,983.32
2024-07-02 00:40:00+00:00,161.623,161.634,161.593,161.617,661.68
2024-07-02 00:45:00+00:00,161.618,161.619,161.572,161.59,564.64
2024-07-02 00:50:00+00:00,161.591,161.641,161.591,161.622,778.65
2024-07-02 00:55:00+00:00,161.627,161.629,161.515,161.524,1181.06
2024-07-02 01:00:00+00:00,161.521,161.526,161.458,161.525,1541.85
2024-07-02 01:05:00+00:00,161.525,161.565,161.525,161.552,651.6
2024-07-02 01:10:00+00:00,161.552,161.587,161.547,161.582,618.06
2024-07-02 01:15:00+00:00,161.581,161.595,161.543,161.545,606.75
2024-07-02 01:20:00+00:00,161.545,161.583,161.544,161.57,476.7
2024-07-02 01:25:00+00:00,161.571,161.627,161.57,161.618,501.12
2024-07-02 01:30:00+00:00,161.617,161.633,161.603,161.631,1180.39
2024-07-02 01:35:00+00:00,161.632,161.652,161.608,161.64,1707.6
2024-07-02 01:40:00+00:00,161.639,161.663,161.608,161.611,1194.3
2024-07-02 01:45:00+00:00,161.61,161.633,161.598,161.604,503.46
2024-07-02 01:50:00+00:00,161.602,161.641,161.586,161.638,260.91
2024-07-02 01:55:00+00:00,161.637,161.655,161.624,161.635,833.49
2024-07-02 02:00:00+00:00,161.637,161.638,161.596,161.604,912.52
2024-07-02 02:05:00+00:00,161.606,161.614,161.554,161.572,478.26
2024-07-02 02:10:00+00:00,161.572,161.601,161.571,161.587,745.35
2024-07-02 02:15:00+00:00,161.588,161.589,161.56,161.571,832.72
2024-07-02 02:20:00+00:00,161.573,161.583,161.534,161.545,793.43
2024-07-02 02:25:00+00:00,161.545,161.588,161.543,161.573,1161.93
2024-07-02 02:30:00+00:00,161.574,161.601,161.564,161.591,1261.23
2024-07-02 02:35:00+00:00,161.591,161.594,161.561,161.565,794.38
2024-07-02 02:40:00+00:00,161.568,161.629,161.565,161.616,527.94
2024-07-02 02:45:00+00:00,161.616,161.625,161.605,161.611,353.91
2024-07-02 02:50:00+00:00,161.609,161.621,161.608,161.615,568.05
2024-07-02 02:55:00+00:00,161.616,161.625,161.61,161.617,812.97
2024-07-02 03:00:00+00:00,161.618,161.648,161.616,161.646,453.51
2024-07-02 03:05:00+00:00,161.646,161.656,161.642,161.653,262.23
2024-07-02 03:10:00+00:00,161.652,161.654,161.639,161.639,351.24
2024-07-02 03:15:00+00:00,161.64,161.65,161.634,161.64,905.91
2024-07-02 03:20:00+00:00,161.639,161.659,161.635,161.659,771.84
2024-07-02 03:25:00+00:00,161.658,161.666,161.651,161.665,423.56
2024-07-02 03:30:00+00:00,161.665,161.676,161.664,161.675,343.77
2024-07-02 03:35:00+00:00,161.675,161.678,161.668,161.669,488.79
2024-07-02 03:40:00+00:00,161.668,161.669,161.651,161.659,702.93
2024-07-02 03:45:00+00:00,161.658,161.664,161.645,161.656,362.88
2024-07-02 03:50:00+00:00,161.656,161.675,161.656,161.675,124.44
2024-07-02 03:55:00+00:00,161.676,161.678,161.658,161.659,96.87
2024-07-02 04:00:00+00:00,161.66,161.665,161.619,161.619,156.0
2024-07-02 04:05:00+00:00,161.619,161.642,161.594,161.612,272.65
2024-07-02 04:10:00+00:00,161.611,161.631,161.595,161.625,417.57
2024-07-02 04:15:00+00:00,161.626,161.629,161.597,161.615,447.66
2024-07-02 04:20:00+00:00,161.615,161.648,161.603,161.646,646.77
2024-07-02 04:25:00+00:00,161.646,161.653,161.624,161.64,1031.71
2024-07-02 04:30:00+00:00,161.639,161.647,161.624,161.639,1001.55
2024-07-02 04:35:00+00:00,161.643,161.672,161.637,161.672,204.09
2024-07-02 04:40:00+00:00,161.673,161.695,161.669,161.674,998.86
2024-07-02 04:45:00+00:00,161.675,161.726,161.674,161.724,833.52
2024-07-02 04:50:00+00:00,161.723,161.742,161.685,161.695,1321.03
2024-07-02 04:55:00+00:00,161.696,161.699,161.66,161.677,846.84
2024-07-02 05:00:00+00:00,161.676,161.68,161.647,161.667,410.37
2024-07-02 05:05:00+00:00,161.666,161.672,161.657,161.67,139.23
2024-07-02 05:10:00+00:00,161.669,161.681,161.65,161.665,240.6
2024-07-02 05:15:00+00:00,161.664,161.667,161.628,161.633,89.74
2024-07-02 05:20:00+00:00,161.64,161.646,161.63,161.639,649.92
2024-07-02 05:25:00+00:00,161.64,161.655,161.625,161.644,399.09
2024-07-02 05:30:00+00:00,161.642,161.683,161.637,161.661,374.34
2024-07-02 05:35:00+00:00,161.662,161.665,161.647,161.647,218.01
2024-07-02 05:40:00+00:00,161.649,161.667,161.641,161.666,218.58
2024-07-02 05:45:00+00:00,161.667,161.669,161.64,161.656,232.53
2024-07-02 05:50:00+00:00,161.655,161.713,161.644,161.711,273.87
2024-07-02 05:55:00+00:00,161.711,161.726,161.7,161.708,269.4
2024-07-02 06:00:00+00:00,161.704,161.708,161.663,161.683,2173.57
2024-07-02 06:05:00+00:00,161.683,161.722,161.68,161.684,1039.14
2024-07-02 06:10:00+00:00,161.685,161.7,161.662,161.676,1177.5
2024-07-02 06:15:00+00:00,161.676,161.681,161.653,161.658,379.8
2024-07-02 06:20:00+00:00,161.657,161.685,161.656,161.67,849.36
2024-07-02 06:25:00+00:00,161.67,161.707,161.664,161.684,828.93
2024-07-02 06:30:00+00:00,161.686,161.713,161.686,161.694,904.5
2024-07-02 06:35:00+00:00,161.693,161.7,161.669,161.69,1112.34
2024-07-02 06:40:00+00:00,161.691,161.7,161.679,161.687,273.71
2024-07-02 06:45:00+00:00,161.686,161.697,161.655,161.67,379.84
2024-07-02 06:50:00+00:00,161.671,161.684,161.616,161.617,333.06
2024-07-02 06:55:00+00:00,161.619,161.679,161.587,161.674,1803.43
2024-07-02 07:00:00+00:00,161.673,161.687,161.655,161.685,2372.67
2024-07-02 07:05:00+00:00,161.684,161.694,161.664,161.681,712.11
2024-07-02 07:10:00+00:00,161.682,161.696,161.663,161.692,531.69
2024-07-02 07:15:00+00:00,161.691,161.701,161.671,161.695,1133.67
2024-07-02 07:20:00+00:00,161.696,161.718,161.678,161.686,1017.95
2024-07-02 07:25:00+00:00,161.685,161.7,161.677,161.691,390.3
2024-07-02 07:30:00+00:00,161.69,161.692,161.663,161.679,179.7
2024-07-02 07:35:00+00:00,161.68,161.681,161.639,161.654,966.3
2024-07-02 07:40:00+00:00,161.654,161.657,161.601,161.603,1963.35
2024-07-02 07:45:00+00:00,161.604,161.632,161.597,161.617,1375.38
2024-07-02 07:50:00+00:00,161.618,161.649,161.617,161.647,1426.26
2024-07-02 07:55:00+00:00,161.648,161.671,161.64,161.658,612.84
2024-07-02 08:00:00+00:00,161.657,161.667,161.631,161.634,329.85
2024-07-02 08:05:00+00:00,161.636,161.662,161.63,161.636,724.59
2024-07-02 08:10:00+00:00,161.635,161.667,161.628,161.657,421.87
2024-07-02 08:15:00+00:00,161.658,161.68,161.658,161.679,1149.22
2024-07-02 08:20:00+00:00,161.68,161.693,161.671,161.681,1536.42
2024-07-02 08:25:00+00:00,161.682,161.695,161.674,161.685,1682.27
2024-07-02 08:30:00+00:00,161.684,161.692,161.675,161.689,1535.86
2024-07-02 08:35:00+00:00,161.69,161.691,161.66,161.668,1425.23
2024-07-02 08:40:00+00:00,161.669,161.669,161.627,161.634,1129.08
2024-07-02 08:45:00+00:00,161.635,161.636,161.575,161.575,567.45
2024-07-02 08:50:00+00:00,161.574,161.587,161.556,161.586,1664.64
2024-07-02 08:55:00+00:00,161.587,161.604,161.577,161.589,684.12
2024-07-02 09:00:00+00:00,161.589,161.628,161.588,161.604,539.04
2024-07-02 09:05:00+00:00,161.603,161.618,161.561,161.562,228.99
2024-07-02 09:10:00+00:00,161.565,161.588,161.565,161.577,1085.73
2024-07-02 09:15:00+00:00,161.578,161.595,161.574,161.586,402.93
2024-07-02 09:20:00+00:00,161.584,161.601,161.58,161.591,226.53
2024-07-02 09:25:00+00:00,161.592,161.608,161.57,161.604,227.19
2024-07-02 09:30:00+00:00,161.603,161.626,161.59,161.603,241.38
2024-07-02 09:35:00+00:00,161.605,161.606,161.57,161.601,273.21
2024-07-02 09:40:00+00:00,161.602,161.612,161.592,161.603,293.52
2024-07-02 09:45:00+00:00,161.604,161.643,161.604,161.638,173.58
2024-07-02 09:50:00+00:00,161.637,161.652,161.637,161.639,297.57
2024-07-02 09:55:00+00:00,161.64,161.667,161.64,161.666,258.72
2024-07-02 10:00:00+00:00,161.667,161.67,161.648,161.655,425.55
2024-07-02 10:05:00+00:00,161.655,161.658,161.64,161.643,417.75
2024-07-02 10:10:00+00:00,161.642,161.642,161.602,161.615,455.98
2024-07-02 10:15:00+00:00,161.614,161.647,161.611,161.642,584.94
2024-07-02 10:20:00+00:00,161.642,161.654,161.634,161.651,381.3
2024-07-02 10:25:00+00:00,161.653,161.665,161.649,161.663,166.05
2024-07-02 10:30:00+00:00,161.66,161.688,161.647,161.68,741.15
2024-07-02 10:35:00+00:00,161.68,161.686,161.666,161.668,380.4
2024-07-02 10:40:00+00:00,161.668,161.677,161.646,161.649,304.95
2024-07-02 10:45:00+00:00,161.648,161.649,161.626,161.626,226.8
2024-07-02 10:50:00+00:00,161.627,161.651,161.627,161.642,180.72
2024-07-02 10:55:00+00:00,161.643,161.649,161.609,161.611,311.85
2024-07-02 11:00:00+00:00,161.61,161.632,161.606,161.627,321.45
2024-07-02 11:05:00+00:00,161.624,161.635,161.623,161.627,222.45
2024-07-02 11:10:00+00:00,161.627,161.63,161.606,161.63,142.65
2024-07-02 11:15:00+00:00,161.63,161.658,161.629,161.655,391.38
2024-07-02 11:20:00+00:00,161.658,161.672,161.646,161.647,206.19
2024-07-02 11:25:00+00:00,161.646,161.648,161.636,161.642,176.34
2024-07-02 11:30:00+00:00,161.643,161.652,161.608,161.61,295.8
2024-07-02 11:35:00+00:00,161.61,161.635,161.609,161.629,260.76
2024-07-02 11:40:00+00:00,161.627,161.635,161.614,161.628,219.99
2024-07-02 11:45:00+00:00,161.627,161.631,161.621,161.628,118.65
2024-07-02 11:50:00+00:00,161.628,161.631,161.601,161.602,422.23
2024-07-02 11:55:00+00:00,161.601,161.632,161.589,161.623,710.11
2024-07-02 12:00:00+00:00,161.623,161.623,161.568,161.576,841.86
2024-07-02 12:05:00+00:00,161.575,161.592,161.537,161.539,1250.4
2024-07-02 12:10:00+00:00,161.538,161.553,161.524,161.546,1216.2
2024-07-02 12:15:00+00:00,161.547,161.551,161.521,161.548,450.33
2024-07-02 12:20:00+00:00,161.549,161.601,161.549,161.568,2014.83
2024-07-02 12:25:00+00:00,161.569,161.582,161.546,161.549,1400.2
2024-07-02 12:30:00+00:00,161.55,161.574,161.528,161.53,450.9
2024-07-02 12:35:00+00:00,161.529,161.533,161.492,161.496,556.23
2024-07-02 12:40:00+00:00,161.496,161.511,161.483,161.5,973.98
2024-07-02 12:45:00+00:00,161.499,161.534,161.485,161.516,983.49
2024-07-02 12:50:00+00:00,161.515,161.52,161.485,161.5,599.16
2024-07-02 12:55:00+00:00,161.501,161.521,161.48,161.511,1408.08
2024-07-02 13:00:00+00:00,161.512,161.552,161.494,161.546,1510.72
2024-07-02 13:05:00+00:00,161.547,161.55,161.531,161.534,876.72
2024-07-02 13:10:00+00:00,161.533,161.533,161.481,161.497,1666.65
2024-07-02 13:15:00+00:00,161.498,161.516,161.468,161.468,1397.76
2024-07-02 13:20:00+00:00,161.467,161.504,161.456,161.465,734.46
2024-07-02 13:25:00+00:00,161.466,161.484,161.464,161.467,961.2
2024-07-02 13:30:00+00:00,161.47,161.479,161.427,161.446,1588.8
2024-07-02 13:35:00+00:00,161.446,161.451,161.302,161.34,3336.71
2024-07-02 13:40:00+00:00,161.338,161.343,161.266,161.284,3377.28
2024-07-02 13:45:00+00:00,161.284,161.375,161.274,161.334,3203.01
2024-07-02 13:50:00+00:00,161.336,161.388,161.334,161.366,2597.88
2024-07-02 13:55:00+00:00,161.367,161.411,161.362,161.377,1993.17
2024-07-02 14:00:00+00:00,161.375,161.56,161.3,161.517,4993.8
2024-07-02 14:05:00+00:00,161.521,161.593,161.495,161.584,2688.21
2024-07-02 14:10:00+00:00,161.584,161.621,161.557,161.573,2120.06
2024-07-02 14:15:00+00:00,161.574,161.581,161.493,161.504,1442.7
2024-07-02 14:20:00+00:00,161.504,161.523,161.478,161.519,1979.64
2024-07-02 14:25:00+00:00,161.519,161.519,161.456,161.465,1685.91
2024-07-02 14:30:00+00:00,161.466,161.47,161.364,161.406,2340.84
2024-07-02 14:35:00+00:00,161.406,161.434,161.371,161.429,1873.53
2024-07-02 14:40:00+00:00,161.429,161.533,161.429,161.528,2144.67
2024-07-02 14:45:00+00:00,161.529,161.564,161.496,161.512,2637.47
2024-07-02 14:50:00+00:00,161.514,161.514,161.425,161.43,3107.1
2024-07-02 14:55:00+00:00,161.43,161.455,161.402,161.439,2099.1
2024-07-02 15:00:00+00:00,161.438,161.47,161.429,161.435,1516.68
2024-07-02 15:05:00+00:00,161.433,161.445,161.408,161.445,929.49
2024-07-02 15:10:00+00:00,161.445,161.48,161.417,161.461,914.28
2024-07-02 15:15:00+00:00,161.462,161.51,161.461,161.478,599.79
2024-07-02 15:20:00+00:00,161.477,161.531,161.477,161.527,652.86
2024-07-02 15:25:00+00:00,161.528,161.541,161.514,161.521,424.8
2024-07-02 15:30:00+00:00,161.521,161.559,161.509,161.544,843.75
2024-07-02 15:35:00+00:00,161.543,161.547,161.511,161.516,314.19
2024-07-02 15:40:00+00:00,161.516,161.536,161.515,161.522,295.88
2024-07-02 15:45:00+00:00,161.52,161.532,161.511,161.523,143.1
2024-07-02 15:50:00+00:00,161.52,161.528,161.511,161.521,344.52
2024-07-02 15:55:00+00:00,161.525,161.542,161.522,161.534,446.4
2024-07-02 16:00:00+00:00,161.535,161.569,161.532,161.565,388.95
2024-07-02 16:05:00+00:00,161.566,161.586,161.555,161.568,335.07
2024-07-02 16:10:00+00:00,161.568,161.584,161.56,161.569,278.79
2024-07-02 16:15:00+00:00,161.57,161.577,161.562,161.572,185.58
2024-07-02 16:20:00+00:00,161.571,161.6,161.571,161.6,673.05
2024-07-02 16:25:00+00:00,161.6,161.603,161.583,161.584,707.97
2024-07-02 16:30:00+00:00,161.583,161.599,161.576,161.587,642.45
2024-07-02 16:35:00+00:00,161.587,161.591,161.573,161.584,371.54
2024-07-02 16:40:00+00:00,161.584,161.586,161.572,161.573,440.19
2024-07-02 16:45:00+00:00,161.573,161.595,161.573,161.585,324.39
2024-07-02 16:50:00+00:00,161.585,161.588,161.572,161.583,293.31
2024-07-02 16:55:00+00:00,161.582,161.582,161.562,161.574,258.86
2024-07-02 17:00:00+00:00,161.576,161.586,161.571,161.573,650.7
2024-07-02 17:05:00+00:00,161.573,161.573,161.531,161.545,854.22
2024-07-02 17:10:00+00:00,161.549,161.55,161.529,161.535,500.22
2024-07-02 17:15:00+00:00,161.535,161.561,161.535,161.559,730.92
2024-07-02 17:20:00+00:00,161.56,161.56,161.555,161.555,485.88
2024-07-02 17:25:00+00:00,161.557,161.559,161.556,161.559,218.91
2024-07-02 17:30:00+00:00,161.559,161.585,161.556,161.585,182.16
2024-07-02 17:35:00+00:00,161.584,161.584,161.572,161.577,130.8
2024-07-02 17:40:00+00:00,161.578,161.581,161.553,161.553,191.25
2024-07-02 17:45:00+00:00,161.554,161.56,161.545,161.545,103.05
2024-07-02 17:50:00+00:00,161.547,161.56,161.533,161.534,244.8
2024-07-02 17:55:00+00:00,161.533,161.533,161.512,161.523,222.3
2024-07-02 18:00:00+00:00,161.524,161.531,161.503,161.519,936.3
2024-07-02 18:05:00+00:00,161.521,161.523,161.491,161.491,422.4
2024-07-02 18:10:00+00:00,161.492,161.492,161.454,161.467,636.42
2024-07-02 18:15:00+00:00,161.466,161.482,161.465,161.476,578.22
2024-07-02 18:20:00+00:00,161.478,161.481,161.467,161.481,507.93
2024-07-02 18:25:00+00:00,161.48,161.482,161.466,161.469,447.9
2024-07-02 18:30:00+00:00,161.469,161.483,161.469,161.478,716.1
2024-07-02 18:35:00+00:00,161.478,161.479,161.465,161.479,451.62
2024-07-02 18:40:00+00:00,161.479,161.485,161.47,161.479,691.35
2024-07-02 18:45:00+00:00,161.481,161.481,161.468,161.475,335.7
2024-07-02 18:50:00+00:00,161.475,161.482,161.462,161.478,487.98
2024-07-02 18:55:00+00:00,161.479,161.491,161.474,161.49,536.37
2024-07-02 19:00:00+00:00,161.489,161.496,161.479,161.481,473.55
2024-07-02 19:05:00+00:00,161.482,161.49,161.47,161.48,482.64
2024-07-02 19:10:00+00:00,161.481,161.482,161.462,161.464,281.37
2024-07-02 19:15:00+00:00,161.458,161.482,161.458,161.48,242.73
2024-07-02 19:20:00+00:00,161.479,161.483,161.47,161.477,682.71
2024-07-02 19:25:00+00:00,161.478,161.481,161.441,161.448,524.73
2024-07-02 19:30:00+00:00,161.448,161.459,161.446,161.459,259.95
2024-07-02 19:35:00+00:00,161.458,161.46,161.445,161.456,230.4
2024-07-02 19:40:00+00:00,161.455,161.457,161.446,161.455,290.7
2024-07-02 19:45:00+00:00,161.452,161.457,161.442,161.452,172.5
2024-07-02 19:50:00+00:00,161.453,161.455,161.422,161.428,407.37
2024-07-02 19:55:00+00:00,161.427,161.458,161.422,161.457,479.4
2024-07-02 20:00:00+00:00,161.455,161.47,161.418,161.448,294.03
2024-07-02 20:05:00+00:00,161.448,161.459,161.433,161.456,191.46
2024-07-02 20:10:00+00:00,161.456,161.459,161.444,161.459,128.88
2024-07-02 20:15:00+00:00,161.456,161.459,161.455,161.456,29.7
2024-07-02 20:20:00+00:00,161.457,161.467,161.457,161.465,48.99
2024-07-02 20:25:00+00:00,161.469,161.47,161.45,161.453,143.79
2024-07-02 20:30:00+00:00,161.454,161.464,161.449,161.45,237.99
2024-07-02 20:35:00+00:00,161.451,161.452,161.444,161.452,64.5
2024-07-02 20:40:00+00:00,161.45,161.453,161.445,161.446,293.99
2024-07-02 20:45:00+00:00,161.446,161.456,161.426,161.435,244.11
2024-07-02 20:50:00+00:00,161.434,161.434,161.416,161.417,189.15
2024-07-02 20:55:00+00:00,161.42,161.478,161.407,161.41,365.25
2024-07-02 21:00:00+00:00,161.411,161.414,161.396,161.412,21.72
2024-07-02 21:05:00+00:00,161.412,161.415,161.395,161.395,28.74
2024-07-02 21:10:00+00:00,161.396,161.413,161.389,161.39,40.89
2024-07-02 21:15:00+00:00,161.39,161.399,161.389,161.392,30.18
2024-07-02 21:20:00+00:00,161.392,161.407,161.391,161.404,59.34
2024-07-02 21:25:00+00:00,161.403,161.405,161.392,161.392,40.2
2024-07-02 21:30:00+00:00,161.392,161.424,161.388,161.414,97.95
2024-07-02 21:35:00+00:00,161.413,161.449,161.401,161.445,455.4
2024-07-02 21:40:00+00:00,161.445,161.46,161.441,161.453,340.8
2024-07-02 21:45:00+00:00,161.454,161.456,161.43,161.431,370.5
2024-07-02 21:50:00+00:00,161.432,161.436,161.429,161.429,47.7
2024-07-02 21:55:00+00:00,161.419,161.428,161.412,161.426,103.74
2024-07-02 22:00:00+00:00,161.422,161.434,161.381,161.433,235.98
2024-07-02 22:05:00+00:00,161.432,161.436,161.401,161.419,42.6
2024-07-02 22:10:00+00:00,161.415,161.42,161.413,161.414,29.4
2024-07-02 22:15:00+00:00,161.415,161.43,161.401,161.417,122.85
2024-07-02 22:20:00+00:00,161.415,161.421,161.409,161.418,41.7
2024-07-02 22:25:00+00:00,161.417,161.435,161.417,161.429,332.25
2024-07-02 22:30:00+00:00,161.429,161.437,161.427,161.434,184.14
2024-07-02 22:35:00+00:00,161.435,161.436,161.416,161.431,90.0
2024-07-02 22:40:00+00:00,161.43,161.44,161.422,161.44,102.6
2024-07-02 22:45:00+00:00,161.443,161.45,161.428,161.445,426.15
2024-07-02 22:50:00+00:00,161.444,161.444,161.416,161.421,219.69
2024-07-02 22:55:00+00:00,161.423,161.435,161.42,161.42,209.1
2024-07-02 23:00:00+00:00,161.422,161.445,161.417,161.434,556.8
2024-07-02 23:05:00+00:00,161.437,161.439,161.416,161.43,576.75
2024-07-02 23:10:00+00:00,161.43,161.432,161.425,161.431,84.3
2024-07-02 23:15:00+00:00,161.432,161.456,161.424,161.456,227.97
2024-07-02 23:20:00+00:00,161.456,161.502,161.456,161.49,134.97
2024-07-02 23:25:00+00:00,161.493,161.511,161.489,161.51,80.13
2024-07-02 23:30:00+00:00,161.509,161.523,161.506,161.507,244.42
2024-07-02 23:35:00+00:00,161.505,161.513,161.504,161.507,40.2
2024-07-02 23:40:00+00:00,161.506,161.506,161.465,161.469,252.0
2024-07-02 23:45:00+00:00,161.47,161.472,161.452,161.455,367.89
2024-07-02 23:50:00+00:00,161.456,161.493,161.45,161.486,357.75
2024-07-02 23:55:00+00:00,161.484,161.508,161.484,161.488,323.86
2024-07-03 00:00:00+00:00,161.489,161.526,161.442,161.519,1260.35
2024-07-03 00:05:00+00:00,161.516,161.52,161.465,161.465,1868.48
2024-07-03 00:10:00+00:00,161.467,161.506,161.463,161.502,946.05
2024-07-03 00:15:00+00:00,161.502,161.529,161.502,161.52,1282.65
2024-07-03 00:20:00+00:00,161.519,161.523,161.481,161.513,392.35
2024-07-03 00:25:00+00:00,161.514,161.522,161.501,161.515,728.52
2024-07-03 00:30:00+00:00,161.515,161.537,161.515,161.519,1463.93
2024-07-03 00:35:00+00:00,161.519,161.545,161.515,161.545,641.64
2024-07-03 00:40:00+00:00,161.549,161.561,161.543,161.555,379.95
2024-07-03 00:45:00+00:00,161.558,161.562,161.533,161.551,182.03
2024-07-03 00:50:00+00:00,161.552,161.578,161.521,161.552,705.09
2024-07-03 00:55:00+00:00,161.549,161.579,161.53,161.563,862.85
2024-07-03 01:00:00+00:00,161.563,161.576,161.556,161.557,356.07
2024-07-03 01:05:00+00:00,161.558,161.558,161.53,161.545,567.69
2024-07-03 01:10:00+00:00,161.544,161.546,161.519,161.536,493.72
2024-07-03 01:15:00+00:00,161.536,161.585,161.536,161.576,918.48
2024-07-03 01:20:00+00:00,161.576,161.582,161.571,161.581,393.75
2024-07-03 01:25:00+00:00,161.58,161.601,161.57,161.599,327.3
2024-07-03 01:30:00+00:00,161.599,161.6,161.58,161.58,902.6
2024-07-03 01:35:00+00:00,161.58,161.613,161.58,161.61,526.38
2024-07-03 01:40:00+00:00,161.61,161.625,161.607,161.607,146.79
2024-07-03 01:45:00+00:00,161.608,161.621,161.606,161.611,503.28
2024-07-03 01:50:00+00:00,161.612,161.626,161.591,161.625,629.76
2024-07-03 01:55:00+00:00,161.624,161.642,161.61,161.629,761.92
2024-07-03 02:00:00+00:00,161.629,161.64,161.609,161.611,146.82
2024-07-03 02:05:00+00:00,161.611,161.631,161.611,161.627,305.7
2024-07-03 02:10:00+00:00,161.626,161.647,161.622,161.637,395.22
2024-07-03 02:15:00+00:00,161.635,161.638,161.619,161.623,145.8
2024-07-03 02:20:00+00:00,161.624,161.633,161.619,161.623,929.34
2024-07-03 02:25:00+00:00,161.623,161.624,161.595,161.597,449.4
2024-07-03 02:30:00+00:00,161.596,161.604,161.584,161.584,503.79
2024-07-03 02:35:00+00:00,161.585,161.585,161.569,161.573,593.82
2024-07-03 02:40:00+00:00,161.571,161.596,161.564,161.591,667.41
2024-07-03 02:45:00+00:00,161.592,161.603,161.59,161.599,508.38
2024-07-03 02:50:00+00:00,161.603,161.642,161.6,161.636,798.93
2024-07-03 02:55:00+00:00,161.638,161.646,161.634,161.644,500.94
2024-07-03 03:00:00+00:00,161.644,161.648,161.626,161.634,741.39
2024-07-03 03:05:00+00:00,161.633,161.636,161.619,161.625,590.67
2024-07-03 03:10:00+00:00,161.625,161.641,161.62,161.639,290.4
2024-07-03 03:15:00+00:00,161.643,161.644,161.63,161.634,227.43
2024-07-03 03:20:00+00:00,161.635,161.641,161.629,161.631,339.81
2024-07-03 03:25:00+00:00,161.632,161.634,161.63,161.633,254.37
2024-07-03 03:30:00+00:00,161.633,161.655,161.633,161.646,286.68
2024-07-03 03:35:00+00:00,161.644,161.65,161.637,161.637,151.05
2024-07-03 03:40:00+00:00,161.637,161.639,161.631,161.632,221.1
2024-07-03 03:45:00+00:00,161.633,161.636,161.619,161.635,486.0
2024-07-03 03:50:00+00:00,161.635,161.647,161.631,161.634,614.76
2024-07-03 03:55:00+00:00,161.635,161.639,161.627,161.629,154.95
2024-07-03 04:00:00+00:00,161.628,161.629,161.618,161.621,149.37
2024-07-03 04:05:00+00:00,161.62,161.622,161.609,161.619,388.65
2024-07-03 04:10:00+00:00,161.616,161.623,161.612,161.619,248.55
2024-07-03 04:15:00+00:00,161.621,161.626,161.621,161.623,20.4
2024-07-03 04:20:00+00:00,161.624,161.646,161.624,161.645,340.72
2024-07-03 04:25:00+00:00,161.646,161.646,161.633,161.636,223.05
2024-07-03 04:30:00+00:00,161.635,161.673,161.635,161.664,686.4
2024-07-03 04:35:00+00:00,161.665,161.676,161.651,161.67,471.52
2024-07-03 04:40:00+00:00,161.669,161.724,161.668,161.706,1469.81
2024-07-03 04:45:00+00:00,161.698,161.713,161.688,161.711,1021.2
2024-07-03 04:50:00+00:00,161.709,161.725,161.708,161.721,1343.25
2024-07-03 04:55:00+00:00,161.718,161.74,161.71,161.714,1181.87
2024-07-03 05:00:00+00:00,161.714,161.715,161.698,161.705,1157.78
2024-07-03 05:05:00+00:00,161.706,161.817,161.699,161.802,1349.61
2024-07-03 05:10:00+00:00,161.803,161.817,161.781,161.788,1900.26
2024-07-03 05:15:00+00:00,161.788,161.812,161.778,161.802,716.67
2024-07-03 05:20:00+00:00,161.802,161.866,161.802,161.837,858.87
2024-07-03 05:25:00+00:00,161.838,161.838,161.81,161.81,363.6
2024-07-03 05:30:00+00:00,161.811,161.816,161.785,161.806,225.6
2024-07-03 05:35:00+00:00,161.804,161.818,161.794,161.817,536.76
2024-07-03 05:40:00+00:00,161.815,161.815,161.805,161.808,103.95
2024-07-03 05:45:00+00:00,161.809,161.819,161.804,161.818,169.5
2024-07-03 05:50:00+00:00,161.818,161.86,161.816,161.836,155.31
2024-07-03 05:55:00+00:00,161.834,161.893,161.834,161.868,581.43
2024-07-03 06:00:00+00:00,161.867,161.874,161.855,161.871,1141.62
2024-07-03 06:05:00+00:00,161.871,161.894,161.864,161.894,1117.39
2024-07-03 06:10:00+00:00,161.893,161.917,161.881,161.884,763.92
2024-07-03 06:15:00+00:00,161.884,161.912,161.882,161.909,435.96
2024-07-03 06:20:00+00:00,161.909,161.925,161.908,161.923,490.5
2024-07-03 06:25:00+00:00,161.923,161.938,161.918,161.922,864.87
2024-07-03 06:30:00+00:00,161.922,161.934,161.906,161.906,805.05
2024-07-03 06:35:00+00:00,161.906,161.925,161.896,161.907,1255.95
2024-07-03 06:40:00+00:00,161.907,161.907,161.788,161.792,1740.9
2024-07-03 06:45:00+00:00,161.791,161.792,161.671,161.79,2118.51
2024-07-03 06:50:00+00:00,161.79,161.822,161.779,161.815,828.36
2024-07-03 06:55:00+00:00,161.816,161.817,161.78,161.809,1689.69
2024-07-03 07:00:00+00:00,161.811,161.877,161.787,161.866,1737.42
2024-07-03 07:05:00+00:00,161.867,161.899,161.862,161.882,979.19
2024-07-03 07:10:00+00:00,161.884,161.9,161.864,161.884,1080.57
2024-07-03 07:15:00+00:00,161.885,161.885,161.863,161.879,1003.78
2024-07-03 07:20:00+00:00,161.88,161.887,161.852,161.881,1923.9
2024-07-03 07:25:00+00:00,161.881,161.894,161.856,161.865,1392.0
2024-07-03 07:30:00+00:00,161.862,161.862,161.817,161.855,575.61
2024-07-03 07:35:00+00:00,161.854,161.88,161.843,161.856,480.36
2024-07-03 07:40:00+00:00,161.855,161.855,161.806,161.837,665.38
2024-07-03 07:45:00+00:00,161.837,161.872,161.831,161.852,1355.31
2024-07-03 07:50:00+00:00,161.851,161.875,161.789,161.792,1386.33
2024-07-03 07:55:00+00:00,161.791,161.791,161.723,161.766,1590.97
2024-07-03 08:00:00+00:00,161.766,161.798,161.766,161.77,1038.44
2024-07-03 08:05:00+00:00,161.769,161.797,161.769,161.796,1366.61
2024-07-03 08:10:00+00:00,161.796,161.837,161.794,161.823,1041.08
2024-07-03 08:15:00+00:00,161.822,161.843,161.797,161.802,1562.85
2024-07-03 08:20:00+00:00,161.803,161.808,161.759,161.782,1519.04
2024-07-03 08:25:00+00:00,161.783,161.806,161.781,161.794,1301.43
2024-07-03 08:30:00+00:00,161.794,161.824,161.792,161.82,991.15
2024-07-03 08:35:00+00:00,161.82,161.836,161.798,161.802,912.92
2024-07-03 08:40:00+00:00,161.802,161.805,161.765,161.771,1139.23
2024-07-03 08:45:00+00:00,161.772,161.819,161.767,161.797,855.33
2024-07-03 08:50:00+00:00,161.797,161.82,161.795,161.797,1424.62
2024-07-03 08:55:00+00:00,161.798,161.855,161.797,161.845,867.17
2024-07-03 09:00:00+00:00,161.845,161.866,161.832,161.845,946.41
2024-07-03 09:05:00+00:00,161.844,161.845,161.827,161.827,925.38
2024-07-03 09:10:00+00:00,161.827,161.829,161.803,161.819,781.95
2024-07-03 09:15:00+00:00,161.82,161.843,161.799,161.81,1100.28
2024-07-03 09:20:00+00:00,161.81,161.814,161.801,161.808,653.55
2024-07-03 09:25:00+00:00,161.808,161.838,161.806,161.824,1139.37
2024-07-03 09:30:00+00:00,161.823,161.834,161.818,161.832,722.4
2024-07-03 09:35:00+00:00,161.832,161.848,161.826,161.836,368.4
2024-07-03 09:40:00+00:00,161.836,161.869,161.832,161.868,393.54
2024-07-03 09:45:00+00:00,161.869,161.887,161.867,161.881,605.22
2024-07-03 09:50:00+00:00,161.88,161.895,161.868,161.87,1103.98
2024-07-03 09:55:00+00:00,161.872,161.881,161.865,161.866,527.03
2024-07-03 10:00:00+00:00,161.866,161.87,161.845,161.87,447.78
2024-07-03 10:05:00+00:00,161.871,161.884,161.869,161.882,130.35
2024-07-03 10:10:00+00:00,161.884,161.91,161.884,161.909,140.85
2024-07-03 10:15:00+00:00,161.91,161.912,161.9,161.909,613.29
2024-07-03 10:20:00+00:00,161.91,161.919,161.905,161.907,1174.87
2024-07-03 10:25:00+00:00,161.906,161.947,161.906,161.925,794.88
2024-07-03 10:30:00+00:00,161.925,161.947,161.92,161.937,1295.1
2024-07-03 10:35:00+00:00,161.937,161.949,161.907,161.923,1277.75
2024-07-03 10:40:00+00:00,161.924,161.925,161.904,161.911,677.61
2024-07-03 10:45:00+00:00,161.912,161.92,161.904,161.908,566.7
2024-07-03 10:50:00+00:00,161.909,161.941,161.908,161.932,483.9
2024-07-03 10:55:00+00:00,161.933,161.946,161.921,161.936,499.41
2024-07-03 11:00:00+00:00,161.938,161.949,161.929,161.948,571.14
2024-07-03 11:05:00+00:00,161.948,161.949,161.929,161.929,561.7
2024-07-03 11:10:00+00:00,161.928,161.934,161.916,161.93,423.81
2024-07-03 11:15:00+00:00,161.93,161.938,161.915,161.93,620.92
2024-07-03 11:20:00+00:00,161.93,161.935,161.914,161.921,674.87
2024-07-03 11:25:00+00:00,161.921,161.931,161.905,161.911,479.49
2024-07-03 11:30:00+00:00,161.911,161.921,161.903,161.91,614.34
2024-07-03 11:35:00+00:00,161.908,161.922,161.894,161.921,907.2
2024-07-03 11:40:00+00:00,161.922,161.933,161.907,161.916,981.0
2024-07-03 11:45:00+00:00,161.916,161.924,161.91,161.918,1442.88
2024-07-03 11:50:00+00:00,161.918,161.919,161.893,161.899,1098.29
2024-07-03 11:55:00+00:00,161.901,161.923,161.9,161.919,501.75
2024-07-03 12:00:00+00:00,161.921,161.93,161.9,161.901,456.63
2024-07-03 12:05:00+00:00,161.9,161.926,161.893,161.899,708.3
2024-07-03 12:10:00+00:00,161.903,161.916,161.89,161.896,731.58
2024-07-03 12:15:00+00:00,161.901,161.931,161.867,161.885,784.44
2024-07-03 12:20:00+00:00,161.886,161.912,161.886,161.908,1095.57
2024-07-03 12:25:00+00:00,161.907,161.911,161.871,161.871,701.49
2024-07-03 12:30:00+00:00,161.87,161.877,161.796,161.835,1752.15
2024-07-03 12:35:00+00:00,161.835,161.854,161.818,161.82,1510.92
2024-07-03 12:40:00+00:00,161.818,161.828,161.793,161.806,945.48
2024-07-03 12:45:00+00:00,161.806,161.852,161.802,161.843,1176.9
2024-07-03 12:50:00+00:00,161.84,161.853,161.834,161.843,679.32
2024-07-03 12:55:00+00:00,161.844,161.844,161.806,161.821,652.23
2024-07-03 13:00:00+00:00,161.82,161.83,161.757,161.766,903.54
2024-07-03 13:05:00+00:00,161.767,161.79,161.723,161.736,1605.13
2024-07-03 13:10:00+00:00,161.736,161.737,161.665,161.67,1457.31
2024-07-03 13:15:00+00:00,161.669,161.674,161.629,161.634,2095.08
2024-07-03 13:20:00+00:00,161.632,161.688,161.61,161.611,1795.9
2024-07-03 13:25:00+00:00,161.612,161.652,161.6,161.632,1995.44
2024-07-03 13:30:00+00:00,161.632,161.641,161.6,161.621,1903.17
2024-07-03 13:35:00+00:00,161.622,161.641,161.595,161.629,1611.34
2024-07-03 13:40:00+00:00,161.628,161.665,161.626,161.641,2050.24
2024-07-03 13:45:00+00:00,161.641,161.682,161.611,161.663,1604.83
2024-07-03 13:50:00+00:00,161.664,161.667,161.625,161.651,973.34
2024-07-03 13:55:00+00:00,161.651,161.708,161.648,161.694,1722.51
2024-07-03 14:00:00+00:00,161.681,161.681,161.252,161.371,5661.0
2024-07-03 14:05:00+00:00,161.373,161.374,161.198,161.208,2120.8
2024-07-03 14:10:00+00:00,161.209,161.231,160.768,160.963,3168.17
2024-07-03 14:15:00+00:00,160.959,161.02,160.872,161.018,2375.97
2024-07-03 14:20:00+00:00,161.02,161.157,161.013,161.031,3190.35
2024-07-03 14:25:00+00:00,161.032,161.235,160.991,161.233,4913.35
2024-07-03 14:30:00+00:00,161.233,161.235,161.098,161.109,4045.77
2024-07-03 14:35:00+00:00,161.104,161.158,161.07,161.146,4416.54
2024-07-03 14:40:00+00:00,161.147,161.356,161.123,161.286,4177.68
2024-07-03 14:45:00+00:00,161.285,161.291,161.174,161.175,1840.5
2024-07-03 14:50:00+00:00,161.174,161.227,161.122,161.175,1866.74
2024-07-03 14:55:00+00:00,161.174,161.348,161.172,161.331,2281.01
2024-07-03 15:00:00+00:00,161.332,161.396,161.305,161.335,1945.59
2024-07-03 15:05:00+00:00,161.337,161.337,161.275,161.327,1581.91
2024-07-03 15:10:00+00:00,161.327,161.347,161.265,161.277,1695.45
2024-07-03 15:15:00+00:00,161.276,161.346,161.276,161.32,1588.77
2024-07-03 15:20:00+00:00,161.319,161.396,161.315,161.367,1689.06
2024-07-03 15:25:00+00:00,161.366,161.46,161.351,161.443,1971.66
2024-07-03 15:30:00+00:00,161.443,161.543,161.43,161.533,1757.22
2024-07-03 15:35:00+00:00,161.532,161.533,161.467,161.493,949.05
2024-07-03 15:40:00+00:00,161.493,161.517,161.47,161.485,1423.14
2024-07-03 15:45:00+00:00,161.487,161.507,161.452,161.499,2053.17
2024-07-03 15:50:00+00:00,161.5,161.506,161.471,161.485,2054.04
2024-07-03 15:55:00+00:00,161.485,161.496,161.456,161.481,1911.94
2024-07-03 16:00:00+00:00,161.481,161.481,161.414,161.44,1322.7
2024-07-03 16:05:00+00:00,161.441,161.468,161.436,161.453,1364.95
2024-07-03 16:10:00+00:00,161.454,161.481,161.427,161.456,582.72
2024-07-03 16:15:00+00:00,161.455,161.468,161.401,161.416,923.22
2024-07-03 16:20:00+00:00,161.416,161.456,161.401,161.442,1338.78
2024-07-03 16:25:00+00:00,161.443,161.456,161.429,161.454,1429.32
2024-07-03 16:30:00+00:00,161.453,161.467,161.425,161.43,1283.94
2024-07-03 16:35:00+00:00,161.431,161.483,161.43,161.467,1116.24
2024-07-03 16:40:00+00:00,161.469,161.473,161.455,161.47,1496.43
2024-07-03 16:45:00+00:00,161.47,161.539,161.468,161.536,1014.21
2024-07-03 16:50:00+00:00,161.535,161.54,161.52,161.539,1134.72
2024-07-03 16:55:00+00:00,161.539,161.573,161.529,161.534,1242.9
2024-07-03 17:00:00+00:00,161.537,161.545,161.518,161.532,387.57
2024-07-03 17:05:00+00:00,161.533,161.547,161.53,161.534,254.97
2024-07-03 17:10:00+00:00,161.536,161.547,161.53,161.545,565.35
2024-07-03 17:15:00+00:00,161.542,161.542,161.511,161.53,297.45
2024-07-03 17:20:00+00:00,161.53,161.532,161.515,161.521,192.6
2024-07-03 17:25:00+00:00,161.526,161.548,161.525,161.533,273.6
2024-07-03 17:30:00+00:00,161.534,161.542,161.522,161.53,378.3
2024-07-03 17:35:00+00:00,161.529,161.544,161.529,161.531,355.5
2024-07-03 17:40:00+00:00,161.532,161.546,161.531,161.545,161.13
2024-07-03 17:45:00+00:00,161.549,161.558,161.53,161.534,380.49
2024-07-03 17:50:00+00:00,161.534,161.55,161.532,161.539,456.0
2024-07-03 17:55:00+00:00,161.538,161.55,161.484,161.484,1249.74
2024-07-03 18:00:00+00:00,161.488,161.52,161.466,161.519,1127.79
2024-07-03 18:05:00+00:00,161.519,161.55,161.514,161.535,664.56
2024-07-03 18:10:00+00:00,161.536,161.546,161.527,161.535,366.99
2024-07-03 18:15:00+00:00,161.537,161.602,161.524,161.6,601.35
2024-07-03 18:20:00+00:00,161.6,161.655,161.599,161.641,701.73
2024-07-03 18:25:00+00:00,161.641,161.645,161.613,161.625,602.85
2024-07-03 18:30:00+00:00,161.625,161.642,161.616,161.623,571.65
2024-07-03 18:35:00+00:00,161.624,161.644,161.622,161.643,599.02
2024-07-03 18:40:00+00:00,161.642,161.666,161.642,161.666,572.25
2024-07-03 18:45:00+00:00,161.666,161.678,161.656,161.677,512.13
2024-07-03 18:50:00+00:00,161.677,161.682,161.65,161.665,456.45
2024-07-03 18:55:00+00:00,161.664,161.703,161.659,161.664,1001.13
2024-07-03 19:00:00+00:00,161.661,161.695,161.635,161.691,528.78
2024-07-03 19:05:00+00:00,161.691,161.713,161.682,161.713,538.65
2024-07-03 19:10:00+00:00,161.712,161.72,161.685,161.708,414.45
2024-07-03 19:15:00+00:00,161.709,161.709,161.678,161.694,240.21
2024-07-03 19:20:00+00:00,161.695,161.695,161.67,161.694,314.1
2024-07-03 19:25:00+00:00,161.694,161.72,161.692,161.719,257.4
2024-07-03 19:30:00+00:00,161.719,161.738,161.709,161.716,260.52
2024-07-03 19:35:00+00:00,161.715,161.716,161.693,161.696,201.15
2024-07-03 19:40:00+00:00,161.696,161.726,161.693,161.724,236.25
2024-07-03 19:45:00+00:00,161.721,161.728,161.718,161.719,101.1
2024-07-03 19:50:00+00:00,161.72,161.72,161.712,161.713,154.5
2024-07-03 19:55:00+00:00,161.714,161.714,161.701,161.702,139.32
2024-07-03 20:00:00+00:00,161.704,161.719,161.699,161.711,195.81
2024-07-03 20:05:00+00:00,161.711,161.75,161.706,161.734,161.04
2024-07-03 20:10:00+00:00,161.735,161.748,161.721,161.733,138.75
2024-07-03 20:15:00+00:00,161.733,161.733,161.694,161.715,137.1
2024-07-03 20:20:00+00:00,161.716,161.717,161.709,161.714,136.5
2024-07-03 20:25:00+00:00,161.715,161.717,161.703,161.716,112.95
2024-07-03 20:30:00+00:00,161.716,161.738,161.714,161.72,251.85
2024-07-03 20:35:00+00:00,161.72,161.722,161.706,161.708,152.85
2024-07-03 20:40:00+00:00,161.707,161.72,161.7,161.705,289.05
2024-07-03 20:45:00+00:00,161.704,161.714,161.697,161.711,353.46
2024-07-03 20:50:00+00:00,161.709,161.719,161.706,161.711,305.94
2024-07-03 20:55:00+00:00,161.711,161.725,161.64,161.683,242.1
2024-07-03 21:00:00+00:00,161.647,161.656,161.557,161.577,68.85
2024-07-03 21:05:00+00:00,161.624,161.641,161.624,161.641,54.3
2024-07-03 21:10:00+00:00,161.639,161.639,161.611,161.637,81.3
2024-07-03 21:15:00+00:00,161.638,161.638,161.585,161.605,148.5
2024-07-03 21:20:00+00:00,161.603,161.605,161.595,161.597,78.15
2024-07-03 21:25:00+00:00,161.597,161.606,161.588,161.604,130.41
2024-07-03 21:30:00+00:00,161.604,161.639,161.599,161.639,88.29
2024-07-03 21:35:00+00:00,161.638,161.638,161.599,161.615,187.62
2024-07-03 21:40:00+00:00,161.615,161.616,161.588,161.593,402.6
2024-07-03 21:45:00+00:00,161.591,161.616,161.551,161.591,251.04
2024-07-03 21:50:00+00:00,161.591,161.591,161.523,161.544,294.24
2024-07-03 21:55:00+00:00,161.544,161.545,161.537,161.543,135.0
2024-07-03 22:00:00+00:00,161.541,161.633,161.521,161.593,365.4
2024-07-03 22:05:00+00:00,161.592,161.598,161.59,161.597,92.55
2024-07-03 22:10:00+00:00,161.597,161.618,161.586,161.594,198.6
2024-07-03 22:15:00+00:00,161.595,161.616,161.593,161.614,98.55
2024-07-03 22:20:00+00:00,161.613,161.613,161.61,161.611,115.5
2024-07-03 22:25:00+00:00,161.611,161.612,161.603,161.61,260.1
2024-07-03 22:30:00+00:00,161.613,161.615,161.611,161.615,132.9
2024-07-03 22:35:00+00:00,161.615,161.615,161.608,161.613,64.5
2024-07-03 22:40:00+00:00,161.613,161.614,161.612,161.613,11.4
2024-07-03 22:45:00+00:00,161.613,161.613,161.58,161.588,97.5
2024-07-03 22:50:00+00:00,161.59,161.596,161.584,161.587,32.4
2024-07-03 22:55:00+00:00,161.589,161.599,161.578,161.599,151.41
2024-07-03 23:00:00+00:00,161.599,161.619,161.597,161.618,176.4
2024-07-03 23:05:00+00:00,161.618,161.642,161.616,161.635,66.3
2024-07-03 23:10:00+00:00,161.634,161.64,161.628,161.638,109.74
2024-07-03 23:15:00+00:00,161.637,161.637,161.609,161.629,284.25
2024-07-03 23:20:00+00:00,161.629,161.629,161.606,161.614,163.54
2024-07-03 23:25:00+00:00,161.612,161.642,161.612,161.639,327.15
2024-07-03 23:30:00+00:00,161.641,161.643,161.634,161.642,192.84
2024-07-03 23:35:00+00:00,161.642,161.673,161.639,161.646,181.05
2024-07-03 23:40:00+00:00,161.642,161.654,161.641,161.644,139.71
2024-07-03 23:45:00+00:00,161.646,161.666,161.626,161.643,497.49
2024-07-03 23:50:00+00:00,161.644,161.658,161.63,161.632,291.45
2024-07-03 23:55:00+00:00,161.633,161.641,161.572,161.586,775.83
2024-07-04 00:00:00+00:00,161.585,161.601,161.458,161.459,1619.02
2024-07-04 00:05:00+00:00,161.458,161.536,161.438,161.528,1395.57
2024-07-04 00:10:00+00:00,161.526,161.546,161.496,161.528,753.13
2024-07-04 00:15:00+00:00,161.528,161.537,161.499,161.528,491.18
2024-07-04 00:20:00+00:00,161.527,161.555,161.523,161.538,139.14
2024-07-04 00:25:00+00:00,161.535,161.552,161.524,161.551,327.87
2024-07-04 00:30:00+00:00,161.55,161.553,161.511,161.535,777.6
2024-07-04 00:35:00+00:00,161.533,161.549,161.526,161.54,489.0
2024-07-04 00:40:00+00:00,161.539,161.583,161.538,161.56,734.46
2024-07-04 00:45:00+00:00,161.559,161.568,161.518,161.522,1040.81
2024-07-04 00:50:00+00:00,161.521,161.521,161.37,161.392,1679.09
2024-07-04 00:55:00+00:00,161.393,161.472,161.393,161.439,977.14
2024-07-04 01:00:00+00:00,161.441,161.441,161.265,161.273,2197.82
2024-07-04 01:05:00+00:00,161.272,161.306,161.134,161.268,3536.26
2024-07-04 01:10:00+00:00,161.267,161.375,161.263,161.36,2226.16
2024-07-04 01:15:00+00:00,161.361,161.42,161.323,161.415,1816.14
2024-07-04 01:20:00+00:00,161.413,161.463,161.396,161.396,1841.1
2024-07-04 01:25:00+00:00,161.398,161.424,161.378,161.409,1869.06
2024-07-04 01:30:00+00:00,161.408,161.417,161.358,161.385,1662.98
2024-07-04 01:35:00+00:00,161.385,161.415,161.381,161.404,677.37
2024-07-04 01:40:00+00:00,161.407,161.411,161.332,161.361,1186.5
2024-07-04 01:45:00+00:00,161.362,161.37,161.315,161.366,1117.43
2024-07-04 01:50:00+00:00,161.366,161.395,161.363,161.374,669.9
2024-07-04 01:55:00+00:00,161.374,161.396,161.369,161.37,157.05
2024-07-04 02:00:00+00:00,161.369,161.371,161.321,161.346,1291.41
2024-07-04 02:05:00+00:00,161.344,161.372,161.318,161.367,553.02
2024-07-04 02:10:00+00:00,161.37,161.375,161.359,161.372,182.4
2024-07-04 02:15:00+00:00,161.373,161.425,161.36,161.42,541.38
2024-07-04 02:20:00+00:00,161.42,161.434,161.405,161.418,945.09
2024-07-04 02:25:00+00:00,161.417,161.437,161.407,161.432,115.05
2024-07-04 02:30:00+00:00,161.434,161.437,161.392,161.405,134.64
2024-07-04 02:35:00+00:00,161.405,161.412,161.378,161.399,187.95
2024-07-04 02:40:00+00:00,161.4,161.422,161.4,161.405,111.3
2024-07-04 02:45:00+00:00,161.403,161.421,161.401,161.421,63.3
2024-07-04 02:50:00+00:00,161.421,161.427,161.418,161.42,109.5
2024-07-04 02:55:00+00:00,161.42,161.451,161.393,161.447,181.08
2024-07-04 03:00:00+00:00,161.449,161.45,161.42,161.428,631.02
2024-07-04 03:05:00+00:00,161.427,161.427,161.38,161.414,341.76
2024-07-04 03:10:00+00:00,161.414,161.422,161.401,161.421,532.17
2024-07-04 03:15:00+00:00,161.421,161.436,161.412,161.436,279.57
2024-07-04 03:20:00+00:00,161.433,161.446,161.42,161.428,340.8
2024-07-04 03:25:00+00:00,161.427,161.437,161.427,161.433,50.7
2024-07-04 03:30:00+00:00,161.432,161.459,161.432,161.459,106.5
2024-07-04 03:35:00+00:00,161.462,161.472,161.455,161.457,372.3
2024-07-04 03:40:00+00:00,161.459,161.493,161.457,161.492,442.2
2024-07-04 03:45:00+00:00,161.491,161.532,161.485,161.525,643.14
2024-07-04 03:50:00+00:00,161.523,161.562,161.513,161.548,569.01
2024-07-04 03:55:00+00:00,161.547,161.553,161.528,161.53,513.18
2024-07-04 04:00:00+00:00,161.531,161.536,161.506,161.511,180.51
2024-07-04 04:05:00+00:00,161.512,161.515,161.498,161.5,121.95
2024-07-04 04:10:00+00:00,161.5,161.51,161.491,161.504,193.8
2024-07-04 04:15:00+00:00,161.505,161.523,161.496,161.522,394.35
2024-07-04 04:20:00+00:00,161.523,161.542,161.519,161.537,217.44
2024-07-04 04:25:00+00:00,161.537,161.572,161.533,161.559,286.3
2024-07-04 04:30:00+00:00,161.559,161.559,161.522,161.522,221.43
2024-07-04 04:35:00+00:00,161.521,161.525,161.521,161.521,41.4
2024-07-04 04:40:00+00:00,161.521,161.522,161.508,161.511,312.57
2024-07-04 04:45:00+00:00,161.51,161.535,161.51,161.523,278.1
2024-07-04 04:50:00+00:00,161.522,161.531,161.511,161.513,550.62
2024-07-04 04:55:00+00:00,161.512,161.512,161.467,161.498,291.99
2024-07-04 05:00:00+00:00,161.497,161.517,161.482,161.51,410.55
2024-07-04 05:05:00+00:00,161.51,161.541,161.507,161.537,460.5
2024-07-04 05:10:00+00:00,161.537,161.551,161.52,161.538,245.61
2024-07-04 05:15:00+00:00,161.539,161.541,161.523,161.528,358.62
2024-07-04 05:20:00+00:00,161.527,161.535,161.509,161.51,717.63
2024-07-04 05:25:00+00:00,161.511,161.528,161.506,161.527,556.23
2024-07-04 05:30:00+00:00,161.527,161.541,161.525,161.536,74.52
2024-07-04 05:35:00+00:00,161.537,161.552,161.533,161.538,156.9
2024-07-04 05:40:00+00:00,161.537,161.541,161.5,161.501,244.99
2024-07-04 05:45:00+00:00,161.501,161.52,161.498,161.502,628.74
2024-07-04 05:50:00+00:00,161.502,161.514,161.458,161.459,216.0
2024-07-04 05:55:00+00:00,161.461,161.486,161.448,161.48,171.99
2024-07-04 06:00:00+00:00,161.48,161.481,161.41,161.414,1224.38
2024-07-04 06:05:00+00:00,161.416,161.422,161.371,161.393,1225.47
2024-07-04 06:10:00+00:00,161.394,161.422,161.392,161.406,1253.4
2024-07-04 06:15:00+00:00,161.407,161.407,161.378,161.396,869.31
2024-07-04 06:20:00+00:00,161.397,161.408,161.371,161.371,517.2
2024-07-04 06:25:00+00:00,161.369,161.37,161.335,161.37,261.99
2024-07-04 06:30:00+00:00,161.37,161.413,161.37,161.396,494.9
2024-07-04 06:35:00+00:00,161.397,161.422,161.38,161.398,505.74
2024-07-04 06:40:00+00:00,161.399,161.415,161.394,161.408,871.74
2024-07-04 06:45:00+00:00,161.41,161.448,161.41,161.435,885.13
2024-07-04 06:50:00+00:00,161.435,161.438,161.353,161.366,1271.79
2024-07-04 06:55:00+00:00,161.366,161.383,161.341,161.349,853.44
2024-07-04 07:00:00+00:00,161.349,161.385,161.34,161.376,1124.13
2024-07-04 07:05:00+00:00,161.376,161.384,161.36,161.371,1150.77
2024-07-04 07:10:00+00:00,161.37,161.399,161.364,161.398,698.34
2024-07-04 07:15:00+00:00,161.398,161.414,161.398,161.408,722.46
2024-07-04 07:20:00+00:00,161.409,161.452,161.407,161.452,1187.46
2024-07-04 07:25:00+00:00,161.451,161.455,161.413,161.444,541.74
2024-07-04 07:30:00+00:00,161.445,161.456,161.41,161.416,195.15
2024-07-04 07:35:00+00:00,161.416,161.416,161.362,161.378,231.31
2024-07-04 07:40:00+00:00,161.383,161.39,161.301,161.308,938.39
2024-07-04 07:45:00+00:00,161.31,161.312,161.265,161.285,1636.75
2024-07-04 07:50:00+00:00,161.288,161.336,161.282,161.322,1615.45
2024-07-04 07:55:00+00:00,161.322,161.327,161.28,161.281,1065.48
2024-07-04 08:00:00+00:00,161.281,161.293,161.256,161.266,1777.38
2024-07-04 08:05:00+00:00,161.266,161.266,161.23,161.232,999.51
2024-07-04 08:10:00+00:00,161.233,161.235,161.192,161.192,930.3
2024-07-04 08:15:00+00:00,161.193,161.248,161.192,161.246,1554.22
2024-07-04 08:20:00+00:00,161.245,161.282,161.243,161.281,1849.74
2024-07-04 08:25:00+00:00,161.282,161.293,161.244,161.245,505.59
2024-07-04 08:30:00+00:00,161.246,161.319,161.245,161.298,1652.77
2024-07-04 08:35:00+00:00,161.299,161.322,161.285,161.32,1680.12
2024-07-04 08:40:00+00:00,161.321,161.324,161.292,161.293,1235.94
2024-07-04 08:45:00+00:00,161.292,161.294,161.267,161.272,330.42
2024-07-04 08:50:00+00:00,161.272,161.298,161.27,161.271,602.26
2024-07-04 08:55:00+00:00,161.272,161.275,161.239,161.243,378.48
2024-07-04 09:00:00+00:00,161.244,161.285,161.243,161.272,1431.1
2024-07-04 09:05:00+00:00,161.272,161.296,161.267,161.288,979.89
2024-07-04 09:10:00+00:00,161.288,161.288,161.267,161.282,1091.85
2024-07-04 09:15:00+00:00,161.281,161.284,161.264,161.266,527.4
2024-07-04 09:20:00+00:00,161.263,161.275,161.242,161.26,638.55
2024-07-04 09:25:00+00:00,161.261,161.263,161.244,161.254,488.4
2024-07-04 09:30:00+00:00,161.254,161.298,161.253,161.296,797.31
2024-07-04 09:35:00+00:00,161.295,161.302,161.283,161.292,735.67
2024-07-04 09:40:00+00:00,161.292,161.308,161.282,161.294,619.38
2024-07-04 09:45:00+00:00,161.295,161.295,161.27,161.276,405.24
2024-07-04 09:50:00+00:00,161.275,161.277,161.251,161.253,535.1
2024-07-04 09:55:00+00:00,161.252,161.279,161.251,161.253,1108.06
2024-07-04 10:00:00+00:00,161.252,161.262,161.227,161.227,479.77
2024-07-04 10:05:00+00:00,161.229,161.237,161.217,161.229,118.95
2024-07-04 10:10:00+00:00,161.23,161.238,161.228,161.234,344.79
2024-07-04 10:15:00+00:00,161.234,161.235,161.192,161.205,223.59
2024-07-04 10:20:00+00:00,161.204,161.205,161.148,161.152,314.2
2024-07-04 10:25:00+00:00,161.15,161.151,161.103,161.149,1230.28
2024-07-04 10:30:00+00:00,161.15,161.176,161.142,161.15,394.68
2024-07-04 10:35:00+00:00,161.148,161.153,161.099,161.101,341.47
2024-07-04 10:40:00+00:00,161.101,161.105,161.071,161.101,340.8
2024-07-04 10:45:00+00:00,161.103,161.116,161.093,161.103,163.29
2024-07-04 10:50:00+00:00,161.102,161.118,161.101,161.106,152.1
2024-07-04 10:55:00+00:00,161.105,161.105,161.054,161.062,261.69
2024-07-04 11:00:00+00:00,161.061,161.063,160.983,160.983,954.04
2024-07-04 11:05:00+00:00,160.985,160.999,160.954,160.991,877.11
2024-07-04 11:10:00+00:00,160.989,160.989,160.946,160.96,388.34
2024-07-04 11:15:00+00:00,160.958,161.05,160.948,161.049,609.63
2024-07-04 11:20:00+00:00,161.047,161.096,161.044,161.091,590.05
2024-07-04 11:25:00+00:00,161.09,161.092,161.063,161.092,408.25
2024-07-04 11:30:00+00:00,161.092,161.097,161.045,161.058,723.61
2024-07-04 11:35:00+00:00,161.057,161.057,161.002,161.002,1210.95
2024-07-04 11:40:00+00:00,161.006,161.033,161.005,161.01,2572.65
2024-07-04 11:45:00+00:00,161.009,161.013,160.986,160.987,860.69
2024-07-04 11:50:00+00:00,160.987,161.044,160.968,161.041,1017.27
2024-07-04 11:55:00+00:00,161.04,161.041,160.991,161.001,994.91
2024-07-04 12:00:00+00:00,160.999,161.003,160.97,161.0,447.96
2024-07-04 12:05:00+00:00,160.999,160.999,160.956,160.965,963.9
2024-07-04 12:10:00+00:00,160.966,161.016,160.947,161.013,1324.02
2024-07-04 12:15:00+00:00,161.012,161.012,160.981,160.997,822.3
2024-07-04 12:20:00+00:00,160.998,161.028,160.996,161.023,896.2
2024-07-04 12:25:00+00:00,161.024,161.031,161.008,161.019,843.18
2024-07-04 12:30:00+00:00,161.021,161.081,161.021,161.07,1389.38
2024-07-04 12:35:00+00:00,161.069,161.093,161.057,161.083,1989.33
2024-07-04 12:40:00+00:00,161.084,161.094,161.05,161.064,1192.14
2024-07-04 12:45:00+00:00,161.066,161.133,161.041,161.129,1168.02
2024-07-04 12:50:00+00:00,161.129,161.14,161.112,161.14,1585.77
2024-07-04 12:55:00+00:00,161.139,161.18,161.126,161.136,1348.2
2024-07-04 13:00:00+00:00,161.137,161.148,161.124,161.141,315.69
2024-07-04 13:05:00+00:00,161.139,161.142,161.096,161.129,270.96
2024-07-04 13:10:00+00:00,161.13,161.13,161.093,161.103,171.75
2024-07-04 13:15:00+00:00,161.101,161.119,161.099,161.117,151.35
2024-07-04 13:20:00+00:00,161.115,161.115,161.096,161.099,727.26
2024-07-04 13:25:00+00:00,161.1,161.154,161.1,161.154,561.48
2024-07-04 13:30:00+00:00,161.152,161.182,161.14,161.181,1095.93
2024-07-04 13:35:00+00:00,161.18,161.194,161.155,161.168,553.05
2024-07-04 13:40:00+00:00,161.168,161.181,161.164,161.168,388.17
2024-07-04 13:45:00+00:00,161.169,161.193,161.167,161.182,282.27
2024-07-04 13:50:00+00:00,161.183,161.183,161.154,161.17,282.24
2024-07-04 13:55:00+00:00,161.169,161.182,161.154,161.158,361.77
2024-07-04 14:00:00+00:00,161.157,161.183,161.153,161.154,663.51
2024-07-04 14:05:00+00:00,161.157,161.159,161.116,161.128,353.85
2024-07-04 14:10:00+00:00,161.13,161.132,161.075,161.087,1054.07
2024-07-04 14:15:00+00:00,161.086,161.101,161.077,161.08,701.88
2024-07-04 14:20:00+00:00,161.078,161.082,161.038,161.051,732.18
2024-07-04 14:25:00+00:00,161.051,161.053,161.016,161.052,1177.23
2024-07-04 14:30:00+00:00,161.052,161.064,161.011,161.012,630.3
2024-07-04 14:35:00+00:00,161.011,161.015,161.007,161.013,244.5
2024-07-04 14:40:00+00:00,161.011,161.015,160.986,160.997,387.51
2024-07-04 14:45:00+00:00,160.996,161.059,160.962,161.053,929.8
2024-07-04 14:50:00+00:00,161.053,161.084,161.041,161.07,1423.44
2024-07-04 14:55:00+00:00,161.072,161.089,161.058,161.06,1351.08
2024-07-04 15:00:00+00:00,161.059,161.087,161.055,161.064,814.56
2024-07-04 15:05:00+00:00,161.065,161.117,161.063,161.101,915.72
2024-07-04 15:10:00+00:00,161.102,161.107,161.072,161.103,622.14
2024-07-04 15:15:00+00:00,161.104,161.121,161.1,161.12,561.18
2024-07-04 15:20:00+00:00,161.122,161.144,161.12,161.144,894.6
2024-07-04 15:25:00+00:00,161.143,161.165,161.142,161.155,655.41
2024-07-04 15:30:00+00:00,161.155,161.167,161.152,161.154,411.63
2024-07-04 15:35:00+00:00,161.155,161.155,161.127,161.128,111.15
2024-07-04 15:40:00+00:00,161.127,161.129,161.114,161.116,62.85
2024-07-04 15:45:00+00:00,161.117,161.142,161.116,161.141,292.2
2024-07-04 15:50:00+00:00,161.141,161.154,161.134,161.137,190.05
2024-07-04 15:55:00+00:00,161.136,161.142,161.128,161.139,239.27
2024-07-04 16:00:00+00:00,161.141,161.141,161.133,161.14,97.28
2024-07-04 16:05:00+00:00,161.141,161.141,161.124,161.139,389.19
2024-07-04 16:10:00+00:00,161.14,161.141,161.125,161.126,316.8
2024-07-04 16:15:00+00:00,161.127,161.127,161.114,161.122,233.55
2024-07-04 16:20:00+00:00,161.125,161.137,161.124,161.136,344.4
2024-07-04 16:25:00+00:00,161.136,161.14,161.128,161.134,140.7
2024-07-04 16:30:00+00:00,161.135,161.158,161.135,161.156,226.11
2024-07-04 16:35:00+00:00,161.157,161.163,161.151,161.155,392.25
2024-07-04 16:40:00+00:00,161.155,161.156,161.153,161.156,47.7
2024-07-04 16:45:00+00:00,161.157,161.169,161.154,161.166,88.86
2024-07-04 16:50:00+00:00,161.165,161.171,161.165,161.169,152.76
2024-07-04 16:55:00+00:00,161.168,161.168,161.129,161.131,196.35
2024-07-04 17:00:00+00:00,161.133,161.137,161.11,161.126,344.58
2024-07-04 17:05:00+00:00,161.129,161.131,161.125,161.126,76.8
2024-07-04 17:10:00+00:00,161.129,161.129,161.128,161.129,39.3
2024-07-04 17:15:00+00:00,161.127,161.128,161.125,161.126,216.45
2024-07-04 17:20:00+00:00,161.125,161.126,161.122,161.123,139.5
2024-07-04 17:25:00+00:00,161.123,161.127,161.123,161.125,140.1
2024-07-04 17:30:00+00:00,161.124,161.126,161.121,161.123,209.4
2024-07-04 17:35:00+00:00,161.124,161.126,161.121,161.124,209.7
2024-07-04 17:40:00+00:00,161.125,161.126,161.123,161.125,146.4
2024-07-04 17:45:00+00:00,161.126,161.129,161.122,161.129,113.82
2024-07-04 17:50:00+00:00,161.129,161.146,161.129,161.142,195.6
2024-07-04 17:55:00+00:00,161.143,161.152,161.141,161.152,11.4
2024-07-04 18:00:00+00:00,161.152,161.211,161.152,161.197,770.85
2024-07-04 18:05:00+00:00,161.199,161.211,161.195,161.21,558.45
2024-07-04 18:10:00+00:00,161.211,161.222,161.209,161.221,619.38
2024-07-04 18:15:00+00:00,161.221,161.229,161.219,161.227,270.42
2024-07-04 18:20:00+00:00,161.228,161.254,161.227,161.244,643.29
2024-07-04 18:25:00+00:00,161.243,161.251,161.242,161.244,48.99
2024-07-04 18:30:00+00:00,161.244,161.246,161.244,161.245,19.8
2024-07-04 18:35:00+00:00,161.243,161.245,161.243,161.244,19.8
2024-07-04 18:40:00+00:00,161.245,161.245,161.24,161.243,82.2
2024-07-04 18:45:00+00:00,161.245,161.246,161.243,161.245,100.2
2024-07-04 18:50:00+00:00,161.246,161.246,161.243,161.246,206.7
2024-07-04 18:55:00+00:00,161.245,161.246,161.243,161.245,113.7
2024-07-04 19:00:00+00:00,161.243,161.246,161.242,161.244,250.5
2024-07-04 19:05:00+00:00,161.242,161.245,161.242,161.244,135.9
2024-07-04 19:10:00+00:00,161.242,161.242,161.207,161.208,240.24
2024-07-04 19:15:00+00:00,161.207,161.208,161.179,161.179,167.49
2024-07-04 19:20:00+00:00,161.178,161.208,161.178,161.205,592.65
2024-07-04 19:25:00+00:00,161.204,161.206,161.198,161.2,425.97
2024-07-04 19:30:00+00:00,161.2,161.204,161.189,161.19,490.35
2024-07-04 19:35:00+00:00,161.19,161.194,161.189,161.19,112.8
2024-07-04 19:40:00+00:00,161.191,161.192,161.177,161.18,170.4
2024-07-04 19:45:00+00:00,161.18,161.188,161.178,161.18,115.8
2024-07-04 19:50:00+00:00,161.18,161.185,161.17,161.178,655.35
2024-07-04 19:55:00+00:00,161.178,161.226,161.177,161.211,926.49
2024-07-04 20:00:00+00:00,161.212,161.262,161.21,161.236,491.4
2024-07-04 20:05:00+00:00,161.239,161.251,161.234,161.242,474.63
2024-07-04 20:10:00+00:00,161.24,161.262,161.239,161.258,1065.38
2024-07-04 20:15:00+00:00,161.258,161.278,161.258,161.266,632.46
2024-07-04 20:20:00+00:00,161.268,161.268,161.239,161.245,350.13
2024-07-04 20:25:00+00:00,161.246,161.246,161.222,161.234,508.26
2024-07-04 20:30:00+00:00,161.235,161.244,161.228,161.241,275.85
2024-07-04 20:35:00+00:00,161.24,161.259,161.238,161.249,741.96
2024-07-04 20:40:00+00:00,161.249,161.261,161.244,161.253,385.2
2024-07-04 20:45:00+00:00,161.252,161.263,161.25,161.253,110.25
2024-07-04 20:50:00+00:00,161.253,161.268,161.253,161.265,234.87
2024-07-04 20:55:00+00:00,161.264,161.323,161.211,161.212,205.54
2024-07-04 21:00:00+00:00,161.225,161.252,161.217,161.236,28.26
2024-07-04 21:05:00+00:00,161.246,161.265,161.243,161.249,47.4
2024-07-04 21:10:00+00:00,161.248,161.299,161.244,161.292,53.7
2024-07-04 21:15:00+00:00,161.29,161.29,161.191,161.225,70.18
2024-07-04 21:20:00+00:00,161.226,161.238,161.223,161.238,52.8
2024-07-04 21:25:00+00:00,161.236,161.239,161.224,161.235,30.6
2024-07-04 21:30:00+00:00,161.238,161.254,161.209,161.251,349.05
2024-07-04 21:35:00+00:00,161.251,161.269,161.21,161.256,678.45
2024-07-04 21:40:00+00:00,161.253,161.272,161.221,161.245,492.45
2024-07-04 21:45:00+00:00,161.243,161.268,161.206,161.25,613.42
2024-07-04 21:50:00+00:00,161.247,161.272,161.228,161.233,536.28
2024-07-04 21:55:00+00:00,161.233,161.233,161.221,161.222,269.46
2024-07-04 22:00:00+00:00,161.222,161.237,161.191,161.199,294.42
2024-07-04 22:05:00+00:00,161.2,161.227,161.191,161.192,315.3
2024-07-04 22:10:00+00:00,161.192,161.246,161.191,161.23,683.71
2024-07-04 22:15:00+00:00,161.233,161.237,161.199,161.226,362.4
2024-07-04 22:20:00+00:00,161.233,161.237,161.227,161.23,35.25
2024-07-04 22:25:00+00:00,161.231,161.236,161.221,161.226,518.55
2024-07-04 22:30:00+00:00,161.226,161.234,161.225,161.23,171.3
2024-07-04 22:35:00+00:00,161.232,161.268,161.232,161.268,94.71
2024-07-04 22:40:00+00:00,161.267,161.285,161.241,161.255,151.32
2024-07-04 22:45:00+00:00,161.256,161.271,161.254,161.27,108.6
2024-07-04 22:50:00+00:00,161.271,161.273,161.257,161.27,81.3
2024-07-04 22:55:00+00:00,161.271,161.276,161.269,161.269,57.9
2024-07-04 23:00:00+00:00,161.268,161.276,161.26,161.27,128.7
2024-07-04 23:05:00+00:00,161.265,161.272,161.257,161.267,339.0
2024-07-04 23:10:00+00:00,161.269,161.274,161.264,161.266,692.22
2024-07-04 23:15:00+00:00,161.267,161.293,161.263,161.291,419.4
2024-07-04 23:20:00+00:00,161.29,161.342,161.289,161.332,561.9
2024-07-04 23:25:00+00:00,161.33,161.333,161.329,161.333,78.6
2024-07-04 23:30:00+00:00,161.332,161.344,161.331,161.334,162.96
2024-07-04 23:35:00+00:00,161.334,161.342,161.328,161.333,496.5
2024-07-04 23:40:00+00:00,161.331,161.386,161.331,161.38,182.16
2024-07-04 23:45:00+00:00,161.384,161.395,161.375,161.376,220.2
2024-07-04 23:50:00+00:00,161.376,161.386,161.371,161.38,100.62
2024-07-04 23:55:00+00:00,161.379,161.379,161.357,161.36,257.25
2024-07-05 00:00:00+00:00,161.361,161.394,161.331,161.367,800.49
2024-07-05 00:05:00+00:00,161.367,161.367,161.308,161.319,735.93
2024-07-05 00:10:00+00:00,161.319,161.319,161.244,161.272,560.4
2024-07-05 00:15:00+00:00,161.271,161.311,161.271,161.287,522.53
2024-07-05 00:20:00+00:00,161.288,161.297,161.237,161.241,423.11
2024-07-05 00:25:00+00:00,161.242,161.243,161.145,161.176,964.77
2024-07-05 00:30:00+00:00,161.175,161.176,160.968,161.061,2002.62
2024-07-05 00:35:00+00:00,161.063,161.116,161.048,161.102,905.1
2024-07-05 00:40:00+00:00,161.103,161.103,161.038,161.055,665.25
2024-07-05 00:45:00+00:00,161.056,161.067,160.82,160.974,1976.67
2024-07-05 00:50:00+00:00,160.979,161.069,160.95,161.053,1490.7
2024-07-05 00:55:00+00:00,161.053,161.105,161.013,161.073,1175.31
2024-07-05 01:00:00+00:00,161.073,161.136,161.067,161.075,1061.39
2024-07-05 01:05:00+00:00,161.076,161.143,161.072,161.075,625.5
2024-07-05 01:10:00+00:00,161.077,161.08,160.885,160.956,2110.85
2024-07-05 01:15:00+00:00,160.955,161.002,160.878,160.935,1614.08
2024-07-05 01:20:00+00:00,160.937,161.019,160.933,160.988,1321.14
2024-07-05 01:25:00+00:00,160.987,161.104,160.969,161.092,1199.25
2024-07-05 01:30:00+00:00,161.091,161.093,161.027,161.076,1401.03
2024-07-05 01:35:00+00:00,161.078,161.109,161.049,161.051,989.01
2024-07-05 01:40:00+00:00,161.051,161.051,160.994,161.016,882.03
2024-07-05 01:45:00+00:00,161.014,161.044,160.981,161.001,999.73
2024-07-05 01:50:00+00:00,161.0,161.01,160.947,160.955,914.4
2024-07-05 01:55:00+00:00,160.958,161.033,160.954,161.014,729.9
2024-07-05 02:00:00+00:00,161.015,161.045,160.975,161.002,314.46
2024-07-05 02:05:00+00:00,161.003,161.065,160.988,161.004,943.8
2024-07-05 02:10:00+00:00,161.005,161.028,160.959,161.025,733.62
2024-07-05 02:15:00+00:00,161.026,161.045,160.954,160.99,1067.22
2024-07-05 02:20:00+00:00,160.989,161.026,160.932,160.942,744.08
2024-07-05 02:25:00+00:00,160.941,160.975,160.931,160.946,466.35
2024-07-05 02:30:00+00:00,160.946,160.967,160.927,160.964,1258.8
2024-07-05 02:35:00+00:00,160.965,160.986,160.937,160.981,393.75
2024-07-05 02:40:00+00:00,160.979,160.995,160.959,160.96,711.93
2024-07-05 02:45:00+00:00,160.96,160.991,160.952,160.963,454.2
2024-07-05 02:50:00+00:00,160.962,160.978,160.959,160.973,690.3
2024-07-05 02:55:00+00:00,160.974,160.974,160.945,160.961,750.01
2024-07-05 03:00:00+00:00,160.964,160.984,160.86,160.868,1534.38
2024-07-05 03:05:00+00:00,160.86,160.86,160.808,160.808,1046.91
2024-07-05 03:10:00+00:00,160.807,160.857,160.778,160.847,795.79
2024-07-05 03:15:00+00:00,160.847,160.863,160.718,160.733,732.0
2024-07-05 03:20:00+00:00,160.732,160.734,160.53,160.619,1617.46
2024-07-05 03:25:00+00:00,160.621,160.642,160.545,160.545,975.3
2024-07-05 03:30:00+00:00,160.545,160.632,160.543,160.603,907.98
2024-07-05 03:35:00+00:00,160.603,160.66,160.58,160.599,804.51
2024-07-05 03:40:00+00:00,160.6,160.639,160.564,160.595,1122.92
2024-07-05 03:45:00+00:00,160.601,160.712,160.599,160.712,1190.85
2024-07-05 03:50:00+00:00,160.711,160.712,160.618,160.654,480.34
2024-07-05 03:55:00+00:00,160.655,160.662,160.575,160.614,688.29
2024-07-05 04:00:00+00:00,160.613,160.638,160.57,160.57,428.79
2024-07-05 04:05:00+00:00,160.568,160.602,160.53,160.563,1314.99
2024-07-05 04:10:00+00:00,160.563,160.63,160.56,160.625,479.39
2024-07-05 04:15:00+00:00,160.626,160.651,160.624,160.628,309.99
2024-07-05 04:20:00+00:00,160.63,160.668,160.627,160.651,466.06
2024-07-05 04:25:00+00:00,160.65,160.65,160.617,160.617,197.3
2024-07-05 04:30:00+00:00,160.616,160.662,160.615,160.628,280.71
2024-07-05 04:35:00+00:00,160.629,160.651,160.599,160.604,448.53
2024-07-05 04:40:00+00:00,160.603,160.632,160.59,160.631,535.9
2024-07-05 04:45:00+00:00,160.631,160.654,160.626,160.632,536.61
2024-07-05 04:50:00+00:00,160.633,160.672,160.633,160.658,263.92
2024-07-05 04:55:00+00:00,160.658,160.658,160.632,160.643,480.81
2024-07-05 05:00:00+00:00,160.643,160.68,160.641,160.654,212.59
2024-07-05 05:05:00+00:00,160.664,160.731,160.656,160.727,668.55
2024-07-05 05:10:00+00:00,160.728,160.763,160.726,160.746,512.58
2024-07-05 05:15:00+00:00,160.747,160.783,160.729,160.729,844.6
2024-07-05 05:20:00+00:00,160.738,160.779,160.738,160.747,636.89
2024-07-05 05:25:00+00:00,160.747,160.747,160.725,160.736,254.61
2024-07-05 05:30:00+00:00,160.737,160.762,160.737,160.744,130.9
2024-07-05 05:35:00+00:00,160.745,160.745,160.707,160.716,485.29
2024-07-05 05:40:00+00:00,160.717,160.758,160.717,160.734,705.24
2024-07-05 05:45:00+00:00,160.733,160.735,160.675,160.68,534.97
2024-07-05 05:50:00+00:00,160.68,160.693,160.653,160.679,250.28
2024-07-05 05:55:00+00:00,160.68,160.697,160.654,160.679,483.18
2024-07-05 06:00:00+00:00,160.677,160.68,160.57,160.612,1305.31
2024-07-05 06:05:00+00:00,160.612,160.63,160.589,160.605,341.19
2024-07-05 06:10:00+00:00,160.604,160.629,160.597,160.603,1000.44
2024-07-05 06:15:00+00:00,160.603,160.673,160.603,160.653,1006.71
2024-07-05 06:20:00+00:00,160.654,160.679,160.653,160.672,1033.6
2024-07-05 06:25:00+00:00,160.671,160.674,160.605,160.639,468.88
2024-07-05 06:30:00+00:00,160.64,160.721,160.628,160.72,690.99
2024-07-05 06:35:00+00:00,160.726,160.743,160.717,160.743,667.11
2024-07-05 06:40:00+00:00,160.744,160.76,160.72,160.745,1072.27
2024-07-05 06:45:00+00:00,160.745,160.764,160.734,160.758,386.24
2024-07-05 06:50:00+00:00,160.758,160.785,160.745,160.782,444.96
2024-07-05 06:55:00+00:00,160.784,160.802,160.767,160.769,238.01
2024-07-05 07:00:00+00:00,160.77,160.807,160.651,160.718,1619.48
2024-07-05 07:05:00+00:00,160.719,160.734,160.677,160.729,1460.64
2024-07-05 07:10:00+00:00,160.728,160.823,160.715,160.823,1414.02
2024-07-05 07:15:00+00:00,160.823,160.831,160.806,160.82,866.86
2024-07-05 07:20:00+00:00,160.821,160.822,160.761,160.765,2145.32
2024-07-05 07:25:00+00:00,160.764,160.824,160.764,160.808,1127.02
2024-07-05 07:30:00+00:00,160.808,160.813,160.774,160.778,684.12
2024-07-05 07:35:00+00:00,160.78,160.804,160.752,160.759,609.51
2024-07-05 07:40:00+00:00,160.759,160.832,160.756,160.821,999.22
2024-07-05 07:45:00+00:00,160.822,160.852,160.814,160.818,1184.07
2024-07-05 07:50:00+00:00,160.818,160.831,160.789,160.793,1121.42
2024-07-05 07:55:00+00:00,160.795,160.81,160.75,160.771,821.75
2024-07-05 08:00:00+00:00,160.77,160.77,160.728,160.729,949.16
2024-07-05 08:05:00+00:00,160.728,160.76,160.727,160.754,1014.46
2024-07-05 08:10:00+00:00,160.754,160.758,160.73,160.73,1282.97
2024-07-05 08:15:00+00:00,160.729,160.823,160.725,160.813,964.79
2024-07-05 08:20:00+00:00,160.81,160.823,160.779,160.784,711.54
2024-07-05 08:25:00+00:00,160.783,160.789,160.753,160.764,932.61
2024-07-05 08:30:00+00:00,160.765,160.765,160.704,160.705,729.91
2024-07-05 08:35:00+00:00,160.704,160.706,160.632,160.706,1249.46
2024-07-05 08:40:00+00:00,160.706,160.727,160.694,160.727,1256.28
2024-07-05 08:45:00+00:00,160.726,160.744,160.714,160.714,886.17
2024-07-05 08:50:00+00:00,160.714,160.73,160.693,160.718,981.79
2024-07-05 08:55:00+00:00,160.72,160.737,160.719,160.737,279.09
2024-07-05 09:00:00+00:00,160.734,160.766,160.733,160.739,519.72
2024-07-05 09:05:00+00:00,160.738,160.74,160.692,160.692,470.13
2024-07-05 09:10:00+00:00,160.693,160.697,160.648,160.653,1343.6
2024-07-05 09:15:00+00:00,160.653,160.661,160.613,160.64,492.22
2024-07-05 09:20:00+00:00,160.637,160.643,160.623,160.626,255.45
2024-07-05 09:25:00+00:00,160.63,160.693,160.622,160.692,723.07
2024-07-05 09:30:00+00:00,160.693,160.737,160.679,160.73,723.26
2024-07-05 09:35:00+00:00,160.73,160.733,160.674,160.707,333.31
2024-07-05 09:40:00+00:00,160.705,160.729,160.681,160.689,859.66
2024-07-05 09:45:00+00:00,160.69,160.699,160.654,160.673,1286.0
2024-07-05 09:50:00+00:00,160.672,160.696,160.664,160.68,806.81
2024-07-05 09:55:00+00:00,160.681,160.698,160.676,160.697,142.25
2024-07-05 10:00:00+00:00,160.698,160.711,160.651,160.654,1094.27
2024-07-05 10:05:00+00:00,160.653,160.696,160.653,160.69,261.67
2024-07-05 10:10:00+00:00,160.688,160.69,160.653,160.658,325.48
2024-07-05 10:15:00+00:00,160.66,160.666,160.651,160.652,482.24
2024-07-05 10:20:00+00:00,160.654,160.691,160.654,160.683,602.8
2024-07-05 10:25:00+00:00,160.682,160.719,160.68,160.718,286.92
2024-07-05 10:30:00+00:00,160.719,160.745,160.713,160.73,406.78
2024-07-05 10:35:00+00:00,160.731,160.731,160.697,160.72,627.23
2024-07-05 10:40:00+00:00,160.719,160.733,160.718,160.724,345.54
2024-07-05 10:45:00+00:00,160.724,160.759,160.724,160.746,449.2
2024-07-05 10:50:00+00:00,160.745,160.816,160.739,160.813,501.04
2024-07-05 10:55:00+00:00,160.814,160.832,160.796,160.801,327.86
2024-07-05 11:00:00+00:00,160.803,160.807,160.771,160.795,262.31
2024-07-05 11:05:00+00:00,160.796,160.798,160.792,160.794,192.69
2024-07-05 11:10:00+00:00,160.795,160.837,160.785,160.834,435.79
2024-07-05 11:15:00+00:00,160.833,160.838,160.802,160.817,979.62
2024-07-05 11:20:00+00:00,160.817,160.845,160.816,160.844,695.14
2024-07-05 11:25:00+00:00,160.844,160.871,160.844,160.86,456.15
2024-07-05 11:30:00+00:00,160.861,160.876,160.851,160.86,933.72
2024-07-05 11:35:00+00:00,160.862,160.88,160.857,160.87,422.59
2024-07-05 11:40:00+00:00,160.868,160.876,160.842,160.842,921.89
2024-07-05 11:45:00+00:00,160.842,160.848,160.816,160.835,974.38
2024-07-05 11:50:00+00:00,160.837,160.866,160.816,160.819,663.12
2024-07-05 11:55:00+00:00,160.817,160.82,160.789,160.82,513.55
2024-07-05 12:00:00+00:00,160.819,160.83,160.792,160.811,531.36
2024-07-05 12:05:00+00:00,160.812,160.812,160.785,160.804,1147.62
2024-07-05 12:10:00+00:00,160.803,160.823,160.753,160.786,748.59
2024-07-05 12:15:00+00:00,160.785,160.809,160.775,160.781,867.01
2024-07-05 12:20:00+00:00,160.779,160.79,160.753,160.758,1197.92
2024-07-05 12:25:00+00:00,160.757,160.759,160.574,160.574,1073.19
2024-07-05 12:30:00+00:00,160.574,161.088,160.33,160.706,4664.1
2024-07-05 12:35:00+00:00,160.707,161.159,160.676,161.062,5665.64
2024-07-05 12:40:00+00:00,161.062,161.116,160.809,160.826,4796.04
2024-07-05 12:45:00+00:00,160.823,161.014,160.764,160.986,4761.7
2024-07-05 12:50:00+00:00,160.984,161.048,160.91,161.01,4190.29
2024-07-05 12:55:00+00:00,161.009,161.014,160.877,160.942,3221.88
2024-07-05 13:00:00+00:00,160.941,160.98,160.861,160.977,2868.63
2024-07-05 13:05:00+00:00,160.981,161.022,160.899,160.903,3458.11
2024-07-05 13:10:00+00:00,160.901,160.912,160.78,160.875,3174.84
2024-07-05 13:15:00+00:00,160.876,160.981,160.876,160.925,3179.7
2024-07-05 13:20:00+00:00,160.924,160.96,160.866,160.871,2875.12
2024-07-05 13:25:00+00:00,160.87,160.96,160.866,160.913,2510.25
2024-07-05 13:30:00+00:00,160.914,160.997,160.873,160.896,2098.02
2024-07-05 13:35:00+00:00,160.896,160.949,160.861,160.942,2626.69
2024-07-05 13:40:00+00:00,160.942,160.951,160.887,160.917,1746.06
2024-07-05 13:45:00+00:00,160.915,161.075,160.914,161.075,2374.51
2024-07-05 13:50:00+00:00,161.075,161.294,161.036,161.214,2959.75
2024-07-05 13:55:00+00:00,161.214,161.326,161.214,161.264,2025.25
2024-07-05 14:00:00+00:00,161.264,161.329,161.26,161.272,1532.27
2024-07-05 14:05:00+00:00,161.272,161.289,161.176,161.246,1994.65
2024-07-05 14:10:00+00:00,161.25,161.284,161.18,161.197,1836.6
2024-07-05 14:15:00+00:00,161.196,161.206,161.144,161.153,1950.39
2024-07-05 14:20:00+00:00,161.149,161.16,161.105,161.139,1342.95
2024-07-05 14:25:00+00:00,161.139,161.206,161.127,161.204,1480.12
2024-07-05 14:30:00+00:00,161.203,161.204,161.054,161.108,1896.29
2024-07-05 14:35:00+00:00,161.108,161.113,161.014,161.021,1808.67
2024-07-05 14:40:00+00:00,161.022,161.025,160.911,160.914,1765.64
2024-07-05 14:45:00+00:00,160.914,160.983,160.906,160.938,1717.88
2024-07-05 14:50:00+00:00,160.938,160.978,160.922,160.952,1948.69
2024-07-05 14:55:00+00:00,160.951,160.998,160.896,160.962,2275.97
2024-07-05 15:00:00+00:00,160.961,161.019,160.922,160.969,1851.55
2024-07-05 15:05:00+00:00,160.973,160.975,160.894,160.923,1663.88
2024-07-05 15:10:00+00:00,160.924,160.964,160.868,160.899,2035.77
2024-07-05 15:15:00+00:00,160.895,160.898,160.785,160.785,1520.98
2024-07-05 15:20:00+00:00,160.784,160.79,160.711,160.78,2318.15
2024-07-05 15:25:00+00:00,160.78,160.781,160.68,160.685,1648.68
2024-07-05 15:30:00+00:00,160.684,160.685,160.629,160.674,1317.13
2024-07-05 15:35:00+00:00,160.673,160.725,160.629,160.722,1526.47
2024-07-05 15:40:00+00:00,160.728,160.773,160.697,160.744,1323.86
2024-07-05 15:45:00+00:00,160.746,160.77,160.733,160.769,794.0
2024-07-05 15:50:00+00:00,160.77,160.772,160.729,160.73,1197.34
2024-07-05 15:55:00+00:00,160.728,160.741,160.678,160.731,1295.2
2024-07-05 16:00:00+00:00,160.73,160.732,160.706,160.728,1182.35
2024-07-05 16:05:00+00:00,160.729,160.768,160.726,160.758,1130.77
2024-07-05 16:10:00+00:00,160.758,160.835,160.756,160.823,1407.12
2024-07-05 16:15:00+00:00,160.823,160.838,160.808,160.836,1169.13
2024-07-05 16:20:00+00:00,160.835,160.839,160.797,160.801,674.86
2024-07-05 16:25:00+00:00,160.802,160.834,160.795,160.834,776.91
2024-07-05 16:30:00+00:00,160.833,160.851,160.829,160.84,1068.09
2024-07-05 16:35:00+00:00,160.841,160.862,160.834,160.857,816.35
2024-07-05 16:40:00+00:00,160.857,160.897,160.853,160.895,947.01
2024-07-05 16:45:00+00:00,160.895,160.897,160.879,160.884,427.71
2024-07-05 16:50:00+00:00,160.883,160.923,160.882,160.923,794.9
2024-07-05 16:55:00+00:00,160.923,160.948,160.883,160.885,843.11
2024-07-05 17:00:00+00:00,160.883,160.91,160.876,160.881,741.45
2024-07-05 17:05:00+00:00,160.88,160.88,160.841,160.867,954.27
2024-07-05 17:10:00+00:00,160.867,160.888,160.855,160.884,762.58
2024-07-05 17:15:00+00:00,160.884,160.91,160.884,160.908,570.7
2024-07-05 17:20:00+00:00,160.908,160.909,160.869,160.885,737.57
2024-07-05 17:25:00+00:00,160.884,160.888,160.873,160.886,813.51
2024-07-05 17:30:00+00:00,160.886,160.895,160.869,160.873,814.55
2024-07-05 17:35:00+00:00,160.873,160.878,160.861,160.863,316.21
2024-07-05 17:40:00+00:00,160.862,160.863,160.81,160.82,858.37
2024-07-05 17:45:00+00:00,160.819,160.833,160.813,160.82,898.93
2024-07-05 17:50:00+00:00,160.825,160.851,160.816,160.848,857.26
2024-07-05 17:55:00+00:00,160.848,160.849,160.828,160.848,584.39
2024-07-05 18:00:00+00:00,160.849,160.849,160.821,160.834,505.06
2024-07-05 18:05:00+00:00,160.835,160.838,160.831,160.837,370.05
2024-07-05 18:10:00+00:00,160.836,160.837,160.806,160.808,394.29
2024-07-05 18:15:00+00:00,160.81,160.811,160.781,160.782,494.49
2024-07-05 18:20:00+00:00,160.781,160.793,160.757,160.757,709.65
2024-07-05 18:25:00+00:00,160.757,160.759,160.732,160.732,307.73
2024-07-05 18:30:00+00:00,160.732,160.772,160.732,160.734,1289.85
2024-07-05 18:35:00+00:00,160.732,160.76,160.72,160.759,1273.11
2024-07-05 18:40:00+00:00,160.758,160.771,160.741,160.744,1300.86
2024-07-05 18:45:00+00:00,160.744,160.748,160.739,160.742,1254.84
2024-07-05 18:50:00+00:00,160.742,160.742,160.708,160.715,1296.12
2024-07-05 18:55:00+00:00,160.713,160.728,160.71,160.719,1680.69
2024-07-05 19:00:00+00:00,160.719,160.742,160.708,160.713,1041.39
2024-07-05 19:05:00+00:00,160.713,160.75,160.71,160.74,876.6
2024-07-05 19:10:00+00:00,160.741,160.753,160.729,160.74,446.52
2024-07-05 19:15:00+00:00,160.74,160.743,160.714,160.717,879.39
2024-07-05 19:20:00+00:00,160.716,160.719,160.712,160.716,428.85
2024-07-05 19:25:00+00:00,160.716,160.722,160.71,160.715,546.12
2024-07-05 19:30:00+00:00,160.716,160.734,160.712,160.728,548.25
2024-07-05 19:35:00+00:00,160.727,160.737,160.723,160.73,293.4
2024-07-05 19:40:00+00:00,160.73,160.734,160.726,160.731,464.4
2024-07-05 19:45:00+00:00,160.732,160.748,160.731,160.745,419.7
2024-07-05 19:50:00+00:00,160.746,160.773,160.743,160.757,472.35
2024-07-05 19:55:00+00:00,160.756,160.766,160.734,160.766,550.29
2024-07-05 20:00:00+00:00,160.766,160.787,160.756,160.763,370.53
2024-07-05 20:05:00+00:00,160.762,160.776,160.735,160.774,335.07
2024-07-05 20:10:00+00:00,160.782,160.784,160.768,160.775,159.3
2024-07-05 20:15:00+00:00,160.776,160.783,160.767,160.775,85.02
2024-07-05 20:20:00+00:00,160.775,160.779,160.761,160.777,112.74
2024-07-05 20:25:00+00:00,160.78,160.783,160.767,160.777,375.39
2024-07-05 20:30:00+00:00,160.777,160.781,160.763,160.78,586.35
2024-07-05 20:35:00+00:00,160.78,160.78,160.764,160.765,665.37
2024-07-05 20:40:00+00:00,160.767,160.803,160.767,160.8,575.04
2024-07-05 20:45:00+00:00,160.8,160.822,160.794,160.819,187.2
2024-07-05 20:50:00+00:00,160.816,160.837,160.8,160.804,243.45
2024-07-05 20:55:00+00:00,160.804,160.815,160.715,160.719,172.14
2024-07-07 21:00:00+00:00,160.721,160.721,160.67,160.706,19.65
2024-07-07 21:05:00+00:00,160.699,160.729,160.699,160.712,25.2
2024-07-07 21:10:00+00:00,160.713,160.727,160.701,160.708,29.7
2024-07-07 21:15:00+00:00,160.731,160.733,160.706,160.719,46.8
2024-07-07 21:20:00+00:00,160.697,160.714,160.685,160.712,18.9
2024-07-07 21:25:00+00:00,160.713,160.715,160.685,160.714,27.3
2024-07-07 21:30:00+00:00,160.713,160.739,160.713,160.737,69.3
2024-07-07 21:35:00+00:00,160.738,160.771,160.734,160.752,184.5
2024-07-07 21:40:00+00:00,160.747,160.819,160.747,160.801,86.7
2024-07-07 21:45:00+00:00,160.798,160.812,160.795,160.799,81.45
2024-07-07 21:50:00+00:00,160.797,160.8,160.784,160.793,48.6
2024-07-07 21:55:00+00:00,160.793,160.793,160.721,160.745,167.1
2024-07-07 22:00:00+00:00,160.757,160.759,160.669,160.724,553.65
2024-07-07 22:05:00+00:00,160.73,160.742,160.714,160.724,177.15
2024-07-07 22:10:00+00:00,160.724,160.724,160.661,160.687,431.55
2024-07-07 22:15:00+00:00,160.686,160.691,160.664,160.689,367.5
2024-07-07 22:20:00+00:00,160.69,160.74,160.679,160.74,520.2
2024-07-07 22:25:00+00:00,160.739,160.745,160.715,160.728,391.17
2024-07-07 22:30:00+00:00,160.728,160.767,160.692,160.755,449.38
2024-07-07 22:35:00+00:00,160.76,160.766,160.714,160.73,514.35
2024-07-07 22:40:00+00:00,160.726,160.732,160.718,160.729,272.4
2024-07-07 22:45:00+00:00,160.73,160.755,160.726,160.727,404.55
2024-07-07 22:50:00+00:00,160.727,160.755,160.726,160.754,450.99
2024-07-07 22:55:00+00:00,160.755,160.773,160.751,160.767,662.4
2024-07-07 23:00:00+00:00,160.767,160.813,160.738,160.74,1132.8
2024-07-07 23:05:00+00:00,160.741,160.756,160.699,160.704,995.25
2024-07-07 23:10:00+00:00,160.703,160.711,160.689,160.69,525.15
2024-07-07 23:15:00+00:00,160.689,160.699,160.663,160.691,681.0
2024-07-07 23:20:00+00:00,160.691,160.715,160.675,160.678,539.4
2024-07-07 23:25:00+00:00,160.679,160.703,160.665,160.692,525.15
2024-07-07 23:30:00+00:00,160.692,160.712,160.681,160.694,426.0
2024-07-07 23:35:00+00:00,160.692,160.704,160.688,160.694,80.55
2024-07-07 23:40:00+00:00,160.695,160.719,160.679,160.708,284.31
2024-07-07 23:45:00+00:00,160.709,160.71,160.584,160.602,784.92
2024-07-07 23:50:00+00:00,160.603,160.652,160.575,160.652,1218.36
2024-07-07 23:55:00+00:00,160.654,160.656,160.601,160.638,1535.31
2024-07-08 00:00:00+00:00,160.637,160.698,160.584,160.689,2564.2
2024-07-08 00:05:00+00:00,160.69,160.696,160.614,160.624,1587.67
2024-07-08 00:10:00+00:00,160.626,160.633,160.561,160.579,1528.88
2024-07-08 00:15:00+00:00,160.579,160.63,160.562,160.619,1721.85
2024-07-08 00:20:00+00:00,160.619,160.687,160.603,160.681,2102.62
2024-07-08 00:25:00+00:00,160.681,160.687,160.585,160.606,1787.88
2024-07-08 00:30:00+00:00,160.606,160.644,160.582,160.637,1194.5
2024-07-08 00:35:00+00:00,160.637,160.647,160.605,160.641,665.82
2024-07-08 00:40:00+00:00,160.642,160.714,160.625,160.706,755.04
2024-07-08 00:45:00+00:00,160.706,160.713,160.625,160.641,1009.14
2024-07-08 00:50:00+00:00,160.642,160.726,160.619,160.72,1917.74
2024-07-08 00:55:00+00:00,160.72,160.73,160.6,160.61,2872.18
2024-07-08 01:00:00+00:00,160.61,160.657,160.592,160.647,1866.21
2024-07-08 01:05:00+00:00,160.646,160.686,160.639,160.685,1224.48
2024-07-08 01:10:00+00:00,160.686,160.714,160.66,160.693,1120.45
2024-07-08 01:15:00+00:00,160.694,160.697,160.649,160.655,585.75
2024-07-08 01:20:00+00:00,160.655,160.658,160.629,160.633,298.26
2024-07-08 01:25:00+00:00,160.637,160.64,160.6,160.618,880.22
2024-07-08 01:30:00+00:00,160.619,160.626,160.472,160.504,2215.03
2024-07-08 01:35:00+00:00,160.505,160.546,160.486,160.533,2386.24
2024-07-08 01:40:00+00:00,160.533,160.569,160.513,160.536,1243.83
2024-07-08 01:45:00+00:00,160.536,160.545,160.424,160.531,2553.33
2024-07-08 01:50:00+00:00,160.531,160.539,160.507,160.524,1804.84
2024-07-08 01:55:00+00:00,160.523,160.525,160.39,160.41,2448.93
2024-07-08 02:00:00+00:00,160.411,160.48,160.41,160.479,1356.19
2024-07-08 02:05:00+00:00,160.479,160.479,160.358,160.362,1303.29
2024-07-08 02:10:00+00:00,160.363,160.43,160.347,160.402,1304.82
2024-07-08 02:15:00+00:00,160.402,160.402,160.275,160.392,2042.85
2024-07-08 02:20:00+00:00,160.39,160.455,160.389,160.436,948.43
2024-07-08 02:25:00+00:00,160.437,160.442,160.347,160.363,1389.85
2024-07-08 02:30:00+00:00,160.363,160.411,160.357,160.372,846.48
2024-07-08 02:35:00+00:00,160.372,160.377,160.293,160.316,1224.42
2024-07-08 02:40:00+00:00,160.317,160.332,160.26,160.311,1620.75
2024-07-08 02:45:00+00:00,160.314,160.357,160.314,160.336,1116.51
2024-07-08 02:50:00+00:00,160.336,160.402,160.332,160.391,1186.14
2024-07-08 02:55:00+00:00,160.39,160.39,160.268,160.369,1962.12
2024-07-08 03:00:00+00:00,160.371,160.418,160.354,160.416,922.17
2024-07-08 03:05:00+00:00,160.416,160.416,160.375,160.387,551.94
2024-07-08 03:10:00+00:00,160.386,160.416,160.375,160.415,505.68
2024-07-08 03:15:00+00:00,160.415,160.425,160.386,160.411,1012.62
2024-07-08 03:20:00+00:00,160.413,160.427,160.403,160.419,990.3
2024-07-08 03:25:00+00:00,160.42,160.423,160.381,160.384,332.52
2024-07-08 03:30:00+00:00,160.386,160.406,160.384,160.396,331.23
2024-07-08 03:35:00+00:00,160.398,160.432,160.398,160.431,615.42
2024-07-08 03:40:00+00:00,160.428,160.505,160.427,160.5,1005.65
2024-07-08 03:45:00+00:00,160.504,160.553,160.501,160.539,908.19
2024-07-08 03:50:00+00:00,160.539,160.539,160.481,160.516,1137.49
2024-07-08 03:55:00+00:00,160.514,160.515,160.443,160.486,1683.32
2024-07-08 04:00:00+00:00,160.486,160.578,160.484,160.565,1489.31
2024-07-08 04:05:00+00:00,160.564,160.579,160.525,160.562,1137.21
2024-07-08 04:10:00+00:00,160.561,160.572,160.547,160.551,1025.4
2024-07-08 04:15:00+00:00,160.55,160.576,160.549,160.562,538.95
2024-07-08 04:20:00+00:00,160.563,160.566,160.55,160.551,814.2
2024-07-08 04:25:00+00:00,160.551,160.571,160.546,160.549,659.25
2024-07-08 04:30:00+00:00,160.549,160.55,160.512,160.513,400.5
2024-07-08 04:35:00+00:00,160.513,160.53,160.509,160.53,178.05
2024-07-08 04:40:00+00:00,160.534,160.537,160.485,160.497,315.17
2024-07-08 04:45:00+00:00,160.494,160.495,160.472,160.487,551.82
2024-07-08 04:50:00+00:00,160.488,160.506,160.486,160.497,693.66
2024-07-08 04:55:00+00:00,160.496,160.542,160.496,160.538,562.23
2024-07-08 05:00:00+00:00,160.539,160.569,160.528,160.569,940.68
2024-07-08 05:05:00+00:00,160.572,160.589,160.555,160.569,877.05
2024-07-08 05:10:00+00:00,160.567,160.569,160.538,160.545,479.19
2024-07-08 05:15:00+00:00,160.547,160.579,160.547,160.563,850.2
2024-07-08 05:20:00+00:00,160.565,160.596,160.564,160.596,1345.77
2024-07-08 05:25:00+00:00,160.595,160.633,160.595,160.605,1261.17
2024-07-08 05:30:00+00:00,160.608,160.644,160.608,160.632,501.3
2024-07-08 05:35:00+00:00,160.631,160.644,160.614,160.633,959.72
2024-07-08 05:40:00+00:00,160.633,160.634,160.618,160.632,867.9
2024-07-08 05:45:00+00:00,160.633,160.649,160.619,160.633,599.58
2024-07-08 05:50:00+00:00,160.632,160.638,160.606,160.606,278.34
2024-07-08 05:55:00+00:00,160.607,160.698,160.607,160.696,1016.12
2024-07-08 06:00:00+00:00,160.696,160.696,160.576,160.58,2264.94
2024-07-08 06:05:00+00:00,160.581,160.582,160.539,160.553,2366.37
2024-07-08 06:10:00+00:00,160.553,160.656,160.548,160.656,1835.93
2024-07-08 06:15:00+00:00,160.658,160.686,160.638,160.64,2174.37
2024-07-08 06:20:00+00:00,160.641,160.695,160.637,160.684,1339.32
2024-07-08 06:25:00+00:00,160.683,160.746,160.672,160.743,2309.73
2024-07-08 06:30:00+00:00,160.742,160.75,160.71,160.717,804.9
2024-07-08 06:35:00+00:00,160.718,160.765,160.71,160.759,745.11
2024-07-08 06:40:00+00:00,160.76,160.775,160.735,160.775,1933.59
2024-07-08 06:45:00+00:00,160.774,160.865,160.774,160.849,1684.83
2024-07-08 06:50:00+00:00,160.85,160.861,160.783,160.81,1711.52
2024-07-08 06:55:00+00:00,160.811,160.865,160.805,160.835,1292.49
2024-07-08 07:00:00+00:00,160.834,160.9,160.807,160.898,2150.07
2024-07-08 07:05:00+00:00,160.898,160.948,160.889,160.891,2714.66
2024-07-08 07:10:00+00:00,160.892,160.927,160.879,160.895,2449.77
2024-07-08 07:15:00+00:00,160.895,160.902,160.836,160.844,2693.31
2024-07-08 07:20:00+00:00,160.845,160.861,160.798,160.805,1414.92
2024-07-08 07:25:00+00:00,160.806,160.872,160.781,160.871,2238.87
2024-07-08 07:30:00+00:00,160.873,160.917,160.863,160.895,1607.55
2024-07-08 07:35:00+00:00,160.896,160.91,160.855,160.909,1709.01
2024-07-08 07:40:00+00:00,160.91,160.945,160.906,160.919,1968.28
2024-07-08 07:45:00+00:00,160.922,160.956,160.908,160.909,1346.13
2024-07-08 07:50:00+00:00,160.908,160.925,160.867,160.87,1665.36
2024-07-08 07:55:00+00:00,160.871,160.926,160.869,160.897,870.51
2024-07-08 08:00:00+00:00,160.899,160.926,160.891,160.899,984.93
2024-07-08 08:05:00+00:00,160.899,160.917,160.89,160.913,583.2
2024-07-08 08:10:00+00:00,160.914,160.919,160.886,160.896,688.08
2024-07-08 08:15:00+00:00,160.897,160.924,160.886,160.921,504.9
2024-07-08 08:20:00+00:00,160.919,160.924,160.9,160.904,343.74
2024-07-08 08:25:00+00:00,160.904,160.938,160.904,160.938,505.92
2024-07-08 08:30:00+00:00,160.938,160.944,160.931,160.939,1118.19
2024-07-08 08:35:00+00:00,160.938,160.961,160.935,160.961,402.75
2024-07-08 08:40:00+00:00,160.962,160.992,160.948,160.987,1268.65
2024-07-08 08:45:00+00:00,160.988,161.025,160.956,161.016,1634.93
2024-07-08 08:50:00+00:00,161.015,161.073,161.015,161.063,1390.99
2024-07-08 08:55:00+00:00,161.064,161.117,161.042,161.091,1723.8
2024-07-08 09:00:00+00:00,161.092,161.101,161.05,161.067,2172.33
2024-07-08 09:05:00+00:00,161.067,161.068,161.037,161.053,1935.36
2024-07-08 09:10:00+00:00,161.054,161.067,161.034,161.039,902.85
2024-07-08 09:15:00+00:00,161.039,161.048,161.014,161.016,833.28
2024-07-08 09:20:00+00:00,161.015,161.03,161.01,161.024,1164.75
2024-07-08 09:25:00+00:00,161.024,161.027,161.003,161.016,727.08
2024-07-08 09:30:00+00:00,161.017,161.045,161.016,161.042,809.58
2024-07-08 09:35:00+00:00,161.043,161.069,161.042,161.054,399.81
2024-07-08 09:40:00+00:00,161.053,161.055,161.042,161.042,606.63
2024-07-08 09:45:00+00:00,161.043,161.064,161.034,161.054,1197.27
2024-07-08 09:50:00+00:00,161.054,161.064,161.039,161.047,1447.65
2024-07-08 09:55:00+00:00,161.048,161.049,161.023,161.037,984.09
2024-07-08 10:00:00+00:00,161.036,161.037,161.007,161.014,829.8
2024-07-08 10:05:00+00:00,161.013,161.016,160.973,160.981,839.31
2024-07-08 10:10:00+00:00,160.981,160.985,160.945,160.945,605.43
2024-07-08 10:15:00+00:00,160.947,160.948,160.923,160.945,1372.23
2024-07-08 10:20:00+00:00,160.945,160.948,160.934,160.944,824.04
2024-07-08 10:25:00+00:00,160.945,160.947,160.938,160.946,549.33
2024-07-08 10:30:00+00:00,160.945,160.947,160.919,160.922,754.8
2024-07-08 10:35:00+00:00,160.922,161.0,160.92,161.0,1274.55
2024-07-08 10:40:00+00:00,161.001,161.001,160.977,160.981,510.42
2024-07-08 10:45:00+00:00,160.982,160.988,160.956,160.957,700.35
2024-07-08 10:50:00+00:00,160.957,160.963,160.945,160.945,1727.4
2024-07-08 10:55:00+00:00,160.945,160.947,160.93,160.934,835.32
2024-07-08 11:00:00+00:00,160.935,160.947,160.932,160.944,1656.45
2024-07-08 11:05:00+00:00,160.945,160.945,160.868,160.896,771.49
2024-07-08 11:10:00+00:00,160.896,160.93,160.894,160.923,1156.35
2024-07-08 11:15:00+00:00,160.925,160.939,160.92,160.924,513.57
2024-07-08 11:20:00+00:00,160.925,160.927,160.92,160.921,343.95
2024-07-08 11:25:00+00:00,160.922,160.925,160.919,160.923,835.29
2024-07-08 11:30:00+00:00,160.923,160.938,160.912,160.925,772.05
2024-07-08 11:35:00+00:00,160.925,160.977,160.924,160.976,500.4
2024-07-08 11:40:00+00:00,160.976,161.033,160.971,161.028,1043.83
2024-07-08 11:45:00+00:00,161.027,161.053,161.022,161.053,999.57
2024-07-08 11:50:00+00:00,161.054,161.056,161.008,161.017,1602.55
2024-07-08 11:55:00+00:00,161.015,161.024,161.007,161.012,261.6
2024-07-08 12:00:00+00:00,161.011,161.02,160.944,160.944,1902.93
2024-07-08 12:05:00+00:00,160.946,160.948,160.898,160.92,1483.2
2024-07-08 12:10:00+00:00,160.918,160.965,160.904,160.943,1919.28
2024-07-08 12:15:00+00:00,160.943,160.944,160.859,160.866,1802.4
2024-07-08 12:20:00+00:00,160.862,160.863,160.765,160.791,2760.66
2024-07-08 12:25:00+00:00,160.791,160.827,160.78,160.819,2090.55
2024-07-08 12:30:00+00:00,160.82,160.82,160.767,160.771,1877.95
2024-07-08 12:35:00+00:00,160.772,160.798,160.74,160.785,1668.27
2024-07-08 12:40:00+00:00,160.787,160.846,160.779,160.785,1977.72
2024-07-08 12:45:00+00:00,160.784,160.798,160.746,160.759,1752.03
2024-07-08 12:50:00+00:00,160.76,160.788,160.731,160.739,2220.12
2024-07-08 12:55:00+00:00,160.737,160.74,160.663,160.689,2601.93
2024-07-08 13:00:00+00:00,160.691,160.707,160.613,160.617,2000.97
2024-07-08 13:05:00+00:00,160.618,160.643,160.587,160.631,2339.19
2024-07-08 13:10:00+00:00,160.63,160.66,160.599,160.616,2839.98
2024-07-08 13:15:00+00:00,160.615,160.692,160.602,160.681,2589.9
2024-07-08 13:20:00+00:00,160.682,160.75,160.681,160.707,2238.48
2024-07-08 13:25:00+00:00,160.708,160.737,160.704,160.715,945.66
2024-07-08 13:30:00+00:00,160.716,160.717,160.674,160.682,2284.62
2024-07-08 13:35:00+00:00,160.682,160.797,160.664,160.793,2712.33
2024-07-08 13:40:00+00:00,160.793,160.811,160.752,160.764,3198.11
2024-07-08 13:45:00+00:00,160.767,160.779,160.737,160.744,2513.04
2024-07-08 13:50:00+00:00,160.744,160.745,160.703,160.714,2348.52
2024-07-08 13:55:00+00:00,160.714,160.718,160.643,160.657,1475.2
2024-07-08 14:00:00+00:00,160.655,160.659,160.577,160.579,1294.62
2024-07-08 14:05:00+00:00,160.58,160.62,160.574,160.618,1451.88
2024-07-08 14:10:00+00:00,160.617,160.617,160.539,160.553,1702.75
2024-07-08 14:15:00+00:00,160.553,160.58,160.523,160.53,1703.04
2024-07-08 14:20:00+00:00,160.531,160.535,160.474,160.519,1829.16
2024-07-08 14:25:00+00:00,160.519,160.557,160.502,160.544,1382.46
2024-07-08 14:30:00+00:00,160.546,160.633,160.52,160.629,979.14
2024-07-08 14:35:00+00:00,160.627,160.639,160.569,160.582,698.64
2024-07-08 14:40:00+00:00,160.582,160.64,160.56,160.606,1072.2
2024-07-08 14:45:00+00:00,160.607,160.617,160.567,160.567,882.6
2024-07-08 14:50:00+00:00,160.569,160.601,160.512,160.538,2417.49
2024-07-08 14:55:00+00:00,160.537,160.64,160.537,160.615,2263.14
2024-07-08 15:00:00+00:00,160.616,160.694,160.592,160.692,2211.78
2024-07-08 15:05:00+00:00,160.693,160.693,160.653,160.67,2247.06
2024-07-08 15:10:00+00:00,160.671,160.71,160.67,160.686,1930.17
2024-07-08 15:15:00+00:00,160.685,160.688,160.663,160.669,1510.17
2024-07-08 15:20:00+00:00,160.674,160.681,160.632,160.677,1844.22
2024-07-08 15:25:00+00:00,160.677,160.716,160.674,160.704,2295.42
2024-07-08 15:30:00+00:00,160.704,160.759,160.702,160.704,2671.83
2024-07-08 15:35:00+00:00,160.702,160.719,160.69,160.705,1372.14
2024-07-08 15:40:00+00:00,160.703,160.719,160.684,160.717,1736.7
2024-07-08 15:45:00+00:00,160.718,160.788,160.717,160.773,2303.55
2024-07-08 15:50:00+00:00,160.774,160.806,160.762,160.779,1360.62
2024-07-08 15:55:00+00:00,160.777,160.815,160.776,160.777,1912.89
2024-07-08 16:00:00+00:00,160.777,160.792,160.763,160.765,1829.28
2024-07-08 16:05:00+00:00,160.766,160.778,160.751,160.763,958.74
2024-07-08 16:10:00+00:00,160.765,160.768,160.738,160.738,1224.96
2024-07-08 16:15:00+00:00,160.74,160.766,160.736,160.753,872.13
2024-07-08 16:20:00+00:00,160.752,160.769,160.75,160.767,588.9
2024-07-08 16:25:00+00:00,160.768,160.792,160.755,160.779,1077.15
2024-07-08 16:30:00+00:00,160.78,160.785,160.771,160.778,901.53
2024-07-08 16:35:00+00:00,160.779,160.779,160.764,160.774,1041.81
2024-07-08 16:40:00+00:00,160.774,160.774,160.762,160.765,1104.75
2024-07-08 16:45:00+00:00,160.766,160.767,160.752,160.765,341.4
2024-07-08 16:50:00+00:00,160.764,160.764,160.752,160.754,914.19
2024-07-08 16:55:00+00:00,160.754,160.754,160.729,160.729,668.67
2024-07-08 17:00:00+00:00,160.729,160.743,160.726,160.739,707.58
2024-07-08 17:05:00+00:00,160.739,160.743,160.718,160.731,1125.84
2024-07-08 17:10:00+00:00,160.732,160.734,160.713,160.714,300.42
2024-07-08 17:15:00+00:00,160.714,160.717,160.692,160.702,1009.59
2024-07-08 17:20:00+00:00,160.701,160.704,160.69,160.701,871.17
2024-07-08 17:25:00+00:00,160.702,160.743,160.7,160.74,756.03
2024-07-08 17:30:00+00:00,160.741,160.745,160.729,160.731,1099.05
2024-07-08 17:35:00+00:00,160.731,160.742,160.729,160.732,975.33
2024-07-08 17:40:00+00:00,160.731,160.733,160.694,160.702,714.09
2024-07-08 17:45:00+00:00,160.703,160.724,160.701,160.722,238.02
2024-07-08 17:50:00+00:00,160.72,160.728,160.696,160.702,399.99
2024-07-08 17:55:00+00:00,160.703,160.719,160.69,160.719,245.85
2024-07-08 18:00:00+00:00,160.719,160.74,160.713,160.738,806.4
2024-07-08 18:05:00+00:00,160.738,160.758,160.737,160.757,1210.14
2024-07-08 18:10:00+00:00,160.757,160.765,160.731,160.741,1185.87
2024-07-08 18:15:00+00:00,160.742,160.744,160.738,160.741,181.68
2024-07-08 18:20:00+00:00,160.741,160.743,160.73,160.741,453.75
2024-07-08 18:25:00+00:00,160.742,160.76,160.741,160.757,1062.0
2024-07-08 18:30:00+00:00,160.759,160.759,160.755,160.757,835.47
2024-07-08 18:35:00+00:00,160.756,160.782,160.755,160.767,799.86
2024-07-08 18:40:00+00:00,160.767,160.77,160.756,160.758,1569.3
2024-07-08 18:45:00+00:00,160.758,160.787,160.754,160.784,954.03
2024-07-08 18:50:00+00:00,160.783,160.816,160.781,160.809,1484.34
2024-07-08 18:55:00+00:00,160.809,160.818,160.775,160.788,1669.11
2024-07-08 19:00:00+00:00,160.789,160.789,160.737,160.75,1305.03
2024-07-08 19:05:00+00:00,160.751,160.773,160.749,160.765,1108.62
2024-07-08 19:10:00+00:00,160.766,160.766,160.742,160.761,1199.49
2024-07-08 19:15:00+00:00,160.761,160.766,160.75,160.754,1669.74
2024-07-08 19:20:00+00:00,160.753,160.78,160.752,160.777,1234.34
2024-07-08 19:25:00+00:00,160.779,160.797,160.774,160.774,445.11
2024-07-08 19:30:00+00:00,160.772,160.781,160.766,160.778,476.85
2024-07-08 19:35:00+00:00,160.778,160.791,160.763,160.769,515.58
2024-07-08 19:40:00+00:00,160.77,160.775,160.756,160.765,158.19
2024-07-08 19:45:00+00:00,160.765,160.771,160.759,160.768,798.96
2024-07-08 19:50:00+00:00,160.77,160.794,160.769,160.794,286.06
2024-07-08 19:55:00+00:00,160.795,160.795,160.768,160.791,793.14
2024-07-08 20:00:00+00:00,160.793,160.793,160.775,160.776,128.7
2024-07-08 20:05:00+00:00,160.773,160.809,160.773,160.807,235.43
2024-07-08 20:10:00+00:00,160.808,160.821,160.808,160.819,199.95
2024-07-08 20:15:00+00:00,160.82,160.831,160.819,160.831,134.1
2024-07-08 20:20:00+00:00,160.829,160.829,160.804,160.818,87.81
2024-07-08 20:25:00+00:00,160.818,160.82,160.793,160.805,148.74
2024-07-08 20:30:00+00:00,160.805,160.81,160.801,160.808,170.04
2024-07-08 20:35:00+00:00,160.81,160.81,160.805,160.807,72.0
2024-07-08 20:40:00+00:00,160.812,160.817,160.797,160.811,104.4
2024-07-08 20:45:00+00:00,160.813,160.814,160.809,160.812,24.75
2024-07-08 20:50:00+00:00,160.814,160.823,160.813,160.819,94.98
2024-07-08 20:55:00+00:00,160.819,160.835,160.796,160.796,205.56
2024-07-08 21:00:00+00:00,160.796,160.796,160.756,160.765,25.92
2024-07-08 21:05:00+00:00,160.767,160.789,160.761,160.77,46.74
2024-07-08 21:10:00+00:00,160.773,160.782,160.758,160.774,51.12
2024-07-08 21:15:00+00:00,160.774,160.786,160.771,160.786,21.51
2024-07-08 21:20:00+00:00,160.77,160.787,160.768,160.773,28.44
2024-07-08 21:25:00+00:00,160.773,160.794,160.772,160.785,23.55
2024-07-08 21:30:00+00:00,160.785,160.807,160.785,160.805,53.28
2024-07-08 21:35:00+00:00,160.804,160.805,160.801,160.801,20.88
2024-07-08 21:40:00+00:00,160.801,160.805,160.769,160.774,48.69
2024-07-08 21:45:00+00:00,160.774,160.775,160.764,160.773,48.24
2024-07-08 21:50:00+00:00,160.769,160.77,160.76,160.768,26.4
2024-07-08 21:55:00+00:00,160.766,160.771,160.763,160.764,9.42
2024-07-08 22:00:00+00:00,160.764,160.81,160.764,160.802,204.05
2024-07-08 22:05:00+00:00,160.802,160.808,160.788,160.804,150.3
2024-07-08 22:10:00+00:00,160.805,160.812,160.803,160.807,13.65
2024-07-08 22:15:00+00:00,160.806,160.806,160.804,160.804,86.4
2024-07-08 22:20:00+00:00,160.809,160.809,160.792,160.793,268.35
2024-07-08 22:25:00+00:00,160.793,160.803,160.789,160.794,267.9
2024-07-08 22:30:00+00:00,160.793,160.802,160.793,160.796,195.15
2024-07-08 22:35:00+00:00,160.796,160.803,160.788,160.798,101.85
2024-07-08 22:40:00+00:00,160.797,160.799,160.793,160.795,92.25
2024-07-08 22:45:00+00:00,160.795,160.806,160.795,160.796,84.75
2024-07-08 22:50:00+00:00,160.797,160.797,160.788,160.791,114.6
2024-07-08 22:55:00+00:00,160.791,160.797,160.783,160.785,89.25
2024-07-08 23:00:00+00:00,160.786,160.795,160.776,160.779,170.79
2024-07-08 23:05:00+00:00,160.781,160.783,160.732,160.74,430.13
2024-07-08 23:10:00+00:00,160.74,160.745,160.73,160.743,357.72
2024-07-08 23:15:00+00:00,160.744,160.744,160.731,160.731,189.0
2024-07-08 23:20:00+00:00,160.732,160.749,160.728,160.745,198.3
2024-07-08 23:25:00+00:00,160.745,160.758,160.745,160.758,168.3
2024-07-08 23:30:00+00:00,160.757,160.758,160.754,160.757,233.76
2024-07-08 23:35:00+00:00,160.757,160.761,160.741,160.744,347.88
2024-07-08 23:40:00+00:00,160.745,160.761,160.745,160.759,243.15
2024-07-08 23:45:00+00:00,160.759,160.8,160.759,160.797,550.26
2024-07-08 23:50:00+00:00,160.797,160.839,160.794,160.838,788.31
2024-07-08 23:55:00+00:00,160.837,160.872,160.837,160.859,992.85
2024-07-09 00:00:00+00:00,160.859,160.859,160.78,160.821,1390.42
2024-07-09 00:05:00+00:00,160.826,160.835,160.763,160.798,1070.45
2024-07-09 00:10:00+00:00,160.797,160.822,160.792,160.818,1191.68
2024-07-09 00:15:00+00:00,160.819,160.82,160.781,160.81,1082.06
2024-07-09 00:20:00+00:00,160.81,160.81,160.765,160.787,1348.32
2024-07-09 00:25:00+00:00,160.788,160.831,160.782,160.821,845.34
2024-07-09 00:30:00+00:00,160.821,160.851,160.809,160.836,1559.01
2024-07-09 00:35:00+00:00,160.836,160.837,160.803,160.806,708.48
2024-07-09 00:40:00+00:00,160.806,160.831,160.792,160.826,1071.18
2024-07-09 00:45:00+00:00,160.826,160.84,160.818,160.833,615.54
2024-07-09 00:50:00+00:00,160.834,160.919,160.833,160.912,2377.5
2024-07-09 00:55:00+00:00,160.91,160.911,160.882,160.892,1565.6
2024-07-09 01:00:00+00:00,160.891,160.914,160.89,160.91,1047.6
2024-07-09 01:05:00+00:00,160.913,160.913,160.878,160.88,687.15
2024-07-09 01:10:00+00:00,160.88,160.899,160.853,160.895,894.45
2024-07-09 01:15:00+00:00,160.899,160.926,160.892,160.922,537.12
2024-07-09 01:20:00+00:00,160.923,160.95,160.92,160.937,872.33
2024-07-09 01:25:00+00:00,160.936,160.958,160.933,160.956,1172.82
2024-07-09 01:30:00+00:00,160.957,160.974,160.957,160.973,645.48
2024-07-09 01:35:00+00:00,160.974,160.976,160.962,160.973,86.7
2024-07-09 01:40:00+00:00,160.969,160.979,160.96,160.971,815.77
2024-07-09 01:45:00+00:00,160.972,161.019,160.97,160.989,1020.85
2024-07-09 01:50:00+00:00,160.989,161.016,160.98,160.983,423.69
2024-07-09 01:55:00+00:00,160.984,160.984,160.956,160.978,449.55
2024-07-09 02:00:00+00:00,160.976,161.041,160.968,161.041,819.84
2024-07-09 02:05:00+00:00,161.04,161.09,161.038,161.066,1319.54
2024-07-09 02:10:00+00:00,161.066,161.131,161.062,161.088,2222.49
2024-07-09 02:15:00+00:00,161.085,161.114,161.078,161.086,844.65
2024-07-09 02:20:00+00:00,161.087,161.089,161.021,161.021,1873.67
2024-07-09 02:25:00+00:00,161.021,161.047,161.014,161.045,963.39
2024-07-09 02:30:00+00:00,161.045,161.058,160.98,160.995,1096.42
2024-07-09 02:35:00+00:00,160.995,160.996,160.967,160.989,702.27
2024-07-09 02:40:00+00:00,160.988,160.99,160.972,160.974,298.95
2024-07-09 02:45:00+00:00,160.975,160.988,160.955,160.988,192.69
2024-07-09 02:50:00+00:00,160.987,161.016,160.984,160.999,390.3
2024-07-09 02:55:00+00:00,161.001,161.006,160.971,161.003,918.57
2024-07-09 03:00:00+00:00,161.003,161.017,160.935,160.937,956.94
2024-07-09 03:05:00+00:00,160.937,160.961,160.935,160.947,1382.43
2024-07-09 03:10:00+00:00,160.946,160.96,160.943,160.949,465.12
2024-07-09 03:15:00+00:00,160.945,160.958,160.908,160.924,679.98
2024-07-09 03:20:00+00:00,160.924,161.003,160.918,160.992,549.51
2024-07-09 03:25:00+00:00,160.993,161.033,160.99,161.026,541.2
2024-07-09 03:30:00+00:00,161.026,161.04,160.998,161.017,716.79
2024-07-09 03:35:00+00:00,161.019,161.04,161.018,161.036,318.18
2024-07-09 03:40:00+00:00,161.036,161.052,161.024,161.051,517.08
2024-07-09 03:45:00+00:00,161.051,161.091,161.029,161.089,820.95
2024-07-09 03:50:00+00:00,161.089,161.098,161.073,161.076,1201.43
2024-07-09 03:55:00+00:00,161.076,161.091,161.049,161.05,1224.33
2024-07-09 04:00:00+00:00,161.051,161.06,161.023,161.032,1692.43
2024-07-09 04:05:00+00:00,161.033,161.033,160.979,161.002,1284.87
2024-07-09 04:10:00+00:00,161.001,161.013,160.985,160.996,687.78
2024-07-09 04:15:00+00:00,160.995,161.024,160.979,161.023,1099.65
2024-07-09 04:20:00+00:00,161.024,161.05,161.02,161.04,401.22
2024-07-09 04:25:00+00:00,161.037,161.051,161.023,161.032,429.63
2024-07-09 04:30:00+00:00,161.031,161.035,161.004,161.01,1410.3
2024-07-09 04:35:00+00:00,161.009,161.009,160.983,160.986,767.93
2024-07-09 04:40:00+00:00,160.987,160.989,160.93,160.93,731.43
2024-07-09 04:45:00+00:00,160.932,160.943,160.912,160.93,1086.12
2024-07-09 04:50:00+00:00,160.931,160.939,160.903,160.916,900.3
2024-07-09 04:55:00+00:00,160.916,160.962,160.915,160.96,981.18
2024-07-09 05:00:00+00:00,160.96,160.961,160.918,160.929,1246.29
2024-07-09 05:05:00+00:00,160.931,160.951,160.919,160.948,710.61
2024-07-09 05:10:00+00:00,160.947,160.981,160.947,160.981,866.91
2024-07-09 05:15:00+00:00,160.982,161.002,160.982,160.987,1185.0
2024-07-09 05:20:00+00:00,160.987,160.989,160.955,160.957,791.94
2024-07-09 05:25:00+00:00,160.956,160.957,160.933,160.941,213.6
2024-07-09 05:30:00+00:00,160.941,160.948,160.909,160.919,592.08
2024-07-09 05:35:00+00:00,160.919,160.94,160.919,160.939,893.61
2024-07-09 05:40:00+00:00,160.938,160.96,160.937,160.949,564.39
2024-07-09 05:45:00+00:00,160.949,160.979,160.947,160.974,658.87
2024-07-09 05:50:00+00:00,160.973,160.977,160.947,160.964,733.5
2024-07-09 05:55:00+00:00,160.965,160.967,160.903,160.904,833.4
2024-07-09 06:00:00+00:00,160.903,160.912,160.831,160.861,2014.07
2024-07-09 06:05:00+00:00,160.861,160.888,160.859,160.862,878.64
2024-07-09 06:10:00+00:00,160.862,160.914,160.862,160.911,921.45
2024-07-09 06:15:00+00:00,160.912,160.932,160.874,160.874,799.11
2024-07-09 06:20:00+00:00,160.873,160.876,160.81,160.822,707.97
2024-07-09 06:25:00+00:00,160.823,160.834,160.795,160.817,686.46
2024-07-09 06:30:00+00:00,160.816,160.858,160.816,160.841,743.4
2024-07-09 06:35:00+00:00,160.84,160.863,160.83,160.851,823.32
2024-07-09 06:40:00+00:00,160.85,160.853,160.837,160.839,603.0
2024-07-09 06:45:00+00:00,160.839,160.851,160.821,160.847,867.51
2024-07-09 06:50:00+00:00,160.847,160.852,160.837,160.84,361.86
2024-07-09 06:55:00+00:00,160.84,160.852,160.824,160.825,691.6
2024-07-09 07:00:00+00:00,160.825,160.825,160.746,160.772,1875.75
2024-07-09 07:05:00+00:00,160.772,160.773,160.739,160.76,855.72
2024-07-09 07:10:00+00:00,160.759,160.838,160.758,160.837,1540.77
2024-07-09 07:15:00+00:00,160.836,160.872,160.836,160.849,1427.46
2024-07-09 07:20:00+00:00,160.848,160.893,160.841,160.872,886.26
2024-07-09 07:25:00+00:00,160.873,160.875,160.834,160.834,321.96
2024-07-09 07:30:00+00:00,160.835,160.864,160.826,160.849,710.16
2024-07-09 07:35:00+00:00,160.85,160.877,160.833,160.848,1205.08
2024-07-09 07:40:00+00:00,160.848,160.865,160.824,160.865,462.42
2024-07-09 07:45:00+00:00,160.866,160.89,160.858,160.89,1193.16
2024-07-09 07:50:00+00:00,160.888,160.895,160.873,160.888,1193.55
2024-07-09 07:55:00+00:00,160.89,160.942,160.885,160.924,1149.6
2024-07-09 08:00:00+00:00,160.922,160.922,160.888,160.889,558.19
2024-07-09 08:05:00+00:00,160.889,160.915,160.887,160.914,538.44
2024-07-09 08:10:00+00:00,160.913,160.919,160.901,160.902,870.72
2024-07-09 08:15:00+00:00,160.901,160.943,160.901,160.937,651.42
2024-07-09 08:20:00+00:00,160.935,160.966,160.935,160.963,302.79
2024-07-09 08:25:00+00:00,160.97,161.005,160.964,161.003,376.2
2024-07-09 08:30:00+00:00,161.003,161.042,160.98,161.04,1021.29
2024-07-09 08:35:00+00:00,161.04,161.04,161.0,161.014,1575.56
2024-07-09 08:40:00+00:00,161.013,161.03,161.01,161.026,1150.23
2024-07-09 08:45:00+00:00,161.025,161.077,161.025,161.063,1467.89
2024-07-09 08:50:00+00:00,161.062,161.064,161.012,161.013,1313.73
2024-07-09 08:55:00+00:00,161.013,161.067,161.009,161.052,936.0
2024-07-09 09:00:00+00:00,161.052,161.077,161.034,161.062,825.72
2024-07-09 09:05:00+00:00,161.064,161.066,161.009,161.025,1027.38
2024-07-09 09:10:00+00:00,161.022,161.023,160.981,160.988,609.6
2024-07-09 09:15:00+00:00,160.989,161.013,160.983,160.991,508.62
2024-07-09 09:20:00+00:00,160.995,160.998,160.973,160.981,699.84
2024-07-09 09:25:00+00:00,160.981,161.042,160.981,161.041,622.92
2024-07-09 09:30:00+00:00,161.039,161.041,161.016,161.032,619.8
2024-07-09 09:35:00+00:00,161.033,161.043,161.0,161.01,544.71
2024-07-09 09:40:00+00:00,161.01,161.012,160.983,160.991,910.74
2024-07-09 09:45:00+00:00,160.99,161.018,160.989,161.017,1374.0
2024-07-09 09:50:00+00:00,161.016,161.017,160.992,161.0,694.53
2024-07-09 09:55:00+00:00,161.0,161.046,161.0,161.045,639.66
2024-07-09 10:00:00+00:00,161.045,161.053,161.009,161.01,1470.72
2024-07-09 10:05:00+00:00,161.011,161.046,161.005,161.042,1263.66
2024-07-09 10:10:00+00:00,161.041,161.045,161.028,161.034,1180.17
2024-07-09 10:15:00+00:00,161.035,161.041,161.013,161.024,868.13
2024-07-09 10:20:00+00:00,161.024,161.027,161.02,161.022,485.7
2024-07-09 10:25:00+00:00,161.024,161.025,160.985,160.987,186.6
2024-07-09 10:30:00+00:00,160.988,160.999,160.958,160.964,747.72
2024-07-09 10:35:00+00:00,160.965,160.974,160.958,160.963,1285.32
2024-07-09 10:40:00+00:00,160.963,160.975,160.961,160.973,928.74
2024-07-09 10:45:00+00:00,160.972,160.996,160.971,160.988,645.45
2024-07-09 10:50:00+00:00,160.987,161.003,160.983,161.002,855.05
2024-07-09 10:55:00+00:00,161.0,161.016,160.985,161.015,1083.81
2024-07-09 11:00:00+00:00,161.015,161.06,161.015,161.036,600.96
2024-07-09 11:05:00+00:00,161.037,161.131,161.036,161.103,558.77
2024-07-09 11:10:00+00:00,161.103,161.17,161.103,161.149,824.81
2024-07-09 11:15:00+00:00,161.149,161.151,161.111,161.123,410.16
2024-07-09 11:20:00+00:00,161.123,161.166,161.122,161.147,866.97
2024-07-09 11:25:00+00:00,161.146,161.156,161.125,161.126,539.58
2024-07-09 11:30:00+00:00,161.127,161.141,161.125,161.13,176.37
2024-07-09 11:35:00+00:00,161.13,161.175,161.129,161.156,285.51
2024-07-09 11:40:00+00:00,161.157,161.178,161.147,161.15,313.38
2024-07-09 11:45:00+00:00,161.151,161.154,161.12,161.125,163.59
2024-07-09 11:50:00+00:00,161.124,161.129,161.096,161.101,382.11
2024-07-09 11:55:00+00:00,161.102,161.125,161.098,161.119,279.51
2024-07-09 12:00:00+00:00,161.118,161.157,161.115,161.14,400.68
2024-07-09 12:05:00+00:00,161.138,161.138,161.085,161.087,197.04
2024-07-09 12:10:00+00:00,161.096,161.106,161.073,161.073,501.63
2024-07-09 12:15:00+00:00,161.075,161.088,161.068,161.073,401.97
2024-07-09 12:20:00+00:00,161.072,161.104,161.07,161.1,539.43
2024-07-09 12:25:00+00:00,161.101,161.102,161.091,161.092,189.66
2024-07-09 12:30:00+00:00,161.093,161.093,161.028,161.04,782.34
2024-07-09 12:35:00+00:00,161.04,161.144,161.04,161.144,1156.53
2024-07-09 12:40:00+00:00,161.144,161.162,161.114,161.155,862.83
2024-07-09 12:45:00+00:00,161.155,161.156,161.112,161.12,872.52
2024-07-09 12:50:00+00:00,161.123,161.145,161.105,161.141,758.49
2024-07-09 12:55:00+00:00,161.141,161.153,161.122,161.128,1421.88
2024-07-09 13:00:00+00:00,161.129,161.138,161.098,161.11,1095.3
2024-07-09 13:05:00+00:00,161.112,161.113,161.059,161.101,924.45
2024-07-09 13:10:00+00:00,161.102,161.104,161.087,161.103,923.82
2024-07-09 13:15:00+00:00,161.102,161.146,161.101,161.114,1754.01
2024-07-09 13:20:00+00:00,161.112,161.122,161.101,161.115,1063.77
2024-07-09 13:25:00+00:00,161.116,161.147,161.103,161.14,927.93
2024-07-09 13:30:00+00:00,161.14,161.143,161.057,161.076,1023.39
2024-07-09 13:35:00+00:00,161.077,161.082,161.036,161.064,1590.99
2024-07-09 13:40:00+00:00,161.063,161.067,160.986,161.013,1235.15
2024-07-09 13:45:00+00:00,161.012,161.028,160.99,161.016,1663.86
2024-07-09 13:50:00+00:00,161.017,161.017,160.972,160.99,1234.77
2024-07-09 13:55:00+00:00,160.989,161.023,160.976,161.015,1530.48
2024-07-09 14:00:00+00:00,161.016,161.199,160.891,161.178,4243.35
2024-07-09 14:05:00+00:00,161.178,161.313,161.109,161.143,4639.64
2024-07-09 14:10:00+00:00,161.144,161.205,161.125,161.126,3831.23
2024-07-09 14:15:00+00:00,161.127,161.205,161.087,161.188,4493.43
2024-07-09 14:20:00+00:00,161.188,161.232,161.166,161.209,4674.1
2024-07-09 14:25:00+00:00,161.209,161.29,161.164,161.166,3826.77
2024-07-09 14:30:00+00:00,161.166,161.228,161.147,161.189,3402.82
2024-07-09 14:35:00+00:00,161.19,161.245,161.186,161.242,4443.21
2024-07-09 14:40:00+00:00,161.243,161.309,161.222,161.29,3507.92
2024-07-09 14:45:00+00:00,161.289,161.307,161.252,161.285,1789.38
2024-07-09 14:50:00+00:00,161.286,161.384,161.27,161.345,3296.37
2024-07-09 14:55:00+00:00,161.345,161.381,161.332,161.361,3355.1
2024-07-09 15:00:00+00:00,161.362,161.417,161.306,161.321,3989.13
2024-07-09 15:05:00+00:00,161.322,161.386,161.32,161.382,2686.43
2024-07-09 15:10:00+00:00,161.382,161.462,161.38,161.46,1346.74
2024-07-09 15:15:00+00:00,161.46,161.515,161.457,161.465,1542.61
2024-07-09 15:20:00+00:00,161.464,161.496,161.437,161.447,1276.67
2024-07-09 15:25:00+00:00,161.448,161.483,161.446,161.477,626.85
2024-07-09 15:30:00+00:00,161.477,161.485,161.445,161.457,1036.98
2024-07-09 15:35:00+00:00,161.459,161.488,161.415,161.435,973.0
2024-07-09 15:40:00+00:00,161.434,161.461,161.427,161.432,934.49
2024-07-09 15:45:00+00:00,161.433,161.45,161.425,161.441,421.53
2024-07-09 15:50:00+00:00,161.44,161.461,161.433,161.447,499.23
2024-07-09 15:55:00+00:00,161.448,161.451,161.395,161.398,1031.81
2024-07-09 16:00:00+00:00,161.398,161.405,161.341,161.358,2024.11
2024-07-09 16:05:00+00:00,161.357,161.383,161.345,161.354,1033.07
2024-07-09 16:10:00+00:00,161.353,161.373,161.336,161.344,677.51
2024-07-09 16:15:00+00:00,161.344,161.369,161.338,161.354,1156.62
2024-07-09 16:20:00+00:00,161.353,161.361,161.332,161.336,594.87
2024-07-09 16:25:00+00:00,161.337,161.388,161.32,161.375,1042.41
2024-07-09 16:30:00+00:00,161.378,161.388,161.358,161.372,675.3
2024-07-09 16:35:00+00:00,161.373,161.375,161.324,161.344,1666.77
2024-07-09 16:40:00+00:00,161.345,161.348,161.311,161.336,414.09
2024-07-09 16:45:00+00:00,161.334,161.36,161.333,161.346,435.87
2024-07-09 16:50:00+00:00,161.347,161.352,161.344,161.348,1392.36
2024-07-09 16:55:00+00:00,161.348,161.351,161.321,161.322,791.64
2024-07-09 17:00:00+00:00,161.319,161.321,161.24,161.254,2103.63
2024-07-09 17:05:00+00:00,161.256,161.286,161.238,161.238,1001.13
2024-07-09 17:10:00+00:00,161.238,161.293,161.227,161.279,963.75
2024-07-09 17:15:00+00:00,161.283,161.298,161.269,161.284,1185.75
2024-07-09 17:20:00+00:00,161.284,161.314,161.28,161.313,678.76
2024-07-09 17:25:00+00:00,161.313,161.328,161.311,161.327,532.5
2024-07-09 17:30:00+00:00,161.327,161.339,161.311,161.337,837.48
2024-07-09 17:35:00+00:00,161.336,161.339,161.311,161.326,922.56
2024-07-09 17:40:00+00:00,161.326,161.328,161.314,161.327,912.57
2024-07-09 17:45:00+00:00,161.327,161.329,161.285,161.299,713.11
2024-07-09 17:50:00+00:00,161.299,161.305,161.286,161.303,930.68
2024-07-09 17:55:00+00:00,161.302,161.327,161.297,161.316,750.66
2024-07-09 18:00:00+00:00,161.316,161.328,161.299,161.313,235.05
2024-07-09 18:05:00+00:00,161.312,161.314,161.286,161.291,263.19
2024-07-09 18:10:00+00:00,161.289,161.291,161.272,161.29,229.08
2024-07-09 18:15:00+00:00,161.288,161.29,161.265,161.265,280.5
2024-07-09 18:20:00+00:00,161.271,161.295,161.271,161.295,259.2
2024-07-09 18:25:00+00:00,161.298,161.302,161.291,161.302,190.32
2024-07-09 18:30:00+00:00,161.3,161.313,161.3,161.311,971.64
2024-07-09 18:35:00+00:00,161.311,161.325,161.309,161.323,556.53
2024-07-09 18:40:00+00:00,161.321,161.338,161.319,161.324,765.45
2024-07-09 18:45:00+00:00,161.323,161.324,161.308,161.309,891.45
2024-07-09 18:50:00+00:00,161.31,161.322,161.297,161.298,873.36
2024-07-09 18:55:00+00:00,161.299,161.316,161.292,161.312,1001.34
2024-07-09 19:00:00+00:00,161.311,161.311,161.277,161.292,713.04
2024-07-09 19:05:00+00:00,161.292,161.293,161.281,161.288,312.12
2024-07-09 19:10:00+00:00,161.288,161.292,161.252,161.255,190.14
2024-07-09 19:15:00+00:00,161.256,161.298,161.256,161.297,404.52
2024-07-09 19:20:00+00:00,161.297,161.3,161.268,161.285,429.6
2024-07-09 19:25:00+00:00,161.285,161.288,161.265,161.268,752.79
2024-07-09 19:30:00+00:00,161.269,161.279,161.258,161.271,1127.79
2024-07-09 19:35:00+00:00,161.271,161.283,161.269,161.27,467.82
2024-07-09 19:40:00+00:00,161.267,161.287,161.267,161.285,642.36
2024-07-09 19:45:00+00:00,161.284,161.29,161.27,161.273,360.3
2024-07-09 19:50:00+00:00,161.272,161.276,161.267,161.272,628.02
2024-07-09 19:55:00+00:00,161.272,161.293,161.271,161.284,862.08
2024-07-09 20:00:00+00:00,161.287,161.288,161.279,161.282,171.72
2024-07-09 20:05:00+00:00,161.284,161.284,161.268,161.271,75.45
2024-07-09 20:10:00+00:00,161.273,161.274,161.271,161.272,95.07
2024-07-09 20:15:00+00:00,161.272,161.28,161.268,161.272,105.6
2024-07-09 20:20:00+00:00,161.27,161.289,161.27,161.283,183.87
2024-07-09 20:25:00+00:00,161.283,161.295,161.283,161.285,208.5
2024-07-09 20:30:00+00:00,161.287,161.298,161.282,161.292,109.02
2024-07-09 20:35:00+00:00,161.292,161.297,161.283,161.295,192.06
2024-07-09 20:40:00+00:00,161.295,161.3,161.291,161.294,184.92
2024-07-09 20:45:00+00:00,161.294,161.306,161.282,161.283,313.71
2024-07-09 20:50:00+00:00,161.284,161.296,161.282,161.285,98.19
2024-07-09 20:55:00+00:00,161.285,161.316,161.27,161.27,408.06
2024-07-09 21:00:00+00:00,161.276,161.28,161.249,161.27,26.28
2024-07-09 21:05:00+00:00,161.269,161.284,161.259,161.277,33.3
2024-07-09 21:10:00+00:00,161.276,161.281,161.255,161.255,52.02
2024-07-09 21:15:00+00:00,161.254,161.256,161.244,161.248,63.21
2024-07-09 21:20:00+00:00,161.25,161.268,161.247,161.251,42.63
2024-07-09 21:25:00+00:00,161.251,161.253,161.25,161.253,11.16
2024-07-09 21:30:00+00:00,161.249,161.289,161.249,161.272,141.72
2024-07-09 21:35:00+00:00,161.274,161.278,161.269,161.277,113.4
2024-07-09 21:40:00+00:00,161.277,161.278,161.274,161.275,109.2
2024-07-09 21:45:00+00:00,161.274,161.275,161.267,161.267,119.4
2024-07-09 21:50:00+00:00,161.268,161.277,161.268,161.27,64.17
2024-07-09 21:55:00+00:00,161.272,161.274,161.268,161.271,26.4
2024-07-09 22:00:00+00:00,161.268,161.286,161.254,161.283,315.9
2024-07-09 22:05:00+00:00,161.283,161.288,161.282,161.288,136.2
2024-07-09 22:10:00+00:00,161.287,161.287,161.277,161.282,61.5
2024-07-09 22:15:00+00:00,161.283,161.289,161.283,161.284,139.35
2024-07-09 22:20:00+00:00,161.284,161.294,161.265,161.276,124.2
2024-07-09 22:25:00+00:00,161.275,161.288,161.275,161.288,12.0
2024-07-09 22:30:00+00:00,161.289,161.299,161.279,161.282,78.57
2024-07-09 22:35:00+00:00,161.281,161.308,161.28,161.296,51.57
2024-07-09 22:40:00+00:00,161.297,161.314,161.295,161.298,155.55
2024-07-09 22:45:00+00:00,161.302,161.328,161.302,161.326,261.42
2024-07-09 22:50:00+00:00,161.327,161.332,161.315,161.325,179.66
2024-07-09 22:55:00+00:00,161.326,161.34,161.323,161.325,224.34
2024-07-09 23:00:00+00:00,161.325,161.359,161.324,161.336,622.23
2024-07-09 23:05:00+00:00,161.337,161.365,161.337,161.35,322.2
2024-07-09 23:10:00+00:00,161.349,161.353,161.348,161.352,60.9
2024-07-09 23:15:00+00:00,161.351,161.355,161.338,161.353,118.08
2024-07-09 23:20:00+00:00,161.353,161.353,161.34,161.35,494.25
2024-07-09 23:25:00+00:00,161.349,161.349,161.333,161.339,408.06
2024-07-09 23:30:00+00:00,161.339,161.34,161.337,161.339,250.86
2024-07-09 23:35:00+00:00,161.339,161.342,161.317,161.337,482.22
2024-07-09 23:40:00+00:00,161.337,161.351,161.336,161.339,284.22
2024-07-09 23:45:00+00:00,161.338,161.344,161.327,161.333,503.43
2024-07-09 23:50:00+00:00,161.332,161.342,161.324,161.328,586.86
2024-07-09 23:55:00+00:00,161.328,161.337,161.32,161.33,218.97
2024-07-10 00:00:00+00:00,161.329,161.368,161.301,161.366,750.33
2024-07-10 00:05:00+00:00,161.367,161.38,161.361,161.374,910.5
2024-07-10 00:10:00+00:00,161.373,161.382,161.351,161.356,945.63
2024-07-10 00:15:00+00:00,161.356,161.364,161.337,161.342,631.32
2024-07-10 00:20:00+00:00,161.343,161.359,161.34,161.347,327.99
2024-07-10 00:25:00+00:00,161.346,161.389,161.34,161.388,710.24
2024-07-10 00:30:00+00:00,161.389,161.41,161.382,161.406,663.36
2024-07-10 00:35:00+00:00,161.407,161.443,161.403,161.435,1018.21
2024-07-10 00:40:00+00:00,161.437,161.437,161.403,161.427,727.7
2024-07-10 00:45:00+00:00,161.429,161.476,161.424,161.454,1282.71
2024-07-10 00:50:00+00:00,161.454,161.506,161.453,161.481,1234.11
2024-07-10 00:55:00+00:00,161.493,161.512,161.463,161.466,801.75
2024-07-10 01:00:00+00:00,161.466,161.48,161.451,161.463,554.49
2024-07-10 01:05:00+00:00,161.465,161.558,161.465,161.542,522.42
2024-07-10 01:10:00+00:00,161.541,161.541,161.492,161.522,504.75
2024-07-10 01:15:00+00:00,161.522,161.545,161.516,161.521,581.1
2024-07-10 01:20:00+00:00,161.522,161.532,161.492,161.496,500.19
2024-07-10 01:25:00+00:00,161.495,161.522,161.495,161.519,241.17
2024-07-10 01:30:00+00:00,161.519,161.577,161.518,161.571,440.76
2024-07-10 01:35:00+00:00,161.572,161.584,161.564,161.572,301.95
2024-07-10 01:40:00+00:00,161.572,161.572,161.555,161.557,244.26
2024-07-10 01:45:00+00:00,161.556,161.558,161.519,161.532,261.9
2024-07-10 01:50:00+00:00,161.532,161.533,161.498,161.511,386.85
2024-07-10 01:55:00+00:00,161.51,161.547,161.505,161.537,195.15
2024-07-10 02:00:00+00:00,161.537,161.591,161.531,161.547,475.5
2024-07-10 02:05:00+00:00,161.541,161.541,161.51,161.51,508.35
2024-07-10 02:10:00+00:00,161.508,161.508,161.477,161.491,514.35
2024-07-10 02:15:00+00:00,161.49,161.526,161.475,161.52,453.93
2024-07-10 02:20:00+00:00,161.52,161.532,161.499,161.532,527.83
2024-07-10 02:25:00+00:00,161.531,161.545,161.517,161.538,345.6
2024-07-10 02:30:00+00:00,161.538,161.544,161.529,161.533,293.4
2024-07-10 02:35:00+00:00,161.532,161.544,161.53,161.541,214.5
2024-07-10 02:40:00+00:00,161.542,161.558,161.531,161.533,1720.38
2024-07-10 02:45:00+00:00,161.533,161.538,161.515,161.519,303.57
2024-07-10 02:50:00+00:00,161.519,161.525,161.507,161.507,128.25
2024-07-10 02:55:00+00:00,161.507,161.512,161.483,161.506,1223.15
2024-07-10 03:00:00+00:00,161.505,161.506,161.487,161.491,320.28
2024-07-10 03:05:00+00:00,161.492,161.492,161.473,161.475,364.62
2024-07-10 03:10:00+00:00,161.475,161.481,161.438,161.439,641.17
2024-07-10 03:15:00+00:00,161.438,161.469,161.432,161.468,560.34
2024-07-10 03:20:00+00:00,161.468,161.478,161.45,161.454,145.65
2024-07-10 03:25:00+00:00,161.453,161.484,161.428,161.483,401.47
2024-07-10 03:30:00+00:00,161.484,161.494,161.465,161.468,353.55
2024-07-10 03:35:00+00:00,161.467,161.471,161.451,161.452,315.6
2024-07-10 03:40:00+00:00,161.452,161.463,161.402,161.414,730.02
2024-07-10 03:45:00+00:00,161.413,161.431,161.411,161.414,440.4
2024-07-10 03:50:00+00:00,161.415,161.441,161.413,161.419,423.78
2024-07-10 03:55:00+00:00,161.419,161.442,161.419,161.43,358.35
2024-07-10 04:00:00+00:00,161.43,161.444,161.426,161.441,315.6
2024-07-10 04:05:00+00:00,161.442,161.456,161.438,161.455,466.2
2024-07-10 04:10:00+00:00,161.456,161.47,161.452,161.465,747.77
2024-07-10 04:15:00+00:00,161.464,161.464,161.438,161.443,406.98
2024-07-10 04:20:00+00:00,161.443,161.447,161.441,161.445,340.32
2024-07-10 04:25:00+00:00,161.445,161.461,161.441,161.443,408.66
2024-07-10 04:30:00+00:00,161.443,161.457,161.442,161.443,286.74
2024-07-10 04:35:00+00:00,161.444,161.444,161.407,161.411,401.1
2024-07-10 04:40:00+00:00,161.411,161.445,161.411,161.428,399.36
2024-07-10 04:45:00+00:00,161.43,161.434,161.425,161.43,452.01
2024-07-10 04:50:00+00:00,161.428,161.446,161.428,161.433,569.25
2024-07-10 04:55:00+00:00,161.432,161.471,161.432,161.442,787.56
2024-07-10 05:00:00+00:00,161.441,161.447,161.427,161.43,706.08
2024-07-10 05:05:00+00:00,161.431,161.503,161.43,161.502,631.05
2024-07-10 05:10:00+00:00,161.499,161.499,161.48,161.496,376.07
2024-07-10 05:15:00+00:00,161.495,161.495,161.475,161.485,230.25
2024-07-10 05:20:00+00:00,161.485,161.523,161.483,161.523,277.53
2024-07-10 05:25:00+00:00,161.522,161.561,161.522,161.56,328.5
2024-07-10 05:30:00+00:00,161.556,161.556,161.544,161.545,471.6
2024-07-10 05:35:00+00:00,161.546,161.547,161.519,161.519,748.08
2024-07-10 05:40:00+00:00,161.52,161.537,161.516,161.536,373.98
2024-07-10 05:45:00+00:00,161.536,161.538,161.504,161.511,568.2
2024-07-10 05:50:00+00:00,161.51,161.511,161.492,161.494,857.64
2024-07-10 05:55:00+00:00,161.494,161.517,161.494,161.499,221.37
2024-07-10 06:00:00+00:00,161.499,161.5,161.453,161.475,1261.83
2024-07-10 06:05:00+00:00,161.475,161.479,161.46,161.461,1137.54
2024-07-10 06:10:00+00:00,161.461,161.466,161.449,161.451,137.4
2024-07-10 06:15:00+00:00,161.451,161.459,161.441,161.445,269.82
2024-07-10 06:20:00+00:00,161.443,161.445,161.42,161.422,957.28
2024-07-10 06:25:00+00:00,161.421,161.422,161.402,161.403,1105.17
2024-07-10 06:30:00+00:00,161.402,161.446,161.402,161.434,1132.08
2024-07-10 06:35:00+00:00,161.435,161.443,161.423,161.429,947.73
2024-07-10 06:40:00+00:00,161.429,161.43,161.421,161.422,1011.63
2024-07-10 06:45:00+00:00,161.422,161.455,161.421,161.451,1003.62
2024-07-10 06:50:00+00:00,161.451,161.451,161.422,161.431,1080.21
2024-07-10 06:55:00+00:00,161.43,161.43,161.354,161.366,1532.52
2024-07-10 07:00:00+00:00,161.365,161.392,161.359,161.392,1881.72
2024-07-10 07:05:00+00:00,161.393,161.404,161.378,161.383,1661.46
2024-07-10 07:10:00+00:00,161.382,161.388,161.365,161.378,1663.68
2024-07-10 07:15:00+00:00,161.38,161.425,161.379,161.422,1509.12
2024-07-10 07:20:00+00:00,161.423,161.424,161.379,161.385,1634.34
2024-07-10 07:25:00+00:00,161.386,161.399,161.356,161.356,1607.83
2024-07-10 07:30:00+00:00,161.355,161.374,161.339,161.359,949.47
2024-07-10 07:35:00+00:00,161.358,161.402,161.355,161.395,1358.64
2024-07-10 07:40:00+00:00,161.395,161.439,161.393,161.428,1493.97
2024-07-10 07:45:00+00:00,161.429,161.462,161.428,161.447,1654.26
2024-07-10 07:50:00+00:00,161.446,161.461,161.431,161.432,1405.74
2024-07-10 07:55:00+00:00,161.433,161.5,161.43,161.496,2144.58
2024-07-10 08:00:00+00:00,161.496,161.498,161.442,161.442,2195.85
2024-07-10 08:05:00+00:00,161.441,161.474,161.425,161.474,1049.91
2024-07-10 08:10:00+00:00,161.473,161.491,161.457,161.48,1650.84
2024-07-10 08:15:00+00:00,161.48,161.507,161.475,161.499,1403.7
2024-07-10 08:20:00+00:00,161.5,161.536,161.496,161.526,1768.14
2024-07-10 08:25:00+00:00,161.527,161.536,161.495,161.513,775.38
2024-07-10 08:30:00+00:00,161.512,161.518,161.502,161.509,855.33
2024-07-10 08:35:00+00:00,161.51,161.524,161.507,161.518,923.04
2024-07-10 08:40:00+00:00,161.518,161.52,161.505,161.511,1604.19
2024-07-10 08:45:00+00:00,161.512,161.515,161.502,161.511,865.35
2024-07-10 08:50:00+00:00,161.51,161.519,161.498,161.504,402.69
2024-07-10 08:55:00+00:00,161.505,161.511,161.478,161.511,941.37
2024-07-10 09:00:00+00:00,161.513,161.579,161.512,161.562,1120.32
2024-07-10 09:05:00+00:00,161.559,161.563,161.54,161.548,1308.69
2024-07-10 09:10:00+00:00,161.548,161.549,161.524,161.531,538.95
2024-07-10 09:15:00+00:00,161.531,161.567,161.523,161.564,402.15
2024-07-10 09:20:00+00:00,161.565,161.565,161.546,161.556,1302.06
2024-07-10 09:25:00+00:00,161.557,161.569,161.541,161.556,1595.04
2024-07-10 09:30:00+00:00,161.556,161.611,161.556,161.583,1216.02
2024-07-10 09:35:00+00:00,161.582,161.585,161.544,161.557,2114.65
2024-07-10 09:40:00+00:00,161.556,161.558,161.538,161.556,1049.5
2024-07-10 09:45:00+00:00,161.557,161.562,161.542,161.554,652.38
2024-07-10 09:50:00+00:00,161.554,161.576,161.55,161.573,1737.24
2024-07-10 09:55:00+00:00,161.574,161.586,161.561,161.584,813.18
2024-07-10 10:00:00+00:00,161.585,161.602,161.565,161.583,2297.98
2024-07-10 10:05:00+00:00,161.582,161.606,161.574,161.59,1784.45
2024-07-10 10:10:00+00:00,161.59,161.59,161.562,161.571,2118.48
2024-07-10 10:15:00+00:00,161.571,161.573,161.566,161.569,1030.65
2024-07-10 10:20:00+00:00,161.567,161.568,161.542,161.552,837.6
2024-07-10 10:25:00+00:00,161.552,161.581,161.541,161.577,932.54
2024-07-10 10:30:00+00:00,161.576,161.576,161.548,161.548,464.33
2024-07-10 10:35:00+00:00,161.547,161.556,161.509,161.515,903.75
2024-07-10 10:40:00+00:00,161.514,161.52,161.504,161.516,644.55
2024-07-10 10:45:00+00:00,161.516,161.535,161.515,161.531,1074.45
2024-07-10 10:50:00+00:00,161.53,161.545,161.53,161.544,804.0
2024-07-10 10:55:00+00:00,161.544,161.544,161.529,161.543,727.92
2024-07-10 11:00:00+00:00,161.545,161.548,161.52,161.522,874.65
2024-07-10 11:05:00+00:00,161.523,161.531,161.52,161.531,829.29
2024-07-10 11:10:00+00:00,161.531,161.531,161.492,161.494,957.27
2024-07-10 11:15:00+00:00,161.494,161.494,161.46,161.467,676.83
2024-07-10 11:20:00+00:00,161.467,161.493,161.456,161.486,763.68
2024-07-10 11:25:00+00:00,161.487,161.495,161.483,161.485,678.18
2024-07-10 11:30:00+00:00,161.482,161.485,161.454,161.463,1245.87
2024-07-10 11:35:00+00:00,161.462,161.499,161.46,161.496,1372.02
2024-07-10 11:40:00+00:00,161.495,161.525,161.493,161.513,790.29
2024-07-10 11:45:00+00:00,161.514,161.514,161.496,161.496,423.03
2024-07-10 11:50:00+00:00,161.498,161.499,161.455,161.467,1387.56
2024-07-10 11:55:00+00:00,161.469,161.484,161.456,161.482,1467.75
2024-07-10 12:00:00+00:00,161.482,161.485,161.467,161.467,544.32
2024-07-10 12:05:00+00:00,161.467,161.47,161.453,161.46,323.4
2024-07-10 12:10:00+00:00,161.46,161.507,161.459,161.507,691.62
2024-07-10 12:15:00+00:00,161.507,161.511,161.461,161.471,774.87
2024-07-10 12:20:00+00:00,161.47,161.481,161.436,161.445,1166.18
2024-07-10 12:25:00+00:00,161.442,161.479,161.442,161.473,554.67
2024-07-10 12:30:00+00:00,161.472,161.485,161.455,161.459,1342.14
2024-07-10 12:35:00+00:00,161.459,161.482,161.456,161.471,690.27
2024-07-10 12:40:00+00:00,161.47,161.484,161.457,161.457,580.42
2024-07-10 12:45:00+00:00,161.457,161.46,161.444,161.455,1635.87
2024-07-10 12:50:00+00:00,161.454,161.457,161.431,161.432,918.45
2024-07-10 12:55:00+00:00,161.43,161.451,161.429,161.449,571.71
2024-07-10 13:00:00+00:00,161.45,161.45,161.426,161.445,234.1
2024-07-10 13:05:00+00:00,161.45,161.472,161.438,161.457,637.47
2024-07-10 13:10:00+00:00,161.456,161.502,161.456,161.5,1398.81
2024-07-10 13:15:00+00:00,161.5,161.521,161.493,161.508,1072.95
2024-07-10 13:20:00+00:00,161.508,161.512,161.491,161.502,1114.26
2024-07-10 13:25:00+00:00,161.504,161.532,161.497,161.525,651.93
2024-07-10 13:30:00+00:00,161.525,161.562,161.515,161.533,1803.21
2024-07-10 13:35:00+00:00,161.534,161.556,161.506,161.548,1434.0
2024-07-10 13:40:00+00:00,161.548,161.562,161.52,161.535,1179.54
2024-07-10 13:45:00+00:00,161.534,161.585,161.533,161.584,1554.27
2024-07-10 13:50:00+00:00,161.585,161.59,161.567,161.571,1453.89
2024-07-10 13:55:00+00:00,161.57,161.6,161.556,161.597,987.78
2024-07-10 14:00:00+00:00,161.597,161.653,161.582,161.596,1189.54
2024-07-10 14:05:00+00:00,161.595,161.627,161.595,161.606,1193.04
2024-07-10 14:10:00+00:00,161.608,161.625,161.588,161.593,1038.6
2024-07-10 14:15:00+00:00,161.594,161.614,161.576,161.584,1506.62
2024-07-10 14:20:00+00:00,161.585,161.596,161.541,161.564,2045.49
2024-07-10 14:25:00+00:00,161.564,161.606,161.564,161.573,2599.16
2024-07-10 14:30:00+00:00,161.571,161.594,161.554,161.557,1518.15
2024-07-10 14:35:00+00:00,161.558,161.593,161.546,161.583,659.52
2024-07-10 14:40:00+00:00,161.584,161.645,161.584,161.619,1493.46
2024-07-10 14:45:00+00:00,161.618,161.685,161.617,161.67,2224.65
2024-07-10 14:50:00+00:00,161.67,161.681,161.629,161.674,3249.24
2024-07-10 14:55:00+00:00,161.673,161.677,161.645,161.66,1783.19
2024-07-10 15:00:00+00:00,161.661,161.671,161.634,161.639,1720.17
2024-07-10 15:05:00+00:00,161.638,161.665,161.626,161.653,1435.35
2024-07-10 15:10:00+00:00,161.652,161.68,161.635,161.653,2106.93
2024-07-10 15:15:00+00:00,161.652,161.743,161.65,161.704,2285.12
2024-07-10 15:20:00+00:00,161.704,161.723,161.686,161.697,960.61
2024-07-10 15:25:00+00:00,161.696,161.737,161.695,161.73,1090.35
2024-07-10 15:30:00+00:00,161.73,161.753,161.719,161.725,663.99
2024-07-10 15:35:00+00:00,161.726,161.732,161.71,161.712,818.7
2024-07-10 15:40:00+00:00,161.713,161.718,161.695,161.71,1451.25
2024-07-10 15:45:00+00:00,161.709,161.725,161.697,161.709,1112.73
2024-07-10 15:50:00+00:00,161.71,161.737,161.709,161.737,957.66
2024-07-10 15:55:00+00:00,161.736,161.743,161.724,161.737,206.52
2024-07-10 16:00:00+00:00,161.736,161.743,161.705,161.707,969.24
2024-07-10 16:05:00+00:00,161.707,161.707,161.674,161.689,1105.11
2024-07-10 16:10:00+00:00,161.689,161.69,161.655,161.671,1224.99
2024-07-10 16:15:00+00:00,161.67,161.697,161.657,161.672,1477.14
2024-07-10 16:20:00+00:00,161.672,161.705,161.671,161.702,1041.93
2024-07-10 16:25:00+00:00,161.705,161.714,161.688,161.71,889.56
2024-07-10 16:30:00+00:00,161.709,161.711,161.695,161.702,381.75
2024-07-10 16:35:00+00:00,161.696,161.713,161.695,161.698,153.6
2024-07-10 16:40:00+00:00,161.698,161.698,161.678,161.688,220.95
2024-07-10 16:45:00+00:00,161.691,161.693,161.678,161.69,583.2
2024-07-10 16:50:00+00:00,161.69,161.695,161.686,161.686,180.75
2024-07-10 16:55:00+00:00,161.687,161.708,161.686,161.689,183.15
2024-07-10 17:00:00+00:00,161.69,161.702,161.647,161.678,443.44
2024-07-10 17:05:00+00:00,161.679,161.692,161.666,161.678,1194.75
2024-07-10 17:10:00+00:00,161.678,161.702,161.674,161.698,1801.95
2024-07-10 17:15:00+00:00,161.697,161.705,161.695,161.7,998.4
2024-07-10 17:20:00+00:00,161.7,161.726,161.697,161.721,1178.04
2024-07-10 17:25:00+00:00,161.721,161.735,161.711,161.735,464.85
2024-07-10 17:30:00+00:00,161.734,161.745,161.724,161.743,603.15
2024-07-10 17:35:00+00:00,161.742,161.753,161.738,161.748,646.56
2024-07-10 17:40:00+00:00,161.748,161.756,161.742,161.742,291.9
2024-07-10 17:45:00+00:00,161.741,161.765,161.741,161.763,889.32
2024-07-10 17:50:00+00:00,161.764,161.764,161.749,161.751,871.5
2024-07-10 17:55:00+00:00,161.753,161.756,161.741,161.746,842.43
2024-07-10 18:00:00+00:00,161.745,161.764,161.744,161.752,836.04
2024-07-10 18:05:00+00:00,161.753,161.803,161.751,161.791,1169.61
2024-07-10 18:10:00+00:00,161.791,161.804,161.786,161.786,382.77
2024-07-10 18:15:00+00:00,161.785,161.797,161.781,161.786,831.78
2024-07-10 18:20:00+00:00,161.785,161.799,161.784,161.792,86.55
2024-07-10 18:25:00+00:00,161.793,161.794,161.784,161.786,266.85
2024-07-10 18:30:00+00:00,161.786,161.79,161.773,161.775,209.25
2024-07-10 18:35:00+00:00,161.775,161.778,161.771,161.775,315.3
2024-07-10 18:40:00+00:00,161.775,161.776,161.759,161.763,444.82
2024-07-10 18:45:00+00:00,161.763,161.767,161.75,161.765,343.8
2024-07-10 18:50:00+00:00,161.764,161.765,161.751,161.751,498.6
2024-07-10 18:55:00+00:00,161.75,161.776,161.744,161.775,687.12
2024-07-10 19:00:00+00:00,161.778,161.788,161.77,161.786,242.34
2024-07-10 19:05:00+00:00,161.786,161.786,161.773,161.773,200.64
2024-07-10 19:10:00+00:00,161.771,161.779,161.77,161.774,280.5
2024-07-10 19:15:00+00:00,161.77,161.77,161.744,161.75,406.05
2024-07-10 19:20:00+00:00,161.75,161.773,161.75,161.769,157.8
2024-07-10 19:25:00+00:00,161.768,161.772,161.761,161.761,370.65
2024-07-10 19:30:00+00:00,161.761,161.77,161.758,161.762,507.6
2024-07-10 19:35:00+00:00,161.763,161.771,161.74,161.747,746.34
2024-07-10 19:40:00+00:00,161.745,161.758,161.744,161.753,510.6
2024-07-10 19:45:00+00:00,161.753,161.761,161.739,161.74,679.05
2024-07-10 19:50:00+00:00,161.739,161.746,161.734,161.739,706.95
2024-07-10 19:55:00+00:00,161.739,161.754,161.731,161.734,1527.09
2024-07-10 20:00:00+00:00,161.734,161.736,161.728,161.734,282.27
2024-07-10 20:05:00+00:00,161.733,161.749,161.733,161.742,168.57
2024-07-10 20:10:00+00:00,161.744,161.745,161.731,161.735,171.3
2024-07-10 20:15:00+00:00,161.735,161.737,161.721,161.722,143.55
2024-07-10 20:20:00+00:00,161.723,161.723,161.707,161.709,233.19
2024-07-10 20:25:00+00:00,161.708,161.722,161.706,161.706,242.25
2024-07-10 20:30:00+00:00,161.707,161.71,161.695,161.707,278.33
2024-07-10 20:35:00+00:00,161.708,161.71,161.699,161.699,188.22
2024-07-10 20:40:00+00:00,161.7,161.703,161.696,161.699,39.12
2024-07-10 20:45:00+00:00,161.697,161.708,161.691,161.704,482.13
2024-07-10 20:50:00+00:00,161.704,161.708,161.692,161.702,481.74
2024-07-10 20:55:00+00:00,161.701,161.736,161.662,161.664,395.94
2024-07-10 21:00:00+00:00,161.664,161.664,161.603,161.608,33.48
2024-07-10 21:05:00+00:00,161.61,161.611,161.608,161.611,9.75
2024-07-10 21:10:00+00:00,161.611,161.612,161.611,161.611,12.9
2024-07-10 21:15:00+00:00,161.612,161.612,161.61,161.612,14.4
2024-07-10 21:20:00+00:00,161.61,161.612,161.609,161.611,25.05
2024-07-10 21:25:00+00:00,161.607,161.613,161.607,161.609,6.0
2024-07-10 21:30:00+00:00,161.607,161.614,161.6,161.6,37.8
2024-07-10 21:35:00+00:00,161.6,161.603,161.588,161.588,34.8
2024-07-10 21:40:00+00:00,161.589,161.589,161.583,161.584,37.8
2024-07-10 21:45:00+00:00,161.581,161.581,161.556,161.566,59.4
2024-07-10 21:50:00+00:00,161.565,161.568,161.555,161.555,17.4
2024-07-10 21:55:00+00:00,161.553,161.566,161.553,161.564,22.35
2024-07-10 22:00:00+00:00,161.565,161.628,161.565,161.612,258.03
2024-07-10 22:05:00+00:00,161.612,161.614,161.61,161.61,95.1
2024-07-10 22:10:00+00:00,161.613,161.613,161.579,161.587,168.45
2024-07-10 22:15:00+00:00,161.586,161.6,161.586,161.599,118.05
2024-07-10 22:20:00+00:00,161.599,161.615,161.589,161.613,311.25
2024-07-10 22:25:00+00:00,161.613,161.615,161.6,161.6,76.2
2024-07-10 22:30:00+00:00,161.599,161.604,161.594,161.596,126.9
2024-07-10 22:35:00+00:00,161.596,161.599,161.584,161.587,310.2
2024-07-10 22:40:00+00:00,161.589,161.589,161.573,161.58,152.01
2024-07-10 22:45:00+00:00,161.581,161.595,161.578,161.591,86.85
2024-07-10 22:50:00+00:00,161.591,161.593,161.589,161.591,61.5
2024-07-10 22:55:00+00:00,161.591,161.594,161.59,161.594,23.4
2024-07-10 23:00:00+00:00,161.592,161.594,161.579,161.593,127.35
2024-07-10 23:05:00+00:00,161.593,161.596,161.577,161.58,137.85
2024-07-10 23:10:00+00:00,161.58,161.594,161.577,161.578,167.7
2024-07-10 23:15:00+00:00,161.578,161.58,161.555,161.568,146.1
2024-07-10 23:20:00+00:00,161.567,161.567,161.562,161.563,120.45
2024-07-10 23:25:00+00:00,161.564,161.593,161.563,161.592,126.81
2024-07-10 23:30:00+00:00,161.593,161.624,161.593,161.608,110.7
2024-07-10 23:35:00+00:00,161.608,161.618,161.606,161.618,80.55
2024-07-10 23:40:00+00:00,161.618,161.638,161.606,161.635,119.58
2024-07-10 23:45:00+00:00,161.635,161.637,161.632,161.633,60.75
2024-07-10 23:50:00+00:00,161.634,161.637,161.618,161.621,150.96
2024-07-10 23:55:00+00:00,161.62,161.621,161.588,161.592,164.98
2024-07-11 00:00:00+00:00,161.594,161.594,161.526,161.55,528.29
2024-07-11 00:05:00+00:00,161.549,161.575,161.549,161.563,834.75
2024-07-11 00:10:00+00:00,161.562,161.564,161.53,161.553,927.31
2024-07-11 00:15:00+00:00,161.552,161.561,161.526,161.557,245.57
2024-07-11 00:20:00+00:00,161.556,161.593,161.55,161.575,336.36
2024-07-11 00:25:00+00:00,161.574,161.575,161.523,161.538,304.95
2024-07-11 00:30:00+00:00,161.538,161.543,161.505,161.53,226.8
2024-07-11 00:35:00+00:00,161.531,161.562,161.53,161.543,367.57
2024-07-11 00:40:00+00:00,161.543,161.553,161.478,161.486,488.4
2024-07-11 00:45:00+00:00,161.486,161.503,161.476,161.487,250.95
2024-07-11 00:50:00+00:00,161.486,161.614,161.486,161.586,1850.25
2024-07-11 00:55:00+00:00,161.591,161.592,161.55,161.564,1213.63
2024-07-11 01:00:00+00:00,161.564,161.615,161.562,161.606,750.9
2024-07-11 01:05:00+00:00,161.608,161.609,161.577,161.607,639.2
2024-07-11 01:10:00+00:00,161.605,161.636,161.591,161.63,494.04
2024-07-11 01:15:00+00:00,161.63,161.658,161.612,161.613,1032.57
2024-07-11 01:20:00+00:00,161.615,161.657,161.601,161.653,593.88
2024-07-11 01:25:00+00:00,161.652,161.66,161.624,161.631,327.63
2024-07-11 01:30:00+00:00,161.631,161.632,161.617,161.631,149.1
2024-07-11 01:35:00+00:00,161.63,161.63,161.607,161.615,589.05
2024-07-11 01:40:00+00:00,161.616,161.616,161.581,161.589,851.55
2024-07-11 01:45:00+00:00,161.589,161.589,161.556,161.56,746.16
2024-07-11 01:50:00+00:00,161.56,161.617,161.558,161.593,847.83
2024-07-11 01:55:00+00:00,161.592,161.594,161.577,161.583,211.5
2024-07-11 02:00:00+00:00,161.582,161.587,161.534,161.536,285.77
2024-07-11 02:05:00+00:00,161.538,161.594,161.537,161.58,395.63
2024-07-11 02:10:00+00:00,161.579,161.586,161.563,161.583,294.75
2024-07-11 02:15:00+00:00,161.581,161.612,161.58,161.609,296.1
2024-07-11 02:20:00+00:00,161.607,161.615,161.602,161.613,259.11
2024-07-11 02:25:00+00:00,161.613,161.613,161.59,161.594,137.67
2024-07-11 02:30:00+00:00,161.598,161.616,161.598,161.603,380.97
2024-07-11 02:35:00+00:00,161.602,161.608,161.587,161.6,576.42
2024-07-11 02:40:00+00:00,161.6,161.63,161.6,161.608,234.51
2024-07-11 02:45:00+00:00,161.608,161.619,161.588,161.589,326.04
2024-07-11 02:50:00+00:00,161.588,161.599,161.572,161.582,391.41
2024-07-11 02:55:00+00:00,161.582,161.666,161.582,161.653,942.0
2024-07-11 03:00:00+00:00,161.651,161.666,161.631,161.664,867.84
2024-07-11 03:05:00+00:00,161.661,161.671,161.64,161.66,334.26
2024-07-11 03:10:00+00:00,161.658,161.677,161.654,161.67,181.05
2024-07-11 03:15:00+00:00,161.671,161.671,161.619,161.632,594.99
2024-07-11 03:20:00+00:00,161.633,161.657,161.625,161.642,806.4
2024-07-11 03:25:00+00:00,161.642,161.682,161.641,161.665,786.87
2024-07-11 03:30:00+00:00,161.665,161.681,161.662,161.667,1106.88
2024-07-11 03:35:00+00:00,161.667,161.67,161.649,161.666,995.46
2024-07-11 03:40:00+00:00,161.666,161.67,161.653,161.669,989.91
2024-07-11 03:45:00+00:00,161.669,161.678,161.665,161.674,185.58
2024-07-11 03:50:00+00:00,161.67,161.674,161.653,161.664,435.12
2024-07-11 03:55:00+00:00,161.66,161.664,161.634,161.634,1346.28
2024-07-11 04:00:00+00:00,161.637,161.639,161.632,161.634,97.95
2024-07-11 04:05:00+00:00,161.632,161.635,161.623,161.625,455.46
2024-07-11 04:10:00+00:00,161.624,161.638,161.619,161.637,649.47
2024-07-11 04:15:00+00:00,161.637,161.664,161.635,161.664,248.46
2024-07-11 04:20:00+00:00,161.663,161.681,161.663,161.665,92.7
2024-07-11 04:25:00+00:00,161.664,161.673,161.661,161.667,56.1
2024-07-11 04:30:00+00:00,161.664,161.665,161.66,161.663,692.1
2024-07-11 04:35:00+00:00,161.663,161.673,161.662,161.673,492.0
2024-07-11 04:40:00+00:00,161.674,161.678,161.658,161.663,816.0
2024-07-11 04:45:00+00:00,161.663,161.691,161.662,161.675,1229.22
2024-07-11 04:50:00+00:00,161.677,161.691,161.667,161.688,263.7
2024-07-11 04:55:00+00:00,161.687,161.692,161.678,161.685,485.52
2024-07-11 05:00:00+00:00,161.686,161.704,161.685,161.704,667.23
2024-07-11 05:05:00+00:00,161.705,161.708,161.697,161.701,371.1
2024-07-11 05:10:00+00:00,161.702,161.702,161.685,161.701,827.4
2024-07-11 05:15:00+00:00,161.7,161.701,161.685,161.695,1039.8
2024-07-11 05:20:00+00:00,161.696,161.705,161.694,161.701,311.82
2024-07-11 05:25:00+00:00,161.703,161.718,161.701,161.705,374.57
2024-07-11 05:30:00+00:00,161.709,161.709,161.7,161.7,486.75
2024-07-11 05:35:00+00:00,161.7,161.706,161.673,161.689,417.87
2024-07-11 05:40:00+00:00,161.692,161.709,161.689,161.695,552.15
2024-07-11 05:45:00+00:00,161.694,161.708,161.694,161.706,207.9
2024-07-11 05:50:00+00:00,161.705,161.708,161.688,161.703,138.93
2024-07-11 05:55:00+00:00,161.704,161.708,161.665,161.692,914.43
2024-07-11 06:00:00+00:00,161.695,161.75,161.69,161.74,1273.29
2024-07-11 06:05:00+00:00,161.741,161.748,161.702,161.721,1668.72
2024-07-11 06:10:00+00:00,161.721,161.736,161.707,161.733,649.95
2024-07-11 06:15:00+00:00,161.733,161.744,161.721,161.722,375.75
2024-07-11 06:20:00+00:00,161.724,161.726,161.716,161.721,119.1
2024-07-11 06:25:00+00:00,161.721,161.722,161.693,161.694,298.45
2024-07-11 06:30:00+00:00,161.694,161.722,161.689,161.705,901.14
2024-07-11 06:35:00+00:00,161.707,161.718,161.704,161.708,613.5
2024-07-11 06:40:00+00:00,161.708,161.708,161.688,161.707,760.38
2024-07-11 06:45:00+00:00,161.706,161.721,161.692,161.715,386.49
2024-07-11 06:50:00+00:00,161.715,161.729,161.712,161.718,1068.09
2024-07-11 06:55:00+00:00,161.718,161.734,161.717,161.729,617.25
2024-07-11 07:00:00+00:00,161.732,161.758,161.728,161.738,1232.94
2024-07-11 07:05:00+00:00,161.739,161.745,161.726,161.726,767.04
2024-07-11 07:10:00+00:00,161.727,161.735,161.716,161.722,742.65
2024-07-11 07:15:00+00:00,161.724,161.725,161.69,161.691,1156.38
2024-07-11 07:20:00+00:00,161.692,161.695,161.627,161.628,1712.7
2024-07-11 07:25:00+00:00,161.629,161.657,161.605,161.61,1324.56
2024-07-11 07:30:00+00:00,161.609,161.646,161.594,161.596,1304.19
2024-07-11 07:35:00+00:00,161.595,161.596,161.54,161.546,1119.0
2024-07-11 07:40:00+00:00,161.546,161.591,161.541,161.582,1351.98
2024-07-11 07:45:00+00:00,161.582,161.629,161.58,161.614,1377.33
2024-07-11 07:50:00+00:00,161.616,161.641,161.613,161.63,897.66
2024-07-11 07:55:00+00:00,161.63,161.659,161.621,161.633,1176.57
2024-07-11 08:00:00+00:00,161.633,161.633,161.574,161.603,1423.89
2024-07-11 08:05:00+00:00,161.604,161.605,161.561,161.563,1003.71
2024-07-11 08:10:00+00:00,161.562,161.589,161.562,161.581,870.84
2024-07-11 08:15:00+00:00,161.579,161.583,161.562,161.564,935.67
2024-07-11 08:20:00+00:00,161.564,161.576,161.561,161.566,475.38
2024-07-11 08:25:00+00:00,161.567,161.604,161.561,161.595,369.9
2024-07-11 08:30:00+00:00,161.595,161.609,161.592,161.596,297.15
2024-07-11 08:35:00+00:00,161.595,161.608,161.59,161.592,434.55
2024-07-11 08:40:00+00:00,161.593,161.593,161.561,161.565,517.05
2024-07-11 08:45:00+00:00,161.564,161.58,161.533,161.539,529.35
2024-07-11 08:50:00+00:00,161.539,161.539,161.502,161.502,371.36
2024-07-11 08:55:00+00:00,161.502,161.544,161.502,161.531,541.65
2024-07-11 09:00:00+00:00,161.531,161.542,161.497,161.503,679.59
2024-07-11 09:05:00+00:00,161.502,161.529,161.484,161.516,830.82
2024-07-11 09:10:00+00:00,161.517,161.524,161.499,161.504,576.72
2024-07-11 09:15:00+00:00,161.503,161.532,161.502,161.515,471.42
2024-07-11 09:20:00+00:00,161.514,161.517,161.471,161.477,625.2
2024-07-11 09:25:00+00:00,161.477,161.495,161.472,161.492,376.05
2024-07-11 09:30:00+00:00,161.491,161.515,161.485,161.501,638.28
2024-07-11 09:35:00+00:00,161.501,161.524,161.5,161.522,707.67
2024-07-11 09:40:00+00:00,161.522,161.526,161.502,161.515,436.08
2024-07-11 09:45:00+00:00,161.516,161.53,161.514,161.528,299.34
2024-07-11 09:50:00+00:00,161.528,161.552,161.528,161.547,297.66
2024-07-11 09:55:00+00:00,161.546,161.556,161.542,161.548,444.48
2024-07-11 10:00:00+00:00,161.546,161.558,161.525,161.529,436.02
2024-07-11 10:05:00+00:00,161.528,161.541,161.506,161.541,543.09
2024-07-11 10:10:00+00:00,161.54,161.555,161.538,161.546,596.34
2024-07-11 10:15:00+00:00,161.547,161.552,161.535,161.551,316.5
2024-07-11 10:20:00+00:00,161.549,161.554,161.533,161.539,821.04
2024-07-11 10:25:00+00:00,161.54,161.554,161.539,161.55,596.16
2024-07-11 10:30:00+00:00,161.551,161.582,161.545,161.58,522.69
2024-07-11 10:35:00+00:00,161.58,161.581,161.547,161.55,156.84
2024-07-11 10:40:00+00:00,161.55,161.564,161.545,161.548,453.93
2024-07-11 10:45:00+00:00,161.549,161.549,161.534,161.545,792.63
2024-07-11 10:50:00+00:00,161.546,161.549,161.534,161.548,874.89
2024-07-11 10:55:00+00:00,161.549,161.566,161.546,161.546,1059.42
2024-07-11 11:00:00+00:00,161.547,161.551,161.54,161.549,470.85
2024-07-11 11:05:00+00:00,161.552,161.558,161.542,161.542,583.35
2024-07-11 11:10:00+00:00,161.54,161.563,161.535,161.563,650.16
2024-07-11 11:15:00+00:00,161.563,161.589,161.563,161.578,1212.0
2024-07-11 11:20:00+00:00,161.578,161.578,161.564,161.564,306.9
2024-07-11 11:25:00+00:00,161.562,161.578,161.559,161.562,247.38
2024-07-11 11:30:00+00:00,161.565,161.575,161.561,161.562,86.31
2024-07-11 11:35:00+00:00,161.564,161.568,161.55,161.552,136.35
2024-07-11 11:40:00+00:00,161.552,161.564,161.55,161.56,1058.4
2024-07-11 11:45:00+00:00,161.56,161.563,161.549,161.55,372.84
2024-07-11 11:50:00+00:00,161.547,161.549,161.543,161.548,230.55
2024-07-11 11:55:00+00:00,161.546,161.547,161.534,161.538,133.05
2024-07-11 12:00:00+00:00,161.538,161.553,161.507,161.551,1419.72
2024-07-11 12:05:00+00:00,161.549,161.563,161.543,161.562,783.45
2024-07-11 12:10:00+00:00,161.56,161.596,161.558,161.592,595.35
2024-07-11 12:15:00+00:00,161.591,161.606,161.585,161.589,647.85
2024-07-11 12:20:00+00:00,161.588,161.618,161.588,161.612,1113.03
2024-07-11 12:25:00+00:00,161.612,161.621,161.522,161.527,743.99
2024-07-11 12:30:00+00:00,161.528,161.531,160.657,160.858,5027.48
2024-07-11 12:35:00+00:00,160.855,161.023,160.83,160.962,5385.14
2024-07-11 12:40:00+00:00,160.962,161.003,158.476,158.738,8398.95
2024-07-11 12:45:00+00:00,158.768,159.671,158.498,158.523,8246.03
2024-07-11 12:50:00+00:00,158.511,159.22,158.352,158.818,6939.73
2024-07-11 12:55:00+00:00,158.816,159.184,158.461,158.638,6670.72
2024-07-11 13:00:00+00:00,158.646,158.65,157.848,157.848,6695.68
2024-07-11 13:05:00+00:00,157.85,157.996,157.409,157.566,7292.16
2024-07-11 13:10:00+00:00,157.561,158.357,157.561,158.335,5438.48
2024-07-11 13:15:00+00:00,158.344,158.535,158.099,158.354,4758.74
2024-07-11 13:20:00+00:00,158.354,158.578,158.303,158.572,9935.13
2024-07-11 13:25:00+00:00,158.57,158.617,158.454,158.528,6584.48
2024-07-11 13:30:00+00:00,158.528,158.968,157.903,158.497,7425.5
2024-07-11 13:35:00+00:00,158.497,158.704,158.349,158.597,3314.13
2024-07-11 13:40:00+00:00,158.6,158.83,158.593,158.633,2647.28
2024-07-11 13:45:00+00:00,158.634,158.72,158.256,158.66,2464.32
2024-07-11 13:50:00+00:00,158.658,158.761,158.505,158.554,1936.97
2024-07-11 13:55:00+00:00,158.553,158.675,158.436,158.598,2028.93
2024-07-11 14:00:00+00:00,158.597,158.615,158.349,158.349,2328.8
2024-07-11 14:05:00+00:00,158.35,158.543,158.35,158.425,2060.93
2024-07-11 14:10:00+00:00,158.423,158.48,158.351,158.479,2118.57
2024-07-11 14:15:00+00:00,158.477,158.564,158.375,158.424,2489.0
2024-07-11 14:20:00+00:00,158.425,158.617,158.41,158.583,3139.23
2024-07-11 14:25:00+00:00,158.584,158.727,158.541,158.727,1980.93
2024-07-11 14:30:00+00:00,158.73,158.73,158.572,158.618,1588.66
2024-07-11 14:35:00+00:00,158.617,158.695,158.499,158.514,2838.59
2024-07-11 14:40:00+00:00,158.511,158.73,158.504,158.686,2141.31
2024-07-11 14:45:00+00:00,158.687,158.792,158.666,158.692,2826.97
2024-07-11 14:50:00+00:00,158.696,158.696,158.562,158.667,2740.09
2024-07-11 14:55:00+00:00,158.667,158.677,158.516,158.554,2822.6
2024-07-11 15:00:00+00:00,158.554,158.635,158.529,158.549,1906.51
2024-07-11 15:05:00+00:00,158.548,158.629,158.451,158.508,2973.99
2024-07-11 15:10:00+00:00,158.507,158.593,158.464,158.563,1337.39
2024-07-11 15:15:00+00:00,158.563,158.627,158.512,158.542,1065.44
2024-07-11 15:20:00+00:00,158.544,158.607,158.502,158.577,1093.83
2024-07-11 15:25:00+00:00,158.578,158.623,158.508,158.543,1456.68
2024-07-11 15:30:00+00:00,158.543,158.561,158.514,158.528,1134.45
2024-07-11 15:35:00+00:00,158.527,158.571,158.519,158.544,810.33
2024-07-11 15:40:00+00:00,158.545,158.595,158.525,158.583,1054.17
2024-07-11 15:45:00+00:00,158.583,158.629,158.542,158.57,1029.3
2024-07-11 15:50:00+00:00,158.569,158.571,158.493,158.525,649.71
2024-07-11 15:55:00+00:00,158.524,158.596,158.522,158.582,762.03
2024-07-11 16:00:00+00:00,158.582,158.617,158.566,158.603,706.36
2024-07-11 16:05:00+00:00,158.602,158.614,158.575,158.595,487.61
2024-07-11 16:10:00+00:00,158.593,158.61,158.572,158.607,490.35
2024-07-11 16:15:00+00:00,158.607,158.612,158.564,158.567,781.19
2024-07-11 16:20:00+00:00,158.566,158.568,158.536,158.565,1622.01
2024-07-11 16:25:00+00:00,158.564,158.581,158.539,158.578,1406.64
2024-07-11 16:30:00+00:00,158.577,158.592,158.532,158.549,1164.57
2024-07-11 16:35:00+00:00,158.548,158.615,158.534,158.607,474.72
2024-07-11 16:40:00+00:00,158.606,158.635,158.578,158.58,608.11
2024-07-11 16:45:00+00:00,158.58,158.619,158.543,158.593,1215.42
2024-07-11 16:50:00+00:00,158.593,158.596,158.557,158.589,765.3
2024-07-11 16:55:00+00:00,158.59,158.644,158.564,158.567,889.14
2024-07-11 17:00:00+00:00,158.568,158.732,158.554,158.706,1328.12
2024-07-11 17:05:00+00:00,158.707,158.72,158.58,158.614,1003.35
2024-07-11 17:10:00+00:00,158.613,158.622,158.572,158.591,956.32
2024-07-11 17:15:00+00:00,158.592,158.657,158.583,158.631,652.35
2024-07-11 17:20:00+00:00,158.632,158.651,158.603,158.635,678.13
2024-07-11 17:25:00+00:00,158.636,158.69,158.619,158.688,699.66
2024-07-11 17:30:00+00:00,158.687,158.734,158.663,158.733,687.72
2024-07-11 17:35:00+00:00,158.732,158.769,158.701,158.75,525.72
2024-07-11 17:40:00+00:00,158.75,158.791,158.745,158.746,528.3
2024-07-11 17:45:00+00:00,158.745,158.857,158.734,158.829,951.87
2024-07-11 17:50:00+00:00,158.83,158.893,158.772,158.843,845.49
2024-07-11 17:55:00+00:00,158.842,158.848,158.807,158.808,321.81
2024-07-11 18:00:00+00:00,158.806,158.834,158.743,158.749,558.41
2024-07-11 18:05:00+00:00,158.748,158.774,158.741,158.758,493.41
2024-07-11 18:10:00+00:00,158.759,158.824,158.752,158.813,513.77
2024-07-11 18:15:00+00:00,158.811,158.853,158.809,158.809,628.62
2024-07-11 18:20:00+00:00,158.81,158.86,158.803,158.83,737.06
2024-07-11 18:25:00+00:00,158.831,158.871,158.82,158.868,829.95
2024-07-11 18:30:00+00:00,158.865,158.868,158.805,158.808,804.6
2024-07-11 18:35:00+00:00,158.811,158.832,158.767,158.796,1435.29
2024-07-11 18:40:00+00:00,158.795,158.801,158.758,158.776,853.62
2024-07-11 18:45:00+00:00,158.778,158.778,158.752,158.758,758.67
2024-07-11 18:50:00+00:00,158.758,158.781,158.743,158.762,648.99
2024-07-11 18:55:00+00:00,158.764,158.766,158.709,158.735,1619.58
2024-07-11 19:00:00+00:00,158.735,158.759,158.729,158.739,1261.68
2024-07-11 19:05:00+00:00,158.738,158.75,158.736,158.738,419.73
2024-07-11 19:10:00+00:00,158.738,158.763,158.736,158.748,461.13
2024-07-11 19:15:00+00:00,158.748,158.776,158.747,158.759,1391.52
2024-07-11 19:20:00+00:00,158.756,158.773,158.746,158.758,1141.88
2024-07-11 19:25:00+00:00,158.759,158.793,158.756,158.785,559.95
2024-07-11 19:30:00+00:00,158.786,158.797,158.772,158.792,1348.92
2024-07-11 19:35:00+00:00,158.791,158.807,158.784,158.792,1124.1
2024-07-11 19:40:00+00:00,158.791,158.817,158.781,158.812,896.1
2024-07-11 19:45:00+00:00,158.812,158.822,158.806,158.818,687.93
2024-07-11 19:50:00+00:00,158.821,158.832,158.811,158.824,704.82
2024-07-11 19:55:00+00:00,158.824,158.826,158.812,158.821,741.93
2024-07-11 20:00:00+00:00,158.824,158.838,158.815,158.825,1076.43
2024-07-11 20:05:00+00:00,158.826,158.838,158.822,158.836,291.78
2024-07-11 20:10:00+00:00,158.836,158.843,158.818,158.832,303.45
2024-07-11 20:15:00+00:00,158.833,158.844,158.81,158.815,277.89
2024-07-11 20:20:00+00:00,158.821,158.845,158.815,158.844,266.67
2024-07-11 20:25:00+00:00,158.843,158.911,158.841,158.891,344.4
2024-07-11 20:30:00+00:00,158.891,158.892,158.826,158.856,367.42
2024-07-11 20:35:00+00:00,158.856,158.871,158.853,158.854,206.61
2024-07-11 20:40:00+00:00,158.853,158.87,158.848,158.857,253.98
2024-07-11 20:45:00+00:00,158.855,158.893,158.853,158.886,190.8
2024-07-11 20:50:00+00:00,158.886,158.888,158.848,158.885,193.47
2024-07-11 20:55:00+00:00,158.88,158.913,158.768,158.775,276.69
2024-07-11 21:00:00+00:00,158.808,158.822,158.808,158.81,8.4
2024-07-11 21:05:00+00:00,158.822,158.863,158.798,158.85,62.25
2024-07-11 21:10:00+00:00,158.857,158.857,158.847,158.857,36.75
2024-07-11 21:15:00+00:00,158.853,158.87,158.85,158.866,50.88
2024-07-11 21:20:00+00:00,158.856,158.872,158.855,158.87,30.84
2024-07-11 21:25:00+00:00,158.867,158.884,158.864,158.884,41.04
2024-07-11 21:30:00+00:00,158.881,158.885,158.868,158.881,34.56
2024-07-11 21:35:00+00:00,158.868,158.885,158.868,158.885,26.1
2024-07-11 21:40:00+00:00,158.885,158.894,158.873,158.877,64.8
2024-07-11 21:45:00+00:00,158.884,158.909,158.88,158.891,61.8
2024-07-11 21:50:00+00:00,158.889,158.929,158.889,158.916,93.3
2024-07-11 21:55:00+00:00,158.915,158.939,158.915,158.932,38.4
2024-07-11 22:00:00+00:00,158.939,159.2,158.9,159.147,779.47
2024-07-11 22:05:00+00:00,159.147,159.281,159.107,159.234,608.83
2024-07-11 22:10:00+00:00,159.237,159.237,159.079,159.119,715.89
2024-07-11 22:15:00+00:00,159.119,159.183,159.118,159.176,1007.55
2024-07-11 22:20:00+00:00,159.176,159.217,159.158,159.198,595.35
2024-07-11 22:25:00+00:00,159.197,159.239,159.191,159.212,528.15
2024-07-11 22:30:00+00:00,159.212,159.217,159.112,159.171,798.72
2024-07-11 22:35:00+00:00,159.172,159.202,159.17,159.199,465.6
2024-07-11 22:40:00+00:00,159.201,159.208,159.178,159.194,354.75
2024-07-11 22:45:00+00:00,159.193,159.196,159.155,159.166,463.57
2024-07-11 22:50:00+00:00,159.167,159.249,159.164,159.234,532.26
2024-07-11 22:55:00+00:00,159.24,159.28,159.215,159.26,1221.57
2024-07-11 23:00:00+00:00,159.261,159.296,159.236,159.259,416.16
2024-07-11 23:05:00+00:00,159.257,159.379,159.257,159.364,862.74
2024-07-11 23:10:00+00:00,159.363,159.393,159.357,159.375,810.72
2024-07-11 23:15:00+00:00,159.378,159.445,159.378,159.395,1221.88
2024-07-11 23:20:00+00:00,159.393,159.42,159.367,159.408,1262.1
2024-07-11 23:25:00+00:00,159.408,159.431,157.747,158.01,4303.1
2024-07-11 23:30:00+00:00,158.022,159.349,158.022,159.174,3886.45
2024-07-11 23:35:00+00:00,159.172,159.39,159.117,159.389,2347.55
2024-07-11 23:40:00+00:00,159.389,159.409,159.261,159.3,1915.25
2024-07-11 23:45:00+00:00,159.297,159.306,158.081,158.094,3344.97
2024-07-11 23:50:00+00:00,158.097,158.775,158.089,158.358,3534.18
2024-07-11 23:55:00+00:00,158.358,158.543,158.084,158.273,3459.05
2024-07-12 00:00:00+00:00,158.275,158.613,157.974,158.315,3956.17
2024-07-12 00:05:00+00:00,158.316,158.718,158.268,158.659,2755.79
2024-07-12 00:10:00+00:00,158.659,158.768,158.4,158.716,2158.82
2024-07-12 00:15:00+00:00,158.712,158.741,158.534,158.618,2032.01
2024-07-12 00:20:00+00:00,158.619,158.826,158.57,158.752,2141.16
2024-07-12 00:25:00+00:00,158.749,158.874,158.712,158.862,1884.7
2024-07-12 00:30:00+00:00,158.861,158.963,158.839,158.962,1913.81
2024-07-12 00:35:00+00:00,158.958,158.991,158.902,158.964,1635.8
2024-07-12 00:40:00+00:00,158.963,159.048,158.909,159.005,2065.29
2024-07-12 00:45:00+00:00,159.005,159.02,158.87,158.895,2025.92
2024-07-12 00:50:00+00:00,158.893,159.083,158.891,159.038,2365.14
2024-07-12 00:55:00+00:00,159.035,159.132,159.031,159.077,2031.87
2024-07-12 01:00:00+00:00,159.075,159.216,159.065,159.118,2123.75
2024-07-12 01:05:00+00:00,159.118,159.208,159.116,159.15,1462.58
2024-07-12 01:10:00+00:00,159.15,159.256,159.146,159.2,1520.8
2024-07-12 01:15:00+00:00,159.202,159.287,159.197,159.268,1287.78
2024-07-12 01:20:00+00:00,159.267,159.291,159.116,159.13,1460.55
2024-07-12 01:25:00+00:00,159.129,159.255,159.11,159.245,1381.83
2024-07-12 01:30:00+00:00,159.246,159.257,159.138,159.177,1437.2
2024-07-12 01:35:00+00:00,159.177,159.303,159.158,159.233,1245.64
2024-07-12 01:40:00+00:00,159.232,159.291,159.189,159.263,1196.94
2024-07-12 01:45:00+00:00,159.262,159.269,159.177,159.248,1145.24
2024-07-12 01:50:00+00:00,159.254,159.293,159.241,159.278,936.53
2024-07-12 01:55:00+00:00,159.277,159.383,159.204,159.359,1067.52
2024-07-12 02:00:00+00:00,159.358,159.358,159.275,159.331,833.1
2024-07-12 02:05:00+00:00,159.328,159.328,158.749,159.239,1924.12
2024-07-12 02:10:00+00:00,159.247,159.338,159.247,159.295,1047.42
2024-07-12 02:15:00+00:00,159.294,159.336,159.284,159.316,894.21
2024-07-12 02:20:00+00:00,159.317,159.364,159.251,159.322,1286.37
2024-07-12 02:25:00+00:00,159.322,159.368,159.26,159.347,1132.66
2024-07-12 02:30:00+00:00,159.346,159.375,159.257,159.306,1241.59
2024-07-12 02:35:00+00:00,159.306,159.334,159.282,159.291,811.14
2024-07-12 02:40:00+00:00,159.293,159.334,159.278,159.315,709.5
2024-07-12 02:45:00+00:00,159.316,159.36,159.293,159.34,459.79
2024-07-12 02:50:00+00:00,159.34,159.384,159.329,159.356,986.43
2024-07-12 02:55:00+00:00,159.356,159.358,159.282,159.307,837.12
2024-07-12 03:00:00+00:00,159.304,159.333,159.278,159.287,693.25
2024-07-12 03:05:00+00:00,159.285,159.296,159.248,159.289,838.37
2024-07-12 03:10:00+00:00,159.29,159.307,159.248,159.264,557.72
2024-07-12 03:15:00+00:00,159.264,159.284,159.209,159.258,1032.33
2024-07-12 03:20:00+00:00,159.258,159.259,159.15,159.17,1121.62
2024-07-12 03:25:00+00:00,159.168,159.227,159.158,159.227,713.07
2024-07-12 03:30:00+00:00,159.226,159.29,159.226,159.236,990.57
2024-07-12 03:35:00+00:00,159.235,159.262,159.187,159.254,742.61
2024-07-12 03:40:00+00:00,159.253,159.259,159.206,159.238,806.77
2024-07-12 03:45:00+00:00,159.238,159.282,159.16,159.182,635.78
2024-07-12 03:50:00+00:00,159.181,159.23,159.181,159.206,708.21
2024-07-12 03:55:00+00:00,159.206,159.232,159.175,159.231,470.12
2024-07-12 04:00:00+00:00,159.23,159.234,159.186,159.186,361.87
2024-07-12 04:05:00+00:00,159.185,159.212,159.135,159.166,832.71
2024-07-12 04:10:00+00:00,159.165,159.198,159.129,159.181,470.82
2024-07-12 04:15:00+00:00,159.181,159.211,159.133,159.211,947.91
2024-07-12 04:20:00+00:00,159.208,159.211,159.171,159.175,905.48
2024-07-12 04:25:00+00:00,159.173,159.21,159.164,159.185,371.79
2024-07-12 04:30:00+00:00,159.185,159.197,159.144,159.17,583.52
2024-07-12 04:35:00+00:00,159.169,159.173,159.091,159.109,688.32
2024-07-12 04:40:00+00:00,159.115,159.134,159.092,159.107,864.77
2024-07-12 04:45:00+00:00,159.105,159.12,159.028,159.042,841.72
2024-07-12 04:50:00+00:00,159.042,159.111,159.031,159.103,890.71
2024-07-12 04:55:00+00:00,159.105,159.151,159.098,159.109,678.42
2024-07-12 05:00:00+00:00,159.109,159.137,159.085,159.107,445.09
2024-07-12 05:05:00+00:00,159.108,159.127,159.085,159.088,313.41
2024-07-12 05:10:00+00:00,159.083,159.118,159.072,159.118,429.72
2024-07-12 05:15:00+00:00,159.12,159.123,159.034,159.049,335.37
2024-07-12 05:20:00+00:00,159.047,159.102,159.047,159.087,363.58
2024-07-12 05:25:00+00:00,159.088,159.125,159.081,159.085,334.0
2024-07-12 05:30:00+00:00,159.08,159.107,158.959,159.067,1173.38
2024-07-12 05:35:00+00:00,159.07,159.103,159.044,159.063,1148.1
2024-07-12 05:40:00+00:00,159.063,159.08,158.954,158.974,2140.43
2024-07-12 05:45:00+00:00,158.972,158.992,158.866,158.934,1415.74
2024-07-12 05:50:00+00:00,158.935,158.989,158.919,158.969,1161.42
2024-07-12 05:55:00+00:00,158.968,159.057,158.94,159.038,737.4
2024-07-12 06:00:00+00:00,159.036,159.15,158.971,159.138,1418.96
2024-07-12 06:05:00+00:00,159.137,159.169,159.057,159.059,759.69
2024-07-12 06:10:00+00:00,159.061,159.068,159.0,159.04,1069.38
2024-07-12 06:15:00+00:00,159.036,159.067,158.995,159.035,851.01
2024-07-12 06:20:00+00:00,159.033,159.062,158.956,159.06,1221.03
2024-07-12 06:25:00+00:00,159.061,159.158,159.036,159.139,1043.79
2024-07-12 06:30:00+00:00,159.138,159.158,159.102,159.119,1044.61
2024-07-12 06:35:00+00:00,159.12,159.17,159.108,159.152,641.58
2024-07-12 06:40:00+00:00,159.152,159.187,159.128,159.182,1122.34
2024-07-12 06:45:00+00:00,159.181,159.214,159.097,159.15,835.62
2024-07-12 06:50:00+00:00,159.149,159.197,159.083,159.098,876.3
2024-07-12 06:55:00+00:00,159.096,159.182,159.051,159.135,1107.09
2024-07-12 07:00:00+00:00,159.135,159.213,159.112,159.2,813.97
2024-07-12 07:05:00+00:00,159.199,159.201,159.14,159.14,581.07
2024-07-12 07:10:00+00:00,159.138,159.266,159.138,159.254,1319.66
2024-07-12 07:15:00+00:00,159.253,159.271,159.199,159.231,1107.62
2024-07-12 07:20:00+00:00,159.236,159.276,159.208,159.221,784.59
2024-07-12 07:25:00+00:00,159.221,159.266,159.209,159.259,736.95
2024-07-12 07:30:00+00:00,159.257,159.3,159.257,159.286,701.43
2024-07-12 07:35:00+00:00,159.287,159.289,159.209,159.225,427.98
2024-07-12 07:40:00+00:00,159.234,159.314,159.201,159.3,844.5
2024-07-12 07:45:00+00:00,159.301,159.316,159.253,159.254,749.62
2024-07-12 07:50:00+00:00,159.254,159.318,159.238,159.263,766.02
2024-07-12 07:55:00+00:00,159.266,159.315,159.19,159.217,779.37
2024-07-12 08:00:00+00:00,159.218,159.262,159.184,159.184,1004.73
2024-07-12 08:05:00+00:00,159.185,159.211,159.121,159.199,825.63
2024-07-12 08:10:00+00:00,159.199,159.25,159.195,159.212,809.54
2024-07-12 08:15:00+00:00,159.205,159.228,159.163,159.199,751.14
2024-07-12 08:20:00+00:00,159.2,159.2,159.145,159.153,799.23
2024-07-12 08:25:00+00:00,159.154,159.215,159.142,159.178,616.44
2024-07-12 08:30:00+00:00,159.177,159.178,159.133,159.152,722.38
2024-07-12 08:35:00+00:00,159.151,159.162,159.061,159.062,589.15
2024-07-12 08:40:00+00:00,159.064,159.109,159.03,159.077,789.21
2024-07-12 08:45:00+00:00,159.076,159.151,159.063,159.149,837.48
2024-07-12 08:50:00+00:00,159.149,159.151,159.057,159.081,1161.33
2024-07-12 08:55:00+00:00,159.086,159.141,159.086,159.102,705.54
2024-07-12 09:00:00+00:00,159.102,159.14,159.044,159.099,918.13
2024-07-12 09:05:00+00:00,159.1,159.126,159.079,159.083,984.51
2024-07-12 09:10:00+00:00,159.084,159.115,159.078,159.095,634.38
2024-07-12 09:15:00+00:00,159.095,159.099,159.084,159.089,290.43
2024-07-12 09:20:00+00:00,159.089,159.194,159.089,159.171,1152.81
2024-07-12 09:25:00+00:00,159.172,159.189,159.151,159.158,935.34
2024-07-12 09:30:00+00:00,159.159,159.217,159.133,159.178,771.18
2024-07-12 09:35:00+00:00,159.178,159.186,159.143,159.144,476.58
2024-07-12 09:40:00+00:00,159.144,159.164,159.11,159.164,649.05
2024-07-12 09:45:00+00:00,159.165,159.177,159.123,159.133,576.81
2024-07-12 09:50:00+00:00,159.133,159.164,159.13,159.161,501.54
2024-07-12 09:55:00+00:00,159.162,159.192,159.16,159.176,476.4
2024-07-12 10:00:00+00:00,159.176,159.203,159.16,159.203,321.63
2024-07-12 10:05:00+00:00,159.202,159.204,159.165,159.187,396.75
2024-07-12 10:10:00+00:00,159.188,159.246,159.175,159.23,707.34
2024-07-12 10:15:00+00:00,159.229,159.254,159.228,159.241,502.35
2024-07-12 10:20:00+00:00,159.24,159.245,159.189,159.202,343.81
2024-07-12 10:25:00+00:00,159.201,159.23,159.188,159.217,468.31
2024-07-12 10:30:00+00:00,159.217,159.238,159.197,159.199,572.07
2024-07-12 10:35:00+00:00,159.199,159.202,159.173,159.197,453.57
2024-07-12 10:40:00+00:00,159.198,159.213,159.188,159.199,518.52
2024-07-12 10:45:00+00:00,159.198,159.203,159.147,159.163,492.18
2024-07-12 10:50:00+00:00,159.163,159.171,159.124,159.133,734.43
2024-07-12 10:55:00+00:00,159.133,159.141,159.111,159.111,528.66
2024-07-12 11:00:00+00:00,159.11,159.131,159.107,159.108,569.67
2024-07-12 11:05:00+00:00,159.108,159.141,159.108,159.136,304.05
2024-07-12 11:10:00+00:00,159.135,159.14,159.074,159.086,216.69
2024-07-12 11:15:00+00:00,159.087,159.087,159.037,159.05,703.78
2024-07-12 11:20:00+00:00,159.052,159.063,158.934,158.958,1229.58
2024-07-12 11:25:00+00:00,158.958,159.001,158.958,158.986,1497.99
2024-07-12 11:30:00+00:00,158.987,159.032,158.985,159.032,761.16
2024-07-12 11:35:00+00:00,159.033,159.065,159.011,159.019,466.03
2024-07-12 11:40:00+00:00,159.018,159.049,159.009,159.049,553.44
2024-07-12 11:45:00+00:00,159.049,159.051,159.011,159.013,451.68
2024-07-12 11:50:00+00:00,159.014,159.051,159.012,159.051,374.49
2024-07-12 11:55:00+00:00,159.052,159.052,158.958,158.972,716.56
2024-07-12 12:00:00+00:00,158.974,158.997,158.921,158.938,862.47
2024-07-12 12:05:00+00:00,158.937,158.948,158.515,158.722,3693.17
2024-07-12 12:10:00+00:00,158.724,158.791,158.67,158.671,2197.78
2024-07-12 12:15:00+00:00,158.671,158.713,158.612,158.662,2036.5
2024-07-12 12:20:00+00:00,158.658,158.659,158.508,158.556,2982.65
2024-07-12 12:25:00+00:00,158.556,158.651,158.524,158.574,1511.09
2024-07-12 12:30:00+00:00,158.58,159.155,158.575,158.96,4019.8
2024-07-12 12:35:00+00:00,158.962,159.019,158.81,159.016,5316.72
2024-07-12 12:40:00+00:00,159.015,159.064,158.812,158.903,4099.75
2024-07-12 12:45:00+00:00,158.906,158.911,158.739,158.759,3851.68
2024-07-12 12:50:00+00:00,158.759,158.772,158.571,158.612,3695.4
2024-07-12 12:55:00+00:00,158.611,158.811,158.589,158.808,3677.55
2024-07-12 13:00:00+00:00,158.807,158.84,158.703,158.821,3981.99
2024-07-12 13:05:00+00:00,158.821,158.821,157.69,157.751,5808.94
2024-07-12 13:10:00+00:00,157.755,158.094,157.381,157.388,6360.43
2024-07-12 13:15:00+00:00,157.391,157.965,157.359,157.693,4617.66
2024-07-12 13:20:00+00:00,157.694,157.964,157.681,157.927,3196.62
2024-07-12 13:25:00+00:00,157.929,158.151,157.804,158.096,3701.53
2024-07-12 13:30:00+00:00,158.099,158.192,157.876,158.14,3911.18
2024-07-12 13:35:00+00:00,158.138,158.185,158.059,158.116,2972.49
2024-07-12 13:40:00+00:00,158.115,158.409,158.115,158.288,3362.13
2024-07-12 13:45:00+00:00,158.287,158.395,158.284,158.344,1457.91
2024-07-12 13:50:00+00:00,158.344,158.456,158.257,158.436,2589.72
2024-07-12 13:55:00+00:00,158.438,158.452,158.298,158.299,2922.57
2024-07-12 14:00:00+00:00,158.298,158.349,158.121,158.189,3172.74
2024-07-12 14:05:00+00:00,158.195,158.321,158.14,158.282,3085.62
2024-07-12 14:10:00+00:00,158.283,158.295,157.387,157.731,7263.72
2024-07-12 14:15:00+00:00,157.73,157.813,157.434,157.62,6737.91
2024-07-12 14:20:00+00:00,157.618,157.89,157.563,157.846,3781.58
2024-07-12 14:25:00+00:00,157.846,157.926,157.738,157.828,3668.52
2024-07-12 14:30:00+00:00,157.834,157.916,157.802,157.885,2573.14
2024-07-12 14:35:00+00:00,157.885,157.888,157.747,157.799,1535.3
2024-07-12 14:40:00+00:00,157.797,157.892,157.768,157.84,1268.55
2024-07-12 14:45:00+00:00,157.841,157.853,157.776,157.801,1363.5
2024-07-12 14:50:00+00:00,157.8,157.801,157.599,157.621,3306.93
2024-07-12 14:55:00+00:00,157.625,157.794,157.625,157.716,2492.19
2024-07-12 15:00:00+00:00,157.716,157.831,157.675,157.797,2556.06
2024-07-12 15:05:00+00:00,157.796,157.813,157.748,157.754,1866.09
2024-07-12 15:10:00+00:00,157.753,157.805,157.748,157.787,1276.77
2024-07-12 15:15:00+00:00,157.789,157.865,157.505,157.86,3034.17
2024-07-12 15:20:00+00:00,157.862,157.884,157.8,157.867,897.99
2024-07-12 15:25:00+00:00,157.866,157.929,157.825,157.879,1367.73
2024-07-12 15:30:00+00:00,157.879,157.905,157.849,157.879,1200.39
2024-07-12 15:35:00+00:00,157.878,157.883,157.787,157.822,1339.68
2024-07-12 15:40:00+00:00,157.821,157.876,157.782,157.873,2274.78
2024-07-12 15:45:00+00:00,157.874,157.965,157.866,157.935,1686.66
2024-07-12 15:50:00+00:00,157.936,158.092,157.936,157.976,1380.81
2024-07-12 15:55:00+00:00,157.985,158.033,157.901,157.901,1637.28
2024-07-12 16:00:00+00:00,157.902,157.95,157.868,157.949,1132.05
2024-07-12 16:05:00+00:00,157.949,157.95,157.905,157.907,911.13
2024-07-12 16:10:00+00:00,157.907,157.963,157.841,157.961,823.86
2024-07-12 16:15:00+00:00,157.962,157.977,157.948,157.949,742.35
2024-07-12 16:20:00+00:00,157.949,158.021,157.94,157.951,771.4
2024-07-12 16:25:00+00:00,157.951,157.979,157.938,157.966,604.05
2024-07-12 16:30:00+00:00,157.966,157.977,157.901,157.902,1319.19
2024-07-12 16:35:00+00:00,157.901,157.961,157.897,157.93,1414.92
2024-07-12 16:40:00+00:00,157.93,157.932,157.889,157.903,1566.44
2024-07-12 16:45:00+00:00,157.904,157.964,157.904,157.939,984.15
2024-07-12 16:50:00+00:00,157.938,157.938,157.903,157.907,809.25
2024-07-12 16:55:00+00:00,157.907,157.911,157.861,157.873,848.88
2024-07-12 17:00:00+00:00,157.874,157.927,157.861,157.911,535.41
2024-07-12 17:05:00+00:00,157.909,157.951,157.909,157.949,263.7
2024-07-12 17:10:00+00:00,157.95,157.97,157.943,157.97,880.77
2024-07-12 17:15:00+00:00,157.974,158.013,157.974,158.001,265.59
2024-07-12 17:20:00+00:00,157.994,157.994,157.947,157.973,461.76
2024-07-12 17:25:00+00:00,157.973,158.01,157.965,157.985,412.76
2024-07-12 17:30:00+00:00,157.981,158.003,157.966,157.976,690.3
2024-07-12 17:35:00+00:00,157.977,157.979,157.944,157.948,352.22
2024-07-12 17:40:00+00:00,157.947,157.973,157.944,157.967,285.54
2024-07-12 17:45:00+00:00,157.968,157.997,157.96,157.971,417.6
2024-07-12 17:50:00+00:00,157.97,157.971,157.936,157.953,477.6
2024-07-12 17:55:00+00:00,157.952,157.996,157.949,157.978,526.26
2024-07-12 18:00:00+00:00,157.979,157.991,157.947,157.947,949.11
2024-07-12 18:05:00+00:00,157.945,157.974,157.919,157.96,1002.6
2024-07-12 18:10:00+00:00,157.959,157.973,157.931,157.935,1131.21
2024-07-12 18:15:00+00:00,157.935,157.949,157.902,157.911,966.57
2024-07-12 18:20:00+00:00,157.911,157.928,157.894,157.924,1219.74
2024-07-12 18:25:00+00:00,157.923,157.938,157.902,157.903,784.76
2024-07-12 18:30:00+00:00,157.905,157.927,157.888,157.9,808.21
2024-07-12 18:35:00+00:00,157.901,157.903,157.865,157.89,622.83
2024-07-12 18:40:00+00:00,157.891,157.915,157.889,157.914,782.61
2024-07-12 18:45:00+00:00,157.913,157.914,157.873,157.877,704.31
2024-07-12 18:50:00+00:00,157.877,157.879,157.863,157.877,571.35
2024-07-12 18:55:00+00:00,157.877,157.926,157.865,157.917,759.24
2024-07-12 19:00:00+00:00,157.918,157.925,157.878,157.89,333.41
2024-07-12 19:05:00+00:00,157.89,157.891,157.814,157.865,423.83
2024-07-12 19:10:00+00:00,157.865,157.869,157.825,157.838,351.39
2024-07-12 19:15:00+00:00,157.838,157.839,157.806,157.828,371.52
2024-07-12 19:20:00+00:00,157.827,157.829,157.804,157.806,283.26
2024-07-12 19:25:00+00:00,157.807,157.883,157.806,157.854,635.16
2024-07-12 19:30:00+00:00,157.855,157.856,157.796,157.818,677.55
2024-07-12 19:35:00+00:00,157.819,157.82,157.809,157.812,268.95
2024-07-12 19:40:00+00:00,157.813,157.819,157.801,157.804,298.95
2024-07-12 19:45:00+00:00,157.803,157.83,157.802,157.813,180.36
2024-07-12 19:50:00+00:00,157.813,157.826,157.802,157.818,355.74
2024-07-12 19:55:00+00:00,157.819,157.869,157.816,157.834,432.63
2024-07-12 20:00:00+00:00,157.838,157.866,157.825,157.846,291.24
2024-07-12 20:05:00+00:00,157.844,157.854,157.839,157.85,247.08
2024-07-12 20:10:00+00:00,157.85,157.85,157.796,157.797,126.78
2024-07-12 20:15:00+00:00,157.797,157.823,157.797,157.802,85.5
2024-07-12 20:20:00+00:00,157.802,157.846,157.792,157.831,105.75
2024-07-12 20:25:00+00:00,157.825,157.843,157.814,157.83,755.89
2024-07-12 20:30:00+00:00,157.832,157.943,157.825,157.886,694.95
2024-07-12 20:35:00+00:00,157.882,157.935,157.881,157.883,130.5
2024-07-12 20:40:00+00:00,157.885,157.916,157.876,157.887,146.43
2024-07-12 20:45:00+00:00,157.887,157.901,157.877,157.88,164.25
2024-07-12 20:50:00+00:00,157.88,157.886,157.815,157.877,369.36
2024-07-12 20:55:00+00:00,157.876,157.901,157.7,157.7,278.4
2024-07-14 21:00:00+00:00,158.068,158.097,158.056,158.081,49.8
2024-07-14 21:05:00+00:00,158.077,158.089,158.077,158.084,34.8
2024-07-14 21:10:00+00:00,158.077,158.103,158.074,158.094,31.95
2024-07-14 21:15:00+00:00,158.134,158.144,158.132,158.143,24.21
2024-07-14 21:20:00+00:00,158.128,158.17,158.128,158.166,45.33
2024-07-14 21:25:00+00:00,158.159,158.159,158.151,158.159,18.6
2024-07-14 21:30:00+00:00,158.159,158.164,158.137,158.152,94.95
2024-07-14 21:35:00+00:00,158.151,158.152,158.137,158.146,69.9
2024-07-14 21:40:00+00:00,158.146,158.147,158.143,158.145,31.8
2024-07-14 21:45:00+00:00,158.144,158.145,158.141,158.145,25.2
2024-07-14 21:50:00+00:00,158.144,158.146,158.144,158.145,12.6
2024-07-14 21:55:00+00:00,158.145,158.145,158.145,158.145,9.0
2024-07-14 22:00:00+00:00,158.145,158.243,158.137,158.186,1047.75
2024-07-14 22:05:00+00:00,158.185,158.223,157.979,158.018,946.58
2024-07-14 22:10:00+00:00,158.018,158.131,158.017,158.109,457.2
2024-07-14 22:15:00+00:00,158.109,158.169,158.107,158.144,765.15
2024-07-14 22:20:00+00:00,158.146,158.165,158.143,158.163,108.0
2024-07-14 22:25:00+00:00,158.163,158.169,158.15,158.16,220.2
2024-07-14 22:30:00+00:00,158.162,158.2,158.156,158.197,168.45
2024-07-14 22:35:00+00:00,158.197,158.212,158.175,158.212,369.39
2024-07-14 22:40:00+00:00,158.212,158.245,158.2,158.245,250.68
2024-07-14 22:45:00+00:00,158.246,158.335,158.244,158.325,314.73
2024-07-14 22:50:00+00:00,158.326,158.327,158.272,158.313,631.58
2024-07-14 22:55:00+00:00,158.32,158.386,158.32,158.339,331.35
2024-07-14 23:00:00+00:00,158.339,158.363,158.312,158.338,588.99
2024-07-14 23:05:00+00:00,158.341,158.341,158.169,158.311,1583.05
2024-07-14 23:10:00+00:00,158.311,158.348,158.284,158.299,495.06
2024-07-14 23:15:00+00:00,158.297,158.364,158.283,158.363,970.38
2024-07-14 23:20:00+00:00,158.363,158.419,158.35,158.362,903.19
2024-07-14 23:25:00+00:00,158.362,158.411,158.337,158.357,761.88
2024-07-14 23:30:00+00:00,158.356,158.412,158.338,158.375,880.68
2024-07-14 23:35:00+00:00,158.381,158.401,158.36,158.385,1049.28
2024-07-14 23:40:00+00:00,158.384,158.386,158.351,158.374,586.62
2024-07-14 23:45:00+00:00,158.374,158.399,158.351,158.368,444.67
2024-07-14 23:50:00+00:00,158.367,158.367,158.309,158.355,595.02
2024-07-14 23:55:00+00:00,158.354,158.356,158.258,158.287,451.35
2024-07-15 00:00:00+00:00,158.286,158.361,158.216,158.319,1373.88
2024-07-15 00:05:00+00:00,158.317,158.339,158.272,158.332,1215.17
2024-07-15 00:10:00+00:00,158.331,158.331,158.265,158.265,419.22
2024-07-15 00:15:00+00:00,158.264,158.343,158.229,158.342,616.26
2024-07-15 00:20:00+00:00,158.341,158.342,158.275,158.315,356.4
2024-07-15 00:25:00+00:00,158.314,158.365,158.3,158.31,474.0
2024-07-15 00:30:00+00:00,158.311,158.327,158.246,158.262,1393.71
2024-07-15 00:35:00+00:00,158.262,158.297,158.235,158.294,2150.97
2024-07-15 00:40:00+00:00,158.295,158.34,158.262,158.334,1867.83
2024-07-15 00:45:00+00:00,158.334,158.334,158.185,158.221,2067.45
2024-07-15 00:50:00+00:00,158.221,158.24,158.072,158.078,2285.48
2024-07-15 00:55:00+00:00,158.079,158.115,157.989,158.113,2638.74
2024-07-15 01:00:00+00:00,158.111,158.191,158.067,158.185,1483.8
2024-07-15 01:05:00+00:00,158.185,158.237,158.169,158.221,3106.96
2024-07-15 01:10:00+00:00,158.221,158.239,158.152,158.157,989.41
2024-07-15 01:15:00+00:00,158.159,158.175,158.115,158.167,931.65
2024-07-15 01:20:00+00:00,158.168,158.169,158.076,158.076,449.85
2024-07-15 01:25:00+00:00,158.075,158.14,158.051,158.097,1392.39
2024-07-15 01:30:00+00:00,158.1,158.1,157.988,158.003,805.4
2024-07-15 01:35:00+00:00,158.004,158.105,157.95,158.103,2304.78
2024-07-15 01:40:00+00:00,158.103,158.143,158.073,158.142,2124.66
2024-07-15 01:45:00+00:00,158.141,158.141,158.089,158.09,804.0
2024-07-15 01:50:00+00:00,158.09,158.127,158.088,158.094,1513.65
2024-07-15 01:55:00+00:00,158.094,158.094,158.047,158.05,1409.75
2024-07-15 02:00:00+00:00,158.05,158.118,158.016,158.058,974.01
2024-07-15 02:05:00+00:00,158.056,158.082,158.041,158.079,1408.74
2024-07-15 02:10:00+00:00,158.08,158.122,158.077,158.098,1539.9
2024-07-15 02:15:00+00:00,158.097,158.104,158.076,158.104,777.84
2024-07-15 02:20:00+00:00,158.103,158.137,158.099,158.107,1048.41
2024-07-15 02:25:00+00:00,158.106,158.12,158.091,158.106,950.85
2024-07-15 02:30:00+00:00,158.105,158.105,158.056,158.057,856.08
2024-07-15 02:35:00+00:00,158.058,158.069,157.957,157.965,688.18
2024-07-15 02:40:00+00:00,157.964,157.99,157.912,157.957,1105.95
2024-07-15 02:45:00+00:00,157.956,158.002,157.944,157.991,798.15
2024-07-15 02:50:00+00:00,157.992,158.043,157.987,158.023,528.33
2024-07-15 02:55:00+00:00,158.022,158.068,157.981,158.033,1123.14
2024-07-15 03:00:00+00:00,158.033,158.033,157.922,157.923,1527.47
2024-07-15 03:05:00+00:00,157.925,157.975,157.912,157.93,1720.58
2024-07-15 03:10:00+00:00,157.929,157.972,157.928,157.929,751.65
2024-07-15 03:15:00+00:00,157.929,157.945,157.91,157.935,1361.49
2024-07-15 03:20:00+00:00,157.934,157.979,157.919,157.96,1388.4
2024-07-15 03:25:00+00:00,157.959,157.984,157.955,157.969,829.77
2024-07-15 03:30:00+00:00,157.97,157.975,157.94,157.954,641.7
2024-07-15 03:35:00+00:00,157.955,157.956,157.923,157.952,631.92
2024-07-15 03:40:00+00:00,157.953,157.957,157.932,157.954,616.47
2024-07-15 03:45:00+00:00,157.956,157.98,157.948,157.976,486.9
2024-07-15 03:50:00+00:00,157.978,157.98,157.955,157.956,132.75
2024-07-15 03:55:00+00:00,157.952,157.973,157.952,157.97,281.55
2024-07-15 04:00:00+00:00,157.97,157.973,157.954,157.969,263.64
2024-07-15 04:05:00+00:00,157.969,158.007,157.969,157.993,381.03
2024-07-15 04:10:00+00:00,157.992,158.017,157.992,158.004,743.31
2024-07-15 04:15:00+00:00,158.005,158.021,157.991,157.994,910.38
2024-07-15 04:20:00+00:00,157.993,158.031,157.987,158.028,775.41
2024-07-15 04:25:00+00:00,158.028,158.029,158.005,158.016,709.26
2024-07-15 04:30:00+00:00,158.015,158.026,158.001,158.003,638.46
2024-07-15 04:35:00+00:00,158.004,158.029,157.999,158.029,643.92
2024-07-15 04:40:00+00:00,158.03,158.03,158.016,158.018,707.1
2024-07-15 04:45:00+00:00,158.017,158.019,158.015,158.015,165.75
2024-07-15 04:50:00+00:00,158.016,158.02,158.004,158.007,466.44
2024-07-15 04:55:00+00:00,158.008,158.008,157.989,157.992,887.28
2024-07-15 05:00:00+00:00,157.994,157.996,157.968,157.968,728.55
2024-07-15 05:05:00+00:00,157.969,157.983,157.964,157.978,901.8
2024-07-15 05:10:00+00:00,157.978,157.978,157.943,157.949,781.8
2024-07-15 05:15:00+00:00,157.95,157.95,157.892,157.893,966.87
2024-07-15 05:20:00+00:00,157.894,157.895,157.831,157.881,1188.58
2024-07-15 05:25:00+00:00,157.881,157.932,157.879,157.92,1128.0
2024-07-15 05:30:00+00:00,157.923,157.934,157.894,157.895,681.79
2024-07-15 05:35:00+00:00,157.894,157.955,157.894,157.93,1002.15
2024-07-15 05:40:00+00:00,157.93,157.958,157.914,157.958,697.8
2024-07-15 05:45:00+00:00,157.958,157.958,157.928,157.943,560.07
2024-07-15 05:50:00+00:00,157.943,157.982,157.943,157.953,1042.62
2024-07-15 05:55:00+00:00,157.954,157.956,157.899,157.956,372.42
2024-07-15 06:00:00+00:00,157.952,157.956,157.872,157.922,1524.27
2024-07-15 06:05:00+00:00,157.922,158.002,157.915,157.974,1579.62
2024-07-15 06:10:00+00:00,157.973,158.065,157.97,158.065,1341.45
2024-07-15 06:15:00+00:00,158.066,158.18,158.048,158.18,1110.24
2024-07-15 06:20:00+00:00,158.18,158.236,158.125,158.162,1513.98
2024-07-15 06:25:00+00:00,158.162,158.202,158.159,158.202,1474.02
2024-07-15 06:30:00+00:00,158.203,158.213,158.119,158.165,1337.83
2024-07-15 06:35:00+00:00,158.166,158.214,158.165,158.177,1563.62
2024-07-15 06:40:00+00:00,158.178,158.187,158.115,158.117,1386.25
2024-07-15 06:45:00+00:00,158.116,158.135,158.082,158.134,1464.48
2024-07-15 06:50:00+00:00,158.135,158.151,158.113,158.128,1375.59
2024-07-15 06:55:00+00:00,158.127,158.127,158.075,158.106,952.62
2024-07-15 07:00:00+00:00,158.105,158.125,158.036,158.043,1838.53
2024-07-15 07:05:00+00:00,158.044,158.049,158.001,158.03,1257.68
2024-07-15 07:10:00+00:00,158.029,158.038,157.927,157.967,1307.99
2024-07-15 07:15:00+00:00,157.968,157.98,157.944,157.965,575.0
2024-07-15 07:20:00+00:00,157.963,158.076,157.951,157.961,2132.72
2024-07-15 07:25:00+00:00,157.962,157.98,157.882,157.905,2668.62
2024-07-15 07:30:00+00:00,157.906,157.945,157.856,157.927,2938.66
2024-07-15 07:35:00+00:00,157.927,157.994,157.879,157.978,2213.59
2024-07-15 07:40:00+00:00,157.975,157.994,157.864,157.881,3191.46
2024-07-15 07:45:00+00:00,157.881,157.914,157.842,157.877,2563.31
2024-07-15 07:50:00+00:00,157.878,157.943,157.868,157.905,1586.49
2024-07-15 07:55:00+00:00,157.904,157.942,157.88,157.929,1784.76
2024-07-15 08:00:00+00:00,157.926,157.94,157.894,157.916,1366.32
2024-07-15 08:05:00+00:00,157.915,157.966,157.861,157.867,2243.1
2024-07-15 08:10:00+00:00,157.867,157.911,157.862,157.87,1787.85
2024-07-15 08:15:00+00:00,157.873,157.908,157.862,157.906,2112.0
2024-07-15 08:20:00+00:00,157.905,157.905,157.781,157.851,2882.56
2024-07-15 08:25:00+00:00,157.852,157.852,157.8,157.826,1790.05
2024-07-15 08:30:00+00:00,157.829,157.86,157.812,157.849,1499.42
2024-07-15 08:35:00+00:00,157.85,157.877,157.837,157.852,1674.78
2024-07-15 08:40:00+00:00,157.85,157.885,157.84,157.84,1655.82
2024-07-15 08:45:00+00:00,157.839,157.893,157.827,157.88,1635.75
2024-07-15 08:50:00+00:00,157.879,157.883,157.816,157.844,1440.75
2024-07-15 08:55:00+00:00,157.844,157.857,157.804,157.818,1717.87
2024-07-15 09:00:00+00:00,157.817,157.819,157.749,157.816,1854.81
2024-07-15 09:05:00+00:00,157.817,157.845,157.809,157.828,1365.48
2024-07-15 09:10:00+00:00,157.827,157.841,157.789,157.83,1920.54
2024-07-15 09:15:00+00:00,157.828,157.859,157.819,157.832,2263.41
2024-07-15 09:20:00+00:00,157.831,157.905,157.816,157.893,1602.15
2024-07-15 09:25:00+00:00,157.894,157.904,157.864,157.893,868.5
2024-07-15 09:30:00+00:00,157.892,157.938,157.884,157.919,1053.43
2024-07-15 09:35:00+00:00,157.919,157.98,157.917,157.93,2183.61
2024-07-15 09:40:00+00:00,157.93,157.957,157.914,157.927,941.05
2024-07-15 09:45:00+00:00,157.93,157.932,157.908,157.929,477.03
2024-07-15 09:50:00+00:00,157.93,157.942,157.905,157.916,1433.1
2024-07-15 09:55:00+00:00,157.915,157.968,157.912,157.963,1636.41
2024-07-15 10:00:00+00:00,157.963,158.004,157.936,157.994,1256.4
2024-07-15 10:05:00+00:00,157.995,158.065,157.987,158.025,1618.79
2024-07-15 10:10:00+00:00,158.025,158.027,157.998,158.002,1313.55
2024-07-15 10:15:00+00:00,158.002,158.029,157.996,158.002,1059.12
2024-07-15 10:20:00+00:00,158.003,158.025,157.977,158.016,1533.3
2024-07-15 10:25:00+00:00,158.023,158.039,158.014,158.032,1086.78
2024-07-15 10:30:00+00:00,158.031,158.038,158.013,158.028,791.76
2024-07-15 10:35:00+00:00,158.027,158.105,158.025,158.038,1760.91
2024-07-15 10:40:00+00:00,158.035,158.042,158.002,158.006,1992.27
2024-07-15 10:45:00+00:00,158.006,158.01,157.981,158.002,1829.58
2024-07-15 10:50:00+00:00,158.001,158.006,157.958,157.969,1350.42
2024-07-15 10:55:00+00:00,157.969,157.99,157.952,157.952,1295.86
2024-07-15 11:00:00+00:00,157.953,157.98,157.951,157.964,419.18
2024-07-15 11:05:00+00:00,157.965,157.982,157.941,157.943,352.2
2024-07-15 11:10:00+00:00,157.942,157.968,157.897,157.966,1657.11
2024-07-15 11:15:00+00:00,157.967,158.028,157.965,158.014,623.97
2024-07-15 11:20:00+00:00,158.013,158.016,157.974,157.989,360.0
2024-07-15 11:25:00+00:00,157.987,157.987,157.95,157.986,708.45
2024-07-15 11:30:00+00:00,157.986,158.052,157.974,158.05,1520.22
2024-07-15 11:35:00+00:00,158.05,158.067,158.027,158.054,1023.15
2024-07-15 11:40:00+00:00,158.053,158.085,158.034,158.076,1270.55
2024-07-15 11:45:00+00:00,158.084,158.088,158.048,158.078,1634.94
2024-07-15 11:50:00+00:00,158.078,158.173,158.064,158.15,1871.99
2024-07-15 11:55:00+00:00,158.15,158.159,158.11,158.114,1579.97
2024-07-15 12:00:00+00:00,158.114,158.114,158.075,158.099,1122.87
2024-07-15 12:05:00+00:00,158.101,158.101,158.001,158.004,1268.07
2024-07-15 12:10:00+00:00,158.002,158.066,157.999,158.046,1027.95
2024-07-15 12:15:00+00:00,158.047,158.111,158.038,158.1,1520.25
2024-07-15 12:20:00+00:00,158.097,158.113,158.085,158.105,1832.33
2024-07-15 12:25:00+00:00,158.105,158.124,158.057,158.06,1906.17
2024-07-15 12:30:00+00:00,158.062,158.162,158.049,158.101,2426.4
2024-07-15 12:35:00+00:00,158.1,158.1,158.038,158.091,1666.89
2024-07-15 12:40:00+00:00,158.092,158.113,158.049,158.063,1958.07
2024-07-15 12:45:00+00:00,158.064,158.086,158.036,158.06,2072.13
2024-07-15 12:50:00+00:00,158.061,158.063,158.024,158.025,2527.68
2024-07-15 12:55:00+00:00,158.026,158.027,157.937,157.961,2004.48
2024-07-15 13:00:00+00:00,157.96,158.004,157.957,157.981,1454.58
2024-07-15 13:05:00+00:00,157.979,158.047,157.964,158.043,1334.19
2024-07-15 13:10:00+00:00,158.044,158.067,158.027,158.032,1356.87
2024-07-15 13:15:00+00:00,158.03,158.058,157.988,158.002,1758.92
2024-07-15 13:20:00+00:00,158.001,158.001,157.955,157.986,1264.05
2024-07-15 13:25:00+00:00,157.985,158.019,157.963,157.966,1182.24
2024-07-15 13:30:00+00:00,157.964,157.964,157.899,157.938,2517.17
2024-07-15 13:35:00+00:00,157.938,157.99,157.937,157.941,1453.71
2024-07-15 13:40:00+00:00,157.941,157.989,157.872,157.952,1920.57
2024-07-15 13:45:00+00:00,157.95,158.004,157.948,157.967,964.35
2024-07-15 13:50:00+00:00,157.966,158.0,157.951,157.99,1155.84
2024-07-15 13:55:00+00:00,157.983,157.992,157.934,157.939,924.39
2024-07-15 14:00:00+00:00,157.939,157.939,157.872,157.909,1968.78
2024-07-15 14:05:00+00:00,157.91,157.936,157.863,157.865,2188.79
2024-07-15 14:10:00+00:00,157.864,157.924,157.849,157.887,2131.02
2024-07-15 14:15:00+00:00,157.888,157.912,157.873,157.89,1156.34
2024-07-15 14:20:00+00:00,157.89,157.909,157.883,157.886,2157.15
2024-07-15 14:25:00+00:00,157.886,157.95,157.883,157.886,1222.8
2024-07-15 14:30:00+00:00,157.885,157.924,157.871,157.924,1071.18
2024-07-15 14:35:00+00:00,157.923,157.946,157.921,157.937,1313.61
2024-07-15 14:40:00+00:00,157.936,157.944,157.886,157.911,764.19
2024-07-15 14:45:00+00:00,157.91,157.912,157.861,157.875,1790.64
2024-07-15 14:50:00+00:00,157.875,157.933,157.875,157.927,2674.53
2024-07-15 14:55:00+00:00,157.926,157.926,157.835,157.86,3234.91
2024-07-15 15:00:00+00:00,157.86,157.882,157.84,157.864,1656.35
2024-07-15 15:05:00+00:00,157.865,157.874,157.81,157.862,2571.03
2024-07-15 15:10:00+00:00,157.863,157.89,157.846,157.875,2116.23
2024-07-15 15:15:00+00:00,157.87,157.889,157.848,157.851,701.23
2024-07-15 15:20:00+00:00,157.851,157.873,157.832,157.848,1702.02
2024-07-15 15:25:00+00:00,157.847,157.861,157.836,157.849,743.85
2024-07-15 15:30:00+00:00,157.851,157.92,157.85,157.877,698.85
2024-07-15 15:35:00+00:00,157.878,157.888,157.865,157.876,1116.81
2024-07-15 15:40:00+00:00,157.876,157.877,157.851,157.86,573.34
2024-07-15 15:45:00+00:00,157.86,157.87,157.855,157.861,717.9
2024-07-15 15:50:00+00:00,157.861,157.868,157.846,157.85,1375.95
2024-07-15 15:55:00+00:00,157.851,157.891,157.84,157.89,299.49
2024-07-15 16:00:00+00:00,157.891,157.913,157.886,157.9,226.2
2024-07-15 16:05:00+00:00,157.909,157.938,157.909,157.932,635.7
2024-07-15 16:10:00+00:00,157.933,157.951,157.929,157.933,838.2
2024-07-15 16:15:00+00:00,157.933,157.941,157.902,157.939,821.82
2024-07-15 16:20:00+00:00,157.944,157.96,157.911,157.92,865.95
2024-07-15 16:25:00+00:00,157.922,157.926,157.905,157.918,1297.02
2024-07-15 16:30:00+00:00,157.92,157.931,157.914,157.923,937.65
2024-07-15 16:35:00+00:00,157.922,157.933,157.894,157.897,568.62
2024-07-15 16:40:00+00:00,157.896,157.898,157.163,157.618,5398.11
2024-07-15 16:45:00+00:00,157.626,157.749,157.549,157.633,3134.76
2024-07-15 16:50:00+00:00,157.633,157.76,157.599,157.675,2040.3
2024-07-15 16:55:00+00:00,157.674,157.747,157.605,157.712,1651.54
2024-07-15 17:00:00+00:00,157.713,157.898,157.711,157.882,1923.99
2024-07-15 17:05:00+00:00,157.881,157.963,157.822,157.873,1520.41
2024-07-15 17:10:00+00:00,157.886,157.955,157.878,157.935,1650.02
2024-07-15 17:15:00+00:00,157.936,157.965,157.877,157.935,1959.42
2024-07-15 17:20:00+00:00,157.934,157.955,157.885,157.93,1912.24
2024-07-15 17:25:00+00:00,157.931,157.962,157.851,157.962,1516.74
2024-07-15 17:30:00+00:00,157.963,158.02,157.934,157.949,2814.54
2024-07-15 17:35:00+00:00,157.95,157.984,157.936,157.956,1638.33
2024-07-15 17:40:00+00:00,157.957,157.975,157.9,157.927,1146.54
2024-07-15 17:45:00+00:00,157.937,157.955,157.915,157.936,708.0
2024-07-15 17:50:00+00:00,157.937,157.954,157.913,157.954,813.6
2024-07-15 17:55:00+00:00,157.955,157.961,157.912,157.919,887.28
2024-07-15 18:00:00+00:00,157.918,157.937,157.889,157.931,948.93
2024-07-15 18:05:00+00:00,157.933,157.936,157.877,157.891,1133.31
2024-07-15 18:10:00+00:00,157.889,157.904,157.856,157.895,1263.84
2024-07-15 18:15:00+00:00,157.894,157.926,157.886,157.916,872.55
2024-07-15 18:20:00+00:00,157.915,157.929,157.901,157.903,916.8
2024-07-15 18:25:00+00:00,157.902,157.905,157.857,157.857,1182.99
2024-07-15 18:30:00+00:00,157.858,157.872,157.842,157.872,881.07
2024-07-15 18:35:00+00:00,157.871,157.882,157.852,157.853,989.88
2024-07-15 18:40:00+00:00,157.853,157.897,157.853,157.891,1290.24
2024-07-15 18:45:00+00:00,157.891,157.905,157.88,157.88,494.94
2024-07-15 18:50:00+00:00,157.881,157.888,157.864,157.866,574.17
2024-07-15 18:55:00+00:00,157.866,157.907,157.849,157.852,1158.76
2024-07-15 19:00:00+00:00,157.853,157.907,157.853,157.906,446.52
2024-07-15 19:05:00+00:00,157.904,157.943,157.894,157.917,311.85
2024-07-15 19:10:00+00:00,157.918,157.926,157.891,157.906,422.94
2024-07-15 19:15:00+00:00,157.902,157.917,157.892,157.917,460.2
2024-07-15 19:20:00+00:00,157.915,157.918,157.899,157.906,334.59
2024-07-15 19:25:00+00:00,157.906,157.943,157.904,157.942,606.0
2024-07-15 19:30:00+00:00,157.941,157.982,157.94,157.941,586.44
2024-07-15 19:35:00+00:00,157.942,157.951,157.916,157.918,741.54
2024-07-15 19:40:00+00:00,157.919,157.919,157.906,157.906,540.78
2024-07-15 19:45:00+00:00,157.911,157.911,157.835,157.855,531.93
2024-07-15 19:50:00+00:00,157.854,157.894,157.852,157.893,338.34
2024-07-15 19:55:00+00:00,157.893,157.929,157.89,157.919,738.93
2024-07-15 20:00:00+00:00,157.923,157.924,157.913,157.917,192.9
2024-07-15 20:05:00+00:00,157.916,157.916,157.881,157.915,220.71
2024-07-15 20:10:00+00:00,157.915,157.929,157.914,157.925,177.09
2024-07-15 20:15:00+00:00,157.925,157.982,157.923,157.974,291.54
2024-07-15 20:20:00+00:00,157.978,158.026,157.975,158.026,250.35
2024-07-15 20:25:00+00:00,158.025,158.114,158.025,158.104,552.57
2024-07-15 20:30:00+00:00,158.1,158.148,158.088,158.119,720.81
2024-07-15 20:35:00+00:00,158.12,158.127,158.097,158.099,90.18
2024-07-15 20:40:00+00:00,158.098,158.137,158.098,158.131,111.6
2024-07-15 20:45:00+00:00,158.133,158.142,158.08,158.098,376.11
2024-07-15 20:50:00+00:00,158.098,158.122,158.097,158.115,58.17
2024-07-15 20:55:00+00:00,158.113,158.125,158.012,158.012,341.25
2024-07-15 21:00:00+00:00,157.989,157.989,157.987,157.989,11.16
2024-07-15 21:05:00+00:00,157.991,157.991,157.967,157.976,28.98
2024-07-15 21:10:00+00:00,157.973,158.011,157.955,157.956,53.76
2024-07-15 21:15:00+00:00,157.953,157.991,157.952,157.979,50.28
2024-07-15 21:20:00+00:00,157.979,157.993,157.971,157.993,10.68
2024-07-15 21:25:00+00:00,157.993,158.071,157.98,158.069,103.83
2024-07-15 21:30:00+00:00,158.069,158.069,158.029,158.042,80.7
2024-07-15 21:35:00+00:00,158.042,158.044,158.038,158.042,73.2
2024-07-15 21:40:00+00:00,158.041,158.049,158.041,158.043,39.6
2024-07-15 21:45:00+00:00,158.048,158.063,158.042,158.061,70.5
2024-07-15 21:50:00+00:00,158.072,158.101,158.055,158.099,116.82
2024-07-15 21:55:00+00:00,158.099,158.101,158.061,158.061,52.8
2024-07-15 22:00:00+00:00,158.063,158.1,158.053,158.084,306.6
2024-07-15 22:05:00+00:00,158.085,158.104,158.085,158.086,111.0
2024-07-15 22:10:00+00:00,158.088,158.11,158.088,158.103,228.15
2024-07-15 22:15:00+00:00,158.104,158.155,158.102,158.148,313.1
2024-07-15 22:20:00+00:00,158.147,158.149,158.133,158.138,217.35
2024-07-15 22:25:00+00:00,158.138,158.149,158.137,158.141,466.05
2024-07-15 22:30:00+00:00,158.146,158.146,158.113,158.114,175.95
2024-07-15 22:35:00+00:00,158.113,158.141,158.111,158.14,131.1
2024-07-15 22:40:00+00:00,158.139,158.14,158.115,158.127,163.5
2024-07-15 22:45:00+00:00,158.127,158.129,158.11,158.113,249.45
2024-07-15 22:50:00+00:00,158.114,158.116,158.089,158.115,252.45
2024-07-15 22:55:00+00:00,158.114,158.139,158.113,158.122,412.5
2024-07-15 23:00:00+00:00,158.122,158.123,158.079,158.085,713.4
2024-07-15 23:05:00+00:00,158.082,158.094,158.08,158.09,582.6
2024-07-15 23:10:00+00:00,158.09,158.09,158.072,158.078,225.15
2024-07-15 23:15:00+00:00,158.079,158.093,158.065,158.065,481.95
2024-07-15 23:20:00+00:00,158.065,158.094,158.062,158.094,136.35
2024-07-15 23:25:00+00:00,158.092,158.102,158.082,158.101,164.55
2024-07-15 23:30:00+00:00,158.1,158.113,158.098,158.105,177.54
2024-07-15 23:35:00+00:00,158.104,158.105,158.1,158.102,123.54
2024-07-15 23:40:00+00:00,158.102,158.134,158.102,158.13,311.37
2024-07-15 23:45:00+00:00,158.129,158.251,158.129,158.219,989.43
2024-07-15 23:50:00+00:00,158.22,158.234,158.162,158.166,839.79
2024-07-15 23:55:00+00:00,158.166,158.166,158.127,158.15,706.96
2024-07-16 00:00:00+00:00,158.15,158.192,158.109,158.142,1623.47
2024-07-16 00:05:00+00:00,158.141,158.18,158.104,158.168,1310.13
2024-07-16 00:10:00+00:00,158.175,158.229,158.175,158.191,1351.72
2024-07-16 00:15:00+00:00,158.191,158.283,158.186,158.278,673.11
2024-07-16 00:20:00+00:00,158.277,158.279,158.228,158.253,713.22
2024-07-16 00:25:00+00:00,158.253,158.317,158.249,158.25,1109.94
2024-07-16 00:30:00+00:00,158.251,158.295,158.238,158.284,1069.3
2024-07-16 00:35:00+00:00,158.285,158.306,158.256,158.292,1122.99
2024-07-16 00:40:00+00:00,158.291,158.329,158.28,158.316,941.23
2024-07-16 00:45:00+00:00,158.317,158.324,158.258,158.292,1298.94
2024-07-16 00:50:00+00:00,158.292,158.386,158.29,158.379,1630.65
2024-07-16 00:55:00+00:00,158.378,158.393,158.355,158.365,2219.13
2024-07-16 01:00:00+00:00,158.362,158.491,158.353,158.447,1920.9
2024-07-16 01:05:00+00:00,158.448,158.533,158.429,158.441,1211.49
2024-07-16 01:10:00+00:00,158.436,158.462,158.428,158.45,1237.92
2024-07-16 01:15:00+00:00,158.451,158.522,158.442,158.508,584.79
2024-07-16 01:20:00+00:00,158.508,158.538,158.499,158.524,1312.92
2024-07-16 01:25:00+00:00,158.523,158.626,158.509,158.606,1056.18
2024-07-16 01:30:00+00:00,158.606,158.632,158.547,158.565,1702.35
2024-07-16 01:35:00+00:00,158.566,158.573,158.492,158.501,1067.28
2024-07-16 01:40:00+00:00,158.502,158.568,158.495,158.551,1058.91
2024-07-16 01:45:00+00:00,158.551,158.607,158.542,158.564,1305.12
2024-07-16 01:50:00+00:00,158.565,158.582,158.553,158.582,951.42
2024-07-16 01:55:00+00:00,158.581,158.581,158.524,158.527,636.12
2024-07-16 02:00:00+00:00,158.528,158.579,158.511,158.574,820.95
2024-07-16 02:05:00+00:00,158.572,158.577,158.541,158.553,1113.98
2024-07-16 02:10:00+00:00,158.552,158.59,158.55,158.585,352.02
2024-07-16 02:15:00+00:00,158.586,158.586,158.549,158.57,1629.48
2024-07-16 02:20:00+00:00,158.568,158.612,158.552,158.611,552.81
2024-07-16 02:25:00+00:00,158.61,158.613,158.569,158.569,658.74
2024-07-16 02:30:00+00:00,158.568,158.665,158.567,158.646,557.13
2024-07-16 02:35:00+00:00,158.647,158.649,158.612,158.639,927.0
2024-07-16 02:40:00+00:00,158.639,158.703,158.628,158.676,1331.85
2024-07-16 02:45:00+00:00,158.677,158.725,158.671,158.692,486.3
2024-07-16 02:50:00+00:00,158.69,158.709,158.687,158.704,383.04
2024-07-16 02:55:00+00:00,158.704,158.704,158.667,158.693,1075.05
2024-07-16 03:00:00+00:00,158.693,158.699,158.618,158.639,881.49
2024-07-16 03:05:00+00:00,158.64,158.649,158.619,158.637,243.75
2024-07-16 03:10:00+00:00,158.636,158.636,158.618,158.624,261.75
2024-07-16 03:15:00+00:00,158.625,158.636,158.622,158.629,660.84
2024-07-16 03:20:00+00:00,158.628,158.656,158.621,158.624,1318.35
2024-07-16 03:25:00+00:00,158.622,158.63,158.589,158.624,826.08
2024-07-16 03:30:00+00:00,158.624,158.708,158.623,158.699,717.87
2024-07-16 03:35:00+00:00,158.697,158.698,158.671,158.675,550.26
2024-07-16 03:40:00+00:00,158.675,158.685,158.646,158.652,694.53
2024-07-16 03:45:00+00:00,158.653,158.653,158.622,158.634,810.69
2024-07-16 03:50:00+00:00,158.635,158.644,158.621,158.636,918.03
2024-07-16 03:55:00+00:00,158.636,158.637,158.626,158.632,887.76
2024-07-16 04:00:00+00:00,158.633,158.65,158.621,158.634,678.81
2024-07-16 04:05:00+00:00,158.635,158.64,158.629,158.633,607.8
2024-07-16 04:10:00+00:00,158.633,158.648,158.631,158.637,447.06
2024-07-16 04:15:00+00:00,158.636,158.638,158.618,158.638,954.24
2024-07-16 04:20:00+00:00,158.634,158.648,158.634,158.646,194.61
2024-07-16 04:25:00+00:00,158.647,158.722,158.645,158.722,762.33
2024-07-16 04:30:00+00:00,158.722,158.725,158.637,158.649,602.75
2024-07-16 04:35:00+00:00,158.649,158.678,158.647,158.67,589.77
2024-07-16 04:40:00+00:00,158.671,158.673,158.64,158.65,423.9
2024-07-16 04:45:00+00:00,158.65,158.68,158.634,158.664,190.77
2024-07-16 04:50:00+00:00,158.661,158.678,158.635,158.635,493.28
2024-07-16 04:55:00+00:00,158.632,158.644,158.613,158.636,424.92
2024-07-16 05:00:00+00:00,158.637,158.709,158.637,158.702,1068.65
2024-07-16 05:05:00+00:00,158.704,158.724,158.694,158.704,1138.47
2024-07-16 05:10:00+00:00,158.705,158.738,158.69,158.732,1440.75
2024-07-16 05:15:00+00:00,158.733,158.787,158.729,158.777,958.02
2024-07-16 05:20:00+00:00,158.777,158.786,158.758,158.761,1165.38
2024-07-16 05:25:00+00:00,158.759,158.777,158.745,158.748,1980.03
2024-07-16 05:30:00+00:00,158.748,158.762,158.73,158.734,299.82
2024-07-16 05:35:00+00:00,158.734,158.76,158.722,158.756,790.95
2024-07-16 05:40:00+00:00,158.757,158.772,158.723,158.733,863.19
2024-07-16 05:45:00+00:00,158.733,158.736,158.703,158.711,521.07
2024-07-16 05:50:00+00:00,158.712,158.742,158.705,158.737,612.21
2024-07-16 05:55:00+00:00,158.737,158.752,158.688,158.727,940.5
2024-07-16 06:00:00+00:00,158.726,158.745,158.642,158.667,1783.38
2024-07-16 06:05:00+00:00,158.667,158.674,158.61,158.649,1861.23
2024-07-16 06:10:00+00:00,158.651,158.679,158.626,158.673,1605.72
2024-07-16 06:15:00+00:00,158.672,158.676,158.62,158.62,919.47
2024-07-16 06:20:00+00:00,158.621,158.637,158.601,158.62,456.21
2024-07-16 06:25:00+00:00,158.618,158.621,158.556,158.565,582.36
2024-07-16 06:30:00+00:00,158.565,158.606,158.558,158.597,1337.64
2024-07-16 06:35:00+00:00,158.598,158.599,158.518,158.518,790.65
2024-07-16 06:40:00+00:00,158.519,158.558,158.499,158.499,1218.75
2024-07-16 06:45:00+00:00,158.5,158.508,158.465,158.494,1327.65
2024-07-16 06:50:00+00:00,158.495,158.552,158.493,158.552,1307.52
2024-07-16 06:55:00+00:00,158.557,158.575,158.553,158.571,1165.59
2024-07-16 07:00:00+00:00,158.572,158.574,158.484,158.499,1781.29
2024-07-16 07:05:00+00:00,158.5,158.548,158.498,158.507,1597.8
2024-07-16 07:10:00+00:00,158.507,158.523,158.355,158.425,2299.68
2024-07-16 07:15:00+00:00,158.423,158.477,158.407,158.446,2910.52
2024-07-16 07:20:00+00:00,158.445,158.46,158.418,158.446,1869.63
2024-07-16 07:25:00+00:00,158.447,158.473,158.403,158.471,1878.87
2024-07-16 07:30:00+00:00,158.473,158.475,158.421,158.467,2046.87
2024-07-16 07:35:00+00:00,158.468,158.469,158.42,158.466,1429.75
2024-07-16 07:40:00+00:00,158.47,158.496,158.437,158.46,1942.41
2024-07-16 07:45:00+00:00,158.459,158.488,158.45,158.471,694.59
2024-07-16 07:50:00+00:00,158.472,158.486,158.374,158.472,1626.15
2024-07-16 07:55:00+00:00,158.474,158.513,158.431,158.495,1793.43
2024-07-16 08:00:00+00:00,158.496,158.521,158.459,158.517,1777.0
2024-07-16 08:05:00+00:00,158.516,158.553,158.493,158.545,1110.3
2024-07-16 08:10:00+00:00,158.546,158.549,158.519,158.548,1609.89
2024-07-16 08:15:00+00:00,158.547,158.571,158.527,158.541,1435.77
2024-07-16 08:20:00+00:00,158.541,158.579,158.535,158.573,817.8
2024-07-16 08:25:00+00:00,158.575,158.587,158.559,158.584,2621.29
2024-07-16 08:30:00+00:00,158.583,158.59,158.533,158.543,1989.48
2024-07-16 08:35:00+00:00,158.542,158.57,158.525,158.528,1964.49
2024-07-16 08:40:00+00:00,158.528,158.539,158.487,158.515,2063.67
2024-07-16 08:45:00+00:00,158.516,158.553,158.479,158.481,1087.47
2024-07-16 08:50:00+00:00,158.485,158.49,158.445,158.485,1024.32
2024-07-16 08:55:00+00:00,158.486,158.505,158.461,158.468,1069.65
2024-07-16 09:00:00+00:00,158.471,158.487,158.443,158.456,1052.16
2024-07-16 09:05:00+00:00,158.457,158.457,158.426,158.443,850.56
2024-07-16 09:10:00+00:00,158.442,158.483,158.433,158.482,1338.03
2024-07-16 09:15:00+00:00,158.482,158.496,158.458,158.458,693.63
2024-07-16 09:20:00+00:00,158.457,158.459,158.41,158.41,1009.95
2024-07-16 09:25:00+00:00,158.409,158.451,158.39,158.447,902.37
2024-07-16 09:30:00+00:00,158.446,158.447,158.406,158.434,1150.96
2024-07-16 09:35:00+00:00,158.432,158.481,158.419,158.469,1760.97
2024-07-16 09:40:00+00:00,158.469,158.477,158.396,158.396,1426.86
2024-07-16 09:45:00+00:00,158.397,158.418,158.334,158.34,1508.82
2024-07-16 09:50:00+00:00,158.341,158.382,158.341,158.373,1242.51
2024-07-16 09:55:00+00:00,158.372,158.436,158.372,158.409,2114.46
2024-07-16 10:00:00+00:00,158.409,158.437,158.38,158.405,1303.05
2024-07-16 10:05:00+00:00,158.406,158.409,158.354,158.358,558.27
2024-07-16 10:10:00+00:00,158.358,158.381,158.346,158.371,1812.15
2024-07-16 10:15:00+00:00,158.371,158.385,158.363,158.372,993.6
2024-07-16 10:20:00+00:00,158.374,158.423,158.374,158.422,297.75
2024-07-16 10:25:00+00:00,158.421,158.449,158.41,158.445,336.15
2024-07-16 10:30:00+00:00,158.444,158.449,158.41,158.411,275.4
2024-07-16 10:35:00+00:00,158.409,158.42,158.385,158.42,387.27
2024-07-16 10:40:00+00:00,158.422,158.422,158.405,158.407,240.19
2024-07-16 10:45:00+00:00,158.408,158.428,158.404,158.404,470.04
2024-07-16 10:50:00+00:00,158.406,158.427,158.402,158.427,766.59
2024-07-16 10:55:00+00:00,158.426,158.444,158.42,158.432,846.96
2024-07-16 11:00:00+00:00,158.431,158.442,158.414,158.431,957.45
2024-07-16 11:05:00+00:00,158.432,158.44,158.415,158.431,1076.55
2024-07-16 11:10:00+00:00,158.431,158.457,158.42,158.453,962.04
2024-07-16 11:15:00+00:00,158.453,158.456,158.442,158.453,443.1
2024-07-16 11:20:00+00:00,158.455,158.457,158.442,158.446,394.71
2024-07-16 11:25:00+00:00,158.445,158.456,158.429,158.442,1219.89
2024-07-16 11:30:00+00:00,158.443,158.446,158.404,158.422,470.55
2024-07-16 11:35:00+00:00,158.421,158.442,158.405,158.419,862.8
2024-07-16 11:40:00+00:00,158.42,158.42,158.386,158.399,593.58
2024-07-16 11:45:00+00:00,158.397,158.405,158.373,158.382,1309.35
2024-07-16 11:50:00+00:00,158.381,158.387,158.346,158.348,817.56
2024-07-16 11:55:00+00:00,158.347,158.365,158.32,158.343,1735.47
2024-07-16 12:00:00+00:00,158.343,158.372,158.329,158.36,1262.61
2024-07-16 12:05:00+00:00,158.359,158.373,158.354,158.361,612.54
2024-07-16 12:10:00+00:00,158.362,158.377,158.354,158.371,422.43
2024-07-16 12:15:00+00:00,158.372,158.372,158.339,158.345,356.76
2024-07-16 12:20:00+00:00,158.344,158.345,158.271,158.279,929.46
2024-07-16 12:25:00+00:00,158.279,158.31,158.252,158.254,991.65
2024-07-16 12:30:00+00:00,158.261,158.628,158.261,158.582,5007.13
2024-07-16 12:35:00+00:00,158.584,158.725,158.584,158.72,5251.98
2024-07-16 12:40:00+00:00,158.721,158.744,158.651,158.721,4711.47
2024-07-16 12:45:00+00:00,158.723,158.794,158.715,158.791,3078.36
2024-07-16 12:50:00+00:00,158.79,158.854,158.778,158.847,3234.65
2024-07-16 12:55:00+00:00,158.843,158.845,158.724,158.755,3623.92
2024-07-16 13:00:00+00:00,158.753,158.804,158.732,158.757,3010.07
2024-07-16 13:05:00+00:00,158.756,158.765,158.702,158.723,2493.63
2024-07-16 13:10:00+00:00,158.723,158.744,158.69,158.743,2305.08
2024-07-16 13:15:00+00:00,158.744,158.759,158.702,158.709,1042.93
2024-07-16 13:20:00+00:00,158.708,158.709,158.637,158.694,2244.15
2024-07-16 13:25:00+00:00,158.694,158.695,158.639,158.656,1873.5
2024-07-16 13:30:00+00:00,158.658,158.723,158.655,158.708,1957.05
2024-07-16 13:35:00+00:00,158.706,158.707,158.565,158.569,2911.12
2024-07-16 13:40:00+00:00,158.569,158.6,158.529,158.583,2644.35
2024-07-16 13:45:00+00:00,158.584,158.621,158.542,158.55,1322.82
2024-07-16 13:50:00+00:00,158.553,158.589,158.535,158.571,1868.22
2024-07-16 13:55:00+00:00,158.572,158.657,158.566,158.635,1486.83
2024-07-16 14:00:00+00:00,158.634,158.661,158.62,158.634,620.22
2024-07-16 14:05:00+00:00,158.635,158.742,158.632,158.739,954.06
2024-07-16 14:10:00+00:00,158.738,158.738,158.683,158.728,1780.26
2024-07-16 14:15:00+00:00,158.729,158.729,158.681,158.703,1305.78
2024-07-16 14:20:00+00:00,158.703,158.707,158.652,158.656,509.79
2024-07-16 14:25:00+00:00,158.658,158.685,158.644,158.668,759.3
2024-07-16 14:30:00+00:00,158.668,158.697,158.595,158.647,1883.45
2024-07-16 14:35:00+00:00,158.646,158.65,158.606,158.639,1612.23
2024-07-16 14:40:00+00:00,158.64,158.714,158.63,158.683,1637.4
2024-07-16 14:45:00+00:00,158.682,158.72,158.675,158.694,2838.84
2024-07-16 14:50:00+00:00,158.695,158.698,158.641,158.654,1826.71
2024-07-16 14:55:00+00:00,158.655,158.665,158.58,158.588,2899.65
2024-07-16 15:00:00+00:00,158.589,158.601,158.543,158.58,2933.55
2024-07-16 15:05:00+00:00,158.58,158.621,158.555,158.619,1706.46
2024-07-16 15:10:00+00:00,158.619,158.649,158.599,158.601,1968.21
2024-07-16 15:15:00+00:00,158.601,158.629,158.581,158.624,1201.47
2024-07-16 15:20:00+00:00,158.622,158.623,158.582,158.586,2046.69
2024-07-16 15:25:00+00:00,158.586,158.612,158.571,158.581,744.97
2024-07-16 15:30:00+00:00,158.581,158.606,158.572,158.582,830.35
2024-07-16 15:35:00+00:00,158.582,158.584,158.566,158.571,1193.49
2024-07-16 15:40:00+00:00,158.571,158.573,158.54,158.554,1059.0
2024-07-16 15:45:00+00:00,158.554,158.573,158.536,158.559,775.68
2024-07-16 15:50:00+00:00,158.56,158.586,158.549,158.561,1579.6
2024-07-16 15:55:00+00:00,158.56,158.573,158.544,158.573,355.11
2024-07-16 16:00:00+00:00,158.572,158.584,158.545,158.57,729.72
2024-07-16 16:05:00+00:00,158.572,158.585,158.555,158.583,542.19
2024-07-16 16:10:00+00:00,158.583,158.597,158.546,158.586,618.51
2024-07-16 16:15:00+00:00,158.586,158.631,158.586,158.592,1459.53
2024-07-16 16:20:00+00:00,158.591,158.593,158.569,158.579,773.37
2024-07-16 16:25:00+00:00,158.577,158.592,158.572,158.592,337.95
2024-07-16 16:30:00+00:00,158.591,158.593,158.554,158.565,944.49
2024-07-16 16:35:00+00:00,158.57,158.573,158.541,158.551,397.32
2024-07-16 16:40:00+00:00,158.551,158.559,158.539,158.54,850.65
2024-07-16 16:45:00+00:00,158.54,158.543,158.514,158.516,903.63
2024-07-16 16:50:00+00:00,158.517,158.551,158.515,158.527,795.39
2024-07-16 16:55:00+00:00,158.527,158.547,158.525,158.543,564.75
2024-07-16 17:00:00+00:00,158.542,158.545,158.505,158.518,844.08
2024-07-16 17:05:00+00:00,158.519,158.555,158.493,158.532,633.69
2024-07-16 17:10:00+00:00,158.531,158.532,158.493,158.506,1465.92
2024-07-16 17:15:00+00:00,158.505,158.531,158.494,158.51,1282.98
2024-07-16 17:20:00+00:00,158.51,158.514,158.501,158.509,494.76
2024-07-16 17:25:00+00:00,158.51,158.521,158.499,158.518,568.92
2024-07-16 17:30:00+00:00,158.52,158.522,158.501,158.506,613.89
2024-07-16 17:35:00+00:00,158.505,158.518,158.501,158.508,862.35
2024-07-16 17:40:00+00:00,158.508,158.515,158.491,158.493,924.0
2024-07-16 17:45:00+00:00,158.493,158.493,158.449,158.45,1020.42
2024-07-16 17:50:00+00:00,158.449,158.466,158.43,158.457,1984.17
2024-07-16 17:55:00+00:00,158.458,158.473,158.447,158.47,1053.06
2024-07-16 18:00:00+00:00,158.472,158.474,158.443,158.45,256.44
2024-07-16 18:05:00+00:00,158.448,158.457,158.432,158.434,367.17
2024-07-16 18:10:00+00:00,158.432,158.455,158.432,158.449,485.58
2024-07-16 18:15:00+00:00,158.45,158.464,158.446,158.462,141.96
2024-07-16 18:20:00+00:00,158.461,158.463,158.435,158.436,323.88
2024-07-16 18:25:00+00:00,158.437,158.438,158.424,158.431,176.55
2024-07-16 18:30:00+00:00,158.434,158.44,158.419,158.421,393.03
2024-07-16 18:35:00+00:00,158.421,158.423,158.379,158.383,898.57
2024-07-16 18:40:00+00:00,158.383,158.404,158.36,158.363,1694.4
2024-07-16 18:45:00+00:00,158.362,158.372,158.36,158.372,579.15
2024-07-16 18:50:00+00:00,158.371,158.389,158.367,158.382,577.92
2024-07-16 18:55:00+00:00,158.383,158.386,158.335,158.352,1441.32
2024-07-16 19:00:00+00:00,158.351,158.387,158.335,158.375,528.19
2024-07-16 19:05:00+00:00,158.375,158.387,158.372,158.386,207.12
2024-07-16 19:10:00+00:00,158.387,158.409,158.38,158.38,237.3
2024-07-16 19:15:00+00:00,158.381,158.432,158.375,158.387,659.28
2024-07-16 19:20:00+00:00,158.387,158.404,158.386,158.392,284.7
2024-07-16 19:25:00+00:00,158.39,158.399,158.361,158.382,723.78
2024-07-16 19:30:00+00:00,158.382,158.395,158.378,158.381,742.14
2024-07-16 19:35:00+00:00,158.38,158.386,158.345,158.347,817.53
2024-07-16 19:40:00+00:00,158.346,158.354,158.343,158.348,557.52
2024-07-16 19:45:00+00:00,158.348,158.351,158.324,158.344,553.29
2024-07-16 19:50:00+00:00,158.344,158.351,158.32,158.323,736.02
2024-07-16 19:55:00+00:00,158.323,158.396,158.32,158.387,765.09
2024-07-16 20:00:00+00:00,158.386,158.394,158.32,158.323,487.11
2024-07-16 20:05:00+00:00,158.323,158.334,158.32,158.323,175.35
2024-07-16 20:10:00+00:00,158.322,158.338,158.32,158.333,225.6
2024-07-16 20:15:00+00:00,158.334,158.346,158.332,158.345,203.88
2024-07-16 20:20:00+00:00,158.345,158.399,158.336,158.387,287.55
2024-07-16 20:25:00+00:00,158.387,158.388,158.363,158.364,173.67
2024-07-16 20:30:00+00:00,158.365,158.386,158.358,158.379,524.07
2024-07-16 20:35:00+00:00,158.377,158.381,158.365,158.369,167.73
2024-07-16 20:40:00+00:00,158.369,158.391,158.369,158.39,235.95
2024-07-16 20:45:00+00:00,158.391,158.391,158.377,158.382,297.21
2024-07-16 20:50:00+00:00,158.385,158.388,158.368,158.376,257.16
2024-07-16 20:55:00+00:00,158.376,158.407,158.294,158.318,360.69
2024-07-16 21:00:00+00:00,158.307,158.323,158.259,158.275,35.76
2024-07-16 21:05:00+00:00,158.282,158.323,158.267,158.273,49.5
2024-07-16 21:10:00+00:00,158.273,158.34,158.268,158.315,54.09
2024-07-16 21:15:00+00:00,158.32,158.337,158.271,158.286,101.97
2024-07-16 21:20:00+00:00,158.285,158.307,158.271,158.306,82.59
2024-07-16 21:25:00+00:00,158.305,158.322,158.3,158.318,90.3
2024-07-16 21:30:00+00:00,158.323,158.33,158.311,158.324,150.3
2024-07-16 21:35:00+00:00,158.327,158.333,158.315,158.324,286.5
2024-07-16 21:40:00+00:00,158.325,158.338,158.315,158.338,41.4
2024-07-16 21:45:00+00:00,158.335,158.337,158.326,158.329,205.8
2024-07-16 21:50:00+00:00,158.329,158.338,158.324,158.33,307.8
2024-07-16 21:55:00+00:00,158.33,158.337,158.305,158.312,253.5
2024-07-16 22:00:00+00:00,158.31,158.347,158.298,158.336,494.13
2024-07-16 22:05:00+00:00,158.336,158.346,158.318,158.346,275.1
2024-07-16 22:10:00+00:00,158.344,158.356,158.342,158.356,210.15
2024-07-16 22:15:00+00:00,158.357,158.377,158.355,158.376,316.08
2024-07-16 22:20:00+00:00,158.376,158.387,158.355,158.381,366.93
2024-07-16 22:25:00+00:00,158.38,158.385,158.367,158.373,394.05
2024-07-16 22:30:00+00:00,158.373,158.373,158.349,158.35,147.6
2024-07-16 22:35:00+00:00,158.349,158.35,158.336,158.349,189.15
2024-07-16 22:40:00+00:00,158.348,158.365,158.339,158.36,267.6
2024-07-16 22:45:00+00:00,158.362,158.373,158.334,158.345,685.86
2024-07-16 22:50:00+00:00,158.345,158.35,158.335,158.347,453.0
2024-07-16 22:55:00+00:00,158.347,158.351,158.333,158.334,596.25
2024-07-16 23:00:00+00:00,158.335,158.345,158.297,158.308,966.51
2024-07-16 23:05:00+00:00,158.308,158.317,158.3,158.309,614.67
2024-07-16 23:10:00+00:00,158.308,158.323,158.302,158.323,312.6
2024-07-16 23:15:00+00:00,158.328,158.338,158.303,158.322,484.77
2024-07-16 23:20:00+00:00,158.322,158.338,158.32,158.334,527.46
2024-07-16 23:25:00+00:00,158.333,158.371,158.324,158.335,581.19
2024-07-16 23:30:00+00:00,158.336,158.365,158.336,158.362,349.77
2024-07-16 23:35:00+00:00,158.361,158.363,158.351,158.352,507.66
2024-07-16 23:40:00+00:00,158.356,158.364,158.351,158.362,487.47
2024-07-16 23:45:00+00:00,158.361,158.366,158.352,158.363,355.95
2024-07-16 23:50:00+00:00,158.361,158.365,158.325,158.336,490.29
2024-07-16 23:55:00+00:00,158.337,158.362,158.328,158.36,574.35
2024-07-17 00:00:00+00:00,158.361,158.423,158.306,158.398,1767.24
2024-07-17 00:05:00+00:00,158.397,158.436,158.38,158.429,1152.6
2024-07-17 00:10:00+00:00,158.428,158.508,158.413,158.498,1457.61
2024-07-17 00:15:00+00:00,158.498,158.531,158.463,158.477,1392.77
2024-07-17 00:20:00+00:00,158.478,158.516,158.478,158.482,766.47
2024-07-17 00:25:00+00:00,158.481,158.504,158.472,158.483,825.09
2024-07-17 00:30:00+00:00,158.484,158.487,158.429,158.443,900.45
2024-07-17 00:35:00+00:00,158.442,158.468,158.424,158.438,680.67
2024-07-17 00:40:00+00:00,158.437,158.463,158.414,158.459,980.7
2024-07-17 00:45:00+00:00,158.46,158.474,158.442,158.45,621.99
2024-07-17 00:50:00+00:00,158.45,158.519,158.442,158.508,2969.32
2024-07-17 00:55:00+00:00,158.508,158.535,158.459,158.487,1462.99
2024-07-17 01:00:00+00:00,158.486,158.546,158.465,158.465,1174.26
2024-07-17 01:05:00+00:00,158.462,158.541,158.43,158.525,1352.73
2024-07-17 01:10:00+00:00,158.522,158.624,158.512,158.547,2413.24
2024-07-17 01:15:00+00:00,158.546,158.569,158.511,158.511,863.04
2024-07-17 01:20:00+00:00,158.513,158.558,158.457,158.546,1243.05
2024-07-17 01:25:00+00:00,158.546,158.568,158.525,158.564,652.24
2024-07-17 01:30:00+00:00,158.565,158.573,158.531,158.54,1081.0
2024-07-17 01:35:00+00:00,158.538,158.551,158.517,158.517,562.32
2024-07-17 01:40:00+00:00,158.516,158.539,158.498,158.511,705.36
2024-07-17 01:45:00+00:00,158.509,158.528,158.502,158.512,240.39
2024-07-17 01:50:00+00:00,158.511,158.524,158.465,158.472,303.87
2024-07-17 01:55:00+00:00,158.471,158.489,158.458,158.471,684.27
2024-07-17 02:00:00+00:00,158.471,158.475,158.43,158.437,280.71
2024-07-17 02:05:00+00:00,158.436,158.446,158.429,158.435,199.17
2024-07-17 02:10:00+00:00,158.435,158.465,158.433,158.451,315.21
2024-07-17 02:15:00+00:00,158.45,158.474,158.417,158.426,897.96
2024-07-17 02:20:00+00:00,158.427,158.458,158.425,158.44,300.42
2024-07-17 02:25:00+00:00,158.437,158.44,158.425,158.425,100.23
2024-07-17 02:30:00+00:00,158.419,158.419,158.374,158.375,754.35
2024-07-17 02:35:00+00:00,158.375,158.385,158.358,158.364,789.96
2024-07-17 02:40:00+00:00,158.365,158.379,158.359,158.376,787.98
2024-07-17 02:45:00+00:00,158.375,158.394,158.37,158.384,564.57
2024-07-17 02:50:00+00:00,158.384,158.408,158.383,158.407,765.75
2024-07-17 02:55:00+00:00,158.405,158.436,158.395,158.415,984.98
2024-07-17 03:00:00+00:00,158.415,158.45,158.396,158.409,1027.53
2024-07-17 03:05:00+00:00,158.409,158.427,158.408,158.416,380.4
2024-07-17 03:10:00+00:00,158.416,158.427,158.41,158.422,83.1
2024-07-17 03:15:00+00:00,158.424,158.428,158.414,158.416,123.15
2024-07-17 03:20:00+00:00,158.419,158.438,158.416,158.435,130.2
2024-07-17 03:25:00+00:00,158.437,158.446,158.423,158.424,215.25
2024-07-17 03:30:00+00:00,158.423,158.436,158.422,158.422,205.95
2024-07-17 03:35:00+00:00,158.422,158.422,158.395,158.398,348.93
2024-07-17 03:40:00+00:00,158.397,158.398,158.359,158.368,502.26
2024-07-17 03:45:00+00:00,158.368,158.372,158.322,158.337,400.42
2024-07-17 03:50:00+00:00,158.338,158.358,158.333,158.351,812.64
2024-07-17 03:55:00+00:00,158.351,158.384,158.351,158.376,908.13
2024-07-17 04:00:00+00:00,158.376,158.386,158.349,158.363,1318.53
2024-07-17 04:05:00+00:00,158.363,158.365,158.334,158.351,568.65
2024-07-17 04:10:00+00:00,158.351,158.379,158.35,158.364,894.6
2024-07-17 04:15:00+00:00,158.364,158.386,158.364,158.375,1097.46
2024-07-17 04:20:00+00:00,158.374,158.378,158.361,158.364,638.7
2024-07-17 04:25:00+00:00,158.363,158.366,158.346,158.347,187.35
2024-07-17 04:30:00+00:00,158.349,158.365,158.328,158.363,626.49
2024-07-17 04:35:00+00:00,158.362,158.38,158.326,158.328,883.44
2024-07-17 04:40:00+00:00,158.327,158.329,158.224,158.264,1461.9
2024-07-17 04:45:00+00:00,158.264,158.29,158.262,158.276,1081.81
2024-07-17 04:50:00+00:00,158.278,158.293,158.26,158.263,683.76
2024-07-17 04:55:00+00:00,158.262,158.281,158.218,158.218,1271.04
2024-07-17 05:00:00+00:00,158.217,158.221,158.127,158.128,2593.35
2024-07-17 05:05:00+00:00,158.129,158.191,158.126,158.177,1488.69
2024-07-17 05:10:00+00:00,158.177,158.226,158.176,158.22,1546.38
2024-07-17 05:15:00+00:00,158.221,158.232,158.213,158.216,1251.39
2024-07-17 05:20:00+00:00,158.218,158.224,158.178,158.205,421.62
2024-07-17 05:25:00+00:00,158.206,158.206,158.178,158.191,154.1
2024-07-17 05:30:00+00:00,158.189,158.198,158.135,158.198,1538.28
2024-07-17 05:35:00+00:00,158.198,158.228,158.196,158.228,1070.34
2024-07-17 05:40:00+00:00,158.227,158.228,158.135,158.14,624.03
2024-07-17 05:45:00+00:00,158.138,158.167,158.035,158.068,2054.16
2024-07-17 05:50:00+00:00,158.072,158.081,157.939,158.008,2697.11
2024-07-17 05:55:00+00:00,158.007,158.008,157.868,157.893,2026.65
2024-07-17 06:00:00+00:00,157.891,157.913,157.702,157.905,4020.23
2024-07-17 06:05:00+00:00,157.906,158.049,157.89,158.017,2904.04
2024-07-17 06:10:00+00:00,158.017,158.043,157.975,158.011,3011.61
2024-07-17 06:15:00+00:00,158.011,158.09,158.011,158.042,2436.12
2024-07-17 06:20:00+00:00,158.044,158.046,157.9,157.905,1695.96
2024-07-17 06:25:00+00:00,157.906,157.95,157.853,157.95,3066.52
2024-07-17 06:30:00+00:00,157.95,157.951,157.814,157.853,1848.87
2024-07-17 06:35:00+00:00,157.854,157.925,157.836,157.89,1245.39
2024-07-17 06:40:00+00:00,157.889,157.956,157.889,157.941,1000.5
2024-07-17 06:45:00+00:00,157.94,157.973,157.83,157.831,2214.29
2024-07-17 06:50:00+00:00,157.832,157.88,157.803,157.873,2040.72
2024-07-17 06:55:00+00:00,157.874,157.892,157.776,157.815,2166.57
2024-07-17 07:00:00+00:00,157.815,157.826,157.748,157.793,2487.78
2024-07-17 07:05:00+00:00,157.793,157.831,157.733,157.795,2451.24
2024-07-17 07:10:00+00:00,157.795,157.8,157.568,157.573,3968.29
2024-07-17 07:15:00+00:00,157.574,157.631,157.5,157.596,3684.22
2024-07-17 07:20:00+00:00,157.598,157.62,157.351,157.385,3645.45
2024-07-17 07:25:00+00:00,157.385,157.473,157.249,157.307,4142.87
2024-07-17 07:30:00+00:00,157.306,157.32,157.076,157.241,5093.55
2024-07-17 07:35:00+00:00,157.239,157.242,157.009,157.09,3674.92
2024-07-17 07:40:00+00:00,157.089,157.169,157.056,157.084,3197.01
2024-07-17 07:45:00+00:00,157.085,157.354,157.056,157.279,3424.44
2024-07-17 07:50:00+00:00,157.28,157.28,157.094,157.127,2967.36
2024-07-17 07:55:00+00:00,157.131,157.176,157.053,157.072,3480.06
2024-07-17 08:00:00+00:00,157.07,157.097,156.816,156.852,5057.81
2024-07-17 08:05:00+00:00,156.857,156.933,156.724,156.766,3620.6
2024-07-17 08:10:00+00:00,156.765,156.812,156.638,156.739,2628.66
2024-07-17 08:15:00+00:00,156.739,156.825,156.719,156.723,1995.57
2024-07-17 08:20:00+00:00,156.724,156.88,156.697,156.872,2071.02
2024-07-17 08:25:00+00:00,156.875,156.888,156.749,156.787,2322.15
2024-07-17 08:30:00+00:00,156.786,156.803,156.599,156.64,3175.74
2024-07-17 08:35:00+00:00,156.641,156.649,156.437,156.441,3516.29
2024-07-17 08:40:00+00:00,156.44,156.468,156.217,156.373,4901.02
2024-07-17 08:45:00+00:00,156.372,156.457,156.308,156.364,2621.79
2024-07-17 08:50:00+00:00,156.364,156.407,156.254,156.266,3413.76
2024-07-17 08:55:00+00:00,156.267,156.296,156.099,156.242,4383.01
2024-07-17 09:00:00+00:00,156.241,156.332,156.102,156.327,3031.22
2024-07-17 09:05:00+00:00,156.327,156.582,156.316,156.411,3498.31
2024-07-17 09:10:00+00:00,156.41,156.558,156.372,156.543,2846.97
2024-07-17 09:15:00+00:00,156.542,156.593,156.444,156.513,2323.01
2024-07-17 09:20:00+00:00,156.513,156.548,156.357,156.38,2585.26
2024-07-17 09:25:00+00:00,156.383,156.498,156.383,156.443,2513.83
2024-07-17 09:30:00+00:00,156.44,156.53,156.32,156.413,4160.2
2024-07-17 09:35:00+00:00,156.418,156.502,156.382,156.405,2840.15
2024-07-17 09:40:00+00:00,156.405,156.449,156.254,156.332,3808.27
2024-07-17 09:45:00+00:00,156.336,156.485,156.336,156.433,2056.65
2024-07-17 09:50:00+00:00,156.432,156.491,156.391,156.43,1806.49
2024-07-17 09:55:00+00:00,156.431,156.436,156.334,156.415,2312.49
2024-07-17 10:00:00+00:00,156.412,156.456,156.362,156.397,2432.17
2024-07-17 10:05:00+00:00,156.401,156.414,156.226,156.294,1679.88
2024-07-17 10:10:00+00:00,156.296,156.363,156.282,156.362,1407.12
2024-07-17 10:15:00+00:00,156.359,156.44,156.344,156.351,2354.67
2024-07-17 10:20:00+00:00,156.351,156.402,156.336,156.4,1392.9
2024-07-17 10:25:00+00:00,156.399,156.461,156.37,156.41,1854.27
2024-07-17 10:30:00+00:00,156.412,156.459,156.388,156.432,3195.99
2024-07-17 10:35:00+00:00,156.431,156.542,156.419,156.541,2875.92
2024-07-17 10:40:00+00:00,156.541,156.684,156.517,156.629,3914.1
2024-07-17 10:45:00+00:00,156.629,156.677,156.544,156.569,2813.15
2024-07-17 10:50:00+00:00,156.571,156.716,156.57,156.7,2249.22
2024-07-17 10:55:00+00:00,156.699,156.734,156.674,156.734,1472.73
2024-07-17 11:00:00+00:00,156.736,156.77,156.728,156.754,1189.74
2024-07-17 11:05:00+00:00,156.755,156.794,156.732,156.732,1438.44
2024-07-17 11:10:00+00:00,156.732,156.734,156.591,156.64,2496.63
2024-07-17 11:15:00+00:00,156.644,156.645,156.528,156.544,2052.84
2024-07-17 11:20:00+00:00,156.544,156.614,156.529,156.613,1947.85
2024-07-17 11:25:00+00:00,156.612,156.621,156.544,156.584,867.78
2024-07-17 11:30:00+00:00,156.582,156.618,156.555,156.555,1511.22
2024-07-17 11:35:00+00:00,156.553,156.553,156.407,156.41,2173.74
2024-07-17 11:40:00+00:00,156.411,156.461,156.36,156.42,3917.82
2024-07-17 11:45:00+00:00,156.417,156.447,156.355,156.396,2808.9
2024-07-17 11:50:00+00:00,156.397,156.462,156.381,156.45,2551.02
2024-07-17 11:55:00+00:00,156.449,156.511,156.427,156.509,1740.66
2024-07-17 12:00:00+00:00,156.51,156.57,156.485,156.563,2186.92
2024-07-17 12:05:00+00:00,156.563,156.6,156.541,156.595,1724.7
2024-07-17 12:10:00+00:00,156.593,156.593,156.487,156.517,2233.83
2024-07-17 12:15:00+00:00,156.518,156.592,156.51,156.552,2757.35
2024-07-17 12:20:00+00:00,156.555,156.592,156.521,156.586,2542.71
2024-07-17 12:25:00+00:00,156.585,156.631,156.547,156.589,1014.9
2024-07-17 12:30:00+00:00,156.599,156.741,156.599,156.689,2376.13
2024-07-17 12:35:00+00:00,156.691,156.691,156.555,156.616,2121.99
2024-07-17 12:40:00+00:00,156.616,156.668,156.461,156.481,2866.41
2024-07-17 12:45:00+00:00,156.482,156.609,156.482,156.591,1510.5
2024-07-17 12:50:00+00:00,156.59,156.593,156.495,156.497,1927.77
2024-07-17 12:55:00+00:00,156.503,156.607,156.486,156.56,3648.66
2024-07-17 13:00:00+00:00,156.56,156.623,156.498,156.534,2745.06
2024-07-17 13:05:00+00:00,156.533,156.55,156.506,156.516,2042.52
2024-07-17 13:10:00+00:00,156.517,156.525,156.386,156.426,2515.47
2024-07-17 13:15:00+00:00,156.418,156.475,156.404,156.469,2311.98
2024-07-17 13:20:00+00:00,156.463,156.525,156.454,156.52,1982.61
2024-07-17 13:25:00+00:00,156.521,156.593,156.519,156.538,1791.45
2024-07-17 13:30:00+00:00,156.537,156.581,156.421,156.422,4791.3
2024-07-17 13:35:00+00:00,156.425,156.445,156.149,156.214,4633.98
2024-07-17 13:40:00+00:00,156.213,156.354,156.155,156.309,4676.73
2024-07-17 13:45:00+00:00,156.309,156.328,156.223,156.276,4242.22
2024-07-17 13:50:00+00:00,156.278,156.313,156.185,156.302,3286.78
2024-07-17 13:55:00+00:00,156.304,156.401,156.249,156.278,3384.39
2024-07-17 14:00:00+00:00,156.28,156.462,156.255,156.411,3723.29
2024-07-17 14:05:00+00:00,156.411,156.457,156.347,156.366,3719.28
2024-07-17 14:10:00+00:00,156.37,156.496,156.37,156.496,2769.9
2024-07-17 14:15:00+00:00,156.494,156.527,156.434,156.526,3494.37
2024-07-17 14:20:00+00:00,156.525,156.53,156.456,156.483,2577.99
2024-07-17 14:25:00+00:00,156.482,156.534,156.42,156.424,2934.45
2024-07-17 14:30:00+00:00,156.424,156.496,156.422,156.461,2609.67
2024-07-17 14:35:00+00:00,156.462,156.498,156.395,156.494,1829.79
2024-07-17 14:40:00+00:00,156.495,156.551,156.484,156.536,1905.51
2024-07-17 14:45:00+00:00,156.535,156.633,156.508,156.554,2706.17
2024-07-17 14:50:00+00:00,156.555,156.572,156.458,156.474,2574.42
2024-07-17 14:55:00+00:00,156.473,156.513,156.424,156.498,2335.12
2024-07-17 15:00:00+00:00,156.497,156.551,156.484,156.546,1795.59
2024-07-17 15:05:00+00:00,156.547,156.607,156.511,156.594,1209.98
2024-07-17 15:10:00+00:00,156.594,156.632,156.552,156.626,1522.83
2024-07-17 15:15:00+00:00,156.627,156.636,156.565,156.594,2373.9
2024-07-17 15:20:00+00:00,156.596,156.602,156.526,156.568,1597.59
2024-07-17 15:25:00+00:00,156.568,156.629,156.563,156.595,991.19
2024-07-17 15:30:00+00:00,156.595,156.597,156.54,156.566,2988.26
2024-07-17 15:35:00+00:00,156.566,156.572,156.499,156.505,2151.91
2024-07-17 15:40:00+00:00,156.506,156.573,156.505,156.556,1925.01
2024-07-17 15:45:00+00:00,156.555,156.607,156.553,156.607,857.76
2024-07-17 15:50:00+00:00,156.608,156.623,156.587,156.588,1878.75
2024-07-17 15:55:00+00:00,156.588,156.603,156.564,156.565,1962.3
2024-07-17 16:00:00+00:00,156.566,156.58,156.527,156.542,2250.57
2024-07-17 16:05:00+00:00,156.542,156.594,156.54,156.58,1111.8
2024-07-17 16:10:00+00:00,156.579,156.58,156.455,156.461,2504.16
2024-07-17 16:15:00+00:00,156.461,156.47,156.417,156.422,2419.5
2024-07-17 16:20:00+00:00,156.424,156.544,156.393,156.515,2489.91
2024-07-17 16:25:00+00:00,156.514,156.534,156.465,156.483,2896.71
2024-07-17 16:30:00+00:00,156.485,156.495,156.452,156.454,824.04
2024-07-17 16:35:00+00:00,156.456,156.459,156.325,156.325,1722.55
2024-07-17 16:40:00+00:00,156.324,156.324,156.238,156.256,1973.16
2024-07-17 16:45:00+00:00,156.256,156.312,156.253,156.298,1306.79
2024-07-17 16:50:00+00:00,156.299,156.299,156.195,156.252,1595.42
2024-07-17 16:55:00+00:00,156.251,156.299,156.213,156.299,1696.23
2024-07-17 17:00:00+00:00,156.299,156.347,156.274,156.33,1554.12
2024-07-17 17:05:00+00:00,156.329,156.334,156.267,156.322,1113.87
2024-07-17 17:10:00+00:00,156.32,156.327,156.259,156.266,815.88
2024-07-17 17:15:00+00:00,156.264,156.276,156.187,156.251,1536.87
2024-07-17 17:20:00+00:00,156.252,156.265,156.191,156.194,1112.87
2024-07-17 17:25:00+00:00,156.195,156.268,156.194,156.249,1069.59
2024-07-17 17:30:00+00:00,156.244,156.269,156.211,156.265,1931.46
2024-07-17 17:35:00+00:00,156.266,156.355,156.264,156.34,1835.82
2024-07-17 17:40:00+00:00,156.34,156.39,156.328,156.372,1383.97
2024-07-17 17:45:00+00:00,156.373,156.4,156.314,156.385,1299.27
2024-07-17 17:50:00+00:00,156.386,156.401,156.361,156.376,1044.67
2024-07-17 17:55:00+00:00,156.375,156.474,156.375,156.462,970.13
2024-07-17 18:00:00+00:00,156.462,156.488,156.436,156.463,803.4
2024-07-17 18:05:00+00:00,156.461,156.461,156.357,156.376,731.85
2024-07-17 18:10:00+00:00,156.375,156.377,156.273,156.276,1379.82
2024-07-17 18:15:00+00:00,156.274,156.3,156.239,156.252,1829.88
2024-07-17 18:20:00+00:00,156.252,156.293,156.2,156.244,1992.61
2024-07-17 18:25:00+00:00,156.245,156.245,156.168,156.204,1661.25
2024-07-17 18:30:00+00:00,156.204,156.231,156.172,156.215,991.77
2024-07-17 18:35:00+00:00,156.216,156.258,156.206,156.241,1006.59
2024-07-17 18:40:00+00:00,156.241,156.268,156.222,156.256,1768.71
2024-07-17 18:45:00+00:00,156.254,156.255,156.202,156.207,1044.97
2024-07-17 18:50:00+00:00,156.206,156.222,156.172,156.216,1600.86
2024-07-17 18:55:00+00:00,156.216,156.216,156.088,156.101,3281.43
2024-07-17 19:00:00+00:00,156.098,156.152,156.098,156.112,1369.2
2024-07-17 19:05:00+00:00,156.111,156.138,156.108,156.137,1374.21
2024-07-17 19:10:00+00:00,156.136,156.137,156.059,156.098,1031.01
2024-07-17 19:15:00+00:00,156.098,156.101,156.068,156.074,849.75
2024-07-17 19:20:00+00:00,156.073,156.161,156.073,156.144,1335.6
2024-07-17 19:25:00+00:00,156.143,156.186,156.141,156.146,1422.3
2024-07-17 19:30:00+00:00,156.147,156.16,156.133,156.156,696.3
2024-07-17 19:35:00+00:00,156.157,156.197,156.157,156.189,289.2
2024-07-17 19:40:00+00:00,156.189,156.206,156.179,156.202,488.31
2024-07-17 19:45:00+00:00,156.202,156.227,156.2,156.217,553.77
2024-07-17 19:50:00+00:00,156.216,156.233,156.214,156.23,669.75
2024-07-17 19:55:00+00:00,156.232,156.232,156.179,156.185,1062.21
2024-07-17 20:00:00+00:00,156.184,156.21,156.163,156.208,404.16
2024-07-17 20:05:00+00:00,156.212,156.223,156.198,156.204,130.35
2024-07-17 20:10:00+00:00,156.205,156.256,156.205,156.248,141.75
2024-07-17 20:15:00+00:00,156.246,156.259,156.239,156.256,191.4
2024-07-17 20:20:00+00:00,156.258,156.273,156.257,156.268,209.16
2024-07-17 20:25:00+00:00,156.269,156.332,156.269,156.316,430.26
2024-07-17 20:30:00+00:00,156.318,156.344,156.315,156.326,172.65
2024-07-17 20:35:00+00:00,156.327,156.34,156.312,156.34,317.25
2024-07-17 20:40:00+00:00,156.34,156.342,156.319,156.32,131.4
2024-07-17 20:45:00+00:00,156.318,156.326,156.285,156.317,164.58
2024-07-17 20:50:00+00:00,156.315,156.315,156.239,156.261,258.1
2024-07-17 20:55:00+00:00,156.263,156.27,156.144,156.177,329.38
2024-07-17 21:00:00+00:00,156.169,156.169,156.131,156.142,73.89
2024-07-17 21:05:00+00:00,156.144,156.172,156.144,156.161,40.5
2024-07-17 21:10:00+00:00,156.157,156.172,156.122,156.165,84.0
2024-07-17 21:15:00+00:00,156.173,156.178,156.143,156.175,124.2
2024-07-17 21:20:00+00:00,156.174,156.18,156.153,156.173,36.6
2024-07-17 21:25:00+00:00,156.171,156.177,156.155,156.174,24.9
2024-07-17 21:30:00+00:00,156.176,156.176,156.166,156.174,103.5
2024-07-17 21:35:00+00:00,156.173,156.18,156.158,156.172,153.21
2024-07-17 21:40:00+00:00,156.173,156.176,156.168,156.174,73.8
2024-07-17 21:45:00+00:00,156.171,156.184,156.168,156.18,310.2
2024-07-17 21:50:00+00:00,156.18,156.195,156.17,156.189,216.9
2024-07-17 21:55:00+00:00,156.191,156.191,156.134,156.147,182.1
2024-07-17 22:00:00+00:00,156.146,156.244,156.133,156.229,449.85
2024-07-17 22:05:00+00:00,156.228,156.23,156.182,156.192,187.95
2024-07-17 22:10:00+00:00,156.193,156.193,156.14,156.14,228.0
2024-07-17 22:15:00+00:00,156.138,156.139,155.993,156.106,1171.4
2024-07-17 22:20:00+00:00,156.109,156.11,156.057,156.059,449.55
2024-07-17 22:25:00+00:00,156.057,156.071,156.021,156.057,1147.2
2024-07-17 22:30:00+00:00,156.056,156.112,156.022,156.092,2535.18
2024-07-17 22:35:00+00:00,156.088,156.154,156.069,156.119,1258.04
2024-07-17 22:40:00+00:00,156.117,156.17,156.11,156.168,367.57
2024-07-17 22:45:00+00:00,156.171,156.271,156.171,156.197,1473.56
2024-07-17 22:50:00+00:00,156.198,156.252,156.189,156.223,1728.27
2024-07-17 22:55:00+00:00,156.225,156.242,156.159,156.159,1390.2
2024-07-17 23:00:00+00:00,156.155,156.204,156.093,156.117,2248.32
2024-07-17 23:05:00+00:00,156.115,156.118,155.697,155.893,4985.67
2024-07-17 23:10:00+00:00,155.892,155.919,155.789,155.872,2708.35
2024-07-17 23:15:00+00:00,155.871,155.886,155.731,155.763,2916.06
2024-07-17 23:20:00+00:00,155.762,155.83,155.733,155.783,1709.07
2024-07-17 23:25:00+00:00,155.781,155.822,155.554,155.685,2077.31
2024-07-17 23:30:00+00:00,155.684,155.746,155.588,155.637,1743.61
2024-07-17 23:35:00+00:00,155.636,155.666,155.424,155.504,2938.06
2024-07-17 23:40:00+00:00,155.511,155.551,155.37,155.413,3637.81
2024-07-17 23:45:00+00:00,155.419,155.542,155.419,155.538,1671.61
2024-07-17 23:50:00+00:00,155.538,155.644,155.529,155.634,1617.21
2024-07-17 23:55:00+00:00,155.632,155.711,155.608,155.675,2609.51
2024-07-18 00:00:00+00:00,155.675,155.833,155.53,155.808,2349.15
2024-07-18 00:05:00+00:00,155.807,155.807,155.636,155.661,1839.89
2024-07-18 00:10:00+00:00,155.663,155.717,155.571,155.642,1467.78
2024-07-18 00:15:00+00:00,155.643,155.671,155.55,155.615,1350.72
2024-07-18 00:20:00+00:00,155.618,155.639,155.528,155.531,1546.12
2024-07-18 00:25:00+00:00,155.53,155.574,155.471,155.534,1907.3
2024-07-18 00:30:00+00:00,155.531,155.642,155.457,155.595,3021.94
2024-07-18 00:35:00+00:00,155.595,155.625,155.537,155.586,3119.14
2024-07-18 00:40:00+00:00,155.585,155.655,155.56,155.59,2406.42
2024-07-18 00:45:00+00:00,155.59,155.644,155.55,155.62,2527.23
2024-07-18 00:50:00+00:00,155.619,155.748,155.612,155.745,3303.62
2024-07-18 00:55:00+00:00,155.743,155.78,155.714,155.737,2460.09
2024-07-18 01:00:00+00:00,155.738,155.832,155.737,155.75,3048.73
2024-07-18 01:05:00+00:00,155.75,155.826,155.719,155.797,1957.18
2024-07-18 01:10:00+00:00,155.796,155.889,155.769,155.829,2645.54
2024-07-18 01:15:00+00:00,155.832,155.965,155.816,155.93,1238.56
2024-07-18 01:20:00+00:00,155.929,155.941,155.874,155.916,1912.9
2024-07-18 01:25:00+00:00,155.915,155.937,155.867,155.891,1195.8
2024-07-18 01:30:00+00:00,155.89,155.96,155.873,155.93,896.31
2024-07-18 01:35:00+00:00,155.928,156.072,155.927,156.069,1608.69
2024-07-18 01:40:00+00:00,156.069,156.161,156.035,156.135,1367.31
2024-07-18 01:45:00+00:00,156.134,156.288,156.085,156.258,1896.78
2024-07-18 01:50:00+00:00,156.255,156.299,156.217,156.254,1934.66
2024-07-18 01:55:00+00:00,156.254,156.295,156.225,156.256,2160.13
2024-07-18 02:00:00+00:00,156.255,156.441,156.255,156.374,2308.99
2024-07-18 02:05:00+00:00,156.374,156.394,156.315,156.366,1353.94
2024-07-18 02:10:00+00:00,156.364,156.367,156.3,156.319,2077.94
2024-07-18 02:15:00+00:00,156.319,156.354,156.275,156.312,2132.47
2024-07-18 02:20:00+00:00,156.312,156.369,156.307,156.33,700.99
2024-07-18 02:25:00+00:00,156.329,156.331,156.257,156.27,1246.94
2024-07-18 02:30:00+00:00,156.269,156.269,156.19,156.241,2622.21
2024-07-18 02:35:00+00:00,156.24,156.317,156.21,156.297,2131.69
2024-07-18 02:40:00+00:00,156.296,156.32,156.252,156.306,956.77
2024-07-18 02:45:00+00:00,156.304,156.34,156.3,156.305,980.24
2024-07-18 02:50:00+00:00,156.304,156.391,156.304,156.309,1462.08
2024-07-18 02:55:00+00:00,156.303,156.33,156.3,156.312,1428.04
2024-07-18 03:00:00+00:00,156.312,156.32,156.294,156.315,1115.95
2024-07-18 03:05:00+00:00,156.315,156.367,156.315,156.355,545.41
2024-07-18 03:10:00+00:00,156.355,156.405,156.351,156.362,1022.52
2024-07-18 03:15:00+00:00,156.362,156.489,156.342,156.489,1207.1
2024-07-18 03:20:00+00:00,156.486,156.489,156.435,156.461,1042.32
2024-07-18 03:25:00+00:00,156.458,156.458,156.392,156.413,686.95
2024-07-18 03:30:00+00:00,156.413,156.444,156.371,156.39,1002.18
2024-07-18 03:35:00+00:00,156.391,156.394,156.363,156.385,975.15
2024-07-18 03:40:00+00:00,156.385,156.453,156.385,156.443,470.37
2024-07-18 03:45:00+00:00,156.444,156.572,156.44,156.556,1216.09
2024-07-18 03:50:00+00:00,156.556,156.557,156.458,156.461,1158.87
2024-07-18 03:55:00+00:00,156.461,156.473,156.434,156.435,1175.19
2024-07-18 04:00:00+00:00,156.434,156.512,156.424,156.51,1032.93
2024-07-18 04:05:00+00:00,156.51,156.536,156.46,156.469,1521.0
2024-07-18 04:10:00+00:00,156.468,156.504,156.443,156.444,1719.81
2024-07-18 04:15:00+00:00,156.445,156.483,156.396,156.401,1293.36
2024-07-18 04:20:00+00:00,156.4,156.437,156.177,156.378,3150.72
2024-07-18 04:25:00+00:00,156.377,156.446,156.341,156.425,1892.77
2024-07-18 04:30:00+00:00,156.425,156.458,156.385,156.404,1069.38
2024-07-18 04:35:00+00:00,156.405,156.429,156.372,156.399,813.83
2024-07-18 04:40:00+00:00,156.397,156.398,156.323,156.338,597.23
2024-07-18 04:45:00+00:00,156.337,156.366,156.309,156.318,817.85
2024-07-18 04:50:00+00:00,156.318,156.359,156.279,156.32,944.87
2024-07-18 04:55:00+00:00,156.322,156.344,156.294,156.341,1218.09
2024-07-18 05:00:00+00:00,156.341,156.374,156.31,156.315,1172.89
2024-07-18 05:05:00+00:00,156.315,156.427,156.299,156.415,1290.1
2024-07-18 05:10:00+00:00,156.417,156.45,156.383,156.39,1256.35
2024-07-18 05:15:00+00:00,156.391,156.392,156.324,156.338,1119.65
2024-07-18 05:20:00+00:00,156.338,156.338,156.265,156.265,553.12
2024-07-18 05:25:00+00:00,156.266,156.316,156.246,156.312,1038.47
2024-07-18 05:30:00+00:00,156.318,156.33,156.263,156.283,1253.87
2024-07-18 05:35:00+00:00,156.284,156.284,156.159,156.159,1464.19
2024-07-18 05:40:00+00:00,156.159,156.159,155.796,156.062,3908.28
2024-07-18 05:45:00+00:00,156.064,156.103,156.01,156.088,1773.11
2024-07-18 05:50:00+00:00,156.089,156.172,156.085,156.151,1506.09
2024-07-18 05:55:00+00:00,156.149,156.155,156.032,156.032,2089.35
2024-07-18 06:00:00+00:00,156.03,156.146,155.989,156.125,1894.24
2024-07-18 06:05:00+00:00,156.126,156.146,156.039,156.107,2507.01
2024-07-18 06:10:00+00:00,156.11,156.178,156.067,156.098,2808.6
2024-07-18 06:15:00+00:00,156.099,156.211,156.097,156.201,2823.3
2024-07-18 06:20:00+00:00,156.199,156.294,156.188,156.258,2596.13
2024-07-18 06:25:00+00:00,156.257,156.286,156.194,156.232,2228.37
2024-07-18 06:30:00+00:00,156.231,156.329,156.218,156.326,3043.29
2024-07-18 06:35:00+00:00,156.326,156.409,156.323,156.366,2794.58
2024-07-18 06:40:00+00:00,156.366,156.368,156.269,156.276,2587.53
2024-07-18 06:45:00+00:00,156.275,156.296,156.231,156.242,947.76
2024-07-18 06:50:00+00:00,156.236,156.248,156.192,156.222,883.28
2024-07-18 06:55:00+00:00,156.22,156.24,156.108,156.12,1876.39
2024-07-18 07:00:00+00:00,156.126,156.154,155.924,155.947,3950.72
2024-07-18 07:05:00+00:00,155.948,156.092,155.915,156.058,2525.45
2024-07-18 07:10:00+00:00,156.059,156.15,156.02,156.112,1769.51
2024-07-18 07:15:00+00:00,156.111,156.217,156.086,156.214,3676.8
2024-07-18 07:20:00+00:00,156.215,156.221,156.077,156.098,4381.29
2024-07-18 07:25:00+00:00,156.097,156.157,156.061,156.121,3456.57
2024-07-18 07:30:00+00:00,156.123,156.149,156.062,156.07,3298.36
2024-07-18 07:35:00+00:00,156.069,156.18,156.047,156.161,3189.8
2024-07-18 07:40:00+00:00,156.161,156.167,156.093,156.106,2247.07
2024-07-18 07:45:00+00:00,156.105,156.105,156.019,156.094,2374.21
2024-07-18 07:50:00+00:00,156.095,156.124,156.067,156.114,2017.94
2024-07-18 07:55:00+00:00,156.117,156.255,156.117,156.248,2357.36
2024-07-18 08:00:00+00:00,156.246,156.29,156.218,156.239,890.82
2024-07-18 08:05:00+00:00,156.239,156.314,156.214,156.244,1814.9
2024-07-18 08:10:00+00:00,156.245,156.263,156.179,156.257,1729.08
2024-07-18 08:15:00+00:00,156.255,156.281,156.172,156.225,1658.74
2024-07-18 08:20:00+00:00,156.223,156.329,156.203,156.305,1698.71
2024-07-18 08:25:00+00:00,156.306,156.41,156.274,156.388,2405.53
2024-07-18 08:30:00+00:00,156.387,156.443,156.344,156.437,2573.12
2024-07-18 08:35:00+00:00,156.438,156.493,156.421,156.459,3046.55
2024-07-18 08:40:00+00:00,156.456,156.536,156.45,156.46,3006.84
2024-07-18 08:45:00+00:00,156.467,156.512,156.431,156.497,2859.51
2024-07-18 08:50:00+00:00,156.496,156.586,156.493,156.557,3415.07
2024-07-18 08:55:00+00:00,156.557,156.56,156.444,156.464,3858.78
2024-07-18 09:00:00+00:00,156.464,156.464,156.384,156.411,2859.42
2024-07-18 09:05:00+00:00,156.412,156.434,156.36,156.386,3460.56
2024-07-18 09:10:00+00:00,156.386,156.392,156.331,156.365,3252.93
2024-07-18 09:15:00+00:00,156.365,156.392,156.303,156.343,2460.72
2024-07-18 09:20:00+00:00,156.342,156.362,156.322,156.362,2329.64
2024-07-18 09:25:00+00:00,156.363,156.463,156.361,156.445,3117.22
2024-07-18 09:30:00+00:00,156.445,156.501,156.442,156.471,1664.34
2024-07-18 09:35:00+00:00,156.472,156.473,156.413,156.449,2558.49
2024-07-18 09:40:00+00:00,156.448,156.491,156.436,156.481,1487.88
2024-07-18 09:45:00+00:00,156.479,156.491,156.433,156.435,684.98
2024-07-18 09:50:00+00:00,156.436,156.473,156.434,156.473,1120.35
2024-07-18 09:55:00+00:00,156.472,156.487,156.446,156.485,2067.75
2024-07-18 10:00:00+00:00,156.486,156.496,156.453,156.474,2698.29
2024-07-18 10:05:00+00:00,156.474,156.481,156.398,156.401,2440.02
2024-07-18 10:10:00+00:00,156.403,156.431,156.393,156.43,3036.18
2024-07-18 10:15:00+00:00,156.43,156.431,156.39,156.423,2874.65
2024-07-18 10:20:00+00:00,156.422,156.44,156.402,156.437,2313.75
2024-07-18 10:25:00+00:00,156.437,156.464,156.432,156.444,2288.01
2024-07-18 10:30:00+00:00,156.445,156.451,156.424,156.43,775.8
2024-07-18 10:35:00+00:00,156.432,156.435,156.408,156.429,607.2
2024-07-18 10:40:00+00:00,156.433,156.436,156.331,156.348,1795.27
2024-07-18 10:45:00+00:00,156.348,156.361,156.318,156.323,2200.62
2024-07-18 10:50:00+00:00,156.324,156.393,156.322,156.377,1287.75
2024-07-18 10:55:00+00:00,156.379,156.398,156.373,156.393,755.85
2024-07-18 11:00:00+00:00,156.395,156.395,156.381,156.39,2361.27
2024-07-18 11:05:00+00:00,156.389,156.427,156.382,156.415,2056.89
2024-07-18 11:10:00+00:00,156.416,156.46,156.415,156.438,378.86
2024-07-18 11:15:00+00:00,156.439,156.467,156.432,156.446,1189.6
2024-07-18 11:20:00+00:00,156.446,156.446,156.424,156.435,953.75
2024-07-18 11:25:00+00:00,156.435,156.463,156.433,156.462,410.2
2024-07-18 11:30:00+00:00,156.463,156.485,156.454,156.472,1046.57
2024-07-18 11:35:00+00:00,156.475,156.483,156.435,156.442,805.53
2024-07-18 11:40:00+00:00,156.443,156.523,156.443,156.522,1383.3
2024-07-18 11:45:00+00:00,156.52,156.524,156.485,156.487,1020.04
2024-07-18 11:50:00+00:00,156.488,156.496,156.45,156.461,506.46
2024-07-18 11:55:00+00:00,156.462,156.515,156.461,156.494,2129.9
2024-07-18 12:00:00+00:00,156.493,156.511,156.456,156.47,1474.57
2024-07-18 12:05:00+00:00,156.468,156.496,156.454,156.464,1435.48
2024-07-18 12:10:00+00:00,156.465,156.48,156.457,156.477,1257.54
2024-07-18 12:15:00+00:00,156.478,156.489,156.458,156.466,1304.11
2024-07-18 12:20:00+00:00,156.465,156.479,156.417,156.457,2363.83
2024-07-18 12:25:00+00:00,156.457,156.467,156.441,156.441,1014.67
2024-07-18 12:30:00+00:00,156.44,156.44,156.181,156.273,3636.32
2024-07-18 12:35:00+00:00,156.274,156.316,156.229,156.28,3216.23
2024-07-18 12:40:00+00:00,156.281,156.433,156.262,156.433,3186.9
2024-07-18 12:45:00+00:00,156.435,156.578,156.429,156.518,4083.46
2024-07-18 12:50:00+00:00,156.518,156.567,156.433,156.463,2688.91
2024-07-18 12:55:00+00:00,156.462,156.489,156.42,156.431,3446.77
2024-07-18 13:00:00+00:00,156.428,156.485,156.331,156.345,3990.41
2024-07-18 13:05:00+00:00,156.346,156.415,156.319,156.401,3803.14
2024-07-18 13:10:00+00:00,156.401,156.481,156.401,156.449,4019.56
2024-07-18 13:15:00+00:00,156.448,156.496,156.443,156.46,2528.85
2024-07-18 13:20:00+00:00,156.46,156.517,156.443,156.457,2866.54
2024-07-18 13:25:00+00:00,156.457,156.5,156.45,156.5,1627.74
2024-07-18 13:30:00+00:00,156.508,156.546,156.47,156.519,3028.39
2024-07-18 13:35:00+00:00,156.519,156.52,156.479,156.495,2529.33
2024-07-18 13:40:00+00:00,156.495,156.524,156.442,156.449,2905.99
2024-07-18 13:45:00+00:00,156.448,156.449,156.374,156.427,2209.79
2024-07-18 13:50:00+00:00,156.428,156.522,156.389,156.521,2298.98
2024-07-18 13:55:00+00:00,156.523,156.691,156.494,156.586,2353.23
2024-07-18 14:00:00+00:00,156.588,156.734,156.584,156.688,2653.19
2024-07-18 14:05:00+00:00,156.688,156.693,156.606,156.64,3269.49
2024-07-18 14:10:00+00:00,156.641,156.684,156.615,156.658,2746.05
2024-07-18 14:15:00+00:00,156.657,156.742,156.636,156.74,1678.01
2024-07-18 14:20:00+00:00,156.741,156.765,156.688,156.702,1677.52
2024-07-18 14:25:00+00:00,156.702,156.748,156.689,156.724,1847.08
2024-07-18 14:30:00+00:00,156.726,156.756,156.654,156.664,1767.88
2024-07-18 14:35:00+00:00,156.665,156.665,156.581,156.619,1929.15
2024-07-18 14:40:00+00:00,156.618,156.633,156.501,156.532,1663.89
2024-07-18 14:45:00+00:00,156.533,156.658,156.504,156.658,1338.67
2024-07-18 14:50:00+00:00,156.657,156.716,156.65,156.675,2555.76
2024-07-18 14:55:00+00:00,156.675,156.774,156.652,156.756,3079.51
2024-07-18 15:00:00+00:00,156.755,156.842,156.728,156.786,3439.04
2024-07-18 15:05:00+00:00,156.787,156.84,156.736,156.767,2704.51
2024-07-18 15:10:00+00:00,156.766,156.824,156.759,156.759,2209.81
2024-07-18 15:15:00+00:00,156.762,156.793,156.716,156.728,1830.24
2024-07-18 15:20:00+00:00,156.729,156.763,156.716,156.726,2465.08
2024-07-18 15:25:00+00:00,156.725,156.758,156.695,156.758,1891.52
2024-07-18 15:30:00+00:00,156.76,156.779,156.749,156.776,773.49
2024-07-18 15:35:00+00:00,156.774,156.877,156.774,156.816,815.93
2024-07-18 15:40:00+00:00,156.817,156.972,156.805,156.922,2422.7
2024-07-18 15:45:00+00:00,156.922,156.952,156.892,156.909,551.83
2024-07-18 15:50:00+00:00,156.91,156.927,156.887,156.924,959.58
2024-07-18 15:55:00+00:00,156.925,156.982,156.914,156.976,860.33
2024-07-18 16:00:00+00:00,156.972,157.013,156.929,156.936,1046.61
2024-07-18 16:05:00+00:00,156.934,156.987,156.91,156.924,1651.61
2024-07-18 16:10:00+00:00,156.924,156.94,156.876,156.883,1553.28
2024-07-18 16:15:00+00:00,156.884,156.915,156.874,156.874,726.9
2024-07-18 16:20:00+00:00,156.873,156.939,156.873,156.889,1038.93
2024-07-18 16:25:00+00:00,156.891,156.936,156.874,156.934,1578.68
2024-07-18 16:30:00+00:00,156.934,156.982,156.933,156.947,1357.2
2024-07-18 16:35:00+00:00,156.947,157.077,156.937,157.04,1790.0
2024-07-18 16:40:00+00:00,157.04,157.092,157.029,157.092,1419.96
2024-07-18 16:45:00+00:00,157.097,157.156,157.09,157.101,1658.74
2024-07-18 16:50:00+00:00,157.102,157.131,157.083,157.095,1017.63
2024-07-18 16:55:00+00:00,157.096,157.155,157.093,157.145,1146.54
2024-07-18 17:00:00+00:00,157.145,157.149,157.092,157.14,1993.59
2024-07-18 17:05:00+00:00,157.14,157.14,157.098,157.105,997.59
2024-07-18 17:10:00+00:00,157.105,157.182,157.105,157.18,1469.25
2024-07-18 17:15:00+00:00,157.185,157.186,157.125,157.127,2280.36
2024-07-18 17:20:00+00:00,157.127,157.147,157.116,157.142,2088.12
2024-07-18 17:25:00+00:00,157.143,157.165,157.141,157.157,641.79
2024-07-18 17:30:00+00:00,157.156,157.169,157.145,157.155,761.07
2024-07-18 17:35:00+00:00,157.155,157.216,157.154,157.205,1277.34
2024-07-18 17:40:00+00:00,157.205,157.207,157.17,157.176,1110.39
2024-07-18 17:45:00+00:00,157.177,157.216,157.175,157.206,935.76
2024-07-18 17:50:00+00:00,157.207,157.224,157.183,157.191,1951.95
2024-07-18 17:55:00+00:00,157.192,157.202,157.166,157.187,798.56
2024-07-18 18:00:00+00:00,157.188,157.19,157.15,157.175,2346.68
2024-07-18 18:05:00+00:00,157.175,157.222,157.175,157.217,1743.46
2024-07-18 18:10:00+00:00,157.219,157.235,157.209,157.215,1707.39
2024-07-18 18:15:00+00:00,157.215,157.22,157.204,157.215,1186.68
2024-07-18 18:20:00+00:00,157.216,157.232,157.212,157.215,1220.76
2024-07-18 18:25:00+00:00,157.214,157.231,157.187,157.204,1300.11
2024-07-18 18:30:00+00:00,157.205,157.228,157.205,157.226,498.45
2024-07-18 18:35:00+00:00,157.225,157.244,157.224,157.228,1061.85
2024-07-18 18:40:00+00:00,157.229,157.284,157.228,157.281,521.73
2024-07-18 18:45:00+00:00,157.28,157.284,157.258,157.28,459.3
2024-07-18 18:50:00+00:00,157.28,157.326,157.28,157.313,1069.32
2024-07-18 18:55:00+00:00,157.314,157.315,157.28,157.284,557.19
2024-07-18 19:00:00+00:00,157.281,157.325,157.279,157.325,999.84
2024-07-18 19:05:00+00:00,157.332,157.393,157.325,157.387,1426.92
2024-07-18 19:10:00+00:00,157.388,157.396,157.365,157.381,883.86
2024-07-18 19:15:00+00:00,157.38,157.396,157.369,157.393,205.44
2024-07-18 19:20:00+00:00,157.395,157.395,157.374,157.394,831.72
2024-07-18 19:25:00+00:00,157.394,157.397,157.376,157.391,1049.97
2024-07-18 19:30:00+00:00,157.392,157.393,157.363,157.366,858.09
2024-07-18 19:35:00+00:00,157.365,157.382,157.341,157.381,888.92
2024-07-18 19:40:00+00:00,157.381,157.392,157.365,157.368,823.81
2024-07-18 19:45:00+00:00,157.368,157.383,157.367,157.381,190.8
2024-07-18 19:50:00+00:00,157.384,157.385,157.361,157.38,431.37
2024-07-18 19:55:00+00:00,157.379,157.396,157.362,157.363,554.46
2024-07-18 20:00:00+00:00,157.366,157.368,157.351,157.353,240.81
2024-07-18 20:05:00+00:00,157.352,157.367,157.35,157.363,85.8
2024-07-18 20:10:00+00:00,157.363,157.363,157.347,157.35,142.8
2024-07-18 20:15:00+00:00,157.349,157.352,157.341,157.351,92.1
2024-07-18 20:20:00+00:00,157.35,157.354,157.35,157.352,62.82
2024-07-18 20:25:00+00:00,157.351,157.39,157.351,157.383,313.41
2024-07-18 20:30:00+00:00,157.383,157.397,157.381,157.382,345.78
2024-07-18 20:35:00+00:00,157.381,157.394,157.378,157.391,215.1
2024-07-18 20:40:00+00:00,157.392,157.394,157.378,157.379,243.45
2024-07-18 20:45:00+00:00,157.378,157.392,157.377,157.389,234.15
2024-07-18 20:50:00+00:00,157.389,157.395,157.369,157.373,167.64
2024-07-18 20:55:00+00:00,157.374,157.379,157.347,157.359,118.65
2024-07-18 21:00:00+00:00,157.356,157.356,157.34,157.34,8.76
2024-07-18 21:05:00+00:00,157.347,157.351,157.338,157.345,53.4
2024-07-18 21:10:00+00:00,157.344,157.357,157.34,157.354,66.0
2024-07-18 21:15:00+00:00,157.356,157.356,157.34,157.342,31.5
2024-07-18 21:20:00+00:00,157.341,157.345,157.341,157.341,19.2
2024-07-18 21:25:00+00:00,157.34,157.344,157.339,157.34,29.4
2024-07-18 21:30:00+00:00,157.339,157.342,157.339,157.342,17.7
2024-07-18 21:35:00+00:00,157.34,157.343,157.34,157.343,13.8
2024-07-18 21:40:00+00:00,157.343,157.343,157.341,157.341,13.2
2024-07-18 21:45:00+00:00,157.342,157.343,157.336,157.337,29.4
2024-07-18 21:50:00+00:00,157.337,157.337,157.324,157.326,92.7
2024-07-18 21:55:00+00:00,157.326,157.344,157.323,157.341,136.98
2024-07-18 22:00:00+00:00,157.341,157.341,157.248,157.299,1244.02
2024-07-18 22:05:00+00:00,157.311,157.331,157.269,157.312,724.65
2024-07-18 22:10:00+00:00,157.311,157.312,157.264,157.267,652.17
2024-07-18 22:15:00+00:00,157.265,157.301,157.257,157.271,985.93
2024-07-18 22:20:00+00:00,157.27,157.314,157.251,157.255,376.35
2024-07-18 22:25:00+00:00,157.256,157.309,157.256,157.283,671.31
2024-07-18 22:30:00+00:00,157.286,157.303,157.271,157.277,352.13
2024-07-18 22:35:00+00:00,157.276,157.287,157.262,157.265,392.52
2024-07-18 22:40:00+00:00,157.268,157.297,157.261,157.277,220.8
2024-07-18 22:45:00+00:00,157.277,157.297,157.275,157.294,155.7
2024-07-18 22:50:00+00:00,157.293,157.306,157.267,157.267,210.3
2024-07-18 22:55:00+00:00,157.264,157.279,157.256,157.263,347.1
2024-07-18 23:00:00+00:00,157.263,157.282,157.239,157.254,1096.92
2024-07-18 23:05:00+00:00,157.254,157.275,157.25,157.267,476.13
2024-07-18 23:10:00+00:00,157.265,157.268,157.225,157.229,538.65
2024-07-18 23:15:00+00:00,157.23,157.26,157.229,157.242,374.91
2024-07-18 23:20:00+00:00,157.241,157.257,157.221,157.233,223.38
2024-07-18 23:25:00+00:00,157.232,157.232,157.163,157.164,320.76
2024-07-18 23:30:00+00:00,157.173,157.233,157.173,157.187,667.51
2024-07-18 23:35:00+00:00,157.187,157.201,157.181,157.198,229.89
2024-07-18 23:40:00+00:00,157.197,157.198,157.153,157.154,482.04
2024-07-18 23:45:00+00:00,157.154,157.154,157.114,157.114,1272.04
2024-07-18 23:50:00+00:00,157.113,157.165,157.112,157.163,719.42
2024-07-18 23:55:00+00:00,157.16,157.178,157.12,157.176,1027.44
2024-07-19 00:00:00+00:00,157.176,157.196,157.062,157.093,2629.9
2024-07-19 00:05:00+00:00,157.094,157.223,157.071,157.194,2069.94
2024-07-19 00:10:00+00:00,157.194,157.331,157.183,157.282,1431.64
2024-07-19 00:15:00+00:00,157.282,157.319,157.258,157.307,1274.02
2024-07-19 00:20:00+00:00,157.308,157.356,157.298,157.322,1371.0
2024-07-19 00:25:00+00:00,157.323,157.401,157.299,157.343,2380.23
2024-07-19 00:30:00+00:00,157.344,157.372,157.301,157.321,1325.58
2024-07-19 00:35:00+00:00,157.32,157.383,157.318,157.363,919.37
2024-07-19 00:40:00+00:00,157.363,157.363,157.315,157.352,1185.87
2024-07-19 00:45:00+00:00,157.353,157.416,157.279,157.312,2180.67
2024-07-19 00:50:00+00:00,157.31,157.394,157.292,157.35,2317.43
2024-07-19 00:55:00+00:00,157.354,157.37,157.209,157.209,2711.76
2024-07-19 01:00:00+00:00,157.211,157.323,157.211,157.319,1311.63
2024-07-19 01:05:00+00:00,157.318,157.323,157.198,157.24,2036.57
2024-07-19 01:10:00+00:00,157.237,157.279,157.221,157.242,587.04
2024-07-19 01:15:00+00:00,157.243,157.286,157.215,157.244,918.39
2024-07-19 01:20:00+00:00,157.243,157.28,157.215,157.27,1578.78
2024-07-19 01:25:00+00:00,157.269,157.371,157.261,157.346,644.34
2024-07-19 01:30:00+00:00,157.348,157.374,157.326,157.362,1055.88
2024-07-19 01:35:00+00:00,157.36,157.362,157.319,157.33,366.75
2024-07-19 01:40:00+00:00,157.331,157.455,157.33,157.43,771.96
2024-07-19 01:45:00+00:00,157.434,157.529,157.424,157.494,1551.55
2024-07-19 01:50:00+00:00,157.493,157.507,157.397,157.413,1414.2
2024-07-19 01:55:00+00:00,157.413,157.469,157.412,157.457,1326.06
2024-07-19 02:00:00+00:00,157.456,157.469,157.359,157.359,1380.42
2024-07-19 02:05:00+00:00,157.359,157.398,157.343,157.371,1844.1
2024-07-19 02:10:00+00:00,157.373,157.459,157.373,157.432,1868.67
2024-07-19 02:15:00+00:00,157.434,157.472,157.415,157.45,1997.52
2024-07-19 02:20:00+00:00,157.451,157.452,157.393,157.425,1740.57
2024-07-19 02:25:00+00:00,157.424,157.49,157.4,157.402,1948.62
2024-07-19 02:30:00+00:00,157.403,157.42,157.374,157.414,1026.84
2024-07-19 02:35:00+00:00,157.418,157.44,157.413,157.427,646.32
2024-07-19 02:40:00+00:00,157.428,157.52,157.428,157.448,1432.73
2024-07-19 02:45:00+00:00,157.449,157.466,157.431,157.451,399.69
2024-07-19 02:50:00+00:00,157.45,157.47,157.413,157.468,681.63
2024-07-19 02:55:00+00:00,157.468,157.468,157.421,157.422,268.2
2024-07-19 03:00:00+00:00,157.422,157.434,157.4,157.404,276.39
2024-07-19 03:05:00+00:00,157.402,157.446,157.393,157.405,458.62
2024-07-19 03:10:00+00:00,157.405,157.432,157.39,157.425,600.99
2024-07-19 03:15:00+00:00,157.424,157.445,157.413,157.42,211.62
2024-07-19 03:20:00+00:00,157.415,157.422,157.391,157.401,209.7
2024-07-19 03:25:00+00:00,157.399,157.423,157.39,157.423,103.95
2024-07-19 03:30:00+00:00,157.422,157.422,157.328,157.364,1166.91
2024-07-19 03:35:00+00:00,157.364,157.378,157.326,157.339,1010.55
2024-07-19 03:40:00+00:00,157.34,157.359,157.328,157.343,1057.68
2024-07-19 03:45:00+00:00,157.344,157.385,157.34,157.377,507.84
2024-07-19 03:50:00+00:00,157.378,157.383,157.364,157.368,516.06
2024-07-19 03:55:00+00:00,157.367,157.379,157.342,157.374,1137.69
2024-07-19 04:00:00+00:00,157.375,157.39,157.359,157.38,892.89
2024-07-19 04:05:00+00:00,157.381,157.392,157.367,157.388,617.94
2024-07-19 04:10:00+00:00,157.389,157.419,157.389,157.416,828.87
2024-07-19 04:15:00+00:00,157.417,157.45,157.396,157.442,1058.72
2024-07-19 04:20:00+00:00,157.442,157.446,157.425,157.431,614.7
2024-07-19 04:25:00+00:00,157.435,157.452,157.432,157.442,222.29
2024-07-19 04:30:00+00:00,157.441,157.451,157.427,157.427,586.89
2024-07-19 04:35:00+00:00,157.426,157.427,157.41,157.415,462.06
2024-07-19 04:40:00+00:00,157.414,157.419,157.387,157.392,517.23
2024-07-19 04:45:00+00:00,157.392,157.416,157.392,157.408,328.35
2024-07-19 04:50:00+00:00,157.409,157.436,157.408,157.431,586.0
2024-07-19 04:55:00+00:00,157.427,157.481,157.427,157.477,425.79
2024-07-19 05:00:00+00:00,157.476,157.728,157.471,157.694,2472.52
2024-07-19 05:05:00+00:00,157.692,157.727,157.663,157.701,780.09
2024-07-19 05:10:00+00:00,157.701,157.734,157.662,157.668,561.54
2024-07-19 05:15:00+00:00,157.667,157.752,157.661,157.683,1114.59
2024-07-19 05:20:00+00:00,157.681,157.72,157.671,157.705,1323.0
2024-07-19 05:25:00+00:00,157.703,157.738,157.693,157.697,699.51
2024-07-19 05:30:00+00:00,157.697,157.752,157.686,157.736,1022.82
2024-07-19 05:35:00+00:00,157.735,157.768,157.722,157.74,1104.92
2024-07-19 05:40:00+00:00,157.742,157.85,157.74,157.823,2129.62
2024-07-19 05:45:00+00:00,157.82,157.838,157.797,157.819,2477.86
2024-07-19 05:50:00+00:00,157.82,157.862,157.795,157.837,1228.92
2024-07-19 05:55:00+00:00,157.839,157.842,157.745,157.769,1100.38
2024-07-19 06:00:00+00:00,157.768,157.798,157.726,157.752,998.7
2024-07-19 06:05:00+00:00,157.751,157.822,157.735,157.789,1523.52
2024-07-19 06:10:00+00:00,157.788,157.815,157.775,157.8,1709.07
2024-07-19 06:15:00+00:00,157.799,157.801,157.742,157.775,1153.29
2024-07-19 06:20:00+00:00,157.774,157.815,157.758,157.801,557.22
2024-07-19 06:25:00+00:00,157.801,157.823,157.76,157.772,723.9
2024-07-19 06:30:00+00:00,157.774,157.791,157.7,157.709,627.66
2024-07-19 06:35:00+00:00,157.711,157.713,157.524,157.552,2609.19
2024-07-19 06:40:00+00:00,157.552,157.641,157.552,157.635,2050.41
2024-07-19 06:45:00+00:00,157.636,157.658,157.552,157.558,2524.36
2024-07-19 06:50:00+00:00,157.56,157.565,157.132,157.201,2439.19
2024-07-19 06:55:00+00:00,157.202,157.31,157.159,157.262,2225.1
2024-07-19 07:00:00+00:00,157.258,157.258,156.952,157.1,4249.79
2024-07-19 07:05:00+00:00,157.101,157.218,157.078,157.189,3132.0
2024-07-19 07:10:00+00:00,157.193,157.264,157.086,157.257,4438.17
2024-07-19 07:15:00+00:00,157.26,157.276,157.206,157.237,3108.2
2024-07-19 07:20:00+00:00,157.236,157.317,157.15,157.308,3293.42
2024-07-19 07:25:00+00:00,157.308,157.362,157.293,157.297,4390.13
2024-07-19 07:30:00+00:00,157.296,157.455,157.285,157.448,3668.18
2024-07-19 07:35:00+00:00,157.449,157.554,157.428,157.543,3301.91
2024-07-19 07:40:00+00:00,157.544,157.545,157.403,157.441,2933.78
2024-07-19 07:45:00+00:00,157.441,157.481,157.391,157.406,3700.44
2024-07-19 07:50:00+00:00,157.406,157.43,157.304,157.342,3066.69
2024-07-19 07:55:00+00:00,157.342,157.397,157.315,157.32,1892.65
2024-07-19 08:00:00+00:00,157.318,157.421,157.315,157.419,2275.05
2024-07-19 08:05:00+00:00,157.421,157.423,157.331,157.331,2468.64
2024-07-19 08:10:00+00:00,157.332,157.393,157.246,157.251,1580.98
2024-07-19 08:15:00+00:00,157.254,157.317,157.179,157.181,2550.56
2024-07-19 08:20:00+00:00,157.181,157.233,157.16,157.203,2849.4
2024-07-19 08:25:00+00:00,157.202,157.231,157.164,157.193,1608.6
2024-07-19 08:30:00+00:00,157.193,157.252,157.166,157.241,1975.62
2024-07-19 08:35:00+00:00,157.241,157.246,157.199,157.22,2261.88
2024-07-19 08:40:00+00:00,157.221,157.293,157.209,157.281,1268.01
2024-07-19 08:45:00+00:00,157.282,157.313,157.266,157.295,1484.58
2024-07-19 08:50:00+00:00,157.295,157.332,157.274,157.287,2491.62
2024-07-19 08:55:00+00:00,157.289,157.297,157.229,157.26,1659.73
2024-07-19 09:00:00+00:00,157.259,157.298,157.21,157.271,1357.41
2024-07-19 09:05:00+00:00,157.273,157.305,157.189,157.191,1677.69
2024-07-19 09:10:00+00:00,157.192,157.225,157.145,157.167,1693.74
2024-07-19 09:15:00+00:00,157.168,157.232,157.159,157.232,749.37
2024-07-19 09:20:00+00:00,157.232,157.235,157.193,157.195,337.3
2024-07-19 09:25:00+00:00,157.199,157.296,157.199,157.293,620.25
2024-07-19 09:30:00+00:00,157.294,157.307,157.275,157.306,291.3
2024-07-19 09:35:00+00:00,157.305,157.362,157.303,157.342,617.4
2024-07-19 09:40:00+00:00,157.341,157.36,157.312,157.317,814.38
2024-07-19 09:45:00+00:00,157.317,157.358,157.299,157.344,928.53
2024-07-19 09:50:00+00:00,157.342,157.401,157.342,157.391,562.05
2024-07-19 09:55:00+00:00,157.392,157.437,157.353,157.362,523.26
2024-07-19 10:00:00+00:00,157.363,157.435,157.362,157.435,909.46
2024-07-19 10:05:00+00:00,157.436,157.49,157.411,157.478,827.66
2024-07-19 10:10:00+00:00,157.478,157.546,157.474,157.523,837.14
2024-07-19 10:15:00+00:00,157.523,157.544,157.498,157.534,1103.67
2024-07-19 10:20:00+00:00,157.534,157.574,157.534,157.549,954.46
2024-07-19 10:25:00+00:00,157.549,157.565,157.496,157.496,1232.37
2024-07-19 10:30:00+00:00,157.498,157.513,157.461,157.472,318.99
2024-07-19 10:35:00+00:00,157.471,157.491,157.461,157.484,242.89
2024-07-19 10:40:00+00:00,157.483,157.494,157.433,157.447,168.81
2024-07-19 10:45:00+00:00,157.449,157.457,157.424,157.425,374.7
2024-07-19 10:50:00+00:00,157.424,157.463,157.421,157.439,1057.23
2024-07-19 10:55:00+00:00,157.44,157.497,157.434,157.456,936.59
2024-07-19 11:00:00+00:00,157.455,157.497,157.448,157.486,847.38
2024-07-19 11:05:00+00:00,157.484,157.536,157.45,157.508,2252.13
2024-07-19 11:10:00+00:00,157.508,157.536,157.447,157.454,1063.53
2024-07-19 11:15:00+00:00,157.452,157.504,157.449,157.501,880.2
2024-07-19 11:20:00+00:00,157.5,157.503,157.475,157.493,1367.52
2024-07-19 11:25:00+00:00,157.496,157.497,157.46,157.474,457.95
2024-07-19 11:30:00+00:00,157.474,157.507,157.457,157.462,1027.56
2024-07-19 11:35:00+00:00,157.463,157.487,157.411,157.418,1103.58
2024-07-19 11:40:00+00:00,157.417,157.441,157.413,157.429,685.53
2024-07-19 11:45:00+00:00,157.429,157.43,157.388,157.398,843.72
2024-07-19 11:50:00+00:00,157.395,157.395,157.327,157.361,1343.54
2024-07-19 11:55:00+00:00,157.362,157.468,157.361,157.467,1710.54
2024-07-19 12:00:00+00:00,157.468,157.527,157.423,157.504,2730.15
2024-07-19 12:05:00+00:00,157.502,157.594,157.501,157.582,1505.55
2024-07-19 12:10:00+00:00,157.584,157.587,157.539,157.565,1830.24
2024-07-19 12:15:00+00:00,157.568,157.578,157.537,157.566,1986.75
2024-07-19 12:20:00+00:00,157.564,157.676,157.555,157.638,1912.62
2024-07-19 12:25:00+00:00,157.639,157.671,157.583,157.596,1017.61
2024-07-19 12:30:00+00:00,157.596,157.611,157.549,157.597,1486.89
2024-07-19 12:35:00+00:00,157.597,157.632,157.55,157.555,1722.87
2024-07-19 12:40:00+00:00,157.553,157.612,157.55,157.604,1083.66
2024-07-19 12:45:00+00:00,157.603,157.633,157.571,157.628,2390.04
2024-07-19 12:50:00+00:00,157.629,157.636,157.605,157.634,1532.94
2024-07-19 12:55:00+00:00,157.634,157.695,157.634,157.675,2139.18
2024-07-19 13:00:00+00:00,157.674,157.675,157.639,157.668,1255.17
2024-07-19 13:05:00+00:00,157.669,157.698,157.633,157.647,2582.72
2024-07-19 13:10:00+00:00,157.647,157.671,157.632,157.67,1947.57
2024-07-19 13:15:00+00:00,157.671,157.689,157.648,157.661,1605.45
2024-07-19 13:20:00+00:00,157.66,157.674,157.523,157.563,2950.19
2024-07-19 13:25:00+00:00,157.564,157.564,157.462,157.489,2765.49
2024-07-19 13:30:00+00:00,157.488,157.56,157.471,157.477,3408.21
2024-07-19 13:35:00+00:00,157.475,157.572,157.411,157.567,3723.36
2024-07-19 13:40:00+00:00,157.566,157.6,157.524,157.546,2584.91
2024-07-19 13:45:00+00:00,157.546,157.552,157.443,157.538,3730.74
2024-07-19 13:50:00+00:00,157.538,157.547,157.492,157.514,3451.77
2024-07-19 13:55:00+00:00,157.512,157.527,157.479,157.509,3181.65
2024-07-19 14:00:00+00:00,157.51,157.528,157.464,157.467,1965.28
2024-07-19 14:05:00+00:00,157.467,157.492,157.432,157.459,2232.78
2024-07-19 14:10:00+00:00,157.464,157.495,157.429,157.439,3362.06
2024-07-19 14:15:00+00:00,157.44,157.461,157.371,157.408,1165.47
2024-07-19 14:20:00+00:00,157.406,157.431,157.376,157.418,1029.99
2024-07-19 14:25:00+00:00,157.417,157.431,157.33,157.34,1855.23
2024-07-19 14:30:00+00:00,157.337,157.369,157.302,157.354,3271.78
2024-07-19 14:35:00+00:00,157.354,157.443,157.347,157.439,1532.76
2024-07-19 14:40:00+00:00,157.438,157.44,157.342,157.343,2415.09
2024-07-19 14:45:00+00:00,157.343,157.388,157.318,157.38,1739.85
2024-07-19 14:50:00+00:00,157.379,157.384,157.263,157.318,3589.56
2024-07-19 14:55:00+00:00,157.317,157.344,157.277,157.338,2363.16
2024-07-19 15:00:00+00:00,157.338,157.354,157.318,157.33,1701.48
2024-07-19 15:05:00+00:00,157.33,157.334,157.278,157.301,3140.69
2024-07-19 15:10:00+00:00,157.301,157.314,157.277,157.311,2047.62
2024-07-19 15:15:00+00:00,157.309,157.324,157.299,157.318,588.3
2024-07-19 15:20:00+00:00,157.317,157.405,157.316,157.355,2078.16
2024-07-19 15:25:00+00:00,157.355,157.386,157.349,157.364,1352.29
2024-07-19 15:30:00+00:00,157.365,157.381,157.337,157.356,2630.58
2024-07-19 15:35:00+00:00,157.356,157.399,157.336,157.366,1483.92
2024-07-19 15:40:00+00:00,157.367,157.397,157.367,157.397,2565.99
2024-07-19 15:45:00+00:00,157.396,157.4,157.36,157.392,728.46
2024-07-19 15:50:00+00:00,157.391,157.454,157.381,157.43,1329.84
2024-07-19 15:55:00+00:00,157.428,157.43,157.381,157.389,1752.06
2024-07-19 16:00:00+00:00,157.389,157.398,157.373,157.395,1528.35
2024-07-19 16:05:00+00:00,157.396,157.402,157.373,157.389,1281.96
2024-07-19 16:10:00+00:00,157.388,157.389,157.354,157.354,359.85
2024-07-19 16:15:00+00:00,157.352,157.376,157.34,157.358,1320.99
2024-07-19 16:20:00+00:00,157.357,157.379,157.351,157.369,1457.01
2024-07-19 16:25:00+00:00,157.368,157.376,157.351,157.364,1027.68
2024-07-19 16:30:00+00:00,157.364,157.382,157.353,157.369,1039.35
2024-07-19 16:35:00+00:00,157.374,157.382,157.354,157.38,1092.54
2024-07-19 16:40:00+00:00,157.379,157.379,157.363,157.378,491.82
2024-07-19 16:45:00+00:00,157.378,157.404,157.362,157.403,867.12
2024-07-19 16:50:00+00:00,157.405,157.44,157.396,157.414,630.78
2024-07-19 16:55:00+00:00,157.414,157.416,157.402,157.413,619.35
2024-07-19 17:00:00+00:00,157.411,157.414,157.388,157.398,672.39
2024-07-19 17:05:00+00:00,157.4,157.427,157.38,157.423,1592.61
2024-07-19 17:10:00+00:00,157.423,157.427,157.4,157.405,1042.98
2024-07-19 17:15:00+00:00,157.406,157.406,157.379,157.392,517.2
2024-07-19 17:20:00+00:00,157.392,157.398,157.352,157.354,1523.19
2024-07-19 17:25:00+00:00,157.355,157.409,157.354,157.403,784.98
2024-07-19 17:30:00+00:00,157.404,157.416,157.386,157.4,1103.22
2024-07-19 17:35:00+00:00,157.401,157.404,157.389,157.399,1219.86
2024-07-19 17:40:00+00:00,157.398,157.403,157.373,157.39,1245.76
2024-07-19 17:45:00+00:00,157.39,157.416,157.386,157.402,692.7
2024-07-19 17:50:00+00:00,157.401,157.405,157.39,157.402,327.72
2024-07-19 17:55:00+00:00,157.401,157.419,157.391,157.415,482.25
2024-07-19 18:00:00+00:00,157.416,157.426,157.402,157.413,352.2
2024-07-19 18:05:00+00:00,157.413,157.425,157.409,157.425,346.95
2024-07-19 18:10:00+00:00,157.425,157.429,157.423,157.424,155.1
2024-07-19 18:15:00+00:00,157.426,157.434,157.424,157.433,243.22
2024-07-19 18:20:00+00:00,157.434,157.446,157.423,157.436,315.75
2024-07-19 18:25:00+00:00,157.437,157.475,157.437,157.47,590.37
2024-07-19 18:30:00+00:00,157.47,157.48,157.447,157.467,903.42
2024-07-19 18:35:00+00:00,157.466,157.479,157.459,157.463,1183.38
2024-07-19 18:40:00+00:00,157.464,157.492,157.461,157.486,1135.92
2024-07-19 18:45:00+00:00,157.488,157.488,157.446,157.478,757.56
2024-07-19 18:50:00+00:00,157.476,157.497,157.475,157.489,725.64
2024-07-19 18:55:00+00:00,157.487,157.496,157.482,157.487,795.9
2024-07-19 19:00:00+00:00,157.488,157.503,157.486,157.502,251.07
2024-07-19 19:05:00+00:00,157.503,157.524,157.502,157.51,367.35
2024-07-19 19:10:00+00:00,157.51,157.517,157.509,157.513,115.5
2024-07-19 19:15:00+00:00,157.514,157.516,157.501,157.511,112.2
2024-07-19 19:20:00+00:00,157.51,157.513,157.5,157.511,127.05
2024-07-19 19:25:00+00:00,157.512,157.521,157.509,157.511,97.68
2024-07-19 19:30:00+00:00,157.512,157.513,157.498,157.498,156.81
2024-07-19 19:35:00+00:00,157.497,157.509,157.496,157.499,231.93
2024-07-19 19:40:00+00:00,157.501,157.504,157.483,157.484,122.25
2024-07-19 19:45:00+00:00,157.483,157.483,157.472,157.475,137.85
2024-07-19 19:50:00+00:00,157.475,157.496,157.469,157.488,370.17
2024-07-19 19:55:00+00:00,157.489,157.51,157.487,157.499,490.44
2024-07-19 20:00:00+00:00,157.497,157.505,157.485,157.498,248.73
2024-07-19 20:05:00+00:00,157.496,157.499,157.487,157.489,107.88
2024-07-19 20:10:00+00:00,157.489,157.5,157.486,157.491,89.37
2024-07-19 20:15:00+00:00,157.492,157.492,157.464,157.464,97.44
2024-07-19 20:20:00+00:00,157.465,157.48,157.464,157.475,36.9
2024-07-19 20:25:00+00:00,157.473,157.478,157.462,157.474,82.14
2024-07-19 20:30:00+00:00,157.473,157.482,157.453,157.465,190.41
2024-07-19 20:35:00+00:00,157.466,157.485,157.464,157.476,209.88
2024-07-19 20:40:00+00:00,157.476,157.492,157.47,157.478,283.98
2024-07-19 20:45:00+00:00,157.477,157.499,157.461,157.497,171.0
2024-07-19 20:50:00+00:00,157.497,157.515,157.491,157.509,177.6
2024-07-19 20:55:00+00:00,157.52,157.527,157.401,157.475,267.78
2024-07-21 21:00:00+00:00,157.329,157.329,157.317,157.317,1.32
2024-07-21 21:05:00+00:00,157.321,157.35,157.252,157.346,20.1
2024-07-21 21:10:00+00:00,157.346,157.351,157.339,157.346,23.7
2024-07-21 21:15:00+00:00,157.346,157.351,157.336,157.347,14.85
2024-07-21 21:20:00+00:00,157.346,157.37,157.346,157.361,27.3
2024-07-21 21:25:00+00:00,157.361,157.367,157.359,157.367,16.8
2024-07-21 21:30:00+00:00,157.373,157.413,157.373,157.397,42.3
2024-07-21 21:35:00+00:00,157.396,157.408,157.395,157.401,51.0
2024-07-21 21:40:00+00:00,157.409,157.439,157.407,157.407,117.6
2024-07-21 21:45:00+00:00,157.408,157.422,157.406,157.422,60.0
2024-07-21 21:50:00+00:00,157.419,157.419,157.385,157.385,34.2
2024-07-21 21:55:00+00:00,157.387,157.388,157.357,157.362,83.4
2024-07-21 22:00:00+00:00,157.362,157.499,157.347,157.487,731.59
2024-07-21 22:05:00+00:00,157.488,157.489,157.457,157.472,215.25
2024-07-21 22:10:00+00:00,157.468,157.468,157.37,157.371,328.77
2024-07-21 22:15:00+00:00,157.371,157.378,157.349,157.351,346.8
2024-07-21 22:20:00+00:00,157.349,157.363,157.344,157.349,1093.56
2024-07-21 22:25:00+00:00,157.348,157.376,157.347,157.373,440.55
2024-07-21 22:30:00+00:00,157.369,157.379,157.352,157.352,467.16
2024-07-21 22:35:00+00:00,157.352,157.354,157.303,157.31,691.65
2024-07-21 22:40:00+00:00,157.309,157.32,157.297,157.297,289.22
2024-07-21 22:45:00+00:00,157.296,157.308,157.23,157.231,509.85
2024-07-21 22:50:00+00:00,157.232,157.284,157.229,157.284,125.4
2024-07-21 22:55:00+00:00,157.281,157.292,157.267,157.269,98.25
2024-07-21 23:00:00+00:00,157.267,157.277,157.178,157.206,1707.99
2024-07-21 23:05:00+00:00,157.204,157.248,157.204,157.247,241.95
2024-07-21 23:10:00+00:00,157.25,157.254,157.189,157.207,212.03
2024-07-21 23:15:00+00:00,157.205,157.269,157.198,157.252,782.15
2024-07-21 23:20:00+00:00,157.251,157.273,157.239,157.264,536.64
2024-07-21 23:25:00+00:00,157.263,157.265,157.213,157.219,580.88
2024-07-21 23:30:00+00:00,157.221,157.242,157.188,157.192,423.84
2024-07-21 23:35:00+00:00,157.193,157.197,157.155,157.186,336.3
2024-07-21 23:40:00+00:00,157.185,157.25,157.185,157.249,418.16
2024-07-21 23:45:00+00:00,157.251,157.359,157.251,157.333,543.0
2024-07-21 23:50:00+00:00,157.333,157.377,157.332,157.364,497.16
2024-07-21 23:55:00+00:00,157.365,157.428,157.349,157.424,1807.55
2024-07-22 00:00:00+00:00,157.423,157.431,157.369,157.382,2263.94
2024-07-22 00:05:00+00:00,157.381,157.461,157.38,157.424,1547.12
2024-07-22 00:10:00+00:00,157.423,157.426,157.338,157.371,1384.77
2024-07-22 00:15:00+00:00,157.369,157.417,157.33,157.406,683.55
2024-07-22 00:20:00+00:00,157.408,157.428,157.396,157.396,1167.96
2024-07-22 00:25:00+00:00,157.396,157.427,157.37,157.421,1474.2
2024-07-22 00:30:00+00:00,157.423,157.482,157.417,157.456,1231.02
2024-07-22 00:35:00+00:00,157.458,157.491,157.403,157.416,1730.66
2024-07-22 00:40:00+00:00,157.415,157.471,157.415,157.46,618.39
2024-07-22 00:45:00+00:00,157.459,157.475,157.423,157.425,1845.96
2024-07-22 00:50:00+00:00,157.423,157.483,157.423,157.477,1684.48
2024-07-22 00:55:00+00:00,157.477,157.477,157.4,157.424,1628.94
2024-07-22 01:00:00+00:00,157.423,157.436,157.377,157.391,940.48
2024-07-22 01:05:00+00:00,157.391,157.488,157.389,157.486,1138.98
2024-07-22 01:10:00+00:00,157.487,157.524,157.461,157.467,1491.72
2024-07-22 01:15:00+00:00,157.466,157.476,157.348,157.386,1692.61
2024-07-22 01:20:00+00:00,157.386,157.466,157.386,157.443,1617.11
2024-07-22 01:25:00+00:00,157.443,157.472,157.43,157.464,1659.84
2024-07-22 01:30:00+00:00,157.464,157.464,157.425,157.433,1340.04
2024-07-22 01:35:00+00:00,157.434,157.469,157.433,157.453,643.95
2024-07-22 01:40:00+00:00,157.454,157.464,157.436,157.441,653.43
2024-07-22 01:45:00+00:00,157.44,157.512,157.434,157.509,1033.92
2024-07-22 01:50:00+00:00,157.512,157.542,157.49,157.532,1274.32
2024-07-22 01:55:00+00:00,157.532,157.552,157.498,157.542,1768.83
2024-07-22 02:00:00+00:00,157.542,157.572,157.524,157.553,1620.06
2024-07-22 02:05:00+00:00,157.553,157.593,157.542,157.59,1205.76
2024-07-22 02:10:00+00:00,157.591,157.61,157.569,157.579,565.02
2024-07-22 02:15:00+00:00,157.578,157.61,157.562,157.583,525.66
2024-07-22 02:20:00+00:00,157.586,157.589,157.555,157.58,1128.81
2024-07-22 02:25:00+00:00,157.58,157.58,157.528,157.544,910.62
2024-07-22 02:30:00+00:00,157.545,157.591,157.525,157.578,365.7
2024-07-22 02:35:00+00:00,157.58,157.609,157.566,157.584,416.49
2024-07-22 02:40:00+00:00,157.583,157.603,157.553,157.555,234.9
2024-07-22 02:45:00+00:00,157.558,157.573,157.531,157.571,394.2
2024-07-22 02:50:00+00:00,157.57,157.576,157.556,157.557,284.1
2024-07-22 02:55:00+00:00,157.555,157.557,157.529,157.549,1716.66
2024-07-22 03:00:00+00:00,157.55,157.556,157.53,157.539,1493.62
2024-07-22 03:05:00+00:00,157.539,157.556,157.495,157.507,1119.51
2024-07-22 03:10:00+00:00,157.506,157.521,157.503,157.515,348.57
2024-07-22 03:15:00+00:00,157.517,157.528,157.504,157.528,274.14
2024-07-22 03:20:00+00:00,157.529,157.54,157.515,157.535,563.07
2024-07-22 03:25:00+00:00,157.537,157.565,157.537,157.56,148.05
2024-07-22 03:30:00+00:00,157.559,157.562,157.546,157.552,359.46
2024-07-22 03:35:00+00:00,157.552,157.566,157.537,157.54,427.5
2024-07-22 03:40:00+00:00,157.539,157.539,157.512,157.512,371.4
2024-07-22 03:45:00+00:00,157.514,157.524,157.492,157.492,995.01
2024-07-22 03:50:00+00:00,157.492,157.493,157.457,157.466,1552.74
2024-07-22 03:55:00+00:00,157.466,157.488,157.465,157.48,460.15
2024-07-22 04:00:00+00:00,157.476,157.476,157.392,157.435,1003.08
2024-07-22 04:05:00+00:00,157.435,157.465,157.434,157.459,540.42
2024-07-22 04:10:00+00:00,157.461,157.47,157.404,157.429,1865.86
2024-07-22 04:15:00+00:00,157.428,157.456,157.422,157.45,734.19
2024-07-22 04:20:00+00:00,157.449,157.484,157.437,157.472,527.96
2024-07-22 04:25:00+00:00,157.473,157.492,157.411,157.425,1566.0
2024-07-22 04:30:00+00:00,157.424,157.498,157.423,157.481,905.76
2024-07-22 04:35:00+00:00,157.481,157.512,157.481,157.506,310.23
2024-07-22 04:40:00+00:00,157.505,157.512,157.465,157.47,583.19
2024-07-22 04:45:00+00:00,157.47,157.483,157.446,157.483,471.51
2024-07-22 04:50:00+00:00,157.483,157.484,157.441,157.449,685.21
2024-07-22 04:55:00+00:00,157.452,157.454,157.432,157.442,829.95
2024-07-22 05:00:00+00:00,157.442,157.442,157.38,157.388,1046.31
2024-07-22 05:05:00+00:00,157.387,157.431,157.387,157.395,501.63
2024-07-22 05:10:00+00:00,157.4,157.401,157.267,157.318,1331.65
2024-07-22 05:15:00+00:00,157.317,157.32,157.236,157.284,1607.78
2024-07-22 05:20:00+00:00,157.284,157.321,157.141,157.168,1217.01
2024-07-22 05:25:00+00:00,157.167,157.176,157.01,157.087,1406.32
2024-07-22 05:30:00+00:00,157.088,157.139,157.06,157.124,1095.34
2024-07-22 05:35:00+00:00,157.132,157.167,157.11,157.135,1129.61
2024-07-22 05:40:00+00:00,157.135,157.199,157.11,157.125,857.85
2024-07-22 05:45:00+00:00,157.125,157.153,157.096,157.135,874.23
2024-07-22 05:50:00+00:00,157.136,157.136,157.061,157.096,1382.87
2024-07-22 05:55:00+00:00,157.095,157.095,157.035,157.036,1904.69
2024-07-22 06:00:00+00:00,157.037,157.06,156.772,156.847,4476.24
2024-07-22 06:05:00+00:00,156.848,156.856,156.637,156.649,4607.1
2024-07-22 06:10:00+00:00,156.654,156.677,156.47,156.676,5128.27
2024-07-22 06:15:00+00:00,156.677,156.77,156.63,156.721,3683.91
2024-07-22 06:20:00+00:00,156.721,156.721,156.556,156.625,3211.71
2024-07-22 06:25:00+00:00,156.624,156.655,156.484,156.596,4352.68
2024-07-22 06:30:00+00:00,156.601,156.605,156.449,156.566,4230.89
2024-07-22 06:35:00+00:00,156.562,156.566,156.436,156.516,3677.31
2024-07-22 06:40:00+00:00,156.514,156.53,156.31,156.349,4864.13
2024-07-22 06:45:00+00:00,156.357,156.424,156.284,156.408,3184.63
2024-07-22 06:50:00+00:00,156.408,156.448,156.291,156.35,2291.76
2024-07-22 06:55:00+00:00,156.349,156.498,156.349,156.447,3746.57
2024-07-22 07:00:00+00:00,156.446,156.49,156.343,156.421,4365.74
2024-07-22 07:05:00+00:00,156.42,156.546,156.415,156.523,4693.19
2024-07-22 07:10:00+00:00,156.525,156.552,156.449,156.465,4219.3
2024-07-22 07:15:00+00:00,156.465,156.503,156.418,156.45,4076.94
2024-07-22 07:20:00+00:00,156.451,156.536,156.431,156.511,2693.76
2024-07-22 07:25:00+00:00,156.512,156.536,156.469,156.53,2678.28
2024-07-22 07:30:00+00:00,156.529,156.582,156.471,156.564,3390.75
2024-07-22 07:35:00+00:00,156.564,156.712,156.562,156.685,2550.69
2024-07-22 07:40:00+00:00,156.685,156.744,156.673,156.724,2610.01
2024-07-22 07:45:00+00:00,156.724,156.731,156.676,156.705,3135.68
2024-07-22 07:50:00+00:00,156.704,156.708,156.655,156.676,1789.65
2024-07-22 07:55:00+00:00,156.678,156.844,156.678,156.81,2767.94
2024-07-22 08:00:00+00:00,156.809,156.837,156.723,156.732,1963.72
2024-07-22 08:05:00+00:00,156.731,156.759,156.677,156.696,2107.65
2024-07-22 08:10:00+00:00,156.697,156.805,156.672,156.799,3439.54
2024-07-22 08:15:00+00:00,156.8,156.857,156.784,156.842,2107.11
2024-07-22 08:20:00+00:00,156.84,156.865,156.802,156.823,3065.25
2024-07-22 08:25:00+00:00,156.823,156.872,156.823,156.857,2394.93
2024-07-22 08:30:00+00:00,156.856,156.896,156.838,156.852,2351.43
2024-07-22 08:35:00+00:00,156.852,156.89,156.849,156.859,2548.29
2024-07-22 08:40:00+00:00,156.859,156.881,156.805,156.809,2808.37
2024-07-22 08:45:00+00:00,156.809,156.96,156.809,156.925,3173.56
2024-07-22 08:50:00+00:00,156.925,156.945,156.876,156.929,2590.22
2024-07-22 08:55:00+00:00,156.929,156.932,156.794,156.794,2937.91
2024-07-22 09:00:00+00:00,156.794,156.839,156.749,156.837,3890.8
2024-07-22 09:05:00+00:00,156.837,156.856,156.728,156.753,2879.34
2024-07-22 09:10:00+00:00,156.754,156.781,156.65,156.653,2120.37
2024-07-22 09:15:00+00:00,156.649,156.683,156.622,156.653,2140.05
2024-07-22 09:20:00+00:00,156.654,156.694,156.641,156.66,1394.21
2024-07-22 09:25:00+00:00,156.664,156.741,156.63,156.709,2098.47
2024-07-22 09:30:00+00:00,156.71,156.732,156.681,156.718,3044.77
2024-07-22 09:35:00+00:00,156.72,156.763,156.692,156.75,1663.04
2024-07-22 09:40:00+00:00,156.751,156.751,156.674,156.72,1753.35
2024-07-22 09:45:00+00:00,156.72,156.725,156.659,156.675,2053.64
2024-07-22 09:50:00+00:00,156.675,156.675,156.61,156.62,2449.44
2024-07-22 09:55:00+00:00,156.622,156.692,156.62,156.691,976.98
2024-07-22 10:00:00+00:00,156.69,156.696,156.608,156.609,2305.31
2024-07-22 10:05:00+00:00,156.61,156.624,156.564,156.58,2014.76
2024-07-22 10:10:00+00:00,156.578,156.628,156.569,156.575,1572.52
2024-07-22 10:15:00+00:00,156.575,156.637,156.555,156.635,1155.48
2024-07-22 10:20:00+00:00,156.636,156.654,156.618,156.65,1120.68
2024-07-22 10:25:00+00:00,156.651,156.664,156.622,156.626,1007.19
2024-07-22 10:30:00+00:00,156.626,156.638,156.584,156.593,1003.27
2024-07-22 10:35:00+00:00,156.593,156.762,156.575,156.759,1768.94
2024-07-22 10:40:00+00:00,156.76,156.885,156.75,156.809,2309.43
2024-07-22 10:45:00+00:00,156.809,156.886,156.798,156.87,1195.85
2024-07-22 10:50:00+00:00,156.877,156.953,156.877,156.88,2216.96
2024-07-22 10:55:00+00:00,156.878,156.879,156.811,156.837,2107.69
2024-07-22 11:00:00+00:00,156.826,156.842,156.791,156.831,1830.69
2024-07-22 11:05:00+00:00,156.831,156.898,156.821,156.837,2497.41
2024-07-22 11:10:00+00:00,156.838,156.851,156.764,156.773,1642.32
2024-07-22 11:15:00+00:00,156.772,156.772,156.708,156.713,1368.75
2024-07-22 11:20:00+00:00,156.714,156.756,156.71,156.755,1227.45
2024-07-22 11:25:00+00:00,156.755,156.805,156.723,156.803,1153.95
2024-07-22 11:30:00+00:00,156.803,156.841,156.79,156.809,1684.08
2024-07-22 11:35:00+00:00,156.809,156.811,156.664,156.676,2100.65
2024-07-22 11:40:00+00:00,156.675,156.704,156.655,156.699,2400.81
2024-07-22 11:45:00+00:00,156.699,156.784,156.67,156.764,1585.53
2024-07-22 11:50:00+00:00,156.764,156.868,156.763,156.861,2919.87
2024-07-22 11:55:00+00:00,156.86,156.885,156.838,156.854,2606.88
2024-07-22 12:00:00+00:00,156.854,156.913,156.828,156.83,3073.34
2024-07-22 12:05:00+00:00,156.826,156.877,156.814,156.873,2436.09
2024-07-22 12:10:00+00:00,156.873,156.928,156.846,156.928,2739.25
2024-07-22 12:15:00+00:00,156.927,156.934,156.878,156.888,2388.99
2024-07-22 12:20:00+00:00,156.889,156.892,156.83,156.862,2664.65
2024-07-22 12:25:00+00:00,156.864,156.893,156.819,156.893,1288.05
2024-07-22 12:30:00+00:00,156.892,157.089,156.89,157.002,2910.1
2024-07-22 12:35:00+00:00,156.999,157.062,156.992,157.026,1843.65
2024-07-22 12:40:00+00:00,157.026,157.05,157.01,157.038,2479.2
2024-07-22 12:45:00+00:00,157.039,157.06,156.909,156.913,3325.98
2024-07-22 12:50:00+00:00,156.91,156.912,156.838,156.889,1712.4
2024-07-22 12:55:00+00:00,156.888,156.889,156.788,156.792,1220.19
2024-07-22 13:00:00+00:00,156.79,156.823,156.752,156.754,1354.78
2024-07-22 13:05:00+00:00,156.754,156.813,156.692,156.761,3333.9
2024-07-22 13:10:00+00:00,156.761,156.787,156.741,156.782,2022.39
2024-07-22 13:15:00+00:00,156.781,156.824,156.775,156.78,2079.39
2024-07-22 13:20:00+00:00,156.78,156.869,156.752,156.867,2079.96
2024-07-22 13:25:00+00:00,156.868,156.889,156.829,156.857,2094.14
2024-07-22 13:30:00+00:00,156.857,156.893,156.784,156.784,2844.74
2024-07-22 13:35:00+00:00,156.788,156.904,156.788,156.852,2855.25
2024-07-22 13:40:00+00:00,156.851,156.877,156.802,156.865,2307.99
2024-07-22 13:45:00+00:00,156.867,156.882,156.819,156.854,2374.05
2024-07-22 13:50:00+00:00,156.854,156.865,156.816,156.829,2232.99
2024-07-22 13:55:00+00:00,156.83,156.92,156.83,156.859,2579.4
2024-07-22 14:00:00+00:00,156.861,156.864,156.754,156.809,1525.14
2024-07-22 14:05:00+00:00,156.81,156.818,156.754,156.77,1053.21
2024-07-22 14:10:00+00:00,156.771,156.812,156.755,156.811,1381.65
2024-07-22 14:15:00+00:00,156.81,156.869,156.795,156.869,1557.66
2024-07-22 14:20:00+00:00,156.873,156.95,156.856,156.932,2959.25
2024-07-22 14:25:00+00:00,156.933,156.954,156.902,156.913,3302.25
2024-07-22 14:30:00+00:00,156.913,156.932,156.902,156.904,2298.63
2024-07-22 14:35:00+00:00,156.904,156.929,156.888,156.902,2381.4
2024-07-22 14:40:00+00:00,156.9,156.9,156.849,156.856,2119.63
2024-07-22 14:45:00+00:00,156.857,156.909,156.838,156.893,1948.29
2024-07-22 14:50:00+00:00,156.894,156.941,156.842,156.935,2030.39
2024-07-22 14:55:00+00:00,156.936,156.944,156.872,156.874,2602.19
2024-07-22 15:00:00+00:00,156.875,156.899,156.865,156.876,1980.42
2024-07-22 15:05:00+00:00,156.878,156.955,156.877,156.939,1084.47
2024-07-22 15:10:00+00:00,156.939,156.973,156.909,156.955,1223.67
2024-07-22 15:15:00+00:00,156.954,157.049,156.948,157.001,1860.5
2024-07-22 15:20:00+00:00,157.0,157.04,156.972,156.98,1811.99
2024-07-22 15:25:00+00:00,156.979,157.018,156.973,157.01,1511.1
2024-07-22 15:30:00+00:00,157.011,157.049,156.989,157.046,1747.35
2024-07-22 15:35:00+00:00,157.047,157.121,157.035,157.121,3096.0
2024-07-22 15:40:00+00:00,157.122,157.125,157.082,157.104,1980.87
2024-07-22 15:45:00+00:00,157.103,157.131,157.073,157.123,2313.01
2024-07-22 15:50:00+00:00,157.122,157.146,157.119,157.138,1614.75
2024-07-22 15:55:00+00:00,157.139,157.146,157.082,157.086,2832.45
2024-07-22 16:00:00+00:00,157.086,157.131,157.085,157.103,2487.08
2024-07-22 16:05:00+00:00,157.103,157.108,157.063,157.076,2170.41
2024-07-22 16:10:00+00:00,157.075,157.101,157.071,157.082,1176.63
2024-07-22 16:15:00+00:00,157.081,157.083,157.057,157.071,593.7
2024-07-22 16:20:00+00:00,157.07,157.082,157.057,157.072,457.35
2024-07-22 16:25:00+00:00,157.072,157.088,157.068,157.071,1172.25
2024-07-22 16:30:00+00:00,157.071,157.083,157.056,157.07,1870.05
2024-07-22 16:35:00+00:00,157.071,157.072,157.031,157.046,867.88
2024-07-22 16:40:00+00:00,157.047,157.06,157.032,157.058,665.67
2024-07-22 16:45:00+00:00,157.058,157.061,157.047,157.058,634.5
2024-07-22 16:50:00+00:00,157.058,157.085,157.055,157.07,686.31
2024-07-22 16:55:00+00:00,157.068,157.084,157.062,157.073,356.79
2024-07-22 17:00:00+00:00,157.073,157.073,157.043,157.046,280.08
2024-07-22 17:05:00+00:00,157.045,157.063,157.033,157.038,1195.26
2024-07-22 17:10:00+00:00,157.037,157.073,157.033,157.073,890.52
2024-07-22 17:15:00+00:00,157.073,157.124,157.073,157.124,1076.76
2024-07-22 17:20:00+00:00,157.125,157.142,157.123,157.137,996.48
2024-07-22 17:25:00+00:00,157.136,157.137,157.085,157.087,1058.55
2024-07-22 17:30:00+00:00,157.086,157.113,157.075,157.078,1146.09
2024-07-22 17:35:00+00:00,157.081,157.093,157.073,157.076,868.38
2024-07-22 17:40:00+00:00,157.074,157.089,157.071,157.087,325.95
2024-07-22 17:45:00+00:00,157.087,157.147,157.082,157.146,1372.32
2024-07-22 17:50:00+00:00,157.148,157.151,157.125,157.145,638.94
2024-07-22 17:55:00+00:00,157.146,157.15,157.131,157.138,410.55
2024-07-22 18:00:00+00:00,157.136,157.168,157.136,157.168,792.48
2024-07-22 18:05:00+00:00,157.165,157.17,157.144,157.146,1581.14
2024-07-22 18:10:00+00:00,157.148,157.15,157.133,157.146,473.16
2024-07-22 18:15:00+00:00,157.145,157.149,157.097,157.107,584.58
2024-07-22 18:20:00+00:00,157.107,157.111,157.084,157.099,735.27
2024-07-22 18:25:00+00:00,157.1,157.109,157.093,157.097,675.63
2024-07-22 18:30:00+00:00,157.097,157.109,157.095,157.109,946.41
2024-07-22 18:35:00+00:00,157.108,157.124,157.106,157.107,721.05
2024-07-22 18:40:00+00:00,157.107,157.12,157.104,157.119,522.0
2024-07-22 18:45:00+00:00,157.116,157.116,157.086,157.095,615.54
2024-07-22 18:50:00+00:00,157.095,157.1,157.083,157.094,898.93
2024-07-22 18:55:00+00:00,157.095,157.098,157.055,157.063,1613.08
2024-07-22 19:00:00+00:00,157.064,157.113,157.059,157.107,1184.46
2024-07-22 19:05:00+00:00,157.108,157.114,157.095,157.097,798.63
2024-07-22 19:10:00+00:00,157.098,157.1,157.066,157.073,915.0
2024-07-22 19:15:00+00:00,157.072,157.1,157.071,157.099,840.72
2024-07-22 19:20:00+00:00,157.098,157.1,157.086,157.091,72.6
2024-07-22 19:25:00+00:00,157.088,157.103,157.086,157.102,93.9
2024-07-22 19:30:00+00:00,157.1,157.112,157.084,157.104,623.13
2024-07-22 19:35:00+00:00,157.104,157.105,157.099,157.101,138.3
2024-07-22 19:40:00+00:00,157.102,157.107,157.099,157.107,434.4
2024-07-22 19:45:00+00:00,157.107,157.118,157.101,157.107,525.6
2024-07-22 19:50:00+00:00,157.108,157.116,157.102,157.115,777.0
2024-07-22 19:55:00+00:00,157.116,157.117,157.079,157.079,787.8
2024-07-22 20:00:00+00:00,157.08,157.098,157.06,157.068,151.56
2024-07-22 20:05:00+00:00,157.07,157.075,157.064,157.075,271.29
2024-07-22 20:10:00+00:00,157.074,157.076,157.072,157.076,96.0
2024-07-22 20:15:00+00:00,157.074,157.083,157.071,157.083,49.8
2024-07-22 20:20:00+00:00,157.083,157.083,157.063,157.066,82.11
2024-07-22 20:25:00+00:00,157.067,157.086,157.066,157.067,282.87
2024-07-22 20:30:00+00:00,157.065,157.083,157.063,157.082,164.37
2024-07-22 20:35:00+00:00,157.082,157.09,157.08,157.081,264.33
2024-07-22 20:40:00+00:00,157.081,157.089,157.08,157.083,85.83
2024-07-22 20:45:00+00:00,157.084,157.084,157.069,157.069,87.06
2024-07-22 20:50:00+00:00,157.07,157.072,157.069,157.069,24.6
2024-07-22 20:55:00+00:00,157.066,157.068,157.0,157.001,151.02
2024-07-22 21:00:00+00:00,157.001,157.001,156.956,156.956,32.94
2024-07-22 21:05:00+00:00,156.958,156.974,156.957,156.972,29.7
2024-07-22 21:10:00+00:00,156.97,156.971,156.864,156.881,102.51
2024-07-22 21:15:00+00:00,156.882,156.921,156.881,156.903,37.56
2024-07-22 21:20:00+00:00,156.905,156.905,156.9,156.902,24.45
2024-07-22 21:25:00+00:00,156.902,156.932,156.899,156.913,21.75
2024-07-22 21:30:00+00:00,156.914,156.936,156.911,156.936,29.52
2024-07-22 21:35:00+00:00,156.933,156.94,156.917,156.937,38.7
2024-07-22 21:40:00+00:00,156.918,156.938,156.91,156.914,23.43
2024-07-22 21:45:00+00:00,156.918,156.943,156.918,156.943,32.64
2024-07-22 21:50:00+00:00,156.925,156.943,156.922,156.943,27.18
2024-07-22 21:55:00+00:00,156.943,156.944,156.925,156.933,16.89
2024-07-22 22:00:00+00:00,156.939,157.026,156.93,156.986,366.3
2024-07-22 22:05:00+00:00,156.982,156.998,156.971,156.991,206.13
2024-07-22 22:10:00+00:00,156.991,156.996,156.972,156.976,297.75
2024-07-22 22:15:00+00:00,156.976,156.99,156.972,156.987,574.8
2024-07-22 22:20:00+00:00,156.99,157.044,156.987,157.039,522.32
2024-07-22 22:25:00+00:00,157.038,157.039,157.003,157.03,237.6
2024-07-22 22:30:00+00:00,157.031,157.074,157.03,157.074,165.03
2024-07-22 22:35:00+00:00,157.075,157.076,157.043,157.05,215.4
2024-07-22 22:40:00+00:00,157.049,157.053,157.038,157.038,128.1
2024-07-22 22:45:00+00:00,157.037,157.037,157.024,157.024,113.85
2024-07-22 22:50:00+00:00,157.027,157.027,157.015,157.02,37.05
2024-07-22 22:55:00+00:00,157.02,157.038,157.01,157.038,324.45
2024-07-22 23:00:00+00:00,157.037,157.04,157.021,157.04,939.45
2024-07-22 23:05:00+00:00,157.045,157.068,157.038,157.062,894.3
2024-07-22 23:10:00+00:00,157.063,157.09,157.062,157.073,464.07
2024-07-22 23:15:00+00:00,157.074,157.074,157.049,157.051,790.5
2024-07-22 23:20:00+00:00,157.05,157.052,157.012,157.024,518.1
2024-07-22 23:25:00+00:00,157.025,157.044,157.015,157.027,277.5
2024-07-22 23:30:00+00:00,157.034,157.101,157.025,157.081,502.08
2024-07-22 23:35:00+00:00,157.081,157.085,157.033,157.033,1434.18
2024-07-22 23:40:00+00:00,157.033,157.06,157.022,157.055,692.61
2024-07-22 23:45:00+00:00,157.058,157.067,157.009,157.011,1165.02
2024-07-22 23:50:00+00:00,157.012,157.027,156.907,156.913,1176.0
2024-07-22 23:55:00+00:00,156.911,156.935,156.885,156.903,1037.1
2024-07-23 00:00:00+00:00,156.901,156.927,156.74,156.753,3199.34
2024-07-23 00:05:00+00:00,156.752,156.794,156.688,156.712,2385.53
2024-07-23 00:10:00+00:00,156.711,156.833,156.678,156.815,2036.15
2024-07-23 00:15:00+00:00,156.814,156.814,156.739,156.765,1296.48
2024-07-23 00:20:00+00:00,156.765,156.857,156.742,156.825,1404.06
2024-07-23 00:25:00+00:00,156.827,156.888,156.78,156.867,1934.06
2024-07-23 00:30:00+00:00,156.866,156.866,156.808,156.863,625.67
2024-07-23 00:35:00+00:00,156.862,156.862,156.763,156.791,2211.62
2024-07-23 00:40:00+00:00,156.794,156.805,156.752,156.752,988.38
2024-07-23 00:45:00+00:00,156.753,156.781,156.649,156.674,2215.27
2024-07-23 00:50:00+00:00,156.672,156.729,156.645,156.694,2056.61
2024-07-23 00:55:00+00:00,156.698,156.776,156.647,156.656,1961.66
2024-07-23 01:00:00+00:00,156.658,156.701,156.579,156.701,1577.73
2024-07-23 01:05:00+00:00,156.702,156.775,156.694,156.704,1022.26
2024-07-23 01:10:00+00:00,156.704,156.743,156.624,156.722,2865.21
2024-07-23 01:15:00+00:00,156.721,156.755,156.695,156.703,2572.23
2024-07-23 01:20:00+00:00,156.705,156.749,156.703,156.744,1273.73
2024-07-23 01:25:00+00:00,156.746,156.848,156.735,156.803,2513.48
2024-07-23 01:30:00+00:00,156.808,156.813,156.762,156.775,1439.25
2024-07-23 01:35:00+00:00,156.78,156.782,156.735,156.737,1297.45
2024-07-23 01:40:00+00:00,156.737,156.756,156.71,156.754,929.07
2024-07-23 01:45:00+00:00,156.756,156.78,156.735,156.735,612.12
2024-07-23 01:50:00+00:00,156.74,156.754,156.7,156.751,609.54
2024-07-23 01:55:00+00:00,156.751,156.751,156.63,156.704,1180.03
2024-07-23 02:00:00+00:00,156.706,156.731,156.683,156.722,768.15
2024-07-23 02:05:00+00:00,156.722,156.726,156.632,156.675,848.58
2024-07-23 02:10:00+00:00,156.676,156.736,156.675,156.733,1144.78
2024-07-23 02:15:00+00:00,156.733,156.736,156.676,156.706,681.93
2024-07-23 02:20:00+00:00,156.706,156.766,156.642,156.716,1107.54
2024-07-23 02:25:00+00:00,156.715,156.726,156.686,156.711,738.89
2024-07-23 02:30:00+00:00,156.711,156.713,156.664,156.683,463.02
2024-07-23 02:35:00+00:00,156.683,156.695,156.545,156.548,867.3
2024-07-23 02:40:00+00:00,156.549,156.602,156.519,156.591,955.76
2024-07-23 02:45:00+00:00,156.591,156.613,156.552,156.592,506.64
2024-07-23 02:50:00+00:00,156.593,156.627,156.57,156.618,820.92
2024-07-23 02:55:00+00:00,156.618,156.653,156.593,156.632,841.57
2024-07-23 03:00:00+00:00,156.636,156.668,156.58,156.586,1586.49
2024-07-23 03:05:00+00:00,156.587,156.635,156.587,156.622,602.51
2024-07-23 03:10:00+00:00,156.622,156.626,156.6,156.6,1004.1
2024-07-23 03:15:00+00:00,156.599,156.62,156.564,156.575,1652.55
2024-07-23 03:20:00+00:00,156.575,156.586,156.388,156.413,2398.38
2024-07-23 03:25:00+00:00,156.414,156.434,156.357,156.427,2746.8
2024-07-23 03:30:00+00:00,156.428,156.445,156.339,156.386,2482.56
2024-07-23 03:35:00+00:00,156.386,156.404,156.328,156.373,1811.28
2024-07-23 03:40:00+00:00,156.371,156.428,156.348,156.416,2014.2
2024-07-23 03:45:00+00:00,156.414,156.428,156.363,156.377,1021.01
2024-07-23 03:50:00+00:00,156.378,156.38,156.2,156.236,3686.44
2024-07-23 03:55:00+00:00,156.235,156.312,156.197,156.279,1677.3
2024-07-23 04:00:00+00:00,156.279,156.348,156.256,156.346,1358.73
2024-07-23 04:05:00+00:00,156.346,156.347,156.255,156.274,1295.94
2024-07-23 04:10:00+00:00,156.276,156.356,156.276,156.321,1528.14
2024-07-23 04:15:00+00:00,156.322,156.377,156.318,156.362,1421.28
2024-07-23 04:20:00+00:00,156.36,156.385,156.328,156.33,1256.04
2024-07-23 04:25:00+00:00,156.333,156.333,156.278,156.283,1608.57
2024-07-23 04:30:00+00:00,156.29,156.361,156.284,156.32,1311.45
2024-07-23 04:35:00+00:00,156.321,156.361,156.303,156.315,1333.95
2024-07-23 04:40:00+00:00,156.316,156.316,156.205,156.21,1054.17
2024-07-23 04:45:00+00:00,156.21,156.292,156.207,156.25,1571.86
2024-07-23 04:50:00+00:00,156.248,156.323,156.244,156.302,1295.41
2024-07-23 04:55:00+00:00,156.303,156.345,156.296,156.304,980.26
2024-07-23 05:00:00+00:00,156.304,156.345,156.264,156.279,1883.01
2024-07-23 05:05:00+00:00,156.28,156.438,156.28,156.389,1640.82
2024-07-23 05:10:00+00:00,156.389,156.449,156.389,156.42,1374.86
2024-07-23 05:15:00+00:00,156.421,156.439,156.37,156.385,1386.09
2024-07-23 05:20:00+00:00,156.387,156.412,156.351,156.38,1220.34
2024-07-23 05:25:00+00:00,156.383,156.422,156.382,156.414,858.15
2024-07-23 05:30:00+00:00,156.414,156.424,156.38,156.382,1593.57
2024-07-23 05:35:00+00:00,156.382,156.394,156.303,156.32,1329.52
2024-07-23 05:40:00+00:00,156.32,156.399,156.32,156.399,841.56
2024-07-23 05:45:00+00:00,156.399,156.419,156.357,156.368,614.55
2024-07-23 05:50:00+00:00,156.369,156.385,156.341,156.383,282.72
2024-07-23 05:55:00+00:00,156.382,156.382,156.311,156.314,1068.83
2024-07-23 06:00:00+00:00,156.315,156.339,156.22,156.297,2633.66
2024-07-23 06:05:00+00:00,156.298,156.354,156.289,156.32,2397.01
2024-07-23 06:10:00+00:00,156.318,156.534,156.311,156.517,2414.76
2024-07-23 06:15:00+00:00,156.521,156.568,156.479,156.567,2835.3
2024-07-23 06:20:00+00:00,156.571,156.576,156.493,156.496,2697.45
2024-07-23 06:25:00+00:00,156.497,156.553,156.482,156.53,2021.64
2024-07-23 06:30:00+00:00,156.531,156.548,156.484,156.491,2364.39
2024-07-23 06:35:00+00:00,156.491,156.501,156.42,156.472,2979.57
2024-07-23 06:40:00+00:00,156.47,156.523,156.431,156.49,2100.5
2024-07-23 06:45:00+00:00,156.491,156.551,156.491,156.513,2161.98
2024-07-23 06:50:00+00:00,156.512,156.622,156.509,156.6,2808.27
2024-07-23 06:55:00+00:00,156.601,156.607,156.57,156.586,1298.55
2024-07-23 07:00:00+00:00,156.585,156.635,156.547,156.586,2870.87
2024-07-23 07:05:00+00:00,156.585,156.597,156.51,156.574,2185.53
2024-07-23 07:10:00+00:00,156.574,156.581,156.5,156.54,969.66
2024-07-23 07:15:00+00:00,156.541,156.58,156.472,156.527,3174.81
2024-07-23 07:20:00+00:00,156.528,156.529,156.459,156.51,2636.14
2024-07-23 07:25:00+00:00,156.51,156.519,156.434,156.482,3291.33
2024-07-23 07:30:00+00:00,156.487,156.495,156.32,156.366,4233.76
2024-07-23 07:35:00+00:00,156.368,156.402,156.31,156.4,4007.04
2024-07-23 07:40:00+00:00,156.4,156.415,156.263,156.333,4135.05
2024-07-23 07:45:00+00:00,156.332,156.343,156.075,156.087,4389.9
2024-07-23 07:50:00+00:00,156.087,156.115,156.017,156.023,4406.54
2024-07-23 07:55:00+00:00,156.023,156.082,155.929,156.04,4849.3
2024-07-23 08:00:00+00:00,156.04,156.12,155.962,156.088,5404.24
2024-07-23 08:05:00+00:00,156.088,156.125,156.024,156.125,4274.03
2024-07-23 08:10:00+00:00,156.125,156.133,156.067,156.095,3123.0
2024-07-23 08:15:00+00:00,156.094,156.094,155.872,155.898,5022.18
2024-07-23 08:20:00+00:00,155.897,155.961,155.849,155.904,3544.09
2024-07-23 08:25:00+00:00,155.908,155.974,155.9,155.95,3119.55
2024-07-23 08:30:00+00:00,155.951,155.955,155.876,155.881,2514.1
2024-07-23 08:35:00+00:00,155.881,155.935,155.823,155.929,2249.7
2024-07-23 08:40:00+00:00,155.93,155.949,155.864,155.925,2337.07
2024-07-23 08:45:00+00:00,155.925,155.967,155.881,155.92,1923.23
2024-07-23 08:50:00+00:00,155.923,155.943,155.853,155.926,1313.04
2024-07-23 08:55:00+00:00,155.927,156.032,155.927,156.011,1498.55
2024-07-23 09:00:00+00:00,156.011,156.071,156.009,156.051,2906.97
2024-07-23 09:05:00+00:00,156.05,156.064,155.989,155.999,1773.87
2024-07-23 09:10:00+00:00,156.001,156.001,155.928,155.983,2588.75
2024-07-23 09:15:00+00:00,155.984,156.022,155.966,156.003,3159.57
2024-07-23 09:20:00+00:00,156.003,156.014,155.92,155.932,2012.31
2024-07-23 09:25:00+00:00,155.932,155.981,155.929,155.952,1414.45
2024-07-23 09:30:00+00:00,155.952,155.969,155.921,155.942,1416.48
2024-07-23 09:35:00+00:00,155.942,155.942,155.854,155.855,1495.68
2024-07-23 09:40:00+00:00,155.855,155.94,155.819,155.926,1595.85
2024-07-23 09:45:00+00:00,155.926,155.95,155.903,155.91,1857.3
2024-07-23 09:50:00+00:00,155.91,155.964,155.909,155.937,1861.95
2024-07-23 09:55:00+00:00,155.937,155.975,155.905,155.944,1377.9
2024-07-23 10:00:00+00:00,155.945,155.965,155.919,155.942,1315.66
2024-07-23 10:05:00+00:00,155.945,156.052,155.935,156.05,1203.9
2024-07-23 10:10:00+00:00,156.051,156.131,156.05,156.08,974.34
2024-07-23 10:15:00+00:00,156.078,156.101,156.039,156.04,2259.63
2024-07-23 10:20:00+00:00,156.041,156.14,156.041,156.114,2025.15
2024-07-23 10:25:00+00:00,156.115,156.161,156.111,156.132,2155.76
2024-07-23 10:30:00+00:00,156.133,156.139,156.077,156.085,1807.05
2024-07-23 10:35:00+00:00,156.086,156.09,156.049,156.086,1359.78
2024-07-23 10:40:00+00:00,156.089,156.104,156.071,156.072,1958.27
2024-07-23 10:45:00+00:00,156.071,156.089,156.048,156.066,1676.43
2024-07-23 10:50:00+00:00,156.064,156.066,156.013,156.037,1531.98
2024-07-23 10:55:00+00:00,156.038,156.078,156.035,156.046,1538.49
2024-07-23 11:00:00+00:00,156.046,156.137,156.034,156.122,1787.04
2024-07-23 11:05:00+00:00,156.123,156.189,156.121,156.133,1700.42
2024-07-23 11:10:00+00:00,156.135,156.145,156.104,156.131,1005.42
2024-07-23 11:15:00+00:00,156.133,156.145,156.073,156.125,2146.23
2024-07-23 11:20:00+00:00,156.125,156.149,156.061,156.063,2746.65
2024-07-23 11:25:00+00:00,156.064,156.107,156.037,156.106,2485.2
2024-07-23 11:30:00+00:00,156.104,156.144,156.093,156.126,1086.57
2024-07-23 11:35:00+00:00,156.125,156.167,156.112,156.167,2984.1
2024-07-23 11:40:00+00:00,156.165,156.166,156.109,156.155,2353.83
2024-07-23 11:45:00+00:00,156.155,156.161,156.117,156.118,1569.45
2024-07-23 11:50:00+00:00,156.117,156.154,156.096,156.149,1137.06
2024-07-23 11:55:00+00:00,156.148,156.157,156.119,156.153,2580.84
2024-07-23 12:00:00+00:00,156.154,156.185,156.138,156.184,2942.31
2024-07-23 12:05:00+00:00,156.182,156.249,156.18,156.207,3115.17
2024-07-23 12:10:00+00:00,156.207,156.228,156.191,156.213,1407.84
2024-07-23 12:15:00+00:00,156.21,156.225,156.181,156.192,873.42
2024-07-23 12:20:00+00:00,156.192,156.265,156.189,156.243,2029.12
2024-07-23 12:25:00+00:00,156.243,156.252,156.218,156.25,1836.6
2024-07-23 12:30:00+00:00,156.25,156.253,156.185,156.208,2342.64
2024-07-23 12:35:00+00:00,156.207,156.226,156.071,156.101,1752.0
2024-07-23 12:40:00+00:00,156.104,156.112,156.029,156.07,3661.41
2024-07-23 12:45:00+00:00,156.068,156.074,155.954,155.964,4273.68
2024-07-23 12:50:00+00:00,155.964,156.065,155.942,156.041,4422.91
2024-07-23 12:55:00+00:00,156.041,156.042,155.979,156.027,2867.04
2024-07-23 13:00:00+00:00,156.028,156.102,156.007,156.064,2735.58
2024-07-23 13:05:00+00:00,156.064,156.096,155.987,156.07,4437.72
2024-07-23 13:10:00+00:00,156.072,156.072,156.033,156.065,3395.55
2024-07-23 13:15:00+00:00,156.064,156.108,156.049,156.094,1507.5
2024-07-23 13:20:00+00:00,156.093,156.13,156.089,156.13,2232.42
2024-07-23 13:25:00+00:00,156.131,156.159,156.12,156.125,2536.92
2024-07-23 13:30:00+00:00,156.126,156.2,156.119,156.196,3741.35
2024-07-23 13:35:00+00:00,156.196,156.209,156.108,156.109,2488.53
2024-07-23 13:40:00+00:00,156.11,156.133,156.084,156.106,2240.94
2024-07-23 13:45:00+00:00,156.107,156.127,156.047,156.087,2425.23
2024-07-23 13:50:00+00:00,156.087,156.13,156.072,156.099,2950.14
2024-07-23 13:55:00+00:00,156.097,156.112,156.071,156.092,1238.07
2024-07-23 14:00:00+00:00,156.089,156.089,155.987,156.037,2035.81
2024-07-23 14:05:00+00:00,156.037,156.079,156.018,156.072,2813.61
2024-07-23 14:10:00+00:00,156.073,156.075,155.991,156.018,2729.22
2024-07-23 14:15:00+00:00,156.018,156.151,156.009,156.149,2118.21
2024-07-23 14:20:00+00:00,156.148,156.184,156.131,156.184,2665.13
2024-07-23 14:25:00+00:00,156.186,156.196,156.079,156.096,2078.82
2024-07-23 14:30:00+00:00,156.098,156.123,156.071,156.078,1684.6
2024-07-23 14:35:00+00:00,156.077,156.107,156.047,156.094,2052.24
2024-07-23 14:40:00+00:00,156.091,156.103,156.031,156.035,1642.17
2024-07-23 14:45:00+00:00,156.034,156.064,156.018,156.023,1047.12
2024-07-23 14:50:00+00:00,156.024,156.049,155.971,155.99,2543.28
2024-07-23 14:55:00+00:00,155.991,156.026,155.976,155.979,1613.22
2024-07-23 15:00:00+00:00,155.982,156.048,155.98,156.032,1404.32
2024-07-23 15:05:00+00:00,156.03,156.043,156.006,156.028,542.25
2024-07-23 15:10:00+00:00,156.029,156.089,156.011,156.03,443.82
2024-07-23 15:15:00+00:00,156.028,156.055,156.012,156.023,955.56
2024-07-23 15:20:00+00:00,156.023,156.04,156.012,156.03,2080.59
2024-07-23 15:25:00+00:00,156.034,156.037,156.004,156.026,1127.49
2024-07-23 15:30:00+00:00,156.025,156.025,155.977,155.981,1140.03
2024-07-23 15:35:00+00:00,155.981,155.994,155.949,155.952,714.27
2024-07-23 15:40:00+00:00,155.953,155.967,155.945,155.956,948.24
2024-07-23 15:45:00+00:00,155.955,156.014,155.952,156.005,1312.5
2024-07-23 15:50:00+00:00,156.006,156.006,155.984,155.992,2044.92
2024-07-23 15:55:00+00:00,155.992,156.027,155.99,156.021,1907.4
2024-07-23 16:00:00+00:00,156.02,156.054,156.015,156.024,512.97
2024-07-23 16:05:00+00:00,156.021,156.025,156.002,156.019,899.34
2024-07-23 16:10:00+00:00,156.02,156.024,155.996,156.0,768.3
2024-07-23 16:15:00+00:00,156.001,156.026,155.998,156.017,230.4
2024-07-23 16:20:00+00:00,156.018,156.025,155.988,156.013,1572.03
2024-07-23 16:25:00+00:00,156.012,156.024,155.969,155.969,387.0
2024-07-23 16:30:00+00:00,155.97,155.975,155.945,155.951,854.76
2024-07-23 16:35:00+00:00,155.95,155.953,155.888,155.907,807.06
2024-07-23 16:40:00+00:00,155.905,155.905,155.694,155.762,1905.2
2024-07-23 16:45:00+00:00,155.762,155.82,155.76,155.792,1330.62
2024-07-23 16:50:00+00:00,155.791,155.831,155.762,155.83,665.31
2024-07-23 16:55:00+00:00,155.831,155.848,155.781,155.781,1543.33
2024-07-23 17:00:00+00:00,155.783,155.805,155.723,155.783,2313.21
2024-07-23 17:05:00+00:00,155.783,155.789,155.636,155.698,2788.66
2024-07-23 17:10:00+00:00,155.699,155.765,155.696,155.737,1266.84
2024-07-23 17:15:00+00:00,155.733,155.761,155.722,155.725,1632.29
2024-07-23 17:20:00+00:00,155.725,155.739,155.686,155.701,1476.58
2024-07-23 17:25:00+00:00,155.702,155.705,155.579,155.605,1801.95
2024-07-23 17:30:00+00:00,155.605,155.646,155.582,155.633,1277.2
2024-07-23 17:35:00+00:00,155.636,155.682,155.636,155.642,394.71
2024-07-23 17:40:00+00:00,155.644,155.658,155.577,155.612,851.01
2024-07-23 17:45:00+00:00,155.612,155.642,155.604,155.632,594.69
2024-07-23 17:50:00+00:00,155.63,155.681,155.608,155.65,2000.64
2024-07-23 17:55:00+00:00,155.651,155.713,155.651,155.69,1842.81
2024-07-23 18:00:00+00:00,155.689,155.733,155.669,155.712,898.64
2024-07-23 18:05:00+00:00,155.711,155.73,155.699,155.72,292.11
2024-07-23 18:10:00+00:00,155.719,155.736,155.683,155.704,590.94
2024-07-23 18:15:00+00:00,155.706,155.718,155.675,155.692,958.23
2024-07-23 18:20:00+00:00,155.692,155.729,155.689,155.725,239.4
2024-07-23 18:25:00+00:00,155.726,155.729,155.706,155.715,267.75
2024-07-23 18:30:00+00:00,155.714,155.754,155.711,155.73,325.59
2024-07-23 18:35:00+00:00,155.729,155.738,155.699,155.705,332.4
2024-07-23 18:40:00+00:00,155.707,155.726,155.694,155.726,300.39
2024-07-23 18:45:00+00:00,155.725,155.726,155.711,155.719,206.4
2024-07-23 18:50:00+00:00,155.72,155.72,155.657,155.666,262.64
2024-07-23 18:55:00+00:00,155.665,155.665,155.624,155.628,263.49
2024-07-23 19:00:00+00:00,155.627,155.636,155.621,155.631,251.64
2024-07-23 19:05:00+00:00,155.631,155.633,155.618,155.618,500.43
2024-07-23 19:10:00+00:00,155.613,155.629,155.608,155.608,177.27
2024-07-23 19:15:00+00:00,155.607,155.62,155.589,155.595,635.69
2024-07-23 19:20:00+00:00,155.594,155.624,155.594,155.618,579.36
2024-07-23 19:25:00+00:00,155.619,155.637,155.607,155.625,607.32
2024-07-23 19:30:00+00:00,155.624,155.63,155.609,155.626,643.29
2024-07-23 19:35:00+00:00,155.627,155.649,155.624,155.643,1152.45
2024-07-23 19:40:00+00:00,155.643,155.669,155.642,155.669,894.1
2024-07-23 19:45:00+00:00,155.67,155.67,155.642,155.659,333.3
2024-07-23 19:50:00+00:00,155.66,155.66,155.643,155.646,150.93
2024-07-23 19:55:00+00:00,155.647,155.654,155.633,155.638,543.42
2024-07-23 20:00:00+00:00,155.639,155.649,155.617,155.624,326.04
2024-07-23 20:05:00+00:00,155.623,155.632,155.617,155.632,138.39
2024-07-23 20:10:00+00:00,155.633,155.634,155.622,155.63,228.9
2024-07-23 20:15:00+00:00,155.63,155.635,155.623,155.632,163.8
2024-07-23 20:20:00+00:00,155.633,155.643,155.63,155.639,78.6
2024-07-23 20:25:00+00:00,155.64,155.644,155.601,155.608,304.01
2024-07-23 20:30:00+00:00,155.609,155.625,155.605,155.611,229.38
2024-07-23 20:35:00+00:00,155.608,155.615,155.584,155.585,165.45
2024-07-23 20:40:00+00:00,155.584,155.586,155.571,155.583,248.37
2024-07-23 20:45:00+00:00,155.584,155.587,155.56,155.56,289.8
2024-07-23 20:50:00+00:00,155.562,155.622,155.559,155.622,388.41
2024-07-23 20:55:00+00:00,155.622,155.638,155.546,155.552,354.42
2024-07-23 21:00:00+00:00,155.552,155.561,155.53,155.549,45.3
2024-07-23 21:05:00+00:00,155.549,155.551,155.549,155.55,7.2
2024-07-23 21:10:00+00:00,155.548,155.551,155.528,155.528,40.05
2024-07-23 21:15:00+00:00,155.529,155.544,155.528,155.539,37.11
2024-07-23 21:20:00+00:00,155.54,155.566,155.538,155.565,67.98
2024-07-23 21:25:00+00:00,155.563,155.583,155.563,155.583,60.12
2024-07-23 21:30:00+00:00,155.583,155.587,155.574,155.575,37.2
2024-07-23 21:35:00+00:00,155.575,155.578,155.565,155.577,59.1
2024-07-23 21:40:00+00:00,155.578,155.578,155.567,155.567,48.72
2024-07-23 21:45:00+00:00,155.568,155.578,155.565,155.577,78.72
2024-07-23 21:50:00+00:00,155.577,155.586,155.567,155.584,76.8
2024-07-23 21:55:00+00:00,155.586,155.586,155.577,155.582,83.1
2024-07-23 22:00:00+00:00,155.581,155.623,155.573,155.585,598.5
2024-07-23 22:05:00+00:00,155.585,155.605,155.565,155.571,332.16
2024-07-23 22:10:00+00:00,155.57,155.586,155.569,155.585,78.6
2024-07-23 22:15:00+00:00,155.586,155.612,155.58,155.585,250.8
2024-07-23 22:20:00+00:00,155.588,155.607,155.586,155.605,158.7
2024-07-23 22:25:00+00:00,155.603,155.622,155.601,155.622,88.5
2024-07-23 22:30:00+00:00,155.619,155.619,155.611,155.613,118.8
2024-07-23 22:35:00+00:00,155.615,155.622,155.595,155.605,274.47
2024-07-23 22:40:00+00:00,155.605,155.62,155.603,155.619,185.7
2024-07-23 22:45:00+00:00,155.617,155.632,155.617,155.625,207.15
2024-07-23 22:50:00+00:00,155.624,155.629,155.619,155.629,134.7
2024-07-23 22:55:00+00:00,155.627,155.643,155.627,155.636,389.25
2024-07-23 23:00:00+00:00,155.635,155.652,155.628,155.652,827.21
2024-07-23 23:05:00+00:00,155.651,155.735,155.65,155.731,395.49
2024-07-23 23:10:00+00:00,155.73,155.746,155.723,155.734,322.74
2024-07-23 23:15:00+00:00,155.736,155.741,155.721,155.725,568.2
2024-07-23 23:20:00+00:00,155.724,155.749,155.718,155.738,591.87
2024-07-23 23:25:00+00:00,155.735,155.747,155.725,155.735,221.7
2024-07-23 23:30:00+00:00,155.735,155.753,155.724,155.753,515.4
2024-07-23 23:35:00+00:00,155.753,155.815,155.747,155.812,555.0
2024-07-23 23:40:00+00:00,155.813,155.817,155.78,155.801,819.75
2024-07-23 23:45:00+00:00,155.802,155.812,155.777,155.777,565.12
2024-07-23 23:50:00+00:00,155.777,155.798,155.683,155.731,903.73
2024-07-23 23:55:00+00:00,155.729,155.814,155.727,155.76,1000.2
2024-07-24 00:00:00+00:00,155.761,155.883,155.761,155.883,2293.84
2024-07-24 00:05:00+00:00,155.881,155.91,155.857,155.887,1849.62
2024-07-24 00:10:00+00:00,155.886,155.935,155.862,155.903,2189.2
2024-07-24 00:15:00+00:00,155.902,155.904,155.818,155.849,2473.44
2024-07-24 00:20:00+00:00,155.852,155.883,155.836,155.846,1221.22
2024-07-24 00:25:00+00:00,155.845,155.887,155.842,155.864,1624.23
2024-07-24 00:30:00+00:00,155.869,155.967,155.858,155.955,1078.7
2024-07-24 00:35:00+00:00,155.956,155.99,155.956,155.978,1093.58
2024-07-24 00:40:00+00:00,155.977,155.983,155.948,155.975,1412.67
2024-07-24 00:45:00+00:00,155.974,155.981,155.914,155.914,1750.05
2024-07-24 00:50:00+00:00,155.914,155.952,155.821,155.834,2272.2
2024-07-24 00:55:00+00:00,155.836,155.872,155.802,155.824,1855.11
2024-07-24 01:00:00+00:00,155.825,155.876,155.746,155.761,1582.21
2024-07-24 01:05:00+00:00,155.762,155.783,155.646,155.651,1265.52
2024-07-24 01:10:00+00:00,155.649,155.667,155.25,155.423,5396.89
2024-07-24 01:15:00+00:00,155.424,155.532,155.406,155.508,2906.31
2024-07-24 01:20:00+00:00,155.509,155.517,155.337,155.343,3343.43
2024-07-24 01:25:00+00:00,155.343,155.437,155.311,155.433,3023.12
2024-07-24 01:30:00+00:00,155.433,155.503,155.371,155.497,1942.18
2024-07-24 01:35:00+00:00,155.496,155.496,155.379,155.389,1817.34
2024-07-24 01:40:00+00:00,155.388,155.404,155.252,155.278,2568.73
2024-07-24 01:45:00+00:00,155.277,155.32,155.208,155.257,3463.89
2024-07-24 01:50:00+00:00,155.254,155.286,155.176,155.184,3650.28
2024-07-24 01:55:00+00:00,155.181,155.311,155.181,155.246,2005.86
2024-07-24 02:00:00+00:00,155.246,155.365,155.229,155.353,2027.36
2024-07-24 02:05:00+00:00,155.351,155.387,155.298,155.32,1410.81
2024-07-24 02:10:00+00:00,155.321,155.386,155.319,155.342,1406.7
2024-07-24 02:15:00+00:00,155.341,155.379,155.262,155.336,1629.1
2024-07-24 02:20:00+00:00,155.336,155.345,155.267,155.33,1952.31
2024-07-24 02:25:00+00:00,155.329,155.432,155.317,155.418,1762.11
2024-07-24 02:30:00+00:00,155.418,155.444,155.41,155.418,1095.3
2024-07-24 02:35:00+00:00,155.418,155.475,155.399,155.448,1399.38
2024-07-24 02:40:00+00:00,155.447,155.476,155.438,155.45,938.78
2024-07-24 02:45:00+00:00,155.451,155.523,155.441,155.484,763.62
2024-07-24 02:50:00+00:00,155.483,155.485,155.35,155.353,2010.36
2024-07-24 02:55:00+00:00,155.352,155.352,155.247,155.255,2018.56
2024-07-24 03:00:00+00:00,155.256,155.292,155.074,155.158,2867.34
2024-07-24 03:05:00+00:00,155.158,155.238,155.131,155.211,1834.59
2024-07-24 03:10:00+00:00,155.21,155.238,155.129,155.179,2921.29
2024-07-24 03:15:00+00:00,155.184,155.209,155.125,155.209,1684.71
2024-07-24 03:20:00+00:00,155.211,155.221,155.063,155.089,2207.28
2024-07-24 03:25:00+00:00,155.099,155.155,155.079,155.143,2498.36
2024-07-24 03:30:00+00:00,155.145,155.151,155.091,155.103,2034.8
2024-07-24 03:35:00+00:00,155.107,155.134,155.053,155.122,2318.11
2024-07-24 03:40:00+00:00,155.121,155.165,155.083,155.162,1415.91
2024-07-24 03:45:00+00:00,155.164,155.176,155.127,155.139,2589.17
2024-07-24 03:50:00+00:00,155.14,155.173,155.066,155.075,1774.97
2024-07-24 03:55:00+00:00,155.075,155.125,155.046,155.055,1711.37
2024-07-24 04:00:00+00:00,155.054,155.054,154.867,154.905,4520.59
2024-07-24 04:05:00+00:00,154.904,154.987,154.877,154.882,3277.06
2024-07-24 04:10:00+00:00,154.882,154.908,154.773,154.773,4424.58
2024-07-24 04:15:00+00:00,154.773,154.832,154.758,154.79,2730.56
2024-07-24 04:20:00+00:00,154.788,154.947,154.759,154.936,3235.85
2024-07-24 04:25:00+00:00,154.936,154.937,154.84,154.851,2256.4
2024-07-24 04:30:00+00:00,154.851,154.854,154.769,154.783,3362.84
2024-07-24 04:35:00+00:00,154.781,154.843,154.698,154.729,1356.87
2024-07-24 04:40:00+00:00,154.73,154.735,154.635,154.64,3506.68
2024-07-24 04:45:00+00:00,154.64,154.717,154.616,154.63,2767.66
2024-07-24 04:50:00+00:00,154.633,154.665,154.57,154.626,2709.03
2024-07-24 04:55:00+00:00,154.629,154.655,154.54,154.609,1306.9
2024-07-24 05:00:00+00:00,154.608,154.663,154.556,154.569,1683.27
2024-07-24 05:05:00+00:00,154.568,154.574,154.351,154.42,3077.53
2024-07-24 05:10:00+00:00,154.421,154.555,154.393,154.542,2174.91
2024-07-24 05:15:00+00:00,154.54,154.676,154.529,154.675,1560.27
2024-07-24 05:20:00+00:00,154.675,154.772,154.657,154.698,2281.61
2024-07-24 05:25:00+00:00,154.699,154.744,154.636,154.709,1576.67
2024-07-24 05:30:00+00:00,154.709,154.79,154.709,154.747,2349.88
2024-07-24 05:35:00+00:00,154.744,154.795,154.716,154.726,1366.44
2024-07-24 05:40:00+00:00,154.723,154.723,154.613,154.652,2941.15
2024-07-24 05:45:00+00:00,154.651,154.658,154.586,154.59,1753.04
2024-07-24 05:50:00+00:00,154.591,154.75,154.59,154.694,2214.48
2024-07-24 05:55:00+00:00,154.69,154.694,154.601,154.631,1884.96
2024-07-24 06:00:00+00:00,154.63,154.663,154.562,154.615,3174.41
2024-07-24 06:05:00+00:00,154.616,154.669,154.57,154.582,2959.56
2024-07-24 06:10:00+00:00,154.583,154.637,154.411,154.461,3675.12
2024-07-24 06:15:00+00:00,154.463,154.536,154.373,154.518,2932.97
2024-07-24 06:20:00+00:00,154.519,154.632,154.519,154.613,3254.46
2024-07-24 06:25:00+00:00,154.617,154.662,154.558,154.588,2587.1
2024-07-24 06:30:00+00:00,154.587,154.688,154.561,154.641,4065.4
2024-07-24 06:35:00+00:00,154.64,154.655,154.493,154.549,4172.77
2024-07-24 06:40:00+00:00,154.549,154.605,154.524,154.544,2688.86
2024-07-24 06:45:00+00:00,154.545,154.589,154.464,154.496,3716.46
2024-07-24 06:50:00+00:00,154.495,154.544,154.454,154.484,3813.84
2024-07-24 06:55:00+00:00,154.486,154.606,154.481,154.586,2415.43
2024-07-24 07:00:00+00:00,154.585,154.591,154.41,154.568,5202.41
2024-07-24 07:05:00+00:00,154.568,154.662,154.459,154.66,4311.11
2024-07-24 07:10:00+00:00,154.66,154.76,154.658,154.68,4249.11
2024-07-24 07:15:00+00:00,154.681,154.844,154.661,154.839,2991.46
2024-07-24 07:20:00+00:00,154.839,154.881,154.798,154.844,1855.93
2024-07-24 07:25:00+00:00,154.84,154.868,154.75,154.769,1775.39
2024-07-24 07:30:00+00:00,154.767,154.82,154.651,154.676,3330.62
2024-07-24 07:35:00+00:00,154.676,154.791,154.622,154.789,3728.19
2024-07-24 07:40:00+00:00,154.788,154.791,154.647,154.65,1566.93
2024-07-24 07:45:00+00:00,154.65,154.695,154.602,154.609,1991.04
2024-07-24 07:50:00+00:00,154.609,154.651,154.563,154.586,1900.08
2024-07-24 07:55:00+00:00,154.586,154.666,154.549,154.591,1933.08
2024-07-24 08:00:00+00:00,154.59,154.641,154.547,154.623,1438.31
2024-07-24 08:05:00+00:00,154.624,154.728,154.621,154.711,1435.83
2024-07-24 08:10:00+00:00,154.71,154.746,154.654,154.719,1836.51
2024-07-24 08:15:00+00:00,154.717,154.746,154.708,154.734,1361.1
2024-07-24 08:20:00+00:00,154.732,154.735,154.638,154.657,1272.21
2024-07-24 08:25:00+00:00,154.656,154.753,154.656,154.704,1659.54
2024-07-24 08:30:00+00:00,154.703,154.769,154.692,154.737,2332.26
2024-07-24 08:35:00+00:00,154.737,154.767,154.711,154.765,1683.96
2024-07-24 08:40:00+00:00,154.765,154.942,154.762,154.917,1757.5
2024-07-24 08:45:00+00:00,154.916,154.943,154.858,154.913,1626.81
2024-07-24 08:50:00+00:00,154.915,154.926,154.85,154.85,1366.54
2024-07-24 08:55:00+00:00,154.851,154.867,154.806,154.859,1566.36
2024-07-24 09:00:00+00:00,154.86,154.863,154.812,154.861,1557.9
2024-07-24 09:05:00+00:00,154.859,154.932,154.821,154.846,1852.23
2024-07-24 09:10:00+00:00,154.847,154.848,154.801,154.823,1825.63
2024-07-24 09:15:00+00:00,154.819,154.853,154.739,154.749,1075.68
2024-07-24 09:20:00+00:00,154.748,154.782,154.738,154.746,750.3
2024-07-24 09:25:00+00:00,154.746,154.808,154.733,154.782,801.15
2024-07-24 09:30:00+00:00,154.782,154.821,154.688,154.753,1853.05
2024-07-24 09:35:00+00:00,154.754,154.862,154.467,154.572,2741.59
2024-07-24 09:40:00+00:00,154.573,154.645,154.275,154.635,5066.64
2024-07-24 09:45:00+00:00,154.634,154.706,154.594,154.63,3002.52
2024-07-24 09:50:00+00:00,154.628,154.711,154.594,154.692,2756.43
2024-07-24 09:55:00+00:00,154.696,154.791,154.694,154.774,1950.45
2024-07-24 10:00:00+00:00,154.775,154.78,154.695,154.724,1228.38
2024-07-24 10:05:00+00:00,154.725,154.772,154.708,154.717,846.27
2024-07-24 10:10:00+00:00,154.72,154.841,154.692,154.815,622.77
2024-07-24 10:15:00+00:00,154.817,154.829,154.761,154.762,2144.3
2024-07-24 10:20:00+00:00,154.762,154.765,154.661,154.69,1742.42
2024-07-24 10:25:00+00:00,154.689,154.721,154.651,154.656,1172.2
2024-07-24 10:30:00+00:00,154.657,154.673,154.59,154.671,1044.06
2024-07-24 10:35:00+00:00,154.667,154.671,154.546,154.554,1507.05
2024-07-24 10:40:00+00:00,154.558,154.599,154.55,154.556,1767.3
2024-07-24 10:45:00+00:00,154.556,154.577,154.512,154.531,1782.79
2024-07-24 10:50:00+00:00,154.531,154.541,154.487,154.516,1827.27
2024-07-24 10:55:00+00:00,154.517,154.562,154.499,154.561,1647.77
2024-07-24 11:00:00+00:00,154.559,154.576,154.441,154.493,1693.23
2024-07-24 11:05:00+00:00,154.494,154.539,154.491,154.537,1428.99
2024-07-24 11:10:00+00:00,154.535,154.578,154.409,154.419,1470.56
2024-07-24 11:15:00+00:00,154.417,154.457,154.403,154.457,725.91
2024-07-24 11:20:00+00:00,154.458,154.474,154.421,154.463,1673.37
2024-07-24 11:25:00+00:00,154.462,154.485,154.451,154.456,970.57
2024-07-24 11:30:00+00:00,154.455,154.468,154.419,154.445,1542.66
2024-07-24 11:35:00+00:00,154.446,154.471,154.29,154.303,2072.31
2024-07-24 11:40:00+00:00,154.303,154.359,154.181,154.185,1961.06
2024-07-24 11:45:00+00:00,154.184,154.237,154.056,154.177,3193.94
2024-07-24 11:50:00+00:00,154.174,154.241,154.111,154.22,1616.82
2024-07-24 11:55:00+00:00,154.22,154.232,154.131,154.188,2638.36
2024-07-24 12:00:00+00:00,154.187,154.215,154.097,154.125,4012.53
2024-07-24 12:05:00+00:00,154.125,154.195,154.102,154.152,3993.2
2024-07-24 12:10:00+00:00,154.15,154.224,154.092,154.098,2786.74
2024-07-24 12:15:00+00:00,154.099,154.117,153.921,153.946,4687.37
2024-07-24 12:20:00+00:00,153.945,154.01,153.899,153.913,3750.22
2024-07-24 12:25:00+00:00,153.917,154.026,153.915,153.953,2115.04
2024-07-24 12:30:00+00:00,153.951,154.045,153.949,153.987,2129.52
2024-07-24 12:35:00+00:00,153.989,153.998,153.877,153.971,3287.08
2024-07-24 12:40:00+00:00,153.971,154.071,153.948,153.973,2728.25
2024-07-24 12:45:00+00:00,153.975,153.979,153.897,153.96,2960.42
2024-07-24 12:50:00+00:00,153.958,153.989,153.831,153.839,2979.99
2024-07-24 12:55:00+00:00,153.841,153.841,153.758,153.804,2269.56
2024-07-24 13:00:00+00:00,153.806,153.912,153.786,153.847,2820.5
2024-07-24 13:05:00+00:00,153.848,153.885,153.794,153.797,1740.15
2024-07-24 13:10:00+00:00,153.798,153.928,153.78,153.926,3085.21
2024-07-24 13:15:00+00:00,153.926,153.996,153.894,153.944,1175.85
2024-07-24 13:20:00+00:00,153.942,153.977,153.899,153.969,2100.12
2024-07-24 13:25:00+00:00,153.968,153.981,153.851,153.875,2308.26
2024-07-24 13:30:00+00:00,153.874,153.9,153.673,153.686,3509.17
2024-07-24 13:35:00+00:00,153.685,153.727,153.526,153.631,3722.59
2024-07-24 13:40:00+00:00,153.632,153.672,153.566,153.6,1839.8
2024-07-24 13:45:00+00:00,153.601,153.76,153.369,153.391,3206.24
2024-07-24 13:50:00+00:00,153.394,153.491,153.343,153.468,3943.31
2024-07-24 13:55:00+00:00,153.469,153.56,153.381,153.429,3880.78
2024-07-24 14:00:00+00:00,153.425,153.504,153.264,153.277,4318.38
2024-07-24 14:05:00+00:00,153.277,153.34,153.127,153.34,5924.3
2024-07-24 14:10:00+00:00,153.342,153.552,153.286,153.539,5721.35
2024-07-24 14:15:00+00:00,153.545,153.583,153.42,153.487,4688.14
2024-07-24 14:20:00+00:00,153.487,153.58,153.449,153.537,4486.11
2024-07-24 14:25:00+00:00,153.537,153.555,153.395,153.418,5030.52
2024-07-24 14:30:00+00:00,153.42,153.569,153.403,153.56,5275.14
2024-07-24 14:35:00+00:00,153.56,153.59,153.416,153.459,3511.25
2024-07-24 14:40:00+00:00,153.457,153.457,153.355,153.426,3684.12
2024-07-24 14:45:00+00:00,153.426,153.453,153.315,153.32,5059.03
2024-07-24 14:50:00+00:00,153.319,153.338,153.105,153.107,4006.14
2024-07-24 14:55:00+00:00,153.109,153.31,153.107,153.266,5806.91
2024-07-24 15:00:00+00:00,153.267,153.417,153.264,153.403,4313.73
2024-07-24 15:05:00+00:00,153.403,153.474,153.334,153.365,3069.31
2024-07-24 15:10:00+00:00,153.368,153.488,153.363,153.459,2284.64
2024-07-24 15:15:00+00:00,153.46,153.462,153.318,153.321,2917.05
2024-07-24 15:20:00+00:00,153.323,153.404,153.304,153.36,2795.03
2024-07-24 15:25:00+00:00,153.36,153.367,153.275,153.344,2536.05
2024-07-24 15:30:00+00:00,153.341,153.45,153.307,153.45,2874.66
2024-07-24 15:35:00+00:00,153.455,153.491,153.372,153.419,2555.22
2024-07-24 15:40:00+00:00,153.419,153.472,153.396,153.435,1991.93
2024-07-24 15:45:00+00:00,153.435,153.46,153.394,153.406,2415.45
2024-07-24 15:50:00+00:00,153.408,153.499,153.403,153.456,1951.01
2024-07-24 15:55:00+00:00,153.458,153.459,153.376,153.382,2635.88
2024-07-24 16:00:00+00:00,153.383,153.456,153.383,153.424,1328.16
2024-07-24 16:05:00+00:00,153.424,153.442,153.386,153.417,1014.9
2024-07-24 16:10:00+00:00,153.416,153.523,153.398,153.446,1369.83
2024-07-24 16:15:00+00:00,153.445,153.452,153.393,153.413,983.03
2024-07-24 16:20:00+00:00,153.416,153.425,153.342,153.425,887.76
2024-07-24 16:25:00+00:00,153.425,153.549,153.423,153.53,1936.53
2024-07-24 16:30:00+00:00,153.53,153.541,153.505,153.532,853.77
2024-07-24 16:35:00+00:00,153.533,153.556,153.467,153.543,1180.25
2024-07-24 16:40:00+00:00,153.543,153.583,153.467,153.493,2872.32
2024-07-24 16:45:00+00:00,153.493,153.557,153.485,153.526,2078.7
2024-07-24 16:50:00+00:00,153.528,153.548,153.472,153.487,2594.85
2024-07-24 16:55:00+00:00,153.487,153.499,153.456,153.467,2219.94
2024-07-24 17:00:00+00:00,153.468,153.551,153.447,153.533,2937.57
2024-07-24 17:05:00+00:00,153.532,153.672,153.525,153.658,3404.12
2024-07-24 17:10:00+00:00,153.656,153.664,153.631,153.644,2151.54
2024-07-24 17:15:00+00:00,153.643,153.693,153.636,153.669,1324.41
2024-07-24 17:20:00+00:00,153.671,153.701,153.659,153.67,763.97
2024-07-24 17:25:00+00:00,153.67,153.717,153.661,153.697,630.09
2024-07-24 17:30:00+00:00,153.695,153.706,153.642,153.654,1562.28
2024-07-24 17:35:00+00:00,153.655,153.719,153.655,153.708,942.87
2024-07-24 17:40:00+00:00,153.708,153.754,153.695,153.741,912.87
2024-07-24 17:45:00+00:00,153.741,153.793,153.733,153.769,1072.47
2024-07-24 17:50:00+00:00,153.768,153.79,153.765,153.781,576.33
2024-07-24 17:55:00+00:00,153.783,153.856,153.783,153.825,1549.74
2024-07-24 18:00:00+00:00,153.825,153.919,153.806,153.855,1940.19
2024-07-24 18:05:00+00:00,153.855,153.873,153.826,153.848,1875.11
2024-07-24 18:10:00+00:00,153.847,153.885,153.819,153.881,933.15
2024-07-24 18:15:00+00:00,153.88,153.943,153.88,153.907,1406.33
2024-07-24 18:20:00+00:00,153.906,153.93,153.893,153.905,1310.7
2024-07-24 18:25:00+00:00,153.904,153.953,153.904,153.926,1471.34
2024-07-24 18:30:00+00:00,153.925,153.945,153.884,153.943,1906.64
2024-07-24 18:35:00+00:00,153.942,153.975,153.932,153.949,1606.68
2024-07-24 18:40:00+00:00,153.949,154.031,153.949,154.022,982.5
2024-07-24 18:45:00+00:00,154.023,154.071,154.023,154.065,1170.36
2024-07-24 18:50:00+00:00,154.063,154.063,154.002,154.008,738.49
2024-07-24 18:55:00+00:00,154.01,154.031,153.998,154.003,1097.67
2024-07-24 19:00:00+00:00,154.003,154.096,154.0,154.089,1691.52
2024-07-24 19:05:00+00:00,154.088,154.093,153.992,153.995,1359.68
2024-07-24 19:10:00+00:00,153.996,154.035,153.996,154.035,824.88
2024-07-24 19:15:00+00:00,154.035,154.041,153.983,153.988,897.82
2024-07-24 19:20:00+00:00,153.987,153.988,153.926,153.962,1594.85
2024-07-24 19:25:00+00:00,153.962,153.964,153.928,153.94,678.66
2024-07-24 19:30:00+00:00,153.941,153.949,153.91,153.913,616.14
2024-07-24 19:35:00+00:00,153.915,153.924,153.877,153.901,1104.87
2024-07-24 19:40:00+00:00,153.902,153.946,153.902,153.915,349.27
2024-07-24 19:45:00+00:00,153.915,153.947,153.906,153.944,949.8
2024-07-24 19:50:00+00:00,153.946,153.971,153.943,153.953,835.32
2024-07-24 19:55:00+00:00,153.956,154.016,153.951,154.015,685.28
2024-07-24 20:00:00+00:00,154.015,154.016,153.97,153.974,563.79
2024-07-24 20:05:00+00:00,153.967,153.99,153.958,153.988,372.18
2024-07-24 20:10:00+00:00,153.992,153.994,153.973,153.991,192.72
2024-07-24 20:15:00+00:00,153.992,153.992,153.966,153.983,288.6
2024-07-24 20:20:00+00:00,153.984,153.988,153.974,153.986,220.11
2024-07-24 20:25:00+00:00,153.986,153.999,153.977,153.987,280.56
2024-07-24 20:30:00+00:00,153.985,154.007,153.984,153.992,254.04
2024-07-24 20:35:00+00:00,153.989,153.996,153.976,153.976,98.58
2024-07-24 20:40:00+00:00,153.977,153.986,153.961,153.975,126.0
2024-07-24 20:45:00+00:00,153.97,153.97,153.959,153.96,60.6
2024-07-24 20:50:00+00:00,153.959,153.97,153.937,153.946,140.13
2024-07-24 20:55:00+00:00,153.942,153.944,153.85,153.85,246.93
2024-07-24 21:00:00+00:00,153.848,153.857,153.827,153.857,30.48
2024-07-24 21:05:00+00:00,153.86,153.88,153.849,153.88,44.25
2024-07-24 21:10:00+00:00,153.88,153.88,153.859,153.859,20.7
2024-07-24 21:15:00+00:00,153.866,153.867,153.847,153.85,40.05
2024-07-24 21:20:00+00:00,153.845,153.85,153.807,153.808,49.8
2024-07-24 21:25:00+00:00,153.808,153.833,153.807,153.81,75.75
2024-07-24 21:30:00+00:00,153.81,153.824,153.793,153.818,94.5
2024-07-24 21:35:00+00:00,153.815,153.83,153.804,153.805,95.7
2024-07-24 21:40:00+00:00,153.818,153.818,153.518,153.648,772.26
2024-07-24 21:45:00+00:00,153.658,153.7,153.608,153.697,327.96
2024-07-24 21:50:00+00:00,153.701,153.706,153.643,153.668,157.26
2024-07-24 21:55:00+00:00,153.683,153.717,153.678,153.687,210.36
2024-07-24 22:00:00+00:00,153.686,153.786,153.665,153.709,658.75
2024-07-24 22:05:00+00:00,153.711,153.714,153.551,153.574,493.55
2024-07-24 22:10:00+00:00,153.583,153.724,153.582,153.724,235.2
2024-07-24 22:15:00+00:00,153.726,153.788,153.714,153.749,644.85
2024-07-24 22:20:00+00:00,153.748,153.757,153.725,153.741,449.48
2024-07-24 22:25:00+00:00,153.741,153.772,153.709,153.724,796.72
2024-07-24 22:30:00+00:00,153.723,153.74,153.674,153.696,1205.64
2024-07-24 22:35:00+00:00,153.693,153.733,153.669,153.691,771.47
2024-07-24 22:40:00+00:00,153.693,153.718,153.686,153.7,697.35
2024-07-24 22:45:00+00:00,153.702,153.702,153.578,153.647,1521.84
2024-07-24 22:50:00+00:00,153.646,153.664,153.63,153.643,421.8
2024-07-24 22:55:00+00:00,153.646,153.656,153.58,153.594,307.65
2024-07-24 23:00:00+00:00,153.59,153.707,153.586,153.64,990.5
2024-07-24 23:05:00+00:00,153.642,153.706,153.639,153.669,726.56
2024-07-24 23:10:00+00:00,153.671,153.766,153.671,153.742,544.65
2024-07-24 23:15:00+00:00,153.743,153.767,153.726,153.733,422.7
2024-07-24 23:20:00+00:00,153.732,153.734,153.626,153.675,1059.9
2024-07-24 23:25:00+00:00,153.675,153.74,153.671,153.729,878.22
2024-07-24 23:30:00+00:00,153.729,153.745,153.693,153.743,936.53
2024-07-24 23:35:00+00:00,153.742,153.836,153.712,153.819,1358.56
2024-07-24 23:40:00+00:00,153.819,153.867,153.795,153.862,1122.45
2024-07-24 23:45:00+00:00,153.861,153.862,153.736,153.828,1811.96
2024-07-24 23:50:00+00:00,153.827,153.86,153.764,153.86,2576.85
2024-07-24 23:55:00+00:00,153.86,153.952,153.822,153.916,3308.55
2024-07-25 00:00:00+00:00,153.914,153.968,153.824,153.851,3342.84
2024-07-25 00:05:00+00:00,153.851,153.914,153.83,153.834,2865.81
2024-07-25 00:10:00+00:00,153.833,153.833,153.723,153.806,2022.02
2024-07-25 00:15:00+00:00,153.807,153.818,153.741,153.742,1592.04
2024-07-25 00:20:00+00:00,153.74,153.8,153.731,153.765,1941.42
2024-07-25 00:25:00+00:00,153.764,153.784,153.514,153.539,3604.07
2024-07-25 00:30:00+00:00,153.54,153.54,152.998,153.235,6165.01
2024-07-25 00:35:00+00:00,153.235,153.275,152.847,153.089,6003.72
2024-07-25 00:40:00+00:00,153.091,153.143,152.997,153.069,4451.61
2024-07-25 00:45:00+00:00,153.07,153.191,152.838,152.988,2810.51
2024-07-25 00:50:00+00:00,152.989,153.233,152.966,153.233,3354.97
2024-07-25 00:55:00+00:00,153.248,153.393,153.199,153.243,2444.16
2024-07-25 01:00:00+00:00,153.246,153.345,153.219,153.243,1939.65
2024-07-25 01:05:00+00:00,153.25,153.29,153.112,153.148,1971.27
2024-07-25 01:10:00+00:00,153.148,153.224,153.092,153.15,1689.46
2024-07-25 01:15:00+00:00,153.15,153.174,153.087,153.094,1265.42
2024-07-25 01:20:00+00:00,153.094,153.132,152.954,153.027,1881.34
2024-07-25 01:25:00+00:00,153.024,153.07,152.867,152.907,1741.91
2024-07-25 01:30:00+00:00,152.908,152.956,152.642,152.674,2867.13
2024-07-25 01:35:00+00:00,152.674,152.919,152.674,152.882,2174.82
2024-07-25 01:40:00+00:00,152.883,152.885,152.683,152.695,1601.01
2024-07-25 01:45:00+00:00,152.696,152.847,152.673,152.817,1704.52
2024-07-25 01:50:00+00:00,152.817,152.98,152.77,152.935,1536.49
2024-07-25 01:55:00+00:00,152.934,152.946,152.852,152.857,1496.75
2024-07-25 02:00:00+00:00,152.858,152.858,152.738,152.797,1367.91
2024-07-25 02:05:00+00:00,152.797,152.845,152.766,152.829,1086.69
2024-07-25 02:10:00+00:00,152.828,152.861,152.659,152.678,1362.2
2024-07-25 02:15:00+00:00,152.676,152.779,152.639,152.76,1167.51
2024-07-25 02:20:00+00:00,152.76,152.865,152.76,152.835,983.67
2024-07-25 02:25:00+00:00,152.833,152.854,152.794,152.846,1181.45
2024-07-25 02:30:00+00:00,152.846,152.952,152.777,152.828,1134.12
2024-07-25 02:35:00+00:00,152.823,152.844,152.772,152.78,746.19
2024-07-25 02:40:00+00:00,152.78,152.8,152.738,152.751,1226.88
2024-07-25 02:45:00+00:00,152.75,152.811,152.538,152.585,1436.78
2024-07-25 02:50:00+00:00,152.568,152.668,152.524,152.567,1650.69
2024-07-25 02:55:00+00:00,152.57,152.639,152.512,152.637,1065.93
2024-07-25 03:00:00+00:00,152.637,152.637,152.548,152.607,1336.6
2024-07-25 03:05:00+00:00,152.607,152.627,152.418,152.429,1885.45
2024-07-25 03:10:00+00:00,152.434,152.531,152.317,152.332,2044.12
2024-07-25 03:15:00+00:00,152.328,152.385,152.247,152.275,2285.08
2024-07-25 03:20:00+00:00,152.274,152.346,152.229,152.267,1467.88
2024-07-25 03:25:00+00:00,152.267,152.347,152.235,152.274,1336.56
2024-07-25 03:30:00+00:00,152.272,152.389,152.249,152.345,1736.68
2024-07-25 03:35:00+00:00,152.345,152.375,152.297,152.348,1023.43
2024-07-25 03:40:00+00:00,152.342,152.389,152.316,152.359,948.0
2024-07-25 03:45:00+00:00,152.361,152.473,152.357,152.418,1089.28
2024-07-25 03:50:00+00:00,152.423,152.501,152.418,152.428,995.36
2024-07-25 03:55:00+00:00,152.431,152.453,152.299,152.317,1059.05
2024-07-25 04:00:00+00:00,152.315,152.429,152.312,152.379,875.36
2024-07-25 04:05:00+00:00,152.378,152.465,152.374,152.405,600.66
2024-07-25 04:10:00+00:00,152.406,152.474,152.369,152.39,865.58
2024-07-25 04:15:00+00:00,152.39,152.425,152.35,152.423,538.78
2024-07-25 04:20:00+00:00,152.422,152.453,152.395,152.4,578.36
2024-07-25 04:25:00+00:00,152.406,152.448,152.351,152.446,703.86
2024-07-25 04:30:00+00:00,152.444,152.509,152.378,152.411,1695.08
2024-07-25 04:35:00+00:00,152.408,152.538,152.406,152.446,1360.35
2024-07-25 04:40:00+00:00,152.446,152.519,152.442,152.481,1074.51
2024-07-25 04:45:00+00:00,152.481,152.538,152.479,152.524,770.16
2024-07-25 04:50:00+00:00,152.525,152.61,152.525,152.574,732.63
2024-07-25 04:55:00+00:00,152.573,152.652,152.571,152.618,839.24
2024-07-25 05:00:00+00:00,152.619,152.67,152.582,152.658,798.33
2024-07-25 05:05:00+00:00,152.658,152.747,152.656,152.713,1061.14
2024-07-25 05:10:00+00:00,152.714,152.85,152.713,152.769,1121.97
2024-07-25 05:15:00+00:00,152.772,152.909,152.749,152.882,995.35
2024-07-25 05:20:00+00:00,152.883,152.97,152.854,152.854,1096.13
2024-07-25 05:25:00+00:00,152.853,152.921,152.811,152.838,772.19
2024-07-25 05:30:00+00:00,152.839,152.91,152.766,152.783,1064.95
2024-07-25 05:35:00+00:00,152.783,152.835,152.739,152.798,1261.56
2024-07-25 05:40:00+00:00,152.8,152.811,152.649,152.654,2053.63
2024-07-25 05:45:00+00:00,152.653,152.693,152.607,152.665,1474.29
2024-07-25 05:50:00+00:00,152.664,152.739,152.647,152.714,975.68
2024-07-25 05:55:00+00:00,152.711,152.767,152.67,152.741,1177.0
2024-07-25 06:00:00+00:00,152.738,152.738,152.551,152.558,2498.78
2024-07-25 06:05:00+00:00,152.561,152.669,152.542,152.606,2211.09
2024-07-25 06:10:00+00:00,152.605,152.778,152.604,152.733,1382.59
2024-07-25 06:15:00+00:00,152.734,152.865,152.73,152.821,1641.8
2024-07-25 06:20:00+00:00,152.822,152.843,152.697,152.768,1449.21
2024-07-25 06:25:00+00:00,152.768,152.867,152.747,152.83,1954.63
2024-07-25 06:30:00+00:00,152.83,152.83,152.653,152.662,1974.89
2024-07-25 06:35:00+00:00,152.667,152.679,152.588,152.639,2365.66
2024-07-25 06:40:00+00:00,152.637,152.743,152.611,152.729,1349.58
2024-07-25 06:45:00+00:00,152.725,152.746,152.588,152.63,1277.01
2024-07-25 06:50:00+00:00,152.627,152.831,152.615,152.814,1449.72
2024-07-25 06:55:00+00:00,152.812,152.862,152.744,152.845,1830.39
2024-07-25 07:00:00+00:00,152.846,152.929,152.682,152.698,2782.67
2024-07-25 07:05:00+00:00,152.699,152.804,152.683,152.764,1372.03
2024-07-25 07:10:00+00:00,152.761,152.788,152.651,152.719,1694.52
2024-07-25 07:15:00+00:00,152.718,152.718,152.526,152.561,1915.31
2024-07-25 07:20:00+00:00,152.56,152.581,152.212,152.263,2938.35
2024-07-25 07:25:00+00:00,152.265,152.387,152.192,152.325,2345.11
2024-07-25 07:30:00+00:00,152.326,152.401,152.212,152.233,1983.7
2024-07-25 07:35:00+00:00,152.233,152.344,152.213,152.213,1726.14
2024-07-25 07:40:00+00:00,152.209,152.299,152.121,152.123,2059.02
2024-07-25 07:45:00+00:00,152.122,152.308,152.084,152.214,1900.3
2024-07-25 07:50:00+00:00,152.216,152.248,152.051,152.076,1817.87
2024-07-25 07:55:00+00:00,152.076,152.21,152.076,152.193,1254.25
2024-07-25 08:00:00+00:00,152.193,152.305,152.091,152.112,1494.54
2024-07-25 08:05:00+00:00,152.112,152.206,152.044,152.057,2163.39
2024-07-25 08:10:00+00:00,152.058,152.152,152.023,152.07,1363.03
2024-07-25 08:15:00+00:00,152.069,152.106,151.997,152.007,1524.91
2024-07-25 08:20:00+00:00,152.006,152.085,151.941,152.066,2130.57
2024-07-25 08:25:00+00:00,152.066,152.37,152.061,152.353,1680.36
2024-07-25 08:30:00+00:00,152.355,152.365,152.294,152.316,1527.53
2024-07-25 08:35:00+00:00,152.315,152.416,152.241,152.393,1313.85
2024-07-25 08:40:00+00:00,152.392,152.543,152.392,152.533,1587.51
2024-07-25 08:45:00+00:00,152.534,152.534,152.411,152.485,1151.32
2024-07-25 08:50:00+00:00,152.484,152.692,152.483,152.606,1873.13
2024-07-25 08:55:00+00:00,152.607,152.747,152.572,152.703,1264.86
2024-07-25 09:00:00+00:00,152.703,152.711,152.638,152.678,1292.11
2024-07-25 09:05:00+00:00,152.677,152.727,152.608,152.712,1471.65
2024-07-25 09:10:00+00:00,152.711,152.739,152.591,152.621,1383.0
2024-07-25 09:15:00+00:00,152.617,152.63,152.542,152.572,1251.9
2024-07-25 09:20:00+00:00,152.571,152.601,152.504,152.514,1379.56
2024-07-25 09:25:00+00:00,152.516,152.53,152.409,152.421,1321.27
2024-07-25 09:30:00+00:00,152.42,152.438,152.378,152.402,1176.91
2024-07-25 09:35:00+00:00,152.397,152.401,152.316,152.322,766.65
2024-07-25 09:40:00+00:00,152.328,152.376,152.304,152.308,762.3
2024-07-25 09:45:00+00:00,152.306,152.383,152.247,152.38,1318.38
2024-07-25 09:50:00+00:00,152.38,152.406,152.332,152.355,441.63
2024-07-25 09:55:00+00:00,152.358,152.372,152.276,152.308,899.37
2024-07-25 10:00:00+00:00,152.305,152.315,152.224,152.234,1110.74
2024-07-25 10:05:00+00:00,152.239,152.271,152.214,152.24,974.22
2024-07-25 10:10:00+00:00,152.239,152.293,152.193,152.197,1044.35
2024-07-25 10:15:00+00:00,152.196,152.213,152.098,152.145,852.11
2024-07-25 10:20:00+00:00,152.146,152.252,152.087,152.247,1095.34
2024-07-25 10:25:00+00:00,152.244,152.337,152.244,152.326,1198.4
2024-07-25 10:30:00+00:00,152.324,152.358,152.258,152.258,924.33
2024-07-25 10:35:00+00:00,152.257,152.257,152.118,152.163,989.94
2024-07-25 10:40:00+00:00,152.16,152.288,152.16,152.271,907.03
2024-07-25 10:45:00+00:00,152.271,152.291,152.184,152.226,694.77
2024-07-25 10:50:00+00:00,152.231,152.241,152.157,152.227,1087.71
2024-07-25 10:55:00+00:00,152.23,152.238,152.171,152.207,560.7
2024-07-25 11:00:00+00:00,152.206,152.279,152.17,152.216,765.69
2024-07-25 11:05:00+00:00,152.217,152.4,152.193,152.365,1093.36
2024-07-25 11:10:00+00:00,152.364,152.517,152.356,152.485,2825.33
2024-07-25 11:15:00+00:00,152.485,152.555,152.451,152.554,2177.4
2024-07-25 11:20:00+00:00,152.557,152.559,152.422,152.426,1868.5
2024-07-25 11:25:00+00:00,152.426,152.475,152.399,152.434,1406.38
2024-07-25 11:30:00+00:00,152.432,152.436,152.354,152.411,1319.97
2024-07-25 11:35:00+00:00,152.413,152.464,152.413,152.456,1832.39
2024-07-25 11:40:00+00:00,152.457,152.551,152.451,152.537,2232.12
2024-07-25 11:45:00+00:00,152.538,152.603,152.52,152.602,2101.68
2024-07-25 11:50:00+00:00,152.602,152.67,152.599,152.661,1378.44
2024-07-25 11:55:00+00:00,152.66,152.729,152.653,152.72,2503.53
2024-07-25 12:00:00+00:00,152.722,152.723,152.551,152.591,2985.57
2024-07-25 12:05:00+00:00,152.591,152.664,152.57,152.628,3948.75
2024-07-25 12:10:00+00:00,152.628,152.658,152.559,152.652,4081.71
2024-07-25 12:15:00+00:00,152.653,152.687,152.62,152.652,3977.55
2024-07-25 12:20:00+00:00,152.652,152.698,152.578,152.688,3971.12
2024-07-25 12:25:00+00:00,152.689,152.871,152.624,152.826,1833.72
2024-07-25 12:30:00+00:00,152.824,153.587,152.7,153.587,5062.02
2024-07-25 12:35:00+00:00,153.582,153.718,153.273,153.32,5840.24
2024-07-25 12:40:00+00:00,153.324,153.381,153.05,153.069,4520.44
2024-07-25 12:45:00+00:00,153.076,153.27,153.076,153.24,3968.01
2024-07-25 12:50:00+00:00,153.243,153.479,153.242,153.442,4800.84
2024-07-25 12:55:00+00:00,153.441,153.735,153.426,153.519,5982.43
2024-07-25 13:00:00+00:00,153.52,153.79,153.414,153.744,5059.61
2024-07-25 13:05:00+00:00,153.743,154.117,153.709,154.094,7177.97
2024-07-25 13:10:00+00:00,154.1,154.157,153.832,153.922,5259.65
2024-07-25 13:15:00+00:00,153.924,154.049,153.872,154.049,3040.66
2024-07-25 13:20:00+00:00,154.056,154.113,153.951,154.061,3972.03
2024-07-25 13:25:00+00:00,154.06,154.193,153.985,153.999,4520.89
2024-07-25 13:30:00+00:00,153.998,154.083,153.848,153.873,3991.5
2024-07-25 13:35:00+00:00,153.875,153.875,153.717,153.788,4239.89
2024-07-25 13:40:00+00:00,153.787,153.92,153.761,153.769,3260.45
2024-07-25 13:45:00+00:00,153.767,153.823,153.719,153.771,3225.94
2024-07-25 13:50:00+00:00,153.767,153.911,153.729,153.91,3211.84
2024-07-25 13:55:00+00:00,153.909,153.909,153.532,153.653,3491.96
2024-07-25 14:00:00+00:00,153.656,153.739,153.317,153.45,3345.31
2024-07-25 14:05:00+00:00,153.451,153.527,153.352,153.401,3740.19
2024-07-25 14:10:00+00:00,153.403,153.43,153.228,153.253,3314.22
2024-07-25 14:15:00+00:00,153.257,153.468,153.257,153.405,2961.48
2024-07-25 14:20:00+00:00,153.406,153.55,153.406,153.535,3518.89
2024-07-25 14:25:00+00:00,153.526,153.55,153.407,153.513,2242.05
2024-07-25 14:30:00+00:00,153.514,153.692,153.509,153.603,2106.67
2024-07-25 14:35:00+00:00,153.603,153.667,153.559,153.601,2523.57
2024-07-25 14:40:00+00:00,153.6,153.666,153.499,153.624,3128.97
2024-07-25 14:45:00+00:00,153.625,153.709,153.564,153.641,2489.29
2024-07-25 14:50:00+00:00,153.637,153.696,153.581,153.633,1979.79
2024-07-25 14:55:00+00:00,153.636,153.669,153.512,153.639,2611.36
2024-07-25 15:00:00+00:00,153.637,153.776,153.632,153.716,2648.93
2024-07-25 15:05:00+00:00,153.714,153.762,153.656,153.675,1648.87
2024-07-25 15:10:00+00:00,153.675,153.814,153.65,153.73,1524.76
2024-07-25 15:15:00+00:00,153.731,153.914,153.712,153.869,2423.25
2024-07-25 15:20:00+00:00,153.87,153.897,153.81,153.859,1783.44
2024-07-25 15:25:00+00:00,153.858,153.921,153.799,153.834,1623.42
2024-07-25 15:30:00+00:00,153.836,153.885,153.777,153.856,3263.28
2024-07-25 15:35:00+00:00,153.857,153.904,153.826,153.851,2177.4
2024-07-25 15:40:00+00:00,153.85,153.909,153.829,153.852,3246.39
2024-07-25 15:45:00+00:00,153.857,153.862,153.803,153.846,1921.86
2024-07-25 15:50:00+00:00,153.849,154.101,153.845,154.063,3191.26
2024-07-25 15:55:00+00:00,154.061,154.069,153.951,153.978,3119.56
2024-07-25 16:00:00+00:00,153.979,154.029,153.955,153.977,3175.49
2024-07-25 16:05:00+00:00,153.979,154.026,153.904,154.0,4309.18
2024-07-25 16:10:00+00:00,154.0,154.123,153.98,154.117,3497.1
2024-07-25 16:15:00+00:00,154.116,154.245,154.109,154.206,4800.26
2024-07-25 16:20:00+00:00,154.206,154.298,154.206,154.237,3283.21
2024-07-25 16:25:00+00:00,154.237,154.241,154.152,154.2,3107.99
2024-07-25 16:30:00+00:00,154.2,154.276,154.164,154.262,2442.96
2024-07-25 16:35:00+00:00,154.264,154.268,154.21,154.234,936.56
2024-07-25 16:40:00+00:00,154.234,154.318,154.188,154.198,1153.31
2024-07-25 16:45:00+00:00,154.197,154.198,154.118,154.129,763.11
2024-07-25 16:50:00+00:00,154.13,154.151,154.058,154.093,1105.29
2024-07-25 16:55:00+00:00,154.092,154.101,154.024,154.027,1932.78
2024-07-25 17:00:00+00:00,154.03,154.03,153.82,153.834,3286.2
2024-07-25 17:05:00+00:00,153.834,153.904,153.81,153.831,3815.25
2024-07-25 17:10:00+00:00,153.83,153.897,153.753,153.893,3148.92
2024-07-25 17:15:00+00:00,153.893,153.904,153.762,153.834,4004.96
2024-07-25 17:20:00+00:00,153.832,153.87,153.748,153.814,2667.98
2024-07-25 17:25:00+00:00,153.816,153.896,153.79,153.87,3032.67
2024-07-25 17:30:00+00:00,153.869,153.915,153.813,153.836,2798.01
2024-07-25 17:35:00+00:00,153.835,153.905,153.76,153.886,3570.09
2024-07-25 17:40:00+00:00,153.891,153.98,153.891,153.939,3716.31
2024-07-25 17:45:00+00:00,153.937,153.962,153.866,153.919,2064.81
2024-07-25 17:50:00+00:00,153.92,154.002,153.908,154.0,3339.36
2024-07-25 17:55:00+00:00,154.0,154.042,153.953,154.033,2622.24
2024-07-25 18:00:00+00:00,154.031,154.048,154.0,154.011,2118.3
2024-07-25 18:05:00+00:00,154.011,154.03,153.928,153.939,1931.8
2024-07-25 18:10:00+00:00,153.939,153.939,153.841,153.869,3645.38
2024-07-25 18:15:00+00:00,153.869,153.94,153.851,153.94,3127.32
2024-07-25 18:20:00+00:00,153.939,153.952,153.899,153.916,2327.34
2024-07-25 18:25:00+00:00,153.915,153.955,153.884,153.895,2422.39
2024-07-25 18:30:00+00:00,153.897,153.919,153.873,153.887,2453.74
2024-07-25 18:35:00+00:00,153.884,153.904,153.866,153.896,2002.32
2024-07-25 18:40:00+00:00,153.898,153.939,153.819,153.84,2598.61
2024-07-25 18:45:00+00:00,153.842,153.848,153.818,153.825,1900.98
2024-07-25 18:50:00+00:00,153.825,153.848,153.779,153.789,2227.77
2024-07-25 18:55:00+00:00,153.79,153.855,153.768,153.784,2247.51
2024-07-25 19:00:00+00:00,153.784,153.843,153.784,153.836,1835.05
2024-07-25 19:05:00+00:00,153.838,153.884,153.825,153.864,732.72
2024-07-25 19:10:00+00:00,153.862,153.865,153.831,153.855,1522.2
2024-07-25 19:15:00+00:00,153.857,153.872,153.811,153.846,2020.08
2024-07-25 19:20:00+00:00,153.846,153.887,153.838,153.885,1377.36
2024-07-25 19:25:00+00:00,153.884,153.912,153.879,153.901,886.41
2024-07-25 19:30:00+00:00,153.901,153.908,153.866,153.868,582.36
2024-07-25 19:35:00+00:00,153.868,153.878,153.849,153.864,372.3
2024-07-25 19:40:00+00:00,153.863,153.87,153.813,153.84,319.69
2024-07-25 19:45:00+00:00,153.84,153.855,153.799,153.839,458.44
2024-07-25 19:50:00+00:00,153.84,153.866,153.796,153.846,567.6
2024-07-25 19:55:00+00:00,153.855,153.919,153.801,153.919,718.35
2024-07-25 20:00:00+00:00,153.917,153.917,153.825,153.828,306.54
2024-07-25 20:05:00+00:00,153.828,153.858,153.828,153.84,203.1
2024-07-25 20:10:00+00:00,153.839,153.866,153.808,153.852,324.9
2024-07-25 20:15:00+00:00,153.852,153.854,153.807,153.851,241.29
2024-07-25 20:20:00+00:00,153.853,153.876,153.85,153.867,314.1
2024-07-25 20:25:00+00:00,153.866,153.889,153.865,153.885,303.36
2024-07-25 20:30:00+00:00,153.885,153.887,153.864,153.867,313.65
2024-07-25 20:35:00+00:00,153.867,153.894,153.865,153.887,313.5
2024-07-25 20:40:00+00:00,153.887,153.948,153.887,153.942,206.4
2024-07-25 20:45:00+00:00,153.943,153.993,153.94,153.991,179.79
2024-07-25 20:50:00+00:00,153.988,154.046,153.961,154.025,524.46
2024-07-25 20:55:00+00:00,154.025,154.029,153.847,153.907,595.53
2024-07-25 21:00:00+00:00,153.907,153.907,153.884,153.898,31.44
2024-07-25 21:05:00+00:00,153.914,153.92,153.866,153.9,27.45
2024-07-25 21:10:00+00:00,153.903,153.904,153.894,153.903,26.55
2024-07-25 21:15:00+00:00,153.905,153.905,153.896,153.899,15.75
2024-07-25 21:20:00+00:00,153.908,153.911,153.9,153.907,29.55
2024-07-25 21:25:00+00:00,153.907,153.916,153.905,153.908,35.4
2024-07-25 21:30:00+00:00,153.908,153.911,153.905,153.905,32.1
2024-07-25 21:35:00+00:00,153.91,153.91,153.906,153.91,14.4
2024-07-25 21:40:00+00:00,153.906,153.906,153.906,153.906,3.6
2024-07-25 21:45:00+00:00,153.906,153.912,153.906,153.911,21.0
2024-07-25 21:50:00+00:00,153.908,153.922,153.907,153.913,31.2
2024-07-25 21:55:00+00:00,153.911,153.922,153.904,153.915,39.0
2024-07-25 22:00:00+00:00,153.915,153.987,153.901,153.983,456.45
2024-07-25 22:05:00+00:00,153.981,153.982,153.933,153.938,222.03
2024-07-25 22:10:00+00:00,153.936,153.941,153.907,153.909,124.2
2024-07-25 22:15:00+00:00,153.91,153.95,153.91,153.931,272.4
2024-07-25 22:20:00+00:00,153.932,153.94,153.899,153.902,196.05
2024-07-25 22:25:00+00:00,153.901,153.911,153.901,153.902,308.25
2024-07-25 22:30:00+00:00,153.907,153.922,153.899,153.922,752.26
2024-07-25 22:35:00+00:00,153.924,153.928,153.903,153.904,159.6
2024-07-25 22:40:00+00:00,153.904,153.931,153.901,153.931,145.62
2024-07-25 22:45:00+00:00,153.931,153.931,153.904,153.908,145.02
2024-07-25 22:50:00+00:00,153.906,153.911,153.899,153.9,240.53
2024-07-25 22:55:00+00:00,153.901,153.91,153.895,153.902,190.18
2024-07-25 23:00:00+00:00,153.9,153.901,153.511,153.649,4264.14
2024-07-25 23:05:00+00:00,153.651,153.669,153.525,153.61,2618.52
2024-07-25 23:10:00+00:00,153.61,153.725,153.598,153.709,1407.42
2024-07-25 23:15:00+00:00,153.708,153.783,153.666,153.688,1827.35
2024-07-25 23:20:00+00:00,153.686,153.687,153.494,153.529,1924.07
2024-07-25 23:25:00+00:00,153.53,153.592,153.373,153.463,1510.18
2024-07-25 23:30:00+00:00,153.462,153.638,153.427,153.585,1217.56
2024-07-25 23:35:00+00:00,153.591,153.602,153.508,153.548,1799.31
2024-07-25 23:40:00+00:00,153.547,153.688,153.524,153.687,1551.81
2024-07-25 23:45:00+00:00,153.688,153.697,153.635,153.648,1428.4
2024-07-25 23:50:00+00:00,153.645,153.65,153.566,153.638,2053.71
2024-07-25 23:55:00+00:00,153.638,153.719,153.617,153.7,2083.07
2024-07-26 00:00:00+00:00,153.699,153.763,153.366,153.614,2639.21
2024-07-26 00:05:00+00:00,153.62,153.651,153.501,153.503,1281.65
2024-07-26 00:10:00+00:00,153.504,153.604,153.44,153.603,1913.02
2024-07-26 00:15:00+00:00,153.604,153.647,153.547,153.565,1228.33
2024-07-26 00:20:00+00:00,153.565,153.636,153.496,153.634,869.43
2024-07-26 00:25:00+00:00,153.633,153.7,153.633,153.639,1199.95
2024-07-26 00:30:00+00:00,153.639,153.75,153.569,153.74,1727.76
2024-07-26 00:35:00+00:00,153.74,153.914,153.733,153.897,2688.52
2024-07-26 00:40:00+00:00,153.898,154.139,153.892,154.086,2847.78
2024-07-26 00:45:00+00:00,154.086,154.091,153.976,154.01,1870.44
2024-07-26 00:50:00+00:00,154.008,154.037,153.878,154.005,2836.08
2024-07-26 00:55:00+00:00,154.007,154.018,153.903,153.919,1561.56
2024-07-26 01:00:00+00:00,153.917,154.055,153.915,154.04,2474.01
2024-07-26 01:05:00+00:00,154.042,154.087,153.989,154.0,2187.28
2024-07-26 01:10:00+00:00,154.002,154.043,153.964,154.004,2180.79
2024-07-26 01:15:00+00:00,154.001,154.001,153.912,153.928,1963.77
2024-07-26 01:20:00+00:00,153.929,153.939,153.836,153.847,1723.62
2024-07-26 01:25:00+00:00,153.847,153.847,153.762,153.809,1945.65
2024-07-26 01:30:00+00:00,153.808,153.809,153.59,153.59,2496.63
2024-07-26 01:35:00+00:00,153.593,153.626,153.522,153.589,3025.3
2024-07-26 01:40:00+00:00,153.59,153.642,153.55,153.565,2887.04
2024-07-26 01:45:00+00:00,153.567,153.624,153.509,153.559,1943.4
2024-07-26 01:50:00+00:00,153.556,153.557,153.428,153.53,3307.97
2024-07-26 01:55:00+00:00,153.53,153.611,153.474,153.581,2388.74
2024-07-26 02:00:00+00:00,153.579,153.67,153.565,153.66,2024.46
2024-07-26 02:05:00+00:00,153.659,153.74,153.645,153.735,1142.25
2024-07-26 02:10:00+00:00,153.739,153.764,153.697,153.73,937.98
2024-07-26 02:15:00+00:00,153.73,153.777,153.691,153.693,1127.46
2024-07-26 02:20:00+00:00,153.691,153.708,153.646,153.674,1184.94
2024-07-26 02:25:00+00:00,153.672,153.847,153.651,153.817,1271.82
2024-07-26 02:30:00+00:00,153.825,153.907,153.823,153.89,1225.2
2024-07-26 02:35:00+00:00,153.888,153.964,153.879,153.918,463.57
2024-07-26 02:40:00+00:00,153.919,153.967,153.892,153.955,1346.43
2024-07-26 02:45:00+00:00,153.959,153.961,153.827,153.859,1203.37
2024-07-26 02:50:00+00:00,153.859,153.904,153.836,153.9,729.93
2024-07-26 02:55:00+00:00,153.901,153.944,153.899,153.919,396.03
2024-07-26 03:00:00+00:00,153.919,153.919,153.858,153.861,933.09
2024-07-26 03:05:00+00:00,153.862,153.862,153.776,153.826,1530.31
2024-07-26 03:10:00+00:00,153.827,153.863,153.778,153.823,1154.92
2024-07-26 03:15:00+00:00,153.824,153.855,153.738,153.796,1210.17
2024-07-26 03:20:00+00:00,153.795,153.83,153.788,153.824,990.75
2024-07-26 03:25:00+00:00,153.825,153.865,153.787,153.836,837.75
2024-07-26 03:30:00+00:00,153.837,153.866,153.823,153.849,938.69
2024-07-26 03:35:00+00:00,153.85,153.86,153.796,153.848,800.06
2024-07-26 03:40:00+00:00,153.849,153.915,153.835,153.887,906.08
2024-07-26 03:45:00+00:00,153.886,153.886,153.812,153.823,658.65
2024-07-26 03:50:00+00:00,153.826,153.832,153.8,153.811,508.2
2024-07-26 03:55:00+00:00,153.813,153.826,153.74,153.753,1050.3
2024-07-26 04:00:00+00:00,153.753,153.831,153.718,153.816,819.54
2024-07-26 04:05:00+00:00,153.815,153.82,153.749,153.795,1288.26
2024-07-26 04:10:00+00:00,153.796,153.814,153.763,153.781,507.42
2024-07-26 04:15:00+00:00,153.78,153.805,153.724,153.745,814.5
2024-07-26 04:20:00+00:00,153.744,153.766,153.717,153.725,859.5
2024-07-26 04:25:00+00:00,153.724,153.737,153.693,153.731,1054.55
2024-07-26 04:30:00+00:00,153.731,153.745,153.646,153.71,1249.32
2024-07-26 04:35:00+00:00,153.709,153.711,153.59,153.603,2033.14
2024-07-26 04:40:00+00:00,153.603,153.666,153.591,153.665,1305.12
2024-07-26 04:45:00+00:00,153.664,153.685,153.627,153.661,1410.22
2024-07-26 04:50:00+00:00,153.661,153.698,153.634,153.635,1529.91
2024-07-26 04:55:00+00:00,153.636,153.679,153.623,153.676,1268.01
2024-07-26 05:00:00+00:00,153.677,153.804,153.648,153.74,1294.82
2024-07-26 05:05:00+00:00,153.74,153.764,153.556,153.582,1171.87
2024-07-26 05:10:00+00:00,153.582,153.593,153.499,153.54,1854.18
2024-07-26 05:15:00+00:00,153.543,153.614,153.528,153.582,1507.54
2024-07-26 05:20:00+00:00,153.585,153.71,153.564,153.685,1769.87
2024-07-26 05:25:00+00:00,153.685,153.695,153.638,153.651,1228.44
2024-07-26 05:30:00+00:00,153.654,153.654,153.59,153.646,1109.4
2024-07-26 05:35:00+00:00,153.644,153.694,153.631,153.673,856.43
2024-07-26 05:40:00+00:00,153.674,153.699,153.649,153.696,889.38
2024-07-26 05:45:00+00:00,153.695,153.767,153.681,153.767,1026.21
2024-07-26 05:50:00+00:00,153.766,153.781,153.729,153.755,710.39
2024-07-26 05:55:00+00:00,153.755,153.759,153.632,153.642,612.08
2024-07-26 06:00:00+00:00,153.642,153.642,153.539,153.593,2791.02
2024-07-26 06:05:00+00:00,153.59,153.69,153.573,153.613,2826.25
2024-07-26 06:10:00+00:00,153.616,153.657,153.545,153.61,3123.21
2024-07-26 06:15:00+00:00,153.612,153.658,153.561,153.639,3029.12
2024-07-26 06:20:00+00:00,153.64,153.704,153.622,153.626,2476.65
2024-07-26 06:25:00+00:00,153.625,153.678,153.582,153.663,3198.7
2024-07-26 06:30:00+00:00,153.665,153.752,153.649,153.699,3806.37
2024-07-26 06:35:00+00:00,153.7,153.741,153.67,153.734,2461.8
2024-07-26 06:40:00+00:00,153.735,153.755,153.673,153.682,3415.53
2024-07-26 06:45:00+00:00,153.684,153.722,153.598,153.616,3809.1
2024-07-26 06:50:00+00:00,153.616,153.645,153.581,153.61,3289.2
2024-07-26 06:55:00+00:00,153.613,153.644,153.588,153.635,3657.15
2024-07-26 07:00:00+00:00,153.635,153.739,153.566,153.733,2765.13
2024-07-26 07:05:00+00:00,153.733,153.807,153.727,153.793,1499.52
2024-07-26 07:10:00+00:00,153.793,153.896,153.775,153.896,2219.01
2024-07-26 07:15:00+00:00,153.904,153.951,153.849,153.85,2515.35
2024-07-26 07:20:00+00:00,153.856,153.933,153.855,153.927,3854.07
2024-07-26 07:25:00+00:00,153.928,153.959,153.881,153.898,2971.62
2024-07-26 07:30:00+00:00,153.899,154.088,153.88,154.087,2876.82
2024-07-26 07:35:00+00:00,154.086,154.17,154.031,154.045,2276.85
2024-07-26 07:40:00+00:00,154.042,154.101,154.01,154.017,2613.9
2024-07-26 07:45:00+00:00,154.016,154.07,153.967,153.98,3132.09
2024-07-26 07:50:00+00:00,153.981,154.039,153.955,153.972,2848.38
2024-07-26 07:55:00+00:00,153.973,154.009,153.915,153.918,2019.6
2024-07-26 08:00:00+00:00,153.916,153.988,153.862,153.939,2700.93
2024-07-26 08:05:00+00:00,153.939,153.965,153.878,153.946,1909.32
2024-07-26 08:10:00+00:00,153.947,153.994,153.941,153.986,1284.81
2024-07-26 08:15:00+00:00,153.989,154.086,153.978,154.086,3075.36
2024-07-26 08:20:00+00:00,154.085,154.245,154.071,154.245,2890.11
2024-07-26 08:25:00+00:00,154.246,154.26,154.184,154.26,2546.46
2024-07-26 08:30:00+00:00,154.258,154.425,154.258,154.37,3160.54
2024-07-26 08:35:00+00:00,154.367,154.422,154.329,154.364,1627.29
2024-07-26 08:40:00+00:00,154.364,154.431,154.36,154.365,2561.7
2024-07-26 08:45:00+00:00,154.37,154.422,154.3,154.319,1598.55
2024-07-26 08:50:00+00:00,154.317,154.326,154.224,154.235,1162.98
2024-07-26 08:55:00+00:00,154.239,154.315,154.236,154.299,1810.02
2024-07-26 09:00:00+00:00,154.297,154.355,154.26,154.265,3341.28
2024-07-26 09:05:00+00:00,154.262,154.272,154.225,154.232,2410.11
2024-07-26 09:10:00+00:00,154.233,154.27,154.202,154.217,2909.28
2024-07-26 09:15:00+00:00,154.208,154.217,154.133,154.14,2501.52
2024-07-26 09:20:00+00:00,154.14,154.165,154.089,154.165,2214.69
2024-07-26 09:25:00+00:00,154.168,154.206,154.116,154.123,3121.68
2024-07-26 09:30:00+00:00,154.122,154.134,154.067,154.095,2497.05
2024-07-26 09:35:00+00:00,154.094,154.14,154.094,154.097,2083.5
2024-07-26 09:40:00+00:00,154.095,154.113,154.033,154.039,2428.2
2024-07-26 09:45:00+00:00,154.04,154.159,154.039,154.146,2342.28
2024-07-26 09:50:00+00:00,154.145,154.181,154.136,154.167,2292.33
2024-07-26 09:55:00+00:00,154.168,154.216,154.168,154.205,1693.35
2024-07-26 10:00:00+00:00,154.206,154.268,154.194,154.222,3142.24
2024-07-26 10:05:00+00:00,154.223,154.31,154.222,154.274,2745.63
2024-07-26 10:10:00+00:00,154.274,154.308,154.223,154.246,1582.41
2024-07-26 10:15:00+00:00,154.249,154.294,154.242,154.262,1072.35
2024-07-26 10:20:00+00:00,154.264,154.289,154.221,154.243,2712.18
2024-07-26 10:25:00+00:00,154.244,154.252,154.2,154.221,2783.91
2024-07-26 10:30:00+00:00,154.224,154.307,154.214,154.295,1405.08
2024-07-26 10:35:00+00:00,154.296,154.303,154.276,154.296,933.96
2024-07-26 10:40:00+00:00,154.296,154.48,154.294,154.444,2636.04
2024-07-26 10:45:00+00:00,154.444,154.465,154.421,154.456,1485.84
2024-07-26 10:50:00+00:00,154.465,154.645,154.457,154.561,2743.83
2024-07-26 10:55:00+00:00,154.56,154.604,154.543,154.563,2044.08
2024-07-26 11:00:00+00:00,154.567,154.585,154.519,154.535,1242.87
2024-07-26 11:05:00+00:00,154.536,154.639,154.536,154.621,2493.84
2024-07-26 11:10:00+00:00,154.618,154.685,154.602,154.666,2921.28
2024-07-26 11:15:00+00:00,154.667,154.737,154.663,154.69,1551.09
2024-07-26 11:20:00+00:00,154.683,154.723,154.643,154.704,1292.43
2024-07-26 11:25:00+00:00,154.703,154.724,154.668,154.682,2003.52
2024-07-26 11:30:00+00:00,154.681,154.687,154.623,154.68,2215.95
2024-07-26 11:35:00+00:00,154.678,154.684,154.578,154.59,2625.9
2024-07-26 11:40:00+00:00,154.592,154.667,154.553,154.665,2429.31
2024-07-26 11:45:00+00:00,154.664,154.689,154.64,154.668,2564.52
2024-07-26 11:50:00+00:00,154.668,154.69,154.612,154.684,2090.88
2024-07-26 11:55:00+00:00,154.685,154.718,154.61,154.61,2455.2
2024-07-26 12:00:00+00:00,154.611,154.618,154.556,154.558,2621.73
2024-07-26 12:05:00+00:00,154.557,154.561,154.514,154.549,1437.96
2024-07-26 12:10:00+00:00,154.549,154.567,154.522,154.563,1495.95
2024-07-26 12:15:00+00:00,154.57,154.648,154.558,154.64,2794.26
2024-07-26 12:20:00+00:00,154.641,154.72,154.63,154.72,2044.35
2024-07-26 12:25:00+00:00,154.721,154.725,154.379,154.449,2998.95
2024-07-26 12:30:00+00:00,154.453,154.699,154.278,154.315,4711.86
2024-07-26 12:35:00+00:00,154.313,154.38,154.236,154.271,4235.91
2024-07-26 12:40:00+00:00,154.262,154.309,154.024,154.284,5162.73
2024-07-26 12:45:00+00:00,154.286,154.36,154.263,154.3,2545.68
2024-07-26 12:50:00+00:00,154.303,154.427,154.282,154.379,2208.24
2024-07-26 12:55:00+00:00,154.375,154.375,154.214,154.218,3292.5
2024-07-26 13:00:00+00:00,154.217,154.218,154.025,154.04,5759.01
2024-07-26 13:05:00+00:00,154.041,154.048,153.668,153.849,5829.87
2024-07-26 13:10:00+00:00,153.849,154.086,153.848,153.982,5350.38
2024-07-26 13:15:00+00:00,153.983,154.028,153.857,153.88,3559.02
2024-07-26 13:20:00+00:00,153.881,153.907,153.794,153.884,3256.65
2024-07-26 13:25:00+00:00,153.883,153.972,153.851,153.922,2088.87
2024-07-26 13:30:00+00:00,153.922,154.015,153.84,153.93,2938.36
2024-07-26 13:35:00+00:00,153.931,153.975,153.778,153.786,3089.88
2024-07-26 13:40:00+00:00,153.784,153.843,153.732,153.771,2698.56
2024-07-26 13:45:00+00:00,153.775,153.897,153.769,153.868,2213.34
2024-07-26 13:50:00+00:00,153.867,153.914,153.782,153.851,2442.36
2024-07-26 13:55:00+00:00,153.852,153.911,153.776,153.781,1111.29
2024-07-26 14:00:00+00:00,153.781,154.081,153.781,154.039,4755.87
2024-07-26 14:05:00+00:00,154.039,154.101,153.829,153.832,4553.04
2024-07-26 14:10:00+00:00,153.832,153.892,153.824,153.88,2946.06
2024-07-26 14:15:00+00:00,153.881,153.965,153.096,153.403,6460.9
2024-07-26 14:20:00+00:00,153.405,153.612,153.397,153.517,3821.52
2024-07-26 14:25:00+00:00,153.513,153.657,153.485,153.539,3036.0
2024-07-26 14:30:00+00:00,153.544,153.607,153.403,153.457,3554.52
2024-07-26 14:35:00+00:00,153.454,153.552,153.344,153.416,3149.67
2024-07-26 14:40:00+00:00,153.416,153.49,153.343,153.347,2869.41
2024-07-26 14:45:00+00:00,153.351,153.405,153.243,153.374,2184.03
2024-07-26 14:50:00+00:00,153.374,153.54,153.326,153.525,2075.94
2024-07-26 14:55:00+00:00,153.53,153.568,153.486,153.5,3555.59
2024-07-26 15:00:00+00:00,153.501,153.65,153.495,153.638,4025.94
2024-07-26 15:05:00+00:00,153.638,153.759,153.618,153.757,2152.8
2024-07-26 15:10:00+00:00,153.758,153.829,153.729,153.757,3103.05
2024-07-26 15:15:00+00:00,153.755,153.791,153.722,153.745,2224.14
2024-07-26 15:20:00+00:00,153.75,153.762,153.693,153.698,2590.92
2024-07-26 15:25:00+00:00,153.7,153.731,153.675,153.687,1594.59
2024-07-26 15:30:00+00:00,153.686,153.789,153.683,153.741,2897.43
2024-07-26 15:35:00+00:00,153.744,153.748,153.657,153.74,4049.52
2024-07-26 15:40:00+00:00,153.741,153.744,153.659,153.694,3935.43
2024-07-26 15:45:00+00:00,153.694,153.835,153.68,153.825,2880.24
2024-07-26 15:50:00+00:00,153.826,153.828,153.75,153.768,3926.19
2024-07-26 15:55:00+00:00,153.77,153.875,153.765,153.868,2743.14
2024-07-26 16:00:00+00:00,153.868,153.868,153.764,153.817,2338.2
2024-07-26 16:05:00+00:00,153.817,153.851,153.789,153.831,1353.27
2024-07-26 16:10:00+00:00,153.834,153.836,153.751,153.766,2919.42
2024-07-26 16:15:00+00:00,153.766,153.801,153.751,153.756,2468.34
2024-07-26 16:20:00+00:00,153.756,153.813,153.74,153.8,1296.27
2024-07-26 16:25:00+00:00,153.799,153.838,153.795,153.806,2209.92
2024-07-26 16:30:00+00:00,153.807,153.825,153.776,153.787,1824.96
2024-07-26 16:35:00+00:00,153.787,153.801,153.762,153.775,2406.9
2024-07-26 16:40:00+00:00,153.775,153.811,153.774,153.788,2347.8
2024-07-26 16:45:00+00:00,153.787,153.798,153.729,153.738,1810.05
2024-07-26 16:50:00+00:00,153.738,153.764,153.706,153.711,1275.39
2024-07-26 16:55:00+00:00,153.712,153.8,153.712,153.784,1918.02
2024-07-26 17:00:00+00:00,153.784,153.79,153.728,153.764,1436.61
2024-07-26 17:05:00+00:00,153.763,153.773,153.727,153.732,840.03
2024-07-26 17:10:00+00:00,153.732,153.804,153.728,153.775,912.66
2024-07-26 17:15:00+00:00,153.775,153.812,153.771,153.812,550.35
2024-07-26 17:20:00+00:00,153.813,153.847,153.81,153.833,768.54
2024-07-26 17:25:00+00:00,153.833,153.87,153.832,153.865,1692.48
2024-07-26 17:30:00+00:00,153.865,153.872,153.786,153.8,1882.62
2024-07-26 17:35:00+00:00,153.8,153.803,153.737,153.741,2465.04
2024-07-26 17:40:00+00:00,153.741,153.789,153.738,153.752,1134.15
2024-07-26 17:45:00+00:00,153.751,153.786,153.751,153.765,1141.14
2024-07-26 17:50:00+00:00,153.762,153.764,153.673,153.705,1561.86
2024-07-26 17:55:00+00:00,153.707,153.739,153.702,153.729,1700.19
2024-07-26 18:00:00+00:00,153.732,153.755,153.728,153.746,686.07
2024-07-26 18:05:00+00:00,153.746,153.775,153.738,153.774,1507.89
2024-07-26 18:10:00+00:00,153.773,153.785,153.759,153.775,1486.65
2024-07-26 18:15:00+00:00,153.775,153.776,153.725,153.739,1038.75
2024-07-26 18:20:00+00:00,153.739,153.778,153.721,153.775,1836.81
2024-07-26 18:25:00+00:00,153.776,153.794,153.752,153.785,2209.2
2024-07-26 18:30:00+00:00,153.786,153.79,153.771,153.787,1232.25
2024-07-26 18:35:00+00:00,153.789,153.789,153.728,153.774,1367.04
2024-07-26 18:40:00+00:00,153.777,153.78,153.726,153.752,1437.18
2024-07-26 18:45:00+00:00,153.753,153.817,153.73,153.815,1529.25
2024-07-26 18:50:00+00:00,153.814,153.826,153.777,153.785,1992.84
2024-07-26 18:55:00+00:00,153.785,153.793,153.707,153.728,2803.2
2024-07-26 19:00:00+00:00,153.729,153.747,153.674,153.733,852.06
2024-07-26 19:05:00+00:00,153.733,153.746,153.714,153.727,733.68
2024-07-26 19:10:00+00:00,153.727,153.756,153.715,153.745,832.92
2024-07-26 19:15:00+00:00,153.747,153.75,153.717,153.739,679.2
2024-07-26 19:20:00+00:00,153.733,153.744,153.727,153.739,438.9
2024-07-26 19:25:00+00:00,153.738,153.754,153.727,153.747,679.35
2024-07-26 19:30:00+00:00,153.748,153.748,153.723,153.729,402.63
2024-07-26 19:35:00+00:00,153.73,153.736,153.725,153.734,380.22
2024-07-26 19:40:00+00:00,153.734,153.735,153.721,153.728,394.32
2024-07-26 19:45:00+00:00,153.728,153.737,153.705,153.713,355.68
2024-07-26 19:50:00+00:00,153.715,153.733,153.708,153.718,406.62
2024-07-26 19:55:00+00:00,153.716,153.765,153.708,153.754,488.79
2024-07-26 20:00:00+00:00,153.756,153.793,153.754,153.767,253.47
2024-07-26 20:05:00+00:00,153.766,153.779,153.766,153.778,140.43
2024-07-26 20:10:00+00:00,153.777,153.783,153.766,153.781,103.92
2024-07-26 20:15:00+00:00,153.78,153.781,153.731,153.748,93.99
2024-07-26 20:20:00+00:00,153.747,153.762,153.734,153.761,116.07
2024-07-26 20:25:00+00:00,153.762,153.775,153.737,153.758,184.8
2024-07-26 20:30:00+00:00,153.757,153.769,153.75,153.762,161.61
2024-07-26 20:35:00+00:00,153.761,153.788,153.761,153.787,113.73
2024-07-26 20:40:00+00:00,153.789,153.795,153.786,153.789,147.9
2024-07-26 20:45:00+00:00,153.793,153.795,153.743,153.752,292.5
2024-07-26 20:50:00+00:00,153.751,153.76,153.745,153.758,210.3
2024-07-26 20:55:00+00:00,153.759,153.794,153.709,153.718,277.11
2024-07-28 21:00:00+00:00,153.652,153.668,153.632,153.632,6.84
2024-07-28 21:05:00+00:00,153.639,153.695,153.639,153.695,12.66
2024-07-28 21:10:00+00:00,153.68,153.694,153.671,153.679,20.1
2024-07-28 21:15:00+00:00,153.691,153.718,153.682,153.718,15.9
2024-07-28 21:20:00+00:00,153.695,153.748,153.683,153.748,45.9
2024-07-28 21:25:00+00:00,153.749,153.768,153.729,153.758,69.0
2024-07-28 21:30:00+00:00,153.762,153.772,153.75,153.764,78.0
2024-07-28 21:35:00+00:00,153.765,153.768,153.744,153.761,21.3
2024-07-28 21:40:00+00:00,153.761,153.765,153.753,153.753,21.6
2024-07-28 21:45:00+00:00,153.753,153.753,153.746,153.75,14.1
2024-07-28 21:50:00+00:00,153.75,153.754,153.525,153.605,384.6
2024-07-28 21:55:00+00:00,153.605,153.666,153.475,153.529,152.1
2024-07-28 22:00:00+00:00,153.692,153.832,153.654,153.814,463.05
2024-07-28 22:05:00+00:00,153.823,153.876,153.793,153.793,270.45
2024-07-28 22:10:00+00:00,153.793,153.804,153.725,153.728,627.3
2024-07-28 22:15:00+00:00,153.729,153.75,153.693,153.712,1642.05
2024-07-28 22:20:00+00:00,153.709,153.752,153.708,153.71,483.9
2024-07-28 22:25:00+00:00,153.711,153.778,153.709,153.764,636.6
2024-07-28 22:30:00+00:00,153.765,153.784,153.742,153.777,1237.35
2024-07-28 22:35:00+00:00,153.775,153.837,153.775,153.797,1245.3
2024-07-28 22:40:00+00:00,153.795,153.879,153.782,153.863,920.79
2024-07-28 22:45:00+00:00,153.871,153.955,153.847,153.916,2101.44
2024-07-28 22:50:00+00:00,153.917,153.974,153.893,153.933,2053.35
2024-07-28 22:55:00+00:00,153.934,154.02,153.917,154.02,2158.38
2024-07-28 23:00:00+00:00,154.018,154.094,154.01,154.059,2172.24
2024-07-28 23:05:00+00:00,154.059,154.108,154.058,154.081,1202.25
2024-07-28 23:10:00+00:00,154.081,154.13,154.044,154.129,1662.3
2024-07-28 23:15:00+00:00,154.132,154.203,154.132,154.178,1657.89
2024-07-28 23:20:00+00:00,154.177,154.212,154.137,154.138,2497.62
2024-07-28 23:25:00+00:00,154.138,154.192,154.132,154.172,1301.85
2024-07-28 23:30:00+00:00,154.171,154.199,154.148,154.16,2462.97
2024-07-28 23:35:00+00:00,154.162,154.172,154.078,154.1,2041.95
2024-07-28 23:40:00+00:00,154.1,154.1,154.039,154.09,1817.97
2024-07-28 23:45:00+00:00,154.088,154.101,153.98,154.002,1757.52
2024-07-28 23:50:00+00:00,154.0,154.113,153.995,154.111,1420.47
2024-07-28 23:55:00+00:00,154.111,154.149,154.102,154.143,753.54
2024-07-29 00:00:00+00:00,154.149,154.334,154.1,154.315,4666.41
2024-07-29 00:05:00+00:00,154.315,154.351,154.248,154.285,2506.83
2024-07-29 00:10:00+00:00,154.286,154.292,154.207,154.23,2020.89
2024-07-29 00:15:00+00:00,154.23,154.284,154.219,154.281,1639.98
2024-07-29 00:20:00+00:00,154.272,154.306,154.184,154.184,1975.38
2024-07-29 00:25:00+00:00,154.184,154.184,154.073,154.155,3071.52
2024-07-29 00:30:00+00:00,154.156,154.156,154.068,154.128,2259.37
2024-07-29 00:35:00+00:00,154.127,154.142,154.025,154.064,1255.34
2024-07-29 00:40:00+00:00,154.065,154.132,154.031,154.124,1260.36
2024-07-29 00:45:00+00:00,154.126,154.157,154.039,154.04,1500.84
2024-07-29 00:50:00+00:00,154.042,154.066,153.735,153.742,3450.12
2024-07-29 00:55:00+00:00,153.735,153.765,153.52,153.66,5924.77
2024-07-29 01:00:00+00:00,153.653,153.744,153.594,153.619,4048.44
2024-07-29 01:05:00+00:00,153.625,153.794,153.614,153.734,2336.43
2024-07-29 01:10:00+00:00,153.733,153.83,153.711,153.811,2485.08
2024-07-29 01:15:00+00:00,153.815,153.83,153.659,153.666,2724.72
2024-07-29 01:20:00+00:00,153.665,153.701,153.569,153.675,2345.19
2024-07-29 01:25:00+00:00,153.676,153.737,153.577,153.578,1083.72
2024-07-29 01:30:00+00:00,153.577,153.577,153.397,153.424,5036.85
2024-07-29 01:35:00+00:00,153.424,153.481,153.377,153.424,3723.85
2024-07-29 01:40:00+00:00,153.425,153.443,153.236,153.362,3777.03
2024-07-29 01:45:00+00:00,153.362,153.481,153.355,153.463,2592.68
2024-07-29 01:50:00+00:00,153.462,153.501,153.415,153.453,3962.97
2024-07-29 01:55:00+00:00,153.451,153.481,153.41,153.438,1336.05
2024-07-29 02:00:00+00:00,153.439,153.526,153.397,153.511,1675.86
2024-07-29 02:05:00+00:00,153.508,153.534,153.415,153.418,1491.51
2024-07-29 02:10:00+00:00,153.417,153.42,153.294,153.338,1302.61
2024-07-29 02:15:00+00:00,153.335,153.339,153.181,153.251,1348.86
2024-07-29 02:20:00+00:00,153.25,153.267,153.036,153.066,1582.8
2024-07-29 02:25:00+00:00,153.065,153.177,153.014,153.117,1417.02
2024-07-29 02:30:00+00:00,153.117,153.225,153.093,153.204,1536.03
2024-07-29 02:35:00+00:00,153.213,153.238,153.173,153.207,1639.29
2024-07-29 02:40:00+00:00,153.207,153.25,153.166,153.244,2510.3
2024-07-29 02:45:00+00:00,153.243,153.321,153.215,153.29,1689.39
2024-07-29 02:50:00+00:00,153.292,153.363,153.269,153.338,1167.63
2024-07-29 02:55:00+00:00,153.337,153.42,153.335,153.419,3101.25
2024-07-29 03:00:00+00:00,153.42,153.449,153.359,153.376,3437.67
2024-07-29 03:05:00+00:00,153.375,153.415,153.333,153.348,3355.29
2024-07-29 03:10:00+00:00,153.348,153.448,153.328,153.391,3063.39
2024-07-29 03:15:00+00:00,153.391,153.485,153.365,153.47,1247.49
2024-07-29 03:20:00+00:00,153.469,153.563,153.461,153.546,1839.69
2024-07-29 03:25:00+00:00,153.548,153.563,153.514,153.519,713.13
2024-07-29 03:30:00+00:00,153.519,153.592,153.518,153.552,1196.47
2024-07-29 03:35:00+00:00,153.553,153.619,153.537,153.61,944.88
2024-07-29 03:40:00+00:00,153.613,153.624,153.581,153.603,700.44
2024-07-29 03:45:00+00:00,153.605,153.694,153.59,153.682,1018.62
2024-07-29 03:50:00+00:00,153.684,153.684,153.58,153.621,2696.31
2024-07-29 03:55:00+00:00,153.622,153.624,153.499,153.511,2064.84
2024-07-29 04:00:00+00:00,153.517,153.57,153.515,153.567,2634.51
2024-07-29 04:05:00+00:00,153.568,153.607,153.521,153.524,2515.44
2024-07-29 04:10:00+00:00,153.525,153.528,153.409,153.437,2360.91
2024-07-29 04:15:00+00:00,153.439,153.477,153.369,153.391,2883.58
2024-07-29 04:20:00+00:00,153.39,153.5,153.39,153.473,2100.57
2024-07-29 04:25:00+00:00,153.474,153.572,153.472,153.542,2262.03
2024-07-29 04:30:00+00:00,153.541,153.601,153.53,153.598,1413.18
2024-07-29 04:35:00+00:00,153.6,153.602,153.494,153.494,2028.49
2024-07-29 04:40:00+00:00,153.495,153.499,153.393,153.414,2055.24
2024-07-29 04:45:00+00:00,153.414,153.417,153.331,153.398,1349.62
2024-07-29 04:50:00+00:00,153.399,153.399,153.322,153.389,2188.35
2024-07-29 04:55:00+00:00,153.388,153.446,153.349,153.413,1287.93
2024-07-29 05:00:00+00:00,153.412,153.433,153.347,153.359,2045.73
2024-07-29 05:05:00+00:00,153.358,153.383,153.3,153.36,1678.12
2024-07-29 05:10:00+00:00,153.361,153.437,153.359,153.408,858.03
2024-07-29 05:15:00+00:00,153.409,153.507,153.395,153.493,617.01
2024-07-29 05:20:00+00:00,153.495,153.578,153.495,153.554,1557.75
2024-07-29 05:25:00+00:00,153.554,153.588,153.497,153.586,1636.8
2024-07-29 05:30:00+00:00,153.586,153.612,153.53,153.557,1790.49
2024-07-29 05:35:00+00:00,153.556,153.556,153.495,153.511,1818.69
2024-07-29 05:40:00+00:00,153.525,153.594,153.521,153.577,1613.82
2024-07-29 05:45:00+00:00,153.576,153.664,153.576,153.615,1241.34
2024-07-29 05:50:00+00:00,153.614,153.618,153.478,153.501,1416.84
2024-07-29 05:55:00+00:00,153.504,153.504,153.344,153.381,2320.86
2024-07-29 06:00:00+00:00,153.381,153.435,153.347,153.359,2857.26
2024-07-29 06:05:00+00:00,153.356,153.359,153.218,153.259,2865.75
2024-07-29 06:10:00+00:00,153.258,153.358,153.253,153.344,3205.98
2024-07-29 06:15:00+00:00,153.348,153.38,153.343,153.363,2706.15
2024-07-29 06:20:00+00:00,153.363,153.43,153.313,153.323,3237.93
2024-07-29 06:25:00+00:00,153.324,153.355,153.263,153.263,3195.54
2024-07-29 06:30:00+00:00,153.264,153.333,153.138,153.172,3150.69
2024-07-29 06:35:00+00:00,153.173,153.313,153.173,153.311,2718.39
2024-07-29 06:40:00+00:00,153.312,153.432,153.303,153.398,2049.3
2024-07-29 06:45:00+00:00,153.4,153.446,153.354,153.394,1873.86
2024-07-29 06:50:00+00:00,153.395,153.404,153.306,153.377,2400.51
2024-07-29 06:55:00+00:00,153.381,153.447,153.353,153.354,1428.87
2024-07-29 07:00:00+00:00,153.352,153.465,153.232,153.455,4253.1
2024-07-29 07:05:00+00:00,153.455,153.48,153.399,153.418,3639.21
2024-07-29 07:10:00+00:00,153.418,153.444,153.326,153.373,3557.22
2024-07-29 07:15:00+00:00,153.375,153.433,153.256,153.433,4304.13
2024-07-29 07:20:00+00:00,153.434,153.512,153.39,153.457,3560.88
2024-07-29 07:25:00+00:00,153.455,153.578,153.427,153.571,3261.75
2024-07-29 07:30:00+00:00,153.57,153.594,153.488,153.511,4603.68
2024-07-29 07:35:00+00:00,153.512,153.569,153.478,153.556,2666.1
2024-07-29 07:40:00+00:00,153.555,153.626,153.499,153.509,4060.17
2024-07-29 07:45:00+00:00,153.508,153.568,153.497,153.534,3481.65
2024-07-29 07:50:00+00:00,153.536,153.673,153.51,153.654,4059.72
2024-07-29 07:55:00+00:00,153.655,153.723,153.617,153.617,3798.18
2024-07-29 08:00:00+00:00,153.618,153.643,153.586,153.631,3533.46
2024-07-29 08:05:00+00:00,153.629,153.75,153.628,153.74,1642.41
2024-07-29 08:10:00+00:00,153.739,153.886,153.737,153.881,3953.37
2024-07-29 08:15:00+00:00,153.88,153.915,153.788,153.801,4566.84
2024-07-29 08:20:00+00:00,153.801,153.841,153.754,153.757,3067.53
2024-07-29 08:25:00+00:00,153.758,153.813,153.753,153.808,1691.76
2024-07-29 08:30:00+00:00,153.806,153.836,153.739,153.836,2581.14
2024-07-29 08:35:00+00:00,153.835,153.873,153.721,153.747,2829.84
2024-07-29 08:40:00+00:00,153.746,153.765,153.701,153.734,3229.65
2024-07-29 08:45:00+00:00,153.732,153.732,153.626,153.629,3520.68
2024-07-29 08:50:00+00:00,153.628,153.675,153.59,153.672,2349.03
2024-07-29 08:55:00+00:00,153.672,153.743,153.659,153.686,2187.78
2024-07-29 09:00:00+00:00,153.685,153.709,153.623,153.699,2727.0
2024-07-29 09:05:00+00:00,153.699,153.772,153.68,153.744,3089.22
2024-07-29 09:10:00+00:00,153.744,153.751,153.628,153.63,2490.3
2024-07-29 09:15:00+00:00,153.631,153.664,153.599,153.654,2819.52
2024-07-29 09:20:00+00:00,153.656,153.703,153.612,153.702,2204.58
2024-07-29 09:25:00+00:00,153.704,153.704,153.655,153.666,1247.73
2024-07-29 09:30:00+00:00,153.665,153.712,153.659,153.701,2128.26
2024-07-29 09:35:00+00:00,153.7,153.71,153.667,153.695,2949.78
2024-07-29 09:40:00+00:00,153.697,153.764,153.6,153.601,3723.87
2024-07-29 09:45:00+00:00,153.601,153.698,153.587,153.672,3708.67
2024-07-29 09:50:00+00:00,153.669,153.671,153.611,153.657,2327.13
2024-07-29 09:55:00+00:00,153.657,153.74,153.657,153.701,2471.07
2024-07-29 10:00:00+00:00,153.701,153.716,153.675,153.693,1855.38
2024-07-29 10:05:00+00:00,153.694,153.772,153.683,153.754,2404.95
2024-07-29 10:10:00+00:00,153.752,153.786,153.726,153.77,2302.8
2024-07-29 10:15:00+00:00,153.769,153.814,153.75,153.784,1698.87
2024-07-29 10:20:00+00:00,153.784,153.81,153.728,153.775,2016.01
2024-07-29 10:25:00+00:00,153.777,153.865,153.768,153.852,2820.84
2024-07-29 10:30:00+00:00,153.854,153.89,153.836,153.853,2954.49
2024-07-29 10:35:00+00:00,153.852,153.892,153.777,153.786,2114.4
2024-07-29 10:40:00+00:00,153.786,153.789,153.711,153.718,2450.1
2024-07-29 10:45:00+00:00,153.719,153.73,153.657,153.695,2433.76
2024-07-29 10:50:00+00:00,153.695,153.695,153.601,153.631,1314.15
2024-07-29 10:55:00+00:00,153.632,153.704,153.627,153.684,1271.55
2024-07-29 11:00:00+00:00,153.683,153.702,153.634,153.652,1099.56
2024-07-29 11:05:00+00:00,153.651,153.679,153.59,153.649,2707.98
2024-07-29 11:10:00+00:00,153.649,153.709,153.648,153.691,2339.76
2024-07-29 11:15:00+00:00,153.691,153.718,153.677,153.715,3291.93
2024-07-29 11:20:00+00:00,153.714,153.769,153.677,153.761,2301.51
2024-07-29 11:25:00+00:00,153.758,153.802,153.724,153.79,1484.77
2024-07-29 11:30:00+00:00,153.79,153.791,153.739,153.739,1769.85
2024-07-29 11:35:00+00:00,153.738,153.738,153.625,153.697,2412.45
2024-07-29 11:40:00+00:00,153.697,153.712,153.677,153.699,2697.96
2024-07-29 11:45:00+00:00,153.7,153.767,153.696,153.763,2582.37
2024-07-29 11:50:00+00:00,153.765,153.837,153.765,153.816,2695.74
2024-07-29 11:55:00+00:00,153.818,153.833,153.789,153.833,2358.69
2024-07-29 12:00:00+00:00,153.833,153.876,153.788,153.81,3916.32
2024-07-29 12:05:00+00:00,153.812,153.878,153.754,153.87,4747.75
2024-07-29 12:10:00+00:00,153.874,153.992,153.872,153.972,4426.02
2024-07-29 12:15:00+00:00,153.971,154.032,153.953,153.99,2873.79
2024-07-29 12:20:00+00:00,153.985,154.029,153.956,154.0,3894.03
2024-07-29 12:25:00+00:00,153.999,154.031,153.928,153.953,3490.11
2024-07-29 12:30:00+00:00,153.953,154.023,153.906,153.938,2619.27
2024-07-29 12:35:00+00:00,153.938,153.98,153.908,153.921,3942.87
2024-07-29 12:40:00+00:00,153.92,153.922,153.859,153.913,3597.24
2024-07-29 12:45:00+00:00,153.911,153.933,153.873,153.909,3457.14
2024-07-29 12:50:00+00:00,153.911,153.919,153.849,153.885,3170.64
2024-07-29 12:55:00+00:00,153.888,153.919,153.842,153.883,2375.1
2024-07-29 13:00:00+00:00,153.885,153.951,153.843,153.843,2825.13
2024-07-29 13:05:00+00:00,153.845,153.849,153.731,153.785,4136.19
2024-07-29 13:10:00+00:00,153.786,153.894,153.738,153.888,4419.39
2024-07-29 13:15:00+00:00,153.888,153.946,153.883,153.925,3120.96
2024-07-29 13:20:00+00:00,153.925,153.947,153.892,153.903,2106.57
2024-07-29 13:25:00+00:00,153.904,154.029,153.889,153.971,2358.21
2024-07-29 13:30:00+00:00,153.969,154.066,153.935,154.019,1825.5
2024-07-29 13:35:00+00:00,154.019,154.141,154.019,154.102,2300.43
2024-07-29 13:40:00+00:00,154.098,154.102,153.978,154.041,2736.78
2024-07-29 13:45:00+00:00,154.042,154.093,154.003,154.09,3166.23
2024-07-29 13:50:00+00:00,154.088,154.104,154.017,154.097,3000.75
2024-07-29 13:55:00+00:00,154.097,154.207,154.097,154.175,3843.87
2024-07-29 14:00:00+00:00,154.174,154.186,154.138,154.15,2741.07
2024-07-29 14:05:00+00:00,154.151,154.195,154.121,154.135,3611.78
2024-07-29 14:10:00+00:00,154.133,154.135,154.068,154.109,4557.36
2024-07-29 14:15:00+00:00,154.109,154.158,154.088,154.138,1837.34
2024-07-29 14:20:00+00:00,154.139,154.156,154.101,154.147,3939.0
2024-07-29 14:25:00+00:00,154.148,154.191,154.032,154.05,3464.43
2024-07-29 14:30:00+00:00,154.051,154.082,154.002,154.058,4516.14
2024-07-29 14:35:00+00:00,154.057,154.141,154.052,154.14,4560.15
2024-07-29 14:40:00+00:00,154.14,154.189,154.108,154.184,3515.67
2024-07-29 14:45:00+00:00,154.192,154.203,154.112,154.115,2773.56
2024-07-29 14:50:00+00:00,154.116,154.121,154.044,154.083,3019.05
2024-07-29 14:55:00+00:00,154.083,154.139,154.038,154.048,2796.87
2024-07-29 15:00:00+00:00,154.047,154.047,153.932,153.975,3221.18
2024-07-29 15:05:00+00:00,153.972,154.016,153.958,153.975,2089.41
2024-07-29 15:10:00+00:00,153.971,153.988,153.952,153.971,2150.83
2024-07-29 15:15:00+00:00,153.973,153.975,153.897,153.92,2440.71
2024-07-29 15:20:00+00:00,153.921,153.963,153.917,153.941,1553.43
2024-07-29 15:25:00+00:00,153.939,153.949,153.913,153.938,1162.02
2024-07-29 15:30:00+00:00,153.941,153.949,153.878,153.911,2536.98
2024-07-29 15:35:00+00:00,153.909,153.942,153.891,153.908,3062.49
2024-07-29 15:40:00+00:00,153.91,153.93,153.895,153.904,3059.22
2024-07-29 15:45:00+00:00,153.903,153.965,153.89,153.955,1549.47
2024-07-29 15:50:00+00:00,153.955,153.957,153.894,153.906,2863.68
2024-07-29 15:55:00+00:00,153.903,153.964,153.869,153.964,1804.39
2024-07-29 16:00:00+00:00,153.965,154.016,153.964,154.001,1089.34
2024-07-29 16:05:00+00:00,154.002,154.041,153.998,154.023,1076.19
2024-07-29 16:10:00+00:00,154.023,154.091,154.023,154.082,818.49
2024-07-29 16:15:00+00:00,154.083,154.083,154.033,154.04,760.59
2024-07-29 16:20:00+00:00,154.041,154.047,154.021,154.038,517.2
2024-07-29 16:25:00+00:00,154.038,154.042,153.976,153.977,856.08
2024-07-29 16:30:00+00:00,153.976,153.982,153.933,153.958,1387.8
2024-07-29 16:35:00+00:00,153.959,153.976,153.935,153.976,1332.63
2024-07-29 16:40:00+00:00,153.975,154.037,153.974,154.008,3226.86
2024-07-29 16:45:00+00:00,154.007,154.012,153.98,153.983,589.32
2024-07-29 16:50:00+00:00,153.983,154.006,153.967,153.982,1093.03
2024-07-29 16:55:00+00:00,153.982,153.982,153.934,153.942,796.77
2024-07-29 17:00:00+00:00,153.943,153.994,153.93,153.959,1098.3
2024-07-29 17:05:00+00:00,153.961,153.983,153.946,153.98,1509.48
2024-07-29 17:10:00+00:00,153.981,153.988,153.932,153.94,1885.2
2024-07-29 17:15:00+00:00,153.941,153.95,153.93,153.939,1939.05
2024-07-29 17:20:00+00:00,153.938,153.938,153.905,153.905,1415.67
2024-07-29 17:25:00+00:00,153.904,153.913,153.887,153.913,342.06
2024-07-29 17:30:00+00:00,153.92,153.927,153.906,153.915,228.39
2024-07-29 17:35:00+00:00,153.913,153.947,153.913,153.938,174.0
2024-07-29 17:40:00+00:00,153.939,153.953,153.929,153.943,148.5
2024-07-29 17:45:00+00:00,153.949,153.986,153.946,153.979,440.13
2024-07-29 17:50:00+00:00,153.979,153.995,153.979,153.989,892.62
2024-07-29 17:55:00+00:00,153.99,154.031,153.987,154.0,1514.73
2024-07-29 18:00:00+00:00,154.0,154.018,153.984,154.008,1645.41
2024-07-29 18:05:00+00:00,154.009,154.027,153.989,154.014,2106.33
2024-07-29 18:10:00+00:00,154.015,154.019,153.983,153.997,456.9
2024-07-29 18:15:00+00:00,153.996,153.996,153.966,153.992,428.25
2024-07-29 18:20:00+00:00,153.991,153.996,153.973,153.993,214.8
2024-07-29 18:25:00+00:00,153.992,154.038,153.99,154.028,905.16
2024-07-29 18:30:00+00:00,154.027,154.054,154.018,154.047,2262.42
2024-07-29 18:35:00+00:00,154.048,154.049,154.019,154.022,462.78
2024-07-29 18:40:00+00:00,154.022,154.047,154.012,154.017,1554.19
2024-07-29 18:45:00+00:00,154.018,154.019,153.982,153.986,1331.41
2024-07-29 18:50:00+00:00,153.986,154.01,153.986,153.995,1983.36
2024-07-29 18:55:00+00:00,153.996,154.006,153.974,153.986,2452.17
2024-07-29 19:00:00+00:00,153.981,153.996,153.963,153.993,2532.51
2024-07-29 19:05:00+00:00,153.985,153.999,153.958,153.97,523.71
2024-07-29 19:10:00+00:00,153.97,153.996,153.969,153.981,1798.56
2024-07-29 19:15:00+00:00,153.982,153.985,153.962,153.98,808.68
2024-07-29 19:20:00+00:00,153.978,153.979,153.968,153.976,641.4
2024-07-29 19:25:00+00:00,153.973,153.989,153.973,153.983,1459.29
2024-07-29 19:30:00+00:00,153.982,153.992,153.972,153.99,762.06
2024-07-29 19:35:00+00:00,153.989,154.012,153.984,153.989,537.84
2024-07-29 19:40:00+00:00,153.989,154.006,153.989,153.995,310.26
2024-07-29 19:45:00+00:00,153.996,154.006,153.995,154.006,560.16
2024-07-29 19:50:00+00:00,154.006,154.038,154.004,154.034,952.11
2024-07-29 19:55:00+00:00,154.035,154.035,153.997,153.999,718.35
2024-07-29 20:00:00+00:00,153.998,153.999,153.974,153.985,476.01
2024-07-29 20:05:00+00:00,153.987,153.993,153.986,153.992,328.17
2024-07-29 20:10:00+00:00,153.994,153.996,153.984,153.992,477.45
2024-07-29 20:15:00+00:00,153.993,154.011,153.993,153.998,271.59
2024-07-29 20:20:00+00:00,154.001,154.023,153.999,154.004,309.81
2024-07-29 20:25:00+00:00,154.004,154.035,154.004,154.008,313.56
2024-07-29 20:30:00+00:00,154.01,154.049,154.004,154.047,275.79
2024-07-29 20:35:00+00:00,154.047,154.051,154.026,154.026,212.19
2024-07-29 20:40:00+00:00,154.025,154.037,154.02,154.035,194.62
2024-07-29 20:45:00+00:00,154.034,154.041,154.028,154.031,370.94
2024-07-29 20:50:00+00:00,154.032,154.044,154.03,154.032,165.9
2024-07-29 20:55:00+00:00,154.032,154.032,154.01,154.01,338.19
2024-07-29 21:00:00+00:00,154.01,154.01,153.903,153.932,12.27
2024-07-29 21:05:00+00:00,153.932,153.951,153.904,153.949,46.68
2024-07-29 21:10:00+00:00,153.95,153.957,153.936,153.949,55.8
2024-07-29 21:15:00+00:00,153.95,153.965,153.945,153.963,63.3
2024-07-29 21:20:00+00:00,153.964,153.972,153.949,153.969,21.3
2024-07-29 21:25:00+00:00,153.97,154.006,153.962,153.997,114.0
2024-07-29 21:30:00+00:00,153.996,154.003,153.988,154.002,63.0
2024-07-29 21:35:00+00:00,154.002,154.003,153.989,154.001,29.7
2024-07-29 21:40:00+00:00,153.995,154.005,153.992,154.001,42.9
2024-07-29 21:45:00+00:00,153.997,154.068,153.987,154.028,320.4
2024-07-29 21:50:00+00:00,154.031,154.044,153.986,153.994,233.84
2024-07-29 21:55:00+00:00,153.999,154.016,153.983,154.004,194.7
2024-07-29 22:00:00+00:00,154.009,154.048,153.995,154.023,652.59
2024-07-29 22:05:00+00:00,154.023,154.048,154.022,154.048,641.4
2024-07-29 22:10:00+00:00,154.048,154.061,154.012,154.039,471.3
2024-07-29 22:15:00+00:00,154.04,154.043,154.0,154.029,959.7
2024-07-29 22:20:00+00:00,154.023,154.043,154.002,154.036,736.95
2024-07-29 22:25:00+00:00,154.034,154.046,154.012,154.026,759.9
2024-07-29 22:30:00+00:00,154.027,154.051,154.012,154.034,2068.5
2024-07-29 22:35:00+00:00,154.034,154.046,154.031,154.035,676.2
2024-07-29 22:40:00+00:00,154.039,154.044,154.01,154.022,890.25
2024-07-29 22:45:00+00:00,154.023,154.031,153.989,153.989,1259.7
2024-07-29 22:50:00+00:00,153.994,154.019,153.99,154.003,443.1
2024-07-29 22:55:00+00:00,154.003,154.035,153.97,154.019,272.92
2024-07-29 23:00:00+00:00,154.018,154.028,153.783,153.903,2382.87
2024-07-29 23:05:00+00:00,153.901,153.912,153.8,153.813,3044.84
2024-07-29 23:10:00+00:00,153.813,153.859,153.807,153.853,1512.06
2024-07-29 23:15:00+00:00,153.852,153.876,153.818,153.836,1617.15
2024-07-29 23:20:00+00:00,153.837,153.848,153.804,153.82,1342.8
2024-07-29 23:25:00+00:00,153.821,153.855,153.821,153.826,703.5
2024-07-29 23:30:00+00:00,153.83,153.831,153.765,153.774,527.82
2024-07-29 23:35:00+00:00,153.777,153.844,153.768,153.842,434.91
2024-07-29 23:40:00+00:00,153.843,153.904,153.82,153.892,1182.12
2024-07-29 23:45:00+00:00,153.894,153.894,153.803,153.808,1065.9
2024-07-29 23:50:00+00:00,153.809,153.855,153.788,153.834,1067.85
2024-07-29 23:55:00+00:00,153.836,153.878,153.817,153.835,402.45
2024-07-30 00:00:00+00:00,153.833,153.833,153.752,153.764,2582.76
2024-07-30 00:05:00+00:00,153.762,153.763,153.615,153.66,2503.44
2024-07-30 00:10:00+00:00,153.659,153.756,153.646,153.726,1584.27
2024-07-30 00:15:00+00:00,153.727,153.741,153.688,153.714,1014.48
2024-07-30 00:20:00+00:00,153.713,153.823,153.711,153.821,610.5
2024-07-30 00:25:00+00:00,153.822,153.884,153.791,153.88,1052.37
2024-07-30 00:30:00+00:00,153.878,153.951,153.827,153.949,1134.24
2024-07-30 00:35:00+00:00,153.95,153.986,153.942,153.971,1391.22
2024-07-30 00:40:00+00:00,153.97,154.002,153.937,153.943,1535.25
2024-07-30 00:45:00+00:00,153.944,153.981,153.913,153.975,1957.3
2024-07-30 00:50:00+00:00,153.975,154.059,153.885,154.017,2756.61
2024-07-30 00:55:00+00:00,154.017,154.038,153.947,153.961,1553.85
2024-07-30 01:00:00+00:00,153.961,153.98,153.911,153.926,1368.45
2024-07-30 01:05:00+00:00,153.925,153.943,153.848,153.939,1726.59
2024-07-30 01:10:00+00:00,153.939,154.025,153.938,153.967,2440.08
2024-07-30 01:15:00+00:00,153.97,154.167,153.957,154.112,2251.32
2024-07-30 01:20:00+00:00,154.112,154.247,154.093,154.216,2346.13
2024-07-30 01:25:00+00:00,154.216,154.233,154.133,154.151,1465.72
2024-07-30 01:30:00+00:00,154.151,154.154,154.026,154.05,1063.47
2024-07-30 01:35:00+00:00,154.049,154.08,153.961,153.994,1109.58
2024-07-30 01:40:00+00:00,153.993,154.002,153.937,153.97,614.79
2024-07-30 01:45:00+00:00,153.969,154.069,153.967,154.051,1962.51
2024-07-30 01:50:00+00:00,154.051,154.071,153.888,153.983,2222.82
2024-07-30 01:55:00+00:00,153.985,153.992,153.922,153.992,783.0
2024-07-30 02:00:00+00:00,153.993,154.061,153.972,154.059,1470.75
2024-07-30 02:05:00+00:00,154.06,154.085,154.031,154.081,682.38
2024-07-30 02:10:00+00:00,154.08,154.093,154.04,154.073,892.08
2024-07-30 02:15:00+00:00,154.071,154.104,154.045,154.061,535.08
2024-07-30 02:20:00+00:00,154.063,154.113,154.063,154.085,834.09
2024-07-30 02:25:00+00:00,154.084,154.111,154.065,154.091,663.43
2024-07-30 02:30:00+00:00,154.092,154.132,154.065,154.08,1376.4
2024-07-30 02:35:00+00:00,154.084,154.107,154.021,154.057,736.17
2024-07-30 02:40:00+00:00,154.06,154.082,153.95,153.955,2237.31
2024-07-30 02:45:00+00:00,153.956,154.056,153.948,154.01,1450.95
2024-07-30 02:50:00+00:00,154.011,154.059,154.001,154.002,1367.85
2024-07-30 02:55:00+00:00,154.002,154.04,153.992,154.022,889.38
2024-07-30 03:00:00+00:00,154.021,154.058,153.996,154.058,1852.71
2024-07-30 03:05:00+00:00,154.058,154.09,154.04,154.077,998.1
2024-07-30 03:10:00+00:00,154.078,154.117,154.053,154.115,1286.67
2024-07-30 03:15:00+00:00,154.116,154.165,154.099,154.115,2398.05
2024-07-30 03:20:00+00:00,154.115,154.13,154.087,154.091,1739.88
2024-07-30 03:25:00+00:00,154.088,154.09,154.056,154.071,1262.46
2024-07-30 03:30:00+00:00,154.072,154.125,154.072,154.123,986.76
2024-07-30 03:35:00+00:00,154.12,154.138,154.073,154.099,2832.63
2024-07-30 03:40:00+00:00,154.099,154.122,154.074,154.088,1563.51
2024-07-30 03:45:00+00:00,154.092,154.093,154.036,154.042,1332.39
2024-07-30 03:50:00+00:00,154.043,154.044,153.974,154.002,1806.33
2024-07-30 03:55:00+00:00,154.003,154.073,154.0,154.069,1445.28
2024-07-30 04:00:00+00:00,154.073,154.105,154.069,154.104,979.02
2024-07-30 04:05:00+00:00,154.106,154.15,154.089,154.127,1590.06
2024-07-30 04:10:00+00:00,154.131,154.131,154.091,154.106,2077.53
2024-07-30 04:15:00+00:00,154.107,154.115,154.061,154.071,1161.15
2024-07-30 04:20:00+00:00,154.073,154.153,154.069,154.108,845.55
2024-07-30 04:25:00+00:00,154.11,154.17,154.085,154.166,2445.06
2024-07-30 04:30:00+00:00,154.166,154.21,154.158,154.191,1816.89
2024-07-30 04:35:00+00:00,154.191,154.284,154.162,154.268,1841.99
2024-07-30 04:40:00+00:00,154.268,154.394,154.264,154.331,1591.74
2024-07-30 04:45:00+00:00,154.332,154.345,154.268,154.34,1341.75
2024-07-30 04:50:00+00:00,154.341,154.442,154.333,154.419,1228.71
2024-07-30 04:55:00+00:00,154.418,154.437,154.368,154.437,1140.39
2024-07-30 05:00:00+00:00,154.436,154.496,154.421,154.465,1633.74
2024-07-30 05:05:00+00:00,154.469,154.599,154.466,154.547,1503.54
2024-07-30 05:10:00+00:00,154.549,154.593,154.527,154.572,913.57
2024-07-30 05:15:00+00:00,154.572,154.662,154.513,154.647,1642.6
2024-07-30 05:20:00+00:00,154.65,154.701,154.62,154.626,1268.46
2024-07-30 05:25:00+00:00,154.623,154.648,154.562,154.572,700.71
2024-07-30 05:30:00+00:00,154.571,154.6,154.543,154.593,1397.46
2024-07-30 05:35:00+00:00,154.597,154.637,154.553,154.564,1070.97
2024-07-30 05:40:00+00:00,154.564,154.624,154.534,154.624,917.83
2024-07-30 05:45:00+00:00,154.625,154.69,154.607,154.679,1442.19
2024-07-30 05:50:00+00:00,154.68,154.746,154.63,154.721,1258.95
2024-07-30 05:55:00+00:00,154.72,154.768,154.66,154.664,1254.18
2024-07-30 06:00:00+00:00,154.662,154.692,154.595,154.64,1590.09
2024-07-30 06:05:00+00:00,154.641,154.701,154.626,154.687,1175.7
2024-07-30 06:10:00+00:00,154.685,154.768,154.685,154.716,1524.24
2024-07-30 06:15:00+00:00,154.72,154.89,154.719,154.879,1620.6
2024-07-30 06:20:00+00:00,154.877,154.944,154.842,154.943,1315.35
2024-07-30 06:25:00+00:00,154.945,154.982,154.897,154.904,1673.82
2024-07-30 06:30:00+00:00,154.92,155.036,154.89,155.027,1299.24
2024-07-30 06:35:00+00:00,155.026,155.121,154.999,155.035,1683.93
2024-07-30 06:40:00+00:00,155.036,155.159,155.025,155.148,1169.97
2024-07-30 06:45:00+00:00,155.148,155.213,155.119,155.125,1104.9
2024-07-30 06:50:00+00:00,155.125,155.126,155.034,155.034,1134.54
2024-07-30 06:55:00+00:00,155.034,155.088,155.014,155.049,792.45
2024-07-30 07:00:00+00:00,155.045,155.143,155.0,155.074,1318.96
2024-07-30 07:05:00+00:00,155.075,155.084,154.947,154.977,2343.09
2024-07-30 07:10:00+00:00,154.973,155.036,154.906,155.034,1607.34
2024-07-30 07:15:00+00:00,155.036,155.055,154.976,155.033,1315.17
2024-07-30 07:20:00+00:00,155.027,155.032,154.905,154.907,1697.22
2024-07-30 07:25:00+00:00,154.906,154.906,154.719,154.866,1768.39
2024-07-30 07:30:00+00:00,154.866,154.91,154.752,154.868,989.94
2024-07-30 07:35:00+00:00,154.867,154.909,154.831,154.874,953.28
2024-07-30 07:40:00+00:00,154.876,154.942,154.852,154.897,578.52
2024-07-30 07:45:00+00:00,154.897,154.931,154.797,154.915,925.03
2024-07-30 07:50:00+00:00,154.92,154.962,154.903,154.945,894.69
2024-07-30 07:55:00+00:00,154.948,154.956,154.842,154.894,1028.76
2024-07-30 08:00:00+00:00,154.898,154.912,154.818,154.866,878.94
2024-07-30 08:05:00+00:00,154.859,154.861,154.663,154.787,1074.54
2024-07-30 08:10:00+00:00,154.783,154.832,154.731,154.832,628.62
2024-07-30 08:15:00+00:00,154.83,154.836,154.751,154.775,638.85
2024-07-30 08:20:00+00:00,154.773,154.803,154.734,154.745,553.89
2024-07-30 08:25:00+00:00,154.748,154.814,154.748,154.806,447.96
2024-07-30 08:30:00+00:00,154.805,154.871,154.8,154.862,942.3
2024-07-30 08:35:00+00:00,154.862,154.895,154.83,154.839,896.22
2024-07-30 08:40:00+00:00,154.846,154.862,154.759,154.766,477.06
2024-07-30 08:45:00+00:00,154.767,154.802,154.614,154.681,947.31
2024-07-30 08:50:00+00:00,154.681,154.71,154.645,154.694,981.51
2024-07-30 08:55:00+00:00,154.698,154.743,154.602,154.663,1093.89
2024-07-30 09:00:00+00:00,154.666,154.749,154.661,154.68,743.85
2024-07-30 09:05:00+00:00,154.681,154.736,154.681,154.707,525.66
2024-07-30 09:10:00+00:00,154.72,154.771,154.693,154.723,653.88
2024-07-30 09:15:00+00:00,154.723,154.835,154.721,154.82,655.83
2024-07-30 09:20:00+00:00,154.821,154.836,154.807,154.826,309.45
2024-07-30 09:25:00+00:00,154.83,154.846,154.743,154.78,605.61
2024-07-30 09:30:00+00:00,154.78,154.846,154.78,154.83,858.27
2024-07-30 09:35:00+00:00,154.829,154.881,154.824,154.875,905.28
2024-07-30 09:40:00+00:00,154.873,154.933,154.857,154.897,698.55
2024-07-30 09:45:00+00:00,154.897,154.901,154.843,154.859,613.5
2024-07-30 09:50:00+00:00,154.86,154.896,154.845,154.885,903.13
2024-07-30 09:55:00+00:00,154.886,154.915,154.788,154.809,597.93
2024-07-30 10:00:00+00:00,154.813,154.847,154.782,154.844,568.5
2024-07-30 10:05:00+00:00,154.844,154.846,154.768,154.798,513.06
2024-07-30 10:10:00+00:00,154.799,154.874,154.797,154.815,518.19
2024-07-30 10:15:00+00:00,154.816,154.841,154.795,154.834,438.72
2024-07-30 10:20:00+00:00,154.834,154.877,154.811,154.826,373.89
2024-07-30 10:25:00+00:00,154.816,154.837,154.773,154.791,396.42
2024-07-30 10:30:00+00:00,154.794,154.815,154.773,154.786,383.76
2024-07-30 10:35:00+00:00,154.789,154.838,154.753,154.793,311.25
2024-07-30 10:40:00+00:00,154.793,154.809,154.753,154.787,176.01
2024-07-30 10:45:00+00:00,154.794,154.81,154.757,154.757,263.7
2024-07-30 10:50:00+00:00,154.756,154.802,154.752,154.791,173.64
2024-07-30 10:55:00+00:00,154.789,154.789,154.693,154.732,360.09
2024-07-30 11:00:00+00:00,154.733,154.773,154.724,154.768,437.22
2024-07-30 11:05:00+00:00,154.767,154.825,154.766,154.809,528.39
2024-07-30 11:10:00+00:00,154.808,154.823,154.786,154.803,530.1
2024-07-30 11:15:00+00:00,154.803,154.886,154.799,154.817,534.48
2024-07-30 11:20:00+00:00,154.823,154.823,154.77,154.813,518.82
2024-07-30 11:25:00+00:00,154.809,154.814,154.774,154.783,250.35
2024-07-30 11:30:00+00:00,154.784,154.797,154.751,154.775,516.48
2024-07-30 11:35:00+00:00,154.773,154.823,154.771,154.81,405.36
2024-07-30 11:40:00+00:00,154.809,154.822,154.768,154.784,483.03
2024-07-30 11:45:00+00:00,154.783,154.792,154.752,154.768,463.86
2024-07-30 11:50:00+00:00,154.768,154.817,154.768,154.816,640.02
2024-07-30 11:55:00+00:00,154.816,154.895,154.816,154.884,648.45
2024-07-30 12:00:00+00:00,154.884,154.894,154.843,154.881,2221.22
2024-07-30 12:05:00+00:00,154.879,154.882,154.81,154.849,2510.64
2024-07-30 12:10:00+00:00,154.849,154.939,154.848,154.926,1514.85
2024-07-30 12:15:00+00:00,154.926,155.004,154.92,154.973,2627.28
2024-07-30 12:20:00+00:00,154.973,154.995,154.929,154.942,3273.3
2024-07-30 12:25:00+00:00,154.942,154.975,154.916,154.965,2365.44
2024-07-30 12:30:00+00:00,154.965,155.021,154.922,154.934,3733.97
2024-07-30 12:35:00+00:00,154.935,154.982,154.905,154.982,2037.13
2024-07-30 12:40:00+00:00,154.983,154.983,154.915,154.931,3540.18
2024-07-30 12:45:00+00:00,154.932,154.943,154.873,154.875,2949.08
2024-07-30 12:50:00+00:00,154.875,154.882,154.82,154.868,3521.53
2024-07-30 12:55:00+00:00,154.869,154.943,154.864,154.94,2947.56
2024-07-30 13:00:00+00:00,154.941,154.941,154.71,154.71,2674.41
2024-07-30 13:05:00+00:00,154.706,154.755,154.62,154.734,3763.26
2024-07-30 13:10:00+00:00,154.735,154.756,154.541,154.599,4372.13
2024-07-30 13:15:00+00:00,154.597,154.597,154.411,154.455,4259.82
2024-07-30 13:20:00+00:00,154.456,154.518,154.4,154.449,3765.27
2024-07-30 13:25:00+00:00,154.449,154.491,154.359,154.413,4051.63
2024-07-30 13:30:00+00:00,154.417,154.503,154.381,154.43,5745.18
2024-07-30 13:35:00+00:00,154.432,154.5,154.384,154.418,4229.19
2024-07-30 13:40:00+00:00,154.418,154.475,154.359,154.427,5296.89
2024-07-30 13:45:00+00:00,154.426,154.427,154.305,154.38,5181.57
2024-07-30 13:50:00+00:00,154.379,154.423,154.345,154.378,5134.59
2024-07-30 13:55:00+00:00,154.377,154.383,154.291,154.333,3523.8
2024-07-30 14:00:00+00:00,154.318,154.649,154.318,154.6,5732.92
2024-07-30 14:05:00+00:00,154.6,154.606,154.463,154.537,4442.78
2024-07-30 14:10:00+00:00,154.535,154.566,154.479,154.523,3939.09
2024-07-30 14:15:00+00:00,154.527,154.618,154.527,154.601,5576.24
2024-07-30 14:20:00+00:00,154.602,154.626,154.545,154.573,4171.19
2024-07-30 14:25:00+00:00,154.575,154.634,154.541,154.6,3871.86
2024-07-30 14:30:00+00:00,154.599,154.611,154.431,154.439,3030.2
2024-07-30 14:35:00+00:00,154.44,154.524,154.427,154.501,3015.43
2024-07-30 14:40:00+00:00,154.501,154.585,154.482,154.569,4097.33
2024-07-30 14:45:00+00:00,154.569,154.583,154.466,154.49,3159.75
2024-07-30 14:50:00+00:00,154.493,154.579,154.493,154.566,4196.47
2024-07-30 14:55:00+00:00,154.564,154.652,154.524,154.599,2918.54
2024-07-30 15:00:00+00:00,154.599,154.601,153.835,154.128,4346.38
2024-07-30 15:05:00+00:00,154.134,154.246,153.82,154.152,6068.72
2024-07-30 15:10:00+00:00,154.157,154.322,154.094,154.145,4978.91
2024-07-30 15:15:00+00:00,154.147,154.199,154.043,154.127,4099.27
2024-07-30 15:20:00+00:00,154.127,154.16,154.012,154.114,4718.51
2024-07-30 15:25:00+00:00,154.111,154.14,154.018,154.047,3275.16
2024-07-30 15:30:00+00:00,154.051,154.105,153.9,153.934,4210.21
2024-07-30 15:35:00+00:00,153.933,154.0,153.865,153.91,4134.37
2024-07-30 15:40:00+00:00,153.909,153.928,153.815,153.922,5112.59
2024-07-30 15:45:00+00:00,153.926,153.95,153.703,153.759,4306.24
2024-07-30 15:50:00+00:00,153.762,153.763,153.646,153.695,3291.79
2024-07-30 15:55:00+00:00,153.694,153.787,153.687,153.726,2707.41
2024-07-30 16:00:00+00:00,153.726,153.855,153.714,153.793,2346.78
2024-07-30 16:05:00+00:00,153.793,153.82,153.667,153.792,1765.98
2024-07-30 16:10:00+00:00,153.787,153.819,153.679,153.733,1849.07
2024-07-30 16:15:00+00:00,153.734,153.763,153.569,153.651,2311.05
2024-07-30 16:20:00+00:00,153.65,153.656,153.443,153.469,3073.95
2024-07-30 16:25:00+00:00,153.47,153.481,153.373,153.404,2815.0
2024-07-30 16:30:00+00:00,153.402,153.402,153.298,153.372,2770.3
2024-07-30 16:35:00+00:00,153.371,153.382,153.248,153.368,1647.83
2024-07-30 16:40:00+00:00,153.367,153.419,153.328,153.383,2173.09
2024-07-30 16:45:00+00:00,153.382,153.384,153.277,153.341,2421.53
2024-07-30 16:50:00+00:00,153.34,153.383,153.328,153.347,2308.52
2024-07-30 16:55:00+00:00,153.346,153.346,153.137,153.238,3850.51
2024-07-30 17:00:00+00:00,153.238,153.292,153.064,153.289,3532.61
2024-07-30 17:05:00+00:00,153.3,153.38,153.214,153.281,3307.14
2024-07-30 17:10:00+00:00,153.281,153.303,153.179,153.297,3049.12
2024-07-30 17:15:00+00:00,153.296,153.345,153.23,153.257,3006.19
2024-07-30 17:20:00+00:00,153.255,153.256,153.02,153.032,3263.87
2024-07-30 17:25:00+00:00,153.032,153.119,152.979,153.083,3826.75
2024-07-30 17:30:00+00:00,153.082,153.174,153.021,153.13,1478.3
2024-07-30 17:35:00+00:00,153.128,153.193,153.085,153.141,2164.73
2024-07-30 17:40:00+00:00,153.14,153.26,153.138,153.237,2029.89
2024-07-30 17:45:00+00:00,153.236,153.258,153.192,153.242,3013.56
2024-07-30 17:50:00+00:00,153.242,153.249,153.188,153.211,2906.9
2024-07-30 17:55:00+00:00,153.21,153.219,153.159,153.203,2457.12
2024-07-30 18:00:00+00:00,153.204,153.226,153.136,153.164,2048.7
2024-07-30 18:05:00+00:00,153.165,153.307,153.164,153.246,2606.34
2024-07-30 18:10:00+00:00,153.245,153.293,153.226,153.261,2668.56
2024-07-30 18:15:00+00:00,153.262,153.34,153.253,153.322,2202.18
2024-07-30 18:20:00+00:00,153.321,153.339,153.221,153.261,1840.29
2024-07-30 18:25:00+00:00,153.263,153.313,153.253,153.289,1328.64
2024-07-30 18:30:00+00:00,153.291,153.404,153.277,153.396,2855.7
2024-07-30 18:35:00+00:00,153.395,153.435,153.387,153.407,2315.04
2024-07-30 18:40:00+00:00,153.407,153.441,153.398,153.409,1167.27
2024-07-30 18:45:00+00:00,153.409,153.409,153.287,153.291,1307.06
2024-07-30 18:50:00+00:00,153.29,153.294,153.194,153.263,2004.69
2024-07-30 18:55:00+00:00,153.263,153.294,153.228,153.257,2880.92
2024-07-30 19:00:00+00:00,153.257,153.303,153.256,153.276,749.07
2024-07-30 19:05:00+00:00,153.276,153.287,153.204,153.215,982.35
2024-07-30 19:10:00+00:00,153.213,153.302,153.206,153.293,989.25
2024-07-30 19:15:00+00:00,153.292,153.31,153.268,153.305,715.64
2024-07-30 19:20:00+00:00,153.301,153.31,153.263,153.298,760.9
2024-07-30 19:25:00+00:00,153.299,153.314,153.234,153.248,539.16
2024-07-30 19:30:00+00:00,153.246,153.284,153.241,153.279,836.64
2024-07-30 19:35:00+00:00,153.279,153.307,153.265,153.296,690.84
2024-07-30 19:40:00+00:00,153.295,153.315,153.291,153.312,600.15
2024-07-30 19:45:00+00:00,153.314,153.317,153.233,153.251,1943.77
2024-07-30 19:50:00+00:00,153.25,153.296,153.25,153.253,875.97
2024-07-30 19:55:00+00:00,153.252,153.288,153.248,153.275,923.19
2024-07-30 20:00:00+00:00,153.276,153.282,153.059,153.06,1101.7
2024-07-30 20:05:00+00:00,153.059,153.173,153.033,153.123,687.57
2024-07-30 20:10:00+00:00,153.126,153.168,153.108,153.115,252.15
2024-07-30 20:15:00+00:00,153.114,153.12,153.036,153.061,966.9
2024-07-30 20:20:00+00:00,153.064,153.089,153.031,153.089,904.35
2024-07-30 20:25:00+00:00,153.088,153.09,152.882,152.887,1018.17
2024-07-30 20:30:00+00:00,152.884,152.95,152.884,152.918,879.02
2024-07-30 20:35:00+00:00,152.92,152.947,152.87,152.886,514.97
2024-07-30 20:40:00+00:00,152.884,152.903,152.865,152.892,698.4
2024-07-30 20:45:00+00:00,152.89,152.904,152.87,152.881,144.0
2024-07-30 20:50:00+00:00,152.88,152.881,152.676,152.686,948.0
2024-07-30 20:55:00+00:00,152.686,152.776,152.645,152.756,817.32
2024-07-30 21:00:00+00:00,152.698,152.706,152.686,152.706,4.56
2024-07-30 21:05:00+00:00,152.706,152.77,152.706,152.733,92.7
2024-07-30 21:10:00+00:00,152.732,152.787,152.728,152.769,178.8
2024-07-30 21:15:00+00:00,152.766,152.772,152.749,152.77,156.6
2024-07-30 21:20:00+00:00,152.772,152.785,152.735,152.735,93.87
2024-07-30 21:25:00+00:00,152.737,152.77,152.728,152.758,90.3
2024-07-30 21:30:00+00:00,152.758,152.78,152.729,152.771,181.92
2024-07-30 21:35:00+00:00,152.771,152.773,152.743,152.748,124.8
2024-07-30 21:40:00+00:00,152.747,152.749,152.74,152.747,79.98
2024-07-30 21:45:00+00:00,152.747,152.809,152.735,152.745,160.95
2024-07-30 21:50:00+00:00,152.745,152.761,152.741,152.755,84.75
2024-07-30 21:55:00+00:00,152.761,152.767,152.614,152.658,278.61
2024-07-30 22:00:00+00:00,152.658,152.727,152.518,152.567,1082.55
2024-07-30 22:05:00+00:00,152.565,152.608,152.471,152.589,1426.47
2024-07-30 22:10:00+00:00,152.592,152.615,152.466,152.5,975.36
2024-07-30 22:15:00+00:00,152.496,152.585,152.42,152.469,1444.7
2024-07-30 22:20:00+00:00,152.471,152.581,152.426,152.487,1952.39
2024-07-30 22:25:00+00:00,152.485,152.601,152.483,152.597,1831.35
2024-07-30 22:30:00+00:00,152.593,152.81,152.565,152.81,2341.16
2024-07-30 22:35:00+00:00,152.81,152.903,152.787,152.843,1704.75
2024-07-30 22:40:00+00:00,152.844,152.848,152.738,152.795,2832.91
2024-07-30 22:45:00+00:00,152.795,152.877,152.744,152.82,2392.89
2024-07-30 22:50:00+00:00,152.823,153.139,152.773,152.975,4215.3
2024-07-30 22:55:00+00:00,152.975,153.011,152.878,152.878,1415.46
2024-07-30 23:00:00+00:00,152.875,152.974,152.866,152.889,2273.79
2024-07-30 23:05:00+00:00,152.889,152.96,152.861,152.934,2151.96
2024-07-30 23:10:00+00:00,152.934,152.935,152.796,152.8,2606.19
2024-07-30 23:15:00+00:00,152.8,152.879,152.784,152.792,2564.07
2024-07-30 23:20:00+00:00,152.794,152.839,152.689,152.691,3499.12
2024-07-30 23:25:00+00:00,152.691,152.712,152.614,152.669,2228.02
2024-07-30 23:30:00+00:00,152.668,152.719,152.599,152.699,3470.86
2024-07-30 23:35:00+00:00,152.7,152.701,152.599,152.617,1606.73
2024-07-30 23:40:00+00:00,152.616,152.616,152.435,152.524,4345.78
2024-07-30 23:45:00+00:00,152.533,152.573,152.417,152.561,1619.85
2024-07-30 23:50:00+00:00,152.561,152.589,152.487,152.57,1577.33
2024-07-30 23:55:00+00:00,152.572,152.715,152.569,152.658,1142.23
2024-07-31 00:00:00+00:00,152.658,152.71,152.536,152.703,2916.91
2024-07-31 00:05:00+00:00,152.708,152.728,152.569,152.68,3586.91
2024-07-31 00:10:00+00:00,152.679,152.741,152.586,152.586,3391.51
2024-07-31 00:15:00+00:00,152.585,152.637,152.501,152.528,2205.33
2024-07-31 00:20:00+00:00,152.527,152.548,152.395,152.476,2671.4
2024-07-31 00:25:00+00:00,152.475,152.512,152.378,152.428,2631.64
2024-07-31 00:30:00+00:00,152.421,152.421,152.24,152.315,2471.52
2024-07-31 00:35:00+00:00,152.31,152.424,152.287,152.364,1906.22
2024-07-31 00:40:00+00:00,152.365,152.435,152.328,152.363,1756.08
2024-07-31 00:45:00+00:00,152.363,152.383,152.222,152.255,2730.22
2024-07-31 00:50:00+00:00,152.256,152.358,152.105,152.343,4325.43
2024-07-31 00:55:00+00:00,152.385,152.504,152.336,152.378,2909.25
2024-07-31 01:00:00+00:00,152.373,152.395,152.272,152.297,2019.4
2024-07-31 01:05:00+00:00,152.297,152.334,152.232,152.243,2449.78
2024-07-31 01:10:00+00:00,152.252,152.284,152.164,152.166,1635.5
2024-07-31 01:15:00+00:00,152.168,152.346,152.165,152.327,1939.74
2024-07-31 01:20:00+00:00,152.334,152.373,152.261,152.277,1944.66
2024-07-31 01:25:00+00:00,152.277,152.348,152.271,152.328,1862.67
2024-07-31 01:30:00+00:00,152.327,152.339,152.187,152.266,2163.85
2024-07-31 01:35:00+00:00,152.267,152.322,152.223,152.247,1584.57
2024-07-31 01:40:00+00:00,152.247,152.429,152.239,152.409,1313.98
2024-07-31 01:45:00+00:00,152.407,152.49,152.386,152.485,1375.01
2024-07-31 01:50:00+00:00,152.485,152.529,152.433,152.47,773.16
2024-07-31 01:55:00+00:00,152.462,152.47,152.398,152.424,997.86
2024-07-31 02:00:00+00:00,152.411,152.458,152.335,152.39,1096.65
2024-07-31 02:05:00+00:00,152.392,152.447,152.389,152.444,2653.08
2024-07-31 02:10:00+00:00,152.443,153.325,152.443,152.963,4102.48
2024-07-31 02:15:00+00:00,152.963,152.963,152.552,152.665,3505.63
2024-07-31 02:20:00+00:00,152.665,152.822,152.617,152.782,3583.12
2024-07-31 02:25:00+00:00,152.783,152.882,152.707,152.786,2977.44
2024-07-31 02:30:00+00:00,152.785,152.836,152.732,152.805,3910.32
2024-07-31 02:35:00+00:00,152.805,152.968,152.795,152.931,2216.89
2024-07-31 02:40:00+00:00,152.928,152.931,152.82,152.854,2592.48
2024-07-31 02:45:00+00:00,152.865,152.878,152.745,152.767,1823.5
2024-07-31 02:50:00+00:00,152.766,152.79,152.712,152.747,2084.13
2024-07-31 02:55:00+00:00,152.749,152.886,152.744,152.876,2458.74
2024-07-31 03:00:00+00:00,152.877,152.928,152.813,152.815,2014.05
2024-07-31 03:05:00+00:00,152.824,152.839,152.708,152.78,1576.63
2024-07-31 03:10:00+00:00,152.781,152.801,152.641,152.692,1139.93
2024-07-31 03:15:00+00:00,152.697,152.816,152.666,152.772,1312.98
2024-07-31 03:20:00+00:00,152.773,152.973,152.769,152.822,1380.3
2024-07-31 03:25:00+00:00,152.821,152.881,152.729,152.788,1642.33
2024-07-31 03:30:00+00:00,152.787,152.811,152.694,152.737,1566.36
2024-07-31 03:35:00+00:00,152.736,152.858,152.682,152.697,849.9
2024-07-31 03:40:00+00:00,152.697,152.788,152.677,152.731,1384.41
2024-07-31 03:45:00+00:00,152.731,152.755,152.192,152.597,2441.02
2024-07-31 03:50:00+00:00,152.596,152.62,152.385,152.578,2139.47
2024-07-31 03:55:00+00:00,152.579,153.828,151.587,153.57,4308.51
2024-07-31 04:00:00+00:00,153.586,153.894,152.875,153.0,4378.86
2024-07-31 04:05:00+00:00,153.0,153.253,152.993,153.253,2012.82
2024-07-31 04:10:00+00:00,153.255,153.298,152.996,153.127,1784.53
2024-07-31 04:15:00+00:00,153.128,153.248,153.061,153.073,2323.78
2024-07-31 04:20:00+00:00,153.082,153.084,152.503,152.742,5194.07
2024-07-31 04:25:00+00:00,152.742,152.823,152.607,152.771,2552.98
2024-07-31 04:30:00+00:00,152.773,152.881,152.64,152.832,2875.23
2024-07-31 04:35:00+00:00,152.831,152.834,152.663,152.669,2094.88
2024-07-31 04:40:00+00:00,152.668,152.81,152.591,152.773,3002.68
2024-07-31 04:45:00+00:00,152.772,152.825,152.745,152.772,2021.94
2024-07-31 04:50:00+00:00,152.772,152.818,152.579,152.601,2768.4
2024-07-31 04:55:00+00:00,152.6,152.6,152.408,152.55,3020.48
2024-07-31 05:00:00+00:00,152.55,152.646,152.466,152.522,1729.6
2024-07-31 05:05:00+00:00,152.522,152.619,152.485,152.534,1411.83
2024-07-31 05:10:00+00:00,152.534,152.731,152.531,152.626,2002.12
2024-07-31 05:15:00+00:00,152.627,152.753,152.624,152.706,1793.03
2024-07-31 05:20:00+00:00,152.706,152.951,152.706,152.878,2583.78
2024-07-31 05:25:00+00:00,152.874,152.91,152.821,152.859,1757.38
2024-07-31 05:30:00+00:00,152.863,153.078,152.831,153.074,3166.22
2024-07-31 05:35:00+00:00,153.072,153.121,152.993,153.042,2262.8
2024-07-31 05:40:00+00:00,153.043,153.126,153.032,153.087,2768.72
2024-07-31 05:45:00+00:00,153.088,153.165,153.033,153.114,2279.79
2024-07-31 05:50:00+00:00,153.115,153.133,152.919,152.935,2255.44
2024-07-31 05:55:00+00:00,152.933,152.933,152.813,152.87,2934.81
2024-07-31 06:00:00+00:00,152.869,152.959,152.803,152.947,3097.09
2024-07-31 06:05:00+00:00,152.947,153.059,152.904,152.955,3144.87
2024-07-31 06:10:00+00:00,152.951,152.97,152.808,152.819,3154.23
2024-07-31 06:15:00+00:00,152.819,152.851,152.709,152.841,3337.52
2024-07-31 06:20:00+00:00,152.841,152.925,152.766,152.921,2401.23
2024-07-31 06:25:00+00:00,152.92,152.937,152.66,152.757,3770.84
2024-07-31 06:30:00+00:00,152.74,152.928,152.736,152.845,2544.18
2024-07-31 06:35:00+00:00,152.848,152.874,152.675,152.704,3297.2
2024-07-31 06:40:00+00:00,152.709,152.925,152.704,152.889,3447.59
2024-07-31 06:45:00+00:00,152.885,152.903,152.519,152.623,3549.26
2024-07-31 06:50:00+00:00,152.628,152.677,152.482,152.588,3317.88
2024-07-31 06:55:00+00:00,152.591,152.592,152.213,152.228,3043.21
2024-07-31 07:00:00+00:00,152.228,152.35,152.069,152.262,3961.34
2024-07-31 07:05:00+00:00,152.262,152.434,152.231,152.266,1953.09
2024-07-31 07:10:00+00:00,152.268,152.278,152.016,152.229,4371.35
2024-07-31 07:15:00+00:00,152.227,152.277,152.15,152.217,2341.27
2024-07-31 07:20:00+00:00,152.216,152.216,151.967,152.038,4351.19
2024-07-31 07:25:00+00:00,152.037,152.219,152.008,152.146,3182.33
2024-07-31 07:30:00+00:00,152.151,152.22,152.06,152.193,3642.23
2024-07-31 07:35:00+00:00,152.194,152.281,151.766,151.85,4509.37
2024-07-31 07:40:00+00:00,151.85,151.888,151.639,151.655,3125.27
2024-07-31 07:45:00+00:00,151.657,151.748,151.202,151.246,4353.73
2024-07-31 07:50:00+00:00,151.246,151.297,150.607,150.691,3998.47
2024-07-31 07:55:00+00:00,150.695,151.096,150.644,150.921,3182.3
2024-07-31 08:00:00+00:00,150.921,150.983,150.726,150.818,3915.36
2024-07-31 08:05:00+00:00,150.817,150.818,150.079,150.154,6515.41
2024-07-31 08:10:00+00:00,150.166,150.341,150.049,150.314,5056.64
2024-07-31 08:15:00+00:00,150.315,150.571,150.313,150.516,5362.38
2024-07-31 08:20:00+00:00,150.513,150.568,150.288,150.414,5050.42
2024-07-31 08:25:00+00:00,150.425,150.752,150.421,150.688,3661.06
2024-07-31 08:30:00+00:00,150.69,150.754,150.557,150.58,3811.65
2024-07-31 08:35:00+00:00,150.578,150.639,150.448,150.587,4452.43
2024-07-31 08:40:00+00:00,150.586,150.592,150.292,150.579,5246.77
2024-07-31 08:45:00+00:00,150.578,150.738,150.578,150.667,4236.51
2024-07-31 08:50:00+00:00,150.663,150.842,150.641,150.731,3761.9
2024-07-31 08:55:00+00:00,150.729,150.948,150.723,150.922,3093.46
2024-07-31 09:00:00+00:00,150.917,150.942,150.744,150.75,3648.09
2024-07-31 09:05:00+00:00,150.75,150.887,150.659,150.666,3521.39
2024-07-31 09:10:00+00:00,150.666,150.75,150.618,150.644,3584.37
2024-07-31 09:15:00+00:00,150.645,150.884,150.618,150.806,3678.84
2024-07-31 09:20:00+00:00,150.807,150.854,150.682,150.713,2846.81
2024-07-31 09:25:00+00:00,150.713,150.803,150.632,150.635,3307.36
2024-07-31 09:30:00+00:00,150.634,150.719,150.498,150.535,2671.22
2024-07-31 09:35:00+00:00,150.535,150.56,150.435,150.492,2770.61
2024-07-31 09:40:00+00:00,150.49,150.558,150.414,150.458,3311.49
2024-07-31 09:45:00+00:00,150.455,150.54,150.389,150.491,2110.02
2024-07-31 09:50:00+00:00,150.492,150.55,150.412,150.428,1768.53
2024-07-31 09:55:00+00:00,150.427,150.441,150.356,150.403,2358.76
2024-07-31 10:00:00+00:00,150.402,150.456,150.203,150.266,1402.18
2024-07-31 10:05:00+00:00,150.267,150.281,150.144,150.217,1994.88
2024-07-31 10:10:00+00:00,150.218,150.298,150.205,150.256,1858.44
2024-07-31 10:15:00+00:00,150.256,150.4,150.164,150.382,3048.52
2024-07-31 10:20:00+00:00,150.383,150.469,150.369,150.406,1979.31
2024-07-31 10:25:00+00:00,150.407,150.455,150.334,150.375,749.07
2024-07-31 10:30:00+00:00,150.375,150.446,150.321,150.422,3546.15
2024-07-31 10:35:00+00:00,150.424,150.424,150.332,150.39,2129.25
2024-07-31 10:40:00+00:00,150.386,150.451,150.332,150.368,1851.82
2024-07-31 10:45:00+00:00,150.372,150.531,150.367,150.495,3166.25
2024-07-31 10:50:00+00:00,150.496,150.581,150.443,150.557,4046.16
2024-07-31 10:55:00+00:00,150.558,150.587,150.479,150.507,2219.8
2024-07-31 11:00:00+00:00,150.506,150.509,150.34,150.41,2515.07
2024-07-31 11:05:00+00:00,150.409,150.581,150.406,150.566,3941.69
2024-07-31 11:10:00+00:00,150.568,150.572,150.458,150.466,2495.52
2024-07-31 11:15:00+00:00,150.465,150.513,150.304,150.304,3522.85
2024-07-31 11:20:00+00:00,150.304,150.35,150.085,150.319,5507.64
2024-07-31 11:25:00+00:00,150.319,150.388,150.274,150.293,3926.24
2024-07-31 11:30:00+00:00,150.29,150.324,150.133,150.197,4502.06
2024-07-31 11:35:00+00:00,150.198,150.198,150.08,150.099,4171.06
2024-07-31 11:40:00+00:00,150.099,150.219,150.084,150.158,3893.26
2024-07-31 11:45:00+00:00,150.159,150.22,150.091,150.19,2628.78
2024-07-31 11:50:00+00:00,150.189,150.213,150.082,150.199,3005.16
2024-07-31 11:55:00+00:00,150.201,150.242,150.108,150.183,3684.49
2024-07-31 12:00:00+00:00,150.189,150.225,150.079,150.155,3986.55
2024-07-31 12:05:00+00:00,150.155,150.324,150.138,150.296,3858.27
2024-07-31 12:10:00+00:00,150.299,150.318,150.187,150.202,2510.34
2024-07-31 12:15:00+00:00,150.211,150.223,150.0,150.1,5101.0
2024-07-31 12:20:00+00:00,150.098,150.124,149.996,150.052,6518.24
2024-07-31 12:25:00+00:00,150.051,150.067,149.83,149.899,3931.38
2024-07-31 12:30:00+00:00,149.899,149.956,149.785,149.884,4230.18
2024-07-31 12:35:00+00:00,149.882,150.271,149.876,150.053,5877.27
2024-07-31 12:40:00+00:00,150.055,150.177,150.021,150.136,4163.87
2024-07-31 12:45:00+00:00,150.135,150.317,150.114,150.219,4121.99
2024-07-31 12:50:00+00:00,150.219,150.405,150.15,150.355,3585.92
2024-07-31 12:55:00+00:00,150.354,150.475,150.313,150.331,3859.48
2024-07-31 13:00:00+00:00,150.332,150.349,150.172,150.185,2933.19
2024-07-31 13:05:00+00:00,150.184,150.308,150.145,150.262,4103.37
2024-07-31 13:10:00+00:00,150.267,150.274,150.17,150.222,3476.95
2024-07-31 13:15:00+00:00,150.22,150.316,150.121,150.286,3937.07
2024-07-31 13:20:00+00:00,150.287,150.298,150.141,150.206,3851.71
2024-07-31 13:25:00+00:00,150.206,150.256,150.162,150.216,3563.46
2024-07-31 13:30:00+00:00,150.216,150.226,149.984,150.045,4856.49
2024-07-31 13:35:00+00:00,150.044,150.156,150.039,150.074,2674.26
2024-07-31 13:40:00+00:00,150.074,150.19,150.069,150.163,1808.94
2024-07-31 13:45:00+00:00,150.163,150.176,150.041,150.043,4461.09
2024-07-31 13:50:00+00:00,150.043,150.043,149.839,149.86,3786.09
2024-07-31 13:55:00+00:00,149.859,149.918,149.818,149.82,2886.44
2024-07-31 14:00:00+00:00,149.822,149.888,149.625,149.863,4032.55
2024-07-31 14:05:00+00:00,149.867,150.048,149.802,150.028,2905.9
2024-07-31 14:10:00+00:00,150.027,150.151,150.008,150.143,2920.87
2024-07-31 14:15:00+00:00,150.139,150.139,150.017,150.08,4698.62
2024-07-31 14:20:00+00:00,150.08,150.191,150.045,150.19,4190.53
2024-07-31 14:25:00+00:00,150.191,150.209,150.134,150.196,2450.37
2024-07-31 14:30:00+00:00,150.197,150.266,150.128,150.152,2195.92
2024-07-31 14:35:00+00:00,150.152,150.231,150.134,150.223,1682.84
2024-07-31 14:40:00+00:00,150.222,150.43,150.143,150.422,3907.79
2024-07-31 14:45:00+00:00,150.42,150.658,150.392,150.516,5361.47
2024-07-31 14:50:00+00:00,150.516,150.674,150.465,150.5,4295.97
2024-07-31 14:55:00+00:00,150.5,150.651,150.406,150.434,3578.92
2024-07-31 15:00:00+00:00,150.435,150.522,150.386,150.428,4454.98
