戦略名,戦略種別,利確pips,損切りpips,時間帯,曜日,トレンド条件,ボラ条件,EMA短期,EMA長期,学習_取引回数,学習_勝率%,学習_総損益pips,学習_平均利益pips,学習_平均損失pips,学習_PF,学習_最大DD_pips,学習_最大連敗,検証_取引回数,検証_勝率%,検証_総損益pips,検証_平均利益pips,検証_平均損失pips,検証_PF,検証_最大DD_pips,検証_最大連敗,判定,総合スコア
ema_cross(EMA5/20),ema_cross,5,12,ロンドン(16-21),全曜日,なし,ATR低,5,20,366,68.0,-121.0,4.98,-11.64,0.911,-268.4,3,162,77.2,213.2,5.0,-11.13,1.518,-56.0,3,要注意,70.8
ema_cross(EMA5/20),ema_cross,5,15,東京(9-15),全曜日,レンジのみ,なし,5,20,910,73.5,-265.3,4.99,-14.96,0.926,-339.6,4,330,78.5,230.0,5.0,-15.0,1.216,-130.0,4,要注意,69.2
ema_cross(EMA5/20),ema_cross,5,12,東京(9-15),全曜日,レンジのみ,なし,5,20,957,69.7,-149.6,4.99,-12.0,0.957,-283.0,5,350,73.1,152.0,5.0,-12.0,1.135,-101.0,4,要注意,66.1
ema_cross(EMA5/20),ema_cross,5,15,東京(9-15),全曜日,なし,ATR高,5,20,763,74.2,-125.0,5.0,-15.0,0.958,-335.0,5,334,76.9,130.0,5.0,-15.0,1.113,-110.0,3,要注意,65.0
ema_cross(EMA5/20),ema_cross,5,15,東京(9-15),全曜日,なし,直近30分変動大,5,20,1383,71.1,-1065.0,5.0,-15.0,0.822,-1185.0,6,644,75.2,24.4,5.0,-14.97,1.01,-200.6,4,要注意,65.0
ema_cross(EMA5/20),ema_cross,5,15,ロンドン(16-21),全曜日,なし,ATR低,5,20,355,73.0,-54.2,4.98,-14.01,0.96,-207.4,3,161,78.3,149.2,5.0,-13.74,1.31,-60.0,3,要注意,63.6
ema_cross(EMA5/20),ema_cross,5,15,東京(9-15),全曜日,レンジのみ,直近30分変動大,5,20,452,71.0,-360.0,5.0,-15.0,0.817,-380.0,5,193,78.8,145.0,5.0,-15.0,1.236,-100.0,3,要注意,62.4
ema_cross(EMA5/20),ema_cross,5,15,東京(9-15),金,なし,なし,5,20,568,72.2,-310.3,5.0,-14.94,0.869,-475.0,4,217,78.3,149.4,5.0,-14.91,1.213,-90.0,4,要注意,61.9
ema_cross(EMA5/20),ema_cross,5,15,全時間,火,下降のみ,なし,5,20,586,73.0,-217.5,5.0,-14.92,0.908,-355.0,5,265,77.0,105.0,5.0,-15.0,1.115,-100.0,3,要注意,61.8
ema_cross(EMA5/20),ema_cross,5,10,ロンドン(16-21),全曜日,なし,ATR低,5,20,387,64.3,-105.5,5.0,-9.79,0.922,-246.1,5,167,71.9,139.1,5.0,-9.81,1.302,-75.0,4,要注意,61.6
ema_cross(EMA5/20),ema_cross,5,15,東京(9-15),金,なし,直近30分変動大,5,20,308,70.1,-300.0,5.0,-15.0,0.783,-370.0,5,128,80.5,144.4,5.0,-14.82,1.39,-95.0,4,要注意,61.6
ema_cross(EMA5/20),ema_cross,5,10,全時間,火,下降のみ,なし,5,20,663,66.5,-15.0,5.0,-10.0,0.993,-220.0,6,292,69.5,125.0,5.0,-10.0,1.14,-130.0,4,要注意,61.2
ema_cross(EMA5/20),ema_cross,5,8,全時間,火,下降のみ,なし,5,20,729,60.2,-125.0,5.0,-8.0,0.946,-297.0,7,315,64.4,119.0,5.0,-8.0,1.133,-106.0,6,要注意,60.5
ema_cross(EMA5/20),ema_cross,5,8,ロンドン(16-21),全曜日,なし,ATR低,5,20,410,60.0,-64.1,5.0,-7.89,0.95,-245.7,6,180,67.2,133.0,5.0,-8.0,1.282,-69.0,5,要注意,60.2
ema_cross(EMA5/20),ema_cross,5,12,全時間,火,下降のみ,なし,5,20,623,69.2,-149.0,5.0,-12.0,0.935,-325.0,7,281,72.6,96.0,5.0,-12.0,1.104,-121.0,4,要注意,59.7
ema_cross(EMA5/20),ema_cross,5,5,ロンドン(16-21),全曜日,なし,ATR低,5,20,464,47.8,-96.7,5.0,-4.99,0.92,-221.7,8,209,54.1,85.0,5.0,-5.0,1.177,-40.0,5,要注意,58.1
ema_cross(EMA5/20),ema_cross,5,15,全時間,水,レンジのみ,なし,5,20,547,71.8,-337.0,5.0,-14.95,0.854,-387.0,5,240,76.7,80.0,5.0,-15.0,1.095,-85.0,4,要注意,58.1
ema_cross(EMA5/20),ema_cross,5,15,全時間,木,上昇のみ,なし,5,20,736,75.7,137.8,5.0,-14.79,1.052,-250.0,5,311,76.2,75.0,5.0,-15.0,1.068,-110.0,3,要注意,58.1
ema_cross(EMA5/20),ema_cross,5,15,全時間,金,なし,ATR高,5,20,872,73.3,-281.3,4.99,-14.9,0.919,-431.3,4,294,75.9,50.0,5.0,-15.0,1.047,-135.0,3,要注意,58.0
ema_cross(EMA5/20),ema_cross,5,15,東京(9-15),全曜日,下降のみ,ATR高,5,20,310,74.2,-50.0,5.0,-15.0,0.958,-145.0,6,146,77.4,70.0,5.0,-15.0,1.141,-45.0,2,要注意,57.8
ema_cross(EMA5/20),ema_cross,5,12,全時間,金,なし,ATR高,5,20,916,68.9,-257.0,4.99,-11.96,0.925,-381.0,7,304,71.7,58.0,5.0,-12.0,1.056,-124.0,4,要注意,57.7
ema_cross(EMA5/20),ema_cross,5,5,ロンドン(16-21),水,なし,なし,5,20,666,45.2,-316.7,5.0,-4.99,0.826,-351.7,10,245,53.9,95.0,5.0,-5.0,1.168,-45.0,7,要注意,56.9
ema_cross(EMA5/20),ema_cross,5,12,東京(9-15),金,なし,直近30分変動大,5,20,315,63.8,-363.0,5.0,-12.0,0.735,-407.0,5,131,74.8,94.0,5.0,-12.0,1.237,-74.0,4,要注意,56.8
ema_cross(EMA5/20),ema_cross,5,12,東京(9-15),全曜日,なし,ATR高,5,20,799,69.7,-119.0,5.0,-12.0,0.959,-302.0,5,349,71.1,28.0,5.0,-12.0,1.023,-136.0,4,要注意,56.5
ema_cross(EMA5/20),ema_cross,5,5,東京(9-15),全曜日,レンジのみ,ATR低,5,20,411,46.7,-135.0,5.0,-5.0,0.877,-210.0,9,116,56.9,80.0,5.0,-5.0,1.32,-70.0,5,要注意,56.3
ema_cross(EMA5/20),ema_cross,5,15,全時間,金,下降のみ,なし,5,20,697,71.4,-487.1,4.99,-14.94,0.836,-632.1,4,285,75.1,9.4,5.0,-14.94,1.009,-155.6,3,要注意,56.1
ema_cross(EMA5/20),ema_cross,5,12,東京(9-15),全曜日,レンジのみ,直近30分変動大,5,20,467,66.2,-351.0,5.0,-12.0,0.815,-397.0,5,194,72.2,52.0,5.0,-12.0,1.08,-95.0,3,要注意,55.9
ema_cross(EMA5/20),ema_cross,5,5,東京(9-15),全曜日,なし,ATR低,5,20,1244,47.3,-330.0,5.0,-5.0,0.899,-385.0,11,389,50.1,5.0,5.0,-5.0,1.005,-125.0,6,要注意,55.6
ema_cross(EMA5/20),ema_cross,5,12,全時間,木,なし,ATR低,5,20,505,65.5,-425.4,4.99,-11.93,0.795,-539.4,5,220,70.9,38.2,5.0,-11.59,1.051,-133.0,3,要注意,55.3
ema_cross(EMA5/20),ema_cross,5,12,東京(9-15),全曜日,下降のみ,ATR高,5,20,328,71.0,25.0,5.0,-12.0,1.022,-168.0,4,154,73.4,73.0,5.0,-12.0,1.148,-71.0,3,要注意,55.1
ema_cross(EMA5/20),ema_cross,5,12,東京(9-15),金,なし,なし,5,20,601,67.2,-344.0,5.0,-12.0,0.854,-463.0,4,237,70.9,12.0,5.0,-12.0,1.014,-85.0,3,要注意,55.1
ema_cross(EMA5/20),ema_cross,5,10,東京(9-15),金,なし,なし,5,20,638,63.9,-260.0,5.0,-10.0,0.887,-395.0,4,251,67.3,25.0,5.0,-10.0,1.03,-75.0,4,要注意,54.8
ema_cross(EMA5/20),ema_cross,5,5,ロンドン(16-21),全曜日,レンジのみ,なし,5,20,853,48.4,-135.0,5.0,-5.0,0.939,-190.0,10,340,51.2,40.0,5.0,-5.0,1.048,-85.0,7,要注意,54.5
ema_cross(EMA5/20),ema_cross,5,15,東京(9-15),火,なし,なし,5,20,512,72.3,-280.0,5.0,-15.0,0.869,-355.0,4,209,75.6,25.0,5.0,-15.0,1.033,-100.0,3,要注意,54.3
ema_cross(EMA5/20),ema_cross,5,8,全時間,金,上昇のみ,ATR高,5,20,343,57.7,-170.0,5.0,-8.0,0.853,-322.0,8,102,64.7,42.0,5.0,-8.0,1.146,-48.0,3,要注意,53.5
ema_cross(EMA5/20),ema_cross,5,8,ロンドン(16-21),全曜日,レンジのみ,なし,5,20,763,59.4,-215.0,5.0,-8.0,0.913,-261.0,8,311,61.7,8.0,5.0,-8.0,1.008,-114.0,5,要注意,53.3
ema_cross(EMA5/20),ema_cross,5,12,東京(9-15),月,なし,なし,5,20,554,69.3,-120.0,5.0,-12.0,0.941,-254.0,4,209,72.2,59.0,5.0,-12.0,1.085,-100.0,5,要注意,52.9
ema_cross(EMA5/20),ema_cross,5,8,東京(9-15),金,なし,なし,5,20,686,59.9,-145.0,5.0,-8.0,0.934,-289.0,7,264,62.1,20.0,5.0,-8.0,1.025,-66.0,5,要注意,52.6
ema_cross(EMA5/20),ema_cross,5,15,全時間,火,下降のみ,直近30分変動大,5,20,332,73.2,-107.5,5.0,-14.86,0.919,-195.0,6,162,75.9,30.0,5.0,-15.0,1.051,-75.0,3,要注意,52.1
ema_cross(EMA5/20),ema_cross,5,8,全時間,火,下降のみ,直近30分変動大,5,20,347,62.8,58.0,5.0,-8.0,1.056,-81.0,6,165,64.2,58.0,5.0,-8.0,1.123,-66.0,4,要注意,52.0
ema_cross(EMA5/20),ema_cross,5,10,東京(9-15),全曜日,下降のみ,ATR高,5,20,340,65.6,-55.0,5.0,-10.0,0.953,-180.0,5,159,67.9,30.0,5.0,-10.0,1.059,-60.0,3,要注意,51.8
ema_cross(EMA5/20),ema_cross,5,10,ロンドン(16-21),水,なし,なし,5,20,542,64.2,-191.7,5.0,-9.96,0.901,-246.7,5,213,67.6,30.0,5.0,-10.0,1.043,-90.0,5,要注意,51.5
ema_cross(EMA5/20),ema_cross,5,8,ロンドン(16-21),水,なし,なし,5,20,574,59.4,-152.7,5.0,-7.97,0.918,-197.7,6,226,62.4,25.0,5.0,-8.0,1.037,-83.0,5,要注意,51.4
ema_cross(EMA5/20),ema_cross,5,15,東京(9-15),月,なし,なし,5,20,515,74.2,-85.0,5.0,-15.0,0.957,-215.0,4,196,76.0,40.0,5.0,-15.0,1.057,-125.0,4,要注意,51.0
ema_cross(EMA5/20),ema_cross,5,15,東京(9-15),木,なし,直近30分変動大,5,20,300,71.3,-220.0,5.0,-15.0,0.829,-345.0,3,142,76.1,30.0,5.0,-15.0,1.059,-150.0,3,要注意,51.0
ema_cross(EMA5/20),ema_cross,5,5,東京(9-15),月,なし,なし,5,20,729,48.7,-95.0,5.0,-5.0,0.949,-170.0,9,279,50.5,15.0,5.0,-5.0,1.022,-80.0,6,要注意,50.9
ema_cross(EMA5/20),ema_cross,5,12,ロンドン(16-21),水,なし,なし,5,20,497,67.0,-292.7,5.0,-11.94,0.85,-329.7,5,203,70.9,16.0,5.0,-11.93,1.023,-92.0,5,要注意,50.9
ema_cross(EMA5/20),ema_cross,5,15,全時間,火,なし,ATR高,5,20,607,73.5,-161.8,5.0,-14.86,0.932,-356.0,6,246,75.2,13.4,4.98,-14.87,1.015,-165.0,4,要注意,50.6
ema_cross(EMA5/20),ema_cross,5,8,全時間,月,なし,ATR低,5,20,466,57.1,-253.6,5.0,-7.92,0.84,-340.6,8,166,62.0,6.4,4.96,-8.0,1.013,-71.0,4,要注意,50.4
ema_cross(EMA5/20),ema_cross,5,12,東京(9-15),全曜日,順方向のみ,ATR低,5,20,378,67.7,-179.9,4.98,-11.93,0.876,-287.0,5,119,72.3,34.0,5.0,-12.0,1.086,-104.0,4,要注意,50.0
ema_cross(EMA5/20),ema_cross,5,5,全時間,火,下降のみ,なし,5,20,843,47.6,-205.0,5.0,-5.0,0.907,-290.0,8,347,50.1,5.0,5.0,-5.0,1.006,-145.0,8,要注意,49.9
ema_cross(EMA5/20),ema_cross,5,8,東京(9-15),全曜日,レンジのみ,ATR低,5,20,345,60.0,-69.0,5.0,-8.0,0.938,-131.0,6,105,64.8,44.0,5.0,-8.0,1.149,-97.0,5,要注意,49.9
ema_cross(EMA5/20),ema_cross,5,10,全時間,火,下降のみ,直近30分変動大,5,20,345,68.4,90.0,5.0,-10.0,1.083,-85.0,6,163,68.7,50.0,5.0,-10.0,1.098,-85.0,4,要注意,49.7
ema_cross(EMA5/20),ema_cross,5,15,ロンドン(16-21),全曜日,レンジのみ,直近30分変動大,5,20,340,72.9,-140.0,5.0,-15.0,0.899,-240.0,3,174,75.3,10.0,5.0,-15.0,1.016,-150.0,3,要注意,49.5
ema_cross(EMA5/20),ema_cross,5,8,ロンドン(16-21),全曜日,レンジのみ,直近30分変動大,5,20,361,57.9,-171.0,5.0,-8.0,0.859,-207.0,5,177,61.6,1.0,5.0,-8.0,1.002,-125.0,4,要注意,48.8
ema_cross(EMA5/20),ema_cross,5,12,NY(21-24),全曜日,上昇のみ,なし,5,20,572,68.9,4.0,5.0,-11.04,1.002,-211.3,4,217,70.5,4.5,4.97,-11.81,1.006,-90.0,4,要注意,48.4
ema_cross(EMA5/20),ema_cross,5,12,全時間,火,下降のみ,直近30分変動大,5,20,337,70.3,-15.0,5.0,-12.0,0.988,-148.0,6,162,71.0,11.0,5.0,-12.0,1.02,-96.0,3,要注意,48.2
ema_cross(EMA5/20),ema_cross,5,10,東京(9-15),全曜日,順方向のみ,ATR低,5,20,387,64.1,-143.1,5.0,-9.95,0.897,-235.0,5,120,67.5,15.0,5.0,-10.0,1.038,-95.0,4,要注意,47.6
ema_cross(EMA5/20),ema_cross,5,10,東京(9-15),全曜日,レンジのみ,ATR低,5,20,336,64.9,-90.0,5.0,-10.0,0.924,-145.0,6,103,68.0,20.0,5.0,-10.0,1.061,-115.0,4,要注意,46.9
ema_cross(EMA5/20),ema_cross,5,5,NY(21-24),火,なし,なし,5,20,323,42.1,-255.0,5.0,-5.0,0.727,-265.0,7,127,50.4,5.0,5.0,-5.0,1.016,-65.0,6,要注意,45.6
ema_cross(EMA5/20),ema_cross,5,5,全時間,月,なし,ATR低,5,20,560,45.2,-266.7,5.0,-4.99,0.826,-331.7,11,186,50.5,5.4,4.95,-5.0,1.012,-75.0,8,要注意,45.3
ema_cross(EMA5/20),ema_cross,5,15,東京(9-15),全曜日,順方向のみ,ATR低,5,20,372,72.6,-163.2,4.98,-14.79,0.892,-295.3,4,117,75.2,5.0,5.0,-15.0,1.011,-155.0,4,要注意,44.8
ema_cross(EMA5/20),ema_cross,5,8,NY(21-24),木,なし,なし,5,20,304,62.2,31.6,5.0,-7.94,1.035,-123.0,7,100,62.0,6.0,5.0,-8.0,1.02,-92.0,5,要注意,41.1
ema_cross(EMA5/20),ema_cross,5,5,東京(9-15),火,下降のみ,ATR低,5,20,71,46.5,-25.0,5.0,-5.0,0.868,-50.0,5,9,100.0,45.0,5.0,0.0,999.0,0.0,0,要注意(取引数不足),150.8
ema_cross(EMA5/20),ema_cross,5,8,東京(9-15),火,下降のみ,ATR低,5,20,62,54.8,-54.0,5.0,-8.0,0.759,-74.0,3,9,100.0,45.0,5.0,0.0,999.0,0.0,0,要注意(取引数不足),150.8
ema_cross(EMA5/20),ema_cross,5,10,東京(9-15),火,下降のみ,ATR低,5,20,58,60.3,-55.0,5.0,-10.0,0.761,-75.0,3,9,100.0,45.0,5.0,0.0,999.0,0.0,0,要注意(取引数不足),150.8
ema_cross(EMA5/20),ema_cross,5,12,東京(9-15),火,下降のみ,ATR低,5,20,55,60.0,-99.0,5.0,-12.0,0.625,-114.0,3,9,100.0,45.0,5.0,0.0,999.0,0.0,0,要注意(取引数不足),150.8
ema_cross(EMA5/20),ema_cross,5,15,東京(9-15),火,下降のみ,ATR低,5,20,54,61.1,-150.0,5.0,-15.0,0.524,-165.0,3,9,100.0,45.0,5.0,0.0,999.0,0.0,0,要注意(取引数不足),150.8
ema_cross(EMA5/20),ema_cross,5,15,9時台,木,順方向のみ,直近30分変動大,5,20,15,86.7,35.0,5.0,-15.0,2.167,-15.0,1,9,100.0,45.0,5.0,0.0,999.0,0.0,0,要注意(取引数不足),150.8
ema_cross(EMA5/20),ema_cross,5,15,ロンドン(16-21),金,下降のみ,ATR低,5,20,15,80.0,15.0,5.0,-15.0,1.333,-25.0,1,8,100.0,40.0,5.0,0.0,999.0,0.0,0,要注意(取引数不足),150.6
ema_cross(EMA5/20),ema_cross,5,5,16時台,月,レンジのみ,ATR低,5,20,9,44.4,-5.0,5.0,-5.0,0.8,-15.0,3,7,100.0,35.0,5.0,0.0,999.0,0.0,0,要注意(取引数不足),150.4
ema_cross(EMA5/20),ema_cross,5,8,16時台,月,レンジのみ,ATR低,5,20,9,44.4,-20.0,5.0,-8.0,0.5,-30.0,3,7,100.0,35.0,5.0,0.0,999.0,0.0,0,要注意(取引数不足),150.4
ema_cross(EMA5/20),ema_cross,5,10,16時台,月,レンジのみ,ATR低,5,20,7,57.1,-10.0,5.0,-10.0,0.667,-20.0,1,7,100.0,35.0,5.0,0.0,999.0,0.0,0,要注意(取引数不足),150.4
ema_cross(EMA5/20),ema_cross,5,12,ロンドン(16-21),金,上昇のみ,ATR低,5,20,45,57.8,-70.8,5.0,-10.57,0.647,-103.8,3,20,90.0,72.9,5.0,-8.55,5.263,-12.0,1,要注意(取引数不足),150.4
ema_cross(EMA5/20),ema_cross,5,12,10時台,木,レンジのみ,ATR高,5,20,12,50.0,-42.0,5.0,-12.0,0.417,-55.0,4,7,100.0,35.0,5.0,0.0,999.0,0.0,0,要注意(取引数不足),150.4
ema_cross(EMA5/20),ema_cross,5,12,16時台,月,レンジのみ,ATR低,5,20,7,57.1,-16.0,5.0,-12.0,0.556,-26.0,1,7,100.0,35.0,5.0,0.0,999.0,0.0,0,要注意(取引数不足),150.4
ema_cross(EMA5/20),ema_cross,5,8,NY(21-24),月,順方向のみ,ATR低,5,20,12,66.7,5.6,4.7,-8.0,1.175,-24.0,3,6,100.0,30.0,5.0,0.0,999.0,0.0,0,要注意(取引数不足),150.2
ema_cross(EMA5/20),ema_cross,5,8,9時台,金,順方向のみ,ATR低,5,20,20,65.0,9.0,5.0,-8.0,1.161,-35.0,3,6,100.0,30.0,5.0,0.0,999.0,0.0,0,要注意(取引数不足),150.2
ema_cross(EMA5/20),ema_cross,5,8,10時台,全曜日,順方向のみ,ATR低,5,20,19,57.9,-9.0,5.0,-8.0,0.859,-39.0,3,6,100.0,30.0,5.0,0.0,999.0,0.0,0,要注意(取引数不足),150.2
ema_cross(EMA5/20),ema_cross,5,10,NY(21-24),月,順方向のみ,ATR低,5,20,12,66.7,-2.4,4.7,-10.0,0.94,-30.0,3,6,100.0,30.0,5.0,0.0,999.0,0.0,0,要注意(取引数不足),150.2
ema_cross(EMA5/20),ema_cross,5,10,9時台,金,順方向のみ,ATR低,5,20,20,65.0,-5.0,5.0,-10.0,0.929,-45.0,3,6,100.0,30.0,5.0,0.0,999.0,0.0,0,要注意(取引数不足),150.2
ema_cross(EMA5/20),ema_cross,5,10,10時台,全曜日,順方向のみ,ATR低,5,20,19,63.2,-10.0,5.0,-10.0,0.857,-40.0,3,6,100.0,30.0,5.0,0.0,999.0,0.0,0,要注意(取引数不足),150.2
ema_cross(EMA5/20),ema_cross,5,12,NY(21-24),月,順方向のみ,ATR低,5,20,12,66.7,-10.4,4.7,-12.0,0.783,-36.0,3,6,100.0,30.0,5.0,0.0,999.0,0.0,0,要注意(取引数不足),150.2
ema_cross(EMA5/20),ema_cross,5,12,9時台,金,順方向のみ,ATR低,5,20,20,65.0,-19.0,5.0,-12.0,0.774,-57.0,3,6,100.0,30.0,5.0,0.0,999.0,0.0,0,要注意(取引数不足),150.2
ema_cross(EMA5/20),ema_cross,5,12,10時台,全曜日,順方向のみ,ATR低,5,20,19,63.2,-16.1,5.0,-10.87,0.788,-46.1,3,6,100.0,30.0,5.0,0.0,999.0,0.0,0,要注意(取引数不足),150.2
ema_cross(EMA5/20),ema_cross,5,12,10時台,木,レンジのみ,なし,5,20,39,66.7,-26.0,5.0,-12.0,0.833,-68.0,3,17,94.1,68.0,5.0,-12.0,6.667,-12.0,1,要注意(取引数不足),150.2
ema_cross(EMA5/20),ema_cross,5,12,16時台,月,レンジのみ,ATR高,5,20,17,64.7,-17.0,5.0,-12.0,0.764,-50.0,2,6,100.0,30.0,5.0,0.0,999.0,0.0,0,要注意(取引数不足),150.2
ema_cross(EMA5/20),ema_cross,5,15,NY(21-24),月,順方向のみ,ATR低,5,20,12,75.0,-2.4,4.73,-15.0,0.947,-30.0,2,6,100.0,30.0,5.0,0.0,999.0,0.0,0,要注意(取引数不足),150.2
ema_cross(EMA5/20),ema_cross,5,15,9時台,金,順方向のみ,ATR低,5,20,20,70.0,-10.3,5.0,-13.38,0.872,-50.0,2,6,100.0,30.0,5.0,0.0,999.0,0.0,0,要注意(取引数不足),150.2
ema_cross(EMA5/20),ema_cross,5,15,10時台,全曜日,順方向のみ,ATR低,5,20,19,68.4,-14.1,5.0,-13.18,0.822,-49.1,3,6,100.0,30.0,5.0,0.0,999.0,0.0,0,要注意(取引数不足),150.2
ema_cross(EMA5/20),ema_cross,5,15,10時台,火,下降のみ,直近30分変動大,5,20,15,73.3,-5.0,5.0,-15.0,0.917,-25.0,1,6,100.0,30.0,5.0,0.0,999.0,0.0,0,要注意(取引数不足),150.2
ema_cross(EMA5/20),ema_cross,5,15,10時台,水,レンジのみ,ATR高,5,20,20,70.0,-20.0,5.0,-15.0,0.778,-55.0,2,6,100.0,30.0,5.0,0.0,999.0,0.0,0,要注意(取引数不足),150.2
ema_cross(EMA5/20),ema_cross,5,5,9時台,月,レンジのみ,直近30分変動大,5,20,29,44.8,-15.0,5.0,-5.0,0.812,-30.0,4,5,100.0,25.0,5.0,0.0,999.0,0.0,0,要注意(取引数不足),150.0
ema_cross(EMA5/20),ema_cross,5,8,9時台,月,レンジのみ,直近30分変動大,5,20,28,60.7,-3.0,5.0,-8.0,0.966,-24.0,3,5,100.0,25.0,5.0,0.0,999.0,0.0,0,要注意(取引数不足),150.0
ema_cross(EMA5/20),ema_cross,5,8,10時台,木,順方向のみ,ATR高,5,20,14,64.3,5.0,5.0,-8.0,1.125,-11.0,1,5,100.0,25.0,5.0,0.0,999.0,0.0,0,要注意(取引数不足),150.0
ema_cross(EMA5/20),ema_cross,5,10,ロンドン(16-21),水,レンジのみ,ATR低,5,20,18,72.2,15.0,5.0,-10.0,1.3,-20.0,2,5,100.0,25.0,5.0,0.0,999.0,0.0,0,要注意(取引数不足),150.0
ema_cross(EMA5/20),ema_cross,5,10,9時台,月,レンジのみ,直近30分変動大,5,20,28,64.3,-10.0,5.0,-10.0,0.9,-30.0,3,5,100.0,25.0,5.0,0.0,999.0,0.0,0,要注意(取引数不足),150.0
ema_cross(EMA5/20),ema_cross,5,10,10時台,木,順方向のみ,ATR高,5,20,14,64.3,-5.0,5.0,-10.0,0.9,-15.0,1,5,100.0,25.0,5.0,0.0,999.0,0.0,0,要注意(取引数不足),150.0
ema_cross(EMA5/20),ema_cross,5,12,ロンドン(16-21),水,レンジのみ,ATR低,5,20,18,72.2,5.0,5.0,-12.0,1.083,-24.0,2,5,100.0,25.0,5.0,0.0,999.0,0.0,0,要注意(取引数不足),150.0
ema_cross(EMA5/20),ema_cross,5,12,9時台,月,レンジのみ,直近30分変動大,5,20,28,67.9,-13.0,5.0,-12.0,0.88,-36.0,3,5,100.0,25.0,5.0,0.0,999.0,0.0,0,要注意(取引数不足),150.0
ema_cross(EMA5/20),ema_cross,5,12,10時台,月,下降のみ,なし,5,20,26,69.2,-6.0,5.0,-12.0,0.938,-43.0,2,5,100.0,25.0,5.0,0.0,999.0,0.0,0,要注意(取引数不足),150.0
ema_cross(EMA5/20),ema_cross,5,12,10時台,木,順方向のみ,ATR高,5,20,14,71.4,2.0,5.0,-12.0,1.042,-14.0,1,5,100.0,25.0,5.0,0.0,999.0,0.0,0,要注意(取引数不足),150.0
ema_cross(EMA5/20),ema_cross,5,15,ロンドン(16-21),水,レンジのみ,ATR低,5,20,18,77.8,18.0,5.0,-13.0,1.346,-20.0,1,5,100.0,25.0,5.0,0.0,999.0,0.0,0,要注意(取引数不足),150.0
ema_cross(EMA5/20),ema_cross,5,15,9時台,月,レンジのみ,直近30分変動大,5,20,27,74.1,-5.0,5.0,-15.0,0.952,-35.0,2,5,100.0,25.0,5.0,0.0,999.0,0.0,0,要注意(取引数不足),150.0
ema_cross(EMA5/20),ema_cross,5,15,9時台,木,上昇のみ,ATR高,5,20,8,87.5,20.0,5.0,-15.0,2.333,-15.0,1,5,100.0,25.0,5.0,0.0,999.0,0.0,0,要注意(取引数不足),150.0
ema_cross(EMA5/20),ema_cross,5,15,10時台,月,下降のみ,なし,5,20,26,73.1,-10.0,5.0,-15.0,0.905,-35.0,2,5,100.0,25.0,5.0,0.0,999.0,0.0,0,要注意(取引数不足),150.0
ema_cross(EMA5/20),ema_cross,5,12,NY(21-24),月,下降のみ,ATR低,5,20,7,57.1,-8.4,5.0,-9.47,0.704,-19.0,1,5,100.0,20.4,4.08,0.0,999.0,0.0,0,要注意(取引数不足),149.9
ema_cross(EMA5/20),ema_cross,5,15,NY(21-24),月,下降のみ,ATR低,5,20,7,57.1,-14.4,5.0,-11.47,0.581,-25.0,1,5,100.0,20.4,4.08,0.0,999.0,0.0,0,要注意(取引数不足),149.9
ema_cross(EMA5/20),ema_cross,5,5,NY(21-24),木,順方向のみ,ATR低,5,20,11,36.4,-10.6,5.0,-4.37,0.654,-15.0,2,4,100.0,20.0,5.0,0.0,999.0,0.0,0,要注意(取引数不足),149.8
ema_cross(EMA5/20),ema_cross,5,5,9時台,月,レンジのみ,ATR高,5,20,18,44.4,-10.0,5.0,-5.0,0.8,-15.0,3,4,100.0,20.0,5.0,0.0,999.0,0.0,0,要注意(取引数不足),149.8
ema_cross(EMA5/20),ema_cross,5,5,21時台,月,順方向のみ,ATR低,5,20,7,28.6,-15.0,5.0,-5.0,0.4,-20.0,4,4,100.0,20.0,5.0,0.0,999.0,0.0,0,要注意(取引数不足),149.8
ema_cross(EMA5/20),ema_cross,5,5,22時台,水,順方向のみ,ATR低,5,20,3,66.7,5.0,5.0,-5.0,2.0,-5.0,1,4,100.0,20.0,5.0,0.0,999.0,0.0,0,要注意(取引数不足),149.8
ema_cross(EMA5/20),ema_cross,5,8,NY(21-24),木,順方向のみ,ATR低,5,20,9,66.7,13.4,5.0,-5.53,1.807,-11.0,1,4,100.0,20.0,5.0,0.0,999.0,0.0,0,要注意(取引数不足),149.8
ema_cross(EMA5/20),ema_cross,5,8,9時台,月,レンジのみ,ATR高,5,20,17,58.8,-6.0,5.0,-8.0,0.893,-27.0,3,4,100.0,20.0,5.0,0.0,999.0,0.0,0,要注意(取引数不足),149.8
ema_cross(EMA5/20),ema_cross,5,8,16時台,金,上昇のみ,ATR低,5,20,14,35.7,-41.9,5.0,-7.43,0.374,-36.0,2,4,100.0,20.0,5.0,0.0,999.0,0.0,0,要注意(取引数不足),149.8
ema_cross(EMA5/20),ema_cross,5,8,21時台,月,順方向のみ,ATR低,5,20,7,57.1,-4.0,5.0,-8.0,0.833,-24.0,3,4,100.0,20.0,5.0,0.0,999.0,0.0,0,要注意(取引数不足),149.8
ema_cross(EMA5/20),ema_cross,5,8,22時台,水,レンジのみ,ATR低,5,20,4,75.0,7.0,5.0,-8.0,1.875,-8.0,1,4,100.0,20.0,5.0,0.0,999.0,0.0,0,要注意(取引数不足),149.8
ema_cross(EMA5/20),ema_cross,5,8,22時台,水,順方向のみ,ATR低,5,20,3,66.7,8.8,5.0,-1.2,8.333,-1.2,1,4,100.0,20.0,5.0,0.0,999.0,0.0,0,要注意(取引数不足),149.8
ema_cross(EMA5/20),ema_cross,5,10,NY(21-24),木,順方向のみ,ATR低,5,20,9,77.8,24.4,5.0,-5.3,3.302,-10.0,1,4,100.0,20.0,5.0,0.0,999.0,0.0,0,要注意(取引数不足),149.8
ema_cross(EMA5/20),ema_cross,5,10,9時台,月,レンジのみ,ATR高,5,20,16,81.2,35.0,5.0,-10.0,2.167,-10.0,1,4,100.0,20.0,5.0,0.0,999.0,0.0,0,要注意(取引数不足),149.8
ema_cross(EMA5/20),ema_cross,5,10,16時台,金,上昇のみ,ATR低,5,20,12,33.3,-52.9,5.0,-9.11,0.274,-45.0,3,4,100.0,20.0,5.0,0.0,999.0,0.0,0,要注意(取引数不足),149.8
ema_cross(EMA5/20),ema_cross,5,10,21時台,月,順方向のみ,ATR低,5,20,7,57.1,-10.0,5.0,-10.0,0.667,-30.0,3,4,100.0,20.0,5.0,0.0,999.0,0.0,0,要注意(取引数不足),149.8
ema_cross(EMA5/20),ema_cross,5,10,22時台,水,順方向のみ,ATR低,5,20,3,66.7,8.8,5.0,-1.2,8.333,-1.2,1,4,100.0,20.0,5.0,0.0,999.0,0.0,0,要注意(取引数不足),149.8
ema_cross(EMA5/20),ema_cross,5,12,ロンドン(16-21),月,レンジのみ,ATR低,5,20,19,68.4,-7.0,5.0,-12.0,0.903,-28.0,2,15,93.3,58.0,5.0,-12.0,5.833,-12.0,1,要注意(取引数不足),149.8
ema_cross(EMA5/20),ema_cross,5,12,NY(21-24),木,順方向のみ,ATR低,5,20,9,77.8,22.4,5.0,-6.3,2.778,-12.0,1,4,100.0,20.0,5.0,0.0,999.0,0.0,0,要注意(取引数不足),149.8
ema_cross(EMA5/20),ema_cross,5,12,9時台,月,レンジのみ,ATR高,5,20,15,80.0,24.0,5.0,-12.0,1.667,-12.0,1,4,100.0,20.0,5.0,0.0,999.0,0.0,0,要注意(取引数不足),149.8
ema_cross(EMA5/20),ema_cross,5,12,10時台,月,下降のみ,ATR高,5,20,18,72.2,5.0,5.0,-12.0,1.083,-24.0,2,4,100.0,20.0,5.0,0.0,999.0,0.0,0,要注意(取引数不足),149.8
ema_cross(EMA5/20),ema_cross,5,12,16時台,金,上昇のみ,ATR低,5,20,12,41.7,-49.9,5.0,-10.7,0.334,-40.0,2,4,100.0,20.0,5.0,0.0,999.0,0.0,0,要注意(取引数不足),149.8
ema_cross(EMA5/20),ema_cross,5,12,21時台,月,順方向のみ,ATR低,5,20,7,57.1,-16.0,5.0,-12.0,0.556,-36.0,3,4,100.0,20.0,5.0,0.0,999.0,0.0,0,要注意(取引数不足),149.8
ema_cross(EMA5/20),ema_cross,5,12,22時台,水,順方向のみ,ATR低,5,20,3,66.7,8.8,5.0,-1.2,8.333,-1.2,1,4,100.0,20.0,5.0,0.0,999.0,0.0,0,要注意(取引数不足),149.8
ema_cross(EMA5/20),ema_cross,5,15,NY(21-24),木,順方向のみ,ATR低,5,20,9,77.8,19.4,5.0,-7.8,2.244,-15.0,1,4,100.0,20.0,5.0,0.0,999.0,0.0,0,要注意(取引数不足),149.8
ema_cross(EMA5/20),ema_cross,5,15,9時台,月,レンジのみ,ATR高,5,20,15,80.0,15.0,5.0,-15.0,1.333,-15.0,1,4,100.0,20.0,5.0,0.0,999.0,0.0,0,要注意(取引数不足),149.8
ema_cross(EMA5/20),ema_cross,5,15,10時台,月,下降のみ,ATR高,5,20,18,72.2,-10.0,5.0,-15.0,0.867,-30.0,2,4,100.0,20.0,5.0,0.0,999.0,0.0,0,要注意(取引数不足),149.8
ema_cross(EMA5/20),ema_cross,5,12,22時台,月,下降のみ,ATR低,5,20,4,25.0,-33.4,2.6,-12.0,0.072,-36.0,3,4,100.0,15.4,3.85,0.0,999.0,0.0,0,要注意(取引数不足),149.7
ema_cross(EMA5/20),ema_cross,5,5,9時台,火,下降のみ,ATR低,5,20,18,50.0,0.0,5.0,-5.0,1.0,-20.0,4,3,100.0,15.0,5.0,0.0,999.0,0.0,0,要注意(取引数不足),149.6
ema_cross(EMA5/20),ema_cross,5,5,9時台,水,レンジのみ,ATR高,5,20,12,25.0,-30.0,5.0,-5.0,0.333,-35.0,7,3,100.0,15.0,5.0,0.0,999.0,0.0,0,要注意(取引数不足),149.6
ema_cross(EMA5/20),ema_cross,5,5,10時台,月,下降のみ,直近30分変動大,5,20,16,56.2,10.0,5.0,-5.0,1.286,-20.0,4,3,100.0,15.0,5.0,0.0,999.0,0.0,0,要注意(取引数不足),149.6
ema_cross(EMA5/20),ema_cross,5,5,16時台,月,順方向のみ,ATR低,5,20,15,26.7,-35.0,5.0,-5.0,0.364,-30.0,6,3,100.0,15.0,5.0,0.0,999.0,0.0,0,要注意(取引数不足),149.6
ema_cross(EMA5/20),ema_cross,5,5,16時台,木,レンジのみ,ATR低,5,20,5,40.0,-5.0,5.0,-5.0,0.667,-10.0,2,3,100.0,15.0,5.0,0.0,999.0,0.0,0,要注意(取引数不足),149.6
ema_cross(EMA5/20),ema_cross,5,5,21時台,木,順方向のみ,ATR低,5,20,8,25.0,-20.0,5.0,-5.0,0.333,-25.0,4,3,100.0,15.0,5.0,0.0,999.0,0.0,0,要注意(取引数不足),149.6
ema_cross(EMA5/20),ema_cross,5,5,22時台,月,上昇のみ,ATR低,5,20,6,50.0,0.0,5.0,-5.0,1.0,-10.0,2,3,100.0,15.0,5.0,0.0,999.0,0.0,0,要注意(取引数不足),149.6
ema_cross(EMA5/20),ema_cross,5,8,9時台,火,下降のみ,ATR低,5,20,17,64.7,7.0,5.0,-8.0,1.146,-20.0,2,3,100.0,15.0,5.0,0.0,999.0,0.0,0,要注意(取引数不足),149.6
ema_cross(EMA5/20),ema_cross,5,8,9時台,火,レンジのみ,ATR高,5,20,9,77.8,19.0,5.0,-8.0,2.188,-8.0,1,3,100.0,15.0,5.0,0.0,999.0,0.0,0,要注意(取引数不足),149.6
ema_cross(EMA5/20),ema_cross,5,8,9時台,水,レンジのみ,ATR高,5,20,12,33.3,-44.0,5.0,-8.0,0.312,-51.0,6,3,100.0,15.0,5.0,0.0,999.0,0.0,0,要注意(取引数不足),149.6
ema_cross(EMA5/20),ema_cross,5,8,10時台,月,下降のみ,直近30分変動大,5,20,16,56.2,-11.0,5.0,-8.0,0.804,-32.0,4,3,100.0,15.0,5.0,0.0,999.0,0.0,0,要注意(取引数不足),149.6
ema_cross(EMA5/20),ema_cross,5,8,16時台,月,順方向のみ,ATR低,5,20,15,53.3,-16.0,5.0,-8.0,0.714,-28.0,3,3,100.0,15.0,5.0,0.0,999.0,0.0,0,要注意(取引数不足),149.6
ema_cross(EMA5/20),ema_cross,5,8,16時台,木,レンジのみ,ATR低,5,20,5,40.0,-14.0,5.0,-8.0,0.417,-19.0,2,3,100.0,15.0,5.0,0.0,999.0,0.0,0,要注意(取引数不足),149.6
ema_cross(EMA5/20),ema_cross,5,8,16時台,金,レンジのみ,ATR高,5,20,16,75.0,28.0,5.0,-8.0,1.875,-11.0,1,3,100.0,15.0,5.0,0.0,999.0,0.0,0,要注意(取引数不足),149.6
ema_cross(EMA5/20),ema_cross,5,8,21時台,木,順方向のみ,ATR低,5,20,7,71.4,9.0,5.0,-8.0,1.562,-11.0,1,3,100.0,15.0,5.0,0.0,999.0,0.0,0,要注意(取引数不足),149.6
ema_cross(EMA5/20),ema_cross,5,8,22時台,月,上昇のみ,ATR低,5,20,6,50.0,-6.0,5.0,-7.0,0.714,-13.0,2,3,100.0,15.0,5.0,0.0,999.0,0.0,0,要注意(取引数不足),149.6
ema_cross(EMA5/20),ema_cross,5,10,9時台,月,順方向のみ,ATR低,5,20,5,20.0,-35.0,5.0,-10.0,0.125,-30.0,3,3,100.0,15.0,5.0,0.0,999.0,0.0,0,要注意(取引数不足),149.6
ema_cross(EMA5/20),ema_cross,5,10,9時台,火,下降のみ,ATR低,5,20,15,73.3,15.0,5.0,-10.0,1.375,-25.0,2,3,100.0,15.0,5.0,0.0,999.0,0.0,0,要注意(取引数不足),149.6
ema_cross(EMA5/20),ema_cross,5,10,9時台,火,レンジのみ,ATR高,5,20,8,87.5,25.0,5.0,-10.0,3.5,0.0,1,3,100.0,15.0,5.0,0.0,999.0,0.0,0,要注意(取引数不足),149.6
ema_cross(EMA5/20),ema_cross,5,10,9時台,水,レンジのみ,ATR高,5,20,12,41.7,-45.0,5.0,-10.0,0.357,-50.0,3,3,100.0,15.0,5.0,0.0,999.0,0.0,0,要注意(取引数不足),149.6
ema_cross(EMA5/20),ema_cross,5,10,10時台,月,下降のみ,直近30分変動大,5,20,16,62.5,-10.0,5.0,-10.0,0.833,-40.0,4,3,100.0,15.0,5.0,0.0,999.0,0.0,0,要注意(取引数不足),149.6
ema_cross(EMA5/20),ema_cross,5,10,16時台,月,順方向のみ,ATR低,5,20,15,60.0,-15.0,5.0,-10.0,0.75,-30.0,2,3,100.0,15.0,5.0,0.0,999.0,0.0,0,要注意(取引数不足),149.6
ema_cross(EMA5/20),ema_cross,5,10,16時台,木,レンジのみ,ATR低,5,20,4,50.0,-10.0,5.0,-10.0,0.5,-15.0,1,3,100.0,15.0,5.0,0.0,999.0,0.0,0,要注意(取引数不足),149.6
ema_cross(EMA5/20),ema_cross,5,10,16時台,金,レンジのみ,ATR高,5,20,16,75.0,20.0,5.0,-10.0,1.5,-15.0,1,3,100.0,15.0,5.0,0.0,999.0,0.0,0,要注意(取引数不足),149.6
ema_cross(EMA5/20),ema_cross,5,10,21時台,木,順方向のみ,ATR低,5,20,7,85.7,20.0,5.0,-10.0,3.0,-10.0,1,3,100.0,15.0,5.0,0.0,999.0,0.0,0,要注意(取引数不足),149.6
ema_cross(EMA5/20),ema_cross,5,10,22時台,月,上昇のみ,ATR低,5,20,6,50.0,-10.0,5.0,-8.33,0.6,-15.0,2,3,100.0,15.0,5.0,0.0,999.0,0.0,0,要注意(取引数不足),149.6
ema_cross(EMA5/20),ema_cross,5,12,9時台,月,順方向のみ,ATR低,5,20,5,20.0,-43.0,5.0,-12.0,0.104,-36.0,3,3,100.0,15.0,5.0,0.0,999.0,0.0,0,要注意(取引数不足),149.6
ema_cross(EMA5/20),ema_cross,5,12,9時台,火,下降のみ,ATR低,5,20,14,71.4,2.0,5.0,-12.0,1.042,-36.0,3,3,100.0,15.0,5.0,0.0,999.0,0.0,0,要注意(取引数不足),149.6
ema_cross(EMA5/20),ema_cross,5,12,9時台,火,レンジのみ,ATR高,5,20,8,87.5,23.0,5.0,-12.0,2.917,0.0,1,3,100.0,15.0,5.0,0.0,999.0,0.0,0,要注意(取引数不足),149.6
ema_cross(EMA5/20),ema_cross,5,12,9時台,水,レンジのみ,ATR高,5,20,12,50.0,-42.0,5.0,-12.0,0.417,-50.0,2,3,100.0,15.0,5.0,0.0,999.0,0.0,0,要注意(取引数不足),149.6
ema_cross(EMA5/20),ema_cross,5,12,9時台,金,下降のみ,ATR低,5,20,17,70.6,0.0,5.0,-12.0,1.0,-43.0,2,3,100.0,15.0,5.0,0.0,999.0,0.0,0,要注意(取引数不足),149.6
ema_cross(EMA5/20),ema_cross,5,12,10時台,月,下降のみ,直近30分変動大,5,20,16,62.5,-22.0,5.0,-12.0,0.694,-48.0,4,3,100.0,15.0,5.0,0.0,999.0,0.0,0,要注意(取引数不足),149.6
ema_cross(EMA5/20),ema_cross,5,12,10時台,木,上昇のみ,ATR低,5,20,4,75.0,3.0,5.0,-12.0,1.25,-12.0,1,3,100.0,15.0,5.0,0.0,999.0,0.0,0,要注意(取引数不足),149.6
ema_cross(EMA5/20),ema_cross,5,12,16時台,月,順方向のみ,ATR低,5,20,15,60.0,-23.5,5.0,-11.42,0.657,-36.5,2,3,100.0,15.0,5.0,0.0,999.0,0.0,0,要注意(取引数不足),149.6
ema_cross(EMA5/20),ema_cross,5,12,16時台,金,レンジのみ,ATR高,5,20,16,75.0,12.0,5.0,-12.0,1.25,-19.0,1,3,100.0,15.0,5.0,0.0,999.0,0.0,0,要注意(取引数不足),149.6
ema_cross(EMA5/20),ema_cross,5,12,21時台,木,順方向のみ,ATR低,5,20,7,85.7,18.0,5.0,-12.0,2.5,-12.0,1,3,100.0,15.0,5.0,0.0,999.0,0.0,0,要注意(取引数不足),149.6
ema_cross(EMA5/20),ema_cross,5,12,22時台,月,上昇のみ,ATR低,5,20,6,50.0,4.0,5.0,-3.67,1.364,-9.5,2,3,100.0,15.0,5.0,0.0,999.0,0.0,0,要注意(取引数不足),149.6
ema_cross(EMA5/20),ema_cross,5,15,9時台,月,順方向のみ,ATR低,5,20,5,20.0,-55.0,5.0,-15.0,0.083,-45.0,3,3,100.0,15.0,5.0,0.0,999.0,0.0,0,要注意(取引数不足),149.6
ema_cross(EMA5/20),ema_cross,5,15,9時台,火,下降のみ,ATR低,5,20,14,71.4,-10.0,5.0,-15.0,0.833,-45.0,3,3,100.0,15.0,5.0,0.0,999.0,0.0,0,要注意(取引数不足),149.6
ema_cross(EMA5/20),ema_cross,5,15,9時台,火,レンジのみ,ATR高,5,20,8,87.5,20.0,5.0,-15.0,2.333,0.0,1,3,100.0,15.0,5.0,0.0,999.0,0.0,0,要注意(取引数不足),149.6
ema_cross(EMA5/20),ema_cross,5,15,9時台,火,順方向のみ,直近30分変動大,5,20,10,70.0,-10.0,5.0,-15.0,0.778,-30.0,3,3,100.0,15.0,5.0,0.0,999.0,0.0,0,要注意(取引数不足),149.6
ema_cross(EMA5/20),ema_cross,5,15,9時台,水,レンジのみ,ATR高,5,20,11,63.6,-25.0,5.0,-15.0,0.583,-35.0,2,3,100.0,15.0,5.0,0.0,999.0,0.0,0,要注意(取引数不足),149.6
ema_cross(EMA5/20),ema_cross,5,15,9時台,金,下降のみ,ATR低,5,20,16,87.5,49.7,5.0,-10.15,3.448,-5.3,1,3,100.0,15.0,5.0,0.0,999.0,0.0,0,要注意(取引数不足),149.6
ema_cross(EMA5/20),ema_cross,5,15,10時台,月,下降のみ,直近30分変動大,5,20,16,68.8,-20.0,5.0,-15.0,0.733,-40.0,2,3,100.0,15.0,5.0,0.0,999.0,0.0,0,要注意(取引数不足),149.6
ema_cross(EMA5/20),ema_cross,5,12,16時台,木,レンジのみ,なし,5,20,37,70.3,-2.0,5.0,-12.0,0.985,-49.0,2,14,92.9,53.0,5.0,-12.0,5.417,-12.0,1,要注意(取引数不足),149.5
ema_cross(EMA5/20),ema_cross,5,5,9時台,月,レンジのみ,ATR低,5,20,15,73.3,35.0,5.0,-5.0,2.75,-10.0,2,2,100.0,10.0,5.0,0.0,999.0,0.0,0,要注意(取引数不足),149.4
ema_cross(EMA5/20),ema_cross,5,5,9時台,木,下降のみ,ATR低,5,20,18,55.6,10.0,5.0,-5.0,1.25,-25.0,4,2,100.0,10.0,5.0,0.0,999.0,0.0,0,要注意(取引数不足),149.4
ema_cross(EMA5/20),ema_cross,5,5,10時台,木,順方向のみ,ATR低,5,20,3,33.3,-5.0,5.0,-5.0,0.5,-5.0,2,2,100.0,10.0,5.0,0.0,999.0,0.0,0,要注意(取引数不足),149.4
ema_cross(EMA5/20),ema_cross,5,5,10時台,金,なし,ATR低,5,20,9,44.4,-5.0,5.0,-5.0,0.8,-15.0,2,2,100.0,10.0,5.0,0.0,999.0,0.0,0,要注意(取引数不足),149.4
ema_cross(EMA5/20),ema_cross,5,5,16時台,金,順方向のみ,ATR低,5,20,7,57.1,5.0,5.0,-5.0,1.333,-5.0,1,2,100.0,10.0,5.0,0.0,999.0,0.0,0,要注意(取引数不足),149.4
ema_cross(EMA5/20),ema_cross,5,8,9時台,月,レンジのみ,ATR低,5,20,14,78.6,31.0,5.0,-8.0,2.292,-19.0,2,2,100.0,10.0,5.0,0.0,999.0,0.0,0,要注意(取引数不足),149.4
ema_cross(EMA5/20),ema_cross,5,8,9時台,木,下降のみ,ATR低,5,20,18,66.7,12.0,5.0,-8.0,1.25,-33.0,2,2,100.0,10.0,5.0,0.0,999.0,0.0,0,要注意(取引数不足),149.4
ema_cross(EMA5/20),ema_cross,5,8,10時台,木,上昇のみ,ATR高,5,20,14,78.6,31.0,5.0,-8.0,2.292,-16.0,2,2,100.0,10.0,5.0,0.0,999.0,0.0,0,要注意(取引数不足),149.4
ema_cross(EMA5/20),ema_cross,5,8,10時台,木,順方向のみ,ATR低,5,20,3,33.3,-11.0,5.0,-8.0,0.312,-8.0,2,2,100.0,10.0,5.0,0.0,999.0,0.0,0,要注意(取引数不足),149.4
ema_cross(EMA5/20),ema_cross,5,8,10時台,金,なし,ATR低,5,20,8,50.0,-12.0,5.0,-8.0,0.625,-27.0,3,2,100.0,10.0,5.0,0.0,999.0,0.0,0,要注意(取引数不足),149.4
ema_cross(EMA5/20),ema_cross,5,8,16時台,火,順方向のみ,ATR低,5,20,10,60.0,-2.0,5.0,-8.0,0.938,-19.0,2,2,100.0,10.0,5.0,0.0,999.0,0.0,0,要注意(取引数不足),149.4
ema_cross(EMA5/20),ema_cross,5,8,16時台,金,順方向のみ,ATR低,5,20,7,57.1,-4.0,5.0,-8.0,0.833,-11.0,1,2,100.0,10.0,5.0,0.0,999.0,0.0,0,要注意(取引数不足),149.4
ema_cross(EMA5/20),ema_cross,5,8,21時台,月,レンジのみ,ATR低,5,20,8,75.0,14.0,5.0,-8.0,1.875,-8.0,1,2,100.0,10.0,5.0,0.0,999.0,0.0,0,要注意(取引数不足),149.4
ema_cross(EMA5/20),ema_cross,5,8,22時台,月,順方向のみ,ATR低,5,20,6,83.3,14.6,4.52,-8.0,2.825,-8.0,1,2,100.0,10.0,5.0,0.0,999.0,0.0,0,要注意(取引数不足),149.4
ema_cross(EMA5/20),ema_cross,5,8,22時台,木,下降のみ,ATR高,5,20,37,62.2,3.0,5.0,-8.0,1.027,-22.0,2,2,100.0,10.0,5.0,0.0,999.0,0.0,0,要注意(取引数不足),149.4
ema_cross(EMA5/20),ema_cross,5,10,9時台,月,レンジのみ,ATR低,5,20,14,85.7,40.0,5.0,-10.0,3.0,-15.0,1,2,100.0,10.0,5.0,0.0,999.0,0.0,0,要注意(取引数不足),149.4
ema_cross(EMA5/20),ema_cross,5,10,9時台,木,下降のみ,ATR低,5,20,16,62.5,-10.0,5.0,-10.0,0.833,-55.0,4,2,100.0,10.0,5.0,0.0,999.0,0.0,0,要注意(取引数不足),149.4
ema_cross(EMA5/20),ema_cross,5,10,10時台,木,上昇のみ,ATR高,5,20,13,76.9,20.0,5.0,-10.0,1.667,-20.0,2,2,100.0,10.0,5.0,0.0,999.0,0.0,0,要注意(取引数不足),149.4
ema_cross(EMA5/20),ema_cross,5,10,10時台,木,順方向のみ,ATR低,5,20,3,33.3,-15.0,5.0,-10.0,0.25,-10.0,2,2,100.0,10.0,5.0,0.0,999.0,0.0,0,要注意(取引数不足),149.4
ema_cross(EMA5/20),ema_cross,5,10,10時台,金,なし,ATR低,5,20,8,50.0,-20.0,5.0,-10.0,0.5,-35.0,3,2,100.0,10.0,5.0,0.0,999.0,0.0,0,要注意(取引数不足),149.4
ema_cross(EMA5/20),ema_cross,5,10,16時台,火,順方向のみ,ATR低,5,20,10,70.0,5.0,5.0,-10.0,1.167,-10.0,1,2,100.0,10.0,5.0,0.0,999.0,0.0,0,要注意(取引数不足),149.4
ema_cross(EMA5/20),ema_cross,5,10,16時台,金,順方向のみ,ATR低,5,20,7,71.4,5.0,5.0,-10.0,1.25,-10.0,1,2,100.0,10.0,5.0,0.0,999.0,0.0,0,要注意(取引数不足),149.4
ema_cross(EMA5/20),ema_cross,5,10,21時台,月,レンジのみ,ATR低,5,20,8,75.0,10.0,5.0,-10.0,1.5,-10.0,1,2,100.0,10.0,5.0,0.0,999.0,0.0,0,要注意(取引数不足),149.4
ema_cross(EMA5/20),ema_cross,5,10,22時台,月,順方向のみ,ATR低,5,20,6,83.3,12.6,4.52,-10.0,2.26,-10.0,1,2,100.0,10.0,5.0,0.0,999.0,0.0,0,要注意(取引数不足),149.4
ema_cross(EMA5/20),ema_cross,5,10,22時台,木,下降のみ,ATR高,5,20,35,65.7,-5.0,5.0,-10.0,0.958,-25.0,2,2,100.0,10.0,5.0,0.0,999.0,0.0,0,要注意(取引数不足),149.4
ema_cross(EMA5/20),ema_cross,5,12,9時台,月,レンジのみ,ATR低,5,20,13,84.6,31.0,5.0,-12.0,2.292,-19.0,1,2,100.0,10.0,5.0,0.0,999.0,0.0,0,要注意(取引数不足),149.4
ema_cross(EMA5/20),ema_cross,5,12,9時台,木,下降のみ,ATR低,5,20,16,62.5,-22.0,5.0,-12.0,0.694,-67.0,4,2,100.0,10.0,5.0,0.0,999.0,0.0,0,要注意(取引数不足),149.4
ema_cross(EMA5/20),ema_cross,5,12,10時台,木,上昇のみ,ATR高,5,20,13,84.6,31.0,5.0,-12.0,2.292,-12.0,1,2,100.0,10.0,5.0,0.0,999.0,0.0,0,要注意(取引数不足),149.4
ema_cross(EMA5/20),ema_cross,5,12,10時台,木,順方向のみ,ATR低,5,20,3,33.3,-19.0,5.0,-12.0,0.208,-12.0,2,2,100.0,10.0,5.0,0.0,999.0,0.0,0,要注意(取引数不足),149.4
ema_cross(EMA5/20),ema_cross,5,12,10時台,金,なし,ATR低,5,20,8,50.0,-20.1,5.0,-10.03,0.499,-36.0,3,2,100.0,10.0,5.0,0.0,999.0,0.0,0,要注意(取引数不足),149.4
ema_cross(EMA5/20),ema_cross,5,12,16時台,火,順方向のみ,ATR低,5,20,10,70.0,-1.0,5.0,-12.0,0.972,-14.0,1,2,100.0,10.0,5.0,0.0,999.0,0.0,0,要注意(取引数不足),149.4
ema_cross(EMA5/20),ema_cross,5,12,16時台,金,順方向のみ,ATR低,5,20,7,85.7,18.0,5.0,-12.0,2.5,-12.0,1,2,100.0,10.0,5.0,0.0,999.0,0.0,0,要注意(取引数不足),149.4
ema_cross(EMA5/20),ema_cross,5,12,21時台,月,レンジのみ,ATR低,5,20,8,75.0,10.1,5.0,-9.95,1.508,-7.9,1,2,100.0,10.0,5.0,0.0,999.0,0.0,0,要注意(取引数不足),149.4
ema_cross(EMA5/20),ema_cross,5,12,22時台,月,順方向のみ,ATR低,5,20,6,83.3,10.6,4.52,-12.0,1.883,-12.0,1,2,100.0,10.0,5.0,0.0,999.0,0.0,0,要注意(取引数不足),149.4
ema_cross(EMA5/20),ema_cross,5,12,22時台,木,下降のみ,ATR高,5,20,34,67.6,-17.0,5.0,-12.0,0.871,-46.0,2,2,100.0,10.0,5.0,0.0,999.0,0.0,0,要注意(取引数不足),149.4
ema_cross(EMA5/20),ema_cross,5,15,9時台,月,レンジのみ,ATR低,5,20,13,84.6,25.0,5.0,-15.0,1.833,-25.0,1,2,100.0,10.0,5.0,0.0,999.0,0.0,0,要注意(取引数不足),149.4
ema_cross(EMA5/20),ema_cross,5,15,9時台,木,下降のみ,ATR低,5,20,14,57.1,-50.0,5.0,-15.0,0.444,-90.0,6,2,100.0,10.0,5.0,0.0,999.0,0.0,0,要注意(取引数不足),149.4
ema_cross(EMA5/20),ema_cross,5,5,10時台,月,なし,ATR低,5,20,11,36.4,-15.0,5.0,-5.0,0.571,-25.0,5,1,100.0,5.0,5.0,0.0,999.0,0.0,0,要注意(取引数不足),149.2
ema_cross(EMA5/20),ema_cross,5,5,10時台,月,上昇のみ,ATR低,5,20,6,33.3,-10.0,5.0,-5.0,0.5,-20.0,4,1,100.0,5.0,5.0,0.0,999.0,0.0,0,要注意(取引数不足),149.2
ema_cross(EMA5/20),ema_cross,5,5,10時台,火,下降のみ,ATR低,5,20,3,66.7,5.0,5.0,-5.0,2.0,0.0,1,1,100.0,5.0,5.0,0.0,999.0,0.0,0,要注意(取引数不足),149.2
ema_cross(EMA5/20),ema_cross,5,5,10時台,水,上昇のみ,ATR低,5,20,10,40.0,-10.0,5.0,-5.0,0.667,-25.0,4,1,100.0,5.0,5.0,0.0,999.0,0.0,0,要注意(取引数不足),149.2
ema_cross(EMA5/20),ema_cross,5,5,10時台,水,順方向のみ,ATR低,5,20,5,20.0,-15.0,5.0,-5.0,0.25,-10.0,3,1,100.0,5.0,5.0,0.0,999.0,0.0,0,要注意(取引数不足),149.2
ema_cross(EMA5/20),ema_cross,5,5,10時台,金,上昇のみ,ATR低,5,20,3,0.0,-15.0,0.0,-5.0,0.0,-10.0,3,1,100.0,5.0,5.0,0.0,999.0,0.0,0,要注意(取引数不足),149.2
ema_cross(EMA5/20),ema_cross,5,5,10時台,金,レンジのみ,ATR低,5,20,4,75.0,10.0,5.0,-5.0,3.0,-5.0,1,1,100.0,5.0,5.0,0.0,999.0,0.0,0,要注意(取引数不足),149.2
ema_cross(EMA5/20),ema_cross,5,5,16時台,水,レンジのみ,ATR低,5,20,10,40.0,-10.0,5.0,-5.0,0.667,-15.0,3,1,100.0,5.0,5.0,0.0,999.0,0.0,0,要注意(取引数不足),149.2
ema_cross(EMA5/20),ema_cross,5,5,21時台,月,下降のみ,ATR低,5,20,7,42.9,-5.0,5.0,-5.0,0.75,-10.0,2,1,100.0,5.0,5.0,0.0,999.0,0.0,0,要注意(取引数不足),149.2
ema_cross(EMA5/20),ema_cross,5,5,21時台,金,下降のみ,ATR低,5,20,6,16.7,-17.3,5.0,-4.46,0.224,-15.0,4,1,100.0,5.0,5.0,0.0,999.0,0.0,0,要注意(取引数不足),149.2
ema_cross(EMA5/20),ema_cross,5,5,22時台,木,順方向のみ,ATR低,5,20,3,66.7,9.4,5.0,-0.6,16.667,0.0,1,1,100.0,5.0,5.0,0.0,999.0,0.0,0,要注意(取引数不足),149.2
ema_cross(EMA5/20),ema_cross,5,5,22時台,金,レンジのみ,ATR低,5,20,1,0.0,-5.0,0.0,-5.0,0.0,0.0,1,1,100.0,5.0,5.0,0.0,999.0,0.0,0,要注意(取引数不足),149.2
ema_cross(EMA5/20),ema_cross,5,8,10時台,月,なし,ATR低,5,20,7,71.4,9.0,5.0,-8.0,1.562,-8.0,1,1,100.0,5.0,5.0,0.0,999.0,0.0,0,要注意(取引数不足),149.2
ema_cross(EMA5/20),ema_cross,5,8,10時台,月,上昇のみ,ATR低,5,20,4,50.0,-6.0,5.0,-8.0,0.625,-16.0,2,1,100.0,5.0,5.0,0.0,999.0,0.0,0,要注意(取引数不足),149.2
ema_cross(EMA5/20),ema_cross,5,8,10時台,火,下降のみ,ATR低,5,20,3,66.7,2.0,5.0,-8.0,1.25,0.0,1,1,100.0,5.0,5.0,0.0,999.0,0.0,0,要注意(取引数不足),149.2
ema_cross(EMA5/20),ema_cross,5,8,10時台,水,上昇のみ,ATR低,5,20,9,77.8,19.0,5.0,-8.0,2.188,-8.0,1,1,100.0,5.0,5.0,0.0,999.0,0.0,0,要注意(取引数不足),149.2
ema_cross(EMA5/20),ema_cross,5,8,10時台,水,順方向のみ,ATR低,5,20,5,60.0,-1.0,5.0,-8.0,0.938,-8.0,2,1,100.0,5.0,5.0,0.0,999.0,0.0,0,要注意(取引数不足),149.2
ema_cross(EMA5/20),ema_cross,5,8,10時台,金,上昇のみ,ATR低,5,20,3,33.3,-11.0,5.0,-8.0,0.312,-16.0,2,1,100.0,5.0,5.0,0.0,999.0,0.0,0,要注意(取引数不足),149.2
ema_cross(EMA5/20),ema_cross,5,8,10時台,金,レンジのみ,ATR低,5,20,3,66.7,2.0,5.0,-8.0,1.25,-8.0,1,1,100.0,5.0,5.0,0.0,999.0,0.0,0,要注意(取引数不足),149.2
ema_cross(EMA5/20),ema_cross,5,8,16時台,水,レンジのみ,ATR低,5,20,9,55.6,-7.0,5.0,-8.0,0.781,-19.0,2,1,100.0,5.0,5.0,0.0,999.0,0.0,0,要注意(取引数不足),149.2
ema_cross(EMA5/20),ema_cross,5,8,21時台,月,下降のみ,ATR低,5,20,6,66.7,7.6,5.0,-6.2,1.613,-8.0,1,1,100.0,5.0,5.0,0.0,999.0,0.0,0,要注意(取引数不足),149.2
ema_cross(EMA5/20),ema_cross,5,8,21時台,金,下降のみ,ATR低,5,20,5,40.0,-8.3,5.0,-6.1,0.546,-16.0,3,1,100.0,5.0,5.0,0.0,999.0,0.0,0,要注意(取引数不足),149.2
ema_cross(EMA5/20),ema_cross,5,8,22時台,木,順方向のみ,ATR低,5,20,3,66.7,9.4,5.0,-0.6,16.667,0.0,1,1,100.0,5.0,5.0,0.0,999.0,0.0,0,要注意(取引数不足),149.2
ema_cross(EMA5/20),ema_cross,5,10,10時台,月,なし,ATR低,5,20,7,71.4,5.0,5.0,-10.0,1.25,-10.0,1,1,100.0,5.0,5.0,0.0,999.0,0.0,0,要注意(取引数不足),149.2
ema_cross(EMA5/20),ema_cross,5,10,10時台,月,上昇のみ,ATR低,5,20,4,50.0,-10.0,5.0,-10.0,0.5,-20.0,2,1,100.0,5.0,5.0,0.0,999.0,0.0,0,要注意(取引数不足),149.2
ema_cross(EMA5/20),ema_cross,5,10,10時台,火,下降のみ,ATR低,5,20,3,66.7,0.0,5.0,-10.0,1.0,0.0,1,1,100.0,5.0,5.0,0.0,999.0,0.0,0,要注意(取引数不足),149.2
ema_cross(EMA5/20),ema_cross,5,10,10時台,火,レンジのみ,ATR低,5,20,5,80.0,10.0,5.0,-10.0,2.0,-10.0,1,1,100.0,5.0,5.0,0.0,999.0,0.0,0,要注意(取引数不足),149.2
ema_cross(EMA5/20),ema_cross,5,10,10時台,水,上昇のみ,ATR低,5,20,9,77.8,15.0,5.0,-10.0,1.75,-10.0,1,1,100.0,5.0,5.0,0.0,999.0,0.0,0,要注意(取引数不足),149.2
ema_cross(EMA5/20),ema_cross,5,10,10時台,水,順方向のみ,ATR低,5,20,5,60.0,-5.0,5.0,-10.0,0.75,-10.0,2,1,100.0,5.0,5.0,0.0,999.0,0.0,0,要注意(取引数不足),149.2
ema_cross(EMA5/20),ema_cross,5,10,10時台,金,上昇のみ,ATR低,5,20,3,33.3,-15.0,5.0,-10.0,0.25,-20.0,2,1,100.0,5.0,5.0,0.0,999.0,0.0,0,要注意(取引数不足),149.2
ema_cross(EMA5/20),ema_cross,5,10,10時台,金,レンジのみ,ATR低,5,20,3,66.7,0.0,5.0,-10.0,1.0,-10.0,1,1,100.0,5.0,5.0,0.0,999.0,0.0,0,要注意(取引数不足),149.2
ema_cross(EMA5/20),ema_cross,5,10,16時台,水,レンジのみ,ATR低,5,20,9,66.7,0.0,5.0,-10.0,1.0,-15.0,1,1,100.0,5.0,5.0,0.0,999.0,0.0,0,要注意(取引数不足),149.2
ema_cross(EMA5/20),ema_cross,5,10,21時台,月,下降のみ,ATR低,5,20,6,66.7,5.6,5.0,-7.2,1.389,-10.0,1,1,100.0,5.0,5.0,0.0,999.0,0.0,0,要注意(取引数不足),149.2
ema_cross(EMA5/20),ema_cross,5,10,21時台,月,レンジのみ,ATR高,5,20,8,50.0,-20.0,5.0,-10.0,0.5,-20.0,2,1,100.0,5.0,5.0,0.0,999.0,0.0,0,要注意(取引数不足),149.2
ema_cross(EMA5/20),ema_cross,5,10,21時台,金,下降のみ,ATR低,5,20,4,25.0,-17.3,5.0,-7.43,0.224,-20.0,3,1,100.0,5.0,5.0,0.0,999.0,0.0,0,要注意(取引数不足),149.2
ema_cross(EMA5/20),ema_cross,5,10,22時台,木,順方向のみ,ATR低,5,20,3,66.7,9.4,5.0,-0.6,16.667,0.0,1,1,100.0,5.0,5.0,0.0,999.0,0.0,0,要注意(取引数不足),149.2
ema_cross(EMA5/20),ema_cross,5,12,10時台,月,なし,ATR低,5,20,7,71.4,1.0,5.0,-12.0,1.042,-12.0,1,1,100.0,5.0,5.0,0.0,999.0,0.0,0,要注意(取引数不足),149.2
ema_cross(EMA5/20),ema_cross,5,12,10時台,月,上昇のみ,ATR低,5,20,4,50.0,-14.0,5.0,-12.0,0.417,-24.0,2,1,100.0,5.0,5.0,0.0,999.0,0.0,0,要注意(取引数不足),149.2
ema_cross(EMA5/20),ema_cross,5,12,10時台,火,下降のみ,ATR低,5,20,3,66.7,-2.0,5.0,-12.0,0.833,0.0,1,1,100.0,5.0,5.0,0.0,999.0,0.0,0,要注意(取引数不足),149.2
ema_cross(EMA5/20),ema_cross,5,12,10時台,火,レンジのみ,ATR低,5,20,5,80.0,8.0,5.0,-12.0,1.667,-12.0,1,1,100.0,5.0,5.0,0.0,999.0,0.0,0,要注意(取引数不足),149.2
ema_cross(EMA5/20),ema_cross,5,12,10時台,水,上昇のみ,ATR低,5,20,9,77.8,14.6,5.0,-10.2,1.716,-12.0,1,1,100.0,5.0,5.0,0.0,999.0,0.0,0,要注意(取引数不足),149.2
ema_cross(EMA5/20),ema_cross,5,12,10時台,水,順方向のみ,ATR低,5,20,5,60.0,-9.0,5.0,-12.0,0.625,-12.0,2,1,100.0,5.0,5.0,0.0,999.0,0.0,0,要注意(取引数不足),149.2
ema_cross(EMA5/20),ema_cross,5,12,10時台,金,上昇のみ,ATR低,5,20,3,33.3,-19.0,5.0,-12.0,0.208,-24.0,2,1,100.0,5.0,5.0,0.0,999.0,0.0,0,要注意(取引数不足),149.2
ema_cross(EMA5/20),ema_cross,5,12,10時台,金,レンジのみ,ATR低,5,20,3,66.7,-2.0,5.0,-12.0,0.833,-12.0,1,1,100.0,5.0,5.0,0.0,999.0,0.0,0,要注意(取引数不足),149.2
ema_cross(EMA5/20),ema_cross,5,12,16時台,水,レンジのみ,ATR低,5,20,9,66.7,-6.0,5.0,-12.0,0.833,-19.0,1,1,100.0,5.0,5.0,0.0,999.0,0.0,0,要注意(取引数不足),149.2
ema_cross(EMA5/20),ema_cross,5,12,21時台,月,下降のみ,ATR低,5,20,6,66.7,3.6,5.0,-8.2,1.22,-12.0,1,1,100.0,5.0,5.0,0.0,999.0,0.0,0,要注意(取引数不足),149.2
ema_cross(EMA5/20),ema_cross,5,12,21時台,月,レンジのみ,ATR高,5,20,7,57.1,-16.0,5.0,-12.0,0.556,-24.0,2,1,100.0,5.0,5.0,0.0,999.0,0.0,0,要注意(取引数不足),149.2
ema_cross(EMA5/20),ema_cross,5,12,21時台,金,下降のみ,ATR低,5,20,4,25.0,-21.3,5.0,-8.77,0.19,-24.0,3,1,100.0,5.0,5.0,0.0,999.0,0.0,0,要注意(取引数不足),149.2
ema_cross(EMA5/20),ema_cross,5,12,22時台,木,順方向のみ,ATR低,5,20,3,66.7,9.4,5.0,-0.6,16.667,0.0,1,1,100.0,5.0,5.0,0.0,999.0,0.0,0,要注意(取引数不足),149.2
ema_cross(EMA5/20),ema_cross,5,15,9時台,火,上昇のみ,ATR高,5,20,3,66.7,-5.0,5.0,-15.0,0.667,-15.0,1,1,100.0,5.0,5.0,0.0,999.0,0.0,0,要注意(取引数不足),149.2
ema_cross(EMA5/20),ema_cross,5,15,9時台,金,順方向のみ,直近30分変動大,5,20,13,61.5,-35.0,5.0,-15.0,0.533,-30.0,2,1,100.0,5.0,5.0,0.0,999.0,0.0,0,要注意(取引数不足),149.2
ema_cross(EMA5/20),ema_cross,5,15,10時台,月,なし,ATR低,5,20,7,85.7,15.0,5.0,-15.0,2.0,-15.0,1,1,100.0,5.0,5.0,0.0,999.0,0.0,0,要注意(取引数不足),149.2
ema_cross(EMA5/20),ema_cross,5,15,10時台,月,上昇のみ,ATR低,5,20,4,75.0,0.0,5.0,-15.0,1.0,-15.0,1,1,100.0,5.0,5.0,0.0,999.0,0.0,0,要注意(取引数不足),149.2
ema_cross(EMA5/20),ema_cross,5,15,10時台,火,下降のみ,ATR低,5,20,3,66.7,-5.0,5.0,-15.0,0.667,0.0,1,1,100.0,5.0,5.0,0.0,999.0,0.0,0,要注意(取引数不足),149.2
ema_cross(EMA5/20),ema_cross,5,15,10時台,火,レンジのみ,ATR低,5,20,5,80.0,5.0,5.0,-15.0,1.333,-15.0,1,1,100.0,5.0,5.0,0.0,999.0,0.0,0,要注意(取引数不足),149.2
ema_cross(EMA5/20),ema_cross,5,15,10時台,水,上昇のみ,ATR低,5,20,9,77.8,11.6,5.0,-11.7,1.496,-15.0,1,1,100.0,5.0,5.0,0.0,999.0,0.0,0,要注意(取引数不足),149.2
ema_cross(EMA5/20),ema_cross,5,15,10時台,水,順方向のみ,ATR低,5,20,5,60.0,-15.0,5.0,-15.0,0.5,-15.0,2,1,100.0,5.0,5.0,0.0,999.0,0.0,0,要注意(取引数不足),149.2
ema_cross(EMA5/20),ema_cross,5,5,ロンドン(16-21),木,レンジのみ,ATR低,5,20,30,36.7,-40.0,5.0,-5.0,0.579,-60.0,6,9,88.9,35.0,5.0,-5.0,8.0,-5.0,1,要注意(取引数不足),148.9
ema_cross(EMA5/20),ema_cross,5,5,9時台,火,レンジのみ,ATR低,5,20,34,55.9,20.0,5.0,-5.0,1.267,-10.0,2,8,87.5,30.0,5.0,-5.0,7.0,0.0,1,要注意(取引数不足),148.8
ema_cross(EMA5/20),ema_cross,5,8,ロンドン(16-21),月,下降のみ,ATR低,5,20,22,68.2,19.0,5.0,-8.0,1.339,-27.0,3,9,88.9,32.0,5.0,-8.0,5.0,-8.0,1,要注意(取引数不足),148.7
ema_cross(EMA5/20),ema_cross,5,8,ロンドン(16-21),木,レンジのみ,ATR低,5,20,26,42.3,-65.0,5.0,-8.0,0.458,-75.0,5,9,88.9,32.0,5.0,-8.0,5.0,-8.0,1,要注意(取引数不足),148.7
ema_cross(EMA5/20),ema_cross,5,5,10時台,木,レンジのみ,ATR高,5,20,12,41.7,-10.0,5.0,-5.0,0.714,-30.0,6,7,85.7,25.0,5.0,-5.0,6.0,-5.0,1,要注意(取引数不足),148.5
ema_cross(EMA5/20),ema_cross,5,10,16時台,木,なし,ATR低,5,20,18,88.9,60.0,5.0,-10.0,4.0,-10.0,1,6,83.3,24.1,5.0,-0.9,27.778,-0.9,1,要注意(取引数不足),148.5
ema_cross(EMA5/20),ema_cross,5,5,NY(21-24),月,順方向のみ,ATR低,5,20,13,53.8,2.6,4.66,-5.0,1.087,-20.0,4,6,83.3,20.0,5.0,-5.0,5.0,0.0,1,要注意(取引数不足),148.4
ema_cross(EMA5/20),ema_cross,5,5,9時台,金,順方向のみ,ATR低,5,20,21,52.4,5.0,5.0,-5.0,1.1,-25.0,4,6,83.3,20.0,5.0,-5.0,5.0,0.0,1,要注意(取引数不足),148.4
ema_cross(EMA5/20),ema_cross,5,5,16時台,木,なし,ATR低,5,20,19,63.2,25.0,5.0,-5.0,1.714,-15.0,3,6,83.3,20.0,5.0,-5.0,5.0,-5.0,1,要注意(取引数不足),148.3
ema_cross(EMA5/20),ema_cross,5,12,22時台,金,順方向のみ,ATR低,5,20,5,20.0,-35.1,5.0,-10.03,0.125,-23.1,3,3,66.7,8.8,5.0,-1.2,8.333,-1.2,1,要注意(取引数不足),147.9
ema_cross(EMA5/20),ema_cross,5,15,10時台,火,上昇のみ,ATR高,5,20,12,100.0,60.0,5.0,0.0,999.0,0.0,0,5,100.0,25.0,5.0,0.0,999.0,0.0,0,要注意(取引数不足),146.0
ema_cross(EMA5/20),ema_cross,5,10,22時台,水,レンジのみ,ATR低,5,20,3,100.0,15.0,5.0,0.0,999.0,0.0,0,4,100.0,20.0,5.0,0.0,999.0,0.0,0,要注意(取引数不足),145.8
ema_cross(EMA5/20),ema_cross,5,12,22時台,水,レンジのみ,ATR低,5,20,3,100.0,15.0,5.0,0.0,999.0,0.0,0,4,100.0,20.0,5.0,0.0,999.0,0.0,0,要注意(取引数不足),145.8
ema_cross(EMA5/20),ema_cross,5,5,22時台,木,上昇のみ,ATR低,5,20,3,100.0,15.0,5.0,0.0,999.0,0.0,0,3,100.0,15.0,5.0,0.0,999.0,0.0,0,要注意(取引数不足),145.6
ema_cross(EMA5/20),ema_cross,5,8,10時台,火,順方向のみ,ATR低,5,20,5,100.0,25.0,5.0,0.0,999.0,0.0,0,3,100.0,15.0,5.0,0.0,999.0,0.0,0,要注意(取引数不足),145.6
ema_cross(EMA5/20),ema_cross,5,8,22時台,木,上昇のみ,ATR低,5,20,3,100.0,15.0,5.0,0.0,999.0,0.0,0,3,100.0,15.0,5.0,0.0,999.0,0.0,0,要注意(取引数不足),145.6
ema_cross(EMA5/20),ema_cross,5,10,10時台,火,順方向のみ,ATR低,5,20,5,100.0,25.0,5.0,0.0,999.0,0.0,0,3,100.0,15.0,5.0,0.0,999.0,0.0,0,要注意(取引数不足),145.6
ema_cross(EMA5/20),ema_cross,5,10,22時台,木,上昇のみ,ATR低,5,20,3,100.0,15.0,5.0,0.0,999.0,0.0,0,3,100.0,15.0,5.0,0.0,999.0,0.0,0,要注意(取引数不足),145.6
ema_cross(EMA5/20),ema_cross,5,12,10時台,火,順方向のみ,ATR低,5,20,5,100.0,25.0,5.0,0.0,999.0,0.0,0,3,100.0,15.0,5.0,0.0,999.0,0.0,0,要注意(取引数不足),145.6
ema_cross(EMA5/20),ema_cross,5,12,16時台,木,レンジのみ,ATR低,5,20,4,100.0,20.0,5.0,0.0,999.0,0.0,0,3,100.0,15.0,5.0,0.0,999.0,0.0,0,要注意(取引数不足),145.6
ema_cross(EMA5/20),ema_cross,5,12,22時台,木,上昇のみ,ATR低,5,20,3,100.0,15.0,5.0,0.0,999.0,0.0,0,3,100.0,15.0,5.0,0.0,999.0,0.0,0,要注意(取引数不足),145.6
ema_cross(EMA5/20),ema_cross,5,15,10時台,火,順方向のみ,ATR低,5,20,5,100.0,25.0,5.0,0.0,999.0,0.0,0,3,100.0,15.0,5.0,0.0,999.0,0.0,0,要注意(取引数不足),145.6
ema_cross(EMA5/20),ema_cross,5,8,22時台,金,レンジのみ,ATR低,5,20,1,100.0,5.0,5.0,0.0,999.0,0.0,0,1,100.0,5.0,5.0,0.0,999.0,0.0,0,要注意(取引数不足),145.2
ema_cross(EMA5/20),ema_cross,5,10,22時台,金,レンジのみ,ATR低,5,20,1,100.0,5.0,5.0,0.0,999.0,0.0,0,1,100.0,5.0,5.0,0.0,999.0,0.0,0,要注意(取引数不足),145.2
ema_cross(EMA5/20),ema_cross,5,12,22時台,金,レンジのみ,ATR低,5,20,1,100.0,5.0,5.0,0.0,999.0,0.0,0,1,100.0,5.0,5.0,0.0,999.0,0.0,0,要注意(取引数不足),145.2
ema_cross(EMA5/20),ema_cross,5,15,東京(9-15),金,下降のみ,ATR低,5,20,52,75.0,9.7,5.0,-14.25,1.052,-60.0,2,15,93.3,55.0,5.0,-15.0,4.667,-15.0,1,要注意(取引数不足),141.3
ema_cross(EMA5/20),ema_cross,5,15,ロンドン(16-21),月,レンジのみ,ATR低,5,20,19,73.7,8.8,5.0,-12.24,1.144,-20.0,2,15,93.3,55.0,5.0,-15.0,4.667,-15.0,1,要注意(取引数不足),141.3
ema_cross(EMA5/20),ema_cross,5,15,ロンドン(16-21),金,なし,ATR低,5,20,65,64.6,-98.8,5.0,-13.43,0.68,-138.8,3,34,91.2,119.9,5.0,-11.7,4.416,-15.0,1,要注意(取引数不足),137.9
ema_cross(EMA5/20),ema_cross,5,15,ロンドン(16-21),金,上昇のみ,ATR低,5,20,41,58.5,-98.8,5.0,-12.87,0.548,-123.8,3,20,90.0,69.9,5.0,-10.05,4.478,-15.0,1,要注意(取引数不足),137.2
ema_cross(EMA5/20),ema_cross,5,15,ロンドン(16-21),水,順方向のみ,ATR低,5,20,38,78.9,64.5,5.0,-10.69,1.754,-20.1,2,15,93.3,51.1,4.72,-15.0,4.407,0.0,1,要注意(取引数不足),135.0
ema_cross(EMA5/20),ema_cross,5,8,9時台,火,レンジのみ,ATR低,5,20,32,65.6,17.0,5.0,-8.0,1.193,-16.0,2,8,87.5,27.0,5.0,-8.0,4.375,0.0,1,要注意(取引数不足),133.1
ema_cross(EMA5/20),ema_cross,5,12,ロンドン(16-21),木,順方向のみ,ATR低,5,20,14,85.7,31.8,4.65,-12.0,2.325,-14.0,1,14,85.7,46.2,5.0,-6.9,4.348,-12.0,1,要注意(取引数不足),133.0
ema_cross(EMA5/20),ema_cross,5,12,22時台,全曜日,順方向のみ,ATR低,5,20,21,66.7,13.7,4.83,-7.7,1.254,-24.6,3,13,84.6,41.8,5.0,-6.6,4.167,-1.2,1,要注意(取引数不足),128.6
ema_cross(EMA5/20),ema_cross,5,12,10時台,月,レンジのみ,なし,5,20,33,81.8,63.0,5.0,-12.0,1.875,-26.0,2,11,90.9,38.0,5.0,-12.0,4.167,-12.0,1,要注意(取引数不足),128.1
ema_cross(EMA5/20),ema_cross,5,8,ロンドン(16-21),月,レンジのみ,ATR低,5,20,21,61.9,1.0,5.0,-8.0,1.016,-30.0,3,15,86.7,49.0,5.0,-8.0,4.062,-8.0,1,要注意(取引数不足),126.1
ema_cross(EMA5/20),ema_cross,5,12,16時台,木,なし,ATR低,5,20,18,100.0,90.0,5.0,0.0,999.0,0.0,0,6,83.3,24.1,5.0,-0.9,27.778,-0.9,1,要注意(取引数不足),125.1
ema_cross(EMA5/20),ema_cross,5,10,16時台,木,上昇のみ,ATR低,5,20,8,100.0,40.0,5.0,0.0,999.0,0.0,0,3,66.7,9.1,5.0,-0.9,11.111,-0.9,1,要注意(取引数不足),124.1
ema_cross(EMA5/20),ema_cross,5,12,16時台,木,上昇のみ,ATR低,5,20,8,100.0,40.0,5.0,0.0,999.0,0.0,0,3,66.7,9.1,5.0,-0.9,11.111,-0.9,1,要注意(取引数不足),124.1
ema_cross(EMA5/20),ema_cross,5,5,16時台,水,レンジのみ,なし,5,20,47,38.3,-55.0,5.0,-5.0,0.621,-65.0,4,10,80.0,30.0,5.0,-5.0,4.0,-5.0,1,要注意(取引数不足),123.8
ema_cross(EMA5/20),ema_cross,5,10,ロンドン(16-21),月,下降のみ,ATR低,5,20,20,75.0,25.0,5.0,-10.0,1.5,-35.0,3,9,88.9,30.0,5.0,-10.0,4.0,-10.0,1,要注意(取引数不足),123.7
ema_cross(EMA5/20),ema_cross,5,10,ロンドン(16-21),木,レンジのみ,ATR低,5,20,24,45.8,-75.0,5.0,-10.0,0.423,-85.0,5,9,88.9,30.0,5.0,-10.0,4.0,-10.0,1,要注意(取引数不足),123.7
ema_cross(EMA5/20),ema_cross,5,5,ロンドン(16-21),水,レンジのみ,ATR低,5,20,21,47.6,-5.0,5.0,-5.0,0.909,-20.0,2,5,80.0,15.0,5.0,-5.0,4.0,-5.0,1,要注意(取引数不足),123.1
ema_cross(EMA5/20),ema_cross,5,5,10時台,月,下降のみ,なし,5,20,31,51.6,5.0,5.0,-5.0,1.067,-25.0,5,5,80.0,15.0,5.0,-5.0,4.0,-5.0,1,要注意(取引数不足),123.1
ema_cross(EMA5/20),ema_cross,5,5,10時台,金,上昇のみ,ATR高,5,20,18,44.4,-10.0,5.0,-5.0,0.8,-20.0,3,5,80.0,15.0,5.0,-5.0,4.0,-5.0,1,要注意(取引数不足),123.1
ema_cross(EMA5/20),ema_cross,5,5,21時台,水,上昇のみ,ATR高,5,20,19,36.8,-25.0,5.0,-5.0,0.583,-30.0,3,5,80.0,15.0,5.0,-5.0,4.0,-5.0,1,要注意(取引数不足),123.1
ema_cross(EMA5/20),ema_cross,5,5,ロンドン(16-21),月,レンジのみ,ATR低,5,20,21,61.9,25.0,5.0,-5.0,1.625,-15.0,3,15,80.0,45.0,5.0,-5.0,4.0,-10.0,2,要注意(取引数不足),122.9
ema_cross(EMA5/20),ema_cross,5,12,ロンドン(16-21),全曜日,レンジのみ,ATR低,5,20,90,61.1,-145.0,5.0,-12.0,0.655,-205.0,4,48,89.6,155.0,5.0,-12.0,3.583,-19.0,1,要注意(取引数不足),118.7
ema_cross(EMA5/20),ema_cross,5,10,10時台,木,レンジのみ,なし,5,20,41,65.9,-5.0,5.0,-10.0,0.964,-50.0,3,17,88.2,55.0,5.0,-10.0,3.75,-10.0,1,要注意(取引数不足),118.5
ema_cross(EMA5/20),ema_cross,5,12,ロンドン(16-21),金,なし,ATR低,5,20,70,58.6,-115.8,5.0,-11.06,0.639,-125.8,4,34,88.2,108.9,5.0,-10.28,3.65,-19.0,1,要注意(取引数不足),118.3
ema_cross(EMA5/20),ema_cross,5,12,22時台,金,上昇のみ,ATR高,5,20,43,72.1,17.6,5.0,-11.45,1.128,-45.4,3,10,90.0,33.0,5.0,-12.0,3.75,0.0,1,要注意(取引数不足),117.7
ema_cross(EMA5/20),ema_cross,5,12,10時台,木,レンジのみ,直近30分変動大,5,20,20,65.0,-19.0,5.0,-12.0,0.774,-27.0,1,10,90.0,33.0,5.0,-12.0,3.75,-12.0,1,要注意(取引数不足),117.5
ema_cross(EMA5/20),ema_cross,5,12,22時台,水,上昇のみ,ATR高,5,20,26,57.7,-57.0,5.0,-12.0,0.568,-67.0,2,10,90.0,33.0,5.0,-12.0,3.75,-12.0,1,要注意(取引数不足),117.5
ema_cross(EMA5/20),ema_cross,5,8,16時台,木,レンジのみ,直近30分変動大,5,20,19,63.2,4.0,5.0,-8.0,1.071,-35.0,3,7,85.7,22.0,5.0,-8.0,3.75,0.0,1,要注意(取引数不足),117.3
ema_cross(EMA5/20),ema_cross,5,8,21時台,木,上昇のみ,ATR高,5,20,33,66.7,22.0,5.0,-8.0,1.25,-35.0,3,7,85.7,22.0,5.0,-8.0,3.75,0.0,1,要注意(取引数不足),117.3
ema_cross(EMA5/20),ema_cross,5,8,10時台,木,レンジのみ,ATR高,5,20,12,50.0,-18.0,5.0,-8.0,0.625,-35.0,4,7,85.7,22.0,5.0,-8.0,3.75,-8.0,1,要注意(取引数不足),117.1
ema_cross(EMA5/20),ema_cross,5,5,ロンドン(16-21),木,順方向のみ,ATR低,5,20,15,53.3,5.0,5.0,-5.0,1.143,-10.0,2,14,78.6,40.0,5.0,-5.0,3.667,-10.0,2,要注意(取引数不足),114.4
ema_cross(EMA5/20),ema_cross,5,15,ロンドン(16-21),木,順方向のみ,ATR低,5,20,14,85.7,25.8,4.65,-15.0,1.86,-20.0,1,14,85.7,43.2,5.0,-8.4,3.571,-15.0,1,要注意(取引数不足),113.5
ema_cross(EMA5/20),ema_cross,5,10,9時台,火,レンジのみ,ATR低,5,20,32,65.6,-5.0,5.0,-10.0,0.955,-20.0,2,8,87.5,25.0,5.0,-10.0,3.5,0.0,1,要注意(取引数不足),111.2
ema_cross(EMA5/20),ema_cross,5,5,16時台,水,レンジのみ,直近30分変動大,5,20,26,30.8,-50.0,5.0,-5.0,0.444,-50.0,7,9,77.8,25.0,5.0,-5.0,3.5,-5.0,1,要注意(取引数不足),111.1
ema_cross(EMA5/20),ema_cross,5,8,16時台,全曜日,順方向のみ,ATR低,5,20,44,54.5,-40.0,5.0,-8.0,0.75,-44.0,3,13,84.6,39.0,5.0,-8.0,3.438,-8.0,1,要注意(取引数不足),110.1
ema_cross(EMA5/20),ema_cross,5,12,9時台,全曜日,レンジのみ,ATR高,5,20,54,74.1,32.0,5.0,-12.0,1.19,-28.0,3,18,88.9,56.0,5.0,-12.0,3.333,-12.0,1,要注意(取引数不足),108.2
ema_cross(EMA5/20),ema_cross,5,12,16時台,全曜日,レンジのみ,ATR低,5,20,30,66.7,-20.0,5.0,-12.0,0.833,-38.0,2,18,88.9,56.0,5.0,-12.0,3.333,-12.0,1,要注意(取引数不足),108.2
ema_cross(EMA5/20),ema_cross,5,5,16時台,全曜日,順方向のみ,ATR低,5,20,45,35.6,-65.0,5.0,-5.0,0.552,-65.0,4,13,76.9,35.0,5.0,-5.0,3.333,-5.0,1,要注意(取引数不足),107.4
ema_cross(EMA5/20),ema_cross,5,15,9時台,木,上昇のみ,直近30分変動大,5,20,24,87.5,60.0,5.0,-15.0,2.333,-15.0,1,11,90.9,35.0,5.0,-15.0,3.333,-15.0,1,要注意(取引数不足),107.1
ema_cross(EMA5/20),ema_cross,5,12,ロンドン(16-21),月,下降のみ,ATR低,5,20,20,75.0,15.0,5.0,-12.0,1.25,-43.0,3,9,88.9,28.0,5.0,-12.0,3.333,-12.0,1,要注意(取引数不足),106.9
ema_cross(EMA5/20),ema_cross,5,12,ロンドン(16-21),木,レンジのみ,ATR低,5,20,20,55.0,-53.0,5.0,-12.0,0.509,-63.0,4,9,88.9,28.0,5.0,-12.0,3.333,-12.0,1,要注意(取引数不足),106.9
ema_cross(EMA5/20),ema_cross,5,12,9時台,木,順方向のみ,直近30分変動大,5,20,15,86.7,41.0,5.0,-12.0,2.708,-12.0,1,9,88.9,28.0,5.0,-12.0,3.333,-12.0,1,要注意(取引数不足),106.9
ema_cross(EMA5/20),ema_cross,5,10,ロンドン(16-21),月,レンジのみ,ATR低,5,20,19,68.4,5.0,5.0,-10.0,1.083,-20.0,2,15,86.7,45.0,5.0,-10.0,3.25,-10.0,1,要注意(取引数不足),105.6
ema_cross(EMA5/20),ema_cross,5,8,9時台,全曜日,レンジのみ,ATR高,5,20,57,59.6,-14.0,5.0,-8.0,0.924,-37.0,3,18,83.3,51.0,5.0,-8.0,3.125,-8.0,1,要注意(取引数不足),102.9
ema_cross(EMA5/20),ema_cross,5,8,16時台,月,レンジのみ,ATR高,5,20,22,59.1,-7.0,5.0,-8.0,0.903,-44.0,4,6,83.3,17.0,5.0,-8.0,3.125,-8.0,1,要注意(取引数不足),101.3
ema_cross(EMA5/20),ema_cross,5,8,16時台,金,なし,ATR低,5,20,22,40.9,-53.9,5.0,-7.61,0.455,-53.0,3,6,83.3,17.0,5.0,-8.0,3.125,-8.0,1,要注意(取引数不足),101.3
ema_cross(EMA5/20),ema_cross,5,15,ロンドン(16-21),全曜日,レンジのみ,ATR低,5,20,88,69.3,-60.8,5.0,-13.55,0.834,-142.0,3,48,89.6,140.0,5.0,-15.0,2.867,-25.0,1,要注意(取引数不足),100.3
ema_cross(EMA5/20),ema_cross,5,10,ロンドン(16-21),金,上昇のみ,ATR低,5,20,48,50.0,-98.8,5.0,-9.12,0.548,-108.8,3,21,85.7,60.0,5.0,-10.0,3.0,-10.0,1,要注意(取引数不足),100.1
ema_cross(EMA5/20),ema_cross,5,10,ロンドン(16-21),月,順方向のみ,ATR低,5,20,45,64.4,-11.2,5.0,-9.76,0.928,-45.0,3,14,85.7,40.0,5.0,-10.0,3.0,-10.0,1,要注意(取引数不足),99.2
ema_cross(EMA5/20),ema_cross,5,10,ロンドン(16-21),木,順方向のみ,ATR低,5,20,14,64.3,-5.0,5.0,-10.0,0.9,-20.0,2,14,85.7,40.0,5.0,-10.0,3.0,-10.0,1,要注意(取引数不足),99.2
ema_cross(EMA5/20),ema_cross,5,10,16時台,水,下降のみ,ATR高,5,20,17,70.6,10.0,5.0,-10.0,1.2,-20.0,1,14,85.7,40.0,5.0,-10.0,3.0,-15.0,1,要注意(取引数不足),99.1
ema_cross(EMA5/20),ema_cross,5,5,16時台,月,なし,ATR低,5,20,38,52.6,10.0,5.0,-5.0,1.111,-45.0,4,12,75.0,30.0,5.0,-5.0,3.0,-5.0,1,要注意(取引数不足),98.9
ema_cross(EMA5/20),ema_cross,5,15,10時台,月,レンジのみ,なし,5,20,33,84.8,65.0,5.0,-15.0,1.867,-35.0,2,10,90.0,30.0,5.0,-15.0,3.0,-15.0,1,要注意(取引数不足),98.6
ema_cross(EMA5/20),ema_cross,5,15,10時台,火,上昇のみ,直近30分変動大,5,20,22,81.8,30.0,5.0,-15.0,1.5,-40.0,2,10,90.0,30.0,5.0,-15.0,3.0,-15.0,1,要注意(取引数不足),98.6
ema_cross(EMA5/20),ema_cross,5,10,16時台,木,レンジのみ,直近30分変動大,5,20,19,63.2,-10.0,5.0,-10.0,0.857,-45.0,3,7,85.7,20.0,5.0,-10.0,3.0,0.0,1,要注意(取引数不足),98.4
ema_cross(EMA5/20),ema_cross,5,10,21時台,木,上昇のみ,ATR高,5,20,33,69.7,15.0,5.0,-10.0,1.15,-50.0,3,7,85.7,20.0,5.0,-10.0,3.0,0.0,1,要注意(取引数不足),98.4
ema_cross(EMA5/20),ema_cross,5,10,10時台,木,レンジのみ,ATR高,5,20,12,50.0,-30.0,5.0,-10.0,0.5,-45.0,4,7,85.7,20.0,5.0,-10.0,3.0,-10.0,1,要注意(取引数不足),98.2
ema_cross(EMA5/20),ema_cross,5,5,9時台,月,上昇のみ,ATR低,5,20,8,62.5,10.0,5.0,-5.0,1.667,-15.0,3,4,75.0,10.0,5.0,-5.0,3.0,0.0,1,要注意(取引数不足),98.0
ema_cross(EMA5/20),ema_cross,5,5,9時台,木,レンジのみ,ATR低,5,20,26,46.2,-10.0,5.0,-5.0,0.857,-20.0,2,4,75.0,10.0,5.0,-5.0,3.0,0.0,1,要注意(取引数不足),98.0
ema_cross(EMA5/20),ema_cross,5,5,22時台,火,上昇のみ,ATR低,5,20,10,60.0,10.0,5.0,-5.0,1.5,-10.0,2,4,75.0,10.0,5.0,-5.0,3.0,0.0,1,要注意(取引数不足),98.0
ema_cross(EMA5/20),ema_cross,5,5,10時台,月,下降のみ,ATR高,5,20,21,57.1,15.0,5.0,-5.0,1.333,-15.0,3,4,75.0,10.0,5.0,-5.0,3.0,-5.0,1,要注意(取引数不足),97.9
ema_cross(EMA5/20),ema_cross,5,5,16時台,金,上昇のみ,ATR低,5,20,14,35.7,-20.0,5.0,-5.0,0.556,-15.0,2,4,75.0,10.0,5.0,-5.0,3.0,-5.0,1,要注意(取引数不足),97.9
ema_cross(EMA5/20),ema_cross,5,5,22時台,月,レンジのみ,ATR高,5,20,20,35.0,-30.0,5.0,-5.0,0.538,-30.0,5,4,75.0,10.0,5.0,-5.0,3.0,-5.0,1,要注意(取引数不足),97.9
ema_cross(EMA5/20),ema_cross,5,10,16時台,木,レンジのみ,なし,5,20,39,69.2,15.0,5.0,-10.0,1.125,-40.0,2,14,85.7,40.0,5.0,-10.0,3.0,-20.0,2,要注意(取引数不足),97.5
ema_cross(EMA5/20),ema_cross,5,8,10時台,木,レンジのみ,なし,5,20,41,61.0,-3.0,5.0,-8.0,0.977,-40.0,3,17,82.4,46.0,5.0,-8.0,2.917,-11.0,1,要注意(取引数不足),97.4
ema_cross(EMA5/20),ema_cross,5,12,東京(9-15),金,レンジのみ,ATR高,5,20,66,71.2,7.0,5.0,-12.0,1.031,-72.0,3,16,87.5,46.0,5.0,-12.0,2.917,-19.0,1,要注意(取引数不足),97.2
ema_cross(EMA5/20),ema_cross,5,12,9時台,火,レンジのみ,ATR低,5,20,30,66.7,-20.0,5.0,-12.0,0.833,-31.0,2,8,87.5,23.0,5.0,-12.0,2.917,0.0,1,要注意(取引数不足),96.5
ema_cross(EMA5/20),ema_cross,5,12,ロンドン(16-21),金,下降のみ,ATR低,5,20,15,73.3,7.0,5.0,-12.0,1.146,-31.0,2,8,87.5,23.0,5.0,-12.0,2.917,-12.0,1,要注意(取引数不足),96.3
ema_cross(EMA5/20),ema_cross,5,8,16時台,木,なし,ATR低,5,20,19,84.2,56.0,5.0,-8.0,3.333,-16.0,2,6,83.3,17.0,5.0,-8.0,3.125,-8.0,1,要注意(取引数不足),96.0
ema_cross(EMA5/20),ema_cross,5,15,東京(9-15),木,レンジのみ,ATR高,5,20,41,73.2,-15.0,5.0,-15.0,0.909,-60.0,2,19,89.5,55.0,5.0,-15.0,2.833,-15.0,1,要注意(取引数不足),95.6
ema_cross(EMA5/20),ema_cross,5,15,9時台,火,レンジのみ,なし,5,20,66,75.8,10.0,5.0,-15.0,1.042,-70.0,3,19,89.5,55.0,5.0,-15.0,2.833,-25.0,1,要注意(取引数不足),95.4
ema_cross(EMA5/20),ema_cross,5,5,ロンドン(16-21),水,レンジのみ,なし,5,20,156,47.4,-40.0,5.0,-5.0,0.902,-80.0,7,59,72.9,135.0,5.0,-5.0,2.688,-10.0,2,要注意(取引数不足),95.0
ema_cross(EMA5/20),ema_cross,5,12,21時台,火,レンジのみ,ATR高,5,20,11,81.8,21.0,5.0,-12.0,1.875,-12.0,1,5,80.0,13.0,5.0,-7.0,2.857,-7.0,1,要注意(取引数不足),94.4
ema_cross(EMA5/20),ema_cross,5,5,ロンドン(16-21),水,レンジのみ,直近30分変動大,5,20,62,48.4,-10.0,5.0,-5.0,0.938,-45.0,4,37,73.0,85.0,5.0,-5.0,2.7,-5.0,1,要注意(取引数不足),94.3
ema_cross(EMA5/20),ema_cross,5,8,9時台,月,レンジのみ,なし,5,20,58,63.8,17.0,5.0,-8.0,1.101,-42.0,3,11,81.8,29.0,5.0,-8.0,2.812,-8.0,1,要注意(取引数不足),94.1
ema_cross(EMA5/20),ema_cross,5,8,ロンドン(16-21),水,レンジのみ,直近30分変動大,5,20,61,63.9,19.0,5.0,-8.0,1.108,-79.0,4,37,81.1,94.0,5.0,-8.0,2.679,-14.0,1,要注意(取引数不足),93.9
ema_cross(EMA5/20),ema_cross,5,8,ロンドン(16-21),金,上昇のみ,ATR低,5,20,53,47.2,-87.4,5.0,-7.59,0.589,-92.4,4,22,81.8,58.0,5.0,-8.0,2.812,-16.0,2,要注意(取引数不足),93.8
ema_cross(EMA5/20),ema_cross,5,15,ロンドン(16-21),水,レンジのみ,直近30分変動大,5,20,58,79.3,50.0,5.0,-15.0,1.278,-45.0,1,36,88.9,100.0,5.0,-15.0,2.667,-15.0,1,要注意(取引数不足),93.7
ema_cross(EMA5/20),ema_cross,5,5,ロンドン(16-21),月,順方向のみ,ATR低,5,20,49,46.9,-15.0,5.0,-5.0,0.885,-45.0,7,15,73.3,35.0,5.0,-5.0,2.75,-5.0,1,要注意(取引数不足),93.0
ema_cross(EMA5/20),ema_cross,5,10,16時台,全曜日,順方向のみ,ATR低,5,20,44,61.4,-35.0,5.0,-10.0,0.794,-50.0,3,13,84.6,35.0,5.0,-10.0,2.75,-10.0,1,要注意(取引数不足),92.8
ema_cross(EMA5/20),ema_cross,5,10,ロンドン(16-21),全曜日,レンジのみ,ATR低,5,20,94,58.5,-115.0,5.0,-10.0,0.705,-170.0,4,49,83.7,125.0,5.0,-10.0,2.562,-15.0,1,要注意(取引数不足),92.5
ema_cross(EMA5/20),ema_cross,5,15,東京(9-15),金,順方向のみ,ATR低,5,20,68,76.5,29.7,5.0,-14.39,1.129,-80.0,4,27,88.9,75.0,5.0,-15.0,2.667,-15.0,1,要注意(取引数不足),92.5
ema_cross(EMA5/20),ema_cross,5,8,16時台,月,なし,ATR低,5,20,31,54.8,-27.0,5.0,-8.0,0.759,-60.0,4,11,81.8,29.0,5.0,-8.0,2.812,-16.0,2,要注意(取引数不足),92.4
ema_cross(EMA5/20),ema_cross,5,12,NY(21-24),水,上昇のみ,ATR高,5,20,42,50.0,-144.1,5.0,-11.86,0.422,-154.1,4,15,86.7,41.0,5.0,-12.0,2.708,-19.0,1,要注意(取引数不足),91.8
ema_cross(EMA5/20),ema_cross,5,10,ロンドン(16-21),水,レンジのみ,直近30分変動大,5,20,60,71.7,45.0,5.0,-10.0,1.265,-50.0,4,37,83.8,95.0,5.0,-10.0,2.583,-15.0,1,要注意(取引数不足),91.5
ema_cross(EMA5/20),ema_cross,5,10,16時台,全曜日,レンジのみ,ATR低,5,20,30,60.0,-30.0,5.0,-10.0,0.75,-50.0,3,19,84.2,50.0,5.0,-10.0,2.667,-15.0,1,要注意(取引数不足),91.3
ema_cross(EMA5/20),ema_cross,5,15,9時台,全曜日,レンジのみ,ATR高,5,20,53,83.0,85.0,5.0,-15.0,1.63,-30.0,2,18,88.9,50.0,5.0,-15.0,2.667,-15.0,1,要注意(取引数不足),91.3
ema_cross(EMA5/20),ema_cross,5,15,9時台,木,上昇のみ,なし,5,20,44,79.5,40.0,5.0,-15.0,1.296,-60.0,3,18,88.9,50.0,5.0,-15.0,2.667,-15.0,1,要注意(取引数不足),91.3
ema_cross(EMA5/20),ema_cross,5,5,9時台,月,レンジのみ,なし,5,20,63,54.0,25.0,5.0,-5.0,1.172,-20.0,4,11,72.7,25.0,5.0,-5.0,2.667,-5.0,1,要注意(取引数不足),90.4
ema_cross(EMA5/20),ema_cross,5,15,ロンドン(16-21),月,下降のみ,ATR低,5,20,20,75.0,0.0,5.0,-15.0,1.0,-55.0,3,9,88.9,25.0,5.0,-15.0,2.667,-15.0,1,要注意(取引数不足),90.1
ema_cross(EMA5/20),ema_cross,5,15,ロンドン(16-21),木,レンジのみ,ATR低,5,20,20,60.0,-42.6,5.0,-12.82,0.585,-65.0,4,9,88.9,25.0,5.0,-15.0,2.667,-15.0,1,要注意(取引数不足),90.1
ema_cross(EMA5/20),ema_cross,5,15,東京(9-15),火,上昇のみ,ATR高,5,20,40,70.0,-40.0,5.0,-15.0,0.778,-125.0,5,18,88.9,50.0,5.0,-15.0,2.667,-30.0,2,要注意(取引数不足),89.5
ema_cross(EMA5/20),ema_cross,5,12,東京(9-15),金,順方向のみ,ATR低,5,20,68,75.0,51.0,5.0,-12.0,1.25,-60.0,4,28,85.7,72.0,5.0,-12.0,2.5,-12.0,1,要注意(取引数不足),88.3
ema_cross(EMA5/20),ema_cross,5,12,ロンドン(16-21),月,上昇のみ,ATR高,5,20,51,52.9,-147.8,5.0,-11.78,0.477,-156.0,4,21,85.7,54.0,5.0,-12.0,2.5,-12.0,1,要注意(取引数不足),87.4
ema_cross(EMA5/20),ema_cross,5,10,9時台,全曜日,レンジのみ,ATR高,5,20,55,72.7,50.0,5.0,-10.0,1.333,-20.0,3,18,83.3,45.0,5.0,-10.0,2.5,-10.0,1,要注意(取引数不足),87.0
ema_cross(EMA5/20),ema_cross,5,10,ロンドン(16-21),金,なし,ATR低,5,20,74,52.7,-133.8,5.0,-9.39,0.593,-145.9,4,35,82.9,85.0,5.0,-10.0,2.417,-15.0,1,要注意(取引数不足),86.9
ema_cross(EMA5/20),ema_cross,5,8,ロンドン(16-21),月,順方向のみ,ATR低,5,20,48,60.4,-7.0,5.0,-8.0,0.954,-43.0,2,15,80.0,36.0,5.0,-8.0,2.5,-8.0,1,要注意(取引数不足),86.7
ema_cross(EMA5/20),ema_cross,5,5,16時台,金,順方向のみ,なし,5,20,52,46.2,-20.0,5.0,-5.0,0.857,-45.0,7,14,71.4,30.0,5.0,-5.0,2.5,-5.0,1,要注意(取引数不足),86.5
ema_cross(EMA5/20),ema_cross,5,12,ロンドン(16-21),月,順方向のみ,ATR低,5,20,44,63.6,-42.7,5.0,-11.42,0.766,-61.5,3,14,85.7,36.0,5.0,-12.0,2.5,-12.0,1,要注意(取引数不足),86.5
ema_cross(EMA5/20),ema_cross,5,12,22時台,月,なし,ATR低,5,20,13,38.5,-38.5,3.78,-7.17,0.329,-41.1,3,8,87.5,18.4,4.34,-12.0,2.533,-12.0,1,要注意(取引数不足),86.5
ema_cross(EMA5/20),ema_cross,5,12,16時台,水,下降のみ,ATR高,5,20,17,70.6,0.0,5.0,-12.0,1.0,-26.0,1,14,85.7,36.0,5.0,-12.0,2.5,-19.0,1,要注意(取引数不足),86.4
ema_cross(EMA5/20),ema_cross,5,8,16時台,水,レンジのみ,なし,5,20,42,52.4,-50.0,5.0,-8.0,0.688,-75.0,4,10,80.0,24.0,5.0,-8.0,2.5,-11.0,1,要注意(取引数不足),86.0
ema_cross(EMA5/20),ema_cross,5,12,16時台,木,レンジのみ,直近30分変動大,5,20,19,63.2,-24.0,5.0,-12.0,0.714,-57.0,3,7,85.7,18.0,5.0,-12.0,2.5,0.0,1,要注意(取引数不足),85.9
ema_cross(EMA5/20),ema_cross,5,12,21時台,木,上昇のみ,ATR高,5,20,32,71.9,7.0,5.0,-12.0,1.065,-71.0,5,7,85.7,18.0,5.0,-12.0,2.5,0.0,1,要注意(取引数不足),85.9
ema_cross(EMA5/20),ema_cross,5,5,9時台,金,上昇のみ,ATR低,5,20,29,51.7,5.0,5.0,-5.0,1.071,-30.0,4,7,71.4,15.0,5.0,-5.0,2.5,-5.0,1,要注意(取引数不足),85.7
ema_cross(EMA5/20),ema_cross,5,5,16時台,月,上昇のみ,ATR高,5,20,11,45.5,-5.0,5.0,-5.0,0.833,-20.0,4,7,71.4,15.0,5.0,-5.0,2.5,-5.0,1,要注意(取引数不足),85.7
ema_cross(EMA5/20),ema_cross,5,8,ロンドン(16-21),火,下降のみ,ATR低,5,20,21,47.6,-38.0,5.0,-8.0,0.568,-57.0,4,5,80.0,12.0,5.0,-8.0,2.5,-8.0,1,要注意(取引数不足),85.5
ema_cross(EMA5/20),ema_cross,5,8,ロンドン(16-21),水,レンジのみ,ATR低,5,20,19,63.2,4.0,5.0,-8.0,1.071,-16.0,2,5,80.0,12.0,5.0,-8.0,2.5,-8.0,1,要注意(取引数不足),85.5
ema_cross(EMA5/20),ema_cross,5,8,NY(21-24),木,下降のみ,ATR高,5,20,75,60.0,-15.0,5.0,-8.0,0.938,-39.0,3,5,80.0,12.0,5.0,-8.0,2.5,-8.0,1,要注意(取引数不足),85.5
ema_cross(EMA5/20),ema_cross,5,8,10時台,月,下降のみ,なし,5,20,27,59.3,-8.0,5.0,-8.0,0.909,-38.0,2,5,80.0,12.0,5.0,-8.0,2.5,-8.0,1,要注意(取引数不足),85.5
ema_cross(EMA5/20),ema_cross,5,8,10時台,金,上昇のみ,ATR高,5,20,18,55.6,-14.0,5.0,-8.0,0.781,-30.0,3,5,80.0,12.0,5.0,-8.0,2.5,-8.0,1,要注意(取引数不足),85.5
ema_cross(EMA5/20),ema_cross,5,8,16時台,木,レンジのみ,ATR高,5,20,13,53.8,-13.0,5.0,-8.0,0.729,-25.0,2,5,80.0,12.0,5.0,-8.0,2.5,-8.0,1,要注意(取引数不足),85.5
ema_cross(EMA5/20),ema_cross,5,8,21時台,火,レンジのみ,ATR高,5,20,12,75.0,21.0,5.0,-8.0,1.875,-8.0,2,5,80.0,12.0,5.0,-8.0,2.5,-8.0,1,要注意(取引数不足),85.5
ema_cross(EMA5/20),ema_cross,5,8,21時台,水,上昇のみ,ATR高,5,20,16,31.2,-63.0,5.0,-8.0,0.284,-60.0,5,5,80.0,12.0,5.0,-8.0,2.5,-8.0,1,要注意(取引数不足),85.5
ema_cross(EMA5/20),ema_cross,5,10,ロンドン(16-21),金,レンジのみ,ATR低,5,20,13,46.2,-40.0,5.0,-10.0,0.429,-60.0,4,6,83.3,15.0,5.0,-10.0,2.5,-10.0,1,要注意(取引数不足),85.5
ema_cross(EMA5/20),ema_cross,5,10,10時台,水,レンジのみ,ATR高,5,20,20,70.0,10.0,5.0,-10.0,1.167,-30.0,2,6,83.3,15.0,5.0,-10.0,2.5,-10.0,1,要注意(取引数不足),85.5
ema_cross(EMA5/20),ema_cross,5,10,16時台,月,レンジのみ,ATR高,5,20,20,60.0,-20.0,5.0,-10.0,0.75,-55.0,3,6,83.3,15.0,5.0,-10.0,2.5,-10.0,1,要注意(取引数不足),85.5
ema_cross(EMA5/20),ema_cross,5,10,16時台,金,なし,ATR低,5,20,20,40.0,-72.9,5.0,-9.41,0.354,-70.0,2,6,83.3,15.0,5.0,-10.0,2.5,-10.0,1,要注意(取引数不足),85.5
ema_cross(EMA5/20),ema_cross,5,10,ロンドン(16-21),水,レンジのみ,なし,5,20,126,66.7,0.0,5.0,-10.0,1.0,-90.0,4,56,82.1,130.0,5.0,-10.0,2.3,-25.0,2,要注意(取引数不足),84.7
ema_cross(EMA5/20),ema_cross,5,5,10時台,木,レンジのみ,なし,5,20,44,56.8,30.0,5.0,-5.0,1.316,-25.0,4,17,70.6,35.0,5.0,-5.0,2.4,-5.0,1,要注意(取引数不足),84.3
ema_cross(EMA5/20),ema_cross,5,5,16時台,全曜日,レンジのみ,ATR低,5,20,34,47.1,-10.0,5.0,-5.0,0.889,-30.0,6,21,71.4,45.0,5.0,-5.0,2.5,-15.0,3,要注意(取引数不足),84.1
ema_cross(EMA5/20),ema_cross,5,15,ロンドン(16-21),水,レンジのみ,なし,5,20,112,74.1,-12.0,5.0,-14.72,0.972,-85.0,3,55,87.3,135.0,5.0,-15.0,2.286,-40.0,2,要注意(取引数不足),84.1
ema_cross(EMA5/20),ema_cross,5,15,東京(9-15),金,レンジのみ,直近30分変動大,5,20,112,72.3,-60.0,5.0,-15.0,0.871,-105.0,3,40,87.5,100.0,5.0,-15.0,2.333,-40.0,2,要注意(取引数不足),83.5
ema_cross(EMA5/20),ema_cross,5,15,東京(9-15),金,順方向のみ,直近30分変動大,5,20,50,80.0,50.0,5.0,-15.0,1.333,-35.0,2,24,87.5,60.0,5.0,-15.0,2.333,-25.0,1,要注意(取引数不足),83.3
ema_cross(EMA5/20),ema_cross,5,8,16時台,全曜日,レンジのみ,ATR低,5,20,33,51.5,-43.0,5.0,-8.0,0.664,-69.0,6,19,78.9,43.0,5.0,-8.0,2.344,-11.0,1,要注意(取引数不足),83.1
ema_cross(EMA5/20),ema_cross,5,10,東京(9-15),金,順方向のみ,ATR低,5,20,70,68.6,20.0,5.0,-10.0,1.091,-65.0,4,28,82.1,65.0,5.0,-10.0,2.3,-15.0,1,要注意(取引数不足),83.0
ema_cross(EMA5/20),ema_cross,5,10,東京(9-15),金,レンジのみ,ATR高,5,20,68,69.1,25.0,5.0,-10.0,1.119,-60.0,3,17,82.4,40.0,5.0,-10.0,2.333,-15.0,1,要注意(取引数不足),82.6
ema_cross(EMA5/20),ema_cross,5,8,NY(21-24),金,下降のみ,ATR低,5,20,7,57.1,1.7,5.0,-6.1,1.093,-16.0,2,3,66.7,5.8,5.0,-4.2,2.381,0.0,1,要注意(取引数不足),82.3
ema_cross(EMA5/20),ema_cross,5,10,NY(21-24),金,下降のみ,ATR低,5,20,6,50.0,-7.3,5.0,-7.43,0.673,-20.0,2,3,66.7,5.8,5.0,-4.2,2.381,0.0,1,要注意(取引数不足),82.3
ema_cross(EMA5/20),ema_cross,5,12,NY(21-24),金,下降のみ,ATR低,5,20,6,50.0,-11.3,5.0,-8.77,0.57,-24.0,2,3,66.7,5.8,5.0,-4.2,2.381,0.0,1,要注意(取引数不足),82.3
ema_cross(EMA5/20),ema_cross,5,15,東京(9-15),金,レンジのみ,ATR高,5,20,61,77.0,25.0,5.0,-15.0,1.119,-75.0,3,16,87.5,40.0,5.0,-15.0,2.333,-25.0,1,要注意(取引数不足),82.3
ema_cross(EMA5/20),ema_cross,5,15,NY(21-24),金,下降のみ,ATR低,5,20,6,50.0,-17.3,5.0,-10.77,0.464,-30.0,2,3,66.7,5.8,5.0,-4.2,2.381,0.0,1,要注意(取引数不足),82.3
ema_cross(EMA5/20),ema_cross,5,15,ロンドン(16-21),全曜日,下降のみ,ATR低,5,20,84,76.2,15.8,4.93,-15.0,1.053,-70.0,2,31,87.1,75.0,5.0,-15.0,2.25,-20.0,1,要注意(取引数不足),82.1
ema_cross(EMA5/20),ema_cross,5,15,9時台,火,レンジのみ,ATR低,5,20,30,73.3,-10.0,5.0,-15.0,0.917,-25.0,2,8,87.5,20.0,5.0,-15.0,2.333,0.0,1,要注意(取引数不足),81.8
ema_cross(EMA5/20),ema_cross,5,15,10時台,火,下降のみ,なし,5,20,26,73.1,-10.0,5.0,-15.0,0.905,-40.0,2,8,87.5,20.0,5.0,-15.0,2.333,-15.0,1,要注意(取引数不足),81.5
ema_cross(EMA5/20),ema_cross,5,15,10時台,水,レンジのみ,直近30分変動大,5,20,22,68.2,-30.0,5.0,-15.0,0.714,-50.0,2,8,87.5,20.0,5.0,-15.0,2.333,-15.0,1,要注意(取引数不足),81.5
ema_cross(EMA5/20),ema_cross,5,12,ロンドン(16-21),水,レンジのみ,なし,5,20,119,68.1,-51.0,5.0,-12.0,0.888,-113.0,3,56,83.9,127.0,5.0,-12.0,2.176,-31.0,2,要注意(取引数不足),81.4
ema_cross(EMA5/20),ema_cross,5,8,21時台,火,レンジのみ,なし,5,20,44,65.9,25.0,5.0,-8.0,1.208,-32.0,4,14,78.6,31.0,5.0,-8.0,2.292,-11.0,1,要注意(取引数不足),81.2
ema_cross(EMA5/20),ema_cross,5,10,NY(21-24),水,上昇のみ,ATR低,5,20,13,61.5,11.7,5.0,-5.66,1.413,-15.8,2,15,80.0,33.7,5.0,-8.77,2.281,-11.3,1,要注意(取引数不足),81.1
ema_cross(EMA5/20),ema_cross,5,12,10時台,木,順方向のみ,なし,5,20,29,55.2,-76.0,5.0,-12.0,0.513,-87.0,4,13,84.6,31.0,5.0,-12.0,2.292,-12.0,1,要注意(取引数不足),81.1
ema_cross(EMA5/20),ema_cross,5,12,16時台,全曜日,順方向のみ,ATR低,5,20,44,70.5,10.1,5.0,-11.15,1.07,-46.5,2,13,84.6,31.0,5.0,-12.0,2.292,-14.0,1,要注意(取引数不足),81.1
ema_cross(EMA5/20),ema_cross,5,12,ロンドン(16-21),火,レンジのみ,ATR低,5,20,20,60.0,-36.0,5.0,-12.0,0.625,-71.0,4,13,84.6,31.0,5.0,-12.0,2.292,-19.0,1,要注意(取引数不足),81.0
ema_cross(EMA5/20),ema_cross,5,12,ロンドン(16-21),水,レンジのみ,直近30分変動大,5,20,60,73.3,28.0,5.0,-12.0,1.146,-61.0,3,37,83.8,83.0,5.0,-12.0,2.153,-19.0,1,要注意(取引数不足),80.3
ema_cross(EMA5/20),ema_cross,5,5,10時台,木,レンジのみ,直近30分変動大,5,20,20,55.0,10.0,5.0,-5.0,1.222,-20.0,4,10,70.0,20.0,5.0,-5.0,2.333,-10.0,2,要注意(取引数不足),80.2
ema_cross(EMA5/20),ema_cross,5,12,10時台,月,なし,直近30分変動大,5,20,56,69.6,-9.0,5.0,-12.0,0.956,-93.0,4,19,84.2,44.0,5.0,-12.0,2.222,-12.0,1,要注意(取引数不足),80.1
ema_cross(EMA5/20),ema_cross,5,12,10時台,月,レンジのみ,直近30分変動大,5,20,15,86.7,41.0,5.0,-12.0,2.708,-12.0,1,7,85.7,18.0,5.0,-12.0,2.5,-12.0,1,要注意(取引数不足),80.1
ema_cross(EMA5/20),ema_cross,5,12,9時台,火,レンジのみ,なし,5,20,66,69.7,-10.0,5.0,-12.0,0.958,-69.0,3,19,84.2,44.0,5.0,-12.0,2.222,-19.0,1,要注意(取引数不足),79.9
ema_cross(EMA5/20),ema_cross,5,10,9時台,月,レンジのみ,なし,5,20,57,71.9,45.0,5.0,-10.0,1.281,-35.0,3,11,81.8,25.0,5.0,-10.0,2.25,-10.0,1,要注意(取引数不足),79.8
ema_cross(EMA5/20),ema_cross,5,10,21時台,水,上昇のみ,ATR低,5,20,11,63.6,8.8,5.0,-6.55,1.336,-15.8,2,11,81.8,25.0,5.0,-10.0,2.25,-10.0,1,要注意(取引数不足),79.8
ema_cross(EMA5/20),ema_cross,5,10,22時台,月,下降のみ,直近30分変動大,5,20,21,66.7,0.0,5.0,-10.0,1.0,-35.0,3,11,81.8,25.0,5.0,-10.0,2.25,-10.0,1,要注意(取引数不足),79.8
ema_cross(EMA5/20),ema_cross,5,10,22時台,木,上昇のみ,直近30分変動大,5,20,34,61.8,-25.0,5.0,-10.0,0.808,-60.0,3,11,81.8,25.0,5.0,-10.0,2.25,-10.0,1,要注意(取引数不足),79.8
ema_cross(EMA5/20),ema_cross,5,8,ロンドン(16-21),木,順方向のみ,ATR低,5,20,14,64.3,5.0,5.0,-8.0,1.125,-16.0,2,14,78.6,31.0,5.0,-8.0,2.292,-16.0,2,要注意(取引数不足),79.6
ema_cross(EMA5/20),ema_cross,5,8,16時台,木,レンジのみ,なし,5,20,42,69.0,41.0,5.0,-8.0,1.394,-34.0,3,14,78.6,31.0,5.0,-8.0,2.292,-16.0,2,要注意(取引数不足),79.6
ema_cross(EMA5/20),ema_cross,5,15,ロンドン(16-21),月,順方向のみ,ATR低,5,20,43,69.8,-29.7,5.0,-13.82,0.835,-75.0,3,14,85.7,32.9,5.0,-13.55,2.214,-15.0,1,要注意(取引数不足),79.2
ema_cross(EMA5/20),ema_cross,5,15,東京(9-15),月,レンジのみ,直近30分変動大,5,20,79,78.5,55.0,5.0,-15.0,1.216,-60.0,4,31,87.1,75.0,5.0,-15.0,2.25,-45.0,3,要注意(取引数不足),78.6
ema_cross(EMA5/20),ema_cross,5,8,ロンドン(16-21),水,レンジのみ,なし,5,20,136,60.3,-22.0,5.0,-8.0,0.949,-90.0,5,56,76.8,111.0,5.0,-8.0,2.067,-19.0,2,要注意(取引数不足),78.4
ema_cross(EMA5/20),ema_cross,5,10,16時台,月,なし,ATR低,5,20,29,65.5,-5.0,5.0,-10.0,0.95,-30.0,2,11,81.8,25.0,5.0,-10.0,2.25,-20.0,2,要注意(取引数不足),78.1
ema_cross(EMA5/20),ema_cross,5,8,16時台,水,レンジのみ,直近30分変動大,5,20,25,44.0,-57.0,5.0,-8.0,0.491,-79.0,6,9,77.8,19.0,5.0,-8.0,2.188,-11.0,1,要注意(取引数不足),78.0
ema_cross(EMA5/20),ema_cross,5,15,NY(21-24),水,上昇のみ,ATR高,5,20,39,51.3,-179.1,5.0,-14.69,0.358,-189.1,4,15,86.7,35.0,5.0,-15.0,2.167,-25.0,1,要注意(取引数不足),78.0
ema_cross(EMA5/20),ema_cross,5,12,東京(9-15),月,レンジのみ,直近30分変動大,5,20,82,69.5,-15.0,5.0,-12.0,0.95,-74.0,4,31,83.9,70.0,5.0,-12.0,2.167,-36.0,3,要注意(取引数不足),76.6
ema_cross(EMA5/20),ema_cross,5,10,ロンドン(16-21),月,上昇のみ,ATR高,5,20,53,52.8,-106.8,5.0,-9.87,0.567,-115.0,3,21,81.0,45.0,5.0,-10.0,2.125,-20.0,2,要注意(取引数不足),76.1
ema_cross(EMA5/20),ema_cross,5,8,10時台,木,順方向のみ,なし,5,20,30,50.0,-45.0,5.0,-8.0,0.625,-55.0,5,13,76.9,26.0,5.0,-8.0,2.083,-11.0,1,要注意(取引数不足),75.8
ema_cross(EMA5/20),ema_cross,5,12,10時台,木,上昇のみ,なし,5,20,39,76.9,42.0,5.0,-12.0,1.389,-37.0,3,12,83.3,26.0,5.0,-12.0,2.083,-19.0,1,要注意(取引数不足),75.6
ema_cross(EMA5/20),ema_cross,5,12,16時台,月,レンジのみ,直近30分変動大,5,20,29,58.6,-59.0,5.0,-12.0,0.59,-74.0,2,12,83.3,26.0,5.0,-12.0,2.083,-19.0,1,要注意(取引数不足),75.6
ema_cross(EMA5/20),ema_cross,5,8,ロンドン(16-21),全曜日,レンジのみ,ATR低,5,20,100,55.0,-85.0,5.0,-8.0,0.764,-158.0,4,50,76.0,94.0,5.0,-8.0,1.979,-16.0,2,要注意(取引数不足),75.5
ema_cross(EMA5/20),ema_cross,5,12,東京(9-15),月,レンジのみ,なし,5,20,170,76.5,170.0,5.0,-12.0,1.354,-78.0,3,54,83.3,117.0,5.0,-12.0,2.083,-48.0,4,要注意(取引数不足),75.3
ema_cross(EMA5/20),ema_cross,5,12,ロンドン(16-21),金,レンジのみ,ATR低,5,20,13,46.2,-54.0,5.0,-12.0,0.357,-74.0,4,6,83.3,13.0,5.0,-12.0,2.083,-12.0,1,要注意(取引数不足),75.0
ema_cross(EMA5/20),ema_cross,5,12,NY(21-24),水,上昇のみ,なし,5,20,103,64.1,-74.2,5.0,-10.92,0.816,-79.2,3,48,81.2,92.7,5.0,-11.37,1.906,-19.0,1,要注意(取引数不足),75.0
ema_cross(EMA5/20),ema_cross,5,12,10時台,水,レンジのみ,ATR高,5,20,20,70.0,-2.0,5.0,-12.0,0.972,-38.0,2,6,83.3,13.0,5.0,-12.0,2.083,-12.0,1,要注意(取引数不足),75.0
ema_cross(EMA5/20),ema_cross,5,12,16時台,火,順方向のみ,直近30分変動大,5,20,19,57.9,-41.0,5.0,-12.0,0.573,-66.0,2,6,83.3,13.0,5.0,-12.0,2.083,-12.0,1,要注意(取引数不足),75.0
ema_cross(EMA5/20),ema_cross,5,12,16時台,金,なし,ATR低,5,20,20,50.0,-60.9,5.0,-11.09,0.451,-62.0,2,6,83.3,13.0,5.0,-12.0,2.083,-12.0,1,要注意(取引数不足),75.0
ema_cross(EMA5/20),ema_cross,5,12,22時台,金,順方向のみ,直近30分変動大,5,20,30,60.0,-54.0,5.0,-12.0,0.625,-47.0,2,6,83.3,13.0,5.0,-12.0,2.083,-12.0,1,要注意(取引数不足),75.0
ema_cross(EMA5/20),ema_cross,5,8,東京(9-15),金,レンジのみ,ATR高,5,20,70,65.7,38.0,5.0,-8.0,1.198,-47.0,3,17,76.5,33.0,5.0,-8.0,2.031,-11.0,1,要注意(取引数不足),74.9
ema_cross(EMA5/20),ema_cross,5,5,22時台,全曜日,順方向のみ,ATR低,5,20,21,66.7,37.0,4.83,-4.37,2.209,-10.6,3,13,69.2,25.0,5.0,-5.0,2.25,-10.0,2,要注意(取引数不足),74.8
ema_cross(EMA5/20),ema_cross,5,10,東京(9-15),水,レンジのみ,ATR高,5,20,54,61.1,-45.0,5.0,-10.0,0.786,-55.0,3,15,80.0,30.0,5.0,-10.0,2.0,-15.0,1,要注意(取引数不足),73.9
ema_cross(EMA5/20),ema_cross,5,15,東京(9-15),水,レンジのみ,ATR高,5,20,50,68.0,-70.0,5.0,-15.0,0.708,-105.0,3,14,85.7,30.0,5.0,-15.0,2.0,-15.0,1,要注意(取引数不足),73.8
ema_cross(EMA5/20),ema_cross,5,15,ロンドン(16-21),火,レンジのみ,ATR高,5,20,48,75.0,9.3,5.0,-14.22,1.054,-40.7,4,14,85.7,30.0,5.0,-15.0,2.0,-25.0,1,要注意(取引数不足),73.6
ema_cross(EMA5/20),ema_cross,5,8,ロンドン(16-21),月,なし,ATR低,5,20,98,59.2,-30.0,5.0,-8.0,0.906,-73.0,5,42,76.2,80.0,5.0,-8.0,2.0,-24.0,3,要注意(取引数不足),73.5
ema_cross(EMA5/20),ema_cross,5,8,22時台,全曜日,順方向のみ,ATR低,5,20,21,66.7,29.7,4.83,-5.41,1.784,-16.6,3,13,76.9,26.0,5.0,-8.0,2.083,-16.0,2,要注意(取引数不足),73.5
ema_cross(EMA5/20),ema_cross,5,10,10時台,木,レンジのみ,直近30分変動大,5,20,20,65.0,-5.0,5.0,-10.0,0.929,-20.0,1,10,80.0,20.0,5.0,-10.0,2.0,-10.0,1,要注意(取引数不足),73.4
ema_cross(EMA5/20),ema_cross,5,8,10時台,木,なし,ATR高,5,20,52,67.3,39.0,5.0,-8.0,1.287,-27.0,3,17,76.5,33.0,5.0,-8.0,2.031,-16.0,2,要注意(取引数不足),73.3
ema_cross(EMA5/20),ema_cross,5,10,16時台,水,レンジのみ,なし,5,20,40,62.5,-25.0,5.0,-10.0,0.833,-45.0,3,10,80.0,20.0,5.0,-10.0,2.0,-15.0,1,要注意(取引数不足),73.3
ema_cross(EMA5/20),ema_cross,5,5,9時台,火,順方向のみ,ATR低,5,20,20,55.0,10.0,5.0,-5.0,1.222,-20.0,4,6,66.7,10.0,5.0,-5.0,2.0,-5.0,1,要注意(取引数不足),73.0
ema_cross(EMA5/20),ema_cross,5,5,10時台,木,上昇のみ,直近30分変動大,5,20,20,35.0,-30.0,5.0,-5.0,0.538,-40.0,6,6,66.7,10.0,5.0,-5.0,2.0,-5.0,1,要注意(取引数不足),73.0
ema_cross(EMA5/20),ema_cross,5,5,16時台,水,順方向のみ,ATR低,5,20,8,25.0,-20.0,5.0,-5.0,0.333,-20.0,4,6,66.7,10.0,5.0,-5.0,2.0,-5.0,1,要注意(取引数不足),73.0
ema_cross(EMA5/20),ema_cross,5,15,9時台,木,上昇のみ,ATR低,5,20,19,73.7,-5.0,5.0,-15.0,0.933,-25.0,2,7,85.7,15.0,5.0,-15.0,2.0,-15.0,1,要注意(取引数不足),73.0
ema_cross(EMA5/20),ema_cross,5,5,東京(9-15),月,レンジのみ,ATR高,5,20,59,52.5,15.0,5.0,-5.0,1.107,-45.0,5,21,66.7,35.0,5.0,-5.0,2.0,-10.0,2,要注意(取引数不足),72.9
ema_cross(EMA5/20),ema_cross,5,5,22時台,全曜日,上昇のみ,ATR低,5,20,34,52.9,20.6,5.0,-4.34,1.297,-22.1,4,21,66.7,35.0,5.0,-5.0,2.0,-10.0,2,要注意(取引数不足),72.9
ema_cross(EMA5/20),ema_cross,5,8,9時台,木,上昇のみ,ATR高,5,20,8,87.5,27.0,5.0,-8.0,4.375,-8.0,1,5,80.0,12.0,5.0,-8.0,2.5,-8.0,1,要注意(取引数不足),72.9
ema_cross(EMA5/20),ema_cross,5,5,NY(21-24),金,下降のみ,ATR低,5,20,8,25.0,-17.3,5.0,-4.55,0.366,-15.0,3,3,66.7,5.0,5.0,-5.0,2.0,0.0,1,要注意(取引数不足),72.8
ema_cross(EMA5/20),ema_cross,5,5,16時台,金,レンジのみ,ATR高,5,20,16,56.2,10.0,5.0,-5.0,1.286,-5.0,1,3,66.7,5.0,5.0,-5.0,2.0,0.0,1,要注意(取引数不足),72.8
ema_cross(EMA5/20),ema_cross,5,5,21時台,火,下降のみ,ATR高,5,20,24,54.2,10.0,5.0,-5.0,1.182,-25.0,5,3,66.7,5.0,5.0,-5.0,2.0,0.0,1,要注意(取引数不足),72.8
ema_cross(EMA5/20),ema_cross,5,5,22時台,木,順方向のみ,直近30分変動大,5,20,26,46.2,-10.0,5.0,-5.0,0.857,-25.0,3,3,66.7,5.0,5.0,-5.0,2.0,0.0,1,要注意(取引数不足),72.8
ema_cross(EMA5/20),ema_cross,5,10,ロンドン(16-21),火,下降のみ,ATR低,5,20,19,57.9,-25.0,5.0,-10.0,0.688,-40.0,3,5,80.0,10.0,5.0,-10.0,2.0,-10.0,1,要注意(取引数不足),72.8
ema_cross(EMA5/20),ema_cross,5,10,NY(21-24),月,レンジのみ,ATR高,5,20,25,52.0,-47.4,5.0,-9.37,0.578,-60.0,3,5,80.0,10.0,5.0,-10.0,2.0,-10.0,1,要注意(取引数不足),72.8
ema_cross(EMA5/20),ema_cross,5,10,NY(21-24),木,下降のみ,ATR高,5,20,73,63.0,-31.0,5.0,-9.67,0.881,-40.0,5,5,80.0,10.0,5.0,-10.0,2.0,-10.0,1,要注意(取引数不足),72.8
ema_cross(EMA5/20),ema_cross,5,10,10時台,月,下降のみ,なし,5,20,27,63.0,-15.0,5.0,-10.0,0.85,-50.0,2,5,80.0,10.0,5.0,-10.0,2.0,-10.0,1,要注意(取引数不足),72.8
ema_cross(EMA5/20),ema_cross,5,10,10時台,金,上昇のみ,ATR高,5,20,18,61.1,-15.0,5.0,-10.0,0.786,-40.0,3,5,80.0,10.0,5.0,-10.0,2.0,-10.0,1,要注意(取引数不足),72.8
ema_cross(EMA5/20),ema_cross,5,10,16時台,火,下降のみ,ATR高,5,20,18,55.6,-30.0,5.0,-10.0,0.625,-55.0,3,5,80.0,10.0,5.0,-10.0,2.0,-10.0,1,要注意(取引数不足),72.8
ema_cross(EMA5/20),ema_cross,5,10,16時台,木,レンジのみ,ATR高,5,20,13,53.8,-25.0,5.0,-10.0,0.583,-35.0,2,5,80.0,10.0,5.0,-10.0,2.0,-10.0,1,要注意(取引数不足),72.8
ema_cross(EMA5/20),ema_cross,5,10,21時台,月,下降のみ,ATR高,5,20,32,50.0,-80.0,5.0,-10.0,0.5,-95.0,4,5,80.0,10.0,5.0,-10.0,2.0,-10.0,1,要注意(取引数不足),72.8
ema_cross(EMA5/20),ema_cross,5,10,21時台,火,レンジのみ,ATR高,5,20,12,75.0,15.0,5.0,-10.0,1.5,-10.0,2,5,80.0,10.0,5.0,-10.0,2.0,-10.0,1,要注意(取引数不足),72.8
ema_cross(EMA5/20),ema_cross,5,10,21時台,水,上昇のみ,ATR高,5,20,16,37.5,-70.0,5.0,-10.0,0.3,-65.0,4,5,80.0,10.0,5.0,-10.0,2.0,-10.0,1,要注意(取引数不足),72.8
ema_cross(EMA5/20),ema_cross,5,5,9時台,月,順方向のみ,ATR低,5,20,5,0.0,-25.0,0.0,-5.0,0.0,-20.0,5,3,66.7,5.0,5.0,-5.0,2.0,-5.0,1,要注意(取引数不足),72.7
ema_cross(EMA5/20),ema_cross,5,5,10時台,全曜日,下降のみ,ATR低,5,20,22,40.9,-20.0,5.0,-5.0,0.692,-20.0,4,3,66.7,5.0,5.0,-5.0,2.0,-5.0,1,要注意(取引数不足),72.7
ema_cross(EMA5/20),ema_cross,5,5,16時台,木,上昇のみ,ATR低,5,20,8,62.5,10.0,5.0,-5.0,1.667,-5.0,1,3,66.7,5.0,5.0,-5.0,2.0,-5.0,1,要注意(取引数不足),72.7
ema_cross(EMA5/20),ema_cross,5,5,21時台,木,下降のみ,ATR高,5,20,41,41.5,-35.0,5.0,-5.0,0.708,-45.0,4,3,66.7,5.0,5.0,-5.0,2.0,-5.0,1,要注意(取引数不足),72.7
ema_cross(EMA5/20),ema_cross,5,5,ロンドン(16-21),水,順方向のみ,ATR低,5,20,41,56.1,29.9,5.0,-4.73,1.351,-10.1,3,15,66.7,25.0,5.0,-5.0,2.0,-10.0,2,要注意(取引数不足),72.3
ema_cross(EMA5/20),ema_cross,5,5,ロンドン(16-21),月,下降のみ,ATR低,5,20,26,46.2,-10.0,5.0,-5.0,0.857,-25.0,5,12,66.7,20.0,5.0,-5.0,2.0,-10.0,2,要注意(取引数不足),72.0
ema_cross(EMA5/20),ema_cross,5,15,ロンドン(16-21),月,上昇のみ,ATR高,5,20,46,60.9,-121.8,5.0,-14.54,0.535,-145.0,3,20,85.0,40.0,5.0,-15.0,1.889,-20.0,1,要注意(取引数不足),71.5
ema_cross(EMA5/20),ema_cross,5,5,10時台,全曜日,順方向のみ,ATR低,5,20,19,31.6,-35.0,5.0,-5.0,0.462,-45.0,6,6,66.7,10.0,5.0,-5.0,2.0,-10.0,2,要注意(取引数不足),71.4
ema_cross(EMA5/20),ema_cross,5,12,21時台,水,上昇のみ,なし,5,20,59,71.2,23.8,5.0,-10.95,1.128,-36.0,3,22,81.8,42.0,5.0,-12.0,1.875,-19.0,1,要注意(取引数不足),71.4
ema_cross(EMA5/20),ema_cross,5,5,東京(9-15),木,レンジのみ,ATR低,5,20,93,40.9,-85.0,5.0,-5.0,0.691,-90.0,5,21,66.7,35.0,5.0,-5.0,2.0,-20.0,3,要注意(取引数不足),71.2
ema_cross(EMA5/20),ema_cross,5,5,10時台,木,順方向のみ,ATR高,5,20,14,64.3,20.0,5.0,-5.0,1.8,-5.0,1,6,66.7,10.0,5.0,-5.0,2.0,-5.0,1,要注意(取引数不足),71.2
ema_cross(EMA5/20),ema_cross,5,12,10時台,木,なし,ATR高,5,20,50,74.0,29.0,5.0,-12.0,1.186,-37.0,2,17,82.4,34.0,5.0,-12.0,1.944,-24.0,2,要注意(取引数不足),71.0
ema_cross(EMA5/20),ema_cross,5,8,NY(21-24),月,下降のみ,ATR低,5,20,7,57.1,-0.4,5.0,-6.8,0.98,-11.0,1,5,80.0,7.4,3.85,-8.0,1.925,-8.0,1,要注意(取引数不足),70.9
ema_cross(EMA5/20),ema_cross,5,5,ロンドン(16-21),全曜日,レンジのみ,ATR低,5,20,111,50.5,5.0,5.0,-5.0,1.018,-65.0,6,57,64.9,85.0,5.0,-5.0,1.85,-15.0,3,要注意(取引数不足),70.8
ema_cross(EMA5/20),ema_cross,5,8,9時台,金,順方向のみ,なし,5,20,44,56.8,-27.0,5.0,-8.0,0.822,-58.0,3,16,75.0,28.0,5.0,-8.0,1.875,-11.0,1,要注意(取引数不足),70.8
ema_cross(EMA5/20),ema_cross,5,8,21時台,火,下降のみ,直近30分変動大,5,20,26,80.8,65.0,5.0,-8.0,2.625,-19.0,2,9,77.8,19.0,5.0,-8.0,2.188,-8.0,1,要注意(取引数不足),70.7
ema_cross(EMA5/20),ema_cross,5,8,22時台,月,なし,ATR低,5,20,14,28.6,-53.1,4.4,-7.07,0.249,-55.7,7,9,77.8,14.4,4.34,-8.0,1.9,-11.0,1,要注意(取引数不足),70.7
ema_cross(EMA5/20),ema_cross,5,12,ロンドン(16-21),月,なし,ATR低,5,20,84,67.9,-35.5,5.0,-11.87,0.889,-71.0,3,38,81.6,71.0,5.0,-12.0,1.845,-26.0,2,要注意(取引数不足),70.6
ema_cross(EMA5/20),ema_cross,5,8,10時台,木,上昇のみ,なし,5,20,44,61.4,-1.0,5.0,-8.0,0.993,-55.0,4,12,75.0,21.0,5.0,-8.0,1.875,-11.0,1,要注意(取引数不足),70.4
ema_cross(EMA5/20),ema_cross,5,8,16時台,月,レンジのみ,直近30分変動大,5,20,29,48.3,-50.0,5.0,-8.0,0.583,-54.0,3,12,75.0,21.0,5.0,-8.0,1.875,-11.0,1,要注意(取引数不足),70.4
ema_cross(EMA5/20),ema_cross,5,12,9時台,月,レンジのみ,なし,5,20,55,74.5,37.0,5.0,-12.0,1.22,-31.0,2,11,81.8,21.0,5.0,-12.0,1.875,-12.0,1,要注意(取引数不足),70.3
ema_cross(EMA5/20),ema_cross,5,12,22時台,月,下降のみ,直近30分変動大,5,20,21,71.4,3.0,5.0,-12.0,1.042,-43.0,3,11,81.8,21.0,5.0,-12.0,1.875,-12.0,1,要注意(取引数不足),70.3
ema_cross(EMA5/20),ema_cross,5,12,22時台,木,上昇のみ,直近30分変動大,5,20,34,67.6,-17.0,5.0,-12.0,0.871,-65.0,3,11,81.8,21.0,5.0,-12.0,1.875,-12.0,1,要注意(取引数不足),70.3
ema_cross(EMA5/20),ema_cross,5,12,9時台,火,レンジのみ,直近30分変動大,5,20,30,76.7,31.0,5.0,-12.0,1.369,-40.0,3,11,81.8,21.0,5.0,-12.0,1.875,-19.0,1,要注意(取引数不足),70.2
ema_cross(EMA5/20),ema_cross,5,8,NY(21-24),水,順方向のみ,ATR低,5,20,10,50.0,-7.8,5.0,-6.56,0.762,-11.8,2,8,75.0,14.0,5.0,-8.0,1.875,-8.0,1,要注意(取引数不足),70.0
ema_cross(EMA5/20),ema_cross,5,8,10時台,木,順方向のみ,直近30分変動大,5,20,8,50.0,-12.0,5.0,-8.0,0.625,-27.0,3,8,75.0,14.0,5.0,-8.0,1.875,-8.0,1,要注意(取引数不足),70.0
ema_cross(EMA5/20),ema_cross,5,8,22時台,月,レンジのみ,直近30分変動大,5,20,21,52.4,-25.0,5.0,-8.0,0.688,-41.0,3,8,75.0,14.0,5.0,-8.0,1.875,-8.0,1,要注意(取引数不足),70.0
ema_cross(EMA5/20),ema_cross,5,8,9時台,木,レンジのみ,ATR低,5,20,23,56.5,-15.0,5.0,-8.0,0.812,-25.0,2,4,75.0,7.0,5.0,-8.0,1.875,0.0,1,要注意(取引数不足),69.8
ema_cross(EMA5/20),ema_cross,5,8,22時台,月,上昇のみ,ATR高,5,20,12,50.0,-18.0,5.0,-8.0,0.625,-35.0,3,4,75.0,7.0,5.0,-8.0,1.875,0.0,1,要注意(取引数不足),69.8
ema_cross(EMA5/20),ema_cross,5,8,22時台,火,上昇のみ,ATR低,5,20,9,66.7,6.0,5.0,-8.0,1.25,-8.0,1,4,75.0,7.0,5.0,-8.0,1.875,0.0,1,要注意(取引数不足),69.8
ema_cross(EMA5/20),ema_cross,5,8,NY(21-24),月,レンジのみ,ATR低,5,20,10,60.0,4.3,5.0,-6.42,1.167,-8.0,2,4,75.0,7.0,5.0,-8.0,1.875,-8.0,1,要注意(取引数不足),69.6
ema_cross(EMA5/20),ema_cross,5,8,10時台,月,下降のみ,ATR高,5,20,19,57.9,-9.0,5.0,-8.0,0.859,-28.0,2,4,75.0,7.0,5.0,-8.0,1.875,-8.0,1,要注意(取引数不足),69.6
ema_cross(EMA5/20),ema_cross,5,8,22時台,月,レンジのみ,ATR高,5,20,19,47.4,-35.0,5.0,-8.0,0.562,-38.0,3,4,75.0,7.0,5.0,-8.0,1.875,-8.0,1,要注意(取引数不足),69.6
ema_cross(EMA5/20),ema_cross,5,10,22時台,木,上昇のみ,なし,5,20,60,68.3,15.0,5.0,-10.0,1.079,-75.0,2,14,78.6,25.0,5.0,-10.0,1.833,-10.0,1,要注意(取引数不足),69.6
ema_cross(EMA5/20),ema_cross,5,10,NY(21-24),月,下降のみ,直近30分変動大,5,20,46,60.9,-40.0,5.0,-10.0,0.778,-65.0,3,19,78.9,35.0,5.0,-10.0,1.875,-20.0,2,要注意(取引数不足),69.5
ema_cross(EMA5/20),ema_cross,5,10,16時台,金,順方向のみ,なし,5,20,51,66.7,0.0,5.0,-10.0,1.0,-50.0,4,14,78.6,25.0,5.0,-10.0,1.833,-15.0,1,要注意(取引数不足),69.5
ema_cross(EMA5/20),ema_cross,5,10,21時台,火,レンジのみ,なし,5,20,41,70.7,25.0,5.0,-10.0,1.208,-30.0,2,14,78.6,25.0,5.0,-10.0,1.833,-15.0,1,要注意(取引数不足),69.5
ema_cross(EMA5/20),ema_cross,5,15,9時台,木,なし,ATR低,5,20,56,69.6,-60.0,5.0,-15.0,0.765,-125.0,3,13,84.6,25.0,5.0,-15.0,1.833,-15.0,1,要注意(取引数不足),69.4
ema_cross(EMA5/20),ema_cross,5,5,22時台,火,上昇のみ,なし,5,20,79,27.8,-175.0,5.0,-5.0,0.386,-170.0,8,31,64.5,45.0,5.0,-5.0,1.818,-10.0,2,要注意(取引数不足),69.2
ema_cross(EMA5/20),ema_cross,5,15,ロンドン(16-21),火,レンジのみ,ATR低,5,20,19,68.4,-25.0,5.0,-15.0,0.722,-60.0,2,13,84.6,25.0,5.0,-15.0,1.833,-25.0,1,要注意(取引数不足),69.2
ema_cross(EMA5/20),ema_cross,5,12,NY(21-24),金,上昇のみ,ATR高,5,20,73,71.2,14.6,5.0,-11.69,1.059,-94.4,3,11,81.8,21.0,5.0,-12.0,1.875,-12.0,2,要注意(取引数不足),68.8
ema_cross(EMA5/20),ema_cross,5,5,10時台,木,順方向のみ,なし,5,20,31,45.2,-15.0,5.0,-5.0,0.824,-25.0,5,14,64.3,20.0,5.0,-5.0,1.8,-5.0,1,要注意(取引数不足),68.7
ema_cross(EMA5/20),ema_cross,5,12,16時台,月,なし,ATR低,5,20,29,65.5,-21.5,5.0,-11.65,0.815,-44.5,2,11,81.8,21.0,5.0,-12.0,1.875,-24.0,2,要注意(取引数不足),68.6
ema_cross(EMA5/20),ema_cross,5,10,16時台,全曜日,レンジのみ,直近30分変動大,5,20,108,60.2,-105.0,5.0,-10.0,0.756,-125.0,2,53,77.4,85.0,5.0,-10.0,1.708,-30.0,2,要注意(取引数不足),68.3
ema_cross(EMA5/20),ema_cross,5,12,東京(9-15),水,レンジのみ,ATR低,5,20,71,64.8,-59.5,5.0,-11.58,0.794,-115.0,5,22,81.8,42.0,5.0,-12.0,1.875,-24.0,3,要注意(取引数不足),68.3
ema_cross(EMA5/20),ema_cross,5,15,東京(9-15),月,レンジのみ,なし,5,20,163,81.0,195.0,5.0,-15.0,1.419,-70.0,3,52,84.6,100.0,5.0,-15.0,1.833,-60.0,4,要注意(取引数不足),68.2
ema_cross(EMA5/20),ema_cross,5,15,9時台,金,レンジのみ,直近30分変動大,5,20,35,82.9,55.0,5.0,-15.0,1.611,-35.0,1,13,84.6,25.0,5.0,-15.0,1.833,-25.0,1,要注意(取引数不足),68.0
ema_cross(EMA5/20),ema_cross,5,12,21時台,火,レンジのみ,なし,5,20,39,76.9,42.0,5.0,-12.0,1.389,-24.0,2,14,78.6,24.0,5.0,-10.33,1.774,-19.0,1,要注意(取引数不足),67.9
ema_cross(EMA5/20),ema_cross,5,12,22時台,月,下降のみ,なし,5,20,37,64.9,-36.5,4.9,-11.85,0.763,-67.1,2,17,82.4,29.4,4.67,-12.0,1.817,-24.0,2,要注意(取引数不足),67.7
ema_cross(EMA5/20),ema_cross,5,5,9時台,火,なし,ATR低,5,20,79,51.9,15.0,5.0,-5.0,1.079,-30.0,5,25,64.0,35.0,5.0,-5.0,1.778,-10.0,2,要注意(取引数不足),67.5
ema_cross(EMA5/20),ema_cross,5,12,全時間,月,下降のみ,ATR低,5,20,114,71.1,4.2,4.94,-12.0,1.011,-109.0,5,43,81.4,74.4,4.87,-12.0,1.775,-36.0,3,要注意(取引数不足),67.5
ema_cross(EMA5/20),ema_cross,5,12,東京(9-15),金,下降のみ,ATR低,5,20,55,69.1,-14.0,5.0,-12.0,0.931,-72.0,3,16,81.2,29.0,5.0,-12.0,1.806,-24.0,2,要注意(取引数不足),67.3
ema_cross(EMA5/20),ema_cross,5,8,22時台,水,なし,ATR低,5,20,11,72.7,28.0,5.0,-4.0,3.333,-9.9,2,9,77.8,19.0,5.0,-8.0,2.188,-8.0,1,要注意(取引数不足),67.2
ema_cross(EMA5/20),ema_cross,5,5,22時台,火,上昇のみ,ATR高,5,20,52,25.0,-130.0,5.0,-5.0,0.333,-140.0,13,14,64.3,20.0,5.0,-5.0,1.8,-10.0,2,要注意(取引数不足),67.1
ema_cross(EMA5/20),ema_cross,5,5,22時台,火,上昇のみ,直近30分変動大,5,20,39,23.1,-105.0,5.0,-5.0,0.3,-115.0,11,19,63.2,25.0,5.0,-5.0,1.714,-5.0,1,要注意(取引数不足),67.0
ema_cross(EMA5/20),ema_cross,5,10,9時台,金,上昇のみ,直近30分変動大,5,20,22,68.2,5.0,5.0,-10.0,1.071,-60.0,6,9,77.8,15.0,5.0,-10.0,1.75,-10.0,1,要注意(取引数不足),67.0
ema_cross(EMA5/20),ema_cross,5,10,10時台,水,上昇のみ,ATR高,5,20,17,52.9,-35.0,5.0,-10.0,0.562,-45.0,2,9,77.8,15.0,5.0,-10.0,1.75,-10.0,1,要注意(取引数不足),67.0
ema_cross(EMA5/20),ema_cross,5,10,16時台,水,レンジのみ,直近30分変動大,5,20,24,58.3,-30.0,5.0,-10.0,0.7,-50.0,4,9,77.8,15.0,5.0,-10.0,1.75,-15.0,1,要注意(取引数不足),66.9
ema_cross(EMA5/20),ema_cross,5,12,ロンドン(16-21),全曜日,下降のみ,ATR低,5,20,84,73.8,41.8,4.93,-12.0,1.158,-71.0,2,31,80.6,53.0,5.0,-12.0,1.736,-30.0,2,要注意(取引数不足),66.9
ema_cross(EMA5/20),ema_cross,5,10,21時台,水,上昇のみ,なし,5,20,59,69.5,38.8,5.0,-9.23,1.233,-30.0,3,22,77.3,35.0,5.0,-10.0,1.7,-15.0,1,要注意(取引数不足),66.8
ema_cross(EMA5/20),ema_cross,5,12,22時台,水,上昇のみ,なし,5,20,53,58.5,-76.9,5.0,-10.54,0.668,-91.0,3,29,79.3,48.7,5.0,-11.05,1.735,-24.0,2,要注意(取引数不足),66.8
ema_cross(EMA5/20),ema_cross,5,8,東京(9-15),水,レンジのみ,ATR高,5,20,57,54.4,-53.0,5.0,-8.0,0.745,-82.0,4,15,73.3,23.0,5.0,-8.0,1.719,-11.0,1,要注意(取引数不足),66.7
ema_cross(EMA5/20),ema_cross,5,15,NY(21-24),水,上昇のみ,なし,5,20,98,66.3,-115.2,5.0,-13.34,0.738,-120.2,2,45,82.2,73.7,5.0,-13.91,1.662,-30.0,2,要注意(取引数不足),66.4
ema_cross(EMA5/20),ema_cross,5,15,全時間,火,下降のみ,ATR低,5,20,153,68.0,-215.0,5.0,-15.0,0.707,-260.0,4,53,83.0,85.0,5.0,-15.0,1.63,-35.0,2,要注意(取引数不足),66.2
ema_cross(EMA5/20),ema_cross,5,15,ロンドン(16-21),木,上昇のみ,ATR高,5,20,65,73.8,-3.7,5.0,-14.34,0.985,-55.0,2,24,83.3,40.0,5.0,-15.0,1.667,-20.0,1,要注意(取引数不足),66.2
ema_cross(EMA5/20),ema_cross,5,10,ロンドン(16-21),月,なし,ATR低,5,20,89,65.2,-20.0,5.0,-10.0,0.935,-55.0,3,39,76.9,60.0,5.0,-10.0,1.667,-25.0,2,要注意(取引数不足),65.9
ema_cross(EMA5/20),ema_cross,5,8,NY(21-24),水,上昇のみ,ATR低,5,20,13,61.5,13.1,5.0,-5.38,1.487,-11.8,2,15,73.3,23.0,5.0,-8.0,1.719,-11.0,1,要注意(取引数不足),65.8
ema_cross(EMA5/20),ema_cross,5,8,9時台,月,上昇のみ,ATR低,5,20,8,75.0,14.0,5.0,-8.0,1.875,-16.0,2,4,75.0,7.0,5.0,-8.0,1.875,0.0,1,要注意(取引数不足),65.8
ema_cross(EMA5/20),ema_cross,5,5,22時台,木,上昇のみ,直近30分変動大,5,20,34,35.3,-50.0,5.0,-5.0,0.545,-65.0,6,11,63.6,15.0,5.0,-5.0,1.75,-5.0,2,要注意(取引数不足),65.7
ema_cross(EMA5/20),ema_cross,5,15,東京(9-15),金,なし,ATR高,5,20,197,75.1,5.0,5.0,-15.0,1.007,-205.0,3,68,82.4,100.0,5.0,-15.0,1.556,-30.0,2,要注意(取引数不足),65.7
ema_cross(EMA5/20),ema_cross,5,15,東京(9-15),金,上昇のみ,ATR高,5,20,53,77.4,25.0,5.0,-15.0,1.139,-50.0,2,18,83.3,30.0,5.0,-15.0,1.667,-15.0,1,要注意(取引数不足),65.7
ema_cross(EMA5/20),ema_cross,5,15,10時台,月,なし,直近30分変動大,5,20,56,75.0,0.0,5.0,-15.0,1.0,-80.0,3,18,83.3,30.0,5.0,-15.0,1.667,-15.0,1,要注意(取引数不足),65.7
ema_cross(EMA5/20),ema_cross,5,8,9時台,金,上昇のみ,ATR高,5,20,4,75.0,7.0,5.0,-8.0,1.875,0.0,1,4,75.0,7.0,5.0,-8.0,1.875,-8.0,1,要注意(取引数不足),65.6
ema_cross(EMA5/20),ema_cross,5,15,東京(9-15),金,下降のみ,なし,5,20,195,72.3,-95.3,5.0,-14.82,0.881,-195.0,3,77,81.8,109.4,5.0,-14.69,1.532,-40.0,2,要注意(取引数不足),65.6
ema_cross(EMA5/20),ema_cross,5,5,東京(9-15),木,下降のみ,ATR低,5,20,72,47.2,-20.0,5.0,-5.0,0.895,-75.0,7,14,64.3,20.0,5.0,-5.0,1.8,-15.0,3,要注意(取引数不足),65.5
ema_cross(EMA5/20),ema_cross,5,8,ロンドン(16-21),全曜日,下降のみ,ATR低,5,20,94,64.9,41.0,5.0,-8.0,1.155,-47.0,3,33,72.7,48.0,5.0,-8.0,1.667,-16.0,2,要注意(取引数不足),65.4
ema_cross(EMA5/20),ema_cross,5,12,東京(9-15),水,レンジのみ,ATR高,5,20,52,61.5,-80.0,5.0,-12.0,0.667,-99.0,3,15,80.0,24.0,5.0,-12.0,1.667,-19.0,1,要注意(取引数不足),65.3
ema_cross(EMA5/20),ema_cross,5,12,16時台,火,順方向のみ,なし,5,20,51,58.8,-102.0,5.0,-12.0,0.595,-120.0,3,15,80.0,24.0,5.0,-12.0,1.667,-16.0,1,要注意(取引数不足),65.3
ema_cross(EMA5/20),ema_cross,5,10,16時台,火,レンジのみ,直近30分変動大,5,20,16,68.8,5.0,5.0,-10.0,1.1,-20.0,2,13,76.9,20.0,5.0,-10.0,1.667,-10.0,1,要注意(取引数不足),65.2
ema_cross(EMA5/20),ema_cross,5,8,ロンドン(16-21),水,順方向のみ,ATR低,5,20,39,64.1,20.9,5.0,-7.44,1.201,-22.1,3,15,73.3,23.0,5.0,-8.0,1.719,-16.0,2,要注意(取引数不足),65.1
ema_cross(EMA5/20),ema_cross,5,10,10時台,木,順方向のみ,なし,5,20,30,50.0,-75.0,5.0,-10.0,0.5,-85.0,5,13,76.9,20.0,5.0,-10.0,1.667,-15.0,1,要注意(取引数不足),65.1
ema_cross(EMA5/20),ema_cross,5,8,22時台,月,下降のみ,直近30分変動大,5,20,21,66.7,14.0,5.0,-8.0,1.25,-27.0,3,11,72.7,16.0,5.0,-8.0,1.667,-8.0,1,要注意(取引数不足),65.0
ema_cross(EMA5/20),ema_cross,5,8,22時台,木,上昇のみ,直近30分変動大,5,20,34,50.0,-51.0,5.0,-8.0,0.625,-80.0,3,11,72.7,16.0,5.0,-8.0,1.667,-8.0,1,要注意(取引数不足),65.0
ema_cross(EMA5/20),ema_cross,5,10,9時台,金,レンジのみ,直近30分変動大,5,20,35,71.4,25.0,5.0,-10.0,1.25,-50.0,4,13,76.9,20.0,5.0,-10.0,1.667,-20.0,1,要注意(取引数不足),65.0
ema_cross(EMA5/20),ema_cross,5,12,東京(9-15),月,下降のみ,ATR高,5,20,70,70.0,-7.0,5.0,-12.0,0.972,-94.0,4,30,80.0,48.0,5.0,-12.0,1.667,-33.0,2,要注意(取引数不足),65.0
ema_cross(EMA5/20),ema_cross,5,12,16時台,全曜日,レンジのみ,直近30分変動大,5,20,108,63.0,-140.0,5.0,-12.0,0.708,-144.0,2,53,79.2,78.0,5.0,-12.0,1.591,-41.0,2,要注意(取引数不足),64.9
ema_cross(EMA5/20),ema_cross,5,12,16時台,水,レンジのみ,なし,5,20,38,63.2,-48.0,5.0,-12.0,0.714,-61.0,2,10,80.0,16.0,5.0,-12.0,1.667,-19.0,1,要注意(取引数不足),64.8
ema_cross(EMA5/20),ema_cross,5,8,ロンドン(16-21),金,なし,ATR低,5,20,79,50.6,-100.4,5.0,-7.7,0.666,-116.0,4,37,73.0,55.0,5.0,-8.0,1.688,-25.0,3,要注意(取引数不足),64.7
ema_cross(EMA5/20),ema_cross,5,8,21時台,水,上昇のみ,ATR低,5,20,11,63.6,10.2,5.0,-6.2,1.411,-11.8,2,11,72.7,16.0,5.0,-8.0,1.667,-8.0,1,要注意(取引数不足),64.7
ema_cross(EMA5/20),ema_cross,5,15,ロンドン(16-21),金,レンジのみ,ATR低,5,20,12,66.7,-20.0,5.0,-15.0,0.667,-55.0,3,6,83.3,10.0,5.0,-15.0,1.667,-15.0,1,要注意(取引数不足),64.5
ema_cross(EMA5/20),ema_cross,5,15,9時台,木,順方向のみ,ATR低,5,20,17,64.7,-35.0,5.0,-15.0,0.611,-50.0,2,6,83.3,10.0,5.0,-15.0,1.667,-15.0,1,要注意(取引数不足),64.5
ema_cross(EMA5/20),ema_cross,5,8,東京(9-15),金,順方向のみ,ATR低,5,20,72,66.7,48.0,5.0,-8.0,1.25,-52.0,5,29,72.4,41.0,5.0,-8.0,1.641,-16.0,2,要注意(取引数不足),64.4
ema_cross(EMA5/20),ema_cross,5,10,東京(9-15),月,下降のみ,ATR高,5,20,73,61.6,-55.0,5.0,-10.0,0.804,-100.0,4,30,76.7,45.0,5.0,-10.0,1.643,-25.0,2,要注意(取引数不足),64.4
ema_cross(EMA5/20),ema_cross,5,12,ロンドン(16-21),火,下降のみ,ATR低,5,20,19,57.9,-41.0,5.0,-12.0,0.573,-56.0,3,5,80.0,8.0,5.0,-12.0,1.667,-12.0,1,要注意(取引数不足),64.4
ema_cross(EMA5/20),ema_cross,5,12,NY(21-24),月,レンジのみ,ATR高,5,20,24,66.7,-6.4,5.0,-10.8,0.926,-50.0,3,5,80.0,8.0,5.0,-12.0,1.667,-12.0,1,要注意(取引数不足),64.4
ema_cross(EMA5/20),ema_cross,5,12,NY(21-24),木,下降のみ,ATR高,5,20,71,66.2,-53.0,5.0,-12.0,0.816,-56.0,4,5,80.0,8.0,5.0,-12.0,1.667,-12.0,1,要注意(取引数不足),64.4
ema_cross(EMA5/20),ema_cross,5,12,9時台,木,レンジのみ,ATR高,5,20,8,75.0,6.0,5.0,-12.0,1.25,-14.0,1,5,80.0,8.0,5.0,-12.0,1.667,-12.0,1,要注意(取引数不足),64.4
ema_cross(EMA5/20),ema_cross,5,12,10時台,月,レンジのみ,ATR高,5,20,17,76.5,17.0,5.0,-12.0,1.354,-19.0,1,5,80.0,8.0,5.0,-12.0,1.667,-12.0,1,要注意(取引数不足),64.4
ema_cross(EMA5/20),ema_cross,5,12,10時台,金,上昇のみ,ATR高,5,20,18,61.1,-29.0,5.0,-12.0,0.655,-52.0,3,5,80.0,8.0,5.0,-12.0,1.667,-12.0,1,要注意(取引数不足),64.4
ema_cross(EMA5/20),ema_cross,5,12,16時台,火,下降のみ,ATR高,5,20,18,61.1,-29.0,5.0,-12.0,0.655,-52.0,2,5,80.0,8.0,5.0,-12.0,1.667,-12.0,1,要注意(取引数不足),64.4
ema_cross(EMA5/20),ema_cross,5,12,16時台,木,レンジのみ,ATR高,5,20,11,45.5,-47.0,5.0,-12.0,0.347,-50.0,3,5,80.0,8.0,5.0,-12.0,1.667,-12.0,1,要注意(取引数不足),64.4
ema_cross(EMA5/20),ema_cross,5,12,21時台,月,下降のみ,ATR高,5,20,30,56.7,-71.0,5.0,-12.0,0.545,-81.0,3,5,80.0,8.0,5.0,-12.0,1.667,-12.0,1,要注意(取引数不足),64.4
ema_cross(EMA5/20),ema_cross,5,12,21時台,水,上昇のみ,ATR高,5,20,16,37.5,-87.1,5.0,-11.71,0.256,-80.1,4,5,80.0,8.0,5.0,-12.0,1.667,-12.0,1,要注意(取引数不足),64.4
ema_cross(EMA5/20),ema_cross,5,15,東京(9-15),木,順方向のみ,ATR低,5,20,71,71.8,-45.0,5.0,-15.0,0.85,-95.0,2,24,83.3,40.0,5.0,-15.0,1.667,-35.0,2,要注意(取引数不足),64.4
ema_cross(EMA5/20),ema_cross,5,10,NY(21-24),火,下降のみ,直近30分変動大,5,20,58,65.5,-10.0,5.0,-10.0,0.95,-50.0,3,17,76.5,25.0,5.0,-10.0,1.625,-20.0,1,要注意(取引数不足),64.3
ema_cross(EMA5/20),ema_cross,5,12,東京(9-15),金,なし,ATR高,5,20,206,68.4,-75.0,5.0,-12.0,0.904,-218.0,3,69,78.3,90.0,5.0,-12.0,1.5,-31.0,2,要注意(取引数不足),64.0
ema_cross(EMA5/20),ema_cross,5,5,ロンドン(16-21),水,レンジのみ,ATR高,5,20,50,46.0,-20.0,5.0,-5.0,0.852,-50.0,5,16,62.5,20.0,5.0,-5.0,1.667,-10.0,2,要注意(取引数不足),63.9
ema_cross(EMA5/20),ema_cross,5,5,NY(21-24),水,上昇のみ,ATR低,5,20,16,43.8,-7.1,5.0,-4.68,0.831,-25.0,4,16,62.5,20.0,5.0,-5.0,1.667,-10.0,2,要注意(取引数不足),63.9
ema_cross(EMA5/20),ema_cross,5,12,東京(9-15),金,順方向のみ,直近30分変動大,5,20,50,68.0,-22.0,5.0,-12.0,0.885,-68.0,4,24,79.2,35.0,5.0,-12.0,1.583,-19.0,1,要注意(取引数不足),63.9
ema_cross(EMA5/20),ema_cross,5,15,東京(9-15),火,下降のみ,ATR高,5,20,38,76.3,10.0,5.0,-15.0,1.074,-55.0,2,18,83.3,30.0,5.0,-15.0,1.667,-30.0,2,要注意(取引数不足),63.9
ema_cross(EMA5/20),ema_cross,5,15,10時台,水,なし,ATR高,5,20,49,69.4,-55.0,5.0,-15.0,0.756,-95.0,2,18,83.3,30.0,5.0,-15.0,1.667,-30.0,2,要注意(取引数不足),63.9
ema_cross(EMA5/20),ema_cross,5,5,10時台,木,なし,ATR高,5,20,53,54.7,25.0,5.0,-5.0,1.208,-40.0,7,19,63.2,25.0,5.0,-5.0,1.714,-15.0,3,要注意(取引数不足),63.8
ema_cross(EMA5/20),ema_cross,5,5,ロンドン(16-21),月,なし,ATR低,5,20,115,47.0,-35.0,5.0,-5.0,0.885,-100.0,6,47,61.7,55.0,5.0,-5.0,1.611,-20.0,3,要注意(取引数不足),63.4
ema_cross(EMA5/20),ema_cross,5,12,21時台,水,上昇のみ,ATR低,5,20,11,72.7,21.8,5.0,-6.07,2.198,-12.8,2,11,81.8,21.0,5.0,-12.0,1.875,-12.0,1,要注意(取引数不足),63.4
ema_cross(EMA5/20),ema_cross,5,12,10時台,金,レンジのみ,ATR高,5,20,18,77.8,22.0,5.0,-12.0,1.458,-28.0,1,5,80.0,8.0,5.0,-12.0,1.667,-12.0,1,要注意(取引数不足),63.3
ema_cross(EMA5/20),ema_cross,5,5,NY(21-24),月,上昇のみ,ATR低,5,20,18,44.4,-10.0,5.0,-5.0,0.8,-25.0,5,8,62.5,10.0,5.0,-5.0,1.667,-10.0,2,要注意(取引数不足),63.2
ema_cross(EMA5/20),ema_cross,5,5,10時台,木,順方向のみ,直近30分変動大,5,20,8,37.5,-10.0,5.0,-5.0,0.6,-15.0,3,8,62.5,10.0,5.0,-5.0,1.667,-10.0,2,要注意(取引数不足),63.2
ema_cross(EMA5/20),ema_cross,5,5,22時台,火,順方向のみ,ATR高,5,20,36,25.0,-90.0,5.0,-5.0,0.333,-105.0,16,8,62.5,10.0,5.0,-5.0,1.667,-10.0,2,要注意(取引数不足),63.2
ema_cross(EMA5/20),ema_cross,5,8,9時台,火,なし,ATR低,5,20,74,62.2,6.0,5.0,-8.0,1.027,-33.0,3,25,72.0,34.0,5.0,-8.0,1.607,-16.0,2,要注意(取引数不足),63.1
ema_cross(EMA5/20),ema_cross,5,8,16時台,全曜日,レンジのみ,直近30分変動大,5,20,110,54.5,-100.0,5.0,-8.0,0.75,-127.0,3,53,71.7,70.0,5.0,-8.0,1.583,-37.0,3,要注意(取引数不足),63.1
ema_cross(EMA5/20),ema_cross,5,8,21時台,木,上昇のみ,なし,5,20,68,75.0,119.0,5.0,-8.0,1.875,-24.0,3,28,75.0,49.0,5.0,-8.0,1.875,-32.0,4,要注意(取引数不足),63.1
ema_cross(EMA5/20),ema_cross,5,12,22時台,全曜日,上昇のみ,ATR低,5,20,31,51.6,-32.3,5.0,-7.49,0.712,-54.6,6,20,75.0,26.9,4.69,-8.7,1.618,-12.0,2,要注意(取引数不足),63.0
ema_cross(EMA5/20),ema_cross,5,5,全時間,月,レンジのみ,ATR低,5,20,167,49.1,-11.7,5.0,-4.96,0.972,-61.7,7,53,60.4,55.0,5.0,-5.0,1.524,-25.0,2,要注意(取引数不足),62.9
ema_cross(EMA5/20),ema_cross,5,10,10時台,木,なし,ATR高,5,20,50,70.0,25.0,5.0,-10.0,1.167,-30.0,2,17,76.5,25.0,5.0,-10.0,1.625,-20.0,2,要注意(取引数不足),62.8
ema_cross(EMA5/20),ema_cross,5,12,10時台,水,なし,ATR高,5,20,50,68.0,-22.0,5.0,-12.0,0.885,-57.0,2,19,78.9,27.0,5.0,-12.0,1.562,-26.0,1,要注意(取引数不足),62.8
ema_cross(EMA5/20),ema_cross,5,8,22時台,木,上昇のみ,なし,5,20,60,58.3,-25.0,5.0,-8.0,0.875,-80.0,4,14,71.4,18.0,5.0,-8.0,1.562,-8.0,1,要注意(取引数不足),62.6
ema_cross(EMA5/20),ema_cross,5,8,16時台,金,順方向のみ,なし,5,20,52,61.5,0.0,5.0,-8.0,1.0,-46.0,4,14,71.4,18.0,5.0,-8.0,1.562,-14.0,1,要注意(取引数不足),62.5
ema_cross(EMA5/20),ema_cross,5,12,全時間,金,レンジのみ,ATR高,5,20,244,69.3,-48.8,5.0,-11.92,0.945,-186.0,6,59,78.0,74.0,5.0,-12.0,1.474,-24.0,2,要注意(取引数不足),62.5
ema_cross(EMA5/20),ema_cross,5,5,ロンドン(16-21),全曜日,順方向のみ,ATR低,5,20,167,46.1,-60.1,5.0,-4.95,0.865,-80.1,6,74,60.8,80.0,5.0,-5.0,1.552,-30.0,4,要注意(取引数不足),62.3
ema_cross(EMA5/20),ema_cross,5,12,10時台,月,なし,なし,5,20,112,69.6,-18.0,5.0,-12.0,0.956,-106.0,3,33,78.8,46.0,5.0,-12.0,1.548,-24.0,2,要注意(取引数不足),62.3
ema_cross(EMA5/20),ema_cross,5,15,NY(21-24),火,下降のみ,直近30分変動大,5,20,56,64.3,-112.4,5.0,-14.62,0.616,-137.4,3,17,82.4,25.0,5.0,-15.0,1.556,-35.0,1,要注意(取引数不足),62.3
ema_cross(EMA5/20),ema_cross,5,8,NY(21-24),木,上昇のみ,なし,5,20,125,67.2,92.0,5.0,-8.0,1.28,-62.0,7,41,73.2,62.0,5.0,-8.0,1.705,-40.0,5,要注意(取引数不足),62.2
ema_cross(EMA5/20),ema_cross,5,10,22時台,全曜日,順方向のみ,ATR低,5,20,21,66.7,21.7,4.83,-6.56,1.473,-20.6,3,13,76.9,20.0,5.0,-10.0,1.667,-20.0,2,要注意(取引数不足),62.2
ema_cross(EMA5/20),ema_cross,5,12,16時台,月,なし,ATR高,5,20,42,69.0,-11.0,5.0,-12.0,0.929,-44.0,2,24,79.2,35.0,5.0,-12.0,1.583,-31.0,2,要注意(取引数不足),62.2
ema_cross(EMA5/20),ema_cross,5,5,21時台,月,レンジのみ,ATR低,5,20,8,75.0,20.0,5.0,-5.0,3.0,-5.0,1,3,66.7,5.0,5.0,-5.0,2.0,0.0,1,要注意(取引数不足),62.1
ema_cross(EMA5/20),ema_cross,5,12,22時台,全曜日,下降のみ,ATR低,5,20,11,54.5,-21.8,4.6,-9.88,0.559,-26.0,2,8,75.0,9.2,4.23,-8.1,1.568,-12.0,1,要注意(取引数不足),62.1
ema_cross(EMA5/20),ema_cross,5,15,全時間,木,順方向のみ,ATR低,5,20,204,73.0,-69.8,4.97,-14.74,0.914,-174.8,3,89,79.8,98.2,5.0,-14.27,1.382,-41.8,2,要注意(取引数不足),62.1
ema_cross(EMA5/20),ema_cross,5,5,10時台,木,上昇のみ,ATR低,5,20,4,75.0,10.0,5.0,-5.0,3.0,-5.0,1,3,66.7,5.0,5.0,-5.0,2.0,-5.0,1,要注意(取引数不足),62.0
ema_cross(EMA5/20),ema_cross,5,8,16時台,月,上昇のみ,ATR高,5,20,10,60.0,-2.0,5.0,-8.0,0.938,-24.0,3,7,71.4,9.0,5.0,-8.0,1.562,-8.0,1,要注意(取引数不足),62.0
ema_cross(EMA5/20),ema_cross,5,10,9時台,火,なし,ATR低,5,20,72,63.9,-30.0,5.0,-10.0,0.885,-50.0,3,24,75.0,30.0,5.0,-10.0,1.5,-10.0,1,要注意(取引数不足),61.9
ema_cross(EMA5/20),ema_cross,5,12,NY(21-24),月,なし,ATR低,5,20,34,61.8,18.5,5.0,-6.65,1.214,-23.5,2,15,80.0,19.4,4.62,-12.0,1.539,-19.0,1,要注意(取引数不足),61.9
ema_cross(EMA5/20),ema_cross,5,12,22時台,木,上昇のみ,なし,5,20,58,72.4,27.3,5.0,-11.42,1.149,-92.0,3,14,78.6,19.0,5.0,-12.0,1.528,-14.0,1,要注意(取引数不足),61.7
ema_cross(EMA5/20),ema_cross,5,5,東京(9-15),金,レンジのみ,ATR高,5,20,78,47.4,-20.0,5.0,-5.0,0.902,-55.0,5,18,61.1,20.0,5.0,-5.0,1.571,-10.0,2,要注意(取引数不足),61.6
ema_cross(EMA5/20),ema_cross,5,5,9時台,全曜日,レンジのみ,ATR高,5,20,62,45.2,-30.0,5.0,-5.0,0.824,-45.0,5,18,61.1,20.0,5.0,-5.0,1.571,-10.0,2,要注意(取引数不足),61.6
ema_cross(EMA5/20),ema_cross,5,5,21時台,月,下降のみ,直近30分変動大,5,20,26,38.5,-30.0,5.0,-5.0,0.625,-45.0,5,8,62.5,10.0,5.0,-5.0,1.667,-15.0,3,要注意(取引数不足),61.6
ema_cross(EMA5/20),ema_cross,5,8,22時台,全曜日,上昇のみ,ATR低,5,20,33,54.5,-0.3,5.0,-6.02,0.997,-37.1,4,21,71.4,27.0,5.0,-8.0,1.562,-16.0,2,要注意(取引数不足),61.6
ema_cross(EMA5/20),ema_cross,5,8,22時台,火,順方向のみ,なし,5,20,54,42.6,-130.4,5.0,-7.92,0.469,-155.0,7,21,71.4,27.0,5.0,-8.0,1.562,-16.0,2,要注意(取引数不足),61.6
ema_cross(EMA5/20),ema_cross,5,12,16時台,金,順方向のみ,なし,5,20,50,72.0,12.0,5.0,-12.0,1.071,-64.0,4,14,78.6,19.0,5.0,-12.0,1.528,-19.0,1,要注意(取引数不足),61.6
ema_cross(EMA5/20),ema_cross,5,8,16時台,月,レンジのみ,なし,5,20,54,50.0,-81.0,5.0,-8.0,0.625,-85.0,7,21,71.4,27.0,5.0,-8.0,1.562,-19.0,2,要注意(取引数不足),61.5
ema_cross(EMA5/20),ema_cross,5,12,NY(21-24),水,上昇のみ,ATR低,5,20,13,69.2,24.7,5.0,-5.08,2.217,-12.8,2,14,78.6,24.7,5.0,-10.1,1.815,-13.3,1,要注意(取引数不足),61.4
ema_cross(EMA5/20),ema_cross,5,15,全時間,火,下降のみ,ATR高,5,20,238,73.9,-45.1,5.0,-14.92,0.951,-155.0,4,101,80.2,105.0,5.0,-15.0,1.35,-80.0,2,要注意(取引数不足),61.4
ema_cross(EMA5/20),ema_cross,5,12,NY(21-24),月,下降のみ,直近30分変動大,5,20,45,66.7,-30.0,5.0,-12.0,0.833,-83.0,3,19,78.9,27.0,5.0,-12.0,1.562,-24.0,2,要注意(取引数不足),61.3
ema_cross(EMA5/20),ema_cross,5,15,9時台,全曜日,順方向のみ,直近30分変動大,5,20,59,76.3,15.0,5.0,-15.0,1.071,-85.0,3,27,81.5,35.0,5.0,-15.0,1.467,-15.0,1,要注意(取引数不足),61.3
ema_cross(EMA5/20),ema_cross,5,8,東京(9-15),水,レンジのみ,なし,5,20,237,60.8,-24.0,5.0,-8.0,0.968,-103.0,4,76,69.7,81.0,5.0,-8.0,1.44,-25.0,3,要注意(取引数不足),61.2
ema_cross(EMA5/20),ema_cross,5,8,NY(21-24),火,下降のみ,直近30分変動大,5,20,58,62.1,4.0,5.0,-8.0,1.023,-48.0,3,17,70.6,20.0,5.0,-8.0,1.5,-14.0,1,要注意(取引数不足),61.2
ema_cross(EMA5/20),ema_cross,5,10,NY(21-24),月,下降のみ,ATR低,5,20,7,57.1,-4.4,5.0,-8.13,0.82,-15.0,1,5,80.0,5.4,3.85,-10.0,1.54,-10.0,1,要注意(取引数不足),61.2
ema_cross(EMA5/20),ema_cross,5,10,9時台,金,順方向のみ,なし,5,20,44,59.1,-50.0,5.0,-10.0,0.722,-80.0,3,16,75.0,20.0,5.0,-10.0,1.5,-15.0,1,要注意(取引数不足),61.1
ema_cross(EMA5/20),ema_cross,5,8,22時台,月,なし,ATR高,5,20,55,52.7,-63.0,5.0,-8.0,0.697,-83.0,5,14,71.4,18.0,5.0,-8.0,1.562,-16.0,2,要注意(取引数不足),61.0
ema_cross(EMA5/20),ema_cross,5,10,16時台,金,レンジのみ,直近30分変動大,5,20,20,60.0,-20.0,5.0,-10.0,0.75,-20.0,3,12,75.0,15.0,5.0,-10.0,1.5,-10.0,1,要注意(取引数不足),60.9
ema_cross(EMA5/20),ema_cross,5,10,10時台,木,上昇のみ,なし,5,20,39,69.2,15.0,5.0,-10.0,1.125,-55.0,4,12,75.0,15.0,5.0,-10.0,1.5,-15.0,1,要注意(取引数不足),60.8
ema_cross(EMA5/20),ema_cross,5,10,16時台,月,レンジのみ,直近30分変動大,5,20,29,55.2,-50.0,5.0,-10.0,0.615,-65.0,3,12,75.0,15.0,5.0,-10.0,1.5,-15.0,1,要注意(取引数不足),60.8
ema_cross(EMA5/20),ema_cross,5,15,東京(9-15),火,上昇のみ,直近30分変動大,5,20,104,65.4,-200.0,5.0,-15.0,0.63,-245.0,5,48,81.2,60.0,5.0,-15.0,1.444,-30.0,2,要注意(取引数不足),60.7
ema_cross(EMA5/20),ema_cross,5,15,9時台,月,レンジのみ,なし,5,20,53,77.4,25.0,5.0,-15.0,1.139,-25.0,1,11,81.8,15.0,5.0,-15.0,1.5,-15.0,1,要注意(取引数不足),60.7
ema_cross(EMA5/20),ema_cross,5,15,ロンドン(16-21),月,なし,ATR低,5,20,84,69.0,-74.3,5.0,-14.01,0.796,-104.3,3,38,81.6,50.0,5.0,-15.0,1.476,-35.0,2,要注意(取引数不足),60.6
ema_cross(EMA5/20),ema_cross,5,10,ロンドン(16-21),金,下降のみ,ATR低,5,20,16,68.8,5.0,5.0,-10.0,1.1,-20.0,2,8,75.0,10.0,5.0,-10.0,1.5,-10.0,1,要注意(取引数不足),60.5
ema_cross(EMA5/20),ema_cross,5,10,NY(21-24),水,順方向のみ,ATR低,5,20,10,50.0,-11.2,5.0,-7.24,0.691,-15.8,2,8,75.0,10.0,5.0,-10.0,1.5,-10.0,1,要注意(取引数不足),60.5
ema_cross(EMA5/20),ema_cross,5,10,10時台,水,レンジのみ,直近30分変動大,5,20,22,63.6,-10.0,5.0,-10.0,0.875,-45.0,4,8,75.0,10.0,5.0,-10.0,1.5,-10.0,1,要注意(取引数不足),60.5
ema_cross(EMA5/20),ema_cross,5,10,10時台,木,順方向のみ,直近30分変動大,5,20,8,50.0,-20.0,5.0,-10.0,0.5,-35.0,3,8,75.0,10.0,5.0,-10.0,1.5,-10.0,1,要注意(取引数不足),60.5
ema_cross(EMA5/20),ema_cross,5,10,16時台,水,順方向のみ,ATR高,5,20,18,66.7,0.0,5.0,-10.0,1.0,-40.0,3,8,75.0,10.0,5.0,-10.0,1.5,-10.0,1,要注意(取引数不足),60.5
ema_cross(EMA5/20),ema_cross,5,10,22時台,全曜日,上昇のみ,ATR低,5,20,31,51.6,-30.3,5.0,-7.35,0.725,-52.1,6,20,75.0,24.1,4.69,-9.26,1.521,-11.3,2,要注意(取引数不足),60.5
ema_cross(EMA5/20),ema_cross,5,12,ロンドン(16-21),水,順方向のみ,ATR低,5,20,39,71.8,33.5,5.0,-9.68,1.315,-31.1,3,15,80.0,20.1,4.67,-12.0,1.558,-24.0,2,要注意(取引数不足),60.5
ema_cross(EMA5/20),ema_cross,5,15,9時台,金,上昇のみ,ATR低,5,20,24,83.3,40.0,5.0,-15.0,1.667,-20.0,2,6,83.3,10.0,5.0,-15.0,1.667,-15.0,1,要注意(取引数不足),60.5
ema_cross(EMA5/20),ema_cross,5,10,9時台,木,レンジのみ,ATR低,5,20,23,69.6,10.0,5.0,-10.0,1.143,-25.0,2,4,75.0,5.0,5.0,-10.0,1.5,0.0,1,要注意(取引数不足),60.4
ema_cross(EMA5/20),ema_cross,5,10,21時台,月,下降のみ,直近30分変動大,5,20,26,57.7,-35.0,5.0,-10.0,0.682,-60.0,3,8,75.0,10.0,5.0,-10.0,1.5,-15.0,1,要注意(取引数不足),60.4
ema_cross(EMA5/20),ema_cross,5,10,22時台,月,上昇のみ,ATR高,5,20,12,50.0,-24.7,5.0,-9.12,0.548,-39.7,3,4,75.0,5.0,5.0,-10.0,1.5,0.0,1,要注意(取引数不足),60.4
ema_cross(EMA5/20),ema_cross,5,10,22時台,火,上昇のみ,ATR低,5,20,8,62.5,-5.0,5.0,-10.0,0.833,-10.0,1,4,75.0,5.0,5.0,-10.0,1.5,0.0,1,要注意(取引数不足),60.4
ema_cross(EMA5/20),ema_cross,5,5,東京(9-15),木,順方向のみ,ATR高,5,20,54,50.0,0.0,5.0,-5.0,1.0,-35.0,4,25,60.0,25.0,5.0,-5.0,1.5,-10.0,2,要注意(取引数不足),60.3
ema_cross(EMA5/20),ema_cross,5,5,ロンドン(16-21),水,下降のみ,ATR低,5,20,18,50.0,0.0,5.0,-5.0,1.0,-20.0,3,5,60.0,5.0,5.0,-5.0,1.5,-5.0,1,要注意(取引数不足),60.3
ema_cross(EMA5/20),ema_cross,5,5,NY(21-24),月,レンジのみ,ATR高,5,20,28,39.3,-30.0,5.0,-5.0,0.647,-25.0,5,5,60.0,5.0,5.0,-5.0,1.5,-5.0,1,要注意(取引数不足),60.3
ema_cross(EMA5/20),ema_cross,5,5,NY(21-24),木,下降のみ,ATR高,5,20,78,43.6,-50.0,5.0,-5.0,0.773,-60.0,5,5,60.0,5.0,5.0,-5.0,1.5,-5.0,1,要注意(取引数不足),60.3
ema_cross(EMA5/20),ema_cross,5,5,22時台,水,レンジのみ,ATR低,5,20,5,40.0,-5.0,5.0,-5.0,0.667,-15.0,3,5,60.0,5.0,5.0,-5.0,1.5,-5.0,1,要注意(取引数不足),60.3
ema_cross(EMA5/20),ema_cross,5,10,東京(9-15),月,下降のみ,ATR低,5,20,47,76.6,70.0,5.0,-10.0,1.636,-45.0,3,17,76.5,25.0,5.0,-10.0,1.625,-15.0,1,要注意(取引数不足),60.3
ema_cross(EMA5/20),ema_cross,5,10,9時台,木,上昇のみ,ATR高,5,20,8,87.5,25.0,5.0,-10.0,3.5,-10.0,1,5,80.0,10.0,5.0,-10.0,2.0,-10.0,1,要注意(取引数不足),60.3
ema_cross(EMA5/20),ema_cross,5,10,16時台,全曜日,なし,ATR低,5,20,115,68.7,42.1,5.0,-9.8,1.119,-70.0,4,44,72.7,49.1,5.0,-9.24,1.443,-20.0,2,要注意(取引数不足),60.3
ema_cross(EMA5/20),ema_cross,5,12,10時台,金,なし,ATR高,5,20,54,72.2,15.0,5.0,-12.0,1.083,-70.0,2,23,78.3,30.0,5.0,-12.0,1.5,-12.0,2,要注意(取引数不足),60.3
ema_cross(EMA5/20),ema_cross,5,12,22時台,水,上昇のみ,直近30分変動大,5,20,22,45.5,-94.0,5.0,-12.0,0.347,-92.0,3,18,77.8,22.0,5.0,-12.0,1.458,-12.0,1,要注意(取引数不足),60.3
ema_cross(EMA5/20),ema_cross,5,5,9時台,全曜日,レンジのみ,ATR低,5,20,116,54.3,50.0,5.0,-5.0,1.189,-30.0,4,33,60.6,35.0,5.0,-5.0,1.538,-20.0,3,要注意(取引数不足),60.2
ema_cross(EMA5/20),ema_cross,5,8,10時台,木,なし,なし,5,20,128,59.4,-36.0,5.0,-8.0,0.913,-122.0,6,46,69.6,48.0,5.0,-8.0,1.429,-19.0,2,要注意(取引数不足),60.1
ema_cross(EMA5/20),ema_cross,5,10,10時台,月,下降のみ,ATR高,5,20,19,63.2,-10.0,5.0,-10.0,0.857,-35.0,2,4,75.0,5.0,5.0,-10.0,1.5,-10.0,1,要注意(取引数不足),60.1
ema_cross(EMA5/20),ema_cross,5,10,16時台,月,なし,ATR高,5,20,45,64.4,-15.0,5.0,-10.0,0.906,-55.0,3,24,75.0,30.0,5.0,-10.0,1.5,-25.0,2,要注意(取引数不足),60.1
ema_cross(EMA5/20),ema_cross,5,10,21時台,月,順方向のみ,直近30分変動大,5,20,13,53.8,-25.0,5.0,-10.0,0.583,-30.0,2,4,75.0,5.0,5.0,-10.0,1.5,-10.0,1,要注意(取引数不足),60.1
ema_cross(EMA5/20),ema_cross,5,10,22時台,月,レンジのみ,ATR高,5,20,18,55.6,-22.4,5.0,-9.05,0.691,-40.0,3,4,75.0,5.0,5.0,-10.0,1.5,-10.0,1,要注意(取引数不足),60.1
ema_cross(EMA5/20),ema_cross,5,12,東京(9-15),金,上昇のみ,ATR高,5,20,55,65.5,-48.0,5.0,-12.0,0.789,-116.0,5,18,77.8,22.0,5.0,-12.0,1.458,-19.0,1,要注意(取引数不足),60.1
ema_cross(EMA5/20),ema_cross,5,5,9時台,金,上昇のみ,なし,5,20,57,52.6,15.0,5.0,-5.0,1.111,-55.0,9,23,60.9,25.0,5.0,-5.0,1.556,-15.0,3,要注意(取引数不足),60.0
ema_cross(EMA5/20),ema_cross,5,8,全時間,月,レンジのみ,ATR低,5,20,148,56.8,-85.7,5.0,-7.9,0.831,-167.7,6,49,69.4,50.0,5.0,-8.0,1.417,-17.0,2,要注意(取引数不足),60.0
ema_cross(EMA5/20),ema_cross,5,15,9時台,火,なし,ATR低,5,20,68,75.0,0.0,5.0,-15.0,1.0,-55.0,3,22,81.8,30.0,5.0,-15.0,1.5,-25.0,2,要注意(取引数不足),60.0
ema_cross(EMA5/20),ema_cross,5,15,東京(9-15),水,下降のみ,ATR高,5,20,41,73.2,-15.0,5.0,-15.0,0.909,-60.0,2,22,81.8,30.0,5.0,-15.0,1.5,-30.0,2,要注意(取引数不足),59.9
ema_cross(EMA5/20),ema_cross,5,8,16時台,月,なし,ATR高,5,20,48,62.5,6.0,5.0,-8.0,1.042,-40.0,3,27,70.4,31.0,5.0,-8.0,1.484,-27.0,2,要注意(取引数不足),59.8
ema_cross(EMA5/20),ema_cross,5,10,22時台,月,下降のみ,なし,5,20,38,63.2,-22.4,4.9,-10.0,0.84,-50.0,2,17,76.5,20.4,4.65,-10.0,1.51,-20.0,2,要注意(取引数不足),59.8
ema_cross(EMA5/20),ema_cross,5,15,全時間,月,下降のみ,ATR高,5,20,218,68.8,-257.2,5.0,-14.81,0.745,-330.0,5,71,80.3,75.0,5.0,-15.0,1.357,-50.0,2,要注意(取引数不足),59.7
ema_cross(EMA5/20),ema_cross,5,15,9時台,火,なし,なし,5,20,146,76.0,30.0,5.0,-15.0,1.057,-85.0,3,51,80.4,55.0,5.0,-15.0,1.367,-60.0,1,要注意(取引数不足),59.7
ema_cross(EMA5/20),ema_cross,5,15,9時台,金,順方向のみ,なし,5,20,44,65.9,-70.3,5.0,-14.35,0.673,-95.3,2,16,81.2,20.0,5.0,-15.0,1.444,-15.0,1,要注意(取引数不足),59.7
ema_cross(EMA5/20),ema_cross,5,12,10時台,木,なし,なし,5,20,116,69.8,-15.0,5.0,-12.0,0.964,-92.0,4,44,77.3,50.0,5.0,-12.0,1.417,-24.0,2,要注意(取引数不足),59.6
ema_cross(EMA5/20),ema_cross,5,12,東京(9-15),金,レンジのみ,直近30分変動大,5,20,115,68.7,-37.0,5.0,-12.0,0.914,-102.0,3,40,77.5,47.0,5.0,-12.0,1.435,-41.0,2,要注意(取引数不足),59.5
ema_cross(EMA5/20),ema_cross,5,12,9時台,金,上昇のみ,直近30分変動大,5,20,22,72.7,8.0,5.0,-12.0,1.111,-60.0,5,9,77.8,11.0,5.0,-12.0,1.458,-12.0,1,要注意(取引数不足),59.5
ema_cross(EMA5/20),ema_cross,5,12,10時台,月,上昇のみ,直近30分変動大,5,20,25,64.0,-28.0,5.0,-12.0,0.741,-52.0,4,9,77.8,11.0,5.0,-12.0,1.458,-12.0,1,要注意(取引数不足),59.5
ema_cross(EMA5/20),ema_cross,5,10,16時台,水,なし,ATR高,5,20,52,57.7,-70.0,5.0,-10.0,0.682,-80.0,3,23,73.9,25.0,5.0,-10.0,1.417,-20.0,1,要注意(取引数不足),59.4
ema_cross(EMA5/20),ema_cross,5,12,10時台,水,上昇のみ,ATR高,5,20,16,62.5,-22.0,5.0,-12.0,0.694,-42.0,2,9,77.8,11.0,5.0,-12.0,1.458,-14.0,1,要注意(取引数不足),59.4
ema_cross(EMA5/20),ema_cross,5,10,NY(21-24),水,上昇のみ,なし,5,20,105,62.9,-34.3,5.0,-9.34,0.906,-67.1,3,51,74.5,63.7,5.0,-9.72,1.504,-40.0,4,要注意(取引数不足),59.3
ema_cross(EMA5/20),ema_cross,5,12,16時台,水,レンジのみ,直近30分変動大,5,20,24,62.5,-33.0,5.0,-12.0,0.694,-53.0,2,9,77.8,11.0,5.0,-12.0,1.458,-19.0,1,要注意(取引数不足),59.3
ema_cross(EMA5/20),ema_cross,5,15,10時台,全曜日,下降のみ,ATR高,5,20,84,75.0,0.0,5.0,-15.0,1.0,-70.0,4,32,81.2,40.0,5.0,-15.0,1.444,-30.0,2,要注意(取引数不足),59.3
ema_cross(EMA5/20),ema_cross,5,5,16時台,全曜日,なし,ATR低,5,20,136,49.3,-10.0,5.0,-5.0,0.971,-85.0,7,49,59.2,45.0,5.0,-5.0,1.45,-15.0,3,要注意(取引数不足),59.2
ema_cross(EMA5/20),ema_cross,5,15,NY(21-24),金,上昇のみ,ATR高,5,20,71,73.2,-10.7,5.0,-14.25,0.96,-105.7,3,11,81.8,15.0,5.0,-15.0,1.5,-15.0,2,要注意(取引数不足),59.2
ema_cross(EMA5/20),ema_cross,5,15,9時台,月,上昇のみ,ATR高,5,20,15,80.0,15.0,5.0,-15.0,1.333,-20.0,1,11,81.8,15.0,5.0,-15.0,1.5,-15.0,1,要注意(取引数不足),59.2
ema_cross(EMA5/20),ema_cross,5,5,21時台,月,なし,ATR低,5,20,26,53.8,10.0,5.0,-5.0,1.167,-10.0,2,10,60.0,10.0,5.0,-5.0,1.5,-10.0,2,要注意(取引数不足),59.1
ema_cross(EMA5/20),ema_cross,5,5,22時台,水,なし,ATR低,5,20,12,50.0,6.0,5.0,-4.0,1.25,-16.9,4,10,60.0,10.0,5.0,-5.0,1.5,-10.0,2,要注意(取引数不足),59.1
ema_cross(EMA5/20),ema_cross,5,10,ロンドン(16-21),全曜日,下降のみ,ATR低,5,20,89,68.5,25.0,5.0,-10.0,1.089,-65.0,3,31,74.2,35.0,5.0,-10.0,1.438,-20.0,2,要注意(取引数不足),59.1
ema_cross(EMA5/20),ema_cross,5,10,NY(21-24),水,レンジのみ,ATR低,5,20,7,57.1,-10.0,5.0,-10.0,0.667,-20.0,2,8,75.0,10.0,5.0,-10.0,1.5,-10.0,2,要注意(取引数不足),59.0
ema_cross(EMA5/20),ema_cross,5,12,全時間,木,順方向のみ,ATR低,5,20,210,69.5,-30.8,4.97,-11.82,0.959,-150.0,3,91,74.7,74.2,5.0,-11.56,1.279,-40.0,2,要注意(取引数不足),59.0
ema_cross(EMA5/20),ema_cross,5,15,東京(9-15),金,なし,ATR低,5,20,170,78.2,119.7,5.0,-14.74,1.22,-100.0,3,62,80.6,70.0,5.0,-15.0,1.389,-35.0,2,要注意(取引数不足),59.0
ema_cross(EMA5/20),ema_cross,5,15,9時台,火,レンジのみ,直近30分変動大,5,20,30,80.0,30.0,5.0,-15.0,1.333,-45.0,3,11,81.8,15.0,5.0,-15.0,1.5,-25.0,1,要注意(取引数不足),59.0
ema_cross(EMA5/20),ema_cross,5,10,NY(21-24),水,なし,ATR低,5,20,24,58.3,-8.3,5.0,-7.83,0.894,-45.8,4,26,73.1,28.7,5.0,-9.47,1.433,-10.0,2,要注意(取引数不足),58.8
ema_cross(EMA5/20),ema_cross,5,10,9時台,木,順方向のみ,直近30分変動大,5,20,15,80.0,30.0,5.0,-10.0,2.0,-20.0,2,9,77.8,15.0,5.0,-10.0,1.75,-20.0,2,要注意(取引数不足),58.8
ema_cross(EMA5/20),ema_cross,5,10,10時台,月,なし,直近30分変動大,5,20,57,64.9,-15.0,5.0,-10.0,0.925,-75.0,4,19,73.7,20.0,5.0,-10.0,1.4,-15.0,1,要注意(取引数不足),58.8
ema_cross(EMA5/20),ema_cross,5,10,22時台,火,下降のみ,直近30分変動大,5,20,32,50.0,-80.0,5.0,-10.0,0.5,-95.0,3,8,75.0,10.0,5.0,-10.0,1.5,-20.0,2,要注意(取引数不足),58.8
ema_cross(EMA5/20),ema_cross,5,5,21時台,月,下降のみ,ATR高,5,20,33,33.3,-55.0,5.0,-5.0,0.5,-75.0,6,5,60.0,5.0,5.0,-5.0,1.5,-10.0,2,要注意(取引数不足),58.7
ema_cross(EMA5/20),ema_cross,5,8,東京(9-15),木,レンジのみ,ATR低,5,20,78,51.3,-104.0,5.0,-8.0,0.658,-108.0,5,20,70.0,22.0,5.0,-8.0,1.458,-25.0,2,要注意(取引数不足),58.6
ema_cross(EMA5/20),ema_cross,5,10,全時間,月,下降のみ,ATR低,5,20,121,65.3,-19.4,5.0,-9.87,0.953,-95.0,5,46,73.9,45.4,4.86,-10.0,1.378,-25.0,2,要注意(取引数不足),58.6
ema_cross(EMA5/20),ema_cross,5,10,ロンドン(16-21),木,上昇のみ,ATR高,5,20,72,61.1,-60.0,5.0,-10.0,0.786,-80.0,3,27,74.1,30.0,5.0,-10.0,1.429,-20.0,2,要注意(取引数不足),58.6
ema_cross(EMA5/20),ema_cross,5,15,東京(9-15),全曜日,レンジのみ,ATR高,5,20,221,75.1,5.0,5.0,-15.0,1.006,-135.0,3,83,79.5,75.0,5.0,-15.0,1.294,-60.0,2,要注意(取引数不足),58.5
ema_cross(EMA5/20),ema_cross,5,12,22時台,金,下降のみ,ATR低,5,20,2,100.0,10.0,5.0,0.0,999.0,0.0,0,3,66.7,5.8,5.0,-4.2,2.381,0.0,1,要注意(取引数不足),58.4
ema_cross(EMA5/20),ema_cross,5,15,東京(9-15),水,レンジのみ,ATR低,5,20,69,66.7,-101.5,5.0,-14.41,0.694,-135.0,4,22,81.8,30.0,5.0,-15.0,1.5,-30.0,3,要注意(取引数不足),58.4
ema_cross(EMA5/20),ema_cross,5,12,10時台,金,上昇のみ,なし,5,20,43,62.8,-57.0,5.0,-12.0,0.703,-104.0,3,18,77.8,22.0,5.0,-12.0,1.458,-33.0,2,要注意(取引数不足),58.3
ema_cross(EMA5/20),ema_cross,5,12,16時台,全曜日,なし,ATR低,5,20,113,74.3,84.6,5.0,-11.57,1.252,-63.0,3,41,75.6,46.1,5.0,-10.89,1.423,-21.9,2,要注意(取引数不足),58.3
ema_cross(EMA5/20),ema_cross,5,5,東京(9-15),月,レンジのみ,直近30分変動大,5,20,85,51.8,15.0,5.0,-5.0,1.073,-45.0,6,32,59.4,30.0,5.0,-5.0,1.462,-15.0,3,要注意(取引数不足),58.2
ema_cross(EMA5/20),ema_cross,5,8,21時台,水,上昇のみ,なし,5,20,61,63.9,26.2,5.0,-7.67,1.155,-46.0,4,23,69.6,24.0,5.0,-8.0,1.429,-19.0,2,要注意(取引数不足),58.2
ema_cross(EMA5/20),ema_cross,5,10,16時台,全曜日,レンジのみ,なし,5,20,196,64.3,-70.5,5.0,-10.0,0.899,-105.5,3,82,72.0,65.0,5.0,-10.0,1.283,-45.0,2,要注意(取引数不足),58.2
ema_cross(EMA5/20),ema_cross,5,5,東京(9-15),金,レンジのみ,ATR低,5,20,69,55.1,35.0,5.0,-5.0,1.226,-30.0,4,22,59.1,20.0,5.0,-5.0,1.444,-15.0,2,要注意(取引数不足),58.1
ema_cross(EMA5/20),ema_cross,5,12,9時台,木,なし,ATR低,5,20,58,70.7,1.0,5.0,-12.0,1.005,-76.0,3,13,76.9,14.0,5.0,-12.0,1.389,-12.0,1,要注意(取引数不足),58.1
ema_cross(EMA5/20),ema_cross,5,12,16時台,火,レンジのみ,直近30分変動大,5,20,16,68.8,-5.0,5.0,-12.0,0.917,-28.0,2,13,76.9,14.0,5.0,-12.0,1.389,-12.0,1,要注意(取引数不足),58.1
ema_cross(EMA5/20),ema_cross,5,12,22時台,金,なし,ATR低,5,20,12,41.7,-36.3,5.0,-8.76,0.408,-36.0,4,9,66.7,8.0,4.23,-5.8,1.46,-4.2,2,要注意(取引数不足),58.1
ema_cross(EMA5/20),ema_cross,5,8,10時台,木,レンジのみ,直近30分変動大,5,20,20,65.0,9.0,5.0,-8.0,1.161,-14.0,1,10,70.0,11.0,5.0,-8.0,1.458,-16.0,2,要注意(取引数不足),58.0
ema_cross(EMA5/20),ema_cross,5,5,東京(9-15),水,レンジのみ,ATR高,5,20,61,52.5,15.0,5.0,-5.0,1.103,-45.0,6,15,60.0,15.0,5.0,-5.0,1.5,-15.0,3,要注意(取引数不足),57.9
ema_cross(EMA5/20),ema_cross,5,10,東京(9-15),水,下降のみ,ATR高,5,20,46,60.9,-40.0,5.0,-10.0,0.778,-55.0,4,23,73.9,25.0,5.0,-10.0,1.417,-20.0,2,要注意(取引数不足),57.9
ema_cross(EMA5/20),ema_cross,5,10,16時台,火,順方向のみ,なし,5,20,51,54.9,-90.0,5.0,-10.0,0.609,-110.0,5,15,73.3,15.0,5.0,-10.0,1.375,-10.0,1,要注意(取引数不足),57.9
ema_cross(EMA5/20),ema_cross,5,12,東京(9-15),金,下降のみ,なし,5,20,204,65.7,-170.0,5.0,-12.0,0.798,-211.0,4,81,75.3,65.0,5.0,-12.0,1.271,-45.0,2,要注意(取引数不足),57.9
ema_cross(EMA5/20),ema_cross,5,5,9時台,金,順方向のみ,なし,5,20,46,50.0,0.0,5.0,-5.0,1.0,-25.0,3,17,58.8,15.0,5.0,-5.0,1.429,-10.0,2,要注意(取引数不足),57.8
ema_cross(EMA5/20),ema_cross,5,8,16時台,水,下降のみ,ATR高,5,20,17,70.6,20.0,5.0,-8.0,1.5,-14.0,1,14,71.4,18.0,5.0,-8.0,1.562,-16.0,2,要注意(取引数不足),57.8
ema_cross(EMA5/20),ema_cross,5,10,東京(9-15),金,なし,ATR高,5,20,213,66.2,-15.0,5.0,-10.0,0.979,-195.0,5,70,72.9,65.0,5.0,-10.0,1.342,-35.0,3,要注意(取引数不足),57.8
ema_cross(EMA5/20),ema_cross,5,12,東京(9-15),水,下降のみ,ATR高,5,20,46,67.4,-25.0,5.0,-12.0,0.861,-75.0,4,22,77.3,25.0,5.0,-12.0,1.417,-24.0,2,要注意(取引数不足),57.8
ema_cross(EMA5/20),ema_cross,5,12,東京(9-15),水,レンジのみ,なし,5,20,209,65.6,-179.0,5.0,-12.0,0.793,-203.0,4,68,76.5,68.0,5.0,-12.0,1.354,-50.0,3,要注意(取引数不足),57.8
ema_cross(EMA5/20),ema_cross,5,12,21時台,水,上昇のみ,直近30分変動大,5,20,15,66.7,-10.0,5.0,-12.0,0.833,-25.0,2,9,77.8,11.0,5.0,-12.0,1.458,-24.0,2,要注意(取引数不足),57.8
ema_cross(EMA5/20),ema_cross,5,5,NY(21-24),火,上昇のみ,ATR高,5,20,77,27.3,-175.0,5.0,-5.0,0.375,-185.0,9,17,58.8,15.0,5.0,-5.0,1.429,-15.0,2,要注意(取引数不足),57.7
ema_cross(EMA5/20),ema_cross,5,5,10時台,木,なし,なし,5,20,138,49.3,-10.0,5.0,-5.0,0.971,-80.0,6,48,58.3,40.0,5.0,-5.0,1.4,-20.0,3,要注意(取引数不足),57.7
ema_cross(EMA5/20),ema_cross,5,8,22時台,火,上昇のみ,なし,5,20,72,41.7,-183.4,5.0,-7.94,0.45,-175.4,4,29,69.0,28.0,5.0,-8.0,1.389,-16.0,2,要注意(取引数不足),57.7
ema_cross(EMA5/20),ema_cross,5,8,ロンドン(16-21),木,上昇のみ,ATR高,5,20,75,60.0,-15.0,5.0,-8.0,0.938,-44.0,3,29,69.0,28.0,5.0,-8.0,1.389,-19.0,2,要注意(取引数不足),57.6
ema_cross(EMA5/20),ema_cross,5,8,22時台,火,上昇のみ,直近30分変動大,5,20,39,35.9,-130.0,5.0,-8.0,0.35,-145.0,10,19,68.4,17.0,5.0,-8.0,1.354,-11.0,1,要注意(取引数不足),57.6
ema_cross(EMA5/20),ema_cross,5,12,16時台,全曜日,レンジのみ,なし,5,20,187,66.3,-136.5,5.0,-12.0,0.819,-142.5,3,81,75.3,65.0,5.0,-12.0,1.271,-57.0,2,要注意(取引数不足),57.6
ema_cross(EMA5/20),ema_cross,5,15,ロンドン(16-21),火,順方向のみ,直近30分変動大,5,20,52,69.2,-60.0,5.0,-15.0,0.75,-95.0,2,26,80.8,30.0,5.0,-15.0,1.4,-30.0,2,要注意(取引数不足),57.6
ema_cross(EMA5/20),ema_cross,5,15,10時台,月,レンジのみ,直近30分変動大,5,20,15,93.3,55.0,5.0,-15.0,4.667,-15.0,1,7,85.7,15.0,5.0,-15.0,2.0,-15.0,1,要注意(取引数不足),57.6
ema_cross(EMA5/20),ema_cross,5,10,全時間,火,下降のみ,ATR低,5,20,175,59.4,-190.0,5.0,-10.0,0.732,-215.0,4,55,72.7,50.0,5.0,-10.0,1.333,-55.0,2,要注意(取引数不足),57.5
ema_cross(EMA5/20),ema_cross,5,12,21時台,木,上昇のみ,なし,5,20,65,76.9,70.0,5.0,-12.0,1.389,-40.0,3,28,78.6,38.0,5.0,-12.0,1.528,-36.0,3,要注意(取引数不足),57.5
ema_cross(EMA5/20),ema_cross,5,8,全時間,木,上昇のみ,ATR高,5,20,309,60.2,-54.0,5.0,-8.0,0.945,-152.0,7,92,67.4,70.0,5.0,-8.0,1.292,-53.0,3,要注意(取引数不足),57.4
ema_cross(EMA5/20),ema_cross,5,8,16時台,全曜日,なし,ATR低,5,20,122,61.5,4.1,5.0,-7.89,1.011,-102.0,5,44,68.2,38.0,5.0,-8.0,1.339,-19.0,2,要注意(取引数不足),57.4
ema_cross(EMA5/20),ema_cross,5,10,東京(9-15),水,レンジのみ,なし,5,20,224,63.8,-95.0,5.0,-10.0,0.883,-135.0,4,73,72.6,65.0,5.0,-10.0,1.325,-40.0,3,要注意(取引数不足),57.4
ema_cross(EMA5/20),ema_cross,5,5,10時台,月,レンジのみ,ATR高,5,20,17,58.8,15.0,5.0,-5.0,1.429,-10.0,2,5,60.0,5.0,5.0,-5.0,1.5,-5.0,1,要注意(取引数不足),57.3
ema_cross(EMA5/20),ema_cross,5,10,22時台,水,なし,ATR低,5,20,10,80.0,36.0,5.0,-2.0,10.0,-2.1,1,9,77.8,18.7,5.0,-8.15,2.147,-10.0,1,要注意(取引数不足),57.3
ema_cross(EMA5/20),ema_cross,5,12,NY(21-24),水,上昇のみ,直近30分変動大,5,20,37,54.1,-104.0,5.0,-12.0,0.49,-112.0,3,26,76.9,28.0,5.0,-12.0,1.389,-30.0,2,要注意(取引数不足),57.3
ema_cross(EMA5/20),ema_cross,5,15,NY(21-24),水,上昇のみ,直近30分変動大,5,20,36,55.6,-140.0,5.0,-15.0,0.417,-145.0,3,26,80.8,30.0,5.0,-15.0,1.4,-45.0,2,要注意(取引数不足),57.3
ema_cross(EMA5/20),ema_cross,5,12,NY(21-24),火,下降のみ,直近30分変動大,5,20,57,63.2,-72.0,5.0,-12.0,0.714,-103.0,3,17,76.5,17.0,5.0,-12.0,1.354,-26.0,1,要注意(取引数不足),57.2
ema_cross(EMA5/20),ema_cross,5,8,東京(9-15),金,上昇のみ,ATR高,5,20,58,58.6,-22.0,5.0,-8.0,0.885,-59.0,5,20,70.0,22.0,5.0,-8.0,1.458,-27.0,3,要注意(取引数不足),57.1
ema_cross(EMA5/20),ema_cross,5,10,9時台,火,レンジのみ,なし,5,20,69,68.1,15.0,5.0,-10.0,1.068,-50.0,3,19,73.7,20.0,5.0,-10.0,1.4,-25.0,2,要注意(取引数不足),57.1
ema_cross(EMA5/20),ema_cross,5,15,東京(9-15),水,レンジのみ,なし,5,20,198,69.7,-200.7,5.0,-14.85,0.775,-265.7,3,65,80.0,65.0,5.0,-15.0,1.333,-45.0,3,要注意(取引数不足),57.1
ema_cross(EMA5/20),ema_cross,5,10,16時台,月,下降のみ,ATR高,5,20,15,73.3,15.0,5.0,-10.0,1.375,-10.0,1,12,75.0,15.0,5.0,-10.0,1.5,-20.0,2,要注意(取引数不足),57.0
ema_cross(EMA5/20),ema_cross,5,12,全時間,火,下降のみ,ATR低,5,20,161,62.7,-215.0,5.0,-12.0,0.701,-249.0,5,54,75.9,49.0,5.0,-12.0,1.314,-56.0,2,要注意(取引数不足),56.9
ema_cross(EMA5/20),ema_cross,5,12,NY(21-24),木,上昇のみ,なし,5,20,118,76.3,123.3,5.0,-11.67,1.377,-86.0,3,41,78.0,52.0,5.0,-12.0,1.481,-36.0,3,要注意(取引数不足),56.9
ema_cross(EMA5/20),ema_cross,5,15,全時間,火,レンジのみ,ATR低,5,20,208,69.7,-224.6,4.97,-15.0,0.762,-260.0,6,76,78.9,60.0,5.0,-15.0,1.25,-45.0,2,要注意(取引数不足),56.9
ema_cross(EMA5/20),ema_cross,5,5,22時台,木,レンジのみ,なし,5,20,32,40.6,-30.0,5.0,-5.0,0.684,-35.0,4,12,58.3,10.0,5.0,-5.0,1.4,-5.0,2,要注意(取引数不足),56.8
ema_cross(EMA5/20),ema_cross,5,10,NY(21-24),木,上昇のみ,なし,5,20,122,74.6,145.0,5.0,-10.0,1.468,-55.0,3,41,75.6,55.0,5.0,-10.0,1.55,-40.0,4,要注意(取引数不足),56.8
ema_cross(EMA5/20),ema_cross,5,5,10時台,木,上昇のみ,なし,5,20,46,47.8,-10.0,5.0,-5.0,0.917,-40.0,6,12,58.3,10.0,5.0,-5.0,1.4,-10.0,2,要注意(取引数不足),56.7
ema_cross(EMA5/20),ema_cross,5,5,16時台,月,レンジのみ,直近30分変動大,5,20,29,34.5,-45.0,5.0,-5.0,0.526,-60.0,7,12,58.3,10.0,5.0,-5.0,1.4,-10.0,2,要注意(取引数不足),56.7
ema_cross(EMA5/20),ema_cross,5,5,16時台,水,なし,ATR低,5,20,27,37.0,-35.0,5.0,-5.0,0.588,-45.0,4,12,58.3,10.0,5.0,-5.0,1.4,-10.0,2,要注意(取引数不足),56.7
ema_cross(EMA5/20),ema_cross,5,8,22時台,月,下降のみ,なし,5,20,39,64.1,10.6,4.9,-8.0,1.095,-32.0,2,17,70.6,15.4,4.62,-8.0,1.385,-16.0,2,要注意(取引数不足),56.6
ema_cross(EMA5/20),ema_cross,5,15,全時間,月,下降のみ,ATR低,5,20,109,73.4,-39.8,4.94,-15.0,0.909,-150.0,4,42,81.0,45.4,4.86,-15.0,1.378,-45.0,3,要注意(取引数不足),56.5
ema_cross(EMA5/20),ema_cross,5,15,全時間,水,レンジのみ,直近30分変動大,5,20,254,71.3,-190.0,5.0,-15.0,0.826,-230.0,3,135,77.8,75.0,5.0,-15.0,1.167,-60.0,3,要注意(取引数不足),56.5
ema_cross(EMA5/20),ema_cross,5,5,16時台,水,なし,なし,5,20,154,46.1,-60.0,5.0,-5.0,0.855,-125.0,8,65,56.9,45.0,5.0,-5.0,1.321,-35.0,3,要注意(取引数不足),56.4
ema_cross(EMA5/20),ema_cross,5,10,東京(9-15),水,レンジのみ,ATR低,5,20,75,64.0,-30.0,5.0,-10.0,0.889,-85.0,5,26,73.1,25.0,5.0,-10.0,1.357,-30.0,2,要注意(取引数不足),56.4
ema_cross(EMA5/20),ema_cross,5,10,9時台,月,上昇のみ,ATR低,5,20,8,75.0,10.0,5.0,-10.0,1.5,-20.0,2,4,75.0,5.0,5.0,-10.0,1.5,0.0,1,要注意(取引数不足),56.4
ema_cross(EMA5/20),ema_cross,5,12,16時台,火,レンジのみ,ATR低,5,20,6,83.3,13.0,5.0,-12.0,2.083,-12.0,1,5,80.0,8.0,5.0,-12.0,1.667,-12.0,1,要注意(取引数不足),56.4
ema_cross(EMA5/20),ema_cross,5,15,NY(21-24),月,下降のみ,ATR高,5,20,47,63.8,-92.2,5.0,-14.25,0.619,-107.2,4,10,80.0,10.0,5.0,-15.0,1.333,-15.0,1,要注意(取引数不足),56.3
ema_cross(EMA5/20),ema_cross,5,5,ロンドン(16-21),水,なし,ATR低,5,20,100,47.0,-26.7,5.0,-4.94,0.898,-61.7,5,37,56.8,25.0,5.0,-5.0,1.312,-10.0,2,要注意(取引数不足),56.2
ema_cross(EMA5/20),ema_cross,5,5,16時台,金,上昇のみ,ATR高,5,20,21,38.1,-25.0,5.0,-5.0,0.615,-35.0,4,7,57.1,5.0,5.0,-5.0,1.333,-5.0,1,要注意(取引数不足),56.2
ema_cross(EMA5/20),ema_cross,5,10,22時台,火,下降のみ,なし,5,20,53,54.7,-95.0,5.0,-10.0,0.604,-105.0,4,15,73.3,15.0,5.0,-10.0,1.375,-20.0,2,要注意(取引数不足),56.2
ema_cross(EMA5/20),ema_cross,5,12,全時間,月,下降のみ,ATR高,5,20,231,65.8,-186.1,5.0,-11.98,0.803,-246.1,5,75,74.7,52.0,5.0,-12.0,1.228,-40.0,2,要注意(取引数不足),56.2
ema_cross(EMA5/20),ema_cross,5,12,10時台,金,上昇のみ,直近30分変動大,5,20,22,59.1,-43.0,5.0,-12.0,0.602,-79.0,5,13,76.9,14.0,5.0,-12.0,1.389,-31.0,2,要注意(取引数不足),56.2
ema_cross(EMA5/20),ema_cross,5,15,東京(9-15),木,レンジのみ,なし,5,20,179,70.4,-169.6,4.96,-15.0,0.787,-215.0,8,67,80.6,75.0,5.0,-15.0,1.385,-100.0,4,要注意(取引数不足),56.2
ema_cross(EMA5/20),ema_cross,5,15,東京(9-15),金,順方向のみ,なし,5,20,198,77.8,119.7,5.0,-14.78,1.184,-105.0,3,75,80.0,75.0,5.0,-15.0,1.333,-55.0,3,要注意(取引数不足),56.2
ema_cross(EMA5/20),ema_cross,5,15,ロンドン(16-21),全曜日,順方向のみ,ATR低,5,20,152,70.4,-57.7,4.96,-13.08,0.902,-83.0,4,71,77.5,63.8,4.93,-12.96,1.308,-75.0,3,要注意(取引数不足),56.2
ema_cross(EMA5/20),ema_cross,5,10,ロンドン(16-21),水,レンジのみ,ATR高,5,20,40,60.0,-40.0,5.0,-10.0,0.75,-60.0,2,15,73.3,15.0,5.0,-10.0,1.375,-25.0,2,要注意(取引数不足),56.1
ema_cross(EMA5/20),ema_cross,5,10,NY(21-24),水,上昇のみ,ATR高,5,20,43,48.8,-115.0,5.0,-10.0,0.477,-125.0,4,16,75.0,20.0,5.0,-10.0,1.5,-40.0,4,要注意(取引数不足),56.1
ema_cross(EMA5/20),ema_cross,5,10,NY(21-24),木,上昇のみ,ATR高,5,20,76,67.1,5.0,5.0,-10.0,1.02,-80.0,3,15,73.3,15.0,5.0,-10.0,1.375,-25.0,2,要注意(取引数不足),56.1
ema_cross(EMA5/20),ema_cross,5,5,NY(21-24),水,上昇のみ,ATR高,5,20,49,42.9,-35.0,5.0,-5.0,0.75,-45.0,5,17,58.8,15.0,5.0,-5.0,1.429,-25.0,3,要注意(取引数不足),56.0
ema_cross(EMA5/20),ema_cross,5,8,NY(21-24),月,下降のみ,直近30分変動大,5,20,46,56.5,-30.0,5.0,-8.0,0.812,-52.0,3,19,68.4,17.0,5.0,-8.0,1.354,-22.0,2,要注意(取引数不足),55.9
ema_cross(EMA5/20),ema_cross,5,15,ロンドン(16-21),火,下降のみ,ATR低,5,20,19,57.9,-65.0,5.0,-15.0,0.458,-80.0,3,5,80.0,5.0,5.0,-15.0,1.333,-15.0,1,要注意(取引数不足),55.9
ema_cross(EMA5/20),ema_cross,5,15,NY(21-24),月,レンジのみ,ATR高,5,20,24,66.7,-19.0,5.0,-12.38,0.808,-56.6,3,5,80.0,5.0,5.0,-15.0,1.333,-15.0,1,要注意(取引数不足),55.9
ema_cross(EMA5/20),ema_cross,5,15,NY(21-24),木,下降のみ,ATR高,5,20,69,68.1,-90.3,5.0,-14.79,0.722,-105.3,3,5,80.0,5.0,5.0,-15.0,1.333,-15.0,1,要注意(取引数不足),55.9
ema_cross(EMA5/20),ema_cross,5,15,10時台,全曜日,なし,ATR高,5,20,233,72.5,-115.0,5.0,-15.0,0.88,-190.0,5,95,77.9,55.0,5.0,-15.0,1.175,-45.0,2,要注意(取引数不足),55.9
ema_cross(EMA5/20),ema_cross,5,15,10時台,火,下降のみ,ATR高,5,20,11,63.6,-25.0,5.0,-15.0,0.583,-40.0,1,5,80.0,5.0,5.0,-15.0,1.333,-15.0,1,要注意(取引数不足),55.9
ema_cross(EMA5/20),ema_cross,5,10,東京(9-15),全曜日,下降のみ,ATR低,5,20,286,67.5,35.0,5.0,-10.0,1.038,-70.0,4,68,72.1,55.0,5.0,-10.0,1.289,-50.0,3,要注意(取引数不足),55.8
ema_cross(EMA5/20),ema_cross,5,12,22時台,全曜日,上昇のみ,ATR高,5,20,166,66.3,-83.5,5.0,-11.31,0.868,-145.1,3,45,75.6,38.0,5.0,-12.0,1.288,-40.0,2,要注意(取引数不足),55.8
ema_cross(EMA5/20),ema_cross,5,15,NY(21-24),木,上昇のみ,直近30分変動大,5,20,68,75.0,0.0,5.0,-15.0,1.0,-60.0,3,26,80.8,30.0,5.0,-15.0,1.4,-45.0,3,要注意(取引数不足),55.8
ema_cross(EMA5/20),ema_cross,5,8,東京(9-15),月,下降のみ,ATR高,5,20,75,57.3,-41.0,5.0,-8.0,0.84,-109.0,7,31,67.7,25.0,5.0,-8.0,1.312,-20.0,2,要注意(取引数不足),55.7
ema_cross(EMA5/20),ema_cross,5,10,21時台,火,下降のみ,直近30分変動大,5,20,26,84.6,70.0,5.0,-10.0,2.75,-10.0,1,9,77.8,15.0,5.0,-10.0,1.75,-10.0,1,要注意(取引数不足),55.7
ema_cross(EMA5/20),ema_cross,5,12,東京(9-15),水,レンジのみ,直近30分変動大,5,20,96,61.5,-149.0,5.0,-12.0,0.664,-142.0,3,37,75.7,32.0,5.0,-12.0,1.296,-26.0,2,要注意(取引数不足),55.7
ema_cross(EMA5/20),ema_cross,5,12,21時台,月,順方向のみ,なし,5,20,44,72.7,16.0,5.0,-12.0,1.111,-32.0,2,17,76.5,17.0,5.0,-12.0,1.354,-24.0,2,要注意(取引数不足),55.7
ema_cross(EMA5/20),ema_cross,5,5,16時台,月,レンジのみ,なし,5,20,58,34.5,-90.0,5.0,-5.0,0.526,-95.0,9,21,57.1,15.0,5.0,-5.0,1.333,-10.0,2,要注意(取引数不足),55.6
ema_cross(EMA5/20),ema_cross,5,10,10時台,木,なし,なし,5,20,120,65.8,-15.0,5.0,-10.0,0.963,-100.0,5,46,71.7,35.0,5.0,-10.0,1.269,-25.0,2,要注意(取引数不足),55.6
ema_cross(EMA5/20),ema_cross,5,12,NY(21-24),木,上昇のみ,直近30分変動大,5,20,68,70.6,0.0,5.0,-12.0,1.0,-73.0,3,26,76.9,28.0,5.0,-12.0,1.389,-36.0,3,要注意(取引数不足),55.6
ema_cross(EMA5/20),ema_cross,5,12,9時台,全曜日,レンジのみ,直近30分変動大,5,20,139,69.1,-36.0,5.0,-12.0,0.93,-140.0,5,56,75.0,42.0,5.0,-12.0,1.25,-35.0,2,要注意(取引数不足),55.6
ema_cross(EMA5/20),ema_cross,5,10,10時台,水,なし,ATR高,5,20,51,60.8,-45.0,5.0,-10.0,0.775,-60.0,2,19,73.7,20.0,5.0,-10.0,1.4,-35.0,3,要注意(取引数不足),55.4
ema_cross(EMA5/20),ema_cross,5,12,東京(9-15),金,順方向のみ,なし,5,20,203,70.4,-5.0,5.0,-12.0,0.993,-143.0,4,76,75.0,57.0,5.0,-12.0,1.25,-43.0,3,要注意(取引数不足),55.4
ema_cross(EMA5/20),ema_cross,5,12,ロンドン(16-21),木,上昇のみ,ATR高,5,20,67,67.2,-39.0,5.0,-12.0,0.852,-71.0,3,25,76.0,23.0,5.0,-12.0,1.319,-24.0,2,要注意(取引数不足),55.4
ema_cross(EMA5/20),ema_cross,5,12,9時台,全曜日,レンジのみ,ATR低,5,20,101,73.3,46.0,5.0,-12.0,1.142,-45.0,3,30,76.7,31.0,5.0,-12.0,1.369,-38.0,3,要注意(取引数不足),55.4
ema_cross(EMA5/20),ema_cross,5,12,16時台,全曜日,レンジのみ,ATR高,5,20,64,60.9,-105.0,5.0,-12.0,0.65,-113.0,3,25,76.0,23.0,5.0,-12.0,1.319,-24.0,2,要注意(取引数不足),55.4
ema_cross(EMA5/20),ema_cross,5,12,22時台,火,上昇のみ,なし,5,20,66,57.6,-115.6,5.0,-10.91,0.622,-132.2,5,28,75.0,21.0,5.0,-12.0,1.25,-21.0,1,要注意(取引数不足),55.4
ema_cross(EMA5/20),ema_cross,5,5,16時台,木,レンジのみ,なし,5,20,43,60.5,45.0,5.0,-5.0,1.529,-20.0,3,15,60.0,15.0,5.0,-5.0,1.5,-10.0,2,要注意(取引数不足),55.1
ema_cross(EMA5/20),ema_cross,5,8,22時台,月,下降のみ,ATR低,5,20,4,25.0,-21.4,2.6,-8.0,0.108,-24.0,3,4,75.0,2.4,3.47,-8.0,1.3,-8.0,1,要注意(取引数不足),55.1
ema_cross(EMA5/20),ema_cross,5,15,東京(9-15),金,下降のみ,ATR高,5,20,83,72.3,-45.0,5.0,-15.0,0.87,-165.0,3,34,79.4,30.0,5.0,-15.0,1.286,-30.0,2,要注意(取引数不足),55.1
ema_cross(EMA5/20),ema_cross,5,15,NY(21-24),木,上昇のみ,ATR高,5,20,70,77.1,42.3,5.0,-14.23,1.186,-60.0,2,15,80.0,15.0,5.0,-15.0,1.333,-20.0,1,要注意(取引数不足),55.1
ema_cross(EMA5/20),ema_cross,5,15,10時台,全曜日,レンジのみ,ATR高,5,20,70,72.9,-30.0,5.0,-15.0,0.895,-85.0,2,33,78.8,25.0,5.0,-15.0,1.238,-35.0,1,要注意(取引数不足),55.1
ema_cross(EMA5/20),ema_cross,5,8,9時台,金,レンジのみ,直近30分変動大,5,20,35,68.6,32.0,5.0,-8.0,1.364,-38.0,4,13,69.2,13.0,5.0,-8.0,1.406,-17.0,1,要注意(取引数不足),55.0
ema_cross(EMA5/20),ema_cross,5,12,ロンドン(16-21),月,なし,ATR高,5,20,188,60.6,-312.8,5.0,-11.93,0.646,-327.0,5,70,74.3,44.0,5.0,-12.0,1.204,-45.0,2,要注意(取引数不足),55.0
ema_cross(EMA5/20),ema_cross,5,8,ロンドン(16-21),全曜日,順方向のみ,ATR低,5,20,160,56.9,-77.0,5.0,-7.71,0.855,-106.1,5,72,66.7,48.0,5.0,-8.0,1.25,-47.0,3,要注意(取引数不足),54.9
ema_cross(EMA5/20),ema_cross,5,8,9時台,金,上昇のみ,なし,5,20,50,60.0,-10.0,5.0,-8.0,0.938,-89.0,8,21,66.7,14.0,5.0,-8.0,1.25,-14.0,1,要注意(取引数不足),54.9
ema_cross(EMA5/20),ema_cross,5,10,全時間,月,下降のみ,ATR高,5,20,246,58.1,-315.0,5.0,-10.0,0.694,-355.0,5,76,71.1,50.0,5.0,-10.0,1.227,-30.0,3,要注意(取引数不足),54.9
ema_cross(EMA5/20),ema_cross,5,5,16時台,水,下降のみ,ATR高,5,20,17,52.9,5.0,5.0,-5.0,1.125,-20.0,4,14,57.1,10.0,5.0,-5.0,1.333,-10.0,2,要注意(取引数不足),54.8
ema_cross(EMA5/20),ema_cross,5,8,NY(21-24),月,なし,ATR低,5,20,34,61.8,21.0,5.0,-6.46,1.25,-19.0,2,17,70.6,15.4,4.62,-8.0,1.385,-17.0,2,要注意(取引数不足),54.8
ema_cross(EMA5/20),ema_cross,5,8,16時台,全曜日,レンジのみ,なし,5,20,208,59.6,-52.0,5.0,-8.0,0.923,-129.0,4,84,67.9,69.0,5.0,-8.0,1.319,-46.0,5,要注意(取引数不足),54.8
ema_cross(EMA5/20),ema_cross,5,10,ロンドン(16-21),火,下降のみ,ATR高,5,20,75,65.3,-15.0,5.0,-10.0,0.942,-95.0,4,42,71.4,30.0,5.0,-10.0,1.25,-25.0,2,要注意(取引数不足),54.8
ema_cross(EMA5/20),ema_cross,5,10,NY(21-24),月,下降のみ,ATR高,5,20,50,50.0,-125.0,5.0,-10.0,0.5,-140.0,5,11,72.7,10.0,5.0,-10.0,1.333,-20.0,2,要注意(取引数不足),54.8
ema_cross(EMA5/20),ema_cross,5,10,22時台,金,上昇のみ,ATR高,5,20,46,65.2,-5.4,5.0,-9.71,0.965,-45.4,3,11,72.7,10.0,5.0,-10.0,1.333,-20.0,2,要注意(取引数不足),54.8
ema_cross(EMA5/20),ema_cross,5,5,東京(9-15),全曜日,レンジのみ,ATR高,5,20,278,50.4,10.0,5.0,-5.0,1.014,-85.0,6,94,55.3,50.0,5.0,-5.0,1.238,-25.0,4,要注意(取引数不足),54.7
ema_cross(EMA5/20),ema_cross,5,5,22時台,金,順方向のみ,直近30分変動大,5,20,30,46.7,-10.0,5.0,-5.0,0.875,-25.0,5,7,57.1,5.0,5.0,-5.0,1.333,-5.0,2,要注意(取引数不足),54.7
ema_cross(EMA5/20),ema_cross,5,8,東京(9-15),金,上昇のみ,ATR低,5,20,82,64.6,33.0,5.0,-8.0,1.142,-76.0,5,31,67.7,25.0,5.0,-8.0,1.312,-19.0,2,要注意(取引数不足),54.7
ema_cross(EMA5/20),ema_cross,5,10,全時間,火,下降のみ,ATR高,5,20,261,66.7,0.0,5.0,-10.0,1.0,-115.0,5,108,70.4,60.0,5.0,-10.0,1.188,-75.0,3,要注意(取引数不足),54.7
ema_cross(EMA5/20),ema_cross,5,5,全時間,木,順方向のみ,ATR低,5,20,239,49.8,-0.6,5.0,-4.96,0.999,-105.0,6,102,56.9,70.0,5.0,-5.0,1.318,-30.0,6,要注意(取引数不足),54.6
ema_cross(EMA5/20),ema_cross,5,8,ロンドン(16-21),火,レンジのみ,ATR低,5,20,21,61.9,1.0,5.0,-8.0,1.016,-34.0,3,15,66.7,10.0,5.0,-8.0,1.25,-12.0,1,要注意(取引数不足),54.6
ema_cross(EMA5/20),ema_cross,5,10,東京(9-15),月,レンジのみ,直近30分変動大,5,20,82,63.4,-40.0,5.0,-10.0,0.867,-75.0,4,32,71.9,25.0,5.0,-10.0,1.278,-35.0,2,要注意(取引数不足),54.6
ema_cross(EMA5/20),ema_cross,5,10,ロンドン(16-21),水,順方向のみ,ATR低,5,20,39,69.2,24.9,5.0,-9.17,1.226,-25.1,3,15,73.3,15.0,5.0,-10.0,1.375,-20.0,2,要注意(取引数不足),54.6
ema_cross(EMA5/20),ema_cross,5,10,16時台,全曜日,レンジのみ,ATR高,5,20,69,59.4,-75.0,5.0,-10.0,0.732,-110.0,3,25,72.0,20.0,5.0,-10.0,1.286,-20.0,2,要注意(取引数不足),54.6
ema_cross(EMA5/20),ema_cross,5,5,16時台,金,上昇のみ,なし,5,20,63,41.3,-55.0,5.0,-5.0,0.703,-60.0,6,31,58.1,25.0,5.0,-5.0,1.385,-20.0,4,要注意(取引数不足),54.5
ema_cross(EMA5/20),ema_cross,5,12,9時台,金,順方向のみ,なし,5,20,44,59.1,-86.0,5.0,-12.0,0.602,-114.0,3,16,75.0,12.0,5.0,-12.0,1.25,-19.0,1,要注意(取引数不足),54.5
ema_cross(EMA5/20),ema_cross,5,5,ロンドン(16-21),木,なし,ATR低,5,20,76,50.0,0.0,5.0,-5.0,1.0,-35.0,4,36,55.6,20.0,5.0,-5.0,1.25,-15.0,2,要注意(取引数不足),54.4
ema_cross(EMA5/20),ema_cross,5,5,21時台,月,順方向のみ,なし,5,20,44,54.5,20.0,5.0,-5.0,1.2,-15.0,2,17,58.8,15.0,5.0,-5.0,1.429,-20.0,4,要注意(取引数不足),54.4
ema_cross(EMA5/20),ema_cross,5,8,16時台,金,上昇のみ,直近30分変動大,5,20,28,57.1,-9.5,5.0,-7.46,0.894,-20.5,4,12,66.7,8.0,5.0,-8.0,1.25,-11.0,1,要注意(取引数不足),54.4
ema_cross(EMA5/20),ema_cross,5,8,16時台,金,レンジのみ,直近30分変動大,5,20,20,60.0,-4.0,5.0,-8.0,0.938,-16.0,3,12,66.7,8.0,5.0,-8.0,1.25,-11.0,1,要注意(取引数不足),54.4
ema_cross(EMA5/20),ema_cross,5,10,全時間,木,上昇のみ,ATR高,5,20,298,64.4,-100.0,5.0,-10.0,0.906,-215.0,5,89,70.8,55.0,5.0,-10.0,1.212,-75.0,3,要注意(取引数不足),54.4
ema_cross(EMA5/20),ema_cross,5,10,東京(9-15),金,上昇のみ,ATR高,5,20,56,66.1,-5.0,5.0,-10.0,0.974,-85.0,5,18,72.2,15.0,5.0,-10.0,1.3,-25.0,2,要注意(取引数不足),54.4
ema_cross(EMA5/20),ema_cross,5,10,ロンドン(16-21),火,レンジのみ,ATR低,5,20,20,60.0,-20.0,5.0,-10.0,0.75,-55.0,4,14,71.4,10.0,5.0,-10.0,1.25,-20.0,1,要注意(取引数不足),54.4
ema_cross(EMA5/20),ema_cross,5,12,16時台,金,レンジのみ,直近30分変動大,5,20,20,65.0,-19.0,5.0,-12.0,0.774,-26.0,3,12,75.0,9.0,5.0,-12.0,1.25,-12.0,1,要注意(取引数不足),54.4
ema_cross(EMA5/20),ema_cross,5,15,東京(9-15),全曜日,下降のみ,ATR低,5,20,265,74.3,-30.1,4.98,-14.86,0.97,-155.0,4,66,78.8,50.0,5.0,-15.0,1.238,-45.0,3,要注意(取引数不足),54.4
ema_cross(EMA5/20),ema_cross,5,15,9時台,全曜日,レンジのみ,なし,5,20,271,77.5,135.0,5.0,-15.0,1.148,-115.0,3,85,78.8,65.0,5.0,-15.0,1.241,-70.0,2,要注意(取引数不足),54.4
ema_cross(EMA5/20),ema_cross,5,5,東京(9-15),木,順方向のみ,ATR低,5,20,84,48.8,-10.0,5.0,-5.0,0.953,-70.0,5,24,58.3,20.0,5.0,-5.0,1.4,-25.0,4,要注意(取引数不足),54.3
ema_cross(EMA5/20),ema_cross,5,5,9時台,木,順方向のみ,ATR高,5,20,8,62.5,10.0,5.0,-5.0,1.667,-5.0,2,5,60.0,5.0,5.0,-5.0,1.5,-5.0,1,要注意(取引数不足),54.3
ema_cross(EMA5/20),ema_cross,5,8,9時台,火,レンジのみ,なし,5,20,74,62.2,6.0,5.0,-8.0,1.027,-46.0,3,19,68.4,17.0,5.0,-8.0,1.354,-27.0,3,要注意(取引数不足),54.3
ema_cross(EMA5/20),ema_cross,5,5,ロンドン(16-21),水,なし,直近30分変動大,5,20,289,43.3,-195.0,5.0,-5.0,0.762,-215.0,9,126,54.0,50.0,5.0,-5.0,1.172,-45.0,4,要注意(取引数不足),54.2
ema_cross(EMA5/20),ema_cross,5,8,10時台,火,下降のみ,なし,5,20,28,60.7,-3.0,5.0,-8.0,0.966,-35.0,3,9,66.7,6.0,5.0,-8.0,1.25,-11.0,1,要注意(取引数不足),54.2
ema_cross(EMA5/20),ema_cross,5,8,16時台,全曜日,レンジのみ,ATR高,5,20,72,58.3,-30.0,5.0,-8.0,0.875,-83.0,4,25,68.0,21.0,5.0,-8.0,1.328,-24.0,3,要注意(取引数不足),54.1
ema_cross(EMA5/20),ema_cross,5,12,東京(9-15),木,レンジのみ,なし,5,20,192,65.6,-166.6,4.96,-12.0,0.79,-198.0,7,72,75.0,54.0,5.0,-12.0,1.25,-93.0,3,要注意(取引数不足),54.1
ema_cross(EMA5/20),ema_cross,5,12,NY(21-24),水,順方向のみ,ATR低,5,20,10,50.0,-17.2,5.0,-8.44,0.592,-21.8,2,8,75.0,6.0,5.0,-12.0,1.25,-12.0,1,要注意(取引数不足),54.1
ema_cross(EMA5/20),ema_cross,5,12,10時台,水,レンジのみ,直近30分変動大,5,20,22,68.2,-9.0,5.0,-12.0,0.893,-38.0,2,8,75.0,6.0,5.0,-12.0,1.25,-12.0,1,要注意(取引数不足),54.1
ema_cross(EMA5/20),ema_cross,5,5,9時台,月,なし,ATR低,5,20,26,69.2,50.0,5.0,-5.0,2.25,-15.0,3,8,62.5,10.0,5.0,-5.0,1.667,-10.0,2,要注意(取引数不足),54.0
ema_cross(EMA5/20),ema_cross,5,5,22時台,火,順方向のみ,なし,5,20,54,33.3,-90.0,5.0,-5.0,0.5,-100.0,7,21,57.1,15.0,5.0,-5.0,1.333,-15.0,3,要注意(取引数不足),54.0
ema_cross(EMA5/20),ema_cross,5,5,22時台,木,上昇のみ,なし,5,20,62,46.8,-20.0,5.0,-5.0,0.879,-55.0,4,16,56.2,10.0,5.0,-5.0,1.286,-10.0,2,要注意(取引数不足),54.0
ema_cross(EMA5/20),ema_cross,5,8,10時台,火,下降のみ,直近30分変動大,5,20,16,62.5,2.0,5.0,-8.0,1.042,-25.0,2,6,66.7,4.0,5.0,-8.0,1.25,-8.0,1,要注意(取引数不足),54.0
ema_cross(EMA5/20),ema_cross,5,8,10時台,木,上昇のみ,直近30分変動大,5,20,20,60.0,-4.0,5.0,-8.0,0.938,-38.0,4,6,66.7,4.0,5.0,-8.0,1.25,-11.0,1,要注意(取引数不足),54.0
ema_cross(EMA5/20),ema_cross,5,8,16時台,火,順方向のみ,直近30分変動大,5,20,19,52.6,-22.0,5.0,-8.0,0.694,-42.0,2,6,66.7,4.0,5.0,-8.0,1.25,-8.0,1,要注意(取引数不足),54.0
ema_cross(EMA5/20),ema_cross,5,8,16時台,水,順方向のみ,ATR低,5,20,7,42.9,-17.0,5.0,-8.0,0.469,-14.0,1,6,66.7,4.0,5.0,-8.0,1.25,-8.0,1,要注意(取引数不足),54.0
ema_cross(EMA5/20),ema_cross,5,8,21時台,火,下降のみ,ATR高,5,20,24,62.5,3.0,5.0,-8.0,1.042,-36.0,2,3,66.7,2.0,5.0,-8.0,1.25,0.0,1,要注意(取引数不足),54.0
ema_cross(EMA5/20),ema_cross,5,8,22時台,木,順方向のみ,直近30分変動大,5,20,26,57.7,-13.0,5.0,-8.0,0.852,-36.0,3,3,66.7,2.0,5.0,-8.0,1.25,0.0,1,要注意(取引数不足),54.0
ema_cross(EMA5/20),ema_cross,5,10,22時台,月,レンジのみ,直近30分変動大,5,20,21,61.9,-15.0,5.0,-10.0,0.812,-40.0,2,7,71.4,5.0,5.0,-10.0,1.25,-10.0,1,要注意(取引数不足),54.0
ema_cross(EMA5/20),ema_cross,5,12,10時台,木,順方向のみ,直近30分変動大,5,20,8,50.0,-28.0,5.0,-12.0,0.417,-43.0,3,8,75.0,6.0,5.0,-12.0,1.25,-14.0,1,要注意(取引数不足),54.0
ema_cross(EMA5/20),ema_cross,5,12,16時台,水,順方向のみ,ATR高,5,20,18,66.7,-12.0,5.0,-12.0,0.833,-50.0,3,8,75.0,6.0,5.0,-12.0,1.25,-14.0,1,要注意(取引数不足),54.0
ema_cross(EMA5/20),ema_cross,5,12,22時台,月,上昇のみ,ATR高,5,20,11,63.6,-5.7,5.0,-10.18,0.86,-18.7,2,4,75.0,3.0,5.0,-12.0,1.25,0.0,1,要注意(取引数不足),54.0
ema_cross(EMA5/20),ema_cross,5,12,22時台,火,上昇のみ,ATR低,5,20,8,62.5,-11.0,5.0,-12.0,0.694,-14.0,1,4,75.0,3.0,5.0,-12.0,1.25,0.0,1,要注意(取引数不足),54.0
ema_cross(EMA5/20),ema_cross,5,10,ロンドン(16-21),火,下降のみ,なし,5,20,163,65.6,-25.0,5.0,-10.0,0.955,-130.0,5,76,69.7,35.0,5.0,-10.0,1.152,-35.0,2,要注意(取引数不足),53.9
ema_cross(EMA5/20),ema_cross,5,12,16時台,火,順方向のみ,ATR高,5,20,15,60.0,-27.0,5.0,-12.0,0.625,-37.0,2,8,75.0,6.0,5.0,-12.0,1.25,-19.0,1,要注意(取引数不足),53.9
ema_cross(EMA5/20),ema_cross,5,12,21時台,月,下降のみ,直近30分変動大,5,20,26,65.4,-23.0,5.0,-12.0,0.787,-56.0,3,8,75.0,6.0,5.0,-12.0,1.25,-19.0,1,要注意(取引数不足),53.9
ema_cross(EMA5/20),ema_cross,5,12,22時台,金,なし,ATR高,5,20,99,68.7,-24.0,4.93,-11.59,0.933,-99.0,4,32,75.0,24.0,5.0,-12.0,1.25,-33.0,2,要注意(取引数不足),53.9
ema_cross(EMA5/20),ema_cross,5,8,9時台,月,順方向のみ,ATR低,5,20,5,20.0,-27.0,5.0,-8.0,0.156,-24.0,3,3,66.7,2.0,5.0,-8.0,1.25,-8.0,1,要注意(取引数不足),53.8
ema_cross(EMA5/20),ema_cross,5,8,16時台,火,下降のみ,直近30分変動大,5,20,20,50.0,-30.0,5.0,-8.0,0.625,-47.0,4,3,66.7,2.0,5.0,-8.0,1.25,-8.0,1,要注意(取引数不足),53.8
ema_cross(EMA5/20),ema_cross,5,8,16時台,金,上昇のみ,なし,5,20,59,52.5,-57.4,5.0,-7.59,0.73,-56.4,3,27,66.7,18.0,5.0,-8.0,1.25,-16.0,2,要注意(取引数不足),53.8
ema_cross(EMA5/20),ema_cross,5,8,21時台,木,下降のみ,ATR高,5,20,40,57.5,-21.0,5.0,-8.0,0.846,-34.0,4,3,66.7,2.0,5.0,-8.0,1.25,-8.0,1,要注意(取引数不足),53.8
ema_cross(EMA5/20),ema_cross,5,12,全時間,月,順方向のみ,ATR低,5,20,178,63.5,-215.9,4.96,-11.94,0.722,-250.1,4,51,74.5,34.0,5.0,-12.0,1.218,-59.0,2,要注意(取引数不足),53.8
ema_cross(EMA5/20),ema_cross,5,12,10時台,水,下降のみ,ATR高,5,20,14,71.4,2.0,5.0,-12.0,1.042,-36.0,3,4,75.0,3.0,5.0,-12.0,1.25,-12.0,1,要注意(取引数不足),53.8
ema_cross(EMA5/20),ema_cross,5,12,10時台,水,下降のみ,直近30分変動大,5,20,21,71.4,3.0,5.0,-12.0,1.042,-28.0,2,4,75.0,3.0,5.0,-12.0,1.25,-12.0,1,要注意(取引数不足),53.8
ema_cross(EMA5/20),ema_cross,5,12,21時台,月,順方向のみ,直近30分変動大,5,20,13,61.5,-20.0,5.0,-12.0,0.667,-28.0,2,4,75.0,3.0,5.0,-12.0,1.25,-12.0,1,要注意(取引数不足),53.8
ema_cross(EMA5/20),ema_cross,5,15,全時間,金,レンジのみ,ATR高,5,20,230,73.9,-40.8,5.0,-14.85,0.954,-190.0,5,59,78.0,35.0,5.0,-15.0,1.179,-35.0,2,要注意(取引数不足),53.8
ema_cross(EMA5/20),ema_cross,5,8,東京(9-15),全曜日,下降のみ,ATR低,5,20,297,65.0,133.0,5.0,-8.0,1.16,-47.0,4,73,67.1,53.0,5.0,-8.0,1.276,-45.0,3,要注意(取引数不足),53.7
ema_cross(EMA5/20),ema_cross,5,8,東京(9-15),金,なし,ATR低,5,20,191,63.9,58.0,5.0,-8.0,1.105,-72.0,5,69,66.7,46.0,5.0,-8.0,1.25,-24.0,3,要注意(取引数不足),53.7
ema_cross(EMA5/20),ema_cross,5,5,NY(21-24),火,上昇のみ,直近30分変動大,5,20,74,28.4,-160.0,5.0,-5.0,0.396,-175.0,14,32,56.2,20.0,5.0,-5.0,1.286,-15.0,3,要注意(取引数不足),53.6
ema_cross(EMA5/20),ema_cross,5,8,9時台,金,上昇のみ,ATR低,5,20,27,63.0,5.0,5.0,-8.0,1.062,-49.0,4,6,66.7,4.0,5.0,-8.0,1.25,-8.0,1,要注意(取引数不足),53.6
ema_cross(EMA5/20),ema_cross,5,8,東京(9-15),木,順方向のみ,ATR高,5,20,54,59.3,-16.0,5.0,-8.0,0.909,-45.0,3,24,66.7,16.0,5.0,-8.0,1.25,-21.0,2,要注意(取引数不足),53.5
ema_cross(EMA5/20),ema_cross,5,12,東京(9-15),全曜日,下降のみ,ATR低,5,20,276,71.0,15.2,4.98,-12.0,1.016,-118.0,4,67,74.6,46.0,5.0,-12.0,1.225,-66.0,3,要注意(取引数不足),53.5
ema_cross(EMA5/20),ema_cross,5,12,東京(9-15),木,順方向のみ,ATR低,5,20,74,66.2,-55.0,5.0,-12.0,0.817,-85.0,3,24,75.0,18.0,5.0,-12.0,1.25,-26.0,2,要注意(取引数不足),53.5
ema_cross(EMA5/20),ema_cross,5,12,9時台,金,レンジのみ,直近30分変動大,5,20,35,77.1,39.0,5.0,-12.0,1.406,-40.0,2,13,76.9,14.0,5.0,-12.0,1.389,-26.0,1,要注意(取引数不足),53.5
ema_cross(EMA5/20),ema_cross,5,10,22時台,火,順方向のみ,なし,5,20,52,55.8,-80.4,5.0,-9.8,0.643,-140.0,4,21,71.4,15.0,5.0,-10.0,1.25,-20.0,2,要注意(取引数不足),53.4
ema_cross(EMA5/20),ema_cross,5,15,東京(9-15),木,上昇のみ,直近30分変動大,5,20,89,75.3,5.0,5.0,-15.0,1.015,-90.0,2,42,78.6,30.0,5.0,-15.0,1.222,-60.0,2,要注意(取引数不足),53.4
ema_cross(EMA5/20),ema_cross,5,15,9時台,火,順方向のみ,なし,5,20,34,79.4,30.0,5.0,-15.0,1.286,-35.0,1,15,80.0,15.0,5.0,-15.0,1.333,-25.0,1,要注意(取引数不足),53.3
ema_cross(EMA5/20),ema_cross,5,8,NY(21-24),水,上昇のみ,なし,5,20,109,57.8,-37.9,5.0,-7.67,0.893,-73.0,5,52,67.3,39.0,5.0,-8.0,1.287,-35.0,4,要注意(取引数不足),53.2
ema_cross(EMA5/20),ema_cross,5,10,NY(21-24),木,上昇のみ,直近30分変動大,5,20,69,66.7,0.0,5.0,-10.0,1.0,-60.0,3,26,73.1,25.0,5.0,-10.0,1.357,-40.0,4,要注意(取引数不足),53.2
ema_cross(EMA5/20),ema_cross,5,15,東京(9-15),金,下降のみ,直近30分変動大,5,20,107,69.2,-125.0,5.0,-15.0,0.747,-200.0,4,45,77.8,29.4,5.0,-14.56,1.202,-50.0,2,要注意(取引数不足),53.2
ema_cross(EMA5/20),ema_cross,5,15,9時台,全曜日,レンジのみ,直近30分変動大,5,20,137,75.2,5.0,5.0,-15.0,1.01,-120.0,3,55,78.2,35.0,5.0,-15.0,1.194,-55.0,2,要注意(取引数不足),53.2
ema_cross(EMA5/20),ema_cross,5,5,21時台,水,上昇のみ,ATR低,5,20,12,41.7,-10.0,5.0,-5.0,0.714,-25.0,5,11,54.5,5.0,5.0,-5.0,1.2,-5.0,1,要注意(取引数不足),53.1
ema_cross(EMA5/20),ema_cross,5,10,22時台,水,上昇のみ,ATR高,5,20,27,55.6,-45.0,5.0,-10.0,0.625,-55.0,3,11,72.7,10.0,5.0,-10.0,1.333,-30.0,3,要注意(取引数不足),53.1
ema_cross(EMA5/20),ema_cross,5,12,16時台,月,レンジのみ,なし,5,20,46,58.7,-93.5,4.98,-12.0,0.59,-102.5,2,20,75.0,15.0,5.0,-12.0,1.25,-31.0,2,要注意(取引数不足),53.1
ema_cross(EMA5/20),ema_cross,5,15,東京(9-15),水,レンジのみ,直近30分変動大,5,20,90,66.7,-150.0,5.0,-15.0,0.667,-150.0,3,37,78.4,25.0,5.0,-15.0,1.208,-35.0,2,要注意(取引数不足),53.1
ema_cross(EMA5/20),ema_cross,5,15,NY(21-24),金,順方向のみ,直近30分変動大,5,20,63,68.3,-85.0,5.0,-15.0,0.717,-70.0,4,19,78.9,15.0,5.0,-15.0,1.25,-30.0,2,要注意(取引数不足),53.1
ema_cross(EMA5/20),ema_cross,5,8,9時台,金,上昇のみ,直近30分変動大,5,20,22,63.6,6.0,5.0,-8.0,1.094,-48.0,6,9,66.7,6.0,5.0,-8.0,1.25,-11.0,1,要注意(取引数不足),53.0
ema_cross(EMA5/20),ema_cross,5,12,16時台,水,なし,ATR高,5,20,52,59.6,-97.0,5.0,-12.0,0.615,-107.0,2,23,73.9,13.0,5.0,-12.0,1.181,-26.0,1,要注意(取引数不足),53.0
ema_cross(EMA5/20),ema_cross,5,8,ロンドン(16-21),水,レンジのみ,ATR高,5,20,43,53.5,-45.0,5.0,-8.0,0.719,-71.0,6,15,66.7,10.0,5.0,-8.0,1.25,-20.0,2,要注意(取引数不足),52.9
ema_cross(EMA5/20),ema_cross,5,8,ロンドン(16-21),木,レンジのみ,なし,5,20,184,58.7,-68.0,5.0,-8.0,0.888,-136.0,4,49,65.3,24.0,5.0,-8.0,1.176,-32.0,2,要注意(取引数不足),52.9
ema_cross(EMA5/20),ema_cross,5,8,NY(21-24),木,上昇のみ,ATR高,5,20,78,57.7,-39.0,5.0,-8.0,0.852,-89.0,7,15,66.7,10.0,5.0,-8.0,1.25,-19.0,2,要注意(取引数不足),52.9
ema_cross(EMA5/20),ema_cross,5,8,NY(21-24),木,上昇のみ,直近30分変動大,5,20,69,58.0,-32.0,5.0,-8.0,0.862,-71.0,4,26,69.2,26.0,5.0,-8.0,1.406,-40.0,5,要注意(取引数不足),52.9
ema_cross(EMA5/20),ema_cross,5,8,16時台,火,順方向のみ,なし,5,20,52,46.2,-104.0,5.0,-8.0,0.536,-122.0,7,15,66.7,10.0,5.0,-8.0,1.25,-19.0,2,要注意(取引数不足),52.9
ema_cross(EMA5/20),ema_cross,5,10,22時台,月,なし,ATR高,5,20,53,54.7,-82.1,5.0,-9.46,0.638,-102.1,5,14,71.4,10.0,5.0,-10.0,1.25,-20.0,2,要注意(取引数不足),52.9
ema_cross(EMA5/20),ema_cross,5,10,22時台,月,なし,ATR低,5,20,13,38.5,-47.8,3.78,-8.34,0.283,-50.4,3,8,75.0,5.4,4.23,-10.0,1.27,-20.0,2,要注意(取引数不足),52.9
ema_cross(EMA5/20),ema_cross,5,12,東京(9-15),金,下降のみ,ATR高,5,20,85,68.2,-34.0,5.0,-12.0,0.895,-111.0,3,35,74.3,22.0,5.0,-12.0,1.204,-31.0,2,要注意(取引数不足),52.9
ema_cross(EMA5/20),ema_cross,5,15,NY(21-24),月,なし,ATR低,5,20,34,61.8,6.5,5.0,-7.58,1.066,-29.5,2,15,80.0,10.4,4.62,-15.0,1.231,-25.0,1,要注意(取引数不足),52.9
ema_cross(EMA5/20),ema_cross,5,12,ロンドン(16-21),水,下降のみ,ATR高,5,20,79,67.1,-47.0,5.0,-12.0,0.849,-132.0,5,50,74.0,29.0,5.0,-12.0,1.186,-61.0,2,要注意(取引数不足),52.8
ema_cross(EMA5/20),ema_cross,5,12,ロンドン(16-21),木,下降のみ,ATR低,5,20,16,87.5,41.8,4.7,-12.0,2.742,-12.0,1,5,80.0,8.0,5.0,-12.0,1.667,0.0,1,要注意(取引数不足),52.8
ema_cross(EMA5/20),ema_cross,5,5,16時台,水,なし,ATR高,5,20,54,40.7,-50.0,5.0,-5.0,0.688,-60.0,7,25,56.0,15.0,5.0,-5.0,1.273,-15.0,3,要注意(取引数不足),52.7
ema_cross(EMA5/20),ema_cross,5,12,全時間,月,レンジのみ,ATR低,5,20,136,62.5,-169.3,5.0,-11.65,0.715,-232.4,5,42,73.8,23.0,5.0,-12.0,1.174,-24.0,2,要注意(取引数不足),52.7
ema_cross(EMA5/20),ema_cross,5,12,21時台,月,なし,ATR低,5,20,25,72.0,36.9,5.0,-7.59,1.695,-12.0,1,9,77.8,11.0,5.0,-12.0,1.458,-12.0,1,要注意(取引数不足),52.7
ema_cross(EMA5/20),ema_cross,5,15,東京(9-15),月,下降のみ,ATR高,5,20,65,70.8,-55.0,5.0,-15.0,0.807,-120.0,5,28,78.6,20.0,5.0,-15.0,1.222,-45.0,2,要注意(取引数不足),52.7
ema_cross(EMA5/20),ema_cross,5,5,NY(21-24),火,順方向のみ,ATR高,5,20,55,32.7,-95.0,5.0,-5.0,0.486,-125.0,9,9,55.6,5.0,5.0,-5.0,1.25,-15.0,2,要注意(取引数不足),52.6
ema_cross(EMA5/20),ema_cross,5,5,NY(21-24),水,順方向のみ,ATR低,5,20,11,36.4,-15.0,5.0,-5.0,0.571,-20.0,4,9,55.6,5.0,5.0,-5.0,1.25,-10.0,2,要注意(取引数不足),52.6
ema_cross(EMA5/20),ema_cross,5,5,10時台,火,下降のみ,なし,5,20,28,50.0,0.0,5.0,-5.0,1.0,-20.0,3,9,55.6,5.0,5.0,-5.0,1.25,-10.0,2,要注意(取引数不足),52.6
ema_cross(EMA5/20),ema_cross,5,5,16時台,水,上昇のみ,ATR高,5,20,26,34.6,-40.0,5.0,-5.0,0.529,-50.0,7,9,55.6,5.0,5.0,-5.0,1.25,-10.0,2,要注意(取引数不足),52.6
ema_cross(EMA5/20),ema_cross,5,5,21時台,火,下降のみ,直近30分変動大,5,20,26,65.4,40.0,5.0,-5.0,1.889,-20.0,4,10,60.0,10.0,5.0,-5.0,1.5,-5.0,1,要注意(取引数不足),52.6
ema_cross(EMA5/20),ema_cross,5,12,NY(21-24),水,レンジのみ,ATR低,5,20,7,57.1,-16.0,5.0,-12.0,0.556,-26.0,2,8,75.0,6.0,5.0,-12.0,1.25,-12.0,2,要注意(取引数不足),52.6
ema_cross(EMA5/20),ema_cross,5,12,22時台,金,下降のみ,ATR高,5,20,28,64.3,-34.8,4.73,-12.0,0.71,-72.0,6,12,75.0,9.0,5.0,-12.0,1.25,-24.0,2,要注意(取引数不足),52.6
ema_cross(EMA5/20),ema_cross,5,15,全時間,水,レンジのみ,ATR高,5,20,178,69.7,-190.0,5.0,-15.0,0.765,-200.0,4,64,78.1,40.0,5.0,-15.0,1.19,-55.0,3,要注意(取引数不足),52.6
ema_cross(EMA5/20),ema_cross,5,5,ロンドン(16-21),金,上昇のみ,ATR低,5,20,60,40.0,-60.0,5.0,-5.0,0.667,-70.0,4,25,56.0,15.0,5.0,-5.0,1.273,-25.0,3,要注意(取引数不足),52.5
ema_cross(EMA5/20),ema_cross,5,12,東京(9-15),水,なし,ATR高,5,20,150,67.3,-83.0,5.0,-12.0,0.859,-164.0,4,65,73.8,36.0,5.0,-12.0,1.176,-38.0,3,要注意(取引数不足),52.5
ema_cross(EMA5/20),ema_cross,5,12,東京(9-15),金,下降のみ,直近30分変動大,5,20,108,61.1,-174.0,5.0,-12.0,0.655,-192.0,4,46,73.9,26.0,5.0,-12.0,1.181,-56.0,2,要注意(取引数不足),52.5
ema_cross(EMA5/20),ema_cross,5,8,全時間,火,下降のみ,ATR低,5,20,189,54.0,-186.0,5.0,-8.0,0.733,-214.0,4,60,66.7,40.0,5.0,-8.0,1.25,-54.0,4,要注意(取引数不足),52.4
ema_cross(EMA5/20),ema_cross,5,8,東京(9-15),月,レンジのみ,直近30分変動大,5,20,83,60.2,-14.0,5.0,-8.0,0.947,-52.0,4,32,65.6,17.0,5.0,-8.0,1.193,-27.0,2,要注意(取引数不足),52.4
ema_cross(EMA5/20),ema_cross,5,8,NY(21-24),火,上昇のみ,直近30分変動大,5,20,74,43.2,-176.0,5.0,-8.0,0.476,-196.0,7,32,65.6,17.0,5.0,-8.0,1.193,-25.0,2,要注意(取引数不足),52.4
ema_cross(EMA5/20),ema_cross,5,8,9時台,月,順方向のみ,直近30分変動大,5,20,12,58.3,-5.0,5.0,-8.0,0.875,-22.0,2,6,66.7,4.0,5.0,-8.0,1.25,-16.0,2,要注意(取引数不足),52.4
ema_cross(EMA5/20),ema_cross,5,8,22時台,月,下降のみ,ATR高,5,20,24,58.3,-10.0,5.0,-8.0,0.875,-27.0,3,6,66.7,4.0,5.0,-8.0,1.25,-16.0,2,要注意(取引数不足),52.4
ema_cross(EMA5/20),ema_cross,5,12,22時台,火,下降のみ,直近30分変動大,5,20,31,45.2,-134.0,5.0,-12.0,0.343,-145.0,6,8,75.0,6.0,5.0,-12.0,1.25,-24.0,2,要注意(取引数不足),52.4
ema_cross(EMA5/20),ema_cross,5,5,10時台,木,なし,直近30分変動大,5,20,61,42.6,-45.0,5.0,-5.0,0.743,-80.0,5,27,55.6,15.0,5.0,-5.0,1.25,-15.0,3,要注意(取引数不足),52.3
ema_cross(EMA5/20),ema_cross,5,10,ロンドン(16-21),水,下降のみ,ATR高,5,20,80,63.7,-35.0,5.0,-10.0,0.879,-100.0,3,50,70.0,25.0,5.0,-10.0,1.167,-55.0,2,要注意(取引数不足),52.3
ema_cross(EMA5/20),ema_cross,5,5,9時台,月,なし,直近30分変動大,5,20,73,52.1,15.0,5.0,-5.0,1.086,-30.0,4,30,56.7,20.0,5.0,-5.0,1.308,-30.0,4,要注意(取引数不足),52.2
ema_cross(EMA5/20),ema_cross,5,10,9時台,金,上昇のみ,なし,5,20,47,70.2,25.0,5.0,-10.0,1.179,-65.0,4,21,71.4,15.0,5.0,-10.0,1.25,-15.0,1,要注意(取引数不足),52.2
ema_cross(EMA5/20),ema_cross,5,12,9時台,全曜日,レンジのみ,なし,5,20,279,72.8,103.0,5.0,-12.0,1.113,-85.0,4,89,74.2,54.0,5.0,-12.0,1.196,-39.0,3,要注意(取引数不足),52.2
ema_cross(EMA5/20),ema_cross,5,5,NY(21-24),木,上昇のみ,ATR低,5,20,13,69.2,25.0,5.0,-5.0,2.25,-10.0,2,13,61.5,15.0,5.0,-5.0,1.6,-10.0,2,要注意(取引数不足),52.1
ema_cross(EMA5/20),ema_cross,5,15,9時台,金,下降のみ,なし,5,20,55,74.5,4.7,5.0,-14.31,1.023,-60.0,3,14,78.6,10.0,5.0,-15.0,1.222,-15.0,2,要注意(取引数不足),52.1
ema_cross(EMA5/20),ema_cross,5,5,東京(9-15),全曜日,下降のみ,ATR低,5,20,351,49.9,-5.0,5.0,-5.0,0.994,-75.0,10,82,56.1,50.0,5.0,-5.0,1.278,-30.0,6,要注意(取引数不足),52.0
ema_cross(EMA5/20),ema_cross,5,5,東京(9-15),月,レンジのみ,なし,5,20,224,49.6,-10.0,5.0,-5.0,0.982,-140.0,8,72,55.6,40.0,5.0,-5.0,1.25,-30.0,5,要注意(取引数不足),52.0
ema_cross(EMA5/20),ema_cross,5,10,東京(9-15),木,順方向のみ,直近30分変動大,5,20,65,56.9,-95.0,5.0,-10.0,0.661,-135.0,7,38,71.1,25.0,5.0,-10.0,1.227,-40.0,3,要注意(取引数不足),52.0
ema_cross(EMA5/20),ema_cross,5,5,東京(9-15),水,レンジのみ,ATR低,5,20,99,39.4,-105.0,5.0,-5.0,0.65,-125.0,9,29,55.2,15.0,5.0,-5.0,1.231,-15.0,3,要注意(取引数不足),51.9
ema_cross(EMA5/20),ema_cross,5,8,東京(9-15),水,レンジのみ,直近30分変動大,5,20,99,54.5,-90.0,5.0,-8.0,0.75,-92.0,4,37,64.9,16.0,5.0,-8.0,1.154,-16.0,2,要注意(取引数不足),51.9
ema_cross(EMA5/20),ema_cross,5,12,東京(9-15),木,順方向のみ,直近30分変動大,5,20,65,63.1,-83.0,5.0,-12.0,0.712,-138.0,4,38,73.7,20.0,5.0,-12.0,1.167,-38.0,2,要注意(取引数不足),51.9
ema_cross(EMA5/20),ema_cross,5,12,9時台,木,上昇のみ,ATR高,5,20,8,87.5,23.0,5.0,-12.0,2.917,-12.0,1,5,80.0,8.0,5.0,-12.0,1.667,-12.0,1,要注意(取引数不足),51.9
ema_cross(EMA5/20),ema_cross,5,15,NY(21-24),木,上昇のみ,なし,5,20,114,80.7,142.3,5.0,-14.44,1.448,-45.0,2,39,79.5,43.7,5.0,-13.91,1.393,-45.0,3,要注意(取引数不足),51.9
ema_cross(EMA5/20),ema_cross,5,5,東京(9-15),水,下降のみ,ATR高,5,20,53,35.8,-75.0,5.0,-5.0,0.559,-85.0,8,24,54.2,10.0,5.0,-5.0,1.182,-15.0,2,要注意(取引数不足),51.8
ema_cross(EMA5/20),ema_cross,5,5,22時台,火,なし,直近30分変動大,5,20,82,30.5,-160.0,5.0,-5.0,0.439,-170.0,11,35,57.1,25.0,5.0,-5.0,1.333,-25.0,5,要注意(取引数不足),51.8
ema_cross(EMA5/20),ema_cross,5,8,東京(9-15),水,レンジのみ,ATR低,5,20,77,59.7,-18.0,5.0,-8.0,0.927,-59.0,5,26,65.4,13.0,5.0,-8.0,1.181,-20.0,2,要注意(取引数不足),51.8
ema_cross(EMA5/20),ema_cross,5,8,ロンドン(16-21),月,上昇のみ,ATR高,5,20,56,51.8,-71.0,5.0,-8.0,0.671,-82.0,5,24,66.7,16.0,5.0,-8.0,1.25,-30.0,3,要注意(取引数不足),51.8
ema_cross(EMA5/20),ema_cross,5,8,ロンドン(16-21),火,順方向のみ,直近30分変動大,5,20,52,51.9,-65.0,5.0,-8.0,0.675,-88.0,5,26,65.4,13.0,5.0,-8.0,1.181,-19.0,2,要注意(取引数不足),51.8
ema_cross(EMA5/20),ema_cross,5,8,9時台,全曜日,レンジのみ,ATR低,5,20,106,63.2,23.0,5.0,-8.0,1.074,-38.0,4,33,66.7,22.0,5.0,-8.0,1.25,-28.0,3,要注意(取引数不足),51.8
ema_cross(EMA5/20),ema_cross,5,8,9時台,金,レンジのみ,ATR低,5,20,17,64.7,7.0,5.0,-8.0,1.146,-16.0,2,6,66.7,4.0,5.0,-8.0,1.25,-8.0,1,要注意(取引数不足),51.8
ema_cross(EMA5/20),ema_cross,5,15,NY(21-24),火,順方向のみ,ATR高,5,20,51,56.9,-160.7,5.0,-13.9,0.474,-190.0,3,9,77.8,5.0,5.0,-15.0,1.167,-25.0,1,要注意(取引数不足),51.8
ema_cross(EMA5/20),ema_cross,5,15,9時台,金,なし,直近30分変動大,5,20,92,78.3,60.0,5.0,-15.0,1.2,-60.0,2,29,79.3,25.0,5.0,-15.0,1.278,-35.0,2,要注意(取引数不足),51.8
ema_cross(EMA5/20),ema_cross,5,5,NY(21-24),火,なし,直近30分変動大,5,20,161,41.0,-145.0,5.0,-5.0,0.695,-175.0,6,66,54.5,30.0,5.0,-5.0,1.2,-30.0,4,要注意(取引数不足),51.6
ema_cross(EMA5/20),ema_cross,5,5,9時台,金,なし,ATR低,5,20,68,54.4,30.0,5.0,-5.0,1.194,-25.0,5,16,56.2,10.0,5.0,-5.0,1.286,-10.0,2,要注意(取引数不足),51.6
ema_cross(EMA5/20),ema_cross,5,8,9時台,金,なし,ATR低,5,20,61,65.6,32.0,5.0,-8.0,1.19,-40.0,5,15,66.7,10.0,5.0,-8.0,1.25,-11.0,1,要注意(取引数不足),51.6
ema_cross(EMA5/20),ema_cross,5,8,10時台,全曜日,下降のみ,ATR低,5,20,17,64.7,7.0,5.0,-8.0,1.146,-16.0,3,3,66.7,2.0,5.0,-8.0,1.25,-8.0,1,要注意(取引数不足),51.6
ema_cross(EMA5/20),ema_cross,5,12,10時台,全曜日,レンジのみ,ATR高,5,20,72,69.4,-14.0,5.0,-12.0,0.947,-73.0,3,34,73.5,17.0,5.0,-12.0,1.157,-29.0,2,要注意(取引数不足),51.6
ema_cross(EMA5/20),ema_cross,5,12,10時台,金,下降のみ,ATR高,5,20,18,77.8,22.0,5.0,-12.0,1.458,-19.0,2,13,76.9,14.0,5.0,-12.0,1.389,-14.0,2,要注意(取引数不足),51.6
ema_cross(EMA5/20),ema_cross,5,5,NY(21-24),火,下降のみ,直近30分変動大,5,20,58,44.8,-30.0,5.0,-5.0,0.812,-40.0,4,18,55.6,10.0,5.0,-5.0,1.25,-20.0,3,要注意(取引数不足),51.5
ema_cross(EMA5/20),ema_cross,5,5,16時台,全曜日,レンジのみ,なし,5,20,222,45.5,-100.0,5.0,-5.0,0.835,-135.0,7,90,54.4,40.0,5.0,-5.0,1.195,-30.0,5,要注意(取引数不足),51.5
ema_cross(EMA5/20),ema_cross,5,5,16時台,水,上昇のみ,ATR低,5,20,10,40.0,-10.0,5.0,-5.0,0.667,-20.0,3,11,54.5,5.0,5.0,-5.0,1.2,-10.0,2,要注意(取引数不足),51.5
ema_cross(EMA5/20),ema_cross,5,8,東京(9-15),全曜日,レンジのみ,ATR高,5,20,252,62.3,25.0,5.0,-8.0,1.033,-88.0,3,91,64.8,39.0,5.0,-8.0,1.152,-42.0,3,要注意(取引数不足),51.5
ema_cross(EMA5/20),ema_cross,5,8,東京(9-15),水,下降のみ,ATR高,5,20,49,46.9,-93.0,5.0,-8.0,0.553,-102.0,5,23,65.2,11.0,5.0,-8.0,1.172,-16.0,2,要注意(取引数不足),51.5
ema_cross(EMA5/20),ema_cross,5,8,9時台,火,順方向のみ,ATR低,5,20,20,65.0,9.0,5.0,-8.0,1.161,-30.0,3,6,66.7,4.0,5.0,-8.0,1.25,-8.0,1,要注意(取引数不足),51.5
ema_cross(EMA5/20),ema_cross,5,8,10時台,水,レンジのみ,ATR高,5,20,20,65.0,9.0,5.0,-8.0,1.161,-26.0,2,6,66.7,4.0,5.0,-8.0,1.25,-11.0,1,要注意(取引数不足),51.5
ema_cross(EMA5/20),ema_cross,5,10,9時台,月,なし,ATR低,5,20,25,80.0,50.0,5.0,-10.0,2.0,-20.0,2,8,75.0,10.0,5.0,-10.0,1.5,-10.0,1,要注意(取引数不足),51.5
ema_cross(EMA5/20),ema_cross,5,8,東京(9-15),金,レンジのみ,ATR低,5,20,59,64.4,22.0,5.0,-8.0,1.131,-43.0,4,21,66.7,14.0,5.0,-8.0,1.25,-19.0,2,要注意(取引数不足),51.4
ema_cross(EMA5/20),ema_cross,5,10,22時台,水,上昇のみ,なし,5,20,54,57.4,-55.0,5.0,-9.13,0.738,-72.1,3,30,70.0,18.7,5.0,-9.59,1.217,-30.0,3,要注意(取引数不足),51.4
ema_cross(EMA5/20),ema_cross,5,12,ロンドン(16-21),月,レンジのみ,ATR高,5,20,54,57.4,-121.0,5.0,-12.0,0.562,-155.0,3,23,73.9,13.0,5.0,-12.0,1.181,-31.0,2,要注意(取引数不足),51.4
ema_cross(EMA5/20),ema_cross,5,5,東京(9-15),月,下降のみ,ATR高,5,20,79,44.3,-45.0,5.0,-5.0,0.795,-75.0,7,33,54.5,15.0,5.0,-5.0,1.2,-15.0,3,要注意(取引数不足),51.3
ema_cross(EMA5/20),ema_cross,5,15,東京(9-15),火,なし,ATR高,5,20,100,72.0,-60.0,5.0,-15.0,0.857,-165.0,4,54,77.8,30.0,5.0,-15.0,1.167,-50.0,3,要注意(取引数不足),51.3
ema_cross(EMA5/20),ema_cross,5,15,ロンドン(16-21),月,なし,ATR高,5,20,172,65.7,-311.8,5.0,-14.86,0.644,-330.0,5,67,77.6,35.0,5.0,-15.0,1.156,-75.0,3,要注意(取引数不足),51.3
ema_cross(EMA5/20),ema_cross,5,8,10時台,水,上昇のみ,直近30分変動大,5,20,24,50.0,-36.0,5.0,-8.0,0.625,-55.0,4,12,66.7,8.0,5.0,-8.0,1.25,-19.0,3,要注意(取引数不足),51.2
ema_cross(EMA5/20),ema_cross,5,10,21時台,水,なし,ATR低,5,20,19,52.6,-26.2,5.0,-8.47,0.656,-50.8,6,20,70.0,10.0,5.0,-10.0,1.167,-15.0,2,要注意(取引数不足),51.2
ema_cross(EMA5/20),ema_cross,5,12,9時台,木,レンジのみ,ATR低,5,20,23,73.9,13.0,5.0,-12.0,1.181,-33.0,2,4,75.0,3.0,5.0,-12.0,1.25,0.0,1,要注意(取引数不足),51.2
ema_cross(EMA5/20),ema_cross,5,5,ロンドン(16-21),月,上昇のみ,ATR高,5,20,60,38.3,-70.0,5.0,-5.0,0.622,-95.0,10,25,56.0,15.0,5.0,-5.0,1.273,-20.0,4,要注意(取引数不足),51.1
ema_cross(EMA5/20),ema_cross,5,5,10時台,月,なし,直近30分変動大,5,20,57,57.9,45.0,5.0,-5.0,1.375,-30.0,4,19,57.9,15.0,5.0,-5.0,1.375,-15.0,3,要注意(取引数不足),51.0
ema_cross(EMA5/20),ema_cross,5,10,16時台,月,レンジのみ,なし,5,20,50,58.0,-65.5,4.98,-10.0,0.688,-75.5,3,20,70.0,10.0,5.0,-10.0,1.167,-25.0,2,要注意(取引数不足),51.0
ema_cross(EMA5/20),ema_cross,5,5,ロンドン(16-21),全曜日,下降のみ,ATR低,5,20,102,49.0,-10.0,5.0,-5.0,0.962,-65.0,5,38,55.3,20.0,5.0,-5.0,1.235,-25.0,4,要注意(取引数不足),50.9
ema_cross(EMA5/20),ema_cross,5,8,ロンドン(16-21),金,順方向のみ,直近30分変動大,5,20,51,54.9,-44.0,5.0,-8.0,0.761,-60.0,3,20,65.0,9.0,5.0,-8.0,1.161,-19.0,2,要注意(取引数不足),50.9
ema_cross(EMA5/20),ema_cross,5,10,ロンドン(16-21),火,下降のみ,直近30分変動大,5,20,93,67.7,15.0,5.0,-10.0,1.05,-60.0,3,41,70.7,25.0,5.0,-10.0,1.208,-30.0,3,要注意(取引数不足),50.9
ema_cross(EMA5/20),ema_cross,5,12,東京(9-15),木,レンジのみ,ATR高,5,20,44,68.2,-18.0,5.0,-12.0,0.893,-57.0,3,19,73.7,10.0,5.0,-12.0,1.167,-28.0,2,要注意(取引数不足),50.9
ema_cross(EMA5/20),ema_cross,5,12,10時台,水,下降のみ,なし,5,20,33,72.7,12.0,5.0,-12.0,1.111,-36.0,3,8,75.0,6.0,5.0,-12.0,1.25,-24.0,2,要注意(取引数不足),50.9
ema_cross(EMA5/20),ema_cross,5,12,22時台,水,なし,ATR低,5,20,10,80.0,36.0,5.0,-2.0,10.0,-2.1,1,9,77.8,16.7,5.0,-9.15,1.913,-12.0,1,要注意(取引数不足),50.9
ema_cross(EMA5/20),ema_cross,5,10,東京(9-15),木,レンジのみ,ATR低,5,20,75,54.7,-135.0,5.0,-10.0,0.603,-135.0,5,20,70.0,10.0,5.0,-10.0,1.167,-35.0,2,要注意(取引数不足),50.8
ema_cross(EMA5/20),ema_cross,5,12,ロンドン(16-21),火,なし,ATR低,5,20,70,70.0,-7.0,5.0,-12.0,0.972,-98.0,3,31,74.2,19.0,5.0,-12.0,1.198,-36.0,3,要注意(取引数不足),50.8
ema_cross(EMA5/20),ema_cross,5,12,NY(21-24),金,順方向のみ,直近30分変動大,5,20,64,65.6,-54.0,5.0,-12.0,0.795,-64.0,4,19,73.7,10.0,5.0,-12.0,1.167,-33.0,2,要注意(取引数不足),50.8
ema_cross(EMA5/20),ema_cross,5,15,NY(21-24),月,下降のみ,直近30分変動大,5,20,45,68.9,-47.1,5.0,-14.44,0.767,-100.0,2,18,77.8,10.0,5.0,-15.0,1.167,-30.0,2,要注意(取引数不足),50.8
ema_cross(EMA5/20),ema_cross,5,15,10時台,水,レンジのみ,なし,5,20,43,67.4,-55.7,5.0,-14.34,0.722,-95.0,3,18,77.8,10.0,5.0,-15.0,1.167,-30.0,2,要注意(取引数不足),50.8
ema_cross(EMA5/20),ema_cross,5,10,10時台,月,レンジのみ,なし,5,20,33,72.7,30.0,5.0,-10.0,1.333,-20.0,2,11,72.7,10.0,5.0,-10.0,1.333,-25.0,2,要注意(取引数不足),50.7
ema_cross(EMA5/20),ema_cross,5,12,22時台,水,なし,なし,5,20,124,66.9,-27.8,5.0,-10.8,0.937,-75.1,3,68,73.5,36.7,4.94,-11.68,1.175,-58.0,4,要注意(取引数不足),50.7
ema_cross(EMA5/20),ema_cross,5,5,東京(9-15),火,順方向のみ,ATR低,5,20,103,46.6,-35.0,5.0,-5.0,0.873,-70.0,4,22,54.5,10.0,5.0,-5.0,1.2,-15.0,3,要注意(取引数不足),50.6
ema_cross(EMA5/20),ema_cross,5,10,東京(9-15),金,順方向のみ,なし,5,20,209,67.5,25.0,5.0,-10.0,1.037,-115.0,4,76,69.7,35.0,5.0,-10.0,1.152,-40.0,3,要注意(取引数不足),50.6
ema_cross(EMA5/20),ema_cross,5,10,21時台,木,上昇のみ,なし,5,20,67,77.6,110.0,5.0,-10.0,1.733,-30.0,3,28,75.0,35.0,5.0,-10.0,1.5,-40.0,4,要注意(取引数不足),50.5
ema_cross(EMA5/20),ema_cross,5,5,東京(9-15),火,下降のみ,直近30分変動大,5,20,79,49.4,-5.0,5.0,-5.0,0.975,-50.0,5,39,53.8,15.0,5.0,-5.0,1.167,-30.0,3,要注意(取引数不足),50.4
ema_cross(EMA5/20),ema_cross,5,15,9時台,月,上昇のみ,なし,5,20,59,78.0,35.0,5.0,-15.0,1.179,-70.0,1,29,79.3,25.0,5.0,-15.0,1.278,-45.0,3,要注意(取引数不足),50.4
ema_cross(EMA5/20),ema_cross,5,5,9時台,月,なし,なし,5,20,167,54.5,75.0,5.0,-5.0,1.197,-40.0,6,62,56.5,40.0,5.0,-5.0,1.296,-30.0,5,要注意(取引数不足),50.3
ema_cross(EMA5/20),ema_cross,5,8,東京(9-15),金,上昇のみ,なし,5,20,229,58.5,-90.0,5.0,-8.0,0.882,-165.0,5,94,64.9,41.0,5.0,-8.0,1.155,-54.0,5,要注意(取引数不足),50.2
ema_cross(EMA5/20),ema_cross,5,10,東京(9-15),金,レンジのみ,直近30分変動大,5,20,116,64.7,-35.0,5.0,-10.0,0.915,-125.0,3,40,70.0,20.0,5.0,-10.0,1.167,-55.0,3,要注意(取引数不足),50.2
ema_cross(EMA5/20),ema_cross,5,12,東京(9-15),月,レンジのみ,ATR低,5,20,52,75.0,39.0,5.0,-12.0,1.25,-31.0,2,8,75.0,6.0,5.0,-12.0,1.25,-12.0,1,要注意(取引数不足),50.1
ema_cross(EMA5/20),ema_cross,5,12,9時台,月,なし,ATR高,5,20,43,74.4,28.0,5.0,-12.0,1.212,-38.0,3,24,75.0,18.0,5.0,-12.0,1.25,-24.0,2,要注意(取引数不足),50.1
ema_cross(EMA5/20),ema_cross,5,10,東京(9-15),水,なし,ATR高,5,20,155,62.6,-95.0,5.0,-10.0,0.836,-110.0,4,66,69.7,30.0,5.0,-10.0,1.15,-45.0,4,要注意(取引数不足),50.0
ema_cross(EMA5/20),ema_cross,5,12,9時台,月,上昇のみ,ATR低,5,20,8,75.0,6.0,5.0,-12.0,1.25,-24.0,2,4,75.0,3.0,5.0,-12.0,1.25,0.0,1,要注意(取引数不足),50.0
ema_cross(EMA5/20),ema_cross,5,8,21時台,木,なし,ATR高,5,20,94,61.7,2.0,5.0,-8.0,1.007,-79.0,5,20,65.0,9.0,5.0,-8.0,1.161,-21.0,2,要注意(取引数不足),49.9
ema_cross(EMA5/20),ema_cross,5,15,全時間,木,上昇のみ,ATR高,5,20,274,77.4,141.3,5.0,-14.82,1.154,-80.0,5,82,78.0,50.0,5.0,-15.0,1.185,-70.0,3,要注意(取引数不足),49.9
ema_cross(EMA5/20),ema_cross,5,12,22時台,金,上昇のみ,なし,5,20,72,59.7,-103.7,5.0,-10.99,0.675,-128.7,5,25,72.0,12.2,4.74,-10.46,1.167,-24.0,3,要注意(取引数不足),49.8
ema_cross(EMA5/20),ema_cross,5,5,16時台,全曜日,レンジのみ,直近30分変動大,5,20,111,40.5,-105.0,5.0,-5.0,0.682,-115.0,8,54,53.7,20.0,5.0,-5.0,1.16,-30.0,4,要注意(取引数不足),49.7
ema_cross(EMA5/20),ema_cross,5,5,21時台,火,レンジのみ,なし,5,20,46,56.5,30.0,5.0,-5.0,1.3,-20.0,4,16,56.2,10.0,5.0,-5.0,1.286,-15.0,2,要注意(取引数不足),49.7
ema_cross(EMA5/20),ema_cross,5,10,東京(9-15),金,なし,ATR低,5,20,184,67.9,35.0,5.0,-10.0,1.059,-75.0,3,66,69.7,30.0,5.0,-10.0,1.15,-30.0,3,要注意(取引数不足),49.6
ema_cross(EMA5/20),ema_cross,5,5,ロンドン(16-21),金,順方向のみ,直近30分変動大,5,20,51,39.2,-55.0,5.0,-5.0,0.645,-50.0,5,20,55.0,10.0,5.0,-5.0,1.222,-20.0,4,要注意(取引数不足),49.5
ema_cross(EMA5/20),ema_cross,5,5,9時台,金,上昇のみ,直近30分変動大,5,20,22,54.5,10.0,5.0,-5.0,1.2,-30.0,6,9,55.6,5.0,5.0,-5.0,1.25,-10.0,2,要注意(取引数不足),49.5
ema_cross(EMA5/20),ema_cross,5,5,21時台,水,上昇のみ,直近30分変動大,5,20,15,46.7,-5.0,5.0,-5.0,0.875,-15.0,3,9,55.6,5.0,5.0,-5.0,1.25,-20.0,4,要注意(取引数不足),49.5
ema_cross(EMA5/20),ema_cross,5,5,NY(21-24),金,順方向のみ,直近30分変動大,5,20,64,40.6,-60.0,5.0,-5.0,0.684,-70.0,6,20,55.0,10.0,5.0,-5.0,1.222,-25.0,4,要注意(取引数不足),49.4
ema_cross(EMA5/20),ema_cross,5,5,9時台,月,上昇のみ,なし,5,20,70,57.1,50.0,5.0,-5.0,1.333,-40.0,8,35,57.1,25.0,5.0,-5.0,1.333,-25.0,4,要注意(取引数不足),49.3
ema_cross(EMA5/20),ema_cross,5,5,16時台,水,なし,直近30分変動大,5,20,78,44.9,-40.0,5.0,-5.0,0.814,-65.0,4,35,54.3,15.0,5.0,-5.0,1.188,-30.0,4,要注意(取引数不足),49.3
ema_cross(EMA5/20),ema_cross,5,12,22時台,月,レンジのみ,ATR高,5,20,18,72.2,14.6,5.0,-10.08,1.29,-33.0,1,4,75.0,3.0,5.0,-12.0,1.25,-12.0,1,要注意(取引数不足),49.2
ema_cross(EMA5/20),ema_cross,5,10,16時台,水,下降のみ,直近30分変動大,5,20,19,73.7,20.0,5.0,-10.0,1.4,-20.0,2,18,72.2,15.0,5.0,-10.0,1.3,-15.0,2,要注意(取引数不足),49.1
ema_cross(EMA5/20),ema_cross,5,5,東京(9-15),水,下降のみ,ATR低,5,20,78,57.7,60.0,5.0,-5.0,1.364,-30.0,6,16,56.2,10.0,5.0,-5.0,1.286,-5.0,2,要注意(取引数不足),49.0
ema_cross(EMA5/20),ema_cross,5,8,全時間,月,下降のみ,ATR低,5,20,125,61.6,4.6,5.0,-7.92,1.012,-76.0,4,52,67.3,34.4,4.87,-8.0,1.253,-48.0,6,要注意(取引数不足),49.0
ema_cross(EMA5/20),ema_cross,5,8,東京(9-15),金,なし,ATR高,5,20,222,60.4,-34.0,5.0,-8.0,0.952,-157.0,7,73,65.8,40.0,5.0,-8.0,1.2,-41.0,6,要注意(取引数不足),49.0
ema_cross(EMA5/20),ema_cross,5,8,21時台,火,なし,直近30分変動大,5,20,79,65.8,44.0,5.0,-8.0,1.204,-53.0,4,30,66.7,20.0,5.0,-8.0,1.25,-30.0,3,要注意(取引数不足),49.0
ema_cross(EMA5/20),ema_cross,5,5,東京(9-15),金,順方向のみ,ATR低,5,20,76,57.9,60.0,5.0,-5.0,1.375,-40.0,8,30,56.7,20.0,5.0,-5.0,1.308,-25.0,3,要注意(取引数不足),48.8
ema_cross(EMA5/20),ema_cross,5,5,ロンドン(16-21),木,下降のみ,ATR低,5,20,17,70.6,35.0,5.0,-5.0,2.4,-10.0,2,5,60.0,5.0,5.0,-5.0,1.5,-5.0,1,要注意(取引数不足),48.8
ema_cross(EMA5/20),ema_cross,5,5,22時台,火,順方向のみ,ATR低,5,20,4,100.0,20.0,5.0,0.0,999.0,0.0,0,3,66.7,5.0,5.0,-5.0,2.0,0.0,1,要注意(取引数不足),48.8
ema_cross(EMA5/20),ema_cross,5,8,東京(9-15),金,順方向のみ,なし,5,20,212,64.6,85.0,5.0,-8.0,1.142,-102.0,6,77,64.9,34.0,5.0,-8.0,1.157,-37.0,3,要注意(取引数不足),48.8
ema_cross(EMA5/20),ema_cross,5,10,16時台,水,下降のみ,なし,5,20,36,69.4,15.0,5.0,-10.0,1.136,-25.0,2,27,70.4,15.0,5.0,-10.0,1.188,-30.0,2,要注意(取引数不足),48.8
ema_cross(EMA5/20),ema_cross,5,5,全時間,火,下降のみ,ATR低,5,20,232,42.2,-180.0,5.0,-5.0,0.731,-190.0,9,67,53.7,25.0,5.0,-5.0,1.161,-50.0,5,要注意(取引数不足),48.6
ema_cross(EMA5/20),ema_cross,5,5,東京(9-15),火,下降のみ,なし,5,20,222,50.0,0.0,5.0,-5.0,1.0,-90.0,6,72,55.6,40.0,5.0,-5.0,1.25,-50.0,7,要注意(取引数不足),48.6
ema_cross(EMA5/20),ema_cross,5,5,21時台,水,上昇のみ,なし,5,20,70,47.1,-20.0,5.0,-5.0,0.892,-50.0,6,24,54.2,10.0,5.0,-5.0,1.182,-20.0,4,要注意(取引数不足),48.6
ema_cross(EMA5/20),ema_cross,5,8,ロンドン(16-21),金,下降のみ,ATR低,5,20,16,68.8,15.0,5.0,-8.0,1.375,-16.0,2,9,66.7,6.0,5.0,-8.0,1.25,-8.0,1,要注意(取引数不足),48.4
ema_cross(EMA5/20),ema_cross,5,12,22時台,水,レンジのみ,なし,5,20,32,71.9,7.0,5.0,-12.0,1.065,-61.0,2,12,75.0,6.0,4.67,-12.0,1.167,-24.0,2,要注意(取引数不足),48.4
ema_cross(EMA5/20),ema_cross,5,12,21時台,火,下降のみ,直近30分変動大,5,20,26,84.6,62.0,5.0,-12.0,2.292,-14.0,1,9,77.8,11.0,5.0,-12.0,1.458,-12.0,1,要注意(取引数不足),48.2
ema_cross(EMA5/20),ema_cross,5,12,全時間,木,上昇のみ,ATR高,5,20,285,70.9,23.3,5.0,-11.89,1.024,-158.0,5,83,73.5,41.0,5.0,-12.0,1.155,-73.0,5,要注意(取引数不足),47.9
ema_cross(EMA5/20),ema_cross,5,8,東京(9-15),木,下降のみ,ATR低,5,20,62,66.1,37.0,5.0,-8.0,1.22,-35.0,2,12,66.7,8.0,5.0,-8.0,1.25,-16.0,3,要注意(取引数不足),47.8
ema_cross(EMA5/20),ema_cross,5,15,9時台,月,なし,ATR高,5,20,42,81.0,50.0,5.0,-15.0,1.417,-30.0,2,24,79.2,20.0,5.0,-15.0,1.267,-30.0,2,要注意(取引数不足),47.8
ema_cross(EMA5/20),ema_cross,5,5,16時台,木,上昇のみ,ATR高,5,20,22,31.8,-40.0,5.0,-5.0,0.467,-45.0,5,13,53.8,5.0,5.0,-5.0,1.167,-20.0,4,要注意(取引数不足),47.6
ema_cross(EMA5/20),ema_cross,5,12,東京(9-15),水,下降のみ,直近30分変動大,5,20,72,73.6,37.0,5.0,-12.0,1.162,-46.0,2,34,73.5,17.0,5.0,-12.0,1.157,-28.0,2,要注意(取引数不足),47.5
ema_cross(EMA5/20),ema_cross,5,5,16時台,火,レンジのみ,なし,5,20,38,52.6,10.0,5.0,-5.0,1.111,-25.0,4,24,54.2,10.0,5.0,-5.0,1.182,-20.0,3,要注意(取引数不足),47.4
ema_cross(EMA5/20),ema_cross,5,5,全時間,木,レンジのみ,ATR低,5,20,255,40.4,-245.0,5.0,-5.0,0.678,-260.0,9,83,54.2,35.0,5.0,-5.0,1.184,-50.0,7,要注意(取引数不足),47.3
ema_cross(EMA5/20),ema_cross,5,15,9時台,火,上昇のみ,なし,5,20,47,78.7,35.0,5.0,-15.0,1.233,-60.0,3,18,77.8,10.0,5.0,-15.0,1.167,-25.0,1,要注意(取引数不足),47.3
ema_cross(EMA5/20),ema_cross,5,5,22時台,火,なし,なし,5,20,160,33.8,-260.0,5.0,-5.0,0.509,-255.0,9,60,55.0,30.0,5.0,-5.0,1.222,-45.0,7,要注意(取引数不足),47.1
ema_cross(EMA5/20),ema_cross,5,8,21時台,水,上昇のみ,直近30分変動大,5,20,15,66.7,10.0,5.0,-8.0,1.25,-16.0,2,9,66.7,6.0,5.0,-8.0,1.25,-24.0,3,要注意(取引数不足),46.9
ema_cross(EMA5/20),ema_cross,5,5,16時台,全曜日,上昇のみ,ATR高,5,20,106,38.7,-120.0,5.0,-5.0,0.631,-150.0,9,50,54.0,20.0,5.0,-5.0,1.174,-35.0,6,要注意(取引数不足),46.8
ema_cross(EMA5/20),ema_cross,5,8,21時台,木,順方向のみ,ATR高,5,20,35,68.6,32.0,5.0,-8.0,1.364,-29.0,2,6,66.7,4.0,5.0,-8.0,1.25,-16.0,2,要注意(取引数不足),46.7
ema_cross(EMA5/20),ema_cross,5,5,ロンドン(16-21),木,レンジのみ,なし,5,20,201,51.2,25.0,5.0,-5.0,1.051,-75.0,6,52,53.8,20.0,5.0,-5.0,1.167,-30.0,5,要注意(取引数不足),46.5
ema_cross(EMA5/20),ema_cross,5,8,9時台,金,下降のみ,ATR低,5,20,17,70.6,20.0,5.0,-8.0,1.5,-27.0,2,3,66.7,2.0,5.0,-8.0,1.25,-8.0,1,要注意(取引数不足),46.5
ema_cross(EMA5/20),ema_cross,5,8,21時台,木,上昇のみ,直近30分変動大,5,20,35,65.7,19.0,5.0,-8.0,1.198,-33.0,2,15,66.7,10.0,5.0,-8.0,1.25,-32.0,4,要注意(取引数不足),46.5
ema_cross(EMA5/20),ema_cross,5,10,9時台,金,なし,直近30分変動大,5,20,93,67.7,15.0,5.0,-10.0,1.05,-110.0,3,30,70.0,15.0,5.0,-10.0,1.167,-45.0,4,要注意(取引数不足),46.5
ema_cross(EMA5/20),ema_cross,5,10,10時台,月,レンジのみ,直近30分変動大,5,20,15,73.3,15.0,5.0,-10.0,1.375,-20.0,2,7,71.4,5.0,5.0,-10.0,1.25,-20.0,2,要注意(取引数不足),46.5
ema_cross(EMA5/20),ema_cross,5,12,NY(21-24),木,上昇のみ,ATR低,5,20,12,100.0,60.0,5.0,0.0,999.0,0.0,0,11,81.8,21.0,5.0,-12.0,1.875,-12.0,1,要注意(取引数不足),46.4
ema_cross(EMA5/20),ema_cross,5,8,9時台,金,レンジのみ,なし,5,20,64,65.6,34.0,5.0,-8.0,1.193,-38.0,4,20,65.0,9.0,5.0,-8.0,1.161,-22.0,2,要注意(取引数不足),46.3
ema_cross(EMA5/20),ema_cross,5,10,21時台,月,順方向のみ,なし,5,20,44,70.5,25.0,5.0,-10.0,1.192,-35.0,2,17,70.6,10.0,5.0,-10.0,1.2,-30.0,3,要注意(取引数不足),46.2
ema_cross(EMA5/20),ema_cross,5,10,21時台,火,なし,直近30分変動大,5,20,79,69.6,35.0,5.0,-10.0,1.146,-70.0,4,30,70.0,15.0,5.0,-10.0,1.167,-40.0,3,要注意(取引数不足),46.2
ema_cross(EMA5/20),ema_cross,5,15,NY(21-24),木,上昇のみ,ATR低,5,20,12,100.0,60.0,5.0,0.0,999.0,0.0,0,10,80.0,18.7,5.0,-10.65,1.878,-15.0,1,要注意(取引数不足),46.2
ema_cross(EMA5/20),ema_cross,5,15,9時台,全曜日,上昇のみ,ATR高,5,20,39,79.5,35.0,5.0,-15.0,1.292,-55.0,2,28,78.6,20.0,5.0,-15.0,1.222,-45.0,3,要注意(取引数不足),46.1
ema_cross(EMA5/20),ema_cross,5,5,21時台,金,順方向のみ,直近30分変動大,5,20,34,35.3,-50.0,5.0,-5.0,0.545,-55.0,6,13,53.8,5.0,5.0,-5.0,1.167,-25.0,5,要注意(取引数不足),46.0
ema_cross(EMA5/20),ema_cross,5,10,東京(9-15),金,上昇のみ,ATR低,5,20,78,71.8,60.0,5.0,-10.0,1.273,-35.0,2,30,70.0,15.0,5.0,-10.0,1.167,-25.0,2,要注意(取引数不足),46.0
ema_cross(EMA5/20),ema_cross,5,5,16時台,水,下降のみ,なし,5,20,37,51.4,5.0,5.0,-5.0,1.056,-20.0,4,28,53.6,10.0,5.0,-5.0,1.154,-25.0,4,要注意(取引数不足),45.9
ema_cross(EMA5/20),ema_cross,5,5,22時台,木,なし,ATR低,5,20,6,66.7,13.6,5.0,-3.2,3.125,-5.0,1,5,60.0,5.0,5.0,-5.0,1.5,-5.0,1,要注意(取引数不足),45.9
ema_cross(EMA5/20),ema_cross,5,8,ロンドン(16-21),金,レンジのみ,ATR高,5,20,63,73.0,94.0,5.0,-8.0,1.691,-32.0,4,9,66.7,6.0,5.0,-8.0,1.25,-11.0,1,要注意(取引数不足),44.9
ema_cross(EMA5/20),ema_cross,5,5,全時間,木,下降のみ,ATR低,5,20,180,44.4,-96.4,5.0,-4.96,0.806,-125.0,7,69,55.1,35.0,5.0,-5.0,1.226,-50.0,9,要注意(取引数不足),44.7
ema_cross(EMA5/20),ema_cross,5,10,9時台,全曜日,レンジのみ,ATR低,5,20,106,70.8,65.0,5.0,-10.0,1.21,-50.0,4,33,69.7,15.0,5.0,-10.0,1.15,-40.0,3,要注意(取引数不足),44.6
ema_cross(EMA5/20),ema_cross,5,15,ロンドン(16-21),木,下降のみ,ATR低,5,20,16,87.5,35.8,4.7,-15.0,2.193,-15.0,1,5,80.0,5.0,5.0,-15.0,1.333,0.0,1,要注意(取引数不足),44.4
ema_cross(EMA5/20),ema_cross,5,15,東京(9-15),金,上昇のみ,ATR低,5,20,74,82.4,110.0,5.0,-15.0,1.564,-40.0,2,27,77.8,15.0,5.0,-15.0,1.167,-30.0,1,要注意(取引数不足),43.8
ema_cross(EMA5/20),ema_cross,5,12,16時台,月,下降のみ,ATR高,5,20,15,80.0,24.0,5.0,-12.0,1.667,-12.0,1,12,75.0,9.0,5.0,-12.0,1.25,-24.0,2,要注意(取引数不足),43.6
ema_cross(EMA5/20),ema_cross,5,12,東京(9-15),月,下降のみ,ATR低,5,20,46,82.6,89.2,4.87,-12.0,1.929,-38.0,3,16,75.0,12.0,5.0,-12.0,1.25,-23.0,1,要注意(取引数不足),43.4
ema_cross(EMA5/20),ema_cross,5,15,9時台,木,レンジのみ,ATR高,5,20,8,87.5,20.0,5.0,-15.0,2.333,-15.0,1,5,80.0,5.0,5.0,-15.0,1.333,-15.0,1,要注意(取引数不足),43.4
ema_cross(EMA5/20),ema_cross,5,15,9時台,木,順方向のみ,ATR高,5,20,8,87.5,20.0,5.0,-15.0,2.333,-15.0,1,5,80.0,5.0,5.0,-15.0,1.333,-15.0,1,要注意(取引数不足),43.4
ema_cross(EMA5/20),ema_cross,5,8,10時台,木,上昇のみ,ATR低,5,20,4,75.0,7.0,5.0,-8.0,1.875,-8.0,1,3,66.7,2.0,5.0,-8.0,1.25,-8.0,1,要注意(取引数不足),43.1
ema_cross(EMA5/20),ema_cross,5,8,東京(9-15),月,レンジのみ,ATR高,5,20,53,67.9,44.0,5.0,-8.0,1.324,-35.0,3,20,65.0,9.0,5.0,-8.0,1.161,-24.0,3,要注意(取引数不足),42.9
ema_cross(EMA5/20),ema_cross,5,15,9時台,金,なし,ATR低,5,20,56,87.5,149.7,5.0,-13.61,2.571,-30.0,3,15,80.0,15.0,5.0,-15.0,1.333,-25.0,1,要注意(取引数不足),42.9
ema_cross(EMA5/20),ema_cross,5,5,21時台,月,レンジのみ,なし,5,20,30,63.3,40.0,5.0,-5.0,1.727,-20.0,4,20,55.0,10.0,5.0,-5.0,1.222,-10.0,2,要注意(取引数不足),42.8
ema_cross(EMA5/20),ema_cross,5,5,22時台,水,上昇のみ,ATR低,5,20,5,60.0,11.0,5.0,-2.0,3.75,-2.1,1,5,60.0,5.0,5.0,-5.0,1.5,-10.0,2,要注意(取引数不足),42.7
ema_cross(EMA5/20),ema_cross,5,8,21時台,月,なし,ATR低,5,20,25,72.0,44.7,5.0,-6.47,1.987,-8.0,1,9,66.7,6.0,5.0,-8.0,1.25,-11.0,1,要注意(取引数不足),42.7
ema_cross(EMA5/20),ema_cross,5,5,10時台,月,レンジのみ,直近30分変動大,5,20,15,66.7,25.0,5.0,-5.0,2.0,-10.0,2,7,57.1,5.0,5.0,-5.0,1.333,-15.0,3,要注意(取引数不足),42.4
ema_cross(EMA5/20),ema_cross,5,8,9時台,月,下降のみ,ATR高,5,20,12,75.0,21.0,5.0,-8.0,1.875,-16.0,2,9,66.7,6.0,5.0,-8.0,1.25,-16.0,2,要注意(取引数不足),41.9
ema_cross(EMA5/20),ema_cross,5,8,NY(21-24),木,上昇のみ,ATR低,5,20,12,100.0,60.0,5.0,0.0,999.0,0.0,0,11,72.7,16.0,5.0,-8.0,1.667,-8.0,1,要注意(取引数不足),41.1
ema_cross(EMA5/20),ema_cross,5,15,9時台,金,上昇のみ,直近30分変動大,5,20,21,85.7,45.0,5.0,-15.0,2.0,-30.0,2,9,77.8,5.0,5.0,-15.0,1.167,-15.0,1,要注意(取引数不足),39.6
ema_cross(EMA5/20),ema_cross,5,5,16時台,月,順方向のみ,ATR高,5,20,6,100.0,30.0,5.0,0.0,999.0,0.0,0,8,62.5,10.0,5.0,-5.0,1.667,-10.0,2,要注意(取引数不足),39.2
ema_cross(EMA5/20),ema_cross,5,5,ロンドン(16-21),火,レンジのみ,ATR低,5,20,22,63.6,30.0,5.0,-5.0,1.75,-10.0,2,18,55.6,10.0,5.0,-5.0,1.25,-25.0,5,要注意(取引数不足),38.7
ema_cross(EMA5/20),ema_cross,5,8,9時台,金,レンジのみ,ATR高,5,20,11,81.8,29.0,5.0,-8.0,2.812,-8.0,1,3,66.7,2.0,5.0,-8.0,1.25,-8.0,1,要注意(取引数不足),38.7
ema_cross(EMA5/20),ema_cross,5,8,東京(9-15),月,下降のみ,ATR低,5,20,47,76.6,92.0,5.0,-8.0,2.045,-24.0,3,20,65.0,9.0,5.0,-8.0,1.161,-21.0,2,要注意(取引数不足),38.2
ema_cross(EMA5/20),ema_cross,5,5,16時台,火,レンジのみ,ATR低,5,20,6,83.3,20.0,5.0,-5.0,5.0,-5.0,1,7,57.1,5.0,5.0,-5.0,1.333,-5.0,1,要注意(取引数不足),37.6
ema_cross(EMA5/20),ema_cross,5,15,NY(21-24),水,上昇のみ,ATR低,5,20,13,76.9,41.7,5.0,-2.77,6.024,-2.1,1,13,76.9,13.7,5.0,-12.1,1.377,-21.3,2,要注意(取引数不足),36.6
ema_cross(EMA5/20),ema_cross,5,12,10時台,金,順方向のみ,直近30分変動大,5,20,10,90.0,33.0,5.0,-12.0,3.75,-12.0,1,4,75.0,3.0,5.0,-12.0,1.25,-12.0,1,要注意(取引数不足),36.5
ema_cross(EMA5/20),ema_cross,5,10,9時台,金,上昇のみ,ATR高,5,20,4,100.0,20.0,5.0,0.0,999.0,0.0,0,4,75.0,5.0,5.0,-10.0,1.5,-10.0,1,要注意(取引数不足),36.2
ema_cross(EMA5/20),ema_cross,5,10,NY(21-24),木,上昇のみ,ATR低,5,20,12,100.0,60.0,5.0,0.0,999.0,0.0,0,11,72.7,10.0,5.0,-10.0,1.333,-10.0,1,要注意(取引数不足),32.5
ema_cross(EMA5/20),ema_cross,5,12,21時台,木,上昇のみ,ATR低,5,20,9,100.0,45.0,5.0,0.0,999.0,0.0,0,8,75.0,6.0,5.0,-12.0,1.25,-14.0,1,要注意(取引数不足),30.1
ema_cross(EMA5/20),ema_cross,5,8,22時台,火,順方向のみ,ATR低,5,20,4,100.0,20.0,5.0,0.0,999.0,0.0,0,3,66.7,2.0,5.0,-8.0,1.25,0.0,1,要注意(取引数不足),30.0
ema_cross(EMA5/20),ema_cross,5,10,16時台,月,順方向のみ,ATR高,5,20,6,100.0,30.0,5.0,0.0,999.0,0.0,0,7,71.4,5.0,5.0,-10.0,1.25,-15.0,1,要注意(取引数不足),30.0
ema_cross(EMA5/20),ema_cross,5,8,16時台,木,上昇のみ,ATR低,5,20,8,100.0,40.0,5.0,0.0,999.0,0.0,0,3,66.7,2.0,5.0,-8.0,1.25,-8.0,1,要注意(取引数不足),29.8
ema_cross(EMA5/20),ema_cross,5,12,9時台,金,上昇のみ,ATR高,5,20,4,100.0,20.0,5.0,0.0,999.0,0.0,0,4,75.0,3.0,5.0,-12.0,1.25,-12.0,1,要注意(取引数不足),29.8
ema_cross(EMA5/20),ema_cross,5,8,21時台,全曜日,上昇のみ,なし,5,20,333,66.1,214.3,5.0,-7.84,1.242,-76.9,7,127,59.8,-28.0,5.0,-8.0,0.931,-68.0,4,過剰最適化疑い,36.4
ema_cross(EMA5/20),ema_cross,5,15,全時間,全曜日,下降のみ,ATR高,5,20,1579,71.9,-886.6,5.0,-14.81,0.865,-1052.5,6,624,74.7,-28.6,5.0,-14.93,0.988,-160.0,3,不採用,64.0
ema_cross(EMA5/20),ema_cross,5,12,全時間,全曜日,下降のみ,ATR高,5,20,1675,67.8,-763.6,5.0,-11.95,0.881,-902.8,6,657,70.0,-55.6,5.0,-11.96,0.976,-181.0,4,不採用,60.3
ema_cross(EMA5/20),ema_cross,5,15,全時間,全曜日,上昇のみ,ATR高,5,20,1303,71.1,-919.4,4.99,-14.69,0.834,-1055.5,5,455,74.5,-38.9,4.99,-14.91,0.978,-275.0,4,不採用,58.0
ema_cross(EMA5/20),ema_cross,5,10,全時間,木,上昇のみ,なし,5,20,859,65.0,-220.0,5.0,-10.0,0.927,-365.0,6,364,66.5,-10.0,5.0,-10.0,0.992,-110.0,4,不採用,55.9
ema_cross(EMA5/20),ema_cross,5,15,東京(9-15),全曜日,なし,なし,5,20,2674,72.6,-1264.4,5.0,-14.97,0.885,-1493.7,5,1077,74.7,-70.6,5.0,-14.98,0.983,-415.6,4,不採用,55.4
ema_cross(EMA5/20),ema_cross,5,15,全時間,金,上昇のみ,ATR高,5,20,308,73.4,-85.7,5.0,-14.83,0.93,-290.0,3,93,77.4,45.0,5.0,-15.0,1.143,-50.0,2,不採用,54.6
ema_cross(EMA5/20),ema_cross,5,12,全時間,木,上昇のみ,なし,5,20,798,69.4,-147.5,5.0,-11.96,0.949,-382.8,5,333,70.3,-18.0,5.0,-12.0,0.985,-125.0,3,不採用,54.5
ema_cross(EMA5/20),ema_cross,5,12,全時間,木,順方向のみ,なし,5,20,795,67.4,-405.6,5.0,-11.91,0.869,-565.6,5,328,69.8,-19.7,5.0,-11.76,0.983,-125.0,4,不採用,54.5
ema_cross(EMA5/20),ema_cross,5,15,全時間,月,なし,ATR高,5,20,492,68.1,-627.7,5.0,-14.67,0.727,-632.7,5,203,74.9,-5.0,5.0,-15.0,0.993,-70.0,2,不採用,54.4
ema_cross(EMA5/20),ema_cross,5,10,全時間,金,上昇のみ,なし,5,20,866,61.9,-584.9,5.0,-9.89,0.821,-633.1,7,399,65.2,-94.6,4.98,-10.0,0.932,-149.6,4,不採用,54.1
ema_cross(EMA5/20),ema_cross,5,8,全時間,金,上昇のみ,なし,5,20,957,56.7,-579.2,5.0,-7.96,0.824,-612.4,7,437,60.9,-38.0,5.0,-8.0,0.972,-102.0,9,不採用,53.1
ema_cross(EMA5/20),ema_cross,5,12,東京(9-15),全曜日,レンジのみ,ATR高,5,20,231,70.1,-18.0,5.0,-12.0,0.978,-110.0,3,86,73.3,39.0,5.0,-12.0,1.141,-59.0,2,不採用,53.1
ema_cross(EMA5/20),ema_cross,5,10,全時間,全曜日,下降のみ,ATR高,5,20,1748,62.9,-970.8,5.0,-9.98,0.85,-1160.0,12,675,65.5,-113.6,5.0,-9.97,0.951,-220.0,7,不採用,52.8
ema_cross(EMA5/20),ema_cross,5,15,ロンドン(16-21),金,下降のみ,なし,5,20,167,68.3,-225.0,5.0,-15.0,0.717,-285.0,4,62,77.4,30.0,5.0,-15.0,1.143,-55.0,2,不採用,52.5
ema_cross(EMA5/20),ema_cross,5,10,ロンドン(16-21),水,下降のみ,なし,5,20,162,64.2,-60.0,5.0,-10.0,0.897,-100.0,3,83,68.7,25.0,5.0,-10.0,1.096,-45.0,2,不採用,52.4
ema_cross(EMA5/20),ema_cross,5,12,東京(9-15),木,順方向のみ,なし,5,20,211,64.0,-237.0,5.0,-12.0,0.74,-314.0,6,92,72.8,35.0,5.0,-12.0,1.117,-43.0,3,不採用,52.2
ema_cross(EMA5/20),ema_cross,5,10,東京(9-15),金,下降のみ,なし,5,20,217,60.8,-190.0,5.0,-10.0,0.776,-220.0,5,85,69.4,35.0,5.0,-10.0,1.135,-55.0,3,不採用,52.1
ema_cross(EMA5/20),ema_cross,5,8,東京(9-15),水,なし,なし,5,20,663,58.4,-273.0,5.0,-8.0,0.876,-356.0,7,270,61.1,-15.0,5.0,-8.0,0.982,-103.0,4,不採用,52.0
ema_cross(EMA5/20),ema_cross,5,8,全時間,月,下降のみ,ATR高,5,20,258,55.4,-205.0,5.0,-8.0,0.777,-248.0,7,79,64.6,31.0,5.0,-8.0,1.138,-44.0,3,不採用,51.9
ema_cross(EMA5/20),ema_cross,5,12,全時間,火,下降のみ,ATR高,5,20,253,69.6,-44.0,5.0,-12.0,0.952,-138.0,5,105,73.3,49.0,5.0,-12.0,1.146,-74.0,4,不採用,51.9
ema_cross(EMA5/20),ema_cross,5,15,東京(9-15),全曜日,上昇のみ,直近30分変動大,5,20,472,70.1,-460.0,5.0,-15.0,0.783,-625.0,4,239,74.9,-5.0,5.0,-15.0,0.994,-145.0,4,不採用,51.8
ema_cross(EMA5/20),ema_cross,5,12,全時間,金,上昇のみ,ATR高,5,20,321,68.5,-105.4,5.0,-11.93,0.913,-327.0,7,96,71.9,21.0,5.0,-12.0,1.065,-44.0,2,不採用,51.5
ema_cross(EMA5/20),ema_cross,5,12,東京(9-15),金,上昇のみ,直近30分変動大,5,20,92,60.9,-152.0,5.0,-12.0,0.648,-230.0,6,45,73.3,21.0,5.0,-12.0,1.146,-50.0,2,不採用,51.5
ema_cross(EMA5/20),ema_cross,5,8,9時台,全曜日,レンジのみ,なし,5,20,302,60.9,-24.0,5.0,-8.0,0.975,-110.0,5,95,64.2,33.0,5.0,-8.0,1.121,-43.0,3,不採用,51.4
ema_cross(EMA5/20),ema_cross,5,12,全時間,月,なし,ATR高,5,20,525,63.4,-615.0,5.0,-11.88,0.73,-627.0,6,213,70.4,-6.0,5.0,-12.0,0.992,-93.0,4,不採用,51.4
ema_cross(EMA5/20),ema_cross,5,15,全時間,火,なし,なし,5,20,1815,73.8,-380.8,5.0,-14.86,0.946,-603.5,6,781,74.5,-65.7,4.99,-14.93,0.978,-315.0,7,不採用,51.4
ema_cross(EMA5/20),ema_cross,5,5,東京(9-15),月,上昇のみ,なし,5,20,293,48.5,-45.0,5.0,-5.0,0.94,-100.0,11,114,52.6,30.0,5.0,-5.0,1.111,-35.0,4,不採用,51.3
ema_cross(EMA5/20),ema_cross,5,8,全時間,水,上昇のみ,なし,5,20,981,55.4,-774.8,5.0,-7.97,0.778,-826.8,9,428,59.1,-135.0,5.0,-8.0,0.904,-217.0,5,不採用,51.3
ema_cross(EMA5/20),ema_cross,5,8,NY(21-24),月,レンジのみ,直近30分変動大,5,20,32,59.4,-9.0,5.0,-8.0,0.913,-63.0,4,14,64.3,5.0,5.0,-8.0,1.125,-11.0,1,不採用,51.3
ema_cross(EMA5/20),ema_cross,5,10,全時間,金,上昇のみ,ATR高,5,20,330,63.9,-130.4,5.0,-9.96,0.89,-350.0,7,99,67.7,15.0,5.0,-10.0,1.047,-40.0,2,不採用,51.3
ema_cross(EMA5/20),ema_cross,5,15,全時間,木,順方向のみ,なし,5,20,760,72.8,-280.4,5.0,-14.71,0.908,-529.1,5,316,73.7,-47.7,5.0,-14.61,0.961,-111.8,4,不採用,51.3
ema_cross(EMA5/20),ema_cross,5,15,10時台,全曜日,上昇のみ,直近30分変動大,5,20,112,71.4,-80.0,5.0,-15.0,0.833,-170.0,4,48,77.1,20.0,5.0,-15.0,1.121,-35.0,2,不採用,51.3
ema_cross(EMA5/20),ema_cross,5,8,全時間,木,上昇のみ,なし,5,20,927,59.3,-266.0,5.0,-8.0,0.912,-397.0,10,397,60.2,-69.0,5.0,-8.0,0.945,-173.0,5,不採用,51.2
ema_cross(EMA5/20),ema_cross,5,15,東京(9-15),金,上昇のみ,直近30分変動大,5,20,89,68.5,-115.0,5.0,-15.0,0.726,-190.0,3,44,77.3,20.0,5.0,-15.0,1.133,-45.0,2,不採用,51.2
ema_cross(EMA5/20),ema_cross,5,12,NY(21-24),水,なし,ATR低,5,20,22,54.5,-32.3,5.0,-9.23,0.65,-60.8,6,25,72.0,11.7,5.0,-11.19,1.149,-14.0,2,不採用,51.0
ema_cross(EMA5/20),ema_cross,5,15,10時台,月,なし,なし,5,20,109,73.4,-35.0,5.0,-15.0,0.92,-110.0,5,31,77.4,15.0,5.0,-15.0,1.143,-30.0,2,不採用,51.0
ema_cross(EMA5/20),ema_cross,5,15,東京(9-15),水,なし,ATR高,5,20,141,71.6,-95.0,5.0,-15.0,0.842,-195.0,2,62,77.4,30.0,5.0,-15.0,1.143,-60.0,3,不採用,50.9
ema_cross(EMA5/20),ema_cross,5,15,東京(9-15),金,上昇のみ,なし,5,20,196,70.4,-180.0,5.0,-15.0,0.793,-255.0,4,78,76.9,30.0,5.0,-15.0,1.111,-65.0,3,不採用,50.8
ema_cross(EMA5/20),ema_cross,5,8,ロンドン(16-21),金,なし,直近30分変動大,5,20,248,58.5,-92.5,5.0,-7.94,0.887,-140.0,4,110,63.6,30.0,5.0,-8.0,1.094,-53.0,4,不採用,50.7
ema_cross(EMA5/20),ema_cross,5,10,全時間,金,なし,ATR高,5,20,949,63.1,-501.0,4.99,-9.97,0.856,-685.0,7,311,66.6,-5.0,5.0,-10.0,0.995,-115.0,7,不採用,50.7
ema_cross(EMA5/20),ema_cross,5,10,NY(21-24),月,レンジのみ,直近30分変動大,5,20,32,65.6,-5.0,5.0,-10.0,0.955,-65.0,4,13,69.2,5.0,5.0,-10.0,1.125,-15.0,1,不採用,50.7
ema_cross(EMA5/20),ema_cross,5,12,全時間,木,下降のみ,ATR低,5,20,125,62.4,-167.6,4.95,-11.77,0.697,-185.6,3,51,72.5,17.0,5.0,-12.0,1.101,-45.0,2,不採用,50.7
ema_cross(EMA5/20),ema_cross,5,12,9時台,月,上昇のみ,ATR高,5,20,16,62.5,-22.0,5.0,-12.0,0.694,-45.0,3,11,72.7,4.0,5.0,-12.0,1.111,-12.0,1,不採用,50.7
ema_cross(EMA5/20),ema_cross,5,12,22時台,全曜日,なし,ATR低,5,20,52,55.8,-45.2,4.79,-8.0,0.754,-56.9,6,37,70.3,13.1,4.65,-9.79,1.122,-31.0,2,不採用,50.7
ema_cross(EMA5/20),ema_cross,5,8,ロンドン(16-21),金,上昇のみ,なし,5,20,226,56.2,-145.4,5.0,-7.88,0.814,-142.4,7,110,64.5,43.0,5.0,-8.0,1.138,-59.0,5,不採用,50.6
ema_cross(EMA5/20),ema_cross,5,10,全時間,水,レンジのみ,なし,5,20,627,63.6,-285.0,5.0,-10.0,0.875,-315.0,4,276,66.3,-15.0,5.0,-10.0,0.984,-115.0,5,不採用,50.6
ema_cross(EMA5/20),ema_cross,5,15,東京(9-15),全曜日,上昇のみ,なし,5,20,1005,70.0,-1008.4,5.0,-14.98,0.777,-1103.4,4,405,73.3,-135.0,5.0,-15.0,0.917,-305.0,4,不採用,50.6
ema_cross(EMA5/20),ema_cross,5,12,全時間,金,下降のみ,なし,5,20,749,67.4,-398.1,4.99,-11.96,0.864,-493.1,5,309,69.9,-28.2,5.0,-11.92,0.975,-175.2,5,不採用,50.5
ema_cross(EMA5/20),ema_cross,5,5,東京(9-15),全曜日,レンジのみ,なし,5,20,1270,48.5,-190.0,5.0,-5.0,0.942,-365.0,7,445,48.8,-55.0,5.0,-5.0,0.952,-110.0,8,不採用,50.4
ema_cross(EMA5/20),ema_cross,5,8,東京(9-15),金,下降のみ,ATR低,5,20,57,59.6,-14.0,5.0,-8.0,0.924,-73.0,3,17,64.7,7.0,5.0,-8.0,1.146,-16.0,2,不採用,50.4
ema_cross(EMA5/20),ema_cross,5,12,ロンドン(16-21),火,下降のみ,ATR高,5,20,74,70.3,-4.0,5.0,-12.0,0.985,-83.0,3,41,73.2,18.0,5.0,-12.0,1.136,-34.0,2,不採用,50.4
ema_cross(EMA5/20),ema_cross,5,12,ロンドン(16-21),火,順方向のみ,直近30分変動大,5,20,52,63.5,-63.0,5.0,-12.0,0.724,-104.0,3,26,73.1,11.0,5.0,-12.0,1.131,-26.0,2,不採用,50.4
ema_cross(EMA5/20),ema_cross,5,15,NY(21-24),全曜日,上昇のみ,ATR高,5,20,261,69.3,-232.2,5.0,-14.21,0.796,-300.5,3,64,76.6,15.4,4.91,-15.0,1.068,-50.0,2,不採用,50.4
ema_cross(EMA5/20),ema_cross,5,5,16時台,金,なし,ATR高,5,20,67,41.8,-55.0,5.0,-5.0,0.718,-65.0,4,15,53.3,5.0,5.0,-5.0,1.143,-10.0,2,不採用,50.3
ema_cross(EMA5/20),ema_cross,5,8,22時台,月,なし,直近30分変動大,5,20,60,55.0,-51.0,5.0,-8.0,0.764,-76.0,6,28,64.3,10.0,5.0,-8.0,1.125,-27.0,2,不採用,50.3
ema_cross(EMA5/20),ema_cross,5,10,22時台,火,上昇のみ,直近30分変動大,5,20,39,48.7,-93.5,5.0,-9.43,0.504,-113.5,6,19,68.4,5.0,5.0,-10.0,1.083,-20.0,1,不採用,50.3
ema_cross(EMA5/20),ema_cross,5,10,ロンドン(16-21),全曜日,順方向のみ,ATR低,5,20,156,60.9,-99.6,5.0,-9.42,0.827,-99.5,4,71,69.0,25.0,5.0,-10.0,1.114,-70.0,3,不採用,50.2
ema_cross(EMA5/20),ema_cross,5,10,22時台,火,上昇のみ,なし,5,20,69,55.1,-108.5,5.0,-9.63,0.637,-118.5,4,29,69.0,10.0,5.0,-10.0,1.111,-20.0,2,不採用,50.1
ema_cross(EMA5/20),ema_cross,5,12,9時台,火,下降のみ,なし,5,20,35,68.6,-12.0,5.0,-12.0,0.909,-62.0,3,15,73.3,7.0,5.0,-12.0,1.146,-24.0,2,不採用,50.1
ema_cross(EMA5/20),ema_cross,5,12,22時台,全曜日,上昇のみ,なし,5,20,289,63.0,-230.4,5.0,-10.66,0.798,-243.4,5,113,70.8,15.9,4.94,-11.5,1.042,-81.0,3,不採用,50.1
ema_cross(EMA5/20),ema_cross,5,5,全時間,全曜日,レンジのみ,ATR低,5,20,1307,44.2,-752.6,4.98,-4.98,0.793,-820.2,10,514,47.7,-107.1,5.0,-4.95,0.92,-226.6,9,不採用,50.0
ema_cross(EMA5/20),ema_cross,5,5,全時間,水,レンジのみ,なし,5,20,818,47.1,-240.0,5.0,-5.0,0.889,-255.0,10,326,49.4,-20.0,5.0,-5.0,0.976,-80.0,7,不採用,50.0
ema_cross(EMA5/20),ema_cross,5,5,東京(9-15),月,なし,ATR高,5,20,206,45.1,-100.0,5.0,-5.0,0.823,-145.0,6,92,52.2,20.0,5.0,-5.0,1.091,-25.0,4,不採用,50.0
ema_cross(EMA5/20),ema_cross,5,12,ロンドン(16-21),水,レンジのみ,ATR高,5,20,38,65.8,-31.0,5.0,-12.0,0.801,-46.0,2,15,73.3,7.0,5.0,-12.0,1.146,-33.0,2,不採用,50.0
ema_cross(EMA5/20),ema_cross,5,12,9時台,火,なし,ATR低,5,20,69,66.7,-46.0,5.0,-12.0,0.833,-64.0,3,22,72.7,8.0,5.0,-12.0,1.111,-16.0,2,不採用,49.8
ema_cross(EMA5/20),ema_cross,5,15,東京(9-15),火,下降のみ,なし,5,20,156,72.4,-80.0,5.0,-15.0,0.876,-120.0,5,55,76.4,15.0,5.0,-15.0,1.077,-65.0,2,不採用,49.8
ema_cross(EMA5/20),ema_cross,5,10,NY(21-24),火,上昇のみ,直近30分変動大,5,20,74,52.7,-143.5,5.0,-9.67,0.576,-168.5,4,32,68.8,10.0,5.0,-10.0,1.1,-35.0,2,不採用,49.7
ema_cross(EMA5/20),ema_cross,5,15,NY(21-24),火,なし,なし,5,20,250,69.2,-235.0,4.97,-14.23,0.785,-318.5,4,105,75.2,16.0,4.94,-14.4,1.043,-79.0,3,不採用,49.7
ema_cross(EMA5/20),ema_cross,5,15,10時台,全曜日,レンジのみ,なし,5,20,188,73.9,-30.7,5.0,-14.81,0.958,-115.0,2,80,76.2,20.0,5.0,-15.0,1.07,-50.0,2,不採用,49.7
ema_cross(EMA5/20),ema_cross,5,5,東京(9-15),水,なし,ATR低,5,20,280,47.9,-60.0,5.0,-5.0,0.918,-115.0,10,90,52.2,20.0,5.0,-5.0,1.093,-30.0,4,不採用,49.6
ema_cross(EMA5/20),ema_cross,5,8,全時間,水,レンジのみ,なし,5,20,680,59.3,-201.0,5.0,-8.0,0.909,-218.0,6,295,60.7,-33.0,5.0,-8.0,0.964,-97.0,5,不採用,49.6
ema_cross(EMA5/20),ema_cross,5,15,全時間,火,なし,直近30分変動大,5,20,991,72.5,-471.0,5.0,-14.88,0.884,-563.5,6,480,73.1,-176.6,4.99,-14.94,0.908,-315.0,4,不採用,49.6
ema_cross(EMA5/20),ema_cross,5,8,NY(21-24),火,なし,直近30分変動大,5,20,161,54.7,-144.0,5.0,-8.0,0.753,-171.0,6,65,64.6,26.0,5.0,-8.0,1.141,-52.0,4,不採用,49.5
ema_cross(EMA5/20),ema_cross,5,10,16時台,水,なし,なし,5,20,138,65.2,-30.0,5.0,-10.0,0.938,-65.0,3,60,68.3,15.0,5.0,-10.0,1.079,-45.0,2,不採用,49.5
ema_cross(EMA5/20),ema_cross,5,10,22時台,全曜日,上昇のみ,ATR高,5,20,176,61.4,-126.1,5.0,-9.8,0.811,-166.1,4,47,68.1,10.0,5.0,-10.0,1.067,-40.0,2,不採用,49.5
ema_cross(EMA5/20),ema_cross,5,12,全時間,水,レンジのみ,なし,5,20,584,67.0,-361.0,5.0,-12.0,0.844,-407.0,5,258,69.8,-36.0,5.0,-12.0,0.962,-156.0,4,不採用,49.5
ema_cross(EMA5/20),ema_cross,5,12,21時台,金,下降のみ,なし,5,20,59,67.8,-18.3,5.0,-11.49,0.916,-71.3,5,22,72.7,8.0,5.0,-12.0,1.111,-33.0,2,不採用,49.5
ema_cross(EMA5/20),ema_cross,5,15,東京(9-15),木,レンジのみ,直近30分変動大,5,20,90,63.3,-210.0,5.0,-15.0,0.576,-245.0,6,40,77.5,20.0,5.0,-15.0,1.148,-65.0,3,不採用,49.5
ema_cross(EMA5/20),ema_cross,5,10,21時台,火,上昇のみ,直近30分変動大,5,20,35,57.1,-50.0,5.0,-10.0,0.667,-75.0,4,13,69.2,5.0,5.0,-10.0,1.125,-25.0,2,不採用,49.4
ema_cross(EMA5/20),ema_cross,5,15,ロンドン(16-21),金,レンジのみ,直近30分変動大,5,20,64,68.8,-80.0,5.0,-15.0,0.733,-100.0,2,29,75.9,5.0,5.0,-15.0,1.048,-45.0,1,不採用,49.4
ema_cross(EMA5/20),ema_cross,5,10,全時間,月,順方向のみ,ATR低,5,20,182,62.1,-119.3,5.0,-9.92,0.826,-143.1,5,53,67.9,10.0,5.0,-10.0,1.059,-55.0,2,不採用,49.3
ema_cross(EMA5/20),ema_cross,5,15,全時間,月,レンジのみ,ATR低,5,20,134,66.4,-189.5,5.0,-14.1,0.701,-234.5,5,42,76.2,10.0,5.0,-15.0,1.067,-40.0,2,不採用,49.3
ema_cross(EMA5/20),ema_cross,5,15,全時間,水,なし,ATR高,5,20,685,69.3,-751.9,5.0,-14.89,0.76,-831.9,4,286,73.8,-70.0,5.0,-15.0,0.938,-215.0,4,不採用,49.3
ema_cross(EMA5/20),ema_cross,5,15,東京(9-15),木,順方向のみ,なし,5,20,200,70.0,-200.0,5.0,-15.0,0.778,-300.0,7,91,75.8,15.0,5.0,-15.0,1.045,-65.0,3,不採用,49.3
ema_cross(EMA5/20),ema_cross,5,5,ロンドン(16-21),水,上昇のみ,ATR低,5,20,61,45.9,-21.7,5.0,-4.9,0.866,-41.7,4,27,51.9,5.0,5.0,-5.0,1.077,-10.0,2,不採用,49.2
ema_cross(EMA5/20),ema_cross,5,8,全時間,全曜日,レンジのみ,ATR低,5,20,1078,56.4,-680.0,4.98,-7.89,0.817,-803.6,9,431,58.5,-134.5,5.0,-7.79,0.904,-200.3,6,不採用,49.2
ema_cross(EMA5/20),ema_cross,5,8,22時台,全曜日,なし,ATR低,5,20,56,53.6,-17.8,4.92,-6.36,0.892,-43.0,6,39,64.1,12.2,4.82,-7.73,1.113,-24.0,3,不採用,49.2
ema_cross(EMA5/20),ema_cross,5,10,全時間,金,下降のみ,なし,5,20,822,61.1,-687.1,4.99,-9.98,0.785,-717.1,5,323,65.9,-29.2,5.0,-9.95,0.973,-194.2,7,不採用,49.2
ema_cross(EMA5/20),ema_cross,5,10,東京(9-15),金,上昇のみ,なし,5,20,216,63.0,-120.0,5.0,-10.0,0.85,-215.0,5,89,68.5,25.0,5.0,-10.0,1.089,-60.0,4,不採用,49.2
ema_cross(EMA5/20),ema_cross,5,12,ロンドン(16-21),水,下降のみ,なし,5,20,155,69.0,-41.0,5.0,-12.0,0.929,-125.0,5,81,71.6,14.0,5.0,-12.0,1.051,-57.0,2,不採用,49.2
ema_cross(EMA5/20),ema_cross,5,15,全時間,火,レンジのみ,なし,5,20,523,71.7,-337.8,4.99,-14.92,0.847,-380.0,5,242,74.4,-22.0,5.0,-14.87,0.976,-185.0,4,不採用,49.2
ema_cross(EMA5/20),ema_cross,5,15,東京(9-15),木,順方向のみ,直近30分変動大,5,20,64,70.3,-60.0,5.0,-15.0,0.789,-115.0,4,38,76.3,10.0,5.0,-15.0,1.074,-45.0,2,不採用,49.2
ema_cross(EMA5/20),ema_cross,5,5,ロンドン(16-21),金,上昇のみ,なし,5,20,270,42.2,-210.0,5.0,-5.0,0.731,-210.0,10,126,51.6,20.0,5.0,-5.0,1.066,-45.0,5,不採用,49.1
ema_cross(EMA5/20),ema_cross,5,8,全時間,木,レンジのみ,ATR低,5,20,215,49.8,-329.0,5.0,-8.0,0.619,-359.0,5,72,63.9,22.9,5.0,-7.97,1.111,-47.1,4,不採用,49.1
ema_cross(EMA5/20),ema_cross,5,8,9時台,月,順方向のみ,なし,5,20,38,57.9,-18.0,5.0,-8.0,0.859,-47.0,4,22,63.6,6.0,5.0,-8.0,1.094,-25.0,2,不採用,49.1
ema_cross(EMA5/20),ema_cross,5,8,21時台,火,なし,ATR高,5,20,60,60.0,-8.0,5.0,-7.83,0.957,-70.0,4,11,63.6,3.0,5.0,-8.0,1.094,-14.0,1,不採用,49.1
ema_cross(EMA5/20),ema_cross,5,10,東京(9-15),金,下降のみ,ATR低,5,20,56,60.7,-50.0,5.0,-10.0,0.773,-100.0,3,16,68.8,5.0,5.0,-10.0,1.1,-20.0,2,不採用,49.1
ema_cross(EMA5/20),ema_cross,5,10,16時台,全曜日,下降のみ,ATR高,5,20,106,63.2,-55.0,5.0,-10.0,0.859,-90.0,3,45,68.9,15.0,5.0,-10.0,1.107,-40.0,3,不採用,49.1
ema_cross(EMA5/20),ema_cross,5,12,東京(9-15),全曜日,順方向のみ,なし,5,20,996,67.4,-540.9,4.99,-11.97,0.861,-605.0,6,381,68.5,-135.0,5.0,-12.0,0.906,-182.0,4,不採用,49.1
ema_cross(EMA5/20),ema_cross,5,12,ロンドン(16-21),水,なし,直近30分変動大,5,20,276,66.3,-201.0,5.0,-12.0,0.82,-236.0,4,122,70.5,2.0,5.0,-11.89,1.005,-83.0,3,不採用,49.1
ema_cross(EMA5/20),ema_cross,5,15,全時間,火,上昇のみ,直近30分変動大,5,20,415,69.9,-403.5,5.0,-14.83,0.782,-458.5,5,176,74.4,-24.6,4.96,-15.0,0.964,-130.0,3,不採用,49.1
ema_cross(EMA5/20),ema_cross,5,5,東京(9-15),木,順方向のみ,直近30分変動大,5,20,65,40.0,-65.0,5.0,-5.0,0.667,-80.0,8,38,52.6,10.0,5.0,-5.0,1.111,-25.0,3,不採用,49.0
ema_cross(EMA5/20),ema_cross,5,10,東京(9-15),全曜日,レンジのみ,なし,5,20,1013,66.4,-35.0,5.0,-10.0,0.99,-200.0,7,371,66.0,-35.0,5.0,-10.0,0.972,-245.0,5,不採用,49.0
ema_cross(EMA5/20),ema_cross,5,12,NY(21-24),月,下降のみ,ATR高,5,20,48,56.2,-115.1,5.0,-11.91,0.54,-133.1,5,11,72.7,4.0,5.0,-12.0,1.111,-24.0,2,不採用,49.0
ema_cross(EMA5/20),ema_cross,5,12,9時台,月,順方向のみ,なし,5,20,38,63.2,-48.0,5.0,-12.0,0.714,-66.0,3,21,71.4,3.0,5.0,-12.0,1.042,-33.0,1,不採用,49.0
ema_cross(EMA5/20),ema_cross,5,8,東京(9-15),月,レンジのみ,なし,5,20,192,61.5,-2.0,5.0,-8.0,0.997,-124.0,6,64,64.1,21.0,5.0,-8.0,1.114,-31.0,3,不採用,48.9
ema_cross(EMA5/20),ema_cross,5,12,ロンドン(16-21),木,下降のみ,ATR高,5,20,131,61.8,-195.0,5.0,-12.0,0.675,-232.0,4,31,71.0,2.0,5.0,-12.0,1.019,-35.0,1,不採用,48.9
ema_cross(EMA5/20),ema_cross,5,8,ロンドン(16-21),木,レンジのみ,直近30分変動大,5,20,87,51.7,-111.0,5.0,-8.0,0.67,-113.0,3,28,64.3,10.0,5.0,-8.0,1.125,-24.0,3,不採用,48.8
ema_cross(EMA5/20),ema_cross,5,8,16時台,火,順方向のみ,ATR高,5,20,15,46.7,-29.0,5.0,-8.0,0.547,-36.0,3,8,62.5,1.0,5.0,-8.0,1.042,-11.0,1,不採用,48.8
ema_cross(EMA5/20),ema_cross,5,10,ロンドン(16-21),全曜日,レンジのみ,なし,5,20,703,63.7,-303.7,5.0,-9.97,0.881,-360.5,6,294,65.6,-45.0,5.0,-10.0,0.955,-130.0,5,不採用,48.8
ema_cross(EMA5/20),ema_cross,5,10,22時台,水,上昇のみ,直近30分変動大,5,20,22,40.9,-85.0,5.0,-10.0,0.346,-80.0,3,19,68.4,5.0,5.0,-10.0,1.083,-20.0,2,不採用,48.8
ema_cross(EMA5/20),ema_cross,5,12,ロンドン(16-21),全曜日,下降のみ,ATR高,5,20,458,66.8,-294.0,5.0,-12.0,0.839,-377.0,7,186,69.9,-22.0,5.0,-12.0,0.967,-130.0,3,不採用,48.8
ema_cross(EMA5/20),ema_cross,5,5,9時台,木,なし,ATR低,5,20,66,45.5,-30.0,5.0,-5.0,0.833,-50.0,5,15,53.3,5.0,5.0,-5.0,1.143,-15.0,3,不採用,48.7
ema_cross(EMA5/20),ema_cross,5,10,全時間,月,レンジのみ,ATR低,5,20,139,61.2,-106.7,5.0,-9.85,0.799,-171.7,5,46,67.4,5.0,5.0,-10.0,1.033,-30.0,2,不採用,48.7
ema_cross(EMA5/20),ema_cross,5,10,東京(9-15),水,レンジのみ,直近30分変動大,5,20,98,58.2,-125.0,5.0,-10.0,0.695,-120.0,4,37,67.6,5.0,5.0,-10.0,1.042,-20.0,2,不採用,48.7
ema_cross(EMA5/20),ema_cross,5,15,全時間,金,順方向のみ,直近30分変動大,5,20,251,73.3,-85.0,5.0,-15.0,0.915,-200.0,3,111,75.7,15.0,5.0,-15.0,1.037,-70.0,3,不採用,48.7
ema_cross(EMA5/20),ema_cross,5,5,NY(21-24),火,上昇のみ,なし,5,20,150,32.0,-270.0,5.0,-5.0,0.471,-265.0,8,59,52.5,15.0,5.0,-5.0,1.107,-25.0,4,不採用,48.6
ema_cross(EMA5/20),ema_cross,5,8,ロンドン(16-21),水,なし,直近30分変動大,5,20,287,58.2,-125.0,5.0,-8.0,0.87,-214.0,5,125,61.6,1.0,5.0,-8.0,1.003,-68.0,3,不採用,48.6
ema_cross(EMA5/20),ema_cross,5,8,NY(21-24),月,下降のみ,ATR高,5,20,52,48.1,-91.0,5.0,-8.0,0.579,-101.0,4,11,63.6,3.0,5.0,-8.0,1.094,-17.0,2,不採用,48.6
ema_cross(EMA5/20),ema_cross,5,10,ロンドン(16-21),水,なし,直近30分変動大,5,20,281,63.7,-125.0,5.0,-10.0,0.877,-185.0,4,124,66.9,5.0,5.0,-10.0,1.012,-80.0,3,不採用,48.6
ema_cross(EMA5/20),ema_cross,5,10,NY(21-24),月,なし,ATR高,5,20,97,55.7,-147.1,5.0,-9.7,0.647,-152.1,5,25,68.0,5.0,5.0,-10.0,1.062,-20.0,2,不採用,48.6
ema_cross(EMA5/20),ema_cross,5,12,全時間,火,レンジのみ,ATR低,5,20,223,63.2,-279.0,5.0,-12.0,0.716,-311.0,6,80,72.5,26.0,5.0,-12.0,1.098,-83.0,4,不採用,48.6
ema_cross(EMA5/20),ema_cross,5,12,全時間,水,下降のみ,ATR高,5,20,280,65.7,-214.9,5.0,-11.82,0.811,-347.9,6,144,70.1,-11.0,5.0,-12.0,0.979,-114.0,3,不採用,48.6
ema_cross(EMA5/20),ema_cross,5,15,ロンドン(16-21),全曜日,なし,ATR高,5,20,1004,71.2,-726.3,5.0,-14.88,0.831,-761.3,6,359,73.5,-105.0,5.0,-15.0,0.926,-280.0,4,不採用,48.6
ema_cross(EMA5/20),ema_cross,5,15,NY(21-24),火,下降のみ,なし,5,20,87,71.3,-51.9,5.0,-14.48,0.857,-105.0,3,31,77.4,15.0,5.0,-15.0,1.143,-75.0,3,不採用,48.6
ema_cross(EMA5/20),ema_cross,5,8,ロンドン(16-21),金,上昇のみ,直近30分変動大,5,20,88,56.8,-47.5,5.0,-7.83,0.84,-91.5,4,48,64.6,19.0,5.0,-8.0,1.14,-46.0,4,不採用,48.5
ema_cross(EMA5/20),ema_cross,5,8,NY(21-24),水,上昇のみ,直近30分変動大,5,20,37,45.9,-75.0,5.0,-8.0,0.531,-82.0,3,28,64.3,10.0,5.0,-8.0,1.125,-42.0,3,不採用,48.5
ema_cross(EMA5/20),ema_cross,5,8,10時台,水,上昇のみ,ATR高,5,20,18,44.4,-40.0,5.0,-8.0,0.5,-50.0,3,11,63.6,3.0,5.0,-8.0,1.094,-22.0,2,不採用,48.5
ema_cross(EMA5/20),ema_cross,5,8,22時台,水,上昇のみ,直近30分変動大,5,20,22,31.8,-85.0,5.0,-8.0,0.292,-82.0,5,19,63.2,4.0,5.0,-8.0,1.071,-18.0,2,不採用,48.5
ema_cross(EMA5/20),ema_cross,5,10,22時台,月,下降のみ,ATR低,5,20,4,25.0,-27.4,2.6,-10.0,0.087,-30.0,3,4,75.0,0.4,3.47,-10.0,1.04,-10.0,1,不採用,48.5
ema_cross(EMA5/20),ema_cross,5,15,ロンドン(16-21),月,順方向のみ,なし,5,20,174,69.5,-158.5,5.0,-14.41,0.792,-192.3,4,65,75.4,15.9,5.0,-14.32,1.069,-75.0,3,不採用,48.5
ema_cross(EMA5/20),ema_cross,5,15,NY(21-24),火,上昇のみ,なし,5,20,110,60.9,-254.9,5.0,-13.72,0.568,-278.5,4,49,75.5,8.0,4.88,-14.37,1.046,-65.0,2,不採用,48.5
ema_cross(EMA5/20),ema_cross,5,5,東京(9-15),木,順方向のみ,なし,5,20,240,43.8,-150.0,5.0,-5.0,0.778,-215.0,9,96,52.1,20.0,5.0,-5.0,1.087,-35.0,5,不採用,48.4
ema_cross(EMA5/20),ema_cross,5,12,全時間,水,なし,ATR高,5,20,728,64.8,-694.9,5.0,-11.93,0.773,-760.9,5,299,68.6,-103.0,5.0,-12.0,0.909,-185.0,4,不採用,48.4
ema_cross(EMA5/20),ema_cross,5,5,東京(9-15),火,レンジのみ,ATR低,5,20,85,49.4,-5.0,5.0,-5.0,0.977,-45.0,4,34,52.9,10.0,5.0,-5.0,1.125,-20.0,3,不採用,48.3
ema_cross(EMA5/20),ema_cross,5,10,9時台,月,順方向のみ,なし,5,20,38,60.5,-35.0,5.0,-10.0,0.767,-65.0,4,22,68.2,5.0,5.0,-10.0,1.071,-35.0,2,不採用,48.3
ema_cross(EMA5/20),ema_cross,5,10,21時台,金,下降のみ,なし,5,20,61,59.0,-62.3,5.0,-9.69,0.743,-82.3,5,22,68.2,5.0,5.0,-10.0,1.071,-35.0,2,不採用,48.3
ema_cross(EMA5/20),ema_cross,5,12,全時間,全曜日,上昇のみ,ATR高,5,20,1368,66.4,-917.4,4.99,-11.84,0.832,-1072.4,7,474,67.7,-223.3,5.0,-11.95,0.878,-288.0,4,不採用,48.3
ema_cross(EMA5/20),ema_cross,5,12,東京(9-15),全曜日,レンジのみ,ATR低,5,20,320,67.5,-162.1,4.98,-11.9,0.869,-206.0,5,98,72.4,31.0,5.0,-12.0,1.096,-147.0,4,不採用,48.3
ema_cross(EMA5/20),ema_cross,5,12,ロンドン(16-21),火,下降のみ,なし,5,20,158,68.4,-60.0,5.0,-12.0,0.9,-159.0,5,73,71.2,8.0,5.0,-12.0,1.032,-66.0,2,不採用,48.3
ema_cross(EMA5/20),ema_cross,5,8,16時台,水,なし,ATR高,5,20,54,57.4,-29.0,5.0,-8.0,0.842,-40.0,4,25,64.0,8.0,5.0,-8.0,1.111,-26.0,3,不採用,48.2
ema_cross(EMA5/20),ema_cross,5,12,16時台,全曜日,下降のみ,ATR高,5,20,104,68.3,-41.0,5.0,-12.0,0.896,-96.0,3,43,72.1,11.0,5.0,-12.0,1.076,-36.0,3,不採用,48.2
ema_cross(EMA5/20),ema_cross,5,15,ロンドン(16-21),火,レンジのみ,なし,5,20,121,68.6,-143.2,5.0,-14.69,0.743,-205.0,3,53,75.5,5.0,5.0,-15.0,1.026,-60.0,2,不採用,48.2
ema_cross(EMA5/20),ema_cross,5,5,21時台,月,下降のみ,なし,5,20,47,38.3,-55.0,5.0,-5.0,0.621,-80.0,7,19,52.6,5.0,5.0,-5.0,1.111,-15.0,3,不採用,48.1
ema_cross(EMA5/20),ema_cross,5,10,東京(9-15),月,レンジのみ,なし,5,20,181,69.6,80.0,5.0,-10.0,1.145,-80.0,4,59,69.5,25.0,5.0,-10.0,1.139,-50.0,2,不採用,48.1
ema_cross(EMA5/20),ema_cross,5,10,東京(9-15),金,下降のみ,ATR高,5,20,89,64.0,-35.0,5.0,-10.0,0.891,-105.0,5,35,68.6,10.0,5.0,-10.0,1.091,-35.0,3,不採用,48.1
ema_cross(EMA5/20),ema_cross,5,10,NY(21-24),火,なし,なし,5,20,280,63.6,-112.5,5.0,-9.83,0.888,-178.5,4,110,67.3,16.0,5.0,-9.83,1.045,-75.0,4,不採用,48.1
ema_cross(EMA5/20),ema_cross,5,12,全時間,月,なし,ATR低,5,20,405,63.5,-449.8,4.97,-11.66,0.739,-511.0,5,136,69.9,-21.6,4.95,-12.0,0.956,-75.0,3,不採用,48.1
ema_cross(EMA5/20),ema_cross,5,15,東京(9-15),火,上昇のみ,なし,5,20,209,70.3,-195.0,5.0,-15.0,0.79,-270.0,4,80,76.2,20.0,5.0,-15.0,1.07,-60.0,4,不採用,48.1
ema_cross(EMA5/20),ema_cross,5,15,東京(9-15),火,レンジのみ,ATR低,5,20,73,72.6,-35.0,5.0,-15.0,0.883,-60.0,3,26,76.9,10.0,5.0,-15.0,1.111,-40.0,3,不採用,48.1
ema_cross(EMA5/20),ema_cross,5,15,ロンドン(16-21),月,レンジのみ,ATR高,5,20,49,65.3,-95.0,5.0,-15.0,0.627,-125.0,4,21,76.2,5.0,5.0,-15.0,1.067,-40.0,2,不採用,48.1
ema_cross(EMA5/20),ema_cross,5,15,ロンドン(16-21),金,なし,なし,5,20,448,71.4,-292.8,5.0,-14.79,0.845,-362.8,4,185,74.1,-28.5,5.0,-14.86,0.96,-125.0,3,不採用,48.1
ema_cross(EMA5/20),ema_cross,5,15,10時台,全曜日,なし,直近30分変動大,5,20,298,72.5,-150.0,5.0,-15.0,0.878,-335.0,4,124,75.0,4.4,5.0,-14.86,1.01,-100.6,3,不採用,48.1
ema_cross(EMA5/20),ema_cross,5,5,東京(9-15),火,なし,ATR低,5,20,281,44.1,-165.0,5.0,-5.0,0.79,-200.0,8,86,51.2,10.0,5.0,-5.0,1.048,-40.0,4,不採用,48.0
ema_cross(EMA5/20),ema_cross,5,5,東京(9-15),水,レンジのみ,なし,5,20,281,49.8,-5.0,5.0,-5.0,0.993,-105.0,7,82,52.4,20.0,5.0,-5.0,1.103,-25.0,4,不採用,48.0
ema_cross(EMA5/20),ema_cross,5,5,9時台,月,なし,ATR高,5,20,49,42.9,-35.0,5.0,-5.0,0.75,-45.0,6,30,53.3,10.0,5.0,-5.0,1.143,-20.0,4,不採用,48.0
ema_cross(EMA5/20),ema_cross,5,5,9時台,火,レンジのみ,なし,5,20,87,46.0,-35.0,5.0,-5.0,0.851,-60.0,4,19,52.6,5.0,5.0,-5.0,1.111,-20.0,3,不採用,48.0
ema_cross(EMA5/20),ema_cross,5,8,ロンドン(16-21),木,なし,ATR高,5,20,284,56.3,-192.0,5.0,-8.0,0.806,-232.0,5,79,62.0,5.0,5.0,-8.0,1.021,-54.0,3,不採用,48.0
ema_cross(EMA5/20),ema_cross,5,15,全時間,水,なし,直近30分変動大,5,20,962,70.3,-886.9,5.0,-14.92,0.792,-911.9,5,510,72.5,-243.0,5.0,-14.95,0.884,-330.0,5,不採用,48.0
ema_cross(EMA5/20),ema_cross,5,5,NY(21-24),月,下降のみ,直近30分変動大,5,20,47,46.8,-15.0,5.0,-5.0,0.88,-45.0,7,19,52.6,5.0,5.0,-5.0,1.111,-25.0,3,不採用,47.9
ema_cross(EMA5/20),ema_cross,5,8,全時間,水,レンジのみ,直近30分変動大,5,20,272,56.2,-187.0,5.0,-8.0,0.804,-197.0,6,141,61.7,3.0,5.0,-8.0,1.007,-45.0,5,不採用,47.9
ema_cross(EMA5/20),ema_cross,5,10,ロンドン(16-21),月,順方向のみ,なし,5,20,180,62.8,-101.2,5.0,-9.94,0.848,-150.0,5,68,67.6,10.0,5.0,-10.0,1.045,-70.0,3,不採用,47.9
ema_cross(EMA5/20),ema_cross,5,12,全時間,木,上昇のみ,ATR低,5,20,244,72.5,82.2,5.0,-11.98,1.102,-140.0,3,108,71.3,34.3,5.0,-11.31,1.098,-68.8,3,不採用,47.9
ema_cross(EMA5/20),ema_cross,5,5,16時台,火,順方向のみ,ATR高,5,20,15,33.3,-25.0,5.0,-5.0,0.5,-35.0,6,8,50.0,0.0,5.0,-5.0,1.0,-5.0,1,不採用,47.8
ema_cross(EMA5/20),ema_cross,5,8,10時台,水,レンジのみ,直近30分変動大,5,20,22,59.1,-7.0,5.0,-8.0,0.903,-38.0,4,8,62.5,1.0,5.0,-8.0,1.042,-14.0,1,不採用,47.8
ema_cross(EMA5/20),ema_cross,5,12,NY(21-24),全曜日,上昇のみ,ATR高,5,20,274,66.8,-136.9,5.0,-11.56,0.87,-220.2,5,65,70.8,2.0,5.0,-12.0,1.009,-45.0,2,不採用,47.8
ema_cross(EMA5/20),ema_cross,5,5,10時台,木,なし,ATR低,5,20,15,40.0,-15.0,5.0,-5.0,0.667,-30.0,5,6,50.0,0.0,5.0,-5.0,1.0,-5.0,1,不採用,47.7
ema_cross(EMA5/20),ema_cross,5,10,NY(21-24),月,順方向のみ,直近30分変動大,5,20,22,59.1,-25.0,5.0,-10.0,0.722,-40.0,2,9,66.7,0.0,5.0,-10.0,1.0,-15.0,1,不採用,47.7
ema_cross(EMA5/20),ema_cross,5,10,16時台,金,上昇のみ,直近30分変動大,5,20,28,60.7,-16.5,5.0,-9.23,0.837,-25.0,4,12,66.7,0.0,5.0,-10.0,1.0,-15.0,1,不採用,47.7
ema_cross(EMA5/20),ema_cross,5,12,ロンドン(16-21),水,なし,ATR低,5,20,83,69.9,0.3,5.0,-11.59,1.001,-77.7,3,29,72.4,13.0,5.0,-11.5,1.141,-46.0,3,不採用,47.7
ema_cross(EMA5/20),ema_cross,5,15,全時間,全曜日,なし,ATR高,5,20,3759,71.9,-2100.2,4.99,-14.74,0.865,-2281.4,6,1405,74.0,-239.8,5.0,-14.89,0.956,-505.0,4,不採用,47.7
ema_cross(EMA5/20),ema_cross,5,5,全時間,水,なし,ATR高,5,20,894,42.1,-710.0,5.0,-5.0,0.726,-735.0,9,335,46.9,-105.0,5.0,-5.0,0.882,-155.0,6,不採用,47.6
ema_cross(EMA5/20),ema_cross,5,5,10時台,木,下降のみ,ATR低,5,20,5,20.0,-15.0,5.0,-5.0,0.25,-15.0,4,2,50.0,0.0,5.0,-5.0,1.0,0.0,1,不採用,47.6
ema_cross(EMA5/20),ema_cross,5,5,16時台,水,レンジのみ,ATR高,5,20,11,36.4,-15.0,5.0,-5.0,0.571,-20.0,4,2,50.0,0.0,5.0,-5.0,1.0,0.0,1,不採用,47.6
ema_cross(EMA5/20),ema_cross,5,5,16時台,金,順方向のみ,ATR高,5,20,26,38.5,-30.0,5.0,-5.0,0.625,-45.0,6,4,50.0,0.0,5.0,-5.0,1.0,-5.0,1,不採用,47.6
ema_cross(EMA5/20),ema_cross,5,8,22時台,水,上昇のみ,なし,5,20,56,51.8,-57.0,5.0,-7.48,0.718,-61.0,6,30,63.3,7.0,5.0,-8.0,1.08,-30.0,3,不採用,47.6
ema_cross(EMA5/20),ema_cross,5,8,22時台,木,なし,なし,5,20,132,55.3,-100.4,5.0,-7.89,0.784,-122.4,4,34,61.8,1.0,5.0,-8.0,1.01,-20.0,2,不採用,47.6
ema_cross(EMA5/20),ema_cross,5,10,10時台,火,下降のみ,直近30分変動大,5,20,16,62.5,-10.0,5.0,-10.0,0.833,-35.0,2,6,66.7,0.0,5.0,-10.0,1.0,-10.0,1,不採用,47.6
ema_cross(EMA5/20),ema_cross,5,10,10時台,水,順方向のみ,ATR高,5,20,13,61.5,-10.0,5.0,-10.0,0.8,-25.0,2,3,66.7,0.0,5.0,-10.0,1.0,0.0,1,不採用,47.6
ema_cross(EMA5/20),ema_cross,5,10,16時台,月,上昇のみ,ATR高,5,20,10,60.0,-10.0,5.0,-10.0,0.75,-30.0,3,6,66.7,0.0,5.0,-10.0,1.0,-10.0,1,不採用,47.6
ema_cross(EMA5/20),ema_cross,5,10,16時台,火,順方向のみ,直近30分変動大,5,20,19,57.9,-25.0,5.0,-10.0,0.688,-50.0,2,6,66.7,0.0,5.0,-10.0,1.0,-10.0,1,不採用,47.6
ema_cross(EMA5/20),ema_cross,5,10,16時台,水,順方向のみ,ATR低,5,20,7,42.9,-25.0,5.0,-10.0,0.375,-20.0,1,6,66.7,0.0,5.0,-10.0,1.0,-10.0,1,不採用,47.6
ema_cross(EMA5/20),ema_cross,5,10,22時台,金,順方向のみ,直近30分変動大,5,20,30,53.3,-60.0,5.0,-10.0,0.571,-55.0,2,6,66.7,0.0,5.0,-10.0,1.0,-10.0,1,不採用,47.6
ema_cross(EMA5/20),ema_cross,5,12,ロンドン(16-21),全曜日,レンジのみ,なし,5,20,660,67.9,-295.7,5.0,-11.96,0.883,-375.5,6,282,69.1,-69.0,5.0,-12.0,0.934,-148.0,4,不採用,47.6
ema_cross(EMA5/20),ema_cross,5,12,22時台,火,順方向のみ,なし,5,20,52,57.7,-97.1,5.0,-11.23,0.607,-159.0,4,21,71.4,3.0,5.0,-12.0,1.042,-30.0,2,不採用,47.6
ema_cross(EMA5/20),ema_cross,5,15,10時台,月,上昇のみ,直近30分変動大,5,20,25,68.0,-35.0,5.0,-15.0,0.708,-55.0,3,8,75.0,0.0,5.0,-15.0,1.0,-15.0,1,不採用,47.6
ema_cross(EMA5/20),ema_cross,5,5,ロンドン(16-21),金,上昇のみ,ATR高,5,20,93,43.0,-65.0,5.0,-5.0,0.755,-100.0,7,25,52.0,5.0,5.0,-5.0,1.083,-25.0,3,不採用,47.5
ema_cross(EMA5/20),ema_cross,5,5,16時台,火,順方向のみ,ATR低,5,20,10,30.0,-20.0,5.0,-5.0,0.429,-25.0,4,2,50.0,0.0,5.0,-5.0,1.0,-5.0,1,不採用,47.5
ema_cross(EMA5/20),ema_cross,5,8,22時台,全曜日,上昇のみ,なし,5,20,310,52.3,-333.5,5.0,-7.73,0.708,-342.8,6,119,61.3,-3.0,5.0,-8.0,0.992,-60.0,4,不採用,47.5
ema_cross(EMA5/20),ema_cross,5,10,21時台,金,順方向のみ,ATR高,5,20,33,48.5,-90.0,5.0,-10.0,0.471,-105.0,5,6,66.7,0.0,5.0,-10.0,1.0,-15.0,1,不採用,47.5
ema_cross(EMA5/20),ema_cross,5,12,全時間,水,なし,直近30分変動大,5,20,996,65.1,-918.9,5.0,-11.95,0.779,-941.9,6,522,67.6,-259.0,5.0,-11.98,0.872,-320.0,5,不採用,47.5
ema_cross(EMA5/20),ema_cross,5,15,10時台,水,上昇のみ,ATR高,5,20,16,62.5,-40.0,5.0,-15.0,0.556,-60.0,2,8,75.0,0.0,5.0,-15.0,1.0,-20.0,1,不採用,47.5
ema_cross(EMA5/20),ema_cross,5,5,ロンドン(16-21),金,上昇のみ,直近30分変動大,5,20,88,38.6,-100.0,5.0,-5.0,0.63,-120.0,10,48,52.1,10.0,5.0,-5.0,1.087,-25.0,4,不採用,47.4
ema_cross(EMA5/20),ema_cross,5,5,16時台,月,なし,ATR高,5,20,51,49.0,-5.0,5.0,-5.0,0.962,-45.0,5,27,51.9,5.0,5.0,-5.0,1.077,-20.0,2,不採用,47.4
ema_cross(EMA5/20),ema_cross,5,10,東京(9-15),金,なし,直近30分変動大,5,20,320,60.0,-320.0,5.0,-10.0,0.75,-395.0,5,132,66.7,0.0,5.0,-10.0,1.0,-110.0,4,不採用,47.4
ema_cross(EMA5/20),ema_cross,5,10,9時台,水,下降のみ,ATR高,5,20,8,50.0,-20.0,5.0,-10.0,0.5,-35.0,3,3,66.7,0.0,5.0,-10.0,1.0,-10.0,1,不採用,47.4
ema_cross(EMA5/20),ema_cross,5,10,16時台,火,下降のみ,直近30分変動大,5,20,20,55.0,-35.0,5.0,-10.0,0.611,-55.0,4,3,66.7,0.0,5.0,-10.0,1.0,-10.0,1,不採用,47.4
ema_cross(EMA5/20),ema_cross,5,10,21時台,木,下降のみ,ATR高,5,20,39,61.5,-30.0,5.0,-10.0,0.8,-30.0,3,3,66.7,0.0,5.0,-10.0,1.0,-10.0,1,不採用,47.4
ema_cross(EMA5/20),ema_cross,5,12,全時間,全曜日,下降のみ,ATR低,5,20,785,64.8,-638.3,4.97,-11.47,0.798,-699.5,6,286,67.5,-101.0,4.96,-11.38,0.905,-158.2,4,不採用,47.4
ema_cross(EMA5/20),ema_cross,5,12,全時間,木,下降のみ,ATR高,5,20,447,68.0,-196.0,5.0,-12.0,0.886,-328.0,3,135,70.4,-5.0,5.0,-12.0,0.99,-90.0,3,不採用,47.4
ema_cross(EMA5/20),ema_cross,5,12,NY(21-24),木,上昇のみ,ATR高,5,20,73,71.2,17.3,5.0,-11.56,1.071,-104.0,3,15,73.3,7.0,5.0,-12.0,1.146,-31.0,2,不採用,47.4
ema_cross(EMA5/20),ema_cross,5,15,全時間,火,順方向のみ,ATR高,5,20,204,70.6,-155.7,5.0,-14.6,0.822,-250.0,4,74,75.7,10.0,5.0,-15.0,1.037,-100.0,3,不採用,47.4
ema_cross(EMA5/20),ema_cross,5,15,NY(21-24),水,レンジのみ,ATR高,5,20,27,70.4,-25.0,5.0,-15.0,0.792,-45.0,2,4,75.0,0.0,5.0,-15.0,1.0,-15.0,1,不採用,47.4
ema_cross(EMA5/20),ema_cross,5,5,全時間,水,レンジのみ,ATR高,5,20,226,47.3,-60.0,5.0,-5.0,0.899,-80.0,10,75,53.3,25.0,5.0,-5.0,1.143,-40.0,6,不採用,47.3
ema_cross(EMA5/20),ema_cross,5,8,NY(21-24),水,レンジのみ,ATR低,5,20,7,57.1,-4.0,5.0,-8.0,0.833,-16.0,2,8,62.5,1.0,5.0,-8.0,1.042,-8.0,2,不採用,47.3
ema_cross(EMA5/20),ema_cross,5,12,22時台,月,なし,ATR高,5,20,52,65.4,-27.2,5.0,-10.96,0.862,-64.5,3,14,71.4,2.0,5.0,-12.0,1.042,-24.0,2,不採用,47.3
ema_cross(EMA5/20),ema_cross,5,12,22時台,火,下降のみ,なし,5,20,51,51.0,-170.0,5.0,-12.0,0.433,-172.0,6,14,71.4,2.0,5.0,-12.0,1.042,-24.0,2,不採用,47.3
ema_cross(EMA5/20),ema_cross,5,5,全時間,木,順方向のみ,なし,5,20,915,45.2,-430.6,5.0,-4.99,0.828,-535.6,10,365,48.5,-55.0,5.0,-5.0,0.941,-110.0,9,不採用,47.2
ema_cross(EMA5/20),ema_cross,5,5,16時台,水,上昇のみ,なし,5,20,71,47.9,-15.0,5.0,-5.0,0.919,-75.0,13,27,51.9,5.0,5.0,-5.0,1.077,-10.0,3,不採用,47.2
ema_cross(EMA5/20),ema_cross,5,8,22時台,火,下降のみ,直近30分変動大,5,20,32,46.9,-61.0,5.0,-8.0,0.551,-80.0,6,8,62.5,1.0,5.0,-8.0,1.042,-16.0,2,不採用,47.2
ema_cross(EMA5/20),ema_cross,5,10,NY(21-24),月,下降のみ,なし,5,20,73,57.5,-94.4,5.0,-9.82,0.69,-110.0,4,34,67.6,0.4,4.8,-10.0,1.004,-30.0,2,不採用,47.2
ema_cross(EMA5/20),ema_cross,5,12,ロンドン(16-21),全曜日,順方向のみ,ATR低,5,20,155,64.5,-101.7,4.96,-10.86,0.83,-133.0,4,71,70.4,6.6,4.92,-11.4,1.028,-88.0,3,不採用,47.2
ema_cross(EMA5/20),ema_cross,5,12,ロンドン(16-21),金,下降のみ,直近30分変動大,5,20,93,64.5,-96.0,5.0,-12.0,0.758,-126.0,3,32,71.9,7.0,5.0,-12.0,1.065,-36.0,3,不採用,47.2
ema_cross(EMA5/20),ema_cross,5,12,22時台,全曜日,なし,なし,5,20,651,64.2,-506.9,4.96,-11.07,0.804,-516.9,6,267,68.2,-80.7,4.93,-11.51,0.918,-178.2,4,不採用,47.2
ema_cross(EMA5/20),ema_cross,5,15,全時間,火,順方向のみ,直近30分変動大,5,20,230,66.5,-390.0,5.0,-15.0,0.662,-435.0,4,107,73.8,-25.0,5.0,-15.0,0.94,-95.0,2,不採用,47.2
ema_cross(EMA5/20),ema_cross,5,15,全時間,木,上昇のみ,直近30分変動大,5,20,399,75.4,35.0,5.0,-15.0,1.024,-185.0,3,184,75.0,0.0,5.0,-15.0,1.0,-100.0,3,不採用,47.2
ema_cross(EMA5/20),ema_cross,5,5,22時台,木,下降のみ,ATR高,5,20,37,45.9,-15.0,5.0,-5.0,0.85,-30.0,3,2,50.0,0.0,5.0,-5.0,1.0,0.0,1,不採用,47.1
ema_cross(EMA5/20),ema_cross,5,8,10時台,水,下降のみ,なし,5,20,35,57.1,-20.0,5.0,-8.0,0.833,-46.0,3,8,62.5,1.0,5.0,-8.0,1.042,-19.0,2,不採用,47.1
ema_cross(EMA5/20),ema_cross,5,8,21時台,全曜日,上昇のみ,ATR高,5,20,117,56.4,-74.0,5.0,-7.92,0.817,-119.0,4,21,61.9,1.0,5.0,-8.0,1.016,-19.0,2,不採用,47.1
ema_cross(EMA5/20),ema_cross,5,8,22時台,火,順方向のみ,ATR高,5,20,36,33.3,-129.4,5.0,-7.89,0.317,-158.0,13,8,62.5,1.0,5.0,-8.0,1.042,-19.0,2,不採用,47.1
ema_cross(EMA5/20),ema_cross,5,10,10時台,水,レンジのみ,なし,5,20,47,61.7,-35.0,5.0,-10.0,0.806,-75.0,3,19,68.4,5.0,5.0,-10.0,1.083,-30.0,3,不採用,47.1
ema_cross(EMA5/20),ema_cross,5,12,全時間,金,順方向のみ,直近30分変動大,5,20,252,67.5,-134.0,5.0,-12.0,0.864,-214.0,5,111,70.3,-6.0,5.0,-12.0,0.985,-60.0,3,不採用,47.1
ema_cross(EMA5/20),ema_cross,5,10,全時間,火,レンジのみ,ATR低,5,20,230,60.4,-215.0,5.0,-10.0,0.764,-240.0,6,86,67.4,10.0,5.0,-10.0,1.036,-75.0,4,不採用,47.0
ema_cross(EMA5/20),ema_cross,5,12,全時間,全曜日,レンジのみ,ATR低,5,20,953,63.6,-1004.5,4.97,-11.58,0.75,-1128.2,7,372,66.7,-160.2,5.0,-11.29,0.886,-252.0,5,不採用,47.0
ema_cross(EMA5/20),ema_cross,5,12,9時台,金,下降のみ,なし,5,20,56,67.9,-26.0,5.0,-12.0,0.88,-45.0,3,14,71.4,2.0,5.0,-12.0,1.042,-26.0,2,不採用,47.0
ema_cross(EMA5/20),ema_cross,5,15,全時間,金,上昇のみ,なし,5,20,756,69.8,-713.6,5.0,-14.71,0.787,-761.8,5,335,72.5,-155.9,4.98,-14.85,0.886,-262.4,3,不採用,47.0
ema_cross(EMA5/20),ema_cross,5,15,全時間,金,下降のみ,ATR低,5,20,157,69.4,-162.3,5.0,-14.74,0.771,-237.3,4,55,74.5,-5.0,5.0,-15.0,0.976,-50.0,2,不採用,47.0
ema_cross(EMA5/20),ema_cross,5,12,東京(9-15),全曜日,下降のみ,なし,5,20,933,69.9,-112.0,5.0,-12.0,0.967,-311.0,5,399,68.9,-113.0,5.0,-12.0,0.924,-221.0,5,不採用,46.9
ema_cross(EMA5/20),ema_cross,5,15,全時間,木,上昇のみ,ATR低,5,20,232,78.0,144.2,5.0,-14.92,1.19,-145.0,3,102,75.5,37.3,5.0,-13.91,1.107,-56.8,3,不採用,46.9
ema_cross(EMA5/20),ema_cross,5,15,東京(9-15),木,下降のみ,ATR低,5,20,54,72.2,-30.0,5.0,-15.0,0.867,-55.0,3,12,75.0,0.0,5.0,-15.0,1.0,-15.0,1,不採用,46.9
ema_cross(EMA5/20),ema_cross,5,15,NY(21-24),月,下降のみ,なし,5,20,68,66.2,-96.6,5.0,-13.98,0.7,-112.2,2,29,75.9,0.4,4.79,-15.0,1.004,-35.0,2,不採用,46.9
ema_cross(EMA5/20),ema_cross,5,5,9時台,月,順方向のみ,なし,5,20,39,38.5,-45.0,5.0,-5.0,0.625,-55.0,6,22,50.0,0.0,5.0,-5.0,1.0,-15.0,2,不採用,46.8
ema_cross(EMA5/20),ema_cross,5,5,21時台,木,順方向のみ,なし,5,20,64,45.3,-30.0,5.0,-5.0,0.829,-60.0,6,17,52.9,5.0,5.0,-5.0,1.125,-15.0,4,不採用,46.8
ema_cross(EMA5/20),ema_cross,5,8,全時間,月,順方向のみ,ATR低,5,20,189,57.1,-108.0,5.0,-8.0,0.833,-130.0,6,55,61.8,2.0,5.0,-8.0,1.012,-41.0,3,不採用,46.8
ema_cross(EMA5/20),ema_cross,5,8,全時間,木,なし,ATR低,5,20,602,58.0,-272.4,5.0,-7.97,0.865,-367.4,8,250,60.8,-23.1,5.0,-7.99,0.971,-139.0,6,不採用,46.8
ema_cross(EMA5/20),ema_cross,5,8,ロンドン(16-21),金,下降のみ,直近30分変動大,5,20,95,55.8,-71.0,5.0,-8.0,0.789,-103.0,4,32,62.5,4.0,5.0,-8.0,1.042,-24.0,3,不採用,46.8
ema_cross(EMA5/20),ema_cross,5,8,NY(21-24),月,レンジのみ,なし,5,20,65,56.9,-36.5,4.9,-7.77,0.832,-71.7,4,32,62.5,4.0,5.0,-8.0,1.042,-24.0,3,不採用,46.8
ema_cross(EMA5/20),ema_cross,5,10,全時間,木,なし,ATR低,5,20,555,62.9,-306.4,5.0,-9.96,0.851,-406.4,5,234,65.4,-33.0,5.0,-9.85,0.959,-145.0,5,不採用,46.8
ema_cross(EMA5/20),ema_cross,5,12,NY(21-24),火,上昇のみ,なし,5,20,118,60.2,-168.9,5.0,-11.15,0.678,-195.5,4,50,70.0,-5.0,5.0,-12.0,0.972,-44.0,2,不採用,46.8
ema_cross(EMA5/20),ema_cross,5,15,10時台,全曜日,下降のみ,なし,5,20,150,75.3,20.9,5.0,-14.71,1.038,-85.0,3,50,76.0,14.4,5.0,-14.63,1.082,-50.6,2,不採用,46.8
ema_cross(EMA5/20),ema_cross,5,8,東京(9-15),全曜日,レンジのみ,なし,5,20,1079,61.4,-13.0,5.0,-8.0,0.996,-228.0,6,394,60.4,-58.0,5.0,-8.0,0.954,-186.0,7,不採用,46.7
ema_cross(EMA5/20),ema_cross,5,10,全時間,金,レンジのみ,ATR高,5,20,249,63.9,-100.8,5.0,-9.95,0.887,-205.0,6,60,66.7,0.0,5.0,-10.0,1.0,-40.0,2,不採用,46.7
ema_cross(EMA5/20),ema_cross,5,10,ロンドン(16-21),水,下降のみ,直近30分変動大,5,20,95,63.2,-50.0,5.0,-10.0,0.857,-80.0,5,52,67.3,5.0,5.0,-10.0,1.029,-65.0,3,不採用,46.7
ema_cross(EMA5/20),ema_cross,5,15,ロンドン(16-21),水,なし,直近30分変動大,5,20,266,72.6,-130.0,5.0,-15.0,0.881,-190.0,4,118,74.6,-3.0,5.0,-14.77,0.993,-100.0,3,不採用,46.7
ema_cross(EMA5/20),ema_cross,5,5,東京(9-15),水,なし,なし,5,20,774,49.0,-80.0,5.0,-5.0,0.959,-205.0,7,293,48.1,-55.0,5.0,-5.0,0.928,-75.0,5,不採用,46.6
ema_cross(EMA5/20),ema_cross,5,10,NY(21-24),火,下降のみ,なし,5,20,94,66.0,-10.0,5.0,-10.0,0.969,-60.0,3,32,68.8,10.0,5.0,-10.0,1.1,-50.0,3,不採用,46.6
ema_cross(EMA5/20),ema_cross,5,10,22時台,月,なし,直近30分変動大,5,20,60,60.0,-54.7,5.0,-9.78,0.767,-80.0,5,27,66.7,0.0,5.0,-10.0,1.0,-35.0,2,不採用,46.6
ema_cross(EMA5/20),ema_cross,5,12,全時間,水,レンジのみ,直近30分変動大,5,20,265,66.0,-205.0,5.0,-12.0,0.81,-224.0,4,139,70.5,-2.0,5.0,-12.0,0.996,-85.0,5,不採用,46.6
ema_cross(EMA5/20),ema_cross,5,12,ロンドン(16-21),木,なし,ATR高,5,20,252,64.7,-253.0,5.0,-12.0,0.763,-307.0,4,71,70.4,-2.0,5.0,-12.0,0.992,-58.0,3,不採用,46.6
ema_cross(EMA5/20),ema_cross,5,5,NY(21-24),月,レンジのみ,直近30分変動大,5,20,32,43.8,-20.0,5.0,-5.0,0.778,-40.0,5,14,50.0,0.0,5.0,-5.0,1.0,-10.0,2,不採用,46.5
ema_cross(EMA5/20),ema_cross,5,8,NY(21-24),全曜日,上昇のみ,なし,5,20,617,60.0,-82.1,5.0,-7.82,0.958,-258.8,7,237,60.3,-37.0,5.0,-8.0,0.951,-93.0,4,不採用,46.5
ema_cross(EMA5/20),ema_cross,5,10,NY(21-24),水,上昇のみ,直近30分変動大,5,20,37,51.4,-85.0,5.0,-10.0,0.528,-90.0,3,28,67.9,5.0,5.0,-10.0,1.056,-45.0,3,不採用,46.5
ema_cross(EMA5/20),ema_cross,5,15,ロンドン(16-21),木,なし,ATR高,5,20,238,69.3,-258.7,5.0,-14.85,0.761,-325.0,4,68,75.0,0.0,5.0,-15.0,1.0,-70.0,3,不採用,46.5
ema_cross(EMA5/20),ema_cross,5,8,全時間,火,下降のみ,ATR高,5,20,280,57.9,-134.0,5.0,-8.0,0.858,-209.0,6,114,63.2,24.0,5.0,-8.0,1.071,-91.0,6,不採用,46.4
ema_cross(EMA5/20),ema_cross,5,10,NY(21-24),火,なし,直近30分変動大,5,20,161,60.9,-128.5,5.0,-9.82,0.792,-153.5,3,65,67.7,10.0,5.0,-10.0,1.048,-70.0,4,不採用,46.4
ema_cross(EMA5/20),ema_cross,5,15,東京(9-15),火,順方向のみ,直近30分変動大,5,20,54,59.3,-170.0,5.0,-15.0,0.485,-180.0,4,20,75.0,0.0,5.0,-15.0,1.0,-30.0,2,不採用,46.4
ema_cross(EMA5/20),ema_cross,5,5,9時台,月,下降のみ,ATR高,5,20,12,41.7,-10.0,5.0,-5.0,0.714,-20.0,4,10,50.0,0.0,5.0,-5.0,1.0,-10.0,2,不採用,46.3
ema_cross(EMA5/20),ema_cross,5,5,16時台,金,上昇のみ,直近30分変動大,5,20,28,42.9,-20.0,5.0,-5.0,0.75,-25.0,6,12,50.0,0.0,5.0,-5.0,1.0,-15.0,2,不採用,46.3
ema_cross(EMA5/20),ema_cross,5,5,22時台,月,レンジのみ,直近30分変動大,5,20,21,33.3,-35.0,5.0,-5.0,0.5,-40.0,5,8,50.0,0.0,5.0,-5.0,1.0,-5.0,2,不採用,46.3
ema_cross(EMA5/20),ema_cross,5,5,22時台,木,レンジのみ,直近30分変動大,5,20,16,43.8,-10.0,5.0,-5.0,0.778,-20.0,3,8,50.0,0.0,5.0,-5.0,1.0,-5.0,2,不採用,46.3
ema_cross(EMA5/20),ema_cross,5,15,全時間,木,なし,直近30分変動大,5,20,1134,72.0,-672.5,5.0,-14.94,0.858,-961.5,6,505,72.1,-295.0,5.0,-15.0,0.861,-345.0,3,不採用,46.3
ema_cross(EMA5/20),ema_cross,5,15,ロンドン(16-21),水,なし,なし,5,20,459,71.9,-263.7,5.0,-14.83,0.862,-335.0,5,192,74.0,-33.0,5.0,-14.86,0.956,-120.0,4,不採用,46.3
ema_cross(EMA5/20),ema_cross,5,5,10時台,水,レンジのみ,直近30分変動大,5,20,22,40.9,-20.0,5.0,-5.0,0.692,-35.0,5,8,50.0,0.0,5.0,-5.0,1.0,-10.0,2,不採用,46.2
ema_cross(EMA5/20),ema_cross,5,5,16時台,水,順方向のみ,ATR高,5,20,18,44.4,-10.0,5.0,-5.0,0.8,-40.0,8,8,50.0,0.0,5.0,-5.0,1.0,-10.0,2,不採用,46.2
ema_cross(EMA5/20),ema_cross,5,5,22時台,木,レンジのみ,ATR高,5,20,22,45.5,-10.0,5.0,-5.0,0.833,-20.0,4,6,50.0,0.0,5.0,-5.0,1.0,-5.0,2,不採用,46.2
ema_cross(EMA5/20),ema_cross,5,8,東京(9-15),金,順方向のみ,直近30分変動大,5,20,52,59.6,-13.0,5.0,-8.0,0.923,-42.0,4,24,62.5,3.0,5.0,-8.0,1.042,-36.0,2,不採用,46.2
ema_cross(EMA5/20),ema_cross,5,8,10時台,水,なし,直近30分変動大,5,20,68,52.9,-76.0,5.0,-8.0,0.703,-98.0,6,24,62.5,3.0,5.0,-8.0,1.042,-33.0,3,不採用,46.2
ema_cross(EMA5/20),ema_cross,5,10,NY(21-24),金,上昇のみ,ATR高,5,20,76,60.5,-65.4,5.0,-9.85,0.779,-125.4,6,12,66.7,0.0,5.0,-10.0,1.0,-20.0,2,不採用,46.2
ema_cross(EMA5/20),ema_cross,5,10,22時台,金,下降のみ,ATR高,5,20,28,57.1,-44.8,4.7,-10.0,0.627,-60.0,6,12,66.7,0.0,5.0,-10.0,1.0,-20.0,2,不採用,46.2
ema_cross(EMA5/20),ema_cross,5,12,東京(9-15),全曜日,なし,直近30分変動大,5,20,1419,66.0,-1116.0,5.0,-12.0,0.807,-1194.0,6,660,68.6,-219.0,5.0,-12.0,0.912,-359.0,7,不採用,46.2
ema_cross(EMA5/20),ema_cross,5,12,ロンドン(16-21),金,レンジのみ,直近30分変動大,5,20,64,67.2,-37.0,5.0,-12.0,0.853,-87.0,2,30,70.0,-3.0,5.0,-12.0,0.972,-42.0,1,不採用,46.2
ema_cross(EMA5/20),ema_cross,5,12,22時台,金,なし,なし,5,20,152,63.8,-144.3,4.95,-11.35,0.769,-175.3,4,66,69.7,13.2,4.9,-10.61,1.062,-104.2,4,不採用,46.2
ema_cross(EMA5/20),ema_cross,5,12,22時台,金,下降のみ,なし,5,20,42,66.7,-32.8,4.83,-12.0,0.805,-81.0,4,23,69.6,3.8,5.0,-10.89,1.05,-42.2,3,不採用,46.2
ema_cross(EMA5/20),ema_cross,5,15,東京(9-15),月,上昇のみ,なし,5,20,213,70.4,-195.0,5.0,-15.0,0.794,-280.0,4,79,74.7,-5.0,5.0,-15.0,0.983,-85.0,3,不採用,46.2
ema_cross(EMA5/20),ema_cross,5,15,10時台,全曜日,なし,なし,5,20,552,73.2,-173.2,5.0,-14.82,0.921,-358.4,4,212,74.1,-35.6,5.0,-14.92,0.957,-100.6,4,不採用,46.2
ema_cross(EMA5/20),ema_cross,5,5,9時台,月,順方向のみ,直近30分変動大,5,20,12,33.3,-20.0,5.0,-5.0,0.5,-20.0,3,6,50.0,0.0,5.0,-5.0,1.0,-10.0,2,不採用,46.1
ema_cross(EMA5/20),ema_cross,5,5,16時台,火,順方向のみ,直近30分変動大,5,20,19,31.6,-35.0,5.0,-5.0,0.462,-55.0,8,6,50.0,0.0,5.0,-5.0,1.0,-10.0,2,不採用,46.1
ema_cross(EMA5/20),ema_cross,5,5,21時台,月,上昇のみ,ATR低,5,20,12,41.7,-10.0,5.0,-5.0,0.714,-20.0,4,6,50.0,0.0,5.0,-5.0,1.0,-10.0,2,不採用,46.1
ema_cross(EMA5/20),ema_cross,5,5,21時台,木,順方向のみ,ATR高,5,20,35,42.9,-25.0,5.0,-5.0,0.75,-35.0,6,6,50.0,0.0,5.0,-5.0,1.0,-10.0,2,不採用,46.1
ema_cross(EMA5/20),ema_cross,5,8,21時台,火,上昇のみ,直近30分変動大,5,20,35,51.4,-46.0,5.0,-8.0,0.662,-63.0,4,13,61.5,0.0,5.0,-8.0,1.0,-27.0,2,不採用,46.1
ema_cross(EMA5/20),ema_cross,5,10,全時間,月,下降のみ,直近30分変動大,5,20,294,62.9,-165.0,5.0,-10.0,0.849,-185.0,6,136,65.4,-25.0,5.0,-10.0,0.947,-70.0,3,不採用,46.1
ema_cross(EMA5/20),ema_cross,5,10,NY(21-24),全曜日,上昇のみ,ATR高,5,20,286,61.9,-185.1,5.0,-9.82,0.827,-256.1,5,67,65.7,-10.0,5.0,-10.0,0.957,-50.0,2,不採用,46.1
ema_cross(EMA5/20),ema_cross,5,10,NY(21-24),火,上昇のみ,なし,5,20,125,56.0,-182.5,5.0,-9.68,0.657,-198.5,4,51,66.7,0.0,5.0,-10.0,1.0,-45.0,3,不採用,46.1
ema_cross(EMA5/20),ema_cross,5,10,10時台,月,上昇のみ,直近30分変動大,5,20,26,61.5,-20.0,5.0,-10.0,0.8,-45.0,4,9,66.7,0.0,5.0,-10.0,1.0,-20.0,2,不採用,46.1
ema_cross(EMA5/20),ema_cross,5,12,22時台,全曜日,下降のみ,なし,5,20,211,63.5,-231.6,4.95,-11.62,0.741,-240.2,6,89,69.7,-10.8,4.93,-11.71,0.966,-84.0,3,不採用,46.1
ema_cross(EMA5/20),ema_cross,5,15,東京(9-15),火,なし,ATR低,5,20,200,71.0,-160.0,5.0,-15.0,0.816,-195.0,4,64,75.0,0.0,5.0,-15.0,1.0,-80.0,3,不採用,46.1
ema_cross(EMA5/20),ema_cross,5,15,ロンドン(16-21),全曜日,下降のみ,ATR高,5,20,430,69.3,-485.1,5.0,-14.96,0.754,-520.0,7,178,73.6,-50.0,5.0,-15.0,0.929,-125.0,4,不採用,46.1
ema_cross(EMA5/20),ema_cross,5,15,NY(21-24),水,レンジのみ,ATR低,5,20,7,57.1,-25.0,5.0,-15.0,0.444,-35.0,2,8,75.0,0.0,5.0,-15.0,1.0,-15.0,2,不採用,46.1
ema_cross(EMA5/20),ema_cross,5,5,ロンドン(16-21),全曜日,上昇のみ,ATR高,5,20,439,43.7,-275.0,5.0,-5.0,0.777,-315.0,9,136,49.3,-10.0,5.0,-5.0,0.971,-65.0,5,不採用,46.0
ema_cross(EMA5/20),ema_cross,5,5,NY(21-24),月,レンジのみ,なし,5,20,74,43.2,-51.6,4.85,-4.92,0.75,-56.6,6,36,50.0,0.0,5.0,-5.0,1.0,-15.0,3,不採用,46.0
ema_cross(EMA5/20),ema_cross,5,5,10時台,水,下降のみ,ATR高,5,20,15,20.0,-45.0,5.0,-5.0,0.25,-45.0,8,4,50.0,0.0,5.0,-5.0,1.0,-10.0,2,不採用,46.0
ema_cross(EMA5/20),ema_cross,5,5,10時台,水,下降のみ,直近30分変動大,5,20,22,31.8,-40.0,5.0,-5.0,0.467,-40.0,7,4,50.0,0.0,5.0,-5.0,1.0,-10.0,2,不採用,46.0
ema_cross(EMA5/20),ema_cross,5,5,21時台,月,順方向のみ,直近30分変動大,5,20,13,30.8,-25.0,5.0,-5.0,0.444,-20.0,4,4,50.0,0.0,5.0,-5.0,1.0,-10.0,2,不採用,46.0
ema_cross(EMA5/20),ema_cross,5,8,全時間,火,順方向のみ,直近30分変動大,5,20,232,49.6,-361.0,5.0,-8.0,0.614,-386.0,7,107,59.8,-24.0,5.0,-8.0,0.93,-70.0,3,不採用,46.0
ema_cross(EMA5/20),ema_cross,5,8,NY(21-24),月,レンジのみ,ATR高,5,20,27,48.1,-47.0,5.0,-8.0,0.58,-53.0,3,5,60.0,-1.0,5.0,-8.0,0.938,-8.0,1,不採用,46.0
ema_cross(EMA5/20),ema_cross,5,8,9時台,木,レンジのみ,ATR高,5,20,8,50.0,-12.0,5.0,-8.0,0.625,-11.0,1,5,60.0,-1.0,5.0,-8.0,0.938,-8.0,1,不採用,46.0
ema_cross(EMA5/20),ema_cross,5,8,16時台,水,なし,なし,5,20,143,60.8,-13.0,5.0,-8.0,0.971,-51.0,5,62,62.9,11.0,5.0,-8.0,1.06,-64.0,3,不採用,46.0
ema_cross(EMA5/20),ema_cross,5,8,21時台,水,順方向のみ,ATR低,5,20,8,37.5,-17.8,5.0,-6.56,0.457,-16.8,4,5,60.0,-1.0,5.0,-8.0,0.938,-8.0,1,不採用,46.0
ema_cross(EMA5/20),ema_cross,5,8,22時台,全曜日,レンジのみ,ATR低,5,20,12,50.0,-11.7,5.0,-6.95,0.719,-27.0,2,10,60.0,-2.0,5.0,-8.0,0.938,-17.0,1,不採用,46.0
ema_cross(EMA5/20),ema_cross,5,10,東京(9-15),木,順方向のみ,ATR高,5,20,54,63.0,-30.0,5.0,-10.0,0.85,-70.0,3,24,66.7,0.0,5.0,-10.0,1.0,-35.0,2,不採用,46.0
ema_cross(EMA5/20),ema_cross,5,10,ロンドン(16-21),木,レンジのみ,なし,5,20,166,62.0,-115.0,5.0,-10.0,0.817,-185.0,3,47,66.0,-5.0,5.0,-10.0,0.969,-55.0,2,不採用,46.0
ema_cross(EMA5/20),ema_cross,5,10,22時台,木,上昇のみ,ATR高,5,20,45,62.2,-30.0,5.0,-10.0,0.824,-60.0,2,9,66.7,0.0,5.0,-10.0,1.0,-25.0,2,不採用,46.0
ema_cross(EMA5/20),ema_cross,5,12,東京(9-15),金,上昇のみ,なし,5,20,207,64.3,-223.0,5.0,-12.0,0.749,-312.0,6,83,69.9,-10.0,5.0,-12.0,0.967,-74.0,3,不採用,46.0
ema_cross(EMA5/20),ema_cross,5,15,東京(9-15),火,下降のみ,直近30分変動大,5,20,74,70.3,-70.0,5.0,-15.0,0.788,-115.0,4,38,73.7,-10.0,5.0,-15.0,0.933,-55.0,1,不採用,46.0
ema_cross(EMA5/20),ema_cross,5,15,ロンドン(16-21),金,上昇のみ,なし,5,20,182,69.2,-171.1,5.0,-14.31,0.786,-202.7,6,85,74.1,-8.5,5.0,-14.7,0.974,-90.0,3,不採用,46.0
ema_cross(EMA5/20),ema_cross,5,10,22時台,月,下降のみ,ATR高,5,20,23,56.5,-35.0,5.0,-10.0,0.65,-50.0,4,6,66.7,0.0,5.0,-10.0,1.0,-20.0,2,不採用,45.9
ema_cross(EMA5/20),ema_cross,5,10,22時台,火,なし,なし,5,20,143,58.7,-158.5,5.0,-9.81,0.726,-223.5,7,57,66.7,6.0,5.0,-9.68,1.033,-50.0,4,不採用,45.9
ema_cross(EMA5/20),ema_cross,5,15,10時台,全曜日,上昇のみ,ATR高,5,20,79,69.6,-85.0,5.0,-15.0,0.764,-130.0,3,30,73.3,-10.0,5.0,-15.0,0.917,-35.0,1,不採用,45.9
ema_cross(EMA5/20),ema_cross,5,5,全時間,月,レンジのみ,なし,5,20,639,43.7,-406.6,4.98,-4.99,0.774,-451.6,10,266,47.7,-60.0,5.0,-5.0,0.914,-85.0,7,不採用,45.8
ema_cross(EMA5/20),ema_cross,5,8,9時台,金,なし,なし,5,20,171,63.7,49.0,5.0,-8.0,1.099,-98.0,5,57,63.2,12.0,5.0,-8.0,1.071,-33.0,2,不採用,45.8
ema_cross(EMA5/20),ema_cross,5,8,10時台,金,上昇のみ,なし,5,20,44,56.8,-27.0,5.0,-8.0,0.822,-73.0,4,18,61.1,-1.0,5.0,-8.0,0.982,-28.0,2,不採用,45.8
ema_cross(EMA5/20),ema_cross,5,12,全時間,水,下降のみ,なし,5,20,649,67.6,-307.9,5.0,-11.92,0.877,-390.9,5,320,68.1,-134.0,5.0,-12.0,0.891,-213.0,3,不採用,45.8
ema_cross(EMA5/20),ema_cross,5,12,NY(21-24),月,レンジのみ,なし,5,20,58,67.2,-9.5,4.9,-10.56,0.953,-78.0,3,28,71.4,4.0,5.0,-12.0,1.042,-31.0,2,不採用,45.8
ema_cross(EMA5/20),ema_cross,5,12,21時台,水,なし,ATR低,5,20,19,52.6,-40.2,5.0,-10.02,0.554,-60.8,6,20,70.0,-2.0,5.0,-12.0,0.972,-21.0,2,不採用,45.8
ema_cross(EMA5/20),ema_cross,5,8,東京(9-15),全曜日,なし,ATR低,5,20,1035,60.8,-103.0,5.0,-8.0,0.968,-290.0,6,338,60.1,-65.0,5.0,-8.0,0.94,-160.0,6,不採用,45.7
ema_cross(EMA5/20),ema_cross,5,8,ロンドン(16-21),金,なし,なし,5,20,541,59.9,-104.4,5.0,-7.95,0.939,-164.0,6,238,60.9,-19.0,5.0,-8.0,0.974,-84.0,6,不採用,45.7
ema_cross(EMA5/20),ema_cross,5,12,全時間,木,下降のみ,直近30分変動大,5,20,451,65.9,-352.0,5.0,-11.93,0.808,-496.0,5,191,68.6,-65.0,5.0,-12.0,0.91,-136.0,3,不採用,45.7
ema_cross(EMA5/20),ema_cross,5,15,NY(21-24),水,レンジのみ,なし,5,20,54,75.9,10.0,5.0,-15.0,1.051,-40.0,2,22,77.3,10.0,5.0,-15.0,1.133,-55.0,3,不採用,45.7
ema_cross(EMA5/20),ema_cross,5,8,NY(21-24),木,なし,ATR高,5,20,193,58.0,-88.0,5.0,-8.0,0.864,-139.0,6,36,61.1,-2.0,5.0,-8.0,0.982,-23.0,2,不採用,45.6
ema_cross(EMA5/20),ema_cross,5,8,22時台,火,なし,直近30分変動大,5,20,82,43.9,-188.0,5.0,-8.0,0.489,-200.0,8,35,62.9,6.0,5.0,-8.0,1.058,-40.0,4,不採用,45.6
ema_cross(EMA5/20),ema_cross,5,10,全時間,金,順方向のみ,直近30分変動大,5,20,255,61.2,-210.0,5.0,-10.0,0.788,-220.0,6,111,64.9,-30.0,5.0,-10.0,0.923,-55.0,3,不採用,45.6
ema_cross(EMA5/20),ema_cross,5,12,NY(21-24),火,なし,なし,5,20,268,66.0,-172.5,5.0,-11.62,0.837,-230.5,5,108,69.4,-16.0,5.0,-11.85,0.959,-86.0,3,不採用,45.6
ema_cross(EMA5/20),ema_cross,5,15,ロンドン(16-21),金,下降のみ,ATR高,5,20,88,69.3,-100.0,5.0,-15.0,0.753,-160.0,3,35,74.3,-5.0,5.0,-15.0,0.963,-55.0,2,不採用,45.6
ema_cross(EMA5/20),ema_cross,5,5,全時間,水,レンジのみ,直近30分変動大,5,20,275,42.9,-195.0,5.0,-5.0,0.752,-195.0,8,141,49.6,-5.0,5.0,-5.0,0.986,-50.0,6,不採用,45.5
ema_cross(EMA5/20),ema_cross,5,8,全時間,金,下降のみ,なし,5,20,898,55.9,-657.1,4.99,-7.99,0.792,-690.1,6,347,58.8,-120.2,5.0,-7.97,0.895,-213.2,6,不採用,45.5
ema_cross(EMA5/20),ema_cross,5,8,ロンドン(16-21),火,順方向のみ,なし,5,20,184,55.4,-146.0,5.0,-8.0,0.777,-176.0,5,73,60.3,-12.0,5.0,-8.0,0.948,-50.0,3,不採用,45.5
ema_cross(EMA5/20),ema_cross,5,8,21時台,月,下降のみ,直近30分変動大,5,20,26,50.0,-39.0,5.0,-8.0,0.625,-51.0,3,8,62.5,1.0,5.0,-8.0,1.042,-24.0,3,不採用,45.5
ema_cross(EMA5/20),ema_cross,5,10,22時台,全曜日,上昇のみ,なし,5,20,302,59.6,-246.7,5.0,-9.4,0.785,-258.0,5,116,65.5,-20.9,4.94,-9.91,0.947,-65.0,4,不採用,45.5
ema_cross(EMA5/20),ema_cross,5,15,NY(21-24),全曜日,上昇のみ,なし,5,20,546,71.2,-161.3,5.0,-13.42,0.923,-261.3,4,203,73.4,-29.9,4.94,-14.18,0.961,-128.7,4,不採用,45.5
ema_cross(EMA5/20),ema_cross,5,10,16時台,金,上昇のみ,なし,5,20,55,52.7,-99.4,5.0,-9.4,0.593,-94.4,3,26,65.4,-5.0,5.0,-10.0,0.944,-20.0,2,不採用,45.4
ema_cross(EMA5/20),ema_cross,5,15,東京(9-15),火,なし,直近30分変動大,5,20,258,70.2,-250.0,5.0,-15.0,0.784,-320.0,4,131,74.0,-25.0,5.0,-15.0,0.951,-110.0,4,不採用,45.4
ema_cross(EMA5/20),ema_cross,5,15,NY(21-24),水,なし,なし,5,20,224,70.5,-122.1,5.0,-13.82,0.866,-152.1,4,106,74.5,-1.3,5.0,-14.68,0.997,-90.0,4,不採用,45.4
ema_cross(EMA5/20),ema_cross,5,10,10時台,全曜日,下降のみ,ATR低,5,20,17,64.7,-5.0,5.0,-10.0,0.917,-20.0,3,3,66.7,0.0,5.0,-10.0,1.0,-10.0,1,不採用,45.3
ema_cross(EMA5/20),ema_cross,5,10,22時台,全曜日,上昇のみ,直近30分変動大,5,20,158,53.2,-303.2,5.0,-9.77,0.581,-333.2,6,73,65.8,-14.6,4.9,-10.0,0.942,-50.0,3,不採用,45.3
ema_cross(EMA5/20),ema_cross,5,12,東京(9-15),木,レンジのみ,ATR低,5,20,72,58.3,-154.6,4.89,-12.0,0.571,-152.6,5,20,70.0,-2.0,5.0,-12.0,0.972,-45.0,2,不採用,45.3
ema_cross(EMA5/20),ema_cross,5,12,ロンドン(16-21),木,下降のみ,直近30分変動大,5,20,115,61.7,-173.0,5.0,-12.0,0.672,-237.0,5,36,69.4,-7.0,5.0,-12.0,0.947,-48.0,2,不採用,45.3
ema_cross(EMA5/20),ema_cross,5,12,NY(21-24),水,なし,なし,5,20,231,66.7,-97.1,5.0,-11.26,0.888,-141.9,4,114,70.2,-2.3,5.0,-11.83,0.994,-76.0,4,不採用,45.3
ema_cross(EMA5/20),ema_cross,5,15,ロンドン(16-21),火,なし,ATR高,5,20,192,76.6,74.2,5.0,-14.68,1.112,-75.0,3,81,76.5,25.0,5.0,-15.0,1.088,-90.0,3,不採用,45.3
ema_cross(EMA5/20),ema_cross,5,5,東京(9-15),全曜日,下降のみ,なし,5,20,1217,49.3,-85.0,5.0,-5.0,0.972,-265.0,11,480,46.9,-150.0,5.0,-5.0,0.882,-200.0,7,不採用,45.2
ema_cross(EMA5/20),ema_cross,5,8,東京(9-15),金,なし,直近30分変動大,5,20,322,55.6,-249.0,5.0,-8.0,0.782,-308.0,7,133,60.2,-24.0,5.0,-8.0,0.943,-117.0,4,不採用,45.2
ema_cross(EMA5/20),ema_cross,5,8,10時台,水,なし,ATR高,5,20,53,50.9,-73.0,5.0,-8.0,0.649,-90.0,3,21,61.9,1.0,5.0,-8.0,1.016,-41.0,3,不採用,45.2
ema_cross(EMA5/20),ema_cross,5,10,全時間,木,なし,ATR高,5,20,967,63.7,-415.0,5.0,-9.96,0.881,-560.0,5,301,64.5,-100.0,5.0,-10.0,0.907,-205.0,4,不採用,45.2
ema_cross(EMA5/20),ema_cross,5,10,全時間,金,上昇のみ,ATR低,5,20,262,63.0,-123.8,5.0,-9.78,0.87,-174.4,5,121,66.1,-14.6,4.94,-10.0,0.964,-110.0,3,不採用,45.2
ema_cross(EMA5/20),ema_cross,5,10,東京(9-15),全曜日,下降のみ,なし,5,20,989,66.0,-95.0,5.0,-10.0,0.972,-280.0,5,419,64.0,-170.0,5.0,-10.0,0.887,-255.0,4,不採用,45.2
ema_cross(EMA5/20),ema_cross,5,10,東京(9-15),木,順方向のみ,なし,5,20,219,58.9,-255.0,5.0,-10.0,0.717,-315.0,6,94,64.9,-25.0,5.0,-10.0,0.924,-65.0,3,不採用,45.2
ema_cross(EMA5/20),ema_cross,5,12,9時台,金,なし,直近30分変動大,5,20,93,71.0,6.0,5.0,-12.0,1.019,-111.0,3,29,72.4,9.0,5.0,-12.0,1.094,-43.0,3,不採用,45.2
ema_cross(EMA5/20),ema_cross,5,12,22時台,火,上昇のみ,直近30分変動大,5,20,39,53.8,-95.5,5.0,-11.14,0.524,-124.5,6,19,68.4,-7.0,5.0,-12.0,0.903,-30.0,1,不採用,45.2
ema_cross(EMA5/20),ema_cross,5,5,NY(21-24),火,順方向のみ,直近30分変動大,5,20,40,40.0,-40.0,5.0,-5.0,0.667,-55.0,4,18,50.0,0.0,5.0,-5.0,1.0,-15.0,3,不採用,45.1
ema_cross(EMA5/20),ema_cross,5,8,全時間,火,順方向のみ,なし,5,20,863,52.6,-998.0,5.0,-7.99,0.695,-1010.0,7,316,57.9,-149.0,5.0,-8.0,0.86,-212.0,5,不採用,45.1
ema_cross(EMA5/20),ema_cross,5,8,全時間,金,順方向のみ,直近30分変動大,5,20,256,55.1,-215.0,5.0,-8.0,0.766,-229.0,9,112,59.8,-25.0,5.0,-8.0,0.931,-51.0,4,不採用,45.1
ema_cross(EMA5/20),ema_cross,5,10,16時台,全曜日,上昇のみ,ATR低,5,20,56,66.1,2.1,5.0,-9.63,1.011,-35.0,3,26,65.4,4.1,5.0,-8.99,1.051,-20.9,2,不採用,45.1
ema_cross(EMA5/20),ema_cross,5,12,全時間,金,下降のみ,直近30分変動大,5,20,415,65.5,-360.8,4.98,-12.0,0.79,-424.8,5,169,69.2,-39.0,5.0,-12.0,0.938,-95.0,5,不採用,45.1
ema_cross(EMA5/20),ema_cross,5,12,22時台,火,なし,なし,5,20,138,58.7,-248.6,5.0,-11.47,0.62,-314.2,6,55,69.1,-6.0,5.0,-11.53,0.969,-59.0,3,不採用,45.1
ema_cross(EMA5/20),ema_cross,5,12,22時台,水,なし,直近30分変動大,5,20,67,68.7,-4.9,5.0,-11.19,0.979,-63.0,2,39,71.8,8.0,5.0,-12.0,1.061,-42.0,3,不採用,45.1
ema_cross(EMA5/20),ema_cross,5,5,東京(9-15),全曜日,なし,ATR高,5,20,943,46.7,-315.0,5.0,-5.0,0.875,-440.0,11,398,46.7,-130.0,5.0,-5.0,0.877,-125.0,7,不採用,45.0
ema_cross(EMA5/20),ema_cross,5,5,10時台,月,順方向のみ,ATR高,5,20,15,46.7,-5.0,5.0,-5.0,0.875,-10.0,2,4,50.0,0.0,5.0,-5.0,1.0,-5.0,2,不採用,45.0
ema_cross(EMA5/20),ema_cross,5,5,16時台,全曜日,なし,なし,5,20,775,46.3,-285.0,5.0,-5.0,0.863,-365.0,7,329,48.6,-45.0,5.0,-5.0,0.947,-110.0,9,不採用,45.0
ema_cross(EMA5/20),ema_cross,5,5,21時台,水,なし,ATR高,5,20,59,33.9,-95.0,5.0,-5.0,0.513,-100.0,4,16,50.0,0.0,5.0,-5.0,1.0,-15.0,3,不採用,45.0
ema_cross(EMA5/20),ema_cross,5,8,東京(9-15),水,なし,直近30分変動大,5,20,268,56.0,-194.0,5.0,-8.0,0.794,-204.0,6,128,60.2,-23.0,5.0,-8.0,0.944,-104.0,4,不採用,45.0
ema_cross(EMA5/20),ema_cross,5,8,東京(9-15),金,レンジのみ,直近30分変動大,5,20,117,60.7,-13.0,5.0,-8.0,0.965,-109.0,6,41,63.4,10.0,5.0,-8.0,1.083,-43.0,4,不採用,45.0
ema_cross(EMA5/20),ema_cross,5,10,10時台,木,上昇のみ,直近30分変動大,5,20,20,65.0,-5.0,5.0,-10.0,0.929,-50.0,4,6,66.7,0.0,5.0,-10.0,1.0,-15.0,1,不採用,45.0
ema_cross(EMA5/20),ema_cross,5,12,9時台,全曜日,順方向のみ,直近30分変動大,5,20,59,67.8,-28.0,5.0,-12.0,0.877,-100.0,3,27,70.4,-1.0,5.0,-12.0,0.99,-33.0,2,不採用,45.0
ema_cross(EMA5/20),ema_cross,5,15,全時間,月,順方向のみ,ATR低,5,20,174,69.5,-187.9,4.96,-14.87,0.762,-213.1,4,49,73.5,-12.1,5.0,-14.78,0.937,-77.1,2,不採用,45.0
ema_cross(EMA5/20),ema_cross,5,15,全時間,火,順方向のみ,なし,5,20,747,70.7,-624.6,4.99,-14.89,0.808,-785.0,3,281,73.0,-109.7,5.0,-14.93,0.903,-235.0,4,不採用,45.0
ema_cross(EMA5/20),ema_cross,5,15,東京(9-15),全曜日,なし,ATR低,5,20,899,72.7,-380.0,4.99,-14.88,0.896,-505.2,6,290,73.1,-110.0,5.0,-15.0,0.906,-230.0,3,不採用,45.0
ema_cross(EMA5/20),ema_cross,5,15,東京(9-15),月,上昇のみ,ATR低,5,20,65,66.2,-115.0,5.0,-15.0,0.652,-125.0,3,22,72.7,-10.0,5.0,-15.0,0.889,-25.0,1,不採用,45.0
ema_cross(EMA5/20),ema_cross,5,15,ロンドン(16-21),火,なし,ATR低,5,20,67,77.6,35.0,5.0,-15.0,1.156,-60.0,2,31,77.4,15.0,5.0,-15.0,1.143,-45.0,3,不採用,45.0
ema_cross(EMA5/20),ema_cross,5,8,ロンドン(16-21),月,上昇のみ,ATR低,5,20,59,54.2,-56.0,5.0,-8.0,0.741,-76.0,5,20,60.0,-4.0,5.0,-8.0,0.938,-19.0,2,不採用,44.9
ema_cross(EMA5/20),ema_cross,5,8,ロンドン(16-21),火,下降のみ,なし,5,20,184,59.8,-42.0,5.0,-8.0,0.929,-113.0,5,83,61.4,-1.0,5.0,-8.0,0.996,-54.0,3,不採用,44.9
ema_cross(EMA5/20),ema_cross,5,15,ロンドン(16-21),全曜日,レンジのみ,なし,5,20,622,72.0,-321.1,5.0,-14.72,0.875,-392.5,5,264,73.5,-72.9,5.0,-14.9,0.93,-230.0,4,不採用,44.9
ema_cross(EMA5/20),ema_cross,5,15,ロンドン(16-21),火,順方向のみ,なし,5,20,169,71.6,-118.9,4.97,-15.0,0.835,-145.0,4,68,73.5,-14.7,5.0,-14.71,0.944,-65.0,2,不採用,44.9
ema_cross(EMA5/20),ema_cross,5,15,9時台,木,レンジのみ,ATR低,5,20,23,73.9,-5.0,5.0,-15.0,0.944,-45.0,2,4,75.0,0.0,5.0,-15.0,1.0,0.0,1,不採用,44.9
ema_cross(EMA5/20),ema_cross,5,5,東京(9-15),全曜日,順方向のみ,なし,5,20,1116,48.0,-220.0,5.0,-5.0,0.924,-275.0,13,414,46.6,-140.0,5.0,-5.0,0.873,-170.0,6,不採用,44.8
ema_cross(EMA5/20),ema_cross,5,5,NY(21-24),水,レンジのみ,ATR低,5,20,11,36.4,-15.0,5.0,-5.0,0.571,-25.0,5,12,50.0,0.0,5.0,-5.0,1.0,-15.0,3,不採用,44.8
ema_cross(EMA5/20),ema_cross,5,5,22時台,火,順方向のみ,直近30分変動大,5,20,23,26.1,-55.0,5.0,-5.0,0.353,-60.0,6,12,50.0,0.0,5.0,-5.0,1.0,-15.0,3,不採用,44.8
ema_cross(EMA5/20),ema_cross,5,8,全時間,火,レンジのみ,ATR低,5,20,244,56.6,-158.0,5.0,-8.0,0.814,-188.0,7,92,60.9,-8.0,5.0,-8.0,0.972,-85.0,4,不採用,44.8
ema_cross(EMA5/20),ema_cross,5,8,全時間,木,順方向のみ,なし,5,20,852,56.0,-607.6,5.0,-7.98,0.797,-721.6,8,351,58.1,-156.0,5.0,-8.0,0.867,-201.0,5,不採用,44.8
ema_cross(EMA5/20),ema_cross,5,10,ロンドン(16-21),火,順方向のみ,直近30分変動大,5,20,52,61.5,-40.0,5.0,-10.0,0.8,-85.0,3,26,65.4,-5.0,5.0,-10.0,0.944,-25.0,2,不採用,44.8
ema_cross(EMA5/20),ema_cross,5,10,16時台,木,下降のみ,直近30分変動大,5,20,29,65.5,-5.0,5.0,-10.0,0.95,-65.0,4,9,66.7,0.0,5.0,-10.0,1.0,-10.0,1,不採用,44.8
ema_cross(EMA5/20),ema_cross,5,12,東京(9-15),火,下降のみ,なし,5,20,161,69.6,-28.0,5.0,-12.0,0.952,-94.0,5,60,71.7,11.0,5.0,-12.0,1.054,-52.0,4,不採用,44.8
ema_cross(EMA5/20),ema_cross,5,15,全時間,木,なし,ATR低,5,20,478,70.1,-448.8,4.99,-14.82,0.788,-553.8,4,207,72.5,-69.8,5.0,-14.38,0.915,-180.0,4,不採用,44.8
ema_cross(EMA5/20),ema_cross,5,5,NY(21-24),木,上昇のみ,なし,5,20,133,48.9,-15.0,5.0,-5.0,0.956,-75.0,8,46,52.2,10.0,5.0,-5.0,1.091,-25.0,5,不採用,44.7
ema_cross(EMA5/20),ema_cross,5,8,全時間,金,なし,ATR高,5,20,992,57.6,-517.8,4.99,-8.0,0.846,-721.0,11,324,59.6,-83.0,5.0,-8.0,0.921,-164.0,7,不採用,44.7
ema_cross(EMA5/20),ema_cross,5,8,22時台,月,レンジのみ,なし,5,20,38,44.7,-80.5,4.78,-7.7,0.502,-86.7,4,15,60.0,-3.0,5.0,-8.0,0.938,-19.0,2,不採用,44.7
ema_cross(EMA5/20),ema_cross,5,10,10時台,水,なし,直近30分変動大,5,20,67,62.7,-40.0,5.0,-10.0,0.84,-75.0,5,24,66.7,0.0,5.0,-10.0,1.0,-40.0,3,不採用,44.7
ema_cross(EMA5/20),ema_cross,5,12,ロンドン(16-21),金,下降のみ,なし,5,20,174,67.2,-99.0,5.0,-12.0,0.855,-168.0,4,67,70.1,-5.0,5.0,-12.0,0.979,-68.0,3,不採用,44.7
ema_cross(EMA5/20),ema_cross,5,12,NY(21-24),月,下降のみ,なし,5,20,69,60.9,-104.5,5.0,-11.65,0.668,-132.1,4,33,69.7,-9.6,4.8,-12.0,0.92,-35.0,2,不採用,44.7
ema_cross(EMA5/20),ema_cross,5,15,全時間,月,上昇のみ,ATR高,5,20,141,63.8,-296.5,5.0,-14.64,0.603,-306.5,4,76,73.7,-20.0,5.0,-15.0,0.933,-65.0,3,不採用,44.7
ema_cross(EMA5/20),ema_cross,5,15,NY(21-24),金,下降のみ,なし,5,20,94,71.3,-62.1,4.93,-14.53,0.842,-130.0,3,38,73.7,0.8,5.0,-13.92,1.006,-89.2,3,不採用,44.7
ema_cross(EMA5/20),ema_cross,5,5,ロンドン(16-21),水,下降のみ,なし,5,20,193,41.5,-165.0,5.0,-5.0,0.708,-185.0,11,93,48.4,-15.0,5.0,-5.0,0.938,-50.0,4,不採用,44.6
ema_cross(EMA5/20),ema_cross,5,5,NY(21-24),火,なし,ATR高,5,20,175,35.4,-255.0,5.0,-5.0,0.549,-270.0,10,40,50.0,0.0,5.0,-5.0,1.0,-20.0,4,不採用,44.6
ema_cross(EMA5/20),ema_cross,5,5,22時台,火,下降のみ,直近30分変動大,5,20,32,28.1,-70.0,5.0,-5.0,0.391,-75.0,6,8,50.0,0.0,5.0,-5.0,1.0,-15.0,3,不採用,44.6
ema_cross(EMA5/20),ema_cross,5,8,東京(9-15),火,なし,ATR低,5,20,236,56.4,-159.0,5.0,-8.0,0.807,-203.0,7,74,60.8,-7.0,5.0,-8.0,0.97,-55.0,4,不採用,44.6
ema_cross(EMA5/20),ema_cross,5,8,東京(9-15),火,順方向のみ,ATR低,5,20,96,58.3,-40.0,5.0,-8.0,0.875,-104.0,3,21,61.9,1.0,5.0,-8.0,1.016,-30.0,3,不採用,44.6
ema_cross(EMA5/20),ema_cross,5,8,東京(9-15),水,なし,ATR高,5,20,163,51.5,-212.0,5.0,-8.0,0.665,-226.0,6,69,60.9,-6.0,5.0,-8.0,0.972,-49.0,4,不採用,44.6
ema_cross(EMA5/20),ema_cross,5,10,ロンドン(16-21),木,なし,ATR高,5,20,269,59.9,-275.0,5.0,-10.0,0.745,-310.0,5,75,65.3,-15.0,5.0,-10.0,0.942,-85.0,3,不採用,44.6
ema_cross(EMA5/20),ema_cross,5,10,NY(21-24),月,レンジのみ,ATR低,5,20,10,60.0,-1.7,5.0,-7.92,0.946,-10.0,2,3,66.7,0.0,5.0,-10.0,1.0,-10.0,1,不採用,44.6
ema_cross(EMA5/20),ema_cross,5,10,10時台,水,上昇のみ,直近30分変動大,5,20,24,58.3,-30.0,5.0,-10.0,0.7,-60.0,4,12,66.7,0.0,5.0,-10.0,1.0,-25.0,3,不採用,44.6
ema_cross(EMA5/20),ema_cross,5,12,東京(9-15),月,なし,ATR高,5,20,173,69.4,-36.0,5.0,-12.0,0.943,-139.0,3,75,70.7,1.0,5.0,-12.0,1.004,-56.0,3,不採用,44.6
ema_cross(EMA5/20),ema_cross,5,12,ロンドン(16-21),全曜日,上昇のみ,ATR低,5,20,208,67.8,-51.0,5.0,-11.28,0.933,-100.4,3,91,68.1,-2.1,5.0,-10.76,0.993,-73.0,3,不採用,44.6
ema_cross(EMA5/20),ema_cross,5,12,ロンドン(16-21),木,下降のみ,なし,5,20,201,64.7,-202.0,5.0,-12.0,0.763,-270.0,4,57,68.4,-21.0,5.0,-12.0,0.903,-42.0,2,不採用,44.6
ema_cross(EMA5/20),ema_cross,5,12,ロンドン(16-21),木,順方向のみ,ATR高,5,20,82,65.9,-66.0,5.0,-12.0,0.804,-104.0,4,23,69.6,-4.0,5.0,-12.0,0.952,-45.0,2,不採用,44.6
ema_cross(EMA5/20),ema_cross,5,12,NY(21-24),金,下降のみ,なし,5,20,99,67.7,-44.1,4.93,-11.7,0.882,-91.1,5,43,69.8,1.8,5.0,-11.4,1.012,-68.2,3,不採用,44.6
ema_cross(EMA5/20),ema_cross,5,12,22時台,全曜日,上昇のみ,直近30分変動大,5,20,158,59.5,-275.2,5.0,-11.64,0.631,-303.2,5,72,69.4,-18.6,4.91,-12.0,0.93,-62.0,3,不採用,44.6
ema_cross(EMA5/20),ema_cross,5,15,全時間,水,下降のみ,ATR高,5,20,256,71.9,-136.9,5.0,-14.68,0.87,-286.9,4,139,74.1,-25.0,5.0,-15.0,0.954,-145.0,3,不採用,44.6
ema_cross(EMA5/20),ema_cross,5,15,NY(21-24),火,下降のみ,ATR高,5,20,58,63.8,-125.2,5.0,-14.77,0.596,-165.0,4,11,72.7,-5.0,5.0,-15.0,0.889,-25.0,1,不採用,44.6
ema_cross(EMA5/20),ema_cross,5,5,ロンドン(16-21),金,なし,直近30分変動大,5,20,248,44.4,-140.0,5.0,-5.0,0.797,-150.0,6,110,50.0,0.0,5.0,-5.0,1.0,-50.0,6,不採用,44.5
ema_cross(EMA5/20),ema_cross,5,10,東京(9-15),金,下降のみ,直近30分変動大,5,20,112,56.2,-175.0,5.0,-10.0,0.643,-185.0,5,47,66.0,-5.0,5.0,-10.0,0.969,-70.0,3,不採用,44.5
ema_cross(EMA5/20),ema_cross,5,12,NY(21-24),全曜日,なし,なし,5,20,1315,68.1,-312.2,4.99,-11.41,0.935,-362.9,6,527,67.6,-247.1,4.97,-11.8,0.878,-390.4,4,不採用,44.5
ema_cross(EMA5/20),ema_cross,5,15,東京(9-15),全曜日,レンジのみ,ATR低,5,20,314,70.4,-281.1,4.98,-14.85,0.797,-321.1,5,96,75.0,0.0,5.0,-15.0,1.0,-165.0,4,不採用,44.5
ema_cross(EMA5/20),ema_cross,5,15,9時台,全曜日,上昇のみ,なし,5,20,243,76.5,75.0,5.0,-15.0,1.088,-185.0,3,111,75.7,15.0,5.0,-15.0,1.037,-100.0,3,不採用,44.5
ema_cross(EMA5/20),ema_cross,5,5,16時台,木,上昇のみ,なし,5,20,58,44.8,-30.0,5.0,-5.0,0.812,-65.0,9,33,51.5,5.0,5.0,-5.0,1.062,-25.0,5,不採用,44.4
ema_cross(EMA5/20),ema_cross,5,8,東京(9-15),金,下降のみ,なし,5,20,231,57.1,-132.0,5.0,-8.0,0.833,-152.0,6,88,62.5,11.0,5.0,-8.0,1.042,-68.0,6,不採用,44.4
ema_cross(EMA5/20),ema_cross,5,8,ロンドン(16-21),火,下降のみ,ATR高,5,20,81,60.5,-11.0,5.0,-8.0,0.957,-78.0,4,45,62.2,4.0,5.0,-8.0,1.029,-35.0,3,不採用,44.4
ema_cross(EMA5/20),ema_cross,5,8,10時台,月,なし,直近30分変動大,5,20,57,61.4,-1.0,5.0,-8.0,0.994,-57.0,4,19,63.2,4.0,5.0,-8.0,1.071,-24.0,3,不採用,44.4
ema_cross(EMA5/20),ema_cross,5,8,16時台,月,上昇のみ,ATR低,5,20,17,52.9,-19.0,5.0,-8.0,0.703,-33.0,2,5,60.0,-1.0,5.0,-8.0,0.938,-16.0,2,不採用,44.4
ema_cross(EMA5/20),ema_cross,5,8,16時台,火,下降のみ,ATR高,5,20,19,52.6,-22.0,5.0,-8.0,0.694,-49.0,5,5,60.0,-1.0,5.0,-8.0,0.938,-16.0,2,不採用,44.4
ema_cross(EMA5/20),ema_cross,5,8,21時台,月,下降のみ,ATR高,5,20,32,43.8,-74.0,5.0,-8.0,0.486,-86.0,4,5,60.0,-1.0,5.0,-8.0,0.938,-16.0,2,不採用,44.4
ema_cross(EMA5/20),ema_cross,5,10,NY(21-24),全曜日,上昇のみ,なし,5,20,592,65.5,-14.1,5.0,-9.58,0.993,-146.8,6,225,65.3,-45.9,4.97,-9.95,0.941,-95.9,4,不採用,44.4
ema_cross(EMA5/20),ema_cross,5,10,NY(21-24),火,下降のみ,ATR高,5,20,64,59.4,-70.0,5.0,-10.0,0.731,-115.0,4,11,63.6,-5.0,5.0,-10.0,0.875,-15.0,1,不採用,44.4
ema_cross(EMA5/20),ema_cross,5,12,21時台,火,上昇のみ,直近30分変動大,5,20,35,57.1,-80.0,5.0,-12.0,0.556,-103.0,4,13,69.2,-3.0,5.0,-12.0,0.938,-31.0,2,不採用,44.4
ema_cross(EMA5/20),ema_cross,5,15,NY(21-24),月,なし,ATR高,5,20,92,68.5,-75.9,5.0,-13.48,0.806,-91.7,3,23,73.9,-5.0,5.0,-15.0,0.944,-30.0,2,不採用,44.4
ema_cross(EMA5/20),ema_cross,5,15,10時台,水,なし,直近30分変動大,5,20,67,70.1,-65.0,5.0,-15.0,0.783,-85.0,2,24,75.0,0.0,5.0,-15.0,1.0,-65.0,3,不採用,44.4
ema_cross(EMA5/20),ema_cross,5,5,東京(9-15),金,レンジのみ,なし,5,20,279,49.5,-15.0,5.0,-5.0,0.979,-85.0,10,93,50.5,5.0,5.0,-5.0,1.022,-45.0,4,不採用,44.3
ema_cross(EMA5/20),ema_cross,5,8,ロンドン(16-21),金,レンジのみ,直近30分変動大,5,20,65,64.6,26.0,5.0,-8.0,1.141,-38.0,2,30,63.3,7.0,5.0,-8.0,1.08,-19.0,2,不採用,44.3
ema_cross(EMA5/20),ema_cross,5,8,NY(21-24),全曜日,上昇のみ,直近30分変動大,5,20,304,53.9,-300.0,5.0,-8.0,0.732,-349.0,5,127,59.1,-41.0,5.0,-8.0,0.901,-66.0,4,不採用,44.3
ema_cross(EMA5/20),ema_cross,5,10,全時間,全曜日,下降のみ,ATR低,5,20,843,61.3,-581.0,4.98,-9.69,0.816,-621.6,7,298,62.8,-137.5,4.96,-9.59,0.871,-181.8,4,不採用,44.3
ema_cross(EMA5/20),ema_cross,5,10,東京(9-15),水,なし,なし,5,20,614,63.8,-260.0,5.0,-10.0,0.883,-355.0,6,251,64.5,-80.0,5.0,-10.0,0.91,-160.0,4,不採用,44.3
ema_cross(EMA5/20),ema_cross,5,12,全時間,木,なし,ATR高,5,20,928,69.1,-221.7,5.0,-11.94,0.935,-439.0,5,290,69.0,-80.0,5.0,-12.0,0.926,-238.0,4,不採用,44.3
ema_cross(EMA5/20),ema_cross,5,12,NY(21-24),火,上昇のみ,直近30分変動大,5,20,74,55.4,-175.5,5.0,-11.53,0.539,-200.5,4,32,68.8,-10.0,5.0,-12.0,0.917,-47.0,2,不採用,44.3
ema_cross(EMA5/20),ema_cross,5,15,全時間,金,下降のみ,ATR高,5,20,341,72.4,-179.8,4.98,-15.0,0.872,-349.8,3,142,73.9,-30.0,5.0,-15.0,0.946,-135.0,3,不採用,44.3
ema_cross(EMA5/20),ema_cross,5,15,東京(9-15),火,レンジのみ,なし,5,20,170,72.9,-70.0,5.0,-15.0,0.899,-160.0,3,79,74.7,-5.0,5.0,-15.0,0.983,-70.0,3,不採用,44.3
ema_cross(EMA5/20),ema_cross,5,5,東京(9-15),木,なし,ATR低,5,20,251,43.0,-175.0,5.0,-5.0,0.755,-200.0,11,68,50.0,0.0,5.0,-5.0,1.0,-35.0,5,不採用,44.2
ema_cross(EMA5/20),ema_cross,5,5,東京(9-15),金,なし,なし,5,20,803,47.7,-185.0,5.0,-5.0,0.912,-255.0,9,301,48.5,-45.0,5.0,-5.0,0.942,-85.0,8,不採用,44.2
ema_cross(EMA5/20),ema_cross,5,8,全時間,月,なし,ATR高,5,20,590,53.1,-651.0,5.0,-8.0,0.706,-672.0,7,233,58.4,-96.0,5.0,-8.0,0.876,-149.0,5,不採用,44.2
ema_cross(EMA5/20),ema_cross,5,8,東京(9-15),木,順方向のみ,直近30分変動大,5,20,65,49.2,-104.0,5.0,-8.0,0.606,-134.0,8,38,60.5,-5.0,5.0,-8.0,0.958,-49.0,3,不採用,44.2
ema_cross(EMA5/20),ema_cross,5,8,NY(21-24),水,上昇のみ,ATR高,5,20,44,45.5,-92.0,5.0,-8.0,0.521,-102.0,5,16,62.5,2.0,5.0,-8.0,1.042,-35.0,4,不採用,44.2
ema_cross(EMA5/20),ema_cross,5,10,東京(9-15),金,上昇のみ,直近30分変動大,5,20,92,58.7,-110.0,5.0,-10.0,0.711,-200.0,7,45,64.4,-15.0,5.0,-10.0,0.906,-65.0,2,不採用,44.2
ema_cross(EMA5/20),ema_cross,5,12,21時台,木,上昇のみ,直近30分変動大,5,20,34,73.5,17.0,5.0,-12.0,1.157,-26.0,2,15,73.3,7.0,5.0,-12.0,1.146,-36.0,3,不採用,44.2
ema_cross(EMA5/20),ema_cross,5,15,全時間,水,なし,なし,5,20,1797,71.2,-1292.5,5.0,-14.88,0.832,-1401.6,6,832,73.1,-313.0,5.0,-14.97,0.907,-495.0,4,不採用,44.2
ema_cross(EMA5/20),ema_cross,5,15,全時間,木,なし,ATR高,5,20,875,74.4,-78.0,5.0,-14.88,0.977,-375.0,5,280,73.9,-60.0,5.0,-15.0,0.945,-250.0,4,不採用,44.2
ema_cross(EMA5/20),ema_cross,5,15,9時台,月,なし,なし,5,20,139,75.5,15.0,5.0,-15.0,1.029,-105.0,3,54,75.9,10.0,5.0,-15.0,1.051,-50.0,3,不採用,44.2
ema_cross(EMA5/20),ema_cross,5,8,NY(21-24),火,上昇のみ,なし,5,20,132,49.2,-207.0,5.0,-7.94,0.611,-224.0,6,54,61.1,-3.0,5.0,-8.0,0.982,-51.0,4,不採用,44.1
ema_cross(EMA5/20),ema_cross,5,10,東京(9-15),水,なし,直近30分変動大,5,20,265,62.3,-175.0,5.0,-10.0,0.825,-205.0,4,128,64.8,-35.0,5.0,-10.0,0.922,-110.0,3,不採用,44.1
ema_cross(EMA5/20),ema_cross,5,12,全時間,月,レンジのみ,なし,5,20,480,67.3,-246.0,4.99,-11.83,0.868,-306.1,4,204,68.6,-68.0,5.0,-12.0,0.911,-93.0,4,不採用,44.1
ema_cross(EMA5/20),ema_cross,5,12,全時間,木,なし,なし,5,20,2103,67.9,-944.7,5.0,-11.95,0.883,-1289.4,6,880,68.9,-242.0,5.0,-11.94,0.926,-440.1,6,不採用,44.1
ema_cross(EMA5/20),ema_cross,5,12,22時台,全曜日,下降のみ,直近30分変動大,5,20,133,63.2,-144.7,4.94,-11.43,0.742,-150.7,4,52,69.2,-12.0,5.0,-12.0,0.938,-55.0,3,不採用,44.1
ema_cross(EMA5/20),ema_cross,5,15,全時間,月,下降のみ,なし,5,20,484,70.5,-416.6,5.0,-14.84,0.804,-482.2,6,204,72.5,-96.6,4.97,-14.86,0.884,-140.0,3,不採用,44.1
ema_cross(EMA5/20),ema_cross,5,15,ロンドン(16-21),火,下降のみ,なし,5,20,149,69.8,-150.1,5.0,-14.89,0.776,-210.0,4,71,73.2,-25.0,5.0,-15.0,0.912,-100.0,2,不採用,44.1
ema_cross(EMA5/20),ema_cross,5,5,全時間,金,順方向のみ,直近30分変動大,5,20,256,43.4,-170.0,5.0,-5.0,0.766,-175.0,10,112,48.2,-20.0,5.0,-5.0,0.931,-40.0,5,不採用,44.0
ema_cross(EMA5/20),ema_cross,5,5,10時台,金,上昇のみ,なし,5,20,44,40.9,-40.0,5.0,-5.0,0.692,-50.0,6,19,47.4,-5.0,5.0,-5.0,0.9,-15.0,2,不採用,44.0
ema_cross(EMA5/20),ema_cross,5,12,ロンドン(16-21),全曜日,なし,ATR高,5,20,1066,67.3,-588.6,5.0,-11.96,0.859,-664.0,8,381,67.5,-203.0,5.0,-12.0,0.864,-236.0,4,不採用,44.0
ema_cross(EMA5/20),ema_cross,5,12,16時台,水,下降のみ,なし,5,20,35,77.1,39.0,5.0,-12.0,1.406,-35.0,1,26,73.1,11.0,5.0,-12.0,1.131,-26.0,1,不採用,44.0
ema_cross(EMA5/20),ema_cross,5,15,全時間,火,上昇のみ,ATR高,5,20,239,72.0,-123.8,5.0,-14.68,0.874,-271.0,4,87,74.7,-9.6,4.93,-15.0,0.971,-105.0,3,不採用,44.0
ema_cross(EMA5/20),ema_cross,5,15,東京(9-15),木,順方向のみ,ATR高,5,20,53,73.6,-15.0,5.0,-15.0,0.929,-65.0,2,24,75.0,0.0,5.0,-15.0,1.0,-35.0,2,不採用,44.0
ema_cross(EMA5/20),ema_cross,5,15,NY(21-24),火,上昇のみ,直近30分変動大,5,20,73,58.9,-213.5,5.0,-14.28,0.502,-238.5,3,31,74.2,-9.6,4.8,-15.0,0.92,-65.0,2,不採用,44.0
ema_cross(EMA5/20),ema_cross,5,15,9時台,木,順方向のみ,なし,5,20,45,73.3,-15.0,5.0,-15.0,0.917,-100.0,3,20,75.0,0.0,5.0,-15.0,1.0,-40.0,2,不採用,44.0
ema_cross(EMA5/20),ema_cross,5,5,東京(9-15),木,上昇のみ,なし,5,20,253,41.5,-215.0,5.0,-5.0,0.709,-230.0,8,90,48.9,-10.0,5.0,-5.0,0.957,-35.0,5,不採用,43.9
ema_cross(EMA5/20),ema_cross,5,8,22時台,全曜日,上昇のみ,直近30分変動大,5,20,158,44.3,-354.0,5.0,-8.0,0.497,-386.0,7,73,58.9,-25.0,5.0,-8.0,0.896,-46.0,3,不採用,43.9
ema_cross(EMA5/20),ema_cross,5,10,ロンドン(16-21),全曜日,レンジのみ,直近30分変動大,5,20,357,62.7,-210.0,5.0,-10.0,0.842,-250.0,4,177,65.0,-45.0,5.0,-10.0,0.927,-140.0,4,不採用,43.9
ema_cross(EMA5/20),ema_cross,5,12,東京(9-15),全曜日,下降のみ,直近30分変動大,5,20,471,66.2,-348.0,5.0,-12.0,0.818,-379.0,6,220,68.2,-90.0,5.0,-12.0,0.893,-128.0,4,不採用,43.9
ema_cross(EMA5/20),ema_cross,5,15,ロンドン(16-21),金,下降のみ,直近30分変動大,5,20,90,67.8,-130.0,5.0,-15.0,0.701,-165.0,3,31,74.2,-5.0,5.0,-15.0,0.958,-45.0,3,不採用,43.9
ema_cross(EMA5/20),ema_cross,5,5,東京(9-15),全曜日,上昇のみ,なし,5,20,1438,44.3,-820.0,5.0,-5.0,0.795,-865.0,9,567,46.6,-195.0,5.0,-5.0,0.871,-200.0,10,不採用,43.8
ema_cross(EMA5/20),ema_cross,5,5,東京(9-15),金,上昇のみ,なし,5,20,268,45.5,-120.0,5.0,-5.0,0.836,-135.0,6,112,49.1,-10.0,5.0,-5.0,0.965,-60.0,5,不採用,43.8
ema_cross(EMA5/20),ema_cross,5,8,ロンドン(16-21),金,上昇のみ,ATR高,5,20,86,62.8,14.0,5.0,-8.0,1.055,-69.0,3,24,62.5,3.0,5.0,-8.0,1.042,-17.0,2,不採用,43.8
ema_cross(EMA5/20),ema_cross,5,10,ロンドン(16-21),金,レンジのみ,直近30分変動大,5,20,64,65.6,-10.0,5.0,-10.0,0.955,-65.0,2,30,66.7,0.0,5.0,-10.0,1.0,-30.0,2,不採用,43.8
ema_cross(EMA5/20),ema_cross,5,10,16時台,火,なし,直近30分変動大,5,20,65,64.6,-20.0,5.0,-10.0,0.913,-95.0,8,31,67.7,5.0,5.0,-10.0,1.05,-60.0,4,不採用,43.8
ema_cross(EMA5/20),ema_cross,5,10,22時台,全曜日,なし,ATR低,5,20,52,55.8,-34.5,4.79,-7.54,0.801,-50.0,6,37,64.9,-9.7,4.62,-9.27,0.92,-35.9,2,不採用,43.8
ema_cross(EMA5/20),ema_cross,5,12,ロンドン(16-21),水,下降のみ,直近30分変動大,5,20,93,69.9,-11.0,5.0,-12.0,0.967,-78.0,5,52,71.2,5.0,5.0,-12.0,1.028,-71.0,3,不採用,43.8
ema_cross(EMA5/20),ema_cross,5,12,9時台,水,レンジのみ,なし,5,20,50,60.0,-90.0,5.0,-12.0,0.625,-123.0,3,24,70.8,1.0,5.0,-12.0,1.012,-36.0,4,不採用,43.8
ema_cross(EMA5/20),ema_cross,5,12,9時台,水,レンジのみ,ATR低,5,20,19,63.2,-24.0,5.0,-12.0,0.714,-43.0,3,10,70.0,-1.0,5.0,-12.0,0.972,-24.0,3,不採用,43.8
ema_cross(EMA5/20),ema_cross,5,12,21時台,木,順方向のみ,ATR高,5,20,35,74.3,22.0,5.0,-12.0,1.204,-63.0,2,6,66.7,2.2,5.0,-8.9,1.124,-17.8,2,不採用,43.8
ema_cross(EMA5/20),ema_cross,5,15,ロンドン(16-21),月,下降のみ,ATR高,5,20,78,69.2,-90.0,5.0,-15.0,0.75,-100.0,5,26,73.1,-10.0,5.0,-15.0,0.905,-40.0,2,不採用,43.8
ema_cross(EMA5/20),ema_cross,5,8,東京(9-15),全曜日,順方向のみ,なし,5,20,1050,58.9,-366.0,5.0,-8.0,0.894,-422.0,7,396,58.1,-178.0,5.0,-8.0,0.866,-214.0,5,不採用,43.7
ema_cross(EMA5/20),ema_cross,5,8,9時台,月,なし,なし,5,20,153,64.7,63.0,5.0,-8.0,1.146,-52.0,5,61,63.9,19.0,5.0,-8.0,1.108,-46.0,4,不採用,43.7
ema_cross(EMA5/20),ema_cross,5,10,全時間,月,下降のみ,なし,5,20,561,61.5,-429.4,5.0,-9.97,0.801,-500.0,6,238,63.9,-104.6,4.97,-10.0,0.878,-145.0,4,不採用,43.7
ema_cross(EMA5/20),ema_cross,5,10,全時間,水,レンジのみ,ATR高,5,20,193,63.7,-85.0,5.0,-10.0,0.879,-105.0,5,69,66.7,0.0,5.0,-10.0,1.0,-75.0,4,不採用,43.7
ema_cross(EMA5/20),ema_cross,5,10,東京(9-15),金,順方向のみ,直近30分変動大,5,20,52,65.4,-10.0,5.0,-10.0,0.944,-60.0,4,24,66.7,0.0,5.0,-10.0,1.0,-35.0,2,不採用,43.7
ema_cross(EMA5/20),ema_cross,5,10,10時台,火,下降のみ,なし,5,20,27,66.7,0.0,5.0,-10.0,1.0,-35.0,2,9,66.7,0.0,5.0,-10.0,1.0,-15.0,1,不採用,43.7
ema_cross(EMA5/20),ema_cross,5,10,21時台,月,なし,ATR高,5,20,50,60.0,-50.0,5.0,-10.0,0.75,-65.0,4,11,63.6,-5.0,5.0,-10.0,0.875,-20.0,1,不採用,43.7
ema_cross(EMA5/20),ema_cross,5,15,ロンドン(16-21),火,下降のみ,ATR高,5,20,69,73.9,-10.1,5.0,-14.73,0.962,-95.0,2,39,74.4,-5.0,5.0,-15.0,0.967,-45.0,1,不採用,43.7
ema_cross(EMA5/20),ema_cross,5,15,ロンドン(16-21),木,順方向のみ,なし,5,20,174,73.6,-27.5,5.0,-14.51,0.959,-152.4,4,72,73.6,-6.8,5.0,-14.31,0.975,-71.8,2,不採用,43.7
ema_cross(EMA5/20),ema_cross,5,15,NY(21-24),全曜日,上昇のみ,直近30分変動大,5,20,296,68.6,-348.2,5.0,-14.66,0.745,-388.2,4,122,73.0,-52.0,4.9,-14.78,0.893,-130.0,3,不採用,43.7
ema_cross(EMA5/20),ema_cross,5,15,9時台,月,上昇のみ,ATR低,5,20,8,75.0,0.0,5.0,-15.0,1.0,-30.0,2,4,75.0,0.0,5.0,-15.0,1.0,0.0,1,不採用,43.7
ema_cross(EMA5/20),ema_cross,5,5,21時台,火,レンジのみ,ATR低,5,20,8,50.0,0.0,5.0,-5.0,1.0,-15.0,2,2,50.0,0.0,5.0,-5.0,1.0,0.0,1,不採用,43.6
ema_cross(EMA5/20),ema_cross,5,5,22時台,水,上昇のみ,ATR高,5,20,30,46.7,-10.0,5.0,-5.0,0.875,-25.0,5,12,50.0,0.0,5.0,-5.0,1.0,-20.0,3,不採用,43.6
ema_cross(EMA5/20),ema_cross,5,8,全時間,水,なし,直近30分変動大,5,20,1033,55.0,-880.0,5.0,-8.0,0.763,-898.0,8,537,57.0,-318.0,5.0,-8.0,0.828,-337.0,5,不採用,43.6
ema_cross(EMA5/20),ema_cross,5,8,NY(21-24),火,順方向のみ,なし,5,20,101,53.5,-102.0,5.0,-7.91,0.726,-166.0,5,41,61.0,-3.0,5.0,-8.0,0.977,-38.0,4,不採用,43.6
ema_cross(EMA5/20),ema_cross,5,8,NY(21-24),火,順方向のみ,直近30分変動大,5,20,40,50.0,-60.0,5.0,-8.0,0.625,-97.0,4,17,58.8,-6.0,5.0,-8.0,0.893,-19.0,2,不採用,43.6
ema_cross(EMA5/20),ema_cross,5,8,16時台,水,なし,ATR低,5,20,24,58.3,-10.0,5.0,-8.0,0.875,-41.0,3,10,60.0,-2.0,5.0,-8.0,0.938,-11.0,1,不採用,43.6
ema_cross(EMA5/20),ema_cross,5,8,21時台,金,下降のみ,なし,5,20,64,53.1,-64.3,5.0,-7.81,0.726,-101.3,5,22,59.1,-7.0,5.0,-8.0,0.903,-42.0,2,不採用,43.6
ema_cross(EMA5/20),ema_cross,5,10,全時間,木,下降のみ,ATR低,5,20,139,59.7,-136.4,5.0,-9.85,0.753,-156.4,3,54,64.8,-15.0,5.0,-10.0,0.921,-60.0,3,不採用,43.6
ema_cross(EMA5/20),ema_cross,5,12,東京(9-15),水,なし,直近30分変動大,5,20,261,67.4,-140.0,5.0,-12.0,0.863,-162.0,3,127,69.3,-28.0,5.0,-12.0,0.94,-134.0,3,不採用,43.6
ema_cross(EMA5/20),ema_cross,5,12,9時台,金,なし,ATR低,5,20,58,77.6,69.0,5.0,-12.0,1.442,-53.0,3,15,73.3,7.0,5.0,-12.0,1.146,-19.0,1,不採用,43.6
ema_cross(EMA5/20),ema_cross,5,12,16時台,火,なし,直近30分変動大,5,20,64,68.8,-20.0,5.0,-12.0,0.917,-86.0,4,31,71.0,2.0,5.0,-12.0,1.019,-61.0,3,不採用,43.6
ema_cross(EMA5/20),ema_cross,5,5,東京(9-15),月,上昇のみ,直近30分変動大,5,20,101,49.5,-5.0,5.0,-5.0,0.98,-55.0,6,55,50.9,5.0,5.0,-5.0,1.037,-25.0,4,不採用,43.5
ema_cross(EMA5/20),ema_cross,5,5,9時台,金,順方向のみ,ATR高,5,20,6,50.0,0.0,5.0,-5.0,1.0,-10.0,2,2,50.0,0.0,5.0,-5.0,1.0,-5.0,1,不採用,43.5
ema_cross(EMA5/20),ema_cross,5,8,NY(21-24),月,なし,ATR高,5,20,102,52.0,-127.0,5.0,-8.0,0.676,-129.0,5,25,60.0,-5.0,5.0,-8.0,0.938,-26.0,3,不採用,43.5
ema_cross(EMA5/20),ema_cross,5,10,全時間,金,下降のみ,直近30分変動大,5,20,425,59.3,-474.8,4.98,-10.0,0.726,-484.8,6,172,64.5,-55.0,5.0,-10.0,0.91,-135.0,5,不採用,43.5
ema_cross(EMA5/20),ema_cross,5,15,全時間,全曜日,下降のみ,ATR低,5,20,744,68.8,-714.7,4.97,-14.04,0.781,-814.9,5,274,71.2,-138.4,4.96,-13.99,0.875,-214.5,4,不採用,43.5
ema_cross(EMA5/20),ema_cross,5,15,全時間,水,上昇のみ,なし,5,20,760,68.9,-883.5,5.0,-14.85,0.748,-962.6,5,335,72.2,-178.0,5.0,-14.92,0.872,-350.0,4,不採用,43.5
ema_cross(EMA5/20),ema_cross,5,5,ロンドン(16-21),木,順方向のみ,なし,5,20,199,42.7,-145.0,5.0,-5.0,0.746,-210.0,8,83,48.2,-15.0,5.0,-5.0,0.93,-75.0,4,不採用,43.4
ema_cross(EMA5/20),ema_cross,5,5,21時台,火,なし,直近30分変動大,5,20,79,51.9,15.0,5.0,-5.0,1.079,-65.0,5,31,51.6,5.0,5.0,-5.0,1.067,-15.0,3,不採用,43.4
ema_cross(EMA5/20),ema_cross,5,8,22時台,木,なし,直近30分変動大,5,20,74,52.7,-85.0,5.0,-8.0,0.696,-119.0,4,24,58.3,-10.0,5.0,-8.0,0.875,-19.0,2,不採用,43.4
ema_cross(EMA5/20),ema_cross,5,12,全時間,月,下降のみ,なし,5,20,526,66.2,-386.5,5.0,-11.95,0.818,-452.1,6,221,68.3,-89.6,4.97,-12.0,0.893,-154.0,4,不採用,43.4
ema_cross(EMA5/20),ema_cross,5,12,ロンドン(16-21),全曜日,下降のみ,なし,5,20,842,67.5,-448.0,5.0,-12.0,0.864,-533.0,6,346,67.6,-174.0,5.0,-12.0,0.871,-231.0,4,不採用,43.4
ema_cross(EMA5/20),ema_cross,5,15,NY(21-24),火,順方向のみ,なし,5,20,96,67.7,-115.7,5.0,-14.22,0.737,-225.0,3,38,73.7,-10.0,5.0,-15.0,0.933,-50.0,3,不採用,43.4
ema_cross(EMA5/20),ema_cross,5,8,全時間,全曜日,下降のみ,ATR低,5,20,912,56.1,-586.6,4.98,-7.85,0.813,-613.2,8,325,57.5,-142.0,4.96,-7.75,0.867,-208.0,5,不採用,43.3
ema_cross(EMA5/20),ema_cross,5,10,全時間,木,下降のみ,ATR高,5,20,461,63.8,-191.0,5.0,-9.95,0.885,-335.0,5,139,65.5,-25.0,5.0,-10.0,0.948,-100.0,4,不採用,43.3
ema_cross(EMA5/20),ema_cross,5,12,全時間,水,上昇のみ,なし,5,20,816,64.0,-893.5,5.0,-11.92,0.745,-950.6,6,363,67.5,-187.0,5.0,-11.97,0.868,-339.0,5,不採用,43.3
ema_cross(EMA5/20),ema_cross,5,12,全時間,金,下降のみ,ATR高,5,20,354,68.9,-104.8,4.98,-12.0,0.921,-213.8,5,149,69.1,-37.0,5.0,-12.0,0.933,-108.0,3,不採用,43.3
ema_cross(EMA5/20),ema_cross,5,12,東京(9-15),木,順方向のみ,ATR高,5,20,54,70.4,-2.0,5.0,-12.0,0.99,-62.0,3,24,70.8,1.0,5.0,-12.0,1.012,-34.0,2,不採用,43.3
ema_cross(EMA5/20),ema_cross,5,12,9時台,木,順方向のみ,ATR低,5,20,18,61.1,-29.0,5.0,-12.0,0.655,-38.0,2,6,66.7,-4.0,5.0,-12.0,0.833,-12.0,1,不採用,43.3
ema_cross(EMA5/20),ema_cross,5,12,10時台,木,なし,ATR低,5,20,10,40.0,-52.0,5.0,-12.0,0.278,-62.0,4,6,66.7,-4.0,5.0,-12.0,0.833,-12.0,1,不採用,43.3
ema_cross(EMA5/20),ema_cross,5,12,16時台,月,上昇のみ,ATR高,5,20,10,60.0,-18.0,5.0,-12.0,0.625,-36.0,3,6,66.7,-4.0,5.0,-12.0,0.833,-12.0,1,不採用,43.3
ema_cross(EMA5/20),ema_cross,5,15,9時台,全曜日,レンジのみ,ATR低,5,20,100,77.0,40.0,5.0,-15.0,1.116,-60.0,3,30,76.7,10.0,5.0,-15.0,1.095,-50.0,3,不採用,43.3
ema_cross(EMA5/20),ema_cross,5,15,9時台,水,レンジのみ,なし,5,20,48,66.7,-80.0,5.0,-15.0,0.667,-110.0,2,24,75.0,0.0,5.0,-15.0,1.0,-45.0,4,不採用,43.3
ema_cross(EMA5/20),ema_cross,5,15,10時台,全曜日,下降のみ,直近30分変動大,5,20,91,72.5,-45.0,5.0,-15.0,0.88,-110.0,3,31,74.2,-0.6,5.0,-14.45,0.995,-60.6,3,不採用,43.3
ema_cross(EMA5/20),ema_cross,5,10,全時間,木,順方向のみ,なし,5,20,825,62.3,-521.6,5.0,-9.94,0.831,-720.6,8,342,63.5,-165.0,5.0,-10.0,0.868,-200.0,5,不採用,43.2
ema_cross(EMA5/20),ema_cross,5,10,ロンドン(16-21),金,上昇のみ,なし,5,20,201,63.7,-67.7,5.0,-9.69,0.904,-87.7,6,103,66.0,-10.0,5.0,-10.0,0.971,-70.0,4,不採用,43.2
ema_cross(EMA5/20),ema_cross,5,12,ロンドン(16-21),木,レンジのみ,なし,5,20,150,68.0,-66.0,5.0,-12.0,0.885,-162.0,4,46,69.6,-8.0,5.0,-12.0,0.952,-59.0,2,不採用,43.2
ema_cross(EMA5/20),ema_cross,5,12,9時台,水,下降のみ,ATR高,5,20,8,50.0,-28.0,5.0,-12.0,0.417,-43.0,3,3,66.7,-2.0,5.0,-12.0,0.833,-12.0,1,不採用,43.2
ema_cross(EMA5/20),ema_cross,5,12,10時台,水,なし,直近30分変動大,5,20,67,68.7,-22.0,5.0,-12.0,0.913,-61.0,2,24,70.8,1.0,5.0,-12.0,1.012,-50.0,3,不採用,43.2
ema_cross(EMA5/20),ema_cross,5,12,16時台,火,下降のみ,直近30分変動大,5,20,20,60.0,-36.0,5.0,-12.0,0.625,-54.0,2,3,66.7,-2.0,5.0,-12.0,0.833,-12.0,1,不採用,43.2
ema_cross(EMA5/20),ema_cross,5,15,ロンドン(16-21),水,下降のみ,なし,5,20,137,73.0,-55.0,5.0,-15.0,0.901,-150.0,3,77,74.0,-15.0,5.0,-15.0,0.95,-100.0,2,不採用,43.2
ema_cross(EMA5/20),ema_cross,5,5,全時間,月,レンジのみ,ATR高,5,20,183,40.4,-175.0,5.0,-5.0,0.679,-200.0,10,67,47.8,-15.0,5.0,-5.0,0.914,-35.0,4,不採用,43.1
ema_cross(EMA5/20),ema_cross,5,5,ロンドン(16-21),全曜日,順方向のみ,なし,5,20,1020,46.5,-355.1,5.0,-4.99,0.87,-485.1,11,393,47.1,-115.0,5.0,-5.0,0.889,-190.0,8,不採用,43.1
ema_cross(EMA5/20),ema_cross,5,8,22時台,火,下降のみ,なし,5,20,56,46.4,-110.0,5.0,-8.0,0.542,-128.0,4,15,60.0,-3.0,5.0,-8.0,0.938,-24.0,3,不採用,43.1
ema_cross(EMA5/20),ema_cross,5,8,22時台,木,なし,ATR高,5,20,102,54.9,-88.0,5.0,-8.0,0.761,-94.0,4,17,58.8,-6.0,5.0,-8.0,0.893,-16.0,2,不採用,43.1
ema_cross(EMA5/20),ema_cross,5,12,ロンドン(16-21),火,下降のみ,直近30分変動大,5,20,92,69.6,-16.0,5.0,-12.0,0.952,-59.0,3,41,70.7,1.0,5.0,-12.0,1.007,-42.0,3,不採用,43.1
ema_cross(EMA5/20),ema_cross,5,12,10時台,月,なし,ATR高,5,20,57,66.7,-38.0,5.0,-12.0,0.833,-62.0,3,19,68.4,-7.0,5.0,-12.0,0.903,-18.0,1,不採用,43.1
ema_cross(EMA5/20),ema_cross,5,12,16時台,水,なし,なし,5,20,131,68.7,-42.0,5.0,-12.0,0.915,-84.0,3,56,69.6,-9.0,5.0,-12.0,0.956,-63.0,2,不採用,43.1
ema_cross(EMA5/20),ema_cross,5,12,21時台,金,順方向のみ,ATR高,5,20,33,57.6,-73.0,5.0,-12.0,0.565,-116.0,5,6,66.7,-4.0,5.0,-12.0,0.833,-19.0,1,不採用,43.1
ema_cross(EMA5/20),ema_cross,5,15,10時台,火,上昇のみ,なし,5,20,41,75.6,5.0,5.0,-15.0,1.033,-70.0,3,21,76.2,5.0,5.0,-15.0,1.067,-45.0,3,不採用,43.1
ema_cross(EMA5/20),ema_cross,5,5,ロンドン(16-21),木,下降のみ,ATR高,5,20,150,43.3,-100.0,5.0,-5.0,0.765,-145.0,10,37,48.6,-5.0,5.0,-5.0,0.947,-20.0,4,不採用,43.0
ema_cross(EMA5/20),ema_cross,5,5,10時台,水,下降のみ,なし,5,20,35,40.0,-35.0,5.0,-5.0,0.667,-50.0,8,8,50.0,0.0,5.0,-5.0,1.0,-20.0,4,不採用,43.0
ema_cross(EMA5/20),ema_cross,5,8,ロンドン(16-21),水,下降のみ,なし,5,20,170,58.8,-60.0,5.0,-8.0,0.893,-93.0,4,88,60.2,-15.0,5.0,-8.0,0.946,-65.0,3,不採用,43.0
ema_cross(EMA5/20),ema_cross,5,8,22時台,火,上昇のみ,ATR高,5,20,48,45.8,-95.4,5.0,-7.9,0.536,-105.4,4,12,58.3,-5.0,5.0,-8.0,0.875,-16.0,2,不採用,43.0
ema_cross(EMA5/20),ema_cross,5,8,22時台,火,順方向のみ,直近30分変動大,5,20,23,30.4,-93.0,5.0,-8.0,0.273,-103.0,6,12,58.3,-5.0,5.0,-8.0,0.875,-17.0,2,不採用,43.0
ema_cross(EMA5/20),ema_cross,5,5,東京(9-15),水,レンジのみ,直近30分変動大,5,20,100,41.0,-90.0,5.0,-5.0,0.695,-95.0,5,37,48.6,-5.0,5.0,-5.0,0.947,-25.0,4,不採用,42.9
ema_cross(EMA5/20),ema_cross,5,5,22時台,木,なし,なし,5,20,140,44.3,-76.4,5.0,-4.95,0.802,-86.4,5,37,51.4,5.0,5.0,-5.0,1.056,-25.0,6,不採用,42.9
ema_cross(EMA5/20),ema_cross,5,10,NY(21-24),金,下降のみ,なし,5,20,104,57.7,-137.1,4.92,-9.83,0.683,-157.1,6,43,65.1,-4.2,5.0,-9.61,0.971,-69.2,4,不採用,42.9
ema_cross(EMA5/20),ema_cross,5,12,10時台,金,下降のみ,なし,5,20,28,75.0,28.9,5.0,-10.87,1.38,-30.1,2,15,73.3,7.0,5.0,-12.0,1.146,-16.0,2,不採用,42.9
ema_cross(EMA5/20),ema_cross,5,12,16時台,水,順方向のみ,ATR低,5,20,7,57.1,-8.4,5.0,-9.47,0.704,-12.0,1,6,66.7,-4.0,5.0,-12.0,0.833,-12.0,1,不採用,42.9
ema_cross(EMA5/20),ema_cross,5,12,21時台,火,なし,直近30分変動大,5,20,79,69.6,-13.0,5.0,-12.0,0.955,-100.0,4,30,70.0,2.0,5.0,-11.44,1.019,-50.0,3,不採用,42.9
ema_cross(EMA5/20),ema_cross,5,15,ロンドン(16-21),木,下降のみ,ATR高,5,20,125,64.8,-255.0,5.0,-15.0,0.614,-270.0,4,29,72.4,-15.0,5.0,-15.0,0.875,-50.0,2,不採用,42.9
ema_cross(EMA5/20),ema_cross,5,5,21時台,月,なし,なし,5,20,138,50.7,10.0,5.0,-5.0,1.029,-45.0,5,58,51.7,10.0,5.0,-5.0,1.071,-25.0,5,不採用,42.8
ema_cross(EMA5/20),ema_cross,5,5,22時台,火,なし,ATR高,5,20,114,29.8,-230.0,5.0,-5.0,0.425,-240.0,12,29,51.7,5.0,5.0,-5.0,1.071,-30.0,6,不採用,42.8
ema_cross(EMA5/20),ema_cross,5,8,東京(9-15),木,順方向のみ,なし,5,20,224,53.6,-232.0,5.0,-8.0,0.721,-285.0,9,95,58.9,-32.0,5.0,-8.0,0.897,-72.0,4,不採用,42.8
ema_cross(EMA5/20),ema_cross,5,8,NY(21-24),木,順方向のみ,ATR高,5,20,70,62.9,12.0,5.0,-8.0,1.058,-56.0,5,8,62.5,1.0,5.0,-8.0,1.042,-19.0,2,不採用,42.8
ema_cross(EMA5/20),ema_cross,5,12,全時間,月,上昇のみ,ATR高,5,20,153,57.5,-327.5,5.0,-11.81,0.573,-340.5,5,78,67.9,-35.0,5.0,-12.0,0.883,-83.0,3,不採用,42.8
ema_cross(EMA5/20),ema_cross,5,12,東京(9-15),月,順方向のみ,ATR低,5,20,63,66.7,-46.8,4.89,-12.0,0.814,-70.0,4,23,69.6,-4.0,5.0,-12.0,0.952,-45.0,3,不採用,42.8
ema_cross(EMA5/20),ema_cross,5,12,9時台,水,なし,ATR高,5,20,30,56.7,-71.0,5.0,-12.0,0.545,-101.0,3,13,69.2,-3.0,5.0,-12.0,0.938,-36.0,3,不採用,42.8
ema_cross(EMA5/20),ema_cross,5,15,ロンドン(16-21),火,レンジのみ,直近30分変動大,5,20,65,76.9,25.0,5.0,-15.0,1.111,-75.0,2,37,75.7,5.0,5.0,-15.0,1.037,-40.0,2,不採用,42.8
ema_cross(EMA5/20),ema_cross,5,5,ロンドン(16-21),全曜日,上昇のみ,なし,5,20,1401,44.0,-841.7,5.0,-5.0,0.785,-886.7,9,524,46.0,-210.0,5.0,-5.0,0.852,-275.0,9,不採用,42.7
ema_cross(EMA5/20),ema_cross,5,8,全時間,金,なし,直近30分変動大,5,20,1161,55.2,-953.3,4.99,-7.99,0.77,-983.3,8,514,56.6,-323.8,5.0,-7.98,0.818,-341.0,5,不採用,42.7
ema_cross(EMA5/20),ema_cross,5,10,全時間,水,レンジのみ,直近30分変動大,5,20,269,62.5,-170.0,5.0,-10.0,0.832,-195.0,6,141,65.2,-30.0,5.0,-10.0,0.939,-100.0,5,不採用,42.7
ema_cross(EMA5/20),ema_cross,5,10,全時間,木,下降のみ,直近30分変動大,5,20,458,61.6,-341.0,5.0,-9.95,0.805,-495.0,10,194,63.9,-80.0,5.0,-10.0,0.886,-140.0,4,不採用,42.7
ema_cross(EMA5/20),ema_cross,5,10,東京(9-15),火,なし,ATR低,5,20,222,62.6,-135.0,5.0,-10.0,0.837,-175.0,4,70,65.7,-10.0,5.0,-10.0,0.958,-65.0,4,不採用,42.7
ema_cross(EMA5/20),ema_cross,5,10,9時台,金,なし,なし,5,20,164,71.3,115.0,5.0,-10.0,1.245,-80.0,4,56,67.9,10.0,5.0,-10.0,1.056,-40.0,2,不採用,42.7
ema_cross(EMA5/20),ema_cross,5,5,全時間,木,なし,ATR低,5,20,743,44.8,-381.4,5.0,-4.99,0.814,-436.4,11,301,49.5,-15.0,5.0,-5.0,0.98,-125.0,12,不採用,42.6
ema_cross(EMA5/20),ema_cross,5,5,NY(21-24),水,なし,ATR低,5,20,30,36.7,-37.1,5.0,-4.85,0.597,-55.0,9,32,50.0,0.0,5.0,-5.0,1.0,-25.0,5,不採用,42.6
ema_cross(EMA5/20),ema_cross,5,5,9時台,月,順方向のみ,ATR高,5,20,11,18.2,-35.0,5.0,-5.0,0.222,-30.0,5,13,46.2,-5.0,5.0,-5.0,0.857,-15.0,2,不採用,42.6
ema_cross(EMA5/20),ema_cross,5,8,全時間,木,なし,ATR高,5,20,1010,59.1,-319.0,5.0,-8.0,0.903,-460.0,7,309,58.9,-106.0,5.0,-8.0,0.896,-148.0,6,不採用,42.6
ema_cross(EMA5/20),ema_cross,5,8,NY(21-24),火,なし,なし,5,20,295,56.6,-185.0,5.0,-7.97,0.819,-226.0,5,118,60.2,-21.0,5.0,-8.0,0.944,-91.0,5,不採用,42.6
ema_cross(EMA5/20),ema_cross,5,10,ロンドン(16-21),金,順方向のみ,直近30分変動大,5,20,51,62.7,-30.0,5.0,-10.0,0.842,-45.0,3,20,65.0,-5.0,5.0,-10.0,0.929,-25.0,2,不採用,42.6
ema_cross(EMA5/20),ema_cross,5,12,10時台,全曜日,なし,ATR高,5,20,240,70.4,-7.0,5.0,-12.0,0.992,-111.0,5,100,70.0,-10.0,5.0,-12.0,0.972,-76.0,3,不採用,42.6
ema_cross(EMA5/20),ema_cross,5,15,ロンドン(16-21),木,下降のみ,直近30分変動大,5,20,112,66.1,-200.0,5.0,-15.0,0.649,-255.0,4,36,72.2,-20.0,5.0,-15.0,0.867,-65.0,2,不採用,42.6
ema_cross(EMA5/20),ema_cross,5,5,東京(9-15),水,下降のみ,なし,5,20,202,55.0,100.0,5.0,-5.0,1.22,-50.0,9,79,51.9,15.0,5.0,-5.0,1.079,-30.0,4,不採用,42.5
ema_cross(EMA5/20),ema_cross,5,5,ロンドン(16-21),木,上昇のみ,ATR高,5,20,82,42.7,-60.0,5.0,-5.0,0.745,-85.0,6,30,50.0,0.0,5.0,-5.0,1.0,-25.0,5,不採用,42.5
ema_cross(EMA5/20),ema_cross,5,5,21時台,火,上昇のみ,直近30分変動大,5,20,35,34.3,-55.0,5.0,-5.0,0.522,-70.0,7,13,46.2,-5.0,5.0,-5.0,0.857,-20.0,2,不採用,42.5
ema_cross(EMA5/20),ema_cross,5,8,東京(9-15),全曜日,順方向のみ,ATR低,5,20,394,60.4,-58.0,5.0,-8.0,0.954,-175.0,5,122,61.5,-1.0,5.0,-8.0,0.997,-95.0,5,不採用,42.5
ema_cross(EMA5/20),ema_cross,5,10,全時間,金,下降のみ,ATR高,5,20,372,61.8,-274.8,4.98,-10.0,0.806,-314.8,5,152,65.8,-20.0,5.0,-10.0,0.962,-95.0,7,不採用,42.5
ema_cross(EMA5/20),ema_cross,5,10,東京(9-15),月,下降のみ,なし,5,20,184,64.7,-55.0,5.0,-10.0,0.915,-140.0,5,76,65.8,-10.0,5.0,-10.0,0.962,-80.0,3,不採用,42.5
ema_cross(EMA5/20),ema_cross,5,10,ロンドン(16-21),木,レンジのみ,直近30分変動大,5,20,87,54.0,-165.0,5.0,-10.0,0.588,-160.0,3,28,64.3,-10.0,5.0,-10.0,0.9,-30.0,3,不採用,42.5
ema_cross(EMA5/20),ema_cross,5,10,22時台,木,なし,なし,5,20,129,62.0,-74.2,4.97,-9.63,0.843,-110.0,3,34,64.7,-10.0,5.0,-10.0,0.917,-30.0,2,不採用,42.5
ema_cross(EMA5/20),ema_cross,5,12,9時台,木,上昇のみ,ATR低,5,20,19,73.7,10.0,5.0,-12.0,1.167,-19.0,2,7,71.4,1.0,5.0,-12.0,1.042,-12.0,1,不採用,42.5
ema_cross(EMA5/20),ema_cross,5,12,10時台,全曜日,上昇のみ,ATR低,5,20,28,67.9,-9.4,5.0,-11.6,0.91,-69.4,4,10,70.0,-1.0,5.0,-12.0,0.972,-31.0,2,不採用,42.5
ema_cross(EMA5/20),ema_cross,5,5,全時間,水,なし,直近30分変動大,5,20,1040,42.0,-830.0,5.0,-5.0,0.725,-845.0,8,539,44.7,-285.0,5.0,-5.0,0.809,-305.0,7,不採用,42.4
ema_cross(EMA5/20),ema_cross,5,8,ロンドン(16-21),水,下降のみ,ATR高,5,20,83,54.2,-79.0,5.0,-8.0,0.74,-125.0,3,53,58.5,-21.0,5.0,-8.0,0.881,-48.0,3,不採用,42.4
ema_cross(EMA5/20),ema_cross,5,10,全時間,月,なし,ATR高,5,20,558,57.5,-748.9,5.0,-9.93,0.682,-768.9,6,221,62.4,-140.0,5.0,-10.0,0.831,-160.0,4,不採用,42.4
ema_cross(EMA5/20),ema_cross,5,10,東京(9-15),火,レンジのみ,ATR低,5,20,76,67.1,5.0,5.0,-10.0,1.02,-45.0,3,27,66.7,0.0,5.0,-10.0,1.0,-30.0,2,不採用,42.4
ema_cross(EMA5/20),ema_cross,5,15,全時間,木,下降のみ,ATR低,5,20,116,64.7,-230.6,4.94,-14.67,0.617,-245.6,3,50,72.0,-30.0,5.0,-15.0,0.857,-80.0,2,不採用,42.4
ema_cross(EMA5/20),ema_cross,5,5,NY(21-24),木,上昇のみ,直近30分変動大,5,20,69,42.0,-55.0,5.0,-5.0,0.725,-70.0,6,26,50.0,0.0,5.0,-5.0,1.0,-25.0,5,不採用,42.3
ema_cross(EMA5/20),ema_cross,5,5,22時台,木,なし,直近30分変動大,5,20,74,39.2,-80.0,5.0,-5.0,0.644,-90.0,6,24,50.0,0.0,5.0,-5.0,1.0,-20.0,5,不採用,42.3
ema_cross(EMA5/20),ema_cross,5,8,ロンドン(16-21),金,順方向のみ,ATR高,5,20,76,55.3,-62.0,5.0,-8.0,0.772,-98.0,6,27,59.3,-8.0,5.0,-8.0,0.909,-30.0,3,不採用,42.3
ema_cross(EMA5/20),ema_cross,5,10,東京(9-15),全曜日,順方向のみ,なし,5,20,1025,63.6,-463.1,5.0,-9.98,0.876,-540.0,6,386,63.2,-200.0,5.0,-10.0,0.859,-230.0,5,不採用,42.3
ema_cross(EMA5/20),ema_cross,5,10,ロンドン(16-21),全曜日,下降のみ,直近30分変動大,5,20,491,62.9,-275.0,5.0,-10.0,0.849,-360.0,8,205,64.9,-55.0,5.0,-10.0,0.924,-110.0,6,不採用,42.3
ema_cross(EMA5/20),ema_cross,5,10,10時台,金,なし,ATR高,5,20,55,72.7,50.0,5.0,-10.0,1.333,-45.0,2,23,69.6,10.0,5.0,-10.0,1.143,-20.0,3,不採用,42.3
ema_cross(EMA5/20),ema_cross,5,10,22時台,火,なし,直近30分変動大,5,20,82,52.4,-163.5,5.0,-9.71,0.568,-198.5,6,35,65.7,-5.0,5.0,-10.0,0.958,-60.0,4,不採用,42.3
ema_cross(EMA5/20),ema_cross,5,10,22時台,木,なし,ATR高,5,20,100,62.0,-64.0,5.0,-9.84,0.829,-90.0,3,17,64.7,-5.0,5.0,-10.0,0.917,-20.0,2,不採用,42.3
ema_cross(EMA5/20),ema_cross,5,12,全時間,水,下降のみ,直近30分変動大,5,20,362,65.5,-297.9,5.0,-11.86,0.799,-305.9,4,194,67.5,-101.0,5.0,-12.0,0.866,-159.0,3,不採用,42.3
ema_cross(EMA5/20),ema_cross,5,12,9時台,火,なし,なし,5,20,148,69.6,-25.0,5.0,-12.0,0.954,-98.0,3,53,69.8,-7.0,5.0,-12.0,0.964,-73.0,2,不採用,42.3
ema_cross(EMA5/20),ema_cross,5,12,22時台,金,上昇のみ,ATR低,5,20,9,22.2,-51.3,5.0,-8.76,0.163,-39.3,4,5,60.0,-2.8,3.47,-6.6,0.788,-1.2,1,不採用,42.3
ema_cross(EMA5/20),ema_cross,5,5,NY(21-24),全曜日,順方向のみ,ATR低,5,20,61,54.1,27.0,4.93,-4.84,1.199,-30.0,5,36,52.8,10.0,5.0,-5.0,1.118,-25.0,4,不採用,42.2
ema_cross(EMA5/20),ema_cross,5,8,東京(9-15),全曜日,なし,ATR高,5,20,868,59.2,-262.0,5.0,-8.0,0.907,-475.0,7,381,58.8,-136.0,5.0,-8.0,0.892,-212.0,7,不採用,42.2
ema_cross(EMA5/20),ema_cross,5,8,東京(9-15),金,上昇のみ,直近30分変動大,5,20,93,53.8,-94.0,5.0,-8.0,0.727,-150.0,7,45,60.0,-9.0,5.0,-8.0,0.938,-63.0,4,不採用,42.2
ema_cross(EMA5/20),ema_cross,5,10,22時台,金,上昇のみ,なし,5,20,77,57.1,-86.7,5.0,-9.29,0.717,-111.7,5,26,65.4,-9.6,4.73,-10.0,0.893,-30.0,3,不採用,42.2
ema_cross(EMA5/20),ema_cross,5,12,全時間,月,レンジのみ,ATR高,5,20,146,66.4,-93.4,5.0,-11.8,0.839,-106.0,3,60,68.3,-23.0,5.0,-12.0,0.899,-49.0,2,不採用,42.2
ema_cross(EMA5/20),ema_cross,5,12,10時台,金,下降のみ,直近30分変動大,5,20,18,72.2,5.0,5.0,-12.0,1.083,-19.0,2,7,71.4,1.0,5.0,-12.0,1.042,-24.0,2,不採用,42.2
ema_cross(EMA5/20),ema_cross,5,15,全時間,水,上昇のみ,ATR低,5,20,273,71.8,-156.6,5.0,-14.76,0.862,-266.6,6,121,72.7,-48.0,5.0,-14.79,0.902,-145.0,2,不採用,42.2
ema_cross(EMA5/20),ema_cross,5,5,ロンドン(16-21),全曜日,レンジのみ,直近30分変動大,5,20,363,45.2,-175.0,5.0,-5.0,0.824,-190.0,6,178,48.3,-30.0,5.0,-5.0,0.935,-75.0,7,不採用,42.1
ema_cross(EMA5/20),ema_cross,5,8,ロンドン(16-21),月,順方向のみ,なし,5,20,187,59.4,-53.0,5.0,-8.0,0.913,-108.0,8,72,61.1,-4.0,5.0,-8.0,0.982,-72.0,4,不採用,42.1
ema_cross(EMA5/20),ema_cross,5,10,ロンドン(16-21),火,なし,ATR低,5,20,71,69.0,25.0,5.0,-10.0,1.114,-70.0,3,32,68.8,10.0,5.0,-10.0,1.1,-50.0,4,不採用,42.1
ema_cross(EMA5/20),ema_cross,5,10,9時台,火,上昇のみ,ATR低,5,20,26,57.7,-35.0,5.0,-10.0,0.682,-45.0,3,13,61.5,-10.0,5.0,-10.0,0.8,-10.0,1,不採用,42.1
ema_cross(EMA5/20),ema_cross,5,10,9時台,火,順方向のみ,ATR低,5,20,19,68.4,5.0,5.0,-10.0,1.083,-30.0,3,6,66.7,0.0,5.0,-10.0,1.0,-10.0,1,不採用,42.1
ema_cross(EMA5/20),ema_cross,5,12,全時間,火,レンジのみ,なし,5,20,566,67.7,-272.2,5.0,-11.95,0.876,-413.0,5,256,68.0,-109.0,5.0,-11.94,0.889,-199.0,4,不採用,42.1
ema_cross(EMA5/20),ema_cross,5,12,東京(9-15),金,なし,ATR低,5,20,174,73.0,71.0,5.0,-12.0,1.126,-83.0,3,64,71.9,14.0,5.0,-12.0,1.065,-55.0,4,不採用,42.1
ema_cross(EMA5/20),ema_cross,5,12,10時台,金,なし,なし,5,20,114,70.2,-0.1,5.0,-11.77,1.0,-93.0,3,51,70.6,0.0,5.0,-12.0,1.0,-45.0,3,不採用,42.1
ema_cross(EMA5/20),ema_cross,5,15,10時台,水,下降のみ,直近30分変動大,5,20,21,76.2,5.0,5.0,-15.0,1.067,-25.0,1,4,75.0,0.0,5.0,-15.0,1.0,-15.0,1,不採用,42.1
ema_cross(EMA5/20),ema_cross,5,5,NY(21-24),火,下降のみ,ATR高,5,20,71,32.4,-125.0,5.0,-5.0,0.479,-140.0,7,11,45.5,-5.0,5.0,-5.0,0.833,-10.0,2,不採用,42.0
ema_cross(EMA5/20),ema_cross,5,5,9時台,全曜日,なし,ATR低,5,20,306,53.3,100.0,5.0,-5.0,1.14,-60.0,6,95,51.6,15.0,5.0,-5.0,1.065,-50.0,5,不採用,42.0
ema_cross(EMA5/20),ema_cross,5,5,9時台,金,上昇のみ,ATR高,5,20,4,50.0,0.0,5.0,-5.0,1.0,-5.0,2,4,50.0,0.0,5.0,-5.0,1.0,-10.0,2,不採用,42.0
ema_cross(EMA5/20),ema_cross,5,8,全時間,水,上昇のみ,直近30分変動大,5,20,384,53.6,-394.0,5.0,-8.0,0.723,-409.0,7,199,57.8,-97.0,5.0,-8.0,0.856,-129.0,5,不採用,42.0
ema_cross(EMA5/20),ema_cross,5,10,全時間,木,レンジのみ,ATR低,5,20,199,55.8,-325.0,5.0,-10.0,0.631,-360.0,5,70,64.3,-22.1,5.0,-9.88,0.911,-82.1,4,不採用,42.0
ema_cross(EMA5/20),ema_cross,5,10,NY(21-24),月,なし,ATR低,5,20,34,61.8,3.0,5.0,-7.85,1.029,-25.0,2,16,68.8,0.4,4.58,-10.0,1.008,-30.0,2,不採用,42.0
ema_cross(EMA5/20),ema_cross,5,12,全時間,月,レンジのみ,直近30分変動大,5,20,254,65.0,-243.0,5.0,-12.0,0.772,-264.0,5,126,68.3,-50.0,5.0,-12.0,0.896,-122.0,4,不採用,42.0
ema_cross(EMA5/20),ema_cross,5,12,東京(9-15),月,下降のみ,なし,5,20,177,69.5,-33.0,5.0,-12.0,0.949,-140.0,3,73,69.9,-9.0,5.0,-12.0,0.966,-69.0,3,不採用,42.0
ema_cross(EMA5/20),ema_cross,5,15,東京(9-15),木,上昇のみ,なし,5,20,174,71.8,-110.0,5.0,-15.0,0.85,-140.0,3,69,73.9,-15.0,5.0,-15.0,0.944,-115.0,3,不採用,42.0
ema_cross(EMA5/20),ema_cross,5,15,9時台,木,なし,直近30分変動大,5,20,80,81.2,100.0,5.0,-15.0,1.444,-40.0,2,35,77.1,15.0,5.0,-15.0,1.125,-45.0,2,不採用,42.0
ema_cross(EMA5/20),ema_cross,5,8,16時台,全曜日,上昇のみ,ATR低,5,20,58,62.1,9.1,5.0,-7.77,1.053,-35.0,3,26,61.5,0.0,5.0,-8.0,1.0,-22.0,2,不採用,41.9
ema_cross(EMA5/20),ema_cross,5,8,16時台,月,下降のみ,ATR高,5,20,16,68.8,15.0,5.0,-8.0,1.375,-8.0,1,14,64.3,5.0,5.0,-8.0,1.125,-20.0,2,不採用,41.9
ema_cross(EMA5/20),ema_cross,5,8,22時台,金,順方向のみ,直近30分変動大,5,20,30,50.0,-45.0,5.0,-8.0,0.625,-46.0,4,7,57.1,-4.0,5.0,-8.0,0.833,-8.0,2,不採用,41.9
ema_cross(EMA5/20),ema_cross,5,10,東京(9-15),水,下降のみ,直近30分変動大,5,20,73,68.5,20.0,5.0,-10.0,1.087,-60.0,3,34,67.6,5.0,5.0,-10.0,1.045,-40.0,3,不採用,41.9
ema_cross(EMA5/20),ema_cross,5,10,ロンドン(16-21),水,なし,ATR高,5,20,208,62.0,-145.0,5.0,-10.0,0.816,-205.0,4,84,64.3,-30.0,5.0,-10.0,0.9,-75.0,3,不採用,41.9
ema_cross(EMA5/20),ema_cross,5,10,9時台,月,順方向のみ,直近30分変動大,5,20,12,66.7,0.0,5.0,-10.0,1.0,-20.0,2,6,66.7,0.0,5.0,-10.0,1.0,-20.0,2,不採用,41.9
ema_cross(EMA5/20),ema_cross,5,12,ロンドン(16-21),全曜日,レンジのみ,直近30分変動大,5,20,352,68.2,-144.0,5.0,-12.0,0.893,-219.0,3,177,68.4,-67.0,5.0,-12.0,0.9,-153.0,3,不採用,41.9
ema_cross(EMA5/20),ema_cross,5,12,NY(21-24),火,下降のみ,なし,5,20,92,65.2,-84.0,5.0,-12.0,0.781,-121.0,3,32,68.8,-10.0,5.0,-12.0,0.917,-64.0,3,不採用,41.9
ema_cross(EMA5/20),ema_cross,5,12,10時台,全曜日,レンジのみ,なし,5,20,191,70.2,-14.0,5.0,-12.0,0.98,-90.0,3,83,69.9,-10.0,5.0,-12.0,0.967,-67.0,3,不採用,41.9
ema_cross(EMA5/20),ema_cross,5,15,NY(21-24),水,なし,ATR低,5,20,22,59.1,-33.3,5.0,-10.92,0.661,-55.8,4,23,69.6,-16.3,5.0,-13.76,0.831,-25.0,2,不採用,41.9
ema_cross(EMA5/20),ema_cross,5,5,全時間,月,なし,ATR高,5,20,641,41.2,-565.0,5.0,-5.0,0.7,-595.0,12,246,45.9,-100.0,5.0,-5.0,0.85,-115.0,7,不採用,41.8
ema_cross(EMA5/20),ema_cross,5,5,ロンドン(16-21),水,下降のみ,直近30分変動大,5,20,96,39.6,-100.0,5.0,-5.0,0.655,-130.0,9,53,47.2,-15.0,5.0,-5.0,0.893,-35.0,4,不採用,41.8
ema_cross(EMA5/20),ema_cross,5,5,ロンドン(16-21),金,下降のみ,直近30分変動大,5,20,95,46.3,-35.0,5.0,-5.0,0.863,-60.0,8,32,50.0,0.0,5.0,-5.0,1.0,-25.0,5,不採用,41.8
ema_cross(EMA5/20),ema_cross,5,8,全時間,全曜日,上昇のみ,ATR高,5,20,1490,56.1,-1039.0,5.0,-7.98,0.801,-1138.0,10,519,57.8,-248.3,5.0,-7.98,0.858,-329.3,8,不採用,41.8
ema_cross(EMA5/20),ema_cross,5,8,10時台,木,なし,直近30分変動大,5,20,61,57.4,-33.0,5.0,-8.0,0.841,-78.0,5,27,59.3,-8.0,5.0,-8.0,0.909,-33.0,2,不採用,41.8
ema_cross(EMA5/20),ema_cross,5,10,ロンドン(16-21),木,下降のみ,直近30分変動大,5,20,116,56.9,-170.0,5.0,-10.0,0.66,-220.0,5,36,63.9,-15.0,5.0,-10.0,0.885,-60.0,3,不採用,41.8
ema_cross(EMA5/20),ema_cross,5,12,ロンドン(16-21),月,順方向のみ,なし,5,20,177,65.5,-133.9,5.0,-11.7,0.812,-171.7,4,67,68.7,-22.0,5.0,-12.0,0.913,-87.0,3,不採用,41.8
ema_cross(EMA5/20),ema_cross,5,12,NY(21-24),月,なし,ATR高,5,20,93,64.5,-77.2,5.0,-11.43,0.795,-120.5,3,25,68.0,-11.0,5.0,-12.0,0.885,-26.0,2,不採用,41.8
ema_cross(EMA5/20),ema_cross,5,15,全時間,金,なし,なし,5,20,1952,71.5,-1290.3,5.0,-14.87,0.844,-1338.5,6,819,72.6,-359.3,4.99,-14.86,0.892,-490.6,4,不採用,41.8
ema_cross(EMA5/20),ema_cross,5,5,NY(21-24),火,順方向のみ,なし,5,20,103,43.7,-65.0,5.0,-5.0,0.776,-110.0,6,43,48.8,-5.0,5.0,-5.0,0.955,-35.0,5,不採用,41.7
ema_cross(EMA5/20),ema_cross,5,8,ロンドン(16-21),月,レンジのみ,ATR高,5,20,65,46.2,-130.0,5.0,-8.0,0.536,-156.0,5,24,58.3,-10.0,5.0,-8.0,0.875,-27.0,3,不採用,41.7
ema_cross(EMA5/20),ema_cross,5,10,22時台,火,下降のみ,ATR高,5,20,42,52.4,-90.0,5.0,-10.0,0.55,-110.0,4,8,62.5,-5.0,5.0,-10.0,0.833,-20.0,2,不採用,41.7
ema_cross(EMA5/20),ema_cross,5,12,ロンドン(16-21),全曜日,下降のみ,直近30分変動大,5,20,484,67.4,-266.0,5.0,-12.0,0.86,-351.0,6,204,69.1,-51.0,5.0,-12.0,0.933,-149.0,6,不採用,41.7
ema_cross(EMA5/20),ema_cross,5,12,ロンドン(16-21),金,なし,直近30分変動大,5,20,245,66.9,-141.5,5.0,-11.87,0.853,-165.5,3,110,69.1,-28.0,5.0,-12.0,0.931,-104.0,4,不採用,41.7
ema_cross(EMA5/20),ema_cross,5,12,22時台,金,下降のみ,直近30分変動大,5,20,30,63.3,-41.8,4.75,-12.0,0.683,-74.0,5,12,66.7,-8.0,5.0,-12.0,0.833,-24.0,2,不採用,41.7
ema_cross(EMA5/20),ema_cross,5,10,全時間,水,下降のみ,ATR高,5,20,289,63.3,-145.0,5.0,-10.0,0.863,-240.0,4,147,63.9,-60.0,5.0,-10.0,0.887,-110.0,3,不採用,41.6
ema_cross(EMA5/20),ema_cross,5,10,東京(9-15),水,順方向のみ,なし,5,20,195,64.1,-68.1,5.0,-9.9,0.902,-110.0,3,76,64.5,-25.0,5.0,-10.0,0.907,-60.0,2,不採用,41.6
ema_cross(EMA5/20),ema_cross,5,10,NY(21-24),全曜日,上昇のみ,直近30分変動大,5,20,302,60.6,-258.2,5.0,-9.86,0.78,-303.2,5,126,63.5,-64.6,4.94,-10.0,0.86,-89.6,3,不採用,41.6
ema_cross(EMA5/20),ema_cross,5,10,22時台,火,順方向のみ,ATR高,5,20,34,44.1,-110.4,5.0,-9.76,0.405,-145.0,6,8,62.5,-5.0,5.0,-10.0,0.833,-25.0,2,不採用,41.6
ema_cross(EMA5/20),ema_cross,5,12,東京(9-15),木,下降のみ,ATR高,5,20,88,75.0,66.0,5.0,-12.0,1.25,-53.0,3,48,70.8,2.0,5.0,-12.0,1.012,-43.0,1,不採用,41.6
ema_cross(EMA5/20),ema_cross,5,12,21時台,木,下降のみ,ATR高,5,20,39,64.1,-43.0,5.0,-12.0,0.744,-41.0,3,3,66.7,-2.0,5.0,-12.0,0.833,-12.0,1,不採用,41.6
ema_cross(EMA5/20),ema_cross,5,15,全時間,全曜日,レンジのみ,ATR低,5,20,915,68.3,-995.1,4.96,-14.13,0.757,-1104.7,7,350,70.0,-235.7,4.99,-13.88,0.838,-298.0,4,不採用,41.6
ema_cross(EMA5/20),ema_cross,5,15,全時間,水,上昇のみ,直近30分変動大,5,20,368,69.0,-440.0,5.0,-15.0,0.743,-470.0,5,188,71.8,-113.0,5.0,-14.87,0.857,-220.0,3,不採用,41.6
ema_cross(EMA5/20),ema_cross,5,15,ロンドン(16-21),全曜日,レンジのみ,ATR高,5,20,246,73.2,-80.7,5.0,-14.86,0.918,-230.0,3,72,73.6,-20.0,5.0,-15.0,0.93,-95.0,2,不採用,41.6
ema_cross(EMA5/20),ema_cross,5,5,9時台,金,なし,なし,5,20,190,52.1,40.0,5.0,-5.0,1.088,-55.0,5,59,50.8,5.0,5.0,-5.0,1.034,-25.0,4,不採用,41.5
ema_cross(EMA5/20),ema_cross,5,5,10時台,全曜日,上昇のみ,ATR低,5,20,32,37.5,-40.0,5.0,-5.0,0.6,-65.0,5,10,50.0,0.0,5.0,-5.0,1.0,-25.0,5,不採用,41.5
ema_cross(EMA5/20),ema_cross,5,5,21時台,木,下降のみ,なし,5,20,72,43.1,-50.0,5.0,-5.0,0.756,-50.0,5,17,47.1,-5.0,5.0,-5.0,0.889,-20.0,3,不採用,41.5
ema_cross(EMA5/20),ema_cross,5,8,東京(9-15),水,上昇のみ,ATR低,5,20,98,59.2,-30.0,5.0,-8.0,0.906,-91.0,5,38,60.5,-5.0,5.0,-8.0,0.958,-41.0,3,不採用,41.5
ema_cross(EMA5/20),ema_cross,5,8,ロンドン(16-21),木,下降のみ,直近30分変動大,5,20,117,51.3,-156.0,5.0,-8.0,0.658,-203.0,5,36,58.3,-15.0,5.0,-8.0,0.875,-59.0,3,不採用,41.5
ema_cross(EMA5/20),ema_cross,5,10,東京(9-15),火,順方向のみ,ATR低,5,20,94,63.8,-40.0,5.0,-10.0,0.882,-95.0,3,20,65.0,-5.0,5.0,-10.0,0.929,-30.0,2,不採用,41.5
ema_cross(EMA5/20),ema_cross,5,10,16時台,火,順方向のみ,ATR高,5,20,15,60.0,-15.0,5.0,-10.0,0.75,-25.0,2,8,62.5,-5.0,5.0,-10.0,0.833,-15.0,1,不採用,41.5
ema_cross(EMA5/20),ema_cross,5,12,全時間,月,下降のみ,直近30分変動大,5,20,290,67.2,-165.0,5.0,-12.0,0.855,-183.0,6,135,68.1,-56.0,5.0,-12.0,0.891,-110.0,3,不採用,41.5
ema_cross(EMA5/20),ema_cross,5,12,全時間,木,なし,直近30分変動大,5,20,1172,66.5,-810.0,5.0,-11.97,0.828,-1065.0,5,519,66.7,-346.0,5.0,-12.0,0.833,-402.0,4,不採用,41.5
ema_cross(EMA5/20),ema_cross,5,12,22時台,月,下降のみ,ATR高,5,20,23,60.9,-36.1,5.0,-11.79,0.66,-56.1,3,6,66.7,-4.0,5.0,-12.0,0.833,-24.0,2,不採用,41.5
ema_cross(EMA5/20),ema_cross,5,15,東京(9-15),金,レンジのみ,なし,5,20,200,74.5,-20.0,5.0,-15.0,0.974,-140.0,3,67,74.6,-5.0,5.0,-15.0,0.98,-90.0,3,不採用,41.5
ema_cross(EMA5/20),ema_cross,5,5,9時台,全曜日,レンジのみ,なし,5,20,337,49.0,-35.0,5.0,-5.0,0.959,-95.0,7,95,49.5,-5.0,5.0,-5.0,0.979,-30.0,5,不採用,41.4
ema_cross(EMA5/20),ema_cross,5,5,10時台,木,下降のみ,なし,5,20,48,43.8,-30.0,5.0,-5.0,0.778,-40.0,5,19,47.4,-5.0,5.0,-5.0,0.9,-25.0,3,不採用,41.4
ema_cross(EMA5/20),ema_cross,5,8,東京(9-15),全曜日,下降のみ,ATR高,5,20,358,58.1,-160.0,5.0,-8.0,0.867,-271.0,5,164,59.8,-38.0,5.0,-8.0,0.928,-62.0,6,不採用,41.4
ema_cross(EMA5/20),ema_cross,5,8,東京(9-15),水,上昇のみ,なし,5,20,265,52.1,-326.0,5.0,-8.0,0.679,-387.0,6,123,57.7,-61.0,5.0,-8.0,0.853,-113.0,4,不採用,41.4
ema_cross(EMA5/20),ema_cross,5,8,ロンドン(16-21),火,下降のみ,直近30分変動大,5,20,93,61.3,-3.0,5.0,-8.0,0.99,-57.0,4,42,61.9,2.0,5.0,-8.0,1.016,-36.0,4,不採用,41.4
ema_cross(EMA5/20),ema_cross,5,8,ロンドン(16-21),水,下降のみ,直近30分変動大,5,20,96,55.2,-79.0,5.0,-8.0,0.77,-109.0,3,53,58.5,-21.0,5.0,-8.0,0.881,-50.0,3,不採用,41.4
ema_cross(EMA5/20),ema_cross,5,8,9時台,全曜日,レンジのみ,直近30分変動大,5,20,139,60.4,-20.0,5.0,-8.0,0.955,-137.0,5,56,60.7,-6.0,5.0,-8.0,0.966,-57.0,3,不採用,41.4
ema_cross(EMA5/20),ema_cross,5,15,全時間,水,下降のみ,なし,5,20,588,72.8,-236.9,5.0,-14.86,0.9,-316.9,4,300,72.3,-160.0,5.0,-15.0,0.871,-270.0,3,不採用,41.4
ema_cross(EMA5/20),ema_cross,5,15,ロンドン(16-21),火,下降のみ,直近30分変動大,5,20,91,70.3,-80.1,5.0,-14.82,0.8,-100.0,3,41,73.2,-15.0,5.0,-15.0,0.909,-55.0,3,不採用,41.4
ema_cross(EMA5/20),ema_cross,5,15,NY(21-24),火,なし,直近30分変動大,5,20,158,63.9,-320.9,5.0,-14.49,0.611,-353.5,3,63,73.0,-21.6,4.9,-14.53,0.913,-95.0,4,不採用,41.4
ema_cross(EMA5/20),ema_cross,5,15,10時台,水,下降のみ,ATR高,5,20,13,76.9,5.0,5.0,-15.0,1.111,-25.0,1,4,75.0,0.0,5.0,-15.0,1.0,-15.0,1,不採用,41.4
ema_cross(EMA5/20),ema_cross,5,8,東京(9-15),全曜日,上昇のみ,なし,5,20,1229,55.6,-953.0,5.0,-8.0,0.782,-1061.0,9,502,57.8,-246.0,5.0,-8.0,0.855,-305.0,9,不採用,41.3
ema_cross(EMA5/20),ema_cross,5,8,東京(9-15),水,上昇のみ,直近30分変動大,5,20,94,52.1,-115.0,5.0,-8.0,0.681,-130.0,5,57,57.9,-27.0,5.0,-8.0,0.859,-87.0,3,不採用,41.3
ema_cross(EMA5/20),ema_cross,5,8,ロンドン(16-21),月,上昇のみ,なし,5,20,233,54.9,-200.0,5.0,-8.0,0.762,-213.0,6,80,58.8,-29.0,5.0,-8.0,0.89,-72.0,4,不採用,41.3
ema_cross(EMA5/20),ema_cross,5,8,NY(21-24),金,下降のみ,なし,5,20,110,54.5,-99.1,4.92,-7.89,0.749,-129.1,6,46,58.7,-13.2,5.0,-7.8,0.911,-69.2,4,不採用,41.3
ema_cross(EMA5/20),ema_cross,5,10,NY(21-24),水,レンジのみ,なし,5,20,56,69.6,25.0,5.0,-10.0,1.147,-40.0,3,22,68.2,5.0,5.0,-10.0,1.071,-45.0,3,不採用,41.3
ema_cross(EMA5/20),ema_cross,5,12,全時間,木,レンジのみ,なし,5,20,605,65.8,-485.2,4.99,-11.94,0.804,-555.2,4,234,67.5,-117.1,5.0,-11.94,0.871,-214.1,4,不採用,41.3
ema_cross(EMA5/20),ema_cross,5,5,東京(9-15),月,なし,直近30分変動大,5,20,278,49.3,-20.0,5.0,-5.0,0.972,-110.0,6,129,49.6,-5.0,5.0,-5.0,0.985,-50.0,6,不採用,41.2
ema_cross(EMA5/20),ema_cross,5,5,ロンドン(16-21),月,順方向のみ,なし,5,20,198,49.0,-20.0,5.0,-5.0,0.96,-90.0,8,74,50.0,0.0,5.0,-5.0,1.0,-40.0,5,不採用,41.2
ema_cross(EMA5/20),ema_cross,5,5,16時台,全曜日,順方向のみ,ATR高,5,20,85,41.2,-75.0,5.0,-5.0,0.7,-110.0,10,35,45.7,-15.0,5.0,-5.0,0.842,-30.0,3,不採用,41.2
ema_cross(EMA5/20),ema_cross,5,8,全時間,木,順方向のみ,ATR低,5,20,218,60.6,-20.6,5.0,-7.91,0.97,-96.0,4,98,61.2,-4.0,5.0,-8.0,0.987,-57.0,5,不採用,41.2
ema_cross(EMA5/20),ema_cross,5,10,東京(9-15),木,下降のみ,ATR低,5,20,59,66.1,-5.0,5.0,-10.0,0.975,-50.0,3,12,66.7,0.0,5.0,-10.0,1.0,-20.0,3,不採用,41.2
ema_cross(EMA5/20),ema_cross,5,10,9時台,月,下降のみ,なし,5,20,31,67.7,5.0,5.0,-10.0,1.05,-30.0,3,15,66.7,0.0,5.0,-10.0,1.0,-30.0,2,不採用,41.2
ema_cross(EMA5/20),ema_cross,5,10,21時台,火,なし,なし,5,20,149,66.4,1.0,5.0,-9.88,1.002,-80.0,4,58,65.5,-10.0,5.0,-10.0,0.95,-55.0,2,不採用,41.2
ema_cross(EMA5/20),ema_cross,5,12,16時台,全曜日,上昇のみ,ATR低,5,20,56,67.9,-13.4,5.0,-11.3,0.934,-43.0,3,24,66.7,-4.9,5.0,-10.61,0.942,-28.9,2,不採用,41.2
ema_cross(EMA5/20),ema_cross,5,15,東京(9-15),全曜日,下降のみ,直近30分変動大,5,20,463,71.9,-285.0,5.0,-15.0,0.854,-345.0,6,213,72.3,-110.6,5.0,-14.93,0.874,-120.6,4,不採用,41.2
ema_cross(EMA5/20),ema_cross,5,15,9時台,金,下降のみ,直近30分変動大,5,20,36,69.4,-40.0,5.0,-15.0,0.758,-55.0,3,7,71.4,-5.0,5.0,-15.0,0.833,-15.0,1,不採用,41.2
ema_cross(EMA5/20),ema_cross,5,5,NY(21-24),月,なし,ATR低,5,20,40,45.0,-16.7,5.0,-4.85,0.843,-35.0,4,18,50.0,-4.6,4.49,-5.0,0.898,-20.0,2,不採用,41.1
ema_cross(EMA5/20),ema_cross,5,5,22時台,全曜日,なし,ATR低,5,20,61,44.3,-19.9,4.91,-4.49,0.87,-39.0,5,40,50.0,-4.6,4.77,-5.0,0.954,-25.0,4,不採用,41.1
ema_cross(EMA5/20),ema_cross,5,8,ロンドン(16-21),月,なし,ATR高,5,20,212,54.2,-201.0,5.0,-8.0,0.741,-215.0,6,76,59.2,-23.0,5.0,-8.0,0.907,-61.0,5,不採用,41.1
ema_cross(EMA5/20),ema_cross,5,8,ロンドン(16-21),水,下降のみ,ATR低,5,20,18,61.1,-1.0,5.0,-8.0,0.982,-28.0,2,5,60.0,-1.0,5.0,-8.0,0.938,-8.0,1,不採用,41.1
ema_cross(EMA5/20),ema_cross,5,8,22時台,全曜日,上昇のみ,ATR高,5,20,179,52.5,-207.4,5.0,-7.97,0.694,-236.4,9,47,57.4,-25.0,5.0,-8.0,0.844,-53.0,3,不採用,41.1
ema_cross(EMA5/20),ema_cross,5,10,東京(9-15),全曜日,なし,ATR低,5,20,984,65.3,-195.0,5.0,-10.0,0.943,-335.0,6,321,64.2,-120.0,5.0,-10.0,0.896,-190.0,6,不採用,41.1
ema_cross(EMA5/20),ema_cross,5,10,ロンドン(16-21),全曜日,下降のみ,ATR高,5,20,472,62.5,-295.0,5.0,-10.0,0.833,-400.0,7,190,64.7,-55.0,5.0,-10.0,0.918,-135.0,6,不採用,41.1
ema_cross(EMA5/20),ema_cross,5,10,16時台,金,レンジのみ,なし,5,20,35,65.7,-5.0,5.0,-10.0,0.958,-30.0,2,17,64.7,-5.0,5.0,-10.0,0.917,-10.0,1,不採用,41.1
ema_cross(EMA5/20),ema_cross,5,10,21時台,水,順方向のみ,ATR低,5,20,8,37.5,-21.2,5.0,-7.24,0.414,-20.8,4,5,60.0,-5.0,5.0,-10.0,0.75,-10.0,1,不採用,41.1
ema_cross(EMA5/20),ema_cross,5,15,東京(9-15),木,下降のみ,直近30分変動大,5,20,123,73.2,-45.0,5.0,-15.0,0.909,-125.0,3,60,73.3,-20.0,5.0,-15.0,0.917,-70.0,2,不採用,41.1
ema_cross(EMA5/20),ema_cross,5,5,16時台,全曜日,下降のみ,ATR高,5,20,112,40.2,-110.0,5.0,-5.0,0.672,-120.0,8,47,46.8,-15.0,5.0,-5.0,0.88,-45.0,4,不採用,41.0
ema_cross(EMA5/20),ema_cross,5,8,ロンドン(16-21),木,なし,ATR低,5,20,66,66.7,44.0,5.0,-8.0,1.25,-33.0,3,32,62.5,4.0,5.0,-8.0,1.042,-21.0,2,不採用,41.0
ema_cross(EMA5/20),ema_cross,5,12,NY(21-24),火,なし,直近30分変動大,5,20,160,61.3,-238.5,5.0,-11.75,0.673,-261.5,3,65,67.7,-27.0,5.0,-11.76,0.891,-88.0,4,不採用,41.0
ema_cross(EMA5/20),ema_cross,5,5,ロンドン(16-21),水,なし,ATR高,5,20,244,42.2,-190.0,5.0,-5.0,0.73,-215.0,7,92,47.8,-20.0,5.0,-5.0,0.917,-50.0,6,不採用,40.9
ema_cross(EMA5/20),ema_cross,5,8,全時間,金,レンジのみ,ATR高,5,20,256,59.0,-85.0,5.0,-8.0,0.899,-199.0,8,62,59.7,-15.0,5.0,-8.0,0.925,-49.0,3,不採用,40.9
ema_cross(EMA5/20),ema_cross,5,8,東京(9-15),金,下降のみ,直近30分変動大,5,20,112,51.8,-142.0,5.0,-8.0,0.671,-152.0,5,47,57.4,-25.0,5.0,-8.0,0.844,-63.0,3,不採用,40.9
ema_cross(EMA5/20),ema_cross,5,10,全時間,全曜日,レンジのみ,ATR低,5,20,1010,61.3,-730.8,4.98,-9.75,0.808,-832.0,6,400,61.5,-242.2,5.0,-9.56,0.835,-293.0,5,不採用,40.9
ema_cross(EMA5/20),ema_cross,5,12,NY(21-24),全曜日,上昇のみ,直近30分変動大,5,20,301,65.4,-240.2,5.0,-11.78,0.804,-283.2,4,124,67.7,-64.6,4.95,-12.0,0.865,-99.0,3,不採用,40.9
ema_cross(EMA5/20),ema_cross,5,5,全時間,木,レンジのみ,なし,5,20,824,46.6,-280.0,5.0,-5.0,0.873,-325.0,10,292,47.6,-70.0,5.0,-5.0,0.908,-160.0,8,不採用,40.8
ema_cross(EMA5/20),ema_cross,5,5,ロンドン(16-21),水,下降のみ,ATR高,5,20,87,37.9,-105.0,5.0,-5.0,0.611,-120.0,10,54,46.3,-20.0,5.0,-5.0,0.862,-45.0,4,不採用,40.8
ema_cross(EMA5/20),ema_cross,5,8,ロンドン(16-21),全曜日,なし,直近30分変動大,5,20,1371,57.4,-730.5,5.0,-7.99,0.843,-858.5,8,595,57.5,-314.0,5.0,-8.0,0.845,-347.0,6,不採用,40.8
ema_cross(EMA5/20),ema_cross,5,8,9時台,火,上昇のみ,ATR低,5,20,26,53.8,-26.0,5.0,-8.0,0.729,-41.0,4,14,57.1,-8.0,5.0,-8.0,0.833,-16.0,2,不採用,40.8
ema_cross(EMA5/20),ema_cross,5,10,全時間,木,なし,直近30分変動大,5,20,1199,61.4,-941.0,5.0,-9.98,0.796,-1140.0,8,526,62.5,-325.0,5.0,-10.0,0.835,-365.0,6,不採用,40.8
ema_cross(EMA5/20),ema_cross,5,10,ロンドン(16-21),全曜日,下降のみ,なし,5,20,875,63.9,-365.0,5.0,-10.0,0.884,-440.0,7,364,63.5,-175.0,5.0,-10.0,0.868,-225.0,6,不採用,40.8
ema_cross(EMA5/20),ema_cross,5,10,NY(21-24),金,順方向のみ,直近30分変動大,5,20,64,54.7,-115.0,5.0,-10.0,0.603,-120.0,4,19,63.2,-10.0,5.0,-10.0,0.857,-40.0,3,不採用,40.8
ema_cross(EMA5/20),ema_cross,5,12,9時台,月,なし,なし,5,20,143,71.3,18.0,5.0,-12.0,1.037,-78.0,3,54,70.4,-2.0,5.0,-12.0,0.99,-57.0,3,不採用,40.8
ema_cross(EMA5/20),ema_cross,5,15,ロンドン(16-21),水,下降のみ,ATR高,5,20,70,72.9,-30.0,5.0,-15.0,0.895,-100.0,2,49,73.5,-15.0,5.0,-15.0,0.923,-95.0,2,不採用,40.8
ema_cross(EMA5/20),ema_cross,5,15,ロンドン(16-21),金,なし,直近30分変動大,5,20,241,69.7,-241.5,5.0,-14.82,0.777,-276.5,3,108,72.2,-60.0,5.0,-15.0,0.867,-115.0,3,不採用,40.8
ema_cross(EMA5/20),ema_cross,5,15,NY(21-24),金,順方向のみ,なし,5,20,111,67.6,-133.1,5.0,-14.11,0.738,-178.1,3,37,70.3,-22.9,5.0,-13.9,0.85,-80.0,2,不採用,40.8
ema_cross(EMA5/20),ema_cross,5,5,全時間,水,下降のみ,ATR高,5,20,326,40.5,-310.0,5.0,-5.0,0.68,-330.0,8,156,46.2,-60.0,5.0,-5.0,0.857,-85.0,6,不採用,40.7
ema_cross(EMA5/20),ema_cross,5,5,NY(21-24),水,レンジのみ,ATR高,5,20,31,51.6,5.0,5.0,-5.0,1.067,-25.0,4,4,50.0,0.0,5.0,-5.0,1.0,-10.0,2,不採用,40.7
ema_cross(EMA5/20),ema_cross,5,8,全時間,木,下降のみ,ATR低,5,20,148,56.8,-85.4,5.0,-7.9,0.831,-113.4,3,57,59.6,-14.0,5.0,-8.0,0.924,-55.0,4,不採用,40.7
ema_cross(EMA5/20),ema_cross,5,8,東京(9-15),水,順方向のみ,なし,5,20,202,57.9,-95.0,5.0,-8.0,0.86,-100.0,4,78,60.3,-13.0,5.0,-8.0,0.948,-51.0,5,不採用,40.7
ema_cross(EMA5/20),ema_cross,5,8,9時台,水,レンジのみ,なし,5,20,55,49.1,-89.0,5.0,-8.0,0.603,-104.0,4,28,57.1,-16.0,5.0,-8.0,0.833,-29.0,3,不採用,40.7
ema_cross(EMA5/20),ema_cross,5,10,ロンドン(16-21),全曜日,上昇のみ,ATR低,5,20,218,64.7,-31.7,5.0,-9.57,0.957,-101.1,6,95,64.2,-24.2,5.0,-9.68,0.926,-65.0,3,不採用,40.7
ema_cross(EMA5/20),ema_cross,5,10,ロンドン(16-21),月,なし,ATR高,5,20,201,57.2,-281.8,5.0,-9.96,0.671,-310.0,10,71,64.8,-20.0,5.0,-10.0,0.92,-85.0,5,不採用,40.7
ema_cross(EMA5/20),ema_cross,5,15,全時間,月,なし,ATR低,5,20,388,66.0,-621.6,4.97,-14.34,0.672,-666.8,7,133,71.4,-99.6,4.95,-15.0,0.825,-155.0,3,不採用,40.7
ema_cross(EMA5/20),ema_cross,5,5,10時台,全曜日,レンジのみ,ATR高,5,20,74,56.8,50.0,5.0,-5.0,1.312,-25.0,5,36,52.8,10.0,5.0,-5.0,1.118,-25.0,4,不採用,40.6
ema_cross(EMA5/20),ema_cross,5,8,東京(9-15),水,なし,ATR低,5,20,234,61.5,0.0,5.0,-8.0,1.0,-143.0,5,78,60.3,-13.0,5.0,-8.0,0.948,-54.0,3,不採用,40.6
ema_cross(EMA5/20),ema_cross,5,8,東京(9-15),木,レンジのみ,なし,5,20,208,59.1,-65.0,5.0,-8.0,0.904,-149.0,6,77,59.7,-18.0,5.0,-8.0,0.927,-93.0,3,不採用,40.6
ema_cross(EMA5/20),ema_cross,5,8,ロンドン(16-21),全曜日,なし,ATR高,5,20,1184,59.4,-333.0,5.0,-8.0,0.913,-392.0,8,417,58.0,-190.0,5.0,-8.0,0.864,-227.0,7,不採用,40.6
ema_cross(EMA5/20),ema_cross,5,8,NY(21-24),月,上昇のみ,ATR低,5,20,18,61.1,9.1,5.0,-6.56,1.198,-24.9,4,8,62.5,1.0,5.0,-8.0,1.042,-16.0,2,不採用,40.6
ema_cross(EMA5/20),ema_cross,5,8,9時台,月,順方向のみ,ATR高,5,20,11,63.6,3.0,5.0,-8.0,1.094,-16.0,2,13,61.5,0.0,5.0,-8.0,1.0,-19.0,2,不採用,40.6
ema_cross(EMA5/20),ema_cross,5,10,21時台,月,下降のみ,なし,5,20,44,54.5,-74.4,5.0,-9.72,0.617,-95.0,3,18,61.1,-15.0,5.0,-10.0,0.786,-25.0,2,不採用,40.6
ema_cross(EMA5/20),ema_cross,5,10,21時台,金,順方向のみ,直近30分変動大,5,20,34,55.9,-55.0,5.0,-10.0,0.633,-65.0,4,13,61.5,-10.0,5.0,-10.0,0.8,-35.0,2,不採用,40.6
ema_cross(EMA5/20),ema_cross,5,12,10時台,全曜日,上昇のみ,直近30分変動大,5,20,113,69.0,-30.0,5.0,-12.0,0.929,-147.0,4,51,68.6,-17.0,5.0,-12.0,0.911,-42.0,2,不採用,40.6
ema_cross(EMA5/20),ema_cross,5,12,16時台,金,上昇のみ,なし,5,20,52,55.8,-111.4,5.0,-11.15,0.566,-104.4,3,26,65.4,-23.0,5.0,-12.0,0.787,-32.0,2,不採用,40.6
ema_cross(EMA5/20),ema_cross,5,15,東京(9-15),月,なし,ATR高,5,20,166,72.9,-70.0,5.0,-15.0,0.896,-165.0,5,71,73.2,-25.0,5.0,-15.0,0.912,-45.0,3,不採用,40.6
ema_cross(EMA5/20),ema_cross,5,15,ロンドン(16-21),全曜日,上昇のみ,ATR高,5,20,349,71.3,-223.3,5.0,-14.68,0.848,-335.0,4,112,73.2,-40.0,5.0,-15.0,0.911,-180.0,3,不採用,40.6
ema_cross(EMA5/20),ema_cross,5,5,全時間,火,レンジのみ,ATR低,5,20,302,43.4,-200.0,5.0,-5.0,0.766,-240.0,9,113,47.8,-25.0,5.0,-5.0,0.915,-110.0,6,不採用,40.5
ema_cross(EMA5/20),ema_cross,5,5,東京(9-15),水,なし,ATR高,5,20,176,44.9,-90.0,5.0,-5.0,0.814,-120.0,9,70,47.1,-20.0,5.0,-5.0,0.892,-30.0,4,不採用,40.5
ema_cross(EMA5/20),ema_cross,5,5,東京(9-15),木,上昇のみ,直近30分変動大,5,20,94,37.2,-120.0,5.0,-5.0,0.593,-135.0,8,44,47.7,-10.0,5.0,-5.0,0.913,-35.0,5,不採用,40.5
ema_cross(EMA5/20),ema_cross,5,5,東京(9-15),木,レンジのみ,ATR高,5,20,51,52.9,15.0,5.0,-5.0,1.125,-30.0,4,20,50.0,0.0,5.0,-5.0,1.0,-15.0,2,不採用,40.5
ema_cross(EMA5/20),ema_cross,5,5,東京(9-15),金,なし,ATR高,5,20,240,46.7,-80.0,5.0,-5.0,0.875,-145.0,7,79,49.4,-5.0,5.0,-5.0,0.975,-50.0,6,不採用,40.5
ema_cross(EMA5/20),ema_cross,5,5,ロンドン(16-21),金,なし,ATR低,5,20,94,45.7,-40.0,5.0,-5.0,0.843,-55.0,5,45,48.9,-5.0,5.0,-5.0,0.957,-35.0,5,不採用,40.5
ema_cross(EMA5/20),ema_cross,5,8,東京(9-15),月,なし,なし,5,20,624,60.3,-104.0,5.0,-8.0,0.948,-229.0,6,246,59.3,-70.0,5.0,-8.0,0.912,-137.0,6,不採用,40.5
ema_cross(EMA5/20),ema_cross,5,8,ロンドン(16-21),全曜日,下降のみ,なし,5,20,951,58.6,-367.0,5.0,-8.0,0.884,-453.0,6,395,57.7,-196.0,5.0,-8.0,0.853,-252.0,6,不採用,40.5
ema_cross(EMA5/20),ema_cross,5,8,NY(21-24),全曜日,上昇のみ,ATR高,5,20,293,54.3,-273.0,5.0,-7.97,0.744,-337.0,6,67,58.2,-29.0,5.0,-8.0,0.871,-60.0,4,不採用,40.5
ema_cross(EMA5/20),ema_cross,5,10,NY(21-24),月,なし,直近30分変動大,5,20,119,66.4,0.3,5.0,-9.87,1.001,-80.0,4,46,65.2,-10.0,5.0,-10.0,0.938,-35.0,2,不採用,40.5
ema_cross(EMA5/20),ema_cross,5,12,NY(21-24),火,下降のみ,ATR高,5,20,61,59.0,-120.0,5.0,-12.0,0.6,-161.0,4,11,63.6,-13.0,5.0,-12.0,0.729,-21.0,1,不採用,40.5
ema_cross(EMA5/20),ema_cross,5,5,全時間,火,順方向のみ,ATR低,5,20,395,39.0,-435.0,5.0,-5.0,0.639,-450.0,11,123,45.5,-55.0,5.0,-5.0,0.836,-75.0,5,不採用,40.4
ema_cross(EMA5/20),ema_cross,5,5,ロンドン(16-21),金,なし,なし,5,20,632,46.7,-210.0,5.0,-5.0,0.875,-230.0,9,275,47.6,-65.0,5.0,-5.0,0.91,-150.0,8,不採用,40.4
ema_cross(EMA5/20),ema_cross,5,8,東京(9-15),全曜日,下降のみ,なし,5,20,1060,61.2,-43.0,5.0,-8.0,0.987,-245.0,7,443,57.8,-216.0,5.0,-8.0,0.856,-251.0,6,不採用,40.4
ema_cross(EMA5/20),ema_cross,5,10,全時間,月,なし,ATR低,5,20,433,62.1,-276.3,4.99,-9.86,0.829,-356.3,5,149,64.4,-54.6,4.95,-10.0,0.897,-100.0,5,不採用,40.4
ema_cross(EMA5/20),ema_cross,5,10,9時台,全曜日,レンジのみ,なし,5,20,291,68.7,90.0,5.0,-10.0,1.099,-120.0,5,93,66.7,0.0,5.0,-10.0,1.0,-70.0,4,不採用,40.4
ema_cross(EMA5/20),ema_cross,5,10,16時台,全曜日,なし,ATR高,5,20,273,63.4,-135.0,5.0,-10.0,0.865,-175.0,6,113,64.6,-35.0,5.0,-10.0,0.912,-105.0,4,不採用,40.4
ema_cross(EMA5/20),ema_cross,5,10,21時台,水,上昇のみ,直近30分変動大,5,20,15,66.7,0.0,5.0,-10.0,1.0,-20.0,2,9,66.7,0.0,5.0,-10.0,1.0,-30.0,3,不採用,40.4
ema_cross(EMA5/20),ema_cross,5,12,全時間,水,レンジのみ,ATR高,5,20,186,66.1,-141.0,5.0,-12.0,0.813,-154.0,5,67,68.7,-22.0,5.0,-12.0,0.913,-79.0,4,不採用,40.4
ema_cross(EMA5/20),ema_cross,5,12,9時台,火,順方向のみ,なし,5,20,34,79.4,51.0,5.0,-12.0,1.607,-26.0,1,15,73.3,7.0,5.0,-12.0,1.146,-24.0,2,不採用,40.4
ema_cross(EMA5/20),ema_cross,5,12,16時台,木,下降のみ,直近30分変動大,5,20,29,65.5,-25.0,5.0,-12.0,0.792,-81.0,4,9,66.7,-6.0,5.0,-12.0,0.833,-12.0,1,不採用,40.4
ema_cross(EMA5/20),ema_cross,5,15,東京(9-15),全曜日,上昇のみ,ATR高,5,20,236,72.9,-100.0,5.0,-15.0,0.896,-245.0,5,106,73.6,-30.0,5.0,-15.0,0.929,-100.0,4,不採用,40.4
ema_cross(EMA5/20),ema_cross,5,15,東京(9-15),全曜日,下降のみ,なし,5,20,882,74.5,-80.3,5.0,-14.96,0.976,-355.0,4,368,72.3,-195.6,5.0,-14.96,0.872,-215.6,5,不採用,40.4
ema_cross(EMA5/20),ema_cross,5,5,ロンドン(16-21),金,順方向のみ,ATR高,5,20,76,39.5,-80.0,5.0,-5.0,0.652,-80.0,10,27,48.1,-5.0,5.0,-5.0,0.929,-30.0,5,不採用,40.3
ema_cross(EMA5/20),ema_cross,5,5,NY(21-24),月,下降のみ,ATR高,5,20,58,39.7,-60.0,5.0,-5.0,0.657,-75.0,7,11,45.5,-5.0,5.0,-5.0,0.833,-20.0,3,不採用,40.3
ema_cross(EMA5/20),ema_cross,5,5,22時台,水,レンジのみ,ATR高,5,20,23,52.2,5.0,5.0,-5.0,1.091,-20.0,4,4,50.0,0.0,5.0,-5.0,1.0,-10.0,2,不採用,40.3
ema_cross(EMA5/20),ema_cross,5,8,ロンドン(16-21),水,なし,ATR低,5,20,93,60.2,-9.7,5.0,-7.83,0.967,-77.7,3,33,60.6,-4.0,5.0,-8.0,0.962,-33.0,3,不採用,40.3
ema_cross(EMA5/20),ema_cross,5,8,22時台,月,なし,なし,5,20,120,55.0,-92.7,4.91,-7.71,0.777,-128.5,4,51,58.8,-22.6,4.85,-8.0,0.865,-46.0,3,不採用,40.3
ema_cross(EMA5/20),ema_cross,5,8,22時台,木,上昇のみ,ATR高,5,20,45,51.1,-61.0,5.0,-8.0,0.653,-71.0,4,9,55.6,-7.0,5.0,-8.0,0.781,-19.0,2,不採用,40.3
ema_cross(EMA5/20),ema_cross,5,10,ロンドン(16-21),木,順方向のみ,なし,5,20,185,60.0,-185.0,5.0,-10.0,0.75,-270.0,5,76,63.2,-40.0,5.0,-10.0,0.857,-105.0,3,不採用,40.3
ema_cross(EMA5/20),ema_cross,5,12,東京(9-15),火,レンジのみ,なし,5,20,177,69.5,-33.0,5.0,-12.0,0.949,-97.0,4,81,69.1,-20.0,5.0,-12.0,0.933,-80.0,3,不採用,40.3
ema_cross(EMA5/20),ema_cross,5,12,ロンドン(16-21),木,なし,ATR低,5,20,59,74.6,37.0,4.9,-11.92,1.207,-74.8,5,30,66.7,1.3,5.0,-9.87,1.013,-18.0,2,不採用,40.3
ema_cross(EMA5/20),ema_cross,5,12,22時台,月,レンジのみ,直近30分変動大,5,20,21,76.2,20.0,5.0,-12.0,1.333,-38.0,2,7,71.4,1.0,5.0,-12.0,1.042,-12.0,1,不採用,40.3
ema_cross(EMA5/20),ema_cross,5,5,22時台,全曜日,上昇のみ,直近30分変動大,5,20,158,31.6,-290.0,5.0,-5.0,0.463,-300.0,8,73,46.6,-25.0,5.0,-5.0,0.872,-50.0,5,不採用,40.2
ema_cross(EMA5/20),ema_cross,5,8,NY(21-24),火,順方向のみ,ATR高,5,20,54,40.7,-142.0,5.0,-7.88,0.437,-174.0,9,9,55.6,-7.0,5.0,-8.0,0.781,-27.0,2,不採用,40.2
ema_cross(EMA5/20),ema_cross,5,8,22時台,全曜日,なし,なし,5,20,699,53.4,-700.6,4.97,-7.84,0.726,-715.6,9,284,57.0,-161.6,4.97,-7.93,0.833,-197.2,6,不採用,40.2
ema_cross(EMA5/20),ema_cross,5,15,ロンドン(16-21),水,下降のみ,直近30分変動大,5,20,86,74.4,-10.0,5.0,-15.0,0.97,-70.0,2,51,74.5,-5.0,5.0,-15.0,0.974,-105.0,3,不採用,40.2
ema_cross(EMA5/20),ema_cross,5,5,9時台,金,レンジのみ,なし,5,20,72,51.4,10.0,5.0,-5.0,1.057,-35.0,5,20,50.0,0.0,5.0,-5.0,1.0,-15.0,3,不採用,40.1
ema_cross(EMA5/20),ema_cross,5,5,16時台,火,順方向のみ,なし,5,20,52,34.6,-80.0,5.0,-5.0,0.529,-100.0,8,15,46.7,-5.0,5.0,-5.0,0.875,-20.0,4,不採用,40.1
ema_cross(EMA5/20),ema_cross,5,8,21時台,月,順方向のみ,なし,5,20,44,70.5,51.0,5.0,-8.0,1.49,-22.0,2,17,64.7,7.0,5.0,-8.0,1.146,-27.0,3,不採用,40.1
ema_cross(EMA5/20),ema_cross,5,10,全時間,火,レンジのみ,なし,5,20,599,64.3,-208.2,5.0,-9.97,0.902,-335.0,6,275,63.6,-119.0,5.0,-9.94,0.88,-205.0,5,不採用,40.1
ema_cross(EMA5/20),ema_cross,5,10,9時台,金,下降のみ,ATR低,5,20,17,70.6,10.0,5.0,-10.0,1.2,-35.0,2,3,66.7,0.0,5.0,-10.0,1.0,-10.0,1,不採用,40.1
ema_cross(EMA5/20),ema_cross,5,10,21時台,火,下降のみ,ATR高,5,20,24,70.8,15.0,5.0,-10.0,1.214,-25.0,2,3,66.7,0.0,5.0,-10.0,1.0,0.0,1,不採用,40.1
ema_cross(EMA5/20),ema_cross,5,10,22時台,木,なし,直近30分変動大,5,20,74,59.5,-71.0,5.0,-9.7,0.756,-120.0,4,24,62.5,-15.0,5.0,-10.0,0.833,-25.0,2,不採用,40.1
ema_cross(EMA5/20),ema_cross,5,12,10時台,全曜日,下降のみ,ATR高,5,20,87,73.6,44.0,5.0,-12.0,1.159,-48.0,4,34,70.6,0.0,5.0,-12.0,1.0,-43.0,2,不採用,40.1
ema_cross(EMA5/20),ema_cross,5,15,東京(9-15),全曜日,順方向のみ,なし,5,20,968,73.6,-263.2,4.99,-14.92,0.931,-390.3,6,377,71.9,-235.0,5.0,-15.0,0.852,-265.0,4,不採用,40.1
ema_cross(EMA5/20),ema_cross,5,15,東京(9-15),月,レンジのみ,ATR低,5,20,51,78.4,35.0,5.0,-15.0,1.212,-40.0,2,8,75.0,0.0,5.0,-15.0,1.0,-15.0,1,不採用,40.1
ema_cross(EMA5/20),ema_cross,5,15,10時台,全曜日,レンジのみ,直近30分変動大,5,20,95,73.7,-25.0,5.0,-15.0,0.933,-95.0,3,45,73.3,-15.0,5.0,-15.0,0.917,-65.0,2,不採用,40.1
ema_cross(EMA5/20),ema_cross,5,5,16時台,金,なし,なし,5,20,158,44.3,-90.0,5.0,-5.0,0.795,-100.0,7,65,47.7,-15.0,5.0,-5.0,0.912,-50.0,5,不採用,40.0
ema_cross(EMA5/20),ema_cross,5,8,9時台,月,なし,ATR高,5,20,48,62.5,6.0,5.0,-8.0,1.042,-40.0,5,29,62.1,2.0,5.0,-8.0,1.023,-38.0,4,不採用,40.0
ema_cross(EMA5/20),ema_cross,5,8,9時台,水,順方向のみ,直近30分変動大,5,20,9,66.7,6.0,5.0,-8.0,1.25,-11.0,1,8,62.5,1.0,5.0,-8.0,1.042,-8.0,2,不採用,40.0
ema_cross(EMA5/20),ema_cross,5,8,16時台,火,なし,直近30分変動大,5,20,66,60.6,-8.0,5.0,-8.0,0.962,-82.0,9,31,61.3,-1.0,5.0,-8.0,0.99,-42.0,4,不採用,40.0
ema_cross(EMA5/20),ema_cross,5,8,16時台,水,順方向のみ,ATR高,5,20,18,66.7,12.0,5.0,-8.0,1.25,-30.0,3,8,62.5,1.0,5.0,-8.0,1.042,-8.0,2,不採用,40.0
ema_cross(EMA5/20),ema_cross,5,10,22時台,金,下降のみ,なし,5,20,44,56.8,-69.8,4.81,-10.0,0.633,-84.8,4,23,60.9,-14.2,5.0,-9.36,0.831,-49.2,3,不採用,40.0
ema_cross(EMA5/20),ema_cross,5,12,全時間,金,上昇のみ,なし,5,20,814,65.7,-627.9,5.0,-11.84,0.81,-730.1,7,371,66.8,-233.7,4.98,-11.94,0.841,-290.6,5,不採用,40.0
ema_cross(EMA5/20),ema_cross,5,15,ロンドン(16-21),火,なし,直近30分変動大,5,20,257,73.9,-50.1,5.0,-14.93,0.95,-155.0,4,121,72.7,-55.0,5.0,-15.0,0.889,-115.0,2,不採用,40.0
ema_cross(EMA5/20),ema_cross,5,5,全時間,月,上昇のみ,ATR高,5,20,181,39.2,-195.0,5.0,-5.0,0.645,-205.0,7,94,44.7,-50.0,5.0,-5.0,0.808,-75.0,4,不採用,39.9
ema_cross(EMA5/20),ema_cross,5,5,東京(9-15),金,レンジのみ,直近30分変動大,5,20,117,47.9,-25.0,5.0,-5.0,0.918,-70.0,6,41,48.8,-5.0,5.0,-5.0,0.952,-25.0,4,不採用,39.9
ema_cross(EMA5/20),ema_cross,5,5,ロンドン(16-21),全曜日,なし,直近30分変動大,5,20,1377,44.2,-795.0,5.0,-5.0,0.793,-850.0,8,598,45.2,-290.0,5.0,-5.0,0.823,-360.0,7,不採用,39.9
ema_cross(EMA5/20),ema_cross,5,8,ロンドン(16-21),全曜日,下降のみ,直近30分変動大,5,20,494,56.7,-312.0,5.0,-8.0,0.818,-387.0,8,207,58.5,-83.0,5.0,-8.0,0.879,-120.0,6,不採用,39.9
ema_cross(EMA5/20),ema_cross,5,8,16時台,全曜日,下降のみ,ATR高,5,20,108,59.3,-32.0,5.0,-8.0,0.909,-78.0,4,47,59.6,-12.0,5.0,-8.0,0.921,-44.0,3,不採用,39.9
ema_cross(EMA5/20),ema_cross,5,10,東京(9-15),全曜日,レンジのみ,ATR高,5,20,239,68.2,55.0,5.0,-10.0,1.072,-80.0,3,88,65.9,-10.0,5.0,-10.0,0.967,-95.0,3,不採用,39.9
ema_cross(EMA5/20),ema_cross,5,12,東京(9-15),火,順方向のみ,直近30分変動大,5,20,54,57.4,-121.0,5.0,-12.0,0.562,-137.0,4,20,65.0,-19.0,5.0,-12.0,0.774,-45.0,2,不採用,39.9
ema_cross(EMA5/20),ema_cross,5,12,NY(21-24),全曜日,下降のみ,ATR低,5,20,31,61.3,-21.1,5.0,-9.67,0.818,-42.0,3,18,66.7,-8.8,4.62,-10.7,0.863,-21.0,2,不採用,39.9
ema_cross(EMA5/20),ema_cross,5,5,21時台,水,レンジのみ,ATR低,5,20,6,33.3,-10.0,5.0,-5.0,0.5,-10.0,2,7,42.9,-5.0,5.0,-5.0,0.75,-10.0,2,不採用,39.8
ema_cross(EMA5/20),ema_cross,5,8,16時台,火,レンジのみ,直近30分変動大,5,20,17,64.7,7.0,5.0,-8.0,1.146,-20.0,2,13,61.5,0.0,5.0,-8.0,1.0,-16.0,2,不採用,39.8
ema_cross(EMA5/20),ema_cross,5,10,全時間,水,なし,ATR高,5,20,759,61.7,-570.0,5.0,-10.0,0.804,-615.0,6,308,62.7,-185.0,5.0,-10.0,0.839,-220.0,5,不採用,39.8
ema_cross(EMA5/20),ema_cross,5,15,ロンドン(16-21),全曜日,下降のみ,なし,5,20,784,70.4,-715.1,5.0,-14.98,0.794,-810.0,6,326,71.5,-222.0,5.0,-14.91,0.84,-300.0,4,不採用,39.8
ema_cross(EMA5/20),ema_cross,5,5,16時台,全曜日,上昇のみ,なし,5,20,324,46.3,-120.0,5.0,-5.0,0.862,-160.0,9,139,48.9,-15.0,5.0,-5.0,0.958,-50.0,8,不採用,39.7
ema_cross(EMA5/20),ema_cross,5,5,16時台,全曜日,順方向のみ,なし,5,20,225,44.4,-125.0,5.0,-5.0,0.8,-170.0,5,91,47.3,-25.0,5.0,-5.0,0.896,-70.0,5,不採用,39.7
ema_cross(EMA5/20),ema_cross,5,8,ロンドン(16-21),全曜日,上昇のみ,ATR低,5,20,229,59.8,-33.1,5.0,-7.81,0.954,-107.7,5,103,61.2,-5.0,5.0,-8.0,0.984,-78.0,6,不採用,39.7
ema_cross(EMA5/20),ema_cross,5,8,ロンドン(16-21),木,レンジのみ,ATR高,5,20,68,57.4,-37.0,5.0,-8.0,0.841,-79.0,6,15,60.0,-3.0,5.0,-8.0,0.938,-35.0,4,不採用,39.7
ema_cross(EMA5/20),ema_cross,5,8,22時台,木,レンジのみ,なし,5,20,29,44.8,-63.0,5.0,-8.0,0.508,-73.0,4,11,54.5,-10.0,5.0,-8.0,0.75,-16.0,2,不採用,39.7
ema_cross(EMA5/20),ema_cross,5,10,全時間,木,なし,なし,5,20,2272,63.7,-990.2,5.0,-9.97,0.88,-1181.6,6,954,64.3,-333.0,5.0,-9.96,0.902,-470.0,6,不採用,39.7
ema_cross(EMA5/20),ema_cross,5,10,NY(21-24),火,レンジのみ,なし,5,20,62,74.2,70.0,5.0,-10.0,1.438,-50.0,3,27,66.7,6.0,5.0,-9.33,1.071,-25.0,2,不採用,39.7
ema_cross(EMA5/20),ema_cross,5,10,10時台,金,下降のみ,なし,5,20,28,67.9,5.0,5.0,-10.0,1.056,-30.0,2,15,66.7,0.0,5.0,-10.0,1.0,-25.0,3,不採用,39.7
ema_cross(EMA5/20),ema_cross,5,12,NY(21-24),月,上昇のみ,ATR低,5,20,18,61.1,15.2,5.0,-5.69,1.382,-29.4,4,7,71.4,1.0,5.0,-12.0,1.042,-14.0,1,不採用,39.7
ema_cross(EMA5/20),ema_cross,5,12,22時台,金,レンジのみ,なし,5,20,38,68.4,-7.8,5.0,-11.48,0.943,-42.8,2,18,66.7,-2.8,5.0,-10.47,0.955,-38.0,3,不採用,39.7
ema_cross(EMA5/20),ema_cross,5,5,全時間,月,下降のみ,ATR低,5,20,161,46.0,-65.0,5.0,-5.0,0.851,-95.0,7,61,49.2,-9.6,4.85,-5.0,0.938,-60.0,5,不採用,39.6
ema_cross(EMA5/20),ema_cross,5,5,9時台,全曜日,下降のみ,ATR低,5,20,76,60.5,80.0,5.0,-5.0,1.533,-20.0,4,15,53.3,5.0,5.0,-5.0,1.143,-15.0,3,不採用,39.6
ema_cross(EMA5/20),ema_cross,5,10,全時間,水,なし,直近30分変動大,5,20,1020,61.7,-765.0,5.0,-10.0,0.804,-775.0,6,533,62.1,-365.0,5.0,-10.0,0.819,-390.0,5,不採用,39.6
ema_cross(EMA5/20),ema_cross,5,10,東京(9-15),全曜日,なし,ATR高,5,20,830,65.9,-95.0,5.0,-10.0,0.966,-300.0,5,364,63.7,-160.0,5.0,-10.0,0.879,-250.0,6,不採用,39.6
ema_cross(EMA5/20),ema_cross,5,10,21時台,水,レンジのみ,ATR低,5,20,6,50.0,-15.0,5.0,-10.0,0.5,-25.0,2,5,60.0,-5.0,5.0,-10.0,0.75,-10.0,2,不採用,39.6
ema_cross(EMA5/20),ema_cross,5,10,22時台,水,レンジのみ,なし,5,20,33,69.7,15.0,5.0,-10.0,1.15,-60.0,2,12,66.7,0.0,5.0,-10.0,1.0,-20.0,2,不採用,39.6
ema_cross(EMA5/20),ema_cross,5,12,全時間,木,レンジのみ,ATR低,5,20,180,59.4,-345.6,4.96,-12.0,0.605,-390.6,5,69,66.7,-41.1,5.0,-11.79,0.848,-92.1,4,不採用,39.6
ema_cross(EMA5/20),ema_cross,5,12,東京(9-15),火,レンジのみ,ATR低,5,20,73,69.9,-9.0,5.0,-12.0,0.966,-54.0,3,27,70.4,-1.0,5.0,-12.0,0.99,-50.0,4,不採用,39.6
ema_cross(EMA5/20),ema_cross,5,12,16時台,金,上昇のみ,直近30分変動大,5,20,28,64.3,-19.5,5.0,-10.95,0.822,-28.0,4,12,66.7,-8.0,5.0,-12.0,0.833,-19.0,1,不採用,39.6
ema_cross(EMA5/20),ema_cross,5,15,全時間,木,下降のみ,ATR高,5,20,421,72.4,-210.3,5.0,-14.96,0.879,-340.0,5,128,72.7,-60.0,5.0,-15.0,0.886,-140.0,3,不採用,39.6
ema_cross(EMA5/20),ema_cross,5,15,NY(21-24),水,なし,ATR高,5,20,118,64.4,-221.0,5.0,-14.31,0.632,-246.0,3,45,71.1,-35.0,5.0,-15.0,0.821,-80.0,3,不採用,39.6
ema_cross(EMA5/20),ema_cross,5,5,東京(9-15),金,上昇のみ,ATR高,5,20,60,40.0,-60.0,5.0,-5.0,0.667,-60.0,5,23,47.8,-5.0,5.0,-5.0,0.917,-45.0,5,不採用,39.5
ema_cross(EMA5/20),ema_cross,5,5,16時台,全曜日,なし,ATR高,5,20,292,41.4,-250.0,5.0,-5.0,0.708,-260.0,13,124,49.2,-10.0,5.0,-5.0,0.968,-55.0,9,不採用,39.5
ema_cross(EMA5/20),ema_cross,5,8,21時台,水,なし,ATR高,5,20,53,43.4,-125.0,5.0,-8.0,0.479,-127.0,7,16,56.2,-11.0,5.0,-8.0,0.804,-26.0,3,不採用,39.5
ema_cross(EMA5/20),ema_cross,5,12,21時台,全曜日,上昇のみ,なし,5,20,314,72.6,164.0,5.0,-11.35,1.168,-86.9,4,120,69.2,-22.6,5.0,-11.83,0.948,-62.6,3,不採用,39.5
ema_cross(EMA5/20),ema_cross,5,12,22時台,金,順方向のみ,なし,5,20,54,55.6,-123.5,5.0,-11.4,0.548,-143.5,3,16,62.5,-11.2,5.0,-10.2,0.817,-43.0,3,不採用,39.5
ema_cross(EMA5/20),ema_cross,5,5,全時間,月,レンジのみ,直近30分変動大,5,20,262,40.8,-240.0,5.0,-5.0,0.69,-265.0,10,129,45.0,-65.0,5.0,-5.0,0.817,-85.0,5,不採用,39.4
ema_cross(EMA5/20),ema_cross,5,5,東京(9-15),月,レンジのみ,ATR低,5,20,65,53.8,25.0,5.0,-5.0,1.167,-40.0,3,10,50.0,0.0,5.0,-5.0,1.0,-10.0,2,不採用,39.4
ema_cross(EMA5/20),ema_cross,5,5,16時台,全曜日,上昇のみ,ATR低,5,20,63,50.8,5.0,5.0,-5.0,1.032,-30.0,4,28,50.0,0.0,5.0,-5.0,1.0,-20.0,4,不採用,39.4
ema_cross(EMA5/20),ema_cross,5,8,ロンドン(16-21),火,順方向のみ,ATR高,5,20,69,66.7,46.0,5.0,-8.0,1.25,-48.0,3,32,62.5,4.0,5.0,-8.0,1.042,-28.0,3,不採用,39.4
ema_cross(EMA5/20),ema_cross,5,8,ロンドン(16-21),木,下降のみ,ATR高,5,20,143,53.8,-143.0,5.0,-8.0,0.729,-187.0,6,35,57.1,-20.0,5.0,-8.0,0.833,-44.0,3,不採用,39.4
ema_cross(EMA5/20),ema_cross,5,8,16時台,金,レンジのみ,なし,5,20,36,66.7,24.0,5.0,-8.0,1.25,-19.0,2,18,61.1,-1.0,5.0,-8.0,0.982,-14.0,1,不採用,39.4
ema_cross(EMA5/20),ema_cross,5,10,東京(9-15),全曜日,下降のみ,直近30分変動大,5,20,483,62.7,-285.0,5.0,-10.0,0.842,-345.0,6,223,62.8,-130.0,5.0,-10.0,0.843,-145.0,4,不採用,39.4
ema_cross(EMA5/20),ema_cross,5,10,東京(9-15),月,なし,なし,5,20,589,65.4,-115.0,5.0,-10.0,0.944,-210.0,5,228,64.0,-90.0,5.0,-10.0,0.89,-145.0,5,不採用,39.4
ema_cross(EMA5/20),ema_cross,5,10,21時台,火,上昇のみ,なし,5,20,63,55.6,-99.0,5.0,-9.79,0.639,-115.0,4,26,61.5,-20.0,5.0,-10.0,0.8,-40.0,3,不採用,39.4
ema_cross(EMA5/20),ema_cross,5,10,22時台,木,順方向のみ,直近30分変動大,5,20,26,69.2,19.0,5.0,-8.88,1.268,-20.0,2,3,66.7,0.0,5.0,-10.0,1.0,0.0,1,不採用,39.4
ema_cross(EMA5/20),ema_cross,5,12,全時間,金,なし,直近30分変動大,5,20,1131,65.5,-969.3,4.99,-11.97,0.792,-998.3,8,503,66.2,-370.4,4.99,-11.95,0.818,-403.4,5,不採用,39.4
ema_cross(EMA5/20),ema_cross,5,12,9時台,水,上昇のみ,直近30分変動大,5,20,16,50.0,-56.0,5.0,-12.0,0.417,-64.0,4,17,64.7,-17.0,5.0,-12.0,0.764,-50.0,2,不採用,39.4
ema_cross(EMA5/20),ema_cross,5,5,ロンドン(16-21),木,下降のみ,なし,5,20,252,46.0,-100.0,5.0,-5.0,0.853,-160.0,10,70,47.1,-20.0,5.0,-5.0,0.892,-40.0,4,不採用,39.3
ema_cross(EMA5/20),ema_cross,5,8,全時間,水,レンジのみ,ATR高,5,20,203,56.7,-129.0,5.0,-8.0,0.817,-145.0,6,70,58.6,-27.0,5.0,-8.0,0.884,-58.0,4,不採用,39.3
ema_cross(EMA5/20),ema_cross,5,12,10時台,金,なし,直近30分変動大,5,20,67,67.2,-39.0,5.0,-12.0,0.852,-77.0,4,31,67.7,-15.0,5.0,-12.0,0.875,-61.0,2,不採用,39.3
ema_cross(EMA5/20),ema_cross,5,15,ロンドン(16-21),月,上昇のみ,なし,5,20,192,64.6,-360.5,5.0,-14.42,0.632,-380.5,4,61,70.5,-55.0,5.0,-15.0,0.796,-75.0,3,不採用,39.3
ema_cross(EMA5/20),ema_cross,5,5,東京(9-15),水,上昇のみ,ATR低,5,20,112,49.1,-10.0,5.0,-5.0,0.965,-70.0,6,45,48.9,-5.0,5.0,-5.0,0.957,-35.0,4,不採用,39.2
ema_cross(EMA5/20),ema_cross,5,5,東京(9-15),金,下降のみ,直近30分変動大,5,20,112,42.0,-90.0,5.0,-5.0,0.723,-105.0,5,48,47.9,-10.0,5.0,-5.0,0.92,-45.0,6,不採用,39.2
ema_cross(EMA5/20),ema_cross,5,5,NY(21-24),水,なし,ATR高,5,20,145,41.4,-125.0,5.0,-5.0,0.706,-145.0,8,53,45.3,-25.0,5.0,-5.0,0.828,-45.0,4,不採用,39.2
ema_cross(EMA5/20),ema_cross,5,5,21時台,全曜日,上昇のみ,ATR高,5,20,128,39.8,-130.0,5.0,-5.0,0.662,-155.0,6,22,45.5,-10.0,5.0,-5.0,0.833,-20.0,4,不採用,39.2
ema_cross(EMA5/20),ema_cross,5,8,16時台,水,なし,直近30分変動大,5,20,77,58.4,-31.0,5.0,-8.0,0.879,-59.0,3,35,60.0,-7.0,5.0,-8.0,0.938,-57.0,4,不採用,39.2
ema_cross(EMA5/20),ema_cross,5,10,ロンドン(16-21),金,なし,直近30分変動大,5,20,247,64.4,-76.5,5.0,-9.9,0.912,-106.5,4,110,64.5,-35.0,5.0,-10.0,0.91,-100.0,4,不採用,39.2
ema_cross(EMA5/20),ema_cross,5,10,16時台,木,上昇のみ,ATR高,5,20,19,63.2,-10.0,5.0,-10.0,0.857,-25.0,2,11,63.6,-5.0,5.0,-10.0,0.875,-25.0,2,不採用,39.2
ema_cross(EMA5/20),ema_cross,5,12,ロンドン(16-21),木,順方向のみ,なし,5,20,178,68.0,-79.0,5.0,-12.0,0.885,-167.0,4,74,67.6,-27.8,5.0,-11.58,0.9,-102.0,3,不採用,39.2
ema_cross(EMA5/20),ema_cross,5,12,21時台,金,順方向のみ,直近30分変動大,5,20,34,70.6,0.0,5.0,-12.0,1.0,-39.0,3,13,69.2,-3.0,5.0,-12.0,0.938,-26.0,2,不採用,39.2
ema_cross(EMA5/20),ema_cross,5,15,ロンドン(16-21),水,レンジのみ,ATR高,5,20,36,69.4,-40.0,5.0,-15.0,0.758,-55.0,1,14,71.4,-10.0,5.0,-15.0,0.833,-50.0,2,不採用,39.2
ema_cross(EMA5/20),ema_cross,5,5,東京(9-15),全曜日,順方向のみ,ATR低,5,20,423,49.4,-25.0,5.0,-5.0,0.977,-120.0,8,129,49.6,-5.0,5.0,-5.0,0.985,-75.0,7,不採用,39.1
ema_cross(EMA5/20),ema_cross,5,5,ロンドン(16-21),木,なし,ATR高,5,20,305,43.3,-205.0,5.0,-5.0,0.763,-215.0,6,82,46.3,-30.0,5.0,-5.0,0.864,-40.0,5,不採用,39.1
ema_cross(EMA5/20),ema_cross,5,5,16時台,火,なし,直近30分変動大,5,20,67,41.8,-55.0,5.0,-5.0,0.718,-100.0,9,32,46.9,-10.0,5.0,-5.0,0.882,-35.0,5,不採用,39.1
ema_cross(EMA5/20),ema_cross,5,8,東京(9-15),月,レンジのみ,ATR低,5,20,55,61.8,2.0,5.0,-8.0,1.012,-43.0,5,10,60.0,-2.0,5.0,-8.0,0.938,-16.0,2,不採用,39.1
ema_cross(EMA5/20),ema_cross,5,8,NY(21-24),月,下降のみ,なし,5,20,76,55.3,-58.4,5.0,-7.89,0.782,-75.0,4,34,58.8,-16.6,4.77,-8.0,0.852,-33.0,3,不採用,39.1
ema_cross(EMA5/20),ema_cross,5,8,16時台,全曜日,なし,ATR高,5,20,280,60.7,-30.0,5.0,-8.0,0.966,-122.0,7,120,60.0,-24.0,5.0,-8.0,0.938,-79.0,5,不採用,39.1
ema_cross(EMA5/20),ema_cross,5,10,16時台,火,レンジのみ,なし,5,20,32,68.8,10.0,5.0,-10.0,1.1,-25.0,2,21,66.7,0.0,5.0,-10.0,1.0,-30.0,3,不採用,39.1
ema_cross(EMA5/20),ema_cross,5,12,全時間,水,なし,なし,5,20,1963,65.8,-1559.6,5.0,-11.93,0.805,-1635.7,5,908,67.8,-420.0,5.0,-11.99,0.88,-560.0,4,不採用,39.1
ema_cross(EMA5/20),ema_cross,5,12,16時台,火,レンジのみ,なし,5,20,31,71.0,2.0,5.0,-12.0,1.019,-33.0,2,20,70.0,-2.0,5.0,-12.0,0.972,-36.0,3,不採用,39.1
ema_cross(EMA5/20),ema_cross,5,15,10時台,全曜日,上昇のみ,なし,5,20,218,71.1,-163.4,5.0,-14.9,0.826,-233.4,3,84,71.4,-60.0,5.0,-15.0,0.833,-65.0,2,不採用,39.1
ema_cross(EMA5/20),ema_cross,5,5,東京(9-15),水,なし,直近30分変動大,5,20,269,44.2,-155.0,5.0,-5.0,0.793,-175.0,10,128,46.1,-50.0,5.0,-5.0,0.855,-65.0,5,不採用,39.0
ema_cross(EMA5/20),ema_cross,5,5,ロンドン(16-21),水,上昇のみ,なし,5,20,324,46.0,-126.7,5.0,-4.98,0.855,-156.7,10,93,47.3,-25.0,5.0,-5.0,0.898,-45.0,5,不採用,39.0
ema_cross(EMA5/20),ema_cross,5,8,全時間,木,レンジのみ,なし,5,20,713,56.8,-439.0,5.0,-8.0,0.822,-483.0,5,260,58.1,-116.1,5.0,-7.99,0.867,-212.1,6,不採用,39.0
ema_cross(EMA5/20),ema_cross,5,8,全時間,金,上昇のみ,直近30分変動大,5,20,405,54.3,-373.5,5.0,-7.96,0.747,-471.0,7,204,56.9,-124.0,5.0,-8.0,0.824,-131.0,5,不採用,39.0
ema_cross(EMA5/20),ema_cross,5,10,東京(9-15),木,レンジのみ,なし,5,20,199,61.8,-145.0,5.0,-10.0,0.809,-205.0,6,74,63.5,-35.0,5.0,-10.0,0.87,-120.0,3,不採用,39.0
ema_cross(EMA5/20),ema_cross,5,10,16時台,水,なし,直近30分変動大,5,20,75,65.3,-15.0,5.0,-10.0,0.942,-45.0,3,35,65.7,-5.0,5.0,-10.0,0.958,-45.0,4,不採用,39.0
ema_cross(EMA5/20),ema_cross,5,12,東京(9-15),水,なし,なし,5,20,571,67.4,-303.4,5.0,-11.98,0.864,-348.4,5,232,67.2,-132.0,5.0,-12.0,0.855,-192.0,4,不採用,39.0
ema_cross(EMA5/20),ema_cross,5,12,ロンドン(16-21),水,上昇のみ,ATR低,5,20,54,64.8,-42.7,5.0,-11.46,0.804,-70.7,4,21,66.7,-10.0,5.0,-11.43,0.875,-46.0,3,不採用,39.0
ema_cross(EMA5/20),ema_cross,5,10,全時間,金,なし,なし,5,20,2294,62.7,-1342.2,5.0,-9.96,0.843,-1370.4,7,970,64.1,-367.4,4.99,-9.98,0.894,-407.4,7,不採用,38.9
ema_cross(EMA5/20),ema_cross,5,12,9時台,金,上昇のみ,なし,5,20,45,71.1,4.0,5.0,-12.0,1.026,-64.0,4,19,68.4,-7.0,5.0,-12.0,0.903,-26.0,1,不採用,38.9
ema_cross(EMA5/20),ema_cross,5,12,10時台,水,レンジのみ,なし,5,20,44,63.6,-52.0,5.0,-12.0,0.729,-88.0,3,18,66.7,-12.0,5.0,-12.0,0.833,-40.0,3,不採用,38.9
ema_cross(EMA5/20),ema_cross,5,15,9時台,水,下降のみ,ATR高,5,20,8,50.0,-40.0,5.0,-15.0,0.333,-55.0,3,3,66.7,-5.0,5.0,-15.0,0.667,-15.0,1,不採用,38.9
ema_cross(EMA5/20),ema_cross,5,15,10時台,火,順方向のみ,直近30分変動大,5,20,5,60.0,-15.0,5.0,-15.0,0.5,-20.0,1,3,66.7,-5.0,5.0,-15.0,0.667,-15.0,1,不採用,38.9
ema_cross(EMA5/20),ema_cross,5,5,9時台,火,下降のみ,直近30分変動大,5,20,24,37.5,-30.0,5.0,-5.0,0.6,-40.0,4,11,45.5,-5.0,5.0,-5.0,0.833,-20.0,4,不採用,38.8
ema_cross(EMA5/20),ema_cross,5,5,21時台,月,なし,ATR高,5,20,54,44.4,-30.0,5.0,-5.0,0.8,-45.0,6,11,45.5,-5.0,5.0,-5.0,0.833,-10.0,2,不採用,38.8
ema_cross(EMA5/20),ema_cross,5,8,全時間,月,レンジのみ,ATR高,5,20,170,51.2,-229.0,5.0,-8.0,0.655,-245.0,6,64,56.2,-44.0,5.0,-8.0,0.804,-58.0,4,不採用,38.8
ema_cross(EMA5/20),ema_cross,5,8,NY(21-24),水,なし,ATR低,5,20,24,58.3,3.1,5.0,-6.69,1.046,-35.8,4,26,61.5,0.0,5.0,-8.0,1.0,-32.0,4,不採用,38.8
ema_cross(EMA5/20),ema_cross,5,8,10時台,全曜日,下降のみ,なし,5,20,161,58.4,-66.0,5.0,-8.0,0.877,-113.0,3,55,60.0,-11.0,5.0,-8.0,0.938,-46.0,5,不採用,38.8
ema_cross(EMA5/20),ema_cross,5,10,10時台,木,なし,直近30分変動大,5,20,61,62.3,-40.0,5.0,-10.0,0.826,-110.0,5,27,63.0,-15.0,5.0,-10.0,0.85,-45.0,2,不採用,38.8
ema_cross(EMA5/20),ema_cross,5,12,9時台,火,下降のみ,直近30分変動大,5,20,22,59.1,-43.0,5.0,-12.0,0.602,-53.0,3,11,63.6,-13.0,5.0,-12.0,0.729,-28.0,2,不採用,38.8
ema_cross(EMA5/20),ema_cross,5,15,全時間,火,なし,ATR低,5,20,606,73.3,-214.6,4.99,-15.0,0.912,-340.0,6,230,73.0,-82.4,5.0,-14.88,0.911,-125.0,7,不採用,38.8
ema_cross(EMA5/20),ema_cross,5,5,9時台,金,レンジのみ,ATR低,5,20,21,57.1,15.0,5.0,-5.0,1.333,-20.0,4,6,50.0,0.0,5.0,-5.0,1.0,-5.0,1,不採用,38.7
ema_cross(EMA5/20),ema_cross,5,5,10時台,水,レンジのみ,ATR高,5,20,21,57.1,15.0,5.0,-5.0,1.333,-15.0,3,6,50.0,0.0,5.0,-5.0,1.0,-5.0,1,不採用,38.7
ema_cross(EMA5/20),ema_cross,5,5,16時台,月,下降のみ,ATR高,5,20,17,52.9,5.0,5.0,-5.0,1.125,-10.0,2,14,50.0,0.0,5.0,-5.0,1.0,-15.0,3,不採用,38.7
ema_cross(EMA5/20),ema_cross,5,8,22時台,火,なし,なし,5,20,149,47.7,-266.4,5.0,-7.97,0.571,-269.4,6,58,60.3,-9.0,5.0,-8.0,0.951,-62.0,7,不採用,38.7
ema_cross(EMA5/20),ema_cross,5,10,全時間,木,上昇のみ,ATR低,5,20,254,69.3,100.0,5.0,-10.0,1.128,-115.0,4,116,64.7,-25.9,5.0,-9.78,0.935,-90.0,3,不採用,38.7
ema_cross(EMA5/20),ema_cross,5,10,ロンドン(16-21),全曜日,なし,ATR高,5,20,1119,63.5,-521.8,5.0,-9.99,0.872,-635.0,8,395,63.0,-215.0,5.0,-10.0,0.853,-250.0,7,不採用,38.7
ema_cross(EMA5/20),ema_cross,5,10,ロンドン(16-21),月,上昇のみ,なし,5,20,216,58.3,-263.0,5.0,-9.92,0.705,-283.0,5,69,62.3,-45.0,5.0,-10.0,0.827,-75.0,4,不採用,38.7
ema_cross(EMA5/20),ema_cross,5,10,9時台,全曜日,レンジのみ,直近30分変動大,5,20,139,64.7,-40.0,5.0,-10.0,0.918,-155.0,5,56,64.3,-20.0,5.0,-10.0,0.9,-55.0,3,不採用,38.7
ema_cross(EMA5/20),ema_cross,5,12,全時間,水,上昇のみ,ATR高,5,20,273,63.7,-318.0,5.0,-12.0,0.732,-358.0,6,91,67.0,-55.0,5.0,-12.0,0.847,-128.0,4,不採用,38.7
ema_cross(EMA5/20),ema_cross,5,12,東京(9-15),木,なし,直近30分変動大,5,20,308,65.9,-245.0,5.0,-12.0,0.806,-342.0,4,145,67.6,-74.0,5.0,-12.0,0.869,-181.0,4,不採用,38.7
ema_cross(EMA5/20),ema_cross,5,12,東京(9-15),木,下降のみ,直近30分変動大,5,20,126,67.5,-67.0,5.0,-12.0,0.864,-135.0,4,62,67.7,-30.0,5.0,-12.0,0.875,-58.0,3,不採用,38.7
ema_cross(EMA5/20),ema_cross,5,12,10時台,全曜日,下降のみ,なし,5,20,153,70.6,7.9,5.0,-11.82,1.015,-86.0,3,52,69.2,-12.0,5.0,-12.0,0.938,-50.0,3,不採用,38.7
ema_cross(EMA5/20),ema_cross,5,12,10時台,木,なし,直近30分変動大,5,20,61,65.6,-52.0,5.0,-12.0,0.794,-113.0,4,27,66.7,-18.0,5.0,-12.0,0.833,-46.0,2,不採用,38.7
ema_cross(EMA5/20),ema_cross,5,15,東京(9-15),水,なし,直近30分変動大,5,20,253,71.9,-155.0,5.0,-15.0,0.854,-170.0,3,126,72.2,-70.0,5.0,-15.0,0.867,-150.0,3,不採用,38.7
ema_cross(EMA5/20),ema_cross,5,15,ロンドン(16-21),木,順方向のみ,ATR高,5,20,82,73.2,-30.0,5.0,-15.0,0.909,-100.0,4,22,72.7,-10.0,5.0,-15.0,0.889,-45.0,2,不採用,38.7
ema_cross(EMA5/20),ema_cross,5,5,東京(9-15),木,なし,なし,5,20,791,45.5,-355.0,5.0,-5.0,0.835,-450.0,12,312,45.2,-150.0,5.0,-5.0,0.825,-195.0,6,不採用,38.6
ema_cross(EMA5/20),ema_cross,5,5,10時台,全曜日,下降のみ,なし,5,20,172,47.1,-50.0,5.0,-5.0,0.89,-95.0,9,58,48.3,-10.0,5.0,-5.0,0.933,-40.0,5,不採用,38.6
ema_cross(EMA5/20),ema_cross,5,8,全時間,全曜日,下降のみ,ATR高,5,20,1843,56.5,-1215.8,5.0,-8.0,0.811,-1376.0,13,703,57.8,-346.0,5.0,-8.0,0.854,-395.0,7,不採用,38.6
ema_cross(EMA5/20),ema_cross,5,8,全時間,月,下降のみ,なし,5,20,593,58.0,-268.4,5.0,-7.99,0.865,-358.0,8,258,58.1,-118.6,4.97,-8.0,0.863,-165.0,6,不採用,38.6
ema_cross(EMA5/20),ema_cross,5,8,全時間,月,レンジのみ,なし,5,20,563,55.6,-432.5,4.99,-7.97,0.783,-494.7,7,237,57.8,-115.0,5.0,-8.0,0.856,-130.0,7,不採用,38.6
ema_cross(EMA5/20),ema_cross,5,8,NY(21-24),火,上昇のみ,ATR高,5,20,69,47.8,-119.0,5.0,-7.89,0.581,-135.0,6,15,53.3,-16.0,5.0,-8.0,0.714,-27.0,2,不採用,38.6
ema_cross(EMA5/20),ema_cross,5,10,ロンドン(16-21),木,なし,ATR低,5,20,64,68.8,20.0,5.0,-10.0,1.1,-65.0,3,30,63.3,-5.9,5.0,-9.17,0.942,-20.0,2,不採用,38.6
ema_cross(EMA5/20),ema_cross,5,12,9時台,水,レンジのみ,直近30分変動大,5,20,22,45.5,-94.0,5.0,-12.0,0.347,-97.0,2,15,66.7,-10.0,5.0,-12.0,0.833,-36.0,4,不採用,38.6
ema_cross(EMA5/20),ema_cross,5,12,10時台,全曜日,下降のみ,ATR低,5,20,17,64.7,-9.1,5.0,-10.68,0.858,-16.1,3,3,66.7,-2.0,5.0,-12.0,0.833,-12.0,1,不採用,38.6
ema_cross(EMA5/20),ema_cross,5,12,16時台,水,下降のみ,直近30分変動大,5,20,19,78.9,27.0,5.0,-12.0,1.562,-24.0,2,18,72.2,5.0,5.0,-12.0,1.083,-19.0,2,不採用,38.6
ema_cross(EMA5/20),ema_cross,5,15,10時台,水,下降のみ,なし,5,20,32,78.1,20.0,5.0,-15.0,1.19,-30.0,2,8,75.0,0.0,5.0,-15.0,1.0,-30.0,2,不採用,38.6
ema_cross(EMA5/20),ema_cross,5,5,東京(9-15),木,下降のみ,ATR高,5,20,100,53.0,30.0,5.0,-5.0,1.128,-35.0,7,53,49.1,-5.0,5.0,-5.0,0.963,-30.0,3,不採用,38.5
ema_cross(EMA5/20),ema_cross,5,5,22時台,火,下降のみ,なし,5,20,58,27.6,-130.0,5.0,-5.0,0.381,-130.0,8,15,46.7,-5.0,5.0,-5.0,0.875,-25.0,5,不採用,38.5
ema_cross(EMA5/20),ema_cross,5,8,全時間,月,下降のみ,直近30分変動大,5,20,296,58.4,-119.0,5.0,-8.0,0.879,-148.0,6,138,58.7,-51.0,5.0,-8.0,0.888,-91.0,5,不採用,38.5
ema_cross(EMA5/20),ema_cross,5,8,全時間,火,順方向のみ,ATR高,5,20,220,50.9,-300.0,5.0,-7.96,0.651,-335.0,6,78,59.0,-26.0,5.0,-8.0,0.898,-101.0,6,不採用,38.5
ema_cross(EMA5/20),ema_cross,5,8,NY(21-24),全曜日,なし,なし,5,20,1426,58.8,-464.1,4.99,-7.9,0.9,-523.9,7,578,57.1,-329.6,4.99,-7.96,0.833,-421.2,5,不採用,38.5
ema_cross(EMA5/20),ema_cross,5,10,16時台,全曜日,順方向のみ,なし,5,20,220,65.0,-55.0,5.0,-10.0,0.929,-120.0,4,89,65.2,-20.0,5.0,-10.0,0.935,-145.0,4,不採用,38.5
ema_cross(EMA5/20),ema_cross,5,10,21時台,月,レンジのみ,直近30分変動大,5,20,11,72.7,10.0,5.0,-10.0,1.333,-25.0,2,6,66.7,0.0,5.0,-10.0,1.0,-15.0,1,不採用,38.5
ema_cross(EMA5/20),ema_cross,5,15,ロンドン(16-21),木,上昇のみ,直近30分変動大,5,20,91,71.4,-65.0,5.0,-15.0,0.833,-110.0,3,46,71.7,-30.0,5.0,-15.0,0.846,-70.0,2,不採用,38.5
ema_cross(EMA5/20),ema_cross,5,15,9時台,水,上昇のみ,直近30分変動大,5,20,16,50.0,-80.0,5.0,-15.0,0.333,-85.0,4,16,68.8,-20.0,5.0,-15.0,0.733,-50.0,2,不採用,38.5
ema_cross(EMA5/20),ema_cross,5,5,16時台,木,なし,ATR高,5,20,63,38.1,-75.0,5.0,-5.0,0.615,-75.0,7,27,44.4,-15.0,5.0,-5.0,0.8,-25.0,4,不採用,38.4
ema_cross(EMA5/20),ema_cross,5,8,10時台,全曜日,上昇のみ,ATR低,5,20,29,58.6,-11.0,5.0,-8.0,0.885,-59.0,6,10,60.0,-2.0,5.0,-8.0,0.938,-32.0,4,不採用,38.4
ema_cross(EMA5/20),ema_cross,5,10,全時間,木,順方向のみ,ATR低,5,20,215,65.1,-40.6,5.0,-9.87,0.945,-135.0,4,96,64.6,-30.0,5.0,-10.0,0.912,-80.0,4,不採用,38.4
ema_cross(EMA5/20),ema_cross,5,10,全時間,金,なし,直近30分変動大,5,20,1152,60.7,-1031.3,4.99,-9.98,0.772,-1066.3,8,509,61.5,-392.4,4.99,-9.96,0.799,-402.4,5,不採用,38.4
ema_cross(EMA5/20),ema_cross,5,10,ロンドン(16-21),月,上昇のみ,直近30分変動大,5,20,90,58.9,-105.0,5.0,-10.0,0.716,-155.0,4,34,61.8,-25.0,5.0,-10.0,0.808,-40.0,3,不採用,38.4
ema_cross(EMA5/20),ema_cross,5,10,9時台,金,レンジのみ,なし,5,20,61,73.8,65.0,5.0,-10.0,1.406,-50.0,4,19,68.4,5.0,5.0,-10.0,1.083,-35.0,3,不採用,38.4
ema_cross(EMA5/20),ema_cross,5,12,全時間,全曜日,下降のみ,直近30分変動大,5,20,1964,66.9,-1194.0,4.99,-11.93,0.846,-1212.0,10,911,67.7,-418.7,5.0,-11.92,0.88,-465.1,5,不採用,38.4
ema_cross(EMA5/20),ema_cross,5,12,全時間,木,下降のみ,なし,5,20,780,67.9,-339.4,5.0,-11.96,0.886,-477.0,4,330,67.6,-169.0,5.0,-12.0,0.868,-265.0,6,不採用,38.4
ema_cross(EMA5/20),ema_cross,5,12,ロンドン(16-21),月,上昇のみ,なし,5,20,201,61.2,-306.5,5.0,-11.81,0.667,-332.5,5,65,66.2,-49.0,5.0,-12.0,0.814,-84.0,4,不採用,38.4
ema_cross(EMA5/20),ema_cross,5,12,ロンドン(16-21),金,上昇のみ,なし,5,20,190,67.9,-58.7,5.0,-11.54,0.917,-137.7,6,96,68.8,-23.1,5.0,-11.77,0.935,-99.0,5,不採用,38.4
ema_cross(EMA5/20),ema_cross,5,12,21時台,火,上昇のみ,なし,5,20,60,61.7,-72.0,5.0,-11.17,0.72,-97.0,4,26,65.4,-23.0,5.0,-12.0,0.787,-38.0,2,不採用,38.4
ema_cross(EMA5/20),ema_cross,5,15,東京(9-15),月,上昇のみ,直近30分変動大,5,20,97,70.1,-95.0,5.0,-15.0,0.782,-175.0,4,50,72.0,-30.0,5.0,-15.0,0.857,-100.0,3,不採用,38.4
ema_cross(EMA5/20),ema_cross,5,15,ロンドン(16-21),全曜日,順方向のみ,なし,5,20,899,72.6,-290.2,4.99,-14.43,0.918,-377.7,5,350,71.4,-199.8,4.98,-14.46,0.862,-296.8,5,不採用,38.4
ema_cross(EMA5/20),ema_cross,5,5,9時台,水,順方向のみ,直近30分変動大,5,20,9,55.6,5.0,5.0,-5.0,1.25,-5.0,1,8,50.0,0.0,5.0,-5.0,1.0,-5.0,2,不採用,38.3
ema_cross(EMA5/20),ema_cross,5,10,全時間,全曜日,上昇のみ,ATR高,5,20,1424,62.2,-913.3,5.0,-9.92,0.829,-1057.8,7,496,62.3,-319.3,5.0,-9.97,0.829,-359.3,7,不採用,38.3
ema_cross(EMA5/20),ema_cross,5,10,東京(9-15),水,上昇のみ,ATR低,5,20,93,61.3,-75.0,5.0,-10.0,0.792,-120.0,4,37,62.2,-25.0,5.0,-10.0,0.821,-55.0,2,不採用,38.3
ema_cross(EMA5/20),ema_cross,5,15,全時間,水,上昇のみ,ATR高,5,20,264,66.3,-460.0,5.0,-15.0,0.655,-500.0,6,87,71.3,-65.0,5.0,-15.0,0.827,-140.0,4,不採用,38.3
ema_cross(EMA5/20),ema_cross,5,8,10時台,月,レンジのみ,なし,5,20,33,69.7,35.0,5.0,-8.0,1.438,-22.0,2,11,63.6,3.0,5.0,-8.0,1.094,-27.0,3,不採用,38.2
ema_cross(EMA5/20),ema_cross,5,10,東京(9-15),木,下降のみ,直近30分変動大,5,20,129,65.1,-30.0,5.0,-10.0,0.933,-95.0,3,64,64.1,-25.0,5.0,-10.0,0.891,-55.0,3,不採用,38.2
ema_cross(EMA5/20),ema_cross,5,10,東京(9-15),金,レンジのみ,ATR低,5,20,57,71.9,45.0,5.0,-10.0,1.281,-35.0,3,21,66.7,0.0,5.0,-10.0,1.0,-25.0,2,不採用,38.2
ema_cross(EMA5/20),ema_cross,5,12,全時間,金,レンジのみ,直近30分変動大,5,20,321,67.0,-197.0,5.0,-12.0,0.845,-218.0,5,134,67.2,-68.8,5.0,-11.79,0.867,-131.0,4,不採用,38.2
ema_cross(EMA5/20),ema_cross,5,15,全時間,全曜日,レンジのみ,ATR高,5,20,927,72.7,-332.0,5.0,-14.63,0.91,-575.7,7,332,72.0,-182.3,5.0,-14.81,0.868,-237.3,6,不採用,38.2
ema_cross(EMA5/20),ema_cross,5,15,全時間,木,下降のみ,直近30分変動大,5,20,434,70.5,-372.5,5.0,-14.86,0.804,-521.5,7,185,71.4,-135.0,5.0,-15.0,0.83,-195.0,3,不採用,38.2
ema_cross(EMA5/20),ema_cross,5,15,ロンドン(16-21),月,順方向のみ,ATR高,5,20,57,66.7,-95.0,5.0,-15.0,0.667,-115.0,2,16,68.8,-20.0,5.0,-15.0,0.733,-40.0,1,不採用,38.2
ema_cross(EMA5/20),ema_cross,5,8,10時台,木,下降のみ,ATR低,5,20,2,0.0,-16.0,0.0,-8.0,0.0,-8.0,2,2,50.0,-3.0,5.0,-8.0,0.625,0.0,1,不採用,38.1
ema_cross(EMA5/20),ema_cross,5,8,16時台,水,レンジのみ,ATR高,5,20,11,36.4,-36.0,5.0,-8.0,0.357,-41.0,4,2,50.0,-3.0,5.0,-8.0,0.625,0.0,1,不採用,38.1
ema_cross(EMA5/20),ema_cross,5,8,21時台,火,レンジのみ,ATR低,5,20,7,42.9,-17.0,5.0,-8.0,0.469,-32.0,4,2,50.0,-3.0,5.0,-8.0,0.625,0.0,1,不採用,38.1
ema_cross(EMA5/20),ema_cross,5,8,22時台,月,レンジのみ,ATR低,5,20,4,0.0,-25.7,0.0,-6.42,0.0,-24.0,4,2,50.0,-3.0,5.0,-8.0,0.625,0.0,1,不採用,38.1
ema_cross(EMA5/20),ema_cross,5,10,22時台,火,順方向のみ,直近30分変動大,5,20,23,39.1,-95.0,5.0,-10.0,0.321,-110.0,5,12,58.3,-15.0,5.0,-10.0,0.7,-25.0,2,不採用,38.1
ema_cross(EMA5/20),ema_cross,5,12,21時台,水,なし,なし,5,20,124,68.5,-25.2,5.0,-11.54,0.944,-119.8,4,54,68.5,-19.0,5.0,-12.0,0.907,-73.0,3,不採用,38.1
ema_cross(EMA5/20),ema_cross,5,15,東京(9-15),木,なし,ATR高,5,20,159,78.0,95.0,5.0,-15.0,1.181,-130.0,3,79,74.7,-5.0,5.0,-15.0,0.983,-120.0,3,不採用,38.1
ema_cross(EMA5/20),ema_cross,5,8,東京(9-15),火,下降のみ,なし,5,20,192,59.4,-54.0,5.0,-8.0,0.913,-115.0,5,70,61.4,-1.0,5.0,-8.0,0.995,-82.0,7,不採用,38.0
ema_cross(EMA5/20),ema_cross,5,8,東京(9-15),火,下降のみ,直近30分変動大,5,20,79,59.5,-21.0,5.0,-8.0,0.918,-73.0,4,39,59.0,-13.0,5.0,-8.0,0.898,-54.0,3,不採用,38.0
ema_cross(EMA5/20),ema_cross,5,8,ロンドン(16-21),月,レンジのみ,なし,5,20,171,53.2,-185.0,5.0,-8.0,0.711,-218.0,4,83,56.6,-53.0,5.0,-8.0,0.816,-97.0,4,不採用,38.0
ema_cross(EMA5/20),ema_cross,5,8,ロンドン(16-21),火,順方向のみ,ATR低,5,20,24,45.8,-49.0,5.0,-8.0,0.529,-41.0,2,11,54.5,-10.0,5.0,-8.0,0.75,-27.0,3,不採用,38.0
ema_cross(EMA5/20),ema_cross,5,8,16時台,水,上昇のみ,ATR低,5,20,9,55.6,-7.0,5.0,-8.0,0.781,-16.0,2,9,55.6,-7.0,5.0,-8.0,0.781,-11.0,1,不採用,38.0
ema_cross(EMA5/20),ema_cross,5,8,16時台,金,レンジのみ,ATR低,5,20,4,25.0,-19.0,5.0,-8.0,0.208,-24.0,3,2,50.0,-3.0,5.0,-8.0,0.625,-8.0,1,不採用,38.0
ema_cross(EMA5/20),ema_cross,5,8,22時台,金,上昇のみ,ATR低,5,20,10,30.0,-26.3,5.0,-5.9,0.363,-19.0,4,6,50.0,-9.0,5.0,-8.0,0.625,-8.0,1,不採用,38.0
ema_cross(EMA5/20),ema_cross,5,10,東京(9-15),木,下降のみ,ATR高,5,20,91,71.4,65.0,5.0,-10.0,1.25,-30.0,2,50,66.0,-5.0,5.0,-10.0,0.971,-60.0,2,不採用,38.0
ema_cross(EMA5/20),ema_cross,5,12,全時間,木,上昇のみ,直近30分変動大,5,20,409,68.5,-148.0,5.0,-12.0,0.904,-327.0,4,188,67.0,-114.0,5.0,-12.0,0.847,-172.0,3,不採用,38.0
ema_cross(EMA5/20),ema_cross,5,5,ロンドン(16-21),木,レンジのみ,直近30分変動大,5,20,87,39.1,-95.0,5.0,-5.0,0.642,-95.0,10,28,42.9,-20.0,5.0,-5.0,0.75,-25.0,3,不採用,37.9
ema_cross(EMA5/20),ema_cross,5,8,東京(9-15),木,レンジのみ,ATR高,5,20,47,63.8,14.0,5.0,-8.0,1.103,-33.0,3,20,60.0,-4.0,5.0,-8.0,0.938,-20.0,2,不採用,37.9
ema_cross(EMA5/20),ema_cross,5,8,10時台,火,下降のみ,ATR高,5,20,13,38.5,-39.0,5.0,-8.0,0.391,-54.0,5,6,50.0,-9.0,5.0,-8.0,0.625,-11.0,1,不採用,37.9
ema_cross(EMA5/20),ema_cross,5,8,10時台,木,なし,ATR低,5,20,11,36.4,-36.0,5.0,-8.0,0.357,-46.0,4,6,50.0,-9.0,5.0,-8.0,0.625,-11.0,1,不採用,37.9
ema_cross(EMA5/20),ema_cross,5,8,10時台,木,下降のみ,ATR高,5,20,26,69.2,26.0,5.0,-8.0,1.406,-17.0,2,8,62.5,1.0,5.0,-8.0,1.042,-19.0,2,不採用,37.9
ema_cross(EMA5/20),ema_cross,5,10,21時台,木,順方向のみ,ATR高,5,20,35,71.4,25.0,5.0,-10.0,1.25,-45.0,2,6,66.7,0.0,5.0,-10.0,1.0,-20.0,2,不採用,37.9
ema_cross(EMA5/20),ema_cross,5,12,9時台,月,なし,ATR低,5,20,24,79.2,35.0,5.0,-12.0,1.583,-24.0,2,7,71.4,1.0,5.0,-12.0,1.042,-12.0,1,不採用,37.9
ema_cross(EMA5/20),ema_cross,5,12,21時台,水,順方向のみ,ATR低,5,20,8,37.5,-27.2,5.0,-8.44,0.355,-26.8,4,5,60.0,-9.0,5.0,-12.0,0.625,-12.0,1,不採用,37.9
ema_cross(EMA5/20),ema_cross,5,12,22時台,火,下降のみ,ATR高,5,20,39,48.7,-145.0,5.0,-12.0,0.396,-161.0,5,8,62.5,-11.0,5.0,-12.0,0.694,-24.0,2,不採用,37.9
ema_cross(EMA5/20),ema_cross,5,15,ロンドン(16-21),全曜日,なし,直近30分変動大,5,20,1289,71.5,-896.6,5.0,-14.95,0.837,-1031.5,6,574,71.6,-375.0,5.0,-14.91,0.846,-410.0,6,不採用,37.9
ema_cross(EMA5/20),ema_cross,5,15,ロンドン(16-21),木,なし,なし,5,20,489,71.6,-297.2,5.0,-14.73,0.855,-425.8,4,177,71.2,-120.9,5.0,-14.72,0.839,-170.9,3,不採用,37.9
ema_cross(EMA5/20),ema_cross,5,15,9時台,全曜日,順方向のみ,ATR低,5,20,80,67.5,-110.3,5.0,-14.63,0.71,-150.3,2,30,70.0,-30.0,5.0,-15.0,0.778,-55.0,2,不採用,37.9
ema_cross(EMA5/20),ema_cross,5,15,9時台,水,レンジのみ,ATR低,5,20,18,66.7,-30.0,5.0,-15.0,0.667,-40.0,2,10,70.0,-10.0,5.0,-15.0,0.778,-30.0,3,不採用,37.9
ema_cross(EMA5/20),ema_cross,5,15,9時台,金,なし,なし,5,20,153,80.4,174.7,5.0,-14.68,1.397,-75.0,2,48,75.0,0.0,5.0,-15.0,1.0,-40.0,2,不採用,37.9
ema_cross(EMA5/20),ema_cross,5,5,ロンドン(16-21),全曜日,下降のみ,なし,5,20,1074,46.4,-390.0,5.0,-5.0,0.865,-480.0,9,434,45.6,-190.0,5.0,-5.0,0.839,-255.0,9,不採用,37.8
ema_cross(EMA5/20),ema_cross,5,5,ロンドン(16-21),火,レンジのみ,なし,5,20,167,49.7,-5.0,5.0,-5.0,0.988,-45.0,5,74,48.6,-10.0,5.0,-5.0,0.947,-45.0,5,不採用,37.8
ema_cross(EMA5/20),ema_cross,5,5,ロンドン(16-21),木,下降のみ,直近30分変動大,5,20,118,42.4,-90.0,5.0,-5.0,0.735,-135.0,8,36,47.2,-10.0,5.0,-5.0,0.895,-55.0,6,不採用,37.8
ema_cross(EMA5/20),ema_cross,5,8,ロンドン(16-21),全曜日,下降のみ,ATR高,5,20,499,57.7,-248.0,5.0,-8.0,0.853,-347.0,7,201,58.2,-87.0,5.0,-8.0,0.871,-142.0,6,不採用,37.8
ema_cross(EMA5/20),ema_cross,5,12,全時間,木,順方向のみ,直近30分変動大,5,20,271,66.4,-181.0,5.0,-11.88,0.833,-319.0,4,125,67.2,-72.0,5.0,-12.0,0.854,-106.0,4,不採用,37.8
ema_cross(EMA5/20),ema_cross,5,12,東京(9-15),火,なし,ATR低,5,20,209,65.1,-196.0,5.0,-12.0,0.776,-234.0,5,67,67.2,-39.0,5.0,-12.0,0.852,-81.0,4,不採用,37.8
ema_cross(EMA5/20),ema_cross,5,12,NY(21-24),月,順方向のみ,直近30分変動大,5,20,22,68.2,-9.0,5.0,-12.0,0.893,-43.0,2,9,66.7,-6.0,5.0,-12.0,0.833,-21.0,1,不採用,37.8
ema_cross(EMA5/20),ema_cross,5,12,9時台,月,上昇のみ,なし,5,20,60,70.0,-6.0,5.0,-12.0,0.972,-72.0,3,29,69.0,-8.0,5.0,-12.0,0.926,-55.0,3,不採用,37.8
ema_cross(EMA5/20),ema_cross,5,12,16時台,全曜日,順方向のみ,ATR高,5,20,84,64.3,-90.0,5.0,-12.0,0.75,-105.0,3,33,66.7,-22.0,5.0,-12.0,0.833,-87.0,3,不採用,37.8
ema_cross(EMA5/20),ema_cross,5,12,22時台,全曜日,下降のみ,ATR高,5,20,154,61.7,-218.8,4.95,-11.68,0.682,-253.8,4,47,66.0,-37.0,5.0,-12.0,0.807,-66.0,4,不採用,37.8
ema_cross(EMA5/20),ema_cross,5,12,22時台,火,順方向のみ,ATR高,5,20,34,47.1,-119.1,5.0,-11.06,0.402,-160.0,6,8,62.5,-11.0,5.0,-12.0,0.694,-31.0,2,不採用,37.8
ema_cross(EMA5/20),ema_cross,5,12,22時台,金,上昇のみ,直近30分変動大,5,20,45,62.2,-64.0,5.0,-12.0,0.686,-95.0,3,15,66.7,-14.6,4.54,-12.0,0.757,-24.0,2,不採用,37.8
ema_cross(EMA5/20),ema_cross,5,15,ロンドン(16-21),火,順方向のみ,ATR高,5,20,68,82.4,100.0,5.0,-15.0,1.556,-50.0,2,30,76.7,10.0,5.0,-15.0,1.095,-45.0,3,不採用,37.8
ema_cross(EMA5/20),ema_cross,5,5,全時間,木,下降のみ,なし,5,20,1042,45.4,-476.4,5.0,-4.99,0.832,-535.0,10,408,44.1,-240.0,5.0,-5.0,0.789,-260.0,6,不採用,37.7
ema_cross(EMA5/20),ema_cross,5,5,東京(9-15),木,なし,ATR高,5,20,194,51.0,20.0,5.0,-5.0,1.042,-75.0,10,92,47.8,-20.0,5.0,-5.0,0.917,-40.0,4,不採用,37.7
ema_cross(EMA5/20),ema_cross,5,5,NY(21-24),全曜日,上昇のみ,なし,5,20,678,43.5,-432.5,5.0,-4.98,0.773,-472.5,9,261,44.8,-135.0,5.0,-5.0,0.812,-180.0,6,不採用,37.7
ema_cross(EMA5/20),ema_cross,5,5,22時台,金,なし,ATR低,5,20,13,30.8,-20.4,5.0,-4.49,0.495,-20.4,6,10,40.0,-10.0,5.0,-5.0,0.667,-10.0,2,不採用,37.7
ema_cross(EMA5/20),ema_cross,5,8,東京(9-15),水,順方向のみ,ATR低,5,20,84,58.3,-35.0,5.0,-8.0,0.875,-71.0,4,24,58.3,-10.0,5.0,-8.0,0.875,-30.0,3,不採用,37.7
ema_cross(EMA5/20),ema_cross,5,8,ロンドン(16-21),木,なし,直近30分変動大,5,20,301,53.5,-315.0,5.0,-8.0,0.719,-374.0,7,114,56.1,-80.0,5.0,-8.0,0.8,-94.0,4,不採用,37.7
ema_cross(EMA5/20),ema_cross,5,8,NY(21-24),火,下降のみ,なし,5,20,99,58.6,-38.0,5.0,-8.0,0.884,-95.0,4,36,58.3,-15.0,5.0,-8.0,0.875,-39.0,3,不採用,37.7
ema_cross(EMA5/20),ema_cross,5,8,16時台,金,なし,なし,5,20,146,59.6,-25.4,5.0,-7.8,0.945,-73.0,6,59,59.3,-17.0,5.0,-8.0,0.911,-41.0,4,不採用,37.7
ema_cross(EMA5/20),ema_cross,5,8,22時台,水,レンジのみ,なし,5,20,35,60.0,-7.0,5.0,-8.0,0.938,-52.0,3,12,58.3,-5.0,5.0,-8.0,0.875,-16.0,2,不採用,37.7
ema_cross(EMA5/20),ema_cross,5,10,ロンドン(16-21),金,なし,なし,5,20,496,64.5,-144.4,5.0,-9.91,0.917,-191.5,5,219,63.9,-90.0,5.0,-10.0,0.886,-150.0,6,不採用,37.7
ema_cross(EMA5/20),ema_cross,5,10,ロンドン(16-21),金,下降のみ,直近30分変動大,5,20,95,61.1,-80.0,5.0,-10.0,0.784,-105.0,3,32,62.5,-20.0,5.0,-10.0,0.833,-45.0,3,不採用,37.7
ema_cross(EMA5/20),ema_cross,5,15,9時台,全曜日,なし,ATR低,5,20,264,76.9,109.7,5.0,-14.84,1.121,-130.0,6,81,74.1,-15.0,5.0,-15.0,0.952,-110.0,3,不採用,37.7
ema_cross(EMA5/20),ema_cross,5,5,10時台,水,レンジのみ,なし,5,20,52,48.1,-10.0,5.0,-5.0,0.926,-50.0,7,19,47.4,-5.0,5.0,-5.0,0.9,-30.0,3,不採用,37.6
ema_cross(EMA5/20),ema_cross,5,8,全時間,月,レンジのみ,直近30分変動大,5,20,259,52.5,-304.0,5.0,-8.0,0.691,-322.0,7,128,56.2,-88.0,5.0,-8.0,0.804,-103.0,5,不採用,37.6
ema_cross(EMA5/20),ema_cross,5,8,全時間,金,下降のみ,ATR低,5,20,202,54.5,-180.3,5.0,-7.94,0.753,-222.3,5,68,57.4,-33.2,5.0,-7.87,0.855,-69.2,5,不採用,37.6
ema_cross(EMA5/20),ema_cross,5,8,東京(9-15),木,上昇のみ,直近30分変動大,5,20,93,60.2,-16.0,5.0,-8.0,0.946,-111.0,5,44,59.1,-14.0,5.0,-8.0,0.903,-69.0,3,不採用,37.6
ema_cross(EMA5/20),ema_cross,5,8,21時台,火,レンジのみ,直近30分変動大,5,20,18,72.2,25.0,5.0,-8.0,1.625,-16.0,2,8,62.5,1.0,5.0,-8.0,1.042,-11.0,1,不採用,37.6
ema_cross(EMA5/20),ema_cross,5,10,ロンドン(16-21),全曜日,なし,直近30分変動大,5,20,1357,62.6,-811.5,5.0,-9.98,0.84,-961.5,8,591,62.4,-375.0,5.0,-10.0,0.831,-385.0,6,不採用,37.6
ema_cross(EMA5/20),ema_cross,5,10,ロンドン(16-21),火,順方向のみ,なし,5,20,179,62.0,-125.0,5.0,-10.0,0.816,-155.0,5,72,62.5,-45.0,5.0,-10.0,0.833,-70.0,3,不採用,37.6
ema_cross(EMA5/20),ema_cross,5,10,ロンドン(16-21),木,なし,直近30分変動大,5,20,300,57.3,-420.0,5.0,-10.0,0.672,-470.0,7,113,61.1,-95.0,5.0,-10.0,0.784,-105.0,4,不採用,37.6
ema_cross(EMA5/20),ema_cross,5,10,NY(21-24),全曜日,なし,なし,5,20,1361,64.3,-359.1,4.99,-9.72,0.924,-414.1,7,547,62.3,-341.5,4.97,-9.89,0.832,-425.1,5,不採用,37.6
ema_cross(EMA5/20),ema_cross,5,10,9時台,金,なし,ATR低,5,20,59,74.6,70.0,5.0,-10.0,1.467,-35.0,4,15,66.7,0.0,5.0,-10.0,1.0,-15.0,1,不採用,37.6
ema_cross(EMA5/20),ema_cross,5,10,16時台,月,なし,直近30分変動大,5,20,65,67.7,10.0,5.0,-10.0,1.048,-40.0,3,43,65.1,-10.0,5.0,-10.0,0.933,-45.0,3,不採用,37.6
ema_cross(EMA5/20),ema_cross,5,12,東京(9-15),月,上昇のみ,なし,5,20,226,64.6,-230.0,5.0,-12.0,0.76,-279.0,4,84,66.7,-56.0,5.0,-12.0,0.833,-85.0,4,不採用,37.6
ema_cross(EMA5/20),ema_cross,5,12,東京(9-15),木,なし,なし,5,20,577,67.9,-260.0,5.0,-12.0,0.883,-401.0,5,255,67.8,-119.0,5.0,-12.0,0.879,-299.0,5,不採用,37.6
ema_cross(EMA5/20),ema_cross,5,15,9時台,火,下降のみ,なし,5,20,35,71.4,-25.0,5.0,-15.0,0.833,-75.0,3,14,71.4,-10.0,5.0,-15.0,0.833,-30.0,2,不採用,37.6
ema_cross(EMA5/20),ema_cross,5,5,NY(21-24),全曜日,上昇のみ,直近30分変動大,5,20,304,37.5,-380.0,5.0,-5.0,0.6,-410.0,14,128,44.5,-70.0,5.0,-5.0,0.803,-95.0,6,不採用,37.5
ema_cross(EMA5/20),ema_cross,5,8,東京(9-15),月,なし,ATR高,5,20,189,58.2,-82.0,5.0,-8.0,0.87,-148.0,4,86,58.1,-38.0,5.0,-8.0,0.868,-68.0,4,不採用,37.5
ema_cross(EMA5/20),ema_cross,5,10,東京(9-15),水,順方向のみ,ATR低,5,20,83,62.7,-43.1,5.0,-9.78,0.858,-85.0,2,24,62.5,-15.0,5.0,-10.0,0.833,-25.0,2,不採用,37.5
ema_cross(EMA5/20),ema_cross,5,10,21時台,全曜日,上昇のみ,ATR高,5,20,114,61.4,-84.0,5.0,-9.86,0.806,-140.0,4,21,61.9,-15.0,5.0,-10.0,0.812,-25.0,2,不採用,37.5
ema_cross(EMA5/20),ema_cross,5,12,全時間,金,上昇のみ,ATR低,5,20,248,68.1,-75.8,5.0,-11.66,0.918,-171.8,4,111,67.6,-54.7,4.94,-11.81,0.871,-133.0,3,不採用,37.5
ema_cross(EMA5/20),ema_cross,5,12,東京(9-15),木,レンジのみ,直近30分変動大,5,20,92,58.7,-186.0,5.0,-12.0,0.592,-212.0,6,41,65.9,-33.0,5.0,-12.0,0.804,-85.0,4,不採用,37.5
ema_cross(EMA5/20),ema_cross,5,12,9時台,月,順方向のみ,直近30分変動大,5,20,12,66.7,-8.0,5.0,-12.0,0.833,-24.0,2,6,66.7,-4.0,5.0,-12.0,0.833,-24.0,2,不採用,37.5
ema_cross(EMA5/20),ema_cross,5,15,9時台,水,なし,ATR高,5,20,28,60.7,-80.0,5.0,-15.0,0.515,-115.0,3,13,69.2,-15.0,5.0,-15.0,0.75,-45.0,3,不採用,37.5
ema_cross(EMA5/20),ema_cross,5,5,全時間,木,上昇のみ,なし,5,20,1107,43.8,-685.0,5.0,-5.0,0.78,-750.0,11,461,45.8,-195.0,5.0,-5.0,0.844,-225.0,12,不採用,37.4
ema_cross(EMA5/20),ema_cross,5,5,16時台,火,上昇のみ,直近30分変動大,5,20,29,44.8,-15.0,5.0,-5.0,0.812,-35.0,4,15,46.7,-5.0,5.0,-5.0,0.875,-30.0,4,不採用,37.4
ema_cross(EMA5/20),ema_cross,5,5,16時台,水,順方向のみ,なし,5,20,43,48.8,-5.0,5.0,-5.0,0.955,-60.0,9,22,50.0,0.0,5.0,-5.0,1.0,-30.0,6,不採用,37.4
ema_cross(EMA5/20),ema_cross,5,8,ロンドン(16-21),全曜日,順方向のみ,なし,5,20,972,58.1,-411.0,5.0,-7.95,0.873,-547.0,9,380,57.1,-219.0,5.0,-8.0,0.832,-296.0,6,不採用,37.4
ema_cross(EMA5/20),ema_cross,5,8,10時台,水,レンジのみ,なし,5,20,47,57.4,-25.0,5.0,-8.0,0.844,-72.0,3,19,57.9,-9.0,5.0,-8.0,0.859,-33.0,3,不採用,37.4
ema_cross(EMA5/20),ema_cross,5,10,東京(9-15),木,順方向のみ,ATR低,5,20,75,62.7,-45.0,5.0,-10.0,0.839,-80.0,3,24,62.5,-15.0,5.0,-10.0,0.833,-50.0,2,不採用,37.4
ema_cross(EMA5/20),ema_cross,5,10,NY(21-24),木,なし,ATR高,5,20,188,63.8,-65.0,5.0,-9.78,0.902,-140.0,5,35,62.9,-20.0,5.0,-10.0,0.846,-35.0,2,不採用,37.4
ema_cross(EMA5/20),ema_cross,5,12,東京(9-15),月,なし,直近30分変動大,5,20,271,66.4,-192.0,5.0,-12.0,0.824,-296.0,6,124,67.7,-60.0,5.0,-12.0,0.875,-131.0,5,不採用,37.4
ema_cross(EMA5/20),ema_cross,5,12,東京(9-15),火,上昇のみ,ATR高,5,20,41,63.4,-50.0,5.0,-12.0,0.722,-95.0,5,20,65.0,-19.0,5.0,-12.0,0.774,-40.0,2,不採用,37.4
ema_cross(EMA5/20),ema_cross,5,12,10時台,月,上昇のみ,なし,5,20,54,63.0,-70.0,5.0,-12.0,0.708,-105.0,4,17,64.7,-17.0,5.0,-12.0,0.764,-33.0,2,不採用,37.4
ema_cross(EMA5/20),ema_cross,5,12,10時台,火,下降のみ,直近30分変動大,5,20,16,68.8,-5.0,5.0,-12.0,0.917,-28.0,2,6,66.7,-4.0,5.0,-12.0,0.833,-12.0,1,不採用,37.4
ema_cross(EMA5/20),ema_cross,5,15,全時間,金,レンジのみ,直近30分変動大,5,20,314,70.4,-290.0,5.0,-15.0,0.792,-305.0,5,130,71.5,-77.8,5.0,-14.67,0.857,-190.0,4,不採用,37.4
ema_cross(EMA5/20),ema_cross,5,15,ロンドン(16-21),火,なし,なし,5,20,456,73.5,-122.9,5.0,-14.86,0.932,-250.0,4,186,72.0,-104.1,5.0,-14.89,0.866,-225.0,3,不採用,37.4
ema_cross(EMA5/20),ema_cross,5,8,22時台,全曜日,順方向のみ,直近30分変動大,5,20,105,49.5,-164.0,5.0,-8.0,0.613,-184.0,3,40,55.0,-34.0,5.0,-8.0,0.764,-41.0,4,不採用,37.3
ema_cross(EMA5/20),ema_cross,5,10,全時間,全曜日,下降のみ,直近30分変動大,5,20,2006,62.8,-1151.8,4.99,-9.98,0.845,-1181.8,10,921,63.4,-431.7,5.0,-9.95,0.871,-483.1,5,不採用,37.3
ema_cross(EMA5/20),ema_cross,5,10,21時台,火,なし,ATR高,5,20,60,66.7,6.0,5.0,-9.7,1.031,-45.0,4,11,63.6,-5.0,5.0,-10.0,0.875,-20.0,1,不採用,37.3
ema_cross(EMA5/20),ema_cross,5,12,ロンドン(16-21),全曜日,レンジのみ,ATR高,5,20,258,67.8,-121.0,5.0,-12.0,0.879,-204.0,4,78,66.7,-52.0,5.0,-12.0,0.833,-92.0,2,不採用,37.3
ema_cross(EMA5/20),ema_cross,5,12,9時台,木,上昇のみ,なし,5,20,46,78.3,60.0,5.0,-12.0,1.5,-40.0,3,18,72.2,5.0,5.0,-12.0,1.083,-36.0,3,不採用,37.3
ema_cross(EMA5/20),ema_cross,5,12,22時台,火,なし,直近30分変動大,5,20,81,53.1,-225.5,5.0,-11.59,0.488,-263.5,6,35,65.7,-29.0,5.0,-12.0,0.799,-80.0,4,不採用,37.3
ema_cross(EMA5/20),ema_cross,5,5,東京(9-15),月,上昇のみ,ATR低,5,20,86,50.0,0.0,5.0,-5.0,1.0,-35.0,5,33,48.5,-5.0,5.0,-5.0,0.941,-30.0,4,不採用,37.2
ema_cross(EMA5/20),ema_cross,5,5,22時台,火,なし,ATR低,5,20,14,57.1,10.0,5.0,-5.0,1.333,-10.0,2,6,50.0,0.0,5.0,-5.0,1.0,-5.0,2,不採用,37.2
ema_cross(EMA5/20),ema_cross,5,8,全時間,金,上昇のみ,ATR低,5,20,291,58.4,-106.4,5.0,-7.9,0.889,-132.4,5,140,58.6,-54.0,5.0,-8.0,0.884,-135.0,5,不採用,37.2
ema_cross(EMA5/20),ema_cross,5,15,東京(9-15),月,なし,ATR低,5,20,149,77.2,60.2,4.96,-15.0,1.118,-105.0,4,45,73.3,-15.0,5.0,-15.0,0.917,-45.0,2,不採用,37.2
ema_cross(EMA5/20),ema_cross,5,15,ロンドン(16-21),全曜日,下降のみ,直近30分変動大,5,20,466,71.0,-365.1,5.0,-14.96,0.819,-475.0,6,202,72.3,-102.0,5.0,-14.86,0.877,-207.0,6,不採用,37.2
ema_cross(EMA5/20),ema_cross,5,15,NY(21-24),全曜日,なし,なし,5,20,1257,72.0,-366.3,4.98,-13.84,0.925,-505.3,6,494,70.9,-348.5,4.96,-14.48,0.833,-492.9,4,不採用,37.2
ema_cross(EMA5/20),ema_cross,5,5,NY(21-24),水,上昇のみ,直近30分変動大,5,20,37,35.1,-55.0,5.0,-5.0,0.542,-60.0,4,28,46.4,-10.0,5.0,-5.0,0.867,-35.0,6,不採用,37.1
ema_cross(EMA5/20),ema_cross,5,5,22時台,全曜日,順方向のみ,直近30分変動大,5,20,105,42.9,-75.0,5.0,-5.0,0.75,-80.0,4,40,45.0,-20.0,5.0,-5.0,0.818,-30.0,4,不採用,37.1
ema_cross(EMA5/20),ema_cross,5,10,ロンドン(16-21),木,上昇のみ,なし,5,20,194,64.9,-50.0,5.0,-10.0,0.926,-120.0,4,96,62.5,-50.9,5.0,-9.75,0.855,-75.9,3,不採用,37.1
ema_cross(EMA5/20),ema_cross,5,15,全時間,木,レンジのみ,なし,5,20,565,70.6,-478.4,4.99,-14.87,0.806,-599.8,6,222,71.2,-162.1,5.0,-14.88,0.83,-222.1,4,不採用,37.1
ema_cross(EMA5/20),ema_cross,5,15,東京(9-15),木,なし,なし,5,20,539,72.9,-225.0,5.0,-15.0,0.897,-375.0,4,236,72.5,-120.0,5.0,-15.0,0.877,-330.0,4,不採用,37.1
ema_cross(EMA5/20),ema_cross,5,5,全時間,全曜日,レンジのみ,ATR高,5,20,1181,45.2,-562.1,5.0,-5.0,0.826,-572.1,8,391,44.8,-205.0,5.0,-5.0,0.81,-215.0,8,不採用,37.0
ema_cross(EMA5/20),ema_cross,5,5,全時間,火,下降のみ,直近30分変動大,5,20,350,48.9,-40.0,5.0,-5.0,0.955,-100.0,7,166,49.4,-10.0,5.0,-5.0,0.976,-115.0,9,不採用,37.0
ema_cross(EMA5/20),ema_cross,5,5,NY(21-24),月,下降のみ,なし,5,20,87,47.1,-25.0,5.0,-5.0,0.891,-55.0,10,35,48.6,-9.6,4.73,-5.0,0.893,-40.0,4,不採用,37.0
ema_cross(EMA5/20),ema_cross,5,5,16時台,月,順方向のみ,なし,5,20,34,55.9,20.0,5.0,-5.0,1.267,-20.0,4,22,50.0,0.0,5.0,-5.0,1.0,-20.0,3,不採用,37.0
ema_cross(EMA5/20),ema_cross,5,8,9時台,月,下降のみ,なし,5,20,31,64.5,12.0,5.0,-8.0,1.136,-24.0,3,15,60.0,-3.0,5.0,-8.0,0.938,-30.0,2,不採用,37.0
ema_cross(EMA5/20),ema_cross,5,8,22時台,月,順方向のみ,直近30分変動大,5,20,9,66.7,6.0,5.0,-8.0,1.25,-11.0,2,5,60.0,-1.0,5.0,-8.0,0.938,-8.0,1,不採用,37.0
ema_cross(EMA5/20),ema_cross,5,10,全時間,火,順方向のみ,なし,5,20,825,58.9,-954.0,5.0,-9.98,0.718,-979.0,6,301,61.5,-235.0,5.0,-10.0,0.797,-280.0,5,不採用,37.0
ema_cross(EMA5/20),ema_cross,5,10,全時間,水,上昇のみ,なし,5,20,897,61.3,-699.8,5.0,-9.94,0.797,-749.8,6,390,62.1,-266.3,5.0,-9.97,0.82,-330.0,6,不採用,37.0
ema_cross(EMA5/20),ema_cross,5,10,16時台,全曜日,なし,直近30分変動大,5,20,354,65.5,-51.5,5.0,-9.93,0.957,-131.5,4,171,63.2,-90.0,5.0,-10.0,0.857,-110.0,4,不採用,37.0
ema_cross(EMA5/20),ema_cross,5,15,ロンドン(16-21),木,順方向のみ,直近30分変動大,5,20,58,74.1,-10.0,5.0,-15.0,0.956,-105.0,3,28,71.4,-20.0,5.0,-15.0,0.833,-30.0,1,不採用,37.0
ema_cross(EMA5/20),ema_cross,5,5,全時間,木,上昇のみ,ATR高,5,20,340,42.9,-240.0,5.0,-5.0,0.753,-250.0,10,96,45.8,-40.0,5.0,-5.0,0.846,-65.0,6,不採用,36.9
ema_cross(EMA5/20),ema_cross,5,5,10時台,木,上昇のみ,ATR高,5,20,15,60.0,15.0,5.0,-5.0,1.5,-10.0,2,2,50.0,0.0,5.0,-5.0,1.0,0.0,1,不採用,36.9
ema_cross(EMA5/20),ema_cross,5,8,全時間,火,順方向のみ,ATR低,5,20,349,53.0,-387.0,5.0,-8.0,0.705,-400.0,6,111,55.9,-82.0,5.0,-8.0,0.791,-120.0,4,不採用,36.9
ema_cross(EMA5/20),ema_cross,5,10,ロンドン(16-21),木,なし,なし,5,20,559,62.6,-340.0,5.0,-10.0,0.837,-435.0,7,202,62.9,-105.9,5.0,-9.88,0.857,-145.9,6,不採用,36.9
ema_cross(EMA5/20),ema_cross,5,12,22時台,水,順方向のみ,直近30分変動大,5,20,17,70.6,7.6,5.0,-10.48,1.145,-26.0,1,13,69.2,-3.0,5.0,-12.0,0.938,-24.0,2,不採用,36.9
ema_cross(EMA5/20),ema_cross,5,15,ロンドン(16-21),全曜日,上昇のみ,ATR低,5,20,199,71.4,-70.6,5.0,-13.69,0.91,-99.4,3,91,69.2,-54.1,5.0,-13.18,0.853,-80.0,3,不採用,36.9
ema_cross(EMA5/20),ema_cross,5,15,ロンドン(16-21),金,順方向のみ,ATR高,5,20,72,63.9,-160.0,5.0,-15.0,0.59,-190.0,3,26,69.2,-30.0,5.0,-15.0,0.75,-85.0,3,不採用,36.9
ema_cross(EMA5/20),ema_cross,5,5,全時間,月,なし,なし,5,20,2164,44.9,-1101.6,4.99,-5.0,0.815,-1201.7,11,858,45.9,-354.6,4.99,-5.0,0.847,-375.0,8,不採用,36.8
ema_cross(EMA5/20),ema_cross,5,5,16時台,火,下降のみ,なし,5,20,50,34.0,-80.0,5.0,-5.0,0.515,-120.0,18,14,42.9,-10.0,5.0,-5.0,0.75,-20.0,4,不採用,36.8
ema_cross(EMA5/20),ema_cross,5,8,ロンドン(16-21),木,下降のみ,なし,5,20,228,55.3,-186.0,5.0,-8.0,0.772,-248.0,6,66,56.1,-47.0,5.0,-8.0,0.797,-57.0,3,不採用,36.8
ema_cross(EMA5/20),ema_cross,5,10,全時間,木,下降のみ,なし,5,20,830,64.1,-302.4,5.0,-9.94,0.898,-460.0,4,355,62.8,-205.0,5.0,-10.0,0.845,-285.0,6,不採用,36.8
ema_cross(EMA5/20),ema_cross,5,10,10時台,木,上昇のみ,ATR低,5,20,4,75.0,5.0,5.0,-10.0,1.5,-10.0,1,3,66.7,0.0,5.0,-10.0,1.0,-10.0,1,不採用,36.8
ema_cross(EMA5/20),ema_cross,5,10,10時台,金,上昇のみ,なし,5,20,43,60.5,-40.0,5.0,-10.0,0.765,-90.0,3,18,61.1,-15.0,5.0,-10.0,0.786,-40.0,2,不採用,36.8
ema_cross(EMA5/20),ema_cross,5,10,10時台,金,下降のみ,ATR高,5,20,18,77.8,30.0,5.0,-10.0,1.75,-15.0,2,13,69.2,5.0,5.0,-10.0,1.125,-25.0,3,不採用,36.8
ema_cross(EMA5/20),ema_cross,5,10,22時台,全曜日,順方向のみ,直近30分変動大,5,20,105,58.1,-126.0,5.0,-9.8,0.708,-150.0,3,39,61.5,-30.0,5.0,-10.0,0.8,-40.0,4,不採用,36.8
ema_cross(EMA5/20),ema_cross,5,12,全時間,火,順方向のみ,直近30分変動大,5,20,232,60.8,-387.0,5.0,-12.0,0.646,-447.0,5,107,64.5,-111.0,5.0,-12.0,0.757,-152.0,3,不採用,36.8
ema_cross(EMA5/20),ema_cross,5,12,東京(9-15),木,上昇のみ,直近30分変動大,5,20,90,71.1,8.0,5.0,-12.0,1.026,-82.0,2,42,69.0,-11.0,5.0,-12.0,0.929,-92.0,3,不採用,36.8
ema_cross(EMA5/20),ema_cross,5,15,9時台,木,レンジのみ,直近30分変動大,5,20,24,75.0,0.0,5.0,-15.0,1.0,-40.0,2,11,72.7,-5.0,5.0,-15.0,0.889,-30.0,2,不採用,36.8
ema_cross(EMA5/20),ema_cross,5,5,全時間,月,下降のみ,ATR高,5,20,277,43.0,-195.0,5.0,-5.0,0.753,-220.0,7,85,45.9,-35.0,5.0,-5.0,0.848,-60.0,6,不採用,36.7
ema_cross(EMA5/20),ema_cross,5,5,16時台,金,下降のみ,ATR高,5,20,30,36.7,-40.0,5.0,-5.0,0.579,-45.0,3,5,40.0,-5.0,5.0,-5.0,0.667,-5.0,2,不採用,36.7
ema_cross(EMA5/20),ema_cross,5,8,全時間,木,なし,直近30分変動大,5,20,1206,56.1,-860.0,5.0,-8.0,0.797,-1032.0,8,531,56.1,-374.0,5.0,-8.0,0.799,-404.0,6,不採用,36.7
ema_cross(EMA5/20),ema_cross,5,8,NY(21-24),金,順方向のみ,直近30分変動大,5,20,64,50.0,-96.0,5.0,-8.0,0.625,-98.0,5,20,55.0,-17.0,5.0,-8.0,0.764,-43.0,4,不採用,36.7
ema_cross(EMA5/20),ema_cross,5,10,21時台,全曜日,上昇のみ,なし,5,20,321,69.8,178.9,5.0,-9.7,1.19,-80.0,5,121,64.5,-40.0,5.0,-10.0,0.907,-80.0,3,不採用,36.7
ema_cross(EMA5/20),ema_cross,5,12,全時間,水,上昇のみ,直近30分変動大,5,20,370,64.1,-411.0,5.0,-12.0,0.742,-431.0,5,191,66.0,-146.0,5.0,-11.94,0.812,-234.0,4,不採用,36.7
ema_cross(EMA5/20),ema_cross,5,12,東京(9-15),全曜日,順方向のみ,直近30分変動大,5,20,269,64.7,-270.0,5.0,-12.0,0.763,-343.0,4,136,66.2,-102.0,5.0,-12.0,0.815,-137.0,4,不採用,36.7
ema_cross(EMA5/20),ema_cross,5,12,22時台,全曜日,順方向のみ,直近30分変動大,5,20,105,63.8,-102.4,5.0,-11.51,0.766,-145.0,3,39,66.7,-26.0,5.0,-12.0,0.833,-51.0,4,不採用,36.7
ema_cross(EMA5/20),ema_cross,5,15,NY(21-24),水,なし,直近30分変動大,5,20,122,67.2,-166.9,5.0,-14.42,0.711,-195.0,3,64,70.3,-60.0,5.0,-15.0,0.789,-105.0,3,不採用,36.7
ema_cross(EMA5/20),ema_cross,5,5,16時台,金,なし,ATR低,5,20,25,40.0,-25.0,5.0,-5.0,0.667,-25.0,3,7,42.9,-5.0,5.0,-5.0,0.75,-15.0,3,不採用,36.6
ema_cross(EMA5/20),ema_cross,5,8,16時台,月,上昇のみ,直近30分変動大,5,20,17,58.8,-6.0,5.0,-8.0,0.893,-23.0,2,14,57.1,-8.0,5.0,-8.0,0.833,-19.0,2,不採用,36.6
ema_cross(EMA5/20),ema_cross,5,8,16時台,木,なし,ATR高,5,20,60,58.3,-25.0,5.0,-8.0,0.875,-46.0,4,26,57.7,-13.0,5.0,-8.0,0.852,-28.0,3,不採用,36.6
ema_cross(EMA5/20),ema_cross,5,10,ロンドン(16-21),月,レンジのみ,ATR高,5,20,61,50.8,-145.0,5.0,-10.0,0.517,-185.0,7,24,58.3,-30.0,5.0,-10.0,0.7,-35.0,3,不採用,36.6
ema_cross(EMA5/20),ema_cross,5,10,ロンドン(16-21),水,なし,ATR低,5,20,89,66.3,3.3,5.0,-9.72,1.011,-76.7,3,31,64.5,-10.0,5.0,-10.0,0.909,-45.0,3,不採用,36.6
ema_cross(EMA5/20),ema_cross,5,10,ロンドン(16-21),木,下降のみ,ATR高,5,20,136,58.1,-175.0,5.0,-10.0,0.693,-215.0,6,33,60.6,-30.0,5.0,-10.0,0.769,-55.0,3,不採用,36.6
ema_cross(EMA5/20),ema_cross,5,12,9時台,火,順方向のみ,直近30分変動大,5,20,10,70.0,-1.0,5.0,-12.0,0.972,-24.0,3,3,66.7,-2.0,5.0,-12.0,0.833,0.0,1,不採用,36.6
ema_cross(EMA5/20),ema_cross,5,15,ロンドン(16-21),木,なし,直近30分変動大,5,20,284,68.3,-380.0,5.0,-15.0,0.719,-430.0,5,109,70.6,-95.0,5.0,-15.0,0.802,-120.0,4,不採用,36.6
ema_cross(EMA5/20),ema_cross,5,15,ロンドン(16-21),木,上昇のみ,なし,5,20,172,74.4,17.8,5.0,-14.14,1.029,-110.0,3,83,72.3,-30.9,5.0,-14.39,0.907,-120.9,3,不採用,36.6
ema_cross(EMA5/20),ema_cross,5,5,全時間,全曜日,順方向のみ,ATR低,5,20,1568,44.6,-843.0,4.97,-4.98,0.805,-868.4,12,566,44.5,-305.1,5.0,-4.98,0.805,-375.0,8,不採用,36.5
ema_cross(EMA5/20),ema_cross,5,5,全時間,金,上昇のみ,ATR高,5,20,379,40.4,-365.0,5.0,-5.0,0.677,-370.0,8,110,44.5,-60.0,5.0,-5.0,0.803,-100.0,6,不採用,36.5
ema_cross(EMA5/20),ema_cross,5,5,東京(9-15),金,順方向のみ,なし,5,20,221,55.7,125.0,5.0,-5.0,1.255,-70.0,6,82,50.0,0.0,5.0,-5.0,1.0,-50.0,5,不採用,36.5
ema_cross(EMA5/20),ema_cross,5,5,ロンドン(16-21),全曜日,なし,ATR高,5,20,1287,44.4,-725.0,5.0,-5.0,0.797,-745.0,10,436,45.2,-210.0,5.0,-5.0,0.824,-265.0,10,不採用,36.5
ema_cross(EMA5/20),ema_cross,5,10,NY(21-24),火,順方向のみ,なし,5,20,98,62.2,-59.0,5.0,-9.84,0.838,-165.0,4,40,62.5,-25.0,5.0,-10.0,0.833,-50.0,3,不採用,36.5
ema_cross(EMA5/20),ema_cross,5,10,16時台,月,上昇のみ,ATR低,5,20,17,58.8,-20.0,5.0,-10.0,0.714,-30.0,2,5,60.0,-5.0,5.0,-10.0,0.75,-20.0,2,不採用,36.5
ema_cross(EMA5/20),ema_cross,5,10,21時台,木,なし,ATR高,5,20,92,65.2,-20.0,5.0,-10.0,0.938,-105.0,5,19,63.2,-10.0,5.0,-10.0,0.857,-40.0,2,不採用,36.5
ema_cross(EMA5/20),ema_cross,5,12,東京(9-15),木,上昇のみ,なし,5,20,184,67.9,-83.0,5.0,-12.0,0.883,-138.0,3,71,67.6,-36.0,5.0,-12.0,0.87,-147.0,3,不採用,36.5
ema_cross(EMA5/20),ema_cross,5,12,ロンドン(16-21),金,なし,なし,5,20,471,68.6,-141.4,5.0,-11.87,0.919,-210.4,4,207,68.1,-80.1,5.0,-11.9,0.898,-146.1,7,不採用,36.5
ema_cross(EMA5/20),ema_cross,5,12,NY(21-24),金,順方向のみ,なし,5,20,116,62.9,-128.9,5.0,-11.49,0.739,-174.9,4,40,65.0,-27.2,5.0,-11.23,0.827,-85.0,4,不採用,36.5
ema_cross(EMA5/20),ema_cross,5,12,22時台,全曜日,なし,直近30分変動大,5,20,381,63.5,-411.9,4.98,-11.63,0.745,-441.9,7,163,66.3,-115.4,4.96,-11.83,0.823,-168.6,5,不採用,36.5
ema_cross(EMA5/20),ema_cross,5,15,東京(9-15),木,レンジのみ,ATR低,5,20,69,62.3,-179.6,4.89,-15.0,0.539,-175.0,5,19,68.4,-25.0,5.0,-15.0,0.722,-65.0,3,不採用,36.5
ema_cross(EMA5/20),ema_cross,5,5,全時間,火,なし,ATR低,5,20,1023,42.9,-725.0,5.0,-5.0,0.752,-760.0,9,367,44.1,-215.0,5.0,-5.0,0.79,-215.0,8,不採用,36.4
ema_cross(EMA5/20),ema_cross,5,5,東京(9-15),水,下降のみ,直近30分変動大,5,20,75,48.0,-15.0,5.0,-5.0,0.923,-50.0,7,34,47.1,-10.0,5.0,-5.0,0.889,-25.0,4,不採用,36.4
ema_cross(EMA5/20),ema_cross,5,8,全時間,金,なし,なし,5,20,2515,57.7,-1244.0,5.0,-7.98,0.854,-1238.2,10,1055,59.0,-348.8,5.0,-7.99,0.899,-406.8,9,不採用,36.4
ema_cross(EMA5/20),ema_cross,5,8,21時台,火,なし,なし,5,20,156,63.5,43.0,5.0,-7.93,1.095,-49.0,4,63,60.3,-10.0,5.0,-8.0,0.95,-76.0,4,不採用,36.4
ema_cross(EMA5/20),ema_cross,5,12,東京(9-15),全曜日,なし,ATR低,5,20,933,68.3,-357.7,4.99,-11.95,0.899,-456.4,6,298,67.4,-159.0,5.0,-12.0,0.863,-274.0,6,不採用,36.4
ema_cross(EMA5/20),ema_cross,5,12,ロンドン(16-21),月,上昇のみ,直近30分変動大,5,20,88,62.5,-121.0,5.0,-12.0,0.694,-184.0,4,34,64.7,-34.0,5.0,-12.0,0.764,-45.0,3,不採用,36.4
ema_cross(EMA5/20),ema_cross,5,12,21時台,水,レンジのみ,ATR低,5,20,6,50.0,-21.0,5.0,-12.0,0.417,-31.0,2,5,60.0,-9.0,5.0,-12.0,0.625,-12.0,2,不採用,36.4
ema_cross(EMA5/20),ema_cross,5,15,全時間,月,下降のみ,直近30分変動大,5,20,283,71.0,-217.1,5.0,-14.9,0.822,-255.0,6,130,70.8,-102.0,5.0,-14.79,0.819,-147.0,3,不採用,36.4
ema_cross(EMA5/20),ema_cross,5,5,東京(9-15),金,なし,ATR低,5,20,226,51.8,40.0,5.0,-5.0,1.073,-70.0,10,79,49.4,-5.0,5.0,-5.0,0.975,-50.0,6,不採用,36.3
ema_cross(EMA5/20),ema_cross,5,5,NY(21-24),火,下降のみ,なし,5,20,105,43.8,-65.0,5.0,-5.0,0.78,-90.0,6,39,46.2,-15.0,5.0,-5.0,0.857,-55.0,5,不採用,36.3
ema_cross(EMA5/20),ema_cross,5,5,16時台,火,レンジのみ,ATR高,5,20,11,45.5,-5.0,5.0,-5.0,0.833,-10.0,2,11,45.5,-5.0,5.0,-5.0,0.833,-20.0,3,不採用,36.3
ema_cross(EMA5/20),ema_cross,5,5,22時台,水,上昇のみ,直近30分変動大,5,20,22,27.3,-50.0,5.0,-5.0,0.375,-50.0,5,19,42.1,-15.0,5.0,-5.0,0.727,-20.0,4,不採用,36.3
ema_cross(EMA5/20),ema_cross,5,8,10時台,水,下降のみ,ATR高,5,20,15,40.0,-42.0,5.0,-8.0,0.417,-43.0,4,4,50.0,-6.0,5.0,-8.0,0.625,-16.0,2,不採用,36.3
ema_cross(EMA5/20),ema_cross,5,8,16時台,月,なし,直近30分変動大,5,20,65,60.0,-13.0,5.0,-8.0,0.938,-38.0,3,43,60.5,-6.0,5.0,-8.0,0.956,-48.0,6,不採用,36.3
ema_cross(EMA5/20),ema_cross,5,10,東京(9-15),水,なし,ATR低,5,20,223,65.5,-40.0,5.0,-10.0,0.948,-145.0,5,75,64.0,-30.0,5.0,-10.0,0.889,-75.0,4,不採用,36.3
ema_cross(EMA5/20),ema_cross,5,10,22時台,全曜日,なし,なし,5,20,673,60.0,-575.5,4.96,-9.59,0.777,-590.5,7,275,61.8,-186.5,4.95,-9.78,0.818,-220.1,6,不採用,36.3
ema_cross(EMA5/20),ema_cross,5,12,ロンドン(16-21),火,順方向のみ,なし,5,20,175,66.9,-114.9,4.97,-12.0,0.835,-163.0,4,68,66.2,-48.7,5.0,-11.9,0.822,-68.0,3,不採用,36.3
ema_cross(EMA5/20),ema_cross,5,12,16時台,木,なし,ATR高,5,20,58,62.1,-84.0,5.0,-12.0,0.682,-107.0,4,22,63.6,-26.0,5.0,-12.0,0.729,-31.0,2,不採用,36.3
ema_cross(EMA5/20),ema_cross,5,15,ロンドン(16-21),火,順方向のみ,ATR低,5,20,23,56.5,-85.0,5.0,-15.0,0.433,-70.0,2,11,63.6,-19.7,5.0,-13.68,0.64,-35.0,2,不採用,36.3
ema_cross(EMA5/20),ema_cross,5,15,9時台,金,上昇のみ,なし,5,20,44,79.5,40.0,5.0,-15.0,1.296,-35.0,1,19,73.7,-5.0,5.0,-15.0,0.933,-35.0,1,不採用,36.3
ema_cross(EMA5/20),ema_cross,5,15,10時台,月,レンジのみ,ATR高,5,20,17,82.4,25.0,5.0,-15.0,1.556,-25.0,1,4,75.0,0.0,5.0,-15.0,1.0,-15.0,1,不採用,36.3
ema_cross(EMA5/20),ema_cross,5,5,全時間,月,上昇のみ,ATR低,5,20,255,40.8,-235.0,5.0,-5.0,0.689,-255.0,8,75,44.0,-45.0,5.0,-5.0,0.786,-60.0,5,不採用,36.2
ema_cross(EMA5/20),ema_cross,5,5,全時間,火,レンジのみ,なし,5,20,798,46.5,-280.0,5.0,-5.0,0.869,-345.0,10,344,46.8,-110.0,5.0,-5.0,0.88,-250.0,10,不採用,36.2
ema_cross(EMA5/20),ema_cross,5,5,全時間,金,上昇のみ,なし,5,20,1146,42.0,-915.4,5.0,-4.99,0.724,-925.4,10,512,44.1,-300.0,5.0,-5.0,0.79,-320.0,10,不採用,36.2
ema_cross(EMA5/20),ema_cross,5,5,東京(9-15),全曜日,下降のみ,直近30分変動大,5,20,488,46.5,-170.0,5.0,-5.0,0.87,-240.0,12,228,45.2,-110.0,5.0,-5.0,0.824,-120.0,6,不採用,36.2
ema_cross(EMA5/20),ema_cross,5,5,ロンドン(16-21),全曜日,上昇のみ,ATR低,5,20,258,46.1,-96.7,5.0,-4.98,0.86,-146.7,7,119,47.9,-25.0,5.0,-5.0,0.919,-65.0,8,不採用,36.2
ema_cross(EMA5/20),ema_cross,5,5,ロンドン(16-21),金,順方向のみ,ATR低,5,20,38,42.1,-30.0,5.0,-5.0,0.727,-45.0,4,18,44.4,-10.0,5.0,-5.0,0.8,-20.0,4,不採用,36.2
ema_cross(EMA5/20),ema_cross,5,5,21時台,木,上昇のみ,なし,5,20,72,51.4,10.0,5.0,-5.0,1.057,-55.0,4,31,48.4,-5.0,5.0,-5.0,0.938,-20.0,4,不採用,36.2
ema_cross(EMA5/20),ema_cross,5,8,東京(9-15),水,下降のみ,なし,5,20,182,65.4,91.0,5.0,-8.0,1.181,-75.0,6,74,59.5,-20.0,5.0,-8.0,0.917,-44.0,3,不採用,36.2
ema_cross(EMA5/20),ema_cross,5,10,9時台,金,上昇のみ,ATR低,5,20,25,76.0,35.0,5.0,-10.0,1.583,-35.0,3,6,66.7,0.0,5.0,-10.0,1.0,-10.0,1,不採用,36.2
ema_cross(EMA5/20),ema_cross,5,12,ロンドン(16-21),水,なし,ATR高,5,20,197,65.0,-188.0,5.0,-12.0,0.773,-246.0,7,82,65.9,-66.0,5.0,-12.0,0.804,-117.0,3,不採用,36.2
ema_cross(EMA5/20),ema_cross,5,15,全時間,木,なし,なし,5,20,1925,73.3,-581.3,5.0,-14.85,0.924,-1052.3,4,816,72.7,-358.0,5.0,-14.9,0.892,-532.1,6,不採用,36.2
ema_cross(EMA5/20),ema_cross,5,5,16時台,火,下降のみ,ATR高,5,20,20,25.0,-50.0,5.0,-5.0,0.333,-55.0,10,5,40.0,-5.0,5.0,-5.0,0.667,-10.0,3,不採用,36.1
ema_cross(EMA5/20),ema_cross,5,5,21時台,火,順方向のみ,直近30分変動大,5,20,17,58.8,15.0,5.0,-5.0,1.429,-10.0,2,6,50.0,0.0,5.0,-5.0,1.0,-10.0,2,不採用,36.1
ema_cross(EMA5/20),ema_cross,5,5,22時台,全曜日,なし,なし,5,20,755,41.9,-601.6,4.98,-4.95,0.723,-624.3,13,302,43.7,-194.6,4.97,-5.0,0.771,-240.0,6,不採用,36.1
ema_cross(EMA5/20),ema_cross,5,8,ロンドン(16-21),全曜日,レンジのみ,ATR高,5,20,293,58.4,-121.0,5.0,-8.0,0.876,-150.0,5,85,57.6,-43.0,5.0,-8.0,0.851,-78.0,4,不採用,36.1
ema_cross(EMA5/20),ema_cross,5,8,21時台,月,レンジのみ,なし,5,20,29,69.0,28.0,5.0,-8.0,1.389,-24.0,3,18,61.1,-1.0,5.0,-8.0,0.982,-22.0,2,不採用,36.1
ema_cross(EMA5/20),ema_cross,5,8,22時台,木,下降のみ,なし,5,20,44,56.8,-20.4,5.0,-7.65,0.86,-34.4,2,9,55.6,-7.0,5.0,-8.0,0.781,-14.0,1,不採用,36.1
ema_cross(EMA5/20),ema_cross,5,12,10時台,水,上昇のみ,直近30分変動大,5,20,24,66.7,-16.0,5.0,-12.0,0.833,-49.0,2,12,66.7,-8.0,5.0,-12.0,0.833,-31.0,3,不採用,36.1
ema_cross(EMA5/20),ema_cross,5,15,東京(9-15),水,なし,なし,5,20,540,71.5,-364.1,5.0,-14.9,0.841,-483.4,5,219,71.2,-165.0,5.0,-15.0,0.825,-205.0,4,不採用,36.1
ema_cross(EMA5/20),ema_cross,5,5,全時間,火,下降のみ,ATR高,5,20,302,41.1,-270.0,5.0,-5.0,0.697,-305.0,11,117,45.3,-55.0,5.0,-5.0,0.828,-110.0,7,不採用,36.0
ema_cross(EMA5/20),ema_cross,5,5,ロンドン(16-21),金,レンジのみ,直近30分変動大,5,20,65,49.2,-5.0,5.0,-5.0,0.97,-30.0,3,30,46.7,-10.0,5.0,-5.0,0.875,-30.0,3,不採用,36.0
ema_cross(EMA5/20),ema_cross,5,8,全時間,水,なし,ATR高,5,20,803,54.2,-769.0,5.0,-8.0,0.739,-801.0,8,321,55.5,-254.0,5.0,-8.0,0.778,-273.0,5,不採用,36.0
ema_cross(EMA5/20),ema_cross,5,8,東京(9-15),全曜日,上昇のみ,直近30分変動大,5,20,494,54.7,-442.0,5.0,-8.0,0.753,-539.0,7,252,56.0,-183.0,5.0,-8.0,0.794,-226.0,5,不採用,36.0
ema_cross(EMA5/20),ema_cross,5,8,ロンドン(16-21),火,なし,ATR低,5,20,74,64.9,32.0,5.0,-8.0,1.154,-50.0,3,36,61.1,-2.0,5.0,-8.0,0.982,-65.0,4,不採用,36.0
ema_cross(EMA5/20),ema_cross,5,12,NY(21-24),月,レンジのみ,ATR低,5,20,10,60.0,-0.3,5.0,-7.57,0.99,-12.0,2,3,66.7,-2.0,5.0,-12.0,0.833,-12.0,1,不採用,36.0
ema_cross(EMA5/20),ema_cross,5,12,9時台,金,なし,なし,5,20,157,74.5,105.0,5.0,-12.0,1.219,-91.0,3,51,68.6,-17.0,5.0,-12.0,0.911,-38.0,2,不採用,36.0
ema_cross(EMA5/20),ema_cross,5,12,21時台,木,下降のみ,なし,5,20,63,68.3,-25.0,5.0,-12.0,0.896,-62.0,3,15,66.7,-10.0,5.0,-12.0,0.833,-43.0,2,不採用,36.0
ema_cross(EMA5/20),ema_cross,5,15,ロンドン(16-21),木,レンジのみ,なし,5,20,145,71.7,-77.6,5.0,-14.58,0.87,-185.0,4,45,71.1,-35.0,5.0,-15.0,0.821,-80.0,2,不採用,36.0
ema_cross(EMA5/20),ema_cross,5,5,22時台,月,レンジのみ,なし,5,20,44,29.5,-91.6,4.62,-4.89,0.396,-91.7,11,16,43.8,-10.0,5.0,-5.0,0.778,-25.0,5,不採用,35.9
ema_cross(EMA5/20),ema_cross,5,8,全時間,木,順方向のみ,ATR高,5,20,326,58.3,-138.0,5.0,-8.0,0.873,-216.0,5,89,57.3,-49.0,5.0,-8.0,0.839,-63.0,4,不採用,35.9
ema_cross(EMA5/20),ema_cross,5,8,NY(21-24),月,なし,直近30分変動大,5,20,120,62.5,15.0,5.0,-8.0,1.042,-80.0,4,47,59.6,-12.0,5.0,-8.0,0.921,-42.0,4,不採用,35.9
ema_cross(EMA5/20),ema_cross,5,10,全時間,木,順方向のみ,ATR高,5,20,322,62.4,-196.0,5.0,-9.93,0.837,-310.0,5,88,62.5,-55.0,5.0,-10.0,0.833,-80.0,4,不採用,35.9
ema_cross(EMA5/20),ema_cross,5,10,NY(21-24),火,順方向のみ,ATR高,5,20,52,50.0,-124.0,5.0,-9.77,0.512,-160.0,4,9,55.6,-15.0,5.0,-10.0,0.625,-35.0,2,不採用,35.9
ema_cross(EMA5/20),ema_cross,5,10,9時台,金,レンジのみ,ATR低,5,20,17,76.5,25.0,5.0,-10.0,1.625,-10.0,1,6,66.7,0.0,5.0,-10.0,1.0,-10.0,1,不採用,35.9
ema_cross(EMA5/20),ema_cross,5,10,21時台,月,なし,ATR低,5,20,25,72.0,34.7,5.0,-7.9,1.627,-10.0,1,9,66.7,0.0,5.0,-10.0,1.0,-15.0,1,不採用,35.9
ema_cross(EMA5/20),ema_cross,5,12,9時台,全曜日,順方向のみ,なし,5,20,205,67.3,-114.0,5.0,-12.0,0.858,-204.0,4,98,66.3,-71.0,5.0,-12.0,0.821,-103.0,3,不採用,35.9
ema_cross(EMA5/20),ema_cross,5,12,21時台,月,レンジのみ,なし,5,20,26,76.9,32.1,5.0,-11.32,1.473,-33.0,2,17,70.6,0.0,5.0,-12.0,1.0,-24.0,2,不採用,35.9
ema_cross(EMA5/20),ema_cross,5,5,全時間,月,下降のみ,なし,5,20,690,47.0,-210.0,5.0,-5.0,0.885,-290.0,10,288,45.8,-124.6,4.97,-5.0,0.84,-140.0,8,不採用,35.8
ema_cross(EMA5/20),ema_cross,5,8,全時間,水,下降のみ,ATR高,5,20,308,53.6,-319.0,5.0,-8.0,0.721,-383.0,6,152,55.9,-111.0,5.0,-8.0,0.793,-138.0,5,不採用,35.8
ema_cross(EMA5/20),ema_cross,5,8,ロンドン(16-21),金,下降のみ,なし,5,20,195,59.0,-65.0,5.0,-8.0,0.898,-126.0,4,76,59.2,-23.0,5.0,-8.0,0.907,-57.0,6,不採用,35.8
ema_cross(EMA5/20),ema_cross,5,8,10時台,金,上昇のみ,直近30分変動大,5,20,22,45.5,-46.0,5.0,-8.0,0.521,-71.0,5,13,53.8,-13.0,5.0,-8.0,0.729,-35.0,4,不採用,35.8
ema_cross(EMA5/20),ema_cross,5,10,全時間,水,下降のみ,なし,5,20,687,64.6,-210.0,5.0,-10.0,0.914,-290.0,5,336,62.2,-225.0,5.0,-10.0,0.823,-265.0,5,不採用,35.8
ema_cross(EMA5/20),ema_cross,5,12,全時間,木,順方向のみ,ATR高,5,20,317,69.7,-36.0,5.0,-11.89,0.968,-153.0,5,86,67.4,-39.8,5.0,-11.78,0.879,-72.0,4,不採用,35.8
ema_cross(EMA5/20),ema_cross,5,12,東京(9-15),火,下降のみ,直近30分変動大,5,20,75,65.3,-67.0,5.0,-12.0,0.785,-118.0,4,38,65.8,-31.0,5.0,-12.0,0.801,-57.0,3,不採用,35.8
ema_cross(EMA5/20),ema_cross,5,12,10時台,全曜日,なし,なし,5,20,566,69.4,-99.5,5.0,-11.93,0.952,-316.4,4,223,67.3,-126.0,5.0,-12.0,0.856,-171.0,5,不採用,35.8
ema_cross(EMA5/20),ema_cross,5,12,21時台,火,なし,なし,5,20,143,71.3,37.0,5.0,-11.54,1.078,-78.0,4,58,67.2,-28.0,5.0,-11.74,0.874,-64.0,2,不採用,35.8
ema_cross(EMA5/20),ema_cross,5,15,ロンドン(16-21),水,なし,ATR低,5,20,81,75.3,26.3,5.0,-13.93,1.094,-68.7,2,29,72.4,-8.0,5.0,-14.12,0.929,-58.0,3,不採用,35.8
ema_cross(EMA5/20),ema_cross,5,5,全時間,月,下降のみ,直近30分変動大,5,20,298,46.6,-100.0,5.0,-5.0,0.874,-125.0,9,141,45.4,-65.0,5.0,-5.0,0.831,-85.0,5,不採用,35.7
ema_cross(EMA5/20),ema_cross,5,5,NY(21-24),火,レンジのみ,なし,5,20,69,60.9,75.0,5.0,-5.0,1.556,-25.0,5,29,51.7,5.0,5.0,-5.0,1.071,-20.0,4,不採用,35.7
ema_cross(EMA5/20),ema_cross,5,5,16時台,火,なし,ATR高,5,20,57,38.6,-65.0,5.0,-5.0,0.629,-90.0,11,30,43.3,-20.0,5.0,-5.0,0.765,-40.0,5,不採用,35.7
ema_cross(EMA5/20),ema_cross,5,8,全時間,火,上昇のみ,直近30分変動大,5,20,443,51.7,-567.0,5.0,-8.0,0.669,-605.0,7,190,54.7,-168.0,5.0,-8.0,0.756,-212.0,4,不採用,35.7
ema_cross(EMA5/20),ema_cross,5,8,東京(9-15),火,レンジのみ,ATR低,5,20,76,64.5,29.0,5.0,-8.0,1.134,-29.0,3,28,60.7,-3.0,5.0,-8.0,0.966,-38.0,4,不採用,35.7
ema_cross(EMA5/20),ema_cross,5,8,東京(9-15),水,下降のみ,直近30分変動大,5,20,75,62.7,11.0,5.0,-8.0,1.049,-59.0,5,34,58.8,-12.0,5.0,-8.0,0.893,-26.0,3,不採用,35.7
ema_cross(EMA5/20),ema_cross,5,8,ロンドン(16-21),金,レンジのみ,ATR低,5,20,13,46.2,-26.0,5.0,-8.0,0.536,-46.0,4,6,50.0,-9.0,5.0,-8.0,0.625,-16.0,2,不採用,35.7
ema_cross(EMA5/20),ema_cross,5,10,NY(21-24),木,なし,なし,5,20,292,67.1,44.8,4.99,-9.72,1.048,-120.0,5,99,63.6,-45.0,5.0,-10.0,0.875,-100.0,3,不採用,35.7
ema_cross(EMA5/20),ema_cross,5,12,NY(21-24),全曜日,下降のみ,直近30分変動大,5,20,282,66.0,-198.7,4.97,-11.71,0.823,-217.7,6,111,66.7,-74.0,5.0,-12.0,0.833,-134.0,4,不採用,35.7
ema_cross(EMA5/20),ema_cross,5,12,NY(21-24),火,レンジのみ,なし,5,20,59,78.0,74.0,5.0,-12.0,1.474,-45.0,2,26,69.2,-1.0,5.0,-11.38,0.989,-35.0,2,不採用,35.7
ema_cross(EMA5/20),ema_cross,5,12,16時台,全曜日,なし,ATR高,5,20,264,65.9,-210.0,5.0,-12.0,0.806,-219.0,4,109,67.0,-67.0,5.0,-12.0,0.845,-119.0,5,不採用,35.7
ema_cross(EMA5/20),ema_cross,5,12,22時台,木,上昇のみ,ATR高,5,20,43,67.4,-13.7,5.0,-11.34,0.914,-83.0,3,9,66.7,-6.0,5.0,-12.0,0.833,-31.0,2,不採用,35.7
ema_cross(EMA5/20),ema_cross,5,15,NY(21-24),水,順方向のみ,ATR低,5,20,10,70.0,13.8,5.0,-7.07,1.651,-15.0,1,8,75.0,0.0,5.0,-15.0,1.0,-15.0,1,不採用,35.7
ema_cross(EMA5/20),ema_cross,5,5,21時台,火,上昇のみ,なし,5,20,72,36.1,-100.0,5.0,-5.0,0.565,-105.0,8,29,41.4,-25.0,5.0,-5.0,0.706,-40.0,4,不採用,35.6
ema_cross(EMA5/20),ema_cross,5,5,21時台,木,上昇のみ,ATR低,5,20,10,60.0,10.0,5.0,-5.0,1.5,-10.0,2,10,50.0,0.0,5.0,-5.0,1.0,-10.0,2,不採用,35.6
ema_cross(EMA5/20),ema_cross,5,8,16時台,水,下降のみ,なし,5,20,37,70.3,42.0,5.0,-8.0,1.477,-19.0,2,27,63.0,5.0,5.0,-8.0,1.062,-43.0,4,不採用,35.6
ema_cross(EMA5/20),ema_cross,5,10,東京(9-15),月,順方向のみ,ATR低,5,20,65,63.1,-35.0,5.0,-10.0,0.854,-55.0,4,24,62.5,-15.0,5.0,-10.0,0.833,-50.0,3,不採用,35.6
ema_cross(EMA5/20),ema_cross,5,10,東京(9-15),水,上昇のみ,なし,5,20,241,58.1,-310.0,5.0,-10.0,0.693,-365.0,5,112,60.7,-100.0,5.0,-10.0,0.773,-130.0,4,不採用,35.6
ema_cross(EMA5/20),ema_cross,5,10,NY(21-24),火,順方向のみ,直近30分変動大,5,20,40,57.5,-55.0,5.0,-10.0,0.676,-100.0,3,17,58.8,-20.0,5.0,-10.0,0.714,-30.0,2,不採用,35.6
ema_cross(EMA5/20),ema_cross,5,10,10時台,全曜日,下降のみ,なし,5,20,156,65.4,-30.0,5.0,-10.0,0.944,-135.0,3,54,63.0,-30.0,5.0,-10.0,0.85,-50.0,3,不採用,35.6
ema_cross(EMA5/20),ema_cross,5,10,21時台,水,レンジのみ,なし,5,20,27,70.4,15.0,5.0,-10.0,1.188,-35.0,2,12,66.7,0.0,5.0,-10.0,1.0,-40.0,4,不採用,35.6
ema_cross(EMA5/20),ema_cross,5,10,22時台,金,なし,ATR低,5,20,12,41.7,-26.3,5.0,-7.33,0.487,-30.0,4,9,55.6,-13.8,4.08,-8.55,0.596,-15.0,2,不採用,35.6
ema_cross(EMA5/20),ema_cross,5,12,全時間,火,順方向のみ,なし,5,20,794,62.8,-1030.6,4.99,-11.94,0.707,-1054.7,5,293,65.2,-266.7,5.0,-11.98,0.782,-334.0,4,不採用,35.6
ema_cross(EMA5/20),ema_cross,5,12,東京(9-15),全曜日,なし,なし,5,20,2843,68.0,-1251.4,5.0,-12.0,0.885,-1381.4,6,1157,68.9,-335.0,5.0,-12.0,0.922,-563.0,8,不採用,35.6
ema_cross(EMA5/20),ema_cross,5,12,21時台,火,なし,ATR高,5,20,58,69.0,-8.0,5.0,-11.56,0.962,-57.0,3,11,63.6,-8.0,5.0,-10.75,0.814,-26.0,1,不採用,35.6
ema_cross(EMA5/20),ema_cross,5,15,東京(9-15),水,下降のみ,直近30分変動大,5,20,71,78.9,55.0,5.0,-15.0,1.244,-45.0,2,34,73.5,-10.0,5.0,-15.0,0.926,-40.0,2,不採用,35.6
ema_cross(EMA5/20),ema_cross,5,5,全時間,火,順方向のみ,なし,5,20,953,39.8,-975.0,5.0,-5.0,0.66,-990.0,15,338,43.8,-210.0,5.0,-5.0,0.779,-235.0,9,不採用,35.5
ema_cross(EMA5/20),ema_cross,5,5,ロンドン(16-21),木,上昇のみ,直近30分変動大,5,20,97,44.3,-55.0,5.0,-5.0,0.796,-80.0,4,50,44.0,-30.0,5.0,-5.0,0.786,-50.0,3,不採用,35.5
ema_cross(EMA5/20),ema_cross,5,5,NY(21-24),月,なし,なし,5,20,265,47.9,-56.6,4.96,-4.98,0.918,-86.7,6,111,45.9,-49.6,4.91,-5.0,0.835,-80.0,4,不採用,35.5
ema_cross(EMA5/20),ema_cross,5,5,NY(21-24),木,なし,なし,5,20,331,47.4,-81.4,5.0,-4.98,0.906,-115.0,7,109,47.7,-25.0,5.0,-5.0,0.912,-80.0,7,不採用,35.5
ema_cross(EMA5/20),ema_cross,5,8,全時間,金,下降のみ,直近30分変動大,5,20,427,53.9,-430.8,4.98,-8.0,0.727,-442.8,7,174,56.3,-118.0,5.0,-8.0,0.806,-151.0,6,不採用,35.5
ema_cross(EMA5/20),ema_cross,5,8,全時間,金,レンジのみ,直近30分変動大,5,20,329,58.1,-149.0,5.0,-8.0,0.865,-186.0,7,136,56.6,-81.8,5.0,-7.91,0.825,-129.0,4,不採用,35.5
ema_cross(EMA5/20),ema_cross,5,10,9時台,水,レンジのみ,なし,5,20,53,56.6,-80.0,5.0,-10.0,0.652,-105.0,3,27,59.3,-30.0,5.0,-10.0,0.727,-45.0,3,不採用,35.5
ema_cross(EMA5/20),ema_cross,5,10,21時台,金,順方向のみ,なし,5,20,62,61.3,-50.0,5.0,-10.0,0.792,-110.0,5,24,62.5,-15.0,5.0,-10.0,0.833,-55.0,4,不採用,35.5
ema_cross(EMA5/20),ema_cross,5,12,22時台,全曜日,なし,ATR高,5,20,419,65.6,-276.5,4.98,-11.44,0.832,-358.7,5,123,66.7,-74.0,5.0,-11.8,0.847,-121.0,5,不採用,35.5
ema_cross(EMA5/20),ema_cross,5,15,全時間,金,上昇のみ,ATR低,5,20,238,72.7,-73.8,5.0,-14.44,0.921,-169.4,4,104,71.2,-74.7,4.94,-14.67,0.83,-159.6,2,不採用,35.5
ema_cross(EMA5/20),ema_cross,5,15,ロンドン(16-21),全曜日,上昇のみ,なし,5,20,973,70.5,-727.4,5.0,-14.49,0.825,-772.4,5,363,70.2,-311.5,5.0,-14.69,0.804,-345.0,4,不採用,35.5
ema_cross(EMA5/20),ema_cross,5,15,9時台,全曜日,順方向のみ,なし,5,20,204,72.5,-90.3,5.0,-14.83,0.891,-220.3,4,97,71.1,-75.0,5.0,-15.0,0.821,-80.0,3,不採用,35.5
ema_cross(EMA5/20),ema_cross,5,10,9時台,月,下降のみ,ATR高,5,20,12,75.0,15.0,5.0,-10.0,1.5,-20.0,2,9,66.7,0.0,5.0,-10.0,1.0,-20.0,2,不採用,35.4
ema_cross(EMA5/20),ema_cross,5,12,東京(9-15),全曜日,上昇のみ,直近30分変動大,5,20,481,65.5,-417.0,5.0,-12.0,0.791,-585.0,5,246,66.3,-181.0,5.0,-12.0,0.818,-255.0,5,不採用,35.4
ema_cross(EMA5/20),ema_cross,5,15,東京(9-15),月,上昇のみ,ATR高,5,20,55,65.5,-105.0,5.0,-15.0,0.632,-115.0,4,27,66.7,-45.0,5.0,-15.0,0.667,-45.0,1,不採用,35.4
ema_cross(EMA5/20),ema_cross,5,15,9時台,全曜日,なし,なし,5,20,721,76.6,234.7,5.0,-14.94,1.093,-280.0,4,278,72.7,-130.0,5.0,-15.0,0.886,-350.0,4,不採用,35.4
ema_cross(EMA5/20),ema_cross,5,5,10時台,木,下降のみ,ATR高,5,20,26,57.7,20.0,5.0,-5.0,1.364,-15.0,3,10,50.0,0.0,5.0,-5.0,1.0,-20.0,3,不採用,35.3
ema_cross(EMA5/20),ema_cross,5,8,全時間,金,順方向のみ,なし,5,20,900,59.2,-251.5,5.0,-7.95,0.914,-408.9,6,351,56.4,-234.0,5.0,-8.0,0.809,-281.0,5,不採用,35.3
ema_cross(EMA5/20),ema_cross,5,8,10時台,全曜日,順方向のみ,なし,5,20,143,59.4,-39.0,5.0,-8.0,0.916,-91.0,5,47,57.4,-25.0,5.0,-8.0,0.844,-67.0,3,不採用,35.3
ema_cross(EMA5/20),ema_cross,5,10,東京(9-15),全曜日,レンジのみ,直近30分変動大,5,20,471,62.8,-270.0,5.0,-10.0,0.846,-310.0,5,198,62.6,-120.0,5.0,-10.0,0.838,-215.0,5,不採用,35.3
ema_cross(EMA5/20),ema_cross,5,10,22時台,金,上昇のみ,ATR低,5,20,9,22.2,-41.3,5.0,-7.33,0.195,-31.3,4,5,60.0,-9.6,3.47,-10.0,0.52,-10.0,1,不採用,35.3
ema_cross(EMA5/20),ema_cross,5,12,ロンドン(16-21),金,順方向のみ,直近30分変動大,5,20,50,66.0,-39.0,5.0,-12.0,0.809,-52.0,3,20,65.0,-19.0,5.0,-12.0,0.774,-31.0,2,不採用,35.3
ema_cross(EMA5/20),ema_cross,5,12,9時台,木,順方向のみ,なし,5,20,46,69.6,-8.0,5.0,-12.0,0.952,-76.0,3,21,66.7,-14.0,5.0,-12.0,0.833,-33.0,2,不採用,35.3
ema_cross(EMA5/20),ema_cross,5,15,全時間,火,上昇のみ,なし,5,20,809,73.4,-201.4,5.0,-14.75,0.936,-348.5,5,301,72.4,-153.7,4.98,-14.93,0.876,-265.0,7,不採用,35.3
ema_cross(EMA5/20),ema_cross,5,5,21時台,金,上昇のみ,直近30分変動大,5,20,37,37.8,-45.0,5.0,-5.0,0.609,-55.0,8,12,41.7,-10.0,5.0,-5.0,0.714,-20.0,4,不採用,35.2
ema_cross(EMA5/20),ema_cross,5,8,東京(9-15),木,上昇のみ,なし,5,20,212,56.6,-136.0,5.0,-8.0,0.815,-230.0,8,81,56.8,-50.0,5.0,-8.0,0.821,-102.0,4,不採用,35.2
ema_cross(EMA5/20),ema_cross,5,8,ロンドン(16-21),全曜日,上昇のみ,ATR高,5,20,400,62.0,24.0,5.0,-8.0,1.02,-79.0,4,131,58.0,-60.0,5.0,-8.0,0.864,-106.0,4,不採用,35.2
ema_cross(EMA5/20),ema_cross,5,8,9時台,金,なし,直近30分変動大,5,20,93,63.4,23.0,5.0,-8.0,1.085,-82.0,3,30,60.0,-6.0,5.0,-8.0,0.938,-41.0,4,不採用,35.2
ema_cross(EMA5/20),ema_cross,5,10,NY(21-24),月,レンジのみ,なし,5,20,60,61.7,-32.9,4.9,-9.31,0.846,-70.0,3,29,62.1,-20.0,5.0,-10.0,0.818,-45.0,3,不採用,35.2
ema_cross(EMA5/20),ema_cross,5,12,東京(9-15),火,順方向のみ,ATR低,5,20,91,65.9,-72.0,5.0,-12.0,0.806,-109.0,2,20,65.0,-19.0,5.0,-12.0,0.774,-38.0,2,不採用,35.2
ema_cross(EMA5/20),ema_cross,5,12,東京(9-15),水,順方向のみ,なし,5,20,192,67.7,-85.1,5.0,-11.86,0.884,-157.0,3,76,65.8,-62.0,5.0,-12.0,0.801,-96.0,2,不採用,35.2
ema_cross(EMA5/20),ema_cross,5,5,21時台,月,レンジのみ,直近30分変動大,5,20,11,63.6,15.0,5.0,-5.0,1.75,-10.0,2,6,50.0,0.0,5.0,-5.0,1.0,-5.0,1,不採用,35.1
ema_cross(EMA5/20),ema_cross,5,8,全時間,木,レンジのみ,直近30分変動大,5,20,323,54.5,-296.0,5.0,-8.0,0.748,-318.0,6,142,55.6,-109.0,5.0,-8.0,0.784,-167.0,4,不採用,35.1
ema_cross(EMA5/20),ema_cross,5,8,16時台,全曜日,なし,直近30分変動大,5,20,357,60.5,-41.5,5.0,-7.95,0.963,-110.0,5,171,57.9,-81.0,5.0,-8.0,0.859,-143.0,5,不採用,35.1
ema_cross(EMA5/20),ema_cross,5,10,全時間,火,順方向のみ,直近30分変動大,5,20,232,57.8,-310.0,5.0,-10.0,0.684,-380.0,7,107,59.8,-110.0,5.0,-10.0,0.744,-140.0,3,不採用,35.1
ema_cross(EMA5/20),ema_cross,5,10,全時間,木,上昇のみ,直近30分変動大,5,20,419,64.0,-170.0,5.0,-10.0,0.887,-305.0,5,192,63.0,-105.0,5.0,-10.0,0.852,-145.0,6,不採用,35.1
ema_cross(EMA5/20),ema_cross,5,10,9時台,月,順方向のみ,ATR高,5,20,11,63.6,-5.0,5.0,-10.0,0.875,-20.0,2,13,61.5,-10.0,5.0,-10.0,0.8,-25.0,2,不採用,35.1
ema_cross(EMA5/20),ema_cross,5,10,10時台,全曜日,下降のみ,ATR高,5,20,88,67.0,5.0,5.0,-10.0,1.017,-65.0,4,35,62.9,-20.0,5.0,-10.0,0.846,-40.0,2,不採用,35.1
ema_cross(EMA5/20),ema_cross,5,12,NY(21-24),水,レンジのみ,なし,5,20,55,70.9,3.0,5.0,-12.0,1.016,-54.0,3,22,68.2,-9.0,5.0,-12.0,0.893,-55.0,3,不採用,35.1
ema_cross(EMA5/20),ema_cross,5,15,NY(21-24),金,順方向のみ,ATR高,5,20,60,63.3,-129.6,5.0,-14.53,0.594,-154.6,5,12,66.7,-20.0,5.0,-15.0,0.667,-50.0,2,不採用,35.1
ema_cross(EMA5/20),ema_cross,5,5,全時間,木,順方向のみ,直近30分変動大,5,20,273,41.4,-235.0,5.0,-5.0,0.706,-285.0,10,125,44.0,-75.0,5.0,-5.0,0.786,-95.0,6,不採用,35.0
ema_cross(EMA5/20),ema_cross,5,5,ロンドン(16-21),月,順方向のみ,ATR高,5,20,59,47.5,-15.0,5.0,-5.0,0.903,-40.0,7,18,44.4,-10.0,5.0,-5.0,0.8,-15.0,2,不採用,35.0
ema_cross(EMA5/20),ema_cross,5,10,ロンドン(16-21),金,上昇のみ,直近30分変動大,5,20,88,67.0,13.5,5.0,-9.71,1.048,-60.0,2,48,64.6,-15.0,5.0,-10.0,0.912,-60.0,4,不採用,35.0
ema_cross(EMA5/20),ema_cross,5,10,10時台,木,下降のみ,ATR低,5,20,2,0.0,-20.0,0.0,-10.0,0.0,-10.0,2,2,50.0,-5.0,5.0,-10.0,0.5,0.0,1,不採用,35.0
ema_cross(EMA5/20),ema_cross,5,10,16時台,水,レンジのみ,ATR高,5,20,10,40.0,-40.0,5.0,-10.0,0.333,-45.0,3,2,50.0,-5.0,5.0,-10.0,0.5,0.0,1,不採用,35.0
ema_cross(EMA5/20),ema_cross,5,10,21時台,火,レンジのみ,ATR低,5,20,7,42.9,-25.0,5.0,-10.0,0.375,-40.0,4,2,50.0,-5.0,5.0,-10.0,0.5,0.0,1,不採用,35.0
ema_cross(EMA5/20),ema_cross,5,10,21時台,木,上昇のみ,直近30分変動大,5,20,35,71.4,25.0,5.0,-10.0,1.25,-30.0,2,15,66.7,0.0,5.0,-10.0,1.0,-40.0,4,不採用,35.0
ema_cross(EMA5/20),ema_cross,5,5,全時間,水,上昇のみ,直近30分変動大,5,20,386,39.9,-390.0,5.0,-5.0,0.664,-405.0,7,200,43.5,-130.0,5.0,-5.0,0.77,-155.0,7,不採用,34.9
ema_cross(EMA5/20),ema_cross,5,5,ロンドン(16-21),木,なし,なし,5,20,690,46.1,-270.0,5.0,-5.0,0.855,-300.0,7,246,46.7,-80.0,5.0,-5.0,0.878,-125.0,10,不採用,34.9
ema_cross(EMA5/20),ema_cross,5,5,9時台,月,上昇のみ,ATR高,5,20,19,42.1,-15.0,5.0,-5.0,0.727,-40.0,7,16,43.8,-10.0,5.0,-5.0,0.778,-25.0,4,不採用,34.9
ema_cross(EMA5/20),ema_cross,5,5,16時台,火,レンジのみ,直近30分変動大,5,20,17,58.8,15.0,5.0,-5.0,1.429,-10.0,2,14,50.0,0.0,5.0,-5.0,1.0,-15.0,3,不採用,34.9
ema_cross(EMA5/20),ema_cross,5,8,ロンドン(16-21),水,上昇のみ,ATR低,5,20,58,56.9,-28.7,5.0,-7.75,0.852,-59.7,4,23,56.5,-15.0,5.0,-8.0,0.812,-33.0,3,不採用,34.9
ema_cross(EMA5/20),ema_cross,5,8,NY(21-24),全曜日,順方向のみ,ATR低,5,20,57,68.4,67.1,4.94,-6.97,1.535,-24.0,3,34,61.8,1.0,5.0,-8.0,1.01,-38.0,3,不採用,34.9
ema_cross(EMA5/20),ema_cross,5,8,9時台,木,レンジのみ,なし,5,20,51,62.7,8.0,5.0,-8.0,1.053,-45.0,4,17,58.8,-6.0,5.0,-8.0,0.893,-27.0,3,不採用,34.9
ema_cross(EMA5/20),ema_cross,5,8,10時台,全曜日,下降のみ,ATR高,5,20,91,58.2,-39.0,5.0,-8.0,0.872,-72.0,3,36,58.3,-15.0,5.0,-8.0,0.875,-46.0,5,不採用,34.9
ema_cross(EMA5/20),ema_cross,5,10,16時台,月,順方向のみ,なし,5,20,32,71.9,25.0,5.0,-10.0,1.278,-25.0,2,20,65.0,-5.0,5.0,-10.0,0.929,-35.0,2,不採用,34.9
ema_cross(EMA5/20),ema_cross,5,10,22時台,金,なし,なし,5,20,160,56.2,-227.3,4.95,-9.61,0.662,-242.3,7,67,61.2,-46.6,4.89,-9.5,0.811,-114.2,6,不採用,34.9
ema_cross(EMA5/20),ema_cross,5,12,16時台,月,なし,直近30分変動大,5,20,64,70.3,-3.0,5.0,-12.0,0.987,-46.0,3,43,67.4,-23.0,5.0,-12.0,0.863,-55.0,3,不採用,34.9
ema_cross(EMA5/20),ema_cross,5,5,16時台,金,レンジのみ,直近30分変動大,5,20,20,40.0,-20.0,5.0,-5.0,0.667,-15.0,3,12,41.7,-10.0,5.0,-5.0,0.714,-15.0,3,不採用,34.8
ema_cross(EMA5/20),ema_cross,5,5,22時台,月,なし,ATR低,5,20,16,31.2,-29.1,4.52,-4.7,0.437,-35.0,7,9,44.4,-9.6,3.85,-5.0,0.616,-15.0,3,不採用,34.8
ema_cross(EMA5/20),ema_cross,5,8,全時間,火,なし,ATR低,5,20,786,57.4,-425.0,5.0,-8.0,0.841,-488.0,6,297,55.9,-218.0,5.0,-8.0,0.792,-232.0,5,不採用,34.8
ema_cross(EMA5/20),ema_cross,5,8,全時間,金,なし,ATR低,5,20,652,58.7,-225.4,5.0,-7.96,0.895,-300.4,6,291,57.4,-157.0,5.0,-8.0,0.842,-222.0,7,不採用,34.8
ema_cross(EMA5/20),ema_cross,5,8,東京(9-15),全曜日,レンジのみ,直近30分変動大,5,20,475,59.4,-134.0,5.0,-8.0,0.913,-194.0,5,199,57.3,-110.0,5.0,-8.0,0.838,-185.0,5,不採用,34.8
ema_cross(EMA5/20),ema_cross,5,8,10時台,月,上昇のみ,直近30分変動大,5,20,26,57.7,-13.0,5.0,-8.0,0.852,-40.0,4,9,55.6,-7.0,5.0,-8.0,0.781,-16.0,2,不採用,34.8
ema_cross(EMA5/20),ema_cross,5,8,22時台,水,上昇のみ,ATR高,5,20,28,53.6,-29.0,5.0,-8.0,0.721,-39.0,3,11,54.5,-10.0,5.0,-8.0,0.75,-27.0,3,不採用,34.8
ema_cross(EMA5/20),ema_cross,5,10,全時間,木,レンジのみ,直近30分変動大,5,20,322,57.8,-430.0,5.0,-10.0,0.684,-450.0,5,141,60.3,-135.0,5.0,-10.0,0.759,-170.0,4,不採用,34.8
ema_cross(EMA5/20),ema_cross,5,10,ロンドン(16-21),木,下降のみ,なし,5,20,209,60.8,-185.0,5.0,-10.0,0.774,-245.0,6,61,60.7,-55.0,5.0,-10.0,0.771,-65.0,3,不採用,34.8
ema_cross(EMA5/20),ema_cross,5,10,16時台,金,レンジのみ,ATR低,5,20,4,25.0,-25.0,5.0,-10.0,0.167,-30.0,3,2,50.0,-5.0,5.0,-10.0,0.5,-10.0,1,不採用,34.8
ema_cross(EMA5/20),ema_cross,5,10,21時台,水,なし,ATR高,5,20,51,51.0,-120.0,5.0,-10.0,0.52,-120.0,6,16,56.2,-25.0,5.0,-10.0,0.643,-40.0,3,不採用,34.8
ema_cross(EMA5/20),ema_cross,5,12,全時間,火,なし,直近30分変動大,5,20,1013,68.3,-376.5,5.0,-11.95,0.902,-487.5,7,493,65.7,-403.0,5.0,-11.97,0.801,-478.0,4,不採用,34.8
ema_cross(EMA5/20),ema_cross,5,12,全時間,水,上昇のみ,ATR低,5,20,282,65.6,-226.6,5.0,-11.87,0.803,-329.6,6,128,66.4,-87.0,5.0,-11.91,0.83,-144.0,5,不採用,34.8
ema_cross(EMA5/20),ema_cross,5,12,ロンドン(16-21),全曜日,なし,直近30分変動大,5,20,1330,66.4,-938.5,5.0,-11.98,0.825,-1067.5,8,587,66.3,-427.0,5.0,-11.98,0.82,-440.0,6,不採用,34.8
ema_cross(EMA5/20),ema_cross,5,12,ロンドン(16-21),月,レンジのみ,なし,5,20,141,66.7,-94.5,4.99,-12.0,0.832,-123.5,5,73,65.8,-60.0,5.0,-12.0,0.8,-87.0,3,不採用,34.8
ema_cross(EMA5/20),ema_cross,5,12,22時台,火,順方向のみ,直近30分変動大,5,20,23,43.5,-106.0,5.0,-12.0,0.321,-121.0,5,12,58.3,-25.0,5.0,-12.0,0.583,-33.0,2,不採用,34.8
ema_cross(EMA5/20),ema_cross,5,15,9時台,火,なし,直近30分変動大,5,20,75,77.3,35.0,5.0,-15.0,1.137,-70.0,3,33,72.7,-15.0,5.0,-15.0,0.889,-65.0,2,不採用,34.8
ema_cross(EMA5/20),ema_cross,5,5,全時間,全曜日,下降のみ,ATR低,5,20,1129,44.6,-612.7,4.97,-4.97,0.803,-622.7,11,387,46.5,-133.0,4.97,-4.97,0.871,-230.0,13,不採用,34.7
ema_cross(EMA5/20),ema_cross,5,5,全時間,木,なし,ATR高,5,20,1094,44.9,-560.0,5.0,-5.0,0.814,-615.0,10,321,43.6,-205.0,5.0,-5.0,0.773,-225.0,6,不採用,34.7
ema_cross(EMA5/20),ema_cross,5,5,NY(21-24),月,なし,ATR高,5,20,112,42.9,-80.0,5.0,-5.0,0.75,-85.0,8,25,44.0,-15.0,5.0,-5.0,0.786,-35.0,4,不採用,34.7
ema_cross(EMA5/20),ema_cross,5,5,10時台,全曜日,なし,ATR低,5,20,76,44.7,-40.0,5.0,-5.0,0.81,-70.0,8,20,45.0,-10.0,5.0,-5.0,0.818,-30.0,4,不採用,34.7
ema_cross(EMA5/20),ema_cross,5,8,16時台,水,上昇のみ,なし,5,20,66,59.1,-21.0,5.0,-8.0,0.903,-63.0,5,25,56.0,-18.0,5.0,-8.0,0.795,-26.0,2,不採用,34.7
ema_cross(EMA5/20),ema_cross,5,8,16時台,水,上昇のみ,ATR高,5,20,26,57.7,-13.0,5.0,-8.0,0.852,-29.0,2,9,55.6,-7.0,5.0,-8.0,0.781,-22.0,2,不採用,34.7
ema_cross(EMA5/20),ema_cross,5,10,全時間,火,なし,直近30分変動大,5,20,1035,64.9,-258.5,5.0,-9.97,0.929,-372.5,6,498,62.0,-345.0,5.0,-10.0,0.817,-445.0,6,不採用,34.7
ema_cross(EMA5/20),ema_cross,5,10,東京(9-15),水,上昇のみ,直近30分変動大,5,20,94,61.7,-70.0,5.0,-10.0,0.806,-85.0,4,57,61.4,-45.0,5.0,-10.0,0.795,-95.0,3,不採用,34.7
ema_cross(EMA5/20),ema_cross,5,10,NY(21-24),水,下降のみ,ATR低,5,20,5,40.0,-20.0,5.0,-10.0,0.333,-10.0,2,4,50.0,-10.0,5.0,-10.0,0.5,-10.0,1,不採用,34.7
ema_cross(EMA5/20),ema_cross,5,10,21時台,水,下降のみ,ATR低,5,20,3,0.0,-30.0,0.0,-10.0,0.0,-20.0,3,4,50.0,-10.0,5.0,-10.0,0.5,-10.0,1,不採用,34.7
ema_cross(EMA5/20),ema_cross,5,10,22時台,木,レンジのみ,なし,5,20,28,50.0,-62.8,4.84,-9.33,0.519,-81.6,4,11,54.5,-20.0,5.0,-10.0,0.6,-20.0,2,不採用,34.7
ema_cross(EMA5/20),ema_cross,5,12,全時間,金,なし,なし,5,20,2118,67.5,-1060.6,5.0,-11.93,0.871,-1085.8,6,912,67.4,-469.7,4.99,-11.92,0.867,-513.7,5,不採用,34.7
ema_cross(EMA5/20),ema_cross,5,12,ロンドン(16-21),月,下降のみ,ATR高,5,20,83,67.5,-44.0,5.0,-12.0,0.864,-92.0,5,26,65.4,-23.0,5.0,-12.0,0.787,-38.0,2,不採用,34.7
ema_cross(EMA5/20),ema_cross,5,12,NY(21-24),月,レンジのみ,直近30分変動大,5,20,32,78.1,41.0,5.0,-12.0,1.488,-62.0,4,13,69.2,-3.0,5.0,-12.0,0.938,-21.0,1,不採用,34.7
ema_cross(EMA5/20),ema_cross,5,15,ロンドン(16-21),木,下降のみ,なし,5,20,187,69.0,-225.0,5.0,-15.0,0.741,-260.0,4,53,69.8,-55.0,5.0,-15.0,0.771,-95.0,3,不採用,34.7
ema_cross(EMA5/20),ema_cross,5,5,東京(9-15),全曜日,下降のみ,ATR高,5,20,381,46.7,-125.0,5.0,-5.0,0.877,-225.0,10,172,47.7,-40.0,5.0,-5.0,0.911,-70.0,10,不採用,34.6
ema_cross(EMA5/20),ema_cross,5,5,東京(9-15),全曜日,レンジのみ,直近30分変動大,5,20,479,46.1,-185.0,5.0,-5.0,0.857,-230.0,13,200,45.0,-100.0,5.0,-5.0,0.818,-145.0,6,不採用,34.6
ema_cross(EMA5/20),ema_cross,5,5,ロンドン(16-21),金,順方向のみ,なし,5,20,209,45.0,-105.0,5.0,-5.0,0.817,-150.0,7,85,48.2,-15.0,5.0,-5.0,0.932,-90.0,9,不採用,34.6
ema_cross(EMA5/20),ema_cross,5,8,16時台,火,上昇のみ,直近30分変動大,5,20,29,65.5,15.0,5.0,-8.0,1.188,-35.0,3,15,60.0,-3.0,5.0,-8.0,0.938,-38.0,3,不採用,34.6
ema_cross(EMA5/20),ema_cross,5,8,22時台,金,下降のみ,ATR高,5,20,29,58.6,-15.8,4.72,-8.0,0.835,-48.0,6,14,57.1,-8.0,5.0,-8.0,0.833,-32.0,4,不採用,34.6
ema_cross(EMA5/20),ema_cross,5,10,NY(21-24),月,上昇のみ,ATR低,5,20,18,61.1,-0.9,5.0,-7.99,0.984,-30.9,4,8,62.5,-5.0,5.0,-10.0,0.833,-20.0,2,不採用,34.6
ema_cross(EMA5/20),ema_cross,5,10,16時台,水,上昇のみ,なし,5,20,65,63.1,-35.0,5.0,-10.0,0.854,-65.0,4,23,60.9,-20.0,5.0,-10.0,0.778,-30.0,2,不採用,34.6
ema_cross(EMA5/20),ema_cross,5,12,ロンドン(16-21),火,順方向のみ,ATR高,5,20,69,76.8,73.0,5.0,-12.0,1.38,-45.0,2,30,70.0,-3.0,5.0,-12.0,0.972,-36.0,3,不採用,34.6
ema_cross(EMA5/20),ema_cross,5,12,NY(21-24),水,なし,直近30分変動大,5,20,123,65.0,-98.9,5.0,-11.6,0.802,-139.0,3,65,66.2,-49.0,5.0,-12.0,0.814,-92.0,4,不採用,34.6
ema_cross(EMA5/20),ema_cross,5,15,全時間,木,順方向のみ,直近30分変動大,5,20,266,72.9,-96.0,5.0,-14.81,0.91,-225.0,3,123,71.5,-85.0,5.0,-15.0,0.838,-120.0,4,不採用,34.6
ema_cross(EMA5/20),ema_cross,5,15,10時台,火,なし,直近30分変動大,5,20,50,76.0,10.0,5.0,-15.0,1.056,-105.0,3,25,72.0,-15.0,5.0,-15.0,0.857,-45.0,2,不採用,34.6
ema_cross(EMA5/20),ema_cross,5,5,全時間,月,順方向のみ,ATR高,5,20,175,41.7,-145.0,5.0,-5.0,0.716,-160.0,9,63,42.9,-45.0,5.0,-5.0,0.75,-50.0,4,不採用,34.5
ema_cross(EMA5/20),ema_cross,5,5,全時間,水,なし,ATR低,5,20,914,45.2,-433.8,5.0,-4.99,0.826,-468.8,11,390,43.8,-240.0,5.0,-5.0,0.781,-285.0,7,不採用,34.5
ema_cross(EMA5/20),ema_cross,5,5,東京(9-15),水,順方向のみ,なし,5,20,212,48.6,-30.0,5.0,-5.0,0.945,-65.0,5,80,46.2,-30.0,5.0,-5.0,0.86,-40.0,5,不採用,34.5
ema_cross(EMA5/20),ema_cross,5,5,ロンドン(16-21),木,なし,直近30分変動大,5,20,302,42.1,-240.0,5.0,-5.0,0.726,-290.0,8,114,44.7,-60.0,5.0,-5.0,0.81,-75.0,7,不採用,34.5
ema_cross(EMA5/20),ema_cross,5,5,9時台,全曜日,レンジのみ,直近30分変動大,5,20,140,45.7,-60.0,5.0,-5.0,0.842,-130.0,6,56,44.6,-30.0,5.0,-5.0,0.806,-35.0,4,不採用,34.5
ema_cross(EMA5/20),ema_cross,5,8,10時台,月,レンジのみ,ATR高,5,20,17,70.6,20.0,5.0,-8.0,1.5,-11.0,1,5,60.0,-1.0,5.0,-8.0,0.938,-11.0,1,不採用,34.5
ema_cross(EMA5/20),ema_cross,5,10,9時台,月,なし,なし,5,20,152,69.7,70.0,5.0,-10.0,1.152,-100.0,5,60,65.0,-15.0,5.0,-10.0,0.929,-70.0,4,不採用,34.5
ema_cross(EMA5/20),ema_cross,5,10,9時台,水,順方向のみ,直近30分変動大,5,20,9,66.7,0.0,5.0,-10.0,1.0,-15.0,1,8,62.5,-5.0,5.0,-10.0,0.833,-10.0,2,不採用,34.5
ema_cross(EMA5/20),ema_cross,5,10,10時台,木,なし,ATR低,5,20,11,45.5,-35.0,5.0,-10.0,0.417,-50.0,4,6,50.0,-15.0,5.0,-10.0,0.5,-15.0,1,不採用,34.5
ema_cross(EMA5/20),ema_cross,5,15,9時台,月,順方向のみ,なし,5,20,38,76.3,10.0,5.0,-15.0,1.074,-65.0,3,21,71.4,-15.0,5.0,-15.0,0.833,-45.0,1,不採用,34.5
ema_cross(EMA5/20),ema_cross,5,5,全時間,全曜日,上昇のみ,ATR高,5,20,1661,40.0,-1655.0,5.0,-5.0,0.668,-1660.0,11,545,43.5,-359.3,4.98,-5.0,0.767,-424.3,9,不採用,34.4
ema_cross(EMA5/20),ema_cross,5,5,ロンドン(16-21),火,上昇のみ,ATR高,5,20,97,48.5,-15.0,5.0,-5.0,0.94,-60.0,7,34,47.1,-10.0,5.0,-5.0,0.889,-30.0,5,不採用,34.4
ema_cross(EMA5/20),ema_cross,5,8,全時間,火,レンジのみ,なし,5,20,653,59.1,-206.0,5.0,-8.0,0.904,-319.0,8,299,57.2,-169.0,5.0,-8.0,0.835,-291.0,6,不採用,34.4
ema_cross(EMA5/20),ema_cross,5,8,ロンドン(16-21),水,なし,ATR高,5,20,218,56.4,-145.0,5.0,-8.0,0.809,-181.0,5,89,56.2,-62.0,5.0,-8.0,0.801,-99.0,4,不採用,34.4
ema_cross(EMA5/20),ema_cross,5,8,ロンドン(16-21),木,なし,なし,5,20,606,58.3,-259.0,5.0,-8.0,0.872,-332.0,6,221,57.0,-130.0,5.0,-8.0,0.829,-172.0,6,不採用,34.4
ema_cross(EMA5/20),ema_cross,5,8,22時台,全曜日,下降のみ,なし,5,20,228,55.7,-173.6,4.94,-7.93,0.783,-208.2,9,95,55.8,-71.8,4.91,-7.91,0.784,-91.2,4,不採用,34.4
ema_cross(EMA5/20),ema_cross,5,12,ロンドン(16-21),木,なし,なし,5,20,521,67.0,-317.8,5.0,-11.99,0.846,-455.8,4,189,65.6,-148.9,5.0,-11.83,0.806,-186.9,4,不採用,34.4
ema_cross(EMA5/20),ema_cross,5,12,NY(21-24),全曜日,下降のみ,なし,5,20,437,66.1,-288.9,4.98,-11.68,0.833,-305.5,6,176,65.9,-136.8,4.96,-11.87,0.808,-196.2,4,不採用,34.4
ema_cross(EMA5/20),ema_cross,5,12,21時台,月,なし,ATR高,5,20,47,66.0,-37.0,5.0,-12.0,0.807,-49.0,4,11,63.6,-13.0,5.0,-12.0,0.729,-26.0,1,不採用,34.4
ema_cross(EMA5/20),ema_cross,5,15,全時間,金,順方向のみ,なし,5,20,802,73.6,-160.9,5.0,-14.66,0.948,-230.3,4,319,71.2,-220.3,5.0,-14.73,0.837,-375.3,4,不採用,34.4
ema_cross(EMA5/20),ema_cross,5,15,NY(21-24),全曜日,下降のみ,なし,5,20,421,70.5,-285.7,4.98,-14.24,0.838,-332.3,6,161,70.8,-128.8,4.96,-14.77,0.814,-179.2,4,不採用,34.4
ema_cross(EMA5/20),ema_cross,5,15,10時台,全曜日,上昇のみ,ATR低,5,20,27,70.4,-18.4,5.0,-14.18,0.838,-73.4,4,10,70.0,-10.0,5.0,-15.0,0.778,-40.0,2,不採用,34.4
ema_cross(EMA5/20),ema_cross,5,5,全時間,月,上昇のみ,なし,5,20,878,43.6,-560.0,5.0,-5.0,0.774,-590.0,12,311,44.1,-185.0,5.0,-5.0,0.787,-185.0,8,不採用,34.3
ema_cross(EMA5/20),ema_cross,5,5,22時台,火,下降のみ,ATR高,5,20,47,21.3,-135.0,5.0,-5.0,0.27,-140.0,9,8,37.5,-10.0,5.0,-5.0,0.6,-15.0,3,不採用,34.3
ema_cross(EMA5/20),ema_cross,5,10,21時台,水,なし,なし,5,20,126,67.5,28.8,5.0,-9.66,1.073,-85.8,6,55,63.6,-25.0,5.0,-10.0,0.875,-70.0,3,不採用,34.3
ema_cross(EMA5/20),ema_cross,5,12,東京(9-15),水,なし,ATR低,5,20,211,67.3,-103.9,5.0,-11.8,0.872,-181.4,4,65,66.2,-49.0,5.0,-12.0,0.814,-100.0,3,不採用,34.3
ema_cross(EMA5/20),ema_cross,5,12,ロンドン(16-21),月,順方向のみ,ATR高,5,20,58,63.8,-67.0,5.0,-12.0,0.734,-93.0,3,16,62.5,-22.0,5.0,-12.0,0.694,-32.0,1,不採用,34.3
ema_cross(EMA5/20),ema_cross,5,12,9時台,月,順方向のみ,ATR高,5,20,11,72.7,4.0,5.0,-12.0,1.111,-24.0,2,12,66.7,-8.0,5.0,-12.0,0.833,-21.0,1,不採用,34.3
ema_cross(EMA5/20),ema_cross,5,15,9時台,全曜日,なし,直近30分変動大,5,20,374,76.2,90.0,5.0,-15.0,1.067,-150.0,3,167,73.1,-65.0,5.0,-15.0,0.904,-205.0,5,不採用,34.3
ema_cross(EMA5/20),ema_cross,5,8,東京(9-15),月,上昇のみ,なし,5,20,257,57.2,-145.0,5.0,-8.0,0.835,-179.0,5,102,56.9,-62.0,5.0,-8.0,0.824,-93.0,5,不採用,34.2
ema_cross(EMA5/20),ema_cross,5,8,22時台,金,下降のみ,なし,5,20,46,56.5,-34.8,4.82,-8.0,0.782,-51.0,4,25,56.0,-14.2,5.0,-7.65,0.831,-55.2,5,不採用,34.2
ema_cross(EMA5/20),ema_cross,5,12,東京(9-15),水,上昇のみ,ATR高,5,20,53,71.7,10.0,5.0,-12.0,1.056,-75.0,3,28,67.9,-13.0,5.0,-12.0,0.88,-48.0,3,不採用,34.2
ema_cross(EMA5/20),ema_cross,5,12,9時台,木,レンジのみ,直近30分変動大,5,20,24,70.8,1.0,5.0,-12.0,1.012,-28.0,2,12,66.7,-8.0,5.0,-12.0,0.833,-24.0,2,不採用,34.2
ema_cross(EMA5/20),ema_cross,5,15,NY(21-24),火,順方向のみ,直近30分変動大,5,20,39,61.5,-105.0,5.0,-15.0,0.533,-145.0,3,17,64.7,-35.0,5.0,-15.0,0.611,-40.0,2,不採用,34.2
ema_cross(EMA5/20),ema_cross,5,15,9時台,全曜日,上昇のみ,ATR低,5,20,101,76.2,25.0,5.0,-15.0,1.069,-100.0,3,39,71.8,-25.0,5.0,-15.0,0.848,-55.0,2,不採用,34.2
ema_cross(EMA5/20),ema_cross,5,5,全時間,火,なし,直近30分変動大,5,20,1053,44.9,-535.0,5.0,-5.0,0.816,-605.0,12,509,44.0,-305.0,5.0,-5.0,0.786,-360.0,9,不採用,34.1
ema_cross(EMA5/20),ema_cross,5,5,ロンドン(16-21),火,順方向のみ,ATR低,5,20,24,29.2,-50.0,5.0,-5.0,0.412,-45.0,5,12,41.7,-10.0,5.0,-5.0,0.714,-25.0,5,不採用,34.1
ema_cross(EMA5/20),ema_cross,5,5,10時台,火,下降のみ,直近30分変動大,5,20,16,62.5,20.0,5.0,-5.0,1.667,-10.0,2,6,50.0,0.0,5.0,-5.0,1.0,-10.0,2,不採用,34.1
ema_cross(EMA5/20),ema_cross,5,8,東京(9-15),金,下降のみ,ATR高,5,20,94,57.4,-50.0,5.0,-8.0,0.844,-86.0,6,36,58.3,-15.0,5.0,-8.0,0.875,-43.0,6,不採用,34.1
ema_cross(EMA5/20),ema_cross,5,8,9時台,木,レンジのみ,直近30分変動大,5,20,24,62.5,3.0,5.0,-8.0,1.042,-27.0,2,12,58.3,-5.0,5.0,-8.0,0.875,-24.0,3,不採用,34.1
ema_cross(EMA5/20),ema_cross,5,10,ロンドン(16-21),全曜日,順方向のみ,なし,5,20,939,63.0,-468.1,5.0,-9.88,0.863,-571.9,6,367,61.6,-280.0,5.0,-10.0,0.801,-345.0,5,不採用,34.1
ema_cross(EMA5/20),ema_cross,5,12,9時台,全曜日,下降のみ,ATR低,5,20,67,74.6,46.0,5.0,-12.0,1.225,-64.0,3,13,69.2,-3.0,5.0,-12.0,0.938,-36.0,3,不採用,34.1
ema_cross(EMA5/20),ema_cross,5,15,東京(9-15),金,レンジのみ,ATR低,5,20,52,75.0,0.0,5.0,-15.0,1.0,-60.0,3,21,71.4,-15.0,5.0,-15.0,0.833,-50.0,2,不採用,34.1
ema_cross(EMA5/20),ema_cross,5,5,22時台,金,順方向のみ,なし,5,20,60,40.0,-60.0,5.0,-5.0,0.667,-85.0,6,17,41.2,-15.0,5.0,-5.0,0.7,-20.0,3,不採用,34.0
ema_cross(EMA5/20),ema_cross,5,8,全時間,水,なし,なし,5,20,2345,57.1,-1338.8,5.0,-7.99,0.833,-1406.8,10,1062,58.1,-475.0,5.0,-8.0,0.867,-514.0,6,不採用,34.0
ema_cross(EMA5/20),ema_cross,5,8,9時台,金,順方向のみ,ATR高,5,20,6,50.0,-9.0,5.0,-8.0,0.625,-19.0,2,2,50.0,-3.0,5.0,-8.0,0.625,-8.0,1,不採用,34.0
ema_cross(EMA5/20),ema_cross,5,8,16時台,金,順方向のみ,ATR高,5,20,26,50.0,-39.0,5.0,-8.0,0.625,-59.0,3,4,50.0,-6.0,5.0,-8.0,0.625,-8.0,1,不採用,34.0
ema_cross(EMA5/20),ema_cross,5,8,21時台,木,なし,なし,5,20,181,67.4,138.0,5.0,-8.0,1.292,-66.0,6,67,62.7,10.0,5.0,-8.0,1.05,-85.0,7,不採用,34.0
ema_cross(EMA5/20),ema_cross,5,8,22時台,金,上昇のみ,なし,5,20,79,55.7,-45.3,5.0,-7.58,0.829,-78.0,3,27,55.6,-21.0,5.0,-8.0,0.781,-27.0,3,不採用,34.0
ema_cross(EMA5/20),ema_cross,5,10,22時台,全曜日,下降のみ,なし,5,20,218,60.6,-198.6,4.95,-9.9,0.767,-216.2,8,92,60.9,-78.8,4.92,-9.84,0.778,-100.0,4,不採用,34.0
ema_cross(EMA5/20),ema_cross,5,12,9時台,全曜日,なし,ATR高,5,20,154,74.0,90.0,5.0,-12.0,1.188,-69.0,3,75,68.0,-33.0,5.0,-12.0,0.885,-65.0,3,不採用,34.0
ema_cross(EMA5/20),ema_cross,5,12,22時台,金,なし,直近30分変動大,5,20,99,62.6,-138.8,4.92,-12.0,0.687,-153.0,3,38,63.2,-43.4,4.81,-11.34,0.727,-74.0,3,不採用,34.0
ema_cross(EMA5/20),ema_cross,5,15,9時台,火,なし,ATR高,5,20,20,85.0,40.0,5.0,-15.0,1.889,-15.0,1,8,75.0,0.0,5.0,-15.0,1.0,-25.0,1,不採用,34.0
ema_cross(EMA5/20),ema_cross,5,5,全時間,水,上昇のみ,ATR高,5,20,342,40.1,-340.0,5.0,-5.0,0.668,-360.0,9,104,43.3,-70.0,5.0,-5.0,0.763,-105.0,6,不採用,33.9
ema_cross(EMA5/20),ema_cross,5,5,東京(9-15),水,順方向のみ,ATR低,5,20,88,51.1,10.0,5.0,-5.0,1.047,-40.0,5,26,46.2,-10.0,5.0,-5.0,0.857,-20.0,3,不採用,33.9
ema_cross(EMA5/20),ema_cross,5,8,東京(9-15),金,レンジのみ,なし,5,20,242,63.6,66.0,5.0,-8.0,1.094,-100.0,5,82,58.5,-32.0,5.0,-8.0,0.882,-71.0,4,不採用,33.9
ema_cross(EMA5/20),ema_cross,5,8,16時台,金,なし,ATR高,5,20,64,62.5,8.0,5.0,-8.0,1.042,-49.0,3,14,57.1,-8.0,5.0,-8.0,0.833,-17.0,2,不採用,33.9
ema_cross(EMA5/20),ema_cross,5,10,全時間,水,下降のみ,直近30分変動大,5,20,373,62.5,-235.0,5.0,-10.0,0.832,-245.0,4,196,61.2,-160.0,5.0,-10.0,0.789,-190.0,4,不採用,33.9
ema_cross(EMA5/20),ema_cross,5,10,全時間,木,レンジのみ,なし,5,20,655,60.8,-572.8,4.99,-9.96,0.776,-592.8,6,246,61.8,-177.1,5.0,-9.97,0.811,-262.1,6,不採用,33.9
ema_cross(EMA5/20),ema_cross,5,12,ロンドン(16-21),木,レンジのみ,直近30分変動大,5,20,84,64.3,-90.0,5.0,-12.0,0.75,-124.0,3,28,64.3,-30.0,5.0,-12.0,0.75,-42.0,3,不採用,33.9
ema_cross(EMA5/20),ema_cross,5,15,9時台,全曜日,上昇のみ,直近30分変動大,5,20,111,81.1,135.0,5.0,-15.0,1.429,-45.0,2,65,75.4,5.0,5.0,-15.0,1.021,-90.0,5,不採用,33.9
ema_cross(EMA5/20),ema_cross,5,5,ロンドン(16-21),火,なし,ATR低,5,20,79,50.6,5.0,5.0,-5.0,1.026,-70.0,7,44,47.7,-10.0,5.0,-5.0,0.913,-60.0,5,不採用,33.8
ema_cross(EMA5/20),ema_cross,5,5,9時台,火,順方向のみ,なし,5,20,36,55.6,20.0,5.0,-5.0,1.25,-25.0,5,16,50.0,0.0,5.0,-5.0,1.0,-25.0,5,不採用,33.8
ema_cross(EMA5/20),ema_cross,5,5,9時台,木,順方向のみ,直近30分変動大,5,20,15,46.7,-5.0,5.0,-5.0,0.875,-10.0,2,9,44.4,-5.0,5.0,-5.0,0.8,-15.0,3,不採用,33.8
ema_cross(EMA5/20),ema_cross,5,5,21時台,火,レンジのみ,直近30分変動大,5,20,18,66.7,30.0,5.0,-5.0,2.0,-10.0,2,8,50.0,0.0,5.0,-5.0,1.0,-5.0,1,不採用,33.8
ema_cross(EMA5/20),ema_cross,5,5,21時台,水,なし,ATR低,5,20,20,35.0,-30.0,5.0,-5.0,0.538,-35.0,7,22,40.9,-20.0,5.0,-5.0,0.692,-25.0,5,不採用,33.8
ema_cross(EMA5/20),ema_cross,5,8,全時間,火,なし,直近30分変動大,5,20,1046,58.5,-412.0,5.0,-8.0,0.881,-500.0,8,504,56.5,-327.0,5.0,-8.0,0.813,-409.0,8,不採用,33.8
ema_cross(EMA5/20),ema_cross,5,8,ロンドン(16-21),全曜日,上昇のみ,なし,5,20,1201,58.7,-425.1,5.0,-7.96,0.892,-485.1,7,467,56.1,-330.0,5.0,-8.0,0.799,-350.0,7,不採用,33.8
ema_cross(EMA5/20),ema_cross,5,8,21時台,全曜日,なし,なし,5,20,779,62.9,165.6,5.0,-7.9,1.072,-107.9,6,309,57.3,-171.0,5.0,-8.0,0.838,-278.0,5,不採用,33.8
ema_cross(EMA5/20),ema_cross,5,10,9時台,全曜日,順方向のみ,なし,5,20,205,64.9,-55.0,5.0,-10.0,0.924,-135.0,5,99,61.6,-75.0,5.0,-10.0,0.803,-95.0,3,不採用,33.8
ema_cross(EMA5/20),ema_cross,5,15,東京(9-15),全曜日,順方向のみ,直近30分変動大,5,20,268,72.0,-160.0,5.0,-15.0,0.858,-235.0,3,135,70.4,-125.0,5.0,-15.0,0.792,-150.0,3,不採用,33.8
ema_cross(EMA5/20),ema_cross,5,15,9時台,水,レンジのみ,直近30分変動大,5,20,21,57.1,-75.0,5.0,-15.0,0.444,-75.0,2,15,66.7,-25.0,5.0,-15.0,0.667,-45.0,4,不採用,33.8
ema_cross(EMA5/20),ema_cross,5,5,9時台,水,上昇のみ,直近30分変動大,5,20,16,25.0,-40.0,5.0,-5.0,0.333,-40.0,5,17,41.2,-15.0,5.0,-5.0,0.7,-35.0,5,不採用,33.7
ema_cross(EMA5/20),ema_cross,5,5,9時台,木,上昇のみ,ATR高,5,20,10,40.0,-10.0,5.0,-5.0,0.667,-30.0,6,5,40.0,-5.0,5.0,-5.0,0.667,-5.0,2,不採用,33.7
ema_cross(EMA5/20),ema_cross,5,8,東京(9-15),全曜日,下降のみ,直近30分変動大,5,20,488,58.4,-199.0,5.0,-8.0,0.877,-281.0,7,225,55.6,-175.0,5.0,-8.0,0.781,-180.0,4,不採用,33.7
ema_cross(EMA5/20),ema_cross,5,8,ロンドン(16-21),金,なし,ATR高,5,20,250,64.4,93.0,5.0,-8.0,1.131,-92.0,5,73,60.3,-12.0,5.0,-8.0,0.948,-54.0,6,不採用,33.7
ema_cross(EMA5/20),ema_cross,5,8,NY(21-24),月,順方向のみ,直近30分変動大,5,20,22,59.1,-7.0,5.0,-8.0,0.903,-30.0,2,9,55.6,-7.0,5.0,-8.0,0.781,-19.0,2,不採用,33.7
ema_cross(EMA5/20),ema_cross,5,8,9時台,月,なし,ATR低,5,20,25,76.0,47.0,5.0,-8.0,1.979,-16.0,2,8,62.5,1.0,5.0,-8.0,1.042,-16.0,2,不採用,33.7
ema_cross(EMA5/20),ema_cross,5,8,22時台,木,なし,ATR低,5,20,5,60.0,5.6,5.0,-4.7,1.596,-8.0,1,5,60.0,-1.0,5.0,-8.0,0.938,-11.0,1,不採用,33.7
ema_cross(EMA5/20),ema_cross,5,10,ロンドン(16-21),火,順方向のみ,ATR低,5,20,24,50.0,-60.0,5.0,-10.0,0.5,-50.0,2,11,54.5,-20.0,5.0,-10.0,0.6,-35.0,3,不採用,33.7
ema_cross(EMA5/20),ema_cross,5,10,16時台,全曜日,順方向のみ,ATR高,5,20,85,63.5,-40.0,5.0,-10.0,0.871,-70.0,3,34,61.8,-25.0,5.0,-10.0,0.808,-75.0,3,不採用,33.7
ema_cross(EMA5/20),ema_cross,5,10,16時台,金,なし,なし,5,20,141,61.0,-104.4,5.0,-9.72,0.805,-109.4,6,57,61.4,-45.0,5.0,-10.0,0.795,-70.0,4,不採用,33.7
ema_cross(EMA5/20),ema_cross,5,10,22時台,金,なし,ATR高,5,20,102,57.8,-131.0,4.92,-9.8,0.689,-156.0,5,33,60.6,-30.0,5.0,-10.0,0.769,-55.0,5,不採用,33.7
ema_cross(EMA5/20),ema_cross,5,10,22時台,金,下降のみ,直近30分変動大,5,20,30,56.7,-49.8,4.72,-10.0,0.617,-60.0,5,12,58.3,-15.0,5.0,-10.0,0.7,-30.0,4,不採用,33.7
ema_cross(EMA5/20),ema_cross,5,12,ロンドン(16-21),木,なし,直近30分変動大,5,20,291,62.5,-398.0,5.0,-12.0,0.696,-445.0,7,112,64.3,-120.0,5.0,-12.0,0.75,-130.0,4,不採用,33.7
ema_cross(EMA5/20),ema_cross,5,15,ロンドン(16-21),水,下降のみ,ATR低,5,20,14,85.7,30.0,5.0,-15.0,2.0,-15.0,1,4,75.0,0.0,5.0,-15.0,1.0,0.0,1,不採用,33.7
ema_cross(EMA5/20),ema_cross,5,15,9時台,金,レンジのみ,なし,5,20,56,85.7,120.0,5.0,-15.0,2.0,-35.0,1,16,75.0,0.0,5.0,-15.0,1.0,-30.0,1,不採用,33.7
ema_cross(EMA5/20),ema_cross,5,8,東京(9-15),火,順方向のみ,直近30分変動大,5,20,54,48.1,-94.0,5.0,-8.0,0.58,-100.0,4,20,50.0,-30.0,5.0,-8.0,0.625,-35.0,2,不採用,33.6
ema_cross(EMA5/20),ema_cross,5,8,ロンドン(16-21),火,レンジのみ,なし,5,20,146,60.3,-24.0,5.0,-8.0,0.948,-78.0,3,68,57.4,-37.0,5.0,-8.0,0.841,-71.0,4,不採用,33.6
ema_cross(EMA5/20),ema_cross,5,8,9時台,月,上昇のみ,なし,5,20,64,65.6,34.0,5.0,-8.0,1.193,-50.0,5,35,60.0,-7.0,5.0,-8.0,0.938,-58.0,4,不採用,33.6
ema_cross(EMA5/20),ema_cross,5,8,16時台,木,上昇のみ,ATR高,5,20,19,63.2,4.0,5.0,-8.0,1.071,-19.0,2,12,58.3,-5.0,5.0,-8.0,0.875,-27.0,3,不採用,33.6
ema_cross(EMA5/20),ema_cross,5,8,22時台,全曜日,なし,直近30分変動大,5,20,382,51.0,-525.8,4.98,-8.0,0.649,-549.8,7,167,54.5,-147.8,5.0,-7.93,0.755,-172.0,6,不採用,33.6
ema_cross(EMA5/20),ema_cross,5,12,全時間,全曜日,なし,ATR高,5,20,3984,67.3,-2127.3,4.99,-11.9,0.863,-2265.3,6,1473,68.4,-529.2,5.0,-11.94,0.905,-580.0,5,不採用,33.6
ema_cross(EMA5/20),ema_cross,5,12,東京(9-15),月,レンジのみ,ATR高,5,20,47,83.0,99.0,5.0,-12.0,2.031,-19.0,1,18,72.2,5.0,5.0,-12.0,1.083,-36.0,3,不採用,33.6
ema_cross(EMA5/20),ema_cross,5,12,東京(9-15),木,下降のみ,ATR低,5,20,56,69.6,-9.0,5.0,-12.0,0.956,-52.0,3,12,66.7,-8.0,5.0,-12.0,0.833,-24.0,3,不採用,33.6
ema_cross(EMA5/20),ema_cross,5,12,9時台,木,レンジのみ,なし,5,20,51,76.5,51.0,5.0,-12.0,1.354,-48.0,4,16,68.8,-5.0,5.0,-12.0,0.917,-28.0,2,不採用,33.6
ema_cross(EMA5/20),ema_cross,5,15,東京(9-15),月,下降のみ,ATR低,5,20,43,86.0,90.2,4.87,-15.0,2.002,-35.0,2,16,75.0,0.0,5.0,-15.0,1.0,-35.0,1,不採用,33.6
ema_cross(EMA5/20),ema_cross,5,15,ロンドン(16-21),火,上昇のみ,ATR高,5,20,78,76.9,42.2,5.0,-14.32,1.164,-80.0,3,29,72.4,-15.0,5.0,-15.0,0.875,-65.0,2,不採用,33.6
ema_cross(EMA5/20),ema_cross,5,5,全時間,水,下降のみ,なし,5,20,873,44.8,-455.0,5.0,-5.0,0.811,-475.0,10,395,44.8,-205.0,5.0,-5.0,0.812,-270.0,10,不採用,33.5
ema_cross(EMA5/20),ema_cross,5,5,全時間,水,レンジのみ,ATR低,5,20,294,45.2,-140.0,5.0,-5.0,0.826,-185.0,9,118,44.9,-60.0,5.0,-5.0,0.815,-85.0,6,不採用,33.5
ema_cross(EMA5/20),ema_cross,5,5,21時台,水,下降のみ,ATR高,5,20,32,28.1,-70.0,5.0,-5.0,0.391,-80.0,6,11,36.4,-15.0,5.0,-5.0,0.571,-20.0,3,不採用,33.5
ema_cross(EMA5/20),ema_cross,5,5,22時台,火,レンジのみ,直近30分変動大,5,20,11,63.6,15.0,5.0,-5.0,1.75,-10.0,2,8,50.0,0.0,5.0,-5.0,1.0,-15.0,2,不採用,33.5
ema_cross(EMA5/20),ema_cross,5,8,東京(9-15),木,順方向のみ,ATR低,5,20,75,61.3,-2.0,5.0,-8.0,0.991,-50.0,4,24,58.3,-10.0,5.0,-8.0,0.875,-49.0,4,不採用,33.5
ema_cross(EMA5/20),ema_cross,5,8,21時台,金,順方向のみ,直近30分変動大,5,20,34,50.0,-51.0,5.0,-8.0,0.625,-53.0,6,13,53.8,-13.0,5.0,-8.0,0.729,-40.0,5,不採用,33.5
ema_cross(EMA5/20),ema_cross,5,10,9時台,水,上昇のみ,直近30分変動大,5,20,16,43.8,-55.0,5.0,-10.0,0.389,-50.0,4,17,58.8,-20.0,5.0,-10.0,0.714,-55.0,5,不採用,33.5
ema_cross(EMA5/20),ema_cross,5,10,10時台,水,下降のみ,なし,5,20,34,67.6,5.0,5.0,-10.0,1.045,-45.0,3,8,62.5,-5.0,5.0,-10.0,0.833,-25.0,2,不採用,33.5
ema_cross(EMA5/20),ema_cross,5,12,全時間,金,下降のみ,ATR低,5,20,167,65.3,-141.3,5.0,-11.83,0.794,-198.3,5,59,66.1,-45.0,5.0,-12.0,0.812,-66.0,5,不採用,33.5
ema_cross(EMA5/20),ema_cross,5,12,9時台,火,順方向のみ,ATR低,5,20,19,73.7,10.0,5.0,-12.0,1.167,-25.0,2,6,66.7,-4.0,5.0,-12.0,0.833,-14.0,1,不採用,33.5
ema_cross(EMA5/20),ema_cross,5,12,21時台,火,下降のみ,ATR高,5,20,23,73.9,13.0,5.0,-12.0,1.181,-24.0,2,3,66.7,-2.0,5.0,-12.0,0.833,0.0,1,不採用,33.5
ema_cross(EMA5/20),ema_cross,5,15,全時間,金,下降のみ,直近30分変動大,5,20,407,71.0,-329.8,4.98,-15.0,0.814,-449.8,4,163,71.2,-120.6,5.0,-14.91,0.828,-155.6,6,不採用,33.5
ema_cross(EMA5/20),ema_cross,5,5,東京(9-15),月,順方向のみ,ATR高,5,20,49,32.7,-85.0,5.0,-5.0,0.485,-90.0,5,26,38.5,-30.0,5.0,-5.0,0.625,-30.0,4,不採用,33.4
ema_cross(EMA5/20),ema_cross,5,5,ロンドン(16-21),金,下降のみ,ATR低,5,20,18,61.1,20.0,5.0,-5.0,1.571,-10.0,2,10,50.0,0.0,5.0,-5.0,1.0,-15.0,3,不採用,33.4
ema_cross(EMA5/20),ema_cross,5,5,NY(21-24),木,なし,ATR高,5,20,204,44.1,-120.0,5.0,-5.0,0.789,-125.0,7,39,43.6,-25.0,5.0,-5.0,0.773,-35.0,4,不採用,33.4
ema_cross(EMA5/20),ema_cross,5,5,16時台,木,なし,なし,5,20,148,50.7,10.0,5.0,-5.0,1.027,-60.0,10,63,47.6,-15.0,5.0,-5.0,0.909,-35.0,6,不採用,33.4
ema_cross(EMA5/20),ema_cross,5,5,21時台,木,下降のみ,ATR低,5,20,7,28.6,-15.0,5.0,-5.0,0.4,-20.0,3,3,33.3,-5.0,5.0,-5.0,0.5,-5.0,2,不採用,33.4
ema_cross(EMA5/20),ema_cross,5,8,全時間,木,下降のみ,直近30分変動大,5,20,462,55.4,-368.0,5.0,-8.0,0.777,-467.0,10,195,55.9,-143.0,5.0,-8.0,0.792,-163.0,6,不採用,33.4
ema_cross(EMA5/20),ema_cross,5,8,NY(21-24),火,レンジのみ,なし,5,20,65,67.7,52.0,5.0,-8.0,1.31,-48.0,4,28,60.7,-3.0,5.0,-8.0,0.966,-38.0,4,不採用,33.4
ema_cross(EMA5/20),ema_cross,5,10,22時台,金,レンジのみ,なし,5,20,39,53.8,-70.8,5.0,-9.77,0.597,-100.8,4,18,55.6,-22.8,5.0,-9.1,0.687,-50.0,4,不採用,33.4
ema_cross(EMA5/20),ema_cross,5,12,9時台,木,上昇のみ,直近30分変動大,5,20,25,84.0,57.0,5.0,-12.0,2.188,-19.0,1,11,72.7,4.0,5.0,-12.0,1.111,-36.0,3,不採用,33.4
ema_cross(EMA5/20),ema_cross,5,12,10時台,全曜日,上昇のみ,ATR高,5,20,81,67.9,-37.0,5.0,-12.0,0.881,-102.0,3,32,65.6,-27.0,5.0,-12.0,0.795,-43.0,3,不採用,33.4
ema_cross(EMA5/20),ema_cross,5,12,21時台,火,レンジのみ,直近30分変動大,5,20,18,72.2,5.0,5.0,-12.0,1.083,-28.0,2,8,62.5,-6.0,5.0,-10.33,0.806,-19.0,1,不採用,33.4
ema_cross(EMA5/20),ema_cross,5,15,東京(9-15),木,なし,ATR低,5,20,175,66.9,-285.0,5.0,-15.0,0.672,-310.0,5,54,68.5,-70.0,5.0,-15.0,0.725,-120.0,3,不採用,33.4
ema_cross(EMA5/20),ema_cross,5,15,9時台,月,なし,直近30分変動大,5,20,70,78.6,50.0,5.0,-15.0,1.222,-45.0,2,30,73.3,-10.0,5.0,-15.0,0.917,-60.0,3,不採用,33.4
ema_cross(EMA5/20),ema_cross,5,15,10時台,月,なし,ATR高,5,20,56,67.9,-80.0,5.0,-15.0,0.704,-100.0,4,18,66.7,-30.0,5.0,-15.0,0.667,-35.0,1,不採用,33.4
ema_cross(EMA5/20),ema_cross,5,5,NY(21-24),木,順方向のみ,ATR高,5,20,70,47.1,-20.0,5.0,-5.0,0.892,-45.0,8,9,44.4,-5.0,5.0,-5.0,0.8,-20.0,3,不採用,33.3
ema_cross(EMA5/20),ema_cross,5,5,9時台,全曜日,順方向のみ,ATR高,5,20,35,37.1,-45.0,5.0,-5.0,0.591,-45.0,4,26,42.3,-20.0,5.0,-5.0,0.733,-35.0,6,不採用,33.3
ema_cross(EMA5/20),ema_cross,5,5,16時台,火,下降のみ,直近30分変動大,5,20,21,23.8,-55.0,5.0,-5.0,0.312,-65.0,11,3,33.3,-5.0,5.0,-5.0,0.5,-10.0,2,不採用,33.3
ema_cross(EMA5/20),ema_cross,5,5,22時台,木,なし,ATR高,5,20,105,42.9,-75.0,5.0,-5.0,0.75,-75.0,5,19,42.1,-15.0,5.0,-5.0,0.727,-15.0,3,不採用,33.3
ema_cross(EMA5/20),ema_cross,5,5,22時台,金,順方向のみ,ATR低,5,20,5,20.0,-15.0,5.0,-5.0,0.25,-10.0,3,3,33.3,-5.0,5.0,-5.0,0.5,-10.0,2,不採用,33.3
ema_cross(EMA5/20),ema_cross,5,8,9時台,水,上昇のみ,直近30分変動大,5,20,16,31.2,-63.0,5.0,-8.0,0.284,-57.0,5,17,52.9,-19.0,5.0,-8.0,0.703,-51.0,5,不採用,33.3
ema_cross(EMA5/20),ema_cross,5,10,全時間,水,上昇のみ,直近30分変動大,5,20,379,60.4,-355.0,5.0,-10.0,0.763,-370.0,5,197,60.9,-170.0,5.0,-10.0,0.779,-190.0,5,不採用,33.3
ema_cross(EMA5/20),ema_cross,5,10,ロンドン(16-21),月,上昇のみ,ATR低,5,20,55,60.0,-51.2,5.0,-9.83,0.763,-65.0,2,17,58.8,-20.0,5.0,-10.0,0.714,-25.0,2,不採用,33.3
ema_cross(EMA5/20),ema_cross,5,10,ロンドン(16-21),金,レンジのみ,なし,5,20,121,67.8,20.0,5.0,-10.0,1.051,-55.0,3,51,62.7,-30.0,5.0,-10.0,0.842,-45.0,3,不採用,33.3
ema_cross(EMA5/20),ema_cross,5,10,10時台,全曜日,レンジのみ,なし,5,20,198,67.7,30.0,5.0,-10.0,1.047,-60.0,3,84,64.3,-30.0,5.0,-10.0,0.9,-110.0,5,不採用,33.3
ema_cross(EMA5/20),ema_cross,5,10,22時台,金,上昇のみ,直近30分変動大,5,20,45,57.8,-60.0,5.0,-10.0,0.684,-95.0,3,15,60.0,-19.6,4.49,-10.0,0.673,-20.0,2,不採用,33.3
ema_cross(EMA5/20),ema_cross,5,12,9時台,全曜日,上昇のみ,ATR高,5,20,41,73.2,18.0,5.0,-12.0,1.136,-57.0,2,28,67.9,-13.0,5.0,-12.0,0.88,-36.0,3,不採用,33.3
ema_cross(EMA5/20),ema_cross,5,12,21時台,木,なし,なし,5,20,171,71.9,39.0,5.0,-12.0,1.068,-72.0,3,64,68.8,-20.0,5.0,-12.0,0.917,-96.0,5,不採用,33.3
ema_cross(EMA5/20),ema_cross,5,15,東京(9-15),月,なし,直近30分変動大,5,20,264,72.3,-140.0,5.0,-15.0,0.872,-260.0,5,117,72.6,-55.0,5.0,-15.0,0.885,-140.0,7,不採用,33.3
ema_cross(EMA5/20),ema_cross,5,5,9時台,火,上昇のみ,ATR低,5,20,28,46.4,-10.0,5.0,-5.0,0.867,-30.0,6,14,42.9,-10.0,5.0,-5.0,0.75,-15.0,2,不採用,33.2
ema_cross(EMA5/20),ema_cross,5,5,10時台,月,順方向のみ,なし,5,20,34,44.1,-20.0,5.0,-5.0,0.789,-40.0,5,7,42.9,-5.0,5.0,-5.0,0.75,-15.0,3,不採用,33.2
ema_cross(EMA5/20),ema_cross,5,8,9時台,全曜日,なし,ATR低,5,20,285,63.5,73.0,5.0,-8.0,1.088,-62.0,7,90,58.9,-31.0,5.0,-8.0,0.895,-83.0,5,不採用,33.2
ema_cross(EMA5/20),ema_cross,5,8,22時台,金,なし,ATR低,5,20,13,46.2,-11.3,5.0,-5.9,0.726,-19.0,4,10,50.0,-11.2,5.0,-7.24,0.691,-12.2,2,不採用,33.2
ema_cross(EMA5/20),ema_cross,5,10,全時間,金,順方向のみ,なし,5,20,863,63.7,-337.8,5.0,-9.87,0.891,-442.2,5,339,61.1,-285.0,5.0,-10.0,0.784,-320.0,4,不採用,33.2
ema_cross(EMA5/20),ema_cross,5,10,ロンドン(16-21),全曜日,上昇のみ,ATR高,5,20,379,65.4,-66.8,5.0,-9.98,0.949,-175.0,3,123,61.8,-90.0,5.0,-10.0,0.809,-150.0,3,不採用,33.2
ema_cross(EMA5/20),ema_cross,5,10,16時台,水,順方向のみ,なし,5,20,42,66.7,0.0,5.0,-10.0,1.0,-45.0,3,22,63.6,-10.0,5.0,-10.0,0.875,-50.0,4,不採用,33.2
ema_cross(EMA5/20),ema_cross,5,12,東京(9-15),月,なし,ATR低,5,20,155,74.2,90.2,4.96,-12.0,1.188,-85.0,3,47,68.1,-20.0,5.0,-12.0,0.889,-60.0,3,不採用,33.2
ema_cross(EMA5/20),ema_cross,5,12,NY(21-24),金,レンジのみ,なし,5,20,74,67.6,-31.8,5.0,-11.74,0.887,-61.0,3,30,63.3,-27.8,5.0,-11.16,0.774,-64.0,2,不採用,33.2
ema_cross(EMA5/20),ema_cross,5,12,22時台,水,なし,ATR高,5,20,75,66.7,-32.9,5.0,-11.32,0.884,-64.0,3,33,66.7,-22.0,5.0,-12.0,0.833,-74.0,4,不採用,33.2
ema_cross(EMA5/20),ema_cross,5,5,東京(9-15),火,順方向のみ,直近30分変動大,5,20,54,38.9,-60.0,5.0,-5.0,0.636,-85.0,7,20,40.0,-20.0,5.0,-5.0,0.667,-20.0,3,不採用,33.1
ema_cross(EMA5/20),ema_cross,5,5,ロンドン(16-21),月,上昇のみ,ATR低,5,20,71,40.8,-65.0,5.0,-5.0,0.69,-90.0,6,21,42.9,-15.0,5.0,-5.0,0.75,-25.0,5,不採用,33.1
ema_cross(EMA5/20),ema_cross,5,5,22時台,全曜日,上昇のみ,ATR高,5,20,192,37.0,-250.0,5.0,-5.0,0.587,-265.0,16,53,43.4,-35.0,5.0,-5.0,0.767,-60.0,7,不採用,33.1
ema_cross(EMA5/20),ema_cross,5,8,全時間,水,下降のみ,なし,5,20,752,57.4,-400.0,5.0,-8.0,0.844,-421.0,6,359,55.4,-285.0,5.0,-8.0,0.777,-332.0,5,不採用,33.1
ema_cross(EMA5/20),ema_cross,5,12,21時台,金,順方向のみ,なし,5,20,62,69.4,-5.4,5.0,-11.6,0.975,-86.4,4,24,66.7,-16.0,5.0,-12.0,0.833,-52.0,3,不採用,33.1
ema_cross(EMA5/20),ema_cross,5,12,22時台,木,なし,ATR高,5,20,97,67.0,-41.7,5.0,-11.46,0.886,-104.0,3,17,64.7,-17.0,5.0,-12.0,0.764,-28.0,2,不採用,33.1
ema_cross(EMA5/20),ema_cross,5,15,NY(21-24),金,上昇のみ,ATR低,5,20,20,60.0,-31.3,5.0,-11.41,0.657,-46.3,5,11,63.6,-17.5,4.34,-11.97,0.635,-29.6,1,不採用,33.1
ema_cross(EMA5/20),ema_cross,5,5,NY(21-24),全曜日,上昇のみ,ATR高,5,20,320,38.1,-380.0,5.0,-5.0,0.616,-400.0,9,74,44.6,-40.0,5.0,-5.0,0.805,-80.0,8,不採用,33.0
ema_cross(EMA5/20),ema_cross,5,5,NY(21-24),全曜日,上昇のみ,ATR低,5,20,89,52.8,32.5,5.0,-4.82,1.16,-30.0,6,65,47.7,-15.0,5.0,-5.0,0.912,-40.0,5,不採用,33.0
ema_cross(EMA5/20),ema_cross,5,5,9時台,水,レンジのみ,直近30分変動大,5,20,22,22.7,-60.0,5.0,-5.0,0.294,-55.0,6,15,40.0,-15.0,5.0,-5.0,0.667,-25.0,5,不採用,33.0
ema_cross(EMA5/20),ema_cross,5,5,10時台,月,レンジのみ,なし,5,20,34,61.8,40.0,5.0,-5.0,1.615,-15.0,3,12,50.0,0.0,5.0,-5.0,1.0,-25.0,3,不採用,33.0
ema_cross(EMA5/20),ema_cross,5,5,21時台,全曜日,なし,なし,5,20,836,47.6,-197.3,5.0,-4.99,0.91,-287.3,8,328,44.5,-180.0,5.0,-5.0,0.802,-260.0,7,不採用,33.0
ema_cross(EMA5/20),ema_cross,5,5,21時台,金,下降のみ,なし,5,20,67,43.3,-42.3,5.0,-4.93,0.774,-57.3,5,23,43.5,-15.0,5.0,-5.0,0.769,-40.0,4,不採用,33.0
ema_cross(EMA5/20),ema_cross,5,8,ロンドン(16-21),木,順方向のみ,なし,5,20,192,54.7,-171.0,5.0,-8.0,0.754,-246.0,5,80,55.0,-68.0,5.0,-8.0,0.764,-118.0,4,不採用,33.0
ema_cross(EMA5/20),ema_cross,5,8,NY(21-24),木,なし,直近30分変動大,5,20,169,59.8,-39.0,5.0,-8.0,0.928,-145.0,6,64,57.8,-31.0,5.0,-8.0,0.856,-80.0,5,不採用,33.0
ema_cross(EMA5/20),ema_cross,5,10,ロンドン(16-21),金,順方向のみ,ATR高,5,20,74,59.5,-80.0,5.0,-10.0,0.733,-115.0,3,27,59.3,-30.0,5.0,-10.0,0.727,-50.0,3,不採用,33.0
ema_cross(EMA5/20),ema_cross,5,10,9時台,木,なし,ATR低,5,20,58,69.0,20.0,5.0,-10.0,1.111,-55.0,3,13,61.5,-10.0,5.0,-10.0,0.8,-15.0,1,不採用,33.0
ema_cross(EMA5/20),ema_cross,5,10,9時台,金,下降のみ,なし,5,20,57,68.4,15.0,5.0,-10.0,1.083,-30.0,3,16,62.5,-10.0,5.0,-10.0,0.833,-35.0,2,不採用,33.0
ema_cross(EMA5/20),ema_cross,5,12,東京(9-15),月,上昇のみ,直近30分変動大,5,20,99,64.6,-100.0,5.0,-12.0,0.762,-174.0,5,53,64.2,-58.0,5.0,-12.0,0.746,-83.0,3,不採用,33.0
ema_cross(EMA5/20),ema_cross,5,12,22時台,月,なし,直近30分変動大,5,20,60,71.7,18.3,5.0,-11.57,1.093,-61.0,3,27,66.7,-18.0,5.0,-12.0,0.833,-43.0,2,不採用,33.0
ema_cross(EMA5/20),ema_cross,5,12,22時台,月,レンジのみ,なし,5,20,34,61.8,-35.3,4.64,-10.22,0.734,-73.7,2,13,61.5,-20.0,5.0,-12.0,0.667,-21.0,1,不採用,33.0
ema_cross(EMA5/20),ema_cross,5,15,NY(21-24),月,上昇のみ,ATR低,5,20,18,61.1,9.2,5.0,-6.54,1.201,-35.4,4,7,71.4,-5.0,5.0,-15.0,0.833,-20.0,1,不採用,33.0
ema_cross(EMA5/20),ema_cross,5,5,ロンドン(16-21),木,上昇のみ,なし,5,20,239,41.8,-195.0,5.0,-5.0,0.719,-210.0,8,125,44.0,-75.0,5.0,-5.0,0.786,-105.0,7,不採用,32.9
ema_cross(EMA5/20),ema_cross,5,5,9時台,金,なし,直近30分変動大,5,20,93,51.6,15.0,5.0,-5.0,1.067,-55.0,5,30,46.7,-10.0,5.0,-5.0,0.875,-30.0,4,不採用,32.9
ema_cross(EMA5/20),ema_cross,5,15,全時間,木,順方向のみ,ATR高,5,20,311,75.9,77.7,5.0,-14.7,1.07,-165.0,5,83,71.1,-55.8,5.0,-14.62,0.841,-90.8,3,不採用,32.9
ema_cross(EMA5/20),ema_cross,5,5,全時間,月,順方向のみ,ATR低,5,20,203,44.8,-107.4,4.97,-5.0,0.808,-125.0,7,61,44.3,-35.0,5.0,-5.0,0.794,-60.0,5,不採用,32.8
ema_cross(EMA5/20),ema_cross,5,5,10時台,金,なし,ATR高,5,20,57,57.9,45.0,5.0,-5.0,1.375,-20.0,3,25,48.0,-5.0,5.0,-5.0,0.923,-15.0,3,不採用,32.8
ema_cross(EMA5/20),ema_cross,5,5,16時台,全曜日,なし,直近30分変動大,5,20,359,45.4,-165.0,5.0,-5.0,0.832,-210.0,14,172,45.3,-80.0,5.0,-5.0,0.83,-105.0,8,不採用,32.8
ema_cross(EMA5/20),ema_cross,5,5,16時台,水,下降のみ,直近30分変動大,5,20,19,63.2,25.0,5.0,-5.0,1.714,-10.0,2,18,50.0,0.0,5.0,-5.0,1.0,-15.0,3,不採用,32.8
ema_cross(EMA5/20),ema_cross,5,8,全時間,月,上昇のみ,ATR高,5,20,167,52.1,-205.0,5.0,-8.0,0.68,-224.0,5,90,54.4,-83.0,5.0,-8.0,0.747,-116.0,5,不採用,32.8
ema_cross(EMA5/20),ema_cross,5,8,9時台,火,上昇のみ,なし,5,20,50,56.0,-36.0,5.0,-8.0,0.795,-70.0,4,22,54.5,-20.0,5.0,-8.0,0.75,-41.0,3,不採用,32.8
ema_cross(EMA5/20),ema_cross,5,10,ロンドン(16-21),月,レンジのみ,なし,5,20,153,60.8,-135.5,4.99,-10.0,0.774,-170.5,5,77,59.7,-80.0,5.0,-10.0,0.742,-95.0,3,不採用,32.8
ema_cross(EMA5/20),ema_cross,5,10,ロンドン(16-21),金,下降のみ,なし,5,20,181,63.0,-100.0,5.0,-10.0,0.851,-155.0,4,70,62.9,-40.0,5.0,-10.0,0.846,-75.0,6,不採用,32.8
ema_cross(EMA5/20),ema_cross,5,10,16時台,水,上昇のみ,ATR高,5,20,26,57.7,-35.0,5.0,-10.0,0.682,-45.0,2,7,57.1,-10.0,5.0,-10.0,0.667,-25.0,2,不採用,32.8
ema_cross(EMA5/20),ema_cross,5,12,ロンドン(16-21),月,上昇のみ,ATR低,5,20,51,62.7,-58.7,5.0,-11.51,0.732,-70.5,3,16,62.5,-22.0,5.0,-12.0,0.694,-31.0,2,不採用,32.8
ema_cross(EMA5/20),ema_cross,5,12,NY(21-24),金,下降のみ,直近30分変動大,5,20,64,65.6,-58.8,4.89,-12.0,0.777,-78.0,3,28,64.3,-30.0,5.0,-12.0,0.75,-62.0,3,不採用,32.8
ema_cross(EMA5/20),ema_cross,5,12,10時台,木,下降のみ,ATR低,5,20,2,0.0,-24.0,0.0,-12.0,0.0,-12.0,2,2,50.0,-7.0,5.0,-12.0,0.417,0.0,1,不採用,32.8
ema_cross(EMA5/20),ema_cross,5,12,21時台,火,レンジのみ,ATR低,5,20,7,42.9,-33.0,5.0,-12.0,0.312,-48.0,4,2,50.0,-7.0,5.0,-12.0,0.417,0.0,1,不採用,32.8
ema_cross(EMA5/20),ema_cross,5,15,全時間,月,レンジのみ,ATR高,5,20,140,72.1,-59.0,5.0,-14.46,0.895,-125.0,3,56,69.6,-60.0,5.0,-15.0,0.765,-70.0,2,不採用,32.8
ema_cross(EMA5/20),ema_cross,5,15,全時間,月,レンジのみ,直近30分変動大,5,20,242,73.6,-74.3,4.98,-15.0,0.923,-160.0,5,126,71.4,-90.0,5.0,-15.0,0.833,-185.0,4,不採用,32.8
ema_cross(EMA5/20),ema_cross,5,15,東京(9-15),水,順方向のみ,なし,5,20,187,71.7,-113.1,5.0,-14.78,0.856,-210.0,3,75,69.3,-85.0,5.0,-15.0,0.754,-95.0,2,不採用,32.8
ema_cross(EMA5/20),ema_cross,5,5,東京(9-15),月,下降のみ,ATR低,5,20,63,49.2,-5.0,5.0,-5.0,0.969,-40.0,6,24,45.8,-10.0,5.0,-5.0,0.846,-40.0,4,不採用,32.7
ema_cross(EMA5/20),ema_cross,5,8,東京(9-15),木,なし,ATR高,5,20,178,68.5,162.0,5.0,-8.0,1.362,-63.0,4,89,59.6,-23.0,5.0,-8.0,0.92,-79.0,4,不採用,32.7
ema_cross(EMA5/20),ema_cross,5,8,9時台,月,なし,直近30分変動大,5,20,72,66.7,48.0,5.0,-8.0,1.25,-25.0,3,30,60.0,-6.0,5.0,-8.0,0.938,-54.0,4,不採用,32.7
ema_cross(EMA5/20),ema_cross,5,8,21時台,水,なし,ATR低,5,20,19,52.6,-14.8,5.0,-7.2,0.772,-40.8,6,20,55.0,-17.0,5.0,-8.0,0.764,-35.0,4,不採用,32.7
ema_cross(EMA5/20),ema_cross,5,10,全時間,木,順方向のみ,直近30分変動大,5,20,273,59.7,-276.0,5.0,-9.92,0.747,-400.0,5,125,60.0,-125.0,5.0,-10.0,0.75,-130.0,4,不採用,32.7
ema_cross(EMA5/20),ema_cross,5,10,全時間,金,下降のみ,ATR低,5,20,178,60.7,-152.3,5.0,-9.89,0.78,-197.3,5,62,61.3,-50.0,5.0,-10.0,0.792,-75.0,5,不採用,32.7
ema_cross(EMA5/20),ema_cross,5,12,東京(9-15),火,なし,なし,5,20,540,68.1,-224.0,5.0,-12.0,0.891,-303.0,5,224,66.5,-155.0,5.0,-12.0,0.828,-208.0,6,不採用,32.7
ema_cross(EMA5/20),ema_cross,5,12,NY(21-24),月,なし,直近30分変動大,5,20,118,74.6,87.3,5.0,-11.76,1.248,-80.0,3,46,67.4,-25.0,5.0,-12.0,0.861,-57.0,2,不採用,32.7
ema_cross(EMA5/20),ema_cross,5,5,全時間,火,上昇のみ,直近30分変動大,5,20,445,38.4,-515.0,5.0,-5.0,0.624,-545.0,9,190,42.1,-150.0,5.0,-5.0,0.727,-170.0,7,不採用,32.6
ema_cross(EMA5/20),ema_cross,5,5,東京(9-15),火,なし,なし,5,20,765,45.5,-345.0,5.0,-5.0,0.835,-435.0,9,300,44.3,-170.0,5.0,-5.0,0.796,-215.0,8,不採用,32.6
ema_cross(EMA5/20),ema_cross,5,5,東京(9-15),木,レンジのみ,なし,5,20,247,47.8,-55.0,5.0,-5.0,0.915,-115.0,7,85,45.9,-35.0,5.0,-5.0,0.848,-65.0,6,不採用,32.6
ema_cross(EMA5/20),ema_cross,5,5,東京(9-15),金,下降のみ,なし,5,20,264,48.5,-40.0,5.0,-5.0,0.941,-90.0,7,96,45.8,-40.0,5.0,-5.0,0.846,-55.0,6,不採用,32.6
ema_cross(EMA5/20),ema_cross,5,8,NY(21-24),月,なし,なし,5,20,240,61.7,20.2,4.97,-7.78,1.028,-94.5,6,101,57.4,-58.6,4.92,-8.0,0.83,-78.6,4,不採用,32.6
ema_cross(EMA5/20),ema_cross,5,8,16時台,全曜日,なし,なし,5,20,717,61.2,-17.4,5.0,-7.96,0.992,-187.0,6,308,57.5,-163.0,5.0,-8.0,0.844,-200.0,8,不採用,32.6
ema_cross(EMA5/20),ema_cross,5,10,16時台,木,なし,ATR高,5,20,60,61.7,-45.0,5.0,-10.0,0.804,-80.0,4,25,60.0,-25.0,5.0,-10.0,0.75,-40.0,3,不採用,32.6
ema_cross(EMA5/20),ema_cross,5,12,東京(9-15),全曜日,上昇のみ,なし,5,20,1062,65.1,-993.4,5.0,-11.99,0.777,-1144.4,5,426,65.3,-386.0,5.0,-12.0,0.783,-466.0,5,不採用,32.6
ema_cross(EMA5/20),ema_cross,5,12,10時台,全曜日,なし,直近30分変動大,5,20,302,68.9,-88.0,5.0,-12.0,0.922,-292.0,4,127,66.1,-96.0,5.0,-12.0,0.814,-145.0,4,不採用,32.6
ema_cross(EMA5/20),ema_cross,5,12,16時台,金,レンジのみ,ATR低,5,20,4,25.0,-31.0,5.0,-12.0,0.139,-36.0,3,2,50.0,-7.0,5.0,-12.0,0.417,-12.0,1,不採用,32.6
ema_cross(EMA5/20),ema_cross,5,15,NY(21-24),金,なし,ATR低,5,20,30,63.3,-43.2,5.0,-12.56,0.687,-58.2,4,19,63.2,-26.7,4.62,-11.73,0.675,-52.5,2,不採用,32.6
ema_cross(EMA5/20),ema_cross,5,5,全時間,水,上昇のみ,なし,5,20,1209,43.3,-798.8,5.0,-4.99,0.766,-838.8,13,493,43.6,-315.0,5.0,-5.0,0.773,-360.0,10,不採用,32.5
ema_cross(EMA5/20),ema_cross,5,5,NY(21-24),木,レンジのみ,なし,5,20,81,50.6,5.0,5.0,-5.0,1.025,-30.0,5,37,45.9,-15.0,5.0,-5.0,0.85,-35.0,4,不採用,32.5
ema_cross(EMA5/20),ema_cross,5,5,22時台,全曜日,なし,直近30分変動大,5,20,383,39.2,-415.0,5.0,-5.0,0.644,-430.0,13,167,43.7,-105.0,5.0,-5.0,0.777,-130.0,9,不採用,32.5
ema_cross(EMA5/20),ema_cross,5,5,22時台,全曜日,上昇のみ,なし,5,20,327,40.7,-291.2,5.0,-4.93,0.695,-301.2,11,132,44.7,-70.0,5.0,-5.0,0.808,-100.0,9,不採用,32.5
ema_cross(EMA5/20),ema_cross,5,8,22時台,木,レンジのみ,ATR高,5,20,20,50.0,-30.0,5.0,-8.0,0.625,-42.0,3,6,50.0,-9.0,5.0,-8.0,0.625,-8.0,2,不採用,32.5
ema_cross(EMA5/20),ema_cross,5,8,22時台,木,レンジのみ,直近30分変動大,5,20,16,50.0,-24.0,5.0,-8.0,0.625,-38.0,3,8,50.0,-12.0,5.0,-8.0,0.625,-8.0,2,不採用,32.5
ema_cross(EMA5/20),ema_cross,5,12,ロンドン(16-21),月,レンジのみ,直近30分変動大,5,20,77,63.6,-91.0,5.0,-12.0,0.729,-117.0,3,44,63.6,-52.0,5.0,-12.0,0.729,-95.0,3,不採用,32.5
ema_cross(EMA5/20),ema_cross,5,12,NY(21-24),水,下降のみ,ATR低,5,20,4,25.0,-31.0,5.0,-12.0,0.139,-19.0,2,4,50.0,-14.0,5.0,-12.0,0.417,-12.0,1,不採用,32.5
ema_cross(EMA5/20),ema_cross,5,12,10時台,木,上昇のみ,直近30分変動大,5,20,20,75.0,15.0,5.0,-12.0,1.25,-36.0,3,6,66.7,-4.0,5.0,-12.0,0.833,-19.0,1,不採用,32.5
ema_cross(EMA5/20),ema_cross,5,12,16時台,全曜日,なし,直近30分変動大,5,20,351,68.1,-138.5,5.0,-11.91,0.896,-182.5,4,171,65.5,-148.0,5.0,-12.0,0.791,-152.0,4,不採用,32.5
ema_cross(EMA5/20),ema_cross,5,12,21時台,水,下降のみ,ATR低,5,20,3,0.0,-36.0,0.0,-12.0,0.0,-24.0,3,4,50.0,-14.0,5.0,-12.0,0.417,-12.0,1,不採用,32.5
ema_cross(EMA5/20),ema_cross,5,15,全時間,水,下降のみ,直近30分変動大,5,20,343,70.8,-261.9,5.0,-14.77,0.823,-261.9,3,190,70.0,-190.0,5.0,-15.0,0.778,-260.0,3,不採用,32.5
ema_cross(EMA5/20),ema_cross,5,15,9時台,火,上昇のみ,ATR低,5,20,25,80.0,25.0,5.0,-15.0,1.333,-20.0,1,11,72.7,-5.0,5.0,-15.0,0.889,-25.0,2,不採用,32.5
ema_cross(EMA5/20),ema_cross,5,5,ロンドン(16-21),月,なし,ATR高,5,20,225,40.9,-205.0,5.0,-5.0,0.692,-225.0,6,80,43.8,-50.0,5.0,-5.0,0.778,-75.0,7,不採用,32.4
ema_cross(EMA5/20),ema_cross,5,5,9時台,木,下降のみ,ATR高,5,20,10,70.0,20.0,5.0,-5.0,2.333,-10.0,2,8,50.0,0.0,5.0,-5.0,1.0,-5.0,1,不採用,32.4
ema_cross(EMA5/20),ema_cross,5,5,16時台,月,なし,直近30分変動大,5,20,65,46.2,-25.0,5.0,-5.0,0.857,-55.0,4,43,46.5,-15.0,5.0,-5.0,0.87,-45.0,7,不採用,32.4
ema_cross(EMA5/20),ema_cross,5,5,16時台,木,レンジのみ,直近30分変動大,5,20,19,47.4,-5.0,5.0,-5.0,0.9,-30.0,6,7,42.9,-5.0,5.0,-5.0,0.75,-10.0,2,不採用,32.4
ema_cross(EMA5/20),ema_cross,5,5,22時台,月,なし,ATR高,5,20,58,41.4,-50.0,5.0,-5.0,0.706,-60.0,8,14,42.9,-10.0,5.0,-5.0,0.75,-25.0,5,不採用,32.4
ema_cross(EMA5/20),ema_cross,5,10,ロンドン(16-21),全曜日,レンジのみ,ATR高,5,20,276,62.7,-165.0,5.0,-10.0,0.84,-195.0,5,82,61.0,-70.0,5.0,-10.0,0.781,-85.0,4,不採用,32.4
ema_cross(EMA5/20),ema_cross,5,10,21時台,金,下降のみ,直近30分変動大,5,20,34,55.9,-55.0,5.0,-10.0,0.633,-60.0,5,16,56.2,-25.0,5.0,-10.0,0.643,-50.0,2,不採用,32.4
ema_cross(EMA5/20),ema_cross,5,12,東京(9-15),金,レンジのみ,ATR低,5,20,52,73.1,22.0,5.0,-12.0,1.131,-53.0,3,21,66.7,-14.0,5.0,-12.0,0.833,-37.0,2,不採用,32.4
ema_cross(EMA5/20),ema_cross,5,12,10時台,全曜日,なし,ATR低,5,20,62,64.5,-52.5,5.0,-11.48,0.792,-88.5,4,19,63.2,-24.0,5.0,-12.0,0.714,-35.0,2,不採用,32.4
ema_cross(EMA5/20),ema_cross,5,15,NY(21-24),月,レンジのみ,なし,5,20,58,70.7,0.5,4.8,-11.55,1.003,-65.9,2,27,70.4,-25.0,5.0,-15.0,0.792,-40.0,2,不採用,32.4
ema_cross(EMA5/20),ema_cross,5,15,9時台,月,なし,ATR低,5,20,24,79.2,20.0,5.0,-15.0,1.267,-30.0,2,7,71.4,-5.0,5.0,-15.0,0.833,-15.0,1,不採用,32.4
ema_cross(EMA5/20),ema_cross,5,15,9時台,木,レンジのみ,なし,5,20,48,81.2,60.0,5.0,-15.0,1.444,-35.0,2,15,73.3,-5.0,5.0,-15.0,0.917,-40.0,2,不採用,32.4
ema_cross(EMA5/20),ema_cross,5,5,全時間,水,上昇のみ,ATR低,5,20,408,46.1,-153.8,5.0,-4.97,0.859,-255.0,8,193,44.0,-115.0,5.0,-5.0,0.787,-145.0,6,不採用,32.3
ema_cross(EMA5/20),ema_cross,5,5,NY(21-24),全曜日,レンジのみ,なし,5,20,378,49.5,-21.6,4.97,-4.98,0.977,-86.6,7,161,45.3,-75.0,5.0,-5.0,0.83,-110.0,6,不採用,32.3
ema_cross(EMA5/20),ema_cross,5,8,10時台,水,下降のみ,直近30分変動大,5,20,22,50.0,-33.0,5.0,-8.0,0.625,-42.0,3,4,50.0,-6.0,5.0,-8.0,0.625,-16.0,2,不採用,32.3
ema_cross(EMA5/20),ema_cross,5,8,10時台,金,下降のみ,なし,5,20,28,60.7,-3.0,5.0,-8.0,0.966,-22.0,3,16,56.2,-11.0,5.0,-8.0,0.804,-19.0,3,不採用,32.3
ema_cross(EMA5/20),ema_cross,5,10,全時間,月,レンジのみ,直近30分変動大,5,20,256,57.8,-340.0,5.0,-10.0,0.685,-375.0,6,127,59.8,-130.0,5.0,-10.0,0.745,-150.0,5,不採用,32.3
ema_cross(EMA5/20),ema_cross,5,10,9時台,金,レンジのみ,ATR高,5,20,11,81.8,25.0,5.0,-10.0,2.25,-10.0,1,3,66.7,0.0,5.0,-10.0,1.0,-10.0,1,不採用,32.3
ema_cross(EMA5/20),ema_cross,5,12,9時台,月,下降のみ,なし,5,20,28,67.9,-13.0,5.0,-12.0,0.88,-50.0,3,14,64.3,-15.0,5.0,-12.0,0.75,-38.0,2,不採用,32.3
ema_cross(EMA5/20),ema_cross,5,12,16時台,月,上昇のみ,ATR低,5,20,17,58.8,-30.5,5.0,-11.5,0.621,-36.5,2,5,60.0,-9.0,5.0,-12.0,0.625,-24.0,2,不採用,32.3
ema_cross(EMA5/20),ema_cross,5,12,16時台,金,レンジのみ,なし,5,20,35,71.4,5.0,5.0,-12.0,1.042,-26.0,2,17,64.7,-17.0,5.0,-12.0,0.764,-16.0,1,不採用,32.3
ema_cross(EMA5/20),ema_cross,5,15,全時間,木,レンジのみ,直近30分変動大,5,20,306,69.3,-350.0,5.0,-15.0,0.752,-385.0,4,138,69.6,-150.0,5.0,-15.0,0.762,-170.0,4,不採用,32.3
ema_cross(EMA5/20),ema_cross,5,5,ロンドン(16-21),全曜日,上昇のみ,直近30分変動大,5,20,518,42.3,-400.0,5.0,-5.0,0.732,-450.0,7,212,43.9,-130.0,5.0,-5.0,0.782,-170.0,8,不採用,32.2
ema_cross(EMA5/20),ema_cross,5,5,ロンドン(16-21),月,レンジのみ,なし,5,20,187,40.6,-175.0,5.0,-5.0,0.685,-200.0,8,89,44.9,-45.0,5.0,-5.0,0.816,-80.0,9,不採用,32.2
ema_cross(EMA5/20),ema_cross,5,5,ロンドン(16-21),水,順方向のみ,なし,5,20,219,53.0,69.9,5.0,-4.95,1.137,-45.0,5,76,46.1,-30.0,5.0,-5.0,0.854,-55.0,4,不採用,32.2
ema_cross(EMA5/20),ema_cross,5,5,ロンドン(16-21),木,順方向のみ,直近30分変動大,5,20,59,40.7,-55.0,5.0,-5.0,0.686,-90.0,11,29,41.4,-25.0,5.0,-5.0,0.706,-35.0,4,不採用,32.2
ema_cross(EMA5/20),ema_cross,5,5,10時台,全曜日,下降のみ,ATR高,5,20,95,49.5,-5.0,5.0,-5.0,0.979,-55.0,7,39,46.2,-15.0,5.0,-5.0,0.857,-35.0,5,不採用,32.2
ema_cross(EMA5/20),ema_cross,5,5,21時台,月,なし,直近30分変動大,5,20,61,50.8,5.0,5.0,-5.0,1.033,-30.0,5,20,45.0,-10.0,5.0,-5.0,0.818,-15.0,3,不採用,32.2
ema_cross(EMA5/20),ema_cross,5,8,全時間,全曜日,順方向のみ,ATR低,5,20,1413,56.7,-846.3,4.97,-7.89,0.825,-868.9,7,518,55.0,-415.7,5.0,-7.9,0.774,-470.7,6,不採用,32.2
ema_cross(EMA5/20),ema_cross,5,10,全時間,火,なし,ATR低,5,20,715,63.1,-385.0,5.0,-10.0,0.854,-450.0,6,270,61.1,-225.0,5.0,-10.0,0.786,-255.0,5,不採用,32.2
ema_cross(EMA5/20),ema_cross,5,10,NY(21-24),木,順方向のみ,ATR高,5,20,70,68.6,29.0,5.0,-9.59,1.137,-50.0,3,8,62.5,-5.0,5.0,-10.0,0.833,-25.0,2,不採用,32.2
ema_cross(EMA5/20),ema_cross,5,10,16時台,水,なし,ATR低,5,20,24,66.7,0.0,5.0,-10.0,1.0,-30.0,3,10,60.0,-10.0,5.0,-10.0,0.75,-15.0,1,不採用,32.2
ema_cross(EMA5/20),ema_cross,5,12,9時台,全曜日,順方向のみ,ATR低,5,20,81,64.2,-88.0,5.0,-12.0,0.747,-128.0,4,30,63.3,-37.0,5.0,-12.0,0.72,-46.0,3,不採用,32.2
ema_cross(EMA5/20),ema_cross,5,12,16時台,全曜日,順方向のみ,なし,5,20,218,69.3,-37.9,5.0,-11.83,0.952,-143.0,4,88,67.0,-53.0,5.0,-12.0,0.848,-183.0,4,不採用,32.2
ema_cross(EMA5/20),ema_cross,5,15,東京(9-15),月,下降のみ,なし,5,20,161,72.7,-75.0,5.0,-15.0,0.886,-150.0,5,67,70.1,-65.0,5.0,-15.0,0.783,-95.0,3,不採用,32.2
ema_cross(EMA5/20),ema_cross,5,5,全時間,木,上昇のみ,直近30分変動大,5,20,422,42.7,-310.0,5.0,-5.0,0.744,-370.0,10,194,43.3,-130.0,5.0,-5.0,0.764,-140.0,7,不採用,32.1
ema_cross(EMA5/20),ema_cross,5,5,ロンドン(16-21),水,上昇のみ,直近30分変動大,5,20,131,43.5,-85.0,5.0,-5.0,0.77,-90.0,5,36,44.4,-20.0,5.0,-5.0,0.8,-45.0,6,不採用,32.1
ema_cross(EMA5/20),ema_cross,5,5,9時台,月,下降のみ,なし,5,20,34,50.0,0.0,5.0,-5.0,1.0,-20.0,3,16,43.8,-10.0,5.0,-5.0,0.778,-20.0,2,不採用,32.1
ema_cross(EMA5/20),ema_cross,5,5,16時台,火,なし,なし,5,20,163,44.2,-95.0,5.0,-5.0,0.791,-165.0,13,63,46.0,-25.0,5.0,-5.0,0.853,-60.0,8,不採用,32.1
ema_cross(EMA5/20),ema_cross,5,5,16時台,金,下降のみ,なし,5,20,59,45.8,-25.0,5.0,-5.0,0.844,-40.0,4,14,42.9,-10.0,5.0,-5.0,0.75,-15.0,3,不採用,32.1
ema_cross(EMA5/20),ema_cross,5,8,東京(9-15),木,上昇のみ,ATR高,5,20,37,78.4,81.0,5.0,-8.0,2.266,-27.0,3,19,63.2,4.0,5.0,-8.0,1.071,-36.0,3,不採用,32.1
ema_cross(EMA5/20),ema_cross,5,8,9時台,全曜日,下降のみ,ATR低,5,20,72,72.2,100.0,5.0,-8.0,1.625,-26.0,2,15,60.0,-3.0,5.0,-8.0,0.938,-27.0,2,不採用,32.1
ema_cross(EMA5/20),ema_cross,5,8,10時台,全曜日,下降のみ,直近30分変動大,5,20,93,53.8,-94.0,5.0,-8.0,0.727,-132.0,6,31,54.8,-27.0,5.0,-8.0,0.759,-49.0,5,不採用,32.1
ema_cross(EMA5/20),ema_cross,5,8,21時台,全曜日,上昇のみ,直近30分変動大,5,20,146,64.4,54.0,5.0,-8.0,1.13,-94.0,4,55,58.2,-24.0,5.0,-8.0,0.87,-52.0,4,不採用,32.1
ema_cross(EMA5/20),ema_cross,5,8,21時台,月,下降のみ,なし,5,20,44,47.7,-75.4,5.0,-7.84,0.582,-93.0,3,18,50.0,-27.0,5.0,-8.0,0.625,-32.0,3,不採用,32.1
ema_cross(EMA5/20),ema_cross,5,10,全時間,月,上昇のみ,ATR高,5,20,161,55.9,-251.5,5.0,-9.88,0.641,-266.5,5,83,59.0,-95.0,5.0,-10.0,0.721,-110.0,5,不採用,32.1
ema_cross(EMA5/20),ema_cross,5,10,全時間,金,なし,ATR低,5,20,593,63.4,-268.8,5.0,-9.9,0.875,-323.8,5,257,61.5,-204.6,4.97,-10.0,0.793,-254.6,5,不採用,32.1
ema_cross(EMA5/20),ema_cross,5,10,東京(9-15),火,レンジのみ,なし,5,20,186,68.3,45.0,5.0,-10.0,1.076,-90.0,4,87,63.2,-45.0,5.0,-10.0,0.859,-115.0,4,不採用,32.1
ema_cross(EMA5/20),ema_cross,5,10,21時台,火,レンジのみ,直近30分変動大,5,20,18,72.2,15.0,5.0,-10.0,1.3,-20.0,2,8,62.5,-5.0,5.0,-10.0,0.833,-15.0,1,不採用,32.1
ema_cross(EMA5/20),ema_cross,5,10,22時台,月,順方向のみ,直近30分変動大,5,20,9,66.7,0.0,5.0,-10.0,1.0,-15.0,2,5,60.0,-5.0,5.0,-10.0,0.75,-10.0,1,不採用,32.1
ema_cross(EMA5/20),ema_cross,5,12,NY(21-24),全曜日,上昇のみ,ATR低,5,20,78,69.2,76.6,5.0,-8.06,1.396,-51.5,3,53,67.9,-16.5,4.87,-11.29,0.914,-75.5,3,不採用,32.1
ema_cross(EMA5/20),ema_cross,5,12,NY(21-24),水,なし,ATR高,5,20,122,60.7,-186.0,5.0,-11.58,0.665,-211.0,3,49,63.3,-61.0,5.0,-12.0,0.718,-104.0,4,不採用,32.1
ema_cross(EMA5/20),ema_cross,5,5,東京(9-15),水,上昇のみ,直近30分変動大,5,20,94,44.7,-50.0,5.0,-5.0,0.808,-70.0,8,57,43.9,-35.0,5.0,-5.0,0.781,-60.0,5,不採用,32.0
ema_cross(EMA5/20),ema_cross,5,5,東京(9-15),木,上昇のみ,ATR高,5,20,43,44.2,-25.0,5.0,-5.0,0.792,-40.0,6,19,42.1,-15.0,5.0,-5.0,0.727,-25.0,3,不採用,32.0
ema_cross(EMA5/20),ema_cross,5,5,NY(21-24),全曜日,なし,なし,5,20,1574,44.9,-792.4,4.99,-4.99,0.817,-847.5,9,622,44.2,-364.6,4.98,-5.0,0.79,-460.0,8,不採用,32.0
ema_cross(EMA5/20),ema_cross,5,8,10時台,木,下降のみ,なし,5,20,43,55.8,-32.0,5.0,-8.0,0.789,-55.0,3,17,52.9,-19.0,5.0,-8.0,0.703,-34.0,2,不採用,32.0
ema_cross(EMA5/20),ema_cross,5,10,東京(9-15),月,なし,ATR低,5,20,158,70.9,100.0,5.0,-10.0,1.217,-85.0,4,52,63.5,-25.0,5.0,-10.0,0.868,-65.0,3,不採用,32.0
ema_cross(EMA5/20),ema_cross,5,10,ロンドン(16-21),火,レンジのみ,なし,5,20,137,62.8,-73.2,5.0,-9.87,0.855,-130.0,4,63,60.3,-60.0,5.0,-10.0,0.76,-80.0,3,不採用,32.0
ema_cross(EMA5/20),ema_cross,5,10,NY(21-24),全曜日,下降のみ,ATR低,5,20,32,62.5,1.9,5.0,-8.17,1.019,-30.0,3,18,61.1,-13.8,4.58,-9.17,0.785,-25.0,2,不採用,32.0
ema_cross(EMA5/20),ema_cross,5,12,NY(21-24),木,順方向のみ,ATR高,5,20,70,72.9,38.0,5.0,-11.42,1.175,-57.0,3,8,62.5,-4.8,5.0,-9.93,0.839,-24.8,2,不採用,32.0
ema_cross(EMA5/20),ema_cross,5,15,ロンドン(16-21),水,なし,ATR高,5,20,182,69.2,-210.0,5.0,-15.0,0.75,-265.0,5,79,68.4,-105.0,5.0,-15.0,0.72,-150.0,2,不採用,32.0
ema_cross(EMA5/20),ema_cross,5,8,全時間,月,順方向のみ,ATR高,5,20,172,56.4,-115.0,5.0,-8.0,0.808,-134.0,7,61,54.1,-59.0,5.0,-8.0,0.737,-76.0,3,不採用,31.9
ema_cross(EMA5/20),ema_cross,5,8,21時台,金,順方向のみ,ATR高,5,20,33,48.5,-56.0,5.0,-8.0,0.588,-73.0,5,6,50.0,-9.0,5.0,-8.0,0.625,-24.0,3,不採用,31.9
ema_cross(EMA5/20),ema_cross,5,10,東京(9-15),木,なし,直近30分変動大,5,20,313,62.6,-190.0,5.0,-10.0,0.838,-280.0,4,147,61.2,-120.0,5.0,-10.0,0.789,-220.0,4,不採用,31.9
ema_cross(EMA5/20),ema_cross,5,12,全時間,金,順方向のみ,なし,5,20,834,68.8,-197.1,5.0,-11.8,0.936,-311.5,4,335,65.4,-286.2,5.0,-11.91,0.793,-350.2,4,不採用,31.9
ema_cross(EMA5/20),ema_cross,5,12,ロンドン(16-21),金,上昇のみ,直近30分変動大,5,20,88,69.3,-8.5,5.0,-11.61,0.973,-55.0,2,48,66.7,-32.0,5.0,-12.0,0.833,-74.0,4,不採用,31.9
ema_cross(EMA5/20),ema_cross,5,12,NY(21-24),金,なし,ATR高,5,20,175,68.6,-52.0,4.96,-11.77,0.92,-151.0,5,45,64.4,-47.0,5.0,-12.0,0.755,-62.0,2,不採用,31.9
ema_cross(EMA5/20),ema_cross,5,12,9時台,金,上昇のみ,ATR低,5,20,25,76.0,23.0,5.0,-12.0,1.319,-43.0,3,6,66.7,-4.0,5.0,-12.0,0.833,-14.0,1,不採用,31.9
ema_cross(EMA5/20),ema_cross,5,15,ロンドン(16-21),木,レンジのみ,直近30分変動大,5,20,82,68.3,-110.0,5.0,-15.0,0.718,-125.0,3,28,67.9,-40.0,5.0,-15.0,0.704,-50.0,3,不採用,31.9
ema_cross(EMA5/20),ema_cross,5,15,ロンドン(16-21),金,なし,ATR高,5,20,220,74.5,-20.0,5.0,-15.0,0.976,-175.0,3,64,70.3,-60.0,5.0,-15.0,0.789,-120.0,2,不採用,31.9
ema_cross(EMA5/20),ema_cross,5,5,東京(9-15),金,上昇のみ,ATR低,5,20,94,51.1,10.0,5.0,-5.0,1.043,-65.0,11,38,47.4,-10.0,5.0,-5.0,0.9,-30.0,6,不採用,31.8
ema_cross(EMA5/20),ema_cross,5,5,22時台,金,レンジのみ,なし,5,20,44,36.4,-60.0,5.0,-5.0,0.571,-75.0,7,18,38.9,-20.0,5.0,-5.0,0.636,-35.0,4,不採用,31.8
ema_cross(EMA5/20),ema_cross,5,8,全時間,水,上昇のみ,ATR低,5,20,329,59.3,-84.8,5.0,-7.91,0.92,-194.0,5,153,57.5,-80.0,5.0,-8.0,0.846,-123.0,7,不採用,31.8
ema_cross(EMA5/20),ema_cross,5,8,東京(9-15),全曜日,順方向のみ,直近30分変動大,5,20,271,54.2,-257.0,5.0,-8.0,0.741,-290.0,6,136,55.1,-113.0,5.0,-8.0,0.768,-127.0,6,不採用,31.8
ema_cross(EMA5/20),ema_cross,5,10,ロンドン(16-21),全曜日,上昇のみ,なし,5,20,1112,63.2,-537.4,5.0,-9.91,0.867,-587.4,6,421,60.6,-375.0,5.0,-9.94,0.773,-385.0,5,不採用,31.8
ema_cross(EMA5/20),ema_cross,5,10,NY(21-24),金,下降のみ,ATR高,5,20,55,54.5,-104.8,4.84,-10.0,0.581,-129.8,6,22,54.5,-40.0,5.0,-10.0,0.6,-40.0,2,不採用,31.8
ema_cross(EMA5/20),ema_cross,5,10,22時台,全曜日,なし,直近30分変動大,5,20,382,58.1,-469.0,4.98,-9.84,0.702,-494.0,7,164,60.4,-152.4,4.95,-9.89,0.763,-179.6,6,不採用,31.8
ema_cross(EMA5/20),ema_cross,5,12,全時間,水,レンジのみ,ATR低,5,20,195,68.7,-51.5,5.0,-11.83,0.929,-161.0,6,80,66.2,-59.0,5.0,-12.0,0.818,-124.0,4,不採用,31.8
ema_cross(EMA5/20),ema_cross,5,5,ロンドン(16-21),全曜日,なし,なし,5,20,3306,45.9,-1336.7,5.0,-5.0,0.85,-1406.7,13,1292,47.2,-360.0,5.0,-5.0,0.894,-470.0,11,不採用,31.7
ema_cross(EMA5/20),ema_cross,5,5,ロンドン(16-21),火,下降のみ,ATR低,5,20,23,26.1,-55.0,5.0,-5.0,0.353,-70.0,6,6,33.3,-10.0,5.0,-5.0,0.5,-15.0,3,不採用,31.7
ema_cross(EMA5/20),ema_cross,5,5,21時台,火,なし,なし,5,20,165,49.7,-5.0,5.0,-5.0,0.988,-45.0,7,69,46.4,-25.0,5.0,-5.0,0.865,-55.0,6,不採用,31.7
ema_cross(EMA5/20),ema_cross,5,5,21時台,火,なし,ATR高,5,20,61,45.9,-25.0,5.0,-5.0,0.848,-55.0,7,12,41.7,-10.0,5.0,-5.0,0.714,-15.0,2,不採用,31.7
ema_cross(EMA5/20),ema_cross,5,8,全時間,木,上昇のみ,直近30分変動大,5,20,421,58.0,-196.0,5.0,-8.0,0.862,-323.0,6,194,56.7,-122.0,5.0,-8.0,0.818,-165.0,7,不採用,31.7
ema_cross(EMA5/20),ema_cross,5,8,東京(9-15),火,上昇のみ,ATR低,5,20,107,51.4,-141.0,5.0,-8.0,0.661,-171.0,8,38,52.6,-44.0,5.0,-8.0,0.694,-59.0,4,不採用,31.7
ema_cross(EMA5/20),ema_cross,5,10,ロンドン(16-21),木,順方向のみ,ATR高,5,20,85,58.8,-100.0,5.0,-10.0,0.714,-150.0,5,24,58.3,-30.0,5.0,-10.0,0.7,-60.0,3,不採用,31.7
ema_cross(EMA5/20),ema_cross,5,10,10時台,水,なし,なし,5,20,130,63.1,-70.0,5.0,-10.0,0.854,-100.0,4,47,61.7,-35.0,5.0,-10.0,0.806,-55.0,5,不採用,31.7
ema_cross(EMA5/20),ema_cross,5,12,全時間,月,なし,なし,5,20,1587,64.7,-1515.6,5.0,-11.87,0.772,-1577.6,6,657,65.6,-557.8,4.99,-11.98,0.794,-550.8,4,不採用,31.7
ema_cross(EMA5/20),ema_cross,5,12,全時間,火,順方向のみ,ATR高,5,20,212,62.3,-281.7,5.0,-11.77,0.701,-347.0,4,75,65.3,-67.0,5.0,-12.0,0.785,-152.0,6,不採用,31.7
ema_cross(EMA5/20),ema_cross,5,12,NY(21-24),月,なし,なし,5,20,221,69.7,50.5,4.98,-10.68,1.071,-116.4,3,93,66.7,-66.6,4.93,-12.0,0.821,-114.0,3,不採用,31.7
ema_cross(EMA5/20),ema_cross,5,12,NY(21-24),火,順方向のみ,なし,5,20,97,64.9,-74.7,5.0,-11.46,0.808,-183.0,4,39,64.1,-43.0,5.0,-12.0,0.744,-72.0,3,不採用,31.7
ema_cross(EMA5/20),ema_cross,5,12,16時台,水,なし,直近30分変動大,5,20,75,68.0,-33.0,5.0,-12.0,0.885,-53.0,2,35,65.7,-29.0,5.0,-12.0,0.799,-60.0,4,不採用,31.7
ema_cross(EMA5/20),ema_cross,5,15,東京(9-15),水,上昇のみ,ATR高,5,20,52,71.2,-40.0,5.0,-15.0,0.822,-105.0,3,26,69.2,-30.0,5.0,-15.0,0.75,-60.0,3,不採用,31.7
ema_cross(EMA5/20),ema_cross,5,5,9時台,金,レンジのみ,直近30分変動大,5,20,35,54.3,15.0,5.0,-5.0,1.188,-30.0,5,13,46.2,-5.0,5.0,-5.0,0.857,-15.0,3,不採用,31.6
ema_cross(EMA5/20),ema_cross,5,8,全時間,木,下降のみ,ATR高,5,20,479,58.2,-205.0,5.0,-8.0,0.872,-324.0,6,142,57.0,-83.0,5.0,-8.0,0.83,-113.0,7,不採用,31.6
ema_cross(EMA5/20),ema_cross,5,8,NY(21-24),木,下降のみ,なし,5,20,108,60.2,-12.4,5.0,-7.85,0.963,-51.4,4,25,56.0,-18.0,5.0,-8.0,0.795,-52.0,3,不採用,31.6
ema_cross(EMA5/20),ema_cross,5,8,16時台,水,下降のみ,直近30分変動大,5,20,19,73.7,30.0,5.0,-8.0,1.75,-16.0,2,18,61.1,-1.0,5.0,-8.0,0.982,-27.0,3,不採用,31.6
ema_cross(EMA5/20),ema_cross,5,8,21時台,木,下降のみ,なし,5,20,67,61.2,-3.0,5.0,-8.0,0.986,-37.0,3,16,56.2,-11.0,5.0,-8.0,0.804,-38.0,3,不採用,31.6
ema_cross(EMA5/20),ema_cross,5,10,東京(9-15),木,上昇のみ,直近30分変動大,5,20,92,66.3,-5.0,5.0,-10.0,0.984,-95.0,5,42,61.9,-30.0,5.0,-10.0,0.812,-95.0,3,不採用,31.6
ema_cross(EMA5/20),ema_cross,5,10,NY(21-24),全曜日,上昇のみ,ATR低,5,20,79,68.4,74.5,5.0,-7.82,1.381,-46.7,3,56,64.3,-20.9,4.87,-9.82,0.894,-70.9,3,不採用,31.6
ema_cross(EMA5/20),ema_cross,5,10,21時台,月,順方向のみ,ATR高,5,20,20,65.0,-5.0,5.0,-10.0,0.929,-30.0,2,5,60.0,-5.0,5.0,-10.0,0.75,-20.0,2,不採用,31.6
ema_cross(EMA5/20),ema_cross,5,12,東京(9-15),火,順方向のみ,なし,5,20,202,64.9,-197.0,5.0,-12.0,0.769,-217.0,3,62,64.5,-64.0,5.0,-12.0,0.758,-113.0,4,不採用,31.6
ema_cross(EMA5/20),ema_cross,5,5,NY(21-24),火,レンジのみ,直近30分変動大,5,20,29,65.5,45.0,5.0,-5.0,1.9,-20.0,3,16,50.0,0.0,5.0,-5.0,1.0,-15.0,3,不採用,31.5
ema_cross(EMA5/20),ema_cross,5,8,全時間,金,下降のみ,ATR高,5,20,393,56.5,-262.8,4.98,-8.0,0.808,-334.0,9,160,56.2,-110.0,5.0,-8.0,0.804,-137.0,7,不採用,31.5
ema_cross(EMA5/20),ema_cross,5,8,東京(9-15),木,下降のみ,ATR高,5,20,94,67.0,67.0,5.0,-8.0,1.27,-31.0,3,50,58.0,-23.0,5.0,-8.0,0.863,-49.0,3,不採用,31.5
ema_cross(EMA5/20),ema_cross,5,10,全時間,火,上昇のみ,直近30分変動大,5,20,438,58.9,-498.5,5.0,-9.94,0.721,-563.5,7,187,59.9,-190.0,5.0,-10.0,0.747,-275.0,4,不採用,31.5
ema_cross(EMA5/20),ema_cross,5,10,16時台,火,レンジのみ,ATR低,5,20,6,83.3,15.0,5.0,-10.0,2.5,-10.0,1,6,66.7,0.0,5.0,-10.0,1.0,-15.0,1,不採用,31.5
ema_cross(EMA5/20),ema_cross,5,12,9時台,月,なし,直近30分変動大,5,20,71,71.8,15.0,5.0,-12.0,1.062,-47.0,3,30,66.7,-20.0,5.0,-12.0,0.833,-70.0,3,不採用,31.5
ema_cross(EMA5/20),ema_cross,5,5,東京(9-15),月,なし,ATR低,5,20,206,51.5,30.0,5.0,-5.0,1.06,-70.0,7,66,47.0,-20.0,5.0,-5.0,0.886,-60.0,6,不採用,31.4
ema_cross(EMA5/20),ema_cross,5,5,9時台,木,なし,ATR高,5,20,30,53.3,10.0,5.0,-5.0,1.143,-45.0,5,18,44.4,-10.0,5.0,-5.0,0.8,-10.0,2,不採用,31.4
ema_cross(EMA5/20),ema_cross,5,8,東京(9-15),火,レンジのみ,ATR高,5,20,25,56.0,-18.0,5.0,-8.0,0.795,-27.0,3,19,52.6,-22.0,5.0,-8.0,0.694,-33.0,2,不採用,31.4
ema_cross(EMA5/20),ema_cross,5,8,ロンドン(16-21),月,順方向のみ,ATR高,5,20,58,56.9,-35.0,5.0,-8.0,0.825,-71.0,7,17,52.9,-19.0,5.0,-8.0,0.703,-24.0,2,不採用,31.4
ema_cross(EMA5/20),ema_cross,5,8,9時台,木,なし,ATR高,5,20,26,76.9,52.0,5.0,-8.0,2.083,-19.0,2,18,61.1,-1.0,5.0,-8.0,0.982,-21.0,2,不採用,31.4
ema_cross(EMA5/20),ema_cross,5,8,10時台,金,なし,ATR高,5,20,55,67.3,41.0,5.0,-8.0,1.285,-38.0,2,24,58.3,-10.0,5.0,-8.0,0.875,-24.0,3,不採用,31.4
ema_cross(EMA5/20),ema_cross,5,10,全時間,金,レンジのみ,直近30分変動大,5,20,327,63.0,-180.0,5.0,-10.0,0.851,-210.0,6,134,60.4,-117.8,5.0,-9.86,0.775,-170.0,4,不採用,31.4
ema_cross(EMA5/20),ema_cross,5,12,ロンドン(16-21),火,順方向のみ,ATR低,5,20,24,50.0,-84.0,5.0,-12.0,0.417,-72.0,2,11,54.5,-27.7,5.0,-11.54,0.52,-43.0,3,不採用,31.4
ema_cross(EMA5/20),ema_cross,5,12,NY(21-24),木,なし,なし,5,20,286,70.3,16.1,4.99,-11.61,1.016,-134.0,4,94,66.0,-74.0,5.0,-12.0,0.807,-133.0,3,不採用,31.4
ema_cross(EMA5/20),ema_cross,5,12,10時台,水,順方向のみ,ATR高,5,20,13,76.9,14.0,5.0,-12.0,1.389,-31.0,2,3,66.7,-2.0,5.0,-12.0,0.833,0.0,1,不採用,31.4
ema_cross(EMA5/20),ema_cross,5,12,22時台,木,なし,直近30分変動大,5,20,74,64.9,-61.0,5.0,-11.58,0.797,-123.0,4,24,62.5,-33.0,5.0,-12.0,0.694,-31.0,2,不採用,31.4
ema_cross(EMA5/20),ema_cross,5,15,10時台,水,上昇のみ,直近30分変動大,5,20,24,66.7,-40.0,5.0,-15.0,0.667,-70.0,2,12,66.7,-20.0,5.0,-15.0,0.667,-40.0,3,不採用,31.4
ema_cross(EMA5/20),ema_cross,5,5,NY(21-24),金,順方向のみ,なし,5,20,123,41.5,-105.0,5.0,-5.0,0.708,-150.0,7,41,43.9,-25.0,5.0,-5.0,0.783,-60.0,7,不採用,31.3
ema_cross(EMA5/20),ema_cross,5,8,東京(9-15),月,下降のみ,なし,5,20,192,62.5,24.0,5.0,-8.0,1.042,-98.0,5,82,58.5,-32.0,5.0,-8.0,0.882,-90.0,6,不採用,31.3
ema_cross(EMA5/20),ema_cross,5,8,9時台,木,なし,ATR低,5,20,61,59.0,-20.0,5.0,-8.0,0.9,-56.0,4,13,53.8,-13.0,5.0,-8.0,0.729,-20.0,2,不採用,31.3
ema_cross(EMA5/20),ema_cross,5,8,22時台,月,順方向のみ,ATR高,5,20,13,53.8,-13.0,5.0,-8.0,0.729,-22.0,2,2,50.0,-3.0,5.0,-8.0,0.625,0.0,1,不採用,31.3
ema_cross(EMA5/20),ema_cross,5,10,ロンドン(16-21),金,レンジのみ,ATR高,5,20,60,73.3,60.0,5.0,-10.0,1.375,-30.0,3,8,62.5,-5.0,5.0,-10.0,0.833,-20.0,1,不採用,31.3
ema_cross(EMA5/20),ema_cross,5,12,16時台,火,下降のみ,なし,5,20,41,65.9,-33.0,5.0,-12.0,0.804,-55.0,2,11,63.6,-13.0,5.0,-12.0,0.729,-38.0,3,不採用,31.3
ema_cross(EMA5/20),ema_cross,5,15,全時間,金,順方向のみ,ATR高,5,20,285,72.6,-124.6,5.0,-14.87,0.893,-209.6,4,101,71.3,-75.0,5.0,-15.0,0.828,-160.0,5,不採用,31.3
ema_cross(EMA5/20),ema_cross,5,15,東京(9-15),火,順方向のみ,なし,5,20,198,71.2,-150.0,5.0,-15.0,0.825,-250.0,3,62,69.4,-70.0,5.0,-15.0,0.754,-115.0,3,不採用,31.3
ema_cross(EMA5/20),ema_cross,5,15,東京(9-15),木,下降のみ,ATR高,5,20,83,78.3,55.0,5.0,-15.0,1.204,-55.0,2,44,70.5,-40.0,5.0,-15.0,0.795,-65.0,1,不採用,31.3
ema_cross(EMA5/20),ema_cross,5,5,9時台,全曜日,上昇のみ,なし,5,20,298,49.7,-10.0,5.0,-5.0,0.987,-115.0,9,133,46.6,-45.0,5.0,-5.0,0.873,-80.0,8,不採用,31.2
ema_cross(EMA5/20),ema_cross,5,5,10時台,火,レンジのみ,ATR高,5,20,5,40.0,-5.0,5.0,-5.0,0.667,-10.0,2,13,38.5,-15.0,5.0,-5.0,0.625,-20.0,2,不採用,31.2
ema_cross(EMA5/20),ema_cross,5,8,全時間,木,上昇のみ,ATR低,5,20,270,64.4,102.0,5.0,-8.0,1.133,-81.0,5,125,58.4,-51.0,5.0,-8.0,0.877,-97.0,6,不採用,31.2
ema_cross(EMA5/20),ema_cross,5,8,21時台,火,順方向のみ,直近30分変動大,5,20,17,76.5,33.0,5.0,-8.0,2.031,-16.0,2,5,60.0,-1.0,5.0,-8.0,0.938,-8.0,1,不採用,31.2
ema_cross(EMA5/20),ema_cross,5,10,22時台,月,レンジのみ,なし,5,20,34,52.9,-61.6,4.58,-9.01,0.573,-78.7,3,13,53.8,-25.0,5.0,-10.0,0.583,-30.0,2,不採用,31.2
ema_cross(EMA5/20),ema_cross,5,12,9時台,水,なし,直近30分変動大,5,20,58,56.9,-135.0,5.0,-12.0,0.55,-141.0,6,41,63.4,-50.0,5.0,-12.0,0.722,-122.0,6,不採用,31.2
ema_cross(EMA5/20),ema_cross,5,12,21時台,月,上昇のみ,ATR低,5,20,12,66.7,11.2,5.0,-7.2,1.389,-24.9,3,6,66.7,-4.0,5.0,-12.0,0.833,-14.0,1,不採用,31.2
ema_cross(EMA5/20),ema_cross,5,15,NY(21-24),火,上昇のみ,ATR高,5,20,59,62.7,-125.0,5.0,-14.09,0.597,-166.0,3,15,66.7,-29.6,4.54,-15.0,0.605,-55.0,2,不採用,31.2
ema_cross(EMA5/20),ema_cross,5,5,10時台,全曜日,下降のみ,直近30分変動大,5,20,93,46.2,-35.0,5.0,-5.0,0.86,-85.0,7,31,45.2,-15.0,5.0,-5.0,0.824,-40.0,6,不採用,31.1
ema_cross(EMA5/20),ema_cross,5,5,16時台,全曜日,上昇のみ,直近30分変動大,5,20,130,46.2,-50.0,5.0,-5.0,0.857,-120.0,12,64,43.8,-40.0,5.0,-5.0,0.778,-50.0,5,不採用,31.1
ema_cross(EMA5/20),ema_cross,5,8,ロンドン(16-21),月,なし,なし,5,20,568,56.3,-384.0,5.0,-8.0,0.806,-445.0,5,242,55.8,-181.0,5.0,-8.0,0.789,-218.0,7,不採用,31.1
ema_cross(EMA5/20),ema_cross,5,8,22時台,金,上昇のみ,ATR高,5,20,46,60.9,-4.0,5.0,-8.0,0.972,-49.0,3,11,54.5,-10.0,5.0,-8.0,0.75,-17.0,2,不採用,31.1
ema_cross(EMA5/20),ema_cross,5,10,16時台,全曜日,なし,なし,5,20,681,65.5,-104.9,5.0,-9.93,0.955,-185.5,4,294,61.9,-200.9,5.0,-9.92,0.819,-235.9,7,不採用,31.1
ema_cross(EMA5/20),ema_cross,5,12,21時台,全曜日,なし,なし,5,20,731,70.9,111.4,5.0,-11.64,1.045,-141.6,4,287,66.6,-185.6,5.0,-11.88,0.837,-282.0,6,不採用,31.1
ema_cross(EMA5/20),ema_cross,5,12,21時台,水,レンジのみ,なし,5,20,27,70.4,-1.0,5.0,-12.0,0.99,-49.0,2,12,66.7,-8.0,5.0,-12.0,0.833,-48.0,4,不採用,31.1
ema_cross(EMA5/20),ema_cross,5,15,全時間,金,なし,直近30分変動大,5,20,1104,70.2,-1051.3,4.99,-14.96,0.786,-1096.3,7,488,69.9,-480.8,4.99,-14.84,0.78,-538.0,5,不採用,31.1
ema_cross(EMA5/20),ema_cross,5,15,東京(9-15),木,上昇のみ,ATR低,5,20,69,71.0,-55.0,5.0,-15.0,0.817,-100.0,2,25,68.0,-35.0,5.0,-15.0,0.708,-55.0,2,不採用,31.1
ema_cross(EMA5/20),ema_cross,5,5,22時台,全曜日,レンジのみ,ATR高,5,20,112,46.4,-40.0,5.0,-5.0,0.867,-65.0,6,31,45.2,-15.0,5.0,-5.0,0.824,-35.0,6,不採用,31.0
ema_cross(EMA5/20),ema_cross,5,8,東京(9-15),月,なし,直近30分変動大,5,20,276,59.1,-89.0,5.0,-8.0,0.902,-190.0,6,127,56.7,-80.0,5.0,-8.0,0.818,-128.0,6,不採用,31.0
ema_cross(EMA5/20),ema_cross,5,8,16時台,水,順方向のみ,なし,5,20,42,64.3,15.0,5.0,-8.0,1.125,-44.0,3,22,59.1,-7.0,5.0,-8.0,0.903,-51.0,5,不採用,31.0
ema_cross(EMA5/20),ema_cross,5,10,NY(21-24),水,なし,なし,5,20,239,65.3,-24.3,5.0,-9.69,0.97,-117.1,5,121,62.0,-81.3,5.0,-9.92,0.822,-130.0,5,不採用,31.0
ema_cross(EMA5/20),ema_cross,5,12,全時間,全曜日,下降のみ,なし,5,20,3526,67.6,-1595.1,4.99,-11.82,0.882,-1672.7,7,1545,68.3,-521.5,4.99,-11.85,0.91,-639.2,6,不採用,31.0
ema_cross(EMA5/20),ema_cross,5,12,全時間,全曜日,順方向のみ,ATR低,5,20,1327,65.0,-1046.7,4.96,-11.48,0.803,-1122.8,7,485,63.7,-473.7,4.99,-11.45,0.765,-485.7,5,不採用,31.0
ema_cross(EMA5/20),ema_cross,5,12,東京(9-15),金,上昇のみ,ATR低,5,20,75,76.0,69.0,5.0,-12.0,1.319,-50.0,2,28,67.9,-13.0,5.0,-12.0,0.88,-43.0,3,不採用,31.0
ema_cross(EMA5/20),ema_cross,5,12,21時台,木,順方向のみ,なし,5,20,62,75.8,50.4,4.9,-12.0,1.28,-64.0,3,17,64.7,-10.8,5.0,-10.97,0.836,-24.0,2,不採用,31.0
ema_cross(EMA5/20),ema_cross,5,5,全時間,木,順方向のみ,ATR高,5,20,334,45.5,-150.0,5.0,-5.0,0.835,-190.0,7,91,44.0,-55.0,5.0,-5.0,0.784,-70.0,6,不採用,30.9
ema_cross(EMA5/20),ema_cross,5,5,ロンドン(16-21),火,順方向のみ,直近30分変動大,5,20,52,36.5,-70.0,5.0,-5.0,0.576,-95.0,6,26,38.5,-30.0,5.0,-5.0,0.625,-40.0,4,不採用,30.9
ema_cross(EMA5/20),ema_cross,5,8,16時台,全曜日,順方向のみ,ATR高,5,20,85,57.6,-43.0,5.0,-8.0,0.851,-81.0,4,35,54.3,-33.0,5.0,-8.0,0.742,-67.0,3,不採用,30.9
ema_cross(EMA5/20),ema_cross,5,8,16時台,火,レンジのみ,なし,5,20,34,64.7,14.0,5.0,-8.0,1.146,-33.0,3,21,57.1,-12.0,5.0,-8.0,0.833,-33.0,3,不採用,30.9
ema_cross(EMA5/20),ema_cross,5,10,NY(21-24),金,順方向のみ,なし,5,20,119,55.5,-189.5,5.0,-9.8,0.635,-244.5,5,40,57.5,-55.0,5.0,-10.0,0.676,-80.0,4,不採用,30.9
ema_cross(EMA5/20),ema_cross,5,10,9時台,全曜日,下降のみ,ATR低,5,20,68,73.5,70.0,5.0,-10.0,1.389,-45.0,2,14,64.3,-5.0,5.0,-10.0,0.9,-30.0,3,不採用,30.9
ema_cross(EMA5/20),ema_cross,5,10,21時台,木,なし,なし,5,20,173,70.5,100.0,5.0,-10.0,1.196,-85.0,5,66,63.6,-30.0,5.0,-10.0,0.875,-100.0,4,不採用,30.9
ema_cross(EMA5/20),ema_cross,5,12,全時間,全曜日,レンジのみ,ATR高,5,20,974,68.0,-400.3,5.0,-11.89,0.892,-509.0,6,346,66.2,-247.3,5.0,-11.9,0.822,-298.3,8,不採用,30.9
ema_cross(EMA5/20),ema_cross,5,12,NY(21-24),金,なし,なし,5,20,309,68.0,-109.2,4.98,-11.66,0.905,-153.2,4,118,65.3,-88.2,4.94,-11.43,0.812,-155.4,5,不採用,30.9
ema_cross(EMA5/20),ema_cross,5,15,全時間,全曜日,順方向のみ,ATR低,5,20,1280,70.9,-722.0,4.96,-13.98,0.862,-899.8,7,471,69.0,-417.2,4.99,-13.96,0.795,-470.9,6,不採用,30.9
ema_cross(EMA5/20),ema_cross,5,15,東京(9-15),月,レンジのみ,ATR高,5,20,47,85.1,95.0,5.0,-15.0,1.905,-25.0,1,16,75.0,0.0,5.0,-15.0,1.0,-45.0,3,不採用,30.9
ema_cross(EMA5/20),ema_cross,5,5,ロンドン(16-21),金,レンジのみ,ATR高,5,20,67,53.7,25.0,5.0,-5.0,1.161,-20.0,4,11,45.5,-5.0,5.0,-5.0,0.833,-15.0,3,不採用,30.8
ema_cross(EMA5/20),ema_cross,5,5,10時台,月,なし,ATR高,5,20,63,49.2,-5.0,5.0,-5.0,0.969,-30.0,5,22,45.5,-10.0,5.0,-5.0,0.833,-25.0,5,不採用,30.8
ema_cross(EMA5/20),ema_cross,5,5,10時台,月,上昇のみ,直近30分変動大,5,20,26,53.8,10.0,5.0,-5.0,1.167,-20.0,4,9,44.4,-5.0,5.0,-5.0,0.8,-10.0,2,不採用,30.8
ema_cross(EMA5/20),ema_cross,5,5,21時台,全曜日,上昇のみ,なし,5,20,359,46.2,-135.0,5.0,-5.0,0.86,-210.0,9,132,44.7,-70.0,5.0,-5.0,0.808,-110.0,7,不採用,30.8
ema_cross(EMA5/20),ema_cross,5,8,10時台,水,なし,なし,5,20,135,56.3,-92.0,5.0,-8.0,0.805,-134.0,6,49,55.1,-41.0,5.0,-8.0,0.767,-58.0,5,不採用,30.8
ema_cross(EMA5/20),ema_cross,5,10,全時間,水,レンジのみ,ATR低,5,20,208,64.9,-55.0,5.0,-10.0,0.925,-145.0,5,91,60.4,-85.0,5.0,-10.0,0.764,-115.0,3,不採用,30.8
ema_cross(EMA5/20),ema_cross,5,10,東京(9-15),金,レンジのみ,なし,5,20,223,69.1,80.0,5.0,-10.0,1.116,-110.0,4,78,62.8,-45.0,5.0,-10.0,0.845,-100.0,4,不採用,30.8
ema_cross(EMA5/20),ema_cross,5,10,NY(21-24),金,下降のみ,直近30分変動大,5,20,64,56.2,-104.8,4.87,-10.0,0.626,-114.8,4,28,57.1,-40.0,5.0,-10.0,0.667,-70.0,4,不採用,30.8
ema_cross(EMA5/20),ema_cross,5,10,21時台,全曜日,下降のみ,直近30分変動大,5,20,154,63.0,-85.0,5.0,-10.0,0.851,-125.0,5,60,60.0,-60.0,5.0,-10.0,0.75,-115.0,3,不採用,30.8
ema_cross(EMA5/20),ema_cross,5,10,21時台,全曜日,レンジのみ,なし,5,20,177,69.5,75.0,5.0,-10.0,1.139,-80.0,4,77,62.3,-50.0,5.0,-10.0,0.828,-115.0,3,不採用,30.8
ema_cross(EMA5/20),ema_cross,5,10,21時台,月,レンジのみ,なし,5,20,28,75.0,35.0,5.0,-10.0,1.5,-20.0,2,17,64.7,-5.0,5.0,-10.0,0.917,-30.0,3,不採用,30.8
ema_cross(EMA5/20),ema_cross,5,12,全時間,金,レンジのみ,なし,5,20,629,69.0,-163.8,5.0,-11.97,0.93,-330.0,5,254,64.6,-250.8,5.0,-11.9,0.766,-274.8,3,不採用,30.8
ema_cross(EMA5/20),ema_cross,5,12,9時台,水,順方向のみ,直近30分変動大,5,20,9,66.7,-6.0,5.0,-12.0,0.833,-19.0,1,8,62.5,-11.0,5.0,-12.0,0.694,-14.0,2,不採用,30.8
ema_cross(EMA5/20),ema_cross,5,12,21時台,木,下降のみ,直近30分変動大,5,20,35,68.6,-12.0,5.0,-12.0,0.909,-33.0,2,11,63.6,-13.0,5.0,-12.0,0.729,-31.0,2,不採用,30.8
ema_cross(EMA5/20),ema_cross,5,5,東京(9-15),全曜日,上昇のみ,ATR低,5,20,519,46.1,-205.0,5.0,-5.0,0.854,-260.0,10,194,44.3,-110.0,5.0,-5.0,0.796,-110.0,8,不採用,30.7
ema_cross(EMA5/20),ema_cross,5,5,東京(9-15),全曜日,順方向のみ,直近30分変動大,5,20,271,42.8,-195.0,5.0,-5.0,0.748,-200.0,7,137,42.3,-105.0,5.0,-5.0,0.734,-100.0,6,不採用,30.7
ema_cross(EMA5/20),ema_cross,5,5,9時台,水,レンジのみ,なし,5,20,57,43.9,-35.0,5.0,-5.0,0.781,-55.0,4,28,42.9,-20.0,5.0,-5.0,0.75,-30.0,5,不採用,30.7
ema_cross(EMA5/20),ema_cross,5,5,21時台,木,なし,ATR高,5,20,99,45.5,-45.0,5.0,-5.0,0.833,-60.0,10,21,42.9,-15.0,5.0,-5.0,0.75,-35.0,4,不採用,30.7
ema_cross(EMA5/20),ema_cross,5,8,全時間,金,レンジのみ,ATR低,5,20,194,60.8,-18.0,5.0,-8.0,0.97,-108.0,5,93,55.9,-68.0,5.0,-8.0,0.793,-103.0,4,不採用,30.7
ema_cross(EMA5/20),ema_cross,5,8,21時台,全曜日,レンジのみ,ATR高,5,20,72,61.1,-4.0,5.0,-8.0,0.982,-58.0,6,18,55.6,-14.0,5.0,-8.0,0.781,-36.0,3,不採用,30.7
ema_cross(EMA5/20),ema_cross,5,10,東京(9-15),水,下降のみ,なし,5,20,174,71.8,135.0,5.0,-10.0,1.276,-70.0,4,70,62.9,-40.0,5.0,-10.0,0.846,-75.0,3,不採用,30.7
ema_cross(EMA5/20),ema_cross,5,10,21時台,全曜日,なし,なし,5,20,749,67.7,157.2,5.0,-9.83,1.066,-120.9,5,292,62.3,-190.0,5.0,-10.0,0.827,-270.0,6,不採用,30.7
ema_cross(EMA5/20),ema_cross,5,10,22時台,全曜日,下降のみ,直近30分変動大,5,20,134,61.2,-105.8,4.94,-9.83,0.793,-115.8,5,52,59.6,-55.0,5.0,-10.0,0.738,-65.0,4,不採用,30.7
ema_cross(EMA5/20),ema_cross,5,12,東京(9-15),水,順方向のみ,ATR低,5,20,82,65.9,-57.1,5.0,-11.68,0.825,-115.0,2,24,62.5,-33.0,5.0,-12.0,0.694,-33.0,2,不採用,30.7
ema_cross(EMA5/20),ema_cross,5,12,東京(9-15),木,なし,ATR高,5,20,168,75.0,126.0,5.0,-12.0,1.25,-82.0,3,83,69.9,-10.0,5.0,-12.0,0.967,-113.0,7,不採用,30.7
ema_cross(EMA5/20),ema_cross,5,12,東京(9-15),木,なし,ATR低,5,20,184,63.6,-219.0,5.0,-12.0,0.728,-250.0,5,55,63.6,-65.0,5.0,-12.0,0.729,-120.0,4,不採用,30.7
ema_cross(EMA5/20),ema_cross,5,12,10時台,全曜日,下降のみ,直近30分変動大,5,20,92,66.3,-67.0,5.0,-12.0,0.82,-129.0,3,31,64.5,-32.0,5.0,-12.0,0.758,-67.0,4,不採用,30.7
ema_cross(EMA5/20),ema_cross,5,15,ロンドン(16-21),火,上昇のみ,直近30分変動大,5,20,102,75.5,10.0,5.0,-15.0,1.027,-100.0,2,43,69.8,-45.0,5.0,-15.0,0.769,-65.0,2,不採用,30.7
ema_cross(EMA5/20),ema_cross,5,5,ロンドン(16-21),火,上昇のみ,直近30分変動大,5,20,110,43.6,-70.0,5.0,-5.0,0.774,-120.0,8,43,41.9,-35.0,5.0,-5.0,0.72,-55.0,4,不採用,30.6
ema_cross(EMA5/20),ema_cross,5,5,ロンドン(16-21),火,順方向のみ,なし,5,20,195,42.1,-155.0,5.0,-5.0,0.726,-170.0,9,75,42.7,-55.0,5.0,-5.0,0.744,-80.0,6,不採用,30.6
ema_cross(EMA5/20),ema_cross,5,5,NY(21-24),水,下降のみ,ATR高,5,20,65,35.4,-95.0,5.0,-5.0,0.548,-120.0,6,32,37.5,-40.0,5.0,-5.0,0.6,-35.0,4,不採用,30.6
ema_cross(EMA5/20),ema_cross,5,5,NY(21-24),木,レンジのみ,ATR高,5,20,46,50.0,0.0,5.0,-5.0,1.0,-35.0,7,16,43.8,-10.0,5.0,-5.0,0.778,-20.0,3,不採用,30.6
ema_cross(EMA5/20),ema_cross,5,5,10時台,全曜日,順方向のみ,なし,5,20,145,46.2,-55.0,5.0,-5.0,0.859,-85.0,8,49,42.9,-35.0,5.0,-5.0,0.75,-50.0,4,不採用,30.6
ema_cross(EMA5/20),ema_cross,5,5,10時台,水,なし,直近30分変動大,5,20,68,41.2,-60.0,5.0,-5.0,0.7,-80.0,6,24,41.7,-20.0,5.0,-5.0,0.714,-35.0,5,不採用,30.6
ema_cross(EMA5/20),ema_cross,5,5,21時台,火,上昇のみ,ATR高,5,20,25,32.0,-45.0,5.0,-5.0,0.471,-50.0,6,3,33.3,-5.0,5.0,-5.0,0.5,-5.0,2,不採用,30.6
ema_cross(EMA5/20),ema_cross,5,10,全時間,水,なし,なし,5,20,2135,62.9,-1199.8,5.0,-9.97,0.848,-1279.8,6,977,62.9,-541.3,5.0,-9.99,0.85,-596.3,5,不採用,30.6
ema_cross(EMA5/20),ema_cross,5,10,NY(21-24),月,順方向のみ,ATR高,5,20,33,60.6,-30.0,5.0,-10.0,0.769,-60.0,4,7,57.1,-10.0,5.0,-10.0,0.667,-25.0,2,不採用,30.6
ema_cross(EMA5/20),ema_cross,5,10,10時台,全曜日,レンジのみ,ATR低,5,20,19,63.2,-10.0,5.0,-10.0,0.857,-35.0,2,7,57.1,-10.0,5.0,-10.0,0.667,-10.0,1,不採用,30.6
ema_cross(EMA5/20),ema_cross,5,12,東京(9-15),月,上昇のみ,ATR低,5,20,67,64.2,-73.0,5.0,-12.0,0.747,-83.0,3,24,62.5,-33.0,5.0,-12.0,0.694,-52.0,3,不採用,30.6
ema_cross(EMA5/20),ema_cross,5,12,10時台,全曜日,上昇のみ,なし,5,20,226,68.1,-90.4,5.0,-11.95,0.895,-191.4,4,90,64.4,-94.0,5.0,-12.0,0.755,-116.0,3,不採用,30.6
ema_cross(EMA5/20),ema_cross,5,12,16時台,火,なし,ATR低,5,20,24,83.3,52.0,5.0,-12.0,2.083,-14.0,1,10,70.0,-1.0,5.0,-12.0,0.972,-24.0,2,不採用,30.6
ema_cross(EMA5/20),ema_cross,5,15,9時台,火,下降のみ,直近30分変動大,5,20,22,63.6,-50.0,5.0,-15.0,0.583,-60.0,3,11,63.6,-25.0,5.0,-15.0,0.583,-40.0,2,不採用,30.6
ema_cross(EMA5/20),ema_cross,5,5,東京(9-15),金,なし,直近30分変動大,5,20,323,42.4,-245.0,5.0,-5.0,0.737,-255.0,9,135,44.4,-75.0,5.0,-5.0,0.8,-110.0,9,不採用,30.5
ema_cross(EMA5/20),ema_cross,5,5,9時台,全曜日,上昇のみ,ATR低,5,20,115,47.0,-35.0,5.0,-5.0,0.885,-65.0,4,47,44.7,-25.0,5.0,-5.0,0.808,-30.0,6,不採用,30.5
ema_cross(EMA5/20),ema_cross,5,5,16時台,全曜日,レンジのみ,ATR高,5,20,74,47.3,-20.0,5.0,-5.0,0.897,-70.0,6,27,44.4,-15.0,5.0,-5.0,0.8,-35.0,5,不採用,30.5
ema_cross(EMA5/20),ema_cross,5,5,21時台,全曜日,下降のみ,なし,5,20,283,43.1,-192.3,5.0,-4.98,0.76,-222.3,10,107,43.0,-75.0,5.0,-5.0,0.754,-115.0,6,不採用,30.5
ema_cross(EMA5/20),ema_cross,5,8,東京(9-15),月,順方向のみ,ATR低,5,20,67,58.2,-29.0,5.0,-8.0,0.871,-62.0,5,24,54.2,-23.0,5.0,-8.0,0.739,-50.0,3,不採用,30.5
ema_cross(EMA5/20),ema_cross,5,8,東京(9-15),水,順方向のみ,直近30分変動大,5,20,46,60.9,-4.0,5.0,-8.0,0.972,-41.0,3,24,54.2,-23.0,5.0,-8.0,0.739,-37.0,2,不採用,30.5
ema_cross(EMA5/20),ema_cross,5,8,NY(21-24),月,上昇のみ,ATR高,5,20,24,66.7,16.0,5.0,-8.0,1.25,-24.0,3,9,55.6,-7.0,5.0,-8.0,0.781,-11.0,1,不採用,30.5
ema_cross(EMA5/20),ema_cross,5,8,NY(21-24),火,なし,ATR高,5,20,163,52.8,-182.0,5.0,-7.95,0.703,-240.0,9,38,52.6,-44.0,5.0,-8.0,0.694,-58.0,4,不採用,30.5
ema_cross(EMA5/20),ema_cross,5,8,22時台,水,なし,なし,5,20,133,55.6,-88.0,5.0,-7.76,0.808,-100.0,5,71,54.9,-61.0,5.0,-8.0,0.762,-80.0,5,不採用,30.5
ema_cross(EMA5/20),ema_cross,5,10,全時間,月,順方向のみ,ATR高,5,20,170,58.2,-215.0,5.0,-10.0,0.697,-235.0,5,59,57.6,-80.0,5.0,-10.0,0.68,-105.0,3,不採用,30.5
ema_cross(EMA5/20),ema_cross,5,10,全時間,火,順方向のみ,ATR低,5,20,333,59.8,-345.0,5.0,-10.0,0.743,-405.0,5,103,59.2,-115.0,5.0,-10.0,0.726,-145.0,4,不採用,30.5
ema_cross(EMA5/20),ema_cross,5,10,10時台,火,下降のみ,ATR高,5,20,12,50.0,-30.0,5.0,-10.0,0.5,-45.0,4,6,50.0,-15.0,5.0,-10.0,0.5,-15.0,1,不採用,30.5
ema_cross(EMA5/20),ema_cross,5,12,全時間,火,上昇のみ,直近30分変動大,5,20,425,64.2,-443.5,5.0,-11.9,0.755,-499.5,7,187,64.2,-204.0,5.0,-12.0,0.746,-256.0,4,不採用,30.5
ema_cross(EMA5/20),ema_cross,5,12,NY(21-24),金,なし,ATR低,5,20,30,63.3,-16.2,5.0,-10.11,0.854,-46.2,4,21,61.9,-21.4,4.65,-10.23,0.738,-55.2,3,不採用,30.5
ema_cross(EMA5/20),ema_cross,5,15,全時間,水,レンジのみ,ATR低,5,20,187,72.7,-63.5,5.0,-14.58,0.915,-177.0,6,75,70.7,-65.0,5.0,-15.0,0.803,-145.0,4,不採用,30.5
ema_cross(EMA5/20),ema_cross,5,5,東京(9-15),火,順方向のみ,なし,5,20,232,46.1,-90.0,5.0,-5.0,0.856,-170.0,7,70,44.3,-40.0,5.0,-5.0,0.795,-65.0,6,不採用,30.4
ema_cross(EMA5/20),ema_cross,5,5,22時台,全曜日,レンジのみ,ATR低,5,20,14,21.4,-36.7,5.0,-4.7,0.29,-46.7,10,11,36.4,-15.0,5.0,-5.0,0.571,-25.0,5,不採用,30.4
ema_cross(EMA5/20),ema_cross,5,8,全時間,金,レンジのみ,なし,5,20,713,61.3,-23.0,5.0,-8.0,0.99,-239.0,6,286,55.9,-202.8,5.0,-7.96,0.798,-242.8,6,不採用,30.4
ema_cross(EMA5/20),ema_cross,5,8,10時台,全曜日,レンジのみ,なし,5,20,199,63.8,59.0,5.0,-8.0,1.102,-67.0,3,85,57.6,-43.0,5.0,-8.0,0.851,-89.0,5,不採用,30.4
ema_cross(EMA5/20),ema_cross,5,10,東京(9-15),木,上昇のみ,なし,5,20,196,63.3,-100.0,5.0,-10.0,0.861,-170.0,6,75,60.0,-75.0,5.0,-10.0,0.75,-140.0,3,不採用,30.4
ema_cross(EMA5/20),ema_cross,5,10,NY(21-24),月,順方向のみ,なし,5,20,79,67.1,10.8,4.95,-9.68,1.043,-61.8,3,31,61.3,-25.0,5.0,-10.0,0.792,-45.0,3,不採用,30.4
ema_cross(EMA5/20),ema_cross,5,12,東京(9-15),月,上昇のみ,ATR高,5,20,57,57.9,-123.0,5.0,-12.0,0.573,-139.0,3,27,59.3,-52.0,5.0,-12.0,0.606,-58.0,3,不採用,30.4
ema_cross(EMA5/20),ema_cross,5,12,16時台,金,なし,なし,5,20,135,65.9,-87.4,5.0,-11.57,0.836,-113.4,4,56,64.3,-60.0,5.0,-12.0,0.75,-64.0,4,不採用,30.4
ema_cross(EMA5/20),ema_cross,5,12,21時台,全曜日,レンジのみ,なし,5,20,173,71.7,36.1,5.0,-11.92,1.062,-74.9,3,76,65.8,-57.0,5.0,-11.81,0.814,-143.0,3,不採用,30.4
ema_cross(EMA5/20),ema_cross,5,15,ロンドン(16-21),水,上昇のみ,ATR低,5,20,52,69.2,-46.7,5.0,-14.17,0.794,-86.7,3,21,66.7,-28.0,5.0,-14.0,0.714,-58.0,3,不採用,30.4
ema_cross(EMA5/20),ema_cross,5,15,9時台,全曜日,なし,ATR高,5,20,151,78.8,115.0,5.0,-15.0,1.24,-70.0,2,74,71.6,-50.0,5.0,-15.0,0.841,-95.0,3,不採用,30.4
ema_cross(EMA5/20),ema_cross,5,5,全時間,火,順方向のみ,ATR高,5,20,232,34.9,-350.0,5.0,-5.0,0.536,-360.0,13,79,40.5,-75.0,5.0,-5.0,0.681,-95.0,7,不採用,30.3
ema_cross(EMA5/20),ema_cross,5,8,東京(9-15),月,上昇のみ,直近30分変動大,5,20,101,57.4,-54.0,5.0,-8.0,0.843,-99.0,5,55,54.5,-50.0,5.0,-8.0,0.75,-74.0,4,不採用,30.3
ema_cross(EMA5/20),ema_cross,5,8,NY(21-24),全曜日,なし,直近30分変動大,5,20,768,56.8,-480.8,4.99,-8.0,0.819,-497.8,6,319,54.5,-284.8,5.0,-7.96,0.753,-343.0,5,不採用,30.3
ema_cross(EMA5/20),ema_cross,5,8,NY(21-24),木,レンジのみ,なし,5,20,73,56.2,-51.0,5.0,-8.0,0.801,-80.0,5,34,52.9,-38.0,5.0,-8.0,0.703,-45.0,3,不採用,30.3
ema_cross(EMA5/20),ema_cross,5,10,10時台,金,下降のみ,直近30分変動大,5,20,18,61.1,-15.0,5.0,-10.0,0.786,-15.0,2,7,57.1,-10.0,5.0,-10.0,0.667,-20.0,2,不採用,30.3
ema_cross(EMA5/20),ema_cross,5,10,22時台,火,上昇のみ,ATR高,5,20,46,63.0,-21.0,5.0,-9.76,0.873,-71.0,4,12,58.3,-15.0,5.0,-10.0,0.7,-20.0,2,不採用,30.3
ema_cross(EMA5/20),ema_cross,5,12,ロンドン(16-21),全曜日,上昇のみ,ATR高,5,20,363,67.2,-193.6,5.0,-11.88,0.863,-296.0,4,118,64.4,-124.0,5.0,-12.0,0.754,-187.0,3,不採用,30.3
ema_cross(EMA5/20),ema_cross,5,5,16時台,月,なし,なし,5,20,152,46.7,-50.0,5.0,-5.0,0.877,-130.0,6,73,45.2,-35.0,5.0,-5.0,0.825,-65.0,7,不採用,30.2
ema_cross(EMA5/20),ema_cross,5,8,ロンドン(16-21),金,下降のみ,ATR高,5,20,101,60.4,-15.0,5.0,-8.0,0.953,-79.0,6,40,57.5,-21.0,5.0,-8.0,0.846,-53.0,6,不採用,30.2
ema_cross(EMA5/20),ema_cross,5,8,21時台,全曜日,下降のみ,直近30分変動大,5,20,155,58.1,-70.0,5.0,-8.0,0.865,-101.0,5,60,55.0,-51.0,5.0,-8.0,0.764,-103.0,4,不採用,30.2
ema_cross(EMA5/20),ema_cross,5,10,東京(9-15),月,なし,ATR高,5,20,183,63.9,-75.0,5.0,-10.0,0.886,-135.0,4,81,60.5,-75.0,5.0,-10.0,0.766,-100.0,4,不採用,30.2
ema_cross(EMA5/20),ema_cross,5,12,NY(21-24),金,順方向のみ,ATR高,5,20,63,60.3,-103.4,5.0,-11.74,0.648,-136.4,5,13,61.5,-20.0,5.0,-12.0,0.667,-55.0,4,不採用,30.2
ema_cross(EMA5/20),ema_cross,5,5,全時間,金,下降のみ,直近30分変動大,5,20,428,44.6,-230.0,5.0,-5.0,0.806,-255.0,8,175,44.0,-105.0,5.0,-5.0,0.786,-135.0,8,不採用,30.1
ema_cross(EMA5/20),ema_cross,5,5,東京(9-15),全曜日,なし,なし,5,20,3862,47.3,-1060.0,5.0,-5.0,0.896,-1170.0,10,1485,47.3,-405.0,5.0,-5.0,0.897,-435.0,11,不採用,30.1
ema_cross(EMA5/20),ema_cross,5,5,NY(21-24),木,なし,ATR低,5,20,26,53.8,13.6,5.0,-4.7,1.241,-15.0,3,22,45.5,-10.0,5.0,-5.0,0.833,-20.0,3,不採用,30.1
ema_cross(EMA5/20),ema_cross,5,5,NY(21-24),木,順方向のみ,なし,5,20,111,48.6,-10.6,5.0,-4.92,0.962,-60.0,6,24,45.8,-10.0,5.0,-5.0,0.846,-25.0,6,不採用,30.1
ema_cross(EMA5/20),ema_cross,5,5,22時台,水,レンジのみ,なし,5,20,41,46.3,-15.0,5.0,-5.0,0.864,-45.0,4,14,42.9,-10.0,5.0,-5.0,0.75,-20.0,4,不採用,30.1
ema_cross(EMA5/20),ema_cross,5,8,全時間,月,なし,なし,5,20,1858,56.2,-1266.4,5.0,-7.98,0.805,-1325.4,8,773,56.4,-520.6,4.99,-8.0,0.807,-527.6,6,不採用,30.1
ema_cross(EMA5/20),ema_cross,5,8,東京(9-15),全曜日,なし,直近30分変動大,5,20,1457,57.4,-775.0,5.0,-8.0,0.844,-845.0,8,676,56.2,-468.0,5.0,-8.0,0.802,-548.0,6,不採用,30.1
ema_cross(EMA5/20),ema_cross,5,8,21時台,木,順方向のみ,なし,5,20,62,67.7,50.0,5.0,-8.0,1.312,-33.0,3,17,58.8,-6.0,5.0,-8.0,0.893,-24.0,4,不採用,30.1
ema_cross(EMA5/20),ema_cross,5,10,NY(21-24),全曜日,下降のみ,なし,5,20,455,62.0,-293.9,4.98,-9.82,0.827,-309.5,10,183,60.1,-178.8,4.96,-9.92,0.753,-239.2,4,不採用,30.0
ema_cross(EMA5/20),ema_cross,5,12,NY(21-24),全曜日,順方向のみ,ATR低,5,20,57,70.2,30.7,4.94,-9.82,1.184,-38.0,2,34,64.7,-23.2,5.0,-11.1,0.826,-53.2,3,不採用,30.0
ema_cross(EMA5/20),ema_cross,5,12,9時台,全曜日,なし,ATR低,5,20,270,72.2,75.0,5.0,-12.0,1.083,-94.0,6,81,67.9,-37.0,5.0,-12.0,0.881,-114.0,6,不採用,30.0
ema_cross(EMA5/20),ema_cross,5,12,10時台,全曜日,レンジのみ,直近30分変動大,5,20,97,71.1,9.0,5.0,-12.0,1.027,-54.0,3,45,64.4,-47.0,5.0,-12.0,0.755,-70.0,2,不採用,30.0
ema_cross(EMA5/20),ema_cross,5,12,21時台,全曜日,上昇のみ,ATR高,5,20,113,65.5,-87.1,5.0,-11.72,0.809,-141.1,5,21,61.9,-31.0,5.0,-12.0,0.677,-37.0,2,不採用,30.0
ema_cross(EMA5/20),ema_cross,5,12,21時台,木,なし,ATR高,5,20,91,68.1,-38.0,5.0,-12.0,0.891,-102.0,6,19,63.2,-24.0,5.0,-12.0,0.714,-54.0,2,不採用,30.0
ema_cross(EMA5/20),ema_cross,5,5,全時間,木,下降のみ,ATR高,5,20,509,45.4,-235.0,5.0,-5.0,0.831,-325.0,13,149,43.0,-105.0,5.0,-5.0,0.753,-115.0,6,不採用,29.9
ema_cross(EMA5/20),ema_cross,5,5,ロンドン(16-21),火,なし,なし,5,20,665,47.8,-145.0,5.0,-5.0,0.916,-285.0,7,262,44.3,-150.0,5.0,-5.0,0.795,-195.0,8,不採用,29.9
ema_cross(EMA5/20),ema_cross,5,5,9時台,月,上昇のみ,直近30分変動大,5,20,27,59.3,25.0,5.0,-5.0,1.455,-20.0,3,18,50.0,0.0,5.0,-5.0,1.0,-35.0,6,不採用,29.9
ema_cross(EMA5/20),ema_cross,5,8,9時台,金,下降のみ,なし,5,20,58,63.8,17.0,5.0,-8.0,1.101,-35.0,4,16,56.2,-11.0,5.0,-8.0,0.804,-38.0,3,不採用,29.9
ema_cross(EMA5/20),ema_cross,5,8,10時台,全曜日,レンジのみ,ATR高,5,20,73,64.4,27.0,5.0,-8.0,1.13,-40.0,4,35,57.1,-20.0,5.0,-8.0,0.833,-43.0,4,不採用,29.9
ema_cross(EMA5/20),ema_cross,5,10,10時台,全曜日,なし,ATR低,5,20,63,65.1,-15.0,5.0,-10.0,0.932,-65.0,4,20,60.0,-20.0,5.0,-10.0,0.75,-40.0,3,不採用,29.9
ema_cross(EMA5/20),ema_cross,5,10,22時台,木,下降のみ,なし,5,20,42,59.5,-36.4,5.0,-9.49,0.774,-41.4,2,9,55.6,-15.0,5.0,-10.0,0.625,-20.0,1,不採用,29.9
ema_cross(EMA5/20),ema_cross,5,12,全時間,全曜日,レンジのみ,なし,5,20,2975,67.1,-1613.1,4.99,-11.83,0.861,-1705.1,6,1269,67.4,-578.7,5.0,-11.72,0.881,-635.6,5,不採用,29.9
ema_cross(EMA5/20),ema_cross,5,12,東京(9-15),水,下降のみ,なし,5,20,167,74.3,104.0,5.0,-12.0,1.202,-110.0,4,68,66.2,-51.0,5.0,-12.0,0.815,-71.0,3,不採用,29.9
ema_cross(EMA5/20),ema_cross,5,12,ロンドン(16-21),火,レンジのみ,なし,5,20,132,67.4,-62.2,5.0,-11.8,0.877,-145.0,3,58,63.8,-67.0,5.0,-12.0,0.734,-79.0,3,不採用,29.9
ema_cross(EMA5/20),ema_cross,5,12,NY(21-24),火,順方向のみ,直近30分変動大,5,20,40,60.0,-72.0,5.0,-12.0,0.625,-115.0,3,17,58.8,-34.0,5.0,-12.0,0.595,-42.0,2,不採用,29.9
ema_cross(EMA5/20),ema_cross,5,12,16時台,月,順方向のみ,なし,5,20,32,71.9,10.5,5.0,-11.61,1.1,-27.5,2,20,65.0,-19.0,5.0,-12.0,0.774,-47.0,2,不採用,29.9
ema_cross(EMA5/20),ema_cross,5,15,NY(21-24),木,なし,ATR高,5,20,175,73.1,-37.0,5.0,-14.4,0.945,-125.0,3,35,68.6,-45.0,5.0,-15.0,0.727,-55.0,2,不採用,29.9
ema_cross(EMA5/20),ema_cross,5,8,東京(9-15),月,なし,ATR低,5,20,167,66.5,107.0,5.0,-8.0,1.239,-71.0,6,58,58.6,-22.0,5.0,-8.0,0.885,-68.0,5,不採用,29.8
ema_cross(EMA5/20),ema_cross,5,8,21時台,火,上昇のみ,なし,5,20,67,55.2,-51.0,5.0,-7.87,0.784,-66.0,4,28,53.6,-29.0,5.0,-8.0,0.721,-57.0,4,不採用,29.8
ema_cross(EMA5/20),ema_cross,5,10,NY(21-24),木,なし,直近30分変動大,5,20,168,65.5,-21.0,5.0,-9.84,0.963,-155.0,6,63,60.3,-60.0,5.0,-10.0,0.76,-90.0,3,不採用,29.8
ema_cross(EMA5/20),ema_cross,5,15,NY(21-24),火,なし,ATR高,5,20,141,67.4,-190.2,5.0,-14.46,0.714,-301.0,4,37,67.6,-51.6,4.82,-14.33,0.7,-80.0,4,不採用,29.8
ema_cross(EMA5/20),ema_cross,5,5,東京(9-15),金,下降のみ,ATR低,5,20,67,47.8,-15.0,5.0,-5.0,0.914,-55.0,9,19,42.1,-15.0,5.0,-5.0,0.727,-20.0,3,不採用,29.7
ema_cross(EMA5/20),ema_cross,5,5,ロンドン(16-21),全曜日,順方向のみ,直近30分変動大,5,20,282,41.8,-230.0,5.0,-5.0,0.72,-290.0,8,122,41.8,-100.0,5.0,-5.0,0.718,-115.0,6,不採用,29.7
ema_cross(EMA5/20),ema_cross,5,10,NY(21-24),全曜日,レンジのみ,なし,5,20,323,64.7,-71.5,4.97,-9.74,0.936,-156.5,4,141,60.3,-121.8,5.0,-9.76,0.777,-185.0,4,不採用,29.7
ema_cross(EMA5/20),ema_cross,5,12,16時台,水,上昇のみ,ATR高,5,20,26,57.7,-57.0,5.0,-12.0,0.568,-65.0,2,7,57.1,-16.0,5.0,-12.0,0.556,-31.0,2,不採用,29.7
ema_cross(EMA5/20),ema_cross,5,12,22時台,水,下降のみ,直近30分変動大,5,20,27,77.8,50.1,5.0,-9.15,1.913,-24.0,2,16,68.8,-5.0,5.0,-12.0,0.917,-25.0,2,不採用,29.7
ema_cross(EMA5/20),ema_cross,5,15,全時間,金,なし,ATR低,5,20,517,71.2,-358.8,5.0,-14.76,0.837,-483.8,3,217,69.1,-249.7,4.97,-14.85,0.749,-289.6,3,不採用,29.7
ema_cross(EMA5/20),ema_cross,5,15,NY(21-24),月,レンジのみ,ATR低,5,20,10,60.0,-3.3,5.0,-8.32,0.901,-15.0,2,3,66.7,-5.0,5.0,-15.0,0.667,-15.0,1,不採用,29.7
ema_cross(EMA5/20),ema_cross,5,5,ロンドン(16-21),月,レンジのみ,ATR高,5,20,69,34.8,-105.0,5.0,-5.0,0.533,-120.0,8,24,37.5,-30.0,5.0,-5.0,0.6,-35.0,5,不採用,29.6
ema_cross(EMA5/20),ema_cross,5,5,16時台,月,上昇のみ,直近30分変動大,5,20,17,47.1,-5.0,5.0,-5.0,0.889,-25.0,5,14,42.9,-10.0,5.0,-5.0,0.75,-20.0,4,不採用,29.6
ema_cross(EMA5/20),ema_cross,5,5,22時台,金,上昇のみ,ATR低,5,20,10,30.0,-15.4,5.0,-4.34,0.493,-10.4,4,6,33.3,-10.0,5.0,-5.0,0.5,-10.0,2,不採用,29.6
ema_cross(EMA5/20),ema_cross,5,8,ロンドン(16-21),金,順方向のみ,なし,5,20,199,56.3,-123.9,5.0,-7.86,0.819,-185.9,7,80,56.2,-55.0,5.0,-8.0,0.804,-99.0,7,不採用,29.6
ema_cross(EMA5/20),ema_cross,5,8,10時台,水,順方向のみ,ATR高,5,20,13,53.8,-13.0,5.0,-8.0,0.729,-27.0,3,4,50.0,-6.0,5.0,-8.0,0.625,-8.0,2,不採用,29.6
ema_cross(EMA5/20),ema_cross,5,8,21時台,全曜日,なし,ATR高,5,20,342,55.0,-288.0,5.0,-7.97,0.765,-318.0,5,72,54.2,-69.0,5.0,-8.0,0.739,-112.0,5,不採用,29.6
ema_cross(EMA5/20),ema_cross,5,8,21時台,木,下降のみ,直近30分変動大,5,20,36,58.3,-15.0,5.0,-8.0,0.875,-38.0,3,11,54.5,-10.0,5.0,-8.0,0.75,-27.0,4,不採用,29.6
ema_cross(EMA5/20),ema_cross,5,10,東京(9-15),木,なし,なし,5,20,618,64.7,-180.0,5.0,-10.0,0.917,-350.0,6,273,60.8,-240.0,5.0,-10.0,0.776,-360.0,4,不採用,29.6
ema_cross(EMA5/20),ema_cross,5,10,10時台,全曜日,レンジのみ,ATR高,5,20,73,67.1,5.0,5.0,-10.0,1.021,-55.0,3,34,61.8,-25.0,5.0,-10.0,0.808,-70.0,4,不採用,29.6
ema_cross(EMA5/20),ema_cross,5,10,10時台,月,レンジのみ,ATR高,5,20,17,70.6,10.0,5.0,-10.0,1.2,-15.0,1,5,60.0,-5.0,5.0,-10.0,0.75,-15.0,1,不採用,29.6
ema_cross(EMA5/20),ema_cross,5,12,16時台,金,なし,直近30分変動大,5,20,77,67.5,-29.5,5.0,-11.58,0.898,-94.5,3,31,64.5,-32.0,5.0,-12.0,0.758,-42.0,4,不採用,29.6
ema_cross(EMA5/20),ema_cross,5,12,21時台,月,下降のみ,なし,5,20,42,59.5,-71.4,5.0,-11.55,0.636,-85.0,2,17,58.8,-34.0,5.0,-12.0,0.595,-39.0,2,不採用,29.6
ema_cross(EMA5/20),ema_cross,5,12,22時台,木,順方向のみ,直近30分変動大,5,20,26,76.9,39.0,5.0,-10.17,1.639,-12.0,1,3,66.7,-2.0,5.0,-12.0,0.833,0.0,1,不採用,29.6
ema_cross(EMA5/20),ema_cross,5,15,NY(21-24),月,順方向のみ,直近30分変動大,5,20,22,72.7,-10.0,5.0,-15.0,0.889,-35.0,2,9,66.7,-15.0,5.0,-15.0,0.667,-30.0,1,不採用,29.6
ema_cross(EMA5/20),ema_cross,5,5,東京(9-15),水,上昇のみ,なし,5,20,307,44.6,-165.0,5.0,-5.0,0.806,-215.0,7,134,43.3,-90.0,5.0,-5.0,0.763,-100.0,7,不採用,29.5
ema_cross(EMA5/20),ema_cross,5,5,NY(21-24),全曜日,なし,直近30分変動大,5,20,771,43.2,-525.0,5.0,-5.0,0.76,-545.0,10,321,42.1,-255.0,5.0,-5.0,0.726,-285.0,7,不採用,29.5
ema_cross(EMA5/20),ema_cross,5,8,10時台,水,上昇のみ,なし,5,20,54,55.6,-42.0,5.0,-8.0,0.781,-80.0,4,23,52.2,-28.0,5.0,-8.0,0.682,-41.0,3,不採用,29.5
ema_cross(EMA5/20),ema_cross,5,8,16時台,全曜日,順方向のみ,なし,5,20,224,59.4,-63.0,5.0,-8.0,0.913,-129.0,4,91,56.0,-65.0,5.0,-8.0,0.797,-148.0,5,不採用,29.5
ema_cross(EMA5/20),ema_cross,5,8,21時台,月,順方向のみ,直近30分変動大,5,20,13,53.8,-13.0,5.0,-8.0,0.729,-22.0,2,4,50.0,-6.0,5.0,-8.0,0.625,-16.0,2,不採用,29.5
ema_cross(EMA5/20),ema_cross,5,8,22時台,全曜日,レンジのみ,なし,5,20,163,52.1,-196.5,4.96,-7.92,0.682,-239.5,4,70,51.4,-86.8,5.0,-7.85,0.675,-104.0,4,不採用,29.5
ema_cross(EMA5/20),ema_cross,5,8,22時台,金,なし,なし,5,20,165,53.9,-153.1,4.95,-7.81,0.742,-172.1,8,70,52.9,-70.0,5.0,-7.73,0.725,-105.2,5,不採用,29.5
ema_cross(EMA5/20),ema_cross,5,10,全時間,火,順方向のみ,ATR高,5,20,215,58.1,-269.0,5.0,-9.93,0.699,-320.0,5,77,59.7,-80.0,5.0,-10.0,0.742,-135.0,6,不採用,29.5
ema_cross(EMA5/20),ema_cross,5,10,ロンドン(16-21),火,なし,なし,5,20,524,65.8,-65.0,5.0,-10.0,0.964,-280.0,7,210,61.0,-179.1,5.0,-9.99,0.781,-195.0,5,不採用,29.5
ema_cross(EMA5/20),ema_cross,5,10,9時台,水,なし,ATR高,5,20,30,50.0,-75.0,5.0,-10.0,0.5,-85.0,3,13,53.8,-25.0,5.0,-10.0,0.583,-40.0,5,不採用,29.5
ema_cross(EMA5/20),ema_cross,5,10,10時台,全曜日,なし,ATR高,5,20,244,65.6,-40.0,5.0,-10.0,0.952,-145.0,5,103,60.2,-100.0,5.0,-10.0,0.756,-145.0,3,不採用,29.5
ema_cross(EMA5/20),ema_cross,5,10,10時台,水,上昇のみ,なし,5,20,50,62.0,-35.0,5.0,-10.0,0.816,-70.0,3,21,57.1,-30.0,5.0,-10.0,0.667,-35.0,2,不採用,29.5
ema_cross(EMA5/20),ema_cross,5,12,東京(9-15),火,上昇のみ,直近30分変動大,5,20,107,62.6,-145.0,5.0,-12.0,0.698,-190.0,5,50,64.0,-56.0,5.0,-12.0,0.741,-105.0,6,不採用,29.5
ema_cross(EMA5/20),ema_cross,5,12,21時台,金,下降のみ,直近30分変動大,5,20,34,67.6,-17.0,5.0,-12.0,0.871,-50.0,4,16,62.5,-22.0,5.0,-12.0,0.694,-47.0,2,不採用,29.5
ema_cross(EMA5/20),ema_cross,5,15,全時間,全曜日,下降のみ,なし,5,20,3260,71.8,-1729.7,4.99,-14.62,0.871,-1875.3,6,1432,72.6,-603.7,4.99,-14.73,0.896,-720.4,4,不採用,29.5
ema_cross(EMA5/20),ema_cross,5,5,ロンドン(16-21),金,下降のみ,なし,5,20,222,46.8,-70.0,5.0,-5.0,0.881,-110.0,7,83,47.0,-25.0,5.0,-5.0,0.886,-65.0,10,不採用,29.4
ema_cross(EMA5/20),ema_cross,5,5,22時台,水,なし,ATR高,5,20,86,46.5,-30.0,5.0,-5.0,0.87,-60.0,6,37,43.2,-25.0,5.0,-5.0,0.762,-40.0,5,不採用,29.4
ema_cross(EMA5/20),ema_cross,5,8,9時台,水,レンジのみ,直近30分変動大,5,20,22,31.8,-85.0,5.0,-8.0,0.292,-82.0,5,15,46.7,-29.0,5.0,-8.0,0.547,-33.0,5,不採用,29.4
ema_cross(EMA5/20),ema_cross,5,8,10時台,月,順方向のみ,なし,5,20,33,66.7,22.0,5.0,-8.0,1.25,-34.0,4,7,57.1,-4.0,5.0,-8.0,0.833,-24.0,3,不採用,29.4
ema_cross(EMA5/20),ema_cross,5,10,東京(9-15),木,なし,ATR高,5,20,172,72.1,140.0,5.0,-10.0,1.292,-65.0,3,87,63.2,-45.0,5.0,-10.0,0.859,-120.0,4,不採用,29.4
ema_cross(EMA5/20),ema_cross,5,10,ロンドン(16-21),月,順方向のみ,ATR高,5,20,58,60.3,-55.0,5.0,-10.0,0.761,-80.0,4,16,56.2,-25.0,5.0,-10.0,0.643,-30.0,2,不採用,29.4
ema_cross(EMA5/20),ema_cross,5,10,ロンドン(16-21),木,上昇のみ,直近30分変動大,5,20,97,60.8,-85.0,5.0,-10.0,0.776,-125.0,4,50,58.0,-65.0,5.0,-10.0,0.69,-85.0,3,不採用,29.4
ema_cross(EMA5/20),ema_cross,5,10,ロンドン(16-21),木,レンジのみ,ATR高,5,20,63,63.5,-30.0,5.0,-10.0,0.87,-85.0,6,15,60.0,-15.0,5.0,-10.0,0.75,-45.0,4,不採用,29.4
ema_cross(EMA5/20),ema_cross,5,10,9時台,火,レンジのみ,直近30分変動大,5,20,30,76.7,45.0,5.0,-10.0,1.643,-30.0,3,11,63.6,-5.0,5.0,-10.0,0.875,-25.0,2,不採用,29.4
ema_cross(EMA5/20),ema_cross,5,10,21時台,全曜日,下降のみ,ATR低,5,20,26,61.5,-6.7,5.0,-8.67,0.923,-25.0,2,12,58.3,-15.0,5.0,-10.0,0.7,-20.0,2,不採用,29.4
ema_cross(EMA5/20),ema_cross,5,12,NY(21-24),全曜日,レンジのみ,なし,5,20,315,69.2,-33.1,4.97,-11.52,0.97,-142.5,4,137,65.0,-116.8,5.0,-11.7,0.792,-204.0,4,不採用,29.4
ema_cross(EMA5/20),ema_cross,5,12,NY(21-24),月,順方向のみ,なし,5,20,79,69.6,-5.2,4.96,-11.58,0.981,-68.8,2,31,64.5,-32.0,5.0,-12.0,0.758,-54.0,3,不採用,29.4
ema_cross(EMA5/20),ema_cross,5,12,21時台,全曜日,下降のみ,直近30分変動大,5,20,152,69.1,-39.0,5.0,-12.0,0.931,-108.0,3,59,64.4,-62.0,5.0,-12.0,0.754,-112.0,3,不採用,29.4
ema_cross(EMA5/20),ema_cross,5,5,東京(9-15),月,下降のみ,なし,5,20,224,47.8,-50.0,5.0,-5.0,0.915,-85.0,6,95,44.2,-55.0,5.0,-5.0,0.792,-95.0,6,不採用,29.3
ema_cross(EMA5/20),ema_cross,5,5,10時台,水,なし,ATR低,5,20,24,45.8,-10.0,5.0,-5.0,0.846,-30.0,4,5,40.0,-5.0,5.0,-5.0,0.667,-10.0,2,不採用,29.3
ema_cross(EMA5/20),ema_cross,5,8,東京(9-15),月,順方向のみ,ATR高,5,20,47,55.3,-38.0,5.0,-8.0,0.774,-49.0,4,25,52.0,-31.0,5.0,-8.0,0.677,-46.0,3,不採用,29.3
ema_cross(EMA5/20),ema_cross,5,10,東京(9-15),火,下降のみ,なし,5,20,174,66.1,-15.0,5.0,-10.0,0.975,-80.0,5,63,63.5,-30.0,5.0,-10.0,0.87,-100.0,7,不採用,29.3
ema_cross(EMA5/20),ema_cross,5,10,9時台,火,上昇のみ,なし,5,20,50,62.0,-35.0,5.0,-10.0,0.816,-70.0,4,21,57.1,-30.0,5.0,-10.0,0.667,-45.0,2,不採用,29.3
ema_cross(EMA5/20),ema_cross,5,12,全時間,月,なし,直近30分変動大,5,20,841,65.0,-785.7,5.0,-11.98,0.777,-823.7,9,405,64.4,-423.0,5.0,-12.0,0.755,-454.0,5,不採用,29.3
ema_cross(EMA5/20),ema_cross,5,12,全時間,火,なし,ATR高,5,20,644,69.3,-130.8,5.0,-11.92,0.945,-296.0,6,262,64.9,-249.0,5.0,-11.95,0.773,-300.0,4,不採用,29.3
ema_cross(EMA5/20),ema_cross,5,12,16時台,木,上昇のみ,ATR高,5,20,19,63.2,-24.0,5.0,-12.0,0.714,-39.0,2,10,60.0,-18.0,5.0,-12.0,0.625,-38.0,2,不採用,29.3
ema_cross(EMA5/20),ema_cross,5,15,東京(9-15),全曜日,上昇のみ,ATR低,5,20,386,73.6,-103.4,5.0,-14.94,0.932,-258.4,4,138,69.6,-150.0,5.0,-15.0,0.762,-200.0,3,不採用,29.3
ema_cross(EMA5/20),ema_cross,5,5,全時間,木,なし,なし,5,20,2929,45.2,-1411.4,5.0,-5.0,0.824,-1441.4,14,1152,45.7,-490.0,5.0,-5.0,0.843,-530.0,8,不採用,29.2
ema_cross(EMA5/20),ema_cross,5,5,21時台,全曜日,下降のみ,直近30分変動大,5,20,156,45.5,-70.0,5.0,-5.0,0.835,-90.0,6,61,42.6,-45.0,5.0,-5.0,0.743,-70.0,5,不採用,29.2
ema_cross(EMA5/20),ema_cross,5,10,ロンドン(16-21),月,順方向のみ,直近30分変動大,5,20,53,56.6,-80.0,5.0,-10.0,0.652,-105.0,6,23,56.5,-35.0,5.0,-10.0,0.65,-55.0,4,不採用,29.2
ema_cross(EMA5/20),ema_cross,5,10,ロンドン(16-21),火,順方向のみ,ATR高,5,20,69,72.5,60.0,5.0,-10.0,1.316,-50.0,3,32,62.5,-20.0,5.0,-10.0,0.833,-40.0,3,不採用,29.2
ema_cross(EMA5/20),ema_cross,5,10,NY(21-24),火,下降のみ,ATR低,5,20,8,87.5,25.0,5.0,-10.0,3.5,-10.0,1,3,66.7,0.0,5.0,-10.0,1.0,-10.0,1,不採用,29.2
ema_cross(EMA5/20),ema_cross,5,10,NY(21-24),金,順方向のみ,ATR高,5,20,64,51.6,-140.4,5.0,-9.85,0.54,-170.4,6,13,53.8,-25.0,5.0,-10.0,0.583,-45.0,4,不採用,29.2
ema_cross(EMA5/20),ema_cross,5,10,10時台,水,なし,ATR低,5,20,21,71.4,15.0,5.0,-10.0,1.25,-25.0,1,5,60.0,-5.0,5.0,-10.0,0.75,-10.0,1,不採用,29.2
ema_cross(EMA5/20),ema_cross,5,10,21時台,火,下降のみ,ATR低,5,20,8,87.5,25.0,5.0,-10.0,3.5,-10.0,1,3,66.7,0.0,5.0,-10.0,1.0,-10.0,1,不採用,29.2
ema_cross(EMA5/20),ema_cross,5,12,ロンドン(16-21),木,上昇のみ,直近30分変動大,5,20,93,62.4,-130.0,5.0,-12.0,0.69,-164.0,4,48,60.4,-83.0,5.0,-12.0,0.636,-103.0,2,不採用,29.2
ema_cross(EMA5/20),ema_cross,5,12,NY(21-24),木,なし,ATR高,5,20,183,68.3,-53.7,5.0,-11.7,0.921,-156.0,4,35,62.9,-46.0,5.0,-12.0,0.705,-57.0,2,不採用,29.2
ema_cross(EMA5/20),ema_cross,5,12,16時台,火,上昇のみ,直近30分変動大,5,20,28,75.0,21.0,5.0,-12.0,1.25,-40.0,2,15,66.7,-10.0,5.0,-12.0,0.833,-45.0,3,不採用,29.2
ema_cross(EMA5/20),ema_cross,5,12,21時台,水,なし,ATR高,5,20,50,54.0,-138.1,5.0,-11.87,0.494,-136.1,6,16,56.2,-39.0,5.0,-12.0,0.536,-54.0,3,不採用,29.2
ema_cross(EMA5/20),ema_cross,5,5,16時台,木,レンジのみ,ATR高,5,20,13,46.2,-5.0,5.0,-5.0,0.857,-20.0,4,5,40.0,-5.0,5.0,-5.0,0.667,-10.0,2,不採用,29.1
ema_cross(EMA5/20),ema_cross,5,5,21時台,月,上昇のみ,なし,5,20,62,53.2,20.0,5.0,-5.0,1.138,-30.0,4,20,45.0,-10.0,5.0,-5.0,0.818,-20.0,4,不採用,29.1
ema_cross(EMA5/20),ema_cross,5,8,22時台,全曜日,順方向のみ,なし,5,20,234,52.6,-248.5,4.98,-7.76,0.711,-274.1,4,89,52.8,-101.0,5.0,-8.0,0.699,-98.0,5,不採用,29.1
ema_cross(EMA5/20),ema_cross,5,10,全時間,金,上昇のみ,直近30分変動大,5,20,400,60.2,-376.5,5.0,-9.95,0.762,-490.0,6,203,59.6,-219.6,4.96,-10.0,0.732,-224.6,5,不採用,29.1
ema_cross(EMA5/20),ema_cross,5,10,10時台,月,なし,なし,5,20,116,63.8,-50.0,5.0,-10.0,0.881,-110.0,3,35,60.0,-35.0,5.0,-10.0,0.75,-70.0,4,不採用,29.1
ema_cross(EMA5/20),ema_cross,5,10,22時台,木,レンジのみ,直近30分変動大,5,20,16,50.0,-40.0,5.0,-10.0,0.5,-50.0,3,8,50.0,-20.0,5.0,-10.0,0.5,-10.0,2,不採用,29.1
ema_cross(EMA5/20),ema_cross,5,12,東京(9-15),金,レンジのみ,なし,5,20,209,72.2,59.0,5.0,-12.0,1.085,-118.0,4,75,65.3,-67.0,5.0,-12.0,0.785,-112.0,3,不採用,29.1
ema_cross(EMA5/20),ema_cross,5,12,16時台,全曜日,なし,なし,5,20,654,68.3,-226.4,5.0,-11.89,0.908,-251.4,5,281,64.4,-283.9,5.0,-11.89,0.761,-311.9,4,不採用,29.1
ema_cross(EMA5/20),ema_cross,5,15,9時台,火,順方向のみ,ATR低,5,20,19,73.7,-5.0,5.0,-15.0,0.933,-40.0,2,6,66.7,-10.0,5.0,-15.0,0.667,-20.0,1,不採用,29.1
ema_cross(EMA5/20),ema_cross,5,15,10時台,全曜日,下降のみ,ATR低,5,20,17,70.6,-4.1,5.0,-12.82,0.936,-20.0,3,3,66.7,-5.0,5.0,-15.0,0.667,-15.0,1,不採用,29.1
ema_cross(EMA5/20),ema_cross,5,5,全時間,火,なし,ATR高,5,20,793,42.5,-595.0,5.0,-5.0,0.739,-625.0,10,297,41.8,-245.0,5.0,-5.0,0.717,-265.0,7,不採用,29.0
ema_cross(EMA5/20),ema_cross,5,5,東京(9-15),全曜日,なし,直近30分変動大,5,20,1464,44.5,-800.0,5.0,-5.0,0.803,-845.0,11,681,44.2,-395.0,5.0,-5.0,0.792,-435.0,10,不採用,29.0
ema_cross(EMA5/20),ema_cross,5,5,ロンドン(16-21),月,なし,なし,5,20,653,44.0,-395.0,5.0,-5.0,0.784,-450.0,7,264,43.9,-160.0,5.0,-5.0,0.784,-200.0,10,不採用,29.0
ema_cross(EMA5/20),ema_cross,5,5,21時台,全曜日,下降のみ,ATR高,5,20,160,38.8,-180.0,5.0,-5.0,0.633,-195.0,12,33,39.4,-35.0,5.0,-5.0,0.65,-45.0,5,不採用,29.0
ema_cross(EMA5/20),ema_cross,5,5,22時台,水,順方向のみ,直近30分変動大,5,20,17,41.2,-15.0,5.0,-5.0,0.7,-20.0,3,13,38.5,-15.0,5.0,-5.0,0.625,-10.0,3,不採用,29.0
ema_cross(EMA5/20),ema_cross,5,8,NY(21-24),全曜日,レンジのみ,なし,5,20,338,59.5,-88.5,4.98,-7.95,0.919,-159.5,5,149,55.7,-107.8,5.0,-7.92,0.794,-168.0,6,不採用,29.0
ema_cross(EMA5/20),ema_cross,5,8,21時台,全曜日,レンジのみ,なし,5,20,185,65.4,93.0,5.0,-8.0,1.182,-66.0,4,82,58.5,-32.0,5.0,-8.0,0.882,-107.0,6,不採用,29.0
ema_cross(EMA5/20),ema_cross,5,10,東京(9-15),月,上昇のみ,ATR低,5,20,68,64.7,-20.0,5.0,-10.0,0.917,-45.0,3,27,59.3,-30.0,5.0,-10.0,0.727,-50.0,3,不採用,29.0
ema_cross(EMA5/20),ema_cross,5,10,ロンドン(16-21),金,上昇のみ,ATR高,5,20,80,71.2,55.0,5.0,-10.0,1.239,-70.0,3,23,60.9,-20.0,5.0,-10.0,0.778,-30.0,2,不採用,29.0
ema_cross(EMA5/20),ema_cross,5,12,全時間,木,レンジのみ,直近30分変動大,5,20,314,65.0,-300.0,5.0,-12.0,0.773,-335.0,5,140,63.6,-167.0,5.0,-12.0,0.727,-199.0,4,不採用,29.0
ema_cross(EMA5/20),ema_cross,5,12,NY(21-24),火,順方向のみ,ATR高,5,20,52,53.8,-129.7,5.0,-11.24,0.519,-166.0,4,9,55.6,-23.0,5.0,-12.0,0.521,-43.0,2,不採用,29.0
ema_cross(EMA5/20),ema_cross,5,5,全時間,金,順方向のみ,なし,5,20,973,47.8,-215.0,5.0,-5.0,0.915,-320.0,9,379,43.5,-245.0,5.0,-5.0,0.771,-265.0,9,不採用,28.9
ema_cross(EMA5/20),ema_cross,5,5,ロンドン(16-21),水,上昇のみ,ATR高,5,20,107,43.9,-65.0,5.0,-5.0,0.783,-100.0,7,22,40.9,-20.0,5.0,-5.0,0.692,-30.0,4,不採用,28.9
ema_cross(EMA5/20),ema_cross,5,5,22時台,月,下降のみ,直近30分変動大,5,20,21,57.1,15.0,5.0,-5.0,1.333,-25.0,5,11,45.5,-5.0,5.0,-5.0,0.833,-15.0,3,不採用,28.9
ema_cross(EMA5/20),ema_cross,5,10,NY(21-24),金,なし,なし,5,20,322,60.9,-259.2,4.98,-9.8,0.79,-279.2,5,121,59.5,-121.6,4.94,-9.73,0.745,-173.8,5,不採用,28.9
ema_cross(EMA5/20),ema_cross,5,15,東京(9-15),月,順方向のみ,ATR低,5,20,62,72.6,-34.8,4.89,-15.0,0.864,-60.0,3,22,68.2,-30.0,5.0,-15.0,0.714,-60.0,3,不採用,28.9
ema_cross(EMA5/20),ema_cross,5,5,全時間,月,なし,直近30分変動大,5,20,868,43.1,-600.0,5.0,-5.0,0.757,-625.0,16,420,42.4,-320.0,5.0,-5.0,0.736,-345.0,9,不採用,28.8
ema_cross(EMA5/20),ema_cross,5,5,東京(9-15),火,上昇のみ,ATR低,5,20,132,38.6,-150.0,5.0,-5.0,0.63,-160.0,8,44,40.9,-40.0,5.0,-5.0,0.692,-50.0,7,不採用,28.8
ema_cross(EMA5/20),ema_cross,5,5,22時台,全曜日,レンジのみ,直近30分変動大,5,20,90,45.6,-40.0,5.0,-5.0,0.837,-50.0,4,40,42.5,-30.0,5.0,-5.0,0.739,-45.0,5,不採用,28.8
ema_cross(EMA5/20),ema_cross,5,8,全時間,月,順方向のみ,なし,5,20,624,59.8,-136.8,5.0,-7.98,0.932,-268.8,7,228,56.1,-160.0,5.0,-8.0,0.8,-221.0,7,不採用,28.8
ema_cross(EMA5/20),ema_cross,5,8,全時間,木,なし,なし,5,20,2488,58.4,-1008.4,5.0,-7.99,0.878,-1222.4,16,1021,57.7,-510.1,5.0,-8.0,0.852,-557.1,7,不採用,28.8
ema_cross(EMA5/20),ema_cross,5,8,9時台,月,下降のみ,直近30分変動大,5,20,17,70.6,20.0,5.0,-8.0,1.5,-11.0,1,7,57.1,-4.0,5.0,-8.0,0.833,-19.0,2,不採用,28.8
ema_cross(EMA5/20),ema_cross,5,8,16時台,月,なし,なし,5,20,138,58.7,-51.0,5.0,-8.0,0.888,-108.0,5,70,55.7,-53.0,5.0,-8.0,0.786,-75.0,6,不採用,28.8
ema_cross(EMA5/20),ema_cross,5,8,22時台,金,順方向のみ,なし,5,20,58,46.6,-109.1,5.0,-7.87,0.553,-135.1,4,17,47.1,-32.0,5.0,-8.0,0.556,-29.0,3,不採用,28.8
ema_cross(EMA5/20),ema_cross,5,10,全時間,火,なし,ATR高,5,20,673,66.0,-66.0,5.0,-9.98,0.971,-230.0,6,273,60.8,-234.0,5.0,-9.94,0.78,-294.0,5,不採用,28.8
ema_cross(EMA5/20),ema_cross,5,10,東京(9-15),全曜日,上昇のみ,直近30分変動大,5,20,490,60.8,-430.0,5.0,-10.0,0.776,-555.0,5,249,59.8,-255.0,5.0,-10.0,0.745,-315.0,5,不採用,28.8
ema_cross(EMA5/20),ema_cross,5,10,東京(9-15),水,上昇のみ,ATR高,5,20,56,64.3,-20.0,5.0,-10.0,0.9,-45.0,2,28,60.7,-25.0,5.0,-10.0,0.773,-45.0,5,不採用,28.8
ema_cross(EMA5/20),ema_cross,5,10,16時台,火,レンジのみ,ATR高,5,20,10,60.0,-10.0,5.0,-10.0,0.75,-20.0,3,9,55.6,-15.0,5.0,-10.0,0.625,-25.0,2,不採用,28.8
ema_cross(EMA5/20),ema_cross,5,10,22時台,水,順方向のみ,直近30分変動大,5,20,17,70.6,10.0,5.0,-10.0,1.2,-20.0,1,13,61.5,-10.0,5.0,-10.0,0.8,-20.0,3,不採用,28.8
ema_cross(EMA5/20),ema_cross,5,12,全時間,火,順方向のみ,ATR低,5,20,322,61.8,-481.0,5.0,-12.0,0.674,-495.0,4,103,62.1,-145.7,5.0,-11.94,0.687,-175.0,4,不採用,28.8
ema_cross(EMA5/20),ema_cross,5,12,16時台,水,レンジのみ,ATR高,5,20,10,50.0,-35.0,5.0,-12.0,0.417,-40.0,2,2,50.0,-7.0,5.0,-12.0,0.417,0.0,1,不採用,28.8
ema_cross(EMA5/20),ema_cross,5,15,9時台,月,下降のみ,なし,5,20,27,66.7,-45.0,5.0,-15.0,0.667,-65.0,3,14,64.3,-30.0,5.0,-15.0,0.6,-50.0,2,不採用,28.8
ema_cross(EMA5/20),ema_cross,5,15,9時台,火,上昇のみ,直近30分変動大,5,20,23,87.0,55.0,5.0,-15.0,2.222,-20.0,1,11,72.7,-5.0,5.0,-15.0,0.889,-15.0,1,不採用,28.8
ema_cross(EMA5/20),ema_cross,5,5,22時台,全曜日,なし,ATR高,5,20,478,40.2,-470.0,5.0,-5.0,0.671,-480.0,12,135,40.7,-125.0,5.0,-5.0,0.688,-150.0,6,不採用,28.7
ema_cross(EMA5/20),ema_cross,5,8,10時台,金,なし,なし,5,20,117,63.2,26.0,5.0,-8.0,1.076,-67.0,5,52,55.8,-39.0,5.0,-8.0,0.788,-56.0,4,不採用,28.7
ema_cross(EMA5/20),ema_cross,5,10,東京(9-15),全曜日,上昇のみ,なし,5,20,1135,61.2,-925.0,5.0,-10.0,0.79,-1020.0,7,465,60.9,-405.0,5.0,-10.0,0.777,-475.0,8,不採用,28.7
ema_cross(EMA5/20),ema_cross,5,10,ロンドン(16-21),火,なし,直近30分変動大,5,20,268,67.5,35.0,5.0,-10.0,1.04,-85.0,4,122,61.5,-95.0,5.0,-10.0,0.798,-115.0,5,不採用,28.7
ema_cross(EMA5/20),ema_cross,5,12,全時間,金,順方向のみ,ATR高,5,20,295,67.8,-133.4,5.0,-11.93,0.882,-206.4,4,103,65.0,-97.0,5.0,-12.0,0.775,-149.0,5,不採用,28.7
ema_cross(EMA5/20),ema_cross,5,12,ロンドン(16-21),月,なし,直近30分変動大,5,20,256,66.4,-182.0,5.0,-12.0,0.824,-246.0,5,121,63.6,-143.0,5.0,-12.0,0.729,-151.0,4,不採用,28.7
ema_cross(EMA5/20),ema_cross,5,5,NY(21-24),木,なし,直近30分変動大,5,20,169,45.6,-75.0,5.0,-5.0,0.837,-95.0,8,64,42.2,-50.0,5.0,-5.0,0.73,-65.0,5,不採用,28.6
ema_cross(EMA5/20),ema_cross,5,5,NY(21-24),木,順方向のみ,直近30分変動大,5,20,54,42.6,-40.0,5.0,-5.0,0.742,-50.0,7,10,40.0,-10.0,5.0,-5.0,0.667,-15.0,4,不採用,28.6
ema_cross(EMA5/20),ema_cross,5,5,16時台,火,上昇のみ,ATR高,5,20,26,46.2,-10.0,5.0,-5.0,0.857,-30.0,5,14,42.9,-10.0,5.0,-5.0,0.75,-30.0,5,不採用,28.6
ema_cross(EMA5/20),ema_cross,5,5,21時台,金,順方向のみ,なし,5,20,63,42.9,-45.0,5.0,-5.0,0.75,-85.0,8,24,45.8,-10.0,5.0,-5.0,0.846,-50.0,10,不採用,28.6
ema_cross(EMA5/20),ema_cross,5,8,東京(9-15),月,上昇のみ,ATR低,5,20,75,61.3,-2.0,5.0,-8.0,0.991,-40.0,5,29,55.2,-24.0,5.0,-8.0,0.769,-46.0,4,不採用,28.6
ema_cross(EMA5/20),ema_cross,5,8,ロンドン(16-21),月,レンジのみ,直近30分変動大,5,20,80,47.5,-146.0,5.0,-8.0,0.565,-163.0,8,44,50.0,-66.0,5.0,-8.0,0.625,-95.0,5,不採用,28.6
ema_cross(EMA5/20),ema_cross,5,8,NY(21-24),水,レンジのみ,ATR高,5,20,29,55.2,-24.0,5.0,-8.0,0.769,-36.0,3,4,50.0,-6.0,5.0,-8.0,0.625,-16.0,2,不採用,28.6
ema_cross(EMA5/20),ema_cross,5,8,10時台,全曜日,上昇のみ,直近30分変動大,5,20,115,56.5,-75.0,5.0,-8.0,0.812,-134.0,4,51,52.9,-57.0,5.0,-8.0,0.703,-58.0,4,不採用,28.6
ema_cross(EMA5/20),ema_cross,5,10,全時間,火,なし,なし,5,20,2148,64.2,-768.5,5.0,-9.99,0.9,-888.5,7,915,62.7,-533.1,5.0,-9.98,0.843,-635.0,5,不採用,28.6
ema_cross(EMA5/20),ema_cross,5,10,東京(9-15),木,レンジのみ,直近30分変動大,5,20,92,55.4,-155.0,5.0,-10.0,0.622,-180.0,6,41,56.1,-65.0,5.0,-10.0,0.639,-100.0,4,不採用,28.6
ema_cross(EMA5/20),ema_cross,5,10,16時台,火,なし,なし,5,20,140,63.6,-65.0,5.0,-10.0,0.873,-135.0,4,56,60.7,-50.0,5.0,-10.0,0.773,-110.0,5,不採用,28.6
ema_cross(EMA5/20),ema_cross,5,12,16時台,火,なし,なし,5,20,135,66.7,-90.0,5.0,-12.0,0.833,-124.0,3,54,64.8,-53.0,5.0,-12.0,0.768,-131.0,5,不採用,28.6
ema_cross(EMA5/20),ema_cross,5,15,全時間,火,順方向のみ,ATR低,5,20,305,71.1,-235.0,5.0,-15.0,0.822,-395.0,3,102,68.6,-124.7,5.0,-14.83,0.737,-155.0,4,不採用,28.6
ema_cross(EMA5/20),ema_cross,5,15,NY(21-24),全曜日,上昇のみ,ATR低,5,20,78,70.5,54.6,5.0,-9.58,1.248,-69.5,3,50,68.0,-37.5,4.86,-12.68,0.815,-87.5,3,不採用,28.6
ema_cross(EMA5/20),ema_cross,5,5,9時台,全曜日,順方向のみ,直近30分変動大,5,20,59,42.4,-45.0,5.0,-5.0,0.735,-65.0,8,27,40.7,-25.0,5.0,-5.0,0.688,-25.0,5,不採用,28.5
ema_cross(EMA5/20),ema_cross,5,5,9時台,木,レンジのみ,ATR高,5,20,10,50.0,0.0,5.0,-5.0,1.0,-5.0,2,5,40.0,-5.0,5.0,-5.0,0.667,-5.0,1,不採用,28.5
ema_cross(EMA5/20),ema_cross,5,8,全時間,水,上昇のみ,ATR高,5,20,297,53.9,-296.0,5.0,-8.0,0.73,-316.0,8,100,53.0,-111.0,5.0,-8.0,0.705,-130.0,5,不採用,28.5
ema_cross(EMA5/20),ema_cross,5,10,東京(9-15),全曜日,なし,直近30分変動大,5,20,1444,62.1,-985.0,5.0,-10.0,0.82,-1065.0,6,670,61.6,-505.0,5.0,-10.0,0.804,-605.0,6,不採用,28.5
ema_cross(EMA5/20),ema_cross,5,15,全時間,全曜日,レンジのみ,なし,5,20,2776,71.6,-1639.3,4.98,-14.63,0.858,-1754.9,6,1180,71.8,-596.4,5.0,-14.5,0.876,-671.4,5,不採用,28.5
ema_cross(EMA5/20),ema_cross,5,15,全時間,木,レンジのみ,ATR高,5,20,195,74.9,6.0,5.0,-14.78,1.008,-140.0,3,71,70.4,-65.0,5.0,-15.0,0.794,-135.0,4,不採用,28.5
ema_cross(EMA5/20),ema_cross,5,5,東京(9-15),全曜日,上昇のみ,直近30分変動大,5,20,497,41.0,-445.0,5.0,-5.0,0.696,-480.0,12,253,42.7,-185.0,5.0,-5.0,0.745,-185.0,10,不採用,28.4
ema_cross(EMA5/20),ema_cross,5,5,10時台,金,上昇のみ,直近30分変動大,5,20,22,22.7,-60.0,5.0,-5.0,0.294,-65.0,9,13,30.8,-25.0,5.0,-5.0,0.444,-30.0,4,不採用,28.4
ema_cross(EMA5/20),ema_cross,5,5,10時台,金,順方向のみ,ATR高,5,20,11,54.5,5.0,5.0,-5.0,1.2,-5.0,1,7,42.9,-5.0,5.0,-5.0,0.75,-5.0,2,不採用,28.4
ema_cross(EMA5/20),ema_cross,5,5,16時台,全曜日,下降のみ,なし,5,20,232,46.6,-80.0,5.0,-5.0,0.871,-135.0,8,100,43.0,-70.0,5.0,-5.0,0.754,-85.0,6,不採用,28.4
ema_cross(EMA5/20),ema_cross,5,8,全時間,全曜日,レンジのみ,ATR高,5,20,1072,57.0,-625.9,5.0,-7.98,0.83,-640.9,9,367,55.0,-307.3,5.0,-7.98,0.767,-317.3,8,不採用,28.4
ema_cross(EMA5/20),ema_cross,5,8,ロンドン(16-21),木,下降のみ,ATR低,5,20,17,82.4,46.0,5.0,-8.0,2.917,-8.0,1,5,60.0,-1.0,5.0,-8.0,0.938,-8.0,1,不採用,28.4
ema_cross(EMA5/20),ema_cross,5,8,9時台,金,なし,ATR高,5,20,36,63.9,11.0,5.0,-8.0,1.106,-35.0,3,13,53.8,-13.0,5.0,-8.0,0.729,-14.0,2,不採用,28.4
ema_cross(EMA5/20),ema_cross,5,10,東京(9-15),水,順方向のみ,ATR高,5,20,38,57.9,-50.0,5.0,-10.0,0.688,-50.0,3,18,55.6,-30.0,5.0,-10.0,0.625,-45.0,3,不採用,28.4
ema_cross(EMA5/20),ema_cross,5,10,16時台,木,なし,なし,5,20,133,70.7,80.0,5.0,-10.0,1.205,-85.0,4,59,61.0,-40.9,5.0,-9.6,0.815,-60.0,4,不採用,28.4
ema_cross(EMA5/20),ema_cross,5,10,22時台,木,なし,ATR低,5,20,5,60.0,3.6,5.0,-5.7,1.316,-10.0,1,5,60.0,-5.0,5.0,-10.0,0.75,-15.0,1,不採用,28.4
ema_cross(EMA5/20),ema_cross,5,12,ロンドン(16-21),火,なし,なし,5,20,499,69.3,-96.8,5.0,-11.94,0.947,-250.0,5,198,64.6,-197.1,5.0,-11.96,0.765,-244.0,4,不採用,28.4
ema_cross(EMA5/20),ema_cross,5,5,16時台,月,上昇のみ,ATR低,5,20,21,47.6,-5.0,5.0,-5.0,0.909,-30.0,3,5,40.0,-5.0,5.0,-5.0,0.667,-10.0,2,不採用,28.3
ema_cross(EMA5/20),ema_cross,5,8,全時間,水,下降のみ,直近30分変動大,5,20,378,55.6,-294.0,5.0,-8.0,0.781,-308.0,4,198,53.0,-219.0,5.0,-8.0,0.706,-239.0,4,不採用,28.3
ema_cross(EMA5/20),ema_cross,5,8,東京(9-15),全曜日,上昇のみ,ATR低,5,20,439,58.3,-184.0,5.0,-8.0,0.874,-288.0,5,164,54.9,-142.0,5.0,-8.0,0.76,-152.0,6,不採用,28.3
ema_cross(EMA5/20),ema_cross,5,8,22時台,金,順方向のみ,ATR低,5,20,5,20.0,-23.1,5.0,-7.03,0.178,-15.1,3,3,33.3,-11.0,5.0,-8.0,0.312,-16.0,2,不採用,28.3
ema_cross(EMA5/20),ema_cross,5,5,全時間,火,上昇のみ,なし,5,20,1335,40.9,-1215.0,5.0,-5.0,0.692,-1220.0,13,475,41.5,-405.0,5.0,-5.0,0.709,-405.0,9,不採用,28.2
ema_cross(EMA5/20),ema_cross,5,5,東京(9-15),月,上昇のみ,ATR高,5,20,68,39.7,-70.0,5.0,-5.0,0.659,-90.0,6,38,42.1,-30.0,5.0,-5.0,0.727,-50.0,8,不採用,28.2
ema_cross(EMA5/20),ema_cross,5,5,東京(9-15),金,下降のみ,ATR高,5,20,102,50.0,0.0,5.0,-5.0,1.0,-55.0,5,38,44.7,-20.0,5.0,-5.0,0.81,-25.0,6,不採用,28.2
ema_cross(EMA5/20),ema_cross,5,8,ロンドン(16-21),全曜日,順方向のみ,ATR高,5,20,365,60.8,-34.0,5.0,-8.0,0.97,-162.0,5,132,54.5,-120.0,5.0,-8.0,0.75,-150.0,4,不採用,28.2
ema_cross(EMA5/20),ema_cross,5,8,9時台,全曜日,上昇のみ,なし,5,20,266,59.4,-74.0,5.0,-8.0,0.914,-147.0,4,126,56.3,-85.0,5.0,-8.0,0.807,-143.0,7,不採用,28.2
ema_cross(EMA5/20),ema_cross,5,8,21時台,金,レンジのみ,なし,5,20,39,64.1,13.0,5.0,-8.0,1.116,-25.0,3,13,53.8,-13.0,5.0,-8.0,0.729,-19.0,2,不採用,28.2
ema_cross(EMA5/20),ema_cross,5,10,9時台,火,なし,なし,5,20,154,66.9,5.0,5.0,-10.0,1.01,-80.0,4,56,60.7,-50.0,5.0,-10.0,0.773,-85.0,4,不採用,28.2
ema_cross(EMA5/20),ema_cross,5,10,10時台,金,なし,なし,5,20,115,67.8,20.0,5.0,-10.0,1.054,-80.0,4,51,60.8,-45.0,5.0,-10.0,0.775,-55.0,4,不採用,28.2
ema_cross(EMA5/20),ema_cross,5,12,9時台,全曜日,なし,直近30分変動大,5,20,378,70.9,20.0,5.0,-12.0,1.015,-226.0,5,170,65.9,-136.0,5.0,-12.0,0.805,-237.0,5,不採用,28.2
ema_cross(EMA5/20),ema_cross,5,15,東京(9-15),水,なし,ATR低,5,20,205,71.7,-114.9,5.0,-14.65,0.865,-188.4,4,65,67.7,-95.0,5.0,-15.0,0.698,-140.0,2,不採用,28.2
ema_cross(EMA5/20),ema_cross,5,15,ロンドン(16-21),全曜日,なし,なし,5,20,2296,71.5,-1474.2,5.0,-14.78,0.848,-1588.6,6,927,71.5,-596.4,5.0,-14.82,0.848,-705.0,4,不採用,28.2
ema_cross(EMA5/20),ema_cross,5,5,全時間,木,上昇のみ,ATR低,5,20,330,48.8,-40.0,5.0,-5.0,0.953,-165.0,8,153,45.1,-75.0,5.0,-5.0,0.821,-80.0,9,不採用,28.1
ema_cross(EMA5/20),ema_cross,5,5,NY(21-24),木,下降のみ,なし,5,20,117,43.6,-71.4,5.0,-4.95,0.781,-71.4,5,26,42.3,-20.0,5.0,-5.0,0.733,-35.0,6,不採用,28.1
ema_cross(EMA5/20),ema_cross,5,5,9時台,木,上昇のみ,なし,5,20,53,43.4,-35.0,5.0,-5.0,0.767,-55.0,6,20,40.0,-20.0,5.0,-5.0,0.667,-20.0,4,不採用,28.1
ema_cross(EMA5/20),ema_cross,5,8,全時間,月,なし,直近30分変動大,5,20,862,55.6,-669.0,5.0,-8.0,0.782,-690.0,9,415,54.0,-408.0,5.0,-8.0,0.733,-425.0,6,不採用,28.1
ema_cross(EMA5/20),ema_cross,5,10,NY(21-24),全曜日,下降のみ,直近30分変動大,5,20,287,62.0,-195.8,4.97,-9.92,0.819,-220.8,8,112,59.8,-115.0,5.0,-10.0,0.744,-165.0,5,不採用,28.1
ema_cross(EMA5/20),ema_cross,5,10,9時台,全曜日,順方向のみ,ATR低,5,20,81,60.5,-75.0,5.0,-10.0,0.766,-115.0,4,30,56.7,-45.0,5.0,-10.0,0.654,-50.0,3,不採用,28.1
ema_cross(EMA5/20),ema_cross,5,10,10時台,木,下降のみ,ATR高,5,20,25,76.0,35.0,5.0,-10.0,1.583,-15.0,1,8,62.5,-5.0,5.0,-10.0,0.833,-25.0,2,不採用,28.1
ema_cross(EMA5/20),ema_cross,5,10,22時台,月,順方向のみ,ATR高,5,20,13,53.8,-25.0,5.0,-10.0,0.583,-30.0,2,2,50.0,-5.0,5.0,-10.0,0.5,0.0,1,不採用,28.1
ema_cross(EMA5/20),ema_cross,5,12,9時台,金,レンジのみ,ATR高,5,20,11,81.8,21.0,5.0,-12.0,1.875,-12.0,1,3,66.7,-2.0,5.0,-12.0,0.833,-12.0,1,不採用,28.1
ema_cross(EMA5/20),ema_cross,5,15,10時台,火,なし,ATR高,5,20,28,82.1,40.0,5.0,-15.0,1.533,-45.0,2,21,71.4,-15.0,5.0,-15.0,0.833,-60.0,2,不採用,28.1
ema_cross(EMA5/20),ema_cross,5,5,全時間,火,順方向のみ,直近30分変動大,5,20,233,38.2,-275.0,5.0,-5.0,0.618,-305.0,9,108,41.7,-90.0,5.0,-5.0,0.714,-110.0,9,不採用,28.0
ema_cross(EMA5/20),ema_cross,5,5,ロンドン(16-21),全曜日,下降のみ,直近30分変動大,5,20,496,45.6,-220.0,5.0,-5.0,0.837,-295.0,10,208,43.8,-130.0,5.0,-5.0,0.778,-150.0,9,不採用,28.0
ema_cross(EMA5/20),ema_cross,5,5,22時台,月,順方向のみ,ATR低,5,20,6,83.3,17.6,4.52,-5.0,4.52,-5.0,1,2,50.0,0.0,5.0,-5.0,1.0,0.0,1,不採用,28.0
ema_cross(EMA5/20),ema_cross,5,8,東京(9-15),火,上昇のみ,なし,5,20,266,54.1,-256.0,5.0,-8.0,0.738,-302.0,5,102,52.9,-114.0,5.0,-8.0,0.703,-139.0,5,不採用,28.0
ema_cross(EMA5/20),ema_cross,5,8,ロンドン(16-21),火,なし,直近30分変動大,5,20,270,61.9,11.0,5.0,-8.0,1.013,-89.0,5,123,55.3,-100.0,5.0,-8.0,0.773,-110.0,5,不採用,28.0
ema_cross(EMA5/20),ema_cross,5,8,21時台,金,下降のみ,直近30分変動大,5,20,34,52.9,-38.0,5.0,-8.0,0.703,-56.0,7,16,50.0,-24.0,5.0,-8.0,0.625,-49.0,3,不採用,28.0
ema_cross(EMA5/20),ema_cross,5,10,9時台,全曜日,順方向のみ,直近30分変動大,5,20,59,66.1,-5.0,5.0,-10.0,0.975,-70.0,3,27,59.3,-30.0,5.0,-10.0,0.727,-50.0,3,不採用,28.0
ema_cross(EMA5/20),ema_cross,5,12,全時間,火,なし,ATR低,5,20,659,67.1,-394.0,5.0,-12.0,0.849,-477.0,7,247,65.2,-227.0,5.0,-12.0,0.78,-246.0,7,不採用,28.0
ema_cross(EMA5/20),ema_cross,5,12,ロンドン(16-21),木,順方向のみ,直近30分変動大,5,20,58,69.0,-16.0,5.0,-12.0,0.926,-100.0,5,29,62.1,-42.0,5.0,-12.0,0.682,-50.0,2,不採用,28.0
ema_cross(EMA5/20),ema_cross,5,12,10時台,火,下降のみ,なし,5,20,27,70.4,-1.0,5.0,-12.0,0.99,-31.0,2,8,62.5,-11.0,5.0,-12.0,0.694,-24.0,2,不採用,28.0
ema_cross(EMA5/20),ema_cross,5,12,21時台,月,レンジのみ,直近30分変動大,5,20,11,81.8,21.0,5.0,-12.0,1.875,-24.0,2,6,66.7,-4.0,5.0,-12.0,0.833,-19.0,1,不採用,28.0
ema_cross(EMA5/20),ema_cross,5,15,ロンドン(16-21),月,上昇のみ,ATR低,5,20,51,62.7,-104.3,5.0,-13.91,0.605,-113.1,3,16,62.5,-40.0,5.0,-15.0,0.556,-45.0,2,不採用,28.0
ema_cross(EMA5/20),ema_cross,5,5,21時台,全曜日,順方向のみ,ATR低,5,20,41,48.8,-5.0,5.0,-5.0,0.952,-30.0,5,23,43.5,-15.0,5.0,-5.0,0.769,-35.0,5,不採用,27.9
ema_cross(EMA5/20),ema_cross,5,10,全時間,水,上昇のみ,ATR高,5,20,285,59.6,-300.0,5.0,-10.0,0.739,-320.0,6,94,58.5,-115.0,5.0,-10.0,0.705,-130.0,5,不採用,27.9
ema_cross(EMA5/20),ema_cross,5,10,全時間,水,上昇のみ,ATR低,5,20,305,64.6,-78.8,5.0,-9.85,0.926,-185.0,4,139,59.7,-141.3,5.0,-9.93,0.746,-176.3,4,不採用,27.9
ema_cross(EMA5/20),ema_cross,5,10,16時台,金,順方向のみ,ATR高,5,20,26,53.8,-50.0,5.0,-10.0,0.583,-70.0,3,4,50.0,-10.0,5.0,-10.0,0.5,-10.0,1,不採用,27.9
ema_cross(EMA5/20),ema_cross,5,12,東京(9-15),水,上昇のみ,ATR低,5,20,91,64.8,-85.4,5.0,-11.89,0.775,-136.4,4,33,60.6,-56.0,5.0,-12.0,0.641,-84.0,2,不採用,27.9
ema_cross(EMA5/20),ema_cross,5,15,ロンドン(16-21),火,上昇のみ,なし,5,20,197,75.6,43.1,5.0,-14.62,1.061,-60.0,3,68,69.1,-74.1,5.0,-14.72,0.76,-105.0,3,不採用,27.9
ema_cross(EMA5/20),ema_cross,5,15,ロンドン(16-21),木,なし,ATR低,5,20,58,79.3,57.6,4.91,-14.02,1.342,-60.8,4,29,65.5,-27.7,5.0,-12.27,0.774,-30.0,2,不採用,27.9
ema_cross(EMA5/20),ema_cross,5,15,NY(21-24),火,レンジのみ,なし,5,20,54,81.5,65.4,4.9,-15.0,1.436,-65.0,2,26,69.2,-22.0,5.0,-14.0,0.804,-50.0,2,不採用,27.9
ema_cross(EMA5/20),ema_cross,5,5,9時台,水,レンジのみ,ATR低,5,20,20,45.0,-10.0,5.0,-5.0,0.818,-20.0,4,13,38.5,-15.0,5.0,-5.0,0.625,-15.0,2,不採用,27.8
ema_cross(EMA5/20),ema_cross,5,8,全時間,木,順方向のみ,直近30分変動大,5,20,273,52.4,-325.0,5.0,-8.0,0.688,-407.0,7,125,52.8,-142.0,5.0,-8.0,0.699,-149.0,6,不採用,27.8
ema_cross(EMA5/20),ema_cross,5,8,東京(9-15),水,上昇のみ,ATR高,5,20,57,52.6,-66.0,5.0,-8.0,0.694,-95.0,6,31,51.6,-40.0,5.0,-8.0,0.667,-49.0,5,不採用,27.8
ema_cross(EMA5/20),ema_cross,5,8,東京(9-15),木,なし,なし,5,20,665,59.8,-146.0,5.0,-8.0,0.932,-337.0,7,286,55.2,-234.0,5.0,-8.0,0.771,-314.0,6,不採用,27.8
ema_cross(EMA5/20),ema_cross,5,8,ロンドン(16-21),月,下降のみ,ATR高,5,20,91,61.5,0.0,5.0,-8.0,1.0,-56.0,5,28,53.6,-29.0,5.0,-8.0,0.721,-36.0,3,不採用,27.8
ema_cross(EMA5/20),ema_cross,5,8,NY(21-24),木,レンジのみ,ATR高,5,20,41,56.1,-29.0,5.0,-8.0,0.799,-63.0,6,16,50.0,-24.0,5.0,-8.0,0.625,-25.0,2,不採用,27.8
ema_cross(EMA5/20),ema_cross,5,8,16時台,全曜日,上昇のみ,なし,5,20,297,60.3,-37.4,5.0,-7.9,0.96,-112.0,7,130,56.2,-91.0,5.0,-8.0,0.8,-107.0,7,不採用,27.8
ema_cross(EMA5/20),ema_cross,5,10,全時間,月,レンジのみ,ATR高,5,20,156,59.0,-172.4,5.0,-9.88,0.727,-215.0,4,62,56.5,-95.0,5.0,-10.0,0.648,-100.0,3,不採用,27.8
ema_cross(EMA5/20),ema_cross,5,10,全時間,月,順方向のみ,なし,5,20,606,63.5,-271.1,5.0,-9.94,0.877,-339.9,7,219,61.2,-180.0,5.0,-10.0,0.788,-245.0,7,不採用,27.8
ema_cross(EMA5/20),ema_cross,5,10,16時台,月,上昇のみ,直近30分変動大,5,20,17,64.7,-5.0,5.0,-10.0,0.917,-20.0,2,14,57.1,-20.0,5.0,-10.0,0.667,-25.0,2,不採用,27.8
ema_cross(EMA5/20),ema_cross,5,10,22時台,火,なし,ATR高,5,20,102,60.8,-86.0,5.0,-9.9,0.783,-191.0,6,27,55.6,-39.0,5.0,-9.5,0.658,-59.0,3,不採用,27.8
ema_cross(EMA5/20),ema_cross,5,12,東京(9-15),全曜日,上昇のみ,ATR高,5,20,243,67.5,-128.0,5.0,-12.0,0.865,-260.0,6,110,65.5,-96.0,5.0,-12.0,0.789,-116.0,7,不採用,27.8
ema_cross(EMA5/20),ema_cross,5,12,ロンドン(16-21),火,なし,直近30分変動大,5,20,262,70.2,-16.0,5.0,-12.0,0.983,-147.0,4,122,63.9,-138.0,5.0,-12.0,0.739,-159.0,3,不採用,27.8
ema_cross(EMA5/20),ema_cross,5,5,ロンドン(16-21),火,下降のみ,なし,5,20,210,49.0,-20.0,5.0,-5.0,0.963,-90.0,7,96,44.8,-50.0,5.0,-5.0,0.811,-110.0,7,不採用,27.7
ema_cross(EMA5/20),ema_cross,5,5,NY(21-24),月,レンジのみ,ATR低,5,20,13,46.2,-1.7,5.0,-4.53,0.946,-20.0,4,5,40.0,-5.0,5.0,-5.0,0.667,-10.0,2,不採用,27.7
ema_cross(EMA5/20),ema_cross,5,5,NY(21-24),木,上昇のみ,ATR高,5,20,80,41.2,-70.0,5.0,-5.0,0.702,-90.0,8,18,38.9,-20.0,5.0,-5.0,0.636,-30.0,4,不採用,27.7
ema_cross(EMA5/20),ema_cross,5,8,全時間,月,上昇のみ,ATR低,5,20,220,53.2,-228.9,5.0,-7.9,0.719,-256.9,7,68,51.5,-89.0,5.0,-8.0,0.663,-101.0,4,不採用,27.7
ema_cross(EMA5/20),ema_cross,5,8,NY(21-24),水,レンジのみ,なし,5,20,58,62.1,4.0,5.0,-8.0,1.023,-42.0,3,24,54.2,-23.0,5.0,-8.0,0.739,-63.0,3,不採用,27.7
ema_cross(EMA5/20),ema_cross,5,10,東京(9-15),全曜日,順方向のみ,直近30分変動大,5,20,271,60.1,-265.0,5.0,-10.0,0.755,-320.0,6,136,58.8,-160.0,5.0,-10.0,0.714,-180.0,5,不採用,27.7
ema_cross(EMA5/20),ema_cross,5,10,9時台,金,なし,ATR高,5,20,36,75.0,45.0,5.0,-10.0,1.5,-35.0,2,13,61.5,-10.0,5.0,-10.0,0.8,-15.0,2,不採用,27.7
ema_cross(EMA5/20),ema_cross,5,10,10時台,全曜日,順方向のみ,なし,5,20,141,64.5,-45.0,5.0,-10.0,0.91,-105.0,5,46,58.7,-55.0,5.0,-10.0,0.711,-95.0,3,不採用,27.7
ema_cross(EMA5/20),ema_cross,5,10,22時台,全曜日,なし,ATR高,5,20,434,59.9,-413.1,4.98,-9.82,0.758,-451.7,6,125,58.4,-149.0,5.0,-9.88,0.71,-155.0,5,不採用,27.7
ema_cross(EMA5/20),ema_cross,5,12,ロンドン(16-21),金,レンジのみ,なし,5,20,118,69.5,-22.0,5.0,-12.0,0.949,-61.0,3,49,63.3,-61.0,5.0,-12.0,0.718,-74.0,3,不採用,27.7
ema_cross(EMA5/20),ema_cross,5,12,22時台,水,下降のみ,なし,5,20,40,75.0,47.1,5.0,-10.29,1.458,-24.0,3,27,66.7,-18.0,5.0,-12.0,0.833,-45.0,3,不採用,27.7
ema_cross(EMA5/20),ema_cross,5,15,全時間,木,レンジのみ,ATR低,5,20,175,65.1,-332.2,4.96,-14.71,0.63,-377.2,8,67,65.7,-117.1,5.0,-14.66,0.653,-162.1,4,不採用,27.7
ema_cross(EMA5/20),ema_cross,5,5,全時間,木,レンジのみ,直近30分変動大,5,20,324,42.3,-250.0,5.0,-5.0,0.733,-275.0,9,142,42.3,-110.0,5.0,-5.0,0.732,-125.0,8,不採用,27.6
ema_cross(EMA5/20),ema_cross,5,5,東京(9-15),水,順方向のみ,直近30分変動大,5,20,46,50.0,0.0,5.0,-5.0,1.0,-35.0,4,24,41.7,-20.0,5.0,-5.0,0.714,-30.0,3,不採用,27.6
ema_cross(EMA5/20),ema_cross,5,8,ロンドン(16-21),金,レンジのみ,なし,5,20,126,66.7,84.0,5.0,-8.0,1.25,-46.0,4,55,56.4,-37.0,5.0,-8.0,0.807,-55.0,4,不採用,27.6
ema_cross(EMA5/20),ema_cross,5,8,NY(21-24),火,レンジのみ,ATR高,5,20,26,73.1,39.0,5.0,-8.0,1.696,-19.0,2,12,58.3,-5.0,5.0,-8.0,0.875,-25.0,3,不採用,27.6
ema_cross(EMA5/20),ema_cross,5,8,10時台,火,順方向のみ,なし,5,20,27,51.9,-34.0,5.0,-8.0,0.673,-51.0,3,10,50.0,-15.0,5.0,-8.0,0.625,-32.0,4,不採用,27.6
ema_cross(EMA5/20),ema_cross,5,12,21時台,水,なし,直近30分変動大,5,20,57,61.4,-89.0,5.0,-12.0,0.663,-125.0,3,27,59.3,-52.0,5.0,-12.0,0.606,-56.0,3,不採用,27.6
ema_cross(EMA5/20),ema_cross,5,15,全時間,金,順方向のみ,ATR低,5,20,243,73.3,-37.9,5.0,-14.28,0.959,-119.4,3,101,68.3,-111.6,5.0,-14.27,0.756,-211.6,3,不採用,27.6
ema_cross(EMA5/20),ema_cross,5,15,ロンドン(16-21),金,レンジのみ,なし,5,20,115,75.7,15.0,5.0,-15.0,1.036,-70.0,2,44,68.2,-60.0,5.0,-15.0,0.714,-70.0,2,不採用,27.6
ema_cross(EMA5/20),ema_cross,5,5,9時台,月,下降のみ,直近30分変動大,5,20,17,52.9,5.0,5.0,-5.0,1.125,-10.0,2,7,42.9,-5.0,5.0,-5.0,0.75,-15.0,3,不採用,27.5
ema_cross(EMA5/20),ema_cross,5,5,22時台,水,下降のみ,なし,5,20,45,46.7,-15.0,5.0,-5.0,0.875,-40.0,8,30,40.0,-30.0,5.0,-5.0,0.667,-25.0,3,不採用,27.5
ema_cross(EMA5/20),ema_cross,5,5,22時台,水,下降のみ,ATR高,5,20,33,42.4,-25.0,5.0,-5.0,0.737,-50.0,8,21,38.1,-25.0,5.0,-5.0,0.615,-20.0,3,不採用,27.5
ema_cross(EMA5/20),ema_cross,5,8,22時台,月,上昇のみ,直近30分変動大,5,20,18,44.4,-40.0,5.0,-8.0,0.5,-55.0,4,9,44.4,-20.0,5.0,-8.0,0.5,-16.0,3,不採用,27.5
ema_cross(EMA5/20),ema_cross,5,10,東京(9-15),月,なし,直近30分変動大,5,20,274,63.5,-130.0,5.0,-10.0,0.87,-220.0,6,127,60.6,-115.0,5.0,-10.0,0.77,-170.0,6,不採用,27.5
ema_cross(EMA5/20),ema_cross,5,10,10時台,全曜日,下降のみ,直近30分変動大,5,20,92,62.0,-65.0,5.0,-10.0,0.814,-145.0,6,31,58.1,-40.0,5.0,-10.0,0.692,-60.0,4,不採用,27.5
ema_cross(EMA5/20),ema_cross,5,12,東京(9-15),木,下降のみ,なし,5,20,224,71.0,15.0,5.0,-12.0,1.019,-138.0,4,117,64.1,-129.0,5.0,-12.0,0.744,-157.0,3,不採用,27.5
ema_cross(EMA5/20),ema_cross,5,12,NY(21-24),金,レンジのみ,ATR低,5,20,5,80.0,8.0,5.0,-12.0,1.667,-12.0,1,6,66.7,-4.0,5.0,-12.0,0.833,-24.0,2,不採用,27.5
ema_cross(EMA5/20),ema_cross,5,15,ロンドン(16-21),金,上昇のみ,直近30分変動大,5,20,87,72.4,-31.5,5.0,-14.44,0.909,-65.0,2,48,68.8,-60.0,5.0,-15.0,0.733,-80.0,4,不採用,27.5
ema_cross(EMA5/20),ema_cross,5,15,10時台,火,なし,なし,5,20,98,74.5,-10.0,5.0,-15.0,0.973,-125.0,4,48,68.8,-60.0,5.0,-15.0,0.733,-100.0,3,不採用,27.5
ema_cross(EMA5/20),ema_cross,5,5,22時台,全曜日,下降のみ,直近30分変動大,5,20,135,43.7,-85.0,5.0,-5.0,0.776,-100.0,9,54,40.7,-50.0,5.0,-5.0,0.688,-60.0,5,不採用,27.4
ema_cross(EMA5/20),ema_cross,5,8,全時間,木,下降のみ,なし,5,20,912,58.1,-399.4,5.0,-7.98,0.869,-526.0,6,373,54.7,-332.0,5.0,-8.0,0.754,-349.0,7,不採用,27.4
ema_cross(EMA5/20),ema_cross,5,8,21時台,月,なし,なし,5,20,132,65.9,85.7,5.0,-7.76,1.245,-56.0,4,55,56.4,-37.0,5.0,-8.0,0.807,-68.0,4,不採用,27.4
ema_cross(EMA5/20),ema_cross,5,10,ロンドン(16-21),月,なし,直近30分変動大,5,20,261,60.9,-225.0,5.0,-10.0,0.779,-290.0,10,122,58.2,-155.0,5.0,-10.0,0.696,-165.0,4,不採用,27.4
ema_cross(EMA5/20),ema_cross,5,12,全時間,水,なし,ATR低,5,20,603,66.0,-439.3,5.0,-11.85,0.819,-502.3,7,257,64.2,-275.0,5.0,-11.96,0.75,-336.0,5,不採用,27.4
ema_cross(EMA5/20),ema_cross,5,12,22時台,木,なし,なし,5,20,126,66.7,-52.9,4.97,-11.21,0.888,-146.0,3,31,61.3,-49.0,5.0,-12.0,0.66,-52.0,2,不採用,27.4
ema_cross(EMA5/20),ema_cross,5,15,全時間,全曜日,レンジのみ,直近30分変動大,5,20,1401,71.9,-832.6,5.0,-14.93,0.858,-867.6,7,702,71.2,-481.4,5.0,-14.76,0.839,-661.6,7,不採用,27.4
ema_cross(EMA5/20),ema_cross,5,15,ロンドン(16-21),月,上昇のみ,直近30分変動大,5,20,86,68.6,-110.0,5.0,-15.0,0.728,-180.0,3,32,65.6,-60.0,5.0,-15.0,0.636,-65.0,3,不採用,27.4
ema_cross(EMA5/20),ema_cross,5,5,全時間,水,下降のみ,直近30分変動大,5,20,379,43.5,-245.0,5.0,-5.0,0.771,-265.0,10,198,42.4,-150.0,5.0,-5.0,0.737,-180.0,8,不採用,27.3
ema_cross(EMA5/20),ema_cross,5,5,NY(21-24),金,レンジのみ,なし,5,20,85,43.5,-55.0,5.0,-5.0,0.771,-80.0,6,31,38.7,-35.0,5.0,-5.0,0.632,-45.0,3,不採用,27.3
ema_cross(EMA5/20),ema_cross,5,8,9時台,全曜日,上昇のみ,ATR低,5,20,108,57.4,-58.0,5.0,-8.0,0.842,-79.0,4,42,52.4,-50.0,5.0,-8.0,0.688,-43.0,4,不採用,27.3
ema_cross(EMA5/20),ema_cross,5,8,22時台,水,レンジのみ,ATR高,5,20,21,57.1,-12.0,5.0,-8.0,0.833,-38.0,3,4,50.0,-6.0,5.0,-8.0,0.625,-16.0,2,不採用,27.3
ema_cross(EMA5/20),ema_cross,5,10,全時間,金,レンジのみ,なし,5,20,666,65.9,-70.8,5.0,-9.98,0.969,-315.0,6,266,60.2,-252.8,5.0,-9.93,0.76,-277.8,5,不採用,27.3
ema_cross(EMA5/20),ema_cross,5,10,NY(21-24),火,なし,ATR高,5,20,158,63.3,-70.0,5.0,-9.83,0.877,-201.0,8,38,57.9,-44.0,5.0,-9.62,0.714,-69.0,4,不採用,27.3
ema_cross(EMA5/20),ema_cross,5,10,9時台,木,順方向のみ,なし,5,20,46,65.2,-10.0,5.0,-10.0,0.938,-75.0,4,21,57.1,-30.0,5.0,-10.0,0.667,-35.0,2,不採用,27.3
ema_cross(EMA5/20),ema_cross,5,10,22時台,月,なし,なし,5,20,114,59.6,-95.5,4.85,-9.25,0.776,-129.3,4,47,57.4,-69.6,4.83,-10.0,0.652,-80.0,3,不採用,27.3
ema_cross(EMA5/20),ema_cross,5,12,全時間,金,なし,ATR低,5,20,549,66.8,-321.8,5.0,-11.85,0.851,-442.8,4,238,65.1,-218.7,4.97,-11.92,0.779,-265.6,7,不採用,27.3
ema_cross(EMA5/20),ema_cross,5,15,東京(9-15),水,順方向のみ,ATR低,5,20,80,72.5,-28.1,5.0,-14.46,0.912,-105.0,2,24,66.7,-40.0,5.0,-15.0,0.667,-50.0,2,不採用,27.3
ema_cross(EMA5/20),ema_cross,5,5,22時台,全曜日,レンジのみ,なし,5,20,184,41.8,-151.6,4.94,-4.97,0.715,-166.6,6,74,44.6,-40.0,5.0,-5.0,0.805,-70.0,11,不採用,27.2
ema_cross(EMA5/20),ema_cross,5,5,22時台,木,上昇のみ,ATR高,5,20,46,39.1,-50.0,5.0,-5.0,0.643,-50.0,4,11,36.4,-15.0,5.0,-5.0,0.571,-20.0,3,不採用,27.2
ema_cross(EMA5/20),ema_cross,5,8,NY(21-24),火,レンジのみ,直近30分変動大,5,20,29,69.0,28.0,5.0,-8.0,1.389,-38.0,3,16,56.2,-11.0,5.0,-8.0,0.804,-24.0,3,不採用,27.2
ema_cross(EMA5/20),ema_cross,5,10,全時間,金,順方向のみ,ATR高,5,20,301,62.1,-200.4,5.0,-9.96,0.823,-240.4,5,103,59.2,-115.0,5.0,-10.0,0.726,-140.0,5,不採用,27.2
ema_cross(EMA5/20),ema_cross,5,10,ロンドン(16-21),火,なし,ATR高,5,20,208,69.7,95.0,5.0,-10.0,1.151,-105.0,6,95,61.1,-80.0,5.0,-10.0,0.784,-120.0,4,不採用,27.2
ema_cross(EMA5/20),ema_cross,5,10,NY(21-24),全曜日,順方向のみ,ATR低,5,20,57,70.2,56.7,4.94,-8.29,1.402,-30.0,2,34,61.8,-25.0,5.0,-10.0,0.808,-50.0,3,不採用,27.2
ema_cross(EMA5/20),ema_cross,5,10,9時台,木,レンジのみ,ATR高,5,20,8,75.0,10.0,5.0,-10.0,1.5,-10.0,1,5,60.0,-5.0,5.0,-10.0,0.75,-10.0,1,不採用,27.2
ema_cross(EMA5/20),ema_cross,5,10,21時台,金,なし,なし,5,20,172,64.0,-62.3,5.0,-9.88,0.898,-117.3,4,60,58.3,-75.0,5.0,-10.0,0.7,-105.0,3,不採用,27.2
ema_cross(EMA5/20),ema_cross,5,12,東京(9-15),火,なし,直近30分変動大,5,20,264,66.7,-176.0,5.0,-12.0,0.833,-246.0,5,133,63.9,-151.0,5.0,-12.0,0.738,-177.0,5,不採用,27.2
ema_cross(EMA5/20),ema_cross,5,12,ロンドン(16-21),全曜日,上昇のみ,なし,5,20,1031,66.3,-680.5,5.0,-11.82,0.834,-738.5,5,392,63.5,-446.1,5.0,-11.83,0.736,-452.0,4,不採用,27.2
ema_cross(EMA5/20),ema_cross,5,12,9時台,金,レンジのみ,なし,5,20,57,82.5,115.0,5.0,-12.0,1.958,-38.0,2,19,68.4,-7.0,5.0,-12.0,0.903,-43.0,3,不採用,27.2
ema_cross(EMA5/20),ema_cross,5,10,全時間,月,レンジのみ,なし,5,20,514,61.9,-358.4,4.99,-9.92,0.816,-424.6,6,221,59.7,-230.0,5.0,-10.0,0.742,-240.0,6,不採用,27.1
ema_cross(EMA5/20),ema_cross,5,10,ロンドン(16-21),月,下降のみ,ATR高,5,20,87,64.4,-30.0,5.0,-10.0,0.903,-85.0,5,26,57.7,-35.0,5.0,-10.0,0.682,-40.0,3,不採用,27.1
ema_cross(EMA5/20),ema_cross,5,10,16時台,火,上昇のみ,直近30分変動大,5,20,29,69.0,10.0,5.0,-10.0,1.111,-45.0,3,15,60.0,-15.0,5.0,-10.0,0.75,-50.0,3,不採用,27.1
ema_cross(EMA5/20),ema_cross,5,10,22時台,水,なし,なし,5,20,127,64.6,-20.0,5.0,-9.56,0.953,-67.1,3,70,60.0,-66.3,5.0,-9.87,0.76,-95.0,5,不採用,27.1
ema_cross(EMA5/20),ema_cross,5,12,ロンドン(16-21),金,順方向のみ,ATR高,5,20,73,61.6,-111.0,5.0,-12.0,0.67,-150.0,3,27,59.3,-52.0,5.0,-12.0,0.606,-72.0,3,不採用,27.1
ema_cross(EMA5/20),ema_cross,5,12,NY(21-24),木,なし,直近30分変動大,5,20,167,70.1,-4.0,5.0,-11.78,0.993,-139.0,4,63,63.5,-76.0,5.0,-12.0,0.725,-102.0,3,不採用,27.1
ema_cross(EMA5/20),ema_cross,5,12,16時台,木,なし,なし,5,20,129,72.1,33.0,5.0,-12.0,1.076,-119.0,4,55,63.6,-53.9,5.0,-11.45,0.765,-69.9,4,不採用,27.1
ema_cross(EMA5/20),ema_cross,5,15,全時間,月,レンジのみ,なし,5,20,448,71.9,-217.8,4.97,-14.44,0.88,-287.8,4,193,68.9,-227.9,5.0,-14.88,0.745,-262.9,4,不採用,27.1
ema_cross(EMA5/20),ema_cross,5,5,ロンドン(16-21),全曜日,下降のみ,ATR高,5,20,531,44.3,-305.0,5.0,-5.0,0.794,-335.0,11,210,43.8,-130.0,5.0,-5.0,0.78,-185.0,10,不採用,27.0
ema_cross(EMA5/20),ema_cross,5,5,ロンドン(16-21),木,上昇のみ,ATR低,5,20,30,53.3,10.0,5.0,-5.0,1.143,-20.0,3,23,43.5,-15.0,5.0,-5.0,0.769,-20.0,4,不採用,27.0
ema_cross(EMA5/20),ema_cross,5,5,NY(21-24),木,下降のみ,ATR低,5,20,9,33.3,-11.4,5.0,-4.4,0.568,-15.0,3,3,33.3,-5.0,5.0,-5.0,0.5,-5.0,2,不採用,27.0
ema_cross(EMA5/20),ema_cross,5,5,9時台,木,レンジのみ,なし,5,20,58,50.0,0.0,5.0,-5.0,1.0,-40.0,4,17,41.2,-15.0,5.0,-5.0,0.7,-20.0,3,不採用,27.0
ema_cross(EMA5/20),ema_cross,5,5,21時台,全曜日,レンジのみ,なし,5,20,196,56.1,120.0,5.0,-5.0,1.279,-45.0,9,90,45.6,-40.0,5.0,-5.0,0.837,-65.0,6,不採用,27.0
ema_cross(EMA5/20),ema_cross,5,5,21時台,金,順方向のみ,ATR高,5,20,34,32.4,-60.0,5.0,-5.0,0.478,-70.0,7,6,33.3,-10.0,5.0,-5.0,0.5,-20.0,4,不採用,27.0
ema_cross(EMA5/20),ema_cross,5,8,NY(21-24),金,上昇のみ,ATR高,5,20,78,57.7,-39.0,5.0,-8.0,0.852,-98.0,7,12,50.0,-18.0,5.0,-8.0,0.625,-17.0,2,不採用,27.0
ema_cross(EMA5/20),ema_cross,5,8,16時台,全曜日,上昇のみ,ATR高,5,20,100,64.0,32.0,5.0,-8.0,1.111,-53.0,3,48,56.2,-33.0,5.0,-8.0,0.804,-72.0,5,不採用,27.0
ema_cross(EMA5/20),ema_cross,5,8,21時台,金,レンジのみ,ATR高,5,20,23,60.9,-2.0,5.0,-8.0,0.972,-27.0,2,2,50.0,-3.0,5.0,-8.0,0.625,0.0,1,不採用,27.0
ema_cross(EMA5/20),ema_cross,5,10,10時台,金,上昇のみ,直近30分変動大,5,20,22,54.5,-40.0,5.0,-10.0,0.6,-70.0,5,13,53.8,-25.0,5.0,-10.0,0.583,-45.0,4,不採用,27.0
ema_cross(EMA5/20),ema_cross,5,12,16時台,水,上昇のみ,なし,5,20,62,66.1,-47.0,5.0,-12.0,0.813,-74.0,4,20,60.0,-36.0,5.0,-12.0,0.625,-45.0,2,不採用,27.0
ema_cross(EMA5/20),ema_cross,5,15,NY(21-24),全曜日,下降のみ,ATR低,5,20,31,64.5,-28.1,5.0,-11.65,0.781,-40.0,3,17,64.7,-28.8,4.58,-13.2,0.636,-34.2,3,不採用,27.0
ema_cross(EMA5/20),ema_cross,5,15,9時台,水,順方向のみ,直近30分変動大,5,20,9,66.7,-15.0,5.0,-15.0,0.667,-25.0,1,8,62.5,-20.0,5.0,-15.0,0.556,-20.0,2,不採用,27.0
ema_cross(EMA5/20),ema_cross,5,5,全時間,木,下降のみ,直近30分変動大,5,20,463,43.8,-285.0,5.0,-5.0,0.781,-360.0,10,195,41.0,-175.0,5.0,-5.0,0.696,-190.0,6,不採用,26.9
ema_cross(EMA5/20),ema_cross,5,5,東京(9-15),火,レンジのみ,ATR高,5,20,29,44.8,-15.0,5.0,-5.0,0.812,-20.0,2,20,40.0,-20.0,5.0,-5.0,0.667,-30.0,4,不採用,26.9
ema_cross(EMA5/20),ema_cross,5,5,NY(21-24),月,なし,直近30分変動大,5,20,121,46.3,-45.0,5.0,-5.0,0.862,-75.0,7,48,41.7,-40.0,5.0,-5.0,0.714,-60.0,5,不採用,26.9
ema_cross(EMA5/20),ema_cross,5,5,21時台,月,順方向のみ,ATR高,5,20,20,50.0,0.0,5.0,-5.0,1.0,-25.0,3,5,40.0,-5.0,5.0,-5.0,0.667,-10.0,2,不採用,26.9
ema_cross(EMA5/20),ema_cross,5,8,9時台,火,なし,なし,5,20,163,61.3,-4.0,5.0,-8.0,0.992,-81.0,5,59,55.9,-43.0,5.0,-8.0,0.793,-81.0,6,不採用,26.9
ema_cross(EMA5/20),ema_cross,5,8,21時台,金,順方向のみ,なし,5,20,62,56.5,-41.0,5.0,-8.0,0.81,-96.0,8,24,54.2,-23.0,5.0,-8.0,0.739,-67.0,6,不採用,26.9
ema_cross(EMA5/20),ema_cross,5,10,9時台,全曜日,なし,ATR低,5,20,277,69.7,125.0,5.0,-10.0,1.149,-90.0,7,88,62.5,-55.0,5.0,-10.0,0.833,-110.0,6,不採用,26.9
ema_cross(EMA5/20),ema_cross,5,12,東京(9-15),水,上昇のみ,なし,5,20,224,63.8,-253.4,5.0,-11.96,0.738,-341.4,5,103,62.1,-148.0,5.0,-12.0,0.684,-171.0,4,不採用,26.9
ema_cross(EMA5/20),ema_cross,5,12,NY(21-24),火,レンジのみ,ATR高,5,20,25,80.0,40.0,5.0,-12.0,1.667,-31.0,2,11,63.6,-8.0,5.0,-10.75,0.814,-28.0,2,不採用,26.9
ema_cross(EMA5/20),ema_cross,5,12,9時台,火,なし,直近30分変動大,5,20,75,73.3,35.0,5.0,-12.0,1.146,-58.0,3,34,64.7,-34.0,5.0,-12.0,0.764,-84.0,3,不採用,26.9
ema_cross(EMA5/20),ema_cross,5,12,16時台,木,下降のみ,なし,5,20,47,72.3,14.0,5.0,-12.0,1.09,-83.0,5,13,61.5,-20.0,5.0,-12.0,0.667,-26.0,1,不採用,26.9
ema_cross(EMA5/20),ema_cross,5,12,21時台,全曜日,上昇のみ,直近30分変動大,5,20,143,72.0,35.0,5.0,-12.0,1.073,-103.0,3,54,64.8,-53.0,5.0,-12.0,0.768,-86.0,4,不採用,26.9
ema_cross(EMA5/20),ema_cross,5,15,全時間,金,上昇のみ,直近30分変動大,5,20,385,69.1,-441.5,5.0,-14.89,0.751,-530.0,5,196,67.9,-277.4,4.97,-14.89,0.704,-322.4,3,不採用,26.9
ema_cross(EMA5/20),ema_cross,5,15,東京(9-15),火,順方向のみ,ATR低,5,20,91,70.3,-85.0,5.0,-15.0,0.79,-165.0,2,20,65.0,-40.0,5.0,-15.0,0.619,-50.0,2,不採用,26.9
ema_cross(EMA5/20),ema_cross,5,5,全時間,水,下降のみ,ATR低,5,20,243,44.0,-145.0,5.0,-5.0,0.787,-155.0,13,83,42.2,-65.0,5.0,-5.0,0.729,-85.0,7,不採用,26.8
ema_cross(EMA5/20),ema_cross,5,5,全時間,金,下降のみ,ATR低,5,20,249,44.6,-132.3,5.0,-4.98,0.808,-162.3,11,86,41.9,-70.0,5.0,-5.0,0.72,-110.0,6,不採用,26.8
ema_cross(EMA5/20),ema_cross,5,5,NY(21-24),全曜日,順方向のみ,直近30分変動大,5,20,211,41.2,-185.0,5.0,-5.0,0.702,-210.0,7,80,41.2,-70.0,5.0,-5.0,0.702,-105.0,7,不採用,26.8
ema_cross(EMA5/20),ema_cross,5,5,10時台,全曜日,レンジのみ,直近30分変動大,5,20,97,53.6,35.0,5.0,-5.0,1.156,-30.0,6,46,43.5,-30.0,5.0,-5.0,0.769,-55.0,4,不採用,26.8
ema_cross(EMA5/20),ema_cross,5,5,21時台,木,なし,ATR低,5,20,21,47.6,-5.0,5.0,-5.0,0.909,-15.0,3,17,41.2,-15.0,5.0,-5.0,0.7,-25.0,4,不採用,26.8
ema_cross(EMA5/20),ema_cross,5,5,22時台,全曜日,下降のみ,なし,5,20,244,43.4,-158.8,4.98,-4.97,0.769,-191.4,7,96,41.7,-84.6,4.88,-5.0,0.698,-105.0,6,不採用,26.8
ema_cross(EMA5/20),ema_cross,5,8,NY(21-24),全曜日,下降のみ,なし,5,20,479,56.4,-310.9,4.98,-7.92,0.812,-355.5,12,194,54.1,-187.8,4.96,-7.96,0.735,-239.2,6,不採用,26.8
ema_cross(EMA5/20),ema_cross,5,8,22時台,全曜日,下降のみ,直近30分変動大,5,20,134,56.7,-88.8,4.94,-8.0,0.809,-98.8,5,54,51.9,-68.0,5.0,-8.0,0.673,-64.0,4,不採用,26.8
ema_cross(EMA5/20),ema_cross,5,10,22時台,金,順方向のみ,なし,5,20,57,49.1,-139.5,5.0,-9.64,0.501,-159.5,3,16,50.0,-40.0,5.0,-10.0,0.5,-40.0,3,不採用,26.8
ema_cross(EMA5/20),ema_cross,5,12,ロンドン(16-21),火,なし,ATR高,5,20,202,73.3,101.2,5.0,-11.83,1.158,-67.0,3,89,65.2,-82.0,5.0,-12.0,0.78,-109.0,4,不採用,26.8
ema_cross(EMA5/20),ema_cross,5,12,ロンドン(16-21),金,下降のみ,ATR高,5,20,91,70.3,-4.0,5.0,-12.0,0.988,-82.0,3,38,63.2,-48.0,5.0,-12.0,0.714,-73.0,3,不採用,26.8
ema_cross(EMA5/20),ema_cross,5,12,ロンドン(16-21),金,レンジのみ,ATR高,5,20,59,74.6,40.0,5.0,-12.0,1.222,-36.0,3,8,62.5,-11.0,5.0,-12.0,0.694,-26.0,1,不採用,26.8
ema_cross(EMA5/20),ema_cross,5,12,10時台,全曜日,順方向のみ,なし,5,20,139,69.1,-28.1,5.0,-11.82,0.945,-134.1,3,46,63.0,-59.0,5.0,-12.0,0.711,-104.0,3,不採用,26.8
ema_cross(EMA5/20),ema_cross,5,15,ロンドン(16-21),月,レンジのみ,直近30分変動大,5,20,71,73.2,-25.0,5.0,-15.0,0.912,-85.0,2,44,68.2,-60.0,5.0,-15.0,0.714,-130.0,3,不採用,26.8
ema_cross(EMA5/20),ema_cross,5,15,NY(21-24),全曜日,順方向のみ,ATR高,5,20,259,67.6,-304.6,5.0,-14.04,0.742,-354.6,4,54,64.8,-100.8,5.0,-14.52,0.635,-145.0,2,不採用,26.8
ema_cross(EMA5/20),ema_cross,5,5,ロンドン(16-21),木,順方向のみ,ATR高,5,20,89,42.7,-65.0,5.0,-5.0,0.745,-100.0,9,25,40.0,-25.0,5.0,-5.0,0.667,-45.0,5,不採用,26.7
ema_cross(EMA5/20),ema_cross,5,8,10時台,全曜日,上昇のみ,ATR高,5,20,85,57.6,-43.0,5.0,-8.0,0.851,-93.0,4,37,51.4,-49.0,5.0,-8.0,0.66,-58.0,3,不採用,26.7
ema_cross(EMA5/20),ema_cross,5,8,10時台,金,下降のみ,ATR高,5,20,18,72.2,25.0,5.0,-8.0,1.625,-11.0,2,14,57.1,-8.0,5.0,-8.0,0.833,-19.0,3,不採用,26.7
ema_cross(EMA5/20),ema_cross,5,8,21時台,木,なし,直近30分変動大,5,20,95,65.3,46.0,5.0,-8.0,1.174,-58.0,5,40,57.5,-21.0,5.0,-8.0,0.846,-63.0,6,不採用,26.7
ema_cross(EMA5/20),ema_cross,5,10,東京(9-15),月,レンジのみ,ATR高,5,20,49,77.6,80.0,5.0,-10.0,1.727,-15.0,1,19,63.2,-10.0,5.0,-10.0,0.857,-40.0,3,不採用,26.7
ema_cross(EMA5/20),ema_cross,5,12,21時台,金,なし,なし,5,20,168,69.6,-17.3,5.0,-11.81,0.971,-102.3,4,59,62.7,-72.6,5.0,-11.71,0.718,-117.6,3,不採用,26.7
ema_cross(EMA5/20),ema_cross,5,15,全時間,木,下降のみ,なし,5,20,715,72.7,-307.9,5.0,-14.91,0.894,-456.5,6,305,69.5,-335.0,5.0,-15.0,0.76,-425.0,4,不採用,26.7
ema_cross(EMA5/20),ema_cross,5,5,全時間,金,上昇のみ,直近30分変動大,5,20,407,38.8,-455.0,5.0,-5.0,0.635,-455.0,8,205,41.0,-185.0,5.0,-5.0,0.694,-190.0,9,不採用,26.6
ema_cross(EMA5/20),ema_cross,5,8,NY(21-24),全曜日,下降のみ,直近30分変動大,5,20,288,57.3,-163.8,4.97,-8.0,0.834,-176.8,8,114,53.5,-119.0,5.0,-8.0,0.719,-164.0,5,不採用,26.6
ema_cross(EMA5/20),ema_cross,5,8,NY(21-24),金,下降のみ,ATR高,5,20,58,51.7,-78.8,4.84,-8.0,0.648,-103.8,6,25,48.0,-44.0,5.0,-8.0,0.577,-51.0,3,不採用,26.6
ema_cross(EMA5/20),ema_cross,5,8,22時台,水,なし,直近30分変動大,5,20,67,52.2,-81.0,5.0,-8.0,0.684,-83.0,4,40,50.0,-60.0,5.0,-8.0,0.625,-73.0,4,不採用,26.6
ema_cross(EMA5/20),ema_cross,5,10,NY(21-24),金,上昇のみ,なし,5,20,143,62.9,-56.7,5.0,-9.56,0.888,-131.7,5,48,58.3,-64.6,4.84,-10.0,0.677,-74.6,3,不採用,26.6
ema_cross(EMA5/20),ema_cross,5,10,9時台,木,レンジのみ,直近30分変動大,5,20,24,66.7,0.0,5.0,-10.0,1.0,-20.0,2,12,58.3,-15.0,5.0,-10.0,0.7,-30.0,3,不採用,26.6
ema_cross(EMA5/20),ema_cross,5,10,22時台,金,順方向のみ,ATR低,5,20,5,20.0,-29.1,5.0,-8.53,0.147,-19.1,3,3,33.3,-15.0,5.0,-10.0,0.25,-20.0,2,不採用,26.6
ema_cross(EMA5/20),ema_cross,5,12,NY(21-24),全曜日,なし,ATR低,5,20,139,64.7,-9.4,5.0,-9.38,0.98,-88.5,4,96,63.5,-104.3,4.85,-11.43,0.739,-129.2,4,不採用,26.6
ema_cross(EMA5/20),ema_cross,5,15,9時台,水,なし,直近30分変動大,5,20,57,61.4,-155.0,5.0,-15.0,0.53,-160.0,6,40,65.0,-80.0,5.0,-15.0,0.619,-140.0,6,不採用,26.6
ema_cross(EMA5/20),ema_cross,5,5,全時間,金,レンジのみ,ATR高,5,20,282,44.7,-150.0,5.0,-5.0,0.808,-165.0,10,69,40.6,-65.0,5.0,-5.0,0.683,-75.0,5,不採用,26.5
ema_cross(EMA5/20),ema_cross,5,5,9時台,全曜日,順方向のみ,ATR低,5,20,84,48.8,-10.0,5.0,-5.0,0.953,-45.0,6,30,43.3,-20.0,5.0,-5.0,0.765,-30.0,6,不採用,26.5
ema_cross(EMA5/20),ema_cross,5,5,9時台,木,順方向のみ,なし,5,20,46,43.5,-30.0,5.0,-5.0,0.769,-60.0,8,21,38.1,-25.0,5.0,-5.0,0.615,-35.0,3,不採用,26.5
ema_cross(EMA5/20),ema_cross,5,8,NY(21-24),木,順方向のみ,なし,5,20,108,64.8,53.4,5.0,-7.81,1.18,-63.0,4,23,56.5,-15.0,5.0,-8.0,0.812,-40.0,5,不採用,26.5
ema_cross(EMA5/20),ema_cross,5,10,東京(9-15),木,レンジのみ,ATR高,5,20,44,68.2,10.0,5.0,-10.0,1.071,-45.0,3,19,57.9,-25.0,5.0,-10.0,0.688,-35.0,2,不採用,26.5
ema_cross(EMA5/20),ema_cross,5,10,21時台,全曜日,レンジのみ,ATR高,5,20,70,62.9,-40.0,5.0,-10.0,0.846,-70.0,6,17,58.8,-20.0,5.0,-10.0,0.714,-50.0,5,不採用,26.5
ema_cross(EMA5/20),ema_cross,5,10,22時台,水,なし,直近30分変動大,5,20,67,64.2,-25.0,5.0,-10.0,0.896,-55.0,3,40,57.5,-55.0,5.0,-10.0,0.676,-65.0,3,不採用,26.5
ema_cross(EMA5/20),ema_cross,5,12,全時間,月,順方向のみ,ATR高,5,20,167,62.9,-219.0,5.0,-12.0,0.706,-242.0,3,58,60.3,-101.0,5.0,-12.0,0.634,-134.0,3,不採用,26.5
ema_cross(EMA5/20),ema_cross,5,12,22時台,金,レンジのみ,直近30分変動大,5,20,24,62.5,-33.0,5.0,-12.0,0.694,-53.0,3,11,54.5,-20.8,5.0,-10.16,0.591,-36.0,3,不採用,26.5
ema_cross(EMA5/20),ema_cross,5,15,NY(21-24),全曜日,下降のみ,直近30分変動大,5,20,280,69.3,-268.7,4.98,-14.35,0.782,-301.6,5,106,67.9,-150.0,5.0,-15.0,0.706,-200.0,4,不採用,26.5
ema_cross(EMA5/20),ema_cross,5,5,全時間,木,レンジのみ,ATR高,5,20,245,46.5,-85.0,5.0,-5.0,0.87,-130.0,12,76,42.1,-60.0,5.0,-5.0,0.727,-75.0,6,不採用,26.4
ema_cross(EMA5/20),ema_cross,5,5,全時間,金,レンジのみ,ATR低,5,20,229,46.3,-85.0,5.0,-5.0,0.862,-135.0,9,117,41.9,-95.0,5.0,-5.0,0.721,-120.0,6,不採用,26.4
ema_cross(EMA5/20),ema_cross,5,8,10時台,全曜日,なし,ATR高,5,20,249,59.8,-55.0,5.0,-8.0,0.931,-147.0,5,108,55.6,-84.0,5.0,-8.0,0.781,-112.0,7,不採用,26.4
ema_cross(EMA5/20),ema_cross,5,10,東京(9-15),月,順方向のみ,ATR高,5,20,47,57.4,-65.0,5.0,-10.0,0.675,-75.0,4,24,54.2,-45.0,5.0,-10.0,0.591,-60.0,3,不採用,26.4
ema_cross(EMA5/20),ema_cross,5,10,東京(9-15),木,下降のみ,なし,5,20,240,67.5,30.0,5.0,-10.0,1.038,-90.0,4,125,60.0,-125.0,5.0,-10.0,0.75,-165.0,4,不採用,26.4
ema_cross(EMA5/20),ema_cross,5,10,10時台,全曜日,上昇のみ,ATR低,5,20,28,67.9,5.0,5.0,-10.0,1.056,-55.0,4,10,60.0,-10.0,5.0,-10.0,0.75,-40.0,4,不採用,26.4
ema_cross(EMA5/20),ema_cross,5,10,16時台,木,なし,直近30分変動大,5,20,71,66.2,-5.0,5.0,-10.0,0.979,-90.0,4,31,58.1,-40.0,5.0,-10.0,0.692,-45.0,3,不採用,26.4
ema_cross(EMA5/20),ema_cross,5,12,21時台,月,なし,なし,5,20,125,72.8,77.9,5.0,-11.09,1.207,-67.9,2,52,65.4,-46.0,5.0,-12.0,0.787,-79.0,4,不採用,26.4
ema_cross(EMA5/20),ema_cross,5,12,21時台,月,なし,直近30分変動大,5,20,60,78.3,79.0,5.0,-12.0,1.506,-38.0,3,20,65.0,-19.0,5.0,-12.0,0.774,-31.0,2,不採用,26.4
ema_cross(EMA5/20),ema_cross,5,5,全時間,金,なし,直近30分変動大,5,20,1164,42.4,-890.0,5.0,-5.0,0.735,-890.0,10,516,41.9,-420.0,5.0,-5.0,0.72,-435.0,10,不採用,26.3
ema_cross(EMA5/20),ema_cross,5,5,ロンドン(16-21),金,下降のみ,ATR高,5,20,107,44.9,-55.0,5.0,-5.0,0.814,-80.0,5,42,45.2,-20.0,5.0,-5.0,0.826,-55.0,10,不採用,26.3
ema_cross(EMA5/20),ema_cross,5,5,10時台,全曜日,レンジのみ,なし,5,20,211,55.0,105.0,5.0,-5.0,1.221,-45.0,4,88,46.6,-30.0,5.0,-5.0,0.872,-65.0,8,不採用,26.3
ema_cross(EMA5/20),ema_cross,5,5,16時台,水,上昇のみ,直近30分変動大,5,20,33,45.5,-15.0,5.0,-5.0,0.833,-45.0,8,8,37.5,-10.0,5.0,-5.0,0.6,-10.0,2,不採用,26.3
ema_cross(EMA5/20),ema_cross,5,5,21時台,水,なし,なし,5,20,148,42.6,-110.0,5.0,-5.0,0.741,-140.0,6,64,40.6,-60.0,5.0,-5.0,0.684,-85.0,6,不採用,26.3
ema_cross(EMA5/20),ema_cross,5,8,東京(9-15),木,下降のみ,直近30分変動大,5,20,130,60.0,-26.0,5.0,-8.0,0.938,-79.0,6,65,52.3,-78.0,5.0,-8.0,0.685,-90.0,3,不採用,26.3
ema_cross(EMA5/20),ema_cross,5,8,22時台,全曜日,なし,ATR高,5,20,447,52.6,-523.2,4.98,-7.99,0.691,-551.8,8,128,51.6,-166.0,5.0,-8.0,0.665,-176.0,5,不採用,26.3
ema_cross(EMA5/20),ema_cross,5,8,22時台,全曜日,レンジのみ,直近30分変動大,5,20,90,54.4,-83.0,5.0,-8.0,0.747,-107.0,3,40,50.0,-54.8,5.0,-7.74,0.646,-77.0,4,不採用,26.3
ema_cross(EMA5/20),ema_cross,5,10,東京(9-15),月,上昇のみ,なし,5,20,240,62.5,-150.0,5.0,-10.0,0.833,-185.0,5,95,58.9,-110.0,5.0,-10.0,0.718,-140.0,5,不採用,26.3
ema_cross(EMA5/20),ema_cross,5,10,16時台,水,上昇のみ,ATR低,5,20,9,66.7,0.0,5.0,-10.0,1.0,-20.0,2,9,55.6,-15.0,5.0,-10.0,0.625,-15.0,1,不採用,26.3
ema_cross(EMA5/20),ema_cross,5,12,21時台,全曜日,上昇のみ,ATR低,5,20,52,78.8,110.0,5.0,-8.64,2.158,-26.0,3,42,66.7,-21.6,5.0,-11.54,0.866,-89.6,2,不採用,26.3
ema_cross(EMA5/20),ema_cross,5,15,東京(9-15),水,上昇のみ,なし,5,20,213,67.1,-328.4,5.0,-14.91,0.685,-428.4,5,99,66.7,-165.0,5.0,-15.0,0.667,-190.0,4,不採用,26.3
ema_cross(EMA5/20),ema_cross,5,15,東京(9-15),水,上昇のみ,直近30分変動大,5,20,93,72.0,-55.0,5.0,-15.0,0.859,-85.0,3,55,67.3,-85.0,5.0,-15.0,0.685,-125.0,3,不採用,26.3
ema_cross(EMA5/20),ema_cross,5,15,NY(21-24),月,なし,直近30分変動大,5,20,118,78.0,83.9,4.95,-14.3,1.226,-61.4,2,45,68.9,-55.0,5.0,-15.0,0.738,-90.0,2,不採用,26.3
ema_cross(EMA5/20),ema_cross,5,15,10時台,月,上昇のみ,なし,5,20,51,66.7,-85.0,5.0,-15.0,0.667,-135.0,5,16,62.5,-40.0,5.0,-15.0,0.556,-45.0,2,不採用,26.3
ema_cross(EMA5/20),ema_cross,5,8,全時間,全曜日,下降のみ,直近30分変動大,5,20,2024,56.9,-1236.6,4.99,-8.0,0.823,-1260.6,10,932,56.5,-597.1,5.0,-7.98,0.815,-605.1,6,不採用,26.2
ema_cross(EMA5/20),ema_cross,5,8,東京(9-15),火,なし,なし,5,20,641,58.2,-279.0,5.0,-8.0,0.87,-379.0,6,265,54.7,-235.0,5.0,-8.0,0.755,-285.0,7,不採用,26.2
ema_cross(EMA5/20),ema_cross,5,8,NY(21-24),火,下降のみ,ATR高,5,20,68,50.0,-102.0,5.0,-8.0,0.625,-155.0,5,11,45.5,-23.0,5.0,-8.0,0.521,-19.0,2,不採用,26.2
ema_cross(EMA5/20),ema_cross,5,8,9時台,木,順方向のみ,ATR高,5,20,8,87.5,27.0,5.0,-8.0,4.375,-8.0,1,5,60.0,-1.0,5.0,-8.0,0.938,-11.0,1,不採用,26.2
ema_cross(EMA5/20),ema_cross,5,10,東京(9-15),月,下降のみ,直近30分変動大,5,20,91,63.7,-40.0,5.0,-10.0,0.879,-100.0,4,40,57.5,-55.0,5.0,-10.0,0.676,-95.0,3,不採用,26.2
ema_cross(EMA5/20),ema_cross,5,12,NY(21-24),金,上昇のみ,なし,5,20,137,67.9,-33.7,5.0,-11.33,0.932,-104.0,5,45,62.2,-62.2,4.84,-11.62,0.685,-76.2,3,不採用,26.2
ema_cross(EMA5/20),ema_cross,5,12,9時台,全曜日,上昇のみ,なし,5,20,251,70.9,14.0,5.0,-12.0,1.016,-134.0,4,113,63.7,-132.0,5.0,-12.0,0.732,-183.0,3,不採用,26.2
ema_cross(EMA5/20),ema_cross,5,5,NY(21-24),金,下降のみ,なし,5,20,119,44.5,-62.3,5.0,-4.96,0.81,-92.3,8,47,42.6,-35.0,5.0,-5.0,0.741,-75.0,7,不採用,26.1
ema_cross(EMA5/20),ema_cross,5,8,全時間,金,順方向のみ,ATR高,5,20,305,58.0,-139.0,5.0,-8.0,0.864,-206.0,5,104,54.8,-91.0,5.0,-8.0,0.758,-119.0,7,不採用,26.1
ema_cross(EMA5/20),ema_cross,5,8,10時台,木,下降のみ,直近30分変動大,5,20,21,47.6,-38.0,5.0,-8.0,0.568,-50.0,5,11,45.5,-23.0,5.0,-8.0,0.521,-33.0,3,不採用,26.1
ema_cross(EMA5/20),ema_cross,5,8,16時台,金,なし,直近30分変動大,5,20,78,61.5,6.5,5.0,-7.78,1.028,-54.5,3,31,54.8,-27.0,5.0,-8.0,0.759,-44.0,5,不採用,26.1
ema_cross(EMA5/20),ema_cross,5,8,21時台,全曜日,順方向のみ,ATR低,5,20,40,70.0,51.2,5.0,-7.4,1.577,-24.0,3,23,56.5,-15.0,5.0,-8.0,0.812,-33.0,3,不採用,26.1
ema_cross(EMA5/20),ema_cross,5,10,東京(9-15),火,なし,なし,5,20,586,64.5,-190.0,5.0,-10.0,0.909,-285.0,6,242,60.3,-230.0,5.0,-10.0,0.76,-290.0,6,不採用,26.1
ema_cross(EMA5/20),ema_cross,5,10,NY(21-24),金,レンジのみ,なし,5,20,76,60.5,-65.8,5.0,-9.86,0.778,-95.8,3,30,53.3,-52.8,5.0,-9.49,0.602,-65.0,2,不採用,26.1
ema_cross(EMA5/20),ema_cross,5,12,東京(9-15),水,上昇のみ,直近30分変動大,5,20,93,68.8,-28.0,5.0,-12.0,0.92,-69.0,3,56,62.5,-77.0,5.0,-12.0,0.694,-118.0,3,不採用,26.1
ema_cross(EMA5/20),ema_cross,5,12,NY(21-24),金,下降のみ,ATR高,5,20,53,66.0,-45.8,4.86,-12.0,0.788,-70.8,5,22,59.1,-43.0,5.0,-12.0,0.602,-51.0,2,不採用,26.1
ema_cross(EMA5/20),ema_cross,5,5,東京(9-15),木,なし,直近30分変動大,5,20,316,43.4,-210.0,5.0,-5.0,0.765,-245.0,10,150,41.3,-130.0,5.0,-5.0,0.705,-160.0,7,不採用,26.0
ema_cross(EMA5/20),ema_cross,5,5,10時台,全曜日,順方向のみ,ATR高,5,20,60,51.7,10.0,5.0,-5.0,1.069,-25.0,5,25,40.0,-25.0,5.0,-5.0,0.667,-35.0,2,不採用,26.0
ema_cross(EMA5/20),ema_cross,5,8,ロンドン(16-21),月,上昇のみ,直近30分変動大,5,20,92,56.5,-60.0,5.0,-8.0,0.812,-101.0,4,35,51.4,-46.0,5.0,-8.0,0.662,-60.0,4,不採用,26.0
ema_cross(EMA5/20),ema_cross,5,8,NY(21-24),月,順方向のみ,なし,5,20,79,67.1,60.8,4.95,-7.76,1.301,-39.8,3,31,54.8,-27.0,5.0,-8.0,0.759,-42.0,3,不採用,26.0
ema_cross(EMA5/20),ema_cross,5,8,10時台,全曜日,順方向のみ,直近30分変動大,5,20,45,64.4,17.0,5.0,-8.0,1.133,-60.0,6,21,52.4,-25.0,5.0,-8.0,0.688,-34.0,2,不採用,26.0
ema_cross(EMA5/20),ema_cross,5,10,9時台,月,なし,ATR高,5,20,47,70.2,25.0,5.0,-10.0,1.179,-50.0,5,28,60.7,-25.0,5.0,-10.0,0.773,-55.0,4,不採用,26.0
ema_cross(EMA5/20),ema_cross,5,10,9時台,水,レンジのみ,直近30分変動大,5,20,22,36.4,-100.0,5.0,-10.0,0.286,-95.0,3,15,46.7,-45.0,5.0,-10.0,0.438,-45.0,5,不採用,26.0
ema_cross(EMA5/20),ema_cross,5,12,16時台,月,上昇のみ,直近30分変動大,5,20,16,62.5,-22.0,5.0,-12.0,0.694,-32.0,2,14,57.1,-32.0,5.0,-12.0,0.556,-35.0,2,不採用,26.0
ema_cross(EMA5/20),ema_cross,5,12,22時台,月,順方向のみ,ATR高,5,20,13,53.8,-37.0,5.0,-12.0,0.486,-38.0,2,2,50.0,-7.0,5.0,-12.0,0.417,0.0,1,不採用,26.0
ema_cross(EMA5/20),ema_cross,5,5,21時台,全曜日,上昇のみ,直近30分変動大,5,20,146,43.8,-90.0,5.0,-5.0,0.78,-130.0,8,55,41.8,-45.0,5.0,-5.0,0.719,-70.0,7,不採用,25.9
ema_cross(EMA5/20),ema_cross,5,8,ロンドン(16-21),水,上昇のみ,なし,5,20,282,58.9,-91.7,5.0,-7.95,0.901,-115.7,4,83,54.2,-79.0,5.0,-8.0,0.74,-88.0,6,不採用,25.9
ema_cross(EMA5/20),ema_cross,5,8,NY(21-24),金,なし,なし,5,20,336,56.8,-197.0,4.97,-7.91,0.828,-230.0,7,131,52.7,-142.0,5.0,-7.85,0.708,-186.2,5,不採用,25.9
ema_cross(EMA5/20),ema_cross,5,8,NY(21-24),金,レンジのみ,ATR低,5,20,5,80.0,12.0,5.0,-8.0,2.5,-8.0,1,7,57.1,-4.0,5.0,-8.0,0.833,-14.0,1,不採用,25.9
ema_cross(EMA5/20),ema_cross,5,10,ロンドン(16-21),全曜日,なし,なし,5,20,2636,63.8,-1118.4,5.0,-9.97,0.883,-1188.4,7,1061,62.9,-595.0,5.0,-9.97,0.849,-635.0,6,不採用,25.9
ema_cross(EMA5/20),ema_cross,5,10,22時台,全曜日,レンジのみ,なし,5,20,155,60.0,-135.2,4.9,-9.52,0.771,-226.5,5,67,56.7,-86.8,5.0,-9.54,0.686,-115.0,5,不採用,25.9
ema_cross(EMA5/20),ema_cross,5,12,10時台,水,なし,なし,5,20,125,67.2,-68.4,5.0,-11.91,0.86,-121.4,3,45,62.2,-64.0,5.0,-12.0,0.686,-77.0,4,不採用,25.9
ema_cross(EMA5/20),ema_cross,5,12,16時台,全曜日,下降のみ,なし,5,20,205,74.1,124.0,5.0,-12.0,1.195,-67.0,3,85,64.7,-85.0,5.0,-12.0,0.764,-83.0,4,不採用,25.9
ema_cross(EMA5/20),ema_cross,5,12,22時台,月,なし,なし,5,20,111,65.8,-33.3,4.86,-10.22,0.914,-98.4,4,47,61.7,-75.6,4.84,-12.0,0.65,-84.0,2,不採用,25.9
ema_cross(EMA5/20),ema_cross,5,15,ロンドン(16-21),金,順方向のみ,直近30分変動大,5,20,50,72.0,-30.0,5.0,-15.0,0.857,-70.0,2,20,65.0,-40.0,5.0,-15.0,0.619,-40.0,2,不採用,25.9
ema_cross(EMA5/20),ema_cross,5,15,NY(21-24),全曜日,下降のみ,ATR高,5,20,280,67.9,-359.4,4.97,-14.5,0.725,-417.1,6,72,66.7,-120.0,5.0,-15.0,0.667,-160.0,4,不採用,25.9
ema_cross(EMA5/20),ema_cross,5,5,全時間,水,なし,なし,5,20,2847,44.8,-1468.8,5.0,-5.0,0.813,-1513.8,14,1206,45.4,-550.0,5.0,-5.0,0.833,-600.0,8,不採用,25.8
ema_cross(EMA5/20),ema_cross,5,8,10時台,月,レンジのみ,直近30分変動大,5,20,15,73.3,23.0,5.0,-8.0,1.719,-16.0,2,7,57.1,-4.0,5.0,-8.0,0.833,-24.0,3,不採用,25.8
ema_cross(EMA5/20),ema_cross,5,10,東京(9-15),火,下降のみ,直近30分変動大,5,20,78,61.5,-60.0,5.0,-10.0,0.8,-110.0,4,38,57.9,-50.0,5.0,-10.0,0.688,-75.0,5,不採用,25.8
ema_cross(EMA5/20),ema_cross,5,10,16時台,火,なし,ATR低,5,20,24,83.3,60.0,5.0,-10.0,2.5,-10.0,1,11,63.6,-5.0,5.0,-10.0,0.875,-25.0,2,不採用,25.8
ema_cross(EMA5/20),ema_cross,5,12,16時台,火,レンジのみ,ATR高,5,20,10,60.0,-18.0,5.0,-12.0,0.625,-24.0,3,9,55.6,-23.0,5.0,-12.0,0.521,-33.0,2,不採用,25.8
ema_cross(EMA5/20),ema_cross,5,12,21時台,全曜日,下降のみ,ATR低,5,20,26,61.5,-22.7,5.0,-10.27,0.779,-35.0,2,12,58.3,-25.0,5.0,-12.0,0.583,-28.0,2,不採用,25.8
ema_cross(EMA5/20),ema_cross,5,15,ロンドン(16-21),金,順方向のみ,なし,5,20,186,71.0,-104.4,4.98,-14.11,0.863,-147.2,5,73,67.1,-90.3,5.0,-13.97,0.731,-145.3,5,不採用,25.8
ema_cross(EMA5/20),ema_cross,5,15,9時台,月,上昇のみ,直近30分変動大,5,20,27,85.2,55.0,5.0,-15.0,1.917,-25.0,1,18,72.2,-10.0,5.0,-15.0,0.867,-50.0,3,不採用,25.8
ema_cross(EMA5/20),ema_cross,5,5,東京(9-15),金,順方向のみ,直近30分変動大,5,20,52,48.1,-10.0,5.0,-5.0,0.926,-35.0,7,24,41.7,-20.0,5.0,-5.0,0.714,-35.0,5,不採用,25.7
ema_cross(EMA5/20),ema_cross,5,5,ロンドン(16-21),金,なし,ATR高,5,20,267,46.4,-95.0,5.0,-5.0,0.867,-140.0,7,78,47.4,-20.0,5.0,-5.0,0.902,-75.0,13,不採用,25.7
ema_cross(EMA5/20),ema_cross,5,8,ロンドン(16-21),金,順方向のみ,ATR低,5,20,35,48.6,-46.9,5.0,-7.33,0.644,-67.0,4,17,47.1,-32.0,5.0,-8.0,0.556,-42.0,3,不採用,25.7
ema_cross(EMA5/20),ema_cross,5,8,NY(21-24),全曜日,順方向のみ,なし,5,20,491,57.6,-222.7,4.99,-7.86,0.864,-311.9,6,184,53.3,-198.0,5.0,-8.0,0.712,-215.0,5,不採用,25.7
ema_cross(EMA5/20),ema_cross,5,10,16時台,全曜日,下降のみ,直近30分変動大,5,20,117,70.1,60.0,5.0,-10.0,1.171,-55.0,3,54,61.1,-45.0,5.0,-10.0,0.786,-60.0,5,不採用,25.7
ema_cross(EMA5/20),ema_cross,5,12,NY(21-24),全曜日,なし,直近30分変動大,5,20,758,66.9,-430.9,4.99,-11.8,0.854,-450.9,5,311,64.0,-339.4,4.98,-11.87,0.745,-413.6,5,不採用,25.7
ema_cross(EMA5/20),ema_cross,5,12,NY(21-24),水,下降のみ,直近30分変動大,5,20,57,68.4,-3.9,5.0,-11.05,0.98,-47.0,3,31,61.3,-49.0,5.0,-12.0,0.66,-67.0,2,不採用,25.7
ema_cross(EMA5/20),ema_cross,5,15,東京(9-15),水,下降のみ,なし,5,20,157,79.0,125.0,5.0,-15.0,1.253,-110.0,3,64,68.8,-80.0,5.0,-15.0,0.733,-105.0,2,不採用,25.7
ema_cross(EMA5/20),ema_cross,5,15,9時台,木,下降のみ,直近30分変動大,5,20,32,81.2,40.0,5.0,-15.0,1.444,-30.0,2,13,69.2,-15.0,5.0,-15.0,0.75,-30.0,2,不採用,25.7
ema_cross(EMA5/20),ema_cross,5,5,全時間,火,なし,なし,5,20,2907,44.4,-1635.0,5.0,-5.0,0.798,-1710.0,13,1155,45.2,-555.0,5.0,-5.0,0.825,-605.0,8,不採用,25.6
ema_cross(EMA5/20),ema_cross,5,5,22時台,金,下降のみ,直近30分変動大,5,20,31,48.4,-5.0,5.0,-5.0,0.938,-30.0,5,14,42.9,-10.0,5.0,-5.0,0.75,-25.0,6,不採用,25.6
ema_cross(EMA5/20),ema_cross,5,8,東京(9-15),月,順方向のみ,なし,5,20,199,61.8,7.0,5.0,-8.0,1.012,-71.0,5,79,54.4,-73.0,5.0,-8.0,0.747,-107.0,5,不採用,25.6
ema_cross(EMA5/20),ema_cross,5,8,NY(21-24),金,順方向のみ,なし,5,20,120,51.7,-150.1,5.0,-7.93,0.674,-206.1,5,41,51.2,-55.0,5.0,-8.0,0.656,-84.0,6,不採用,25.6
ema_cross(EMA5/20),ema_cross,5,8,10時台,火,レンジのみ,ATR高,5,20,5,40.0,-14.0,5.0,-8.0,0.417,-16.0,2,12,41.7,-31.0,5.0,-8.0,0.446,-33.0,4,不採用,25.6
ema_cross(EMA5/20),ema_cross,5,8,22時台,金,なし,ATR高,5,20,103,55.3,-87.8,4.92,-8.0,0.761,-114.8,5,35,51.4,-46.0,5.0,-8.0,0.662,-59.0,5,不採用,25.6
ema_cross(EMA5/20),ema_cross,5,10,ロンドン(16-21),木,順方向のみ,直近30分変動大,5,20,59,61.0,-50.0,5.0,-10.0,0.783,-85.0,5,29,55.2,-50.0,5.0,-10.0,0.615,-45.0,3,不採用,25.6
ema_cross(EMA5/20),ema_cross,5,10,NY(21-24),全曜日,なし,直近30分変動大,5,20,765,62.2,-489.0,4.99,-9.91,0.829,-504.0,6,314,59.2,-347.4,4.98,-9.94,0.727,-394.6,5,不採用,25.6
ema_cross(EMA5/20),ema_cross,5,12,全時間,火,なし,なし,5,20,1982,68.9,-537.7,5.0,-11.93,0.927,-760.5,7,849,66.9,-524.1,5.0,-11.97,0.844,-626.0,7,不採用,25.6
ema_cross(EMA5/20),ema_cross,5,12,ロンドン(16-21),月,なし,なし,5,20,479,65.3,-418.8,5.0,-11.95,0.789,-488.8,5,203,62.6,-277.0,5.0,-12.0,0.696,-265.0,4,不採用,25.6
ema_cross(EMA5/20),ema_cross,5,12,NY(21-24),全曜日,順方向のみ,直近30分変動大,5,20,211,65.9,-150.4,5.0,-11.74,0.822,-182.4,4,77,63.6,-91.0,5.0,-12.0,0.729,-124.0,6,不採用,25.6
ema_cross(EMA5/20),ema_cross,5,12,9時台,月,下降のみ,ATR高,5,20,12,83.3,26.0,5.0,-12.0,2.083,-24.0,2,9,66.7,-6.0,5.0,-12.0,0.833,-24.0,2,不採用,25.6
ema_cross(EMA5/20),ema_cross,5,15,9時台,全曜日,下降のみ,ATR低,5,20,64,78.1,49.7,5.0,-14.31,1.248,-90.0,4,13,69.2,-15.0,5.0,-15.0,0.75,-45.0,3,不採用,25.6
ema_cross(EMA5/20),ema_cross,5,5,全時間,火,上昇のみ,ATR低,5,20,536,42.5,-400.0,5.0,-5.0,0.74,-460.0,16,195,40.5,-185.0,5.0,-5.0,0.681,-180.0,7,不採用,25.5
ema_cross(EMA5/20),ema_cross,5,5,全時間,金,なし,ATR低,5,20,800,45.5,-357.3,5.0,-4.99,0.836,-402.3,9,365,41.6,-305.0,5.0,-5.0,0.714,-325.0,8,不採用,25.5
ema_cross(EMA5/20),ema_cross,5,5,21時台,木,上昇のみ,ATR高,5,20,34,44.1,-20.0,5.0,-5.0,0.789,-50.0,7,8,37.5,-10.0,5.0,-5.0,0.6,-15.0,3,不採用,25.5
ema_cross(EMA5/20),ema_cross,5,8,全時間,火,なし,ATR高,5,20,713,58.1,-318.0,5.0,-7.99,0.867,-436.0,9,285,55.4,-226.0,5.0,-8.0,0.778,-293.0,9,不採用,25.5
ema_cross(EMA5/20),ema_cross,5,8,21時台,水,下降のみ,ATR高,5,20,29,48.3,-50.0,5.0,-8.0,0.583,-65.0,3,11,45.5,-23.0,5.0,-8.0,0.521,-38.0,3,不採用,25.5
ema_cross(EMA5/20),ema_cross,5,10,東京(9-15),火,順方向のみ,なし,5,20,208,61.5,-160.0,5.0,-10.0,0.8,-200.0,4,63,57.1,-90.0,5.0,-10.0,0.667,-115.0,4,不採用,25.5
ema_cross(EMA5/20),ema_cross,5,10,16時台,月,順方向のみ,直近30分変動大,5,20,8,87.5,25.0,5.0,-10.0,3.5,0.0,1,11,63.6,-5.0,5.0,-10.0,0.875,-15.0,1,不採用,25.5
ema_cross(EMA5/20),ema_cross,5,12,全時間,全曜日,レンジのみ,直近30分変動大,5,20,1443,67.2,-838.3,5.0,-11.99,0.852,-876.3,7,714,66.0,-528.1,5.0,-11.86,0.817,-639.3,7,不採用,25.5
ema_cross(EMA5/20),ema_cross,5,12,22時台,金,レンジのみ,ATR高,5,20,28,67.9,-6.8,5.0,-11.31,0.933,-35.8,2,10,60.0,-18.0,5.0,-12.0,0.625,-26.0,2,不採用,25.5
ema_cross(EMA5/20),ema_cross,5,15,NY(21-24),月,レンジのみ,直近30分変動大,5,20,32,84.4,55.7,4.84,-15.0,1.743,-49.3,2,13,69.2,-15.0,5.0,-15.0,0.75,-30.0,1,不採用,25.5
ema_cross(EMA5/20),ema_cross,5,15,NY(21-24),金,上昇のみ,なし,5,20,129,70.5,-64.5,5.0,-13.67,0.876,-112.0,3,39,66.7,-50.3,4.82,-13.52,0.714,-77.4,5,不採用,25.5
ema_cross(EMA5/20),ema_cross,5,15,10時台,全曜日,なし,ATR低,5,20,61,67.2,-77.5,5.0,-14.12,0.726,-107.5,2,19,63.2,-45.0,5.0,-15.0,0.571,-55.0,2,不採用,25.5
ema_cross(EMA5/20),ema_cross,5,5,ロンドン(16-21),全曜日,順方向のみ,ATR高,5,20,374,46.0,-150.0,5.0,-5.0,0.851,-215.0,10,133,42.9,-95.0,5.0,-5.0,0.75,-140.0,8,不採用,25.4
ema_cross(EMA5/20),ema_cross,5,5,10時台,全曜日,なし,ATR高,5,20,258,50.8,20.0,5.0,-5.0,1.031,-85.0,10,113,45.1,-55.0,5.0,-5.0,0.823,-80.0,9,不採用,25.4
ema_cross(EMA5/20),ema_cross,5,8,東京(9-15),木,なし,ATR低,5,20,207,57.5,-109.0,5.0,-8.0,0.845,-154.0,5,59,52.5,-69.0,5.0,-8.0,0.692,-84.0,5,不採用,25.4
ema_cross(EMA5/20),ema_cross,5,8,ロンドン(16-21),全曜日,なし,なし,5,20,2865,59.1,-893.1,5.0,-7.98,0.905,-966.1,6,1160,58.1,-518.0,5.0,-8.0,0.867,-570.0,9,不採用,25.4
ema_cross(EMA5/20),ema_cross,5,8,22時台,水,上昇のみ,ATR低,5,20,5,60.0,11.0,5.0,-2.0,3.75,-2.1,1,5,60.0,-1.0,5.0,-8.0,0.938,-16.0,2,不採用,25.4
ema_cross(EMA5/20),ema_cross,5,10,NY(21-24),月,なし,なし,5,20,228,65.4,-7.9,4.97,-9.48,0.989,-92.9,4,96,59.4,-109.6,4.92,-10.0,0.719,-129.6,4,不採用,25.4
ema_cross(EMA5/20),ema_cross,5,10,21時台,全曜日,下降のみ,ATR高,5,20,150,58.7,-180.0,5.0,-10.0,0.71,-210.0,5,33,54.5,-60.0,5.0,-10.0,0.6,-95.0,3,不採用,25.4
ema_cross(EMA5/20),ema_cross,5,12,ロンドン(16-21),火,上昇のみ,直近30分変動大,5,20,104,68.3,-41.0,5.0,-12.0,0.896,-136.0,4,43,60.5,-74.0,5.0,-12.0,0.637,-84.0,2,不採用,25.4
ema_cross(EMA5/20),ema_cross,5,12,NY(21-24),月,順方向のみ,ATR高,5,20,33,63.6,-39.0,5.0,-12.0,0.729,-79.0,4,7,57.1,-16.0,5.0,-12.0,0.556,-31.0,2,不採用,25.4
ema_cross(EMA5/20),ema_cross,5,12,9時台,金,下降のみ,直近30分変動大,5,20,36,63.9,-41.0,5.0,-12.0,0.737,-43.0,3,7,57.1,-16.0,5.0,-12.0,0.556,-24.0,2,不採用,25.4
ema_cross(EMA5/20),ema_cross,5,5,東京(9-15),金,上昇のみ,直近30分変動大,5,20,94,36.2,-130.0,5.0,-5.0,0.567,-125.0,9,46,37.0,-60.0,5.0,-5.0,0.586,-75.0,6,不採用,25.3
ema_cross(EMA5/20),ema_cross,5,5,ロンドン(16-21),水,順方向のみ,ATR高,5,20,77,51.9,15.0,5.0,-5.0,1.081,-50.0,4,31,41.9,-25.0,5.0,-5.0,0.722,-45.0,4,不採用,25.3
ema_cross(EMA5/20),ema_cross,5,5,NY(21-24),木,レンジのみ,直近30分変動大,5,20,40,52.5,10.0,5.0,-5.0,1.105,-30.0,5,22,40.9,-20.0,5.0,-5.0,0.692,-25.0,3,不採用,25.3
ema_cross(EMA5/20),ema_cross,5,5,10時台,火,下降のみ,ATR高,5,20,13,38.5,-15.0,5.0,-5.0,0.625,-30.0,5,6,33.3,-10.0,5.0,-5.0,0.5,-10.0,2,不採用,25.3
ema_cross(EMA5/20),ema_cross,5,8,NY(21-24),金,レンジのみ,なし,5,20,77,55.8,-57.0,5.0,-8.0,0.79,-77.0,5,31,48.4,-47.8,5.0,-7.67,0.611,-54.8,3,不採用,25.3
ema_cross(EMA5/20),ema_cross,5,12,全時間,金,上昇のみ,直近30分変動大,5,20,396,64.1,-423.5,5.0,-11.93,0.75,-539.0,5,200,63.0,-262.6,4.96,-12.0,0.704,-286.6,5,不採用,25.3
ema_cross(EMA5/20),ema_cross,5,12,16時台,水,なし,ATR低,5,20,22,77.3,25.0,5.0,-12.0,1.417,-24.0,2,8,62.5,-11.0,5.0,-12.0,0.694,-19.0,1,不採用,25.3
ema_cross(EMA5/20),ema_cross,5,12,21時台,金,レンジのみ,なし,5,20,38,65.8,-31.0,5.0,-12.0,0.801,-44.0,2,12,58.3,-25.0,5.0,-12.0,0.583,-35.0,2,不採用,25.3
ema_cross(EMA5/20),ema_cross,5,5,全時間,金,レンジのみ,直近30分変動大,5,20,329,43.8,-205.0,5.0,-5.0,0.778,-215.0,9,136,40.4,-130.0,5.0,-5.0,0.679,-155.0,6,不採用,25.2
ema_cross(EMA5/20),ema_cross,5,5,東京(9-15),火,上昇のみ,なし,5,20,317,41.3,-275.0,5.0,-5.0,0.704,-315.0,9,117,40.2,-115.0,5.0,-5.0,0.671,-125.0,7,不採用,25.2
ema_cross(EMA5/20),ema_cross,5,8,全時間,月,上昇のみ,なし,5,20,755,55.2,-608.9,5.0,-7.97,0.774,-620.9,8,285,53.0,-317.0,5.0,-8.0,0.704,-318.0,6,不採用,25.2
ema_cross(EMA5/20),ema_cross,5,8,ロンドン(16-21),木,上昇のみ,なし,5,20,205,60.5,-28.0,5.0,-8.0,0.957,-121.0,4,108,53.7,-110.0,5.0,-8.0,0.725,-135.0,5,不採用,25.2
ema_cross(EMA5/20),ema_cross,5,8,16時台,全曜日,上昇のみ,直近30分変動大,5,20,130,61.5,6.5,5.0,-7.87,1.017,-88.0,6,64,53.1,-70.0,5.0,-8.0,0.708,-75.0,4,不採用,25.2
ema_cross(EMA5/20),ema_cross,5,8,22時台,金,レンジのみ,なし,5,20,40,47.5,-73.0,5.0,-8.0,0.565,-93.0,4,18,44.4,-34.8,5.0,-7.48,0.535,-46.0,4,不採用,25.2
ema_cross(EMA5/20),ema_cross,5,10,東京(9-15),木,なし,ATR低,5,20,197,61.4,-155.0,5.0,-10.0,0.796,-190.0,6,58,56.9,-85.0,5.0,-10.0,0.66,-110.0,4,不採用,25.2
ema_cross(EMA5/20),ema_cross,5,10,ロンドン(16-21),月,下降のみ,直近30分変動大,5,20,92,67.4,10.0,5.0,-10.0,1.033,-65.0,5,44,59.1,-50.0,5.0,-10.0,0.722,-75.0,4,不採用,25.2
ema_cross(EMA5/20),ema_cross,5,10,10時台,全曜日,上昇のみ,ATR高,5,20,83,62.7,-50.0,5.0,-10.0,0.839,-95.0,3,34,55.9,-55.0,5.0,-10.0,0.633,-65.0,3,不採用,25.2
ema_cross(EMA5/20),ema_cross,5,10,21時台,全曜日,なし,ATR高,5,20,333,60.4,-309.0,5.0,-9.95,0.765,-339.0,5,71,57.7,-95.0,5.0,-10.0,0.683,-145.0,5,不採用,25.2
ema_cross(EMA5/20),ema_cross,5,12,NY(21-24),木,下降のみ,なし,5,20,101,67.3,-45.4,5.0,-11.68,0.882,-72.4,4,23,60.9,-38.0,5.0,-12.0,0.648,-62.0,3,不採用,25.2
ema_cross(EMA5/20),ema_cross,5,12,16時台,水,上昇のみ,ATR低,5,20,9,66.7,-6.0,5.0,-12.0,0.833,-24.0,2,7,57.1,-16.0,5.0,-12.0,0.556,-19.0,1,不採用,25.2
ema_cross(EMA5/20),ema_cross,5,12,22時台,全曜日,順方向のみ,なし,5,20,228,63.2,-201.9,4.98,-10.95,0.78,-228.6,4,88,60.2,-131.5,5.0,-11.33,0.668,-152.2,4,不採用,25.2
ema_cross(EMA5/20),ema_cross,5,15,全時間,金,レンジのみ,なし,5,20,589,72.8,-245.8,5.0,-14.94,0.897,-435.0,4,224,69.2,-247.8,5.0,-14.82,0.758,-272.8,6,不採用,25.2
ema_cross(EMA5/20),ema_cross,5,8,東京(9-15),木,レンジのみ,直近30分変動大,5,20,92,54.3,-86.0,5.0,-8.0,0.744,-115.0,6,41,51.2,-55.0,5.0,-8.0,0.656,-91.0,5,不採用,25.1
ema_cross(EMA5/20),ema_cross,5,10,東京(9-15),火,順方向のみ,直近30分変動大,5,20,54,53.7,-105.0,5.0,-10.0,0.58,-120.0,4,20,50.0,-50.0,5.0,-10.0,0.5,-55.0,2,不採用,25.1
ema_cross(EMA5/20),ema_cross,5,10,ロンドン(16-21),全曜日,順方向のみ,直近30分変動大,5,20,282,61.3,-225.0,5.0,-10.0,0.794,-285.0,5,122,57.4,-170.0,5.0,-10.0,0.673,-185.0,4,不採用,25.1
ema_cross(EMA5/20),ema_cross,5,10,NY(21-24),木,レンジのみ,なし,5,20,69,59.4,-67.8,4.95,-9.66,0.749,-100.0,5,33,54.5,-60.0,5.0,-10.0,0.6,-65.0,3,不採用,25.1
ema_cross(EMA5/20),ema_cross,5,10,10時台,金,レンジのみ,ATR高,5,20,19,78.9,35.0,5.0,-10.0,1.875,-15.0,1,5,60.0,-5.0,5.0,-10.0,0.75,-15.0,1,不採用,25.1
ema_cross(EMA5/20),ema_cross,5,10,21時台,全曜日,下降のみ,なし,5,20,254,63.4,-111.7,5.0,-9.86,0.878,-147.3,5,95,58.9,-110.0,5.0,-10.0,0.718,-160.0,5,不採用,25.1
ema_cross(EMA5/20),ema_cross,5,10,22時台,全曜日,下降のみ,ATR高,5,20,159,59.1,-184.8,4.95,-10.0,0.716,-214.8,6,47,55.3,-80.0,5.0,-10.0,0.619,-80.0,4,不採用,25.1
ema_cross(EMA5/20),ema_cross,5,12,9時台,全曜日,なし,なし,5,20,742,72.1,191.0,5.0,-12.0,1.077,-178.0,4,290,65.2,-267.0,5.0,-12.0,0.78,-395.0,5,不採用,25.1
ema_cross(EMA5/20),ema_cross,5,12,21時台,木,順方向のみ,直近30分変動大,5,20,28,64.3,-30.0,5.0,-12.0,0.75,-56.0,3,7,57.1,-16.0,5.0,-12.0,0.556,-24.0,2,不採用,25.1
ema_cross(EMA5/20),ema_cross,5,15,10時台,全曜日,順方向のみ,なし,5,20,137,73.7,-24.1,5.0,-14.7,0.954,-124.1,3,46,67.4,-70.0,5.0,-15.0,0.689,-115.0,3,不採用,25.1
ema_cross(EMA5/20),ema_cross,5,5,東京(9-15),木,下降のみ,なし,5,20,305,46.9,-95.0,5.0,-5.0,0.883,-145.0,10,138,42.0,-110.0,5.0,-5.0,0.725,-130.0,7,不採用,25.0
ema_cross(EMA5/20),ema_cross,5,8,全時間,水,レンジのみ,ATR低,5,20,230,60.0,-46.0,5.0,-8.0,0.938,-134.0,7,101,53.5,-106.0,5.0,-8.0,0.718,-132.0,5,不採用,25.0
ema_cross(EMA5/20),ema_cross,5,8,全時間,金,順方向のみ,ATR低,5,20,270,60.0,-41.9,5.0,-7.89,0.951,-149.0,5,114,53.5,-119.0,5.0,-8.0,0.719,-135.0,5,不採用,25.0
ema_cross(EMA5/20),ema_cross,5,8,東京(9-15),全曜日,なし,なし,5,20,3279,59.3,-947.0,5.0,-8.0,0.911,-1119.0,7,1331,58.5,-534.0,5.0,-8.0,0.879,-665.0,8,不採用,25.0
ema_cross(EMA5/20),ema_cross,5,8,16時台,木,なし,直近30分変動大,5,20,71,62.0,4.0,5.0,-8.0,1.019,-77.0,5,31,51.6,-40.0,5.0,-8.0,0.667,-33.0,3,不採用,25.0
ema_cross(EMA5/20),ema_cross,5,8,22時台,全曜日,下降のみ,ATR低,5,20,11,54.5,-5.8,4.6,-6.68,0.826,-16.0,2,8,50.0,-12.8,3.85,-7.05,0.546,-18.6,1,不採用,25.0
ema_cross(EMA5/20),ema_cross,5,10,全時間,月,なし,直近30分変動大,5,20,853,60.3,-814.7,5.0,-9.98,0.759,-859.7,9,410,58.8,-485.0,5.0,-10.0,0.713,-505.0,5,不採用,25.0
ema_cross(EMA5/20),ema_cross,5,10,16時台,火,下降のみ,なし,5,20,41,61.0,-35.0,5.0,-10.0,0.781,-60.0,3,11,54.5,-20.0,5.0,-10.0,0.6,-40.0,3,不採用,25.0
ema_cross(EMA5/20),ema_cross,5,10,21時台,月,なし,直近30分変動大,5,20,60,73.3,60.0,5.0,-10.0,1.375,-35.0,3,20,60.0,-20.0,5.0,-10.0,0.75,-30.0,3,不採用,25.0
ema_cross(EMA5/20),ema_cross,5,12,全時間,月,順方向のみ,なし,5,20,589,66.2,-419.9,4.99,-11.88,0.822,-477.1,5,214,64.5,-222.0,5.0,-12.0,0.757,-293.0,7,不採用,25.0
ema_cross(EMA5/20),ema_cross,5,12,9時台,金,レンジのみ,ATR低,5,20,16,87.5,46.0,5.0,-12.0,2.917,-14.0,1,6,66.7,-4.0,5.0,-12.0,0.833,-12.0,1,不採用,25.0
ema_cross(EMA5/20),ema_cross,5,12,21時台,月,順方向のみ,ATR高,5,20,20,70.0,-2.0,5.0,-12.0,0.972,-37.0,2,5,60.0,-9.0,5.0,-12.0,0.625,-24.0,2,不採用,25.0
ema_cross(EMA5/20),ema_cross,5,15,NY(21-24),全曜日,なし,ATR高,5,20,695,69.8,-580.4,4.99,-14.29,0.807,-659.7,6,183,68.9,-221.6,4.96,-14.86,0.738,-260.0,6,不採用,25.0
ema_cross(EMA5/20),ema_cross,5,15,NY(21-24),月,なし,なし,5,20,219,72.6,44.9,4.95,-12.37,1.061,-98.4,3,86,68.6,-114.6,4.92,-15.0,0.717,-140.0,3,不採用,25.0
ema_cross(EMA5/20),ema_cross,5,5,全時間,木,なし,直近30分変動大,5,20,1209,43.0,-845.0,5.0,-5.0,0.755,-930.0,10,531,42.2,-415.0,5.0,-5.0,0.73,-435.0,11,不採用,24.9
ema_cross(EMA5/20),ema_cross,5,5,ロンドン(16-21),火,順方向のみ,ATR高,5,20,73,49.3,-5.0,5.0,-5.0,0.973,-40.0,5,32,40.6,-30.0,5.0,-5.0,0.684,-50.0,4,不採用,24.9
ema_cross(EMA5/20),ema_cross,5,5,ロンドン(16-21),水,順方向のみ,直近30分変動大,5,20,67,49.3,-5.0,5.0,-5.0,0.971,-65.0,7,24,41.7,-20.0,5.0,-5.0,0.714,-40.0,5,不採用,24.9
ema_cross(EMA5/20),ema_cross,5,5,NY(21-24),全曜日,なし,ATR高,5,20,842,40.9,-770.0,5.0,-5.0,0.691,-795.0,10,207,40.6,-195.0,5.0,-5.0,0.683,-220.0,8,不採用,24.9
ema_cross(EMA5/20),ema_cross,5,5,10時台,木,下降のみ,直近30分変動大,5,20,21,38.1,-25.0,5.0,-5.0,0.615,-40.0,5,11,36.4,-15.0,5.0,-5.0,0.571,-25.0,5,不採用,24.9
ema_cross(EMA5/20),ema_cross,5,5,21時台,火,下降のみ,なし,5,20,47,63.8,65.0,5.0,-5.0,1.765,-30.0,6,24,45.8,-10.0,5.0,-5.0,0.846,-35.0,4,不採用,24.9
ema_cross(EMA5/20),ema_cross,5,5,21時台,木,なし,なし,5,20,193,49.7,-5.0,5.0,-5.0,0.99,-70.0,7,73,45.2,-35.0,5.0,-5.0,0.825,-75.0,9,不採用,24.9
ema_cross(EMA5/20),ema_cross,5,5,22時台,月,なし,直近30分変動大,5,20,60,41.7,-50.0,5.0,-5.0,0.714,-60.0,11,28,39.3,-30.0,5.0,-5.0,0.647,-45.0,6,不採用,24.9
ema_cross(EMA5/20),ema_cross,5,8,21時台,全曜日,下降のみ,ATR高,5,20,154,51.3,-205.0,5.0,-8.0,0.658,-219.0,5,33,48.5,-56.0,5.0,-8.0,0.588,-80.0,4,不採用,24.9
ema_cross(EMA5/20),ema_cross,5,8,21時台,水,なし,なし,5,20,131,58.8,-39.8,5.0,-7.87,0.906,-106.8,6,61,54.1,-59.0,5.0,-8.0,0.737,-104.0,6,不採用,24.9
ema_cross(EMA5/20),ema_cross,5,12,東京(9-15),木,上昇のみ,ATR低,5,20,71,66.2,-53.0,5.0,-12.0,0.816,-93.0,2,25,60.0,-45.0,5.0,-12.0,0.625,-71.0,3,不採用,24.9
ema_cross(EMA5/20),ema_cross,5,12,NY(21-24),火,下降のみ,ATR低,5,20,8,87.5,23.0,5.0,-12.0,2.917,-12.0,1,3,66.7,-2.0,5.0,-12.0,0.833,-12.0,1,不採用,24.9
ema_cross(EMA5/20),ema_cross,5,12,16時台,全曜日,下降のみ,直近30分変動大,5,20,116,73.3,53.0,5.0,-12.0,1.142,-64.0,3,54,64.8,-53.0,5.0,-12.0,0.768,-67.0,5,不採用,24.9
ema_cross(EMA5/20),ema_cross,5,12,21時台,火,下降のみ,ATR低,5,20,8,87.5,23.0,5.0,-12.0,2.917,-12.0,1,3,66.7,-2.0,5.0,-12.0,0.833,-12.0,1,不採用,24.9
ema_cross(EMA5/20),ema_cross,5,12,22時台,木,なし,ATR低,5,20,5,60.0,1.6,5.0,-6.7,1.119,-12.0,1,5,60.0,-9.0,5.0,-12.0,0.625,-19.0,1,不採用,24.9
ema_cross(EMA5/20),ema_cross,5,5,全時間,金,上昇のみ,ATR低,5,20,343,45.2,-160.4,5.0,-4.98,0.829,-200.4,8,169,42.0,-135.0,5.0,-5.0,0.724,-160.0,8,不採用,24.8
ema_cross(EMA5/20),ema_cross,5,5,全時間,金,レンジのみ,なし,5,20,826,47.2,-230.0,5.0,-5.0,0.894,-290.0,8,335,41.5,-285.0,5.0,-5.0,0.709,-325.0,7,不採用,24.8
ema_cross(EMA5/20),ema_cross,5,5,10時台,金,なし,なし,5,20,120,50.8,10.0,5.0,-5.0,1.034,-60.0,5,54,40.7,-50.0,5.0,-5.0,0.688,-45.0,4,不採用,24.8
ema_cross(EMA5/20),ema_cross,5,5,16時台,火,なし,ATR低,5,20,27,55.6,15.0,5.0,-5.0,1.25,-30.0,5,12,41.7,-10.0,5.0,-5.0,0.714,-15.0,3,不採用,24.8
ema_cross(EMA5/20),ema_cross,5,8,21時台,木,上昇のみ,ATR低,5,20,9,100.0,45.0,5.0,0.0,999.0,0.0,0,8,62.5,1.0,5.0,-8.0,1.042,-8.0,1,不採用,24.8
ema_cross(EMA5/20),ema_cross,5,10,東京(9-15),全曜日,上昇のみ,ATR低,5,20,412,64.6,-130.0,5.0,-10.0,0.911,-215.0,4,156,59.0,-180.0,5.0,-10.0,0.719,-195.0,5,不採用,24.8
ema_cross(EMA5/20),ema_cross,5,10,ロンドン(16-21),水,上昇のみ,ATR低,5,20,56,64.3,-11.7,5.0,-9.58,0.939,-46.7,4,23,56.5,-35.0,5.0,-10.0,0.65,-45.0,3,不採用,24.8
ema_cross(EMA5/20),ema_cross,5,10,21時台,全曜日,上昇のみ,直近30分変動大,5,20,145,68.3,35.0,5.0,-10.0,1.076,-100.0,4,54,59.3,-60.0,5.0,-10.0,0.727,-90.0,4,不採用,24.8
ema_cross(EMA5/20),ema_cross,5,10,22時台,水,上昇のみ,ATR低,5,20,5,60.0,11.0,5.0,-2.0,3.75,-2.1,1,5,60.0,-1.3,5.0,-8.15,0.92,-16.3,2,不採用,24.8
ema_cross(EMA5/20),ema_cross,5,12,ロンドン(16-21),木,上昇のみ,なし,5,20,180,68.9,-50.8,5.0,-11.98,0.924,-138.8,4,88,61.4,-126.9,5.0,-11.67,0.68,-151.9,3,不採用,24.8
ema_cross(EMA5/20),ema_cross,5,15,全時間,水,なし,ATR低,5,20,568,72.4,-265.2,5.0,-14.78,0.886,-418.7,4,233,69.1,-268.0,5.0,-14.9,0.75,-350.0,5,不採用,24.8
ema_cross(EMA5/20),ema_cross,5,5,ロンドン(16-21),火,上昇のみ,なし,5,20,292,46.2,-110.0,5.0,-5.0,0.86,-200.0,8,95,41.1,-85.0,5.0,-5.0,0.696,-105.0,6,不採用,24.7
ema_cross(EMA5/20),ema_cross,5,8,NY(21-24),全曜日,なし,ATR高,5,20,777,53.5,-808.8,4.99,-7.99,0.72,-846.8,9,199,52.3,-240.0,5.0,-8.0,0.684,-259.0,6,不採用,24.7
ema_cross(EMA5/20),ema_cross,5,8,NY(21-24),木,下降のみ,直近30分変動大,5,20,60,58.3,-25.0,5.0,-8.0,0.875,-65.0,4,16,50.0,-24.0,5.0,-8.0,0.625,-41.0,3,不採用,24.7
ema_cross(EMA5/20),ema_cross,5,8,16時台,金,上昇のみ,ATR高,5,20,20,65.0,9.0,5.0,-8.0,1.161,-14.0,1,6,50.0,-9.0,5.0,-8.0,0.625,-11.0,1,不採用,24.7
ema_cross(EMA5/20),ema_cross,5,8,21時台,全曜日,なし,直近30分変動大,5,20,387,62.5,50.0,5.0,-8.0,1.043,-147.0,5,153,54.2,-145.0,5.0,-8.0,0.741,-192.0,5,不採用,24.7
ema_cross(EMA5/20),ema_cross,5,10,NY(21-24),火,レンジのみ,ATR高,5,20,26,76.9,40.0,5.0,-10.0,1.667,-25.0,2,12,58.3,-9.0,5.0,-8.8,0.795,-29.0,3,不採用,24.7
ema_cross(EMA5/20),ema_cross,5,12,22時台,全曜日,レンジのみ,なし,5,20,153,67.3,-51.9,4.91,-11.14,0.907,-162.3,5,66,62.1,-80.8,4.93,-11.31,0.714,-114.0,5,不採用,24.7
ema_cross(EMA5/20),ema_cross,5,15,ロンドン(16-21),木,レンジのみ,ATR高,5,20,55,74.5,-5.0,5.0,-15.0,0.976,-85.0,2,15,66.7,-25.0,5.0,-15.0,0.667,-55.0,3,不採用,24.7
ema_cross(EMA5/20),ema_cross,5,15,NY(21-24),金,なし,なし,5,20,291,71.8,-132.0,4.98,-14.3,0.887,-174.5,4,105,67.6,-117.3,4.94,-13.76,0.749,-184.2,6,不採用,24.7
ema_cross(EMA5/20),ema_cross,5,5,ロンドン(16-21),月,レンジのみ,直近30分変動大,5,20,81,37.0,-105.0,5.0,-5.0,0.588,-110.0,8,44,38.6,-50.0,5.0,-5.0,0.63,-65.0,8,不採用,24.6
ema_cross(EMA5/20),ema_cross,5,8,全時間,火,上昇のみ,なし,5,20,1080,55.8,-797.0,5.0,-7.99,0.791,-844.0,9,401,53.1,-439.0,5.0,-8.0,0.708,-445.0,6,不採用,24.6
ema_cross(EMA5/20),ema_cross,5,8,東京(9-15),水,下降のみ,ATR低,5,20,69,69.6,72.0,5.0,-8.0,1.429,-49.0,4,15,53.3,-16.0,5.0,-8.0,0.714,-25.0,2,不採用,24.6
ema_cross(EMA5/20),ema_cross,5,8,21時台,火,下降のみ,なし,5,20,45,73.3,69.0,5.0,-8.0,1.719,-30.0,2,21,57.1,-12.0,5.0,-8.0,0.833,-32.0,4,不採用,24.6
ema_cross(EMA5/20),ema_cross,5,12,東京(9-15),月,下降のみ,直近30分変動大,5,20,90,65.6,-77.0,5.0,-12.0,0.793,-127.0,3,40,60.0,-72.0,5.0,-12.0,0.625,-108.0,3,不採用,24.6
ema_cross(EMA5/20),ema_cross,5,12,ロンドン(16-21),月,下降のみ,直近30分変動大,5,20,91,72.5,30.0,5.0,-12.0,1.1,-60.0,5,43,62.8,-57.0,5.0,-12.0,0.703,-85.0,3,不採用,24.6
ema_cross(EMA5/20),ema_cross,5,12,16時台,月,順方向のみ,ATR高,5,20,6,100.0,30.0,5.0,0.0,999.0,0.0,0,7,71.4,1.0,5.0,-12.0,1.042,-19.0,1,不採用,24.6
ema_cross(EMA5/20),ema_cross,5,12,16時台,木,下降のみ,ATR高,5,20,28,67.9,-13.0,5.0,-12.0,0.88,-67.0,4,7,57.1,-16.0,5.0,-12.0,0.556,-14.0,1,不採用,24.6
ema_cross(EMA5/20),ema_cross,5,12,16時台,金,下降のみ,なし,5,20,50,74.0,29.0,5.0,-12.0,1.186,-55.0,3,13,61.5,-20.0,5.0,-12.0,0.667,-21.0,2,不採用,24.6
ema_cross(EMA5/20),ema_cross,5,15,ロンドン(16-21),月,なし,直近30分変動大,5,20,241,73.0,-95.0,5.0,-15.0,0.903,-205.0,5,118,67.8,-162.0,5.0,-14.79,0.712,-200.0,4,不採用,24.6
ema_cross(EMA5/20),ema_cross,5,15,NY(21-24),木,順方向のみ,ATR高,5,20,68,77.9,62.7,5.0,-13.49,1.31,-50.0,3,8,62.5,-10.8,5.0,-11.93,0.698,-30.8,2,不採用,24.6
ema_cross(EMA5/20),ema_cross,5,5,全時間,金,なし,ATR高,5,20,1081,43.6,-695.0,5.0,-5.0,0.772,-700.0,10,345,41.4,-295.0,5.0,-5.0,0.708,-320.0,9,不採用,24.5
ema_cross(EMA5/20),ema_cross,5,5,ロンドン(16-21),全曜日,レンジのみ,ATR高,5,20,318,45.3,-150.0,5.0,-5.0,0.828,-160.0,8,90,42.2,-70.0,5.0,-5.0,0.731,-90.0,8,不採用,24.5
ema_cross(EMA5/20),ema_cross,5,8,21時台,水,なし,直近30分変動大,5,20,59,55.9,-43.0,5.0,-8.0,0.793,-77.0,7,28,50.0,-42.0,5.0,-8.0,0.625,-53.0,4,不採用,24.5
ema_cross(EMA5/20),ema_cross,5,12,NY(21-24),全曜日,なし,ATR高,5,20,723,65.7,-522.9,4.99,-11.67,0.819,-588.9,5,191,63.4,-230.0,5.0,-11.93,0.725,-248.0,6,不採用,24.5
ema_cross(EMA5/20),ema_cross,5,12,NY(21-24),火,なし,ATR高,5,20,150,64.0,-154.0,5.0,-11.74,0.757,-262.0,4,37,59.5,-65.0,5.0,-11.67,0.629,-88.0,4,不採用,24.5
ema_cross(EMA5/20),ema_cross,5,12,10時台,月,上昇のみ,ATR高,5,20,22,54.5,-60.0,5.0,-12.0,0.5,-75.0,2,10,50.0,-35.0,5.0,-12.0,0.417,-28.0,1,不採用,24.5
ema_cross(EMA5/20),ema_cross,5,12,22時台,火,上昇のみ,ATR高,5,20,43,65.1,-24.7,5.0,-10.98,0.85,-76.0,3,12,58.3,-25.0,5.0,-12.0,0.583,-30.0,2,不採用,24.5
ema_cross(EMA5/20),ema_cross,5,15,9時台,木,なし,なし,5,20,140,78.6,100.0,5.0,-15.0,1.222,-80.0,2,58,69.0,-70.0,5.0,-15.0,0.741,-125.0,3,不採用,24.5
ema_cross(EMA5/20),ema_cross,5,5,東京(9-15),火,レンジのみ,なし,5,20,239,45.6,-105.0,5.0,-5.0,0.838,-130.0,5,113,42.5,-85.0,5.0,-5.0,0.738,-140.0,8,不採用,24.4
ema_cross(EMA5/20),ema_cross,5,5,NY(21-24),水,上昇のみ,なし,5,20,125,47.2,-32.1,5.0,-4.96,0.902,-60.0,5,59,44.1,-35.0,5.0,-5.0,0.788,-60.0,9,不採用,24.4
ema_cross(EMA5/20),ema_cross,5,5,NY(21-24),金,上昇のみ,直近30分変動大,5,20,82,37.8,-100.0,5.0,-5.0,0.608,-110.0,8,27,37.0,-35.0,5.0,-5.0,0.588,-45.0,6,不採用,24.4
ema_cross(EMA5/20),ema_cross,5,8,全時間,水,なし,ATR低,5,20,722,58.6,-264.8,5.0,-7.96,0.889,-326.8,6,311,53.7,-317.0,5.0,-8.0,0.725,-353.0,6,不採用,24.4
ema_cross(EMA5/20),ema_cross,5,8,ロンドン(16-21),全曜日,順方向のみ,直近30分変動大,5,20,282,55.3,-228.0,5.0,-8.0,0.774,-294.0,7,122,51.6,-157.0,5.0,-8.0,0.667,-172.0,5,不採用,24.4
ema_cross(EMA5/20),ema_cross,5,8,16時台,火,上昇のみ,なし,5,20,71,60.6,-9.0,5.0,-8.0,0.96,-50.0,4,24,54.2,-23.0,5.0,-8.0,0.739,-48.0,6,不採用,24.4
ema_cross(EMA5/20),ema_cross,5,8,21時台,木,レンジのみ,ATR高,5,20,21,61.9,1.0,5.0,-8.0,1.016,-35.0,4,10,50.0,-15.0,5.0,-8.0,0.625,-27.0,2,不採用,24.4
ema_cross(EMA5/20),ema_cross,5,10,ロンドン(16-21),月,レンジのみ,直近30分変動大,5,20,79,55.7,-130.0,5.0,-10.0,0.629,-155.0,7,44,54.5,-80.0,5.0,-10.0,0.6,-100.0,5,不採用,24.4
ema_cross(EMA5/20),ema_cross,5,10,ロンドン(16-21),火,上昇のみ,ATR低,5,20,34,82.4,80.0,5.0,-10.0,2.333,-15.0,1,16,62.5,-8.3,5.0,-9.72,0.858,-25.0,3,不採用,24.4
ema_cross(EMA5/20),ema_cross,5,10,16時台,月,下降のみ,直近30分変動大,5,20,19,89.5,65.0,5.0,-10.0,4.25,-10.0,1,17,64.7,-5.0,5.0,-10.0,0.917,-25.0,2,不採用,24.4
ema_cross(EMA5/20),ema_cross,5,10,21時台,全曜日,順方向のみ,ATR高,5,20,129,59.7,-129.0,5.0,-9.88,0.749,-175.0,5,24,54.2,-45.0,5.0,-10.0,0.591,-75.0,3,不採用,24.4
ema_cross(EMA5/20),ema_cross,5,10,21時台,木,下降のみ,なし,5,20,63,65.1,-15.0,5.0,-10.0,0.932,-35.0,3,16,56.2,-25.0,5.0,-10.0,0.643,-50.0,3,不採用,24.4
ema_cross(EMA5/20),ema_cross,5,10,22時台,木,レンジのみ,ATR高,5,20,20,55.0,-29.0,5.0,-9.33,0.655,-50.0,3,6,50.0,-15.0,5.0,-10.0,0.5,-10.0,2,不採用,24.4
ema_cross(EMA5/20),ema_cross,5,12,東京(9-15),火,下降のみ,ATR高,5,20,39,74.4,25.0,5.0,-12.0,1.208,-49.0,3,19,63.2,-24.0,5.0,-12.0,0.714,-49.0,3,不採用,24.4
ema_cross(EMA5/20),ema_cross,5,12,ロンドン(16-21),全曜日,順方向のみ,なし,5,20,920,68.0,-328.1,4.99,-11.75,0.905,-428.6,6,359,64.1,-389.4,4.98,-11.9,0.746,-475.7,5,不採用,24.4
ema_cross(EMA5/20),ema_cross,5,12,NY(21-24),水,順方向のみ,直近30分変動大,5,20,31,64.5,-24.4,5.0,-11.31,0.804,-52.0,4,22,59.1,-43.0,5.0,-12.0,0.602,-49.0,3,不採用,24.4
ema_cross(EMA5/20),ema_cross,5,12,9時台,金,なし,ATR高,5,20,35,74.3,22.0,5.0,-12.0,1.204,-48.0,4,13,61.5,-20.0,5.0,-12.0,0.667,-19.0,2,不採用,24.4
ema_cross(EMA5/20),ema_cross,5,5,NY(21-24),金,下降のみ,直近30分変動大,5,20,65,46.2,-25.0,5.0,-5.0,0.857,-40.0,4,30,40.0,-30.0,5.0,-5.0,0.667,-50.0,5,不採用,24.3
ema_cross(EMA5/20),ema_cross,5,5,16時台,木,上昇のみ,直近30分変動大,5,20,23,52.2,5.0,5.0,-5.0,1.091,-30.0,5,15,40.0,-15.0,5.0,-5.0,0.667,-20.0,3,不採用,24.3
ema_cross(EMA5/20),ema_cross,5,8,NY(21-24),全曜日,レンジのみ,ATR高,5,20,172,55.8,-128.0,5.0,-8.0,0.789,-148.0,5,49,51.0,-67.0,5.0,-8.0,0.651,-71.0,5,不採用,24.3
ema_cross(EMA5/20),ema_cross,5,8,NY(21-24),水,なし,なし,5,20,251,57.0,-133.9,5.0,-7.86,0.842,-147.9,7,128,54.7,-114.0,5.0,-8.0,0.754,-170.0,8,不採用,24.3
ema_cross(EMA5/20),ema_cross,5,8,21時台,金,上昇のみ,直近30分変動大,5,20,37,56.8,-23.0,5.0,-8.0,0.82,-45.0,3,12,50.0,-18.0,5.0,-8.0,0.625,-32.0,4,不採用,24.3
ema_cross(EMA5/20),ema_cross,5,10,東京(9-15),火,上昇のみ,直近30分変動大,5,20,111,55.0,-195.0,5.0,-10.0,0.61,-230.0,6,50,56.0,-80.0,5.0,-10.0,0.636,-105.0,7,不採用,24.3
ema_cross(EMA5/20),ema_cross,5,10,ロンドン(16-21),金,下降のみ,ATR高,5,20,94,63.8,-40.0,5.0,-10.0,0.882,-105.0,6,39,59.0,-45.0,5.0,-10.0,0.719,-80.0,6,不採用,24.3
ema_cross(EMA5/20),ema_cross,5,10,NY(21-24),全曜日,なし,ATR低,5,20,143,65.7,55.1,5.0,-8.47,1.133,-65.0,4,99,59.6,-104.7,4.84,-9.76,0.732,-135.9,4,不採用,24.3
ema_cross(EMA5/20),ema_cross,5,10,NY(21-24),全曜日,順方向のみ,直近30分変動大,5,20,211,59.7,-211.0,5.0,-9.89,0.749,-261.0,4,78,57.7,-105.0,5.0,-10.0,0.682,-135.0,6,不採用,24.3
ema_cross(EMA5/20),ema_cross,5,12,ロンドン(16-21),金,上昇のみ,ATR高,5,20,79,72.2,21.0,5.0,-12.0,1.08,-77.0,3,23,60.9,-38.0,5.0,-12.0,0.648,-46.0,2,不採用,24.3
ema_cross(EMA5/20),ema_cross,5,15,NY(21-24),水,下降のみ,ATR低,5,20,4,25.0,-40.0,5.0,-15.0,0.111,-25.0,2,3,33.3,-25.0,5.0,-15.0,0.167,-15.0,2,不採用,24.3
ema_cross(EMA5/20),ema_cross,5,5,NY(21-24),金,レンジのみ,ATR低,5,20,5,60.0,5.0,5.0,-5.0,1.5,-10.0,2,7,42.9,-5.0,5.0,-5.0,0.75,-15.0,3,不採用,24.2
ema_cross(EMA5/20),ema_cross,5,5,9時台,全曜日,順方向のみ,なし,5,20,212,47.6,-50.0,5.0,-5.0,0.91,-120.0,8,101,43.6,-65.0,5.0,-5.0,0.772,-85.0,9,不採用,24.2
ema_cross(EMA5/20),ema_cross,5,8,ロンドン(16-21),月,下降のみ,直近30分変動大,5,20,93,61.3,-3.0,5.0,-8.0,0.99,-53.0,5,44,52.3,-53.0,5.0,-8.0,0.685,-68.0,4,不採用,24.2
ema_cross(EMA5/20),ema_cross,5,8,9時台,火,レンジのみ,直近30分変動大,5,20,30,70.0,33.0,5.0,-8.0,1.458,-26.0,3,11,54.5,-10.0,5.0,-8.0,0.75,-27.0,3,不採用,24.2
ema_cross(EMA5/20),ema_cross,5,8,10時台,月,なし,なし,5,20,117,59.8,-26.0,5.0,-8.0,0.931,-85.0,4,36,52.8,-41.0,5.0,-8.0,0.699,-69.0,5,不採用,24.2
ema_cross(EMA5/20),ema_cross,5,8,16時台,木,なし,なし,5,20,139,68.3,123.0,5.0,-8.0,1.349,-69.0,4,61,55.7,-46.0,5.0,-8.0,0.787,-64.0,5,不採用,24.2
ema_cross(EMA5/20),ema_cross,5,8,22時台,火,なし,ATR高,5,20,106,48.1,-182.4,5.0,-7.95,0.583,-218.0,7,27,48.1,-47.0,5.0,-8.0,0.58,-56.0,6,不採用,24.2
ema_cross(EMA5/20),ema_cross,5,10,NY(21-24),木,下降のみ,なし,5,20,103,63.1,-37.4,5.0,-9.54,0.897,-52.4,4,25,56.0,-40.0,5.0,-10.0,0.636,-70.0,3,不採用,24.2
ema_cross(EMA5/20),ema_cross,5,10,9時台,月,なし,直近30分変動大,5,20,72,70.8,45.0,5.0,-10.0,1.214,-35.0,3,30,60.0,-30.0,5.0,-10.0,0.75,-75.0,4,不採用,24.2
ema_cross(EMA5/20),ema_cross,5,10,9時台,水,順方向のみ,ATR高,5,20,7,57.1,-10.0,5.0,-10.0,0.667,-20.0,2,4,50.0,-10.0,5.0,-10.0,0.5,-10.0,2,不採用,24.2
ema_cross(EMA5/20),ema_cross,5,10,16時台,火,上昇のみ,なし,5,20,67,62.7,-40.0,5.0,-10.0,0.84,-80.0,4,24,58.3,-30.0,5.0,-10.0,0.7,-65.0,6,不採用,24.2
ema_cross(EMA5/20),ema_cross,5,12,ロンドン(16-21),全曜日,なし,なし,5,20,2467,67.5,-1267.5,5.0,-11.94,0.868,-1360.5,10,1000,66.4,-687.1,5.0,-11.93,0.829,-702.1,4,不採用,24.2
ema_cross(EMA5/20),ema_cross,5,12,NY(21-24),木,順方向のみ,なし,5,20,107,75.7,110.8,4.94,-11.14,1.383,-48.0,4,23,60.9,-24.9,5.0,-10.54,0.738,-43.0,3,不採用,24.2
ema_cross(EMA5/20),ema_cross,5,12,NY(21-24),金,上昇のみ,ATR低,5,20,20,60.0,-13.3,5.0,-9.16,0.819,-37.3,5,12,58.3,-23.2,4.34,-10.72,0.567,-36.2,2,不採用,24.2
ema_cross(EMA5/20),ema_cross,5,12,16時台,金,順方向のみ,ATR高,5,20,25,56.0,-62.0,5.0,-12.0,0.53,-82.0,3,4,50.0,-14.0,5.0,-12.0,0.417,-12.0,1,不採用,24.2
ema_cross(EMA5/20),ema_cross,5,15,ロンドン(16-21),月,下降のみ,直近30分変動大,5,20,87,78.2,55.0,5.0,-15.0,1.193,-75.0,5,43,67.4,-57.0,5.0,-14.43,0.718,-87.0,3,不採用,24.2
ema_cross(EMA5/20),ema_cross,5,15,10時台,水,なし,なし,5,20,120,70.0,-104.1,5.0,-14.56,0.801,-148.4,3,44,65.9,-80.0,5.0,-15.0,0.644,-90.0,4,不採用,24.2
ema_cross(EMA5/20),ema_cross,5,5,NY(21-24),全曜日,下降のみ,直近30分変動大,5,20,291,44.7,-155.0,5.0,-5.0,0.807,-150.0,8,115,41.7,-95.0,5.0,-5.0,0.716,-120.0,8,不採用,24.1
ema_cross(EMA5/20),ema_cross,5,5,10時台,水,なし,なし,5,20,144,46.5,-50.0,5.0,-5.0,0.87,-100.0,8,50,40.0,-50.0,5.0,-5.0,0.667,-70.0,5,不採用,24.1
ema_cross(EMA5/20),ema_cross,5,8,ロンドン(16-21),木,上昇のみ,直近30分変動大,5,20,97,57.7,-48.0,5.0,-8.0,0.854,-89.0,4,50,50.0,-75.0,5.0,-8.0,0.625,-95.0,3,不採用,24.1
ema_cross(EMA5/20),ema_cross,5,8,10時台,全曜日,なし,ATR低,5,20,64,59.4,-18.0,5.0,-8.0,0.913,-62.0,4,20,50.0,-30.0,5.0,-8.0,0.625,-41.0,3,不採用,24.1
ema_cross(EMA5/20),ema_cross,5,8,21時台,月,なし,ATR高,5,20,51,52.9,-57.0,5.0,-8.0,0.703,-56.0,4,11,45.5,-23.0,5.0,-8.0,0.521,-28.0,2,不採用,24.1
ema_cross(EMA5/20),ema_cross,5,10,全時間,全曜日,下降のみ,なし,5,20,3776,63.5,-1688.6,4.99,-9.9,0.876,-1759.2,8,1635,64.0,-610.0,4.99,-9.9,0.895,-746.7,7,不採用,24.1
ema_cross(EMA5/20),ema_cross,5,15,ロンドン(16-21),全曜日,順方向のみ,ATR高,5,20,351,72.9,-145.0,5.0,-15.0,0.898,-270.0,5,125,68.0,-175.0,5.0,-15.0,0.708,-220.0,4,不採用,24.1
ema_cross(EMA5/20),ema_cross,5,5,NY(21-24),全曜日,なし,ATR低,5,20,170,49.4,2.5,5.0,-4.85,1.006,-40.0,5,118,42.4,-94.6,4.91,-5.0,0.722,-125.0,6,不採用,24.0
ema_cross(EMA5/20),ema_cross,5,8,全時間,全曜日,レンジのみ,直近30分変動大,5,20,1478,57.0,-865.0,5.0,-8.0,0.83,-902.0,8,728,55.8,-537.7,5.0,-7.97,0.791,-585.9,8,不採用,24.0
ema_cross(EMA5/20),ema_cross,5,8,NY(21-24),木,順方向のみ,直近30分変動大,5,20,54,57.4,-29.0,5.0,-8.0,0.842,-57.0,6,10,50.0,-15.0,5.0,-8.0,0.625,-24.0,4,不採用,24.0
ema_cross(EMA5/20),ema_cross,5,8,21時台,水,下降のみ,ATR低,5,20,3,0.0,-24.0,0.0,-8.0,0.0,-16.0,3,4,25.0,-19.0,5.0,-8.0,0.208,-16.0,3,不採用,24.0
ema_cross(EMA5/20),ema_cross,5,10,NY(21-24),火,上昇のみ,ATR高,5,20,68,61.8,-40.0,5.0,-9.62,0.84,-101.0,5,15,53.3,-30.0,5.0,-10.0,0.571,-35.0,2,不採用,24.0
ema_cross(EMA5/20),ema_cross,5,10,10時台,水,下降のみ,ATR高,5,20,14,57.1,-20.0,5.0,-10.0,0.667,-40.0,4,4,50.0,-10.0,5.0,-10.0,0.5,-20.0,2,不採用,24.0
ema_cross(EMA5/20),ema_cross,5,10,10時台,水,レンジのみ,ATR低,5,20,5,60.0,-5.0,5.0,-10.0,0.75,-10.0,2,4,50.0,-10.0,5.0,-10.0,0.5,-10.0,1,不採用,24.0
ema_cross(EMA5/20),ema_cross,5,10,16時台,金,なし,直近30分変動大,5,20,78,64.1,-21.5,5.0,-9.7,0.921,-71.5,3,31,58.1,-40.0,5.0,-10.0,0.692,-60.0,5,不採用,24.0
ema_cross(EMA5/20),ema_cross,5,10,22時台,水,レンジのみ,直近30分変動大,5,20,18,77.8,30.0,5.0,-10.0,1.75,-25.0,1,5,60.0,-5.0,5.0,-10.0,0.75,-20.0,2,不採用,24.0
ema_cross(EMA5/20),ema_cross,5,12,22時台,火,なし,ATR高,5,20,96,60.4,-150.7,5.0,-11.6,0.658,-253.0,4,27,55.6,-61.0,5.0,-11.33,0.551,-79.0,3,不採用,24.0
ema_cross(EMA5/20),ema_cross,5,15,9時台,水,上昇のみ,なし,5,20,49,67.3,-75.0,5.0,-15.0,0.688,-110.0,4,27,63.0,-65.0,5.0,-15.0,0.567,-80.0,3,不採用,24.0
ema_cross(EMA5/20),ema_cross,5,5,ロンドン(16-21),月,上昇のみ,なし,5,20,276,42.8,-200.0,5.0,-5.0,0.747,-240.0,10,85,44.7,-45.0,5.0,-5.0,0.809,-70.0,13,不採用,23.9
ema_cross(EMA5/20),ema_cross,5,5,NY(21-24),全曜日,下降のみ,ATR高,5,20,334,39.2,-360.0,5.0,-5.0,0.645,-395.0,10,84,36.9,-110.0,5.0,-5.0,0.585,-115.0,5,不採用,23.9
ema_cross(EMA5/20),ema_cross,5,8,東京(9-15),火,下降のみ,ATR高,5,20,46,54.3,-43.0,5.0,-8.0,0.744,-85.0,5,24,50.0,-36.0,5.0,-8.0,0.625,-56.0,5,不採用,23.9
ema_cross(EMA5/20),ema_cross,5,12,東京(9-15),月,順方向のみ,なし,5,20,188,70.2,-16.8,4.96,-12.0,0.975,-104.0,4,75,62.7,-101.0,5.0,-12.0,0.699,-132.0,4,不採用,23.9
ema_cross(EMA5/20),ema_cross,5,12,NY(21-24),全曜日,順方向のみ,なし,5,20,482,67.0,-195.5,4.98,-11.34,0.892,-292.1,5,179,62.0,-237.1,5.0,-11.65,0.701,-258.2,4,不採用,23.9
ema_cross(EMA5/20),ema_cross,5,12,21時台,木,なし,直近30分変動大,5,20,93,74.2,57.0,5.0,-12.0,1.198,-60.0,5,39,64.1,-43.0,5.0,-12.0,0.744,-91.0,4,不採用,23.9
ema_cross(EMA5/20),ema_cross,5,5,全時間,月,順方向のみ,なし,5,20,658,47.3,-179.2,4.99,-4.99,0.897,-251.8,9,241,43.2,-165.0,5.0,-5.0,0.759,-210.0,10,不採用,23.8
ema_cross(EMA5/20),ema_cross,5,5,22時台,月,下降のみ,なし,5,20,43,58.1,32.6,4.9,-5.0,1.362,-20.0,4,17,47.1,-9.6,4.42,-5.0,0.787,-25.0,5,不採用,23.8
ema_cross(EMA5/20),ema_cross,5,8,ロンドン(16-21),全曜日,上昇のみ,直近30分変動大,5,20,517,57.8,-242.5,5.0,-7.97,0.86,-393.5,5,211,53.1,-232.0,5.0,-8.0,0.707,-243.0,6,不採用,23.8
ema_cross(EMA5/20),ema_cross,5,8,ロンドン(16-21),火,なし,なし,5,20,576,61.6,7.0,5.0,-8.0,1.004,-255.0,5,233,54.5,-213.0,5.0,-8.0,0.749,-231.0,7,不採用,23.8
ema_cross(EMA5/20),ema_cross,5,8,NY(21-24),金,下降のみ,直近30分変動大,5,20,64,54.7,-61.8,4.86,-8.0,0.734,-71.8,4,30,50.0,-45.0,5.0,-8.0,0.625,-75.0,5,不採用,23.8
ema_cross(EMA5/20),ema_cross,5,8,9時台,水,レンジのみ,ATR低,5,20,20,55.0,-17.0,5.0,-8.0,0.764,-35.0,4,13,46.2,-26.0,5.0,-8.0,0.536,-23.0,2,不採用,23.8
ema_cross(EMA5/20),ema_cross,5,10,16時台,火,なし,ATR高,5,20,52,67.3,5.0,5.0,-10.0,1.029,-55.0,3,28,57.1,-40.0,5.0,-10.0,0.667,-75.0,3,不採用,23.8
ema_cross(EMA5/20),ema_cross,5,10,21時台,火,下降のみ,なし,5,20,45,77.8,75.0,5.0,-10.0,1.75,-20.0,2,18,61.1,-15.0,5.0,-10.0,0.786,-40.0,3,不採用,23.8
ema_cross(EMA5/20),ema_cross,5,10,22時台,全曜日,順方向のみ,なし,5,20,231,59.7,-191.9,4.98,-9.46,0.782,-232.7,4,88,56.8,-130.0,5.0,-10.0,0.658,-125.0,5,不採用,23.8
ema_cross(EMA5/20),ema_cross,5,12,21時台,全曜日,下降のみ,なし,5,20,247,68.0,-90.7,5.0,-11.78,0.903,-168.3,4,92,63.0,-118.0,5.0,-12.0,0.711,-166.0,5,不採用,23.8
ema_cross(EMA5/20),ema_cross,5,15,全時間,全曜日,下降のみ,直近30分変動大,5,20,1907,71.3,-1331.6,4.99,-14.81,0.836,-1391.5,9,883,71.1,-638.6,5.0,-14.82,0.831,-685.0,6,不採用,23.8
ema_cross(EMA5/20),ema_cross,5,15,ロンドン(16-21),金,上昇のみ,ATR高,5,20,78,75.6,10.0,5.0,-15.0,1.035,-90.0,2,21,66.7,-35.0,5.0,-15.0,0.667,-65.0,3,不採用,23.8
ema_cross(EMA5/20),ema_cross,5,8,ロンドン(16-21),水,順方向のみ,なし,5,20,210,64.3,82.9,5.0,-7.89,1.14,-52.1,4,75,53.3,-80.0,5.0,-8.0,0.714,-100.0,4,不採用,23.7
ema_cross(EMA5/20),ema_cross,5,8,NY(21-24),全曜日,上昇のみ,ATR低,5,20,81,69.1,117.9,5.0,-6.48,1.727,-35.3,3,60,55.0,-51.0,5.0,-8.0,0.764,-60.0,3,不採用,23.7
ema_cross(EMA5/20),ema_cross,5,8,21時台,木,レンジのみ,なし,5,20,46,65.2,22.0,5.0,-8.0,1.172,-36.0,4,23,52.2,-28.0,5.0,-8.0,0.682,-40.0,3,不採用,23.7
ema_cross(EMA5/20),ema_cross,5,10,ロンドン(16-21),月,なし,なし,5,20,515,61.7,-377.3,5.0,-9.98,0.808,-452.3,9,217,59.0,-250.0,5.0,-10.0,0.719,-245.0,7,不採用,23.7
ema_cross(EMA5/20),ema_cross,5,10,9時台,月,上昇のみ,なし,5,20,64,68.8,20.0,5.0,-10.0,1.1,-70.0,5,34,58.8,-40.0,5.0,-10.0,0.714,-80.0,4,不採用,23.7
ema_cross(EMA5/20),ema_cross,5,10,9時台,木,レンジのみ,なし,5,20,51,72.5,45.0,5.0,-10.0,1.321,-40.0,4,17,58.8,-20.0,5.0,-10.0,0.714,-35.0,3,不採用,23.7
ema_cross(EMA5/20),ema_cross,5,10,22時台,火,順方向のみ,ATR低,5,20,4,100.0,20.0,5.0,0.0,999.0,0.0,0,3,66.7,0.0,5.0,-10.0,1.0,0.0,1,不採用,23.7
ema_cross(EMA5/20),ema_cross,5,12,東京(9-15),火,なし,ATR高,5,20,102,67.6,-51.0,5.0,-12.0,0.871,-133.0,4,57,61.4,-89.0,5.0,-12.0,0.663,-112.0,4,不採用,23.7
ema_cross(EMA5/20),ema_cross,5,12,ロンドン(16-21),金,なし,ATR高,5,20,227,72.2,64.0,5.0,-12.0,1.085,-136.0,4,69,62.3,-97.0,5.0,-12.0,0.689,-112.0,3,不採用,23.7
ema_cross(EMA5/20),ema_cross,5,12,21時台,全曜日,レンジのみ,ATR低,5,20,28,57.1,-59.9,5.0,-11.66,0.572,-75.9,5,18,55.6,-46.0,5.0,-12.0,0.521,-54.0,4,不採用,23.7
ema_cross(EMA5/20),ema_cross,5,15,NY(21-24),金,なし,ATR高,5,20,169,72.8,-56.3,4.96,-14.49,0.916,-136.3,5,43,65.1,-85.0,5.0,-15.0,0.622,-100.0,2,不採用,23.7
ema_cross(EMA5/20),ema_cross,5,5,全時間,金,下降のみ,なし,5,20,1040,46.2,-387.3,5.0,-5.0,0.861,-447.3,12,393,41.7,-325.0,5.0,-5.0,0.716,-365.0,9,不採用,23.6
ema_cross(EMA5/20),ema_cross,5,5,NY(21-24),全曜日,順方向のみ,なし,5,20,505,45.9,-199.8,4.99,-4.97,0.853,-272.4,7,188,41.0,-170.0,5.0,-5.0,0.694,-190.0,7,不採用,23.6
ema_cross(EMA5/20),ema_cross,5,5,9時台,木,上昇のみ,ATR低,5,20,22,36.4,-30.0,5.0,-5.0,0.571,-25.0,5,9,33.3,-15.0,5.0,-5.0,0.5,-20.0,4,不採用,23.6
ema_cross(EMA5/20),ema_cross,5,8,22時台,火,レンジのみ,直近30分変動大,5,20,11,63.6,3.0,5.0,-8.0,1.094,-22.0,2,8,50.0,-12.0,5.0,-8.0,0.625,-27.0,2,不採用,23.6
ema_cross(EMA5/20),ema_cross,5,8,22時台,水,順方向のみ,なし,5,20,39,53.8,-32.2,5.0,-7.62,0.765,-34.2,4,30,50.0,-45.0,5.0,-8.0,0.625,-49.0,5,不採用,23.6
ema_cross(EMA5/20),ema_cross,5,8,22時台,水,順方向のみ,直近30分変動大,5,20,17,52.9,-19.0,5.0,-8.0,0.703,-31.0,2,13,46.2,-26.0,5.0,-8.0,0.536,-22.0,3,不採用,23.6
ema_cross(EMA5/20),ema_cross,5,10,ロンドン(16-21),木,下降のみ,ATR低,5,20,17,82.4,40.0,5.0,-10.0,2.333,-10.0,1,5,60.0,-5.0,5.0,-10.0,0.75,-10.0,1,不採用,23.6
ema_cross(EMA5/20),ema_cross,5,10,16時台,全曜日,下降のみ,なし,5,20,208,69.2,80.0,5.0,-10.0,1.125,-55.0,4,89,59.6,-95.0,5.0,-10.0,0.736,-100.0,5,不採用,23.6
ema_cross(EMA5/20),ema_cross,5,10,21時台,火,順方向のみ,直近30分変動大,5,20,17,82.4,40.0,5.0,-10.0,2.333,-10.0,1,5,60.0,-5.0,5.0,-10.0,0.75,-10.0,1,不採用,23.6
ema_cross(EMA5/20),ema_cross,5,15,NY(21-24),全曜日,順方向のみ,ATR低,5,20,57,77.2,71.7,4.95,-11.22,1.491,-35.0,2,33,66.7,-42.9,5.0,-13.9,0.719,-67.9,2,不採用,23.6
ema_cross(EMA5/20),ema_cross,5,15,NY(21-24),金,上昇のみ,直近30分変動大,5,20,78,70.5,-70.0,5.0,-15.0,0.797,-100.0,3,25,64.0,-52.4,4.71,-14.2,0.59,-57.8,3,不採用,23.6
ema_cross(EMA5/20),ema_cross,5,5,9時台,水,なし,直近30分変動大,5,20,58,32.8,-100.0,5.0,-5.0,0.487,-95.0,7,41,36.6,-55.0,5.0,-5.0,0.577,-75.0,9,不採用,23.5
ema_cross(EMA5/20),ema_cross,5,8,全時間,火,なし,なし,5,20,2379,58.0,-1088.0,5.0,-8.0,0.864,-1226.0,8,1001,57.4,-533.0,5.0,-8.0,0.844,-630.0,9,不採用,23.5
ema_cross(EMA5/20),ema_cross,5,8,全時間,火,レンジのみ,ATR高,5,20,157,59.2,-47.0,5.0,-8.0,0.908,-136.0,4,70,51.4,-92.0,5.0,-8.0,0.662,-117.0,4,不採用,23.5
ema_cross(EMA5/20),ema_cross,5,8,10時台,全曜日,順方向のみ,ATR高,5,20,59,62.7,9.0,5.0,-8.0,1.051,-44.0,5,24,50.0,-36.0,5.0,-8.0,0.625,-56.0,2,不採用,23.5
ema_cross(EMA5/20),ema_cross,5,10,9時台,水,レンジのみ,ATR低,5,20,20,65.0,-5.0,5.0,-10.0,0.929,-35.0,3,13,53.8,-25.0,5.0,-10.0,0.583,-25.0,2,不採用,23.5
ema_cross(EMA5/20),ema_cross,5,15,東京(9-15),火,上昇のみ,ATR低,5,20,89,76.4,25.0,5.0,-15.0,1.079,-60.0,3,31,67.7,-45.0,5.0,-15.0,0.7,-60.0,4,不採用,23.5
ema_cross(EMA5/20),ema_cross,5,15,NY(21-24),全曜日,順方向のみ,直近30分変動大,5,20,209,69.4,-210.4,5.0,-14.62,0.775,-235.4,3,77,67.5,-115.0,5.0,-15.0,0.693,-155.0,6,不採用,23.5
ema_cross(EMA5/20),ema_cross,5,5,東京(9-15),火,なし,直近30分変動大,5,20,278,43.9,-170.0,5.0,-5.0,0.782,-215.0,9,139,40.3,-135.0,5.0,-5.0,0.675,-155.0,7,不採用,23.4
ema_cross(EMA5/20),ema_cross,5,8,9時台,月,上昇のみ,ATR高,5,20,19,57.9,-9.0,5.0,-8.0,0.859,-43.0,5,16,50.0,-24.0,5.0,-8.0,0.625,-43.0,4,不採用,23.4
ema_cross(EMA5/20),ema_cross,5,8,9時台,水,上昇のみ,ATR低,5,20,27,51.9,-34.0,5.0,-8.0,0.673,-50.0,4,11,45.5,-23.0,5.0,-8.0,0.521,-25.0,3,不採用,23.4
ema_cross(EMA5/20),ema_cross,5,10,9時台,全曜日,上昇のみ,ATR低,5,20,104,66.3,-5.0,5.0,-10.0,0.986,-75.0,3,41,56.1,-65.0,5.0,-10.0,0.639,-55.0,3,不採用,23.4
ema_cross(EMA5/20),ema_cross,5,15,9時台,金,上昇のみ,ATR高,5,20,4,100.0,20.0,5.0,0.0,999.0,0.0,0,4,75.0,0.0,5.0,-15.0,1.0,-15.0,1,不採用,23.4
ema_cross(EMA5/20),ema_cross,5,5,NY(21-24),全曜日,下降のみ,なし,5,20,523,43.2,-348.7,5.0,-4.98,0.764,-383.7,9,201,42.3,-159.6,4.95,-5.0,0.725,-205.0,10,不採用,23.3
ema_cross(EMA5/20),ema_cross,5,5,21時台,全曜日,順方向のみ,直近30分変動大,5,20,106,39.6,-110.0,5.0,-5.0,0.656,-130.0,7,40,37.5,-50.0,5.0,-5.0,0.6,-75.0,6,不採用,23.3
ema_cross(EMA5/20),ema_cross,5,5,22時台,水,下降のみ,直近30分変動大,5,20,27,48.1,-5.0,5.0,-5.0,0.929,-35.0,7,16,37.5,-20.0,5.0,-5.0,0.6,-15.0,3,不採用,23.3
ema_cross(EMA5/20),ema_cross,5,8,ロンドン(16-21),火,上昇のみ,直近30分変動大,5,20,110,60.0,-22.0,5.0,-8.0,0.938,-112.0,6,43,51.2,-58.0,5.0,-8.0,0.655,-72.0,4,不採用,23.3
ema_cross(EMA5/20),ema_cross,5,8,9時台,火,上昇のみ,直近30分変動大,5,20,23,60.9,-2.0,5.0,-8.0,0.972,-24.0,3,12,50.0,-18.0,5.0,-8.0,0.625,-35.0,3,不採用,23.3
ema_cross(EMA5/20),ema_cross,5,8,22時台,全曜日,レンジのみ,ATR高,5,20,102,52.0,-127.0,5.0,-8.0,0.676,-150.0,4,31,48.4,-53.0,5.0,-8.0,0.586,-57.0,5,不採用,23.3
ema_cross(EMA5/20),ema_cross,5,10,ロンドン(16-21),全曜日,順方向のみ,ATR高,5,20,361,64.5,-115.0,5.0,-10.0,0.91,-215.0,5,130,57.7,-175.0,5.0,-10.0,0.682,-200.0,4,不採用,23.3
ema_cross(EMA5/20),ema_cross,5,10,10時台,木,下降のみ,なし,5,20,40,62.5,-25.0,5.0,-10.0,0.833,-60.0,2,17,52.9,-35.0,5.0,-10.0,0.562,-50.0,2,不採用,23.3
ema_cross(EMA5/20),ema_cross,5,10,21時台,月,なし,なし,5,20,129,70.5,89.7,5.0,-9.61,1.246,-40.0,2,53,60.4,-50.0,5.0,-10.0,0.762,-80.0,5,不採用,23.3
ema_cross(EMA5/20),ema_cross,5,12,9時台,木,なし,直近30分変動大,5,20,81,77.8,99.0,5.0,-12.0,1.458,-31.0,2,36,63.9,-41.0,5.0,-12.0,0.737,-64.0,3,不採用,23.3
ema_cross(EMA5/20),ema_cross,5,15,全時間,火,レンジのみ,ATR高,5,20,135,74.1,-15.7,5.0,-14.73,0.97,-130.0,3,59,66.1,-97.0,5.0,-14.6,0.668,-137.0,3,不採用,23.3
ema_cross(EMA5/20),ema_cross,5,5,全時間,金,順方向のみ,ATR低,5,20,296,48.0,-60.0,5.0,-5.0,0.922,-160.0,7,123,42.3,-95.0,5.0,-5.0,0.732,-115.0,8,不採用,23.2
ema_cross(EMA5/20),ema_cross,5,5,10時台,水,なし,ATR高,5,20,55,43.6,-35.0,5.0,-5.0,0.774,-55.0,5,21,38.1,-25.0,5.0,-5.0,0.615,-45.0,5,不採用,23.2
ema_cross(EMA5/20),ema_cross,5,8,東京(9-15),木,なし,直近30分変動大,5,20,315,58.4,-128.0,5.0,-8.0,0.878,-204.0,5,150,54.0,-147.0,5.0,-8.0,0.734,-224.0,7,不採用,23.2
ema_cross(EMA5/20),ema_cross,5,8,NY(21-24),金,上昇のみ,なし,5,20,150,58.7,-41.3,5.0,-7.76,0.914,-107.0,5,54,50.0,-81.0,5.0,-8.0,0.625,-93.0,3,不採用,23.2
ema_cross(EMA5/20),ema_cross,5,8,21時台,全曜日,順方向のみ,なし,5,20,265,62.3,36.2,5.0,-7.89,1.046,-90.8,6,98,54.1,-95.0,5.0,-8.0,0.736,-115.0,6,不採用,23.2
ema_cross(EMA5/20),ema_cross,5,10,全時間,全曜日,レンジのみ,ATR高,5,20,1017,62.7,-579.0,5.0,-9.94,0.846,-619.0,6,357,59.7,-364.3,5.0,-9.93,0.745,-399.3,8,不採用,23.2
ema_cross(EMA5/20),ema_cross,5,10,東京(9-15),木,上昇のみ,ATR高,5,20,37,78.4,65.0,5.0,-10.0,1.812,-35.0,3,18,61.1,-15.0,5.0,-10.0,0.786,-55.0,3,不採用,23.2
ema_cross(EMA5/20),ema_cross,5,10,ロンドン(16-21),水,下降のみ,ATR低,5,20,17,58.8,-20.0,5.0,-10.0,0.714,-45.0,2,4,50.0,-10.0,5.0,-10.0,0.5,-10.0,2,不採用,23.2
ema_cross(EMA5/20),ema_cross,5,12,22時台,金,順方向のみ,ATR高,5,20,30,63.3,-30.4,5.0,-11.4,0.758,-50.4,3,7,57.1,-16.0,5.0,-12.0,0.556,-36.0,3,不採用,23.2
ema_cross(EMA5/20),ema_cross,5,15,10時台,月,上昇のみ,ATR高,5,20,21,52.4,-95.0,5.0,-15.0,0.367,-110.0,4,10,50.0,-50.0,5.0,-15.0,0.333,-40.0,1,不採用,23.2
ema_cross(EMA5/20),ema_cross,5,15,10時台,水,順方向のみ,ATR高,5,20,12,83.3,20.0,5.0,-15.0,1.667,-30.0,2,3,66.7,-5.0,5.0,-15.0,0.667,0.0,1,不採用,23.2
ema_cross(EMA5/20),ema_cross,5,5,東京(9-15),月,下降のみ,直近30分変動大,5,20,92,46.7,-30.0,5.0,-5.0,0.878,-70.0,5,42,40.5,-40.0,5.0,-5.0,0.68,-65.0,6,不採用,23.1
ema_cross(EMA5/20),ema_cross,5,5,NY(21-24),水,なし,直近30分変動大,5,20,127,41.7,-105.0,5.0,-5.0,0.716,-110.0,8,68,38.2,-80.0,5.0,-5.0,0.619,-85.0,6,不採用,23.1
ema_cross(EMA5/20),ema_cross,5,5,9時台,火,なし,なし,5,20,186,49.5,-10.0,5.0,-5.0,0.979,-85.0,7,60,43.3,-40.0,5.0,-5.0,0.765,-75.0,8,不採用,23.1
ema_cross(EMA5/20),ema_cross,5,5,16時台,木,下降のみ,ATR高,5,20,28,39.3,-30.0,5.0,-5.0,0.647,-35.0,4,9,33.3,-15.0,5.0,-5.0,0.5,-20.0,3,不採用,23.1
ema_cross(EMA5/20),ema_cross,5,5,21時台,木,上昇のみ,直近30分変動大,5,20,35,48.6,-5.0,5.0,-5.0,0.944,-25.0,3,15,40.0,-15.0,5.0,-5.0,0.667,-25.0,5,不採用,23.1
ema_cross(EMA5/20),ema_cross,5,8,16時台,月,順方向のみ,ATR高,5,20,6,100.0,30.0,5.0,0.0,999.0,0.0,0,8,62.5,1.0,5.0,-8.0,1.042,-19.0,2,不採用,23.1
ema_cross(EMA5/20),ema_cross,5,10,東京(9-15),月,上昇のみ,直近30分変動大,5,20,101,63.4,-50.0,5.0,-10.0,0.865,-130.0,5,55,56.4,-85.0,5.0,-10.0,0.646,-110.0,4,不採用,23.1
ema_cross(EMA5/20),ema_cross,5,10,東京(9-15),水,順方向のみ,直近30分変動大,5,20,46,65.2,-10.0,5.0,-10.0,0.938,-55.0,3,24,54.2,-45.0,5.0,-10.0,0.591,-55.0,2,不採用,23.1
ema_cross(EMA5/20),ema_cross,5,10,NY(21-24),全曜日,なし,ATR高,5,20,749,59.9,-713.1,4.99,-9.84,0.759,-773.1,8,194,57.7,-254.0,5.0,-9.93,0.688,-265.0,6,不採用,23.1
ema_cross(EMA5/20),ema_cross,5,10,9時台,火,順方向のみ,なし,5,20,34,76.5,50.0,5.0,-10.0,1.625,-25.0,2,15,60.0,-15.0,5.0,-10.0,0.75,-35.0,3,不採用,23.1
ema_cross(EMA5/20),ema_cross,5,10,16時台,金,なし,ATR高,5,20,64,65.6,-10.0,5.0,-10.0,0.955,-65.0,3,13,53.8,-25.0,5.0,-10.0,0.583,-30.0,2,不採用,23.1
ema_cross(EMA5/20),ema_cross,5,10,21時台,木,なし,直近30分変動大,5,20,94,70.2,50.0,5.0,-10.0,1.179,-80.0,5,39,59.0,-45.0,5.0,-10.0,0.719,-85.0,4,不採用,23.1
ema_cross(EMA5/20),ema_cross,5,12,全時間,金,レンジのみ,ATR低,5,20,175,65.7,-145.0,5.0,-12.0,0.799,-227.0,7,80,61.3,-127.0,5.0,-12.0,0.659,-130.0,5,不採用,23.1
ema_cross(EMA5/20),ema_cross,5,12,21時台,金,なし,ATR低,5,20,19,73.7,19.7,5.0,-10.06,1.392,-24.0,2,16,62.5,-15.6,5.0,-10.93,0.762,-60.6,4,不採用,23.1
ema_cross(EMA5/20),ema_cross,5,15,東京(9-15),金,順方向のみ,ATR高,5,20,48,85.4,100.0,5.0,-15.0,1.952,-30.0,2,19,68.4,-25.0,5.0,-15.0,0.722,-50.0,1,不採用,23.1
ema_cross(EMA5/20),ema_cross,5,15,NY(21-24),木,なし,なし,5,20,273,75.5,77.9,4.99,-14.18,1.082,-125.0,4,92,67.4,-131.3,5.0,-14.71,0.702,-181.3,3,不採用,23.1
ema_cross(EMA5/20),ema_cross,5,5,全時間,全曜日,レンジのみ,直近30分変動大,5,20,1486,43.7,-930.0,5.0,-5.0,0.778,-955.0,11,733,43.2,-495.0,5.0,-5.0,0.762,-540.0,10,不採用,23.0
ema_cross(EMA5/20),ema_cross,5,8,10時台,全曜日,なし,なし,5,20,602,59.8,-136.0,5.0,-8.0,0.93,-293.0,6,236,55.1,-198.0,5.0,-8.0,0.767,-250.0,9,不採用,23.0
ema_cross(EMA5/20),ema_cross,5,10,東京(9-15),月,レンジのみ,ATR低,5,20,53,69.8,25.0,5.0,-10.0,1.156,-35.0,3,9,55.6,-15.0,5.0,-10.0,0.625,-20.0,2,不採用,23.0
ema_cross(EMA5/20),ema_cross,5,12,NY(21-24),全曜日,下降のみ,ATR高,5,20,288,63.2,-347.8,4.97,-11.82,0.722,-371.8,4,79,60.8,-132.0,5.0,-12.0,0.645,-176.0,5,不採用,23.0
ema_cross(EMA5/20),ema_cross,5,15,東京(9-15),水,上昇のみ,ATR低,5,20,89,70.8,-68.4,5.0,-14.75,0.822,-138.4,4,33,63.6,-75.0,5.0,-15.0,0.583,-110.0,2,不採用,23.0
ema_cross(EMA5/20),ema_cross,5,15,ロンドン(16-21),月,レンジのみ,なし,5,20,129,70.5,-103.3,4.99,-14.68,0.815,-143.3,3,67,65.7,-117.9,5.0,-14.69,0.651,-155.0,4,不採用,23.0
ema_cross(EMA5/20),ema_cross,5,15,NY(21-24),水,レンジのみ,直近30分変動大,5,20,29,72.4,-15.0,5.0,-15.0,0.875,-35.0,2,8,62.5,-20.0,5.0,-15.0,0.556,-20.0,2,不採用,23.0
ema_cross(EMA5/20),ema_cross,5,5,NY(21-24),火,レンジのみ,ATR低,5,20,11,45.5,-5.0,5.0,-5.0,0.833,-20.0,3,3,33.3,-5.0,5.0,-5.0,0.5,-5.0,1,不採用,22.9
ema_cross(EMA5/20),ema_cross,5,8,21時台,月,上昇のみ,なし,5,20,61,77.0,130.1,5.0,-7.49,2.24,-30.0,3,20,55.0,-17.0,5.0,-8.0,0.764,-24.0,2,不採用,22.9
ema_cross(EMA5/20),ema_cross,5,8,22時台,全曜日,下降のみ,ATR高,5,20,167,53.3,-183.8,4.95,-8.0,0.705,-217.8,7,50,48.0,-88.0,5.0,-8.0,0.577,-87.0,4,不採用,22.9
ema_cross(EMA5/20),ema_cross,5,10,9時台,水,下降のみ,直近30分変動大,5,20,20,70.0,10.0,5.0,-10.0,1.167,-10.0,2,9,55.6,-15.0,5.0,-10.0,0.625,-20.0,2,不採用,22.9
ema_cross(EMA5/20),ema_cross,5,12,16時台,水,順方向のみ,なし,5,20,42,73.8,30.6,5.0,-11.31,1.246,-45.0,3,22,63.6,-26.0,5.0,-12.0,0.729,-66.0,4,不採用,22.9
ema_cross(EMA5/20),ema_cross,5,15,東京(9-15),火,レンジのみ,ATR高,5,20,22,68.2,-30.0,5.0,-15.0,0.714,-60.0,3,18,61.1,-50.0,5.0,-15.0,0.524,-65.0,2,不採用,22.9
ema_cross(EMA5/20),ema_cross,5,8,全時間,全曜日,上昇のみ,ATR低,5,20,1612,59.0,-476.6,4.98,-7.89,0.909,-622.6,9,674,55.0,-552.7,4.99,-7.93,0.77,-566.7,7,不採用,22.8
ema_cross(EMA5/20),ema_cross,5,10,ロンドン(16-21),火,レンジのみ,ATR高,5,20,52,65.4,-10.0,5.0,-10.0,0.944,-45.0,4,20,55.0,-35.0,5.0,-10.0,0.611,-45.0,3,不採用,22.8
ema_cross(EMA5/20),ema_cross,5,10,ロンドン(16-21),火,レンジのみ,直近30分変動大,5,20,67,71.6,50.0,5.0,-10.0,1.263,-40.0,2,38,57.9,-50.0,5.0,-10.0,0.688,-60.0,3,不採用,22.8
ema_cross(EMA5/20),ema_cross,5,10,ロンドン(16-21),金,なし,ATR高,5,20,233,69.1,85.0,5.0,-10.0,1.118,-135.0,5,70,60.0,-70.0,5.0,-10.0,0.75,-90.0,6,不採用,22.8
ema_cross(EMA5/20),ema_cross,5,10,21時台,水,なし,直近30分変動大,5,20,59,59.3,-65.0,5.0,-10.0,0.729,-105.0,7,28,53.6,-55.0,5.0,-10.0,0.577,-60.0,4,不採用,22.8
ema_cross(EMA5/20),ema_cross,5,15,全時間,全曜日,順方向のみ,ATR高,5,20,1287,72.9,-443.0,4.99,-14.69,0.914,-588.0,5,451,69.0,-525.1,5.0,-14.86,0.748,-579.3,5,不採用,22.8
ema_cross(EMA5/20),ema_cross,5,5,21時台,全曜日,順方向のみ,なし,5,20,271,46.5,-95.0,5.0,-5.0,0.869,-175.0,8,99,42.4,-75.0,5.0,-5.0,0.737,-95.0,9,不採用,22.7
ema_cross(EMA5/20),ema_cross,5,10,東京(9-15),月,順方向のみ,なし,5,20,194,66.5,-5.0,5.0,-10.0,0.992,-75.0,4,77,58.4,-95.0,5.0,-10.0,0.703,-125.0,5,不採用,22.7
ema_cross(EMA5/20),ema_cross,5,12,東京(9-15),火,レンジのみ,ATR高,5,20,22,63.6,-26.0,5.0,-12.0,0.729,-43.0,3,18,55.6,-46.0,5.0,-12.0,0.521,-56.0,2,不採用,22.7
ema_cross(EMA5/20),ema_cross,5,15,全時間,全曜日,上昇のみ,ATR低,5,20,1326,72.2,-393.2,4.98,-14.02,0.924,-502.0,5,527,68.7,-526.2,4.98,-14.11,0.774,-607.3,7,不採用,22.7
ema_cross(EMA5/20),ema_cross,5,5,22時台,水,なし,直近30分変動大,5,20,67,44.8,-35.0,5.0,-5.0,0.811,-50.0,6,40,40.0,-40.0,5.0,-5.0,0.667,-40.0,7,不採用,22.6
ema_cross(EMA5/20),ema_cross,5,8,NY(21-24),水,なし,ATR高,5,20,134,48.5,-227.0,5.0,-8.0,0.589,-237.0,8,51,47.1,-96.0,5.0,-8.0,0.556,-115.0,5,不採用,22.6
ema_cross(EMA5/20),ema_cross,5,10,東京(9-15),水,下降のみ,ATR低,5,20,66,74.2,75.0,5.0,-10.0,1.441,-35.0,2,14,57.1,-20.0,5.0,-10.0,0.667,-20.0,2,不採用,22.6
ema_cross(EMA5/20),ema_cross,5,10,ロンドン(16-21),金,順方向のみ,なし,5,20,190,61.1,-131.8,5.0,-9.62,0.815,-191.8,7,77,58.4,-95.0,5.0,-10.0,0.703,-135.0,7,不採用,22.6
ema_cross(EMA5/20),ema_cross,5,10,10時台,全曜日,なし,なし,5,20,582,65.5,-105.0,5.0,-10.0,0.948,-355.0,6,231,59.3,-255.0,5.0,-10.0,0.729,-295.0,6,不採用,22.6
ema_cross(EMA5/20),ema_cross,5,10,10時台,火,順方向のみ,なし,5,20,26,53.8,-50.0,5.0,-10.0,0.583,-65.0,3,10,50.0,-25.0,5.0,-10.0,0.5,-40.0,4,不採用,22.6
ema_cross(EMA5/20),ema_cross,5,10,22時台,全曜日,下降のみ,ATR低,5,20,11,54.5,-13.8,4.6,-8.28,0.667,-20.0,2,8,50.0,-18.8,3.85,-8.55,0.45,-24.6,1,不採用,22.6
ema_cross(EMA5/20),ema_cross,5,12,東京(9-15),全曜日,上昇のみ,ATR低,5,20,397,67.5,-204.4,5.0,-11.97,0.868,-275.4,5,142,61.3,-225.0,5.0,-12.0,0.659,-245.0,3,不採用,22.6
ema_cross(EMA5/20),ema_cross,5,12,東京(9-15),火,上昇のみ,なし,5,20,221,65.2,-204.0,5.0,-12.0,0.779,-279.0,4,85,61.2,-136.0,5.0,-12.0,0.657,-166.0,5,不採用,22.6
ema_cross(EMA5/20),ema_cross,5,12,21時台,全曜日,レンジのみ,ATR高,5,20,68,66.2,-51.0,5.0,-12.0,0.815,-73.0,5,17,58.8,-29.0,5.0,-11.29,0.633,-60.0,5,不採用,22.6
ema_cross(EMA5/20),ema_cross,5,15,9時台,水,なし,なし,5,20,143,72.0,-85.0,5.0,-15.0,0.858,-180.0,3,67,65.7,-125.0,5.0,-15.0,0.638,-165.0,3,不採用,22.6
ema_cross(EMA5/20),ema_cross,5,15,10時台,火,順方向のみ,なし,5,20,26,65.4,-50.0,5.0,-15.0,0.63,-60.0,3,10,60.0,-30.0,5.0,-15.0,0.5,-45.0,3,不採用,22.6
ema_cross(EMA5/20),ema_cross,5,5,ロンドン(16-21),火,レンジのみ,直近30分変動大,5,20,68,55.9,40.0,5.0,-5.0,1.267,-25.0,3,39,41.0,-35.0,5.0,-5.0,0.696,-40.0,4,不採用,22.5
ema_cross(EMA5/20),ema_cross,5,8,NY(21-24),全曜日,順方向のみ,直近30分変動大,5,20,211,53.6,-219.0,5.0,-8.0,0.721,-261.0,4,79,50.6,-112.0,5.0,-8.0,0.641,-144.0,6,不採用,22.5
ema_cross(EMA5/20),ema_cross,5,8,9時台,水,なし,直近30分変動大,5,20,58,44.8,-126.0,5.0,-8.0,0.508,-132.0,7,41,48.8,-68.0,5.0,-8.0,0.595,-116.0,9,不採用,22.5
ema_cross(EMA5/20),ema_cross,5,12,全時間,金,順方向のみ,ATR低,5,20,247,69.6,-4.9,5.0,-11.53,0.994,-133.4,3,108,61.1,-163.2,5.0,-11.74,0.669,-184.2,3,不採用,22.5
ema_cross(EMA5/20),ema_cross,5,12,ロンドン(16-21),全曜日,順方向のみ,ATR高,5,20,356,68.8,-107.0,5.0,-12.0,0.92,-225.0,5,127,62.2,-181.0,5.0,-12.0,0.686,-223.0,4,不採用,22.5
ema_cross(EMA5/20),ema_cross,5,12,16時台,木,なし,直近30分変動大,5,20,71,66.2,-53.0,5.0,-12.0,0.816,-116.0,4,31,58.1,-66.0,5.0,-12.0,0.577,-57.0,3,不採用,22.5
ema_cross(EMA5/20),ema_cross,5,5,全時間,火,上昇のみ,ATR高,5,20,316,38.9,-350.0,5.0,-5.0,0.637,-380.0,9,104,38.5,-120.0,5.0,-5.0,0.625,-120.0,8,不採用,22.4
ema_cross(EMA5/20),ema_cross,5,5,16時台,金,なし,直近30分変動大,5,20,78,46.2,-30.0,5.0,-5.0,0.857,-45.0,5,31,38.7,-35.0,5.0,-5.0,0.632,-55.0,5,不採用,22.4
ema_cross(EMA5/20),ema_cross,5,5,21時台,全曜日,なし,直近30分変動大,5,20,388,47.2,-110.0,5.0,-5.0,0.893,-155.0,6,154,40.3,-150.0,5.0,-5.0,0.674,-185.0,6,不採用,22.4
ema_cross(EMA5/20),ema_cross,5,8,NY(21-24),全曜日,下降のみ,ATR高,5,20,315,52.1,-392.8,4.97,-8.0,0.675,-408.8,9,83,48.2,-144.0,5.0,-8.0,0.581,-156.0,4,不採用,22.4
ema_cross(EMA5/20),ema_cross,5,10,21時台,木,下降のみ,直近30分変動大,5,20,35,62.9,-20.0,5.0,-10.0,0.846,-50.0,3,11,54.5,-20.0,5.0,-10.0,0.6,-35.0,4,不採用,22.4
ema_cross(EMA5/20),ema_cross,5,10,21時台,金,レンジのみ,ATR高,5,20,22,63.6,-10.0,5.0,-10.0,0.875,-25.0,2,2,50.0,-5.0,5.0,-10.0,0.5,0.0,1,不採用,22.4
ema_cross(EMA5/20),ema_cross,5,12,9時台,木,なし,ATR高,5,20,26,84.6,62.0,5.0,-12.0,2.292,-31.0,2,17,64.7,-17.0,5.0,-12.0,0.764,-37.0,2,不採用,22.4
ema_cross(EMA5/20),ema_cross,5,12,16時台,火,上昇のみ,なし,5,20,63,65.1,-59.0,5.0,-12.0,0.777,-94.0,4,23,60.9,-38.0,5.0,-12.0,0.648,-72.0,6,不採用,22.4
ema_cross(EMA5/20),ema_cross,5,12,22時台,月,順方向のみ,直近30分変動大,5,20,9,77.8,11.0,5.0,-12.0,1.458,-12.0,2,5,60.0,-9.0,5.0,-12.0,0.625,-12.0,1,不採用,22.4
ema_cross(EMA5/20),ema_cross,5,5,9時台,金,なし,ATR高,5,20,38,52.6,10.0,5.0,-5.0,1.111,-20.0,3,13,38.5,-15.0,5.0,-5.0,0.625,-15.0,3,不採用,22.3
ema_cross(EMA5/20),ema_cross,5,5,10時台,金,順方向のみ,なし,5,20,23,56.5,15.0,5.0,-5.0,1.3,-10.0,2,10,40.0,-10.0,5.0,-5.0,0.667,-15.0,3,不採用,22.3
ema_cross(EMA5/20),ema_cross,5,5,22時台,月,なし,なし,5,20,131,45.0,-65.8,4.88,-4.91,0.814,-86.8,10,55,41.8,-49.6,4.8,-5.0,0.69,-60.0,8,不採用,22.3
ema_cross(EMA5/20),ema_cross,5,8,NY(21-24),全曜日,レンジのみ,ATR低,5,20,36,58.3,-8.7,5.0,-7.58,0.923,-40.0,3,28,50.0,-42.0,5.0,-8.0,0.625,-52.0,4,不採用,22.3
ema_cross(EMA5/20),ema_cross,5,10,21時台,木,順方向のみ,なし,5,20,62,72.6,55.0,5.0,-10.0,1.324,-40.0,3,17,58.8,-20.0,5.0,-10.0,0.714,-30.0,4,不採用,22.3
ema_cross(EMA5/20),ema_cross,5,12,NY(21-24),木,順方向のみ,直近30分変動大,5,20,54,70.4,9.0,5.0,-11.31,1.05,-53.0,3,10,60.0,-18.0,5.0,-12.0,0.625,-36.0,3,不採用,22.3
ema_cross(EMA5/20),ema_cross,5,12,NY(21-24),金,レンジのみ,ATR高,5,20,49,67.3,-20.8,5.0,-11.61,0.888,-49.0,3,12,58.3,-25.0,5.0,-12.0,0.583,-38.0,3,不採用,22.3
ema_cross(EMA5/20),ema_cross,5,8,9時台,全曜日,順方向のみ,なし,5,20,206,58.7,-75.0,5.0,-8.0,0.89,-145.0,6,100,54.0,-98.0,5.0,-8.0,0.734,-135.0,8,不採用,22.2
ema_cross(EMA5/20),ema_cross,5,8,10時台,月,なし,ATR高,5,20,59,57.6,-30.0,5.0,-8.0,0.85,-60.0,3,21,47.6,-38.0,5.0,-8.0,0.568,-40.0,3,不採用,22.2
ema_cross(EMA5/20),ema_cross,5,8,21時台,金,なし,なし,5,20,179,58.7,-61.3,5.0,-7.92,0.895,-141.0,5,63,52.4,-75.0,5.0,-8.0,0.688,-113.0,6,不採用,22.2
ema_cross(EMA5/20),ema_cross,5,8,22時台,月,上昇のみ,なし,5,20,43,55.8,-22.8,5.0,-7.52,0.84,-51.8,4,19,47.4,-35.0,5.0,-8.0,0.562,-32.0,3,不採用,22.2
ema_cross(EMA5/20),ema_cross,5,12,21時台,月,上昇のみ,なし,5,20,59,79.7,110.2,5.0,-10.4,1.883,-26.9,2,19,63.2,-24.0,5.0,-12.0,0.714,-22.0,2,不採用,22.2
ema_cross(EMA5/20),ema_cross,5,15,NY(21-24),全曜日,順方向のみ,なし,5,20,472,71.4,-180.4,4.98,-13.77,0.903,-264.9,3,173,67.6,-223.8,5.0,-14.44,0.723,-238.8,6,不採用,22.2
ema_cross(EMA5/20),ema_cross,5,15,NY(21-24),金,下降のみ,直近30分変動大,5,20,63,69.8,-69.8,4.89,-15.0,0.755,-105.0,3,25,64.0,-55.0,5.0,-15.0,0.593,-95.0,4,不採用,22.2
ema_cross(EMA5/20),ema_cross,5,5,21時台,火,順方向のみ,なし,5,20,50,56.0,30.0,5.0,-5.0,1.273,-25.0,3,22,40.9,-20.0,5.0,-5.0,0.692,-30.0,4,不採用,22.1
ema_cross(EMA5/20),ema_cross,5,5,21時台,水,なし,直近30分変動大,5,20,60,38.3,-70.0,5.0,-5.0,0.622,-90.0,5,28,35.7,-40.0,5.0,-5.0,0.556,-45.0,6,不採用,22.1
ema_cross(EMA5/20),ema_cross,5,5,22時台,全曜日,順方向のみ,なし,5,20,236,45.8,-94.8,4.98,-4.94,0.85,-145.6,8,89,39.3,-95.0,5.0,-5.0,0.648,-95.0,6,不採用,22.1
ema_cross(EMA5/20),ema_cross,5,5,22時台,水,レンジのみ,直近30分変動大,5,20,18,61.1,20.0,5.0,-5.0,1.571,-5.0,1,5,40.0,-5.0,5.0,-5.0,0.667,-10.0,2,不採用,22.1
ema_cross(EMA5/20),ema_cross,5,8,ロンドン(16-21),火,レンジのみ,直近30分変動大,5,20,68,66.2,41.0,5.0,-8.0,1.223,-41.0,3,38,52.6,-44.0,5.0,-8.0,0.694,-61.0,4,不採用,22.1
ema_cross(EMA5/20),ema_cross,5,8,22時台,金,下降のみ,直近30分変動大,5,20,30,56.7,-23.8,4.72,-8.0,0.771,-46.0,5,14,50.0,-21.0,5.0,-8.0,0.625,-40.0,6,不採用,22.1
ema_cross(EMA5/20),ema_cross,5,10,9時台,全曜日,順方向のみ,ATR高,5,20,35,68.6,10.0,5.0,-10.0,1.091,-15.0,2,25,56.0,-40.0,5.0,-10.0,0.636,-50.0,3,不採用,22.1
ema_cross(EMA5/20),ema_cross,5,10,9時台,木,なし,ATR高,5,20,26,84.6,70.0,5.0,-10.0,2.75,-25.0,2,18,61.1,-15.0,5.0,-10.0,0.786,-35.0,2,不採用,22.1
ema_cross(EMA5/20),ema_cross,5,10,16時台,月,なし,なし,5,20,129,67.4,14.5,4.99,-10.0,1.035,-60.0,5,62,58.1,-80.0,5.0,-10.0,0.692,-90.0,5,不採用,22.1
ema_cross(EMA5/20),ema_cross,5,12,10時台,木,下降のみ,ATR高,5,20,25,80.0,40.0,5.0,-12.0,1.667,-23.0,1,8,62.5,-11.0,5.0,-12.0,0.694,-31.0,2,不採用,22.1
ema_cross(EMA5/20),ema_cross,5,12,21時台,金,レンジのみ,ATR低,5,20,4,75.0,3.0,5.0,-12.0,1.25,-12.0,1,5,60.0,-9.0,5.0,-12.0,0.625,-24.0,2,不採用,22.1
ema_cross(EMA5/20),ema_cross,5,8,全時間,全曜日,順方向のみ,ATR高,5,20,1365,56.8,-840.0,5.0,-7.99,0.822,-950.0,8,470,53.2,-506.3,5.0,-7.98,0.712,-547.3,7,不採用,22.0
ema_cross(EMA5/20),ema_cross,5,8,9時台,火,なし,直近30分変動大,5,20,77,62.3,8.0,5.0,-8.0,1.034,-80.0,5,34,50.0,-51.0,5.0,-8.0,0.625,-70.0,3,不採用,22.0
ema_cross(EMA5/20),ema_cross,5,10,NY(21-24),金,上昇のみ,直近30分変動大,5,20,81,60.5,-75.0,5.0,-10.0,0.766,-85.0,4,26,53.8,-54.6,4.67,-10.0,0.545,-49.6,3,不採用,22.0
ema_cross(EMA5/20),ema_cross,5,12,ロンドン(16-21),火,上昇のみ,なし,5,20,217,69.1,-44.8,5.0,-11.86,0.944,-129.0,4,72,61.1,-113.1,5.0,-11.9,0.66,-134.0,4,不採用,22.0
ema_cross(EMA5/20),ema_cross,5,12,9時台,全曜日,上昇のみ,直近30分変動大,5,20,113,74.3,72.0,5.0,-12.0,1.207,-67.0,3,67,64.2,-73.0,5.0,-12.0,0.747,-138.0,5,不採用,22.0
ema_cross(EMA5/20),ema_cross,5,12,9時台,水,順方向のみ,ATR高,5,20,7,57.1,-16.0,5.0,-12.0,0.556,-24.0,2,4,50.0,-14.0,5.0,-12.0,0.417,-12.0,2,不採用,22.0
ema_cross(EMA5/20),ema_cross,5,15,9時台,木,なし,ATR高,5,20,26,88.5,70.0,5.0,-15.0,2.556,-20.0,1,16,68.8,-20.0,5.0,-15.0,0.733,-40.0,1,不採用,22.0
ema_cross(EMA5/20),ema_cross,5,5,9時台,火,レンジのみ,ATR高,5,20,9,44.4,-5.0,5.0,-5.0,0.8,-15.0,3,3,33.3,-5.0,5.0,-5.0,0.5,-5.0,2,不採用,21.9
ema_cross(EMA5/20),ema_cross,5,5,16時台,木,なし,直近30分変動大,5,20,71,47.9,-15.0,5.0,-5.0,0.919,-50.0,7,31,38.7,-35.0,5.0,-5.0,0.632,-35.0,5,不採用,21.9
ema_cross(EMA5/20),ema_cross,5,8,東京(9-15),月,下降のみ,直近30分変動大,5,20,92,59.8,-21.0,5.0,-8.0,0.929,-90.0,5,40,52.5,-47.0,5.0,-8.0,0.691,-91.0,6,不採用,21.9
ema_cross(EMA5/20),ema_cross,5,8,16時台,月,上昇のみ,なし,5,20,51,60.8,-5.0,5.0,-8.0,0.969,-48.0,5,22,50.0,-33.0,5.0,-8.0,0.625,-35.0,4,不採用,21.9
ema_cross(EMA5/20),ema_cross,5,10,NY(21-24),月,上昇のみ,ATR高,5,20,23,73.9,30.3,5.0,-9.12,1.554,-24.7,3,9,55.6,-15.0,5.0,-10.0,0.625,-15.0,1,不採用,21.9
ema_cross(EMA5/20),ema_cross,5,10,10時台,全曜日,上昇のみ,直近30分変動大,5,20,115,62.6,-70.0,5.0,-10.0,0.837,-155.0,4,51,54.9,-90.0,5.0,-10.0,0.609,-85.0,4,不採用,21.9
ema_cross(EMA5/20),ema_cross,5,12,全時間,全曜日,順方向のみ,ATR高,5,20,1323,67.2,-706.0,5.0,-11.86,0.863,-868.8,5,459,63.4,-547.1,5.0,-11.92,0.727,-608.3,5,不採用,21.9
ema_cross(EMA5/20),ema_cross,5,5,全時間,全曜日,順方向のみ,直近30分変動大,5,20,1226,42.3,-950.0,5.0,-5.0,0.732,-970.0,12,587,41.6,-499.2,4.98,-5.0,0.709,-514.2,10,不採用,21.8
ema_cross(EMA5/20),ema_cross,5,5,NY(21-24),全曜日,レンジのみ,ATR低,5,20,44,45.5,-16.7,5.0,-4.86,0.857,-50.0,5,33,39.4,-35.0,5.0,-5.0,0.65,-60.0,6,不採用,21.8
ema_cross(EMA5/20),ema_cross,5,5,9時台,全曜日,なし,直近30分変動大,5,20,383,48.6,-55.0,5.0,-5.0,0.944,-205.0,7,172,40.1,-170.0,5.0,-5.0,0.67,-180.0,6,不採用,21.8
ema_cross(EMA5/20),ema_cross,5,5,10時台,月,なし,なし,5,20,129,49.6,-5.0,5.0,-5.0,0.985,-80.0,6,39,43.6,-25.0,5.0,-5.0,0.773,-45.0,9,不採用,21.8
ema_cross(EMA5/20),ema_cross,5,8,ロンドン(16-21),月,なし,直近30分変動大,5,20,265,55.5,-209.0,5.0,-8.0,0.779,-241.0,10,123,51.2,-165.0,5.0,-8.0,0.656,-181.0,6,不採用,21.8
ema_cross(EMA5/20),ema_cross,5,8,9時台,全曜日,上昇のみ,直近30分変動大,5,20,113,61.1,-7.0,5.0,-8.0,0.98,-100.0,4,67,52.2,-81.0,5.0,-8.0,0.684,-133.0,5,不採用,21.8
ema_cross(EMA5/20),ema_cross,5,8,21時台,火,順方向のみ,なし,5,20,50,66.0,33.0,5.0,-7.76,1.25,-27.0,2,21,52.4,-25.0,5.0,-8.0,0.688,-35.0,4,不採用,21.8
ema_cross(EMA5/20),ema_cross,5,10,ロンドン(16-21),火,上昇のみ,直近30分変動大,5,20,109,65.1,-25.0,5.0,-10.0,0.934,-120.0,5,43,55.8,-70.0,5.0,-10.0,0.632,-80.0,4,不採用,21.8
ema_cross(EMA5/20),ema_cross,5,10,9時台,全曜日,上昇のみ,なし,5,20,260,66.9,10.0,5.0,-10.0,1.012,-135.0,5,123,58.5,-150.0,5.0,-10.0,0.706,-200.0,5,不採用,21.8
ema_cross(EMA5/20),ema_cross,5,12,10時台,木,下降のみ,なし,5,20,39,66.7,-26.0,5.0,-12.0,0.833,-76.0,3,16,56.2,-39.0,5.0,-12.0,0.536,-54.0,2,不採用,21.8
ema_cross(EMA5/20),ema_cross,5,12,10時台,金,レンジのみ,なし,5,20,43,74.4,28.0,5.0,-12.0,1.212,-45.0,2,18,61.1,-29.0,5.0,-12.0,0.655,-45.0,3,不採用,21.8
ema_cross(EMA5/20),ema_cross,5,15,東京(9-15),火,レンジのみ,直近30分変動大,5,20,81,75.3,5.0,5.0,-15.0,1.017,-70.0,3,45,66.7,-75.0,5.0,-15.0,0.667,-100.0,4,不採用,21.8
ema_cross(EMA5/20),ema_cross,5,15,NY(21-24),水,順方向のみ,なし,5,20,82,68.3,-62.3,5.0,-13.17,0.818,-71.0,3,44,65.9,-80.0,5.0,-15.0,0.644,-115.0,5,不採用,21.8
ema_cross(EMA5/20),ema_cross,5,5,全時間,全曜日,レンジのみ,なし,5,20,4070,45.8,-1698.3,4.99,-4.99,0.846,-1708.3,11,1645,46.3,-602.9,5.0,-4.99,0.863,-682.9,9,不採用,21.7
ema_cross(EMA5/20),ema_cross,5,8,東京(9-15),火,上昇のみ,直近30分変動大,5,20,113,50.4,-163.0,5.0,-8.0,0.636,-187.0,6,51,49.0,-83.0,5.0,-8.0,0.601,-90.0,7,不採用,21.7
ema_cross(EMA5/20),ema_cross,5,8,NY(21-24),水,なし,直近30分変動大,5,20,126,54.0,-124.0,5.0,-8.0,0.733,-133.0,6,68,50.0,-102.0,5.0,-8.0,0.625,-114.0,6,不採用,21.7
ema_cross(EMA5/20),ema_cross,5,12,16時台,火,なし,ATR高,5,20,52,69.2,-12.0,5.0,-12.0,0.938,-57.0,2,27,59.3,-52.0,5.0,-12.0,0.606,-85.0,3,不採用,21.7
ema_cross(EMA5/20),ema_cross,5,12,22時台,水,上昇のみ,ATR低,5,20,5,60.0,11.0,5.0,-2.0,3.75,-2.1,1,5,60.0,-3.3,5.0,-9.15,0.82,-18.3,2,不採用,21.7
ema_cross(EMA5/20),ema_cross,5,5,9時台,全曜日,上昇のみ,ATR高,5,20,47,42.6,-35.0,5.0,-5.0,0.741,-50.0,8,33,36.4,-45.0,5.0,-5.0,0.571,-45.0,5,不採用,21.6
ema_cross(EMA5/20),ema_cross,5,5,9時台,火,上昇のみ,なし,5,20,56,51.8,10.0,5.0,-5.0,1.074,-45.0,5,23,39.1,-25.0,5.0,-5.0,0.643,-40.0,4,不採用,21.6
ema_cross(EMA5/20),ema_cross,5,8,9時台,水,上昇のみ,なし,5,20,55,50.9,-76.0,5.0,-8.0,0.648,-83.0,4,30,50.0,-45.0,5.0,-8.0,0.625,-74.0,8,不採用,21.6
ema_cross(EMA5/20),ema_cross,5,10,全時間,水,なし,ATR低,5,20,653,63.7,-273.8,5.0,-9.93,0.884,-333.8,6,281,58.7,-331.3,5.0,-9.97,0.713,-371.3,6,不採用,21.6
ema_cross(EMA5/20),ema_cross,5,10,NY(21-24),水,なし,直近30分変動大,5,20,126,61.9,-90.0,5.0,-10.0,0.812,-110.0,6,68,55.9,-110.0,5.0,-10.0,0.633,-120.0,5,不採用,21.6
ema_cross(EMA5/20),ema_cross,5,10,10時台,月,順方向のみ,なし,5,20,33,72.7,30.0,5.0,-10.0,1.333,-40.0,4,7,57.1,-10.0,5.0,-10.0,0.667,-30.0,3,不採用,21.6
ema_cross(EMA5/20),ema_cross,5,10,22時台,水,順方向のみ,なし,5,20,39,64.1,-6.2,5.0,-9.37,0.953,-35.0,4,30,56.7,-45.0,5.0,-10.0,0.654,-55.0,5,不採用,21.6
ema_cross(EMA5/20),ema_cross,5,15,全時間,月,上昇のみ,なし,5,20,590,65.1,-1067.5,5.0,-14.5,0.643,-1122.5,4,222,66.2,-383.2,5.0,-14.91,0.657,-368.2,5,不採用,21.6
ema_cross(EMA5/20),ema_cross,5,15,NY(21-24),月,順方向のみ,なし,5,20,79,72.2,-21.8,4.96,-13.84,0.928,-81.8,2,31,64.5,-65.0,5.0,-15.0,0.606,-85.0,3,不採用,21.6
ema_cross(EMA5/20),ema_cross,5,5,NY(21-24),全曜日,レンジのみ,ATR高,5,20,188,48.4,-30.0,5.0,-5.0,0.938,-50.0,7,49,40.8,-45.0,5.0,-5.0,0.69,-55.0,7,不採用,21.5
ema_cross(EMA5/20),ema_cross,5,5,10時台,全曜日,なし,なし,5,20,641,48.5,-95.0,5.0,-5.0,0.942,-245.0,11,248,41.9,-200.0,5.0,-5.0,0.722,-240.0,9,不採用,21.5
ema_cross(EMA5/20),ema_cross,5,5,22時台,全曜日,下降のみ,ATR高,5,20,174,39.7,-180.0,5.0,-5.0,0.657,-210.0,8,51,35.3,-75.0,5.0,-5.0,0.545,-75.0,5,不採用,21.5
ema_cross(EMA5/20),ema_cross,5,10,ロンドン(16-21),全曜日,上昇のみ,直近30分変動大,5,20,510,62.4,-321.5,5.0,-9.96,0.832,-446.5,5,210,58.1,-270.0,5.0,-10.0,0.693,-295.0,6,不採用,21.5
ema_cross(EMA5/20),ema_cross,5,10,NY(21-24),全曜日,順方向のみ,なし,5,20,486,63.2,-200.5,4.99,-9.68,0.884,-315.3,5,182,57.7,-245.0,5.0,-10.0,0.682,-260.0,5,不採用,21.5
ema_cross(EMA5/20),ema_cross,5,12,東京(9-15),月,順方向のみ,ATR高,5,20,45,64.4,-47.0,5.0,-12.0,0.755,-72.0,3,23,56.5,-55.0,5.0,-12.0,0.542,-70.0,3,不採用,21.5
ema_cross(EMA5/20),ema_cross,5,12,ロンドン(16-21),火,レンジのみ,ATR高,5,20,50,70.0,-5.0,5.0,-12.0,0.972,-57.0,4,17,58.8,-34.0,5.0,-12.0,0.595,-45.0,3,不採用,21.5
ema_cross(EMA5/20),ema_cross,5,12,9時台,火,上昇のみ,ATR低,5,20,26,65.4,-23.0,5.0,-12.0,0.787,-50.0,3,11,54.5,-30.0,5.0,-12.0,0.5,-19.0,2,不採用,21.5
ema_cross(EMA5/20),ema_cross,5,12,16時台,月,順方向のみ,直近30分変動大,5,20,8,87.5,23.0,5.0,-12.0,2.917,0.0,1,11,63.6,-13.0,5.0,-12.0,0.729,-21.0,1,不採用,21.5
ema_cross(EMA5/20),ema_cross,5,15,ロンドン(16-21),全曜日,上昇のみ,直近30分変動大,5,20,488,71.1,-366.5,5.0,-14.9,0.826,-446.5,5,202,67.8,-283.0,5.0,-14.89,0.708,-300.0,6,不採用,21.5
ema_cross(EMA5/20),ema_cross,5,15,ロンドン(16-21),全曜日,順方向のみ,直近30分変動大,5,20,280,71.4,-200.0,5.0,-15.0,0.833,-295.0,3,121,66.1,-207.0,5.0,-14.8,0.659,-232.0,4,不採用,21.5
ema_cross(EMA5/20),ema_cross,5,15,NY(21-24),水,順方向のみ,直近30分変動大,5,20,31,71.0,-14.4,5.0,-13.82,0.884,-35.0,2,22,63.6,-50.0,5.0,-15.0,0.583,-70.0,3,不採用,21.5
ema_cross(EMA5/20),ema_cross,5,5,21時台,全曜日,なし,ATR高,5,20,365,41.6,-305.0,5.0,-5.0,0.714,-335.0,6,74,39.2,-80.0,5.0,-5.0,0.644,-100.0,8,不採用,21.4
ema_cross(EMA5/20),ema_cross,5,8,9時台,全曜日,順方向のみ,ATR低,5,20,82,58.5,-32.0,5.0,-8.0,0.882,-72.0,6,30,50.0,-45.0,5.0,-8.0,0.625,-52.0,5,不採用,21.4
ema_cross(EMA5/20),ema_cross,5,8,21時台,全曜日,下降のみ,なし,5,20,264,56.8,-152.7,5.0,-7.92,0.831,-200.3,6,101,52.5,-119.0,5.0,-8.0,0.69,-174.0,7,不採用,21.4
ema_cross(EMA5/20),ema_cross,5,8,21時台,全曜日,レンジのみ,ATR低,5,20,29,58.6,-11.0,5.0,-8.0,0.885,-37.0,3,19,47.4,-35.0,5.0,-8.0,0.562,-38.0,3,不採用,21.4
ema_cross(EMA5/20),ema_cross,5,8,21時台,月,レンジのみ,直近30分変動大,5,20,11,72.7,16.0,5.0,-8.0,1.667,-19.0,2,6,50.0,-9.0,5.0,-8.0,0.625,-14.0,1,不採用,21.4
ema_cross(EMA5/20),ema_cross,5,8,22時台,火,なし,ATR低,5,20,13,69.2,13.0,5.0,-8.0,1.406,-8.0,2,6,50.0,-9.0,5.0,-8.0,0.625,-8.0,2,不採用,21.4
ema_cross(EMA5/20),ema_cross,5,10,東京(9-15),火,上昇のみ,ATR低,5,20,100,62.0,-70.0,5.0,-10.0,0.816,-120.0,6,35,57.1,-50.0,5.0,-10.0,0.667,-70.0,7,不採用,21.4
ema_cross(EMA5/20),ema_cross,5,10,NY(21-24),金,なし,ATR高,5,20,180,57.2,-251.0,4.95,-9.89,0.67,-286.0,6,46,54.3,-85.0,5.0,-10.0,0.595,-100.0,6,不採用,21.4
ema_cross(EMA5/20),ema_cross,5,10,9時台,月,下降のみ,直近30分変動大,5,20,17,76.5,25.0,5.0,-10.0,1.625,-10.0,1,7,57.1,-10.0,5.0,-10.0,0.667,-25.0,2,不採用,21.4
ema_cross(EMA5/20),ema_cross,5,10,16時台,全曜日,上昇のみ,なし,5,20,284,63.0,-139.4,5.0,-9.85,0.865,-179.4,6,124,57.3,-165.9,5.0,-9.83,0.682,-180.9,6,不採用,21.4
ema_cross(EMA5/20),ema_cross,5,12,21時台,全曜日,順方向のみ,なし,5,20,265,70.2,10.8,4.98,-11.58,1.012,-140.0,4,97,62.9,-120.8,5.0,-11.83,0.716,-141.8,6,不採用,21.4
ema_cross(EMA5/20),ema_cross,5,8,東京(9-15),火,レンジのみ,なし,5,20,200,62.0,12.0,5.0,-8.0,1.02,-82.0,5,95,52.6,-110.0,5.0,-8.0,0.694,-179.0,5,不採用,21.3
ema_cross(EMA5/20),ema_cross,5,8,ロンドン(16-21),木,順方向のみ,ATR高,5,20,87,56.3,-59.0,5.0,-8.0,0.806,-104.0,5,25,48.0,-44.0,5.0,-8.0,0.577,-68.0,4,不採用,21.3
ema_cross(EMA5/20),ema_cross,5,8,10時台,全曜日,なし,直近30分変動大,5,20,305,58.7,-113.0,5.0,-8.0,0.888,-237.0,6,128,51.6,-166.0,5.0,-8.0,0.665,-209.0,5,不採用,21.3
ema_cross(EMA5/20),ema_cross,5,8,16時台,火,なし,なし,5,20,151,58.9,-51.0,5.0,-8.0,0.897,-145.0,7,56,53.6,-58.0,5.0,-8.0,0.721,-94.0,8,不採用,21.3
ema_cross(EMA5/20),ema_cross,5,8,16時台,火,下降のみ,なし,5,20,46,52.2,-56.0,5.0,-8.0,0.682,-86.0,5,11,45.5,-23.0,5.0,-8.0,0.521,-43.0,4,不採用,21.3
ema_cross(EMA5/20),ema_cross,5,8,22時台,金,レンジのみ,ATR高,5,20,28,42.9,-68.0,5.0,-8.0,0.469,-83.0,4,10,40.0,-28.0,5.0,-8.0,0.417,-30.0,4,不採用,21.3
ema_cross(EMA5/20),ema_cross,5,10,全時間,全曜日,順方向のみ,ATR高,5,20,1344,61.8,-958.5,5.0,-9.94,0.812,-1090.4,5,464,58.4,-569.3,5.0,-9.97,0.704,-614.3,5,不採用,21.3
ema_cross(EMA5/20),ema_cross,5,10,ロンドン(16-21),木,上昇のみ,ATR低,5,20,25,80.0,50.0,5.0,-10.0,2.0,-40.0,4,18,55.6,-20.9,5.0,-8.86,0.705,-30.0,2,不採用,21.3
ema_cross(EMA5/20),ema_cross,5,10,9時台,水,なし,直近30分変動大,5,20,58,50.0,-145.0,5.0,-10.0,0.5,-145.0,6,41,53.7,-80.0,5.0,-10.0,0.579,-125.0,9,不採用,21.3
ema_cross(EMA5/20),ema_cross,5,10,9時台,木,順方向のみ,ATR高,5,20,8,87.5,25.0,5.0,-10.0,3.5,-10.0,1,5,60.0,-5.0,5.0,-10.0,0.75,-15.0,1,不採用,21.3
ema_cross(EMA5/20),ema_cross,5,12,9時台,全曜日,順方向のみ,ATR高,5,20,35,71.4,5.0,5.0,-12.0,1.042,-27.0,1,24,58.3,-50.0,5.0,-12.0,0.583,-60.0,2,不採用,21.3
ema_cross(EMA5/20),ema_cross,5,5,22時台,火,レンジのみ,ATR高,5,20,15,73.3,35.0,5.0,-5.0,2.75,-5.0,1,7,42.9,-5.0,5.0,-5.0,0.75,-10.0,2,不採用,21.2
ema_cross(EMA5/20),ema_cross,5,8,NY(21-24),木,レンジのみ,直近30分変動大,5,20,40,65.0,18.0,5.0,-8.0,1.161,-47.0,4,22,50.0,-33.0,5.0,-8.0,0.625,-39.0,3,不採用,21.2
ema_cross(EMA5/20),ema_cross,5,10,全時間,金,順方向のみ,ATR低,5,20,254,64.2,-73.3,5.0,-9.76,0.917,-150.9,3,110,57.3,-155.0,5.0,-10.0,0.67,-175.0,5,不採用,21.2
ema_cross(EMA5/20),ema_cross,5,10,東京(9-15),火,上昇のみ,なし,5,20,242,59.9,-245.0,5.0,-10.0,0.747,-310.0,6,94,56.4,-145.0,5.0,-10.0,0.646,-180.0,6,不採用,21.2
ema_cross(EMA5/20),ema_cross,5,12,ロンドン(16-21),木,レンジのみ,ATR高,5,20,57,70.2,-4.0,5.0,-12.0,0.98,-79.0,4,15,60.0,-27.0,5.0,-12.0,0.625,-57.0,4,不採用,21.2
ema_cross(EMA5/20),ema_cross,5,5,10時台,金,下降のみ,ATR高,5,20,20,60.0,20.0,5.0,-5.0,1.5,-15.0,4,15,40.0,-15.0,5.0,-5.0,0.667,-15.0,3,不採用,21.1
ema_cross(EMA5/20),ema_cross,5,5,21時台,月,上昇のみ,ATR高,5,20,13,69.2,25.0,5.0,-5.0,2.25,-10.0,3,5,40.0,-5.0,5.0,-5.0,0.667,-5.0,1,不採用,21.1
ema_cross(EMA5/20),ema_cross,5,8,10時台,全曜日,上昇のみ,なし,5,20,245,57.6,-127.0,5.0,-8.0,0.847,-239.0,5,97,50.5,-139.0,5.0,-8.0,0.638,-153.0,5,不採用,21.1
ema_cross(EMA5/20),ema_cross,5,8,10時台,金,順方向のみ,直近30分変動大,5,20,10,70.0,11.0,5.0,-8.0,1.458,-11.0,1,4,50.0,-6.0,5.0,-8.0,0.625,-8.0,2,不採用,21.1
ema_cross(EMA5/20),ema_cross,5,8,16時台,木,上昇のみ,なし,5,20,50,70.0,55.0,5.0,-8.0,1.458,-39.0,2,32,53.1,-35.0,5.0,-8.0,0.708,-45.0,4,不採用,21.1
ema_cross(EMA5/20),ema_cross,5,10,東京(9-15),火,上昇のみ,ATR高,5,20,42,59.5,-45.0,5.0,-10.0,0.735,-95.0,6,21,52.4,-45.0,5.0,-10.0,0.55,-65.0,4,不採用,21.1
ema_cross(EMA5/20),ema_cross,5,10,21時台,全曜日,上昇のみ,ATR低,5,20,53,77.4,107.9,5.0,-8.09,2.111,-25.4,3,42,59.5,-45.0,5.0,-10.0,0.735,-100.0,2,不採用,21.1
ema_cross(EMA5/20),ema_cross,5,12,東京(9-15),水,順方向のみ,直近30分変動大,5,20,46,71.7,9.0,5.0,-12.0,1.058,-34.0,2,24,58.3,-50.0,5.0,-12.0,0.583,-61.0,2,不採用,21.1
ema_cross(EMA5/20),ema_cross,5,12,ロンドン(16-21),木,上昇のみ,ATR低,5,20,25,80.0,41.2,5.0,-11.76,1.701,-46.8,4,18,55.6,-24.7,5.0,-9.34,0.669,-33.0,2,不採用,21.1
ema_cross(EMA5/20),ema_cross,5,15,ロンドン(16-21),水,順方向のみ,なし,5,20,196,77.0,119.1,5.0,-14.13,1.187,-70.1,3,72,68.1,-103.9,4.92,-15.0,0.699,-130.0,4,不採用,21.1
ema_cross(EMA5/20),ema_cross,5,15,9時台,月,下降のみ,ATR高,5,20,12,83.3,20.0,5.0,-15.0,1.667,-30.0,2,9,66.7,-15.0,5.0,-15.0,0.667,-30.0,2,不採用,21.1
ema_cross(EMA5/20),ema_cross,5,15,10時台,全曜日,順方向のみ,ATR高,5,20,57,78.9,45.0,5.0,-15.0,1.25,-55.0,2,23,65.2,-45.0,5.0,-15.0,0.625,-65.0,2,不採用,21.1
ema_cross(EMA5/20),ema_cross,5,5,全時間,全曜日,下降のみ,直近30分変動大,5,20,2033,45.4,-935.0,5.0,-5.0,0.832,-965.0,12,937,43.9,-573.3,5.0,-5.0,0.782,-583.3,9,不採用,21.0
ema_cross(EMA5/20),ema_cross,5,5,9時台,全曜日,上昇のみ,直近30分変動大,5,20,114,50.0,0.0,5.0,-5.0,1.0,-75.0,6,67,40.3,-65.0,5.0,-5.0,0.675,-90.0,6,不採用,21.0
ema_cross(EMA5/20),ema_cross,5,8,10時台,金,順方向のみ,なし,5,20,23,69.6,24.0,5.0,-8.0,1.429,-16.0,2,10,50.0,-15.0,5.0,-8.0,0.625,-19.0,2,不採用,21.0
ema_cross(EMA5/20),ema_cross,5,10,9時台,月,下降のみ,ATR低,5,20,3,66.7,0.0,5.0,-10.0,1.0,0.0,1,2,50.0,-5.0,5.0,-10.0,0.5,0.0,1,不採用,21.0
ema_cross(EMA5/20),ema_cross,5,10,21時台,木,レンジのみ,なし,5,20,43,67.4,5.0,5.0,-10.0,1.036,-50.0,4,22,54.5,-40.0,5.0,-10.0,0.6,-50.0,3,不採用,21.0
ema_cross(EMA5/20),ema_cross,5,12,22時台,水,順方向のみ,なし,5,20,39,64.1,-18.5,5.0,-10.25,0.871,-35.4,4,30,60.0,-54.0,5.0,-12.0,0.625,-69.0,5,不採用,21.0
ema_cross(EMA5/20),ema_cross,5,15,ロンドン(16-21),金,順方向のみ,ATR低,5,20,34,64.7,-33.3,5.0,-11.94,0.768,-58.3,2,17,58.8,-43.7,5.0,-13.39,0.534,-65.0,3,不採用,21.0
ema_cross(EMA5/20),ema_cross,5,5,東京(9-15),木,レンジのみ,直近30分変動大,5,20,92,43.5,-60.0,5.0,-5.0,0.769,-95.0,7,41,36.6,-55.0,5.0,-5.0,0.577,-70.0,5,不採用,20.9
ema_cross(EMA5/20),ema_cross,5,5,16時台,火,上昇のみ,なし,5,20,75,46.7,-25.0,5.0,-5.0,0.875,-70.0,4,25,40.0,-25.0,5.0,-5.0,0.667,-50.0,7,不採用,20.9
ema_cross(EMA5/20),ema_cross,5,5,22時台,金,上昇のみ,直近30分変動大,5,20,45,37.8,-55.0,5.0,-5.0,0.607,-65.0,5,15,33.3,-25.0,5.0,-5.0,0.5,-30.0,5,不採用,20.9
ema_cross(EMA5/20),ema_cross,5,5,22時台,金,下降のみ,ATR低,5,20,2,50.0,0.0,5.0,-5.0,1.0,0.0,1,3,33.3,-5.0,5.0,-5.0,0.5,-5.0,1,不採用,20.9
ema_cross(EMA5/20),ema_cross,5,8,東京(9-15),火,順方向のみ,なし,5,20,213,56.8,-131.0,5.0,-8.0,0.822,-189.0,4,67,50.7,-94.0,5.0,-8.0,0.644,-121.0,6,不採用,20.9
ema_cross(EMA5/20),ema_cross,5,8,東京(9-15),水,順方向のみ,ATR高,5,20,39,48.7,-65.0,5.0,-8.0,0.594,-59.0,3,19,42.1,-48.0,5.0,-8.0,0.455,-40.0,3,不採用,20.9
ema_cross(EMA5/20),ema_cross,5,10,9時台,全曜日,なし,なし,5,20,770,69.1,280.0,5.0,-10.0,1.118,-210.0,6,314,59.9,-320.0,5.0,-10.0,0.746,-410.0,6,不採用,20.9
ema_cross(EMA5/20),ema_cross,5,10,10時台,全曜日,レンジのみ,直近30分変動大,5,20,97,68.0,20.0,5.0,-10.0,1.065,-35.0,3,46,56.5,-70.0,5.0,-10.0,0.65,-90.0,4,不採用,20.9
ema_cross(EMA5/20),ema_cross,5,12,ロンドン(16-21),全曜日,順方向のみ,直近30分変動大,5,20,280,66.4,-198.0,5.0,-12.0,0.824,-304.0,5,122,60.7,-206.0,5.0,-12.0,0.642,-231.0,4,不採用,20.9
ema_cross(EMA5/20),ema_cross,5,12,10時台,全曜日,レンジのみ,ATR低,5,20,18,61.1,-29.0,5.0,-12.0,0.655,-45.0,2,6,50.0,-21.0,5.0,-12.0,0.417,-19.0,1,不採用,20.9
ema_cross(EMA5/20),ema_cross,5,15,ロンドン(16-21),水,上昇のみ,直近30分変動大,5,20,122,68.0,-170.0,5.0,-15.0,0.709,-165.0,4,33,60.6,-88.0,5.0,-14.46,0.532,-95.0,3,不採用,20.9
ema_cross(EMA5/20),ema_cross,5,15,NY(21-24),水,下降のみ,なし,5,20,75,73.3,-1.9,5.0,-13.84,0.993,-66.9,4,40,65.0,-80.0,5.0,-15.0,0.619,-105.0,3,不採用,20.9
ema_cross(EMA5/20),ema_cross,5,5,10時台,全曜日,順方向のみ,直近30分変動大,5,20,45,51.1,5.0,5.0,-5.0,1.045,-30.0,6,21,38.1,-25.0,5.0,-5.0,0.615,-30.0,4,不採用,20.8
ema_cross(EMA5/20),ema_cross,5,5,21時台,木,下降のみ,直近30分変動大,5,20,36,47.2,-10.0,5.0,-5.0,0.895,-25.0,4,11,36.4,-15.0,5.0,-5.0,0.571,-15.0,4,不採用,20.8
ema_cross(EMA5/20),ema_cross,5,8,全時間,木,レンジのみ,ATR高,5,20,226,59.7,-53.0,5.0,-8.0,0.927,-109.0,5,75,52.0,-93.0,5.0,-8.0,0.677,-133.0,6,不採用,20.8
ema_cross(EMA5/20),ema_cross,5,10,全時間,全曜日,上昇のみ,ATR低,5,20,1484,64.5,-388.5,4.97,-9.76,0.925,-538.0,5,609,59.4,-626.0,4.98,-9.83,0.742,-627.6,5,不採用,20.8
ema_cross(EMA5/20),ema_cross,5,10,NY(21-24),水,レンジのみ,ATR高,5,20,27,63.0,-15.0,5.0,-10.0,0.85,-40.0,2,4,50.0,-10.0,5.0,-10.0,0.5,-20.0,2,不採用,20.8
ema_cross(EMA5/20),ema_cross,5,10,9時台,金,順方向のみ,ATR高,5,20,6,66.7,0.0,5.0,-10.0,1.0,-10.0,1,2,50.0,-5.0,5.0,-10.0,0.5,-10.0,1,不採用,20.8
ema_cross(EMA5/20),ema_cross,5,10,10時台,月,なし,ATR高,5,20,59,61.0,-50.0,5.0,-10.0,0.783,-70.0,3,20,50.0,-50.0,5.0,-10.0,0.5,-50.0,2,不採用,20.8
ema_cross(EMA5/20),ema_cross,5,5,東京(9-15),木,下降のみ,直近30分変動大,5,20,130,47.7,-30.0,5.0,-5.0,0.912,-70.0,7,65,40.0,-65.0,5.0,-5.0,0.667,-70.0,7,不採用,20.7
ema_cross(EMA5/20),ema_cross,5,5,21時台,全曜日,上昇のみ,ATR低,5,20,56,53.6,20.0,5.0,-5.0,1.154,-40.0,5,46,39.1,-50.0,5.0,-5.0,0.643,-65.0,4,不採用,20.7
ema_cross(EMA5/20),ema_cross,5,5,21時台,金,下降のみ,直近30分変動大,5,20,34,44.1,-20.0,5.0,-5.0,0.789,-35.0,7,16,37.5,-20.0,5.0,-5.0,0.6,-35.0,6,不採用,20.7
ema_cross(EMA5/20),ema_cross,5,10,NY(21-24),全曜日,下降のみ,ATR高,5,20,300,58.3,-370.8,4.97,-9.93,0.701,-400.8,8,79,54.4,-145.0,5.0,-10.0,0.597,-170.0,5,不採用,20.7
ema_cross(EMA5/20),ema_cross,5,10,NY(21-24),火,レンジのみ,直近30分変動大,5,20,29,72.4,25.0,5.0,-10.0,1.312,-45.0,3,16,56.2,-25.0,5.0,-10.0,0.643,-35.0,3,不採用,20.7
ema_cross(EMA5/20),ema_cross,5,10,9時台,木,下降のみ,直近30分変動大,5,20,32,75.0,40.0,5.0,-10.0,1.5,-20.0,2,14,57.1,-20.0,5.0,-10.0,0.667,-25.0,3,不採用,20.7
ema_cross(EMA5/20),ema_cross,5,10,21時台,金,下降のみ,ATR高,5,20,28,53.6,-55.0,5.0,-10.0,0.577,-65.0,5,11,45.5,-35.0,5.0,-10.0,0.417,-35.0,2,不採用,20.7
ema_cross(EMA5/20),ema_cross,5,10,22時台,全曜日,レンジのみ,ATR低,5,20,10,70.0,9.6,4.47,-7.23,1.442,-10.0,1,9,55.6,-15.0,5.0,-10.0,0.625,-30.0,2,不採用,20.7
ema_cross(EMA5/20),ema_cross,5,12,ロンドン(16-21),水,上昇のみ,直近30分変動大,5,20,123,60.2,-218.0,5.0,-12.0,0.629,-216.0,4,34,55.9,-81.0,5.0,-11.73,0.54,-88.0,5,不採用,20.7
ema_cross(EMA5/20),ema_cross,5,15,全時間,月,なし,なし,5,20,1432,68.7,-1649.5,4.99,-14.64,0.749,-1714.5,6,608,69.4,-662.7,4.99,-14.88,0.761,-662.7,7,不採用,20.7
ema_cross(EMA5/20),ema_cross,5,15,東京(9-15),水,順方向のみ,ATR高,5,20,36,69.4,-40.0,5.0,-15.0,0.758,-85.0,2,18,61.1,-50.0,5.0,-15.0,0.524,-55.0,3,不採用,20.7
ema_cross(EMA5/20),ema_cross,5,15,ロンドン(16-21),水,上昇のみ,なし,5,20,230,69.1,-256.7,5.0,-14.81,0.756,-276.7,4,66,63.6,-143.0,5.0,-14.71,0.595,-148.0,4,不採用,20.7
ema_cross(EMA5/20),ema_cross,5,5,9時台,金,下降のみ,直近30分変動大,5,20,36,47.2,-10.0,5.0,-5.0,0.895,-30.0,6,8,37.5,-10.0,5.0,-5.0,0.6,-20.0,5,不採用,20.6
ema_cross(EMA5/20),ema_cross,5,8,9時台,水,なし,なし,5,20,157,58.0,-73.0,5.0,-8.0,0.862,-125.0,4,80,51.2,-107.0,5.0,-8.0,0.657,-142.0,6,不採用,20.6
ema_cross(EMA5/20),ema_cross,5,10,21時台,全曜日,順方向のみ,なし,5,20,265,66.0,-5.2,5.0,-9.78,0.994,-150.8,4,98,58.2,-125.0,5.0,-10.0,0.695,-145.0,6,不採用,20.6
ema_cross(EMA5/20),ema_cross,5,12,9時台,水,なし,なし,5,20,147,69.4,-30.0,5.0,-12.0,0.944,-171.0,3,70,60.0,-126.0,5.0,-12.0,0.625,-172.0,3,不採用,20.6
ema_cross(EMA5/20),ema_cross,5,12,21時台,全曜日,なし,直近30分変動大,5,20,381,70.6,1.0,5.0,-12.0,1.001,-130.0,4,150,61.3,-231.0,5.0,-11.91,0.666,-273.0,3,不採用,20.6
ema_cross(EMA5/20),ema_cross,5,15,東京(9-15),木,下降のみ,なし,5,20,213,76.1,45.0,5.0,-15.0,1.059,-155.0,3,105,66.7,-175.0,5.0,-15.0,0.667,-210.0,3,不採用,20.6
ema_cross(EMA5/20),ema_cross,5,5,全時間,全曜日,上昇のみ,ATR低,5,20,1993,44.4,-1099.5,4.99,-4.98,0.801,-1179.5,20,827,43.0,-573.0,4.99,-4.99,0.756,-578.0,9,不採用,20.5
ema_cross(EMA5/20),ema_cross,5,5,東京(9-15),月,順方向のみ,なし,5,20,211,46.4,-75.0,5.0,-5.0,0.867,-105.0,8,86,39.5,-90.0,5.0,-5.0,0.654,-100.0,7,不採用,20.5
ema_cross(EMA5/20),ema_cross,5,5,ロンドン(16-21),火,なし,直近30分変動大,5,20,272,48.9,-30.0,5.0,-5.0,0.957,-115.0,7,124,40.3,-120.0,5.0,-5.0,0.676,-130.0,7,不採用,20.5
ema_cross(EMA5/20),ema_cross,5,8,9時台,全曜日,順方向のみ,直近30分変動大,5,20,59,55.9,-43.0,5.0,-8.0,0.793,-79.0,4,27,48.1,-47.0,5.0,-8.0,0.58,-53.0,5,不採用,20.5
ema_cross(EMA5/20),ema_cross,5,8,10時台,月,順方向のみ,ATR高,5,20,14,71.4,18.0,5.0,-8.0,1.562,-11.0,1,4,50.0,-6.0,5.0,-8.0,0.625,-8.0,2,不採用,20.5
ema_cross(EMA5/20),ema_cross,5,8,21時台,水,レンジのみ,なし,5,20,27,63.0,5.0,5.0,-8.0,1.062,-24.0,3,14,50.0,-21.0,5.0,-8.0,0.625,-46.0,4,不採用,20.5
ema_cross(EMA5/20),ema_cross,5,10,東京(9-15),全曜日,なし,なし,5,20,3045,64.5,-1005.0,5.0,-10.0,0.907,-1100.0,6,1245,63.4,-615.0,5.0,-10.0,0.865,-810.0,7,不採用,20.5
ema_cross(EMA5/20),ema_cross,5,10,16時台,火,上昇のみ,ATR低,5,20,10,90.0,35.0,5.0,-10.0,4.5,-10.0,1,5,60.0,-5.0,5.0,-10.0,0.75,-10.0,1,不採用,20.5
ema_cross(EMA5/20),ema_cross,5,15,全時間,月,順方向のみ,ATR高,5,20,164,68.9,-187.6,5.0,-14.76,0.751,-207.6,3,57,63.2,-135.0,5.0,-15.0,0.571,-165.0,3,不採用,20.5
ema_cross(EMA5/20),ema_cross,5,15,全時間,金,レンジのみ,ATR低,5,20,167,70.1,-165.0,5.0,-15.0,0.78,-290.0,4,70,64.3,-150.0,5.0,-15.0,0.6,-145.0,4,不採用,20.5
ema_cross(EMA5/20),ema_cross,5,5,NY(21-24),火,レンジのみ,ATR高,5,20,27,66.7,45.0,5.0,-5.0,2.0,-10.0,2,12,41.7,-10.0,5.0,-5.0,0.714,-20.0,3,不採用,20.4
ema_cross(EMA5/20),ema_cross,5,5,NY(21-24),水,下降のみ,なし,5,20,95,36.8,-125.0,5.0,-5.0,0.583,-150.0,9,54,35.2,-80.0,5.0,-5.0,0.543,-80.0,7,不採用,20.4
ema_cross(EMA5/20),ema_cross,5,8,東京(9-15),木,下降のみ,なし,5,20,263,62.4,28.0,5.0,-8.0,1.035,-95.0,6,129,51.2,-174.0,5.0,-8.0,0.655,-193.0,4,不採用,20.4
ema_cross(EMA5/20),ema_cross,5,8,16時台,木,下降のみ,直近30分変動大,5,20,29,58.6,-11.0,5.0,-8.0,0.885,-53.0,4,9,44.4,-20.0,5.0,-8.0,0.5,-14.0,2,不採用,20.4
ema_cross(EMA5/20),ema_cross,5,8,21時台,水,レンジのみ,ATR低,5,20,6,50.0,-9.0,5.0,-8.0,0.625,-19.0,2,5,40.0,-14.0,5.0,-8.0,0.417,-11.0,2,不採用,20.4
ema_cross(EMA5/20),ema_cross,5,10,NY(21-24),金,なし,ATR低,5,20,30,63.3,1.8,5.0,-8.47,1.019,-38.2,4,22,54.5,-38.8,4.62,-9.42,0.588,-64.6,3,不採用,20.4
ema_cross(EMA5/20),ema_cross,5,10,16時台,全曜日,上昇のみ,ATR高,5,20,99,66.7,0.0,5.0,-10.0,1.0,-70.0,3,43,55.8,-70.0,5.0,-10.0,0.632,-105.0,4,不採用,20.4
ema_cross(EMA5/20),ema_cross,5,12,全時間,月,上昇のみ,ATR低,5,20,185,56.2,-402.0,5.0,-11.38,0.564,-425.8,5,57,54.4,-157.0,5.0,-12.0,0.497,-165.0,3,不採用,20.4
ema_cross(EMA5/20),ema_cross,5,12,ロンドン(16-21),全曜日,上昇のみ,直近30分変動大,5,20,496,64.3,-518.5,5.0,-11.94,0.755,-625.5,5,207,61.8,-304.0,5.0,-11.95,0.678,-337.0,6,不採用,20.4
ema_cross(EMA5/20),ema_cross,5,12,ロンドン(16-21),火,レンジのみ,直近30分変動大,5,20,67,74.6,46.0,5.0,-12.0,1.225,-60.0,2,38,60.5,-65.0,5.0,-12.0,0.639,-71.0,3,不採用,20.4
ema_cross(EMA5/20),ema_cross,5,12,NY(21-24),火,上昇のみ,ATR高,5,20,64,62.5,-74.0,5.0,-11.42,0.73,-121.0,3,15,53.3,-44.0,5.0,-12.0,0.476,-49.0,2,不採用,20.4
ema_cross(EMA5/20),ema_cross,5,12,NY(21-24),水,下降のみ,なし,5,20,76,68.4,-10.9,5.0,-11.29,0.96,-71.0,4,45,60.0,-81.0,5.0,-12.0,0.625,-101.0,4,不採用,20.4
ema_cross(EMA5/20),ema_cross,5,12,22時台,全曜日,順方向のみ,ATR高,5,20,137,60.6,-190.9,5.0,-11.22,0.685,-212.9,4,33,54.5,-84.2,5.0,-11.61,0.517,-114.0,3,不採用,20.4
ema_cross(EMA5/20),ema_cross,5,15,全時間,月,なし,直近30分変動大,5,20,808,70.7,-686.1,4.99,-14.92,0.806,-774.0,6,393,68.7,-487.0,5.0,-14.93,0.735,-540.0,7,不採用,20.4
ema_cross(EMA5/20),ema_cross,5,15,ロンドン(16-21),月,なし,なし,5,20,444,68.9,-497.6,5.0,-14.69,0.755,-562.6,6,187,66.3,-309.9,5.0,-14.76,0.667,-324.9,5,不採用,20.4
ema_cross(EMA5/20),ema_cross,5,5,21時台,金,レンジのみ,なし,5,20,42,50.0,0.0,5.0,-5.0,1.0,-25.0,4,13,38.5,-15.0,5.0,-5.0,0.625,-25.0,5,不採用,20.3
ema_cross(EMA5/20),ema_cross,5,8,全時間,全曜日,順方向のみ,直近30分変動大,5,20,1225,54.0,-1196.8,5.0,-8.0,0.734,-1240.8,8,585,53.7,-602.2,4.99,-8.0,0.722,-617.2,8,不採用,20.3
ema_cross(EMA5/20),ema_cross,5,8,東京(9-15),金,順方向のみ,ATR高,5,20,53,64.2,18.0,5.0,-8.0,1.118,-53.0,3,19,47.4,-35.0,5.0,-8.0,0.562,-34.0,2,不採用,20.3
ema_cross(EMA5/20),ema_cross,5,8,9時台,火,下降のみ,直近30分変動大,5,20,24,54.2,-23.0,5.0,-8.0,0.739,-40.0,4,11,45.5,-23.0,5.0,-8.0,0.521,-32.0,4,不採用,20.3
ema_cross(EMA5/20),ema_cross,5,8,10時台,金,下降のみ,直近30分変動大,5,20,18,55.6,-14.0,5.0,-8.0,0.781,-19.0,2,7,42.9,-17.0,5.0,-8.0,0.469,-16.0,2,不採用,20.3
ema_cross(EMA5/20),ema_cross,5,12,全時間,全曜日,上昇のみ,ATR低,5,20,1381,67.4,-553.1,4.97,-11.52,0.893,-711.6,5,558,63.4,-582.8,4.98,-11.49,0.751,-613.3,7,不採用,20.3
ema_cross(EMA5/20),ema_cross,5,12,東京(9-15),火,レンジのみ,直近30分変動大,5,20,82,73.2,36.0,5.0,-12.0,1.136,-63.0,3,45,62.2,-64.0,5.0,-12.0,0.686,-89.0,5,不採用,20.3
ema_cross(EMA5/20),ema_cross,5,12,21時台,火,順方向のみ,直近30分変動大,5,20,17,82.4,34.0,5.0,-12.0,1.944,-12.0,1,5,60.0,-9.0,5.0,-12.0,0.625,-14.0,1,不採用,20.3
ema_cross(EMA5/20),ema_cross,5,12,21時台,金,レンジのみ,ATR高,5,20,22,63.6,-26.0,5.0,-12.0,0.729,-34.0,2,2,50.0,-7.0,5.0,-12.0,0.417,0.0,1,不採用,20.3
ema_cross(EMA5/20),ema_cross,5,12,22時台,木,レンジのみ,なし,5,20,28,57.1,-52.8,4.86,-10.88,0.596,-71.6,3,10,50.0,-35.0,5.0,-12.0,0.417,-26.0,2,不採用,20.3
ema_cross(EMA5/20),ema_cross,5,5,10時台,金,レンジのみ,なし,5,20,46,58.7,40.0,5.0,-5.0,1.421,-25.0,4,18,38.9,-20.0,5.0,-5.0,0.636,-25.0,3,不採用,20.2
ema_cross(EMA5/20),ema_cross,5,5,21時台,木,レンジのみ,ATR高,5,20,24,54.2,10.0,5.0,-5.0,1.182,-25.0,3,10,40.0,-10.0,5.0,-5.0,0.667,-25.0,5,不採用,20.2
ema_cross(EMA5/20),ema_cross,5,8,9時台,木,上昇のみ,なし,5,20,47,63.8,14.0,5.0,-8.0,1.103,-27.0,3,18,50.0,-27.0,5.0,-8.0,0.625,-42.0,4,不採用,20.2
ema_cross(EMA5/20),ema_cross,5,12,ロンドン(16-21),月,順方向のみ,直近30分変動大,5,20,53,64.2,-58.0,5.0,-12.0,0.746,-93.0,6,23,56.5,-55.0,5.0,-12.0,0.542,-67.0,4,不採用,20.2
ema_cross(EMA5/20),ema_cross,5,15,ロンドン(16-21),金,レンジのみ,ATR高,5,20,58,79.3,50.0,5.0,-15.0,1.278,-45.0,2,8,62.5,-20.0,5.0,-15.0,0.556,-35.0,1,不採用,20.2
ema_cross(EMA5/20),ema_cross,5,5,21時台,全曜日,順方向のみ,ATR高,5,20,130,40.8,-120.0,5.0,-5.0,0.688,-150.0,10,24,33.3,-40.0,5.0,-5.0,0.5,-45.0,4,不採用,20.1
ema_cross(EMA5/20),ema_cross,5,8,21時台,月,上昇のみ,ATR低,5,20,12,66.7,15.1,5.0,-6.22,1.606,-16.9,3,6,50.0,-9.0,5.0,-8.0,0.625,-19.0,2,不採用,20.1
ema_cross(EMA5/20),ema_cross,5,10,NY(21-24),全曜日,順方向のみ,ATR高,5,20,266,58.3,-315.4,5.0,-9.82,0.711,-370.4,5,56,51.8,-125.0,5.0,-10.0,0.537,-150.0,3,不採用,20.1
ema_cross(EMA5/20),ema_cross,5,10,21時台,全曜日,レンジのみ,ATR低,5,20,28,57.1,-40.0,5.0,-10.0,0.667,-60.0,5,18,50.0,-45.0,5.0,-10.0,0.5,-45.0,4,不採用,20.1
ema_cross(EMA5/20),ema_cross,5,12,NY(21-24),木,下降のみ,直近30分変動大,5,20,59,66.1,-34.0,5.0,-11.45,0.852,-71.0,3,16,56.2,-39.0,5.0,-12.0,0.536,-52.0,3,不採用,20.1
ema_cross(EMA5/20),ema_cross,5,12,21時台,全曜日,なし,ATR低,5,20,104,69.2,34.4,5.0,-10.17,1.106,-65.0,3,72,62.5,-92.6,5.0,-11.76,0.708,-113.6,6,不採用,20.1
ema_cross(EMA5/20),ema_cross,5,15,NY(21-24),全曜日,レンジのみ,なし,5,20,302,74.8,64.9,4.93,-13.82,1.062,-100.9,3,134,66.4,-209.8,5.0,-14.55,0.68,-280.0,3,不採用,20.1
ema_cross(EMA5/20),ema_cross,5,5,ロンドン(16-21),火,上昇のみ,ATR低,5,20,36,61.1,40.0,5.0,-5.0,1.571,-30.0,5,23,43.5,-15.0,5.0,-5.0,0.769,-35.0,6,不採用,20.0
ema_cross(EMA5/20),ema_cross,5,5,16時台,木,下降のみ,直近30分変動大,5,20,29,44.8,-15.0,5.0,-5.0,0.812,-35.0,4,9,33.3,-15.0,5.0,-5.0,0.5,-15.0,3,不採用,20.0
ema_cross(EMA5/20),ema_cross,5,10,東京(9-15),火,レンジのみ,ATR高,5,20,24,62.5,-15.0,5.0,-10.0,0.833,-35.0,3,18,50.0,-45.0,5.0,-10.0,0.5,-55.0,2,不採用,20.0
ema_cross(EMA5/20),ema_cross,5,10,16時台,月,下降のみ,なし,5,20,32,81.2,70.0,5.0,-10.0,2.167,-20.0,2,22,59.1,-25.0,5.0,-10.0,0.722,-30.0,3,不採用,20.0
ema_cross(EMA5/20),ema_cross,5,12,ロンドン(16-21),水,上昇のみ,なし,5,20,243,65.0,-219.7,5.0,-11.88,0.782,-239.7,4,71,59.2,-134.0,5.0,-11.86,0.61,-143.0,5,不採用,20.0
ema_cross(EMA5/20),ema_cross,5,12,9時台,水,上昇のみ,ATR高,5,20,10,70.0,-1.0,5.0,-12.0,0.972,-24.0,2,7,57.1,-16.0,5.0,-12.0,0.556,-36.0,3,不採用,20.0
ema_cross(EMA5/20),ema_cross,5,8,16時台,月,順方向のみ,なし,5,20,34,67.6,27.0,5.0,-8.0,1.307,-22.0,2,22,50.0,-33.0,5.0,-8.0,0.625,-43.0,3,不採用,19.9
ema_cross(EMA5/20),ema_cross,5,10,NY(21-24),水,順方向のみ,直近30分変動大,5,20,31,64.5,-10.0,5.0,-10.0,0.909,-40.0,4,23,52.2,-50.0,5.0,-10.0,0.545,-45.0,3,不採用,19.9
ema_cross(EMA5/20),ema_cross,5,12,東京(9-15),水,順方向のみ,ATR高,5,20,38,65.8,-31.0,5.0,-12.0,0.801,-72.0,2,18,55.6,-46.0,5.0,-12.0,0.521,-57.0,3,不採用,19.9
ema_cross(EMA5/20),ema_cross,5,15,NY(21-24),金,下降のみ,ATR高,5,20,52,71.2,-44.8,4.87,-15.0,0.801,-90.0,5,20,60.0,-60.0,5.0,-15.0,0.5,-65.0,2,不採用,19.9
ema_cross(EMA5/20),ema_cross,5,5,NY(21-24),水,下降のみ,直近30分変動大,5,20,61,41.0,-55.0,5.0,-5.0,0.694,-70.0,6,32,34.4,-50.0,5.0,-5.0,0.524,-50.0,5,不採用,19.8
ema_cross(EMA5/20),ema_cross,5,5,21時台,水,レンジのみ,なし,5,20,29,55.2,15.0,5.0,-5.0,1.231,-20.0,4,16,37.5,-20.0,5.0,-5.0,0.6,-30.0,3,不採用,19.8
ema_cross(EMA5/20),ema_cross,5,8,9時台,水,なし,ATR高,5,20,30,40.0,-84.0,5.0,-8.0,0.417,-97.0,8,13,38.5,-39.0,5.0,-8.0,0.391,-35.0,5,不採用,19.8
ema_cross(EMA5/20),ema_cross,5,8,22時台,火,下降のみ,ATR高,5,20,44,43.2,-105.0,5.0,-8.0,0.475,-129.0,5,8,37.5,-25.0,5.0,-8.0,0.375,-24.0,3,不採用,19.8
ema_cross(EMA5/20),ema_cross,5,10,全時間,木,レンジのみ,ATR高,5,20,214,63.1,-109.0,5.0,-9.92,0.861,-134.0,4,73,54.8,-130.0,5.0,-10.0,0.606,-160.0,4,不採用,19.8
ema_cross(EMA5/20),ema_cross,5,10,ロンドン(16-21),水,順方向のみ,なし,5,20,205,68.8,74.9,5.0,-9.85,1.119,-70.1,4,74,56.8,-110.0,5.0,-10.0,0.656,-135.0,4,不採用,19.8
ema_cross(EMA5/20),ema_cross,5,10,21時台,全曜日,なし,直近30分変動大,5,20,385,66.2,-25.0,5.0,-10.0,0.981,-205.0,5,151,57.6,-205.0,5.0,-10.0,0.68,-250.0,5,不採用,19.8
ema_cross(EMA5/20),ema_cross,5,12,10時台,水,上昇のみ,なし,5,20,49,67.3,-23.4,5.0,-11.78,0.876,-75.4,3,20,55.0,-53.0,5.0,-12.0,0.509,-50.0,2,不採用,19.8
ema_cross(EMA5/20),ema_cross,5,12,22時台,水,順方向のみ,ATR高,5,20,25,64.0,-20.4,5.0,-11.16,0.797,-31.0,3,13,53.8,-37.0,5.0,-12.0,0.486,-52.0,2,不採用,19.8
ema_cross(EMA5/20),ema_cross,5,15,NY(21-24),木,なし,直近30分変動大,5,20,166,74.7,7.5,5.0,-14.58,1.012,-156.5,5,63,65.1,-125.0,5.0,-15.0,0.621,-145.0,3,不採用,19.8
ema_cross(EMA5/20),ema_cross,5,5,10時台,全曜日,上昇のみ,直近30分変動大,5,20,115,42.6,-85.0,5.0,-5.0,0.742,-110.0,5,51,35.3,-75.0,5.0,-5.0,0.545,-70.0,5,不採用,19.7
ema_cross(EMA5/20),ema_cross,5,5,10時台,金,レンジのみ,ATR高,5,20,19,68.4,35.0,5.0,-5.0,2.167,-10.0,2,5,40.0,-5.0,5.0,-5.0,0.667,-10.0,2,不採用,19.7
ema_cross(EMA5/20),ema_cross,5,5,16時台,月,下降のみ,直近30分変動大,5,20,19,63.2,25.0,5.0,-5.0,1.714,-15.0,3,17,41.2,-15.0,5.0,-5.0,0.7,-20.0,4,不採用,19.7
ema_cross(EMA5/20),ema_cross,5,10,全時間,全曜日,順方向のみ,ATR低,5,20,1363,61.8,-880.3,4.97,-9.75,0.826,-986.9,7,499,58.3,-582.2,5.0,-9.79,0.714,-620.9,7,不採用,19.7
ema_cross(EMA5/20),ema_cross,5,10,9時台,全曜日,なし,直近30分変動大,5,20,380,67.4,40.0,5.0,-10.0,1.032,-215.0,5,172,58.1,-220.0,5.0,-10.0,0.694,-280.0,5,不採用,19.7
ema_cross(EMA5/20),ema_cross,5,10,9時台,木,なし,直近30分変動大,5,20,81,74.1,90.0,5.0,-10.0,1.429,-35.0,3,37,56.8,-55.0,5.0,-10.0,0.656,-80.0,3,不採用,19.7
ema_cross(EMA5/20),ema_cross,5,10,22時台,月,上昇のみ,直近30分変動大,5,20,18,50.0,-39.7,5.0,-9.41,0.531,-54.7,4,9,44.4,-30.0,5.0,-10.0,0.4,-20.0,3,不採用,19.7
ema_cross(EMA5/20),ema_cross,5,12,ロンドン(16-21),火,上昇のみ,ATR低,5,20,33,84.8,80.0,5.0,-12.0,2.333,-19.0,1,16,62.5,-18.3,5.0,-11.38,0.732,-33.0,3,不採用,19.7
ema_cross(EMA5/20),ema_cross,5,12,21時台,全曜日,順方向のみ,直近30分変動大,5,20,106,67.9,-48.0,5.0,-12.0,0.882,-77.0,3,38,60.5,-65.0,5.0,-12.0,0.639,-86.0,6,不採用,19.7
ema_cross(EMA5/20),ema_cross,5,5,東京(9-15),全曜日,上昇のみ,ATR高,5,20,284,43.0,-200.0,5.0,-5.0,0.753,-205.0,7,132,39.4,-140.0,5.0,-5.0,0.65,-140.0,9,不採用,19.6
ema_cross(EMA5/20),ema_cross,5,5,16時台,全曜日,下降のみ,直近30分変動大,5,20,118,49.2,-10.0,5.0,-5.0,0.967,-60.0,5,54,38.9,-60.0,5.0,-5.0,0.636,-70.0,6,不採用,19.6
ema_cross(EMA5/20),ema_cross,5,5,22時台,金,上昇のみ,なし,5,20,84,39.3,-85.4,5.0,-4.91,0.659,-100.4,6,28,35.7,-40.0,5.0,-5.0,0.556,-45.0,7,不採用,19.6
ema_cross(EMA5/20),ema_cross,5,8,21時台,全曜日,順方向のみ,ATR高,5,20,129,57.4,-66.0,5.0,-7.93,0.849,-113.0,5,24,45.8,-49.0,5.0,-8.0,0.529,-66.0,3,不採用,19.6
ema_cross(EMA5/20),ema_cross,5,10,16時台,木,上昇のみ,なし,5,20,48,70.8,30.0,5.0,-10.0,1.214,-65.0,4,30,53.3,-50.9,5.0,-9.35,0.611,-60.9,3,不採用,19.6
ema_cross(EMA5/20),ema_cross,5,10,21時台,全曜日,順方向のみ,ATR低,5,20,40,72.5,48.8,5.0,-8.75,1.507,-20.0,2,23,56.5,-35.0,5.0,-10.0,0.65,-45.0,3,不採用,19.6
ema_cross(EMA5/20),ema_cross,5,15,9時台,水,順方向のみ,ATR高,5,20,7,57.1,-25.0,5.0,-15.0,0.444,-30.0,2,4,50.0,-20.0,5.0,-15.0,0.333,-15.0,2,不採用,19.6
ema_cross(EMA5/20),ema_cross,5,5,NY(21-24),全曜日,レンジのみ,直近30分変動大,5,20,176,50.6,10.0,5.0,-5.0,1.023,-60.0,5,78,38.5,-90.0,5.0,-5.0,0.625,-100.0,5,不採用,19.5
ema_cross(EMA5/20),ema_cross,5,8,ロンドン(16-21),火,なし,ATR高,5,20,220,65.5,112.0,5.0,-8.0,1.184,-85.0,6,100,54.0,-98.0,5.0,-8.0,0.734,-140.0,7,不採用,19.5
ema_cross(EMA5/20),ema_cross,5,8,9時台,水,順方向のみ,なし,5,20,43,60.5,-6.0,5.0,-8.0,0.956,-61.0,3,25,48.0,-44.0,5.0,-8.0,0.577,-44.0,4,不採用,19.5
ema_cross(EMA5/20),ema_cross,5,12,9時台,全曜日,上昇のみ,ATR低,5,20,103,69.9,-12.0,5.0,-12.0,0.968,-90.0,3,39,59.0,-77.0,5.0,-12.0,0.599,-75.0,4,不採用,19.5
ema_cross(EMA5/20),ema_cross,5,15,東京(9-15),水,順方向のみ,直近30分変動大,5,20,46,76.1,10.0,5.0,-15.0,1.061,-35.0,2,24,62.5,-60.0,5.0,-15.0,0.556,-65.0,2,不採用,19.5
ema_cross(EMA5/20),ema_cross,5,15,10時台,全曜日,順方向のみ,直近30分変動大,5,20,45,77.8,25.0,5.0,-15.0,1.167,-50.0,3,21,61.9,-55.0,5.0,-15.0,0.542,-60.0,1,不採用,19.5
ema_cross(EMA5/20),ema_cross,5,5,ロンドン(16-21),火,レンジのみ,ATR高,5,20,59,49.2,-5.0,5.0,-5.0,0.967,-35.0,6,24,37.5,-30.0,5.0,-5.0,0.6,-40.0,5,不採用,19.4
ema_cross(EMA5/20),ema_cross,5,8,16時台,火,レンジのみ,ATR高,5,20,10,60.0,-2.0,5.0,-8.0,0.938,-16.0,3,9,44.4,-20.0,5.0,-8.0,0.5,-30.0,2,不採用,19.4
ema_cross(EMA5/20),ema_cross,5,8,16時台,木,下降のみ,ATR高,5,20,28,57.1,-16.0,5.0,-8.0,0.833,-43.0,4,9,44.4,-20.0,5.0,-8.0,0.5,-24.0,3,不採用,19.4
ema_cross(EMA5/20),ema_cross,5,10,21時台,木,上昇のみ,ATR低,5,20,9,100.0,45.0,5.0,0.0,999.0,0.0,0,8,62.5,-5.0,5.0,-10.0,0.833,-10.0,1,不採用,19.4
ema_cross(EMA5/20),ema_cross,5,12,東京(9-15),金,順方向のみ,ATR高,5,20,51,74.5,34.0,5.0,-12.0,1.218,-36.0,3,19,57.9,-41.0,5.0,-12.0,0.573,-54.0,2,不採用,19.4
ema_cross(EMA5/20),ema_cross,5,12,22時台,火,順方向のみ,ATR低,5,20,4,100.0,20.0,5.0,0.0,999.0,0.0,0,3,66.7,-2.0,5.0,-12.0,0.833,0.0,1,不採用,19.4
ema_cross(EMA5/20),ema_cross,5,5,NY(21-24),水,レンジのみ,なし,5,20,69,50.7,5.0,5.0,-5.0,1.029,-30.0,6,28,39.3,-30.0,5.0,-5.0,0.647,-50.0,6,不採用,19.3
ema_cross(EMA5/20),ema_cross,5,5,16時台,月,上昇のみ,なし,5,20,57,50.9,5.0,5.0,-5.0,1.036,-50.0,5,23,39.1,-25.0,5.0,-5.0,0.643,-30.0,6,不採用,19.3
ema_cross(EMA5/20),ema_cross,5,8,全時間,水,順方向のみ,なし,5,20,822,58.9,-276.1,5.0,-7.98,0.898,-359.1,9,347,52.2,-423.0,5.0,-8.0,0.681,-429.0,6,不採用,19.3
ema_cross(EMA5/20),ema_cross,5,8,NY(21-24),金,上昇のみ,直近30分変動大,5,20,82,54.9,-71.0,5.0,-8.0,0.76,-81.0,5,27,44.4,-60.0,5.0,-8.0,0.5,-68.0,3,不採用,19.3
ema_cross(EMA5/20),ema_cross,5,10,22時台,月,順方向のみ,なし,5,20,36,63.9,-9.2,4.9,-9.37,0.924,-40.0,4,14,50.0,-35.0,5.0,-10.0,0.5,-35.0,2,不採用,19.3
ema_cross(EMA5/20),ema_cross,5,12,NY(21-24),金,上昇のみ,直近30分変動大,5,20,81,67.9,-37.0,5.0,-12.0,0.881,-83.0,3,26,57.7,-61.6,4.69,-12.0,0.533,-54.6,3,不採用,19.3
ema_cross(EMA5/20),ema_cross,5,5,東京(9-15),全曜日,順方向のみ,ATR高,5,20,225,44.9,-115.0,5.0,-5.0,0.815,-125.0,6,102,38.2,-120.0,5.0,-5.0,0.619,-125.0,7,不採用,19.2
ema_cross(EMA5/20),ema_cross,5,5,ロンドン(16-21),月,下降のみ,ATR高,5,20,96,46.9,-30.0,5.0,-5.0,0.882,-40.0,5,31,38.7,-35.0,5.0,-5.0,0.632,-45.0,7,不採用,19.2
ema_cross(EMA5/20),ema_cross,5,5,22時台,火,レンジのみ,なし,5,20,23,69.6,45.0,5.0,-5.0,2.286,-10.0,2,14,42.9,-10.0,5.0,-5.0,0.75,-25.0,4,不採用,19.2
ema_cross(EMA5/20),ema_cross,5,10,10時台,全曜日,順方向のみ,ATR高,5,20,59,67.8,10.0,5.0,-10.0,1.053,-45.0,4,23,52.2,-50.0,5.0,-10.0,0.545,-70.0,2,不採用,19.2
ema_cross(EMA5/20),ema_cross,5,10,22時台,火,なし,ATR低,5,20,12,66.7,0.0,5.0,-10.0,1.0,-10.0,2,6,50.0,-15.0,5.0,-10.0,0.5,-10.0,2,不採用,19.2
ema_cross(EMA5/20),ema_cross,5,12,16時台,月,なし,なし,5,20,124,68.5,-40.0,4.99,-11.91,0.914,-83.0,5,60,60.0,-108.0,5.0,-12.0,0.625,-116.0,5,不採用,19.2
ema_cross(EMA5/20),ema_cross,5,15,全時間,月,上昇のみ,ATR低,5,20,177,58.2,-521.6,5.0,-14.01,0.497,-545.4,5,55,58.2,-185.0,5.0,-15.0,0.464,-190.0,3,不採用,19.2
ema_cross(EMA5/20),ema_cross,5,15,NY(21-24),月,順方向のみ,ATR高,5,20,33,66.7,-42.6,5.0,-13.87,0.721,-82.6,4,7,57.1,-25.0,5.0,-15.0,0.444,-40.0,2,不採用,19.2
ema_cross(EMA5/20),ema_cross,5,15,NY(21-24),水,順方向のみ,ATR高,5,20,47,70.2,-34.4,5.0,-14.24,0.827,-54.4,2,18,61.1,-50.0,5.0,-15.0,0.524,-75.0,3,不採用,19.2
ema_cross(EMA5/20),ema_cross,5,10,9時台,金,下降のみ,ATR高,5,20,21,66.7,0.0,5.0,-10.0,1.0,-25.0,2,6,50.0,-15.0,5.0,-10.0,0.5,-15.0,2,不採用,19.1
ema_cross(EMA5/20),ema_cross,5,12,NY(21-24),火,レンジのみ,直近30分変動大,5,20,29,72.4,9.0,5.0,-12.0,1.094,-55.0,3,16,56.2,-34.0,5.0,-11.29,0.57,-44.0,3,不採用,19.1
ema_cross(EMA5/20),ema_cross,5,12,9時台,水,上昇のみ,なし,5,20,51,66.7,-34.0,5.0,-12.0,0.833,-86.0,4,28,57.1,-64.0,5.0,-12.0,0.556,-80.0,4,不採用,19.1
ema_cross(EMA5/20),ema_cross,5,12,10時台,全曜日,順方向のみ,直近30分変動大,5,20,45,73.3,21.0,5.0,-12.0,1.146,-50.0,4,21,57.1,-48.0,5.0,-12.0,0.556,-56.0,2,不採用,19.1
ema_cross(EMA5/20),ema_cross,5,12,21時台,全曜日,順方向のみ,ATR高,5,20,129,65.1,-112.0,5.0,-11.82,0.789,-157.0,5,24,54.2,-60.8,5.0,-11.44,0.517,-90.8,3,不採用,19.1
ema_cross(EMA5/20),ema_cross,5,12,21時台,木,レンジのみ,なし,5,20,43,69.8,-6.0,5.0,-12.0,0.962,-47.0,2,21,57.1,-48.0,5.0,-12.0,0.556,-73.0,3,不採用,19.1
ema_cross(EMA5/20),ema_cross,5,15,全時間,水,順方向のみ,ATR低,5,20,272,73.9,-43.8,4.98,-14.71,0.958,-155.0,3,101,65.3,-198.9,4.94,-15.0,0.621,-198.9,3,不採用,19.1
ema_cross(EMA5/20),ema_cross,5,5,東京(9-15),水,上昇のみ,ATR高,5,20,62,45.2,-30.0,5.0,-5.0,0.824,-50.0,6,31,35.5,-45.0,5.0,-5.0,0.55,-40.0,5,不採用,19.0
ema_cross(EMA5/20),ema_cross,5,5,東京(9-15),木,上昇のみ,ATR低,5,20,95,44.2,-55.0,5.0,-5.0,0.792,-70.0,8,34,35.3,-50.0,5.0,-5.0,0.545,-55.0,5,不採用,19.0
ema_cross(EMA5/20),ema_cross,5,8,全時間,月,順方向のみ,直近30分変動大,5,20,173,54.3,-162.0,5.0,-8.0,0.744,-179.0,5,86,48.8,-142.0,5.0,-8.0,0.597,-152.0,6,不採用,19.0
ema_cross(EMA5/20),ema_cross,5,8,10時台,月,順方向のみ,直近30分変動大,5,20,10,80.0,24.0,5.0,-8.0,2.5,-11.0,1,2,50.0,-3.0,5.0,-8.0,0.625,-8.0,1,不採用,19.0
ema_cross(EMA5/20),ema_cross,5,10,NY(21-24),水,なし,ATR高,5,20,126,57.1,-180.0,5.0,-10.0,0.667,-205.0,8,50,52.0,-110.0,5.0,-10.0,0.542,-125.0,5,不採用,19.0
ema_cross(EMA5/20),ema_cross,5,10,10時台,水,下降のみ,直近30分変動大,5,20,21,66.7,0.0,5.0,-10.0,1.0,-35.0,2,4,50.0,-10.0,5.0,-10.0,0.5,-20.0,2,不採用,19.0
ema_cross(EMA5/20),ema_cross,5,12,全時間,木,レンジのみ,ATR高,5,20,205,69.8,-21.0,5.0,-11.87,0.971,-129.0,3,73,60.3,-128.0,5.0,-12.0,0.632,-182.0,4,不採用,19.0
ema_cross(EMA5/20),ema_cross,5,12,東京(9-15),水,下降のみ,ATR低,5,20,64,75.0,48.0,5.0,-12.0,1.25,-50.0,3,14,57.1,-32.0,5.0,-12.0,0.556,-28.0,2,不採用,19.0
ema_cross(EMA5/20),ema_cross,5,12,9時台,月,下降のみ,直近30分変動大,5,20,16,75.0,12.0,5.0,-12.0,1.25,-14.0,1,7,57.1,-16.0,5.0,-12.0,0.556,-31.0,2,不採用,19.0
ema_cross(EMA5/20),ema_cross,5,5,16時台,月,下降のみ,なし,5,20,38,57.9,30.0,5.0,-5.0,1.375,-20.0,4,29,41.4,-25.0,5.0,-5.0,0.706,-35.0,6,不採用,18.9
ema_cross(EMA5/20),ema_cross,5,8,9時台,全曜日,なし,直近30分変動大,5,20,381,61.7,7.0,5.0,-8.0,1.006,-216.0,5,172,52.3,-206.0,5.0,-8.0,0.686,-265.0,6,不採用,18.9
ema_cross(EMA5/20),ema_cross,5,8,9時台,全曜日,順方向のみ,ATR高,5,20,35,60.0,-7.0,5.0,-8.0,0.938,-16.0,2,26,50.0,-39.0,5.0,-8.0,0.625,-57.0,6,不採用,18.9
ema_cross(EMA5/20),ema_cross,5,8,21時台,月,なし,直近30分変動大,5,20,61,70.5,71.0,5.0,-8.0,1.493,-27.0,3,20,50.0,-30.0,5.0,-8.0,0.625,-36.0,3,不採用,18.9
ema_cross(EMA5/20),ema_cross,5,8,21時台,金,レンジのみ,ATR低,5,20,4,75.0,7.0,5.0,-8.0,1.875,-8.0,1,6,50.0,-9.0,5.0,-8.0,0.625,-19.0,2,不採用,18.9
ema_cross(EMA5/20),ema_cross,5,10,全時間,月,上昇のみ,ATR低,5,20,203,57.1,-272.1,5.0,-9.79,0.681,-295.9,5,62,51.6,-140.0,5.0,-10.0,0.533,-150.0,4,不採用,18.9
ema_cross(EMA5/20),ema_cross,5,10,全時間,火,レンジのみ,ATR高,5,20,150,64.0,-60.0,5.0,-10.0,0.889,-115.0,4,67,53.7,-124.0,5.0,-9.81,0.592,-144.0,4,不採用,18.9
ema_cross(EMA5/20),ema_cross,5,10,全時間,金,レンジのみ,ATR低,5,20,190,65.8,-25.0,5.0,-10.0,0.962,-150.0,5,84,56.0,-135.0,5.0,-10.0,0.635,-140.0,5,不採用,18.9
ema_cross(EMA5/20),ema_cross,5,10,NY(21-24),金,上昇のみ,ATR低,5,20,20,60.0,-1.3,5.0,-7.66,0.979,-31.3,5,13,53.8,-29.6,4.34,-10.0,0.507,-44.6,2,不採用,18.9
ema_cross(EMA5/20),ema_cross,5,12,21時台,火,下降のみ,なし,5,20,44,79.5,67.0,5.0,-12.0,1.62,-26.0,2,18,61.1,-29.0,5.0,-12.0,0.655,-54.0,3,不採用,18.9
ema_cross(EMA5/20),ema_cross,5,15,東京(9-15),月,下降のみ,直近30分変動大,5,20,88,69.3,-100.0,5.0,-15.0,0.753,-140.0,3,36,61.1,-100.0,5.0,-15.0,0.524,-120.0,3,不採用,18.9
ema_cross(EMA5/20),ema_cross,5,15,NY(21-24),火,レンジのみ,ATR高,5,20,24,87.5,60.0,5.0,-15.0,2.333,-40.0,2,11,63.6,-17.0,5.0,-13.0,0.673,-37.0,2,不採用,18.9
ema_cross(EMA5/20),ema_cross,5,5,10時台,月,上昇のみ,ATR高,5,20,25,36.0,-35.0,5.0,-5.0,0.562,-50.0,5,13,30.8,-25.0,5.0,-5.0,0.444,-25.0,5,不採用,18.8
ema_cross(EMA5/20),ema_cross,5,5,16時台,月,順方向のみ,直近30分変動大,5,20,8,87.5,30.0,5.0,-5.0,7.0,0.0,1,11,45.5,-5.0,5.0,-5.0,0.833,-15.0,3,不採用,18.8
ema_cross(EMA5/20),ema_cross,5,5,22時台,木,下降のみ,なし,5,20,46,43.5,-26.4,5.0,-4.86,0.791,-36.4,3,9,33.3,-15.0,5.0,-5.0,0.5,-15.0,4,不採用,18.8
ema_cross(EMA5/20),ema_cross,5,8,16時台,月,下降のみ,直近30分変動大,5,20,19,78.9,43.0,5.0,-8.0,2.344,-8.0,1,17,52.9,-19.0,5.0,-8.0,0.703,-27.0,3,不採用,18.8
ema_cross(EMA5/20),ema_cross,5,10,全時間,全曜日,レンジのみ,直近30分変動大,5,20,1464,62.4,-945.0,5.0,-10.0,0.828,-980.0,7,723,60.4,-653.1,5.0,-9.92,0.77,-698.1,7,不採用,18.8
ema_cross(EMA5/20),ema_cross,5,10,全時間,月,順方向のみ,直近30分変動大,5,20,173,59.5,-185.0,5.0,-10.0,0.736,-200.0,4,86,54.7,-155.0,5.0,-10.0,0.603,-165.0,6,不採用,18.8
ema_cross(EMA5/20),ema_cross,5,10,10時台,金,レンジのみ,なし,5,20,44,75.0,55.0,5.0,-10.0,1.5,-30.0,2,18,55.6,-30.0,5.0,-10.0,0.625,-35.0,3,不採用,18.8
ema_cross(EMA5/20),ema_cross,5,12,22時台,木,下降のみ,なし,5,20,41,63.4,-39.4,5.0,-11.29,0.767,-57.4,2,8,50.0,-28.0,5.0,-12.0,0.417,-26.0,1,不採用,18.8
ema_cross(EMA5/20),ema_cross,5,15,全時間,水,順方向のみ,なし,5,20,733,73.7,-150.3,4.99,-14.74,0.947,-243.1,3,317,68.1,-438.9,4.98,-15.0,0.71,-453.9,5,不採用,18.8
ema_cross(EMA5/20),ema_cross,5,15,ロンドン(16-21),火,上昇のみ,ATR低,5,20,31,93.5,115.0,5.0,-15.0,4.833,-15.0,1,16,68.8,-13.3,5.0,-13.66,0.805,-30.0,3,不採用,18.8
ema_cross(EMA5/20),ema_cross,5,5,全時間,月,順方向のみ,直近30分変動大,5,20,173,39.9,-175.0,5.0,-5.0,0.663,-180.0,10,87,36.8,-115.0,5.0,-5.0,0.582,-115.0,8,不採用,18.7
ema_cross(EMA5/20),ema_cross,5,5,22時台,水,順方向のみ,なし,5,20,39,48.7,-5.0,5.0,-5.0,0.95,-20.0,4,30,36.7,-40.0,5.0,-5.0,0.579,-40.0,5,不採用,18.7
ema_cross(EMA5/20),ema_cross,5,5,22時台,木,順方向のみ,ATR高,5,20,35,51.4,5.0,5.0,-5.0,1.059,-15.0,3,3,33.3,-5.0,5.0,-5.0,0.5,-10.0,2,不採用,18.7
ema_cross(EMA5/20),ema_cross,5,8,10時台,金,レンジのみ,なし,5,20,45,71.1,56.0,5.0,-8.0,1.538,-41.0,4,18,50.0,-27.0,5.0,-8.0,0.625,-33.0,3,不採用,18.7
ema_cross(EMA5/20),ema_cross,5,8,16時台,火,なし,ATR高,5,20,54,63.0,10.0,5.0,-8.0,1.062,-49.0,5,28,50.0,-42.0,5.0,-8.0,0.625,-66.0,5,不採用,18.7
ema_cross(EMA5/20),ema_cross,5,10,10時台,全曜日,なし,直近30分変動大,5,20,304,64.1,-115.0,5.0,-10.0,0.894,-305.0,5,128,56.2,-200.0,5.0,-10.0,0.643,-235.0,5,不採用,18.7
ema_cross(EMA5/20),ema_cross,5,10,22時台,火,レンジのみ,なし,5,20,21,81.0,45.0,5.0,-10.0,2.125,-25.0,2,13,53.8,-19.0,5.0,-9.0,0.648,-35.0,2,不採用,18.7
ema_cross(EMA5/20),ema_cross,5,12,9時台,月,上昇のみ,直近30分変動大,5,20,27,74.1,16.0,5.0,-12.0,1.19,-38.0,2,18,61.1,-29.0,5.0,-12.0,0.655,-62.0,5,不採用,18.7
ema_cross(EMA5/20),ema_cross,5,12,22時台,木,レンジのみ,直近30分変動大,5,20,16,62.5,-22.0,5.0,-12.0,0.694,-32.0,2,8,50.0,-28.0,5.0,-12.0,0.417,-16.0,2,不採用,18.7
ema_cross(EMA5/20),ema_cross,5,15,NY(21-24),木,下降のみ,なし,5,20,97,70.1,-73.2,5.0,-14.25,0.823,-97.9,4,23,60.9,-65.0,5.0,-15.0,0.519,-80.0,3,不採用,18.7
ema_cross(EMA5/20),ema_cross,5,5,NY(21-24),金,なし,ATR低,5,20,33,51.5,7.7,5.0,-4.83,1.1,-32.3,6,27,37.0,-35.0,5.0,-5.0,0.588,-55.0,4,不採用,18.6
ema_cross(EMA5/20),ema_cross,5,5,10時台,全曜日,なし,直近30分変動大,5,20,305,47.2,-85.0,5.0,-5.0,0.894,-170.0,9,128,40.6,-120.0,5.0,-5.0,0.684,-155.0,9,不採用,18.6
ema_cross(EMA5/20),ema_cross,5,8,16時台,金,下降のみ,ATR高,5,20,28,53.6,-29.0,5.0,-8.0,0.721,-59.0,5,5,40.0,-14.0,5.0,-8.0,0.417,-11.0,2,不採用,18.6
ema_cross(EMA5/20),ema_cross,5,8,21時台,木,レンジのみ,直近30分変動大,5,20,24,75.0,42.0,5.0,-8.0,1.875,-27.0,3,14,50.0,-21.0,5.0,-8.0,0.625,-38.0,2,不採用,18.6
ema_cross(EMA5/20),ema_cross,5,12,NY(21-24),木,レンジのみ,なし,5,20,69,63.8,-68.8,4.95,-11.46,0.76,-99.0,4,31,54.8,-83.0,5.0,-12.0,0.506,-98.0,3,不採用,18.6
ema_cross(EMA5/20),ema_cross,5,12,9時台,金,順方向のみ,ATR高,5,20,6,66.7,-4.0,5.0,-12.0,0.833,-14.0,1,2,50.0,-7.0,5.0,-12.0,0.417,-12.0,1,不採用,18.6
ema_cross(EMA5/20),ema_cross,5,12,21時台,水,下降のみ,直近30分変動大,5,20,31,61.3,-49.0,5.0,-12.0,0.66,-75.0,2,15,53.3,-44.0,5.0,-12.0,0.476,-59.0,4,不採用,18.6
ema_cross(EMA5/20),ema_cross,5,15,9時台,水,上昇のみ,ATR高,5,20,9,66.7,-15.0,5.0,-15.0,0.667,-35.0,2,7,57.1,-25.0,5.0,-15.0,0.444,-45.0,3,不採用,18.6
ema_cross(EMA5/20),ema_cross,5,5,全時間,火,レンジのみ,ATR高,5,20,176,51.1,20.0,5.0,-5.0,1.047,-80.0,6,76,40.8,-70.0,5.0,-5.0,0.689,-80.0,8,不採用,18.5
ema_cross(EMA5/20),ema_cross,5,5,東京(9-15),月,順方向のみ,ATR低,5,20,72,43.1,-50.0,5.0,-5.0,0.756,-75.0,6,27,33.3,-45.0,5.0,-5.0,0.5,-60.0,4,不採用,18.5
ema_cross(EMA5/20),ema_cross,5,5,10時台,火,なし,ATR高,5,20,30,46.7,-10.0,5.0,-5.0,0.875,-40.0,4,26,34.6,-40.0,5.0,-5.0,0.529,-45.0,4,不採用,18.5
ema_cross(EMA5/20),ema_cross,5,5,21時台,金,なし,なし,5,20,192,45.3,-87.3,5.0,-4.97,0.833,-137.3,7,64,39.1,-70.0,5.0,-5.0,0.641,-100.0,8,不採用,18.5
ema_cross(EMA5/20),ema_cross,5,5,22時台,月,下降のみ,ATR高,5,20,25,48.0,-5.0,5.0,-5.0,0.923,-20.0,3,6,33.3,-10.0,5.0,-5.0,0.5,-15.0,3,不採用,18.5
ema_cross(EMA5/20),ema_cross,5,8,東京(9-15),月,順方向のみ,直近30分変動大,5,20,54,55.6,-42.0,5.0,-8.0,0.781,-72.0,3,30,46.7,-58.0,5.0,-8.0,0.547,-70.0,5,不採用,18.5
ema_cross(EMA5/20),ema_cross,5,10,全時間,火,上昇のみ,なし,5,20,971,62.3,-623.5,5.0,-9.97,0.829,-683.5,6,366,57.7,-494.1,5.0,-9.99,0.681,-544.1,5,不採用,18.5
ema_cross(EMA5/20),ema_cross,5,10,9時台,金,下降のみ,直近30分変動大,5,20,36,63.9,-15.0,5.0,-10.0,0.885,-35.0,3,8,50.0,-20.0,5.0,-10.0,0.5,-30.0,3,不採用,18.5
ema_cross(EMA5/20),ema_cross,5,10,16時台,木,下降のみ,なし,5,20,47,70.2,25.0,5.0,-10.0,1.179,-70.0,5,15,53.3,-30.0,5.0,-10.0,0.571,-40.0,3,不採用,18.5
ema_cross(EMA5/20),ema_cross,5,12,全時間,火,レンジのみ,ATR高,5,20,140,69.3,-31.0,5.0,-12.0,0.94,-114.0,3,63,58.7,-122.0,5.0,-11.81,0.603,-145.0,4,不採用,18.5
ema_cross(EMA5/20),ema_cross,5,12,NY(21-24),全曜日,レンジのみ,ATR低,5,20,34,55.9,-67.3,5.0,-10.82,0.585,-77.6,4,26,53.8,-74.0,5.0,-12.0,0.486,-92.0,5,不採用,18.5
ema_cross(EMA5/20),ema_cross,5,5,ロンドン(16-21),金,レンジのみ,なし,5,20,142,54.2,60.0,5.0,-5.0,1.185,-25.0,6,66,40.9,-60.0,5.0,-5.0,0.692,-80.0,7,不採用,18.4
ema_cross(EMA5/20),ema_cross,5,5,NY(21-24),水,なし,なし,5,20,287,44.6,-152.1,5.0,-4.98,0.808,-170.0,10,141,39.7,-145.0,5.0,-5.0,0.659,-180.0,9,不採用,18.4
ema_cross(EMA5/20),ema_cross,5,5,10時台,金,下降のみ,なし,5,20,30,53.3,10.0,5.0,-5.0,1.143,-20.0,3,17,35.3,-25.0,5.0,-5.0,0.545,-20.0,3,不採用,18.4
ema_cross(EMA5/20),ema_cross,5,5,22時台,金,なし,なし,5,20,180,40.6,-165.4,5.0,-4.96,0.688,-180.4,8,71,38.0,-85.0,5.0,-5.0,0.614,-115.0,9,不採用,18.4
ema_cross(EMA5/20),ema_cross,5,5,22時台,金,レンジのみ,ATR高,5,20,32,37.5,-40.0,5.0,-5.0,0.6,-60.0,7,10,30.0,-20.0,5.0,-5.0,0.429,-25.0,4,不採用,18.4
ema_cross(EMA5/20),ema_cross,5,10,全時間,月,なし,なし,5,20,1712,61.1,-1399.5,4.99,-9.94,0.789,-1444.5,7,708,59.6,-754.6,4.99,-10.0,0.736,-749.6,4,不採用,18.4
ema_cross(EMA5/20),ema_cross,5,10,ロンドン(16-21),金,順方向のみ,ATR低,5,20,34,52.9,-48.3,5.0,-8.64,0.651,-64.4,4,17,47.1,-50.0,5.0,-10.0,0.444,-60.0,3,不採用,18.4
ema_cross(EMA5/20),ema_cross,5,10,10時台,全曜日,順方向のみ,直近30分変動大,5,20,45,71.1,30.0,5.0,-10.0,1.231,-55.0,5,21,52.4,-45.0,5.0,-10.0,0.55,-50.0,2,不採用,18.4
ema_cross(EMA5/20),ema_cross,5,10,22時台,全曜日,順方向のみ,ATR高,5,20,138,56.5,-191.8,5.0,-9.7,0.67,-231.8,4,33,48.5,-90.0,5.0,-10.0,0.471,-95.0,3,不採用,18.4
ema_cross(EMA5/20),ema_cross,5,12,21時台,水,下降のみ,なし,5,20,39,64.1,-43.0,5.0,-12.0,0.744,-81.0,2,20,55.0,-53.0,5.0,-12.0,0.509,-73.0,4,不採用,18.4
ema_cross(EMA5/20),ema_cross,5,15,9時台,全曜日,下降のみ,直近30分変動大,5,20,126,73.0,-50.0,5.0,-15.0,0.902,-85.0,3,47,63.8,-105.0,5.0,-15.0,0.588,-125.0,4,不採用,18.4
ema_cross(EMA5/20),ema_cross,5,15,10時台,全曜日,レンジのみ,ATR低,5,20,18,61.1,-50.0,5.0,-15.0,0.524,-65.0,2,6,50.0,-30.0,5.0,-15.0,0.333,-25.0,1,不採用,18.4
ema_cross(EMA5/20),ema_cross,5,5,東京(9-15),月,順方向のみ,直近30分変動大,5,20,54,38.9,-60.0,5.0,-5.0,0.636,-55.0,7,31,32.3,-55.0,5.0,-5.0,0.476,-50.0,5,不採用,18.3
ema_cross(EMA5/20),ema_cross,5,5,22時台,月,上昇のみ,なし,5,20,44,47.7,-6.8,5.0,-4.86,0.939,-36.8,4,22,36.4,-30.0,5.0,-5.0,0.571,-40.0,5,不採用,18.3
ema_cross(EMA5/20),ema_cross,5,5,22時台,金,下降のみ,なし,5,20,52,46.2,-20.0,5.0,-5.0,0.857,-40.0,6,25,40.0,-25.0,5.0,-5.0,0.667,-45.0,9,不採用,18.3
ema_cross(EMA5/20),ema_cross,5,10,NY(21-24),木,レンジのみ,直近30分変動大,5,20,40,67.5,5.0,5.0,-10.0,1.038,-65.0,4,21,52.4,-45.0,5.0,-10.0,0.55,-60.0,3,不採用,18.3
ema_cross(EMA5/20),ema_cross,5,10,22時台,全曜日,レンジのみ,直近30分変動大,5,20,90,62.2,-60.0,5.0,-10.0,0.824,-105.0,3,39,51.3,-82.8,5.0,-9.62,0.547,-105.0,4,不採用,18.3
ema_cross(EMA5/20),ema_cross,5,12,22時台,水,下降のみ,ATR高,5,20,30,70.0,14.1,5.0,-10.1,1.155,-24.0,3,19,57.9,-41.0,5.0,-12.0,0.573,-56.0,3,不採用,18.3
ema_cross(EMA5/20),ema_cross,5,15,NY(21-24),水,下降のみ,直近30分変動大,5,20,57,71.9,-11.9,5.0,-13.56,0.945,-65.0,3,30,63.3,-70.0,5.0,-15.0,0.576,-85.0,4,不採用,18.3
ema_cross(EMA5/20),ema_cross,5,10,21時台,水,下降のみ,直近30分変動大,5,20,33,57.6,-45.0,5.0,-10.0,0.679,-70.0,3,16,50.0,-40.0,5.0,-10.0,0.5,-55.0,5,不採用,18.2
ema_cross(EMA5/20),ema_cross,5,12,全時間,月,順方向のみ,直近30分変動大,5,20,173,64.2,-189.0,5.0,-12.0,0.746,-217.0,3,86,57.0,-199.0,5.0,-12.0,0.552,-209.0,3,不採用,18.2
ema_cross(EMA5/20),ema_cross,5,12,ロンドン(16-21),金,順方向のみ,なし,5,20,188,66.5,-94.8,5.0,-11.43,0.868,-144.8,6,76,60.5,-130.0,5.0,-12.0,0.639,-171.0,6,不採用,18.2
ema_cross(EMA5/20),ema_cross,5,8,ロンドン(16-21),木,上昇のみ,ATR低,5,20,25,80.0,60.0,5.0,-8.0,2.5,-19.0,2,19,52.6,-22.0,5.0,-8.0,0.694,-31.0,3,不採用,18.1
ema_cross(EMA5/20),ema_cross,5,8,16時台,全曜日,下降のみ,なし,5,20,218,63.3,50.0,5.0,-8.0,1.078,-58.0,4,95,50.5,-136.0,5.0,-8.0,0.638,-143.0,5,不採用,18.1
ema_cross(EMA5/20),ema_cross,5,8,22時台,木,下降のみ,直近30分変動大,5,20,24,58.3,-10.0,5.0,-8.0,0.875,-38.0,4,5,40.0,-14.0,5.0,-8.0,0.417,-11.0,1,不採用,18.1
ema_cross(EMA5/20),ema_cross,5,10,NY(21-24),全曜日,レンジのみ,ATR高,5,20,167,60.5,-137.2,5.0,-9.73,0.786,-167.2,5,48,52.1,-99.0,5.0,-9.74,0.558,-100.0,5,不採用,18.1
ema_cross(EMA5/20),ema_cross,5,10,21時台,全曜日,順方向のみ,直近30分変動大,5,20,106,61.3,-85.0,5.0,-10.0,0.793,-120.0,5,39,53.8,-75.0,5.0,-10.0,0.583,-95.0,6,不採用,18.1
ema_cross(EMA5/20),ema_cross,5,12,NY(21-24),全曜日,順方向のみ,ATR高,5,20,265,63.0,-297.5,5.0,-11.56,0.737,-344.5,5,56,55.4,-138.8,5.0,-11.75,0.528,-179.8,3,不採用,18.1
ema_cross(EMA5/20),ema_cross,5,12,9時台,火,なし,ATR高,5,20,20,85.0,49.0,5.0,-12.0,2.361,-12.0,1,8,62.5,-11.0,5.0,-12.0,0.694,-36.0,3,不採用,18.1
ema_cross(EMA5/20),ema_cross,5,12,22時台,水,レンジのみ,直近30分変動大,5,20,18,83.3,39.0,5.0,-12.0,2.083,-26.0,1,5,60.0,-9.0,5.0,-12.0,0.625,-24.0,2,不採用,18.1
ema_cross(EMA5/20),ema_cross,5,8,9時台,木,順方向のみ,直近30分変動大,5,20,15,60.0,-3.0,5.0,-8.0,0.938,-19.0,2,9,44.4,-20.0,5.0,-8.0,0.5,-27.0,3,不採用,18.0
ema_cross(EMA5/20),ema_cross,5,8,21時台,木,順方向のみ,直近30分変動大,5,20,28,57.1,-16.0,5.0,-8.0,0.833,-30.0,3,7,42.9,-17.0,5.0,-8.0,0.469,-16.0,3,不採用,18.0
ema_cross(EMA5/20),ema_cross,5,10,10時台,水,順方向のみ,なし,5,20,29,65.5,-5.0,5.0,-10.0,0.95,-40.0,3,6,50.0,-15.0,5.0,-10.0,0.5,-20.0,3,不採用,18.0
ema_cross(EMA5/20),ema_cross,5,12,9時台,木,順方向のみ,ATR高,5,20,8,87.5,23.0,5.0,-12.0,2.917,-12.0,1,5,60.0,-9.0,5.0,-12.0,0.625,-19.0,1,不採用,18.0
ema_cross(EMA5/20),ema_cross,5,5,9時台,水,なし,ATR高,5,20,32,37.5,-40.0,5.0,-5.0,0.6,-50.0,8,13,30.8,-25.0,5.0,-5.0,0.444,-20.0,5,不採用,17.9
ema_cross(EMA5/20),ema_cross,5,5,10時台,全曜日,上昇のみ,ATR高,5,20,89,47.2,-25.0,5.0,-5.0,0.894,-70.0,5,38,36.8,-50.0,5.0,-5.0,0.583,-55.0,6,不採用,17.9
ema_cross(EMA5/20),ema_cross,5,8,東京(9-15),月,上昇のみ,ATR高,5,20,62,51.6,-80.0,5.0,-8.0,0.667,-110.0,3,35,45.7,-72.0,5.0,-8.0,0.526,-80.0,6,不採用,17.9
ema_cross(EMA5/20),ema_cross,5,8,NY(21-24),月,順方向のみ,ATR高,5,20,33,60.6,-4.0,5.0,-8.0,0.962,-35.0,4,7,42.9,-17.0,5.0,-8.0,0.469,-22.0,2,不採用,17.9
ema_cross(EMA5/20),ema_cross,5,8,16時台,火,レンジのみ,ATR低,5,20,6,83.3,17.0,5.0,-8.0,3.125,-8.0,1,6,50.0,-9.0,5.0,-8.0,0.625,-11.0,1,不採用,17.9
ema_cross(EMA5/20),ema_cross,5,10,東京(9-15),火,下降のみ,ATR高,5,20,41,68.3,10.0,5.0,-10.0,1.077,-50.0,3,21,52.4,-45.0,5.0,-10.0,0.55,-65.0,3,不採用,17.9
ema_cross(EMA5/20),ema_cross,5,10,NY(21-24),水,レンジのみ,直近30分変動大,5,20,29,69.0,10.0,5.0,-10.0,1.111,-20.0,2,8,50.0,-20.0,5.0,-10.0,0.5,-20.0,2,不採用,17.9
ema_cross(EMA5/20),ema_cross,5,10,NY(21-24),木,下降のみ,直近30分変動大,5,20,59,62.7,-26.0,5.0,-9.59,0.877,-75.0,3,16,50.0,-40.0,5.0,-10.0,0.5,-55.0,3,不採用,17.9
ema_cross(EMA5/20),ema_cross,5,12,16時台,月,下降のみ,直近30分変動大,5,20,19,94.7,78.0,5.0,-12.0,7.5,-12.0,1,17,64.7,-17.0,5.0,-12.0,0.764,-31.0,2,不採用,17.9
ema_cross(EMA5/20),ema_cross,5,12,16時台,金,なし,ATR高,5,20,60,70.0,-6.0,5.0,-12.0,0.972,-66.0,3,13,53.8,-37.0,5.0,-12.0,0.486,-38.0,2,不採用,17.9
ema_cross(EMA5/20),ema_cross,5,12,21時台,金,上昇のみ,ATR低,5,20,11,90.9,38.0,5.0,-12.0,4.167,-12.0,1,10,60.0,-11.6,5.0,-10.4,0.721,-36.6,2,不採用,17.9
ema_cross(EMA5/20),ema_cross,5,15,全時間,月,順方向のみ,なし,5,20,569,71.5,-355.5,4.99,-14.73,0.851,-400.7,4,210,67.6,-299.1,5.0,-14.84,0.704,-364.1,7,不採用,17.9
ema_cross(EMA5/20),ema_cross,5,15,NY(21-24),月,上昇のみ,ATR高,5,20,22,81.8,40.3,5.0,-12.43,1.811,-19.7,2,8,62.5,-20.0,5.0,-15.0,0.556,-20.0,1,不採用,17.9
ema_cross(EMA5/20),ema_cross,5,5,9時台,火,レンジのみ,直近30分変動大,5,20,30,50.0,0.0,5.0,-5.0,1.0,-30.0,4,11,36.4,-15.0,5.0,-5.0,0.571,-25.0,5,不採用,17.8
ema_cross(EMA5/20),ema_cross,5,8,ロンドン(16-21),木,順方向のみ,直近30分変動大,5,20,59,55.9,-43.0,5.0,-8.0,0.793,-69.0,5,29,44.8,-63.0,5.0,-8.0,0.508,-64.0,4,不採用,17.8
ema_cross(EMA5/20),ema_cross,5,8,9時台,火,順方向のみ,なし,5,20,35,65.7,19.0,5.0,-8.0,1.198,-30.0,3,16,50.0,-24.0,5.0,-8.0,0.625,-44.0,5,不採用,17.8
ema_cross(EMA5/20),ema_cross,5,8,22時台,金,上昇のみ,直近30分変動大,5,20,45,53.3,-48.0,5.0,-8.0,0.714,-87.0,4,15,40.0,-42.0,5.0,-8.0,0.417,-38.0,2,不採用,17.8
ema_cross(EMA5/20),ema_cross,5,10,NY(21-24),木,レンジのみ,ATR高,5,20,40,60.0,-34.0,5.0,-9.62,0.779,-75.0,5,15,46.7,-45.0,5.0,-10.0,0.438,-40.0,2,不採用,17.8
ema_cross(EMA5/20),ema_cross,5,10,9時台,水,順方向のみ,なし,5,20,43,65.1,-10.0,5.0,-10.0,0.933,-65.0,3,25,52.0,-55.0,5.0,-10.0,0.542,-50.0,4,不採用,17.8
ema_cross(EMA5/20),ema_cross,5,5,全時間,火,レンジのみ,直近30分変動大,5,20,258,50.8,20.0,5.0,-5.0,1.031,-125.0,6,153,40.5,-145.0,5.0,-5.0,0.681,-190.0,8,不採用,17.7
ema_cross(EMA5/20),ema_cross,5,5,全時間,水,順方向のみ,直近30分変動大,5,20,231,46.8,-75.0,5.0,-5.0,0.878,-100.0,10,118,39.8,-120.0,5.0,-5.0,0.662,-135.0,9,不採用,17.7
ema_cross(EMA5/20),ema_cross,5,5,9時台,木,レンジのみ,直近30分変動大,5,20,24,50.0,0.0,5.0,-5.0,1.0,-20.0,4,12,33.3,-20.0,5.0,-5.0,0.5,-15.0,3,不採用,17.7
ema_cross(EMA5/20),ema_cross,5,5,10時台,水,上昇のみ,直近30分変動大,5,20,24,50.0,0.0,5.0,-5.0,1.0,-25.0,4,12,33.3,-20.0,5.0,-5.0,0.5,-15.0,3,不採用,17.7
ema_cross(EMA5/20),ema_cross,5,8,NY(21-24),全曜日,順方向のみ,ATR高,5,20,268,52.6,-307.0,5.0,-7.97,0.697,-344.0,5,57,43.9,-131.0,5.0,-8.0,0.488,-145.0,3,不採用,17.7
ema_cross(EMA5/20),ema_cross,5,10,9時台,全曜日,なし,ATR高,5,20,159,71.7,120.0,5.0,-10.0,1.267,-55.0,4,81,58.0,-105.0,5.0,-10.0,0.691,-120.0,6,不採用,17.7
ema_cross(EMA5/20),ema_cross,5,10,9時台,全曜日,上昇のみ,直近30分変動大,5,20,113,69.0,40.0,5.0,-10.0,1.114,-80.0,3,67,56.7,-100.0,5.0,-10.0,0.655,-165.0,5,不採用,17.7
ema_cross(EMA5/20),ema_cross,5,5,全時間,月,上昇のみ,直近30分変動大,5,20,308,41.6,-260.0,5.0,-5.0,0.711,-295.0,8,150,37.3,-190.0,5.0,-5.0,0.596,-195.0,8,不採用,17.6
ema_cross(EMA5/20),ema_cross,5,5,21時台,木,順方向のみ,直近30分変動大,5,20,28,39.3,-30.0,5.0,-5.0,0.647,-35.0,4,7,28.6,-15.0,5.0,-5.0,0.4,-10.0,3,不採用,17.6
ema_cross(EMA5/20),ema_cross,5,8,東京(9-15),全曜日,順方向のみ,ATR高,5,20,222,56.8,-138.0,5.0,-8.0,0.82,-158.0,5,99,48.5,-168.0,5.0,-8.0,0.588,-193.0,5,不採用,17.6
ema_cross(EMA5/20),ema_cross,5,8,9時台,全曜日,上昇のみ,ATR高,5,20,44,61.4,-1.0,5.0,-8.0,0.993,-37.0,3,33,48.5,-56.0,5.0,-8.0,0.588,-73.0,5,不採用,17.6
ema_cross(EMA5/20),ema_cross,5,10,ロンドン(16-21),火,上昇のみ,なし,5,20,232,66.4,-10.0,5.0,-10.0,0.987,-145.0,5,76,55.3,-129.1,5.0,-9.97,0.619,-144.1,5,不採用,17.6
ema_cross(EMA5/20),ema_cross,5,10,22時台,水,レンジのみ,ATR高,5,20,20,70.0,10.0,5.0,-10.0,1.167,-40.0,2,4,50.0,-10.0,5.0,-10.0,0.5,-20.0,2,不採用,17.6
ema_cross(EMA5/20),ema_cross,5,12,9時台,水,下降のみ,直近30分変動大,5,20,20,75.0,15.0,5.0,-12.0,1.25,-14.0,2,9,55.6,-23.0,5.0,-12.0,0.521,-26.0,2,不採用,17.6
ema_cross(EMA5/20),ema_cross,5,12,10時台,全曜日,順方向のみ,ATR高,5,20,58,74.1,35.0,5.0,-12.0,1.194,-64.0,3,23,56.5,-55.0,5.0,-12.0,0.542,-76.0,2,不採用,17.6
ema_cross(EMA5/20),ema_cross,5,12,10時台,火,順方向のみ,なし,5,20,26,57.7,-57.0,5.0,-12.0,0.568,-70.0,3,10,50.0,-35.0,5.0,-12.0,0.417,-48.0,4,不採用,17.6
ema_cross(EMA5/20),ema_cross,5,5,NY(21-24),金,なし,なし,5,20,368,43.2,-247.3,5.0,-4.99,0.763,-272.3,11,134,38.8,-150.0,5.0,-5.0,0.634,-185.0,9,不採用,17.5
ema_cross(EMA5/20),ema_cross,5,8,全時間,火,上昇のみ,ATR高,5,20,279,57.0,-161.0,5.0,-7.97,0.832,-247.0,9,101,49.5,-158.0,5.0,-8.0,0.613,-192.0,6,不採用,17.5
ema_cross(EMA5/20),ema_cross,5,8,NY(21-24),全曜日,レンジのみ,直近30分変動大,5,20,176,60.8,-17.0,5.0,-8.0,0.969,-82.0,4,78,48.7,-124.8,5.0,-7.87,0.604,-138.0,5,不採用,17.5
ema_cross(EMA5/20),ema_cross,5,8,16時台,全曜日,下降のみ,直近30分変動大,5,20,117,65.0,52.0,5.0,-8.0,1.159,-48.0,5,54,50.0,-81.0,5.0,-8.0,0.625,-83.0,5,不採用,17.5
ema_cross(EMA5/20),ema_cross,5,12,9時台,金,下降のみ,ATR高,5,20,20,65.0,-19.0,5.0,-12.0,0.774,-37.0,3,6,50.0,-21.0,5.0,-12.0,0.417,-19.0,2,不採用,17.5
ema_cross(EMA5/20),ema_cross,5,12,16時台,木,順方向のみ,ATR高,5,20,20,65.0,-19.0,5.0,-12.0,0.774,-33.0,2,6,50.0,-21.0,5.0,-12.0,0.417,-19.0,2,不採用,17.5
ema_cross(EMA5/20),ema_cross,5,12,21時台,全曜日,下降のみ,ATR高,5,20,145,64.8,-142.0,5.0,-12.0,0.768,-170.0,3,33,54.5,-90.0,5.0,-12.0,0.5,-123.0,3,不採用,17.5
ema_cross(EMA5/20),ema_cross,5,12,21時台,金,上昇のみ,なし,5,20,71,73.2,32.0,5.0,-12.0,1.14,-64.0,3,25,56.0,-55.6,5.0,-11.42,0.557,-62.6,3,不採用,17.5
ema_cross(EMA5/20),ema_cross,5,15,ロンドン(16-21),水,上昇のみ,ATR高,5,20,82,65.9,-150.0,5.0,-15.0,0.643,-190.0,5,18,55.6,-70.0,5.0,-15.0,0.417,-85.0,2,不採用,17.5
ema_cross(EMA5/20),ema_cross,5,15,9時台,金,レンジのみ,ATR低,5,20,16,93.8,60.0,5.0,-15.0,5.0,-15.0,1,6,66.7,-10.0,5.0,-15.0,0.667,-15.0,1,不採用,17.5
ema_cross(EMA5/20),ema_cross,5,5,東京(9-15),火,レンジのみ,直近30分変動大,5,20,85,47.1,-25.0,5.0,-5.0,0.889,-45.0,5,49,36.7,-65.0,5.0,-5.0,0.581,-85.0,6,不採用,17.4
ema_cross(EMA5/20),ema_cross,5,5,9時台,金,下降のみ,ATR低,5,20,18,55.6,10.0,5.0,-5.0,1.25,-25.0,4,3,33.3,-5.0,5.0,-5.0,0.5,-5.0,2,不採用,17.4
ema_cross(EMA5/20),ema_cross,5,5,16時台,金,レンジのみ,なし,5,20,36,47.2,-10.0,5.0,-5.0,0.895,-25.0,3,20,35.0,-30.0,5.0,-5.0,0.538,-35.0,5,不採用,17.4
ema_cross(EMA5/20),ema_cross,5,8,NY(21-24),金,なし,ATR高,5,20,185,54.1,-184.8,4.95,-8.0,0.728,-222.8,7,49,46.9,-93.0,5.0,-8.0,0.553,-115.0,6,不採用,17.4
ema_cross(EMA5/20),ema_cross,5,10,NY(21-24),木,順方向のみ,なし,5,20,107,72.0,103.4,5.0,-9.39,1.367,-40.0,4,23,56.5,-35.0,5.0,-10.0,0.65,-50.0,5,不採用,17.4
ema_cross(EMA5/20),ema_cross,5,10,21時台,金,レンジのみ,なし,5,20,38,65.8,-5.0,5.0,-10.0,0.962,-25.0,2,12,50.0,-30.0,5.0,-10.0,0.5,-35.0,3,不採用,17.4
ema_cross(EMA5/20),ema_cross,5,15,全時間,火,レンジのみ,直近30分変動大,5,20,248,75.8,40.0,5.0,-15.0,1.044,-205.0,4,144,68.1,-192.0,5.0,-14.83,0.718,-260.0,7,不採用,17.4
ema_cross(EMA5/20),ema_cross,5,15,9時台,金,なし,ATR高,5,20,35,80.0,35.0,5.0,-15.0,1.333,-45.0,3,13,61.5,-35.0,5.0,-15.0,0.533,-25.0,2,不採用,17.4
ema_cross(EMA5/20),ema_cross,5,5,東京(9-15),火,下降のみ,ATR高,5,20,47,42.6,-35.0,5.0,-5.0,0.741,-75.0,8,24,33.3,-40.0,5.0,-5.0,0.5,-60.0,5,不採用,17.3
ema_cross(EMA5/20),ema_cross,5,5,21時台,木,レンジのみ,なし,5,20,49,57.1,35.0,5.0,-5.0,1.333,-20.0,3,25,40.0,-25.0,5.0,-5.0,0.667,-45.0,6,不採用,17.3
ema_cross(EMA5/20),ema_cross,5,8,東京(9-15),火,なし,直近30分変動大,5,20,276,58.3,-115.0,5.0,-8.0,0.875,-183.0,6,138,50.7,-194.0,5.0,-8.0,0.643,-201.0,7,不採用,17.3
ema_cross(EMA5/20),ema_cross,5,15,全時間,水,順方向のみ,ATR高,5,20,238,74.8,0.6,5.0,-14.82,1.001,-165.0,4,99,64.6,-205.0,5.0,-15.0,0.61,-220.0,3,不採用,17.3
ema_cross(EMA5/20),ema_cross,5,5,9時台,全曜日,なし,ATR高,5,20,171,46.8,-55.0,5.0,-5.0,0.879,-70.0,7,85,41.2,-75.0,5.0,-5.0,0.7,-85.0,11,不採用,17.2
ema_cross(EMA5/20),ema_cross,5,5,9時台,水,下降のみ,ATR低,5,20,19,78.9,55.0,5.0,-5.0,3.75,-5.0,1,5,40.0,-5.0,5.0,-5.0,0.667,-5.0,2,不採用,17.2
ema_cross(EMA5/20),ema_cross,5,5,9時台,金,下降のみ,ATR高,5,20,21,47.6,-5.0,5.0,-5.0,0.909,-30.0,4,6,33.3,-10.0,5.0,-5.0,0.5,-15.0,4,不採用,17.2
ema_cross(EMA5/20),ema_cross,5,5,21時台,全曜日,レンジのみ,ATR低,5,20,30,56.7,20.0,5.0,-5.0,1.308,-15.0,3,22,40.9,-20.0,5.0,-5.0,0.692,-35.0,7,不採用,17.2
ema_cross(EMA5/20),ema_cross,5,5,22時台,水,なし,なし,5,20,144,47.2,-34.0,5.0,-4.92,0.909,-76.9,6,79,38.0,-95.0,5.0,-5.0,0.612,-110.0,7,不採用,17.2
ema_cross(EMA5/20),ema_cross,5,8,22時台,全曜日,順方向のみ,ATR高,5,20,140,47.9,-246.4,5.0,-7.96,0.576,-263.4,4,34,41.2,-90.0,5.0,-8.0,0.438,-99.0,4,不採用,17.2
ema_cross(EMA5/20),ema_cross,5,10,9時台,火,なし,直近30分変動大,5,20,76,69.7,35.0,5.0,-10.0,1.152,-70.0,5,34,52.9,-70.0,5.0,-10.0,0.562,-85.0,3,不採用,17.2
ema_cross(EMA5/20),ema_cross,5,10,10時台,月,順方向のみ,ATR高,5,20,14,71.4,10.0,5.0,-10.0,1.25,-15.0,1,4,50.0,-10.0,5.0,-10.0,0.5,-10.0,2,不採用,17.2
ema_cross(EMA5/20),ema_cross,5,12,10時台,金,順方向のみ,なし,5,20,23,82.6,54.9,5.0,-10.03,2.369,-16.1,2,10,60.0,-18.0,5.0,-12.0,0.625,-31.0,2,不採用,17.2
ema_cross(EMA5/20),ema_cross,5,12,16時台,火,上昇のみ,ATR低,5,20,10,90.0,33.0,5.0,-12.0,3.75,-12.0,1,5,60.0,-9.0,5.0,-12.0,0.625,-12.0,1,不採用,17.2
ema_cross(EMA5/20),ema_cross,5,15,NY(21-24),水,下降のみ,ATR高,5,20,54,72.2,-6.9,5.0,-13.46,0.966,-65.0,4,26,61.5,-70.0,5.0,-15.0,0.533,-95.0,3,不採用,17.2
ema_cross(EMA5/20),ema_cross,5,15,9時台,全曜日,順方向のみ,ATR高,5,20,35,80.0,35.0,5.0,-15.0,1.333,-30.0,1,24,62.5,-60.0,5.0,-15.0,0.556,-70.0,2,不採用,17.2
ema_cross(EMA5/20),ema_cross,5,5,NY(21-24),月,上昇のみ,なし,5,20,105,51.4,15.0,5.0,-5.0,1.059,-45.0,5,41,39.0,-45.0,5.0,-5.0,0.64,-60.0,7,不採用,17.1
ema_cross(EMA5/20),ema_cross,5,5,16時台,月,レンジのみ,ATR高,5,20,23,47.8,-5.0,5.0,-5.0,0.917,-35.0,7,6,33.3,-10.0,5.0,-5.0,0.5,-15.0,4,不採用,17.1
ema_cross(EMA5/20),ema_cross,5,8,NY(21-24),月,上昇のみ,なし,5,20,101,69.3,112.1,5.0,-7.67,1.471,-35.9,4,36,50.0,-54.0,5.0,-8.0,0.625,-61.0,4,不採用,17.1
ema_cross(EMA5/20),ema_cross,5,10,NY(21-24),全曜日,レンジのみ,ATR低,5,20,35,57.1,-41.7,5.0,-9.45,0.706,-65.0,4,26,50.0,-65.0,5.0,-10.0,0.5,-70.0,5,不採用,17.1
ema_cross(EMA5/20),ema_cross,5,5,ロンドン(16-21),火,下降のみ,ATR高,5,20,91,48.4,-15.0,5.0,-5.0,0.936,-55.0,5,46,39.1,-50.0,5.0,-5.0,0.643,-80.0,8,不採用,17.0
ema_cross(EMA5/20),ema_cross,5,8,22時台,木,順方向のみ,なし,5,20,47,61.7,8.4,5.0,-7.59,1.061,-26.0,2,7,42.9,-17.0,5.0,-8.0,0.469,-22.0,2,不採用,17.0
ema_cross(EMA5/20),ema_cross,5,10,9時台,水,上昇のみ,ATR低,5,20,26,57.7,-35.0,5.0,-10.0,0.682,-45.0,4,11,45.5,-35.0,5.0,-10.0,0.417,-35.0,3,不採用,17.0
ema_cross(EMA5/20),ema_cross,5,10,10時台,木,下降のみ,直近30分変動大,5,20,21,57.1,-30.0,5.0,-10.0,0.667,-60.0,5,11,45.5,-35.0,5.0,-10.0,0.417,-45.0,3,不採用,17.0
ema_cross(EMA5/20),ema_cross,5,15,NY(21-24),全曜日,なし,ATR低,5,20,139,67.6,-36.0,4.95,-11.14,0.928,-104.5,3,91,62.6,-186.3,4.84,-13.59,0.597,-189.3,4,不採用,17.0
ema_cross(EMA5/20),ema_cross,5,5,東京(9-15),火,上昇のみ,直近30分変動大,5,20,114,37.7,-140.0,5.0,-5.0,0.606,-160.0,12,51,33.3,-85.0,5.0,-5.0,0.5,-80.0,7,不採用,16.9
ema_cross(EMA5/20),ema_cross,5,10,21時台,金,上昇のみ,なし,5,20,73,67.1,5.0,5.0,-10.0,1.021,-80.0,3,26,53.8,-50.0,5.0,-10.0,0.583,-70.0,5,不採用,16.9
ema_cross(EMA5/20),ema_cross,5,12,10時台,金,レンジのみ,直近30分変動大,5,20,27,70.4,-1.0,5.0,-12.0,0.99,-33.0,2,11,54.5,-30.0,5.0,-12.0,0.5,-43.0,3,不採用,16.9
ema_cross(EMA5/20),ema_cross,5,15,NY(21-24),木,順方向のみ,なし,5,20,104,80.8,152.5,4.95,-13.14,1.58,-40.0,2,23,60.9,-45.9,5.0,-12.88,0.604,-55.0,3,不採用,16.9
ema_cross(EMA5/20),ema_cross,5,5,21時台,水,下降のみ,直近30分変動大,5,20,34,35.3,-50.0,5.0,-5.0,0.545,-65.0,6,16,31.2,-30.0,5.0,-5.0,0.455,-35.0,7,不採用,16.8
ema_cross(EMA5/20),ema_cross,5,8,東京(9-15),火,なし,ATR高,5,20,116,55.2,-96.0,5.0,-8.0,0.769,-152.0,5,64,48.4,-109.0,5.0,-8.0,0.587,-131.0,7,不採用,16.8
ema_cross(EMA5/20),ema_cross,5,8,22時台,水,下降のみ,なし,5,20,43,58.1,-19.0,5.0,-8.0,0.868,-56.0,7,29,44.8,-63.0,5.0,-8.0,0.508,-57.0,4,不採用,16.8
ema_cross(EMA5/20),ema_cross,5,12,22時台,火,なし,ATR低,5,20,12,66.7,-8.0,5.0,-12.0,0.833,-12.0,2,6,50.0,-21.0,5.0,-12.0,0.417,-14.0,2,不採用,16.8
ema_cross(EMA5/20),ema_cross,5,15,ロンドン(16-21),月,下降のみ,なし,5,20,144,72.9,-60.0,5.0,-15.0,0.897,-145.0,5,63,61.9,-157.0,5.0,-14.67,0.554,-165.0,3,不採用,16.8
ema_cross(EMA5/20),ema_cross,5,15,NY(21-24),金,レンジのみ,なし,5,20,69,73.9,-5.8,5.0,-14.49,0.978,-40.0,2,28,60.7,-67.8,5.0,-13.89,0.556,-90.0,4,不採用,16.8
ema_cross(EMA5/20),ema_cross,5,5,NY(21-24),月,下降のみ,ATR低,5,20,10,40.0,-10.0,5.0,-5.0,0.667,-15.0,2,5,40.0,-9.6,2.7,-5.0,0.36,-5.0,2,不採用,16.7
ema_cross(EMA5/20),ema_cross,5,5,22時台,全曜日,順方向のみ,ATR高,5,20,142,40.8,-130.0,5.0,-5.0,0.69,-160.0,8,34,32.4,-60.0,5.0,-5.0,0.478,-75.0,5,不採用,16.7
ema_cross(EMA5/20),ema_cross,5,8,東京(9-15),全曜日,上昇のみ,ATR高,5,20,259,57.9,-122.0,5.0,-8.0,0.86,-226.0,6,126,53.2,-137.0,5.0,-8.0,0.71,-163.0,11,不採用,16.7
ema_cross(EMA5/20),ema_cross,5,12,NY(21-24),水,レンジのみ,ATR高,5,20,27,66.7,-18.0,5.0,-12.0,0.833,-40.0,2,4,50.0,-14.0,5.0,-12.0,0.417,-24.0,2,不採用,16.7
ema_cross(EMA5/20),ema_cross,5,15,9時台,月,順方向のみ,直近30分変動大,5,20,12,91.7,40.0,5.0,-15.0,3.667,-15.0,1,6,66.7,-10.0,5.0,-15.0,0.667,-30.0,2,不採用,16.7
ema_cross(EMA5/20),ema_cross,5,5,東京(9-15),水,順方向のみ,ATR高,5,20,39,41.0,-35.0,5.0,-5.0,0.696,-35.0,4,19,31.6,-35.0,5.0,-5.0,0.462,-30.0,5,不採用,16.6
ema_cross(EMA5/20),ema_cross,5,8,全時間,水,順方向のみ,ATR低,5,20,302,58.3,-120.1,5.0,-7.94,0.88,-139.1,6,110,50.0,-165.0,5.0,-8.0,0.625,-163.0,7,不採用,16.6
ema_cross(EMA5/20),ema_cross,5,10,ロンドン(16-21),水,上昇のみ,なし,5,20,269,62.8,-146.7,5.0,-9.92,0.852,-171.7,4,77,54.5,-140.0,5.0,-10.0,0.6,-155.0,6,不採用,16.6
ema_cross(EMA5/20),ema_cross,5,10,16時台,金,下降のみ,なし,5,20,52,67.3,5.0,5.0,-10.0,1.029,-45.0,3,14,50.0,-35.0,5.0,-10.0,0.5,-40.0,3,不採用,16.6
ema_cross(EMA5/20),ema_cross,5,10,21時台,月,上昇のみ,ATR低,5,20,12,66.7,9.1,5.0,-7.72,1.294,-20.9,3,6,50.0,-15.0,5.0,-10.0,0.5,-25.0,2,不採用,16.6
ema_cross(EMA5/20),ema_cross,5,12,21時台,全曜日,なし,ATR高,5,20,325,65.2,-285.1,5.0,-11.9,0.788,-315.1,4,71,57.7,-150.0,5.0,-11.83,0.577,-199.0,5,不採用,16.6
ema_cross(EMA5/20),ema_cross,5,12,22時台,木,レンジのみ,ATR高,5,20,20,65.0,-11.0,5.0,-10.86,0.855,-32.0,2,6,50.0,-21.0,5.0,-12.0,0.417,-14.0,2,不採用,16.6
ema_cross(EMA5/20),ema_cross,5,5,NY(21-24),月,順方向のみ,直近30分変動大,5,20,22,45.5,-10.0,5.0,-5.0,0.833,-20.0,4,9,33.3,-15.0,5.0,-5.0,0.5,-25.0,5,不採用,16.5
ema_cross(EMA5/20),ema_cross,5,5,9時台,金,下降のみ,なし,5,20,61,52.5,15.0,5.0,-5.0,1.103,-25.0,4,16,37.5,-20.0,5.0,-5.0,0.6,-30.0,6,不採用,16.5
ema_cross(EMA5/20),ema_cross,5,5,21時台,水,下降のみ,なし,5,20,50,28.0,-110.0,5.0,-5.0,0.389,-120.0,6,24,29.2,-50.0,5.0,-5.0,0.412,-60.0,9,不採用,16.5
ema_cross(EMA5/20),ema_cross,5,8,NY(21-24),金,順方向のみ,ATR高,5,20,64,50.0,-96.0,5.0,-8.0,0.625,-132.0,6,14,42.9,-34.0,5.0,-8.0,0.469,-48.0,6,不採用,16.5
ema_cross(EMA5/20),ema_cross,5,8,16時台,月,下降のみ,なし,5,20,35,68.6,32.0,5.0,-8.0,1.364,-22.0,2,28,50.0,-42.0,5.0,-8.0,0.625,-47.0,5,不採用,16.5
ema_cross(EMA5/20),ema_cross,5,8,21時台,金,なし,直近30分変動大,5,20,93,55.9,-68.0,5.0,-8.0,0.793,-100.0,5,35,45.7,-72.0,5.0,-8.0,0.526,-101.0,5,不採用,16.5
ema_cross(EMA5/20),ema_cross,5,10,9時台,木,上昇のみ,なし,5,20,46,76.1,65.0,5.0,-10.0,1.591,-30.0,3,18,55.6,-30.0,5.0,-10.0,0.625,-50.0,4,不採用,16.5
ema_cross(EMA5/20),ema_cross,5,12,9時台,全曜日,下降のみ,直近30分変動大,5,20,126,69.8,-16.0,5.0,-12.0,0.965,-73.0,3,47,57.4,-105.0,5.0,-12.0,0.562,-118.0,4,不採用,16.5
ema_cross(EMA5/20),ema_cross,5,12,22時台,全曜日,レンジのみ,ATR低,5,20,10,70.0,8.9,4.47,-7.47,1.397,-8.7,1,9,55.6,-23.0,5.0,-12.0,0.521,-38.0,2,不採用,16.5
ema_cross(EMA5/20),ema_cross,5,15,NY(21-24),木,順方向のみ,直近30分変動大,5,20,54,74.1,4.0,5.0,-14.0,1.02,-60.0,3,10,60.0,-30.0,5.0,-15.0,0.5,-45.0,3,不採用,16.5
ema_cross(EMA5/20),ema_cross,5,5,ロンドン(16-21),月,なし,直近30分変動大,5,20,266,42.9,-190.0,5.0,-5.0,0.75,-215.0,13,124,37.1,-160.0,5.0,-5.0,0.59,-175.0,8,不採用,16.4
ema_cross(EMA5/20),ema_cross,5,5,ロンドン(16-21),火,下降のみ,直近30分変動大,5,20,94,50.0,0.0,5.0,-5.0,1.0,-45.0,6,42,38.1,-50.0,5.0,-5.0,0.615,-70.0,7,不採用,16.4
ema_cross(EMA5/20),ema_cross,5,5,21時台,金,上昇のみ,なし,5,20,83,44.6,-45.0,5.0,-5.0,0.804,-95.0,5,28,35.7,-40.0,5.0,-5.0,0.556,-50.0,7,不採用,16.4
ema_cross(EMA5/20),ema_cross,5,8,ロンドン(16-21),火,レンジのみ,ATR高,5,20,54,61.1,-3.0,5.0,-8.0,0.982,-36.0,4,22,45.5,-46.0,5.0,-8.0,0.521,-50.0,4,不採用,16.4
ema_cross(EMA5/20),ema_cross,5,8,21時台,水,下降のみ,直近30分変動大,5,20,33,51.5,-43.0,5.0,-8.0,0.664,-60.0,3,16,43.8,-37.0,5.0,-8.0,0.486,-52.0,6,不採用,16.4
ema_cross(EMA5/20),ema_cross,5,10,10時台,火,レンジのみ,ATR高,5,20,5,40.0,-20.0,5.0,-10.0,0.333,-20.0,2,11,36.4,-50.0,5.0,-10.0,0.286,-50.0,4,不採用,16.4
ema_cross(EMA5/20),ema_cross,5,10,10時台,金,なし,直近30分変動大,5,20,67,62.7,-40.0,5.0,-10.0,0.84,-65.0,4,31,51.6,-70.0,5.0,-10.0,0.533,-80.0,5,不採用,16.4
ema_cross(EMA5/20),ema_cross,5,10,21時台,火,なし,ATR低,5,20,25,68.0,5.0,5.0,-10.0,1.062,-25.0,2,12,50.0,-30.0,5.0,-10.0,0.5,-35.0,3,不採用,16.4
ema_cross(EMA5/20),ema_cross,5,12,全時間,火,上昇のみ,ATR高,5,20,253,68.4,-79.8,5.0,-11.81,0.916,-242.0,6,94,59.6,-176.0,5.0,-12.0,0.614,-215.0,5,不採用,16.4
ema_cross(EMA5/20),ema_cross,5,12,東京(9-15),全曜日,順方向のみ,ATR高,5,20,215,68.4,-81.0,5.0,-12.0,0.901,-133.0,3,95,57.9,-205.0,5.0,-12.0,0.573,-238.0,3,不採用,16.4
ema_cross(EMA5/20),ema_cross,5,12,22時台,全曜日,レンジのみ,直近30分変動大,5,20,90,71.1,8.0,5.0,-12.0,1.026,-73.0,3,39,56.4,-84.8,5.0,-11.46,0.565,-107.0,4,不採用,16.4
ema_cross(EMA5/20),ema_cross,5,15,東京(9-15),木,上昇のみ,ATR高,5,20,36,83.3,60.0,5.0,-15.0,1.667,-45.0,3,17,64.7,-35.0,5.0,-15.0,0.611,-75.0,3,不採用,16.4
ema_cross(EMA5/20),ema_cross,5,5,NY(21-24),月,上昇のみ,ATR高,5,20,26,53.8,10.0,5.0,-5.0,1.167,-15.0,4,9,33.3,-15.0,5.0,-5.0,0.5,-15.0,3,不採用,16.3
ema_cross(EMA5/20),ema_cross,5,5,21時台,水,順方向のみ,ATR低,5,20,8,25.0,-20.0,5.0,-5.0,0.333,-20.0,5,5,20.0,-15.0,5.0,-5.0,0.25,-15.0,3,不採用,16.3
ema_cross(EMA5/20),ema_cross,5,8,NY(21-24),金,レンジのみ,ATR高,5,20,49,51.0,-67.0,5.0,-8.0,0.651,-82.0,4,12,41.7,-31.0,5.0,-8.0,0.446,-38.0,5,不採用,16.3
ema_cross(EMA5/20),ema_cross,5,10,16時台,全曜日,上昇のみ,直近30分変動大,5,20,129,65.9,-6.5,5.0,-9.81,0.985,-95.0,5,64,53.1,-130.0,5.0,-10.0,0.567,-135.0,4,不採用,16.3
ema_cross(EMA5/20),ema_cross,5,12,ロンドン(16-21),火,上昇のみ,ATR高,5,20,80,76.2,86.2,5.0,-11.52,1.394,-54.0,3,31,58.1,-66.0,5.0,-12.0,0.577,-76.0,3,不採用,16.3
ema_cross(EMA5/20),ema_cross,5,12,9時台,火,上昇のみ,なし,5,20,49,69.4,-10.0,5.0,-12.0,0.944,-75.0,4,19,52.6,-58.0,5.0,-12.0,0.463,-64.0,2,不採用,16.3
ema_cross(EMA5/20),ema_cross,5,15,NY(21-24),全曜日,なし,直近30分変動大,5,20,749,70.4,-616.2,4.98,-14.6,0.81,-656.7,5,303,67.0,-466.8,4.95,-14.73,0.683,-562.4,5,不採用,16.3
ema_cross(EMA5/20),ema_cross,5,15,9時台,金,順方向のみ,ATR高,5,20,6,66.7,-10.0,5.0,-15.0,0.667,-20.0,1,2,50.0,-10.0,5.0,-15.0,0.333,-15.0,1,不採用,16.3
ema_cross(EMA5/20),ema_cross,5,8,ロンドン(16-21),月,下降のみ,なし,5,20,174,60.9,-14.0,5.0,-8.0,0.974,-78.0,5,82,51.2,-110.0,5.0,-8.0,0.656,-122.0,8,不採用,16.2
ema_cross(EMA5/20),ema_cross,5,8,NY(21-24),全曜日,なし,ATR低,5,20,147,66.0,137.5,5.0,-6.95,1.396,-38.0,3,107,51.4,-141.8,4.92,-7.93,0.656,-158.2,5,不採用,16.2
ema_cross(EMA5/20),ema_cross,5,8,22時台,金,レンジのみ,直近30分変動大,5,20,24,45.8,-49.0,5.0,-8.0,0.529,-64.0,4,11,36.4,-30.8,5.0,-7.26,0.394,-32.0,5,不採用,16.2
ema_cross(EMA5/20),ema_cross,5,12,全時間,水,順方向のみ,ATR低,5,20,288,66.7,-165.2,5.0,-11.72,0.853,-199.1,4,103,58.3,-219.9,4.94,-12.0,0.574,-207.9,4,不採用,16.2
ema_cross(EMA5/20),ema_cross,5,12,22時台,全曜日,レンジのみ,ATR高,5,20,100,71.0,30.8,5.0,-11.18,1.095,-90.0,3,31,54.8,-75.0,5.0,-11.43,0.531,-79.0,3,不採用,16.2
ema_cross(EMA5/20),ema_cross,5,15,NY(21-24),金,レンジのみ,ATR低,5,20,5,80.0,5.0,5.0,-15.0,1.333,-15.0,1,5,60.0,-15.0,5.0,-15.0,0.5,-30.0,2,不採用,16.2
ema_cross(EMA5/20),ema_cross,5,5,10時台,火,順方向のみ,ATR低,5,20,5,60.0,5.0,5.0,-5.0,1.5,-5.0,1,3,33.3,-5.0,5.0,-5.0,0.5,-5.0,2,不採用,16.1
ema_cross(EMA5/20),ema_cross,5,8,東京(9-15),火,上昇のみ,ATR高,5,20,45,55.6,-35.0,5.0,-8.0,0.781,-82.0,6,21,42.9,-51.0,5.0,-8.0,0.469,-58.0,4,不採用,16.1
ema_cross(EMA5/20),ema_cross,5,8,9時台,木,下降のみ,ATR高,5,20,10,90.0,37.0,5.0,-8.0,5.625,-8.0,1,8,50.0,-12.0,5.0,-8.0,0.625,-14.0,1,不採用,16.1
ema_cross(EMA5/20),ema_cross,5,10,22時台,火,レンジのみ,直近30分変動大,5,20,11,72.7,10.0,5.0,-10.0,1.333,-25.0,2,8,50.0,-20.0,5.0,-10.0,0.5,-35.0,2,不採用,16.1
ema_cross(EMA5/20),ema_cross,5,12,全時間,月,上昇のみ,なし,5,20,651,61.4,-949.5,5.0,-11.75,0.678,-1001.5,6,240,59.6,-445.2,5.0,-11.96,0.616,-433.2,5,不採用,16.1
ema_cross(EMA5/20),ema_cross,5,12,10時台,水,なし,ATR低,5,20,21,71.4,6.6,5.0,-11.4,1.096,-33.0,1,4,50.0,-14.0,5.0,-12.0,0.417,-12.0,1,不採用,16.1
ema_cross(EMA5/20),ema_cross,5,5,ロンドン(16-21),月,下降のみ,直近30分変動大,5,20,93,50.5,5.0,5.0,-5.0,1.022,-45.0,5,45,37.8,-55.0,5.0,-5.0,0.607,-60.0,7,不採用,16.0
ema_cross(EMA5/20),ema_cross,5,5,10時台,火,順方向のみ,直近30分変動大,5,20,5,60.0,5.0,5.0,-5.0,1.5,-5.0,1,3,33.3,-5.0,5.0,-5.0,0.5,-10.0,2,不採用,16.0
ema_cross(EMA5/20),ema_cross,5,8,22時台,月,順方向のみ,なし,5,20,36,63.9,14.8,4.9,-7.52,1.151,-32.0,4,14,42.9,-34.0,5.0,-8.0,0.469,-28.0,2,不採用,16.0
ema_cross(EMA5/20),ema_cross,5,10,全時間,火,上昇のみ,ATR高,5,20,264,65.9,-26.0,5.0,-9.96,0.971,-155.0,7,98,55.1,-170.0,5.0,-10.0,0.614,-215.0,5,不採用,16.0
ema_cross(EMA5/20),ema_cross,5,10,全時間,水,順方向のみ,ATR高,5,20,247,66.0,-25.0,5.0,-10.0,0.97,-140.0,4,100,54.0,-190.0,5.0,-10.0,0.587,-205.0,4,不採用,16.0
ema_cross(EMA5/20),ema_cross,5,10,NY(21-24),木,順方向のみ,直近30分変動大,5,20,54,64.8,-6.0,5.0,-9.53,0.967,-50.0,3,10,50.0,-25.0,5.0,-10.0,0.5,-30.0,4,不採用,16.0
ema_cross(EMA5/20),ema_cross,5,10,9時台,全曜日,下降のみ,ATR高,5,20,60,73.3,60.0,5.0,-10.0,1.375,-30.0,2,31,51.6,-70.0,5.0,-10.0,0.533,-75.0,2,不採用,16.0
ema_cross(EMA5/20),ema_cross,5,10,9時台,月,上昇のみ,ATR高,5,20,19,57.9,-25.0,5.0,-10.0,0.688,-55.0,5,15,46.7,-45.0,5.0,-10.0,0.438,-55.0,4,不採用,16.0
ema_cross(EMA5/20),ema_cross,5,10,22時台,水,順方向のみ,ATR高,5,20,25,64.0,-10.0,5.0,-10.0,0.889,-25.0,3,13,46.2,-40.0,5.0,-10.0,0.429,-40.0,2,不採用,16.0
ema_cross(EMA5/20),ema_cross,5,12,10時台,月,順方向のみ,なし,5,20,32,78.1,41.0,5.0,-12.0,1.488,-36.0,3,7,57.1,-16.0,5.0,-12.0,0.556,-36.0,3,不採用,16.0
ema_cross(EMA5/20),ema_cross,5,8,全時間,水,下降のみ,ATR低,5,20,196,55.1,-164.0,5.0,-8.0,0.767,-176.0,5,70,47.1,-131.0,5.0,-8.0,0.557,-156.0,6,不採用,15.9
ema_cross(EMA5/20),ema_cross,5,8,NY(21-24),火,レンジのみ,ATR低,5,20,10,50.0,-15.0,5.0,-8.0,0.625,-32.0,4,3,33.3,-11.0,5.0,-8.0,0.312,-8.0,1,不採用,15.9
ema_cross(EMA5/20),ema_cross,5,10,21時台,水,下降のみ,ATR高,5,20,27,59.3,-30.0,5.0,-10.0,0.727,-55.0,3,11,45.5,-35.0,5.0,-10.0,0.417,-50.0,3,不採用,15.9
ema_cross(EMA5/20),ema_cross,5,12,NY(21-24),全曜日,レンジのみ,ATR高,5,20,165,69.1,-18.2,5.0,-11.53,0.969,-110.2,4,47,57.4,-100.0,5.0,-11.75,0.574,-109.0,5,不採用,15.9
ema_cross(EMA5/20),ema_cross,5,12,21時台,全曜日,順方向のみ,ATR低,5,20,40,72.5,30.8,5.0,-10.38,1.27,-26.0,2,23,56.5,-55.0,5.0,-12.0,0.542,-58.0,3,不採用,15.9
ema_cross(EMA5/20),ema_cross,5,5,ロンドン(16-21),火,なし,ATR高,5,20,246,48.8,-30.0,5.0,-5.0,0.952,-80.0,6,104,41.3,-90.0,5.0,-5.0,0.705,-130.0,11,不採用,15.8
ema_cross(EMA5/20),ema_cross,5,5,NY(21-24),金,上昇のみ,なし,5,20,165,41.8,-130.4,5.0,-4.95,0.726,-170.4,7,56,35.7,-80.0,5.0,-5.0,0.556,-90.0,8,不採用,15.8
ema_cross(EMA5/20),ema_cross,5,5,10時台,金,レンジのみ,直近30分変動大,5,20,27,59.3,25.0,5.0,-5.0,1.455,-25.0,4,11,36.4,-15.0,5.0,-5.0,0.571,-20.0,4,不採用,15.8
ema_cross(EMA5/20),ema_cross,5,8,全時間,全曜日,レンジのみ,なし,5,20,3452,58.3,-1417.8,4.99,-7.96,0.876,-1465.0,9,1448,57.5,-705.3,5.0,-7.92,0.855,-770.3,9,不採用,15.8
ema_cross(EMA5/20),ema_cross,5,10,10時台,月,順方向のみ,直近30分変動大,5,20,10,80.0,20.0,5.0,-10.0,2.0,-15.0,1,2,50.0,-5.0,5.0,-10.0,0.5,-10.0,1,不採用,15.8
ema_cross(EMA5/20),ema_cross,5,10,22時台,金,レンジのみ,ATR高,5,20,28,46.4,-80.8,5.0,-9.72,0.446,-95.8,4,10,40.0,-40.0,5.0,-10.0,0.333,-40.0,4,不採用,15.8
ema_cross(EMA5/20),ema_cross,5,10,22時台,金,順方向のみ,ATR高,5,20,31,54.8,-50.4,5.0,-9.67,0.628,-70.4,3,7,42.9,-25.0,5.0,-10.0,0.375,-30.0,3,不採用,15.8
ema_cross(EMA5/20),ema_cross,5,15,9時台,月,下降のみ,直近30分変動大,5,20,16,75.0,0.0,5.0,-15.0,1.0,-20.0,1,7,57.1,-25.0,5.0,-15.0,0.444,-40.0,2,不採用,15.8
ema_cross(EMA5/20),ema_cross,5,8,21時台,金,下降のみ,ATR高,5,20,29,44.8,-63.0,5.0,-8.0,0.508,-77.0,5,11,36.4,-36.0,5.0,-8.0,0.357,-38.0,4,不採用,15.7
ema_cross(EMA5/20),ema_cross,5,10,21時台,全曜日,なし,ATR低,5,20,105,69.5,81.2,5.0,-8.87,1.286,-45.0,3,72,56.9,-105.0,5.0,-10.0,0.661,-130.0,6,不採用,15.7
ema_cross(EMA5/20),ema_cross,5,12,21時台,水,順方向のみ,なし,5,20,47,57.4,-87.2,5.0,-11.11,0.608,-124.8,4,18,50.0,-63.0,5.0,-12.0,0.417,-73.0,4,不採用,15.7
ema_cross(EMA5/20),ema_cross,5,12,22時台,火,レンジのみ,なし,5,20,21,81.0,37.0,5.0,-12.0,1.771,-31.0,2,13,53.8,-29.0,5.0,-10.67,0.547,-45.0,2,不採用,15.7
ema_cross(EMA5/20),ema_cross,5,5,ロンドン(16-21),月,順方向のみ,直近30分変動大,5,20,53,41.5,-45.0,5.0,-5.0,0.71,-60.0,8,23,34.8,-35.0,5.0,-5.0,0.533,-40.0,8,不採用,15.6
ema_cross(EMA5/20),ema_cross,5,5,9時台,火,なし,直近30分変動大,5,20,78,47.4,-20.0,5.0,-5.0,0.902,-65.0,6,34,35.3,-50.0,5.0,-5.0,0.545,-65.0,6,不採用,15.6
ema_cross(EMA5/20),ema_cross,5,5,9時台,金,レンジのみ,ATR高,5,20,13,61.5,15.0,5.0,-5.0,1.6,-10.0,2,3,33.3,-5.0,5.0,-5.0,0.5,-5.0,2,不採用,15.6
ema_cross(EMA5/20),ema_cross,5,8,21時台,金,上昇のみ,なし,5,20,76,60.5,-10.0,5.0,-8.0,0.958,-81.0,3,28,46.4,-55.0,5.0,-8.0,0.542,-76.0,5,不採用,15.6
ema_cross(EMA5/20),ema_cross,5,10,9時台,全曜日,下降のみ,なし,5,20,224,71.0,145.0,5.0,-10.0,1.223,-60.0,5,98,55.1,-170.0,5.0,-10.0,0.614,-180.0,4,不採用,15.6
ema_cross(EMA5/20),ema_cross,5,10,9時台,全曜日,下降のみ,直近30分変動大,5,20,128,68.8,40.0,5.0,-10.0,1.1,-60.0,3,49,53.1,-100.0,5.0,-10.0,0.565,-110.0,4,不採用,15.6
ema_cross(EMA5/20),ema_cross,5,10,16時台,木,順方向のみ,なし,5,20,44,68.2,10.0,5.0,-10.0,1.071,-35.0,3,18,50.0,-45.0,5.0,-10.0,0.5,-65.0,3,不採用,15.6
ema_cross(EMA5/20),ema_cross,5,12,全時間,水,下降のみ,ATR低,5,20,166,65.7,-139.0,5.0,-12.0,0.797,-180.0,5,63,57.1,-144.0,5.0,-12.0,0.556,-177.0,5,不採用,15.6
ema_cross(EMA5/20),ema_cross,5,12,NY(21-24),月,上昇のみ,ATR高,5,20,22,81.8,49.3,5.0,-10.18,2.211,-16.7,2,9,55.6,-23.0,5.0,-12.0,0.521,-21.0,1,不採用,15.6
ema_cross(EMA5/20),ema_cross,5,15,ロンドン(16-21),月,順方向のみ,直近30分変動大,5,20,53,67.9,-75.0,5.0,-15.0,0.706,-110.0,3,23,56.5,-77.0,5.0,-14.2,0.458,-85.0,4,不採用,15.6
ema_cross(EMA5/20),ema_cross,5,5,21時台,木,なし,直近30分変動大,5,20,95,50.5,5.0,5.0,-5.0,1.021,-40.0,6,40,37.5,-50.0,5.0,-5.0,0.6,-65.0,7,不採用,15.5
ema_cross(EMA5/20),ema_cross,5,8,ロンドン(16-21),水,順方向のみ,ATR高,5,20,75,69.3,76.0,5.0,-8.0,1.413,-27.0,3,31,48.4,-53.0,5.0,-8.0,0.586,-70.0,4,不採用,15.5
ema_cross(EMA5/20),ema_cross,5,8,NY(21-24),木,なし,ATR低,5,20,22,77.3,51.6,5.0,-6.68,2.545,-11.0,2,20,50.0,-30.0,5.0,-8.0,0.625,-34.0,3,不採用,15.5
ema_cross(EMA5/20),ema_cross,5,8,10時台,全曜日,レンジのみ,直近30分変動大,5,20,97,66.0,56.0,5.0,-8.0,1.212,-24.0,3,46,47.8,-82.0,5.0,-8.0,0.573,-104.0,4,不採用,15.5
ema_cross(EMA5/20),ema_cross,5,10,9時台,火,上昇のみ,直近30分変動大,5,20,23,69.6,10.0,5.0,-10.0,1.143,-15.0,2,12,50.0,-30.0,5.0,-10.0,0.5,-45.0,3,不採用,15.5
ema_cross(EMA5/20),ema_cross,5,12,NY(21-24),火,レンジのみ,ATR低,5,20,9,44.4,-40.0,5.0,-12.0,0.333,-48.0,4,3,33.3,-19.0,5.0,-12.0,0.208,-12.0,1,不採用,15.5
ema_cross(EMA5/20),ema_cross,5,10,21時台,火,順方向のみ,なし,5,20,50,70.0,31.0,5.0,-9.6,1.215,-35.0,2,21,52.4,-45.0,5.0,-10.0,0.55,-55.0,4,不採用,15.4
ema_cross(EMA5/20),ema_cross,5,8,全時間,水,順方向のみ,直近30分変動大,5,20,231,57.6,-119.0,5.0,-8.0,0.848,-148.0,7,118,50.8,-164.0,5.0,-8.0,0.647,-182.0,9,不採用,15.3
ema_cross(EMA5/20),ema_cross,5,8,22時台,金,順方向のみ,ATR高,5,20,31,51.6,-40.0,5.0,-8.0,0.667,-62.0,3,8,37.5,-25.0,5.0,-8.0,0.375,-24.0,3,不採用,15.3
ema_cross(EMA5/20),ema_cross,5,10,10時台,月,上昇のみ,なし,5,20,57,59.6,-60.0,5.0,-10.0,0.739,-95.0,6,19,47.4,-55.0,5.0,-10.0,0.45,-70.0,4,不採用,15.3
ema_cross(EMA5/20),ema_cross,5,10,21時台,水,順方向のみ,なし,5,20,47,55.3,-66.2,5.0,-9.34,0.663,-95.8,4,19,47.4,-55.0,5.0,-10.0,0.45,-65.0,5,不採用,15.3
ema_cross(EMA5/20),ema_cross,5,12,全時間,全曜日,なし,ATR低,5,20,2890,65.7,-2025.8,4.97,-11.55,0.823,-2217.5,8,1160,65.8,-767.1,4.98,-11.5,0.832,-857.9,7,不採用,15.3
ema_cross(EMA5/20),ema_cross,5,12,全時間,水,順方向のみ,ATR高,5,20,245,70.6,8.6,5.0,-11.89,1.01,-152.0,4,100,58.0,-214.0,5.0,-12.0,0.575,-229.0,3,不採用,15.3
ema_cross(EMA5/20),ema_cross,5,5,10時台,火,レンジのみ,なし,5,20,35,51.4,5.0,5.0,-5.0,1.059,-25.0,3,22,31.8,-40.0,5.0,-5.0,0.467,-35.0,3,不採用,15.2
ema_cross(EMA5/20),ema_cross,5,8,16時台,火,上昇のみ,ATR高,5,20,25,72.0,34.0,5.0,-8.0,1.607,-30.0,3,14,50.0,-21.0,5.0,-8.0,0.625,-41.0,5,不採用,15.2
ema_cross(EMA5/20),ema_cross,5,12,東京(9-15),月,順方向のみ,直近30分変動大,5,20,54,64.8,-53.0,5.0,-12.0,0.768,-128.0,3,30,53.3,-88.0,5.0,-12.0,0.476,-98.0,4,不採用,15.2
ema_cross(EMA5/20),ema_cross,5,12,21時台,火,順方向のみ,なし,5,20,50,74.0,37.0,5.0,-11.38,1.25,-34.0,2,21,57.1,-48.0,5.0,-12.0,0.556,-59.0,4,不採用,15.2
ema_cross(EMA5/20),ema_cross,5,12,22時台,月,順方向のみ,なし,5,20,36,66.7,-16.2,4.9,-11.15,0.879,-48.0,4,14,50.0,-49.0,5.0,-12.0,0.417,-45.0,2,不採用,15.2
ema_cross(EMA5/20),ema_cross,5,5,全時間,全曜日,下降のみ,ATR高,5,20,1971,43.8,-1225.0,5.0,-5.0,0.779,-1310.0,12,731,43.1,-505.0,5.0,-5.0,0.757,-530.0,15,不採用,15.1
ema_cross(EMA5/20),ema_cross,5,5,ロンドン(16-21),月,下降のみ,なし,5,20,197,48.2,-35.0,5.0,-5.0,0.931,-80.0,5,92,41.3,-80.0,5.0,-5.0,0.704,-90.0,12,不採用,15.1
ema_cross(EMA5/20),ema_cross,5,8,ロンドン(16-21),水,上昇のみ,ATR高,5,20,95,61.1,-6.0,5.0,-8.0,0.98,-62.0,3,21,42.9,-51.0,5.0,-8.0,0.469,-61.0,3,不採用,15.1
ema_cross(EMA5/20),ema_cross,5,8,10時台,水,順方向のみ,なし,5,20,30,60.0,-6.0,5.0,-8.0,0.938,-49.0,5,7,42.9,-17.0,5.0,-8.0,0.469,-24.0,4,不採用,15.1
ema_cross(EMA5/20),ema_cross,5,10,21時台,月,上昇のみ,なし,5,20,59,79.7,124.1,5.0,-9.24,2.119,-25.0,2,19,52.6,-40.0,5.0,-10.0,0.556,-40.0,2,不採用,15.1
ema_cross(EMA5/20),ema_cross,5,10,22時台,全曜日,レンジのみ,ATR高,5,20,100,59.0,-97.2,5.0,-9.57,0.752,-147.2,3,31,48.4,-79.0,5.0,-9.62,0.487,-85.0,5,不採用,15.1
ema_cross(EMA5/20),ema_cross,5,15,9時台,水,なし,ATR低,5,20,60,75.0,0.0,5.0,-15.0,1.0,-65.0,3,24,58.3,-80.0,5.0,-15.0,0.467,-85.0,2,不採用,15.1
ema_cross(EMA5/20),ema_cross,5,15,9時台,水,上昇のみ,ATR低,5,20,25,68.0,-35.0,5.0,-15.0,0.708,-55.0,3,11,54.5,-45.0,5.0,-15.0,0.4,-45.0,3,不採用,15.1
ema_cross(EMA5/20),ema_cross,5,5,NY(21-24),全曜日,順方向のみ,ATR高,5,20,272,40.8,-250.0,5.0,-5.0,0.689,-290.0,13,58,32.8,-100.0,5.0,-5.0,0.487,-110.0,6,不採用,15.0
ema_cross(EMA5/20),ema_cross,5,5,9時台,火,下降のみ,なし,5,20,44,52.3,10.0,5.0,-5.0,1.095,-40.0,5,18,38.9,-20.0,5.0,-5.0,0.636,-40.0,8,不採用,15.0
ema_cross(EMA5/20),ema_cross,5,8,21時台,全曜日,上昇のみ,ATR低,5,20,53,77.4,123.3,5.0,-6.81,2.509,-24.0,3,43,48.8,-71.0,5.0,-8.0,0.597,-86.0,2,不採用,15.0
ema_cross(EMA5/20),ema_cross,5,10,全時間,水,順方向のみ,直近30分変動大,5,20,231,64.9,-60.0,5.0,-10.0,0.926,-100.0,4,118,55.9,-190.0,5.0,-10.0,0.635,-215.0,7,不採用,15.0
ema_cross(EMA5/20),ema_cross,5,12,10時台,火,レンジのみ,ATR高,5,20,5,60.0,-9.0,5.0,-12.0,0.625,-24.0,2,11,45.5,-47.0,5.0,-12.0,0.347,-45.0,2,不採用,15.0
ema_cross(EMA5/20),ema_cross,5,15,NY(21-24),金,レンジのみ,ATR高,5,20,46,73.9,-0.8,5.0,-14.23,0.995,-50.0,2,12,58.3,-40.0,5.0,-15.0,0.467,-50.0,3,不採用,15.0
ema_cross(EMA5/20),ema_cross,5,15,9時台,金,下降のみ,ATR高,5,20,20,65.0,-40.0,5.0,-15.0,0.619,-55.0,3,6,50.0,-30.0,5.0,-15.0,0.333,-25.0,2,不採用,15.0
ema_cross(EMA5/20),ema_cross,5,5,NY(21-24),月,順方向のみ,なし,5,20,80,57.5,60.8,4.95,-4.91,1.365,-31.8,3,31,41.9,-25.0,5.0,-5.0,0.722,-50.0,9,不採用,14.9
ema_cross(EMA5/20),ema_cross,5,8,NY(21-24),水,下降のみ,なし,5,20,86,52.3,-103.0,5.0,-8.0,0.686,-145.0,7,53,43.4,-125.0,5.0,-8.0,0.479,-122.0,5,不採用,14.9
ema_cross(EMA5/20),ema_cross,5,10,全時間,全曜日,なし,ATR高,5,20,4164,62.5,-2513.1,5.0,-9.95,0.838,-2651.4,9,1526,63.0,-807.2,5.0,-9.96,0.856,-858.6,7,不採用,14.9
ema_cross(EMA5/20),ema_cross,5,10,ロンドン(16-21),水,順方向のみ,ATR高,5,20,75,72.0,60.0,5.0,-10.0,1.286,-45.0,3,31,51.6,-70.0,5.0,-10.0,0.533,-85.0,3,不採用,14.9
ema_cross(EMA5/20),ema_cross,5,15,NY(21-24),火,下降のみ,ATR低,5,20,8,100.0,40.0,5.0,0.0,999.0,0.0,0,3,66.7,-5.0,5.0,-15.0,0.667,-15.0,1,不採用,14.9
ema_cross(EMA5/20),ema_cross,5,15,9時台,金,レンジのみ,ATR高,5,20,11,100.0,55.0,5.0,0.0,999.0,0.0,0,3,66.7,-5.0,5.0,-15.0,0.667,-15.0,1,不採用,14.9
ema_cross(EMA5/20),ema_cross,5,5,21時台,火,レンジのみ,ATR高,5,20,12,58.3,10.0,5.0,-5.0,1.4,-10.0,2,6,33.3,-10.0,5.0,-5.0,0.5,-15.0,3,不採用,14.8
ema_cross(EMA5/20),ema_cross,5,8,16時台,金,下降のみ,なし,5,20,52,63.5,13.0,5.0,-8.0,1.086,-35.0,3,14,42.9,-34.0,5.0,-8.0,0.469,-36.0,3,不採用,14.8
ema_cross(EMA5/20),ema_cross,5,8,21時台,全曜日,レンジのみ,直近30分変動大,5,20,86,67.4,66.0,5.0,-8.0,1.295,-51.0,4,38,47.4,-70.0,5.0,-8.0,0.562,-85.0,4,不採用,14.8
ema_cross(EMA5/20),ema_cross,5,10,東京(9-15),全曜日,順方向のみ,ATR高,5,20,220,61.8,-160.0,5.0,-10.0,0.81,-175.0,5,96,52.1,-210.0,5.0,-10.0,0.543,-235.0,4,不採用,14.8
ema_cross(EMA5/20),ema_cross,5,12,東京(9-15),火,上昇のみ,ATR低,5,20,93,66.7,-62.0,5.0,-12.0,0.833,-116.0,3,32,56.2,-78.0,5.0,-12.0,0.536,-88.0,6,不採用,14.8
ema_cross(EMA5/20),ema_cross,5,12,16時台,月,下降のみ,なし,5,20,32,84.4,75.0,5.0,-12.0,2.25,-28.0,2,22,59.1,-43.0,5.0,-12.0,0.602,-48.0,3,不採用,14.8
ema_cross(EMA5/20),ema_cross,5,8,9時台,全曜日,なし,ATR高,5,20,162,62.3,17.0,5.0,-8.0,1.035,-66.0,4,84,53.6,-87.0,5.0,-8.0,0.721,-117.0,11,不採用,14.7
ema_cross(EMA5/20),ema_cross,5,8,21時台,全曜日,順方向のみ,直近30分変動大,5,20,106,57.5,-55.0,5.0,-8.0,0.847,-83.0,7,39,46.2,-78.0,5.0,-8.0,0.536,-100.0,6,不採用,14.7
ema_cross(EMA5/20),ema_cross,5,10,9時台,水,なし,なし,5,20,152,63.8,-65.0,5.0,-10.0,0.882,-130.0,4,76,53.9,-145.0,5.0,-10.0,0.586,-185.0,6,不採用,14.7
ema_cross(EMA5/20),ema_cross,5,10,10時台,全曜日,上昇のみ,なし,5,20,231,63.6,-105.0,5.0,-10.0,0.875,-220.0,4,94,53.2,-190.0,5.0,-10.0,0.568,-200.0,5,不採用,14.7
ema_cross(EMA5/20),ema_cross,5,10,16時台,金,下降のみ,ATR高,5,20,28,57.1,-40.0,5.0,-10.0,0.667,-80.0,5,5,40.0,-20.0,5.0,-10.0,0.333,-15.0,2,不採用,14.7
ema_cross(EMA5/20),ema_cross,5,12,10時台,木,下降のみ,直近30分変動大,5,20,21,57.1,-48.0,5.0,-12.0,0.556,-74.0,5,11,45.5,-47.0,5.0,-12.0,0.347,-57.0,3,不採用,14.7
ema_cross(EMA5/20),ema_cross,5,8,9時台,水,なし,ATR低,5,20,64,62.5,8.0,5.0,-8.0,1.042,-48.0,5,29,44.8,-63.0,5.0,-8.0,0.508,-70.0,4,不採用,14.6
ema_cross(EMA5/20),ema_cross,5,10,21時台,金,なし,ATR高,5,20,80,56.2,-125.0,5.0,-10.0,0.643,-155.0,5,14,42.9,-50.0,5.0,-10.0,0.375,-55.0,3,不採用,14.6
ema_cross(EMA5/20),ema_cross,5,12,10時台,金,順方向のみ,ATR高,5,20,11,90.9,38.0,5.0,-12.0,4.167,0.0,1,7,57.1,-16.0,5.0,-12.0,0.556,-19.0,1,不採用,14.6
ema_cross(EMA5/20),ema_cross,5,12,16時台,全曜日,上昇のみ,ATR高,5,20,98,67.3,-54.0,5.0,-12.0,0.859,-97.0,3,41,56.1,-101.0,5.0,-12.0,0.532,-132.0,5,不採用,14.6
ema_cross(EMA5/20),ema_cross,5,15,9時台,月,順方向のみ,ATR高,5,20,11,100.0,55.0,5.0,0.0,999.0,0.0,0,12,66.7,-20.0,5.0,-15.0,0.667,-30.0,1,不採用,14.6
ema_cross(EMA5/20),ema_cross,5,5,9時台,水,なし,ATR低,5,20,67,55.2,35.0,5.0,-5.0,1.233,-25.0,5,31,35.5,-45.0,5.0,-5.0,0.55,-45.0,5,不採用,14.5
ema_cross(EMA5/20),ema_cross,5,8,10時台,金,なし,直近30分変動大,5,20,67,56.7,-42.0,5.0,-8.0,0.819,-65.0,4,31,45.2,-66.0,5.0,-8.0,0.515,-76.0,6,不採用,14.5
ema_cross(EMA5/20),ema_cross,5,12,NY(21-24),水,順方向のみ,なし,5,20,83,61.4,-97.5,5.0,-11.02,0.723,-106.2,4,46,56.5,-110.0,5.0,-12.0,0.542,-126.0,7,不採用,14.5
ema_cross(EMA5/20),ema_cross,5,15,9時台,水,下降のみ,直近30分変動大,5,20,20,75.0,0.0,5.0,-15.0,1.0,-20.0,2,9,55.6,-35.0,5.0,-15.0,0.417,-35.0,2,不採用,14.5
ema_cross(EMA5/20),ema_cross,5,5,9時台,水,上昇のみ,なし,5,20,62,41.9,-50.0,5.0,-5.0,0.722,-55.0,5,32,34.4,-50.0,5.0,-5.0,0.524,-65.0,8,不採用,14.4
ema_cross(EMA5/20),ema_cross,5,5,10時台,全曜日,上昇のみ,なし,5,20,261,44.1,-155.0,5.0,-5.0,0.788,-235.0,9,102,34.3,-160.0,5.0,-5.0,0.522,-160.0,6,不採用,14.4
ema_cross(EMA5/20),ema_cross,5,8,ロンドン(16-21),水,上昇のみ,直近30分変動大,5,20,130,57.7,-65.0,5.0,-8.0,0.852,-78.0,4,35,45.7,-72.0,5.0,-8.0,0.526,-86.0,6,不採用,14.4
ema_cross(EMA5/20),ema_cross,5,12,21時台,火,なし,ATR低,5,20,24,66.7,-16.0,5.0,-12.0,0.833,-36.0,3,12,50.0,-42.0,5.0,-12.0,0.417,-43.0,3,不採用,14.4
ema_cross(EMA5/20),ema_cross,5,5,東京(9-15),金,順方向のみ,ATR高,5,20,53,54.7,25.0,5.0,-5.0,1.208,-30.0,3,20,35.0,-30.0,5.0,-5.0,0.538,-35.0,5,不採用,14.3
ema_cross(EMA5/20),ema_cross,5,5,9時台,全曜日,なし,なし,5,20,883,51.3,115.0,5.0,-5.0,1.053,-110.0,7,331,43.8,-205.0,5.0,-5.0,0.78,-245.0,17,不採用,14.3
ema_cross(EMA5/20),ema_cross,5,8,9時台,水,下降のみ,ATR高,5,20,8,50.0,-12.0,5.0,-8.0,0.625,-27.0,3,3,33.3,-11.0,5.0,-8.0,0.312,-16.0,2,不採用,14.3
ema_cross(EMA5/20),ema_cross,5,10,東京(9-15),火,なし,直近30分変動大,5,20,272,62.5,-170.0,5.0,-10.0,0.833,-230.0,6,136,55.1,-235.0,5.0,-10.0,0.615,-255.0,7,不採用,14.3
ema_cross(EMA5/20),ema_cross,5,10,NY(21-24),火,レンジのみ,ATR低,5,20,10,50.0,-25.0,5.0,-10.0,0.5,-40.0,4,3,33.3,-15.0,5.0,-10.0,0.25,-10.0,1,不採用,14.3
ema_cross(EMA5/20),ema_cross,5,10,9時台,水,上昇のみ,なし,5,20,53,58.5,-65.0,5.0,-10.0,0.705,-70.0,4,29,51.7,-65.0,5.0,-10.0,0.536,-90.0,8,不採用,14.3
ema_cross(EMA5/20),ema_cross,5,10,16時台,全曜日,順方向のみ,直近30分変動大,5,20,75,69.3,30.0,5.0,-10.0,1.13,-65.0,3,32,50.0,-80.0,5.0,-10.0,0.5,-85.0,3,不採用,14.3
ema_cross(EMA5/20),ema_cross,5,5,22時台,月,上昇のみ,ATR高,5,20,13,38.5,-15.0,5.0,-5.0,0.625,-20.0,3,4,25.0,-10.0,5.0,-5.0,0.333,-10.0,3,不採用,14.2
ema_cross(EMA5/20),ema_cross,5,8,9時台,水,下降のみ,直近30分変動大,5,20,20,70.0,22.0,5.0,-8.0,1.458,-8.0,2,9,44.4,-20.0,5.0,-8.0,0.5,-27.0,3,不採用,14.2
ema_cross(EMA5/20),ema_cross,5,10,全時間,全曜日,レンジのみ,なし,5,20,3178,63.2,-1551.4,4.99,-9.9,0.866,-1586.6,10,1351,62.2,-820.7,5.0,-9.83,0.837,-870.7,6,不採用,14.2
ema_cross(EMA5/20),ema_cross,5,12,全時間,全曜日,順方向のみ,直近30分変動大,5,20,1219,66.2,-892.4,4.99,-11.95,0.819,-983.5,5,583,63.5,-708.0,4.99,-11.99,0.723,-738.0,7,不採用,14.2
ema_cross(EMA5/20),ema_cross,5,12,全時間,火,上昇のみ,なし,5,20,879,67.9,-363.3,5.0,-11.87,0.891,-488.5,7,331,62.2,-467.1,5.0,-11.98,0.688,-524.1,7,不採用,14.2
ema_cross(EMA5/20),ema_cross,5,12,9時台,全曜日,下降のみ,ATR高,5,20,59,74.6,40.0,5.0,-12.0,1.222,-48.0,3,29,55.2,-76.0,5.0,-12.0,0.513,-84.0,3,不採用,14.2
ema_cross(EMA5/20),ema_cross,5,12,21時台,水,順方向のみ,直近30分変動大,5,20,14,57.1,-32.0,5.0,-12.0,0.556,-36.0,3,9,44.4,-40.0,5.0,-12.0,0.333,-45.0,3,不採用,14.2
ema_cross(EMA5/20),ema_cross,5,5,ロンドン(16-21),木,レンジのみ,ATR高,5,20,73,43.8,-45.0,5.0,-5.0,0.78,-60.0,8,15,33.3,-25.0,5.0,-5.0,0.5,-35.0,7,不採用,14.1
ema_cross(EMA5/20),ema_cross,5,8,21時台,月,順方向のみ,ATR高,5,20,20,65.0,9.0,5.0,-8.0,1.161,-19.0,2,5,40.0,-14.0,5.0,-8.0,0.417,-19.0,2,不採用,14.1
ema_cross(EMA5/20),ema_cross,5,8,21時台,水,順方向のみ,なし,5,20,47,51.1,-56.8,5.0,-7.69,0.679,-85.8,4,19,42.1,-48.0,5.0,-8.0,0.455,-58.0,6,不採用,14.1
ema_cross(EMA5/20),ema_cross,5,8,22時台,火,レンジのみ,ATR高,5,20,14,71.4,18.0,5.0,-8.0,1.562,-19.0,2,7,42.9,-17.0,5.0,-8.0,0.469,-22.0,2,不採用,14.1
ema_cross(EMA5/20),ema_cross,5,10,全時間,全曜日,順方向のみ,直近30分変動大,5,20,1224,61.0,-1028.1,5.0,-9.98,0.784,-1093.1,5,584,58.6,-714.2,4.99,-10.0,0.705,-729.2,7,不採用,14.1
ema_cross(EMA5/20),ema_cross,5,10,9時台,木,上昇のみ,直近30分変動大,5,20,25,80.0,50.0,5.0,-10.0,2.0,-15.0,1,11,54.5,-20.0,5.0,-10.0,0.6,-45.0,4,不採用,14.1
ema_cross(EMA5/20),ema_cross,5,12,NY(21-24),水,レンジのみ,直近30分変動大,5,20,29,72.4,9.0,5.0,-12.0,1.094,-26.0,2,8,50.0,-28.0,5.0,-12.0,0.417,-26.0,2,不採用,14.1
ema_cross(EMA5/20),ema_cross,5,5,9時台,水,順方向のみ,ATR高,5,20,7,42.9,-5.0,5.0,-5.0,0.75,-15.0,3,4,25.0,-10.0,5.0,-5.0,0.333,-5.0,2,不採用,14.0
ema_cross(EMA5/20),ema_cross,5,8,9時台,月,上昇のみ,直近30分変動大,5,20,27,70.4,31.0,5.0,-8.0,1.484,-22.0,2,18,50.0,-27.0,5.0,-8.0,0.625,-59.0,6,不採用,14.0
ema_cross(EMA5/20),ema_cross,5,8,9時台,木,上昇のみ,直近30分変動大,5,20,25,68.0,21.0,5.0,-8.0,1.328,-32.0,4,11,45.5,-23.0,5.0,-8.0,0.521,-35.0,4,不採用,14.0
ema_cross(EMA5/20),ema_cross,5,8,21時台,火,上昇のみ,ATR高,5,20,24,50.0,-32.0,5.0,-7.67,0.652,-35.0,5,3,33.3,-11.0,5.0,-8.0,0.312,-8.0,2,不採用,14.0
ema_cross(EMA5/20),ema_cross,5,8,21時台,水,下降のみ,なし,5,20,44,47.7,-79.0,5.0,-8.0,0.571,-111.0,4,24,41.7,-62.0,5.0,-8.0,0.446,-82.0,7,不採用,14.0
ema_cross(EMA5/20),ema_cross,5,8,22時台,水,なし,ATR高,5,20,81,51.9,-102.0,5.0,-8.0,0.673,-123.0,5,35,42.9,-85.0,5.0,-8.0,0.469,-95.0,6,不採用,14.0
ema_cross(EMA5/20),ema_cross,5,10,ロンドン(16-21),月,下降のみ,なし,5,20,160,66.9,5.0,5.0,-10.0,1.009,-100.0,5,74,54.1,-140.0,5.0,-10.0,0.588,-145.0,6,不採用,14.0
ema_cross(EMA5/20),ema_cross,5,12,9時台,木,なし,なし,5,20,147,75.5,123.0,5.0,-12.0,1.285,-54.0,4,62,59.7,-115.0,5.0,-12.0,0.617,-161.0,5,不採用,14.0
ema_cross(EMA5/20),ema_cross,5,15,NY(21-24),火,レンジのみ,直近30分変動大,5,20,29,75.9,5.0,5.0,-15.0,1.048,-70.0,3,16,56.2,-52.0,5.0,-13.86,0.464,-62.0,3,不採用,14.0
ema_cross(EMA5/20),ema_cross,5,5,ロンドン(16-21),金,レンジのみ,ATR低,5,20,17,47.1,-5.0,5.0,-5.0,0.889,-15.0,2,10,30.0,-20.0,5.0,-5.0,0.429,-20.0,4,不採用,13.9
ema_cross(EMA5/20),ema_cross,5,5,10時台,水,レンジのみ,ATR低,5,20,7,42.9,-5.0,5.0,-5.0,0.75,-15.0,4,4,25.0,-10.0,5.0,-5.0,0.333,-10.0,2,不採用,13.9
ema_cross(EMA5/20),ema_cross,5,8,ロンドン(16-21),火,上昇のみ,なし,5,20,255,62.7,40.0,5.0,-8.0,1.053,-132.0,5,86,47.7,-155.0,5.0,-8.0,0.569,-166.0,5,不採用,13.9
ema_cross(EMA5/20),ema_cross,5,8,10時台,金,順方向のみ,ATR高,5,20,11,72.7,16.0,5.0,-8.0,1.667,-11.0,1,7,42.9,-17.0,5.0,-8.0,0.469,-14.0,2,不採用,13.9
ema_cross(EMA5/20),ema_cross,5,8,16時台,火,なし,ATR低,5,20,26,73.1,39.0,5.0,-8.0,1.696,-17.0,2,11,45.5,-23.0,5.0,-8.0,0.521,-30.0,3,不採用,13.9
ema_cross(EMA5/20),ema_cross,5,8,21時台,水,順方向のみ,ATR高,5,20,22,50.0,-33.0,5.0,-8.0,0.625,-53.0,4,6,33.3,-22.0,5.0,-8.0,0.312,-27.0,2,不採用,13.9
ema_cross(EMA5/20),ema_cross,5,10,NY(21-24),金,レンジのみ,ATR低,5,20,5,80.0,10.0,5.0,-10.0,2.0,-10.0,1,6,50.0,-15.0,5.0,-10.0,0.5,-25.0,2,不採用,13.9
ema_cross(EMA5/20),ema_cross,5,10,10時台,火,なし,ATR低,5,20,16,75.0,20.0,5.0,-10.0,1.5,-30.0,3,6,50.0,-15.0,5.0,-10.0,0.5,-30.0,3,不採用,13.9
ema_cross(EMA5/20),ema_cross,5,12,NY(21-24),金,なし,直近30分変動大,5,20,190,65.3,-176.8,4.96,-12.0,0.777,-181.8,4,72,56.9,-162.4,4.89,-11.7,0.552,-189.6,6,不採用,13.9
ema_cross(EMA5/20),ema_cross,5,15,全時間,水,順方向のみ,直近30分変動大,5,20,230,74.3,-19.4,5.0,-14.82,0.978,-120.0,3,117,64.1,-255.0,5.0,-15.0,0.595,-265.0,4,不採用,13.9
ema_cross(EMA5/20),ema_cross,5,8,全時間,月,上昇のみ,直近30分変動大,5,20,308,55.5,-241.0,5.0,-8.0,0.78,-294.0,6,149,47.7,-269.0,5.0,-8.0,0.569,-271.0,6,不採用,13.8
ema_cross(EMA5/20),ema_cross,5,8,10時台,火,なし,ATR高,5,20,30,53.3,-32.0,5.0,-8.0,0.714,-62.0,4,25,40.0,-70.0,5.0,-8.0,0.417,-75.0,4,不採用,13.8
ema_cross(EMA5/20),ema_cross,5,10,東京(9-15),火,なし,ATR高,5,20,107,63.6,-50.0,5.0,-10.0,0.872,-140.0,5,60,51.7,-135.0,5.0,-10.0,0.534,-160.0,5,不採用,13.8
ema_cross(EMA5/20),ema_cross,5,10,東京(9-15),金,順方向のみ,ATR高,5,20,52,71.2,35.0,5.0,-10.0,1.233,-30.0,3,19,47.4,-55.0,5.0,-10.0,0.45,-50.0,2,不採用,13.8
ema_cross(EMA5/20),ema_cross,5,10,9時台,火,下降のみ,直近30分変動大,5,20,23,60.9,-20.0,5.0,-10.0,0.778,-35.0,3,11,45.5,-35.0,5.0,-10.0,0.417,-40.0,4,不採用,13.8
ema_cross(EMA5/20),ema_cross,5,10,9時台,水,下降のみ,なし,5,20,47,76.6,70.0,5.0,-10.0,1.636,-20.0,2,20,50.0,-50.0,5.0,-10.0,0.5,-65.0,2,不採用,13.8
ema_cross(EMA5/20),ema_cross,5,10,21時台,木,順方向のみ,直近30分変動大,5,20,28,60.7,-25.0,5.0,-10.0,0.773,-50.0,3,7,42.9,-25.0,5.0,-10.0,0.375,-20.0,3,不採用,13.8
ema_cross(EMA5/20),ema_cross,5,10,22時台,金,なし,直近30分変動大,5,20,99,56.6,-154.8,4.91,-10.0,0.64,-159.8,5,38,52.6,-77.4,4.77,-9.6,0.552,-90.0,10,不採用,13.8
ema_cross(EMA5/20),ema_cross,5,12,全時間,火,レンジのみ,直近30分変動大,5,20,252,72.6,87.0,5.0,-12.0,1.105,-183.0,4,145,62.1,-205.0,5.0,-11.91,0.687,-243.0,8,不採用,13.8
ema_cross(EMA5/20),ema_cross,5,12,9時台,全曜日,下降のみ,なし,5,20,217,71.9,48.0,5.0,-12.0,1.066,-103.0,5,91,58.2,-191.0,5.0,-12.0,0.581,-220.0,4,不採用,13.8
ema_cross(EMA5/20),ema_cross,5,12,16時台,木,順方向のみ,なし,5,20,43,72.1,11.0,5.0,-12.0,1.076,-37.0,2,17,52.9,-51.0,5.0,-12.0,0.469,-71.0,3,不採用,13.8
ema_cross(EMA5/20),ema_cross,5,5,21時台,木,レンジのみ,直近30分変動大,5,20,24,58.3,20.0,5.0,-5.0,1.4,-20.0,4,14,35.7,-20.0,5.0,-5.0,0.556,-35.0,5,不採用,13.7
ema_cross(EMA5/20),ema_cross,5,5,22時台,金,レンジのみ,直近30分変動大,5,20,24,37.5,-30.0,5.0,-5.0,0.6,-35.0,5,11,27.3,-25.0,5.0,-5.0,0.375,-25.0,5,不採用,13.7
ema_cross(EMA5/20),ema_cross,5,5,全時間,金,下降のみ,ATR高,5,20,420,45.7,-180.0,5.0,-5.0,0.842,-225.0,8,166,39.8,-170.0,5.0,-5.0,0.66,-190.0,12,不採用,13.6
ema_cross(EMA5/20),ema_cross,5,5,全時間,金,順方向のみ,ATR高,5,20,312,44.9,-160.0,5.0,-5.0,0.814,-175.0,6,105,41.0,-95.0,5.0,-5.0,0.694,-110.0,14,不採用,13.6
ema_cross(EMA5/20),ema_cross,5,5,22時台,水,上昇のみ,なし,5,20,58,48.3,-4.0,5.0,-4.8,0.972,-32.1,6,35,34.3,-55.0,5.0,-5.0,0.522,-65.0,6,不採用,13.6
ema_cross(EMA5/20),ema_cross,5,8,22時台,水,レンジのみ,直近30分変動大,5,20,18,66.7,12.0,5.0,-8.0,1.25,-17.0,1,5,40.0,-14.0,5.0,-8.0,0.417,-16.0,2,不採用,13.6
ema_cross(EMA5/20),ema_cross,5,10,21時台,金,なし,直近30分変動大,5,20,93,59.1,-105.0,5.0,-10.0,0.724,-135.0,5,34,47.1,-100.0,5.0,-10.0,0.444,-125.0,4,不採用,13.6
ema_cross(EMA5/20),ema_cross,5,12,10時台,月,順方向のみ,直近30分変動大,5,20,10,80.0,16.0,5.0,-12.0,1.667,-19.0,1,2,50.0,-7.0,5.0,-12.0,0.417,-12.0,1,不採用,13.6
ema_cross(EMA5/20),ema_cross,5,12,22時台,火,レンジのみ,直近30分変動大,5,20,11,72.7,4.0,5.0,-12.0,1.111,-31.0,2,8,50.0,-28.0,5.0,-12.0,0.417,-43.0,2,不採用,13.6
ema_cross(EMA5/20),ema_cross,5,15,東京(9-15),水,下降のみ,ATR低,5,20,62,79.0,50.0,5.0,-15.0,1.256,-65.0,3,14,57.1,-50.0,5.0,-15.0,0.444,-40.0,2,不採用,13.6
ema_cross(EMA5/20),ema_cross,5,15,10時台,水,上昇のみ,なし,5,20,46,67.4,-63.4,5.0,-14.56,0.71,-98.4,2,19,52.6,-85.0,5.0,-15.0,0.37,-75.0,2,不採用,13.6
ema_cross(EMA5/20),ema_cross,5,5,10時台,金,順方向のみ,直近30分変動大,5,20,10,40.0,-10.0,5.0,-5.0,0.667,-10.0,3,4,25.0,-10.0,5.0,-5.0,0.333,-10.0,3,不採用,13.5
ema_cross(EMA5/20),ema_cross,5,5,22時台,木,順方向のみ,なし,5,20,47,53.2,19.4,5.0,-4.8,1.184,-20.6,4,7,28.6,-15.0,5.0,-5.0,0.4,-10.0,2,不採用,13.5
ema_cross(EMA5/20),ema_cross,5,10,21時台,木,レンジのみ,直近30分変動大,5,20,24,79.2,45.0,5.0,-10.0,1.9,-35.0,3,13,53.8,-25.0,5.0,-10.0,0.583,-55.0,4,不採用,13.5
ema_cross(EMA5/20),ema_cross,5,12,ロンドン(16-21),月,下降のみ,なし,5,20,154,68.8,-46.0,5.0,-12.0,0.92,-110.0,5,68,55.9,-170.0,5.0,-12.0,0.528,-175.0,4,不採用,13.5
ema_cross(EMA5/20),ema_cross,5,15,東京(9-15),全曜日,順方向のみ,ATR高,5,20,208,76.0,40.0,5.0,-15.0,1.053,-80.0,2,95,63.2,-225.0,5.0,-15.0,0.571,-255.0,3,不採用,13.5
ema_cross(EMA5/20),ema_cross,5,15,NY(21-24),木,下降のみ,直近30分変動大,5,20,59,71.2,-27.5,5.0,-13.97,0.884,-86.5,2,16,56.2,-60.0,5.0,-15.0,0.429,-70.0,3,不採用,13.5
ema_cross(EMA5/20),ema_cross,5,15,9時台,全曜日,下降のみ,なし,5,20,213,74.6,-5.3,5.0,-14.82,0.993,-150.0,5,85,62.4,-215.0,5.0,-15.0,0.552,-235.0,3,不採用,13.5
ema_cross(EMA5/20),ema_cross,5,15,10時台,水,なし,ATR低,5,20,21,71.4,-8.4,5.0,-13.9,0.899,-45.0,1,4,50.0,-20.0,5.0,-15.0,0.333,-15.0,1,不採用,13.5
ema_cross(EMA5/20),ema_cross,5,8,10時台,月,上昇のみ,なし,5,20,58,55.2,-48.0,5.0,-8.0,0.769,-85.0,7,20,40.0,-56.0,5.0,-8.0,0.417,-60.0,4,不採用,13.4
ema_cross(EMA5/20),ema_cross,5,8,16時台,水,上昇のみ,直近30分変動大,5,20,33,60.6,-4.0,5.0,-8.0,0.962,-30.0,3,8,37.5,-25.0,5.0,-8.0,0.375,-22.0,2,不採用,13.4
ema_cross(EMA5/20),ema_cross,5,8,21時台,木,なし,ATR低,5,20,18,77.8,38.0,5.0,-8.0,2.188,-11.0,1,15,46.7,-29.0,5.0,-8.0,0.547,-31.0,3,不採用,13.4
ema_cross(EMA5/20),ema_cross,5,10,NY(21-24),火,なし,ATR低,5,20,34,67.6,5.0,5.0,-10.0,1.045,-35.0,3,15,46.7,-45.0,5.0,-10.0,0.438,-40.0,3,不採用,13.4
ema_cross(EMA5/20),ema_cross,5,10,22時台,木,下降のみ,直近30分変動大,5,20,24,62.5,-6.0,5.0,-9.0,0.926,-40.0,3,5,40.0,-20.0,5.0,-10.0,0.333,-15.0,1,不採用,13.4
ema_cross(EMA5/20),ema_cross,5,12,16時台,全曜日,順方向のみ,直近30分変動大,5,20,74,70.3,-4.0,5.0,-12.0,0.985,-83.0,3,32,53.1,-95.0,5.0,-12.0,0.472,-110.0,3,不採用,13.4
ema_cross(EMA5/20),ema_cross,5,12,22時台,水,レンジのみ,ATR高,5,20,20,75.0,15.0,5.0,-12.0,1.25,-35.0,2,4,50.0,-14.0,5.0,-12.0,0.417,-24.0,2,不採用,13.4
ema_cross(EMA5/20),ema_cross,5,15,東京(9-15),月,順方向のみ,なし,5,20,185,77.3,80.2,4.97,-15.0,1.127,-95.0,3,74,63.5,-170.0,5.0,-15.0,0.58,-200.0,4,不採用,13.4
ema_cross(EMA5/20),ema_cross,5,15,ロンドン(16-21),木,上昇のみ,ATR低,5,20,24,87.5,64.2,5.0,-13.6,2.574,-20.8,1,18,55.6,-42.7,5.0,-11.59,0.539,-45.0,2,不採用,13.4
ema_cross(EMA5/20),ema_cross,5,8,全時間,火,上昇のみ,ATR低,5,20,409,59.7,-100.0,5.0,-8.0,0.924,-251.0,6,152,50.0,-228.0,5.0,-8.0,0.625,-232.0,8,不採用,13.3
ema_cross(EMA5/20),ema_cross,5,10,全時間,水,順方向のみ,ATR低,5,20,295,63.4,-128.2,5.0,-9.84,0.879,-200.1,4,108,51.9,-240.0,5.0,-10.0,0.538,-230.0,4,不採用,13.3
ema_cross(EMA5/20),ema_cross,5,10,NY(21-24),火,上昇のみ,ATR低,5,20,16,68.8,5.0,5.0,-10.0,1.1,-15.0,2,9,44.4,-30.0,5.0,-10.0,0.4,-25.0,2,不採用,13.3
ema_cross(EMA5/20),ema_cross,5,10,16時台,木,下降のみ,ATR高,5,20,28,64.3,-10.0,5.0,-10.0,0.9,-55.0,4,9,44.4,-30.0,5.0,-10.0,0.4,-30.0,3,不採用,13.3
ema_cross(EMA5/20),ema_cross,5,10,21時台,金,上昇のみ,直近30分変動大,5,20,37,62.2,-25.0,5.0,-10.0,0.821,-50.0,3,11,45.5,-35.0,5.0,-10.0,0.417,-40.0,4,不採用,13.3
ema_cross(EMA5/20),ema_cross,5,12,9時台,水,順方向のみ,なし,5,20,43,67.4,-23.0,5.0,-12.0,0.863,-68.0,3,25,52.0,-79.0,5.0,-12.0,0.451,-67.0,4,不採用,13.3
ema_cross(EMA5/20),ema_cross,5,12,16時台,全曜日,上昇のみ,なし,5,20,271,64.9,-236.9,5.0,-11.76,0.788,-274.9,5,116,56.9,-258.9,5.0,-11.78,0.56,-273.9,5,不採用,13.3
ema_cross(EMA5/20),ema_cross,5,5,9時台,水,上昇のみ,ATR低,5,20,28,46.4,-10.0,5.0,-5.0,0.867,-35.0,4,13,30.8,-25.0,5.0,-5.0,0.444,-25.0,5,不採用,13.2
ema_cross(EMA5/20),ema_cross,5,8,NY(21-24),水,順方向のみ,なし,5,20,83,53.0,-84.8,5.0,-7.82,0.722,-78.8,4,48,45.8,-98.0,5.0,-8.0,0.529,-109.0,8,不採用,13.2
ema_cross(EMA5/20),ema_cross,5,8,9時台,木,順方向のみ,なし,5,20,46,54.3,-43.0,5.0,-8.0,0.744,-83.0,8,21,38.1,-64.0,5.0,-8.0,0.385,-71.0,3,不採用,13.2
ema_cross(EMA5/20),ema_cross,5,5,10時台,金,下降のみ,直近30分変動大,5,20,18,50.0,0.0,5.0,-5.0,1.0,-10.0,2,7,28.6,-15.0,5.0,-5.0,0.4,-15.0,3,不採用,13.1
ema_cross(EMA5/20),ema_cross,5,8,NY(21-24),全曜日,下降のみ,ATR低,5,20,33,60.6,11.9,5.0,-6.78,1.135,-28.0,3,20,45.0,-43.8,4.49,-7.65,0.48,-51.2,4,不採用,13.1
ema_cross(EMA5/20),ema_cross,5,10,NY(21-24),水,下降のみ,直近30分変動大,5,20,60,65.0,-15.0,5.0,-10.0,0.929,-55.0,5,32,46.9,-95.0,5.0,-10.0,0.441,-85.0,3,不採用,13.1
ema_cross(EMA5/20),ema_cross,5,12,ロンドン(16-21),水,順方向のみ,なし,5,20,202,72.8,94.5,5.0,-11.65,1.148,-80.1,4,74,58.1,-160.9,4.91,-12.0,0.567,-193.0,4,不採用,13.1
ema_cross(EMA5/20),ema_cross,5,10,10時台,金,順方向のみ,なし,5,20,23,82.6,55.0,5.0,-10.0,2.375,-20.0,2,10,50.0,-25.0,5.0,-10.0,0.5,-25.0,2,不採用,13.0
ema_cross(EMA5/20),ema_cross,5,12,10時台,月,順方向のみ,ATR高,5,20,13,76.9,14.0,5.0,-12.0,1.389,-19.0,1,4,50.0,-14.0,5.0,-12.0,0.417,-12.0,2,不採用,13.0
ema_cross(EMA5/20),ema_cross,5,15,NY(21-24),全曜日,レンジのみ,ATR高,5,20,159,74.8,36.2,5.0,-13.97,1.065,-108.8,3,47,61.7,-117.0,5.0,-14.56,0.553,-125.0,5,不採用,13.0
ema_cross(EMA5/20),ema_cross,5,5,10時台,水,順方向のみ,ATR高,5,20,13,46.2,-5.0,5.0,-5.0,0.857,-15.0,3,4,25.0,-10.0,5.0,-5.0,0.333,-5.0,2,不採用,12.9
ema_cross(EMA5/20),ema_cross,5,10,全時間,火,レンジのみ,直近30分変動大,5,20,253,70.8,155.0,5.0,-10.0,1.209,-115.0,4,149,57.7,-200.0,5.0,-10.0,0.683,-245.0,8,不採用,12.9
ema_cross(EMA5/20),ema_cross,5,15,全時間,全曜日,上昇のみ,直近30分変動大,5,20,1930,70.1,-1748.0,4.99,-14.74,0.795,-1797.6,6,928,70.3,-834.1,4.98,-14.78,0.796,-899.1,6,不採用,12.9
ema_cross(EMA5/20),ema_cross,5,15,全時間,月,上昇のみ,直近30分変動大,5,20,289,68.5,-364.7,5.0,-14.89,0.731,-459.7,8,138,63.8,-310.0,5.0,-15.0,0.587,-320.0,6,不採用,12.9
ema_cross(EMA5/20),ema_cross,5,8,NY(21-24),水,下降のみ,ATR高,5,20,62,48.4,-106.0,5.0,-8.0,0.586,-131.0,6,31,38.7,-92.0,5.0,-8.0,0.395,-91.0,5,不採用,12.8
ema_cross(EMA5/20),ema_cross,5,8,21時台,水,レンジのみ,直近30分変動大,5,20,11,54.5,-10.0,5.0,-8.0,0.75,-24.0,3,3,33.3,-11.0,5.0,-8.0,0.312,-8.0,2,不採用,12.8
ema_cross(EMA5/20),ema_cross,5,10,10時台,月,上昇のみ,ATR高,5,20,23,52.2,-50.0,5.0,-10.0,0.545,-65.0,2,11,36.4,-50.0,5.0,-10.0,0.286,-45.0,2,不採用,12.8
ema_cross(EMA5/20),ema_cross,5,10,22時台,水,なし,ATR高,5,20,77,62.3,-50.0,5.0,-10.0,0.828,-70.0,4,34,50.0,-85.0,5.0,-10.0,0.5,-95.0,6,不採用,12.8
ema_cross(EMA5/20),ema_cross,5,12,NY(21-24),水,下降のみ,ATR高,5,20,55,67.3,-13.9,5.0,-11.05,0.93,-63.0,4,30,53.3,-88.0,5.0,-12.0,0.476,-111.0,4,不採用,12.8
ema_cross(EMA5/20),ema_cross,5,12,22時台,木,順方向のみ,なし,5,20,47,74.5,53.4,5.0,-10.13,1.439,-24.0,2,7,42.9,-20.3,5.0,-8.83,0.425,-25.3,2,不採用,12.8
ema_cross(EMA5/20),ema_cross,5,5,東京(9-15),火,なし,ATR高,5,20,127,44.9,-65.0,5.0,-5.0,0.814,-130.0,6,65,33.8,-105.0,5.0,-5.0,0.512,-115.0,7,不採用,12.7
ema_cross(EMA5/20),ema_cross,5,5,10時台,水,順方向のみ,なし,5,20,30,46.7,-10.0,5.0,-5.0,0.875,-30.0,5,7,28.6,-15.0,5.0,-5.0,0.4,-15.0,4,不採用,12.7
ema_cross(EMA5/20),ema_cross,5,8,10時台,月,上昇のみ,ATR高,5,20,23,47.8,-41.0,5.0,-8.0,0.573,-60.0,4,12,33.3,-44.0,5.0,-8.0,0.312,-41.0,3,不採用,12.7
ema_cross(EMA5/20),ema_cross,5,10,21時台,全曜日,レンジのみ,直近30分変動大,5,20,86,68.6,25.0,5.0,-10.0,1.093,-75.0,4,37,51.4,-85.0,5.0,-10.0,0.528,-100.0,5,不採用,12.7
ema_cross(EMA5/20),ema_cross,5,12,10時台,水,順方向のみ,なし,5,20,29,72.4,9.0,5.0,-12.0,1.094,-52.0,3,6,50.0,-21.0,5.0,-12.0,0.417,-24.0,3,不採用,12.7
ema_cross(EMA5/20),ema_cross,5,10,ロンドン(16-21),水,順方向のみ,直近30分変動大,5,20,67,64.2,-25.0,5.0,-10.0,0.896,-80.0,4,24,45.8,-75.0,5.0,-10.0,0.423,-95.0,3,不採用,12.6
ema_cross(EMA5/20),ema_cross,5,10,NY(21-24),全曜日,レンジのみ,直近30分変動大,5,20,176,65.3,-35.0,5.0,-10.0,0.943,-100.0,4,76,51.3,-167.8,5.0,-9.81,0.537,-175.0,5,不採用,12.6
ema_cross(EMA5/20),ema_cross,5,10,9時台,木,下降のみ,ATR高,5,20,10,90.0,35.0,5.0,-10.0,4.5,-10.0,1,8,50.0,-20.0,5.0,-10.0,0.5,-20.0,1,不採用,12.6
ema_cross(EMA5/20),ema_cross,5,10,全時間,火,上昇のみ,ATR低,5,20,376,66.8,5.0,5.0,-10.0,1.004,-155.0,5,139,54.0,-263.3,5.0,-9.97,0.587,-273.3,5,不採用,12.5
ema_cross(EMA5/20),ema_cross,5,10,9時台,木,下降のみ,なし,5,20,52,71.2,35.0,5.0,-10.0,1.233,-30.0,2,31,51.6,-70.0,5.0,-10.0,0.533,-70.0,5,不採用,12.5
ema_cross(EMA5/20),ema_cross,5,12,NY(21-24),月,上昇のみ,なし,5,20,96,77.1,157.5,5.0,-9.66,1.741,-48.1,3,33,57.6,-73.0,5.0,-12.0,0.565,-77.0,4,不採用,12.5
ema_cross(EMA5/20),ema_cross,5,12,NY(21-24),水,順方向のみ,ATR高,5,20,47,61.7,-63.4,5.0,-11.58,0.696,-76.0,3,19,47.4,-75.0,5.0,-12.0,0.375,-95.0,3,不採用,12.5
ema_cross(EMA5/20),ema_cross,5,12,10時台,火,下降のみ,ATR高,5,20,12,58.3,-25.0,5.0,-12.0,0.583,-40.0,2,5,40.0,-26.0,5.0,-12.0,0.278,-24.0,2,不採用,12.5
ema_cross(EMA5/20),ema_cross,5,15,NY(21-24),木,レンジのみ,なし,5,20,67,73.1,-5.2,4.96,-13.78,0.979,-89.0,3,31,58.1,-105.0,5.0,-15.0,0.462,-120.0,3,不採用,12.5
ema_cross(EMA5/20),ema_cross,5,5,ロンドン(16-21),月,上昇のみ,直近30分変動大,5,20,92,40.2,-90.0,5.0,-5.0,0.673,-120.0,9,35,34.3,-55.0,5.0,-5.0,0.522,-65.0,10,不採用,12.4
ema_cross(EMA5/20),ema_cross,5,5,9時台,木,なし,なし,5,20,170,51.2,20.0,5.0,-5.0,1.048,-60.0,8,68,36.8,-90.0,5.0,-5.0,0.581,-95.0,8,不採用,12.4
ema_cross(EMA5/20),ema_cross,5,8,NY(21-24),金,なし,ATR低,5,20,32,65.6,29.8,5.0,-6.84,1.396,-30.2,4,27,44.4,-56.2,5.0,-7.75,0.516,-76.2,4,不採用,12.4
ema_cross(EMA5/20),ema_cross,5,10,NY(21-24),水,順方向のみ,なし,5,20,83,60.2,-66.2,5.0,-9.58,0.791,-70.8,4,48,52.1,-105.0,5.0,-10.0,0.543,-110.0,8,不採用,12.4
ema_cross(EMA5/20),ema_cross,5,10,16時台,月,上昇のみ,なし,5,20,49,67.3,5.0,5.0,-10.0,1.031,-40.0,4,21,47.6,-60.0,5.0,-10.0,0.455,-55.0,4,不採用,12.4
ema_cross(EMA5/20),ema_cross,5,12,ロンドン(16-21),水,下降のみ,ATR低,5,20,14,78.6,19.0,5.0,-12.0,1.528,-12.0,1,4,50.0,-14.0,5.0,-12.0,0.417,-12.0,2,不採用,12.4
ema_cross(EMA5/20),ema_cross,5,12,ロンドン(16-21),金,順方向のみ,ATR低,5,20,34,58.8,-40.3,5.0,-10.02,0.713,-55.4,3,17,47.1,-68.0,5.0,-12.0,0.37,-78.0,3,不採用,12.4
ema_cross(EMA5/20),ema_cross,5,15,全時間,火,上昇のみ,ATR低,5,20,326,77.9,190.0,5.0,-15.0,1.176,-115.0,4,116,65.5,-205.7,5.0,-14.64,0.649,-200.7,7,不採用,12.4
ema_cross(EMA5/20),ema_cross,5,15,東京(9-15),月,順方向のみ,ATR高,5,20,45,73.3,-15.0,5.0,-15.0,0.917,-85.0,3,23,56.5,-85.0,5.0,-15.0,0.433,-100.0,3,不採用,12.4
ema_cross(EMA5/20),ema_cross,5,5,9時台,全曜日,下降のみ,ATR高,5,20,62,51.6,10.0,5.0,-5.0,1.067,-30.0,3,34,35.3,-50.0,5.0,-5.0,0.545,-60.0,7,不採用,12.3
ema_cross(EMA5/20),ema_cross,5,8,NY(21-24),月,上昇のみ,直近30分変動大,5,20,42,71.4,54.0,5.0,-8.0,1.562,-30.0,3,14,42.9,-34.0,5.0,-8.0,0.469,-30.0,3,不採用,12.3
ema_cross(EMA5/20),ema_cross,5,8,10時台,水,なし,ATR低,5,20,21,71.4,27.0,5.0,-8.0,1.562,-17.0,1,5,40.0,-14.0,5.0,-8.0,0.417,-16.0,2,不採用,12.3
ema_cross(EMA5/20),ema_cross,5,12,16時台,全曜日,上昇のみ,直近30分変動大,5,20,127,67.7,-51.5,5.0,-11.74,0.893,-109.5,4,64,54.7,-173.0,5.0,-12.0,0.503,-178.0,4,不採用,12.3
ema_cross(EMA5/20),ema_cross,5,15,全時間,全曜日,順方向のみ,直近30分変動大,5,20,1208,72.0,-688.3,4.99,-14.89,0.863,-783.3,4,580,68.3,-757.9,4.99,-14.86,0.723,-787.9,6,不採用,12.3
ema_cross(EMA5/20),ema_cross,5,5,9時台,水,なし,なし,5,20,170,49.4,-10.0,5.0,-5.0,0.977,-45.0,4,82,35.4,-120.0,5.0,-5.0,0.547,-135.0,7,不採用,12.2
ema_cross(EMA5/20),ema_cross,5,8,ロンドン(16-21),火,上昇のみ,ATR高,5,20,88,70.5,102.0,5.0,-8.0,1.49,-20.0,2,33,48.5,-56.0,5.0,-8.0,0.588,-70.0,6,不採用,12.2
ema_cross(EMA5/20),ema_cross,5,12,21時台,木,なし,ATR低,5,20,17,82.4,34.0,5.0,-12.0,1.944,-12.0,1,15,53.3,-44.0,5.0,-12.0,0.476,-50.0,2,不採用,12.2
ema_cross(EMA5/20),ema_cross,5,12,21時台,金,下降のみ,ATR高,5,20,27,66.7,-18.0,5.0,-12.0,0.833,-51.0,4,11,45.5,-47.0,5.0,-12.0,0.347,-45.0,2,不採用,12.2
ema_cross(EMA5/20),ema_cross,5,5,21時台,全曜日,なし,ATR低,5,20,115,52.2,27.7,5.0,-4.95,1.102,-45.0,6,81,38.3,-95.0,5.0,-5.0,0.62,-120.0,9,不採用,12.1
ema_cross(EMA5/20),ema_cross,5,10,全時間,月,上昇のみ,なし,5,20,704,59.8,-698.6,5.0,-9.91,0.751,-738.6,7,258,54.3,-480.0,5.0,-10.0,0.593,-475.0,5,不採用,12.1
ema_cross(EMA5/20),ema_cross,5,10,東京(9-15),全曜日,上昇のみ,ATR高,5,20,253,64.0,-100.0,5.0,-10.0,0.89,-215.0,6,117,56.4,-180.0,5.0,-10.0,0.647,-205.0,10,不採用,12.1
ema_cross(EMA5/20),ema_cross,5,10,9時台,火,下降のみ,なし,5,20,37,70.3,20.0,5.0,-10.0,1.182,-30.0,3,16,50.0,-40.0,5.0,-10.0,0.5,-50.0,5,不採用,12.1
ema_cross(EMA5/20),ema_cross,5,10,21時台,木,レンジのみ,ATR低,5,20,3,33.3,-15.0,5.0,-10.0,0.25,-10.0,1,4,25.0,-25.0,5.0,-10.0,0.167,-20.0,3,不採用,12.1
ema_cross(EMA5/20),ema_cross,5,10,22時台,火,レンジのみ,ATR高,5,20,14,78.6,25.0,5.0,-10.0,1.833,-25.0,2,7,42.9,-19.0,5.0,-8.5,0.441,-24.0,2,不採用,12.1
ema_cross(EMA5/20),ema_cross,5,12,10時台,火,上昇のみ,直近30分変動大,5,20,22,81.8,42.0,5.0,-12.0,1.875,-31.0,2,11,54.5,-30.0,5.0,-12.0,0.5,-45.0,3,不採用,12.1
ema_cross(EMA5/20),ema_cross,5,15,9時台,水,順方向のみ,なし,5,20,43,69.8,-45.0,5.0,-15.0,0.769,-80.0,3,25,56.0,-95.0,5.0,-15.0,0.424,-95.0,4,不採用,12.1
ema_cross(EMA5/20),ema_cross,5,5,NY(21-24),金,順方向のみ,ATR高,5,20,67,37.3,-85.0,5.0,-5.0,0.595,-105.0,8,14,28.6,-30.0,5.0,-5.0,0.4,-35.0,7,不採用,12.0
ema_cross(EMA5/20),ema_cross,5,5,10時台,火,順方向のみ,なし,5,20,27,40.7,-25.0,5.0,-5.0,0.688,-35.0,6,11,27.3,-25.0,5.0,-5.0,0.375,-30.0,5,不採用,12.0
ema_cross(EMA5/20),ema_cross,5,8,ロンドン(16-21),月,順方向のみ,直近30分変動大,5,20,53,52.8,-60.0,5.0,-8.0,0.7,-85.0,8,23,43.5,-54.0,5.0,-8.0,0.481,-64.0,8,不採用,12.0
ema_cross(EMA5/20),ema_cross,5,8,16時台,木,下降のみ,なし,5,20,48,64.6,19.0,5.0,-8.0,1.14,-51.0,5,15,40.0,-42.0,5.0,-8.0,0.417,-36.0,3,不採用,12.0
ema_cross(EMA5/20),ema_cross,5,10,ロンドン(16-21),水,上昇のみ,直近30分変動大,5,20,126,60.3,-120.0,5.0,-10.0,0.76,-120.0,4,35,48.6,-95.0,5.0,-10.0,0.472,-105.0,6,不採用,12.0
ema_cross(EMA5/20),ema_cross,5,10,16時台,木,順方向のみ,ATR高,5,20,20,65.0,-5.0,5.0,-10.0,0.929,-25.0,2,7,42.9,-25.0,5.0,-10.0,0.375,-25.0,3,不採用,12.0
ema_cross(EMA5/20),ema_cross,5,12,NY(21-24),火,上昇のみ,ATR低,5,20,15,66.7,-10.0,5.0,-12.0,0.833,-24.0,2,9,44.4,-40.0,5.0,-12.0,0.333,-31.0,2,不採用,12.0
ema_cross(EMA5/20),ema_cross,5,12,NY(21-24),木,レンジのみ,ATR高,5,20,40,67.5,-13.0,5.0,-11.38,0.912,-66.0,4,15,46.7,-61.0,5.0,-12.0,0.365,-54.0,2,不採用,12.0
ema_cross(EMA5/20),ema_cross,5,15,NY(21-24),金,順方向のみ,ATR低,5,20,10,60.0,-19.1,5.0,-12.28,0.611,-34.1,3,7,42.9,-32.9,5.0,-11.97,0.313,-45.0,3,不採用,12.0
ema_cross(EMA5/20),ema_cross,5,8,ロンドン(16-21),火,上昇のみ,ATR低,5,20,34,79.4,79.0,5.0,-8.0,2.411,-16.0,2,19,52.6,-22.0,5.0,-8.0,0.694,-48.0,7,不採用,11.9
ema_cross(EMA5/20),ema_cross,5,12,NY(21-24),木,レンジのみ,直近30分変動大,5,20,40,75.0,30.0,5.0,-12.0,1.25,-54.0,3,21,52.4,-65.0,5.0,-12.0,0.458,-76.0,3,不採用,11.9
ema_cross(EMA5/20),ema_cross,5,12,16時台,木,上昇のみ,なし,5,20,46,71.7,9.0,5.0,-12.0,1.058,-86.0,4,28,50.0,-86.9,5.0,-11.21,0.446,-96.9,3,不採用,11.9
ema_cross(EMA5/20),ema_cross,5,5,9時台,全曜日,下降のみ,直近30分変動大,5,20,129,50.4,5.0,5.0,-5.0,1.016,-30.0,5,49,34.7,-75.0,5.0,-5.0,0.531,-80.0,7,不採用,11.8
ema_cross(EMA5/20),ema_cross,5,8,NY(21-24),水,下降のみ,直近30分変動大,5,20,60,55.0,-51.0,5.0,-8.0,0.764,-66.0,5,32,40.6,-87.0,5.0,-8.0,0.428,-79.0,5,不採用,11.8
ema_cross(EMA5/20),ema_cross,5,8,22時台,木,順方向のみ,ATR高,5,20,35,57.1,-20.0,5.0,-8.0,0.833,-33.0,3,3,33.3,-11.0,5.0,-8.0,0.312,-16.0,2,不採用,11.8
ema_cross(EMA5/20),ema_cross,5,10,NY(21-24),水,順方向のみ,ATR高,5,20,47,59.6,-50.0,5.0,-10.0,0.737,-60.0,3,19,42.1,-70.0,5.0,-10.0,0.364,-75.0,3,不採用,11.8
ema_cross(EMA5/20),ema_cross,5,12,9時台,水,上昇のみ,ATR低,5,20,25,64.0,-28.0,5.0,-12.0,0.741,-54.0,4,11,45.5,-47.0,5.0,-12.0,0.347,-45.0,3,不採用,11.8
ema_cross(EMA5/20),ema_cross,5,5,10時台,水,上昇のみ,なし,5,20,58,48.3,-10.0,5.0,-5.0,0.933,-40.0,6,23,30.4,-45.0,5.0,-5.0,0.438,-45.0,5,不採用,11.7
ema_cross(EMA5/20),ema_cross,5,5,21時台,全曜日,下降のみ,ATR低,5,20,31,41.9,-22.3,5.0,-4.85,0.745,-27.3,3,13,30.8,-25.0,5.0,-5.0,0.444,-35.0,7,不採用,11.7
ema_cross(EMA5/20),ema_cross,5,8,NY(21-24),木,下降のみ,ATR低,5,20,6,50.0,-2.4,5.0,-5.8,0.862,-11.0,1,3,33.3,-11.0,5.0,-8.0,0.312,-8.0,2,不採用,11.7
ema_cross(EMA5/20),ema_cross,5,10,9時台,全曜日,上昇のみ,ATR高,5,20,44,68.2,10.0,5.0,-10.0,1.071,-55.0,3,32,50.0,-80.0,5.0,-10.0,0.5,-90.0,5,不採用,11.7
ema_cross(EMA5/20),ema_cross,5,10,21時台,水,下降のみ,なし,5,20,41,61.0,-35.0,5.0,-10.0,0.781,-75.0,4,21,47.6,-60.0,5.0,-10.0,0.455,-80.0,6,不採用,11.7
ema_cross(EMA5/20),ema_cross,5,12,NY(21-24),火,なし,ATR低,5,20,32,65.6,-27.0,5.0,-12.0,0.795,-47.0,3,15,46.7,-61.0,5.0,-12.0,0.365,-50.0,3,不採用,11.7
ema_cross(EMA5/20),ema_cross,5,12,22時台,木,下降のみ,直近30分変動大,5,20,24,62.5,-22.0,5.0,-10.78,0.773,-56.0,3,5,40.0,-26.0,5.0,-12.0,0.278,-19.0,1,不採用,11.7
ema_cross(EMA5/20),ema_cross,5,15,NY(21-24),火,上昇のみ,ATR低,5,20,15,66.7,-25.0,5.0,-15.0,0.667,-30.0,2,9,44.4,-47.4,5.0,-13.48,0.297,-32.4,2,不採用,11.7
ema_cross(EMA5/20),ema_cross,5,8,10時台,金,レンジのみ,ATR高,5,20,19,73.7,30.0,5.0,-8.0,1.75,-22.0,2,5,40.0,-14.0,5.0,-8.0,0.417,-19.0,2,不採用,11.6
ema_cross(EMA5/20),ema_cross,5,8,16時台,木,上昇のみ,直近30分変動大,5,20,23,65.2,11.0,5.0,-8.0,1.172,-40.0,5,15,40.0,-42.0,5.0,-8.0,0.417,-47.0,3,不採用,11.6
ema_cross(EMA5/20),ema_cross,5,8,22時台,水,下降のみ,ATR高,5,20,33,48.5,-56.0,5.0,-8.0,0.588,-74.0,7,20,35.0,-69.0,5.0,-8.0,0.337,-61.0,4,不採用,11.6
ema_cross(EMA5/20),ema_cross,5,8,22時台,水,下降のみ,直近30分変動大,5,20,27,59.3,-8.0,5.0,-8.0,0.909,-40.0,5,16,37.5,-50.0,5.0,-8.0,0.375,-42.0,3,不採用,11.6
ema_cross(EMA5/20),ema_cross,5,10,10時台,金,レンジのみ,直近30分変動大,5,20,27,70.4,15.0,5.0,-10.0,1.188,-25.0,2,11,45.5,-35.0,5.0,-10.0,0.417,-40.0,3,不採用,11.6
ema_cross(EMA5/20),ema_cross,5,12,9時台,水,なし,ATR低,5,20,61,72.1,16.0,5.0,-12.0,1.078,-67.0,3,24,54.2,-67.0,5.0,-12.0,0.492,-75.0,5,不採用,11.6
ema_cross(EMA5/20),ema_cross,5,12,10時台,火,レンジのみ,なし,5,20,32,65.6,-27.0,5.0,-12.0,0.795,-57.0,3,19,47.4,-75.0,5.0,-12.0,0.375,-71.0,3,不採用,11.6
ema_cross(EMA5/20),ema_cross,5,15,NY(21-24),火,レンジのみ,ATR低,5,20,9,55.6,-39.6,4.08,-15.0,0.34,-60.0,4,3,33.3,-25.0,5.0,-15.0,0.167,-15.0,1,不採用,11.6
ema_cross(EMA5/20),ema_cross,5,5,16時台,木,下降のみ,なし,5,20,48,47.9,-10.0,5.0,-5.0,0.92,-35.0,5,15,26.7,-35.0,5.0,-5.0,0.364,-35.0,3,不採用,11.5
ema_cross(EMA5/20),ema_cross,5,8,9時台,全曜日,なし,なし,5,20,799,62.7,121.0,5.0,-8.0,1.051,-148.0,6,323,55.4,-257.0,5.0,-8.0,0.777,-360.0,16,不採用,11.5
ema_cross(EMA5/20),ema_cross,5,12,9時台,木,下降のみ,直近30分変動大,5,20,32,78.1,41.0,5.0,-12.0,1.488,-24.0,2,13,53.8,-37.0,5.0,-12.0,0.486,-36.0,4,不採用,11.5
ema_cross(EMA5/20),ema_cross,5,12,10時台,火,なし,ATR低,5,20,16,75.0,12.0,5.0,-12.0,1.25,-36.0,3,6,50.0,-21.0,5.0,-12.0,0.417,-36.0,3,不採用,11.5
ema_cross(EMA5/20),ema_cross,5,10,東京(9-15),月,順方向のみ,直近30分変動大,5,20,54,61.1,-45.0,5.0,-10.0,0.786,-100.0,3,30,46.7,-90.0,5.0,-10.0,0.438,-100.0,5,不採用,11.4
ema_cross(EMA5/20),ema_cross,5,10,10時台,金,順方向のみ,直近30分変動大,5,20,10,90.0,35.0,5.0,-10.0,4.5,-10.0,1,4,50.0,-10.0,5.0,-10.0,0.5,-10.0,2,不採用,11.4
ema_cross(EMA5/20),ema_cross,5,10,21時台,木,レンジのみ,ATR高,5,20,20,65.0,-5.0,5.0,-10.0,0.929,-45.0,4,9,44.4,-30.0,5.0,-10.0,0.4,-40.0,4,不採用,11.4
ema_cross(EMA5/20),ema_cross,5,12,全時間,月,上昇のみ,直近30分変動大,5,20,298,63.1,-372.7,5.0,-11.93,0.716,-479.7,8,145,57.2,-329.0,5.0,-12.0,0.558,-327.0,6,不採用,11.4
ema_cross(EMA5/20),ema_cross,5,15,10時台,月,順方向のみ,なし,5,20,32,81.2,40.0,5.0,-15.0,1.444,-45.0,3,7,57.1,-25.0,5.0,-15.0,0.444,-45.0,3,不採用,11.4
ema_cross(EMA5/20),ema_cross,5,5,全時間,水,順方向のみ,ATR低,5,20,336,47.6,-75.1,5.0,-4.97,0.914,-120.1,9,126,36.5,-170.0,5.0,-5.0,0.575,-170.0,9,不採用,11.3
ema_cross(EMA5/20),ema_cross,5,5,NY(21-24),木,下降のみ,直近30分変動大,5,20,60,45.0,-30.0,5.0,-5.0,0.818,-40.0,6,16,31.2,-30.0,5.0,-5.0,0.455,-30.0,7,不採用,11.3
ema_cross(EMA5/20),ema_cross,5,5,10時台,全曜日,レンジのみ,ATR低,5,20,23,56.5,15.0,5.0,-5.0,1.3,-20.0,4,7,28.6,-15.0,5.0,-5.0,0.4,-15.0,3,不採用,11.3
ema_cross(EMA5/20),ema_cross,5,8,NY(21-24),水,レンジのみ,直近30分変動大,5,20,29,62.1,2.0,5.0,-8.0,1.023,-16.0,2,8,37.5,-25.0,5.0,-8.0,0.375,-27.0,3,不採用,11.3
ema_cross(EMA5/20),ema_cross,5,12,東京(9-15),木,上昇のみ,ATR高,5,20,37,83.8,83.0,5.0,-12.0,2.153,-31.0,2,17,58.8,-34.0,5.0,-12.0,0.595,-74.0,5,不採用,11.3
ema_cross(EMA5/20),ema_cross,5,8,全時間,全曜日,下降のみ,なし,5,20,4112,57.8,-1929.8,4.99,-7.96,0.86,-1983.8,8,1751,57.5,-890.0,4.99,-7.95,0.85,-955.9,6,不採用,11.2
ema_cross(EMA5/20),ema_cross,5,8,21時台,月,上昇のみ,ATR高,5,20,12,83.3,34.0,5.0,-8.0,3.125,-16.0,2,5,40.0,-14.0,5.0,-8.0,0.417,-11.0,1,不採用,11.2
ema_cross(EMA5/20),ema_cross,5,10,東京(9-15),木,上昇のみ,ATR低,5,20,73,64.4,-25.0,5.0,-10.0,0.904,-75.0,3,27,44.4,-90.0,5.0,-10.0,0.4,-90.0,3,不採用,11.2
ema_cross(EMA5/20),ema_cross,5,10,9時台,木,なし,なし,5,20,148,73.6,155.0,5.0,-10.0,1.397,-55.0,5,66,54.5,-120.0,5.0,-10.0,0.6,-155.0,6,不採用,11.2
ema_cross(EMA5/20),ema_cross,5,5,NY(21-24),火,上昇のみ,ATR低,5,20,21,52.4,5.0,5.0,-5.0,1.1,-20.0,4,11,27.3,-25.0,5.0,-5.0,0.375,-20.0,3,不採用,11.1
ema_cross(EMA5/20),ema_cross,5,5,10時台,月,上昇のみ,なし,5,20,65,43.1,-45.0,5.0,-5.0,0.757,-85.0,9,22,31.8,-40.0,5.0,-5.0,0.467,-40.0,8,不採用,11.1
ema_cross(EMA5/20),ema_cross,5,8,全時間,全曜日,なし,ATR低,5,20,3412,57.9,-1514.8,4.98,-7.89,0.867,-1674.7,9,1389,56.7,-810.9,4.98,-7.88,0.829,-871.6,8,不採用,11.1
ema_cross(EMA5/20),ema_cross,5,8,全時間,火,レンジのみ,直近30分変動大,5,20,257,64.6,102.0,5.0,-8.0,1.14,-127.0,4,150,50.7,-212.0,5.0,-8.0,0.642,-269.0,8,不採用,11.1
ema_cross(EMA5/20),ema_cross,5,8,21時台,木,下降のみ,ATR低,5,20,5,60.0,-1.0,5.0,-8.0,0.938,-11.0,1,3,33.3,-11.0,5.0,-8.0,0.312,-8.0,2,不採用,11.1
ema_cross(EMA5/20),ema_cross,5,10,NY(21-24),金,レンジのみ,ATR高,5,20,49,55.1,-80.8,5.0,-9.81,0.626,-95.8,3,12,41.7,-45.0,5.0,-10.0,0.357,-50.0,5,不採用,11.1
ema_cross(EMA5/20),ema_cross,5,10,21時台,水,レンジのみ,直近30分変動大,5,20,11,54.5,-20.0,5.0,-10.0,0.6,-30.0,3,3,33.3,-15.0,5.0,-10.0,0.25,-10.0,2,不採用,11.1
ema_cross(EMA5/20),ema_cross,5,12,21時台,木,レンジのみ,ATR低,5,20,3,33.3,-19.0,5.0,-12.0,0.208,-12.0,1,4,25.0,-31.0,5.0,-12.0,0.139,-24.0,3,不採用,11.1
ema_cross(EMA5/20),ema_cross,5,5,NY(21-24),月,順方向のみ,ATR高,5,20,33,51.5,5.0,5.0,-5.0,1.062,-25.0,4,7,28.6,-15.0,5.0,-5.0,0.4,-20.0,4,不採用,11.0
ema_cross(EMA5/20),ema_cross,5,8,ロンドン(16-21),水,順方向のみ,直近30分変動大,5,20,67,59.7,-16.0,5.0,-8.0,0.926,-83.0,4,24,41.7,-62.0,5.0,-8.0,0.446,-82.0,5,不採用,11.0
ema_cross(EMA5/20),ema_cross,5,8,10時台,火,順方向のみ,直近30分変動大,5,20,5,60.0,-1.0,5.0,-8.0,0.938,-8.0,1,3,33.3,-11.0,5.0,-8.0,0.312,-16.0,2,不採用,11.0
ema_cross(EMA5/20),ema_cross,5,10,9時台,木,上昇のみ,ATR低,5,20,19,73.7,20.0,5.0,-10.0,1.4,-15.0,2,7,42.9,-25.0,5.0,-10.0,0.375,-15.0,2,不採用,11.0
ema_cross(EMA5/20),ema_cross,5,15,10時台,火,レンジのみ,ATR高,5,20,5,80.0,5.0,5.0,-15.0,1.333,-15.0,1,11,54.5,-45.0,5.0,-15.0,0.4,-60.0,2,不採用,11.0
ema_cross(EMA5/20),ema_cross,5,10,22時台,木,順方向のみ,なし,5,20,47,70.2,43.4,5.0,-8.69,1.357,-25.0,2,7,42.9,-25.0,5.0,-10.0,0.375,-30.0,2,不採用,10.9
ema_cross(EMA5/20),ema_cross,5,12,NY(21-24),木,なし,ATR低,5,20,21,81.0,47.6,5.0,-9.35,2.273,-13.4,2,20,55.0,-53.0,5.0,-12.0,0.509,-59.0,3,不採用,10.9
ema_cross(EMA5/20),ema_cross,5,12,21時台,水,下降のみ,ATR高,5,20,26,65.4,-23.0,5.0,-12.0,0.787,-46.0,3,11,45.5,-47.0,5.0,-12.0,0.347,-62.0,3,不採用,10.9
ema_cross(EMA5/20),ema_cross,5,15,全時間,全曜日,なし,ATR低,5,20,2725,70.3,-1874.6,4.97,-14.11,0.836,-2098.7,8,1079,70.0,-829.4,4.97,-14.15,0.819,-941.2,7,不採用,10.9
ema_cross(EMA5/20),ema_cross,5,5,9時台,木,上昇のみ,直近30分変動大,5,20,25,48.0,-5.0,5.0,-5.0,0.923,-30.0,4,11,27.3,-25.0,5.0,-5.0,0.375,-25.0,4,不採用,10.8
ema_cross(EMA5/20),ema_cross,5,5,10時台,水,上昇のみ,ATR高,5,20,19,47.4,-5.0,5.0,-5.0,0.9,-20.0,3,11,27.3,-25.0,5.0,-5.0,0.375,-35.0,4,不採用,10.8
ema_cross(EMA5/20),ema_cross,5,5,16時台,全曜日,順方向のみ,直近30分変動大,5,20,75,49.3,-5.0,5.0,-5.0,0.974,-95.0,7,32,34.4,-50.0,5.0,-5.0,0.524,-60.0,8,不採用,10.8
ema_cross(EMA5/20),ema_cross,5,5,21時台,全曜日,レンジのみ,直近30分変動大,5,20,86,55.8,50.0,5.0,-5.0,1.263,-50.0,8,38,34.2,-60.0,5.0,-5.0,0.52,-75.0,6,不採用,10.8
ema_cross(EMA5/20),ema_cross,5,5,22時台,金,順方向のみ,ATR高,5,20,33,42.4,-25.0,5.0,-5.0,0.737,-40.0,5,8,25.0,-20.0,5.0,-5.0,0.333,-20.0,4,不採用,10.8
ema_cross(EMA5/20),ema_cross,5,8,東京(9-15),火,レンジのみ,直近30分変動大,5,20,84,67.9,69.0,5.0,-8.0,1.319,-40.0,3,48,45.8,-98.0,5.0,-8.0,0.529,-118.0,5,不採用,10.8
ema_cross(EMA5/20),ema_cross,5,12,全時間,水,順方向のみ,直近30分変動大,5,20,231,69.7,-27.4,5.0,-11.89,0.967,-127.0,4,117,59.0,-231.0,5.0,-12.0,0.599,-250.0,7,不採用,10.8
ema_cross(EMA5/20),ema_cross,5,10,ロンドン(16-21),火,上昇のみ,ATR高,5,20,83,74.7,100.0,5.0,-10.0,1.476,-35.0,2,33,51.5,-75.0,5.0,-10.0,0.531,-85.0,5,不採用,10.7
ema_cross(EMA5/20),ema_cross,5,10,21時台,水,順方向のみ,直近30分変動大,5,20,14,57.1,-20.0,5.0,-10.0,0.667,-30.0,3,10,40.0,-40.0,5.0,-10.0,0.333,-45.0,4,不採用,10.7
ema_cross(EMA5/20),ema_cross,5,15,NY(21-24),木,レンジのみ,ATR高,5,20,38,76.3,21.0,5.0,-13.78,1.169,-60.0,4,15,53.3,-65.0,5.0,-15.0,0.381,-55.0,2,不採用,10.7
ema_cross(EMA5/20),ema_cross,5,15,9時台,水,下降のみ,なし,5,20,47,80.9,55.0,5.0,-15.0,1.407,-35.0,2,18,55.6,-70.0,5.0,-15.0,0.417,-75.0,2,不採用,10.7
ema_cross(EMA5/20),ema_cross,5,5,NY(21-24),金,なし,直近30分変動大,5,20,193,42.0,-155.0,5.0,-5.0,0.723,-165.0,6,75,34.7,-115.0,5.0,-5.0,0.531,-135.0,10,不採用,10.6
ema_cross(EMA5/20),ema_cross,5,5,21時台,全曜日,レンジのみ,ATR高,5,20,77,50.6,5.0,5.0,-5.0,1.026,-40.0,7,19,31.6,-35.0,5.0,-5.0,0.462,-45.0,6,不採用,10.6
ema_cross(EMA5/20),ema_cross,5,8,9時台,水,下降のみ,なし,5,20,47,76.6,92.0,5.0,-8.0,2.045,-16.0,2,22,45.5,-46.0,5.0,-8.0,0.521,-63.0,4,不採用,10.6
ema_cross(EMA5/20),ema_cross,5,8,9時台,木,なし,直近30分変動大,5,20,81,66.7,54.0,5.0,-8.0,1.25,-30.0,3,37,45.9,-75.0,5.0,-8.0,0.531,-90.0,6,不採用,10.6
ema_cross(EMA5/20),ema_cross,5,10,東京(9-15),火,レンジのみ,直近30分変動大,5,20,83,73.5,85.0,5.0,-10.0,1.386,-45.0,3,48,52.1,-105.0,5.0,-10.0,0.543,-130.0,5,不採用,10.6
ema_cross(EMA5/20),ema_cross,5,12,全時間,水,順方向のみ,なし,5,20,767,69.0,-176.5,5.0,-11.86,0.937,-273.1,4,328,60.7,-556.9,4.98,-12.0,0.64,-561.9,5,不採用,10.6
ema_cross(EMA5/20),ema_cross,5,15,10時台,月,順方向のみ,ATR高,5,20,13,76.9,5.0,5.0,-15.0,1.111,-25.0,1,4,50.0,-20.0,5.0,-15.0,0.333,-15.0,2,不採用,10.6
ema_cross(EMA5/20),ema_cross,5,8,9時台,水,順方向のみ,ATR高,5,20,7,42.9,-17.0,5.0,-8.0,0.469,-24.0,3,4,25.0,-19.0,5.0,-8.0,0.208,-11.0,2,不採用,10.5
ema_cross(EMA5/20),ema_cross,5,8,10時台,火,なし,なし,5,20,105,61.0,-8.0,5.0,-8.0,0.976,-113.0,6,53,43.4,-125.0,5.0,-8.0,0.479,-135.0,5,不採用,10.5
ema_cross(EMA5/20),ema_cross,5,10,ロンドン(16-21),水,上昇のみ,ATR高,5,20,91,62.6,-55.0,5.0,-10.0,0.838,-100.0,5,19,42.1,-70.0,5.0,-10.0,0.364,-80.0,3,不採用,10.5
ema_cross(EMA5/20),ema_cross,5,12,10時台,火,上昇のみ,なし,5,20,41,73.2,18.0,5.0,-12.0,1.136,-52.0,3,23,52.2,-72.0,5.0,-12.0,0.455,-92.0,4,不採用,10.5
ema_cross(EMA5/20),ema_cross,5,5,東京(9-15),火,上昇のみ,ATR高,5,20,51,47.1,-15.0,5.0,-5.0,0.889,-50.0,6,21,28.6,-45.0,5.0,-5.0,0.4,-40.0,5,不採用,10.4
ema_cross(EMA5/20),ema_cross,5,8,22時台,火,レンジのみ,なし,5,20,21,71.4,27.0,5.0,-8.0,1.562,-27.0,3,14,42.9,-34.0,5.0,-8.0,0.469,-49.0,4,不採用,10.4
ema_cross(EMA5/20),ema_cross,5,10,16時台,金,上昇のみ,ATR高,5,20,20,70.0,10.0,5.0,-10.0,1.167,-15.0,1,5,40.0,-20.0,5.0,-10.0,0.333,-20.0,2,不採用,10.3
ema_cross(EMA5/20),ema_cross,5,10,21時台,火,上昇のみ,ATR低,5,20,10,70.0,5.0,5.0,-10.0,1.167,-15.0,1,7,42.9,-25.0,5.0,-10.0,0.375,-30.0,3,不採用,10.3
ema_cross(EMA5/20),ema_cross,5,10,21時台,水,順方向のみ,ATR高,5,20,22,54.5,-40.0,5.0,-10.0,0.6,-60.0,3,6,33.3,-30.0,5.0,-10.0,0.25,-35.0,2,不採用,10.3
ema_cross(EMA5/20),ema_cross,5,12,22時台,火,レンジのみ,ATR高,5,20,14,78.6,19.0,5.0,-12.0,1.528,-31.0,2,7,42.9,-25.0,5.0,-10.0,0.375,-30.0,2,不採用,10.3
ema_cross(EMA5/20),ema_cross,5,5,10時台,水,順方向のみ,直近30分変動大,5,20,12,50.0,0.0,5.0,-5.0,1.0,-15.0,3,4,25.0,-10.0,5.0,-5.0,0.333,-10.0,3,不採用,10.2
ema_cross(EMA5/20),ema_cross,5,5,21時台,木,レンジのみ,ATR低,5,20,4,50.0,0.0,5.0,-5.0,1.0,-5.0,1,4,25.0,-10.0,5.0,-5.0,0.333,-10.0,3,不採用,10.2
ema_cross(EMA5/20),ema_cross,5,8,16時台,月,順方向のみ,直近30分変動大,5,20,8,87.5,27.0,5.0,-8.0,4.375,0.0,1,11,45.5,-23.0,5.0,-8.0,0.521,-30.0,3,不採用,10.2
ema_cross(EMA5/20),ema_cross,5,10,NY(21-24),木,なし,ATR低,5,20,21,81.0,53.6,5.0,-7.85,2.707,-11.4,2,20,50.0,-50.0,5.0,-10.0,0.5,-50.0,3,不採用,10.2
ema_cross(EMA5/20),ema_cross,5,10,9時台,木,順方向のみ,ATR低,5,20,18,55.6,-30.0,5.0,-10.0,0.625,-45.0,4,6,33.3,-30.0,5.0,-10.0,0.25,-20.0,2,不採用,10.2
ema_cross(EMA5/20),ema_cross,5,10,全時間,水,順方向のみ,なし,5,20,791,64.7,-213.2,5.0,-9.94,0.923,-285.1,4,338,55.9,-545.0,5.0,-10.0,0.634,-550.0,6,不採用,10.1
ema_cross(EMA5/20),ema_cross,5,12,16時台,金,下降のみ,ATR高,5,20,26,65.4,-23.0,5.0,-12.0,0.787,-61.0,3,5,40.0,-26.0,5.0,-12.0,0.278,-19.0,2,不採用,10.1
ema_cross(EMA5/20),ema_cross,5,5,NY(21-24),火,順方向のみ,ATR低,5,20,16,81.2,50.0,5.0,-5.0,4.333,-5.0,1,9,33.3,-15.0,5.0,-5.0,0.5,-15.0,3,不採用,10.0
ema_cross(EMA5/20),ema_cross,5,8,NY(21-24),水,下降のみ,ATR低,5,20,5,40.0,-14.0,5.0,-8.0,0.417,-8.0,2,4,25.0,-19.0,5.0,-8.0,0.208,-16.0,3,不採用,10.0
ema_cross(EMA5/20),ema_cross,5,8,9時台,金,下降のみ,ATR高,5,20,21,52.4,-25.0,5.0,-8.0,0.688,-47.0,3,6,33.3,-22.0,5.0,-8.0,0.312,-24.0,4,不採用,10.0
ema_cross(EMA5/20),ema_cross,5,15,10時台,火,レンジのみ,なし,5,20,32,71.9,-20.0,5.0,-15.0,0.852,-40.0,2,19,52.6,-85.0,5.0,-15.0,0.37,-90.0,3,不採用,10.0
ema_cross(EMA5/20),ema_cross,5,10,9時台,水,なし,ATR低,5,20,63,68.3,15.0,5.0,-10.0,1.075,-45.0,3,28,46.4,-85.0,5.0,-10.0,0.433,-90.0,4,不採用,9.9
ema_cross(EMA5/20),ema_cross,5,12,21時台,水,レンジのみ,直近30分変動大,5,20,11,54.5,-30.0,5.0,-12.0,0.5,-36.0,3,3,33.3,-19.0,5.0,-12.0,0.208,-12.0,2,不採用,9.9
ema_cross(EMA5/20),ema_cross,5,5,NY(21-24),金,順方向のみ,ATR低,5,20,10,50.0,0.0,5.0,-5.0,1.0,-20.0,4,8,25.0,-20.0,5.0,-5.0,0.333,-25.0,3,不採用,9.8
ema_cross(EMA5/20),ema_cross,5,8,9時台,火,下降のみ,なし,5,20,41,63.4,10.0,5.0,-8.0,1.083,-46.0,3,18,44.4,-40.0,5.0,-8.0,0.5,-56.0,7,不採用,9.8
ema_cross(EMA5/20),ema_cross,5,12,NY(21-24),金,順方向のみ,ATR低,5,20,10,60.0,-10.1,5.0,-10.03,0.748,-28.1,3,8,37.5,-34.2,5.0,-9.84,0.305,-44.2,3,不採用,9.8
ema_cross(EMA5/20),ema_cross,5,15,ロンドン(16-21),水,順方向のみ,直近30分変動大,5,20,67,73.1,-25.0,5.0,-15.0,0.907,-95.0,3,24,54.2,-100.0,5.0,-15.0,0.394,-120.0,3,不採用,9.8
ema_cross(EMA5/20),ema_cross,5,5,22時台,金,なし,直近30分変動大,5,20,100,41.0,-90.0,5.0,-5.0,0.695,-100.0,9,40,35.0,-60.0,5.0,-5.0,0.538,-70.0,12,不採用,9.7
ema_cross(EMA5/20),ema_cross,5,10,22時台,金,レンジのみ,直近30分変動大,5,20,24,54.2,-45.0,5.0,-10.0,0.591,-65.0,3,11,36.4,-42.8,5.0,-8.97,0.318,-40.0,5,不採用,9.7
ema_cross(EMA5/20),ema_cross,5,12,ロンドン(16-21),水,順方向のみ,ATR高,5,20,74,75.7,64.0,5.0,-12.0,1.296,-54.0,3,31,51.6,-100.0,5.0,-12.0,0.444,-115.0,3,不採用,9.7
ema_cross(EMA5/20),ema_cross,5,12,10時台,水,レンジのみ,ATR低,5,20,5,60.0,-9.0,5.0,-12.0,0.625,-12.0,2,3,33.3,-19.0,5.0,-12.0,0.208,-12.0,1,不採用,9.7
ema_cross(EMA5/20),ema_cross,5,12,22時台,月,上昇のみ,直近30分変動大,5,20,18,66.7,-4.7,5.0,-10.78,0.927,-32.7,3,9,44.4,-40.0,5.0,-12.0,0.333,-28.0,3,不採用,9.7
ema_cross(EMA5/20),ema_cross,5,5,9時台,木,下降のみ,直近30分変動大,5,20,32,62.5,40.0,5.0,-5.0,1.667,-15.0,2,14,28.6,-30.0,5.0,-5.0,0.4,-25.0,3,不採用,9.6
ema_cross(EMA5/20),ema_cross,5,10,22時台,月,上昇のみ,なし,5,20,42,61.9,-11.5,5.0,-8.84,0.919,-36.5,3,17,41.2,-65.0,5.0,-10.0,0.35,-60.0,3,不採用,9.6
ema_cross(EMA5/20),ema_cross,5,8,9時台,金,下降のみ,直近30分変動大,5,20,36,58.3,-15.0,5.0,-8.0,0.875,-35.0,4,8,37.5,-25.0,5.0,-8.0,0.375,-32.0,5,不採用,9.5
ema_cross(EMA5/20),ema_cross,5,10,全時間,月,上昇のみ,直近30分変動大,5,20,304,59.9,-304.7,5.0,-9.96,0.749,-384.7,6,147,51.7,-330.0,5.0,-10.0,0.535,-330.0,6,不採用,9.5
ema_cross(EMA5/20),ema_cross,5,10,16時台,水,上昇のみ,直近30分変動大,5,20,32,65.6,-5.0,5.0,-10.0,0.955,-35.0,3,8,37.5,-35.0,5.0,-10.0,0.3,-30.0,2,不採用,9.5
ema_cross(EMA5/20),ema_cross,5,10,21時台,火,上昇のみ,ATR高,5,20,24,58.3,-24.0,5.0,-9.4,0.745,-45.0,3,3,33.3,-15.0,5.0,-10.0,0.25,-10.0,2,不採用,9.5
ema_cross(EMA5/20),ema_cross,5,12,16時台,月,上昇のみ,なし,5,20,48,66.7,-28.5,5.0,-11.78,0.849,-56.5,4,19,47.4,-75.0,5.0,-12.0,0.375,-68.0,4,不採用,9.5
ema_cross(EMA5/20),ema_cross,5,5,全時間,全曜日,なし,ATR低,5,20,4281,44.5,-2337.4,4.98,-4.98,0.802,-2407.4,11,1697,45.0,-847.7,4.99,-4.98,0.818,-877.7,9,不採用,9.4
ema_cross(EMA5/20),ema_cross,5,5,NY(21-24),水,レンジのみ,直近30分変動大,5,20,29,51.7,5.0,5.0,-5.0,1.071,-10.0,2,8,25.0,-20.0,5.0,-5.0,0.333,-20.0,3,不採用,9.4
ema_cross(EMA5/20),ema_cross,5,5,NY(21-24),金,レンジのみ,ATR高,5,20,56,41.1,-50.0,5.0,-5.0,0.697,-65.0,6,12,25.0,-30.0,5.0,-5.0,0.333,-35.0,5,不採用,9.4
ema_cross(EMA5/20),ema_cross,5,5,21時台,金,レンジのみ,ATR低,5,20,4,75.0,10.0,5.0,-5.0,3.0,-5.0,1,6,33.3,-10.0,5.0,-5.0,0.5,-20.0,4,不採用,9.4
ema_cross(EMA5/20),ema_cross,5,8,NY(21-24),水,順方向のみ,直近30分変動大,5,20,31,54.8,-27.0,5.0,-8.0,0.759,-38.0,4,23,39.1,-67.0,5.0,-8.0,0.402,-68.0,6,不採用,9.4
ema_cross(EMA5/20),ema_cross,5,8,10時台,火,なし,ATR低,5,20,17,58.8,-6.0,5.0,-8.0,0.893,-40.0,5,6,33.3,-22.0,5.0,-8.0,0.312,-27.0,3,不採用,9.4
ema_cross(EMA5/20),ema_cross,5,12,9時台,水,下降のみ,なし,5,20,47,80.9,82.0,5.0,-12.0,1.759,-24.0,2,20,50.0,-70.0,5.0,-12.0,0.417,-83.0,2,不採用,9.4
ema_cross(EMA5/20),ema_cross,5,12,16時台,金,下降のみ,直近30分変動大,5,20,29,72.4,9.0,5.0,-12.0,1.094,-52.0,2,7,42.9,-33.0,5.0,-12.0,0.312,-21.0,2,不採用,9.4
ema_cross(EMA5/20),ema_cross,5,12,21時台,火,上昇のみ,ATR低,5,20,9,66.7,-6.0,5.0,-12.0,0.833,-24.0,2,7,42.9,-33.0,5.0,-12.0,0.312,-36.0,3,不採用,9.4
ema_cross(EMA5/20),ema_cross,5,15,NY(21-24),月,上昇のみ,直近30分変動大,5,20,41,82.9,75.3,5.0,-13.53,1.795,-44.7,3,14,57.1,-50.0,5.0,-15.0,0.444,-65.0,3,不採用,9.4
ema_cross(EMA5/20),ema_cross,5,8,21時台,全曜日,なし,ATR低,5,20,107,69.2,129.6,5.0,-7.28,1.539,-24.0,3,75,46.7,-145.0,5.0,-8.0,0.547,-169.0,5,不採用,9.3
ema_cross(EMA5/20),ema_cross,5,15,10時台,水,順方向のみ,なし,5,20,28,75.0,0.0,5.0,-15.0,1.0,-55.0,3,6,50.0,-30.0,5.0,-15.0,0.333,-30.0,3,不採用,9.3
ema_cross(EMA5/20),ema_cross,5,5,10時台,火,上昇のみ,ATR高,5,20,12,58.3,10.0,5.0,-5.0,1.4,-15.0,3,7,28.6,-15.0,5.0,-5.0,0.4,-20.0,4,不採用,9.2
ema_cross(EMA5/20),ema_cross,5,10,10時台,火,順方向のみ,直近30分変動大,5,20,5,60.0,-5.0,5.0,-10.0,0.75,-10.0,1,3,33.3,-15.0,5.0,-10.0,0.25,-20.0,2,不採用,9.2
ema_cross(EMA5/20),ema_cross,5,10,22時台,水,下降のみ,なし,5,20,41,70.7,25.0,5.0,-10.0,1.208,-40.0,3,28,46.4,-85.0,5.0,-10.0,0.433,-80.0,4,不採用,9.2
ema_cross(EMA5/20),ema_cross,5,12,9時台,火,下降のみ,ATR高,5,20,9,88.9,28.0,5.0,-12.0,3.333,-12.0,1,4,50.0,-14.0,5.0,-12.0,0.417,-24.0,2,不採用,9.2
ema_cross(EMA5/20),ema_cross,5,10,NY(21-24),金,なし,直近30分変動大,5,20,191,58.1,-249.8,4.96,-10.0,0.688,-254.8,4,72,50.0,-177.4,4.87,-9.8,0.497,-204.6,8,不採用,9.1
ema_cross(EMA5/20),ema_cross,5,12,16時台,火,上昇のみ,ATR高,5,20,24,79.2,35.0,5.0,-12.0,1.583,-43.0,3,13,53.8,-37.0,5.0,-12.0,0.486,-60.0,5,不採用,9.1
ema_cross(EMA5/20),ema_cross,5,15,全時間,水,下降のみ,ATR低,5,20,157,72.0,-95.0,5.0,-15.0,0.856,-195.0,4,59,59.3,-185.0,5.0,-15.0,0.486,-215.0,5,不採用,9.1
ema_cross(EMA5/20),ema_cross,5,8,全時間,全曜日,上昇のみ,直近30分変動大,5,20,2037,54.4,-1853.2,5.0,-7.97,0.749,-1940.2,9,983,54.8,-854.5,4.99,-7.98,0.759,-882.5,8,不採用,9.0
ema_cross(EMA5/20),ema_cross,5,8,NY(21-24),金,なし,直近30分変動大,5,20,192,54.2,-188.8,4.95,-8.0,0.732,-195.8,5,75,44.0,-165.8,5.0,-7.88,0.499,-195.0,8,不採用,9.0
ema_cross(EMA5/20),ema_cross,5,12,21時台,木,レンジのみ,直近30分変動大,5,20,24,83.3,52.0,5.0,-12.0,2.083,-26.0,1,13,53.8,-37.0,5.0,-12.0,0.486,-67.0,4,不採用,9.0
ema_cross(EMA5/20),ema_cross,5,15,10時台,火,なし,ATR低,5,20,16,75.0,0.0,5.0,-15.0,1.0,-45.0,3,6,50.0,-30.0,5.0,-15.0,0.333,-45.0,3,不採用,9.0
ema_cross(EMA5/20),ema_cross,5,10,22時台,水,下降のみ,直近30分変動大,5,20,27,74.1,30.0,5.0,-10.0,1.429,-25.0,2,16,43.8,-55.0,5.0,-10.0,0.389,-45.0,3,不採用,8.9
ema_cross(EMA5/20),ema_cross,5,12,NY(21-24),金,レンジのみ,直近30分変動大,5,20,45,60.0,-81.0,5.0,-12.0,0.625,-96.0,3,18,44.4,-70.8,5.0,-11.08,0.361,-73.8,6,不採用,8.9
ema_cross(EMA5/20),ema_cross,5,12,21時台,金,なし,直近30分変動大,5,20,92,68.5,-33.0,5.0,-12.0,0.905,-115.0,5,34,50.0,-119.0,5.0,-12.0,0.417,-144.0,4,不採用,8.9
ema_cross(EMA5/20),ema_cross,5,15,NY(21-24),全曜日,レンジのみ,ATR低,5,20,34,61.8,-67.9,4.78,-12.95,0.597,-101.6,4,25,52.0,-115.0,5.0,-15.0,0.361,-125.0,5,不採用,8.9
ema_cross(EMA5/20),ema_cross,5,15,NY(21-24),金,なし,直近30分変動大,5,20,185,69.2,-219.8,4.96,-15.0,0.743,-224.8,4,68,58.8,-205.2,4.88,-14.31,0.488,-232.4,6,不採用,8.9
ema_cross(EMA5/20),ema_cross,5,5,10時台,金,なし,直近30分変動大,5,20,67,44.8,-35.0,5.0,-5.0,0.811,-55.0,5,31,32.3,-55.0,5.0,-5.0,0.476,-60.0,9,不採用,8.8
ema_cross(EMA5/20),ema_cross,5,5,22時台,月,上昇のみ,直近30分変動大,5,20,18,33.3,-30.0,5.0,-5.0,0.5,-35.0,6,9,22.2,-25.0,5.0,-5.0,0.286,-25.0,6,不採用,8.8
ema_cross(EMA5/20),ema_cross,5,8,9時台,水,下降のみ,ATR低,5,20,17,88.2,59.0,5.0,-8.0,4.688,-8.0,1,5,40.0,-14.0,5.0,-8.0,0.417,-11.0,2,不採用,8.8
ema_cross(EMA5/20),ema_cross,5,10,東京(9-15),月,上昇のみ,ATR高,5,20,62,56.5,-95.0,5.0,-10.0,0.648,-120.0,3,32,43.8,-110.0,5.0,-10.0,0.389,-110.0,6,不採用,8.8
ema_cross(EMA5/20),ema_cross,5,10,16時台,火,上昇のみ,ATR高,5,20,24,79.2,45.0,5.0,-10.0,1.9,-35.0,3,14,50.0,-35.0,5.0,-10.0,0.5,-55.0,5,不採用,8.8
ema_cross(EMA5/20),ema_cross,5,12,21時台,月,上昇のみ,直近30分変動大,5,20,23,91.3,81.0,5.0,-12.0,4.375,-12.0,1,6,50.0,-21.0,5.0,-12.0,0.417,-12.0,2,不採用,8.8
ema_cross(EMA5/20),ema_cross,5,10,21時台,木,なし,ATR低,5,20,17,82.4,40.0,5.0,-10.0,2.333,-10.0,1,15,46.7,-45.0,5.0,-10.0,0.438,-45.0,3,不採用,8.7
ema_cross(EMA5/20),ema_cross,5,12,NY(21-24),全曜日,レンジのみ,直近30分変動大,5,20,175,70.9,8.0,5.0,-12.0,1.013,-110.0,4,76,53.9,-200.8,5.0,-11.59,0.505,-207.0,5,不採用,8.7
ema_cross(EMA5/20),ema_cross,5,8,22時台,水,順方向のみ,ATR高,5,20,25,48.0,-44.0,5.0,-8.0,0.577,-36.0,4,13,30.8,-52.0,5.0,-8.0,0.278,-54.0,4,不採用,8.6
ema_cross(EMA5/20),ema_cross,5,12,NY(21-24),月,上昇のみ,直近30分変動大,5,20,41,80.5,76.3,5.0,-11.09,1.86,-35.7,3,14,50.0,-49.0,5.0,-12.0,0.417,-50.0,3,不採用,8.6
ema_cross(EMA5/20),ema_cross,5,12,10時台,火,なし,なし,5,20,99,70.7,2.0,5.0,-12.0,1.006,-124.0,5,50,52.0,-158.0,5.0,-12.0,0.451,-168.0,4,不採用,8.6
ema_cross(EMA5/20),ema_cross,5,5,16時台,木,順方向のみ,直近30分変動大,5,20,14,50.0,0.0,5.0,-5.0,1.0,-15.0,4,8,25.0,-20.0,5.0,-5.0,0.333,-15.0,4,不採用,8.5
ema_cross(EMA5/20),ema_cross,5,8,9時台,木,なし,なし,5,20,155,65.8,86.0,5.0,-8.0,1.203,-52.0,5,66,45.5,-138.0,5.0,-8.0,0.521,-167.0,6,不採用,8.5
ema_cross(EMA5/20),ema_cross,5,8,22時台,金,下降のみ,ATR低,5,20,2,100.0,10.0,5.0,0.0,999.0,0.0,0,3,33.3,-7.2,5.0,-6.1,0.41,-8.0,1,不採用,8.5
ema_cross(EMA5/20),ema_cross,5,10,NY(21-24),月,上昇のみ,直近30分変動大,5,20,41,73.2,45.3,5.0,-9.52,1.433,-34.7,3,14,42.9,-50.0,5.0,-10.0,0.375,-40.0,3,不採用,8.5
ema_cross(EMA5/20),ema_cross,5,10,9時台,月,上昇のみ,直近30分変動大,5,20,27,74.1,30.0,5.0,-10.0,1.429,-30.0,2,18,50.0,-45.0,5.0,-10.0,0.5,-75.0,6,不採用,8.5
ema_cross(EMA5/20),ema_cross,5,15,10時台,月,順方向のみ,直近30分変動大,5,20,10,90.0,30.0,5.0,-15.0,3.0,-15.0,1,2,50.0,-10.0,5.0,-15.0,0.333,-15.0,1,不採用,8.5
ema_cross(EMA5/20),ema_cross,5,15,10時台,水,レンジのみ,ATR低,5,20,5,60.0,-15.0,5.0,-15.0,0.5,-15.0,2,3,33.3,-25.0,5.0,-15.0,0.167,-15.0,1,不採用,8.5
ema_cross(EMA5/20),ema_cross,5,5,22時台,木,下降のみ,直近30分変動大,5,20,24,41.7,-20.0,5.0,-5.0,0.714,-35.0,5,5,20.0,-15.0,5.0,-5.0,0.25,-10.0,3,不採用,8.4
ema_cross(EMA5/20),ema_cross,5,8,10時台,火,レンジのみ,なし,5,20,33,60.6,-4.0,5.0,-8.0,0.962,-33.0,3,20,40.0,-56.0,5.0,-8.0,0.417,-49.0,6,不採用,8.4
ema_cross(EMA5/20),ema_cross,5,12,9時台,火,上昇のみ,直近30分変動大,5,20,23,82.6,47.0,5.0,-12.0,1.979,-14.0,1,12,50.0,-42.0,5.0,-12.0,0.417,-55.0,3,不採用,8.4
ema_cross(EMA5/20),ema_cross,5,12,10時台,火,上昇のみ,ATR高,5,20,12,91.7,43.0,5.0,-12.0,4.583,-12.0,1,6,50.0,-21.0,5.0,-12.0,0.417,-26.0,2,不採用,8.4
ema_cross(EMA5/20),ema_cross,5,12,21時台,金,なし,ATR高,5,20,79,65.8,-64.0,5.0,-12.0,0.802,-129.0,4,14,42.9,-66.0,5.0,-12.0,0.312,-69.0,3,不採用,8.4
ema_cross(EMA5/20),ema_cross,5,5,22時台,金,下降のみ,ATR高,5,20,32,50.0,0.0,5.0,-5.0,1.0,-30.0,6,14,28.6,-30.0,5.0,-5.0,0.4,-25.0,6,不採用,8.3
ema_cross(EMA5/20),ema_cross,5,12,21時台,全曜日,レンジのみ,直近30分変動大,5,20,86,70.9,5.0,5.0,-12.0,1.017,-88.0,4,37,51.4,-116.0,5.0,-11.72,0.45,-131.0,5,不採用,8.3
ema_cross(EMA5/20),ema_cross,5,15,9時台,全曜日,下降のみ,ATR高,5,20,59,74.6,-5.0,5.0,-15.0,0.978,-75.0,3,28,53.6,-120.0,5.0,-15.0,0.385,-125.0,3,不採用,8.3
ema_cross(EMA5/20),ema_cross,5,5,9時台,水,順方向のみ,なし,5,20,45,51.1,5.0,5.0,-5.0,1.045,-35.0,4,25,28.0,-55.0,5.0,-5.0,0.389,-55.0,5,不採用,8.2
ema_cross(EMA5/20),ema_cross,5,5,9時台,木,下降のみ,なし,5,20,59,59.3,55.0,5.0,-5.0,1.458,-25.0,3,31,32.3,-55.0,5.0,-5.0,0.476,-55.0,6,不採用,8.2
ema_cross(EMA5/20),ema_cross,5,8,10時台,火,上昇のみ,ATR低,5,20,9,44.4,-20.0,5.0,-8.0,0.5,-32.0,4,4,25.0,-19.0,5.0,-8.0,0.208,-24.0,3,不採用,8.2
ema_cross(EMA5/20),ema_cross,5,10,NY(21-24),水,下降のみ,なし,5,20,81,65.4,-15.0,5.0,-10.0,0.946,-70.0,6,49,46.9,-145.0,5.0,-10.0,0.442,-140.0,5,不採用,8.2
ema_cross(EMA5/20),ema_cross,5,12,21時台,火,上昇のみ,ATR高,5,20,24,58.3,-42.0,5.0,-11.2,0.625,-63.0,3,3,33.3,-19.0,5.0,-12.0,0.208,-12.0,2,不採用,8.2
ema_cross(EMA5/20),ema_cross,5,5,全時間,水,順方向のみ,なし,5,20,901,47.4,-230.1,5.0,-4.99,0.903,-290.1,9,368,39.4,-390.0,5.0,-5.0,0.65,-410.0,14,不採用,8.1
ema_cross(EMA5/20),ema_cross,5,8,全時間,全曜日,なし,ATR高,5,20,4386,56.4,-2910.7,5.0,-7.99,0.809,-2969.7,12,1588,57.1,-906.6,5.0,-7.99,0.833,-957.6,8,不採用,8.1
ema_cross(EMA5/20),ema_cross,5,12,22時台,木,順方向のみ,ATR高,5,20,35,71.4,16.0,5.0,-10.9,1.147,-19.0,2,3,33.3,-13.2,5.0,-9.1,0.275,-18.2,2,不採用,8.1
ema_cross(EMA5/20),ema_cross,5,15,NY(21-24),火,なし,ATR低,5,20,32,71.9,-24.6,4.8,-15.0,0.818,-65.0,2,15,46.7,-77.4,5.0,-14.05,0.311,-62.4,3,不採用,8.1
ema_cross(EMA5/20),ema_cross,5,5,NY(21-24),水,順方向のみ,直近30分変動大,5,20,31,38.7,-35.0,5.0,-5.0,0.632,-30.0,4,23,26.1,-55.0,5.0,-5.0,0.353,-50.0,7,不採用,8.0
ema_cross(EMA5/20),ema_cross,5,8,21時台,金,なし,ATR高,5,20,84,52.4,-100.0,5.0,-8.0,0.688,-130.0,7,14,35.7,-47.0,5.0,-8.0,0.347,-54.0,6,不採用,8.0
ema_cross(EMA5/20),ema_cross,5,12,10時台,火,順方向のみ,直近30分変動大,5,20,5,60.0,-9.0,5.0,-12.0,0.625,-14.0,1,3,33.3,-19.0,5.0,-12.0,0.208,-24.0,2,不採用,8.0
ema_cross(EMA5/20),ema_cross,5,8,NY(21-24),火,上昇のみ,ATR低,5,20,17,70.6,20.0,5.0,-8.0,1.5,-11.0,2,9,33.3,-33.0,5.0,-8.0,0.312,-25.0,2,不採用,7.9
ema_cross(EMA5/20),ema_cross,5,8,東京(9-15),木,上昇のみ,ATR低,5,20,77,57.1,-44.0,5.0,-8.0,0.833,-88.0,3,28,35.7,-94.0,5.0,-8.0,0.347,-91.0,4,不採用,7.8
ema_cross(EMA5/20),ema_cross,5,10,NY(21-24),月,上昇のみ,なし,5,20,97,73.2,114.4,5.0,-9.25,1.475,-45.6,3,34,47.1,-100.0,5.0,-10.0,0.444,-100.0,4,不採用,7.8
ema_cross(EMA5/20),ema_cross,5,12,ロンドン(16-21),水,順方向のみ,直近30分変動大,5,20,67,68.7,-22.0,5.0,-12.0,0.913,-88.0,4,24,45.8,-101.0,5.0,-12.0,0.353,-121.0,3,不採用,7.8
ema_cross(EMA5/20),ema_cross,5,12,16時台,水,上昇のみ,直近30分変動大,5,20,32,65.6,-27.0,5.0,-12.0,0.795,-49.0,3,8,37.5,-45.0,5.0,-12.0,0.25,-38.0,2,不採用,7.8
ema_cross(EMA5/20),ema_cross,5,8,9時台,木,下降のみ,直近30分変動大,5,20,32,68.8,30.0,5.0,-8.0,1.375,-17.0,2,14,35.7,-47.0,5.0,-8.0,0.347,-39.0,3,不採用,7.7
ema_cross(EMA5/20),ema_cross,5,12,16時台,金,上昇のみ,ATR高,5,20,19,73.7,10.0,5.0,-12.0,1.167,-12.0,1,5,40.0,-26.0,5.0,-12.0,0.278,-24.0,2,不採用,7.7
ema_cross(EMA5/20),ema_cross,5,15,ロンドン(16-21),水,順方向のみ,ATR高,5,20,72,77.8,40.0,5.0,-15.0,1.167,-75.0,3,31,54.8,-125.0,5.0,-15.0,0.405,-140.0,3,不採用,7.6
ema_cross(EMA5/20),ema_cross,5,15,NY(21-24),月,上昇のみ,なし,5,20,95,77.9,131.0,5.0,-11.38,1.548,-65.1,4,31,58.1,-105.0,5.0,-15.0,0.462,-115.0,4,不採用,7.6
ema_cross(EMA5/20),ema_cross,5,5,NY(21-24),金,上昇のみ,ATR低,5,20,21,57.1,19.6,5.0,-4.49,1.485,-20.4,5,17,29.4,-35.0,5.0,-5.0,0.417,-45.0,5,不採用,7.4
ema_cross(EMA5/20),ema_cross,5,10,22時台,木,順方向のみ,ATR高,5,20,35,65.7,4.0,5.0,-9.25,1.036,-20.0,2,3,33.3,-15.0,5.0,-10.0,0.25,-20.0,2,不採用,7.4
ema_cross(EMA5/20),ema_cross,5,12,21時台,水,順方向のみ,ATR高,5,20,22,59.1,-43.0,5.0,-12.0,0.602,-73.0,3,6,33.3,-38.0,5.0,-12.0,0.208,-43.0,2,不採用,7.4
ema_cross(EMA5/20),ema_cross,5,12,21時台,木,レンジのみ,ATR高,5,20,20,70.0,-2.0,5.0,-12.0,0.972,-38.0,2,9,44.4,-40.0,5.0,-12.0,0.333,-50.0,4,不採用,7.4
ema_cross(EMA5/20),ema_cross,5,8,9時台,木,上昇のみ,ATR低,5,20,20,55.0,-17.0,5.0,-8.0,0.764,-35.0,4,7,28.6,-30.0,5.0,-8.0,0.25,-24.0,3,不採用,7.3
ema_cross(EMA5/20),ema_cross,5,8,10時台,金,レンジのみ,直近30分変動大,5,20,27,66.7,18.0,5.0,-8.0,1.25,-32.0,4,11,36.4,-36.0,5.0,-8.0,0.357,-38.0,4,不採用,7.3
ema_cross(EMA5/20),ema_cross,5,10,16時台,木,上昇のみ,直近30分変動大,5,20,23,69.6,10.0,5.0,-10.0,1.143,-50.0,5,15,40.0,-60.0,5.0,-10.0,0.333,-65.0,3,不採用,7.3
ema_cross(EMA5/20),ema_cross,5,10,21時台,金,レンジのみ,ATR低,5,20,4,75.0,5.0,5.0,-10.0,1.5,-10.0,1,5,40.0,-20.0,5.0,-10.0,0.333,-30.0,3,不採用,7.3
ema_cross(EMA5/20),ema_cross,5,8,16時台,木,順方向のみ,ATR高,5,20,20,55.0,-17.0,5.0,-8.0,0.764,-19.0,2,7,28.6,-30.0,5.0,-8.0,0.25,-27.0,3,不採用,7.2
ema_cross(EMA5/20),ema_cross,5,15,全時間,月,順方向のみ,直近30分変動大,5,20,171,72.5,-85.0,5.0,-15.0,0.879,-120.0,3,85,57.6,-287.0,5.0,-14.78,0.461,-297.0,3,不採用,7.2
ema_cross(EMA5/20),ema_cross,5,10,10時台,金,順方向のみ,ATR高,5,20,11,90.9,40.0,5.0,-10.0,5.0,0.0,1,7,42.9,-25.0,5.0,-10.0,0.375,-20.0,2,不採用,7.1
ema_cross(EMA5/20),ema_cross,5,8,21時台,全曜日,下降のみ,ATR低,5,20,27,59.3,1.3,5.0,-7.15,1.017,-28.0,2,13,38.5,-39.0,5.0,-8.0,0.391,-46.0,6,不採用,7.0
ema_cross(EMA5/20),ema_cross,5,10,22時台,金,下降のみ,ATR低,5,20,2,100.0,10.0,5.0,0.0,999.0,0.0,0,3,33.3,-9.2,5.0,-7.1,0.352,-10.0,1,不採用,7.0
ema_cross(EMA5/20),ema_cross,5,5,9時台,木,なし,直近30分変動大,5,20,81,54.3,35.0,5.0,-5.0,1.189,-20.0,4,37,29.7,-75.0,5.0,-5.0,0.423,-70.0,6,不採用,6.9
ema_cross(EMA5/20),ema_cross,5,5,21時台,水,順方向のみ,ATR高,5,20,22,36.4,-30.0,5.0,-5.0,0.571,-50.0,8,6,16.7,-20.0,5.0,-5.0,0.2,-15.0,3,不採用,6.9
ema_cross(EMA5/20),ema_cross,5,8,NY(21-24),金,上昇のみ,ATR低,5,20,21,61.9,15.7,5.0,-6.16,1.318,-25.3,5,17,35.3,-58.0,5.0,-8.0,0.341,-68.0,3,不採用,6.9
ema_cross(EMA5/20),ema_cross,5,8,16時台,火,上昇のみ,ATR低,5,20,10,90.0,37.0,5.0,-8.0,5.625,-8.0,1,5,40.0,-14.0,5.0,-8.0,0.417,-16.0,3,不採用,6.9
ema_cross(EMA5/20),ema_cross,5,15,9時台,木,下降のみ,なし,5,20,49,75.5,5.0,5.0,-15.0,1.028,-70.0,3,25,52.0,-115.0,5.0,-15.0,0.361,-120.0,3,不採用,6.9
ema_cross(EMA5/20),ema_cross,5,8,NY(21-24),金,レンジのみ,直近30分変動大,5,20,46,52.2,-56.0,5.0,-8.0,0.682,-71.0,3,18,33.3,-60.8,5.0,-7.57,0.33,-57.8,6,不採用,6.8
ema_cross(EMA5/20),ema_cross,5,12,9時台,木,下降のみ,ATR高,5,20,10,90.0,33.0,5.0,-12.0,3.75,-12.0,1,7,42.9,-33.0,5.0,-12.0,0.312,-26.0,1,不採用,6.8
ema_cross(EMA5/20),ema_cross,5,15,9時台,火,下降のみ,ATR高,5,20,9,88.9,25.0,5.0,-15.0,2.667,-15.0,1,4,50.0,-20.0,5.0,-15.0,0.333,-30.0,2,不採用,6.8
ema_cross(EMA5/20),ema_cross,5,5,16時台,木,順方向のみ,ATR高,5,20,20,30.0,-40.0,5.0,-5.0,0.429,-40.0,5,7,14.3,-25.0,5.0,-5.0,0.167,-20.0,3,不採用,6.7
ema_cross(EMA5/20),ema_cross,5,8,21時台,木,レンジのみ,ATR低,5,20,4,50.0,-6.0,5.0,-8.0,0.625,-8.0,1,4,25.0,-19.0,5.0,-8.0,0.208,-16.0,3,不採用,6.7
ema_cross(EMA5/20),ema_cross,5,10,16時台,木,順方向のみ,直近30分変動大,5,20,14,78.6,25.0,5.0,-10.0,1.833,-10.0,1,8,37.5,-35.0,5.0,-10.0,0.3,-25.0,2,不採用,6.6
ema_cross(EMA5/20),ema_cross,5,8,10時台,全曜日,レンジのみ,ATR低,5,20,19,57.9,-9.0,5.0,-8.0,0.859,-25.0,2,7,28.6,-30.0,5.0,-8.0,0.25,-27.0,3,不採用,6.5
ema_cross(EMA5/20),ema_cross,5,12,全時間,火,上昇のみ,ATR低,5,20,341,71.8,73.0,5.0,-12.0,1.063,-87.0,4,124,57.3,-277.3,5.0,-11.93,0.561,-278.3,7,不採用,6.4
ema_cross(EMA5/20),ema_cross,5,12,10時台,火,なし,直近30分変動大,5,20,51,74.5,34.0,5.0,-12.0,1.218,-87.0,4,26,46.2,-108.0,5.0,-12.0,0.357,-96.0,3,不採用,6.4
ema_cross(EMA5/20),ema_cross,5,12,21時台,金,上昇のみ,直近30分変動大,5,20,36,75.0,27.0,5.0,-12.0,1.25,-32.0,2,11,45.5,-47.0,5.0,-12.0,0.347,-48.0,4,不採用,6.4
ema_cross(EMA5/20),ema_cross,5,15,NY(21-24),木,レンジのみ,直近30分変動大,5,20,40,80.0,40.0,5.0,-15.0,1.333,-55.0,3,21,52.4,-95.0,5.0,-15.0,0.367,-100.0,3,不採用,6.4
ema_cross(EMA5/20),ema_cross,5,8,9時台,全曜日,下降のみ,ATR高,5,20,61,65.6,32.0,5.0,-8.0,1.19,-38.0,3,33,42.4,-82.0,5.0,-8.0,0.461,-87.0,7,不採用,6.2
ema_cross(EMA5/20),ema_cross,5,10,16時台,水,順方向のみ,直近30分変動大,5,20,14,71.4,10.0,5.0,-10.0,1.25,-15.0,2,6,33.3,-30.0,5.0,-10.0,0.25,-25.0,2,不採用,6.2
ema_cross(EMA5/20),ema_cross,5,10,21時台,月,上昇のみ,ATR高,5,20,11,100.0,55.0,5.0,0.0,999.0,0.0,0,5,40.0,-20.0,5.0,-10.0,0.333,-15.0,1,不採用,6.2
ema_cross(EMA5/20),ema_cross,5,8,9時台,全曜日,下降のみ,直近30分変動大,5,20,129,63.6,34.0,5.0,-8.0,1.09,-55.0,4,49,42.9,-119.0,5.0,-8.0,0.469,-131.0,7,不採用,6.1
ema_cross(EMA5/20),ema_cross,5,8,21時台,金,レンジのみ,直近30分変動大,5,20,22,59.1,-7.0,5.0,-8.0,0.903,-22.0,2,7,28.6,-30.0,5.0,-8.0,0.25,-35.0,3,不採用,6.0
ema_cross(EMA5/20),ema_cross,5,5,21時台,金,なし,直近30分変動大,5,20,93,43.0,-65.0,5.0,-5.0,0.755,-85.0,6,35,34.3,-55.0,5.0,-5.0,0.522,-80.0,13,不採用,5.9
ema_cross(EMA5/20),ema_cross,5,8,10時台,水,レンジのみ,ATR低,5,20,5,60.0,-1.0,5.0,-8.0,0.938,-8.0,2,4,25.0,-19.0,5.0,-8.0,0.208,-16.0,2,不採用,5.9
ema_cross(EMA5/20),ema_cross,5,8,21時台,火,順方向のみ,ATR低,5,20,13,84.6,39.0,5.0,-8.0,3.438,-8.0,1,6,33.3,-22.0,5.0,-8.0,0.312,-16.0,2,不採用,5.9
ema_cross(EMA5/20),ema_cross,5,10,10時台,火,レンジのみ,なし,5,20,33,63.6,-15.0,5.0,-10.0,0.875,-45.0,3,19,42.1,-70.0,5.0,-10.0,0.364,-70.0,6,不採用,5.9
ema_cross(EMA5/20),ema_cross,5,8,NY(21-24),火,順方向のみ,ATR低,5,20,16,87.5,54.0,5.0,-8.0,4.375,-8.0,1,8,37.5,-25.0,5.0,-8.0,0.375,-22.0,3,不採用,5.8
ema_cross(EMA5/20),ema_cross,5,10,21時台,金,上昇のみ,ATR低,5,20,11,90.9,40.0,5.0,-10.0,5.0,-10.0,1,10,50.0,-25.0,5.0,-10.0,0.5,-50.0,5,不採用,5.8
ema_cross(EMA5/20),ema_cross,5,15,全時間,全曜日,上昇のみ,なし,5,20,3835,70.7,-2766.2,4.99,-14.47,0.83,-2939.4,7,1589,71.6,-937.9,4.98,-14.64,0.858,-1059.3,8,不採用,5.8
ema_cross(EMA5/20),ema_cross,5,10,NY(21-24),木,下降のみ,ATR低,5,20,6,66.7,8.6,5.0,-5.7,1.754,-10.0,1,3,33.3,-15.0,5.0,-10.0,0.25,-10.0,2,不採用,5.6
ema_cross(EMA5/20),ema_cross,5,8,10時台,火,上昇のみ,なし,5,20,45,60.0,-9.0,5.0,-8.0,0.938,-60.0,4,24,37.5,-75.0,5.0,-8.0,0.375,-90.0,6,不採用,5.5
ema_cross(EMA5/20),ema_cross,5,8,16時台,木,順方向のみ,なし,5,20,44,61.4,-1.0,5.0,-8.0,0.993,-49.0,3,18,38.9,-53.0,5.0,-8.0,0.398,-63.0,7,不採用,5.5
ema_cross(EMA5/20),ema_cross,5,12,ロンドン(16-21),水,上昇のみ,ATR高,5,20,86,62.8,-114.0,5.0,-12.0,0.703,-140.0,5,18,38.9,-97.0,5.0,-12.0,0.265,-107.0,3,不採用,5.5
ema_cross(EMA5/20),ema_cross,5,8,全時間,水,順方向のみ,ATR高,5,20,250,59.2,-76.0,5.0,-8.0,0.907,-168.0,8,101,45.5,-210.0,5.0,-8.0,0.523,-225.0,9,不採用,5.4
ema_cross(EMA5/20),ema_cross,5,5,NY(21-24),水,順方向のみ,なし,5,20,88,40.9,-80.0,5.0,-5.0,0.692,-80.0,6,49,28.6,-105.0,5.0,-5.0,0.4,-105.0,9,不採用,5.3
ema_cross(EMA5/20),ema_cross,5,8,21時台,金,なし,ATR低,5,20,20,75.0,40.7,5.0,-6.86,2.187,-16.0,2,18,38.9,-53.0,5.0,-8.0,0.398,-78.0,4,不採用,5.3
ema_cross(EMA5/20),ema_cross,5,10,21時台,木,下降のみ,ATR低,5,20,5,80.0,10.0,5.0,-10.0,2.0,-10.0,1,3,33.3,-15.0,5.0,-10.0,0.25,-10.0,2,不採用,5.3
ema_cross(EMA5/20),ema_cross,5,12,10時台,火,なし,ATR高,5,20,29,72.4,9.0,5.0,-12.0,1.094,-52.0,2,22,45.5,-94.0,5.0,-12.0,0.347,-99.0,4,不採用,5.3
ema_cross(EMA5/20),ema_cross,5,15,NY(21-24),木,なし,ATR低,5,20,21,85.7,58.6,5.0,-10.47,2.866,-15.0,1,19,52.6,-76.3,5.0,-14.03,0.396,-76.3,3,不採用,5.3
ema_cross(EMA5/20),ema_cross,5,8,22時台,金,なし,直近30分変動大,5,20,99,52.5,-120.8,4.91,-8.0,0.679,-129.0,6,40,42.5,-93.8,5.0,-7.77,0.475,-100.0,12,不採用,5.1
ema_cross(EMA5/20),ema_cross,5,8,21時台,月,上昇のみ,直近30分変動大,5,20,24,91.7,94.0,5.0,-8.0,6.875,-8.0,1,6,33.3,-22.0,5.0,-8.0,0.312,-16.0,2,不採用,5.0
ema_cross(EMA5/20),ema_cross,5,12,16時台,木,上昇のみ,直近30分変動大,5,20,23,69.6,-4.0,5.0,-12.0,0.952,-60.0,5,15,40.0,-78.0,5.0,-12.0,0.278,-83.0,3,不採用,5.0
ema_cross(EMA5/20),ema_cross,5,5,全時間,水,順方向のみ,ATR高,5,20,258,45.3,-120.0,5.0,-5.0,0.83,-170.0,12,101,33.7,-165.0,5.0,-5.0,0.507,-180.0,11,不採用,4.9
ema_cross(EMA5/20),ema_cross,5,5,9時台,木,順方向のみ,ATR低,5,20,18,44.4,-10.0,5.0,-5.0,0.8,-30.0,6,6,16.7,-20.0,5.0,-5.0,0.2,-15.0,3,不採用,4.9
ema_cross(EMA5/20),ema_cross,5,8,NY(21-24),水,順方向のみ,ATR高,5,20,47,48.9,-77.0,5.0,-8.0,0.599,-82.0,4,19,31.6,-74.0,5.0,-8.0,0.288,-81.0,6,不採用,4.9
ema_cross(EMA5/20),ema_cross,5,10,全時間,水,下降のみ,ATR低,5,20,178,62.9,-100.0,5.0,-10.0,0.848,-145.0,4,64,54.7,-115.0,5.0,-10.0,0.603,-155.0,14,不採用,4.9
ema_cross(EMA5/20),ema_cross,5,12,16時台,木,順方向のみ,直近30分変動大,5,20,14,78.6,19.0,5.0,-12.0,1.528,-14.0,1,8,37.5,-45.0,5.0,-12.0,0.25,-33.0,2,不採用,4.9
ema_cross(EMA5/20),ema_cross,5,5,22時台,水,順方向のみ,ATR高,5,20,25,40.0,-25.0,5.0,-5.0,0.667,-20.0,4,13,23.1,-35.0,5.0,-5.0,0.3,-40.0,7,不採用,4.8
ema_cross(EMA5/20),ema_cross,5,8,10時台,水,順方向のみ,直近30分変動大,5,20,12,58.3,-5.0,5.0,-8.0,0.875,-24.0,3,4,25.0,-19.0,5.0,-8.0,0.208,-16.0,3,不採用,4.8
ema_cross(EMA5/20),ema_cross,5,5,NY(21-24),金,下降のみ,ATR高,5,20,62,45.2,-30.0,5.0,-5.0,0.824,-55.0,6,25,24.0,-65.0,5.0,-5.0,0.316,-60.0,6,不採用,4.7
ema_cross(EMA5/20),ema_cross,5,5,22時台,金,上昇のみ,ATR高,5,20,51,41.2,-45.0,5.0,-5.0,0.7,-55.0,8,12,25.0,-30.0,5.0,-5.0,0.333,-40.0,8,不採用,4.7
ema_cross(EMA5/20),ema_cross,5,8,21時台,火,なし,ATR低,5,20,25,68.0,21.0,5.0,-8.0,1.328,-19.0,2,13,30.8,-52.0,5.0,-8.0,0.278,-49.0,3,不採用,4.7
ema_cross(EMA5/20),ema_cross,5,10,10時台,火,なし,ATR高,5,20,29,62.1,-20.0,5.0,-10.0,0.818,-70.0,4,24,37.5,-105.0,5.0,-10.0,0.3,-110.0,4,不採用,4.7
ema_cross(EMA5/20),ema_cross,5,12,16時台,水,順方向のみ,直近30分変動大,5,20,14,71.4,2.0,5.0,-12.0,1.042,-19.0,2,6,33.3,-38.0,5.0,-12.0,0.208,-31.0,2,不採用,4.7
ema_cross(EMA5/20),ema_cross,5,10,NY(21-24),水,下降のみ,ATR高,5,20,58,62.1,-40.0,5.0,-10.0,0.818,-80.0,5,30,40.0,-120.0,5.0,-10.0,0.333,-115.0,5,不採用,4.6
ema_cross(EMA5/20),ema_cross,5,10,22時台,水,下降のみ,ATR高,5,20,31,64.5,-10.0,5.0,-10.0,0.909,-40.0,3,19,36.8,-85.0,5.0,-10.0,0.292,-75.0,4,不採用,4.6
ema_cross(EMA5/20),ema_cross,5,5,21時台,火,下降のみ,ATR低,5,20,8,87.5,30.0,5.0,-5.0,7.0,-5.0,1,4,25.0,-10.0,5.0,-5.0,0.333,-10.0,3,不採用,4.5
ema_cross(EMA5/20),ema_cross,5,10,21時台,金,なし,ATR低,5,20,19,73.7,27.7,5.0,-8.46,1.655,-20.0,2,16,50.0,-40.0,5.0,-10.0,0.5,-80.0,8,不採用,4.5
ema_cross(EMA5/20),ema_cross,5,12,21時台,月,上昇のみ,ATR高,5,20,11,100.0,55.0,5.0,0.0,999.0,0.0,0,5,40.0,-26.0,5.0,-12.0,0.278,-19.0,1,不採用,4.5
ema_cross(EMA5/20),ema_cross,5,15,東京(9-15),火,順方向のみ,ATR高,5,20,26,76.9,10.0,5.0,-15.0,1.111,-30.0,1,11,45.5,-65.0,5.0,-15.0,0.278,-80.0,3,不採用,4.5
ema_cross(EMA5/20),ema_cross,5,5,NY(21-24),金,上昇のみ,ATR高,5,20,88,37.5,-110.0,5.0,-5.0,0.6,-130.0,9,13,23.1,-35.0,5.0,-5.0,0.3,-40.0,8,不採用,4.3
ema_cross(EMA5/20),ema_cross,5,10,21時台,金,レンジのみ,直近30分変動大,5,20,22,59.1,-25.0,5.0,-10.0,0.722,-30.0,2,7,28.6,-40.0,5.0,-10.0,0.2,-45.0,3,不採用,4.3
ema_cross(EMA5/20),ema_cross,5,12,NY(21-24),木,下降のみ,ATR低,5,20,6,66.7,6.6,5.0,-6.7,1.493,-12.0,1,3,33.3,-19.0,5.0,-12.0,0.208,-12.0,2,不採用,4.3
ema_cross(EMA5/20),ema_cross,5,10,全時間,全曜日,なし,ATR低,5,20,3121,63.0,-1514.0,4.97,-9.77,0.866,-1674.0,8,1260,61.0,-956.0,4.98,-9.74,0.8,-1002.8,7,不採用,4.2
ema_cross(EMA5/20),ema_cross,5,15,東京(9-15),月,順方向のみ,直近30分変動大,5,20,54,75.9,10.0,5.0,-15.0,1.051,-75.0,2,29,51.7,-135.0,5.0,-15.0,0.357,-145.0,4,不採用,4.2
ema_cross(EMA5/20),ema_cross,5,8,21時台,火,上昇のみ,ATR低,5,20,10,70.0,11.0,5.0,-8.0,1.458,-11.0,1,7,28.6,-30.0,5.0,-8.0,0.25,-27.0,3,不採用,4.1
ema_cross(EMA5/20),ema_cross,5,10,21時台,火,順方向のみ,ATR低,5,20,13,84.6,35.0,5.0,-10.0,2.75,-10.0,1,6,33.3,-30.0,5.0,-10.0,0.25,-20.0,2,不採用,4.1
ema_cross(EMA5/20),ema_cross,5,5,NY(21-24),金,レンジのみ,直近30分変動大,5,20,46,43.5,-30.0,5.0,-5.0,0.769,-35.0,4,18,22.2,-50.0,5.0,-5.0,0.286,-50.0,6,不採用,4.0
ema_cross(EMA5/20),ema_cross,5,8,21時台,水,順方向のみ,直近30分変動大,5,20,14,57.1,-8.0,5.0,-8.0,0.833,-24.0,3,10,30.0,-41.0,5.0,-8.0,0.268,-46.0,5,不採用,4.0
ema_cross(EMA5/20),ema_cross,5,12,21時台,木,下降のみ,ATR低,5,20,5,80.0,8.0,5.0,-12.0,1.667,-12.0,1,3,33.3,-19.0,5.0,-12.0,0.208,-12.0,2,不採用,4.0
ema_cross(EMA5/20),ema_cross,5,10,9時台,火,なし,ATR高,5,20,20,85.0,55.0,5.0,-10.0,2.833,-10.0,1,9,44.4,-30.0,5.0,-10.0,0.4,-50.0,5,不採用,3.9
ema_cross(EMA5/20),ema_cross,5,5,NY(21-24),火,なし,ATR低,5,20,41,58.5,35.0,5.0,-5.0,1.412,-20.0,4,19,26.3,-45.0,5.0,-5.0,0.357,-40.0,6,不採用,3.8
ema_cross(EMA5/20),ema_cross,5,10,10時台,火,なし,なし,5,20,101,67.3,10.0,5.0,-10.0,1.03,-125.0,5,52,44.2,-175.0,5.0,-10.0,0.397,-185.0,5,不採用,3.8
ema_cross(EMA5/20),ema_cross,5,12,9時台,木,下降のみ,なし,5,20,51,72.5,17.0,5.0,-12.0,1.101,-47.0,3,28,46.4,-115.0,5.0,-12.0,0.361,-113.0,5,不採用,3.8
ema_cross(EMA5/20),ema_cross,5,12,22時台,月,上昇のみ,なし,5,20,40,70.0,38.5,5.0,-8.46,1.379,-23.0,4,17,41.2,-85.0,5.0,-12.0,0.292,-78.0,3,不採用,3.8
ema_cross(EMA5/20),ema_cross,5,5,21時台,金,なし,ATR低,5,20,21,61.9,27.7,5.0,-4.66,1.743,-10.0,2,18,33.3,-30.0,5.0,-5.0,0.5,-55.0,9,不採用,3.6
ema_cross(EMA5/20),ema_cross,5,5,全時間,全曜日,順方向のみ,ATR高,5,20,1405,42.8,-1015.0,5.0,-5.0,0.748,-1050.0,11,478,39.1,-520.0,5.0,-5.0,0.643,-555.0,18,不採用,3.5
ema_cross(EMA5/20),ema_cross,5,10,NY(21-24),火,順方向のみ,ATR低,5,20,16,87.5,50.0,5.0,-10.0,3.5,-10.0,1,8,37.5,-35.0,5.0,-10.0,0.3,-30.0,3,不採用,3.5
ema_cross(EMA5/20),ema_cross,5,15,NY(21-24),金,レンジのみ,直近30分変動大,5,20,44,65.9,-80.0,5.0,-15.0,0.644,-90.0,2,18,44.4,-97.8,5.0,-13.78,0.29,-97.8,6,不採用,3.3
ema_cross(EMA5/20),ema_cross,5,5,16時台,木,順方向のみ,なし,5,20,44,40.9,-40.0,5.0,-5.0,0.692,-60.0,6,18,22.2,-50.0,5.0,-5.0,0.286,-55.0,7,不採用,3.2
ema_cross(EMA5/20),ema_cross,5,8,10時台,火,なし,直近30分変動大,5,20,52,67.3,39.0,5.0,-8.0,1.287,-72.0,4,27,33.3,-99.0,5.0,-8.0,0.312,-91.0,4,不採用,3.2
ema_cross(EMA5/20),ema_cross,5,10,21時台,月,上昇のみ,直近30分変動大,5,20,23,91.3,85.0,5.0,-10.0,5.25,-10.0,1,6,33.3,-30.0,5.0,-10.0,0.25,-20.0,2,不採用,3.2
ema_cross(EMA5/20),ema_cross,5,5,9時台,水,下降のみ,直近30分変動大,5,20,20,50.0,0.0,5.0,-5.0,1.0,-15.0,2,9,22.2,-25.0,5.0,-5.0,0.286,-25.0,6,不採用,3.1
ema_cross(EMA5/20),ema_cross,5,5,NY(21-24),水,順方向のみ,ATR高,5,20,47,38.3,-55.0,5.0,-5.0,0.621,-65.0,8,19,21.1,-55.0,5.0,-5.0,0.267,-55.0,7,不採用,3.0
ema_cross(EMA5/20),ema_cross,5,5,9時台,水,下降のみ,なし,5,20,51,64.7,75.0,5.0,-5.0,1.833,-10.0,2,22,27.3,-50.0,5.0,-5.0,0.375,-55.0,6,不採用,3.0
ema_cross(EMA5/20),ema_cross,5,8,NY(21-24),金,順方向のみ,ATR低,5,20,10,60.0,1.9,5.0,-7.03,1.068,-20.1,3,8,25.0,-38.0,5.0,-8.0,0.208,-43.0,3,不採用,3.0
ema_cross(EMA5/20),ema_cross,5,12,21時台,金,レンジのみ,直近30分変動大,5,20,22,59.1,-43.0,5.0,-12.0,0.602,-48.0,2,7,28.6,-50.0,5.0,-12.0,0.167,-55.0,3,不採用,3.0
ema_cross(EMA5/20),ema_cross,5,15,NY(21-24),木,下降のみ,ATR低,5,20,6,66.7,3.6,5.0,-8.2,1.22,-15.0,1,3,33.3,-25.0,5.0,-15.0,0.167,-15.0,2,不採用,3.0
ema_cross(EMA5/20),ema_cross,5,5,21時台,月,上昇のみ,直近30分変動大,5,20,24,58.3,20.0,5.0,-5.0,1.4,-15.0,2,6,16.7,-20.0,5.0,-5.0,0.2,-15.0,3,不採用,2.8
ema_cross(EMA5/20),ema_cross,5,5,全時間,全曜日,上昇のみ,直近30分変動大,5,20,2044,40.2,-2000.0,5.0,-5.0,0.673,-2040.0,12,986,41.2,-874.2,4.99,-5.0,0.699,-889.2,11,不採用,2.7
ema_cross(EMA5/20),ema_cross,5,5,22時台,金,なし,ATR高,5,20,115,42.6,-85.0,5.0,-5.0,0.742,-95.0,8,36,27.8,-80.0,5.0,-5.0,0.385,-85.0,10,不採用,2.7
ema_cross(EMA5/20),ema_cross,5,10,NY(21-24),金,レンジのみ,直近30分変動大,5,20,46,56.5,-70.0,5.0,-10.0,0.65,-90.0,3,18,33.3,-82.8,5.0,-9.4,0.266,-77.8,6,不採用,2.7
ema_cross(EMA5/20),ema_cross,5,12,21時台,火,順方向のみ,ATR低,5,20,13,84.6,31.0,5.0,-12.0,2.292,-12.0,1,6,33.3,-38.0,5.0,-12.0,0.208,-26.0,2,不採用,2.7
ema_cross(EMA5/20),ema_cross,5,5,16時台,火,上昇のみ,ATR低,5,20,10,80.0,30.0,5.0,-5.0,4.0,-5.0,1,5,20.0,-15.0,5.0,-5.0,0.25,-10.0,3,不採用,2.6
ema_cross(EMA5/20),ema_cross,5,5,21時台,金,上昇のみ,ATR低,5,20,11,81.8,35.0,5.0,-5.0,4.5,-5.0,1,11,27.3,-25.0,5.0,-5.0,0.375,-35.0,5,不採用,2.6
ema_cross(EMA5/20),ema_cross,5,5,21時台,金,順方向のみ,ATR低,5,20,5,80.0,15.0,5.0,-5.0,4.0,-5.0,1,5,20.0,-15.0,5.0,-5.0,0.25,-10.0,3,不採用,2.6
ema_cross(EMA5/20),ema_cross,5,5,9時台,火,上昇のみ,直近30分変動大,5,20,24,54.2,10.0,5.0,-5.0,1.182,-20.0,4,12,25.0,-30.0,5.0,-5.0,0.333,-35.0,7,不採用,2.5
ema_cross(EMA5/20),ema_cross,5,8,9時台,木,下降のみ,なし,5,20,58,69.0,56.0,5.0,-8.0,1.389,-17.0,2,31,35.5,-105.0,5.0,-8.0,0.344,-102.0,5,不採用,2.4
ema_cross(EMA5/20),ema_cross,5,5,22時台,月,順方向のみ,直近30分変動大,5,20,9,66.7,15.0,5.0,-5.0,2.0,-5.0,2,5,20.0,-15.0,5.0,-5.0,0.25,-15.0,4,不採用,2.2
ema_cross(EMA5/20),ema_cross,5,12,東京(9-15),火,順方向のみ,ATR高,5,20,27,63.0,-35.0,5.0,-12.0,0.708,-53.0,2,11,36.4,-64.0,5.0,-12.0,0.238,-79.0,5,不採用,2.2
ema_cross(EMA5/20),ema_cross,5,5,21時台,金,下降のみ,ATR高,5,20,30,40.0,-30.0,5.0,-5.0,0.667,-40.0,5,11,18.2,-35.0,5.0,-5.0,0.222,-30.0,6,不採用,2.1
ema_cross(EMA5/20),ema_cross,5,10,10時台,水,順方向のみ,直近30分変動大,5,20,12,66.7,0.0,5.0,-10.0,1.0,-20.0,2,4,25.0,-25.0,5.0,-10.0,0.167,-20.0,3,不採用,2.1
ema_cross(EMA5/20),ema_cross,5,5,22時台,全曜日,下降のみ,ATR低,5,20,13,46.2,-3.8,4.6,-4.49,0.879,-6.4,2,8,25.0,-24.6,2.7,-5.0,0.18,-19.6,4,不採用,1.9
ema_cross(EMA5/20),ema_cross,5,8,NY(21-24),火,なし,ATR低,5,20,35,68.6,32.0,5.0,-8.0,1.364,-19.0,3,17,29.4,-71.0,5.0,-8.0,0.26,-63.0,4,不採用,1.8
ema_cross(EMA5/20),ema_cross,5,12,NY(21-24),火,順方向のみ,ATR低,5,20,16,87.5,46.0,5.0,-12.0,2.917,-12.0,1,8,37.5,-45.0,5.0,-12.0,0.25,-38.0,3,不採用,1.8
ema_cross(EMA5/20),ema_cross,5,5,9時台,水,上昇のみ,ATR高,5,20,11,36.4,-15.0,5.0,-5.0,0.571,-15.0,3,7,14.3,-25.0,5.0,-5.0,0.167,-20.0,5,不採用,1.7
ema_cross(EMA5/20),ema_cross,5,8,10時台,火,上昇のみ,ATR高,5,20,12,75.0,21.0,5.0,-8.0,1.875,-11.0,1,7,28.6,-30.0,5.0,-8.0,0.25,-35.0,4,不採用,1.7
ema_cross(EMA5/20),ema_cross,5,15,NY(21-24),全曜日,レンジのみ,直近30分変動大,5,20,174,75.3,5.7,4.97,-15.0,1.009,-95.0,3,76,55.3,-279.8,5.0,-14.41,0.429,-285.0,5,不採用,1.4
ema_cross(EMA5/20),ema_cross,5,8,全時間,全曜日,上昇のみ,なし,5,20,4934,56.4,-3208.1,4.99,-7.95,0.812,-3275.3,10,2052,57.3,-1138.2,4.99,-7.98,0.837,-1162.2,8,不採用,1.3
ema_cross(EMA5/20),ema_cross,5,10,NY(21-24),金,順方向のみ,ATR低,5,20,10,60.0,-4.1,5.0,-8.53,0.88,-24.1,3,8,25.0,-50.0,5.0,-10.0,0.167,-55.0,3,不採用,1.3
ema_cross(EMA5/20),ema_cross,5,10,NY(21-24),木,レンジのみ,ATR低,5,20,3,33.3,-15.0,5.0,-10.0,0.25,-10.0,1,6,16.7,-45.0,5.0,-10.0,0.1,-40.0,5,不採用,1.2
ema_cross(EMA5/20),ema_cross,5,10,9時台,水,上昇のみ,ATR高,5,20,10,60.0,-10.0,5.0,-10.0,0.75,-20.0,2,7,28.6,-40.0,5.0,-10.0,0.2,-40.0,5,不採用,1.2
ema_cross(EMA5/20),ema_cross,5,5,9時台,全曜日,下降のみ,なし,5,20,249,56.2,155.0,5.0,-5.0,1.284,-40.0,5,103,35.0,-155.0,5.0,-5.0,0.537,-160.0,12,不採用,1.1
ema_cross(EMA5/20),ema_cross,5,5,21時台,火,順方向のみ,ATR低,5,20,13,76.9,35.0,5.0,-5.0,3.333,-5.0,1,6,16.7,-20.0,5.0,-5.0,0.2,-15.0,3,不採用,1.1
ema_cross(EMA5/20),ema_cross,5,8,9時台,火,なし,ATR高,5,20,22,72.7,32.0,5.0,-8.0,1.667,-19.0,2,11,36.4,-36.0,5.0,-8.0,0.357,-56.0,7,不採用,1.1
ema_cross(EMA5/20),ema_cross,5,15,10時台,火,レンジのみ,直近30分変動大,5,20,13,69.2,-15.0,5.0,-15.0,0.75,-40.0,2,9,33.3,-75.0,5.0,-15.0,0.167,-60.0,3,不採用,1.1
ema_cross(EMA5/20),ema_cross,5,8,9時台,水,順方向のみ,ATR低,5,20,19,57.9,-9.0,5.0,-8.0,0.859,-33.0,3,9,22.2,-46.0,5.0,-8.0,0.179,-38.0,4,不採用,1.0
ema_cross(EMA5/20),ema_cross,5,8,21時台,火,下降のみ,ATR低,5,20,8,87.5,27.0,5.0,-8.0,4.375,-8.0,1,4,25.0,-19.0,5.0,-8.0,0.208,-16.0,3,不採用,1.0
ema_cross(EMA5/20),ema_cross,5,5,10時台,火,なし,なし,5,20,110,46.4,-40.0,5.0,-5.0,0.864,-70.0,7,57,29.8,-115.0,5.0,-5.0,0.425,-125.0,11,不採用,0.9
ema_cross(EMA5/20),ema_cross,5,5,NY(21-24),木,レンジのみ,ATR低,5,20,4,50.0,0.0,5.0,-5.0,1.0,-5.0,1,6,16.7,-20.0,5.0,-5.0,0.2,-20.0,5,不採用,0.8
ema_cross(EMA5/20),ema_cross,5,10,10時台,火,上昇のみ,ATR低,5,20,8,75.0,10.0,5.0,-10.0,1.5,-20.0,2,4,25.0,-25.0,5.0,-10.0,0.167,-30.0,3,不採用,0.8
ema_cross(EMA5/20),ema_cross,5,8,9時台,木,順方向のみ,ATR低,5,20,18,55.6,-14.0,5.0,-8.0,0.781,-35.0,4,6,16.7,-35.0,5.0,-8.0,0.125,-27.0,3,不採用,0.5
ema_cross(EMA5/20),ema_cross,5,8,16時台,木,順方向のみ,直近30分変動大,5,20,14,71.4,18.0,5.0,-8.0,1.562,-19.0,2,8,25.0,-38.0,5.0,-8.0,0.208,-30.0,4,不採用,0.5
ema_cross(EMA5/20),ema_cross,5,5,NY(21-24),火,下降のみ,ATR低,5,20,9,88.9,35.0,5.0,-5.0,8.0,-5.0,1,5,20.0,-15.0,5.0,-5.0,0.25,-15.0,4,不採用,0.4
ema_cross(EMA5/20),ema_cross,5,5,10時台,火,なし,ATR低,5,20,17,52.9,5.0,5.0,-5.0,1.125,-20.0,4,6,16.7,-20.0,5.0,-5.0,0.2,-25.0,5,不採用,0.3
ema_cross(EMA5/20),ema_cross,5,15,9時台,木,下降のみ,ATR高,5,20,10,90.0,30.0,5.0,-15.0,3.0,-15.0,1,6,33.3,-50.0,5.0,-15.0,0.167,-40.0,2,不採用,0.3
ema_cross(EMA5/20),ema_cross,5,5,10時台,火,上昇のみ,直近30分変動大,5,20,23,47.8,-5.0,5.0,-5.0,0.917,-20.0,2,11,18.2,-35.0,5.0,-5.0,0.222,-35.0,6,不採用,0.2
ema_cross(EMA5/20),ema_cross,5,8,16時台,全曜日,順方向のみ,直近30分変動大,5,20,75,65.3,37.0,5.0,-8.0,1.178,-60.0,5,32,37.5,-100.0,5.0,-8.0,0.375,-105.0,8,不採用,0.2
ema_cross(EMA5/20),ema_cross,5,12,NY(21-24),木,レンジのみ,ATR低,5,20,3,33.3,-19.0,5.0,-12.0,0.208,-12.0,1,6,16.7,-55.0,5.0,-12.0,0.083,-48.0,5,不採用,0.2
ema_cross(EMA5/20),ema_cross,5,5,10時台,月,下降のみ,ATR低,5,20,4,25.0,-10.0,5.0,-5.0,0.333,-5.0,2,0,0.0,0.0,0.0,0.0,0.0,0.0,0,不採用,0.0
ema_cross(EMA5/20),ema_cross,5,5,10時台,月,レンジのみ,ATR低,5,20,1,100.0,5.0,5.0,0.0,999.0,0.0,0,0,0.0,0.0,0.0,0.0,0.0,0.0,0,不採用,0.0
ema_cross(EMA5/20),ema_cross,5,5,10時台,月,順方向のみ,ATR低,5,20,4,0.0,-20.0,0.0,-5.0,0.0,-15.0,4,0,0.0,0.0,0.0,0.0,0.0,0.0,0,不採用,0.0
ema_cross(EMA5/20),ema_cross,5,5,10時台,水,下降のみ,ATR低,5,20,8,50.0,0.0,5.0,-5.0,1.0,-10.0,2,0,0.0,0.0,0.0,0.0,0.0,0.0,0,不採用,0.0
ema_cross(EMA5/20),ema_cross,5,5,10時台,金,下降のみ,ATR低,5,20,2,50.0,0.0,5.0,-5.0,1.0,0.0,1,0,0.0,0.0,0.0,0.0,0.0,0.0,0,不採用,0.0
ema_cross(EMA5/20),ema_cross,5,5,10時台,金,順方向のみ,ATR低,5,20,2,50.0,0.0,5.0,-5.0,1.0,0.0,1,0,0.0,0.0,0.0,0.0,0.0,0.0,0,不採用,0.0
ema_cross(EMA5/20),ema_cross,5,5,16時台,全曜日,下降のみ,ATR低,5,20,40,47.5,-10.0,5.0,-5.0,0.905,-45.0,6,0,0.0,0.0,0.0,0.0,0.0,0.0,0,不採用,0.0
ema_cross(EMA5/20),ema_cross,5,5,16時台,月,下降のみ,ATR低,5,20,9,66.7,15.0,5.0,-5.0,2.0,-10.0,2,0,0.0,0.0,0.0,0.0,0.0,0.0,0,不採用,0.0
ema_cross(EMA5/20),ema_cross,5,5,16時台,火,下降のみ,ATR低,5,20,11,18.2,-35.0,5.0,-5.0,0.222,-45.0,9,0,0.0,0.0,0.0,0.0,0.0,0.0,0,不採用,0.0
ema_cross(EMA5/20),ema_cross,5,5,16時台,水,下降のみ,ATR低,5,20,7,28.6,-15.0,5.0,-5.0,0.4,-20.0,4,0,0.0,0.0,0.0,0.0,0.0,0.0,0,不採用,0.0
ema_cross(EMA5/20),ema_cross,5,5,16時台,木,下降のみ,ATR低,5,20,6,83.3,20.0,5.0,-5.0,5.0,-5.0,1,0,0.0,0.0,0.0,0.0,0.0,0.0,0,不採用,0.0
ema_cross(EMA5/20),ema_cross,5,5,16時台,木,順方向のみ,ATR低,5,20,5,60.0,5.0,5.0,-5.0,1.5,-5.0,1,0,0.0,0.0,0.0,0.0,0.0,0.0,0,不採用,0.0
ema_cross(EMA5/20),ema_cross,5,5,16時台,金,下降のみ,ATR低,5,20,7,57.1,5.0,5.0,-5.0,1.333,-10.0,2,0,0.0,0.0,0.0,0.0,0.0,0.0,0,不採用,0.0
ema_cross(EMA5/20),ema_cross,5,5,21時台,水,レンジのみ,ATR高,5,20,8,50.0,0.0,5.0,-5.0,1.0,-10.0,2,0,0.0,0.0,0.0,0.0,0.0,0.0,0,不採用,0.0
ema_cross(EMA5/20),ema_cross,5,5,22時台,水,下降のみ,ATR低,5,20,2,50.0,0.0,5.0,-5.0,1.0,-5.0,1,0,0.0,0.0,0.0,0.0,0.0,0.0,0,不採用,0.0
ema_cross(EMA5/20),ema_cross,5,5,22時台,木,下降のみ,ATR低,5,20,3,33.3,-1.4,5.0,-3.2,0.781,-5.0,2,0,0.0,0.0,0.0,0.0,0.0,0.0,0,不採用,0.0
ema_cross(EMA5/20),ema_cross,5,8,10時台,月,下降のみ,ATR低,5,20,2,100.0,10.0,5.0,0.0,999.0,0.0,0,0,0.0,0.0,0.0,0.0,0.0,0.0,0,不採用,0.0
ema_cross(EMA5/20),ema_cross,5,8,10時台,月,レンジのみ,ATR低,5,20,1,100.0,5.0,5.0,0.0,999.0,0.0,0,0,0.0,0.0,0.0,0.0,0.0,0.0,0,不採用,0.0
ema_cross(EMA5/20),ema_cross,5,8,10時台,月,順方向のみ,ATR低,5,20,4,25.0,-19.0,5.0,-8.0,0.208,-24.0,3,0,0.0,0.0,0.0,0.0,0.0,0.0,0,不採用,0.0
ema_cross(EMA5/20),ema_cross,5,8,10時台,水,下降のみ,ATR低,5,20,8,75.0,14.0,5.0,-8.0,1.875,-8.0,1,0,0.0,0.0,0.0,0.0,0.0,0.0,0,不採用,0.0
ema_cross(EMA5/20),ema_cross,5,8,10時台,金,下降のみ,ATR低,5,20,2,50.0,-3.0,5.0,-8.0,0.625,0.0,1,0,0.0,0.0,0.0,0.0,0.0,0.0,0,不採用,0.0
ema_cross(EMA5/20),ema_cross,5,8,10時台,金,順方向のみ,ATR低,5,20,2,50.0,-3.0,5.0,-8.0,0.625,0.0,1,0,0.0,0.0,0.0,0.0,0.0,0.0,0,不採用,0.0
ema_cross(EMA5/20),ema_cross,5,8,16時台,全曜日,下降のみ,ATR低,5,20,35,65.7,19.0,5.0,-8.0,1.198,-39.0,3,0,0.0,0.0,0.0,0.0,0.0,0.0,0,不採用,0.0
ema_cross(EMA5/20),ema_cross,5,8,16時台,月,下降のみ,ATR低,5,20,7,71.4,9.0,5.0,-8.0,1.562,-8.0,1,0,0.0,0.0,0.0,0.0,0.0,0.0,0,不採用,0.0
ema_cross(EMA5/20),ema_cross,5,8,16時台,火,下降のみ,ATR低,5,20,10,50.0,-15.0,5.0,-8.0,0.625,-32.0,4,0,0.0,0.0,0.0,0.0,0.0,0.0,0,不採用,0.0
ema_cross(EMA5/20),ema_cross,5,8,16時台,水,下降のみ,ATR低,5,20,7,42.9,-17.0,5.0,-8.0,0.469,-32.0,4,0,0.0,0.0,0.0,0.0,0.0,0.0,0,不採用,0.0
ema_cross(EMA5/20),ema_cross,5,8,16時台,木,下降のみ,ATR低,5,20,6,100.0,30.0,5.0,0.0,999.0,0.0,0,0,0.0,0.0,0.0,0.0,0.0,0.0,0,不採用,0.0
ema_cross(EMA5/20),ema_cross,5,8,16時台,木,順方向のみ,ATR低,5,20,5,60.0,-1.0,5.0,-8.0,0.938,-11.0,1,0,0.0,0.0,0.0,0.0,0.0,0.0,0,不採用,0.0
ema_cross(EMA5/20),ema_cross,5,8,16時台,金,下降のみ,ATR低,5,20,5,80.0,12.0,5.0,-8.0,2.5,0.0,1,0,0.0,0.0,0.0,0.0,0.0,0.0,0,不採用,0.0
ema_cross(EMA5/20),ema_cross,5,8,21時台,水,レンジのみ,ATR高,5,20,8,50.0,-12.0,5.0,-8.0,0.625,-16.0,2,0,0.0,0.0,0.0,0.0,0.0,0.0,0,不採用,0.0
ema_cross(EMA5/20),ema_cross,5,8,22時台,水,下降のみ,ATR低,5,20,2,100.0,10.0,5.0,0.0,999.0,0.0,0,0,0.0,0.0,0.0,0.0,0.0,0.0,0,不採用,0.0
ema_cross(EMA5/20),ema_cross,5,8,22時台,木,下降のみ,ATR低,5,20,2,0.0,-9.4,0.0,-4.7,0.0,-8.0,2,0,0.0,0.0,0.0,0.0,0.0,0.0,0,不採用,0.0
ema_cross(EMA5/20),ema_cross,5,10,10時台,月,下降のみ,ATR低,5,20,2,100.0,10.0,5.0,0.0,999.0,0.0,0,0,0.0,0.0,0.0,0.0,0.0,0.0,0,不採用,0.0
ema_cross(EMA5/20),ema_cross,5,10,10時台,月,レンジのみ,ATR低,5,20,1,100.0,5.0,5.0,0.0,999.0,0.0,0,0,0.0,0.0,0.0,0.0,0.0,0.0,0,不採用,0.0
ema_cross(EMA5/20),ema_cross,5,10,10時台,月,順方向のみ,ATR低,5,20,4,50.0,-10.0,5.0,-10.0,0.5,-15.0,1,0,0.0,0.0,0.0,0.0,0.0,0.0,0,不採用,0.0
ema_cross(EMA5/20),ema_cross,5,10,10時台,水,下降のみ,ATR低,5,20,8,75.0,10.0,5.0,-10.0,1.5,-10.0,1,0,0.0,0.0,0.0,0.0,0.0,0.0,0,不採用,0.0
ema_cross(EMA5/20),ema_cross,5,10,10時台,金,下降のみ,ATR低,5,20,2,50.0,-5.0,5.0,-10.0,0.5,0.0,1,0,0.0,0.0,0.0,0.0,0.0,0.0,0,不採用,0.0
ema_cross(EMA5/20),ema_cross,5,10,10時台,金,順方向のみ,ATR低,5,20,2,50.0,-5.0,5.0,-10.0,0.5,0.0,1,0,0.0,0.0,0.0,0.0,0.0,0.0,0,不採用,0.0
ema_cross(EMA5/20),ema_cross,5,10,16時台,全曜日,下降のみ,ATR低,5,20,33,75.8,45.0,5.0,-10.0,1.562,-30.0,2,0,0.0,0.0,0.0,0.0,0.0,0.0,0,不採用,0.0
ema_cross(EMA5/20),ema_cross,5,10,16時台,月,下降のみ,ATR低,5,20,7,85.7,20.0,5.0,-10.0,3.0,-10.0,1,0,0.0,0.0,0.0,0.0,0.0,0.0,0,不採用,0.0
ema_cross(EMA5/20),ema_cross,5,10,16時台,火,下降のみ,ATR低,5,20,8,75.0,10.0,5.0,-10.0,1.5,-10.0,1,0,0.0,0.0,0.0,0.0,0.0,0.0,0,不採用,0.0
ema_cross(EMA5/20),ema_cross,5,10,16時台,水,下降のみ,ATR低,5,20,7,42.9,-25.0,5.0,-10.0,0.375,-40.0,4,0,0.0,0.0,0.0,0.0,0.0,0.0,0,不採用,0.0
ema_cross(EMA5/20),ema_cross,5,10,16時台,木,下降のみ,ATR低,5,20,6,100.0,30.0,5.0,0.0,999.0,0.0,0,0,0.0,0.0,0.0,0.0,0.0,0.0,0,不採用,0.0
ema_cross(EMA5/20),ema_cross,5,10,16時台,木,順方向のみ,ATR低,5,20,5,60.0,-5.0,5.0,-10.0,0.75,-15.0,1,0,0.0,0.0,0.0,0.0,0.0,0.0,0,不採用,0.0
ema_cross(EMA5/20),ema_cross,5,10,16時台,金,下降のみ,ATR低,5,20,5,80.0,10.0,5.0,-10.0,2.0,0.0,1,0,0.0,0.0,0.0,0.0,0.0,0.0,0,不採用,0.0
ema_cross(EMA5/20),ema_cross,5,10,21時台,水,レンジのみ,ATR高,5,20,8,50.0,-20.0,5.0,-10.0,0.5,-20.0,2,0,0.0,0.0,0.0,0.0,0.0,0.0,0,不採用,0.0
ema_cross(EMA5/20),ema_cross,5,10,22時台,水,下降のみ,ATR低,5,20,2,100.0,10.0,5.0,0.0,999.0,0.0,0,0,0.0,0.0,0.0,0.0,0.0,0.0,0,不採用,0.0
ema_cross(EMA5/20),ema_cross,5,10,22時台,木,下降のみ,ATR低,5,20,2,0.0,-11.4,0.0,-5.7,0.0,-10.0,2,0,0.0,0.0,0.0,0.0,0.0,0.0,0,不採用,0.0
ema_cross(EMA5/20),ema_cross,5,12,10時台,月,下降のみ,ATR低,5,20,2,100.0,10.0,5.0,0.0,999.0,0.0,0,0,0.0,0.0,0.0,0.0,0.0,0.0,0,不採用,0.0
ema_cross(EMA5/20),ema_cross,5,12,10時台,月,レンジのみ,ATR低,5,20,1,100.0,5.0,5.0,0.0,999.0,0.0,0,0,0.0,0.0,0.0,0.0,0.0,0.0,0,不採用,0.0
ema_cross(EMA5/20),ema_cross,5,12,10時台,月,順方向のみ,ATR低,5,20,4,50.0,-14.0,5.0,-12.0,0.417,-19.0,1,0,0.0,0.0,0.0,0.0,0.0,0.0,0,不採用,0.0
ema_cross(EMA5/20),ema_cross,5,12,10時台,水,下降のみ,ATR低,5,20,8,75.0,6.0,5.0,-12.0,1.25,-12.0,1,0,0.0,0.0,0.0,0.0,0.0,0.0,0,不採用,0.0
ema_cross(EMA5/20),ema_cross,5,12,10時台,水,順方向のみ,直近30分変動大,5,20,12,75.0,9.0,5.0,-12.0,1.25,-24.0,2,4,25.0,-31.0,5.0,-12.0,0.139,-24.0,3,不採用,-0.0
ema_cross(EMA5/20),ema_cross,5,12,10時台,金,下降のみ,ATR低,5,20,2,50.0,0.9,5.0,-4.1,1.22,0.0,1,0,0.0,0.0,0.0,0.0,0.0,0.0,0,不採用,0.0
ema_cross(EMA5/20),ema_cross,5,12,10時台,金,順方向のみ,ATR低,5,20,2,50.0,0.9,5.0,-4.1,1.22,0.0,1,0,0.0,0.0,0.0,0.0,0.0,0.0,0,不採用,0.0
ema_cross(EMA5/20),ema_cross,5,12,16時台,全曜日,下降のみ,ATR低,5,20,32,87.5,92.0,5.0,-12.0,2.917,-12.0,1,0,0.0,0.0,0.0,0.0,0.0,0.0,0,不採用,0.0
ema_cross(EMA5/20),ema_cross,5,12,16時台,月,下降のみ,ATR低,5,20,7,85.7,18.0,5.0,-12.0,2.5,-12.0,1,0,0.0,0.0,0.0,0.0,0.0,0.0,0,不採用,0.0
ema_cross(EMA5/20),ema_cross,5,12,16時台,火,下降のみ,ATR低,5,20,8,75.0,6.0,5.0,-12.0,1.25,-14.0,1,0,0.0,0.0,0.0,0.0,0.0,0.0,0,不採用,0.0
ema_cross(EMA5/20),ema_cross,5,12,16時台,水,下降のみ,ATR低,5,20,6,83.3,13.0,5.0,-12.0,2.083,-12.0,1,0,0.0,0.0,0.0,0.0,0.0,0.0,0,不採用,0.0
ema_cross(EMA5/20),ema_cross,5,12,16時台,木,下降のみ,ATR低,5,20,6,100.0,30.0,5.0,0.0,999.0,0.0,0,0,0.0,0.0,0.0,0.0,0.0,0.0,0,不採用,0.0
ema_cross(EMA5/20),ema_cross,5,12,16時台,木,順方向のみ,ATR低,5,20,5,100.0,25.0,5.0,0.0,999.0,0.0,0,0,0.0,0.0,0.0,0.0,0.0,0.0,0,不採用,0.0
ema_cross(EMA5/20),ema_cross,5,12,16時台,金,下降のみ,ATR低,5,20,5,100.0,25.0,5.0,0.0,999.0,0.0,0,0,0.0,0.0,0.0,0.0,0.0,0.0,0,不採用,0.0
ema_cross(EMA5/20),ema_cross,5,12,21時台,水,レンジのみ,ATR高,5,20,8,50.0,-28.0,5.0,-12.0,0.417,-26.0,2,0,0.0,0.0,0.0,0.0,0.0,0.0,0,不採用,0.0
ema_cross(EMA5/20),ema_cross,5,12,22時台,水,下降のみ,ATR低,5,20,2,100.0,10.0,5.0,0.0,999.0,0.0,0,0,0.0,0.0,0.0,0.0,0.0,0.0,0,不採用,0.0
ema_cross(EMA5/20),ema_cross,5,12,22時台,木,下降のみ,ATR低,5,20,2,0.0,-13.4,0.0,-6.7,0.0,-12.0,2,0,0.0,0.0,0.0,0.0,0.0,0.0,0,不採用,0.0
ema_cross(EMA5/20),ema_cross,5,15,10時台,月,下降のみ,ATR低,5,20,2,100.0,10.0,5.0,0.0,999.0,0.0,0,0,0.0,0.0,0.0,0.0,0.0,0.0,0,不採用,0.0
ema_cross(EMA5/20),ema_cross,5,15,10時台,月,レンジのみ,ATR低,5,20,1,100.0,5.0,5.0,0.0,999.0,0.0,0,0,0.0,0.0,0.0,0.0,0.0,0.0,0,不採用,0.0
ema_cross(EMA5/20),ema_cross,5,15,10時台,月,順方向のみ,ATR低,5,20,4,75.0,0.0,5.0,-15.0,1.0,-15.0,1,0,0.0,0.0,0.0,0.0,0.0,0.0,0,不採用,0.0
ema_cross(EMA5/20),ema_cross,5,15,10時台,水,下降のみ,ATR低,5,20,8,75.0,0.0,5.0,-15.0,1.0,-15.0,1,0,0.0,0.0,0.0,0.0,0.0,0.0,0,不採用,0.0
ema_cross(EMA5/20),ema_cross,5,5,全時間,金,なし,なし,5,20,2980,44.7,-1567.3,5.0,-5.0,0.81,-1567.3,13,1233,42.6,-915.0,5.0,-5.0,0.742,-975.0,10,不採用,-0.1
ema_cross(EMA5/20),ema_cross,5,5,NY(21-24),全曜日,下降のみ,ATR低,5,20,41,43.9,-18.7,5.0,-4.73,0.828,-25.0,3,20,30.0,-44.6,4.23,-5.0,0.363,-55.0,11,不採用,-0.1
ema_cross(EMA5/20),ema_cross,5,15,9時台,水,順方向のみ,ATR低,5,20,19,73.7,-5.0,5.0,-15.0,0.933,-30.0,2,9,33.3,-75.0,5.0,-15.0,0.167,-80.0,3,不採用,-0.1
ema_cross(EMA5/20),ema_cross,5,5,16時台,水,順方向のみ,直近30分変動大,5,20,14,57.1,10.0,5.0,-5.0,1.333,-20.0,5,6,16.7,-20.0,5.0,-5.0,0.2,-20.0,5,不採用,-0.2
ema_cross(EMA5/20),ema_cross,5,8,10時台,火,上昇のみ,直近30分変動大,5,20,23,69.6,24.0,5.0,-8.0,1.429,-28.0,2,11,27.3,-49.0,5.0,-8.0,0.234,-46.0,5,不採用,-0.2
ema_cross(EMA5/20),ema_cross,5,12,10時台,火,上昇のみ,ATR低,5,20,8,75.0,6.0,5.0,-12.0,1.25,-24.0,2,4,25.0,-31.0,5.0,-12.0,0.139,-36.0,3,不採用,-0.3
ema_cross(EMA5/20),ema_cross,5,8,9時台,全曜日,下降のみ,なし,5,20,235,67.7,187.0,5.0,-8.0,1.308,-51.0,5,102,46.1,-205.0,5.0,-8.0,0.534,-219.0,11,不採用,-0.4
ema_cross(EMA5/20),ema_cross,5,10,9時台,水,下降のみ,ATR低,5,20,17,88.2,55.0,5.0,-10.0,3.75,-10.0,1,4,25.0,-25.0,5.0,-10.0,0.167,-20.0,3,不採用,-0.4
ema_cross(EMA5/20),ema_cross,5,10,10時台,火,なし,直近30分変動大,5,20,52,69.2,20.0,5.0,-10.0,1.125,-100.0,4,27,33.3,-135.0,5.0,-10.0,0.25,-125.0,4,不採用,-0.5
ema_cross(EMA5/20),ema_cross,5,10,10時台,火,上昇のみ,なし,5,20,42,69.0,15.0,5.0,-10.0,1.115,-60.0,3,24,37.5,-105.0,5.0,-10.0,0.3,-120.0,6,不採用,-0.5
ema_cross(EMA5/20),ema_cross,5,15,全時間,全曜日,順方向のみ,なし,5,20,3832,71.9,-1754.1,4.98,-14.39,0.887,-1890.4,5,1534,70.1,-1276.3,4.99,-14.51,0.808,-1325.1,5,不採用,-0.6
ema_cross(EMA5/20),ema_cross,5,15,10時台,火,順方向のみ,ATR高,5,20,7,71.4,-5.0,5.0,-15.0,0.833,-20.0,1,4,25.0,-40.0,5.0,-15.0,0.111,-30.0,3,不採用,-0.7
ema_cross(EMA5/20),ema_cross,5,5,全時間,全曜日,なし,ATR高,5,20,4812,42.9,-3437.1,5.0,-5.0,0.75,-3452.1,10,1667,43.6,-1069.3,4.99,-5.0,0.772,-1114.3,9,不採用,-0.9
ema_cross(EMA5/20),ema_cross,5,15,NY(21-24),火,順方向のみ,ATR低,5,20,16,93.8,60.0,5.0,-15.0,5.0,-15.0,1,8,37.5,-60.0,5.0,-15.0,0.2,-50.0,3,不採用,-1.1
ema_cross(EMA5/20),ema_cross,5,15,10時台,水,順方向のみ,直近30分変動大,5,20,12,75.0,0.0,5.0,-15.0,1.0,-30.0,2,4,25.0,-40.0,5.0,-15.0,0.111,-30.0,3,不採用,-1.1
ema_cross(EMA5/20),ema_cross,5,5,16時台,金,下降のみ,直近30分変動大,5,20,30,53.3,10.0,5.0,-5.0,1.143,-15.0,2,7,14.3,-25.0,5.0,-5.0,0.167,-20.0,5,不採用,-1.2
ema_cross(EMA5/20),ema_cross,5,10,10時台,火,上昇のみ,ATR高,5,20,12,83.3,30.0,5.0,-10.0,2.5,-10.0,1,7,28.6,-40.0,5.0,-10.0,0.2,-45.0,4,不採用,-1.2
ema_cross(EMA5/20),ema_cross,5,10,9時台,水,順方向のみ,ATR低,5,20,19,63.2,-10.0,5.0,-10.0,0.857,-30.0,2,9,22.2,-60.0,5.0,-10.0,0.143,-50.0,4,不採用,-1.4
ema_cross(EMA5/20),ema_cross,5,15,10時台,火,上昇のみ,ATR低,5,20,8,75.0,0.0,5.0,-15.0,1.0,-30.0,2,4,25.0,-40.0,5.0,-15.0,0.111,-45.0,3,不採用,-1.4
ema_cross(EMA5/20),ema_cross,5,5,22時台,月,順方向のみ,なし,5,20,36,61.1,40.8,4.89,-4.77,1.611,-25.0,5,14,21.4,-40.0,5.0,-5.0,0.273,-35.0,7,不採用,-1.5
ema_cross(EMA5/20),ema_cross,5,8,21時台,金,順方向のみ,ATR低,5,20,5,100.0,25.0,5.0,0.0,999.0,0.0,0,5,20.0,-27.0,5.0,-8.0,0.156,-19.0,3,不採用,-1.5
ema_cross(EMA5/20),ema_cross,5,5,NY(21-24),月,上昇のみ,直近30分変動大,5,20,42,47.6,-10.0,5.0,-5.0,0.909,-45.0,7,15,20.0,-45.0,5.0,-5.0,0.25,-40.0,8,不採用,-1.6
ema_cross(EMA5/20),ema_cross,5,5,9時台,火,上昇のみ,ATR高,5,20,3,66.7,5.0,5.0,-5.0,2.0,-5.0,1,1,0.0,-5.0,0.0,-5.0,0.0,0.0,1,不採用,-1.6
ema_cross(EMA5/20),ema_cross,5,5,9時台,金,順方向のみ,直近30分変動大,5,20,13,38.5,-15.0,5.0,-5.0,0.625,-15.0,2,1,0.0,-5.0,0.0,-5.0,0.0,0.0,1,不採用,-1.6
ema_cross(EMA5/20),ema_cross,5,5,10時台,火,レンジのみ,ATR低,5,20,5,80.0,15.0,5.0,-5.0,4.0,-5.0,1,1,0.0,-5.0,0.0,-5.0,0.0,0.0,1,不採用,-1.6
ema_cross(EMA5/20),ema_cross,5,5,10時台,木,レンジのみ,ATR低,5,20,6,33.3,-10.0,5.0,-5.0,0.5,-20.0,4,1,0.0,-5.0,0.0,-5.0,0.0,0.0,1,不採用,-1.6
ema_cross(EMA5/20),ema_cross,5,5,16時台,金,順方向のみ,直近30分変動大,5,20,20,45.0,-10.0,5.0,-5.0,0.818,-25.0,5,1,0.0,-5.0,0.0,-5.0,0.0,0.0,1,不採用,-1.6
ema_cross(EMA5/20),ema_cross,5,5,21時台,月,レンジのみ,ATR高,5,20,8,50.0,0.0,5.0,-5.0,1.0,-10.0,2,1,0.0,-5.0,0.0,-5.0,0.0,0.0,1,不採用,-1.6
ema_cross(EMA5/20),ema_cross,5,5,21時台,火,順方向のみ,ATR高,5,20,19,47.4,-5.0,5.0,-5.0,0.9,-25.0,3,1,0.0,-5.0,0.0,-5.0,0.0,0.0,1,不採用,-1.6
ema_cross(EMA5/20),ema_cross,5,5,21時台,金,上昇のみ,ATR高,5,20,37,32.4,-65.0,5.0,-5.0,0.48,-75.0,5,1,0.0,-5.0,0.0,-5.0,0.0,0.0,1,不採用,-1.6
ema_cross(EMA5/20),ema_cross,5,5,22時台,火,下降のみ,ATR低,5,20,1,100.0,5.0,5.0,0.0,999.0,0.0,0,1,0.0,-5.0,0.0,-5.0,0.0,0.0,1,不採用,-1.6
ema_cross(EMA5/20),ema_cross,5,5,22時台,火,レンジのみ,ATR低,5,20,3,33.3,-5.0,5.0,-5.0,0.5,-5.0,2,1,0.0,-5.0,0.0,-5.0,0.0,0.0,1,不採用,-1.6
ema_cross(EMA5/20),ema_cross,5,8,9時台,水,上昇のみ,ATR高,5,20,10,40.0,-28.0,5.0,-8.0,0.417,-27.0,2,7,14.3,-43.0,5.0,-8.0,0.104,-35.0,5,不採用,-1.6
ema_cross(EMA5/20),ema_cross,5,8,9時台,火,上昇のみ,ATR高,5,20,3,66.7,2.0,5.0,-8.0,1.25,-8.0,1,1,0.0,-8.0,0.0,-8.0,0.0,0.0,1,不採用,-1.7
ema_cross(EMA5/20),ema_cross,5,8,9時台,金,順方向のみ,直近30分変動大,5,20,13,46.2,-26.0,5.0,-8.0,0.536,-30.0,2,1,0.0,-8.0,0.0,-8.0,0.0,0.0,1,不採用,-1.7
ema_cross(EMA5/20),ema_cross,5,8,10時台,火,レンジのみ,ATR低,5,20,5,80.0,12.0,5.0,-8.0,2.5,-8.0,1,1,0.0,-8.0,0.0,-8.0,0.0,0.0,1,不採用,-1.7
ema_cross(EMA5/20),ema_cross,5,8,10時台,木,レンジのみ,ATR低,5,20,5,20.0,-27.0,5.0,-8.0,0.156,-32.0,4,1,0.0,-8.0,0.0,-8.0,0.0,0.0,1,不採用,-1.7
ema_cross(EMA5/20),ema_cross,5,8,16時台,金,順方向のみ,直近30分変動大,5,20,20,60.0,-4.0,5.0,-8.0,0.938,-27.0,2,1,0.0,-8.0,0.0,-8.0,0.0,0.0,1,不採用,-1.7
ema_cross(EMA5/20),ema_cross,5,8,21時台,月,レンジのみ,ATR高,5,20,8,50.0,-12.0,5.0,-8.0,0.625,-16.0,2,1,0.0,-8.0,0.0,-8.0,0.0,0.0,1,不採用,-1.7
ema_cross(EMA5/20),ema_cross,5,8,21時台,火,順方向のみ,ATR高,5,20,19,52.6,-18.0,5.0,-7.56,0.735,-32.0,3,1,0.0,-8.0,0.0,-8.0,0.0,0.0,1,不採用,-1.7
ema_cross(EMA5/20),ema_cross,5,8,21時台,金,上昇のみ,ATR高,5,20,32,53.1,-35.0,5.0,-8.0,0.708,-65.0,5,1,0.0,-8.0,0.0,-8.0,0.0,0.0,1,不採用,-1.7
ema_cross(EMA5/20),ema_cross,5,8,22時台,火,下降のみ,ATR低,5,20,1,100.0,5.0,5.0,0.0,999.0,0.0,0,1,0.0,-8.0,0.0,-8.0,0.0,0.0,1,不採用,-1.7
ema_cross(EMA5/20),ema_cross,5,8,22時台,火,レンジのみ,ATR低,5,20,3,66.7,2.0,5.0,-8.0,1.25,0.0,1,1,0.0,-8.0,0.0,-8.0,0.0,0.0,1,不採用,-1.7
ema_cross(EMA5/20),ema_cross,5,8,NY(21-24),木,レンジのみ,ATR低,5,20,4,50.0,-6.0,5.0,-8.0,0.625,-8.0,1,6,16.7,-35.0,5.0,-8.0,0.125,-32.0,5,不採用,-1.8
ema_cross(EMA5/20),ema_cross,5,10,9時台,火,上昇のみ,ATR高,5,20,3,66.7,0.0,5.0,-10.0,1.0,-10.0,1,1,0.0,-10.0,0.0,-10.0,0.0,0.0,1,不採用,-1.8
ema_cross(EMA5/20),ema_cross,5,10,9時台,火,順方向のみ,ATR高,5,20,3,66.7,0.0,5.0,-10.0,1.0,0.0,1,1,0.0,-10.0,0.0,-10.0,0.0,0.0,1,不採用,-1.8
ema_cross(EMA5/20),ema_cross,5,10,9時台,金,順方向のみ,直近30分変動大,5,20,13,46.2,-40.0,5.0,-10.0,0.429,-40.0,2,1,0.0,-10.0,0.0,-10.0,0.0,0.0,1,不採用,-1.8
ema_cross(EMA5/20),ema_cross,5,10,10時台,木,レンジのみ,ATR低,5,20,5,40.0,-20.0,5.0,-10.0,0.333,-30.0,3,1,0.0,-10.0,0.0,-10.0,0.0,0.0,1,不採用,-1.8
ema_cross(EMA5/20),ema_cross,5,10,16時台,金,順方向のみ,直近30分変動大,5,20,20,65.0,-5.0,5.0,-10.0,0.929,-25.0,2,1,0.0,-10.0,0.0,-10.0,0.0,0.0,1,不採用,-1.8
ema_cross(EMA5/20),ema_cross,5,10,21時台,火,順方向のみ,ATR高,5,20,19,57.9,-19.0,5.0,-9.25,0.743,-29.0,2,1,0.0,-10.0,0.0,-10.0,0.0,0.0,1,不採用,-1.8
ema_cross(EMA5/20),ema_cross,5,10,21時台,金,上昇のみ,ATR高,5,20,30,53.3,-60.0,5.0,-10.0,0.571,-90.0,4,1,0.0,-10.0,0.0,-10.0,0.0,0.0,1,不採用,-1.8
ema_cross(EMA5/20),ema_cross,5,10,22時台,月,レンジのみ,ATR低,5,20,3,33.3,-10.4,1.3,-5.85,0.111,-10.0,2,1,0.0,-10.0,0.0,-10.0,0.0,0.0,1,不採用,-1.8
ema_cross(EMA5/20),ema_cross,5,10,22時台,火,下降のみ,ATR低,5,20,1,100.0,5.0,5.0,0.0,999.0,0.0,0,1,0.0,-10.0,0.0,-10.0,0.0,0.0,1,不採用,-1.8
ema_cross(EMA5/20),ema_cross,5,10,22時台,火,レンジのみ,ATR低,5,20,3,66.7,0.0,5.0,-10.0,1.0,0.0,1,1,0.0,-10.0,0.0,-10.0,0.0,0.0,1,不採用,-1.8
ema_cross(EMA5/20),ema_cross,5,12,9時台,月,下降のみ,ATR低,5,20,3,66.7,-2.0,5.0,-12.0,0.833,0.0,1,1,0.0,-12.0,0.0,-12.0,0.0,0.0,1,不採用,-1.8
ema_cross(EMA5/20),ema_cross,5,12,9時台,火,上昇のみ,ATR高,5,20,3,66.7,-2.0,5.0,-12.0,0.833,-12.0,1,1,0.0,-12.0,0.0,-12.0,0.0,0.0,1,不採用,-1.8
ema_cross(EMA5/20),ema_cross,5,12,9時台,火,順方向のみ,ATR高,5,20,3,66.7,-2.0,5.0,-12.0,0.833,0.0,1,1,0.0,-12.0,0.0,-12.0,0.0,0.0,1,不採用,-1.8
ema_cross(EMA5/20),ema_cross,5,12,9時台,水,下降のみ,ATR低,5,20,17,94.1,68.0,5.0,-12.0,6.667,-12.0,1,4,25.0,-31.0,5.0,-12.0,0.139,-24.0,3,不採用,-1.8
ema_cross(EMA5/20),ema_cross,5,12,9時台,金,順方向のみ,直近30分変動大,5,20,13,46.2,-54.0,5.0,-12.0,0.357,-50.0,2,1,0.0,-12.0,0.0,-12.0,0.0,0.0,1,不採用,-1.8
ema_cross(EMA5/20),ema_cross,5,12,10時台,木,レンジのみ,ATR低,5,20,4,25.0,-31.0,5.0,-12.0,0.139,-36.0,3,1,0.0,-12.0,0.0,-12.0,0.0,0.0,1,不採用,-1.8
ema_cross(EMA5/20),ema_cross,5,12,16時台,金,順方向のみ,直近30分変動大,5,20,19,68.4,-7.0,5.0,-12.0,0.903,-31.0,2,1,0.0,-12.0,0.0,-12.0,0.0,0.0,1,不採用,-1.8
ema_cross(EMA5/20),ema_cross,5,12,21時台,火,順方向のみ,ATR高,5,20,19,63.2,-16.0,5.0,-10.86,0.789,-30.0,2,1,0.0,-12.0,0.0,-12.0,0.0,0.0,1,不採用,-1.8
ema_cross(EMA5/20),ema_cross,5,12,21時台,金,上昇のみ,ATR高,5,20,30,66.7,-20.0,5.0,-12.0,0.833,-80.0,4,1,0.0,-12.0,0.0,-12.0,0.0,0.0,1,不採用,-1.8
ema_cross(EMA5/20),ema_cross,5,12,22時台,月,レンジのみ,ATR低,5,20,3,33.3,-9.1,1.3,-5.2,0.125,-8.7,2,1,0.0,-12.0,0.0,-12.0,0.0,0.0,1,不採用,-1.8
ema_cross(EMA5/20),ema_cross,5,12,22時台,火,下降のみ,ATR低,5,20,1,100.0,5.0,5.0,0.0,999.0,0.0,0,1,0.0,-12.0,0.0,-12.0,0.0,0.0,1,不採用,-1.8
ema_cross(EMA5/20),ema_cross,5,12,22時台,火,レンジのみ,ATR低,5,20,3,66.7,-2.0,5.0,-12.0,0.833,0.0,1,1,0.0,-12.0,0.0,-12.0,0.0,0.0,1,不採用,-1.8
ema_cross(EMA5/20),ema_cross,5,8,10時台,火,レンジのみ,直近30分変動大,5,20,13,69.2,13.0,5.0,-8.0,1.406,-19.0,2,10,20.0,-54.0,5.0,-8.0,0.156,-46.0,4,不採用,-1.9
ema_cross(EMA5/20),ema_cross,5,15,9時台,月,下降のみ,ATR低,5,20,3,66.7,-5.0,5.0,-15.0,0.667,0.0,1,1,0.0,-15.0,0.0,-15.0,0.0,0.0,1,不採用,-1.9
ema_cross(EMA5/20),ema_cross,5,15,9時台,火,順方向のみ,ATR高,5,20,3,66.7,-5.0,5.0,-15.0,0.667,0.0,1,1,0.0,-15.0,0.0,-15.0,0.0,0.0,1,不採用,-1.9
ema_cross(EMA5/20),ema_cross,5,5,9時台,水,順方向のみ,ATR低,5,20,20,55.0,10.0,5.0,-5.0,1.222,-15.0,3,9,11.1,-35.0,5.0,-5.0,0.125,-30.0,4,不採用,-2.0
ema_cross(EMA5/20),ema_cross,5,12,10時台,火,レンジのみ,直近30分変動大,5,20,13,69.2,-3.0,5.0,-12.0,0.938,-31.0,2,9,22.2,-74.0,5.0,-12.0,0.119,-62.0,3,不採用,-2.0
ema_cross(EMA5/20),ema_cross,5,5,全時間,全曜日,下降のみ,なし,5,20,4755,46.1,-1829.0,4.99,-4.99,0.857,-1879.0,10,1947,44.5,-1073.0,4.99,-4.99,0.801,-1127.9,9,不採用,-2.3
ema_cross(EMA5/20),ema_cross,5,8,NY(21-24),火,下降のみ,ATR低,5,20,8,87.5,27.0,5.0,-8.0,4.375,-8.0,1,5,20.0,-27.0,5.0,-8.0,0.156,-24.0,4,不採用,-2.4
ema_cross(EMA5/20),ema_cross,5,5,9時台,火,下降のみ,ATR高,5,20,10,50.0,0.0,5.0,-5.0,1.0,-15.0,2,7,14.3,-25.0,5.0,-5.0,0.167,-30.0,6,不採用,-2.5
ema_cross(EMA5/20),ema_cross,5,5,21時台,金,レンジのみ,直近30分変動大,5,20,22,50.0,0.0,5.0,-5.0,1.0,-20.0,3,7,14.3,-25.0,5.0,-5.0,0.167,-30.0,6,不採用,-2.5
ema_cross(EMA5/20),ema_cross,5,5,21時台,火,なし,ATR低,5,20,27,59.3,25.0,5.0,-5.0,1.455,-20.0,3,14,21.4,-40.0,5.0,-5.0,0.273,-40.0,8,不採用,-2.7
ema_cross(EMA5/20),ema_cross,5,10,10時台,火,上昇のみ,直近30分変動大,5,20,23,73.9,25.0,5.0,-10.0,1.417,-40.0,2,11,27.3,-65.0,5.0,-10.0,0.188,-60.0,5,不採用,-2.7
ema_cross(EMA5/20),ema_cross,5,10,21時台,金,順方向のみ,ATR低,5,20,5,100.0,25.0,5.0,0.0,999.0,0.0,0,5,20.0,-35.0,5.0,-10.0,0.125,-25.0,3,不採用,-2.7
ema_cross(EMA5/20),ema_cross,5,5,21時台,水,順方向のみ,なし,5,20,50,36.0,-70.0,5.0,-5.0,0.562,-95.0,6,19,15.8,-65.0,5.0,-5.0,0.188,-60.0,8,不採用,-2.8
ema_cross(EMA5/20),ema_cross,5,15,9時台,水,下降のみ,ATR低,5,20,17,94.1,65.0,5.0,-15.0,5.333,-15.0,1,4,25.0,-40.0,5.0,-15.0,0.111,-30.0,3,不採用,-2.9
ema_cross(EMA5/20),ema_cross,5,8,21時台,金,上昇のみ,ATR低,5,20,11,90.9,42.0,5.0,-8.0,6.25,-8.0,1,11,27.3,-49.0,5.0,-8.0,0.234,-59.0,5,不採用,-3.0
ema_cross(EMA5/20),ema_cross,5,12,全時間,全曜日,上昇のみ,直近30分変動大,5,20,1973,64.6,-1936.0,5.0,-11.88,0.767,-2000.6,6,958,63.3,-1175.8,4.98,-11.92,0.72,-1212.8,7,不採用,-3.0
ema_cross(EMA5/20),ema_cross,5,5,21時台,火,上昇のみ,ATR低,5,20,11,45.5,-5.0,5.0,-5.0,0.833,-10.0,3,8,12.5,-30.0,5.0,-5.0,0.143,-30.0,6,不採用,-3.1
ema_cross(EMA5/20),ema_cross,5,5,10時台,火,上昇のみ,なし,5,20,48,39.6,-50.0,5.0,-5.0,0.655,-60.0,5,26,19.2,-80.0,5.0,-5.0,0.238,-90.0,9,不採用,-3.2
ema_cross(EMA5/20),ema_cross,5,5,22時台,月,下降のみ,ATR低,5,20,5,40.0,-7.4,3.8,-5.0,0.507,-10.0,2,4,25.0,-14.6,0.4,-5.0,0.027,-10.0,3,不採用,-3.2
ema_cross(EMA5/20),ema_cross,5,10,全時間,全曜日,上昇のみ,直近30分変動大,5,20,2016,60.6,-1783.5,5.0,-9.92,0.774,-1858.5,6,973,59.0,-1120.1,4.98,-9.98,0.719,-1140.1,8,不採用,-3.2
ema_cross(EMA5/20),ema_cross,5,5,9時台,月,下降のみ,ATR低,5,20,3,66.7,5.0,5.0,-5.0,2.0,0.0,1,2,0.0,-10.0,0.0,-5.0,0.0,-5.0,2,不採用,-3.3
ema_cross(EMA5/20),ema_cross,5,5,9時台,火,順方向のみ,ATR高,5,20,3,0.0,-15.0,0.0,-5.0,0.0,-10.0,3,2,0.0,-10.0,0.0,-5.0,0.0,-5.0,2,不採用,-3.3
ema_cross(EMA5/20),ema_cross,5,5,10時台,月,順方向のみ,直近30分変動大,5,20,10,70.0,20.0,5.0,-5.0,2.333,-5.0,1,2,0.0,-10.0,0.0,-5.0,0.0,-5.0,2,不採用,-3.3
ema_cross(EMA5/20),ema_cross,5,5,21時台,金,レンジのみ,ATR高,5,20,25,44.0,-15.0,5.0,-5.0,0.786,-25.0,4,2,0.0,-10.0,0.0,-5.0,0.0,-5.0,2,不採用,-3.3
ema_cross(EMA5/20),ema_cross,5,5,22時台,月,レンジのみ,ATR低,5,20,5,0.0,-21.7,0.0,-4.34,0.0,-20.0,5,2,0.0,-10.0,0.0,-5.0,0.0,-5.0,2,不採用,-3.3
ema_cross(EMA5/20),ema_cross,5,5,22時台,月,順方向のみ,ATR高,5,20,13,53.8,5.0,5.0,-5.0,1.167,-10.0,2,2,0.0,-10.0,0.0,-5.0,0.0,-5.0,2,不採用,-3.3
ema_cross(EMA5/20),ema_cross,5,5,22時台,木,レンジのみ,ATR低,5,20,0,0.0,0.0,0.0,0.0,0.0,0.0,0,2,0.0,-10.0,0.0,-5.0,0.0,-5.0,2,不採用,-3.3
ema_cross(EMA5/20),ema_cross,5,12,9時台,水,順方向のみ,ATR低,5,20,19,68.4,-7.0,5.0,-12.0,0.903,-26.0,2,9,22.2,-74.0,5.0,-12.0,0.119,-62.0,4,不採用,-3.4
ema_cross(EMA5/20),ema_cross,5,8,9時台,月,下降のみ,ATR低,5,20,3,66.7,2.0,5.0,-8.0,1.25,0.0,1,2,0.0,-16.0,0.0,-8.0,0.0,-8.0,2,不採用,-3.5
ema_cross(EMA5/20),ema_cross,5,8,9時台,火,順方向のみ,ATR高,5,20,3,33.3,-11.0,5.0,-8.0,0.312,-8.0,1,2,0.0,-16.0,0.0,-8.0,0.0,-8.0,2,不採用,-3.5
ema_cross(EMA5/20),ema_cross,5,8,22時台,木,レンジのみ,ATR低,5,20,0,0.0,0.0,0.0,0.0,0.0,0.0,0,2,0.0,-16.0,0.0,-8.0,0.0,-8.0,2,不採用,-3.5
ema_cross(EMA5/20),ema_cross,5,10,10時台,火,レンジのみ,直近30分変動大,5,20,13,69.2,5.0,5.0,-10.0,1.125,-25.0,2,10,20.0,-70.0,5.0,-10.0,0.125,-60.0,4,不採用,-3.5
ema_cross(EMA5/20),ema_cross,5,12,21時台,金,順方向のみ,ATR低,5,20,5,100.0,25.0,5.0,0.0,999.0,0.0,0,5,20.0,-43.0,5.0,-12.0,0.104,-31.0,3,不採用,-3.6
ema_cross(EMA5/20),ema_cross,5,10,22時台,木,レンジのみ,ATR低,5,20,0,0.0,0.0,0.0,0.0,0.0,0.0,0,2,0.0,-20.0,0.0,-10.0,0.0,-10.0,2,不採用,-3.7
ema_cross(EMA5/20),ema_cross,5,10,9時台,火,下降のみ,ATR高,5,20,9,88.9,30.0,5.0,-10.0,4.0,-10.0,1,5,20.0,-35.0,5.0,-10.0,0.125,-40.0,4,不採用,-3.8
ema_cross(EMA5/20),ema_cross,5,12,22時台,木,レンジのみ,ATR低,5,20,0,0.0,0.0,0.0,0.0,0.0,0.0,0,2,0.0,-24.0,0.0,-12.0,0.0,-12.0,2,不採用,-3.9
ema_cross(EMA5/20),ema_cross,5,8,16時台,水,順方向のみ,直近30分変動大,5,20,14,71.4,18.0,5.0,-8.0,1.562,-11.0,2,6,16.7,-35.0,5.0,-8.0,0.125,-32.0,5,不採用,-4.2
ema_cross(EMA5/20),ema_cross,5,5,9時台,火,なし,ATR高,5,20,22,50.0,0.0,5.0,-5.0,1.0,-25.0,4,11,18.2,-35.0,5.0,-5.0,0.222,-45.0,9,不採用,-4.9
ema_cross(EMA5/20),ema_cross,5,8,16時台,金,下降のみ,直近30分変動大,5,20,30,66.7,20.0,5.0,-8.0,1.25,-28.0,2,7,14.3,-43.0,5.0,-8.0,0.104,-35.0,5,不採用,-4.9
ema_cross(EMA5/20),ema_cross,5,5,NY(21-24),金,なし,ATR高,5,20,206,40.8,-190.0,5.0,-5.0,0.689,-210.0,10,50,24.0,-130.0,5.0,-5.0,0.316,-135.0,12,不採用,-5.0
ema_cross(EMA5/20),ema_cross,5,5,9時台,火,順方向のみ,直近30分変動大,5,20,10,40.0,-10.0,5.0,-5.0,0.667,-20.0,5,3,0.0,-15.0,0.0,-5.0,0.0,-10.0,3,不採用,-5.0
ema_cross(EMA5/20),ema_cross,5,5,9時台,水,下降のみ,ATR高,5,20,9,55.6,5.0,5.0,-5.0,1.25,-15.0,3,3,0.0,-15.0,0.0,-5.0,0.0,-10.0,3,不採用,-5.0
ema_cross(EMA5/20),ema_cross,5,5,10時台,火,レンジのみ,直近30分変動大,5,20,13,46.2,-5.0,5.0,-5.0,0.857,-20.0,4,10,10.0,-40.0,5.0,-5.0,0.111,-35.0,6,不採用,-5.0
ema_cross(EMA5/20),ema_cross,5,5,16時台,金,レンジのみ,ATR低,5,20,4,25.0,-10.0,5.0,-5.0,0.333,-15.0,3,3,0.0,-15.0,0.0,-5.0,0.0,-10.0,3,不採用,-5.0
ema_cross(EMA5/20),ema_cross,5,5,21時台,水,レンジのみ,直近30分変動大,5,20,11,36.4,-15.0,5.0,-5.0,0.571,-20.0,4,3,0.0,-15.0,0.0,-5.0,0.0,-10.0,3,不採用,-5.0
ema_cross(EMA5/20),ema_cross,5,10,全時間,全曜日,上昇のみ,なし,5,20,4505,62.1,-2934.1,4.99,-9.9,0.826,-3037.3,7,1875,61.3,-1485.0,4.99,-9.96,0.794,-1505.0,6,不採用,-5.0
ema_cross(EMA5/20),ema_cross,5,5,21時台,水,順方向のみ,直近30分変動大,5,20,14,35.7,-20.0,5.0,-5.0,0.556,-25.0,4,10,10.0,-40.0,5.0,-5.0,0.111,-35.0,7,不採用,-5.1
ema_cross(EMA5/20),ema_cross,5,12,全時間,全曜日,順方向のみ,なし,5,20,4005,66.6,-2393.6,4.99,-11.72,0.847,-2512.1,5,1589,64.7,-1475.2,4.99,-11.77,0.777,-1524.0,5,不採用,-5.2
ema_cross(EMA5/20),ema_cross,5,8,9時台,火,順方向のみ,直近30分変動大,5,20,10,50.0,-15.0,5.0,-8.0,0.625,-19.0,3,3,0.0,-24.0,0.0,-8.0,0.0,-16.0,3,不採用,-5.4
ema_cross(EMA5/20),ema_cross,5,5,21時台,金,なし,ATR高,5,20,92,38.0,-110.0,5.0,-5.0,0.614,-135.0,7,14,14.3,-50.0,5.0,-5.0,0.167,-45.0,9,不採用,-5.6
ema_cross(EMA5/20),ema_cross,5,10,9時台,火,順方向のみ,直近30分変動大,5,20,10,70.0,5.0,5.0,-10.0,1.167,-20.0,3,3,0.0,-30.0,0.0,-10.0,0.0,-20.0,3,不採用,-5.7
ema_cross(EMA5/20),ema_cross,5,10,16時台,金,下降のみ,直近30分変動大,5,20,30,70.0,15.0,5.0,-10.0,1.167,-40.0,2,7,14.3,-55.0,5.0,-10.0,0.083,-45.0,5,不採用,-6.2
ema_cross(EMA5/20),ema_cross,5,5,10時台,火,なし,直近30分変動大,5,20,52,51.9,10.0,5.0,-5.0,1.08,-40.0,4,27,22.2,-75.0,5.0,-5.0,0.286,-75.0,11,不採用,-6.5
ema_cross(EMA5/20),ema_cross,5,5,NY(21-24),水,下降のみ,ATR低,5,20,5,20.0,-15.0,5.0,-5.0,0.25,-10.0,2,4,0.0,-20.0,0.0,-5.0,0.0,-15.0,4,不採用,-6.7
ema_cross(EMA5/20),ema_cross,5,5,10時台,火,上昇のみ,ATR低,5,20,9,33.3,-15.0,5.0,-5.0,0.5,-20.0,4,4,0.0,-20.0,0.0,-5.0,0.0,-15.0,4,不採用,-6.7
ema_cross(EMA5/20),ema_cross,5,5,10時台,火,順方向のみ,ATR高,5,20,7,42.9,-5.0,5.0,-5.0,0.75,-15.0,3,4,0.0,-20.0,0.0,-5.0,0.0,-15.0,4,不採用,-6.7
ema_cross(EMA5/20),ema_cross,5,5,21時台,水,下降のみ,ATR低,5,20,3,0.0,-15.0,0.0,-5.0,0.0,-10.0,3,4,0.0,-20.0,0.0,-5.0,0.0,-15.0,4,不採用,-6.7
ema_cross(EMA5/20),ema_cross,5,15,NY(21-24),木,レンジのみ,ATR低,5,20,3,66.7,-5.0,5.0,-15.0,0.667,-15.0,1,6,16.7,-70.0,5.0,-15.0,0.067,-60.0,5,不採用,-6.8
ema_cross(EMA5/20),ema_cross,5,8,9時台,火,下降のみ,ATR高,5,20,10,70.0,11.0,5.0,-8.0,1.458,-16.0,2,7,14.3,-43.0,5.0,-8.0,0.104,-48.0,6,不採用,-6.9
ema_cross(EMA5/20),ema_cross,5,12,全時間,全曜日,上昇のみ,なし,5,20,4151,65.7,-3125.6,4.99,-11.77,0.813,-3279.8,7,1731,65.2,-1501.7,4.99,-11.84,0.789,-1528.0,7,不採用,-6.9
ema_cross(EMA5/20),ema_cross,5,8,10時台,火,順方向のみ,ATR高,5,20,7,42.9,-17.0,5.0,-8.0,0.469,-27.0,3,4,0.0,-32.0,0.0,-8.0,0.0,-24.0,4,不採用,-7.2
ema_cross(EMA5/20),ema_cross,5,10,10時台,火,順方向のみ,ATR高,5,20,7,42.9,-25.0,5.0,-10.0,0.375,-35.0,3,4,0.0,-40.0,0.0,-10.0,0.0,-30.0,4,不採用,-7.6
ema_cross(EMA5/20),ema_cross,5,12,10時台,火,順方向のみ,ATR高,5,20,7,42.9,-33.0,5.0,-12.0,0.312,-43.0,3,4,0.0,-48.0,0.0,-12.0,0.0,-36.0,4,不採用,-8.0
ema_cross(EMA5/20),ema_cross,5,10,全時間,全曜日,順方向のみ,なし,5,20,4143,62.4,-2484.2,4.99,-9.86,0.838,-2618.6,8,1631,60.1,-1549.8,4.99,-9.92,0.76,-1598.6,6,不採用,-8.8
ema_cross(EMA5/20),ema_cross,5,10,東京(9-15),火,順方向のみ,ATR高,5,20,29,55.2,-50.0,5.0,-10.0,0.615,-60.0,2,11,18.2,-80.0,5.0,-10.0,0.111,-85.0,8,不採用,-9.2
ema_cross(EMA5/20),ema_cross,5,8,東京(9-15),火,順方向のみ,ATR高,5,20,29,51.7,-37.0,5.0,-8.0,0.67,-53.0,2,12,16.7,-70.0,5.0,-8.0,0.125,-75.0,9,不採用,-9.6
ema_cross(EMA5/20),ema_cross,5,8,全時間,全曜日,順方向のみ,なし,5,20,4304,56.9,-2514.9,4.99,-7.94,0.829,-2567.2,9,1690,55.6,-1298.1,5.0,-7.97,0.783,-1349.9,11,不採用,-10.0
ema_cross(EMA5/20),ema_cross,5,5,全時間,全曜日,上昇のみ,なし,5,20,5971,42.6,-4403.7,5.0,-4.99,0.743,-4453.7,14,2382,43.6,-1531.2,4.99,-5.0,0.772,-1546.2,10,不採用,-10.8
ema_cross(EMA5/20),ema_cross,5,5,東京(9-15),火,順方向のみ,ATR高,5,20,30,43.3,-20.0,5.0,-5.0,0.765,-45.0,4,12,8.3,-50.0,5.0,-5.0,0.091,-45.0,10,不採用,-12.1
ema_cross(EMA5/20),ema_cross,5,5,全時間,全曜日,順方向のみ,なし,5,20,4674,45.0,-2331.6,4.99,-4.99,0.818,-2361.6,11,1797,43.1,-1234.3,4.99,-5.0,0.758,-1274.3,13,不採用,-12.5
ema_cross(EMA5/20),ema_cross,5,15,全時間,全曜日,なし,直近30分変動大,5,20,5218,71.0,-3912.2,4.99,-14.82,0.825,-3963.6,8,2503,70.8,-1944.1,4.99,-14.79,0.82,-2033.5,5,不採用,-12.8
ema_cross(EMA5/20),ema_cross,5,15,全時間,全曜日,なし,なし,5,20,9376,71.6,-5349.3,4.99,-14.59,0.862,-5618.6,6,4064,72.1,-2042.4,4.99,-14.67,0.877,-2212.3,7,不採用,-17.5
ema_cross(EMA5/20),ema_cross,5,12,全時間,全曜日,なし,直近30分変動大,5,20,5374,66.1,-3981.3,5.0,-11.92,0.817,-4019.3,8,2579,65.6,-2125.6,4.99,-11.9,0.799,-2199.0,6,不採用,-18.4
ema_cross(EMA5/20),ema_cross,5,8,全時間,全曜日,なし,直近30分変動大,5,20,5536,56.0,-3969.8,5.0,-7.99,0.796,-4025.8,11,2641,55.7,-1999.3,5.0,-7.98,0.786,-2031.3,10,不採用,-21.2
ema_cross(EMA5/20),ema_cross,5,10,全時間,全曜日,なし,直近30分変動大,5,20,5483,61.8,-3895.3,5.0,-9.96,0.813,-3950.3,9,2614,60.9,-2219.9,4.99,-9.95,0.782,-2256.3,7,不採用,-21.8
ema_cross(EMA5/20),ema_cross,5,5,全時間,全曜日,なし,直近30分変動大,5,20,5563,43.1,-3865.0,5.0,-5.0,0.756,-3915.0,15,2656,42.7,-1942.5,5.0,-5.0,0.745,-1972.5,11,不採用,-22.6
ema_cross(EMA5/20),ema_cross,5,12,全時間,全曜日,なし,なし,5,20,10236,66.9,-5880.0,4.99,-11.82,0.853,-6010.9,8,4439,66.9,-2552.3,4.99,-11.83,0.853,-2681.0,7,不採用,-27.8
ema_cross(EMA5/20),ema_cross,5,10,全時間,全曜日,なし,なし,5,20,11080,62.9,-5924.2,4.99,-9.91,0.855,-6017.4,8,4773,62.5,-2863.7,4.99,-9.91,0.839,-2906.1,7,不採用,-33.0
ema_cross(EMA5/20),ema_cross,5,8,全時間,全曜日,なし,なし,5,20,12160,57.4,-6340.8,4.99,-7.96,0.846,-6424.0,16,5180,57.4,-2746.0,4.99,-7.96,0.844,-2786.6,9,不採用,-33.2
ema_cross(EMA5/20),ema_cross,5,5,全時間,全曜日,なし,なし,5,20,14546,44.7,-7774.0,4.99,-4.99,0.807,-7854.0,15,5926,44.6,-3230.7,4.99,-5.0,0.803,-3280.7,11,不採用,-47.1
